role,index,event_id,sha256_f32F
oof,1,stead_event_00000,d8331d347efb7c43b47757ef46c18ef450d7fb02535d05aa16caf4d5afbc359a
oof,2,stead_event_00001,6e4c1a500a7ffb734b7ece1c7e70fc7885c03de4ee6a6d8705665dcec5042669
oof,3,stead_event_00002,a8b64a6a5ea1d1ef087b32a38617a09079998376ace761226f6e32cbcb175b56
oof,4,stead_event_00003,f7959fb8e545cc50113f2928406c5a395f84e092760301162f1753bda79e711b
oof,5,stead_event_00004,dc265d895808f29308718f9b63fdaf6514d3d45c19ddd3a00ef2c76b97ad093a
oof,6,stead_event_00005,f9c6cc50c73a3c078305ed4ba25d5d83729971b55a00a16cfcb16ab77eb0bdaa
oof,7,stead_event_00006,fa41745e07628a8868c5a36f12070b0ab6209721b32d2c2cff13dd89c5cd1a57
oof,8,stead_event_00010,1bbfd91a49dec7ea78ae8be784a534b002ece50bd9e53195a9512eb6d355179b
oof,9,stead_event_00011,61caded17b438cdd7ec2657b84a940c9e79a7c9fe9cb83180495c2855a558960
oof,10,stead_event_00013,fa9e47fc8eed31deacdc9a7a656acae21d2b6a32e67780295782524153379696
oof,11,stead_event_00014,b4cd476c16afc0b7a3da182350f48f1d1be199a1a1b02f4885ceb513bec0ee1d
oof,12,stead_event_00015,6409d457bb9e70b9ec8d3ead94303b812aa1ae9d444996a5ebd26ac73589d17c
oof,13,stead_event_00020,aa2278f46d62b64146b4bdf475684408f6a1c6e3bf6025baaac4cb6bdff8eb9c
oof,14,stead_event_00021,f2117b3dc343658da6e6d3f9c8a4e44737121451009e53fa97f3495773ae15b5
oof,15,stead_event_00022,bad37cfb03be05e1cbc12d45e4b764d04f114db5ad71b9e84766103ac5ef3195
oof,16,stead_event_00023,ef0a02cf4685f5b6d8e5c1a96aa710d34109395c98fbe1e2ed9928611e81ab08
oof,17,stead_event_00024,911069d9a254005ab252cca2cf97e701f027a2f09a8f5c5d836418c097c81333
oof,18,stead_event_00025,7593f470c79f91c4e6994d86ae2502689d9b0a063dcabbc34d44a6e5e5638df4
oof,19,stead_event_00026,a288d6a8bec39c137e09360782c49767f72bf4a35100ca8040e0b6d93ed63ee2
oof,20,stead_event_00027,63bb499b75e23687c1bd6c5426356b678a51a93406aed72a87aee8c9680c2ad3
oof,21,stead_event_00028,15f964e4ba07cfa3a46c2402309c70a0f7e90dd6747f39e1ad5236e7c3c8cdeb
oof,22,stead_event_00029,224e5bfbcfeb0750b889398373fc34112e8a7605cbf811af2f15b9b721bf0160
oof,23,stead_event_00030,bf7e6a3ae0609b70ebcf9368f1095ac4197a817e232961bc13ee0058a0272e59
oof,24,stead_event_00031,63c726117118810cddeb81b0d4419f3fdf7caabc2d72ff23f8f803fcf876a0eb
oof,25,stead_event_00032,062f160b470bb727a68eb2117a2b4e92d8c205f473ff84115fc82ec09c8d0804
oof,26,stead_event_00033,9ff8419f1b5f46a7dca72c0d2d0efed0e7dca1ac741e4baef75fe375392f5474
oof,27,stead_event_00034,6001ee707aba97dcfcff93db43a67423e1e8552545484468292c8d3b31305336
oof,28,stead_event_00035,0aedc10bb95dc102b9cde8a81cb5af13ce940a331edb49f02c25b7763d325d10
oof,29,stead_event_00038,be03171e933aae5cb1b097af9dd15dce57bc57e325b2d6d9b0ad107c756c4b0e
oof,30,stead_event_00039,f0117dd509d603fb8d2ec29d69a2835c17406f3c7887f9a4e5ef3d2d5f10dd02
oof,31,stead_event_00040,1f2c3966b84a6751a7d754f85b87e38e8127972fe80a0e098a5b25940e863568
oof,32,stead_event_00041,556051586599b482ef9cb17364f04521dc43aaec4ff39b9900d374fe15c0daa8
oof,33,stead_event_00042,ad3a6b59fcf7fbddfa65d9dcafefafac319eceff660658f052890de7e23d1f54
oof,34,stead_event_00043,d2f0fb07785fa6aeb7869fa28bfa209ead486dfd10808bd7dee85907d8b7e4f8
oof,35,stead_event_00044,e1805c8a9d6a72858724b5ad72bd487cdfd969060d6faf68c5b1e0b4626cd2e1
oof,36,stead_event_00046,fafe021ac9c0d03f57096eeeccd7606c497a49e4181869ea40f9f365a2223ece
oof,37,stead_event_00047,7c73cde2df29efd6537625fbc8eaaab788748bd86b0e89b66a985c4478fe5d40
oof,38,stead_event_00048,68ca98fb4b33b1a08c4502262abcd14cfff441897a8acad1c85d88571007ac3b
oof,39,stead_event_00049,c98dee3c0fac4fad047565452d719edc21b134b8d90ed47bc5923dce59b8b976
oof,40,stead_event_00050,e3d4376f0cfeb1bf6c217cf65e1a8577916ea87029463ed8c3dc78353bc1534e
oof,41,stead_event_00052,f21321a4f33b443663580a0347eef477f80459fced1dd0afd90a1b3c24ad3096
oof,42,stead_event_00053,a79440dadab826a9ce1a70a92e9e021bf411bd87fd2e1dc4f12b0de7cb06f483
oof,43,stead_event_00054,454a950fb1cf4d4222396aea823f73f03a4d7a97828de6cecc1620aab7723062
oof,44,stead_event_00055,948ae76e5a0263e3bfb5fdf56c3b72c484f038d3b21c477bb1b433eeb13c90fe
oof,45,stead_event_00057,ead47f1c5cb191d996582fcb2f5673584f40ed4086971e1229ba6516b0e9f51c
oof,46,stead_event_00058,1024943af4aa6e427b8b44f3413bc87d99c20d582a14d55c567ab2e798b424e8
oof,47,stead_event_00059,dac686d55219c4117d709c2f6baa72be16fe91f3ce06005751bf1d148cae24f3
oof,48,stead_event_00060,86b9136825d3ec78d8fca0819eff271f326a562b767a75f3c6f463274960f056
oof,49,stead_event_00062,dd53685aab7bad2978da80cf6e6bf1ed1b9ae3c7f02cff3628490bbb34f26bca
oof,50,stead_event_00063,cdb0345f099be28e671eb7a05800879a8ea47e59c50faac1888097f2487499e1
oof,51,stead_event_00064,666e6b81bfa94b0e484df7f37569e62ff8b5f09a3ae4d8057597fa5a93d25b6d
oof,52,stead_event_00065,fa9546c60e40c47ee3c99769bacf1b5e3b70a99be695ef240ba2c4b46a6665c4
oof,53,stead_event_00066,9f7b19b649edcae496b2f23380b5c5fbddf67eb8313fb047b208c9c6a05fc1e0
oof,54,stead_event_00067,2fb768387627eed05624790ed4f0eeb56cad2ae45ff34d6e348689d2ec05b7bd
oof,55,stead_event_00069,7b607690c25e364cfad7e4f3fff6adb74574d7566c3f5658de4ed7e2babcd84c
oof,56,stead_event_00070,ec5fcf8ce6d1320ee66aa8018093dd05ff1e8f8b3b7319bc91d3ce05738a76b5
oof,57,stead_event_00071,ae9807196e49260faf7650314469e09ca4ee9363d801b06d3ab65767d702fc9d
oof,58,stead_event_00072,a303bb6532cce456299de426adad6e1d208790c72b4006c5f8a7d9c793ba7ae8
oof,59,stead_event_00073,03449e601abc7ffe06941e0c11214cfed6aa2b034ca76f6a1fddfbde106f19c1
oof,60,stead_event_00075,f48afd7c6375ff7d89c0bcdd1415cf05366950925dfdfc23e6e8e9178786ed02
oof,61,stead_event_00076,3af7b5a7d3cea4c8cfa1ab113ea733d7aa777dffdc2a59a0ebfb827ae10c115e
oof,62,stead_event_00077,520d94da143555a906b9ae3a24f3254edc3c60528163dbacb4cf04bb40ebd434
oof,63,stead_event_00078,d791b20f6fccc17e695a73f31e2690b7d3a2a18bdf57769717bf0feba7d58bb3
oof,64,stead_event_00079,2cf454404c3de1a15ff034c8e4a1ac3bc3bca81bd7217b122304886981034590
oof,65,stead_event_00082,773e44d535dbfd5987d6bf321e19fbcf5a65222fe01a6556e4dc99b9cfe57ca3
oof,66,stead_event_00083,22a19e23b229a4bb9d0d6d4f024be8b1b612857addbef2f66d3a726a0ff728d8
oof,67,stead_event_00084,563a7033f82de5d21f961ae374ac31d348f290912b8485ee1cdcc7dad13368f8
oof,68,stead_event_00086,b1eef06be8d4360cd12b9bca76d8230faabde2c0f4dbe625df8a6fff6a5092eb
oof,69,stead_event_00087,68608008782499cc901c8940067253caa462b45143697405a25974cd241763a0
oof,70,stead_event_00088,cd78d10e043d3383260dec88ff229c153ab504ae0120dac3fd785452fa0d83aa
oof,71,stead_event_00089,a92e4e1ad21b675fbdc8932d8df80d82322faf17976c544297c2250d593b0ba4
oof,72,stead_event_00090,7b0a93afc00bd14e5f07b33c0261cdb1714053440bcd764c3e97b9261a6126c2
oof,73,stead_event_00091,1ed824d41f336cd3afc9d4579d903401e8452a5ad92a069f331a0dbd62a45d16
oof,74,stead_event_00092,f5129d036f9df023381c3fd4aa286437f62fc2410428c8e8dcd87dc19f358874
oof,75,stead_event_00093,aab421bc3ebc5e0916729174884d5431644d5f927ae13a09ad753cf4433e4bc7
oof,76,stead_event_00094,81243b2007b4443ee55b70f1b9fda52aed4deb3126b912b57b1829ebd97b9b39
oof,77,stead_event_00095,d3f68db775b2f20dcb7adf947a723c462298364f875296298029f730c8234303
oof,78,stead_event_00096,51ad5092ccbacade936636f7df4ed12364fe42fabac6df0d50ddab35741f1ab1
oof,79,stead_event_00097,20c2c654ee93400b3b221c24ba169f757580eb6097722a5a43377389730a2a25
oof,80,stead_event_00098,431dc2158314481e874f1dc1e9cd2d92b42e58647248b36ce31c2bf16ee3a290
oof,81,stead_event_00099,caa72ec88f6c2200d16e7dff9ce2204891ac9d1661d9286f02a0b2a88c443e4c
oof,82,stead_event_00101,cbb840b492325977d5656053fa9320aaa0485da7785e511eb2267f481a191720
oof,83,stead_event_00102,87515941fb79e4834cafa71feee24acbedce71c45fe2e8fc3709b3bec8b35cba
oof,84,stead_event_00104,fc668fce416aaa4e7ad296a2c0de0e8a86213acbf5845e05192d0a6b49806680
oof,85,stead_event_00105,31dcfbfa8033c67d59856036e1e69de87fb6037f0f39329cc62768a4db23cbe3
oof,86,stead_event_00106,c6ed84936557820e14459a4424d888054015a6eec93027301172dbbd13bbc941
oof,87,stead_event_00107,d335098436c1712d64a58840d8ed1c0702de072ffebb396e3bfec4f43a527a76
oof,88,stead_event_00109,4596cad18aab7759e678fbd0aaf08b8f23a2b85e00b4ebe0b79ab1128fde9aa9
oof,89,stead_event_00110,5101ba8236b287eccdf8a4c697983f4834fd1815dd5aafadf791bf5054b928fb
oof,90,stead_event_00111,caddc5c4b58ee09b3bcc811da861e8106041485e1f77faf6f4ec5971e860d298
oof,91,stead_event_00112,8e80e205324fdc762a3976f37fb21fdd9ab6803d10061f1e320d8f5143514e4b
oof,92,stead_event_00114,05235f8ad325b1d6b388fc1e77b57348d025597cec6eed0ede7f3f5f58181eac
oof,93,stead_event_00115,32f3bf704d1c3218a310373101629a8d9caebdf0da5555fcaae91ec1fcb2d58c
oof,94,stead_event_00116,a189211434ce9efdee7f6f11842f60794d8d0af50c3a8ba5fac385a7037aa726
oof,95,stead_event_00117,433843ba4820e00b9f55dc931964aa3836c8b7fcbb4285cb006e1164830dda3f
oof,96,stead_event_00118,7fde5f87f2974345ddf23f7266afa8883c7c75cfa59124c7700a12996214613d
oof,97,stead_event_00119,8dd6666cea50ccc3bbd56d441fb50b53b78fb96c17091c6f22d7ab86667ba0fd
oof,98,stead_event_00121,0d802532945727c54668f92a0751198880503f05a0b5a30610405f1f3eb2e145
oof,99,stead_event_00122,9e8444da535dc270722f65ecc8ec6d6577d780dbcaab1c1b0f80fe00d1747ab0
oof,100,stead_event_00123,60c6ac7f40fa55aa57b50be4b2e644d047ec0f96739a9fa6d824b2d07770ac2b
oof,101,stead_event_00124,57efe198f775cab42ae031c0de0be842e636eae31818da4290437c8d545594a4
oof,102,stead_event_00126,71d4570b854f6ed5b4b06b4f6a43a08604d6edc435ee2884047480fa71a12ff3
oof,103,stead_event_00127,c384a0c69a14f1f1cc2db6f35adbc61795892e0eab1c85fa2fcbb83137856da2
oof,104,stead_event_00129,35166b0d1470178134e46f96b4219ed70fe88e0dbb9c363ca0f50b3d1775f980
oof,105,stead_event_00130,d76b71978d1867b6e63072b5a3a9e1830d428bbf24c337bd203de51ed9d58023
oof,106,stead_event_00131,44dbb81481217e3b01e42bb82d4f0c345384aaec982c02389942cec8307dbe73
oof,107,stead_event_00133,b0d5a6576398380dcf29c8c71328d7054012c2169132ef6c002de5e86c80d794
oof,108,stead_event_00135,7588bc4b6672cd8d2838004e79302158b7a63b63ba14a7be2c5fa34f856247e6
oof,109,stead_event_00136,d9d4a4ceb55003d4c7150c9024df4b94fccd7d46f10e196d75432825aacf242f
oof,110,stead_event_00137,e3873efde76c153dd7fd5c8d75e0e683fb45c67cd742584f6818b1abfa9a778c
oof,111,stead_event_00138,d43889f3f54606761f924ee7e14089efed6c4498396c570fb5083ced26667eab
oof,112,stead_event_00139,c7652fca5491153d02be09c44ad5bf195230b842db3ede70820ac5d1c67865e7
oof,113,stead_event_00142,3587fc3d6d44fce5ac713bc1e3157d7d27c895a6fe8e78b3db8bc56318bfe4aa
oof,114,stead_event_00143,d244865d349646da18b7bddaf52435d7f2b9bff68b2f395d814b427eb1f1c2dc
oof,115,stead_event_00144,8db2af59317a93d5c428c666563cbdbddcef46d5b7acb54cb7ef6daa19a503a5
oof,116,stead_event_00145,f1d9e244a54a4dcfd22a5986fdcb8eabd48d94a3d357aee0803b5f5d4d77bb8d
oof,117,stead_event_00146,a44779669501767840af6db373d59fdd56f274b3c0b8a5ad90771cff29cf6be6
oof,118,stead_event_00147,bf8a0b7ddb1402dabac6d2731bd69b09855136df139c65dbf19c330dad7714e6
oof,119,stead_event_00148,d68bde03226fdc7e5e7f6a5ba82ee3681300a85ecec251ba857ffa9972800cf8
oof,120,stead_event_00149,300c60879f0a4b8a3467be23ec6f9e11abaaecbda539d50481a073c754d0dc05
oof,121,stead_event_00150,d36cc87c5834f20013c33bcc8215993a6bb908b1ddda439ffa47236041304a37
oof,122,stead_event_00151,1f6d0300164cceb6baaa1dcdad5fea3d83510721fef269f0b550fc162eb74a7c
oof,123,stead_event_00152,98638ed98974648b63c8bd8535049cc5799a46275d7d7afe4561b5593533d483
oof,124,stead_event_00153,efccc3c92305d1325c9fa901981ba915385e743218e3dfbb7baa0ff6524b14df
oof,125,stead_event_00154,c5e4842c82c792b975e71292cbf0140e39fb9dd6c40af6f1e138750fe346b0ae
oof,126,stead_event_00155,6e2e1e9406635903938c98b2157d3504b56c8f8ddbd1b6ea76463ec56d4f68bd
oof,127,stead_event_00156,7df1a323558909b8e030682c0fdfc392200e400dfc0fbf4fb4614dbc5b14e5ef
oof,128,stead_event_00157,055e7afd93f71700716e968d99103861ce6f09aac11cadc04f5b7626e115ffba
oof,129,stead_event_00158,4b19ee684775bb3b5d4e1e7f5000993317e1377474f74f4457433d0c8026bac9
oof,130,stead_event_00159,62f2590a28b68eecf7d17c72450169f99bb6ba1dab56b119cd50bcbb5eb7dfc0
oof,131,stead_event_00160,786f383997955d9df0f52081f90ae23484c286ee783d3b60b7009adefb8da0f0
oof,132,stead_event_00164,adc5975170111c97067191443b3a0fb6e640e1c3eac9cdee53f322ad9215f854
oof,133,stead_event_00165,e56f309009f8a4af12a489a94464a4505bfedff82bc8bbe3f6699bb15aa72a19
oof,134,stead_event_00166,974a6aadf71793723bbfc60c29bba08267a751f002017d86ff691841f47c2aac
oof,135,stead_event_00168,0f5072c75f9ae0d1963e1fb1b39cb74b33f63a3af678a384762c48667041afe1
oof,136,stead_event_00169,9a786df54cc85e639e04b51e7c425a4a270eb60934874e644b2a7457a159b3df
oof,137,stead_event_00170,9b065476a20d2d49f3c2fe3fb2fae14c50a3a9cfe1389f49900486b40375386f
oof,138,stead_event_00171,bbff693fc509be67bcf2901ef7fd7d533b6b5e0cca1f38d91d55a7f732f63769
oof,139,stead_event_00172,83b25a0a94d778114013a04828210232d8686a52981e522e7cb4c011f7da0a05
oof,140,stead_event_00173,b5fd16de696c0264abe3f36a960cd1593bd4990b1cf8ff3754a73f1776261d5e
oof,141,stead_event_00174,eb312669d61e3b594087521f73c3c02398cedd7a1426a8175bd61c74e114dbd1
oof,142,stead_event_00175,369446450de598aee24f72f65c59a307ff0f8e105dfbeed8b1bc9bba370250ed
oof,143,stead_event_00176,59d2be929e942cb6c59f692aadc927869d946d38002645688c8f157fb13fd93b
oof,144,stead_event_00179,3530c8280bdda2d4232937be92a47275430bdc49780cf36f7baba55301d33495
oof,145,stead_event_00180,c292fe0d618b2cbaf3274d1001b7848491a159ab76cdbd8d6fd804b9e7425c6a
oof,146,stead_event_00181,81be4df3f02ea5c71e98e1cebe703f2b7ecd8993be5211fbc4549ee2f1c38315
oof,147,stead_event_00182,b311f1bbd2f2b5c5ca7a6bb589a10bf7eb8b4dffc10083a92ef36ffda5024b5a
oof,148,stead_event_00185,cddf05245b7db707724e1ccc3afb4a675468445e1430d64fd89a878b6284630b
oof,149,stead_event_00186,606a9538ff303ee2e6bcf81ae18f8186db2ce453c47f45b418e2955e42a84c7d
oof,150,stead_event_00187,d42dcfad7d76b5e1ea525b274da93b7c1408a109a508a852e2d4e5f239ba4404
oof,151,stead_event_00189,ac2f57b98f8ac0416141de9bd43730f939e63f71b3d33a60dfd7b47f62e77ee6
oof,152,stead_event_00191,0cb15531fb7c677b1347626093e3a3f7754bc0b263683fc15e2bdadff6ada9eb
oof,153,stead_event_00192,901a75a7912a7c2ac45482cb3e5ff06331772cf9c8e707856aeefaa512e85871
oof,154,stead_event_00195,4f875f7d42980c4bb14227dea2f0e2d396f536a14af743c73480d58d57b9f125
oof,155,stead_event_00196,55c6a612f9654b078ce04b9fc0a1f307024d6d94558628a90e6c27bd75c54ab2
oof,156,stead_event_00198,be9d10b9227f4c4a45f6763c83b611c5088b68a79fb70c41791c411f2846185a
oof,157,stead_event_00200,23898996cd80b47bf5146d8cab91e6fb9ebd8caae9227d8dc69b425e739a05b8
oof,158,stead_event_00202,a7d48be6a43d142320f69f5ae2c7b486a1fdae22a0dbd907611611558d2fab5e
oof,159,stead_event_00203,e6c01ec48acf6e1fa573d9eb380940929b435d4e8c58dbe378a1f0d12ac654aa
oof,160,stead_event_00205,c3f2b0ac019b4086d42f831f91c78590abebd689a61980d0bc46fdd5bc9a46ea
oof,161,stead_event_00206,2033651cf4891443b2fc03141ab973273a4f0d5959e172f352827fd9abbb7860
oof,162,stead_event_00207,b084219e54ca90b3f33f4a8629aaf4209d2c0d423d21c178700a36a8eb78b334
oof,163,stead_event_00209,3770d48ff0b1dbaf804c575b5bacc94bf88d945d71f6e00720f397b50708f719
oof,164,stead_event_00210,c173c8bca439f587e5dba3ec710fd5efc6e38bcce7219072491bf31efa111608
oof,165,stead_event_00211,cda50d57fe6c025feb70bf3faeaf6e97fdda57324185ce55146233ac410327ce
oof,166,stead_event_00212,7d9dc60a500b488a563275c5eeb5b4d74527ba4bfa2f5cd47ba31592868afc54
oof,167,stead_event_00214,ee64a3b08c6218f259adba98fc3d5dc5b1adc192e058e3305a4a0f97621bdc4c
oof,168,stead_event_00215,e8008d40d0326c0e40cf7582a5d4c2584e6ddf435a9181adc806240804249584
oof,169,stead_event_00216,a5a576d05aa3264761339e689784e6205abd9da79e685ab3eb13272e7896ba94
oof,170,stead_event_00217,988fac20f905e122add069570be0523094cf6a601a4edd57b2bfc70d8137f77a
oof,171,stead_event_00220,68879600b6e0bffc457486b79acddb2239ea699a0177fcd742a145fcef5f194b
oof,172,stead_event_00221,4354cd75ddc23e42b87e1c0605905090bc65c00362593a8e267ab7d472dc943e
oof,173,stead_event_00222,2027fe7397478d28aab65ce9149729b201f55343231482493273c21e29092202
oof,174,stead_event_00223,9ea15fa34ba2e4d1bdf5c071636de3bc4da368bfeeccf748e2c4d924b3a2f099
oof,175,stead_event_00224,c26a605271c54cd1f753c0be2ae5cd75bd021b981b57a09c629bb4cfe8fb5c8f
oof,176,stead_event_00229,2b89b6d13d39db10a628f49a1ac23afcf41c44cbcd4680115a3f5e3e863baef6
oof,177,stead_event_00230,e762afaa85c9fa125a9f6b305c40db2be5a1d0cada08060f880de04a65653858
oof,178,stead_event_00231,771da517164e7788379ff7c246ec2bcb58b06bebad4e513b07e298aa0dda42d2
oof,179,stead_event_00232,a4227c84abadb5bdfcad3c8a92701c57435b19199531c854f840fec9360b3f97
oof,180,stead_event_00233,8ca903e13b32bd1bc10b1502fd104d0d6293e894319e3f9b744ddb539b27cd8a
oof,181,stead_event_00234,ccf20bd12d796d3a4782f46d9840a4a5ffabe3f03d30fe0da3eeb9d6189fa8ef
oof,182,stead_event_00236,f46164967dc5cfc0bc78f2c0477dd24eedad064130aa19a6732045c0a607eef0
oof,183,stead_event_00237,3d344792dd274aad617646aea8cfcc289bdf0397208f086db7ef81d289924f7f
oof,184,stead_event_00240,55637d9ac9bb0eda0f1bb2b80f9df0701d035252d03fbec8549d4c784cab54ce
oof,185,stead_event_00245,37a213c93e3aea6b736c3b98b83ddb18835e43f84f8ee17d7bfd41e711bfde50
oof,186,stead_event_00246,2880cc80ddea30bbdbb83a62ced23b19f386aaf5e0a1f7708243dc7e05c743a3
oof,187,stead_event_00248,af7bad21d03d1176b79b4b4aad9f3d2490c90e71af3fa94de238139e3527cf4d
oof,188,stead_event_00250,3d94192fb3929e86708bc5248b4c887274d7045c077947b55ebf039f216b26d0
oof,189,stead_event_00251,59483f4ea2a46d9e244b5afaddc6cefe4908871ae2eb96f722442de7e93ce70d
oof,190,stead_event_00252,8c66b69aea76aa6f7fe2e46951a42b8844e7c45f8bebc18dacfe1b3c9268278c
oof,191,stead_event_00254,67c0057d03459357f3faea50e904d431b110dd342eba8f9df17a77b963c51bd5
oof,192,stead_event_00257,4badfda4664d71c05f8c24410b015fb15d2a07ea3e018e01753de5b2855a5a12
oof,193,stead_event_00258,db107351894ab4c9c979d370f61685a2e36610e72195490193206183ae875690
oof,194,stead_event_00259,3bcecda66b4a7f7ee6f5c2b690c62b2fc0fd968f03fdacadd32397879958a52b
oof,195,stead_event_00261,75b9b385ba533023608708d3f63b663c04f92d8093907c07c1359444b1077628
oof,196,stead_event_00262,751d5579b1b979a2c8f4332fdf807e8e1f40c09f8d430090187e33fd6b5593c3
oof,197,stead_event_00264,ab7d93ce16baf7c08c23cff80c3f799e31c364a18a434510c5ad891abda892a3
oof,198,stead_event_00266,a92cf3da123a6a04cfbaa4022c44d957754cf8878068de4d7d356f486cf7cd03
oof,199,stead_event_00267,e85b0b489c0900c5897be361626815f39fd01d08d08229251f79c07c852cf053
oof,200,stead_event_00268,008e3c612874a8585d266e3a031c712ccbb9d38c7c9be3612ce7a7c441435b44
oof,201,stead_event_00269,8b18221f2f1c99b8f1d1495e7b126414ab58c19a8c46221fd87585fdac3da2eb
oof,202,stead_event_00271,ce5f7c99b7fc72e136306d8be31927a7eafe5a85478aae415aade885d38801b7
oof,203,stead_event_00272,17faa6d860e2e1cc4cd37b81ce66aa1bc3c67e5180175fa9328a5938eddfa530
oof,204,stead_event_00273,fd56aa8489aed1b55eefd5442669d4783c4d918fe6dc384a7f5f8b1fd6e9ce2d
oof,205,stead_event_00274,f2ebb0ef379813fc3d201a0039bffa5dcb111b04c6605e0654990ba3c02a1f1a
oof,206,stead_event_00275,eb0e0200e444f94baaba934bae274d1a92a1cd2789e7567d81305e9153e4d308
oof,207,stead_event_00276,542887b7ab751c498d220ae104d884acd87ba145348996c41608a55aafe586c7
oof,208,stead_event_00277,f8fbc5fc3678eaead366657508d349052dc74a8802df9ad43ee6433d28ca330c
oof,209,stead_event_00279,7278b66148efa61e71b0a7bc783929937dc8617b6779752cc4c411bf403343b3
oof,210,stead_event_00280,1516f78bb135ca75e88ade89072363204495afc30c395d001e255787aff64183
oof,211,stead_event_00281,0e9b6aea79ce46837ec0a39d163b836634c4f837dcb911ce930cf7539ea95508
oof,212,stead_event_00282,b60112e15f2e0a1ce7d3bc0a6a0861faa7e151287ce4fb8ab8c021dd4fa3551d
oof,213,stead_event_00283,21a9a62cd474ab2829df68f9144b4da60408a84bb35e973c562262a3fc6189f4
oof,214,stead_event_00284,cc7d4b82f91559ac92469a24d9fdd67ae9cba8b7356709959a7f2027ae760b32
oof,215,stead_event_00286,970de84075e547aa344cfd9cb8a5b8760346330c42ed7019db397034bf69611a
oof,216,stead_event_00287,3fc2ceca4a38af52dddf72ec1704f0342a10ae179ee6a6582160cf4311d78c99
oof,217,stead_event_00288,3269fde17d932b0a25fd0a5b60424a6edc3620c5bf6d7c460a8066eb1425f8b5
oof,218,stead_event_00291,755da78727008143877a36ef7cdc9cf75f850bc6b0260f90e591107ed5d2ad63
oof,219,stead_event_00293,6eadd4bfbbc13d97d8d9372e1093d8bd4952fc74bfa50083bb568e7d9f681730
oof,220,stead_event_00295,80f7dc95a854c8606d874c7fc527bd9886ffc6af5d367526f8d6a0bd3a5d4c57
oof,221,stead_event_00296,c0025acda3555c13d626c096ac64105c20d5d95fe597d7c0fabb989b6f7a662e
oof,222,stead_event_00298,8d3798ad9dc09095dbfb174dbe9316ab91726c133fe0e676c4d03123004b1958
oof,223,stead_event_00299,d7527ce46dec4e00f3843b194ae3958670b00d6ea1d4ce63e6b112668e701105
oof,224,stead_event_00302,aa4e394be31d1af7309f55eac3b408cb9e018a6daa1a5640cd5b55ddba5248aa
oof,225,stead_event_00303,05df5548a9fe002e9c67e690f8374f94eec048b6668e0e33379f5c3cdf3cf9df
oof,226,stead_event_00304,a27c3c4255ea0797245802c34162077044856792bee2d3d51dda558664967460
oof,227,stead_event_00305,a06843d4f139fa3d34e8e5acf9ef157108cca5b78f036fe2a10c34678a52996e
oof,228,stead_event_00306,79f36207e9db43616c1c5863e0ebb8755d8cd771e4aa77c498920222a7429d92
oof,229,stead_event_00308,3a6b633bf0e49cf484cabc2467ba8941da19b24cd5e5fa3c6680622c3bbaa1bb
oof,230,stead_event_00310,8f9551472d4db746783bdd03bc17e68ba367225da1531c359b4986b5933d88db
oof,231,stead_event_00311,41844f9ac51f981b55a355abdb216d172b4d94f97d5bdad35b8ca65713a83b9d
oof,232,stead_event_00312,32d87d38de66aef1e6e6ac2869c1d48d0d63b9c802e6d83a5a791e4fc36d5fd1
oof,233,stead_event_00313,63f3b117eb1e462b397926c8740e4979d02d55d3368300640b3cbbf15c503335
oof,234,stead_event_00314,9a4464d5e84a6af25f1d387eb1e4680051c8393815ddd4bb34fd9402335f1ef5
oof,235,stead_event_00316,39646347dc15e32d4bc25a67aa5fc555f5efa0f5932635efec55c820da5f5910
oof,236,stead_event_00317,d4f4dd92be53deb981e959f86a629d14d3350d2f7bcd226ca5781cb6c43c8f14
oof,237,stead_event_00318,71626b5ff004a7b19d33f4cb7b1cd800fcf248c1f1cda277d4c0956394620780
oof,238,stead_event_00319,61d3d08e9688b9e4316b4e2c58aaf36e179a5fafcce9a56d8e63c130ef9d3ba7
oof,239,stead_event_00321,c0a1948b338c711113ab1607977908db1ddb4f5056d6dbe3294b087c31956649
oof,240,stead_event_00322,17416db9801367b7811d8a9d02a426d538f83175e77b17246de7294e24bf4773
oof,241,stead_event_00323,a3d4756ba831a8199dd98ec509ca321fe3223c42ca15e22aac505a0020ecfc97
oof,242,stead_event_00324,69df32cba5251eaba368e797338e1aef776f776273a0c3a6ced0e66dabcca17e
oof,243,stead_event_00325,0a6253d21568c8848cacdb2a3272f1c765b689fdc1a8e235f53803438d8122db
oof,244,stead_event_00326,90d3fd84a5eb78cd7644ee6a5a356d06adb65515161574a9d061b3b7d3d0ab5f
oof,245,stead_event_00328,d03292c6679379821cda617d10872ce91ade68c7ac4190f705a8602fb641a436
oof,246,stead_event_00329,01ddd26f70e2ff75188f51165abe4fb17e9f90cfaebb5af5cbb7f32747eb0aaa
oof,247,stead_event_00330,5a543d6e8badfb02a7556211cc117c572e79ec20cf11a7be13d6b94b6080532b
oof,248,stead_event_00331,a4177e3cecd792e7ae7618b92f2580512d0be6d096633631c6362000e0adeec6
oof,249,stead_event_00332,09dee00f0300c28069d9f52476aa2dccfbcc973616495467b5d6040846cfc185
oof,250,stead_event_00333,63eba48241cf883fa6df0bc7f98ebe7c1deb985601a7aac3201b72e20a080c91
oof,251,stead_event_00334,98386685312b248f931b0869fd4d95bc8bcc9f5ca6a904939e8e6bcb69924de3
oof,252,stead_event_00336,9bf8eb5898dac3bc6fbba7e1875ea3800335b1a614b76335845efd330bf1e095
oof,253,stead_event_00337,d24d04e6ba63f851b6902f69cfd39aa2836637c1bf879001679247d77deec9a6
oof,254,stead_event_00339,65255175bfe55bb76d96b1f0f7b6c8d049136817428e2e338d33c7a3ded37396
oof,255,stead_event_00342,21943b8982bc00a80300381509357f4ddac01064c8a6ac5baeab31a6a5c45e55
oof,256,stead_event_00343,f032314385af30eb803185135895664b092348a7c4390b9c9804f0c96bdd98ce
oof,257,stead_event_00345,2eeb3627c82cce32934b1430f56c31346b07542c322835b5241f9297fda9e4b7
oof,258,stead_event_00346,ca09b17f25924b8b47dc48b9ecfbd0b96186c373446ee9bf50db95a105ee6267
oof,259,stead_event_00350,71b9fab7997ffcdfff1936402d71498a1e8f965ed8d5d4478d5d7b1f0b895f82
oof,260,stead_event_00351,45dd8a402608afae5d6de8b5248f854344edae7aa1aca0bd03e2eea4d93448e4
oof,261,stead_event_00353,b737ffc58daba3e2056986fa2869d3038ce88e4b8ee09edc55fe99baede5e8c7
oof,262,stead_event_00354,f745187f9a69b293e443de05bc756563e556e48cd124bd814b722c4df8347cfa
oof,263,stead_event_00356,2ffa9cc9ff0d3d235df0f07ddf68ff4fef23349126ca6b8153556100ae29c964
oof,264,stead_event_00357,617a84111d14bc8f4f4a336649654b40ff811c960e8cc9d4f05e6782333b7b72
oof,265,stead_event_00358,8d57fdd9335e882e2d35c498f1527fb8c4e8a95057730c4065c4a8b42341c59a
oof,266,stead_event_00359,9deb93384824c3064c8b582b4f4d55a12ab77e2c1eb1735fa422bfe800a72d77
oof,267,stead_event_00362,c52be4863659c1ff7704964ec818be814165411fb2f7f9d02fefc3b444cf5f7b
oof,268,stead_event_00365,5075e3e15aff873d7db4d9e62d524175c04d87bbfb8379fb130a39fad9c585fd
oof,269,stead_event_00366,db0d3e4809b9b764276db72e6e6c9d328547086d805c96f6649d1f2c4d12793e
oof,270,stead_event_00368,3858c9f0474ccd11df95b835e148e7e4d69bbac880baef5f34d911fa9ff92895
oof,271,stead_event_00369,f64d85d3356be34d57f45a9b8a6a85dae8dd3668356432a7e2130d1e99a94119
oof,272,stead_event_00370,905049978c6cb947d46431f70daac517de50df83583ce7dbf6f841a8cd16d5f4
oof,273,stead_event_00371,1ddce253f13cd447657789cddfcdff9d87669508e5f5a31a84d57b68e1840972
oof,274,stead_event_00373,ff3249a422dc520213cac3a355478eb8c38cc4a8e26fd37b8c31e684d101f9f7
oof,275,stead_event_00374,8f9a82d2c0d41720cc7ae4971fc44c4fe5e61ae4350973803c8164be7e1ba293
oof,276,stead_event_00375,2eb57b2646b39f416a93af16b9218bc6347ce0afbe9ab8ecc62898f6df6d7d49
oof,277,stead_event_00376,bbd0cfeaef10f452f86cb09de4738d9a0fd9794b819e6221f6274dcb25566ddc
oof,278,stead_event_00379,ad5066ad61587b3adf4f43ae83598055034bfc2741a0eb7698dc0b120b079053
oof,279,stead_event_00380,a9b32a12c4c40281525757d9d3cfc791bb9c885a0c78b59788dbf9a15b7d5394
oof,280,stead_event_00381,97017a0ea31d5118329b542bc51cf4e8c4cf5125dc617b552dd1daf6ef92a19a
oof,281,stead_event_00382,38bace8bfe39c9848713c4b0d5a1c810833103f2bcd142f042906f8598e42c50
oof,282,stead_event_00383,612670018f1a10b02e6f1e146d581037a4b3a6a95213a6c845549dc1ab051a2c
oof,283,stead_event_00384,60e1c8dbe9f95d69d33cec523e4d7933450a641cf8dbf3df5462618c92248bae
oof,284,stead_event_00385,dc6ec1940a07e935c4180453d4b93b275ef5f7b621e0e036138910c29a9f342f
oof,285,stead_event_00386,a06a6142139fed0105045cb186845dc3c07babad0aeda0d3c9132eb15b506257
oof,286,stead_event_00389,d11fac378461cc4e5172f9e99bd01f47d0ee0fee49b6ff83609514f69b19c40b
oof,287,stead_event_00390,30b1eda99d4889e6edf91785d17ea553caad647d4eb59c00969b62f3841f665c
oof,288,stead_event_00391,a4be6d25751f8a0f121517a8ce074680eb342d7f33c121448277d92336d315aa
oof,289,stead_event_00392,4702c042fce860fbf01cc4555b98faccc618179802e00546a04b93366d83938d
oof,290,stead_event_00393,bc7f21137ba216f31ad08be3c3449bd37ae01db8eef4a628ce3f147881dcfc2f
oof,291,stead_event_00394,f6e6b5453bbc664db5dfc70e0204afe61d1b977b1549072136eff9d2ddad193a
oof,292,stead_event_00395,f707e87b2241418eb038c6852cdc008df195588afb032d312268650762c37578
oof,293,stead_event_00396,beb18237de5dbb39dae68f109543d99c90c9262a984e85b4b79e7f60357aff95
oof,294,stead_event_00401,95949bbd9f5b5ab116252523df3f9f176d1326bb4d8f3c0c23604b7425da9293
oof,295,stead_event_00406,d2c841e22659915a61d8533e7b1ac6439069a3d0141a737ec71e6c5b36d5ccef
oof,296,stead_event_00407,88419fa85ac047228af3db53d835b3e56a12663322a7ea6fd22fd2e02c851f9e
oof,297,stead_event_00409,a8b7313bb169449d283a7cd0572e110e3914e4b196ec96f76a423c328cd5be65
oof,298,stead_event_00410,73b12a8866b95c78ecc66ddcbadd92a34f5781b96ff20e5533a9b41eff3bbdc6
oof,299,stead_event_00411,b40528f9cb7ef40e9389c0ef3801e1d65c875ea647eccce92c779b25421fe47c
oof,300,stead_event_00412,bf31b229546733130f34b08de6a3c7b35c27a3be7e19143e8bc4d486e45523c8
oof,301,stead_event_00416,af41ed9b7a19f5390edfd9228ad6823d3fe5ac2f537dfaf4bb61ed7bd712c224
oof,302,stead_event_00418,274963920708bae7a42cd69e6d8c4ab204f4e3784da4c4ab697ecc0da6b21890
oof,303,stead_event_00419,93c4f2b5f67e945761bf4e1e7eadb2f0af81958d273b0b677a5db0c670a298f7
oof,304,stead_event_00420,1e8ae9afe1740ccb8b186d6702e45aefa08e15cea31a54953aa8b762a54782b3
oof,305,stead_event_00421,d99c14f7c903df3366edaf2185bef13910c11d4e12bdc0049fa7e86669ca9de5
oof,306,stead_event_00424,15604e9582f1ecceb292444115433f4649d5005126f7ae904289c7b6e196ee5b
oof,307,stead_event_00425,df8f5943dd602d3d96edcc187e8b9d0a53ea11b3e995f8660c8d09f985d59f71
oof,308,stead_event_00426,86e2c5d07f550057bc71350dbc6613726196d5b02875ca16cb46e5039005488b
oof,309,stead_event_00427,bbe8cf73e5beab5bf2b9fdddd05927beca07a3b50f616fe08632d9bb6d4fac6d
oof,310,stead_event_00428,6bb4da5b657a6e4cef1be9148fc697055fe0ec4ce7b9617e23f942a72a7b0566
oof,311,stead_event_00429,2b0cb39b25c2ef4d4217ce272a7bdf74c920ca93e060517044f6915b7bf38324
oof,312,stead_event_00431,c1e7fdd805b91030ee64e51fded61eed27bf51e67a8841224f6013e4e409c9f3
oof,313,stead_event_00432,d3da14718fe4592254192a3849153e336ef98c03dae135a02e71f008875fdaf2
oof,314,stead_event_00433,c65e41e5ef565f4be1e521b739ad14a30e9cc4e6862c99e7bcec8ba83638d46d
oof,315,stead_event_00434,a3dfcdec75656b402ec46e19ce7aec975838cfc4bdaf9acfc8017b1abe37cd78
oof,316,stead_event_00435,d2e74671d955de7c9f6a1a2944b2aa5cefa98566301d535368f714b5dc99c8df
oof,317,stead_event_00438,73c9c2768799c34e6c1da97e3ac2184c43c5da35c1791cd4bd7411b62a7c2f85
oof,318,stead_event_00439,2b3452208029482a9ef9d65d05dd9ba2ea6ee1b9701abffe7edb6dc676168800
oof,319,stead_event_00440,03c50f67a53f672f1092774b8addc981c5271ac5fbb0e74709ee1f4499098bde
oof,320,stead_event_00443,9d5eb8c68fa4585c896bd99930a865d3297e842c991fe1c9cb6d0957092f752d
oof,321,stead_event_00444,db508a5c894e2b2b579e4069adf3920815a7c1a5bfecfadb92694499662e5b7c
oof,322,stead_event_00445,1a6da85ae610842ce23848cbeb02f80f8805a945fecbb2ce52c9f9d87a53bf4c
oof,323,stead_event_00446,92bf37b3cfa797afb18da83a7bdcf9c1d9d5eeaef52088003805df2c352b47a7
oof,324,stead_event_00447,f97965647c12c656d38d6b9cd6b06b1d28704de8a7fbdfb6c6b560fc79be01e9
oof,325,stead_event_00449,defe13771c65eb5e16433f6fd1e162430bedb26066afbabb8e9905d16d220b12
oof,326,stead_event_00450,ad03666115083df8cdbc4b7822afe98e9183cf3f3367312237944a8a605579cf
oof,327,stead_event_00451,ed92f6d0e331ce8af6c305247e7f51e5a48c99b32b66485fc52b2648aa765b1c
oof,328,stead_event_00452,7f3cd2b96de2550728e1918ebc66c4bc5c4c11647a907a8af34a1e25335df362
oof,329,stead_event_00453,7af14735e77dd0fe9fb75926b4acc760916cd223f0dfe2b3ed5ad1a9031195cb
oof,330,stead_event_00454,7a918686aebf5587dad8e7b0afe70b5a39440d6ca6877dda3581da8c0ada2fb1
oof,331,stead_event_00455,92391efb50ba4afcc4c37ee771250dca3151a4a131c45b1eed88e09a916a0809
oof,332,stead_event_00456,5de08fe9f0e0a2083eaf2e995ef7244d6f929fbff06ddc5b1bad3ac1b5d65937
oof,333,stead_event_00457,9421f9c2414d19768d2f1b3938e07da5f353678c118506917b37d45f59cc997c
oof,334,stead_event_00458,5af3b7a2ef33f24c34e33c1731989c1e82c299400ebe1a1e293afe7176251223
oof,335,stead_event_00459,be0bafb0dbf47a9f4392533b04c56a4bf9e51f09fc7cb98cf9e05077fe0d2980
oof,336,stead_event_00460,88505817a97933fd0e783594f4483583ed86074370016fd829371b936e972e28
oof,337,stead_event_00461,4acfb8e1a9356fa12a84bfcf517cf4c479ab5db9475e05f62b77a5bb95d29c79
oof,338,stead_event_00462,fd3d268b2f3d0086c5c3b1063df8cfebb9c4406cbb0e75bc93514ebf86c04670
oof,339,stead_event_00463,db39dbf7615d7112f91105301b04a4ceafbac1068517c67d5f0a0d8b6a5506f0
oof,340,stead_event_00464,9ee243f2367129b1a5267093eea33555d38a0366c4133a2e2797733f99344e65
oof,341,stead_event_00467,23e769bbc9d38201f65a2115efd679485d985425e8792d61b7a7bb0e46bea651
oof,342,stead_event_00468,f5d1f631b33654d5efdd748e5abc06c11988449b3aa602e1bdee60a317de0f5a
oof,343,stead_event_00469,9a29c5ec4079ce20d9cb4e5449246062ac1bf6f7abb04a79e1b49a3e8822f7f9
oof,344,stead_event_00470,897d0b7f57f3e64e5b761daa6eb196b00cf7266367f0f08bde47766e76092888
oof,345,stead_event_00471,eeabe252955cb6baa8031bffef89857a3bc02d68584312d17bb3f8c5746a42e8
oof,346,stead_event_00472,14a3562dd5c8da811eefe31781eec449b6264b078149b5fdc304911c872dfd1b
oof,347,stead_event_00473,7361f40b65d31523aa92f72825a1e3e1711e39ae4a9a00e3e6d10ca483a1f147
oof,348,stead_event_00475,abef0a106b65ee352ae6dd600d5f4e6dbf121b3155d3bf98684c0b626f1d36b3
oof,349,stead_event_00476,8f38f4974330f0b9fae0264ea02482761fe4b88ca52e4502b908687afa78aebd
oof,350,stead_event_00477,5bfb54905b6b285edf1770fd58d43a9f7b7d61d2196e585b643d5947f668794e
oof,351,stead_event_00478,c11dd229d34adbe7303423bb5977d914a19f5f68b45f22a7226b2157be4a4220
oof,352,stead_event_00482,c505d1b29b888313956faa5018acd1128f3d724a48813cee70c70b19eb272016
oof,353,stead_event_00483,dc9843e0184509ed497d3aeafe1745a60d58c8c16ee0c11af842309d0c929cad
oof,354,stead_event_00484,c8d366970c17f3ccd96a1345e406a2b0b464e2fcf111323ee09da79fe1d8b530
oof,355,stead_event_00485,987653dde7f9e0a52106c77c597445bfc8260b0e03bf6e4fdc931018ae9f9967
oof,356,stead_event_00490,67cfbbb75b1ae96067915b6f4c61510954a696ac7d0c9ab2eb8c9c09fa499405
oof,357,stead_event_00491,e15fd79c47f5060c7aafd5f895d46c5f552d325a5484404d2e76676ef8d25d3a
oof,358,stead_event_00492,bdef13d490bdd7e7d6611af7181fa6de628b7a8f03f4e9bbf208f79a217cf67c
oof,359,stead_event_00497,527247c35833f736d7bd5b68b35c6f20ff92d0c97059974310979118671accb1
oof,360,stead_event_00498,36c53d7fae67e2e2d727e2f5674689acd7ce145db6954d131fa3f49d4e30755c
oof,361,stead_event_00499,70813e03ec8889a14fe4ad6f9cd230584d92ab16cb1a986217c24c504733b4b6
oof,362,stead_event_00500,32d9b206b38bd13e434c47f1c1b949636731e9934e0c7af4a761487e54ea281f
oof,363,stead_event_00501,32845961359489983848aa4120bb4e5134f2b0d143b554264896a0c3eade9871
oof,364,stead_event_00502,6b119971a8058c9c89544b4a0191eef6d2cc501baa3c5b40ff9556a9575a3f8d
oof,365,stead_event_00507,d8bb5eac65b82055b21b844cdb473f39925f14d85e0464f81ea99c87de5852e8
oof,366,stead_event_00508,ce698574a21b39fb299b57159d1db27cbbd5a31ba07b10ee4dbbf4bc72eea8bb
oof,367,stead_event_00509,d92b81d5d15ca94762d377d7ba1efdf975a49515265dde21fc5abcefa4bc56f5
oof,368,stead_event_00510,74b1cbc3762de3e261281959e899a1c928d1a26a522b6c84b16a7b3e69d0387d
oof,369,stead_event_00511,598ca4d894e4ff32f6ceb1b06a15d8db741f7c316baf561b2e4f9d9a99f5b518
oof,370,stead_event_00513,7dd084034391966daa500478e79f2a19d3e7b72b978aa637e7c69a9d9c9ef898
oof,371,stead_event_00516,11c6a185404e17e0e38405afca7b50c1933a054bf54f9abd7826c645f8fff33e
oof,372,stead_event_00519,70ecf3f090f03f45efa574ff4cd436be13cb5ffdc0ee01f2ab6e1eb5c86b5c09
oof,373,stead_event_00520,ad18fc4d8d3caf81a1e3bafb42bcc5c777cf16d4f31b769e404e360635e917d7
oof,374,stead_event_00523,448c18e0a9d7cc4ec179a4bf23ad1067b8a2c22aab6043402ac98f05a38aa86c
oof,375,stead_event_00524,3e23c5bedfece80b3bb1323979a18b1470628616ac6ad7cbfae9d93681dc9b9d
oof,376,stead_event_00525,50f5e4c2ddf9af184aed0f33664e0d8091d282914131ede59c43de4039e9be18
oof,377,stead_event_00526,e602eda910bff6a7e2e583396de7bd0d51d953f8bc9429737f3e7436aea96d2b
oof,378,stead_event_00529,1a56b7794e98eb163a1faf95492d5012a00e57f1f6bc023ac89ed822f1f26abd
oof,379,stead_event_00530,1f9ad4765aa4a668c437769288638daa68727fa247a43c1bc06fdc8146167ab4
oof,380,stead_event_00531,8995b963cbf68b42cca3bb41eb59cd4ac01194dda6d2eedad9eecaddb60b9247
oof,381,stead_event_00532,3a38a05a7102ee5c6802a8a6775402ac77524c1699c46399c8d9bcf66ca2161e
oof,382,stead_event_00533,f000b5b352ba1fe883ebebc4d0f60f291747d0f45cac17f61043af7f591cb2c1
oof,383,stead_event_00534,59d23376f8407cf275d07c0d9bf6c1a0e2726bd8c052567f921ae63a3d1bcac4
oof,384,stead_event_00535,dfc8629bb7ecf3d7d0d5363b041110026e79f5bad5ebfe4d8e1196e99c9443c5
oof,385,stead_event_00538,feb2e9543e9effbb503661530e8a57ac29213a0146dad3eca75af4c346d957e6
oof,386,stead_event_00539,3e6a72e088f1891f7d5f97fc2698ece3409e6c72e5ce930b1b8c0ee268d52256
oof,387,stead_event_00540,337b62f6d5b26dc4e0bc0bd0805f154013b5f120979ed3610d79a70f7b3eb7b9
oof,388,stead_event_00541,a711a1276bdaa15818ae3db5af3ed604d9254dd6bf2bbc86adca42029e39cead
oof,389,stead_event_00542,70bd989246019719cc5812cf34c89797d69f7c2c48a0d695e6be76728c3ff3ef
oof,390,stead_event_00544,74b8d94f0fb3a872cf37ac1b08aac6820000115f7074f494468d79e33d2e6cac
oof,391,stead_event_00546,f62f58b4d53e63469172f348cde343a4869623d898639ffe0a52e24dfdc46230
oof,392,stead_event_00549,059f52920916dda69c11f9680a399e27cb4f3c499bc33edc6563c4b0c0d6f760
oof,393,stead_event_00550,7c6ff20d0a892c3f67258ff9c9df56fd83a3ed38c52b0ad4da5031a0440b9257
oof,394,stead_event_00552,7789be5e80bc1358c46b9627bc5bc127f4034d671a5eacdaf91b6b820d9bac79
oof,395,stead_event_00553,9ecc8cc91196fd59d6d053cc2effe01d5f7a2b561749077c6a34be046270f318
oof,396,stead_event_00554,7c70fc98ba9c9bb3fc534392c5e6c2787c9bf6ea563e45fc892d258ff5907dfb
oof,397,stead_event_00556,8b44417521001a42f5b64af236da3bd3818bab505e4f3b6bbbf6d8bca08fc66e
oof,398,stead_event_00557,d19f509648c0fce2aa605a94587e53810783faf71e5b2337ff30c43fc246789a
oof,399,stead_event_00558,5eae9ef7d67886295772cc973ac2ab529e936ed39f7944af38f9f7843ff631bc
oof,400,stead_event_00559,1cfb9e905c8b27a4aedf669395ec2d01e1a288cdf4f75cecdb6f242aa4ae35ed
oof,401,stead_event_00560,c155c50daf4443013cb091cae619c202525e0c1bd1c5894531b43eaf700ef191
oof,402,stead_event_00561,0cd30de58d4bcec783fd1dcf6197aaf653caf6755a587f61f0d686f18530199a
oof,403,stead_event_00562,ffcb5d6649bbaf58fda780c9cce1ee3b745776fb414d6944ca73e52ed6cbc6ab
oof,404,stead_event_00565,8de1fe2777c24532f2985057acd550a098fa73b7fb699c76ecf326e85f4b561e
oof,405,stead_event_00566,ae62523bc0eb8f135f5bf4f449b8590f4da7920cb8b7a99db7c1561257812c80
oof,406,stead_event_00568,e7f2737e06849896248be7e2e550d4d125c7e580ceab3778b1507f7910f7d434
oof,407,stead_event_00570,201a1e1bce199af8872a4e3e03609b1fe5c02d8ba1ad879d11b540288e429301
oof,408,stead_event_00572,87c81edaff56b489615079a3dca6e8d9bfbbef83ae04b6db1d2b29c90873a106
oof,409,stead_event_00573,61faec8b2ed33db5e99d01103112e513504af24023ed61272425765091d32934
oof,410,stead_event_00574,8ee15456e9177eefc36e254af6972f66b56dfdc3715a1c3a0bfec52f53410082
oof,411,stead_event_00576,815a02ded7fa9ed70d2ab33c96f216ed5402bd6279574c4cdabe94053a95e5d6
oof,412,stead_event_00577,ad08f0fe58bf5ca563dcff2858b5a93006db4af7368a34c55e25a42b7c6f80fd
oof,413,stead_event_00578,fe660f994cbca2fb680602cffc9f123f79b0b638937daf9ffc42a4275faae5f7
oof,414,stead_event_00579,aed8ebe15e487809bc5e5e800475ed100e01cc45d407c372547e9c4317f0aad2
oof,415,stead_event_00582,2695adc4ee4f50dc6f3116179cb59dbd48ce44d6de5ddb43c428ee6dc3e2cda6
oof,416,stead_event_00583,9afa63c8fb37bb2385127f389c9ce4489f3a17ed330005c444df9461690c2d50
oof,417,stead_event_00584,52f87f44101cdf434386fbee6ff80ba8dc983886409f9cb40995307639fe33c5
oof,418,stead_event_00586,bc79038cd912833461d84c30c0e96fcfba79ad1b4545c5002a0abfd0dfdc456d
oof,419,stead_event_00587,1a89505d49a51cf85fd64ee6c2bf1ed86791bd3652fe504f7a38834dfff3eb9b
oof,420,stead_event_00588,b6fee1492066db4548583e5b724b013175124f9c53bd69adab98a5a155adee7b
oof,421,stead_event_00589,1c3ab84b2f98241223f48a5e501d14681c8e6d9539561d3f839d6101e0cb5267
oof,422,stead_event_00590,dcd310a5f8f4915303bc71f7367da28de4e0f4b33376b4ca983f3aa86d503e3c
oof,423,stead_event_00591,00c8e3e137631c437a2e13e268a60c88ee085a5f541d4f5aaeb12cc4423d13d2
oof,424,stead_event_00593,d625bd8a73ae0f2984fbf323774ea738ca0493a469395a592dab42fe67be03b7
oof,425,stead_event_00595,e6338f867287f01d3766e3bd9391a1881d56dd956d167e364164647a41b28b05
oof,426,stead_event_00597,19e8b92bf60f53e0f884789a6cdfa1a6dbe0970ba1c427fdd4352041330c1df2
oof,427,stead_event_00599,4bbd6282235085e78a03cf0b75d0865c31cdffd97b618f96744f4821c9df2016
oof,428,stead_event_00601,a279939052f93735acc7135696f6c1149a1467945b8ae66778271d66d9982d33
oof,429,stead_event_00602,e71e1c65980011e6f1bdf48ee48fbcdec66900241e40d0586f5717f1ba492d91
oof,430,stead_event_00604,07fbd4fe2d737fdb6dd696891616102dc9a93affe9eaa202561e47f60bc56284
oof,431,stead_event_00606,e7f2dd24cca0ba93b3d99a3533cbbafa4523a83daecec8240eb65ead8155fcff
oof,432,stead_event_00608,8ac04ef59f1b9fee7d27bfa6f995a7c75bd0f6c8bf7044ec50a89cf69a080b62
oof,433,stead_event_00612,bf5b94050129b620b2cae7e297fa2dbb6a46f2c5af99849b9da97ab2834549ff
oof,434,stead_event_00615,ce8d5b5ae7fb7c5f68998a8430b88dfcfabefb70161f3f30e16a850204db07c9
oof,435,stead_event_00616,15d0928738c617793825e40d4a775ff9f0d8eef2f58895962ed4322c3e2f4027
oof,436,stead_event_00617,9ba621d0da89451ab4a1707ddbe9b11d8473c7365498bd7ca9ddea834ad76fa3
oof,437,stead_event_00625,09ae5c2d7b024136260af1c9769dfb3e03c4aa18d5769b26a5c6d45a9ee4f410
oof,438,stead_event_00626,d6e203384009c7a63c90adec1cebe440d93438da9d3747a9ce28d9edccd700c8
oof,439,stead_event_00627,8fe71f5c19947223d0cf6b823537d3b1a0208d8efddb14ae91360f35f45f4e65
oof,440,stead_event_00628,f4f237473772b526b777459a0398299a1ffc01f9ca615f569f31f8633aaebdf0
oof,441,stead_event_00629,e1e86789d238f872055100a48ba9cf69707eb81224085e132e09b7e59511dcb5
oof,442,stead_event_00631,8206a170aff8f27b0d62cb312b8c61c4d204fe998057d2a90da4197b29ff6965
oof,443,stead_event_00632,c03079e4f8d1081860bedee2126904b2d3fb57952e7fcd20b78a57710f9350b8
oof,444,stead_event_00635,1a4601bccb46da14339ccbfabe44edf276a9641c4c6b13b28e6d8c82095cbf62
oof,445,stead_event_00636,a7dee839435c778e59a619e301b4ddb8da9f954b068b69d8cee211eabe6fa156
oof,446,stead_event_00637,4ee04d1e23e7dd7721eaf00e2f2e7e3e2b0b928058fe8e974358ff7281a4357a
oof,447,stead_event_00640,faad8bc6f633bdaa4289b5b8a281ff877e1dcedecbce8a3548b432cc50aba283
oof,448,stead_event_00641,f7475a1d01a469b92babe0372a454be2b4944da687029622439d57b8c987705a
oof,449,stead_event_00642,aaec67ecf387d5117903e5894677e8b6596d43383e9735134462421580b51349
oof,450,stead_event_00643,b28020dcd37b3bccd4736715f738335553457d1d6cd687cd368df5e2d843d990
oof,451,stead_event_00645,88f1357e972d61b1bbf961cecdd2fddbae731248f1d60529743ce9d083390ed0
oof,452,stead_event_00646,3563172ca8f837b232370da16600050260eee3a5c491e4acd77911d0fa700b70
oof,453,stead_event_00647,4007762fbf0566384480ed9ec5249f0a82199ce95f92e88338d42729ca4db0d7
oof,454,stead_event_00648,ee6c8442a5c532dce52a6da761865aa5663b58b236ef3203564f71b1de37b13a
oof,455,stead_event_00649,c3a8c72631a733c199faffe51097cf63b1880b83a883ad56e0ec91a235c72a01
oof,456,stead_event_00657,036c1cb37b126f8ae29e51006c2aa32b63cad3f8406598e288b4d15021ae2908
oof,457,stead_event_00658,66b7aeec4f0612079bb12b85f1882f2d30e267ccfd45eaa4a9c440acfdeda009
oof,458,stead_event_00659,3748da575bb59d563bcafc1adad7ba42b2bdfa36e1b353a9104eea96bb39bcc9
oof,459,stead_event_00660,deedc8ddc4a73b54919b5188ff9389c954e6c030fe56fe214ff396177035ed75
oof,460,stead_event_00664,0bc5ad1cccbd0ae6072372d73424d3e9a95105b8003abcd92d39e3eb27d8f52d
oof,461,stead_event_00665,66aa94bba49b38f9e84d9377570add1e835e01fbb8e347e4da95f7e070b46136
oof,462,stead_event_00666,2c64022ada750549e764acf5d1c5015d717f6f34deac4a2f0ea8c54afe569da1
oof,463,stead_event_00667,ea7656914f1d552a383c7cbd295ca634b9f26317ae02b83eedd6b4f00feddf10
oof,464,stead_event_00668,2264b076df5e59acbf0b2dc3853e0bc1c1d4bd59ca671f44c6f094c4349f18ca
oof,465,stead_event_00669,957f2d5ccdae4702b3c26de072428cf665f6e8f1088e0d107c0fbc4031c37e54
oof,466,stead_event_00670,37b9582a256cceed80728054ffa54cb659feadd42b21f8d9f5e754e2f60d6143
oof,467,stead_event_00671,7c471702a4b4b53346655d2478d3d45331f04da4acebe6ff9e48f9b8e8cd7e41
oof,468,stead_event_00672,8eeafb35f7f3eef510f4520e36aa4cca25fa39ee4f0c064da3717c5ad1ab0286
oof,469,stead_event_00676,8575589558b8a494c74623ab2ecd9c6249a7a4a6a0d1375078ebf69b8af9804d
oof,470,stead_event_00677,e5fefa2705054972b363de602727eebef281b8df9732128c5d46ca685c382e2f
oof,471,stead_event_00682,953b42ec867d34e8df66b9147a11fe729322569f62f5cdf56628f71804b800a1
oof,472,stead_event_00683,255f839faadde543950844534d3262b17ce728cd220a2f35ca634f9110e713e1
oof,473,stead_event_00684,f9b2b4f3e2724bf0e0ba6b77b2de7ec22580aa3278fa38232a57cac128e47af6
oof,474,stead_event_00685,37abd32315fd5087427724dcefb39e067b155999146bbd7a34e027de9828fa7e
oof,475,stead_event_00686,bcabcc9e33c67bf1a39e6a2e368a3c6a813530ef0bee9e589ca0bed01e72b247
oof,476,stead_event_00687,46d4977bfbef9750bdd9ea441112626abfeda825964219342864349b7d0aa358
oof,477,stead_event_00689,b5bcaddc6eec7313feb5b7dbf8fb85c774552301447c661eec3d8bc9c34a27c0
oof,478,stead_event_00690,c64343b36b81fb2a8e1a0d9b979fe672489293c8159da76885cdf1737f0362dd
oof,479,stead_event_00691,2c43cc48353d300375304f2c35b6ce87756ab9ebe22c9ccceb5d3c6a0ae499fb
oof,480,stead_event_00692,399509461cd63e27d90c6d311b4464720233342dd8de38ad5f0cdc7e339e2275
oof,481,stead_event_00693,3c11b8138f010b26ec488c54850b76caee3e0a5499bb413fa6b1fa67f2850f69
oof,482,stead_event_00694,d8f22ed3c806dc09ec945fc87eb4f6d6ec02c33b17f6365b04898420209d399e
oof,483,stead_event_00695,cbc32d55fb909e5605a3683017713880b89d6a1002b8fe001c38e1f6cd2178a9
oof,484,stead_event_00696,dd547e3951e22ee2fded150fd62f9cf166d8c611813f3fd9f07828ee2cdba949
oof,485,stead_event_00697,cd4deef47539edcdc6baa703c07aa663a83a5e477ffe45504fd701a2aaf07a07
oof,486,stead_event_00698,23658cc82a7f7759e31871347a78b6649109ffb94f7236d4946223c65343cfc3
oof,487,stead_event_00700,15e19fe0b55bf8e44eac61ad51cbf50c2e13eae69ae5d4ff1dadcb19c9bfaeca
oof,488,stead_event_00701,774c574ffe2f4494a85b2e8e57b443ef782ec070bd342d7cf4bf075b7299c0c3
oof,489,stead_event_00702,df3e86d3cade75684b75e56c3b07f031478d27ea4115cf23a7722e69291372c6
oof,490,stead_event_00703,404470e72ef9ab4c31fe59d1b7dc650ea2057d3e1fe685ba38e943ecd02c8913
oof,491,stead_event_00704,84127c6bcf38bf39dd6b9a19d7ae44df29a10dd881be8dd7eb175517a67b6356
oof,492,stead_event_00705,7e424b529ece93be69a303c28d03902e1878a4177bf609f41acda363df8563db
oof,493,stead_event_00706,fb70509cfe608dce41db275ba08eb7a2ebdfcb95f3112feb156dd01207be9a75
oof,494,stead_event_00707,3841181f7036e6421cb32757f41e083b46ce8b50badd63d6c6d7ab375591a7d7
oof,495,stead_event_00708,6ff085ae72085189512ccfa5fd669dea957f6d96e39a132a9f2b4511e24d255d
oof,496,stead_event_00709,a43584bb3b6e2301ce26b22eb4e96576f0ebb18ab5b95236b7083d9f93e5f76b
oof,497,stead_event_00710,cabc65f37fcaddccf8ae2afc6b0cb442f407da267bce816df9d4835f93fd00b6
oof,498,stead_event_00711,0e4730d6c7ad12937edffe4e42aeb40789f1247ed78d57852a5f869d577852a8
oof,499,stead_event_00712,a374e69f5d2f7001278e7bdb95d36f67a793269ddeddbce65418f20f5e514d2f
oof,500,stead_event_00713,08c49cf9f2001c40c86171e21f001ef838f3849e2d4fafa5f48a237195300e16
oof,501,stead_event_00714,0ac072b8b6f1c3c1eab1f8aa8a37ab9da33a7aa541fecb0f0f436605941501a8
oof,502,stead_event_00715,dd73be8e48021d43d95c708e0734ecf9d407a8e8e66692f7e12f025d05259cab
oof,503,stead_event_00716,b76295dee14d5137985b83c25b8cb45bfdc1e3466b84d7d04190308ec3b769dd
oof,504,stead_event_00717,26976469a123eb2da1ed5e96e93ca280e2e205ad28ead03520e53a176dfe3de2
oof,505,stead_event_00722,39c5b817b9a2b6dfb78f3e25dbdc4d4cf603ed1c6096a357131c2590101523c6
oof,506,stead_event_00723,fe9d37d55788872f422ed21190012ce5c0a325de515e87c5cff753c4bf209874
oof,507,stead_event_00724,65518c241f29d0df0318672367e5b1c5cb966a3af61024daa857fee82ef6641c
oof,508,stead_event_00725,150f33bd1574040a18cd24616a742675f3896e5b9e89c49cebbcd3a246bbbba8
oof,509,stead_event_00726,9c56289f949cd79bc762c9a6c11ece3ba8466a235e07819209d58132d4ad2ccf
oof,510,stead_event_00727,a9b8262e5ab0d2a182b514d337ed125cf65eae4144b2b17df172e16e1b306adc
oof,511,stead_event_00729,2797497aee6d8e4f6975e003900be215182b7dd5f296ac7d627b5e5aa8456ad8
oof,512,stead_event_00730,0103dc4464a291c84c60d84a87d51ecdef5af907d3f0ffabf00be33fb2245a54
oof,513,stead_event_00731,30b5354ca5d5f77a8c5d5a827b1f11072feb5ce1b57c566ca86588bfebf97592
oof,514,stead_event_00732,4773f69db516d691367e93e712ca0d553f60a6c6f184cbebed2b55519b6e2d31
oof,515,stead_event_00733,2dee4827d9dc255cc2fe54f41a360faeeb93c81cfc94cd09f984d237d2e71bc6
oof,516,stead_event_00734,e1794ba40fe1d1b4d9af1b4379b3bca28f38c343f202b2349dfadc8f0a204280
oof,517,stead_event_00736,6044404c288e81f4f3da2f0e7436b2f6ed775b7a270a47977e1687cdac9fc596
oof,518,stead_event_00738,570eeaf75b7f5db0bd9b82130e36cb4dd982383b6a2105390f951fb0f91832de
oof,519,stead_event_00739,e6acb648cffe9c070aea869e4a70bfb372f296956f4f6a186e5b302ba73c0fe9
oof,520,stead_event_00742,d762debabe801eb8d00c32217b5914cb66ea9588fc6877f0abe320dd938a2fed
oof,521,stead_event_00743,d8c2e0f1a8e024d8f906fe0cd89c38d6d4aa4d59c35749033d94bf8c501ac224
oof,522,stead_event_00744,c9ed4f206a67d991365c4f5cb231358a3be3284ebedd85deb58d9e009e9d9f00
oof,523,stead_event_00745,8f73161a02f7ce8df19f1d5c3a44c881af7a5998cdbd2169e8fda5f7d90b7876
oof,524,stead_event_00746,fc15cd1a40ed7fbf3f462e349979b9a137a76899db5a3ac059b27b6d3affc747
oof,525,stead_event_00747,050b3e8613959ce7658fbbeef1398d4acbb5d5bbfa17d3d2397ab343948c7af6
oof,526,stead_event_00748,177add5dcb43f071f5380bd0c0d8c9d33997499d5eb890f3d9c885568c19546c
oof,527,stead_event_00749,cd2fb11a13f3dd55d2ea8ff785e50fce687f90a05e03a713dd087ce72beffd33
oof,528,stead_event_00750,ed4e8b91a78df36cb0c7b2efd0fe506b1c8e5e59a67385fbd37142d60468f079
oof,529,stead_event_00751,b7496939ab3053cd8bcbc3d4386b089c11fe08c47dc3d040a93486e355eea141
oof,530,stead_event_00752,b6c8a611fc9d3775e5883617f595477eda9e17d67473a46a851ad3af745b4b74
oof,531,stead_event_00753,5fe14981fa929144b8d8705702c2a719237ab19efd197c8997a94eb06cbde347
oof,532,stead_event_00754,a58abbc7943bcd4598399850cdfe01cf3e5401de91b9ad20f5ff26aed28e833f
oof,533,stead_event_00755,802a89fb7c5a066a90d1338e86da5e03864a852672c8b9f2057b5f819e66e973
oof,534,stead_event_00757,0d53731298ba9ffe2818d5f79531e8c600a110b0f149c577ddb950bbca39d726
oof,535,stead_event_00758,c49717654e6ad9ce89c529dd6f351fdd5c6e495a122440bbfcde64d831551ade
oof,536,stead_event_00759,348644b0c7a435044360722d0b7c07576e2d1e85b445446a5582251e47d0b054
oof,537,stead_event_00761,060583e6406b515c386e112ae73669f2e702de253474ae9813e4e1de60b8af76
oof,538,stead_event_00762,24245503170dcd9a068e1b3f38757b3979fa32e1eb97f5bb1c9fd7cddd381401
oof,539,stead_event_00763,62765269b11976dd9c7b7a76a9ffdf30d21582212a6ddbf34c5e0a10c5b1a536
oof,540,stead_event_00764,b3f106d995a1f592761b0b056da3599db1503e4b12215ed0e468d83f34988124
oof,541,stead_event_00765,8a996c82ddc7bfdb6effde8440d275019af16ccab615f9f1de21d058e8b77b26
oof,542,stead_event_00767,471db735b6849c4ded4add719760be15412bbff932b1c277713085d45b97b614
oof,543,stead_event_00768,ee2b95acbf1c7d13ad33ad486275a2b1ae60c4831ccf3ea1ffef558f9787eb54
oof,544,stead_event_00769,ac2293c7a057583316e7573d455c44be749360e6b674a67596800d8d658cc193
oof,545,stead_event_00770,c204ddf916b750f0e1d237f7966c5e1be8d3c9c5e654b657c280e1a866f69bbb
oof,546,stead_event_00771,c4dbbaf9e027aeb71d5ea2f596d8d997bb43885e58912c94f00244af5f8601be
oof,547,stead_event_00772,91bb9c41730b5450e447bc68f41c95b034cbe51f1ef1cc26b1692fb5aacdc295
oof,548,stead_event_00773,d0d0ca9d5b437554c2c690a8a589d2f058e83f235ce6c466d0948167ac4fbfa3
oof,549,stead_event_00774,21f97b9a6887923ea57ef9711cd7a81488be915f1591a0497a7800ee232d3b38
oof,550,stead_event_00775,bd4d084b7bd8251912530005c0387e91855f5ae39748e9ba59630ebc2618c7e7
oof,551,stead_event_00776,8f66a701a08bbee57318fc0be71886ad7724704b528c71701cd5c11682ebb70c
oof,552,stead_event_00778,9eeaaba98a61a97a9f9a2b55c542076876ed0b9f4a0b520873c2b269d834de70
oof,553,stead_event_00779,627f4f84075d99fcfb265156bb8e8e7e23378c39c28145932ad6cbb85902bb31
oof,554,stead_event_00780,ef3081b729f390d6ff4b67b4beb700b877d224a09e3961d4acfd986d59f7466b
oof,555,stead_event_00781,72acd5fc46ed1187d4230113d52e31fc16db80ccc67fed1625ca4393ee0d53f8
oof,556,stead_event_00782,a656762da113be377e20188c13080ca48a87faa3be17f7b5bfaa8a44c392e0f5
oof,557,stead_event_00783,218e0d62dacb5ec396279a62d6080080c8fb11d185e3d080095380d96a9f6dde
oof,558,stead_event_00784,43d2174250bd633dd45b571a1d491a058aed2121a4c2efc8b314ee5e3b757872
oof,559,stead_event_00785,2873c4caae27d10cfdb9efabee981f7e7c8bda0befe019d7eb6cb6a3edb5ed8a
oof,560,stead_event_00787,d2e88e7dc1ee6cbdf5988656c70bf2e4c10e27619b6e6c1568aad78ac695ece8
oof,561,stead_event_00788,1506815835c91502d60e96fc625a034d9f9c0bb69e634694bb42c0cd2845d58f
oof,562,stead_event_00789,adfd7ac6d989cb07cd1b068c1a92dd1450b04e3091b2a1963fe06b01d3d15241
oof,563,stead_event_00790,1d280e205ebaad9734e2a5136d4f3cc54ce65f4078216852734e6d477ca6a4f5
oof,564,stead_event_00791,0748ec39850067e26a62cf14d2f1affe90db024c3a595204c3fbb91c0afd7ab3
oof,565,stead_event_00793,b555949d3ed8000c676a1236abd6b0e3ed77ab7218d586fa3ab5c4294a2a0d27
oof,566,stead_event_00795,e4721923272612b1d5ef647f77b106d357e6ab8a4912c86d32de94b2f998d2e1
oof,567,stead_event_00796,a118837080910554090599ace39efff28d5eb4f35f5f7a2ad2b6eb4b1b767d8e
oof,568,stead_event_00797,6d702743e0c609bed6f38acda153fba1537e97c659008b111b86d085fe9e9624
oof,569,stead_event_00800,c82bb698f069c7a451c674774a41bc7cb51169327aa3c3041777d1fcf1973844
oof,570,stead_event_00801,5d766879294bb66ab6d2922ef1869d01dd59817e0c60ab962db8494fd550e52d
oof,571,stead_event_00802,ab0738e18bcc7c98cad419b63347549bda3abd8337dbe525fff2fa948e6531fd
oof,572,stead_event_00803,4372e89080cb60ad1f5929ca3f23cdb9f8b46d1b50fd58af0d5cddb26b78f192
oof,573,stead_event_00804,b99b0d300c6facc8c0191edde96cadc849788853bad1413e9e4e2da8893a12bf
oof,574,stead_event_00805,e30114fa1ee38b52d03d58bf9f50ad98cdf1ff4ebebb8405a790e50117ac650a
oof,575,stead_event_00806,3c37b1b52ae25eb6e5b8bef6403a7bdb5ea66f1c2afa764d3685a97751b9591d
oof,576,stead_event_00807,233c566f456d73e49a8dc23b9d039c683a747d53515ff74a5e720912d5c3eef7
oof,577,stead_event_00808,0832ff363da87b9d3520b164bf4c497d464597e0c65cd015700dcf60e1f0b0b3
oof,578,stead_event_00809,509d23a299814df3efb5b407c49e259c0e2b5a16cfea1635e2f02823bfda8626
oof,579,stead_event_00814,8b60526c5f6aa3f55bba78fe8601a2b2b1aff153bb676e5eba7deb0faac0fcdb
oof,580,stead_event_00816,2f46844dcd358420857003a6d1b49546d5c0e549ad26ea42710a0614e954ae00
oof,581,stead_event_00817,8048681277b45d79b779f38b1ca55bf5c30ffb459214c0085a187aa9dc98cc10
oof,582,stead_event_00818,2737aaed45b1cdaf227006b474fb9eaafd960a0220ce1ad04f4c59ec8d729cbf
oof,583,stead_event_00820,b7224b473095cb6bfa9d598840bed13f989ac462ab71806c83c42da1cedf2bca
oof,584,stead_event_00821,c2b65531e2dd596bef4162efb5c841abb4119678dfd2894d7bddb20347b07535
oof,585,stead_event_00822,c820e3359be6c8c0c4532bc12d259453852a2b63d6a89a03a4c7bb3c8d584834
oof,586,stead_event_00825,ac9d5aa11d26f94d8b9b66e077991de5332814edce9d2161ec7502ef3bf0929f
oof,587,stead_event_00826,f963e18bfb7b4cd569aa130a9d96035a613abfcca2161459bc0ee0c1630c463d
oof,588,stead_event_00829,aa5ddcdd4a8c2ccca683e6d7464796808125b45dfd7986280380bc5130e4e909
oof,589,stead_event_00832,6690c6c5f75f9dc2637af93445f70cf9a0f40a177f11f94bf808a1d2a41633c3
oof,590,stead_event_00834,e21180e08d2feb14399d6d0a8f73f7835b98115c11d89b5ddb54a509694338d4
oof,591,stead_event_00835,7919797370d8ac5446ace6eafaaee5fcb9f0a23bbf2ba57aa37cae88ace449e3
oof,592,stead_event_00836,a200ff2f17815b49c9b48a4a94b9ce44896cf2e34c037815e1ae7b4304c101d5
oof,593,stead_event_00838,62bba9d0faa133f3295a992059484c181605550ae261a4951c6d3c512d68b485
oof,594,stead_event_00839,98bf1c087cd8f660bb339334f425ed3b6677ea83d2025c2578c353133410b718
oof,595,stead_event_00842,bea81733e857091f12a441dcbbd4e46531963bafb21416b5da03307850f77ce1
oof,596,stead_event_00843,fa04e173f1ec8b13c525b9d6e13daa8e023b6761a567d1203d31091a0bf9dad5
oof,597,stead_event_00844,bdebc50c911c340360e8f3de1ae3f957057317553bd0db4c3bff68c3d240d32f
oof,598,stead_event_00846,37f156b8fd14cc2730a87d2bc03516c036a24afa95c9fe1ab95ff2967f2fcaf7
oof,599,stead_event_00847,b6a89cbeb8f2ec4b0bfc591cc2ff04dc615d7b77c3ccf8b0d921fd8b8fd91560
oof,600,stead_event_00848,4d69fe35c9992a70da3627bcf86fed4996170a727a6f20bc5d7ee3d5760bdabc
oof,601,stead_event_00849,96c4bb901b216cae9b79373a5aaf2702dab0f5372df410e2c209254b24b4fd66
oof,602,stead_event_00850,ee48b14a07f97d98a8ba076c09d972e526dd658b03a8e0bccb5f0c1ab99a0207
oof,603,stead_event_00851,3e6682038a41780f526fbf9fa0c6754bf7023c67c4ad0a4e2f55a6d5a25a336d
oof,604,stead_event_00852,5a975e2ee2831a3ee7f7634675f8c1dc83af24dfb78e6f8cbc1cffbd0019b9ec
oof,605,stead_event_00853,44966e34a611cb196cb4939d42f5f552e53ca8f0dd036bbcb6fee8c22f8fb641
oof,606,stead_event_00855,82c39f472038bf0f8c7e8c029b7a4ca3a1da22b6533567a1376c306e548f3a5a
oof,607,stead_event_00856,cdab6d861d585d34b146d36f2e7dd4f5bd995cdb756c24362b4259c2d0289f9f
oof,608,stead_event_00857,966b53c7e6f36ac09cbe02c2e96894fc8f916a55ce5076d933f1050e79fd5a2d
oof,609,stead_event_00858,91b86023dd8101c3e800e5e311bc54cbfe4e845b5e727261323c886da6f70ccc
oof,610,stead_event_00859,51529b6a462a9ff5bbfca3aec71696fc1f7dca52ebce27b6d1a74e578368cf22
oof,611,stead_event_00860,5f977e6563c625ef933570375be7a43132e03da16355d3b5e55668ab901fa913
oof,612,stead_event_00861,78f7ce862484e86eca0d0afc10a703ec315e42354ccd1a8b381e81d31f8d2137
oof,613,stead_event_00863,8ed1e900817e545b5165b4603584aee335161d374ffc145a3e947db8dd6e5a55
oof,614,stead_event_00867,34a4ef61c2e48bab146a85ad2ec2c6744c74a90c6e6a9dc2e99a1135647e401a
oof,615,stead_event_00869,e633e0bc8eabbd2d3ee3aa5cac25a547270155316fc142537dafa50803a239eb
oof,616,stead_event_00870,59306bb1c996ed3087be9298ac1b00a525755645cd458814959d655eb9852a4f
oof,617,stead_event_00871,e202212795b0299a681a4cc264dd985f7bdec0ed0bc8620f9cc430b2a612b0b7
oof,618,stead_event_00872,37dc76f8ba35637d9aed5f3913e7a5007e5492445c3467881c67469a08d90d75
oof,619,stead_event_00874,cca1282b1eeb61fdc177904a310170e2580e240917047dbe7b528ca275a23147
oof,620,stead_event_00875,6601d1c0cca7cfd58e0351bc0de5e39ab7b07ba5879cf30e5574d93428f75f00
oof,621,stead_event_00877,1a2f72acd0db482c679cc535b2a0d9f41e7b46736dfcba70b31023bf60000ca3
oof,622,stead_event_00878,cec2173f7a1b2d4e160a205b2abd8353bb5df7c13677ad74d2f6005bed48e4c2
oof,623,stead_event_00879,ca2afe014b75eaddac350b64bea1a2ac229ae5a53d42f51823bf3676f2ed0a77
oof,624,stead_event_00880,9cae35c310182318e6b789cde7ed5e45f902176ab37023031a0ba7c0d6ae2dd5
oof,625,stead_event_00882,d205e699730e0963472cf943ba0939d2ddb80cbb35c77460523b2e969927e203
oof,626,stead_event_00883,98442de719b9e013e35873eb11b5805efdddfee3294f102d737426601c73160e
oof,627,stead_event_00884,20d83222cf8a16a70b9235e50b22beb5d7554e525cb2a50c06e2e9c8cb6e9de2
oof,628,stead_event_00885,f9bec9b1d45fe85f18495bf5e16ccb3df38d29d29c8c4cab510f4257d60683e2
oof,629,stead_event_00886,5c0830520061511c9493e031d65642742e21691decedb0aa98fefa981dcda95b
oof,630,stead_event_00887,bcae76aaf89aa85d4a30888bfbf8bc34a894d4d0b57948949e65e1e33014f799
oof,631,stead_event_00888,75515f5e7d5bf26a9b7b537af631f8171dd7b8ab77ddad166075034d6701baf3
oof,632,stead_event_00889,64834399da154396a29551e7fd8aa553a70847ab9410f25c59d594674dfe545b
oof,633,stead_event_00891,aff3a759351c94840dcd995e0eedf9d7939d930bda4eb1ccf58e412717ed5f4c
oof,634,stead_event_00892,9e5ad37887e3e15469b7263ee31013a38e96269242d40ec468a292fe8bc0d646
oof,635,stead_event_00893,1054829a3b60d8b862372bc131a9b50825e4a99509e6730772117f2564e499e5
oof,636,stead_event_00894,ace7ee551406302eb4ab4773534a1b09572dcd84a7f88d82263d3deca1600cbd
oof,637,stead_event_00895,9634fac61a5ba5b7171b4c16de21e3109323d763efe46bbb01c1da476ce56be8
oof,638,stead_event_00896,6f6460238159bc71e3148c0a0f05924eeb77ab2f8d415c6490f579049bb56d6a
oof,639,stead_event_00897,74e9b55577833b43d2daa96bb71a426d331cac1ecb11827543cb61a75b3d3483
oof,640,stead_event_00898,90b95577c7011556293bc71ee53145df17966f17284c3b3a4fc792fb60423869
oof,641,stead_event_00899,397938b230750b26b41aa9994ff68046858942d59573789965ed9d9cfd721feb
oof,642,stead_event_00904,d7bc1254e5f0d1e00afca70d956c9c07fb939108f73839d33b45f20123ed3359
oof,643,stead_event_00905,18e891a2d74c5fcf863967ef5ae9a9ec029e758d2b9f24a235cd8f2fb3358dfb
oof,644,stead_event_00906,665ba1e4b7e3fa6082e5a36d6768344fded8de216bc1f83b8c13e6b43e3504d4
oof,645,stead_event_00907,cb5d62e79951ca6cff12fd0d9bf79b380fffd3608c020b7fe87029325e1bb3f6
oof,646,stead_event_00908,13b7a93baba2b3d290a683f418caa401ef0fb0650304e65cf6ab5e5eaef1ecbe
oof,647,stead_event_00909,aef4d873c1ce2e01cde134fcf72c3849edcd73573e0968ece5ca2c956389423c
oof,648,stead_event_00910,055793b2046490247d91cb6416bc3671e72a52710352d69598b3e295ceb8aa04
oof,649,stead_event_00912,352fc09245c31c814cf664e54190ea74d7a77aa9e7910a55112dce16f67df8e4
oof,650,stead_event_00913,3741b85c5d0bfc6246876a82ce413d6d5d0ecb786d75efb49f7755bd1c07914b
oof,651,stead_event_00914,21c800bad078f6a105fa21b0fb588dafce0ae16e2c29de13a69d535e020f5079
oof,652,stead_event_00915,7ba85a138806b98b372263af7fa33bb3ddbbb21eac4d0af7a5f8f2f5dd2106e3
oof,653,stead_event_00916,0f9349cc1831bdcb0aba0b5c85669431e80fc9b5adbf716afc7ccf3d8ed350a5
oof,654,stead_event_00917,89e71451739c4327a93a71669e002a2f1e0e0a0a0d5ffeb024ed4db6d0dfa7b5
oof,655,stead_event_00918,be03146eb51ebe79bed371c911c5c48e5476fcfc6d055ca102f2b89fd2e84a24
oof,656,stead_event_00920,629671512142019cc73d7bb71b3b1d6c13bf1f5955d4d6e99e7c97ba369c2f7f
oof,657,stead_event_00921,49bf03f6898f29c8c771b16f3e09afe3fddfa813e46a5a8e44c5fb3552345421
oof,658,stead_event_00922,8f51d29c93bea9577044240bf67fe198922096449002c643cbb504e7938aaf14
oof,659,stead_event_00923,3430b8e18f94ff620de23629393790b85024eea556305e5117962810056b904c
oof,660,stead_event_00924,a6b0400a82a98395d9358a7229509bf30dfd6b5b7ad97f69e109cdc54e485d2c
oof,661,stead_event_00925,be9facda11071fe0054dc9e426a3f481c7abb3db5c7bccd5174666581ceff769
oof,662,stead_event_00926,dc7317c540ade338c92253ccd553b87aef4e1ac635e4ad38f3aafa08ea5684ff
oof,663,stead_event_00931,69f01853f05dfe00ba817f1805d770247c8229066e43da4fe4d9854583c69f4e
oof,664,stead_event_00932,20a6d2d9eb2831ce39adba3489f61073d7e7eb401d1006abda0f44b09c96592d
oof,665,stead_event_00934,45f830974a3b920bbe570fac140a81ed3d7e4c8d5dd1aa2b9d6b6c622fd90801
oof,666,stead_event_00935,7fa10bf20ab15bda1402ee5eddce7930e8f4e0e4b0238a2415622cd2ee8d4077
oof,667,stead_event_00936,0c9ee3c23d48b704c17aed8bd2231f4884793d5332e6a3f1c0b248ef4fcfcaba
oof,668,stead_event_00939,6f16e51b6e3a8ca8fbd9a475c44c9253c682227cc1f11ee348d010f2c42b5242
oof,669,stead_event_00942,79287b25dc3d7ea4b57f6c4cb6cd117f6e80d1f826c693c3b5c5d9def5e95cb4
oof,670,stead_event_00943,759312c6f1b6e0f4022daf9cdae74ff958df59ba2f6ba50bdf695448347d318e
oof,671,stead_event_00946,93063b4b9d0c538cfb40ec751ff3448832fd5f7b9f734a3c1fbfe6023b35c365
oof,672,stead_event_00947,2b10fdacc2e00c23daaf3d4413d8b992107836c455e95b8b072598f0dd5b044a
oof,673,stead_event_00949,a7938a189e415f0e20c1b57a424a4d3497515c6595a5747714a30739fcd2ac6e
oof,674,stead_event_00950,be4d9424a485d9edd62c0d9dd6df2a2d73e4ae42aeb31b7c7930f4dd373a19f7
oof,675,stead_event_00951,18a02c0a21e8638a34d30d15e1ef66261fbe96f804a98c0c3fdaa3ff0546e5e0
oof,676,stead_event_00952,91d29ac7a6607be33410acd38a9063f0dca921e159d1b606207b5baaa0497c7c
oof,677,stead_event_00956,43b3388407986cc76cc82bdb586ed5c60ec436799b40012aab870d6215ee3aa1
oof,678,stead_event_00957,6585cdeec0eafa75e44b9b79dee5b092e4b1f5cd4afd8938aa4982f43c5daa8d
oof,679,stead_event_00958,9a78931ec1efeae0a59ba6ff40b4c2acf02c642112f51d8df458f4497ed92509
oof,680,stead_event_00961,58ef76429422e881a773b29681d1f3cbef94b72b07c54d2907416b0ac99a1ad3
oof,681,stead_event_00963,d148cba9c33301e18440e2725c04eb386f217711292ff291d4b8578cdf2c5eff
oof,682,stead_event_00964,80c99e33721864e1594f485d8d212c65461c08e24e87ed1d8d3a4b5c5f918e3f
oof,683,stead_event_00965,637a379aaea191c2ce0493bbe16ed8474d5f8baf500bf9117a385f6bcd1bf1bc
oof,684,stead_event_00966,962b577b6c718e8ee1c9b0c3524b5ec8bfd123e309d13cd4fb6f760e91e27411
oof,685,stead_event_00967,90ff07d3a012273efecc19b94550b5f545152a280638f17b0506699c97e45a99
oof,686,stead_event_00968,395f0987ad041870d1debf6ac6749c2c041a137a7497fcecd84fcccc6c74db0b
oof,687,stead_event_00969,fe68a0ffa7f6859977e4e95b0f228cb7ed99cce5ef73090476321de5d6cf509a
oof,688,stead_event_00970,77ea41b113328eca06103edd5d964d4fa987093e084708f727af5a1e0f8f253d
oof,689,stead_event_00971,c4b32107d510f90b490eb3e0d93e0c3da3e82279c5ab53dd57058824b34324eb
oof,690,stead_event_00974,07b4787d109168b5cee7b8c6dc140fba51ec7d5abee0d794c27a1ded9da31a99
oof,691,stead_event_00975,33cb454d3685055fa5ceb1b69c3aa0335b63cc725ca21d491d1c0a41f58c1f70
oof,692,stead_event_00976,31bef1d50a4772e5acd4fb03d7ac3483e23a033fbe6901aad2cffaf28baf008a
oof,693,stead_event_00977,bd6c21e9c6d2685d9ac1e170844c93ef5a8a065d006325411a76e7d2e33c2b94
oof,694,stead_event_00978,8b41ea425e031cfc8198747c0fa3cc40d160708264062fc4840f4ef42a5d9b7f
oof,695,stead_event_00979,94bd6cfb56db8177addf8f5038e281e071f98ad17b900235e79968b9519bb70a
oof,696,stead_event_00980,c5eeff48d4f91047923327d7cd886d355ed7ea4c9d8eadec0c0289650e7c11c0
oof,697,stead_event_00982,58ff7c0fbe9ed2654665f09f22aaa63e920a87cfe185a80ec7fcf29d4b644724
oof,698,stead_event_00983,9be548e9536a42c8d1fcf98c4e8cfbfd847d3b24387e61657bbb5781f178a906
oof,699,stead_event_00988,3097b7c5788ec01da3357e0368cfdf59620f510ad306034396313ab71c573ea4
oof,700,stead_event_00989,127775bd69fe96a0631e750a516402e6808501b5f3fdb20a6019b58b9e3f5db9
oof,701,stead_event_00990,8b6f018a0b22a3ba69501a3972c66c25c6d09617be3ac24d4b9e8d81a55c2b7d
oof,702,stead_event_00991,3f537d80931abb0f87ef666a52bbb2f5078bcc74edb26d71fa026ac8e112131d
oof,703,stead_event_00992,14dc31e58b9ec5b4e7d58c8333c7530777c1884a6e20a878242487452533bb01
oof,704,stead_event_00994,157e264dd8d4003a8d540563141d955ab5ed2f4c2c63769402c0f0265911bb34
oof,705,stead_event_00995,831e7a635e1efb8ed2ebcb0bf37b2af9856dc19a6763f5493c2b7d7e31f0bf72
oof,706,stead_event_00996,7c3302ffb6ea66b3d976b61ac00145145b973a4fe992baea539f5117b517c47e
oof,707,stead_event_00997,83a234807d494ade0e1d2b835dfe93b5af12c0c575ebaacf1206bbf4016e8217
oof,708,stead_event_00998,9221602b9fe0cb9a18c9f655a6edd3472107f9e9ea5f699c87e7c2b7cf749d8b
oof,709,stead_event_00999,5b4aaf28a5de295bda2e8735c64f0c2f5e011b4ce1c7a4ebe5cdf4c127165099
oof,710,stead_event_01003,2a2b5810b81adb5ddd3206e4e2c880f58d99ca6e84d0f52cb134b5f9d1c34178
oof,711,stead_event_01004,79b1147574580c378d6d607043955d1d4d82b0ab2f27ed578b9f920c4855dee4
oof,712,stead_event_01005,a755adc8feac4fa63d14901a4e9d49eb26b426a7259781a34babcaa541695f0d
oof,713,stead_event_01006,5c750cec30cafc383c1b7121210c47bde2bd22c77fe7fbe8c36a1694e2a13a01
oof,714,stead_event_01007,b1bb5cc64be9f3692130f6728e2b10aee3e3a32f7a77256119c07a9309ec4d8f
oof,715,stead_event_01008,528011d6b0f82fbad3154cdf924d627d9bf3100a36e7a5e55ccd4fbe71bbecf3
oof,716,stead_event_01012,462d63fd7a8ea1170bfb20ea8feff6e63b7c9fb41442c0ed09c4286fe6602cc7
oof,717,stead_event_01013,e8b5ad36f20842e6d098d62f8af29acad3e393515ede7ff8344ecb51b08350df
oof,718,stead_event_01014,05417e748a2a0825fe97db70f09b3485691c34e42eca7d44d78e89e08fd66603
oof,719,stead_event_01017,6027265d200a516c09c9fc47b078d761e312b386ce48491cf2fc37899376ada1
oof,720,stead_event_01018,e2e4aea253815a5977cc2b5e6cee1248b138605ec074ce427f3f7b5866defadb
oof,721,stead_event_01019,95b9b73be0fc0a98686f3fad33a37893b78ce70fad0baf9d5e411c4657b7416b
oof,722,stead_event_01020,5021253ac42b5be3ebf94f804b201d91789e55e8dd73fd33156bc71dee724370
oof,723,stead_event_01021,82a33885f117ffee6fa3329c15f89d4d5c75e5b1f9342b536daa45603ef08fd9
oof,724,stead_event_01023,051de2eaa5ba5c270309a4b0ca9dc18e3cefe94e04202b469759028672170729
oof,725,stead_event_01024,b2e77a3d9d0818c799d77b515eb4a1a8e5c812c84117fcc96d31a039b07991df
oof,726,stead_event_01025,e04d2c914d6ad9d7a6d98c6ca7554e305c347882d73b109dd12915e958cfa996
oof,727,stead_event_01026,ed28c75b1f268f5852c01f62e1c70fd8b1822b7af01ca1fe823d918bc5897614
oof,728,stead_event_01027,da7233b6b579d9b8c0204ae864675c1d2388406c66290089d64ba350513d82a0
oof,729,stead_event_01028,990361d7796e8d7f59fa4ecf320eeb153fe6a73deb79ebd61151e7fc3ae32f62
oof,730,stead_event_01029,d0d0ffbdf899e7c0c62b943468eee2c56f00e7d55730523688f3d0c5fc43ee8a
oof,731,stead_event_01030,8f23691e5c15ef6e68693a7d316cd93dc859ee648bf93c6e90abd14b5aea848a
oof,732,stead_event_01031,272af7afbe69ecfe38312adb11224f4c2d9782ca7d4ab069747b06440875a1f0
oof,733,stead_event_01033,972db0fa32525db21b463547d24eb884a23359c6f82aa40639b8309becdd0c37
oof,734,stead_event_01034,3d5013cdd86b72c6d0957e66f56a738d6f3c2f126e53264b89bdc553d4194a59
oof,735,stead_event_01035,3a7f2adc87d8621f016ba6331f63b0b14a6dfdf3e2e702234b59912250054147
oof,736,stead_event_01037,ffdd9d0dab8fc5ad4e79792f208ad692b2eb4ff1fac40b9f86f5aea5c284b0c3
oof,737,stead_event_01038,f1f93477e8f24dd42773ebe2d2f2d5acb02d9db55721712734eb432bf8d1d821
oof,738,stead_event_01039,daeeb5b3a983a701189bf7ed8dd2c6be2f2fb927b7599a1f1ab85d9eda9e154d
oof,739,stead_event_01041,9c38922e47c05d61a81055df63050ff53fa13fee2284655496fadfe13b55e51c
oof,740,stead_event_01043,62d12fc313c14914bfb2e2b62128c235276134919d71bc0b39b5eca6614f8e7c
oof,741,stead_event_01044,97e05d12eb7646c58cd452268cc6830745c2e18de7bffb12f7dc1ee6cd1631c6
oof,742,stead_event_01045,dc342d00fd5eaab45867283c578c1a281b34eba8fc6cbf0f5151e72a3b234601
oof,743,stead_event_01046,6175de0cb1fb250a4dd4bfb8e92bff79ada82d4db578f251573eb0fa113f144d
oof,744,stead_event_01047,abbf1c453a85d0229e8223b2b4bbf5321c1f1d7b27c30004ea65409d7c217055
oof,745,stead_event_01048,299ead56bd653dd1688674f31a6884f3ba6264b4ebd0a3635a3fad94cd2f9f7b
oof,746,stead_event_01049,afb0ee522f0e3c2c292be1b44bf41aa50f3d03eb0584439b2c8f5137a21b43e2
oof,747,stead_event_01050,fe2424c9bfe6f9df495d4a28c72cae15f6ff94b2d8e020e98033024a75c21cc7
oof,748,stead_event_01054,c4b262c384174b31745af208d5dd6393b2566eb6b4d336f1b8ade513ea8e4084
oof,749,stead_event_01056,da4f3bca4a437a574c99b71b3be220bfac8028d2ea09cc27b457b60f96d8ab01
oof,750,stead_event_01057,e057be7bd6a19cb71c501e162a426089d58198de9158502e96696dbba06eee1e
oof,751,stead_event_01060,410508e80520c398d646b46ad9f90dae1b3e259323de44f5ce6dab999e379ac9
oof,752,stead_event_01063,b6bf68773d971631d0ad0d50412b7ce58b4f4f28cfee75e8f1945194cc03cdfd
oof,753,stead_event_01064,9d8442edfa2a1c023fad4c2cfa629a43b4bdb653556860ac4b621a7dbe2429f9
oof,754,stead_event_01065,748468315764f81f14dd16a0bacbda196abc9b0f85cb77fd46208af7dcdc51df
oof,755,stead_event_01066,9cc11ddd822aad492abfd9a850cc1c0f652b6e16cc41a7d47529a022cc0eef55
oof,756,stead_event_01067,357566bce5aa5797b8d9b444f59da3626882153e47b98a62081bf08db0efd2d0
oof,757,stead_event_01068,63730f20584dfee61c8759d75612521a3a4370e15ef7b8f72b97a5e7bebb9a69
oof,758,stead_event_01069,b7f75d5eac77a9ea73a484f9bafa7442d9dd84e9626c762f936515e2dc683d68
oof,759,stead_event_01070,c11d7e636e30aa6ee5fac3daaffe5c7f37fe1ead8875e7d0031d1ef3b2be4d67
oof,760,stead_event_01071,a7812557af5157040b01b71d1c88d82c2be5f1caaecd009588f1b6ef3e625719
oof,761,stead_event_01073,44a5508b651e38185c38a657ab7364403bcfdb052462aa5dd58388e6ca4f77a3
oof,762,stead_event_01075,3e13997a450ed75db329a7e3108e8f57989199982c2aa4996663ead5b2c4207b
oof,763,stead_event_01076,4f269d084b87ffb0923923c86ae990f1ee4da27fca1cc7c46f6841aa58ec54f9
oof,764,stead_event_01078,d7d8482cad02044f47f7392d52a4d1078ce3d15ca051593bb95eb071fbf76cab
oof,765,stead_event_01079,0090db4e51d95230a4dd2cb64f479409e29bbaf99bff6f62d5ecac07747958fc
oof,766,stead_event_01080,b36cca04bcaa15fcc06cbb76702a7469bd818380ca8ecef929b4faf3d23a1c50
oof,767,stead_event_01082,ccf81e5f977cd1ef8507dc46fc799e0d737e9f8c36f6ac0c1d645867d01fa72b
oof,768,stead_event_01083,878c2ace74eac9582e26f627014bb08b08827aa749dd3486d65ad4969d4e3894
oof,769,stead_event_01084,a4cb1384f519ccdd68088ed46f6bca5e059d5cca63ee09d0420360fe2b888dbe
oof,770,stead_event_01085,86303d1f5d76aaa445b9ea3d8f7d0bebbd6318e387d240c726553f3aa7f476b3
oof,771,stead_event_01087,bfe44db5b5a634f33b84e36ba3df31747de9b5def28dee22d8d077acd50a6986
oof,772,stead_event_01088,09e02a1c62301148521d0156df3fc8a8468339539d30ceb3ab7e2342dd4790e5
oof,773,stead_event_01089,f3ff5f1bd94ab7d7655d2cacf88194f54c669f78765bdce5119df0799c97cc47
oof,774,stead_event_01090,96cf713d07ebbd7cb80f516dd81e89d2fabd83adbc885e9543cd32ec75292872
oof,775,stead_event_01094,c3606856f471b6b6b00c84ee8678bf95089f181f3edbff10b1d9a10bf9c24719
oof,776,stead_event_01095,de82b1542be72c90cbefa1aa231de2653f57a0d86125a5c0350c51443b948cfe
oof,777,stead_event_01100,e4ff0a96daf63c3b8d283aaa6a69a918afa65032334cd3452cd3cf1e06e57105
oof,778,stead_event_01102,e8037e8ce98c0ddca73419e6ed25a9c60d9d456966dfc2dd76326b100a359320
oof,779,stead_event_01103,c846bc95c04fe362cffb1a35b3989623a4a725976aabc8a87283306b2d912180
oof,780,stead_event_01104,191df3d1ae20c8ce2fc48a69a60f16774afd720b1641abb8892cedf10b889985
oof,781,stead_event_01105,122f030e268f617995c31ae6ab1cb5fbd3443ec6f4a4150284578cba4d7b7f96
oof,782,stead_event_01106,0d834cd3d0f94262f2d789cdb24404657949dcd7ae8d7a61a4155c89f8f73a31
oof,783,stead_event_01107,e7292b6db80f04b8070fb5b4d14bdc76f3fb98435a395c3f317343a879ea354b
oof,784,stead_event_01108,0f5fc9aa26a0f31de81677025c7d782e063b7fec4b3950fb2e78901895abd2c1
oof,785,stead_event_01109,4b41aedb706aac615251691676b5905530b74386578f0527f1dbceb586d1b298
oof,786,stead_event_01110,341e6915fc6cacca5a52eb2eb343a53da28b4af8a1e0882f8127a5caede193d2
oof,787,stead_event_01112,0b404149a481ad4ad82b28b2572cbf9a9565b2cd62b7e9368bd5dc6840366f9e
oof,788,stead_event_01113,de6136ab95f691d43148e908130a47897ec4ba53c47e15253175b63deb93695d
oof,789,stead_event_01114,ccb5fcf2f68e559915e71c89f9c8f85ea0303cdedbae06be344bb85130ced311
oof,790,stead_event_01115,910d4ec545167c5615510fc97faa9afe25277d15fb7685589284322767ed5a4e
oof,791,stead_event_01117,ba76a2fb2e3509592ffe02b9510c1e38c6c1f7dd438ae62597f437c99ecb835b
oof,792,stead_event_01118,bd965f639539e8236fffeef5b303356c944a8614c9f4b9e302be6fc465142f00
oof,793,stead_event_01119,6373a672a5f55fccec2d41fb92c3327d9b0a1c14f3b9eaca749b3420e8dc72b8
oof,794,stead_event_01120,0d6436c96b57d5388975734060d868df1fd115cb6b95b05f39d3e8aa4b870f1a
oof,795,stead_event_01121,1b67cd478b62d1b327bdd0ca8c5bb12c5a3278e3f20ac90db40514e459c9c18e
oof,796,stead_event_01122,d0656219bfa459082ab59e4d9ec3565484388c1b12d0950b4032182cc2a84d48
oof,797,stead_event_01124,a6cef28ea73cb23f1fe1ed5e6d97b9051b008cfc924b262918ea5d75c6abb946
oof,798,stead_event_01125,4b22f6d13ff7b8c43aa0d6c21cdebdbdb4c53f771963fac09a269d936f6db1b9
oof,799,stead_event_01126,579af3e28ebf5a4e21076150a43da3622f24e876dc828d738403ce745dd31343
oof,800,stead_event_01127,274cef17324eddb4f04a0613f34054f3db1b83eb922afa1d7ad4b03c7a522341
oof,801,stead_event_01128,f5f1b7b988bdfa29dea449f4dfb7818f78c97b07800ca72b1c629e9d994ca489
oof,802,stead_event_01129,3eeb835c51d0342aaeabb0d9378d8867ebf31aa96eb7fdcce225b970c498f02b
oof,803,stead_event_01130,840a4a802629d0523d8751b220d8fb9164ce869c45209ca685c9be8298767ab1
oof,804,stead_event_01132,bef521f72c3b4c43cf20c05bd3247798b9c634201196581c554904cd695f43cc
oof,805,stead_event_01133,516a97a89676ba43d51af3fd1099d2acbb35e205305410ef8fd5790386b4e198
oof,806,stead_event_01134,4e611a4c97a35df54c734669a0d21a30e790f4b47a374e5449e789205242e35e
oof,807,stead_event_01135,f1b2deb00b3ce00e0a185a49e74d7dddf4e0a823a5e4b0b9930d63ea313390d3
oof,808,stead_event_01136,05268309552718db658b3f9ec51f740c1a8a48b013edc784c209f4d4f50249b8
oof,809,stead_event_01138,8c831d6a0c1739d043e97a4b8093d4c1a0ca1d47a69ffee3b6195fdd2ee04b39
oof,810,stead_event_01139,2159ffa5947b1c353ea12f7498f71d8da6336b450815d39c01ae1c02cbe75fae
oof,811,stead_event_01140,f30c91a6030bb844e23985bbe62ae9f778a2065ef83f0f67e3f27ef085798842
oof,812,stead_event_01142,937b1bab6d912d6e08afaf69aac23943f279d63c944fc7344568f4c06ccf3a29
oof,813,stead_event_01143,37e2691adfc3a415889d568bbd7e1ae6b7dab81e699e50545496df44b4bb66f1
oof,814,stead_event_01144,4b860fb9bf8923ea143c9425de4996ebd362822d268f671cbc5c15015807b75f
oof,815,stead_event_01145,1eb4d931b166852da8a6e48cc19b464f95f0f2be0f0249b5f1f32cb5bf8136ba
oof,816,stead_event_01146,21e91aa6537b841ed6f01156fa78f7431bf8964df6c3adc92606166983cbc375
oof,817,stead_event_01147,cfcb007c67854f9e0ee9e49b7eddb512ce1df5a342aca65c97e61fd08cd88316
oof,818,stead_event_01148,013e5597ff77ea23f6359e3d4280538f62af5361074c1e880f4680b827887ff5
oof,819,stead_event_01149,6c5c645d563bc91376fa7438b95b1129ded2a775a137c454520279631632ff48
oof,820,stead_event_01151,517968541233f141a0093a20d3de738ab1581a1231e03db8e0b7cc77c31619a8
oof,821,stead_event_01152,c97344d22753f70216c5008d33556d111ed2077c3040a11445c832a6fac394cc
oof,822,stead_event_01153,1e4aa77f8930615b0e0b2900081c22117614fdb8ed918e28ad6b9b2b8e6e169c
oof,823,stead_event_01158,2f8a3ad3586379f8cae9acb099eeb1fc9f365aae4d1793d93006ef7e80068f30
oof,824,stead_event_01159,5c5af547117c786add45aa6bbc108b676c3f856897270f77a57309f28e60a126
oof,825,stead_event_01160,228818605cfeb4a1b6c37c175244cc433c61fcf75c0b673e34de82b1860da77a
oof,826,stead_event_01164,2dc8fd0e829650e0dbdeb2f6b9cb5dc777bbe68e77bfde63b08d25a0097baac0
oof,827,stead_event_01165,f3bd5ca96e34c3931837a4a9baa45a6575284839fef7c5df1c429eaa5fd395d6
oof,828,stead_event_01166,b5caf75356e49d482411cda54ce01fd29847ab77fcf9439f7390f45ec5ab6b48
oof,829,stead_event_01167,20de212e59e5d03b89c3f3c1ceeb51ecb3a762fbe15a2d9764ec36f2334a4edb
oof,830,stead_event_01168,455827cf2574aa9dedc3f237bbf4de4bd82fc79881a97b44badf34335f46658c
oof,831,stead_event_01169,c469aad1fc4353533f8d4678cfa77bd740c8e3cbf245bc112f0fd666ac019524
oof,832,stead_event_01170,4eec15948960e69663535c81e47fe0d816769f88c53fe93eaa2d63cbef5798d2
oof,833,stead_event_01171,c3413e6d9f2dd01d40ca218be8f7dd15c8e4e43fceb782b1196c5515a942bdec
oof,834,stead_event_01172,751dbd5272d322416acab2c6f4447f75f35359466bf296569267bc92b88627db
oof,835,stead_event_01176,fb48a141c077712c336d3d1b8ae13acab51be2df912b26d7da055facd86d96b0
oof,836,stead_event_01177,007a68fcfd66078d8c5d44d27953c42246006a46c2166aad17a6d423353df362
oof,837,stead_event_01179,65cd16cc38435fb291dc21471dd9cf0b90d37fa696549387af5ed0c542662e8b
oof,838,stead_event_01180,34eb14d9a74b2ba1807f35d0816d9a461639865ab83dc632c170c9502fff06a4
oof,839,stead_event_01181,1bb553274ab05c3b0aaa42accaf4480c6efb7788738c6e18cbc57520a0777f34
oof,840,stead_event_01182,beddfc2f40e4b1591117235e8333aa8ff6a65f26502c160d3d74fd567f67586b
oof,841,stead_event_01183,03d07d39ef15fc6343f0b2268e4f7bec996e8f188fcda9f22315dd5d3593386c
oof,842,stead_event_01184,ebbb93e0974e0475627b43d56ecb7f934a03c84ff8065d2ea6076c0281ce4235
oof,843,stead_event_01185,c35375725de28fd844dcec4a16574eb6b96ec4e75100449fb0d83d8ae42734f5
oof,844,stead_event_01186,2bb333e4301e72d2f470f1d88bc85e9690ad8f57de55fa62a0e6c1998c1eb365
oof,845,stead_event_01188,f9cc5750b24f3114440d6badd65d50b9dc1238068cbf21bc5334edbf2709f9cb
oof,846,stead_event_01194,8560f5730f0dd1a21bdaa17f4d629bf333b56ca521ba3d966fb501df90e245aa
oof,847,stead_event_01195,6cad636ad8f4598154875463db3e8be901378c94df481d445248fa55fb233a99
oof,848,stead_event_01196,216a3c98f85751f42b698036d30a4906254e9cd36aef77fe64129f1bbe276e25
oof,849,stead_event_01197,3f1e2197594ffdda45a326bd7958f6798577e6ce17ff993984fa5b80bfe3e85e
oof,850,stead_event_01198,2032a8cf35fa8688e92f0fdfd72b89e2239a739672c93f125f95a1becaaaa8bc
oof,851,stead_event_01199,2f3af569c5dff389a0da40924172cd209c1f0293eaf87540051857e8db30cd7b
oof,852,stead_event_01200,96d0958564e810bc30b7a95bd5a55d1caab9f650cc4ded177fdd0c06e0d4ebba
oof,853,stead_event_01201,a58a82da052f82457e612c844f81fec2e9638affeccc732b5099c46d0ea8e2cf
oof,854,stead_event_01202,942b650b10ed1c610122870e2f583e71d601104995a98d07935d3bd0ae6be5fc
oof,855,stead_event_01203,8fdcd264eff70284046a4c903e6b84b6ba958c2799f024ce6a41066fb82711b9
oof,856,stead_event_01208,099985b64cf893ad5229288d009517148a21d99b0e0aac3681f4fe5f1580602e
oof,857,stead_event_01211,2ffc151d0bbf4d70a155557ebfc810ca4db4b82bfa456a8a794a63c4bc51a0ac
oof,858,stead_event_01212,12fa2ba4cb517488994d617a7c0a270b1167b9f7a900db373f5a4b9587c8689d
oof,859,stead_event_01213,43afc391c0bea00b1f5ad1267d78b093dfcc76293d27343e353696d360e8cfc3
oof,860,stead_event_01214,fba75bc93348fe00103b56a8aad3a7dc189f1aa46884129892cb15152d61d59a
oof,861,stead_event_01215,14975e0ade62ba3a5feae39d83b0571e91c3a00466a90f004b86e90ca103f0ab
oof,862,stead_event_01216,8611bea02e28310592ea98c7bfca227f7f214f66c328c435e380d8fcc09abda9
oof,863,stead_event_01217,ac2b421321e48b559c81b9df1293116df4b934f48d3d83ca6d23bce9c1d4cf8b
oof,864,stead_event_01218,7c59797fc9d057c136d874515c0f4f886617f8a307d438c1ec340ddc430524e9
oof,865,stead_event_01219,983158f2c7d34c1365d716d47ed2389d928ad8b734b382bb8b8d5eeca29fd627
oof,866,stead_event_01220,3ab68f124ebab381533f298b2fb272e89ab970e59a6546f2a53c6d92ae0efdd9
oof,867,stead_event_01221,1ab53c584d78a1706bdaaf793b15796731137ff463b35c4841b6bdc13befec3a
oof,868,stead_event_01222,a0d8522f13c15948986b23128279e2777405435eda1bb365af69369a4ccc3b81
oof,869,stead_event_01227,814655618b8e8d7228b7261b4dfd9dd1c8ef9a32b3d5402016d33ea96a2f2212
oof,870,stead_event_01228,47d7fcf571df3274d3057a6c55054bac2d6981116700174c095212f9ee36c05b
oof,871,stead_event_01229,0cf3255c3dd851b98504944acc34c4fc7fd1ab3610babbec0c0cbafd6089f2f2
oof,872,stead_event_01230,174155b1cb3f84c286439f4fbbb8d6013cbfebe0c0553d84a74dd6ecd8354350
oof,873,stead_event_01231,ef993832e09585d584626349d2054be66b8838a5b815e177401802c3d8e85b81
oof,874,stead_event_01232,3091cd38d71a4e80ccd830b93c73fa80b7e1add1ace8d01e91802e6cdb914edc
oof,875,stead_event_01233,31acc32af9161dd9763084d49cb15fe5bed4a07578ef588677366d52454e56a1
oof,876,stead_event_01234,36dab8b8f7928b67ab8e63c700b8fe6ae615db964a3b8410183a35fc477f1206
oof,877,stead_event_01235,98c8a5f701d079190d76ca4b39ea531503568bc84089b7517b077044a244dddd
oof,878,stead_event_01236,9c2d0d93a357c922f07b3f629b11fff669f979c9c603e1816dabb352534cd5cc
oof,879,stead_event_01237,1f166e7e8847f1eddb77e9b4c3d32106f6f9f028f4f8c626e470338d380b74bb
oof,880,stead_event_01238,2275645a60c379ba617f61fc22125ee17edf6a87c46c1ec1dd4f0c2be27f3d4c
oof,881,stead_event_01239,810d2a7a2ac1c7f332c3eb4922524b7fb3ad5d1a85dc2d78e40ba991fdaff730
oof,882,stead_event_01240,8fa24551acb337b9846b96683eaaf38f19f8417826b26bd7828b9aa56321c23c
oof,883,stead_event_01241,4283113498e107f569f0208eb02e02fe951fd536f4bcd248027def87dc83ff16
oof,884,stead_event_01250,6a9ae32fb6ebbbe596f0a06f870da05a3eb7aeab2b8302f411c4abc2633d27d4
oof,885,stead_event_01251,05c689b6b593bdd5f8e7331aa8c101b30f9cd71aea134fdd2817f4ba11050e79
oof,886,stead_event_01252,b2c26a8f755ee8b1b2a6f74e6f955313b84f3faed6bc732a9f4f1e09cde597cd
oof,887,stead_event_01253,e0e318f11413fb30c0298aefa7c80f7b81efc0158c03b2142d1df22784571c24
oof,888,stead_event_01255,fe9c23839792caba2f82b215531f364588020e49fda6c02578e1a59a420a5069
oof,889,stead_event_01256,3fc2238fbfb60304c5f89d99293f9aa60f44434aec5fffa61354152f4eb52c3d
oof,890,stead_event_01258,6d78337836cd0608acb885f03b4002975f0da64ca8e4fe2075636277278d4382
oof,891,stead_event_01259,0b91f05e2e6035a5f13f61d51f2af05769ca974f2f3e1e398256860d5aed1738
oof,892,stead_event_01260,f1c9a2c14f477f30c305e711e70f26d0bbffb84917bd0d84415474769659f169
oof,893,stead_event_01261,090bf9351537ab2476f4824734311528ea794a6602cb355075fc606a89927506
oof,894,stead_event_01262,6c976d2fbce0e5efb7973a639f53121f1a1c05f209078f8016c210beb7dabdc4
oof,895,stead_event_01263,3f9bed343983ca5336ef112cccbb406ff35b4638ac83843b766fe39293add41f
oof,896,stead_event_01265,f933f154a9d2fa11346de5caca0f3d7c451da07ba3509c8606c773563d662686
oof,897,stead_event_01266,0789aa01a23f856adfeae7384b2dcff99be529ffc6bba157b2874a4c9e969f0a
oof,898,stead_event_01267,047a30a8ca59326e1fa3bb133427970037c5bdc86dbfcf305f78d80442833d67
oof,899,stead_event_01268,75e03712f17f4abc5a5eef272a7d422cfce4c265f89458f70fbd1520013f5344
oof,900,stead_event_01270,44173b5c766cbbb8aaa215a88d1637071036ebc53046b12bfabeab35d5d9d041
oof,901,stead_event_01271,e49e344cc9e148bf82e411264016c66293b874c423c95af10bd6da255c033f1d
oof,902,stead_event_01272,d7187c6c33edf11dacdb48ef27aba9cfecf984158a23cff8e078febd89f068d9
oof,903,stead_event_01274,1bee2de801fb44af485a7f4dfe71be79c86ac42c6e503dd05bbc01f3faffd71a
oof,904,stead_event_01276,a1723a9ae53a255d65a3314fbd5fbabf33b16cc399d7089d4f529c80aace3a02
oof,905,stead_event_01277,0e6af0642174e12c11cb65daa50221f70ce6b92549a6c50b349ee65dcc8a0663
oof,906,stead_event_01279,a778f9ddcfa222191207f1ad510e216d414cacfe5dd70fb579aa97b94d4978be
oof,907,stead_event_01280,a22d8516b15ffa06ceb13e9e84a53041818567de96951e3570112eda40a87bea
oof,908,stead_event_01281,566c8db396e08c2983e3202e1e2f8e71e1db4258acf0c357fedb1793ea86c733
oof,909,stead_event_01282,e0344f9f9dba63cb7161ba2f33ab57ee590f5e6c839b3446b67ab95a5ee0fe77
oof,910,stead_event_01283,644995befb63795d7c989ba15668cf561d5efbbcf68ca8adf3699e30b8356489
oof,911,stead_event_01284,5009eb96b885a87315a29e7aed702edb8aafa9e57aba9ab15db5feb0968d7591
oof,912,stead_event_01285,79b2890ae94968b810116a4a13f583c3b45f4ff912d388070bcbf883e91b035b
oof,913,stead_event_01288,403e8a1ecca1572f0442e86aca4fd8a343ec9da57b72646f25e04148f724b662
oof,914,stead_event_01289,d4f05b6a01c1fa80cd1d307aa2f0a42c1eec15b912db40ac4a31ee417b78dda6
oof,915,stead_event_01290,b9520781be5988eccb8bf79c16e30de5518a79105f025b55035d9ffb890ddae9
oof,916,stead_event_01291,cb6ba02564541f4990881984bb7e00f14bb91871ad2686cf7cbb1dfa59548b06
oof,917,stead_event_01292,15b28a24a0a09117e0cd9b299fb74a866e1075dc2bff189253f484ae008a0d55
oof,918,stead_event_01293,7123f637125f7c18fd4873b7af92e2495ea3f5305d9e342dfe1ba054aae5b41c
oof,919,stead_event_01296,9d48fa3ac9eee14347b50fc798364e50501d1df67204c37cd94de2a768e89023
oof,920,stead_event_01297,fb3653a5ccc54132186d69d5051e7f6db77a4b13f7441bb875cc5d072f3349b6
oof,921,stead_event_01298,dd1c6ad049335aa40ff8e340a856ce7c2a3eddbff3634637430466ec28328681
oof,922,stead_event_01299,13775ac1da5667fc073dff1f6608c1a50ce83ed51bd8c39e4400a6eff29a5e1d
oof,923,stead_event_01300,e9cbbafc631a584c80e0a3f8000e916692464eb48765dd3ada67aab10f5fb6ca
oof,924,stead_event_01301,84aa3543a4cda21e5e2bd438b23563b214534f0ff5b3d8fbfe8eed0cd1833808
oof,925,stead_event_01303,9e893eb213a66ca93e6b03fb8c9bd74b0ef46742bc72a871762675500aee45af
oof,926,stead_event_01304,3a260132e22e2530d1d3209ce962160b8ee170a64265acb3e6008185d7864968
oof,927,stead_event_01305,42ecd83c1a6a9222248b724cc8b16cb8a6f1657feb24c96cc9de8835c5f32f0b
oof,928,stead_event_01306,141aae0d0f440d4406e9f3e1f334fa80190d9ac584a89fac9574c5114704e5cf
oof,929,stead_event_01307,317977c3cabd0cdd170eb2312540d5c3275d4a03ae5ab1899b991a609199c749
oof,930,stead_event_01308,a63274bbe5bdbf1fc9538b4372f8fd8b42e62d3a38996ecaae4a6cbe69a6152d
oof,931,stead_event_01309,150b5b8ea2c8b014580d3b05bd827766ab9d19ac6fa138fc7e3faf282bdc9ff0
oof,932,stead_event_01312,e7b6604d84becde36afff5e7b7db84d291e71b2dc6e777ba97e103d5d1dabfbd
oof,933,stead_event_01313,9ac60ccc1923021934c3c8f2ee22b8ea66fba8bac465721129fa633c30a7a01f
oof,934,stead_event_01314,49154aa5c181f88945fc1dc492b904e6f33e245b5ef85dfc467359600b6b9dc2
oof,935,stead_event_01315,81bc7987aeda1fea629578618b375162dce70bb59930ddf4fe7e68963006febf
oof,936,stead_event_01316,d8b64a5b3ff5e28d9d8e68a2814a1d3629fa668ce5def2ac9e4052def33a4cb0
oof,937,stead_event_01317,746e97623e778d865ff4a9712c3a38181cc020018bf98741a8bd9c7313229073
oof,938,stead_event_01320,3047d0ae032c85bf66b4df5e78f2da9a9042d9ab832895d594409d6c676ac3b7
oof,939,stead_event_01321,f4d04a5c6f0b6140f97b41d45b70e7808e91b03af2996bdd4bceac668bc3a2b6
oof,940,stead_event_01322,18e30d1116bc436f45fb3c37f44c16fe120bfd298ce5f8ea5d1f089bf161a887
oof,941,stead_event_01323,b3bd443e52f5bf9a455b289111f17ad66cfe335f44f2e5ce9024633f5a5348e4
oof,942,stead_event_01324,5d7f4a5df218d7cbd4825bad7c3d1aa99bb2f157c743fc9f04812c873a07fc3d
oof,943,stead_event_01327,d7424d8875a63cb651cd07d183a890f5817a9fba988db26370a150fe119f2030
oof,944,stead_event_01328,89f48c4ef7e5d59e709086c3c25f665c46f744765719ef8563ec71ac53532f73
oof,945,stead_event_01329,ca1db1489a76d8e1d6ca3d7a0795709059d35ba32ffd920b2fc21119acdf2e0f
oof,946,stead_event_01330,ef7b43fcc277df8cf38c46d7f291ae2894ebbe75d6c1a9e3ad39e602030f1917
oof,947,stead_event_01331,ba2c477cda0c0b7801b3f1b82d92e8c22e86dfec93aa443522ffc3a751fa4d66
oof,948,stead_event_01332,dc31c2e59836d237b4dc88051520fd1d507b5bcf32ad025d1b28b1296522b86a
oof,949,stead_event_01335,0790809962801ecd3956fa16cf23d965a2ca4b675847fe7b20e699df0b0dceeb
oof,950,stead_event_01336,95f709f23dd4671a2aa07263fb05ac6123f2ff3a75cd81d0fd66d350ae23e598
oof,951,stead_event_01337,4b52c6a0ea6d42556186a54693b85782da905e91f30e0bda4b90a26e2c51a54b
oof,952,stead_event_01338,92fceaa037422fdade0896460f4c64bf18350cfa8232c1d14d2c37d472647197
oof,953,stead_event_01339,9f94c871c2ca0c97c0f88dc708dad306ab73deeed276f9ecf93c76850b184d8c
oof,954,stead_event_01344,c0d0f044a1003d6d643f2a97e78ac5db12c7914a517dab18a3167bf9ae9df4c2
oof,955,stead_event_01347,71c542006d8a6c257afd4a9abf7ce7ac7ee04580d91e2e3357e4b84e5279cf6d
oof,956,stead_event_01348,5bc75c1644d036969ec1e201be7875cf756e64ec7dc9ee1f48826bff5c2bf9d6
oof,957,stead_event_01351,8700e3246688a54e31d9bdd25c9c44bab4ef5a669eeac1762c696c005b9ab0f8
oof,958,stead_event_01353,23ceee21f1e67f5f8ab900354cd5ace7d3643ed4f1cf8c6ae582cf7ee9b989b3
oof,959,stead_event_01354,28a0b139e8ee4e6f03339acb328022ec2f260e3e792cd6c95f8307b900a10fff
oof,960,stead_event_01356,0ea27020da5c5bd085dccb305d581dddc011055d364413a007b00f5000b87375
oof,961,stead_event_01358,a1d756e3e1906df453950070140d5e6b40730b875fb8c91c3d8455ea6aebfd8c
oof,962,stead_event_01359,18f91c5397013d915ff67f94c5f547401e822a563cb46a68a80f447f747e3668
oof,963,stead_event_01360,aa33e23394f5a0e0736a884c25125d91147e5351ae21b3f41dde2fb84969340c
oof,964,stead_event_01367,14f461d4c219364f4bf1afb72ebaf3faf9d5140b2ce8f127fd5abfc900317970
oof,965,stead_event_01368,d67741c9c7c21ff09941ecf076308a9ab35b3651aa8c43579d4d06c6aa37eb16
oof,966,stead_event_01369,39a55a0681a645c402e479402c05516611a13a6086f2fb2b648805cffbc1fe40
oof,967,stead_event_01370,3eb37739ccadb5e0a0b7a1d41057add327219781f4e6d8ac44355cbf6f3992a6
oof,968,stead_event_01371,301333f65986c4012bf20b5ef254b8cdd4ed97afd234b9cc13e0c13e23fcb1df
oof,969,stead_event_01372,1dae6eca8a5ce653858decabc825afd5851d671d1e0ed4b26cd5cb847e94827c
oof,970,stead_event_01373,100db764683931f7f9f5346fea5de2750438f9dda2dc26b08cdf7bd6a7511cc3
oof,971,stead_event_01376,cbcd05e54c2a01d603b998834816c8b03e817e403eefa7756b964bac36672429
oof,972,stead_event_01377,1108cb1f0e0a9d7e8e34321f3d5a1c7ff7ee490d99a377b8e31ea15a1923c94d
oof,973,stead_event_01378,8778a3626c4ac5a4ca7bf7343d766904241c12ccd30b91bb54b9bb3b2bfe5f4a
oof,974,stead_event_01379,b96801c760f0376e221c797cfb63249cdce5d0aa10502d17d00c5ff17be376d8
oof,975,stead_event_01380,4d81f836bbc9986c11a986bd43c6d96736d5d7537429f77d3b6bb47f72fd1794
oof,976,stead_event_01382,18db44eddcb4529263d4c3a86481da926fc305bbc3c1eb765bcf6a7849f22361
oof,977,stead_event_01383,d70c6e98263793e8c51ea40493f22b5f5c1ad21307135e8f3d83ea57912c2540
oof,978,stead_event_01384,0bcd1a9749438475a3e9b5af649dbcfffb4be674cb0050e63a07416e59c5f61c
oof,979,stead_event_01386,a74c54043046ff178386baf0c625f60e574ee8d314318297bac757f9ba669038
oof,980,stead_event_01387,fd6517a65e7d0b503f17526ff27710b4785b85280cdc0f3404dcec3c2747e2ae
oof,981,stead_event_01388,36fd546dc052f75d6dbc6c18e4ca06b17e476e9951ade8ebae16c54203ff5b50
oof,982,stead_event_01389,612a728e5ab43f5a57dcda63f3106ecf727c00ba8eff30106380d80ec1b9e555
oof,983,stead_event_01390,629942b2fd4b9baa1c4d5af6f5d83cd49e36275708b85c8e79abb09a517c0d05
oof,984,stead_event_01391,e2a37ed87fb28a498ee09151a8d9e66729d8cd264cf62c2e135aef341bbed492
oof,985,stead_event_01393,f4eb42cd15452eabcde2a8bb7f358161cf97909dfd76d349e345ed0a5872fed2
oof,986,stead_event_01394,1994031b26440d6c1c4ca750aaff0ef7e1b803b1fecfbd373fe931cd41660b31
oof,987,stead_event_01395,3f2d0bab5f432ca91eaf260bc68a9f246710f7950fd958c41f0ba8433e51453c
oof,988,stead_event_01396,917e7ee06981d264614936fcde32351e8031dff68251a5d1489c5ff97402e870
oof,989,stead_event_01397,9c92a277478b74939ed691f873d11c0573744350d36a378df14878d881efc043
oof,990,stead_event_01398,1a9c57140e5560acba19e78a9481e6c0aa9873fbc2fb65e45adb6fe4aab76eed
oof,991,stead_event_01402,cd989ed8747bd14db8dfcb7e71ff898f5bb2426271eb2832e406cc65a704057f
oof,992,stead_event_01403,87945975f85a76873631e31db3a6e6882297d74b6c24e91da1f5ab10e29822a1
oof,993,stead_event_01404,b7d72c59e796f4073f1f71bdf604ca5e2ccab88a2617dc198ae4f6d7023b92d1
oof,994,stead_event_01405,c35620500366e99be3bf58b8e300934d0fa2a62d906da0dc2771a5568178c70c
oof,995,stead_event_01406,dcbacb6b41ce2a636015a98af4f9c17d2ed88c143045debae0888f2fa99f628c
oof,996,stead_event_01407,1c245064d6b5f7cd0ff9c84259815613ccafa15b31bbeaec723ca9c6e3bb12e8
oof,997,stead_event_01410,12dfb35571b38ea24c72e3a50d7ce8f88875bef20c15ce9b1f7eba2fb130ade2
oof,998,stead_event_01411,3bc01b457ae1b18d3f8d5179a88ab6725ee6cdb383e6e3585abc11e6b6d52a6a
oof,999,stead_event_01414,44b6a1739fd5bc589e4388cb9bfdd0e84abd3528269a0cdc9bb18664e14a36f7
oof,1000,stead_event_01415,0fd815208da598aaf9d3c7b8a77ae603240e09661b8128edb26e7e8c4828a26b
oof,1001,stead_event_01416,e6efee80ed8d2ce00818410d6242a4e2b968ff083acb8c61a4df92e2a3349a23
oof,1002,stead_event_01418,50e5a279a31049c0f635622c5a38c09d92e59bf9a41263365ffb3254c4470fc9
oof,1003,stead_event_01419,df6eb812ef40b2acf08132008bd95ea838936fdd1a98b1218b3e3e3a1eb80546
oof,1004,stead_event_01422,b552f0a5fc10f929ef15141a438e94e6e8f1d6ca9a2c2ca82ea5d9a1b208ce73
oof,1005,stead_event_01423,db08e5fda52c2b0c174daa78bda2552d6abf591a1b81e967961c2989080863a1
oof,1006,stead_event_01424,5354c1509b3a247e6fd871426e0b13f98a7d3e285abf7611d4ebfef6959e661a
oof,1007,stead_event_01425,aeeecfbfada0d724cebcf8c50671a5246448cb67bc363a00ee22f1e7d7a4c535
oof,1008,stead_event_01430,602b76a2fef71b6b495054693e95f5be485adb5ad902227bd286a8124f65fcf0
oof,1009,stead_event_01431,9775b97cccbc3545b88a7f8e0eef8dd54f91dc742f76f9e741a7dcec0d968e51
oof,1010,stead_event_01434,14082f2c3e2d420081ba08bc2332aeb06fb45955bc5db47fd4ead801c2489bcb
oof,1011,stead_event_01435,01651677d80e26368003a6d9dead8a3af227057800e516a81492cc12c8624d98
oof,1012,stead_event_01436,3018e845dc40da83ca46b5dae434844f48eb7a8a01147bf70a69c392e01a9583
oof,1013,stead_event_01438,72e4ac01cabb419560a1f729a3825d7a85d929c4826568544c19ae47b3bbbd38
oof,1014,stead_event_01439,e717de1403e1534779c53fd39a2b056f07a0ff88c7295abe36e66ad0c8ca5256
oof,1015,stead_event_01440,aec3b84d950cfb7e6b58126cea0f6caa2fcfeaae929a5dbc47f1b8ebc448c656
oof,1016,stead_event_01441,e3630bb96d5939e8fe75d468059b95ce76a37f9cf22ef766ba57fb01d03bb451
oof,1017,stead_event_01444,25a1a4177965d3576ea84f0b42a92f40833fa703feb74eca560c45fde074e33c
oof,1018,stead_event_01445,8cecfef7e43c2f2424420a76ff627892e81cf53abadc4e216bee1ff134a316ed
oof,1019,stead_event_01446,79d12ab0610ffb2cfe880b0f14f65897b3c9428b0588704eb671b1a8ed200e3f
oof,1020,stead_event_01448,146a01634d8879381dc9339c3874921cf2614eda857dc1a1f19435c5bebd6dee
oof,1021,stead_event_01449,ec1aec9f07e986d6f1993967594730d910191d6d7d5fcb02e64a49832084b37d
oof,1022,stead_event_01450,6e3b20bba04a4d84cda3efd2ccdd662c6926b78d795a55d0a5f24f61d6126a64
oof,1023,stead_event_01456,a7e0b6f83eca0dbada9cc54092799614e251553e85ff2e917c8da8d3b27b9b23
oof,1024,stead_event_01457,69b7cbd4c1cc2653d08f18571e4ef37035d94cf16d8b1af3af1925fbe515155e
oof,1025,stead_event_01459,e8fc8be2d676651836ba438a3a3f604cc0466c604fcdec2a64e34ba1b28a1898
oof,1026,stead_event_01460,ef79190c4b32af88546646428b518ae449c6b4bb6f9ce995b9e75584310399b5
oof,1027,stead_event_01461,4657238bb67bfe1ab0a2f752cd4ce009b68003281421cc9a45bb37195ad79af2
oof,1028,stead_event_01463,dd679c24b5cca8de7a649b6e033c70f10dd3e92f18c9e43ec07ef5b3e8391cc4
oof,1029,stead_event_01464,ac80be888ac37d542f4e674cf1b93d2d13141c4880b8298591cbc06b6f9e157b
oof,1030,stead_event_01470,cb6888756c9161f75e2a236ea5da57ca54126d14b03480403e3e921b7cec4fa2
oof,1031,stead_event_01472,d512bccf6404d1aabda2de3279f98d1864ce714a80d88799678bfedd8c3ae58b
oof,1032,stead_event_01474,b58f1b872c280b85ebbe4919d162023bbed2828758302aec53240b7d38e457f4
oof,1033,stead_event_01475,1c71685505090d460fc0f3fc9143ae5cf5b0abcfccc920a7da3ee38119e40031
oof,1034,stead_event_01476,ff6e4b6d17227c2e3ef10693bdbb54fd110d5e6ed7655490bd8bd2f836e8241f
oof,1035,stead_event_01479,ed0d1d8e9615424b13062026525d97de40cb3a0fa2c59d13b59186a4ad99b4ab
oof,1036,stead_event_01480,5b9e75db520002359bfaf024b6c5c072136c8ee7f6aa8283f51f56dd455ca633
oof,1037,stead_event_01481,815dec9177ffc9a17cbead0c04c55d907360570a0983de49bde8f087f0fdc234
oof,1038,stead_event_01482,acf648df07c429ab5f062ee7da0a8bd3b142599540f35becea8fafeeb74d7ee1
oof,1039,stead_event_01483,8cd7266771783d2a135ebdfead843571ae44c4b0c271f69097715da6e8ebb07e
oof,1040,stead_event_01485,de925c8d523fbb3ef21ec043997c2a7b16d4bb5a9a7a201f67a729375b284b8e
oof,1041,stead_event_01486,f83c1288d65a68f1dbfa1999426e4dd91e68eeb90b522763b040a01c93d9e4b0
oof,1042,stead_event_01487,9837cd69cf9ba48659af6507a8cc96a321a5cd51d496fc7d00c5fee6c6b2c760
oof,1043,stead_event_01488,cea3609723395e5aab454f134dd7f79b13a87aae1ec22b2f49fefeead1200a36
oof,1044,stead_event_01489,0bd9c4865ce92262458177fea002f5e89ffd8351fdf28edb9a171a8b8fd4d9f8
oof,1045,stead_event_01492,caf47e20de5c0147eab95e153742a0990cb4d17797a3b5be03f4d301d47a077c
oof,1046,stead_event_01494,3977a6cbcb7672ae7fd1e948abf58b665991bb608033af410e22cbf75a836887
oof,1047,stead_event_01497,6ada2be0f87d0464eaa5e8a17eb1808970eb616e4c68a7ccce7c77e0ee51cc3b
oof,1048,stead_event_01498,af1a8ed496ea9657b7668f389cbcfd15cebc592e54734d5b52709d46fbadaf68
oof,1049,stead_event_01499,7b0ed052a059f3e069e1f01fe419a1a48bf4f4cca8bf64a193603457b6c41cec
oof,1050,stead_event_01500,ac0927096f1c4fa2d0c09d49173495916a45406b9dec3770241710aae3b8bc9c
oof,1051,stead_event_01501,7d94af2e90dd7541d5431eb3be6832852e673abb89d8f3bfa175840e93db0fe0
oof,1052,stead_event_01502,5abe6bd7941dabc6cfaea2acbb4fee7c13d33f49ca0b1185a0ed50b286c82f42
oof,1053,stead_event_01503,0c9d580b3b5a17c7f983ae9501c3ce13522ea70ef0c358fa84eedb356a439014
oof,1054,stead_event_01506,8cdc75d8246a06532581a35d8c9ec3f4453330c8e9883b16c63b21b15417c06e
oof,1055,stead_event_01507,7783be714e929296afaecd9b6cb1d0063f6fec24d94b7beb391ba3a710664fd9
oof,1056,stead_event_01510,15a8458808e3630aa4c111ffaf68cdabe30e366f6f0e2d75a450b7632e013b12
oof,1057,stead_event_01511,e8f763d9fc6b0b2f70b2825ba633f74a6c0e1fb9c56007bcae1114b2ebee4b3e
oof,1058,stead_event_01512,fdbaf78c263c4e3c20763a2a055637879da3f7ea090fa0a49d6170b68680de8a
oof,1059,stead_event_01515,9bd5cfb85349ef5de8ddb511ffe2dd75455c58ea76ca3b2fe8aa02944c860c1e
oof,1060,stead_event_01516,7eebd254589ca832be50591a1a72fff3865711160bb0d37c87450cac013cbdcd
oof,1061,stead_event_01517,949189b489a961d1589b7a1f2248629ba060903d180e81b6862626fd00427dae
oof,1062,stead_event_01518,700972dfba4744ff135ab63482e9b230c18f9c3d4c575ac8c516e7bce3f42ce9
oof,1063,stead_event_01521,f7e87ba1a84b6013040b1ddbb447f281255ae6458fbf6959921d01b1b80d6fee
oof,1064,stead_event_01522,3b88328029265c545db851283433cc5974f0211ecc20adcac33986192617b906
oof,1065,stead_event_01523,9d51c0128bdbe7b4f3c1e626835b58e7fbe92c4cf3b4fd0c16d32d5eff6a56ba
oof,1066,stead_event_01524,97e4bec317c31c28ae1c5f3c4f73c9b4631baedbea9513fe594ea7e65d7da562
oof,1067,stead_event_01525,da3cb8ee8540a6c68c2ebcbb7abfde17b56c85b7d1cb9a897cddc3382d00d8ea
oof,1068,stead_event_01529,899960adc22fe5f90eed20f556032b7065eeaa0ff053d49216810ad332e3cd87
oof,1069,stead_event_01530,bcaf5e4e588e43c7b9738657bff089c4b313cef793ea9212ef9f6ba1e9742972
oof,1070,stead_event_01531,0f91b2648647fe88f07dfccefc9d6dfa2f2cf27b5879a89c01a489193dc9b81a
oof,1071,stead_event_01532,465513da5c3badc0c8c6224d2db39e5da9d12e7accb34e8754d6ed3d7470ca46
oof,1072,stead_event_01533,31d26ddc49965260809819ce2d63e4f1ca0a94bbf89a9b2ff6fffe3c0512823f
oof,1073,stead_event_01536,c712b4f46929f9fec0681aa67269e60cce4cf332a374a293926025b826c9c160
oof,1074,stead_event_01537,0d7db2a308fb917ceda09b78fda02c3125089b32546294649d6e352b8f58ad97
oof,1075,stead_event_01540,405d9a18daaa782423cdfa5383b84fa74ac3ac21be0ed61b5c92a26ad73acbc1
oof,1076,stead_event_01541,c555d7f1cbc86c946dc542b11756cb9705c367310820eeed5d443b382758c012
oof,1077,stead_event_01542,f3bc659dfbb5744021133f988b7c06ac8ad1f62a423fda536380edd9360a8745
oof,1078,stead_event_01545,e512b20b9b67ed2ba6da4eb0f875d837b274542d3546de0435f114577a5e9be0
oof,1079,stead_event_01546,5c7fdc83f992541db7eeef157bc0db3e08cad091143ee0083fe40ba32c58cff3
oof,1080,stead_event_01548,d203408ca31d48a956c2f52c097ea85a417639523f8a93d869dd6215b4dbf7c3
oof,1081,stead_event_01549,70cb1171595f9fcbf35975509ed17172c90a85d96a0f2a6785540ac82f4db49b
oof,1082,stead_event_01550,4f7a314ad6993cd18fe7536a0982ddef7a4b09032f39d968600de68d65f5ae7b
oof,1083,stead_event_01551,cc882cd7640ddb6c6e31198eefeaaa33c1dcd5bd031bba247a88ef1e0a6b09e0
oof,1084,stead_event_01553,5a6d39563b5df26e26bbf116a5c91362ebcb285930f84058aa699eb9d263f3d7
oof,1085,stead_event_01554,ba9dab24608c54a577cc3f4f6c373dbb594168bd0664bc52bce1e1d90ee1416c
oof,1086,stead_event_01555,de8b8230c7dbe1c039c3e33bcd2ff61ea01459874801573b85146ba99f3f9510
oof,1087,stead_event_01556,dadfc0a200d1043005f3c34918e8d26b5531648a066ceb799bf06a29f6179b02
oof,1088,stead_event_01560,14bab1df8891e8580ac253dff49136ad355f278fefed5522f75e22911eb5b180
oof,1089,stead_event_01561,5820353124047feaae96a3470f90eae78805066fceb13297c3494b4d05717bb5
oof,1090,stead_event_01562,442e326ea8dc8b80eacf147bc77f94b38a9ee6053bc6f8495d863e3807d77ee7
oof,1091,stead_event_01565,4b54b8049e1f631248be51a3bff3c955a2437effec4a3969b49e059370a39dd6
oof,1092,stead_event_01566,7c4cf1d230ea55356081825e7638de98a27984f0ad36e3cd181c37d7bdb5eb74
oof,1093,stead_event_01567,737b7f4c516f8f0416ebdaccc216bbb8b1c96644912dedc9cfca670fa28d300e
oof,1094,stead_event_01568,8f900a44e16b3f6075c4e104a217996ece90a1665b7ee92815dcb3d11f8bb7a6
oof,1095,stead_event_01569,ed360fc1563db729010f56df4efd23c464b4c7dec0f322c227e24a912e9a65d2
oof,1096,stead_event_01570,001f021358b7bac155b95a86de8f4d94c17ad88b33c8b31e9b7a0e9066f37fb1
oof,1097,stead_event_01571,1c1dacea41b224c85ca6440f72c65d2a08bb71a625b1820b5eaace222f4ec53a
oof,1098,stead_event_01572,04121aad4c6364d51ec87fa5330dc0176947eba968546e31288d716806dd6b0c
oof,1099,stead_event_01573,dea25a5c558bf4e38c878277dcd4c9892317384dd8cd99cfbf276247b2d97641
oof,1100,stead_event_01574,56eabedbee445166e6b89abeae4751e3b64371451eec115bf4d0af0224c868fa
oof,1101,stead_event_01576,2a462c79a915357a1f80998ded13611c1f4a63ac25e5715fb98b0eb276c09ebd
oof,1102,stead_event_01577,4ab810dacdcd50326bebedb5e77d256279ae8849011566792576d4d3aae933c1
oof,1103,stead_event_01578,ec61878197fa35d9a934558ba729989586dd3ac438bb6e14e8f2d08cf205b20b
oof,1104,stead_event_01579,7d847736868476fec216853c43d5b47510f2af09010888aeb1b93c57cadd1fa8
oof,1105,stead_event_01580,c9a39493a7b41869071a60fbf3845eb2582c2595afc4530025110437d4ae07b0
oof,1106,stead_event_01581,0f76e2989aec4dacab8fca1788c316ef6d39758ab762bc1318cf868ccc41bf28
oof,1107,stead_event_01582,b1ab4369a9d56a1d18ac6bd61927911783b5c8c6a2a7484e3dbbc2db981952f1
oof,1108,stead_event_01583,e27b1b37df4d87aabd30023acd2cead4e08949da039b1d81427b093508c6feaa
oof,1109,stead_event_01584,f868aa0c4287d5f81169d9234747aadc13b67619fec6e52e71ce009d0b74f3e3
oof,1110,stead_event_01585,aa65eff86aa86902729e22d207294155a57c9394a184022fe4ab310fabe1224b
oof,1111,stead_event_01586,549b970e1f8e883caeed9722051b2d63fde72958c541d4a9383e44e132c54d56
oof,1112,stead_event_01587,455953f35bb6bcb1dc825f4bfb4995ce7487d2925e124d03d7e3e5f9b6e67785
oof,1113,stead_event_01588,8d641357c30deb3c21822d44807da15d2a88e039926de36ca3fa85286041ffd2
oof,1114,stead_event_01589,ec9653a1e9d8b08b163cd466659389ff00db76781bec00e01789f4cc5e403cfd
oof,1115,stead_event_01590,01dc1c9d11f9a311c04cf1c44408d6c73a389e5150491320a6a74a332cb44332
oof,1116,stead_event_01591,df963fe064dd314d07bbae81241f4d339981d6f06b68da73eeefa672a4f10c3b
oof,1117,stead_event_01592,a53220ca7699bd170b0702993b6619c60e1c187cd3ab2146c4c08257dcb85fe5
oof,1118,stead_event_01593,50ccfb38ea94ace27ee77aeed30a3ced4fa2317d1bf9c5832afc14df746893fa
oof,1119,stead_event_01594,46b4302489119007daf9272307db6979c465a5e5342ab18e7154480d5c22a540
oof,1120,stead_event_01596,7c3b53677727c0b7904c0f57575e49a9cb6c738911fe61c26860c6aea7367878
oof,1121,stead_event_01597,0a6c221712cc6765adce551d6b46e885ddb7dc391ad8345968fe0b19bb0213b9
oof,1122,stead_event_01598,2b521360b7b6a73ce36204fd5d08716909009684f369c33025fc4a0da384b858
oof,1123,stead_event_01599,697852f147d85a98667d4c620e993b77ccc8627537edac6165546ba8809116c5
oof,1124,stead_event_01600,7f3e918d7875079c860c5429ae4e5aca1dbacc7af2cf37337db7d4b276cc4f27
oof,1125,stead_event_01601,c41af4b22ecd9e8b10d9640f9b5be2ed2950c3236fa7a83bd980cf70e12f32f6
oof,1126,stead_event_01603,a45dbe8419336feb941f0918588451baba1ec0d15c31934444164b10251fd687
oof,1127,stead_event_01605,312515326a8e1a70b82850c8a223ca630c3812624259f2abc6d9d8207c67e82e
oof,1128,stead_event_01607,a66b259cd52bd462df542034513a92cb32343a2e1db959928fd96685d5d56007
oof,1129,stead_event_01608,e2514752d0e60324dea19fa5da56de4198019e25a05360527225a7524c89cdeb
oof,1130,stead_event_01609,30dd67741ffcae0fcd6c81878dd6353b48fed97a444fda4e9cc3f4dc0793c8a2
oof,1131,stead_event_01612,dad2202d13bb6361fbdcfe11ab87571496f0b4a5edfd0ddab83208b417151ee7
oof,1132,stead_event_01613,2770608411af8f8b98ffd285e3b003a3df55ce8f746350991f364cee094a3bc5
oof,1133,stead_event_01615,3cec917e6e41b969c95b0c5ff708ca196706ddefa7f8b609a92d13a621614f16
oof,1134,stead_event_01616,718c37676f2711d3d96ed270cca176a151c8dfeb7d5ac7f2b8018850ffd2d608
oof,1135,stead_event_01617,ecdead960268479eceafa0367bc7f676de7f9deb59099ca0a237b94932a3a8b7
oof,1136,stead_event_01618,253f01fe7e4fdcb1e8182325d40e02c5e338ab6fadb06ee2067411637e4772f5
oof,1137,stead_event_01619,35d532342c79ad942504de750564c285e349519f2e01fcdf71ab4731bb645204
oof,1138,stead_event_01621,5ab8ed92ccef437b3a0019fd515c293b70d6a2c479f82a2ca9372eac80351014
oof,1139,stead_event_01622,99484987466a98029f7e69dc5efdba9990bbdf0aa196197701b680bb228ccb2b
oof,1140,stead_event_01623,d60e08c634e20abbd3bbd97133aebd03f3178c79f9320709cd38c690af2b2d95
oof,1141,stead_event_01628,79ea2691b94ee78b871ce778482880dce292c0fdfa86515ed517277b69a43be1
oof,1142,stead_event_01629,aaf20204e7ceed172ae8a9ed545cc11448abb515f3c209e0723d00c3e895b17d
oof,1143,stead_event_01630,8c6252553e5abf04cbcde015afcf889794a578b20ecbb5c880a12bdaf0d22715
oof,1144,stead_event_01631,f3452cb878aa11b033b4f6c03481212dffee25d7df309c219180679c05ecee20
oof,1145,stead_event_01632,594ee565a27c65c33a0e3336162e397467528793defe3484ac2c7e216abf5b6f
oof,1146,stead_event_01633,c89a71d9b18c171a948d02c84c8ffe8da4e4788ed4f4a1c524ef3fbce20107ab
oof,1147,stead_event_01635,03d9a3567ffca87a5a483a125faa1f3d44e68188859ee1b9fdaeafdd8a3a2b6b
oof,1148,stead_event_01639,d22574b499a7de641a6b19e03ad06af9148d76373b730833604dc94e808ef6f7
oof,1149,stead_event_01640,29702b46fb362befb62591e414f18409c78ac2057491cda2d30628b5034d9e18
oof,1150,stead_event_01641,6a031755ec62902577327507a215aa383159e84109f2b59a470a8355fd0af8cd
oof,1151,stead_event_01643,c3763d883f62ed7fbd273ae1b123dbeb02b4ef6ac202eaa5859bd076d9a8cdab
oof,1152,stead_event_01644,4e14794632f36ffd9253d59993da3949b51d2cf77612cb0f56ca70bff5022def
oof,1153,stead_event_01646,c7c4d75e2f5c5ff72e9ea597daa844c9d2b85e05dd9a361a5e81beb6b65347a0
oof,1154,stead_event_01647,f8817f78a471ce36249ec33f094cc15a94a26d8a50fa3929bba6c23b47024258
oof,1155,stead_event_01648,600d5301f64b4cfea6e1466051f4e50ddb5309f797313400933f4dc9f087f998
oof,1156,stead_event_01649,5a8f411cf211c5694140720176bfb3a61482ff2cc2a3f87a6f394d41485ff64f
oof,1157,stead_event_01651,a0bba68d0e1992a4d7de587725545a2434106031540606e5cc8e9212799590a0
oof,1158,stead_event_01653,900084c9062e895c2d2519ee828d42535cbaed930fd018a2fab131817b1190aa
oof,1159,stead_event_01655,32f9df2643befe180d8516310ba791fa8b3344612505fa3e7f06923c0a841c47
oof,1160,stead_event_01656,ff761daa78daca90922d813adc59bd5274804089085042122e48e92e01d5d645
oof,1161,stead_event_01658,033984f7cfda76bb95080938028d48cc324edaffd88348ccd8b3bc2751f1f51a
oof,1162,stead_event_01660,29a28ea9f46762252ee049acfa601bca4cfeb6c4245fa4beaea13238c7e40fd8
oof,1163,stead_event_01661,2f8526bdd550fd23a5bc5c1885280e4251b4182ef7fb932370011cfc23fd3017
oof,1164,stead_event_01662,3340c358a4c6da6a501eb103a03422b9fa4634afe75e710df3442d2d80d504b3
oof,1165,stead_event_01663,f9b4f85d225af85a46c2809101a60981e054f2c4e8761799109fa75a5159e093
oof,1166,stead_event_01664,98e0e8121a002b9956e2b42e4b369dc5951c3cc44a0cc8cf175e42a3de94cd43
oof,1167,stead_event_01665,f911da4d69460ed86c07de0c2b2a87c82ec53d3715dd6423ce13151a2f4b6a06
oof,1168,stead_event_01666,5a5dc44b50ac88cb30d69d1fd1f858e1a93bd1129b84f98e10fe1a0b7f07e9b5
oof,1169,stead_event_01667,96d4544d15d98c5a14cdb50587106b2f4f7a58fb7af081d732cc84329ea5c7d2
oof,1170,stead_event_01668,9c83f5c3ab7c583722f5e01a624e1f7632888956f46d66ca69b4ab03f46cc499
oof,1171,stead_event_01671,07798bdfbd6e52abf0eaed54865221341f40ad6ffdf20dae1422c391b55b9b83
oof,1172,stead_event_01673,d8593354c62c3d7fb91f44f4eb23e99e344b07dad98725b4c26744a7e4772c73
oof,1173,stead_event_01674,23f673f81917d608e8f943419db0c84d8c0d034039cd9bb2b8c2267dad245710
oof,1174,stead_event_01678,079c2b1699a452818905e7fa9dff78a22ed6c6c77bfd7fabbd71351d17ba17dc
oof,1175,stead_event_01680,e42cfdea3ec2a1e34c178dce6f2c03702c38c2d7ae6870cd69c72c78102ad9a7
oof,1176,stead_event_01681,573873d19bed454f5a28ab49270cddf02724ba6375218b389afed3bc85b52de7
oof,1177,stead_event_01682,93de62ba6e226430cefc66499c9fc9c4c3516a3488b22dd7e1f18fbe2ad5c9fa
oof,1178,stead_event_01683,9e59414f1735bd0328d7fba077e4b9167f455cfabf5b4f9768b1eee61565d79b
oof,1179,stead_event_01684,6bb5019b02a0991400f666b8522ec49d399242044c91641487fe63ddd4983f0f
oof,1180,stead_event_01685,6df02d62dc300f9835fdc15ee2786d4f64078804b437f99ac92eea250d6410a2
oof,1181,stead_event_01686,eb46199d14241b34c1cb737fafdfad3102bc42178818c3ede1e383ca4c9278b6
oof,1182,stead_event_01687,9a8f5905fe708207c934768b72f5fec39d998f43153928be9ea4ecf9006908c8
oof,1183,stead_event_01688,f3553ad84f1a5b4fbd2d42edee8e849f5f427c6932e32bbcded2b99434e717bf
oof,1184,stead_event_01689,c1c2e06875867be6edce6ca8a31b0073dbcc92e03a44abb553983293a9ae6905
oof,1185,stead_event_01690,fc68c77e5992a7e79f38a737a9c4cbe87fd7e1adc4c6d47d0f1f9c08ff3ab3c9
oof,1186,stead_event_01691,3508e8a020ccaf3b91d9b901535d546bc6b30f21505b7dbe83ba3ecc33279492
oof,1187,stead_event_01692,0ab8b49086b36a35c1ea4a02e2c916716137f282916d2c187e376d9fe09156cb
oof,1188,stead_event_01694,bf62489745282e2637313344437154a533cf820eca9787cf67ee529a9f40699d
oof,1189,stead_event_01696,685d71fbf2d57a37c710f07f9167d187871ac136bb99fbd95386db2715888771
oof,1190,stead_event_01697,a910bb83dff188c27b43319d7f7c1b56f49cef0762ba50a908d2456cbdac9e16
oof,1191,stead_event_01698,420b73fc0fb842c5fba4ad9581a88f7b347abf61a0365597ba113780e49a6c49
oof,1192,stead_event_01699,942466a26593ef30d31be80cf8c109d844abb15870865885d1a50368adb05f31
oof,1193,stead_event_01700,9a47211e90705cb0e860399df43302b65f8885bb49da8e781e6376c6001cf553
oof,1194,stead_event_01702,08e403ea83091ecaad7e762c5122d8530f528ea7e2eb5ec9361f95270a670ebd
oof,1195,stead_event_01704,259763d78ca8bcc65554921a3a0dabd35007c575b5d3ca779ce65b1429a00159
oof,1196,stead_event_01705,d05e654edb5e2559c5def15c2a04ec40a37fbbd2c388ef15697bae6bf23e41e2
oof,1197,stead_event_01706,916d92e085a05dc8f09f644349b03957a85efb02c7c14150e555b67c3614bbf6
oof,1198,stead_event_01708,ad35839143d3184a59a0d88f0af4ca3896213470f337e8271fa8a8363d8f2a8e
oof,1199,stead_event_01710,feb02949948d4f5b71271f3aef2a17102695345d23220fdc29e1252b79f3e695
oof,1200,stead_event_01711,5134a5b6b302b5d4595f882edeaa240c3b1832e75be0845d498bd6b3cfe55df1
oof,1201,stead_event_01712,fb2a8276d7f0a13e6d641e05b1c056a80fc11fbfa2d40f8fa5fd6388519ff1c2
oof,1202,stead_event_01715,04b7099688b1f034b0508e31349d7dd5806dd115e21752fc1fb994dbe6d133a2
oof,1203,stead_event_01717,e2676958c5600a4e9cf7ad8644f1316bb967f1a781734fb04c5dce60ca902423
oof,1204,stead_event_01719,3de415e096791c4dace545c63a0a376a1be7fb7013fc08d9bd7ba966c15de95e
oof,1205,stead_event_01720,47a61e0a9e083ea565bf13ff0d42553256e42c21de065bc3044b135fedfabbc2
oof,1206,stead_event_01721,6d0fc9063086f8a10c732f89dd98f06a06e53456180a41ac015695075121dd4d
oof,1207,stead_event_01722,3f6b7743208cd6565b78cef7b56c18431f2a461e0bf2e3762cfdc416cd8afea2
oof,1208,stead_event_01723,57dc9a97dc3d19aa701359abd3867774edeb80f97d53562248b5407dfbf2d5d3
oof,1209,stead_event_01724,f16b2fbe3b09ded9cb27a9778caacc7f9b3d543a0161ccd1e1ce3c7e5d5d8f05
oof,1210,stead_event_01726,9d812d89d5d02f7b40d18b49ec8192584281353c3a733e6873a2767d02d4e6ec
oof,1211,stead_event_01727,bb05da30bce37dfa5a0d338bcc4438ff94dd3af7c4d74e656db2f9aca1b657f9
oof,1212,stead_event_01729,7c44271b02726e2db3e10a64e29ccc6fcca7d7ce07943584238a9d75e35dd53c
oof,1213,stead_event_01733,6ff6c737edee46e652cf8644b2350b732db5ce038431ad47e41f05aeb2112322
oof,1214,stead_event_01734,0f4987b8ba3b97ab1aca26239ecf20d2252735e4d0d5e9dc4ad3284665fc4b77
oof,1215,stead_event_01735,3a23e6a2d36ec057fa75baa6f5c98cfe5a9da8eac1fe03a73897cbc8549a535b
oof,1216,stead_event_01736,b19768d0ff4ea84f5cf722df82c439b291cfb4cfcbd85c79b3af6d707c2f6e69
oof,1217,stead_event_01737,187a27892682256c98deab8b773b19f15c97d939657fb15538f148b3d6999636
oof,1218,stead_event_01738,1c60246c146c341bedc78d6d3a40749d4fb384d3fb32d8e63c7ef7a2bbc4d503
oof,1219,stead_event_01739,db3273087f958166b5e36c3ece1f9b02a7b1cc0cfea0d5edc0d1ccb40171061b
oof,1220,stead_event_01740,d083bce903bfda1eb170951cbf6fedd74579d9ee43b27081fc78f70279ca342c
oof,1221,stead_event_01741,5b718bc5ad8bfb09cdca6bb08aa7a39f5f480fcd37cd9b7459803330664f8731
oof,1222,stead_event_01743,a0f0e6130083c40e9456f4fffa280fdf414b1c69e301f72a026ceb1f1fb83bb0
oof,1223,stead_event_01746,9120f3e7103301b2d2e7c8bd27e992f5e4ef1f4dae3fe31f8a060745cb4ff8bb
oof,1224,stead_event_01747,251177d828691061402167a5b960550ce3fa2a3b8d330327cf9171c72d318ecc
oof,1225,stead_event_01750,dca28a5d2371ba87ce26e6320387b6a898872c39ee7d41e92c5dbcbc4316cde4
oof,1226,stead_event_01751,59ec2084ffb44c59f53a9711ebd3df5fe07b5bb6a2adb4899e70b76043a9ccb4
oof,1227,stead_event_01752,f5cd5d586a8c9adefec15a574b42ba9f6344c249384fb404b1049ba753d23a87
oof,1228,stead_event_01754,b1a81c0f3bc5430bb372c94e65d138bce2679cf2d72faf2580aa2f5681d93bdb
oof,1229,stead_event_01755,6371f48b52a65ae79dfbe45109cfae51ededc95eea281c71bb65ea4c79076511
oof,1230,stead_event_01757,da98175ce392fdd6fb27cfc8ec86edad9ff63016bebaf30574c3c5f877d6c20d
oof,1231,stead_event_01758,2d489f4870f356ba9c4c365fadb18ff42e23b361f54ed4800e36f6f8edf975ce
oof,1232,stead_event_01760,3e15ec258430feacb324851b8340d8c4bf0bdf1fb5a9db547bf614e885ccd882
oof,1233,stead_event_01761,e94b5e980701288b355a822daceba4a97f272537155e10e19154be66428e032b
oof,1234,stead_event_01763,7b567b1e71da3c1272258fd86a7d90938afeaccdd53212e60f5c8a047972323d
oof,1235,stead_event_01764,fd10856d6e32bcde53123975922b3cec09ab6e9a2fa775661fd6f211901be8b7
oof,1236,stead_event_01765,985d5bc0ed0132ed6e4ad822a48325cabce16d1251e30134cc89a80eb675492e
oof,1237,stead_event_01768,b1a339e24e5f561e616370cd31c8f73e6cbfc76eec49e395ad1eaf0721f96b48
oof,1238,stead_event_01769,caee71bebf8f33c20b9aeeac46a5527730748a0d088612f411d4505d5c87bfee
oof,1239,stead_event_01770,85749bfe174874e23b9a33e02d6a0d1112632aa598268e48ce0fa0e8ecfa3f4b
oof,1240,stead_event_01771,fdba8a5115ec68e92b964e4c20bdd8be55f8f5de256a13fa982fd8e444f16b03
oof,1241,stead_event_01772,3b2aeebcec2ef7789559e6c2b44089f24cca67a19fc5d3e318a1e0521f66100a
oof,1242,stead_event_01774,8922cf67266d73d057f5c1e1576af63e7217fa16193d8a4adc3b588ee4d162e9
oof,1243,stead_event_01776,e317324bd16474861f47c8b638b0bb27a992de4d6e7dcf29d6cebe659daaf711
oof,1244,stead_event_01778,ac0833af9ef4d1a2e22c31ed6b0c6b62afd4f3f26cc88512d5696554b5f597ef
oof,1245,stead_event_01779,3555a93c79d2282feaba5c97709750ddefa4185ca35eb5ea2f486b6e354e6955
oof,1246,stead_event_01780,8517ac6d84c98d52774c89c0c25eef092ad1a85ae2f49e9c86f62cea3494b1f1
oof,1247,stead_event_01781,80e0f00e0a3c94c12ff6dddc9be551211c2ee20e9408f8dac6f791d931aecf1c
oof,1248,stead_event_01782,dd2b2f406e072ed6681b35d2eed339ba8c7e1d3795d86e816873e2a53554af72
oof,1249,stead_event_01783,ee4833c0e3fc85ed311d2efeb954fe028add52e99f4098f087c35832a1c64996
oof,1250,stead_event_01786,6eec34b6466d00120910e17f4470819e1dcd470b8ab57ac78b9558761e3b2a4a
oof,1251,stead_event_01788,815f18f819a6b41c4c50afac06f5fb7c6b85f91b27d4a7d41e2fbebb9ff04e4a
oof,1252,stead_event_01789,d9a0c77b7145f31d7295b2fcc048b82dbe192c880be9c2f0be5bfc9580a18d2a
oof,1253,stead_event_01791,2c87f9a06468fae047adf6e5093ddc953237e04fe4c8be4c6df0603bd3864855
oof,1254,stead_event_01792,23744b648fccadfedff78f84dd6b2820697df73f985b8e96103ada5fe9e2bf43
oof,1255,stead_event_01793,e9371450f66bbe6b1fd9eede58bdd28ac6d2268a85e2b3660b1b3d2abbb311a0
oof,1256,stead_event_01794,f621028990a1d4db9a5db5a0a9b9b3127d1942baeb3700d29f9338006bdb5362
oof,1257,stead_event_01795,9ed202ba73a015387b4c9a93c4f9108200305743d5da272346b2d98b0e0432f9
oof,1258,stead_event_01801,06029002ee0b055a8b4c55396433dcec81c4770339f8199f0e17393cda504525
oof,1259,stead_event_01803,a31cc4b5b119c47dd8d5fe5e87fbe44400218746ac0a018105c69ac88ad60b53
oof,1260,stead_event_01804,7728f6106330bc5ce903788252fa27db988d85e8eef506abaaab57053d428a1b
oof,1261,stead_event_01805,6f379d1fdcdb1f20092d89f2a49df6a08b87dbeeceb4ec1b80c05b578327838e
oof,1262,stead_event_01808,6812e27550e0c87df4b3296804a910044ece0eee109c0618d0a1b2163b0f020c
oof,1263,stead_event_01809,068b48efa9feb476561647555053bfe482588d7ba9a933e23475497f94f5206d
oof,1264,stead_event_01811,7863614da6f438734b926a81ebc2c7f2c213b05ea4dbae018ebffab021100787
oof,1265,stead_event_01812,162c605131781c4e824264345019860eab3c9c2e8765d69740b150a95a10f9c7
oof,1266,stead_event_01813,48ede11a94690722ca8eb26370a19b5b0ebebaa17990314369c56439623be5f5
oof,1267,stead_event_01814,b9e6b67829c3c10456215ee9b5d0ea261dcf49b5434a64f97cbf412600049f69
oof,1268,stead_event_01815,1967451b902032f077cc74d57449b7d0089be305c28ba369ba0916d86dfbdebb
oof,1269,stead_event_01816,d17cb1ff9853d08aa80a83ebb125747203df6eaed77a87f22f391da1fdc195be
oof,1270,stead_event_01817,331e07bc0f4bf4d44de053040def7bdf84f688f7a27415e7d000eb1c30ec3409
oof,1271,stead_event_01818,b75b7010ebddc24fe6cf188d3e9252ecf898e4aac556d0cf4fd56ed2f4960838
oof,1272,stead_event_01819,846580d15bb68144c9fda74cb8d6a8148d520330f64bff2e1cb4ff4ae949d1ce
oof,1273,stead_event_01820,f7f4012bf647e2c680c819fbd8c7b07662360d4852fe370a4847b59f37a3e56a
oof,1274,stead_event_01821,35a97c0ef1f2a1d194d3885e8a191990bd47af194ce6b0bc0894af8e75e61606
oof,1275,stead_event_01822,d17db4498ffee8595055d3ef1191d3c465dcbf94ae15b65d42a5ee9079a6b508
oof,1276,stead_event_01823,1ed07325cf85f0b4966cf428a5204dfd10d9f9dc64e61c83418f686d32ccaf5b
oof,1277,stead_event_01824,cb9f61781f52295269df7962a3eb4a728b67154843c8ed02502b4b7090e753bc
oof,1278,stead_event_01825,a9cf2cb2e7d73b3361506f4d144ab40827b42462fd1ce0dcfee1963a6a1e89f3
oof,1279,stead_event_01826,56673cb4c6ece8c13280641b04fbde38bef02672becfbe1da6693ccf96a0e02c
oof,1280,stead_event_01827,e450e94f1226e494b1293c0259208a5458d842b849b0634c4cfe10f23958d320
oof,1281,stead_event_01828,ea54565e1b9ad5bdbdcbb645e9b8f47626d2713fdb1cc803c7e51c0f63f9af93
oof,1282,stead_event_01829,af20b93866d2d6a9097e9ec07992169e7faa023e9b2a852058b99ea11ee8594f
oof,1283,stead_event_01832,dc8edc3ff3292b827c1eba4320370b53e714f646ccd1f4ce826f0c6238d026f3
oof,1284,stead_event_01834,1e968edae8d03e5eaf88a4e7f4c23d39b9b91010ad6804d6de292db2a7c0008c
oof,1285,stead_event_01835,f3efbd5a4f05965f0bdf7026273689ffb73682fe04dabbc618ab58fc6772eac7
oof,1286,stead_event_01836,8793e5b612e79bdefa82827a787fe1da585a2217970473074e41ae27731b947f
oof,1287,stead_event_01837,683d53ce358a253a8fcc5cc79722b2f13b7b43d6e4287e6e3fe40abaebaeed1b
oof,1288,stead_event_01842,446adee1bc959af499de449730c217721ff993bd214f717fa9d169fc73bc4527
oof,1289,stead_event_01843,4bda18fe6fcc90ad8e967e6613e522f7f1b0b7515c34b33441d9bffee2a8a756
oof,1290,stead_event_01844,c85fc616d5f078c8798f746d95ab85f0c44657d9c7108e5180519dd6fd068c44
oof,1291,stead_event_01845,68fe0a1fc72c8c2c23025e4bd34d2452f1941daf7c595a69f3842f736db9b9f9
oof,1292,stead_event_01848,21f9c0ca95a24c02060372c2f958e1609ea85928cf1c65b86c1e63417309ac97
oof,1293,stead_event_01849,78fc0046f9d1fccea6968daecc799c32fe8749f926a889b47558d0760fa1b360
oof,1294,stead_event_01850,6d7b81e931596cfd4a87b7cac29067084fe59d66dd1a01f57fed216c8753ef60
oof,1295,stead_event_01851,ffbf369768ece2b4430b524ca58e499afa3d993a607c5c29e36015dc30c70e1f
oof,1296,stead_event_01852,0ed9ab088c2c8ca61be20dfbc1302a111a76da85990b1c22ac586d35c7e9297e
oof,1297,stead_event_01853,13820ec741e458c183aeaefeb7b41a7d4e1ea8c26ca294caa11d836dcf9c1e11
oof,1298,stead_event_01857,5520fe1fcb03adfafd70b6dfae6b6df334ae76e3e25cacd97a60f77aae818e1e
oof,1299,stead_event_01858,b0bed78bb401af4547b961d3916527d016ac0d922a22b9ba16a3196fd71535f4
oof,1300,stead_event_01859,9187cdd215eece9911f2ef40ffb0cd1ac50022d32a740e26a75a1ed7d0808385
oof,1301,stead_event_01860,015e5d71f0583af598a6af65c80a9a30beee8257a599ae1b8f173cb8423232be
oof,1302,stead_event_01861,033a12714ec1c0c16c1ede4d1fc2336505621502332f2a26d4c37e2be8a845e0
oof,1303,stead_event_01862,30af495509722a993998510a3997f4af3d362bfe2cb6383755b028d4ff780b5d
oof,1304,stead_event_01864,bd5ece072af9fc441261a1222bb36597294b47efd188bdb8f5af50522f0930b2
oof,1305,stead_event_01868,dc80f9be8e3b889419adee2c2f1427ddc41ba1d6d9d361b07d3555a15dbc890c
oof,1306,stead_event_01870,480026e2477299b3664a36208b429372159749975315e8d25264b8912093a2c4
oof,1307,stead_event_01871,b0249864579f5dd2ed03446ddbb49f09258f24a68df34ae502e7d63b15e770e4
oof,1308,stead_event_01872,500fce78d5e37d6464745daa49319c864955ed88d6cba000f47eede3e8dfb69c
oof,1309,stead_event_01874,8ca02768ddfab013e6955bdd887d1824119fb3a9e308458538ca0b186be0a3d6
oof,1310,stead_event_01876,82d81f65b64946119d3e67daede9a60eece2616347bea6cb8c7b0ed746951fd4
oof,1311,stead_event_01878,6cc86094c84200cc9884197ddc9f32309007fd652721764e8a0064247821adee
oof,1312,stead_event_01879,8c8850c814e8649661de057f8e1622829f64d3ba929c6f53a8f9ba6ae49e9ac4
oof,1313,stead_event_01880,3c24381d2c5f5a5b0182afcbf03ef045bcce384983df6a898838f2fe4547b4a7
oof,1314,stead_event_01881,6bfef90b7309476d58ad4e927e35b015d920085c4e846c57cbd89dae58e7a91b
oof,1315,stead_event_01883,edb0f857412569d8b82f1d96af961d863229ceda5ce08abf08889cdc63768408
oof,1316,stead_event_01884,ef21bfc2f6c1d316ac0bffd81cbce317a0d92058bbaed9f601ae125afa55ac31
oof,1317,stead_event_01886,64fe007979e28495407f46d66bc677e27514466e364dc869639966abc6c9c0a1
oof,1318,stead_event_01887,5114efaab64094ccdbc1ec4fa6d75723b2e2441b3580f85b5fae464c5361c698
oof,1319,stead_event_01888,1c181d1b2ec81604a2ca49fd50d625a012e2259df2a61f950060c37ad02888a2
oof,1320,stead_event_01891,6803e3941ae37948278712eff8476b8f50ad47fb346d86fb11f7677576a492e9
oof,1321,stead_event_01892,e59a3518264dd6136121f41e17dd126b23cba9d1ddf11e9d59380bc3b719cc69
oof,1322,stead_event_01894,56ab6f1ea4fc6fd0cf532b1d4bafceb515850624cfbca5a3d3b72f29fba99a91
oof,1323,stead_event_01896,6f76bc8fa97ad36b993e0ec114e908c6ad39e5607c03e69f869abae14bcd46db
oof,1324,stead_event_01898,57b44182d12181050e44176a766ca26f0c05626886fb7fe18b3052aa61825f28
oof,1325,stead_event_01899,34670cac430bd9d0633cefa0f227521b5d9c34cd5abe195989fcc65bcec279d1
oof,1326,stead_event_01900,cbdb9f209ecf603816e19fc3a4278cb6f664ca2fc3f92d0c67a663b0bc58d5ec
oof,1327,stead_event_01901,6aa3bd49ea106d0ee0d7c3b42c940030674dddf3af6e65773b1a0105eedd1de4
oof,1328,stead_event_01902,b51d457d2bf03d66616d5f1b02aaaebea6caf8737331252144161b99189b1165
oof,1329,stead_event_01903,2ba07b4ff0ffa493553f8922802a15f8fcbd3a966e6e34c33e368978f79469cd
oof,1330,stead_event_01904,2d2493c4331b13aa79360e6bb49e43a231ef6a42d05e435d186c051de9452afd
oof,1331,stead_event_01905,8dc047be8bb8ebfd41504221e848dd5fcb70135eec45741a985bcb50bb951f1d
oof,1332,stead_event_01908,d3a3623459ee62ead6f7bcad9d37db4f8c7b5e71cf0f2379e0cf03fe6aab3b89
oof,1333,stead_event_01910,71b6bf359a6125c67ccd52d57e6a985f13b0efe686739ef0a45ba7865e677e08
oof,1334,stead_event_01912,fc4746f2aa0c36f3f0330ae25430479744d9a4b653d709fe29467fb1426b003e
oof,1335,stead_event_01913,7c4f69cbb10cbaf5e3e0d2bb8a90a0b19d7c45109def69f95242d236f6de4b09
oof,1336,stead_event_01914,d90bb6a15cedf226c6714fa54108b9cfb800bdb45456bd08d2245c5fd007e3e5
oof,1337,stead_event_01915,d9f8c310df5c3d8b3a10385f3f81540d15c7b2ad92a112b42eac965f4fe26cb6
oof,1338,stead_event_01916,058f5270d8817d6233a49a0c79769972d8f1cf36c1a09b067fb3f36314fa9d18
oof,1339,stead_event_01917,7570b3d49a9e771ee4d6157ec25ae64410a3b0fb7fd0f6637595f811354db8e6
oof,1340,stead_event_01921,b30f39f4ea84088d267763651f1e9a2954a6fd5253c20d550b42d54997f49a8f
oof,1341,stead_event_01924,fd7bcfd3e36113c443cd816df1b29f79572e3e746422cd158f2f2318aa2832ec
oof,1342,stead_event_01925,b377248d20297ac9daf04c6c27cf6e08db10e4dda14668b16276eb34f4b298a4
oof,1343,stead_event_01927,a6de1c45cde8842c38e333dcd447086434e7f88c7544d2dc437aeef5e478cb73
oof,1344,stead_event_01929,7e6418934ff0ff762fb3c919ebb267cc188285109765f111a6953bbb68eee7fc
oof,1345,stead_event_01930,8332b4c1f4eda9a366d3ce7cf0c293b2b6e53f5a1090b8bc8e588d1316576bee
oof,1346,stead_event_01932,c78dc8a6d970afd00d59a0157f1b2198e607fdacbbebc687ec7cae8e3873a1d4
oof,1347,stead_event_01933,95e8b7a8f586350904e6ac457bcf3f102afc2e1fb2efe04f94e6779ab0a0b2a9
oof,1348,stead_event_01934,66ac30a582d2ea71e13139c79fdb758f4425661185c737f63c3c5b9cb92c5d43
oof,1349,stead_event_01935,310faeaf8980a23a1c47983e906c57cfd57e01ad070b44b22467e4d0bbc726a7
oof,1350,stead_event_01936,4e70a97c93b287967513725f530fd8150c1a96b9477c3465eacd2b06c8cfdfaa
oof,1351,stead_event_01937,9d2d57ca7c599c369fa47aa967672020aa71ede4bcbe6984f406fba13b034b16
oof,1352,stead_event_01938,58febe6b9f2ac3a6c496b084584166c2284a609ac9b5e07ab20f0b0eef852e8b
oof,1353,stead_event_01939,f7c06689bc4137a4dd2212429e3265f4f391e2ad1d6b0d324bf1600a4d330d3b
oof,1354,stead_event_01940,36a91d0dea87a99523e24b189a9ad36fac34a573373d4cc083097d996d5d1d24
oof,1355,stead_event_01941,3ae4bba6e7b81608b53ed5937e9e8210a477f74d0f821d09ff66cdacb55bf73d
oof,1356,stead_event_01942,b87de33fccb56c643ebc0221f74e16cb4b745b1bb694aa3ad2b541888d12180c
oof,1357,stead_event_01943,ce390900b2775d2748983d0723326f843659ae01c66b6d6018e322a848bf39cc
oof,1358,stead_event_01944,948e2970ec50ad1fc93df22356cef7b7aa34b1ab30825df73d7cbd0c481e8660
oof,1359,stead_event_01945,b54ce19dad8a2f4c08c676a7c2a242e525d1ccc4717816e002ef859928408711
oof,1360,stead_event_01947,4343f5839cac3fb208eb526ccd5f204631caeb33b65e1052bc4d356e6bd192e6
oof,1361,stead_event_01948,21a4c66942b1f957946b82e7be88dc33d719c55145cac535be61a11e946cd3e5
oof,1362,stead_event_01949,a017c85e76e599792592ad4ee9414d141fa4a42420ef55fd3d7f3e7da955bec0
oof,1363,stead_event_01951,6487ebe9bcba2f4dcbd455b72d1378ec1fe95137066bd9a85cbaa612208e028f
oof,1364,stead_event_01952,a9da7d3e611f517c393bec629aafd5baeb8ad1387019e868aee25f59b94a78a2
oof,1365,stead_event_01953,3ca2a4dcc456a17c0500736e41e9222183f5715e9016e2bfbd164b828c6b897f
oof,1366,stead_event_01956,6c98940dbb01518757a60eed494cd0b55d0cfc6423b2d3ea10fd3428b79e3249
oof,1367,stead_event_01962,b9a94047f8205fe3194db03a1bc8a8fced6bbd920729a8819e3513d2f5ed7fa6
oof,1368,stead_event_01964,a06acc6275440be5ff546f5cd3938ccb09a374e12417875e3e2b8ffd909e51a9
oof,1369,stead_event_01967,c1b457a719b8bf32c93e87e18804038a4e2d38bd0fa618daffe39fe25456b249
oof,1370,stead_event_01968,70134c0a1e0ce5a45d0ed776c1813554f0ab85aa5a17d7c4c781dfea7a01075d
oof,1371,stead_event_01970,039c9c5df6e720f0b2f3f76b5a1e54dbc1975655df8de6fa0202292157deac83
oof,1372,stead_event_01971,34769809947830564d84c1ca7a9916013b8e9026946f630bc158faa2ace1c30c
oof,1373,stead_event_01973,404fae85cc8cda326fd0d7f8c2c3f6c01cae6462817481aaa5d2b3681b941a1d
oof,1374,stead_event_01975,8b4ce3e0c22e9f7f614e486ea2cc368573cd2300f2400430f7dcbc3d43b4b41e
oof,1375,stead_event_01977,763a5f6689a5d0cefdcb83a146a1d67b22e07ff68621161b4ed51c4eafd5714a
oof,1376,stead_event_01978,0a832134978b0544a4a35c1df8586117a7fac75446be4f60833eb7b11ccb974b
oof,1377,stead_event_01980,44ac19b2745005cbb6a51b7bc0a36a424edde23861cb35cfd1c219f288415278
oof,1378,stead_event_01982,58c07d5da1664f0967c9f8cddf4ad1fc055e2f443d8606a467cf05136d94a3dd
oof,1379,stead_event_01983,ecda65f06b894b095cd081cbcd3fe9147295411fd2a472555da2a4a59c538b4c
oof,1380,stead_event_01984,d2032d92c8818b4837fa99cbb6fcbce93dd1db3448980982f9cb6b56328ab29b
oof,1381,stead_event_01985,e505815aaa8bb932b779416a8ca5bb1617fc55c985541613ab081f9b2658a8f8
oof,1382,stead_event_01987,fba7c789cccb8e33db8d87534dbc3bf6b9d58eb89b613c4aa0e3665803680e7f
oof,1383,stead_event_01988,9d6d8177f654573a5cebe76695fa927f680c77d9aa8e21cb44789666ca7350e8
oof,1384,stead_event_01989,2ae5c62bdc9fccbc7996f9fabffbabe118136c4742a9afafb630643b5f85da4c
oof,1385,stead_event_01991,4d0402b52988c7339565b46e801ab9c44b47bd9a1751718f79dd3b1d79a9de62
oof,1386,stead_event_01993,606df68b0fac4e6ad01eb4e5534fe5dbedb2a305470df91c96bd50f129a5db97
oof,1387,stead_event_01996,e8f5602d098d41a347b1c2c7374dd3cc760b8a9a31dae7cb0f701379bccf3e23
oof,1388,stead_event_01998,e4dfda648f9c055742818bdbce06d5372f0a6d3b652a35cdb09242f6737e2e5b
oof,1389,stead_event_01999,d84ccd35749c9c22d857830f1e436f7e08ad1150f0555affc2b6cdbabd1e4189
oof,1390,stead_event_02000,9ab756a01899d3f8bf51585ecc8a1c2bb839637d60fb0d705038a4ac9b85df04
oof,1391,stead_event_02001,522b1143f369a4e7db9e78415d950fa1d5e82f6d3442b351f7c5bf4ed57d4c7d
oof,1392,stead_event_02003,8bc5beabbe8bccb931394684473852ddc20a11d5ecf3d03f543de1f6a5641c51
oof,1393,stead_event_02005,c1a7348d206c687ea2daed32c2b5304e6803753c3e62f104a597e329f34a2b6f
oof,1394,stead_event_02006,09562b017a68b0fb1a607dcd67ee345dd8e365e8cf4c79c5c3841577e88471bc
oof,1395,stead_event_02007,e413f3cc40dbbdf78553ed097db4b0d41ad0ca4b1eaf0b9640bfd8b5f381d3ab
oof,1396,stead_event_02008,a933d7d606a50ef1f844bf85cd591c25446c41bf473b329875b71ed63dfb6e30
oof,1397,stead_event_02009,664f2a41649af78321f6b9ca70333e086297ad2b4e4f5e2368ede4d72fee7953
oof,1398,stead_event_02010,eaf79c1f7dda028807b3731bcb483fe5ecc1135d20dd593a1726088964f0e010
oof,1399,stead_event_02011,9961161818ad3bf15f6f38cfccda20670283ad91c7f40c8ec5cb9fc0aa6f4618
oof,1400,stead_event_02015,b1320c0a66fb417ee78067c723d3ae9ff69285b4d43e128c813806c00d020f36
oof,1401,stead_event_02016,a2c94ea6a0e2e71e705e1767c1af348e46e224954503dbcb823b35c6512596c8
oof,1402,stead_event_02017,b3559d1683ab54c5be692445b8e5f0b07e2fce1e01fab02c6f1ee0a13c953d12
oof,1403,stead_event_02019,41ff52918078b84ec986025a633db704dfc7c87eec3b7b2309b93167e155ee78
oof,1404,stead_event_02022,533bc926233b3a71fdc7dfdd0f3b042e0bd2948b7ad0a6596a92b64bf78867dd
oof,1405,stead_event_02023,a5f53e738ef3aad0be073a684a5d423a59fd8663adef91eeff569129f343e9b9
oof,1406,stead_event_02027,988667d2fb93e9090822e28799de97a0f2fb3dfe691b542f2bcfaa9589c1e553
oof,1407,stead_event_02028,396f235b0e47143ac48d0d2846d20b43dedf19b09807bd08d64c9be7da79a273
oof,1408,stead_event_02029,f93ce1325ce6e98dc86f649a190944d6ce0b6c2006d39c66e079b9c6cbb7534f
oof,1409,stead_event_02031,fd5841ed57bc23df96c5f3310ba7396c30160aa798dbb214ea5211ef906491f7
oof,1410,stead_event_02032,aea08cf4ef056ef654cd570dfd491df05719b5289b814bb7fbdaf6f50cd4085a
oof,1411,stead_event_02033,9e5920bff1320e098c7ddb2e6ee406b2ec4524a0733a7a700ad6aadeb7012792
oof,1412,stead_event_02034,203947c3a8044b707687bb41ce02f6e1fa54cb042b662ecbfb65588204d92e99
oof,1413,stead_event_02035,1858dd51a85a85d040c790acd441dd5706fe9488e515e6b264bd42b46dca63a8
oof,1414,stead_event_02037,5c495ee4ccf8c3926d402bed31be1879d6c7ffd8681924bfde141efbba84f3a4
oof,1415,stead_event_02039,490ad10c16269d5a4cdd72e70bec3dd5cc2bb5f4a520be210a0ea3709999a794
oof,1416,stead_event_02040,4096ed47ffc27417da294192fd1b690d9676ed6f17ec791f9a10dd216ea797ee
oof,1417,stead_event_02041,71545dad9b91ae4a71f24fd0563153ce7cddb7f6f1ea84018832da2be0945d7c
oof,1418,stead_event_02042,e76a78bd9bf46288277a36a25cfb333b27cadd413b035a751d2372b767cbb34a
oof,1419,stead_event_02044,c2225f56e76472cdf807674f76a8b1d3d41861bdb15858983246d7f7dd3c6f70
oof,1420,stead_event_02045,32838d38885e50939eba504e9cf44ed1bec2c65221c88fe71e02b4450628ba56
oof,1421,stead_event_02047,d07b5da38d0b7585dba6e2660a7cf6e815c16630468cfd1ad4432cfae11596b1
oof,1422,stead_event_02048,f25e8c940382f678585f588e3c712c1f5e0c0e138e5eb722b823c7835b0908d0
oof,1423,stead_event_02050,39dc2682e8bc876369da85cb5d3a43b4835eb9213ab5ffa76f8335b0bbcb9785
oof,1424,stead_event_02051,6dfeacd5c1f16c2b80b928d3ddcf3ce7bfb20a583a062609dc883799722a9a55
oof,1425,stead_event_02052,e30429f5c40872ef639b604b82ad9fa28b3bce3d97efd7b30b6419d4aa68f404
oof,1426,stead_event_02053,ee8a78f237523261938a2325b9ccb18a3d2c4238d8b225e41e6913e9ff822481
oof,1427,stead_event_02055,6bc2aaf7ab039aae3f514ca1aaab369b1ee779880eb720643c7f53be4bf05585
oof,1428,stead_event_02058,cbeaa3b74b9cb0f24f0810b75ffb5599db57a76260d00c21edb3e1f8a53d3f1a
oof,1429,stead_event_02060,ec97506e9b7cef12995206a18a1733cd495715596d1037407f2b395e1a19e80a
oof,1430,stead_event_02063,cdafd6ffaf4d89ddfe054ed7b0a217a4969360e44fd56dd97840af434f7a88bd
oof,1431,stead_event_02064,5a9a79862dd685ecbfd793760f757455d37d3bcf2397104d36ed4cdb8617e40a
oof,1432,stead_event_02065,5582fa86d7bd75caf9bfd51d98e37ce9577763b53abed9696ed8566a1263ae92
oof,1433,stead_event_02067,18bc9f7dff934490893e17733d601bed256ea24e49c9670a2da9512066259091
oof,1434,stead_event_02069,4b61cb2fc756ef71b6951c381916489c52ee5b2c674e63e7a53c8abf9a58d7cb
oof,1435,stead_event_02070,e42e0babfa7a6bbe84bcc41fdc426fe108a8dd30439a0a377507f1ed25e6ac8d
oof,1436,stead_event_02071,54703ba580dd58ff31021749326ba7e1f3f62bab165a940aeb59dd6f5d2ab8da
oof,1437,stead_event_02073,86f2b70790f017a9cecdb3de60dbd0c62d71bab04d5f573c9eb05c38187f1cfc
oof,1438,stead_event_02075,34a6837b5f26e7330bceac6aaf465744a2c4dbe0e7fdccb1e7a5a0c6eaaadab7
oof,1439,stead_event_02076,429a4ae79325d498153f693aef4521d88a2efd44063942153c509ac3497f7e3e
oof,1440,stead_event_02078,1019485da8fb76b84623346d74b70c5bd347e396c1a59c1820c309e28488c9c0
oof,1441,stead_event_02079,2d1967458475229d5f2b15446b9f1a40223d349449bc66b41f9c7449c7680eff
oof,1442,stead_event_02080,36509521d030e79e4fae73cd73e1f0e81dc22b7f8d276e8d87afd327ec5e86ad
oof,1443,stead_event_02081,5078175e60ea5ad419dccd2a98b37d046a6dd579ce149b3a885bc265f8aa7f89
oof,1444,stead_event_02082,5c066b1f02ec8d4ba6fd30007520729f0d115ab3538adbc7cd21a5ddb20ad184
oof,1445,stead_event_02083,222961bd5bd362037a275f174a6a7080bfd561d1d25ce38c10de24c1a3f41b54
oof,1446,stead_event_02084,351fe78b0263ff87317af57ec65b6227c2e869642ded595bee5837ab6727118b
oof,1447,stead_event_02085,2300ac721384f729dfb8240ba26d15acb9a1e232aa7002d7025f24b900bf71d1
oof,1448,stead_event_02086,5e551392c7f986c7a2b62f8e394eb806f13947517509fedb885da654199e23ff
oof,1449,stead_event_02087,986eb181e160361ce240525bf0542194771bde52d83e4d5d07b2e15c8c5fe75c
oof,1450,stead_event_02088,f9c68a98e2917440a9db7612c6001a50e0f4a14f4486dce9f1604f11fb1323fb
oof,1451,stead_event_02089,3aeff66da85a0c43fd389233182df2bcdf2845f3ffe624d064368b4321407a52
oof,1452,stead_event_02090,a1276cde4e685ebd57c615ba3aa2a96bedf1569d645761e07e53dac687a91607
oof,1453,stead_event_02091,a7136b68f10a5fe90b834eb65a0dfa0d97fecb477bb6776664fcae2069034a7a
oof,1454,stead_event_02092,c123fea15e39da968dcd8e8a8b9f91bb1d0b62aded34d8754ccd964109a266f5
oof,1455,stead_event_02093,e4bc55234fef03c2e063917d79dd140bcd72e8a01af4c48aa0cedc84a1e961bc
oof,1456,stead_event_02094,adfaa9f243317370b5750a22dbc3bcf89398fb1b6822d52795a5662e0b8a243b
oof,1457,stead_event_02095,8183ad99a91276c440a3048909d54cb38d2c3178d41b436a02ac46f59ca9e28f
oof,1458,stead_event_02097,0ea2ba00e612245d2fc9761391eed6bdc005df7cc35bc125dd464898698b91db
oof,1459,stead_event_02098,fc47e81bcf225c9f5846f3028fc500fc7c544f419f2c4f7c8d3786d1ae8263ba
oof,1460,stead_event_02099,0e481ee67afa215b44f5b15efa9fad90155a3fc83ae07a89ccadbd2a42b0df24
oof,1461,stead_event_02100,0bc21a6abe0b4580035687df6de769229479d02872320ea2c675ff4e38e4b1b8
oof,1462,stead_event_02102,7c15afaccc79f50b45baa5020df2dc99590c28ae7371eefa706494e14433bb77
oof,1463,stead_event_02107,459c7be518cc84b8047c4e5405c07d77675573d0769c743322a6ef46e310ebca
oof,1464,stead_event_02108,4a5f11f3701f9417185328461a7b71f570a9256b57e87bfc89b1995940e3a788
oof,1465,stead_event_02110,760203d4553caab273f4c76c9bb6759f726d2dc6d090fedeb8af5dd46e301cb3
oof,1466,stead_event_02111,c04388245a689d0fa22d1554f346cdf0296e5961d8558c1c46fbe60373e26b61
oof,1467,stead_event_02113,4472f46bd6703be63cd88ff7de5c50a06b9e66f642dd8991a483d24f6d8e1ae8
oof,1468,stead_event_02114,3d5e917be66189179ae0246d15a81f63b8028c75128a9032b497f371bc2fcb3e
oof,1469,stead_event_02115,eb0b4aef68e09726913effbf58038f38d727160bfb048f7c876cd6d44ab44e6f
oof,1470,stead_event_02117,2b00c2de28c11208a5ed6e72df93ab296214fc0a28c52a5486f3cae160e26016
oof,1471,stead_event_02118,b9de390766e7f193a6acb90f605e9ed3cd255ae62dc7ceb790dc7e4a6277875f
oof,1472,stead_event_02120,62bceb524abdddd41c154aafbc6924976b2dfae25868c283c4864876bab30044
oof,1473,stead_event_02121,e01f11fc207c0363ad68ae691a502b74a279afdeedf31701ce04e73cf7f0046e
oof,1474,stead_event_02122,8276ac6804e96bf9ec766eeabea14e61a9c44140f3a418ad8e0de299bd63a012
oof,1475,stead_event_02123,bd07960a11b45e9a77f3a80975f2d6859eb180903ac1900666ea50afc845bda1
oof,1476,stead_event_02125,7d53de0138aded816926017ea46bca48cd1450e6b2915c74d10e4aa6b4a8e992
oof,1477,stead_event_02127,100ff481b25f50e9690ee59187b7c40df21f26b33aa84d12abae8dee0870d64d
oof,1478,stead_event_02129,ff64d66f521efe4d9f91455da75dbdf682f10545e55e66514a9348e1cb043294
oof,1479,stead_event_02130,480bbf3a29e976b5dc8de6280013ab621fdfd694eac4eaff2e22aa33eecbc7cd
oof,1480,stead_event_02131,7a6a9925e26def623fc166b0755519b50ec3666bd12c922b001b0ef59f427335
oof,1481,stead_event_02132,e1c2be75703e4dd0b3a0c166e0e0fa8778eeb86a54bd69b4f17b84c71b5b60c2
oof,1482,stead_event_02133,1e3362ce9e39126cae07ed8bd2abbadb2912b8bc6f4d269db1b15612fd043d4b
oof,1483,stead_event_02134,b5368ace7c758d693f5d1f2cc07b28bfe1d9154276a74094e5501651b15d3484
oof,1484,stead_event_02135,b9d169b28cbe89a4610bc504d44984b6836aa7808bb72a0d619c95d382a75cbd
oof,1485,stead_event_02137,11e1627d845c03a6a5f59f72ec108e1a63637feb3e7a7d3f40012926355eced3
oof,1486,stead_event_02139,5e5d184b9f7188d70e25d3b2565d116cfd3a23d3b7d6a42a43813e08e60b81a8
oof,1487,stead_event_02140,2da25be73c5ee8137606bb599fd5ae5e17dbb82a2bc16ef5df957d96cd80efe3
oof,1488,stead_event_02141,f442f8398f3aff37132b21fce8713010358d86c3ed82fbe515106cf715b4c5c9
oof,1489,stead_event_02142,1472486e4ad76ae9edff048659235ec0c7e02ad8fa64c6b98e515b06b1756ad7
oof,1490,stead_event_02143,050c048e040549872c4aa91aeb79b9680537facbd1e2a8ee60e0cb04b5566d92
oof,1491,stead_event_02144,bfbde3fab2a7eea5b7ed4820fce992ae507ad24b973b878960b1d185df16ba27
oof,1492,stead_event_02145,97334e19bb4ebe096b39cc441614ac41cb7d6cb2be8fad5c5d596ce270fe5fcd
oof,1493,stead_event_02146,debf27baa09cbc3323c4da4fa01f0d98c7f8fa489fdac3aaef3781956d6e5530
oof,1494,stead_event_02148,754220a816d19f5bb67092c1bf40178a3fd6e460e82f47ff1e4563fa002f7b07
oof,1495,stead_event_02150,68207b90c3b57bf6c9cb4a3705d583054f8968c9035a15fdccaa09944409ca51
oof,1496,stead_event_02151,b3132c61ede5686c26d6bb0b6ff382c0329510e59940758673feaae46210a179
oof,1497,stead_event_02152,673af1f634b3e70a0e5d13831b798b26a35cdf42dc8a262bfb2644c74752b4b4
oof,1498,stead_event_02153,341c13efe592ac147166a1e1ecbef2e5aa785963ba6f2c59f9696da92cad1c81
oof,1499,stead_event_02154,007516d83cb69e1153a855038cd8b205160870067d6795ae94358ad90e612d42
oof,1500,stead_event_02155,dee8aac0cc229ed2fb464e95f17613836bde04f42d4c80a427544ddd2ddabf94
oof,1501,stead_event_02156,4f3f64dd02256414874a8bc208cca96983310a7586c00bb2fcea4843b6e7dab5
oof,1502,stead_event_02158,6d31df8514e1a7fb4e55a185a2b0314338603cc8af0afb66eeff8ec9af969da6
oof,1503,stead_event_02159,aee9dc6aa62b3713996bc19658bd9c9ef01c86c6f5e143c4344465885f70c3bb
oof,1504,stead_event_02163,d0c3cdd38a667261e48fc0614d571495a1cf51d235026c67c6c5eb2a9e1ee3bf
oof,1505,stead_event_02166,f9ff3f6f2c3a4384eda0c9e5950a27c45845fd8023c31a9270ecebf90f0d5117
oof,1506,stead_event_02167,fefcd6df04beb900d6ed7d43ebd086c53a5515847453a67b91b598580a5fa4b2
oof,1507,stead_event_02168,ab53374cc3f7c77b6b7f5a579e246c63d53f80c58d4b6bb210ce1182a824e608
oof,1508,stead_event_02172,d0954608ac8ce7c912ee14789268253067f39f6c78b4457e4269cbceb76950f5
oof,1509,stead_event_02174,8707635abd44b9e26f55a3986b2d5ba0cd8475c9004395ceba59fd224481467e
oof,1510,stead_event_02175,2e95308e6005cee3a55cb1a003267fc2c4821df1b7f4d81fefdbd8e7fea25a70
oof,1511,stead_event_02176,3286103bd36f9dad7c2ded997e1fac7268cb08d4dd20bdf9b298e67b6f4fff42
oof,1512,stead_event_02178,4f616e38afb8cfedcbaff2ad99f63f6e3712b3341ed8b15a2099b0b769b0d0b4
oof,1513,stead_event_02179,41fee359c2b05c874cd0a35e701019ef2916cd4afdd367d66c2f640a49e59d4d
oof,1514,stead_event_02180,deedee9dfaf041ef4f523e4a1d15e5baa4994e383779af9c317724cc20ecf9ab
oof,1515,stead_event_02182,ae32269a62de8647ecae866a361ae9c7b1f685b9562bf9e95614608c895e8adc
oof,1516,stead_event_02183,b06dd7e941e0aba3e213a5615bfb4f64a272dd9321646f064d4120fd86ec59bc
oof,1517,stead_event_02189,031b923d86d1b10658db796670d149d3925bb5ad401cdac67b474901248e6450
oof,1518,stead_event_02190,8492d060956ec86c5ce114e45dd2c53d6f2a3ff8e017c8505249f94d91506b98
oof,1519,stead_event_02192,a878234a1d30df357cee0f88c7a526b155a5b832986637de58e1f54da90b4787
oof,1520,stead_event_02193,e483376fc45425d83c6cb075e27f3912894bc0883d9fb8ede20f1f7f69d24d84
oof,1521,stead_event_02194,f868b1021301d7f8339dac602e8ecdcde02112fa566f2de35022165d6f942a38
oof,1522,stead_event_02195,426a2f17bc31aec03d7c585c09e4b72b33d016abf8cb171137fe729556d9b6b5
oof,1523,stead_event_02196,225f4f29334e7e235981343c62adf6a852034ffc843c679b43b07f5709134116
oof,1524,stead_event_02201,19a052c042e0779acda7a7fb979e061e08da032d61335628f09de1087b21f65c
oof,1525,stead_event_02202,674b72fadd6bb320e3d0b4c7d1d3f9f4799d94aced37795b0654daf40568e565
oof,1526,stead_event_02203,416265d37468671756ac8f7b8d8799c51699b9aedb7bbfd99c94c9dbc4bdb84e
oof,1527,stead_event_02206,5f36b192c7f390ac5ebcfd38055b2f8c3c192c70fd1bd8c02dfdcb1c9a1e8407
oof,1528,stead_event_02209,0a94a1b8cff1d81a7b8015481f6faf5a1f0b785d24b902ad39f3fbda45f8b058
oof,1529,stead_event_02210,84e9b16f54931e2d25452ec83e787932a6be768212eeef8c27cb29b1032f05f6
oof,1530,stead_event_02211,0f1ded02bbf7b95d5ffdece4cbd25a3d9f65bf4a2ebeb03155a4831c9c4e0d39
oof,1531,stead_event_02212,82299b17e1076d87f499a26c4b47c8bef5e108df7e79fd27ad645f6558e52843
oof,1532,stead_event_02217,2dc4cd01465725d7506e1c1da2a085d4b2af2e897ffc4f169030ffb3bd4e57a1
oof,1533,stead_event_02218,12f15384c73992608ef4f07767ec215091fc8a3f62243a26efc2bff1cd2efd24
oof,1534,stead_event_02222,6ed7248e9c73cf9d82994120abd02d8e1a145e8fe87d20ee5f7c3130efd4b1c6
oof,1535,stead_event_02223,25ec68dab51d8122795504a9ce3f6606f211ea3ede96cb40ca737b16b29ec3b5
oof,1536,stead_event_02224,17501c15b4b4793e1e600ee7ad01c13c8a2d16fbceaa47a7b301db33d50f1313
oof,1537,stead_event_02225,55510d8e99eaa8b7a5c4381b12d218b64ad051170bb9c067aee2630e02b57a59
oof,1538,stead_event_02226,32e6db69580589630b2ef8adf6acda0c9cf877675d88efb8f5d403235a6ef715
oof,1539,stead_event_02227,ae321bd2ffa6817d6c2f42390326f8af747ea6862f9bb1f731f353a41e78a404
oof,1540,stead_event_02229,e26e23a534584726b8393f84937d25984299cf161951ac312aeeb4a0002de587
oof,1541,stead_event_02230,1fc1c5b0ae69a5a563fa220b3f9f33e7b5b720db49f298fa4d31bec53e5f0b02
oof,1542,stead_event_02231,b61f55993d6f778c3639e0b10ab148b065c82054687bee2bdfb907c102745149
oof,1543,stead_event_02232,1e6d9a12af693d1ce4c5402b321d2a9ec3044d12039ddeba90daafa9ef2ea4bb
oof,1544,stead_event_02233,2259bb6ebd454b7c7f0c2fb823130ea4a4ba0f0aa564df6fcd453aa7fed2ba15
oof,1545,stead_event_00000,3a930b5d9949b7fe0571231fe205130e4a01c4ae36b96421bd0c26e757188b08
oof,1546,stead_event_00001,87e73fe63ca7b730a0b776989d34975258055805b3f27156ac78c193d576e1ad
oof,1547,stead_event_00002,04e17b9f8045f9186150f7736a68cb73310bb1e893efb4144d12574e727cecec
oof,1548,stead_event_00003,71c9bee5f44eacbfd16e09d753557c5bc95bf3e5fb8966ce00d57abdaad0bac1
oof,1549,stead_event_00004,e69a94e7ce81dcaf240955145974df56919484778f5628ca5fba0974b0fb7445
oof,1550,stead_event_00005,c29aae5a0fecf0742b6ed43337c8b053be032826a7109643e23ac2854d36a34a
oof,1551,stead_event_00006,975b2096b36cd7b53c3b61f1b168f6de1bdce479d83050301f0960ecd9a95559
oof,1552,stead_event_00010,d3b8a0add1dc8d36b1d25b07e70e88b75910d933d2bb1f5109db7d3bfdfdc65b
oof,1553,stead_event_00011,7c46cbb8527006be66008e68dc639a90b87feb83858c441f48ebbcaef8379429
oof,1554,stead_event_00013,ba23b450e8bad05185ba2c49e8a79183337cd9dae87883d19460553d1388e21b
oof,1555,stead_event_00014,983c3d0e93d99e052252d8ac4d84c26850bc35cab66e146a03648a0b8d62bbad
oof,1556,stead_event_00015,c2b853398baa069c281aa45d9303ef873e6fef532286edafcfda7d31ea1a0f43
oof,1557,stead_event_00020,b8d2905d895a0007c7cd5e340dacfe1de1e7107d0087a77ce0ca5865d75e44ae
oof,1558,stead_event_00021,e0ecbb4d45372bcb8f2e7441740234136b2027c51ef9de8c16061a1f46a1dbbe
oof,1559,stead_event_00022,4acd84c818413ab6a2fda08ab2555f14a997b26cb343e94421ea25367385db09
oof,1560,stead_event_00023,43ff8933b6ebe4bd991a2cf1d3aedfd15519e9c45314d324c437bddb9255bc6f
oof,1561,stead_event_00024,bee1285a9fec8670e35156e222524a5f3ec1dd785dcf8ee85adbc1768a2fd907
oof,1562,stead_event_00025,77428dcb587ca25e8b1aaebd7aaeddaaffe2c3c6919277b131f5fe1604b7607a
oof,1563,stead_event_00026,48714bcf4d90e9f95c8ae153419a63e1f463a372e993f8959eb1a9ab04522813
oof,1564,stead_event_00027,070ea4df0db86ba9ad36eebb37a722dbcd874046b66a68c7d766be44b391aeba
oof,1565,stead_event_00028,dff8f298743870469bb1273f66da6cb19e9e37327cbeb3d9d5341bd854ff36f5
oof,1566,stead_event_00029,758665bf97f228a0b8c9e9db98febece5b6338e4119d60dd6b93d86a642e3a8f
oof,1567,stead_event_00030,8505411793c29e9416b6c8526617b17cda4d97f7f2f337794bd17fb78006acfd
oof,1568,stead_event_00031,97e4e888a483a125f6d0d166acd8fbc2f6780c889955a4717b349db7a0c222bb
oof,1569,stead_event_00032,fd26f0654cd50d81b71a240b872420e1ee7594e1eebedebe23ae5041d496b0a6
oof,1570,stead_event_00033,69fe2fcda7d67088725f38420cf6c42e49f71f905f497442717e7cdceb9e2b1b
oof,1571,stead_event_00034,e4b0ca221fa8b28118d3267be810fdc4da70a6d302343a2751260abd1a84199d
oof,1572,stead_event_00035,0d67cf5b9a0766efdef4fc6234b01a6bee64d54c459f64f317d487acf26604f5
oof,1573,stead_event_00038,f94df64aab8a567d880aabd11b431c995cdfbe31cd9f12f9b69b161de71a7f19
oof,1574,stead_event_00039,e369bf7f53b67fac3468fdb343890d0fec2b08b6fd676cf3ce0c2263f92326c8
oof,1575,stead_event_00040,d4e94889a75dada9db49b6e40a0295b0579272280f2734cb12fa357677ffa039
oof,1576,stead_event_00041,a408382b2ec19ea1df0544f15babdb0c1e5683957e787cc524d79bb415399341
oof,1577,stead_event_00042,0c75afcf6d695323521c29f0d457cac2ed5ffb0de0d3ac0c948fb24e086d9bb8
oof,1578,stead_event_00043,1398db8858f20969dbb15f59d0c464fcf1a52699d02c64980221d3c10b61c605
oof,1579,stead_event_00044,6f701435be97c6a80817601bbd6316f7bf176f190d74266465b5b1de2c70de25
oof,1580,stead_event_00046,480dc9ffb0e4831e3855c54ab9670c87027e113d1c4023078aea2fa8428a07ac
oof,1581,stead_event_00047,ff2ee07863eaa255b05d8e446efc874a011d6f02fb37691653a09f8274f8fbc7
oof,1582,stead_event_00048,1140c5a94b9516844bf44b907ca1cc6ee2f9e44b340923eefd009614ee65fa89
oof,1583,stead_event_00049,c22ed8b842781dad9107d6681506656c455bb713de0e1cdf7d8bd1170b8c16a0
oof,1584,stead_event_00050,e857044cb68a121cecdbd04dec7b926163c5ed34f018da1d492e248d1bc8b1bf
oof,1585,stead_event_00052,686cbdbca46fbb39e4320ba24826d03e8a6f3860d06e5982c2e6836cbe062962
oof,1586,stead_event_00053,8c022e04b21a7a418424cb71ed7ab0a05ea00d51289e1017e2b1daf1c15cd748
oof,1587,stead_event_00054,4e021f66ca3f06d61f1e96b4abe92025a057b5e2a5af9e41ef1de9ba1562471c
oof,1588,stead_event_00055,c268bf7a8bfeca50e85dae73e4cfa729e9196ede7f228038398370f74857e1a6
oof,1589,stead_event_00057,28377c0a3081e713657ea24a32620dba69ea900980962fd13fd62d6b662dd67e
oof,1590,stead_event_00058,613ea2edbed5c9fe85cc3259efd30bb0367051fed58e030eaddd1dcbf53ff0ae
oof,1591,stead_event_00059,0cf435dec09234e54a8fcd3118398b45231391450a2ba171ed985c9a2dbf42a7
oof,1592,stead_event_00060,269769c12b1ea6d9998ec9482ee2c0a878323bc1cb54844762604a380a755436
oof,1593,stead_event_00062,3367013e5d992906299adecb8c0387e25bfdad67946f217b83f707a4f839f8ac
oof,1594,stead_event_00063,37fb605d4c0ebb454c953fb3b8e0a6350d241df0402991f4c8bd8ed017300dea
oof,1595,stead_event_00064,8bce56aaa66716d4c8a040940cde7be2fb7d93314291b906aabc8303ca6e12e3
oof,1596,stead_event_00065,798faa2cec2aaedf1c96d9379dcc9f542f14a6bdfa4be1ed180eb584056dae28
oof,1597,stead_event_00066,8b005df453b7f2f98369d9ffd57e1f2a8f315e5e4624d5154ce869b2727e0c5b
oof,1598,stead_event_00067,9f8f87c45e2c9c69567fbcfc3c2dd7f5f6d7d9fee28f1368167b2025a4cdfb2a
oof,1599,stead_event_00069,6f7a6cabb2d4bc95bc7287181e11c8728f650759a8523449d8ef2c6bd2a6780c
oof,1600,stead_event_00070,a3c75c100a2dadb0e067fae2636387d588a18cc7016f8915af60f82cf3aa3026
oof,1601,stead_event_00071,cfba49232c75612344d8763b64432b7e72acd5a88620c20313fb67b050d5cfb0
oof,1602,stead_event_00072,fc584002f1dd66dc2606e1362c1e1decf7b6fb89a69bdf39e70cbc46b98363e3
oof,1603,stead_event_00073,21f8d97919a07b5bff5aebe67990d436465309b88c0825457dcf41d1df831398
oof,1604,stead_event_00075,92d634aabee807c948259a83a7f21516aad0b378fa97dec27fcf0f9ed5dd7dd3
oof,1605,stead_event_00076,4dc47a5c4bd75a383c827fca289126b532b989ac79d3a1eeba9079905a26703f
oof,1606,stead_event_00077,48963fbd8dd58388c6268010255b36e1c7cd39ff31237076b99a3acdae28a7e7
oof,1607,stead_event_00078,ce5a34f66d253afa407ffa2b6c1afd294db7696aeb4b8602cf7e5d834e1ba758
oof,1608,stead_event_00079,ee4df6e45dc8c5ef01cd7bae159ff409755ccd530f542f815e2d119a2ea92182
oof,1609,stead_event_00082,4c1f31c2b60d0a361229f820a2a3b27e7f9fa1a3d3362867f46c7b5b7065c6f7
oof,1610,stead_event_00083,c003eb173573fd3333f5199d01cf4521db7b2347a8a13590cd45996efff182e9
oof,1611,stead_event_00084,d15fc6dab0ce45bc60c237a8c4d1f8d548b99fafb1eba0a82a70936c8eba9f94
oof,1612,stead_event_00086,d01434d8fe2fa48ca5dc908d9ebe14dbc94bb4a28022be05f1197c40df9d1456
oof,1613,stead_event_00087,80b96b7773eb137a27b05e68467a6035b0cb6c4a5aab6283d668edb1ac166fde
oof,1614,stead_event_00088,9d06d7be3d56cc6669c974d38f2b0db4c409ada55336ca6ad523fe1e3f529f3b
oof,1615,stead_event_00089,f9ac179c318e9e7e608ea187723790914b2327a9e019378d5c573b027e657768
oof,1616,stead_event_00090,50a57b3b0f511c475f122f92044baed111fc82ddae25cb692da6fdc1bfd0975c
oof,1617,stead_event_00091,d202b48774351a93c26b49abee2f448b446fa2a661b0f9bd6b8dcbf4269ac80b
oof,1618,stead_event_00092,fe2f346648f3f31dda03f99403a730bd41df64a1bbffac514333d78dff574e4c
oof,1619,stead_event_00093,32ecacc6f399754ff49c936296cacbc55b586a85da432eaf85d8744c5fdc0e8a
oof,1620,stead_event_00094,f87ae9037a711252c51019bdeaa98553451b16ece6940d183bdbc0452f9d891f
oof,1621,stead_event_00095,64b285d2b34c92d6735c95c5b084cecf34bd7817007262e39501f2f3d59b279d
oof,1622,stead_event_00096,fea0b809d3d98bf7e1e9651aae688a1e3f461ad6caa5ca74b801c86581d93ce4
oof,1623,stead_event_00097,ee4d1984759400d8f7ff39c13600cbd150fa117c1347110024c411ec79b1de79
oof,1624,stead_event_00098,b27547cda2ed36b4943154bee38f2d814951d280b7da4c2a409614c57c96c17d
oof,1625,stead_event_00099,9757b1a70d1869ac6e66936385bcfe478ee50358d1e274d3c4e9c040a8753100
oof,1626,stead_event_00101,1268c37a6d03f0d9a984313e7a1f40c06df467d8d5c162fa999ebc42837f03a8
oof,1627,stead_event_00102,ec6a92847ba4c1bc64dd166728d2f0091fb2c96c7dea07cb346f5d8281344f43
oof,1628,stead_event_00104,a300154d43ea3c639c4db73ade6d5cff9f487568214e849d9d7801812efdc6cb
oof,1629,stead_event_00105,f76bfd0ab683c0d168cc787d881a005f3b0697fb29020cfc91d6779782fde55d
oof,1630,stead_event_00106,8828f9e8807d0a655e8ea767aa2c04520c1a76f7fd2d3dfcdb350b1c89093aa6
oof,1631,stead_event_00107,86c4072d96b512377d1a35f73c37482482b8ced101b8dfdab20f623db62d3d25
oof,1632,stead_event_00109,a00fa14e69568b4e1e731df24c976c13f5064bb353293ae0f8d4a5654e5b7c81
oof,1633,stead_event_00110,304b268846a375440d7e7d17b564ffa5af587604167b7431b7a238dab9b94907
oof,1634,stead_event_00111,cbf45571641761608084dde004721997662b454ce9409c3077605d355a331653
oof,1635,stead_event_00112,3621c5a60b1c93d533ee706cf1e08cb051921c98c0630fdd7b7de64fc65cc5c0
oof,1636,stead_event_00114,1ee3aa7e5f8b3b6921a388dd99eb23e419d7cf356efb245f74130979d8604815
oof,1637,stead_event_00115,70d58c1afdec472c0bb7b7d274c0b1ef90bc8e7252d90d0a6ef1651c0ffc8e07
oof,1638,stead_event_00116,96de13322713fcd202328632abda9a48913fecabb592819f1268e4ac9931c75a
oof,1639,stead_event_00117,c2638b3a3fa653037e8bb69bea2c209f308f04878f94ae012e27aef14cfb0641
oof,1640,stead_event_00118,144a0222bd149c84145f4a4252d7e998522cd9086ab850b5072ec31f0e04229b
oof,1641,stead_event_00119,16fce386352e4c512a3cda7cc1ad22992453e68926371ea9a8dd1a52ad1ab6f5
oof,1642,stead_event_00121,8bc80496aaf04e0c1a80eacefd99b475dcc7fc1f0569588c9769203a70555980
oof,1643,stead_event_00122,60d52abe0efe2fbccf896d7663bfd03c18fa257ccb7252b7170f7d8611d8c97f
oof,1644,stead_event_00123,42f6909d0a8511a3fa534652a55afd5aaf6bde1031c582a4fa694076e7d30265
oof,1645,stead_event_00124,b23d93c28e7f6e071d0744c02285f677c2fcc8005eb984e87387533205b3d1fc
oof,1646,stead_event_00126,246f2993a33c41fcb9074f07a5542066773ee9d4e18da73b3ccaff0d49b936fe
oof,1647,stead_event_00127,12de48b6987600a5dfbcfc0784e8d86435acf0484ed8e2976f49f7f8fcd11ed9
oof,1648,stead_event_00129,458580b16de95678152b3a0480a9aef3a8defe45835af2a3cfc9d14b7ac7be2e
oof,1649,stead_event_00130,ef23b1302dd455a8c7fdeaaa60b0961d37d654334cc7f1c8238087cb366c94f6
oof,1650,stead_event_00131,4526b753e9c1f6118c1e15fcd352688515e98f994ffe1812d4df5a6772b9cd7e
oof,1651,stead_event_00133,5ec84baa55f07841a717c48eb7f775a1dcadf1718c005ed9801d928790aec152
oof,1652,stead_event_00135,51d7686bcde4049e5ae183faeadef92965af0add9328c315100683c281a90023
oof,1653,stead_event_00136,b35417645ed10b8053158a7c731ec6025cafddc7329ea199480e758153913282
oof,1654,stead_event_00137,54b2bdf820aa9a44c0676668a1ac1ba4062bba2b558e95e33a623498d55882df
oof,1655,stead_event_00138,7bc7e1496bb1b3f1549fb5dde8fe2c08bdd2409123386429b5da59bb9c493470
oof,1656,stead_event_00139,f7f9019d2878948733e78e7e84ae4f34c64aa5bf5d0b011c0efc17e55bc62e2c
oof,1657,stead_event_00142,b075aaa9b2148d8704796a17c4248a486c98c1c0da183b6ae08abea17cb6fab2
oof,1658,stead_event_00143,7aec5a0842124a5619f8bdefb609e2590f7dbb68c874d81dcd1bc74924a78601
oof,1659,stead_event_00144,f1f300408293922d53083d3bae8c5efa4b62466b0a1611ff9b2dbdcc96b714c6
oof,1660,stead_event_00145,97d2182654daacecc293930df7d5c2facd508c48d359292b3868451dc857d020
oof,1661,stead_event_00146,6e8033869983a26b862eb2e7820eb3c7c89bfccfb901d98fa9e7e3fcb22f9103
oof,1662,stead_event_00147,78144c2a81bcd5a1a7580b105b101a6812a38410bbb701ee6117a7b55f5a7b81
oof,1663,stead_event_00148,35c26ab3bfbf35996c856cd09f31fae2cfe72ebe032e35d906cef3253787171e
oof,1664,stead_event_00149,23b2bc5ee1cca8de99bfb621c4432e7e775931f19ace1388f4da51ccff939dfa
oof,1665,stead_event_00150,0ea718bd1a1bfa76566b2fb69dbf2e365c8f74eb59c3689874dcead4d9d386a4
oof,1666,stead_event_00151,3414481608e04e44ca97e465e94c6239002cdac73298772e74b02b1821ff27dc
oof,1667,stead_event_00152,aa4c4ee848ea39389b0aa9636f1fa9ee696fa3138f49491a6d28e2d757c46db5
oof,1668,stead_event_00153,9422f4d32098bd395079a34f294717245e03ba14ebd1334dd33d372e8912f187
oof,1669,stead_event_00154,d4abbdf64e55037c51b1d4943e52d1ad7fbbbfd263e2c22ecdd91bac0956a406
oof,1670,stead_event_00155,bb024d8b155310a7d9d5321137dde6cbb5904a8a0c42a7e4d7d25022982bd738
oof,1671,stead_event_00156,cd1211e84577f414def289a02ff5489d42999ab323e284870a2a26c5ff2f6ab4
oof,1672,stead_event_00157,8c44e9abe654aa578a59f10ad11888699b7ee92603e0944e757bc01562976cae
oof,1673,stead_event_00158,e565723fdd8d557613f070f707d5ea601ba04bd704352b74c664f25d96e1617b
oof,1674,stead_event_00159,ac0e8bb54bad22474f12cc7727ff273eafb2a2f3631541cdf3656e583ae76bef
oof,1675,stead_event_00160,72ff3fb52978fdc00ee040498fdfb367122bcc72bc50850556a23cc018587947
oof,1676,stead_event_00164,44bb9f2b891122752cbefb22760d258e58f9d44c641f142dcf019f1d87f05eb0
oof,1677,stead_event_00165,73f7387be4d91413ca3da531f1657b5791fbe268c07a8dacc4f21b3ea2f874ee
oof,1678,stead_event_00166,a67b204243a2a0859390d14883a6fd4e81a704b35e4fe2dcb7402a5846e09971
oof,1679,stead_event_00168,e3f4141e3597f09ccf704efba0392ee9a1de31eefece696c679eacf90a7d5e87
oof,1680,stead_event_00169,302e71f24684c3b4196beab169945e90aaa40f4a6398c55a9fd2b5826f86f5bb
oof,1681,stead_event_00170,049aae9ba1b186b57a0f789345bb7b7b9d8fbae09785a510b849637ebec1e9c8
oof,1682,stead_event_00171,951e60e7b8b59a4a8366a4dd0ded7963c551ec5fcec79af8563ddecd6995f524
oof,1683,stead_event_00172,4affd3bcde83e22b4fb9f85f8317498ff2850e735b2931cd1ee4d9df25ff98f8
oof,1684,stead_event_00173,d4f41d2133cc390d28eea7d535d62beb90258bfa95e3c5c45a0eac57c6404147
oof,1685,stead_event_00174,b6dfc6edaa44a3f386bc10fc2eff0425c0241772914e548bb00bddde9b2f786e
oof,1686,stead_event_00175,e7cccf57682e90e70e048c5186c8cb5054496b3b8b75a0bbbb5fb0f228125393
oof,1687,stead_event_00176,2a89a426cfdeae610ab83f58074d8a8ad1461c860b95c12f29c5d3a94a2c0c00
oof,1688,stead_event_00179,464e2068fbb0e88068a7878d1ec8d9dbc48d160d4b40022f9fc228e2a807e823
oof,1689,stead_event_00180,035bbf38f0141b4182ba8b19b9bb00638fd7c9d05817f318f5df87167ff1f44e
oof,1690,stead_event_00181,cb78fe75b0303f691ad63ff626b11c54756770b4efc6832447abcbd8b461100c
oof,1691,stead_event_00182,d8600ff2c326818f8237ce17e3b2bfbc868dc81bc979b72edf2aad4dd3d9ca55
oof,1692,stead_event_00185,7ff432779cecc0c1d5e220890e3912d048d996443e34f432275761f14b8dab27
oof,1693,stead_event_00186,75f4217b933a6a5ba00764de2f56edb82a3c97a57da1f01710c15840e7e95e70
oof,1694,stead_event_00187,2a941cec54f3e7f54063fef8ac0ad8229f8b0cda002b28076978737bdad56a07
oof,1695,stead_event_00189,7abf01c4917ea08921922096af2749fe2949618c9e4bb79f5239d4f78bc9d30e
oof,1696,stead_event_00191,0c4d110c3b4118bedd70801688c59175824ce9d2c10e9d28ed73d4ab0fa6fba5
oof,1697,stead_event_00192,6b2bef8bac60dd06537fd7b229e65b99be939dfddf045b845bf0501f78d9ef54
oof,1698,stead_event_00195,15667c3180b0d1204935d6e6411146f32d01ceb7e0013e56b447326456af766b
oof,1699,stead_event_00196,22a7201b53c6ada4e066d794bc8ac4973db298b16a1c026c1111c4bb5d883ff3
oof,1700,stead_event_00198,ff6de1a4b97c880646c6850caba3cdf2addafd76efb978a535a99cb90b29917d
oof,1701,stead_event_00200,34f886df90718b51017a5105dbd6f4b4f5945a3789e41845a0add08d75fac720
oof,1702,stead_event_00202,5c23e2f5e8ae4aeedf652ec31b5694c529dc62646d075c35036fe3d85ce1b394
oof,1703,stead_event_00203,b92e1f1868e4aad06a3d4b57ca74f3c99c9efedf4601005cffeae8d267b2a711
oof,1704,stead_event_00205,732cefedb444d33f7d9f5941fe6df4bcdf7511db9d1762e82f2281ca0bf6ab57
oof,1705,stead_event_00206,abccfa48613ad81803a753a717fa1d5f1a7cb7f71f619ba4888c92020bd4c632
oof,1706,stead_event_00207,b7d048c628294cd649e13b78e43e25f93fd2f457219aeb92b4fe8dfb5bb3e5e7
oof,1707,stead_event_00209,5563c13fa4f9d93a2f91e023dae4451fd5205f3ddeeb40c79ede948f8fffae0a
oof,1708,stead_event_00210,91272d144efbe1227f1e48a62aec0eb62ef83e2ecfab9cc3712e4dfad514e6b6
oof,1709,stead_event_00211,d5cc6c39d85102ebca82f7997ef2dfcad5e06ef0d60aabd809f948082fe29d44
oof,1710,stead_event_00212,a2aa5c6ec12d9577113eff947ab6ef41d0f71fc9472e2ea582ae1bd6f7410055
oof,1711,stead_event_00214,b1bb29516aaef3c807dca2f18164a9186753e0ee0ac8c6066816fc375eb1dfba
oof,1712,stead_event_00215,7aadaa07c37103aeb84a4a8959391af12fd8a29ddab5259452adaefc0046ff4e
oof,1713,stead_event_00216,5de23e4a2d5a5dc7fc91fb73e178c1419edcfdf0029c2a2384792dd8472df34b
oof,1714,stead_event_00217,4719a30ec9a78f3ed6fa2375541309d066e7fbdd797df4c889056685036aafda
oof,1715,stead_event_00220,6f8d324f817ef0e08fba6ee16786efbe04ff6bedff6fe8699cf1dacc065ef1ec
oof,1716,stead_event_00221,de60fc9ebcdd988ca536477a16e154c47d896138b42ab89b60b722ab66575ed9
oof,1717,stead_event_00222,5482d2c0a23729fee7ef8a8c88605fd6414dffa129558399f85df4f1e5f15c4f
oof,1718,stead_event_00223,0866aca3cf3e569975c84f9b2bb3aa8395b2d5a3cb07c33e1253f1ba07266012
oof,1719,stead_event_00224,7441dff371e137722660d0de3977c2319f8a5f1c556337f89b21cedce8efb12c
oof,1720,stead_event_00229,5f0ca4caaf59c7c43f5cc4f430439488222c2c825de0c02a8d30fea8418eb510
oof,1721,stead_event_00230,6fa8b48099d2ae14ec0108f1724b8a4908136a02c8537e600b870d5650e597d0
oof,1722,stead_event_00231,9223496955be2c96f565b95ba9054293b77d9a5400906426e08c7a6c30a58b7d
oof,1723,stead_event_00232,772321f2b9c165b44abf4dc237937ca564b95561690faa29a244804cf258282b
oof,1724,stead_event_00233,7988761ac4117876aafe18cd43e1cba6d799207c319c949b156196d8f7735248
oof,1725,stead_event_00234,44b5b9b9d4f4069c3e22f05efc46a83229c14ad835652bee4bfdc9b7833c1be9
oof,1726,stead_event_00236,d32231952445c56029e5dc64656ac96fefcd785cbd0a9691ee632f0f444f7116
oof,1727,stead_event_00237,0c72b4343963a85bb0fb62d925f8667f91cca12986d81ab5fce4ca24aac9cdec
oof,1728,stead_event_00240,faf637b8e3ad83d77404e174cb239b159750c6d4419dc2a71a9ec1bc901f1931
oof,1729,stead_event_00245,7e41c02ea123d66395caf0fdf59b7c764b307b3a53e885241eeb99a23c18cc57
oof,1730,stead_event_00246,56385e22fc18ecdf326f30c030dadfed5ca449f821871dc7feb94096ff64f8db
oof,1731,stead_event_00248,460b253c20c4bbec23615e4ae771921c4af4cb6404d362d78392beb258d1894d
oof,1732,stead_event_00250,61ce916d94e7f1ca33d937dcd9cc5e884c7c8e04702857b79fa3fa3d7237dc47
oof,1733,stead_event_00251,dc553484877ada1d7e4f2c7ba21be048f3d3b630173fa82d0271c60edab57cdb
oof,1734,stead_event_00252,d3dc284bde489fe81b694791339410f9ee7dbef11afe1a3cbd2b36733a69748f
oof,1735,stead_event_00254,83e30de5033e0a007f7effc68b200e96b900770c715495a808c4b6b78c13d181
oof,1736,stead_event_00257,418c39693b071a3d2d416ca7b4a6038de7c4ee540ec9fc1442797f7d74872463
oof,1737,stead_event_00258,b89c76622bef777717807bf9fc270fab22a83fd88022b0d235ccb8c015e9478a
oof,1738,stead_event_00259,b2490657bb08d2e24482d32809ea7e04d37bc628c9943efd19092923de945c62
oof,1739,stead_event_00261,5fa74cb3b05ccd1400a4906ffce965fb5510cba7364f0ce2513406b9117a6fa6
oof,1740,stead_event_00262,b833c9db87134b10f32e4628334947fd4c77ac416ad32d976f9e729436cdb57b
oof,1741,stead_event_00264,aed0350b24845fc824c9d9c481481afeffa9e4919c0d8e75071452902a1ff248
oof,1742,stead_event_00266,993ec8492b3040b07de65349f800b3935390c592b20d28624cac16666ac70798
oof,1743,stead_event_00267,c88d3a976fae55714621e60a2d2ea3f1280c0c51cb4a13f8822df307f9a52d33
oof,1744,stead_event_00268,12b8eef802ca31b20f7145a2b0445856c02938207ddafa2ce29da6178672a167
oof,1745,stead_event_00269,3bb2b30d3ef56cc385b6244aba4828175934eabf594dbd058f4e89184eb2a436
oof,1746,stead_event_00271,dfd7a43d3be43cca5486ff486b7120207b8b90d6d50fe67fdddd2902760ba607
oof,1747,stead_event_00272,7b2d7a692d90524a7402e547296a8c3fe903fbe7c2b5b77ab1227888c6e15369
oof,1748,stead_event_00273,88d6b7b24fcbb51be5ee0e96080321a40a9792aca10742f3640346248b7a7226
oof,1749,stead_event_00274,ce9f6f379aedd9bcff5b21a1ba640734c45deeaf5df934c264fd7198575b8d57
oof,1750,stead_event_00275,5df8f81049a08c0200ea22ebaa1ff96881422fdc5163bdc53e8ad4a3c90204d0
oof,1751,stead_event_00276,654b4fc46591da2403d83e8fc63102ba9c861e7cb84a7cda7f28dcac4886b640
oof,1752,stead_event_00277,879303f67909bdc373fb815d10e92c4cbb1f829976013b36477821a347a5a84b
oof,1753,stead_event_00279,9d13460972c39b0e2fd6497da15a8713c7c48e8cbfb29847e9f8924f377a9118
oof,1754,stead_event_00280,043f1f3e8c71f5f571f0802d82c134863dadcf2b56f2660f13396b820f6a77f6
oof,1755,stead_event_00281,15c8fa40a5bd77da0125987ee0c9071d534dd5d55e4d0f22ad3880465731f8df
oof,1756,stead_event_00282,f99c5470441e55fb5153a0066ea3b9279bae9f0d3bf302baea7e80bbf0a46c77
oof,1757,stead_event_00283,a121427fd978d93314b5da6e53a1d714dcdfde8453c2d8b4d7227094ad8f23fb
oof,1758,stead_event_00284,5a6dfe5026b72a2c98209aef02682937ce63d971a210573b03e07eae4089ec67
oof,1759,stead_event_00286,dccc16c50f2e3cee849bbf33f64adc4302e3e10d60eab4641702d6fe966f76be
oof,1760,stead_event_00287,a3f66c5bb29358bcbb5619949856ba74373a24c7b150b4fb5c03e4f497a56a08
oof,1761,stead_event_00288,d845d84fcd9c079c839dce6fa768fb23e0a41ad875f7209a43e1de28965ca3c0
oof,1762,stead_event_00291,34ebdaf2e090de9de2198acacc82f271604ccc11bbdb6d167820a186fe717402
oof,1763,stead_event_00293,1bd43b9f04eb5840173de0cbc2f337927e6c1b8037407c93d562231127b27dff
oof,1764,stead_event_00295,575d91537640dff126a4369efa4805edb3ba13d3d4f1fa1ed65959841b6518fc
oof,1765,stead_event_00296,cfad23ee27c8ac7c51d2ba33614086392a3b48c68837c8cef10cc1971933a583
oof,1766,stead_event_00298,4c8e4782ba2ddf76993fa6a36d929e2ba7cdb9af2c5439d43d9ccef4e65249ae
oof,1767,stead_event_00299,f4cd057ff188cf15ecbdef17f73c7c7ef75594fe8d3b604acf4dc5764046ea2b
oof,1768,stead_event_00302,8da51adf71124fc171323c81697bb7e5e2fe098d574715a345f877b5ffce26da
oof,1769,stead_event_00303,ae461f61cec2388d2c9a6c8b04f7bba0566b848f0fe90a9dd3a88c87a71d9641
oof,1770,stead_event_00304,31eff2365a412ad33444897c159b1038ab1e3264f9774ce97e78d208671d2944
oof,1771,stead_event_00305,e2c05b1a03beb7f2ddad0cad52ba028d121eac35f1cc335022721f977e7a5536
oof,1772,stead_event_00306,a95fbd180859e54c27cff8a4ad5f6a77f64a43d0aa7f53e0f27c13e18f8506dd
oof,1773,stead_event_00308,0de26c24249bf17dc7f91c5797484c678cbd3921c6e225b262f41c1b8fd11fa9
oof,1774,stead_event_00310,a5589d2c8132939c332c6ab278f772e610ecca921294da7452534d05d612300a
oof,1775,stead_event_00311,873f04ac6aa8d1e33c3e5dceef51be6b48de9470eaacc7e00cabd78f651dfe9f
oof,1776,stead_event_00312,454cf1d087bd27fbdfa1a9ae5004ea32a60b13d05cc6bc4d2d13a8641958980c
oof,1777,stead_event_00313,76d1b4a9b50684a52503b9bc1091fc0e2dc086d1b0a68e94422e8ae28e4cb35a
oof,1778,stead_event_00314,ade60a10d19280c554607d23c300ea3ec3538fff1a19dd4d8bfa0b656d1a14b3
oof,1779,stead_event_00316,c066b08852cf3aaf46559328571e76b8cec871a64eca501eb41b872845d72742
oof,1780,stead_event_00317,f98bf7fc3b9f0d46910c31dcfaaf633a427e0243eeab623c77a6bc2a680dfbd3
oof,1781,stead_event_00318,c26c2531ff638e6d18deeb67f2f11727409e4408a17347f5685c86c5c4223eff
oof,1782,stead_event_00319,5d65310b11153d018b4212f786cdc8d3b909a7412e968c6f7ef76e447a8ca584
oof,1783,stead_event_00321,1a1e7b4a65c30fda3008f5c1e604f83a5f4bdfc3b495663e4ce46fc6e2e1e424
oof,1784,stead_event_00322,57613263993971824e5bfec31f690a8d465df2e5b1af92b79e140cb50702af0c
oof,1785,stead_event_00323,22b5369c0de5425676ee0cba43a4211c64c15eb1ec3d825fcdd241711cadb811
oof,1786,stead_event_00324,e1559d962bca015373b0139b6bb03400c07dfb4079adbf537947b29302d8b474
oof,1787,stead_event_00325,c88ab20c190a276cb90b2e270af072c7b00774470419ba61cb5751d7e19e8b8d
oof,1788,stead_event_00326,bd5e3b4652e8e12850b348df7d280e1c233f714c60af76a4aec9996fbf7e9208
oof,1789,stead_event_00328,61ed5a1eac18835d5b2ceeaf53631d0217cb0936020e4498ff6399b64948b525
oof,1790,stead_event_00329,2b684fab884ad86df8ef7c18f26343adafb5c54f37adeda5905da48fdc596d40
oof,1791,stead_event_00330,65437b4c970f2826ae1cd2f667bcb47b57e5c52d8410b52f2b412594caf3d932
oof,1792,stead_event_00331,714b9091622418db78af01c4abf9d9ff47148561e92f13b32f938ca15bed3945
oof,1793,stead_event_00332,dac8c838eac8312b2da43472c33e4a80cc9298312e6eef7f04cebda94781a369
oof,1794,stead_event_00333,abcb7de0a4e8472527bbd17491ac1c944e341c031f96d96f8f23b56bfa9e4527
oof,1795,stead_event_00334,16078c63369465245e4308f98d00f1b8f702ff579004eb216bf6418470cfa716
oof,1796,stead_event_00336,0825cad742e369df7317fbd2a8205b62a119d9a83cea811631b45ec5e341bfba
oof,1797,stead_event_00337,ea27266621bfe3536c39e99a4e941c195e5bbd260ebbb11fc1c8b9bf2efb6b0a
oof,1798,stead_event_00339,7193af1c695ccb764685b5b66022e369b9df037acd8b59dac74de9b93467ac93
oof,1799,stead_event_00342,d0e4703dda0eb1790ae298cd4784dc2832c6f9bf7d14ad2fd3b094b93b0a0316
oof,1800,stead_event_00343,adf022ca4cb287ca2a569ce46fd2e030b44ec2a44e79f99e5ef00fe9be062a72
oof,1801,stead_event_00345,e343d7ea15a8f03669bc1797b971478a2022002f0433244875ad519b270598a9
oof,1802,stead_event_00346,f471b0e49c94bc1bcebb9060ec418080853dd890057c32a183b0c1404067476c
oof,1803,stead_event_00350,8e449503fb8f1096fe23872b14f943319ab04acba18c02c7d1b829510c34a60d
oof,1804,stead_event_00351,2bb768af112fce84ff177190effb692416c38d3ff5363bb53b137743ffcdd1e4
oof,1805,stead_event_00353,d93bb5fc9ba5b510ee8a8dde68cf0828f512135be01257e2cb6c820bf012cf8b
oof,1806,stead_event_00354,1ec86a2682b7db854896a50de17914654df697c8966446898916c001f35f94b4
oof,1807,stead_event_00356,2ca2e3e75cac5e8d6c440f2a8741ba5d059b7157ea4d3337b1f82f961868b26b
oof,1808,stead_event_00357,54372f67ddada4de480605eb324453a7b4501e8cbab6786554e26c5c75c411d4
oof,1809,stead_event_00358,8e43146087aede5a9446fa57c4e0e4b98c28d65a06c3f4e96be57fe77436776f
oof,1810,stead_event_00359,fc758645ae7a05f2f4c1d9829622f263bc43625a8a2fc04a9fc721b714825168
oof,1811,stead_event_00362,ab28518a02ef5f84d56ae7767a0ff461c0d429872f930bdfd03c3b245ab109fb
oof,1812,stead_event_00365,6dc65421fa361298add13e9259932dc1f8ebb23f2f48dbfa6c85568ecb1e0fad
oof,1813,stead_event_00366,10d5e75ac58b82625cf3b7614d7a7e4e04c188259b1a0930becc6d6685d41cfe
oof,1814,stead_event_00368,5953b4d1ccb8f43a2ef10cb603dfbf266386cbb2f2af2a936d61c87d60967184
oof,1815,stead_event_00369,e8c8f0120232245afe53c2ae46a07f2f0db30da5e45bbae8add8053b3e73af3d
oof,1816,stead_event_00370,e85a543fd0798e0b8c5e15aa80576df300a60edcf8820e466bb32e74e39cd445
oof,1817,stead_event_00371,ce99dee7568f0ae56f70a8b429ceda2c046902128b77385204890f8d81ae4f2a
oof,1818,stead_event_00373,59a1b3914e5053fd3cecf63ab657fa418e878832d99c33034e54d2e20dea15fb
oof,1819,stead_event_00374,5cffaf101f76f3af5fe65526e64d7a7418e9b6a345a246621a7194c6304181fc
oof,1820,stead_event_00375,e83042ecee9098f928f3e5f08ac58a721bdff4fd553f3b02b53c0cb2fa9c556d
oof,1821,stead_event_00376,d7adf42612ac9acc197a3e476851feddb97b1ba8a51d7fe269480ebbcc672fc5
oof,1822,stead_event_00379,a8530233784e54cefbbe2218bf9f4023445c536c24f223235d2ae6b4bea4b061
oof,1823,stead_event_00380,586e8b13373a842d9394b36387fdc29762d1b2d07ddd156bcb11f979f23b3ef0
oof,1824,stead_event_00381,eac6a4ac1482b50b0ceda4ede9f0ad9a7036bc4eee00bcb1dde7258c65933782
oof,1825,stead_event_00382,83a86f6eec24321477e448cd9a92e3c3b4c527bf9c9c1a8eada8c65fd73a7141
oof,1826,stead_event_00383,4b6634d2fdb31dff334235521e671bc1360870dbd58581fbb65830e7e0c406b5
oof,1827,stead_event_00384,c512606e2d68529db5c15962e898971b9800c27054902924f04ee6915e14db74
oof,1828,stead_event_00385,b53bda56161b46830bc806646a25d3158e8de6c5209572f228dba4ef3ba08682
oof,1829,stead_event_00386,c63550804317fb269a96554f04acdd0a06baa05cbec02b9dec30cbf0f4613553
oof,1830,stead_event_00389,c5d6438f3e2046f6d6edcecf66a9a3c68fa4dc80f01ee4adb4a3b8ab6198fce2
oof,1831,stead_event_00390,b9c8cce806127b960c4e5fe33b43fd1d2e402742ce5c46e610053a94c18641dc
oof,1832,stead_event_00391,50da3095488e497ab08258277ffb2bb30d35c22588859d48702fae811ac53b71
oof,1833,stead_event_00392,3c72fed2cb08d6cccb5d3998abac90291fec67ea72f2ecb0a31b8db440b071e0
oof,1834,stead_event_00393,35f8d2811dd0167735e67d4c959b65f58eca33cfe21611e4e6d3ce76e59ae0a6
oof,1835,stead_event_00394,200f593d48a8b2289b25ea40f6949aecc2346a0436d47a6dcf20326e2bff938d
oof,1836,stead_event_00395,cf73bd3227084ad71d3492b79c3643d383d75aa922b42bff2641ab56e996eb26
oof,1837,stead_event_00396,74d649d50ca6a4fb3e96d9fef29c9153b82ca22d04c1b2e402832f5ead673673
oof,1838,stead_event_00401,7a1fe4efc833ac91c9354b09e1d17f4a48f2c414d186f6bbe8629eeb613b10e5
oof,1839,stead_event_00406,54d78c331ecb70eddceb8d5ac00bfae8aa98a376a1a25faaaccc2f2f6237be9d
oof,1840,stead_event_00407,c8eab45d31cda4f4e7e54910562ebf1fda9b23f1039c34aee6cdf73d093d5cb5
oof,1841,stead_event_00409,65fc224220e7bd0404b5f42c3c65286ef20ee1c493a9187e6486e4e9843196e1
oof,1842,stead_event_00410,9077bcff4e1aa9f7bc738991207b2bfacc11084d0b2e1e3e48b9b44349aefa03
oof,1843,stead_event_00411,5da17ab2bb839131b359d6fc2c7438d3081485b5d9eecfb991013805a385410a
oof,1844,stead_event_00412,d6acd3896b387b03a768814d491dc2ab76452ee575b3b2f1c8a80d11ad71f0f1
oof,1845,stead_event_00416,4301a5f6268edb7ed8d97e7aa7f64364c67e051639b2dd5ef1a2cb348a5d7530
oof,1846,stead_event_00418,115411bb2cedcde881d84c5c49ea80ce62e5f40b53f94875711d7f06d62891dc
oof,1847,stead_event_00419,069be9b8822a1374eb7e41b734f374cbb867769595a0d87c744e481dbc2ba01e
oof,1848,stead_event_00420,f4385274c9ff8d8141109a875f9b45ce67e13c97b0db1efc75a1015df519c134
oof,1849,stead_event_00421,bf64f693cd019dbbfdbef285d4884e2007e7d80dd44accacbb198378d69b7341
oof,1850,stead_event_00424,4693741509881e88facb64b641db047ec70b6d451b992aa744342bd18d0a6596
oof,1851,stead_event_00425,66c9bd1032576e75c2c3540281ff792395aba7421d52c5e72f027be3cb15177d
oof,1852,stead_event_00426,f6dd5bf64bdba7f801d27ea3acd4650f21526edeb090e142c8d6573968482354
oof,1853,stead_event_00427,5035a1c032fd8fb450fe8ba324a956e6713cad153e061319109e57c007a9c28a
oof,1854,stead_event_00428,c21724c4dae82effbba71e640b467bd787100c47419115dca7d6125138a9b711
oof,1855,stead_event_00429,7a86473511e4f2fe4597183f7e18175660d33693c0c7420bc6267f1779f1cbfb
oof,1856,stead_event_00431,be92b27475f7d4db091fc5b27338231f3098551eb5d8466ca40aa6d65f6d0157
oof,1857,stead_event_00432,98f47f46c44e05bd98088ede8be939b324b0341eb1b05de208d6be3e4be86efe
oof,1858,stead_event_00433,6b73b36b0d32ef38017db00f2cf27c1538157391a14bc399f2ec13d60d56376b
oof,1859,stead_event_00434,271c4ac69451cf18c62ae4297edb8cfd621e934647ce552920586a77366f36af
oof,1860,stead_event_00435,3f8dcb0ce860be67cd712002bc06263e9151cb61ca65b33d0da759138936baa3
oof,1861,stead_event_00438,617d38d6965a66c23c7f6be642c4b2a5190860c513cd4c711e283473b027107a
oof,1862,stead_event_00439,27794df92ad10e704b2bb68c568a0112a97a9a73d462282fe377680b45b4fe0e
oof,1863,stead_event_00440,912ff8ebcdf4928cbcfbd4ab50a19a9b8ba2dc443c64198bd8e271016554aa48
oof,1864,stead_event_00443,9b4feec2bc55ee07cc52d6bc16986d71cd5ded3c971818a759753a96662c5496
oof,1865,stead_event_00444,fc6747ca1676f0b63f44bb32e96130818fb18924d97a95e2f1ed3d4bfcce190e
oof,1866,stead_event_00445,8328192ec20b0760cc540b89bd8a36d77033f35eccc2f5ae1c644ffd82a96d3c
oof,1867,stead_event_00446,26de9b65deec92402499b8eeda12479e39a9ccc3b472820b0a3a7956d312f94f
oof,1868,stead_event_00447,6deaea90bbc1b7101ae2afc0708b6df65a8f824147b7710774a1c8553000dcdb
oof,1869,stead_event_00449,ea654bfee6b8dcd604619484616270f74909eab6ea5212c2dddeef9108fc3a45
oof,1870,stead_event_00450,cb4d3efd4348186e93b98ab668bfcec22d1afc93f7497da7242dd904b9cdb4d4
oof,1871,stead_event_00451,1ecb417d9ae9838ba6dcee7baa03012128300ea188f4615f98b46843b72dcfad
oof,1872,stead_event_00452,1f424209065ea9b05adef1585fd5a71f37079d1ba9822d3ee1924f9d08e50f19
oof,1873,stead_event_00453,f663bd1923ca62599246f7dd4a237535ab06d0a3bd038dd1546128463dbeef42
oof,1874,stead_event_00454,f794f021ae8410745ed15696d9cc087a96f3f204c4da1ada0acced5aa35628c0
oof,1875,stead_event_00455,32ba99910f634a75f8d801b87d8cc820edba6cb3000b8b33009c2df1ff8edc90
oof,1876,stead_event_00456,507b8cdaf20c329ce0b0b915ac781219dd6f6a4f9839f7853a89a0844d2129f1
oof,1877,stead_event_00457,4acbcf5c392d171a618218a0d39adc7271461d0684f2d01703f38711996b4050
oof,1878,stead_event_00458,f838821fcf775bff4515020574c359554c18cfa5f32bd762d46caa521ea3a90c
oof,1879,stead_event_00459,b0b96f8b761570d1c5f6c362e84ef4bafe51adcc7fb00dcee8b84961770f0aa4
oof,1880,stead_event_00460,6bbc3fb03c5514e70afc21b91c145573aa5b78e85e41a4ede9832c0b28a88438
oof,1881,stead_event_00461,c374ba5ea35891a6a60c3eb664ac59ebb591d66fa72438d83deea4b80e505d96
oof,1882,stead_event_00462,aa9cf10558650ed6f210c4122872e27c974f9932428b077a1a6be39e42b72930
oof,1883,stead_event_00463,aabb5b3a0809016606868a68e388bdb3a3f5774e0a05b13e2becf4b7f113e635
oof,1884,stead_event_00464,cfcc3459e7b8b7a6f253a14c91c2c98b3310ac716b3fbbe138886aa08471c19b
oof,1885,stead_event_00467,58c6ab5874563ed86156bb1f8a76a596ef0184fb0490c763241b1b32dfe0b105
oof,1886,stead_event_00468,6aa15c6c0ad5303674acbc516f60b63f3e7f43877136bb8d0da4430da4bfb5ee
oof,1887,stead_event_00469,62a0b9d721bc22c18adcaa62c20b34ea2cdf1d109dde7c1b5a7aa6fd2c452242
oof,1888,stead_event_00470,6bb047d1cb880dbc9f6de2255a9564d598d5163ea1c0f918aeda03f87236dd7c
oof,1889,stead_event_00471,74aeaf730723142a884294f0d476015d03727cf94bc948c9be2994ebc3ed4b9e
oof,1890,stead_event_00472,883a304251faf6db5da31795e022c824efa1ed0cbeb2b192efdbc46ed3b5c59d
oof,1891,stead_event_00473,c2a09c64be576e890f9c1e8c63e9c56f37ed8299e5dd395f03081505b07d6b0b
oof,1892,stead_event_00475,b8479f89efc59c0662b05c03acfde3c21cbf8232fa749f639001c18ff4716563
oof,1893,stead_event_00476,722eac2fd2e6cdfd413b23877ece2d4dad4f44946cb3c22e3b63f0f09ef378f4
oof,1894,stead_event_00477,86a79a1df47ae99db991675b50d89db686bb3335e46294bc80d92b6b21752ba8
oof,1895,stead_event_00478,abfdb258987a2c980236e63f172ba7677115ee70113092eda0c60b876e1696d9
oof,1896,stead_event_00482,fafd9eef697874598af4432441e1ea320f3d0538c489b77d98668f90ad60dfc0
oof,1897,stead_event_00483,2316790e7f530cba2c1b801240cbd37bbd3511724c1f5cd622a712db8f136c4b
oof,1898,stead_event_00484,b7fc4500f9c5a74e801dbbf3afd9bc4d9d87b1750cafda679d3e7e225f737fbd
oof,1899,stead_event_00485,f4e01d629568f094dfee365f65a974aafeb1a2f5c036ff2f26685cf74c621cd9
oof,1900,stead_event_00490,4a792fb4243e924352feab0f4923113b83072347276af025f3d78b443ee9de34
oof,1901,stead_event_00491,f7b732347c513bde44b34d12d8b968625e7b97d0d844629fa1222f945a96c80d
oof,1902,stead_event_00492,d5fa63033361f5e7a59c6cc6ff4183f8e24d08f5af0cddb767a9891381508da9
oof,1903,stead_event_00497,1ada969088dfca14e9bbbe7b724c127066226e40760a7a99cc8843ad09bb2d16
oof,1904,stead_event_00498,78a0629a7464128e2fcdd1cc1a60129cc3df70f51c7d683197dfd515e17bff65
oof,1905,stead_event_00499,18c4c8d4e6b54cecdae1451e8d078a5ca512aeb41a256cf1ebdd86bbb2947459
oof,1906,stead_event_00500,0d1432f5ace6494e87c24dca9b14bc62aaac07557a9e6f7575973eac536a97fd
oof,1907,stead_event_00501,c5bbbd3bc66c5a613d57cef0656179957253364e08ac11bb7f4ad474d9ce172b
oof,1908,stead_event_00502,3c4a4d59dd35d4d9c4757f6181087a4233dd7f141ab776e9d339203e04fe6de7
oof,1909,stead_event_00507,64991ca175876c32842332319bd85146a7444dd3668fcea3eff429247310dccb
oof,1910,stead_event_00508,b504ac79eaab4b8230faec3358ac1d46eeeb3b98773557c63ae3ebec4a76fbe3
oof,1911,stead_event_00509,f08ff9528b8514721c88ca5efa8d37cfec91d9e128bde2f2177bba1d0b6f18fb
oof,1912,stead_event_00510,33ede876fa1e563babf6c5c767d6ce1f941944ebcec79d2eb704c1801d675b9e
oof,1913,stead_event_00511,89173be8601a9cb4991bfc87ce34369d04b7d95c200abaafb8007ed9ec3fbb0c
oof,1914,stead_event_00513,69c0e60aacee5fbba94a0c19e3b551a146410b631d99f1475aae55e72f3d11d0
oof,1915,stead_event_00516,e7aab36bd6f391876f810f38714edd89b9aa8a68c85e66903b390536132aff96
oof,1916,stead_event_00519,bf615116688002201e0a26c1f11db28564474e5e2de7c45f602245fc55d31eb4
oof,1917,stead_event_00520,0558a25f0c89069416f8b9d90ab7c3f45ba4554d8f185873b5e9e6ab3670039c
oof,1918,stead_event_00523,a7b15a584a6f4d44d76edc85a4786f5def37956051c4fbdbee71e7333377fc7d
oof,1919,stead_event_00524,54a56e7dc4504bf4b3e75a87412cc19b1c2ce40c44eeb2754aaf053b044a1735
oof,1920,stead_event_00525,c6ba141dde753bc66fd84969ba2b9b9437dd456be954826333f2a3ba6d262fed
oof,1921,stead_event_00526,783560bd82922c656d9cc2f6aaeff85ae78fbf468dbb3844a25ed23ff476b420
oof,1922,stead_event_00529,ef4f29e7bf4cee8c5eb4ff6fea89a62b157117bc5d73ce11460116f4037bce41
oof,1923,stead_event_00530,b0df62aa9a41e0258b09ef64dd43c12646a2f6d2bb45473e95af77f8334c6e31
oof,1924,stead_event_00531,17436fe34068f57fcf575ce4de865764e3d75149345faf163f80d75630b6a812
oof,1925,stead_event_00532,dde1af40933814105446d645b956f3f7d0fa8fc93559d40f6c969965eb7922a9
oof,1926,stead_event_00533,326c2fe572a67a572c3ceeafb263ef00e520f7a21fe095a0dd8445ae783e6569
oof,1927,stead_event_00534,ae09647dd0f87c561b44dcce1f9a8b960d84605799ce6910cc257e461f6241e4
oof,1928,stead_event_00535,c77229f7cfb09b8c95940ac42f82492556457cd9a4c5620e622b418cd9ff6453
oof,1929,stead_event_00538,7ba2a57122aaf86ef77eea3faf4c1a995a71dada34bd195dcc0ee4f92111d4fa
oof,1930,stead_event_00539,2902f3f5af1ad1d10253bca612118184dd62f2a5162be957a7bd089faef1dde6
oof,1931,stead_event_00540,bc3880cd515746471ae0024a41efa3eef5aaa1b2325bc571ce0929ca5bc131d6
oof,1932,stead_event_00541,7d990e12bbec93540bee55a91500d3d12f433495f98f405fd5327e31aebcb1c1
oof,1933,stead_event_00542,ed2c54e6a3509be55902c0cabcd0dd4cd5566c3a1a3487c4f8e5d8b037b04740
oof,1934,stead_event_00544,fe423f6d7dc2f324ff8e3e9b51c25135fda63b7913036df509a3a7c007ad7402
oof,1935,stead_event_00546,21e6ebd999c29fa859c17eef6bd2acebebdad8b390eb7c60c0e4e949f121d92d
oof,1936,stead_event_00549,bcb28dbf62cca18cf1bd1e34ca4353d3068de01f9abe4bc256e79aa83946b3c6
oof,1937,stead_event_00550,75382d669405304bdea6a3e7bb6f2744c3f5ef36f8c23eb90beb6448021ef84e
oof,1938,stead_event_00552,dab7ab8ada181e15d0ab1d87d535d38729e8ec0b2b075f76a298a133be63f3a8
oof,1939,stead_event_00553,b774394f403710b7ed5f4e77fe4be70578b165e81fc72667f98f56e9360f4259
oof,1940,stead_event_00554,7d4c8b34913ab50c8e51f54e1184e63d2e340251a864d54eafe2639f60ac4088
oof,1941,stead_event_00556,5c1ddabcf209061de7f8c82199cca4e95be999210082f96757c30aa8a269279c
oof,1942,stead_event_00557,aa28e9ecc9d509aab512603d6cc2b607408c91dd5be77ae68dd754eb95e62497
oof,1943,stead_event_00558,892abf23d320677452096362e573394395821b68f776384f23fd9d8605ec4fa9
oof,1944,stead_event_00559,8f368dbd2ba7efc314cd3d068d13b5b8fa707d2d6a922c20a6498f9404e7eefb
oof,1945,stead_event_00560,653cdb3ff3d2ce07054cd9bfbe6a2d8db8c7056eef8e0b4e12c109cae1a9d6a9
oof,1946,stead_event_00561,7c1b2786505468640d79b52c8c61a5761e4113f63a316fbe8f1ca3aef42c6542
oof,1947,stead_event_00562,edeeb1348b7b8e34e074a7880978e353351f60da53bf38fb8bfc43288f04a398
oof,1948,stead_event_00565,afeb235a7a33d04085dc192c619e39121ff8561d23da772e0744beecfc0a8c8c
oof,1949,stead_event_00566,1c499716fa63f10604779446fd06dd1b3eba0913998e27cc3ab8e85d6ff45a0f
oof,1950,stead_event_00568,81ba016a9e5a280620dcb0177ba0275974d97d7b4e7ecc0da1141edacdac8169
oof,1951,stead_event_00570,72a382b93ae50ee3fd4813e7bcb0e052b5a459a59192976bb46158767bc01784
oof,1952,stead_event_00572,d7e01d83622eefc8efc42ba621e7b87b5a04e0e43715d3763f1b68c354a8a1a8
oof,1953,stead_event_00573,0d8497cf9923a903f6e74fd5cdbafb34fe27dff30886a62ce03a57608007546b
oof,1954,stead_event_00574,2a3b2b8a4f57627a8e74a068ed63f8dcd4398c50c16003ab01199aed59b17745
oof,1955,stead_event_00576,8e738052b24ab3a651c67cacb2c2fdea9db5f2fab297fbfa1dc77e60b91afc3a
oof,1956,stead_event_00577,cf3a4405aeeeb48e313c4eb373ee678307954915faee68da3b7b69c861db8001
oof,1957,stead_event_00578,c05d3b6579e19ca673372064eba90b292580fa6426845f2530f25e3604880632
oof,1958,stead_event_00579,c9f4768840fc4f90c33f71407a5400d70a4a8edf5f04dd5d4e591525a50e2e1c
oof,1959,stead_event_00582,98eed59220c02c9a9f88403c8b361266c4afc9a1e19cad617ce02d75b4437def
oof,1960,stead_event_00583,8be17c0ddf9a5028e152e1752f8ea1dc55a8f702b2498e0c1a0449becb94b32a
oof,1961,stead_event_00584,2ae88f3bb1736b225580831d43d9622fa5c44b16410537b89c1e460928fd7e81
oof,1962,stead_event_00586,83e4ed062ddb71225267faf145ce2f707ea6cf7adca95416a6bfe13a709ebf7f
oof,1963,stead_event_00587,2f20de3d51aad0d9e32e0742ed69beb28a2c3adbf4fca195d2386c324ca688c5
oof,1964,stead_event_00588,1dcbc03e5414733ad210f2178d788aff05ce17f7e31d4838a1ba6786aaaf23ee
oof,1965,stead_event_00589,b0ccbe99d244751b7c16eb993af80d58afb4e215ec3920876148fb513f4157e5
oof,1966,stead_event_00590,f16feca0faf86dd573ef087c025c0541de33840372977a4e2a5c1894cbcbdfed
oof,1967,stead_event_00591,2d29ce7e8421fd0d2748888cbaa2ad21f57af41500ae17d5a17e3f8afb2a791a
oof,1968,stead_event_00593,d54cdc1027093906531ae89ef957a41866379900118a0bc2996e5063f1d2f489
oof,1969,stead_event_00595,86baebeaf3bb5d538012c1046cb49943b54b6e0564af0dd02d6a30edb4a3cec6
oof,1970,stead_event_00597,34e3b3edac3a16dc4221c04b0807530da825378cbc00fecde56e0aadf7060339
oof,1971,stead_event_00599,eca859ee70650f601327a3059e4c968bfc364fde8641ef5b15cfae904257976e
oof,1972,stead_event_00601,ef2aba7e611554d0c8a79ee030364b67268dd4ae0f2501a9116f9667966fb660
oof,1973,stead_event_00602,d983db5984535504a2e62221182f0bacd18f67812770ca8c20749a4050d9cd88
oof,1974,stead_event_00604,9519812aec0bf77306bb094e32cf8796647879ddc2176cf2b9a83bed351779df
oof,1975,stead_event_00606,88c606df3290008052b20c5af4e409084cc3a2fbacf478f9d9257d2e571ad27f
oof,1976,stead_event_00608,978426153efebfacbc9dd5ce9893d2562cc51a72803f909d62e78dec50424449
oof,1977,stead_event_00612,e904a9191b5f279d4a76133384edda1d498fbb85d2c29e58d471c41de07b2a09
oof,1978,stead_event_00615,e4da20db9e1a4e67cccbd66b81ecc1cddfd1613c7fac4daf9af976f8c70214b4
oof,1979,stead_event_00616,f2bc5d767137b03cfee85d152c22069e775d846c1fed0c9ae7c7214a0952db95
oof,1980,stead_event_00617,e97b1bd672e43005ba61995b77a010921641479a13446c869ece0beba5262af0
oof,1981,stead_event_00625,1c8404e57eb9763d3a876b97e1e88ddba745de93d6af332a60df05d6d8e620e3
oof,1982,stead_event_00626,ee0f2892e5ee31fdffc0452c6514472affb170041da4a38cc2a40e13e9e69622
oof,1983,stead_event_00627,99532b9d391e58ce3d3968ec196262af83b1705c2d558d1256d8a49c2e651f8e
oof,1984,stead_event_00628,c7b08482ae18fe44997ab231025638368cb565f1d923ca0dae4ea0d8802bf5b1
oof,1985,stead_event_00629,c016047a9b9e1fbe7e903c5370098c2e6bc449df5ea5473a4fb74e15a99e0065
oof,1986,stead_event_00631,12940ae0fbf480b4f51ce41ea3b9dba1aaadf20c805554b59fe22b374d7538aa
oof,1987,stead_event_00632,0afec19846afb5b5909c5ecfc9f0b8bd106f76221aedaa35a6114b46a6d93ec6
oof,1988,stead_event_00635,80448de1567c7c7469205cfdae9ad47b90502ae9c00f35ece167096ef7444318
oof,1989,stead_event_00636,519465ea6dfcb2e33cb110ed6a821a8bc161e12e10bea89df0dddb7fca5696a4
oof,1990,stead_event_00637,994b3fb372b46cb0feb96a291e526f90c6b036f7140929a779965f5f94422771
oof,1991,stead_event_00640,d8496f97b49d917285c828a5a0520a64d93587c7abdf9581cf7c2a3ed3e5798c
oof,1992,stead_event_00641,7e10677be0b67b4072b29f539c7c02550553ea10a11010eecfae8c2aacb75481
oof,1993,stead_event_00642,c8a1af6583e035985e4234f8e8247b575b8b5c5bc51d69424ebf93eb7cd8f423
oof,1994,stead_event_00643,20ca05c2a2e2ac133fedd3de50d65981aa81cbef0d7a476a88c8a48a6ec9b4f4
oof,1995,stead_event_00645,4e37cb1d416a4c0bd3e6b45fb4dd36d62bdbcd7f4f427ad425eeb905f1ec1c05
oof,1996,stead_event_00646,77f8e035c6b4d0823896c42f245f89200b045dcd29c2c8bd023460a56f38be55
oof,1997,stead_event_00647,6720e406d7ba3fe975e10b9b3ff8e0d2bbf695d30a91ce45a2a88e7f8b97eef5
oof,1998,stead_event_00648,9cddfcaefaa6454a8505e461d586d37610ba9b963d16052b0add6b7c41abea0f
oof,1999,stead_event_00649,6ad0febb0fe573e4d3534db7791d6a9f8476cff16d483b8b16585aed966da765
oof,2000,stead_event_00657,04ccbce8750a7ba0343bbfd87935c379622b2f1c69b22cd54b19328472a267ff
oof,2001,stead_event_00658,5d1f2c60b006f17ca2fae6c9edcabbe03c7799ebb319eaccdd6f7f8ef3737e0c
oof,2002,stead_event_00659,79595d7c6a72e9170bd293c084b8867d43da4a30a302425318fc3270dbc4d7b9
oof,2003,stead_event_00660,575cc108b12ea296ca36ad7049a51d2472450bae692b930958bfc328eb40ceda
oof,2004,stead_event_00664,4e70d2230f5a39c3b047c09e6ec71e7d9922314db5f1ed125ef8cffae7fcd5f8
oof,2005,stead_event_00665,e1712a73fb900e280b929dbec29db2514f0e074d08abd474ef7f0dabfc2747d2
oof,2006,stead_event_00666,eaeac5110c0b49b17a139e02d5d8c3e9968727df195b1a3b13051af1a59f4d6e
oof,2007,stead_event_00667,e2a9b8cce9726059155eb4ffe59cd7d7a572055a34edaceef777591a9193ac13
oof,2008,stead_event_00668,38e0446e134ffe32a3a7889c5c74668ba73b352d708c9fa1b294222c7c4fd755
oof,2009,stead_event_00669,3303cbcc82edb2aaf632b6db5c408ea661b626da3467a68a8c2d32e72bda9504
oof,2010,stead_event_00670,1f812f263845f32154e9fb7d8d7136a9c1ac051d7dee798507206a1a7d128c6e
oof,2011,stead_event_00671,04bf38b55a971f68928751e34a450f5fd9a7870e357f70b8c4b411b6a9532278
oof,2012,stead_event_00672,666e1f38cb151c5279a26ad5a0f720d5203b8a7838c7b1ed83b190ecae68a105
oof,2013,stead_event_00676,43498dcb408d6df51b2913caad4692c880ac0d41131e4ff88a76ae119f3a7d1f
oof,2014,stead_event_00677,e57abc03f4cca6d9c71c39924ec7a486c68df35816025a75d2bce06232eb9eb7
oof,2015,stead_event_00682,872a123055c559f3118d1f10b28c2cbe6b11481303caa188ea6553c6ae4f6144
oof,2016,stead_event_00683,d2dd3a68e5945f71ba2880d7290f0ab91d4bbf2e24eb2bd5653782b5550b7b3d
oof,2017,stead_event_00684,0e2f5b6d3c018fdab55afa359a769ddf3f1a1ae9d5cd97b1431fdf5a26be2322
oof,2018,stead_event_00685,214b419998934d2fcbf4188f3de69a67db5011e6c9e2ebf847b2f6b60578568a
oof,2019,stead_event_00686,1ffe7ff9b9f1f9c214076b05115183d0662cd35fe7d6d4ee0f0c7b18b88596e0
oof,2020,stead_event_00687,e41bc33b3131ee43baf5eeb8ed69d1644d8a2f09892d5176b9aa9a6219edf980
oof,2021,stead_event_00689,4cf20a1b45fb12d657f0f2c1ce968a8c8b48a7623d699c3e648f762770d376a8
oof,2022,stead_event_00690,7303eefd3a400593ca1a3d968476c99e92578dc67d0018e33947552c96107ff0
oof,2023,stead_event_00691,e309f0e907debc994f9f0547fea2af7348d6128844936ea39e6b9edf5f53ad73
oof,2024,stead_event_00692,5003b9a066696e3f8103bd589bc920902a9815a58dc4d881852658e470479efd
oof,2025,stead_event_00693,0943b04d0832ae9e3ac5645449043364738dede92a45988ffd44fd33e9d81250
oof,2026,stead_event_00694,d8eb13a43e4cf7c2356b44f57fd60e8b35240c4215ac55844915648e85956e95
oof,2027,stead_event_00695,d31e1b5ab585990349269b21b13fd0ef4831483082cdfd1171631700415f35eb
oof,2028,stead_event_00696,b98398d8d723ee2079b325dba1267ae7acecec4f53adbf396cafaba48c5f49a7
oof,2029,stead_event_00697,f75b84fd574536148b4e6586d023447ef692e46ad83926f978684938b77ac2ea
oof,2030,stead_event_00698,23be1be67fbcb95538838ebc450c1afb7a74f7e42ec1f3770fc8670cc1133a8b
oof,2031,stead_event_00700,5c77f4026a7334e1d4ba9021d330ade20bcee899bb3791f3f7f07b7b07d0c6c3
oof,2032,stead_event_00701,72336a8a976030601358ff2094e666727c57e5c4dbc51f10926b718fe77df9eb
oof,2033,stead_event_00702,d30065eb3618a1248e467889bfb92b2fb5086dfca2bd9ca7d6e3fade6f4187ed
oof,2034,stead_event_00703,005e99f0cc321e23815a2140077d3abe60a90405351219db53b1c19d3d209435
oof,2035,stead_event_00704,38ce078e1947dce3e19e198d97216944c12b4f7ed5909ac27f0473f868904d30
oof,2036,stead_event_00705,b2d01663897e3eee916cf060a414ee985b202b54427cfd739959fac5e6424a31
oof,2037,stead_event_00706,643759612432d5ef8078d5cba473d2b21fccc3528832fe65bab2eaa8862277a8
oof,2038,stead_event_00707,91ab58205950fc3b737fd72163996220fed77660c5ae049cd956ebdee15e0f85
oof,2039,stead_event_00708,89eccb73c49d203720afecba5c473246dcd41536fe2499bdedf3d08509c053dc
oof,2040,stead_event_00709,9763d2c525be499a49e0d7a8e15e66cba516a5331ec07005354c3ec8c68ae143
oof,2041,stead_event_00710,6eb5a75f4dc83312a18b1e9a70a51a6fe2ec0fb1433efb0615ed4c1be466db99
oof,2042,stead_event_00711,eca4e17a3fcd171a924b4b57b0b8c48d54539443b3f51a059d862bca954d6864
oof,2043,stead_event_00712,dd41d80593aacb8531567adcdfac9707735e920b4e132350a369b51eac69697b
oof,2044,stead_event_00713,4da3edd945fa0399ffc00645335e0ecbe9d09b0d03d7a20b7259c6cbe070ed25
oof,2045,stead_event_00714,d73d1f024be15b1f12a07c44cb4e84e39f902b9a1323d6cf58d39d69054956ae
oof,2046,stead_event_00715,2708b71d236737066e5c8f88dec47c16e74efcf481896e780043e1f16a277d0d
oof,2047,stead_event_00716,50a7e1c6afd541aa160e7115e2e9b4169a8c1e8b0951f98a8732eed7f5fe0552
oof,2048,stead_event_00717,fb70f9f1a90db9af2ecc6d091327bd0c49523d99771cfa711bd00dfb08e03b61
oof,2049,stead_event_00722,f04097feab2d776d470a3317dd162fc3b33730bd5aa66cef43e74f3262e7c474
oof,2050,stead_event_00723,cab7c05b50fd3d9292bf0101004e39c0a93deac06587f691408a2d229513e2cb
oof,2051,stead_event_00724,19a146668e836fef3ee12d20f73ef94fb075f912eb3de62c4a7b5d27e443a07d
oof,2052,stead_event_00725,7323a2f6e863206cb70c5ee2989e371a49447c02dc8b69d79620941b0ed726f6
oof,2053,stead_event_00726,7effbb510c8ea5942391d62146b434ac0d33d201f277d6ad24f2ee1b12418e7e
oof,2054,stead_event_00727,9a5151ba260625e7ba5f2e789fa7d8af90d6f150d5ef4f16bc4328f971655323
oof,2055,stead_event_00729,7dcc86fc164fcc276232639882493fe0e7a8088fd42088cfd510fa8067754cb3
oof,2056,stead_event_00730,1176caf9f7791284c744b99671e77a5b810f34b236d630a199e4ee959fa0d3a0
oof,2057,stead_event_00731,5ee7f9179e565e166f87a4b29e76efa50021717db914a55a38df7a3e481ef2e0
oof,2058,stead_event_00732,95db5ae5de93a4faa98e81fc8cac4ea042e0f1340b0df0e137a779ca0a48c394
oof,2059,stead_event_00733,d15b211323a940320b13e013f76f63562ab450e50ed1c2fab0dba96a3ccb4d8c
oof,2060,stead_event_00734,5d88ddfb6aeb1992d6e7fc19aabd356cf09d5425c24f710e4a86ead1afdeb615
oof,2061,stead_event_00736,e2eceaf0511652553789096fd34e5ce273244093ee8ec3e494e115f2b4410c05
oof,2062,stead_event_00738,ff42b64799dccbf5c042525e8fbf4a2635f476d39549b09799820c91bcff3d00
oof,2063,stead_event_00739,47c4b051e23631ebfef0eca0b54e3bc9a35ce32128f0c00820442a7fc4217fcc
oof,2064,stead_event_00742,2729d276806771d0e8d1460b3a9db4e4760e9627e65199dbc1568c99618cda51
oof,2065,stead_event_00743,9576a86754c554e0af5e33aa61aab31a6774bba7fc7695658dbc66777347db94
oof,2066,stead_event_00744,a9a75a46792dea2abb904a96f279065388519abcd8ebdbb91dcc6f23fccbfb06
oof,2067,stead_event_00745,878998efb79810b1c140e305407582d0caa9d4beff6465deacdc331004c591e9
oof,2068,stead_event_00746,47d591d91730f8c4b3ddcd05f4882fc6f3f5c5054fba7b5f7db3b0f8244d4a59
oof,2069,stead_event_00747,80a2e313c2f079dad6ab771588e225579ccdd7f2ce0f28aee4df0fed42317a0b
oof,2070,stead_event_00748,fd4fbe2f11611c29389c3fd960d67170ca33431fef63ba90ab8f7d8f64ba93b3
oof,2071,stead_event_00749,8c476de544aa1210c4dff14b8151491cbb70c37d32e43fe9ca1aec9fd8b9cf2c
oof,2072,stead_event_00750,a56a04665c079d90412773ad71dcc4df474640f7d17335cba8e56f35e1a80097
oof,2073,stead_event_00751,e31ff22a18f2cbb1b5f6f4ecc74e63c0bcb2171acce66e025fce58597378a771
oof,2074,stead_event_00752,d27e24766f3e1695df3d4ed25e3a4397419cdca6752a0e1888810772fcab3db9
oof,2075,stead_event_00753,c91e4b438eee86972e9a2e7e0e44327b721474619d94ec88d06fb263604e03fa
oof,2076,stead_event_00754,1077e1e6cb1afaee1d78ed6e41425144d05e80944a3e2f77e6fa1d604d328052
oof,2077,stead_event_00755,4bed9a005d1f0af7367fa28af72a45d43ed9ca2f110691d3da721fef5d774004
oof,2078,stead_event_00757,5d3cb36da622bd3415e9983096b0cee143483e8559940bf6d0c99ddfeb8af713
oof,2079,stead_event_00758,736336bc8564b7754d38737e5bdbe85fbad8ce030851b53fee268e6dca9eb2bc
oof,2080,stead_event_00759,b2a9ac7ff4b3274fc6ef5c3abeb8032283a5ac8b9f5b3741c785897efd24e7b9
oof,2081,stead_event_00761,83748b551bb143e12acc2233103f36c86981a71b742ccf9d111028326511acbd
oof,2082,stead_event_00762,39196d4bfd777a16d3a3ae130cc556fda5eba1ec1e7b14ef2b9d942cf17fc9d0
oof,2083,stead_event_00763,88cb6c564f4a65681e3c8e93f2455ccfc8ecf389c01cf100d90b90d2ecf7d34d
oof,2084,stead_event_00764,5ba6bae40ff2158391ed85686428d6e09dda8363e2cece4685293517742bcd0b
oof,2085,stead_event_00765,a5622a85f5243fae9b7ffb7dc8827163f4e7031fe6be1218301ace92a8bc1db9
oof,2086,stead_event_00767,b1c657be9dcc0035dde31639d62fdfa1619a468f3209def3f9aac9a8337d867f
oof,2087,stead_event_00768,9a31e3860d9bb9fd00750eb793c150b5a95293190780dd45959e7292f1cd9825
oof,2088,stead_event_00769,c515ec880fc9984f1925c2d25e8397b523313f1db4e0ccfc94c6b29a12be3521
oof,2089,stead_event_00770,8dde67ec25a6b5514dfccc556d5393e0e0c7d7d6d99f37772d701b4f6f5120ac
oof,2090,stead_event_00771,f03abf06f2e88dac3544ca536c5d6f9dda552b812e871fbca0d2b0b0ee7b4779
oof,2091,stead_event_00772,4cce3189ad5780d1305deee2086b47f64e9f08d052a03ff49909fde4b5fb5eb5
oof,2092,stead_event_00773,f60843704f3a82343afb2aa442231721cf9b12cc40292d460500e8e8a16fe9fa
oof,2093,stead_event_00774,f720a7c44d26a84102aee47aba4af0252fc4dd813561c84c3cd79d633c567baf
oof,2094,stead_event_00775,ae42815b116473a0e540e963e59ed39007f531ec2003b8aeee9a922ea7b6d029
oof,2095,stead_event_00776,635d4acc96baabb81c235ff7e6ab9df17a3a237b1d1dd6ec4cc3368d6871c2b0
oof,2096,stead_event_00778,02d7e35bba6e021b4b3f0f982dad015e7872f106707dea9ec31cc63b5d05a02c
oof,2097,stead_event_00779,69d46bf5a830eb0f520a5cdd7ccc36bc66944bde81190864c9963af0c51b9687
oof,2098,stead_event_00780,94c9d1db150e3a48795a2b4ba057af61670077ce872cb8c92ab1f0f5b5be5ab9
oof,2099,stead_event_00781,d2b40a3d8e50be30dd29980f7293781ac1e2f96f11453c225c9a22956490e5f8
oof,2100,stead_event_00782,4eea9d2c0854af08f704a01a198627a8d9046caafb49db06fe753ff7cfad988b
oof,2101,stead_event_00783,1a7b34a88854b154c8930af200a0f88f1efb626b63e9c91c788e10d086f89ca6
oof,2102,stead_event_00784,a2ea6bfc4b1a5a380b5ec336fb2ffdf551e29e5f92e11076f40e7c473c3265dd
oof,2103,stead_event_00785,25e4c72f191cdc3667817b9e85f2d2ce2803b9f0da55e840a2ac360c01987b8f
oof,2104,stead_event_00787,4a06b4c197e961f190382e034f9cbe62bbf6b381595d0b96a83f86ffddade173
oof,2105,stead_event_00788,1708fb94e502cd6c2d8dbb1e1618eaad773a74893a594136a4d22d27532888f1
oof,2106,stead_event_00789,3d3c9d5c545ca8b8040feabf5d07f4f6562f451fcd3272bb5bb358046b0212b9
oof,2107,stead_event_00790,9a7114efb56661e8b4433e1f5e9a2540c5355333741fafe1f10a77b70656c5ec
oof,2108,stead_event_00791,a4477dba3abe5fd5bf7c21d76ea2c4419c2f9c78f4d71fd5af70b21ff39a2e00
oof,2109,stead_event_00793,67fcb8189c25561d3d015cb2e076c9b4434b367b51a5cff714ec639289554d2e
oof,2110,stead_event_00795,4b40ce9315b425bf21c1fdb5dcdb2d54b9d4e7de6f95d4ff53fb7beeb2b66b4b
oof,2111,stead_event_00796,7b67b1c753491c070fa48ed5f4e391a32d615d9ffb5979ac57d63b96a2f384ab
oof,2112,stead_event_00797,c4a112dd0aec7f4c533ed8221f25e808aa9e0eedf6fc8209f3ea4e8f71924351
oof,2113,stead_event_00800,d2d90a946fc23e091ee0eb416eccc9468a65c6d2154a77406a6685e707e190aa
oof,2114,stead_event_00801,ce6f67efc19f33d6eac533784b67c191be7adbb1a950234bf45b9e4269105301
oof,2115,stead_event_00802,5ef80056427b066f222e8f531baf72f5b73a6a7ef669607252260ad85dc6d25d
oof,2116,stead_event_00803,7d8743da59c5206bf1940c459d32805fbb32fd58a3bda98c2ff6fd3dfd6a74ac
oof,2117,stead_event_00804,19ce3f3d9e2b4dd1e736cec4da43e4a58ad0e0d7b7dfb41644ac0cad64b2f65d
oof,2118,stead_event_00805,4e98349cd61b008fb36ab82c278f08af00c53ab707b2ac883390e939614bd2d7
oof,2119,stead_event_00806,8cace76e68110eb4524c47f79b6888d7d0b5e1bee02bcde56e09e3389c76cce5
oof,2120,stead_event_00807,56ee0f49ed108e4fe5b675b63661999cb1ffb3b4c90d6b605f9fcad72fcbf068
oof,2121,stead_event_00808,5b3fad6aee9e87c26622ac8ffa6d7fb9dbb4254787e903703d1d011bc3296552
oof,2122,stead_event_00809,2e9fdd89c27183b2a932be1ebb426f6fc82c0e94dca9377252d96e9ce030e7f1
oof,2123,stead_event_00814,b8218617ed477a608ed9ad4233fad845c2f743353b9227c5f4fd8c4aa7c07d20
oof,2124,stead_event_00816,a2fc542f809e106b16643c1dd9e6ef161f5af66363a0d2e47cd4e668565dd0db
oof,2125,stead_event_00817,90ad6003d22ac76de521ae830141f2e544a8b50080725314cfcfdc2bc861e26f
oof,2126,stead_event_00818,7f83313f779544e834b94ffadaa27767d32fe9cfc26880e9b16d1e9086852bd5
oof,2127,stead_event_00820,9335c2b96a0a6053b80ae36b95acec709f05198396be49e81f415f35e712e278
oof,2128,stead_event_00821,b3d3ee10593c8941086808f39d85a8008fa71a7c53a3c709a45d59aa973ca7a9
oof,2129,stead_event_00822,b5895f12935937a3b0ec57248ef9aee109a0ff51ed152807038a00b12145076e
oof,2130,stead_event_00825,4b674476b69dc126731aa1261f78d38bd21d13c0cae43983dfbdb9c8631832b4
oof,2131,stead_event_00826,1162eb04c10fa4546aafcada21ca51158a357f1abaa8007c1a015cb6769e405d
oof,2132,stead_event_00829,e0846ac02b4d9154810593b21fc8b96752731404e83536b00a2fe2a806cd8fa3
oof,2133,stead_event_00832,d66cd5a27ff1d92da1baab8c9dfaa4b52a26fe7fe5b9b494778bf880490f038f
oof,2134,stead_event_00834,c2cdd6ea1dbb5399db6476ae23921a6289357dc7f97b7928a438c9a1c2fb917d
oof,2135,stead_event_00835,fa779ec38e308246faf32ef6cac28c07199b0e9990b5f3ed305a90cf35b3f81e
oof,2136,stead_event_00836,b8edad9feef6bb10a169ed3312ffd477bd542d343a9f83c31681546cd1e25772
oof,2137,stead_event_00838,30f1d092b334d567a9ca13c79dd021ddd54a2ac08b7eb282e3a2df02a5cde498
oof,2138,stead_event_00839,451b3b0b278f713de4046d297cb9574bd1629de21885d9a60aeee94810c9cf47
oof,2139,stead_event_00842,807b872ee4601074ca62aae1abb0d3f40fa72fea7a61dd30af25661a17c4dd04
oof,2140,stead_event_00843,379dc1374ee4ebcf5108c2f9713f3af3693328c4193b587e133a3c35ef19680a
oof,2141,stead_event_00844,481bff4d2aa4ea1c7f4b01effad2b41997a1226c2df734b0c133baf3a24c78e4
oof,2142,stead_event_00846,d43207cd76be9484691662e26165b5f69351cf153386550c1d0a9e8ba9fcdc27
oof,2143,stead_event_00847,ab3f7558a7a9cfd510d5743c31cb233f407555810121e8a3edd5ff93fc735573
oof,2144,stead_event_00848,a69b0494998fe4cda0cec90b21ccc5962c7c0e58bb830d7729d18d6e307bfbb4
oof,2145,stead_event_00849,af8aef807da3aeb3638761b51ceb010fc1bc81aba7baab3b8f91e2790abf960b
oof,2146,stead_event_00850,af46cb09c36dc3a2db5333bd5d8e6be4e8393545859dc583040a7a22a622d511
oof,2147,stead_event_00851,91f3e9e89b8760fed1719aea9af1c30113dc62f4364883fda64ef6ea78046473
oof,2148,stead_event_00852,63ed38212165eff5570028429a93acf7e4be1b6d14ddd9f3f9894f1813a7ee63
oof,2149,stead_event_00853,97331f58f4dc4d0b8c22086fd760a131bd8bf3b78e11ba8854f7a36adac599cc
oof,2150,stead_event_00855,b46aaccc69fc6cba4519797c829043ea3d2b4f138972523f38522662a73ddb1e
oof,2151,stead_event_00856,87b1aee18d7acbdbad2d272530073a91e97c47f425ed7c8553d1f53ad6586690
oof,2152,stead_event_00857,4c6e45d531c10e4371c9bf77acb19f9cbd9f5fe410cf6deb02066003af1634f9
oof,2153,stead_event_00858,d34ac6ea43b75e7be332ad231c5b9e065109f88f378c0a5fecabd309529c749b
oof,2154,stead_event_00859,e9bd8684c5a8f08ca95789ee1672938ae98ed3e6d0d58939adae73983d2a6a37
oof,2155,stead_event_00860,bb5968fc22d93b1577e403d0b1f9552b1aba8763366620c0f34de42c9cad033c
oof,2156,stead_event_00861,ef49759a8cca848a550d061f815eb21974f33abe62f6327b2e34ae29d7bb580e
oof,2157,stead_event_00863,52b9e7570c7a681f62e64b7b60cf661c3ca5d7fa03a8b002bc972927844c1908
oof,2158,stead_event_00867,21ee4e29746185ed213dbff09bde67520a5477a1cb7ccadb8b4ee216c8074537
oof,2159,stead_event_00869,5e4cc34030b53f95aafb25b0c2c3b4930d80a87997fe12687e2f2f0b67f42263
oof,2160,stead_event_00870,981f9bc3ff937186860f586526ed900384d0c28a9d214a1c9f9cf47e9bcda152
oof,2161,stead_event_00871,ecaa04ba4163881ba0287c348ad6e53acba661385de97cf607de6c58324cc089
oof,2162,stead_event_00872,8438da380c7e8621d9bbb97119ec936e85e9fda2773e8914a0b68c82164271d0
oof,2163,stead_event_00874,b4e0360ee6cab59701734a3e2bb058d33ca1452fc71d530620c3347917821942
oof,2164,stead_event_00875,336eb50a2d32f7a55afbc038763f36802f204b330a584a87561075b634c5c1b9
oof,2165,stead_event_00877,b347c3aa7b4f737d69500271431fe30261c395b63c49db8793fcd94be9158de0
oof,2166,stead_event_00878,19d1ec5409b1d209d231a42e9ceaf01d30f71b3230c3656bf03aa29d24158ab9
oof,2167,stead_event_00879,d951bc34f30aa4f71b306690ff04d53e31ca3b3ba314e90be22cf54a63505905
oof,2168,stead_event_00880,0b7c370cbf2b2809a8f3b3df398ac6fdf722aa6123e95b225fe93f839378d71c
oof,2169,stead_event_00882,e5d5a912fb1104e9c08398b6c9045f9a174bca69768755edb68b40c4d45c3d26
oof,2170,stead_event_00883,35e7b66907eab113596a52323c0fcfdf45a1949fd746096baabb7f50b2d21ee5
oof,2171,stead_event_00884,16971445e1a9db13d2f5847b33869da1104d3dc412674fbcd0942bf09d3ef6b5
oof,2172,stead_event_00885,263d243db0f4e3fec40f758a2eaa41ccd8bd2ffacf4b3b95ce67a3690d60c413
oof,2173,stead_event_00886,d1e1848cd3104925a07ce45e1d2900863196ebc2e1883bca57dc887a17e19dcb
oof,2174,stead_event_00887,8e3083e8214674e535f8686f78eb2b02c7d6098acfd08c51da6038f530fdd8dd
oof,2175,stead_event_00888,528d68e456f2a4d79baaec6b10ad55aebecbf2493800d0e34db30a09c3729ba2
oof,2176,stead_event_00889,00f579402435aad7ca6dba7a62dfbb459d76ab1adca692350b4dcccc856d5506
oof,2177,stead_event_00891,43b6411a7e27db43729432ea2a5c76dcf8cc1afc2f2cd9548b3caed52263907d
oof,2178,stead_event_00892,5266edcd5696e1f70b2cedaab8033133dd4e951a7d0c60b11d920765b5f42783
oof,2179,stead_event_00893,82f8a6268bddb5677269e90a7bed38f2403297d9461b76db7316039d1289c6c9
oof,2180,stead_event_00894,5acfcda9ee9e64df0001eacabffb69cec2b60113f278fc3683ac170cf7bccbd3
oof,2181,stead_event_00895,c28a39cd72509451f5e8524c52efb4826cead6eb012241afde6a7f9c2566f04e
oof,2182,stead_event_00896,2e57ea10e6ea12d82cf91d0e31438fdf98202cc53bf2ca53b4582509babc5bf3
oof,2183,stead_event_00897,40e7cf38d3788dfcd58c7c5428fe6f22085c8f61fd6a19299613bdde70f6b1b8
oof,2184,stead_event_00898,ead29b6591f83b065d910a4f77f538bb9b94f718803c0303b0469945fdef54cd
oof,2185,stead_event_00899,50189b6085efbc96b76571472b1cb060952a29db6b5c1e4527cb339464b15079
oof,2186,stead_event_00904,370386ab04e16c96964be81aa6e74e9db8471d01af773a04f099bab012f873f6
oof,2187,stead_event_00905,b82d85939f77d2a031cbdb2bedca45aa01d15d7c23b98f4fb38c8b691061ea52
oof,2188,stead_event_00906,d21ec31e3fd305b22ef4e3a76bb8b7e0f21025fb85aca8b894e4e1f07c533a7e
oof,2189,stead_event_00907,28242dd82615e1d6d4039046bf35217c31c8fbe836c8f1f78e2a8d08e09ede0f
oof,2190,stead_event_00908,27224281dd08ab36e1d5a55dfe23f0500d5a950c2f652d96705bd4c19ed4e88e
oof,2191,stead_event_00909,41cdbd7785fa8e98a222ffd840da39a583507c3d7e74ab7675c2064ce8d642c1
oof,2192,stead_event_00910,a6c9d53afcbf8a4338ac9557a4312f7f1388ab6e0095b652a2ab87e41c4500c5
oof,2193,stead_event_00912,8b5cc3624b684cc2f45540d79fa7b47b2864456b204bf0cb87d0781828e3419a
oof,2194,stead_event_00913,b48f3b4e60befbc3255c5647b6be89cebcd331593bf67ca3925457e8b72ffc9b
oof,2195,stead_event_00914,fd2864ab7cfbbf5be6aa47eece6a8920bb2f075110683a11a3d4887c2c5c6349
oof,2196,stead_event_00915,9f385325ee8e5baed35bbd689ed595c54a9e63262342dca282aad3518430eaba
oof,2197,stead_event_00916,a150ce22c3e8cff2fd5ae8e2c99cf62f193d212fe56dfafbacf76365b64b6a73
oof,2198,stead_event_00917,ab4cfcf5ecfe08b44374ada0225dbd64fe92b28ddf0917b45be4c45c808e060d
oof,2199,stead_event_00918,4cbb8912cfc96cff2cf1785a0d350a3f0e39e75f8824e92254c4db37070992d9
oof,2200,stead_event_00920,384619946a1cf6b6bb1877178c75038776d5d50116e4bd4cb70adff9ee7de023
oof,2201,stead_event_00921,3ff28efc2f9b6485b45636207ba0de481fe0e61d900bd79454a57158047320b3
oof,2202,stead_event_00922,afd91b27cc8f2eb2d6a36862802efb5b6d21f14134258dbe8266f81738f8f24f
oof,2203,stead_event_00923,e96c237aab0941178d12c4bfe9b4d421e047cd9e4b25564c8f6dfef68096cf0b
oof,2204,stead_event_00924,30b9c23155601d6cb97dea2ee203a00a557fc3459ee4d9ad72228a9f46819deb
oof,2205,stead_event_00925,d0c669083ee8816e87b8794b8c4e790770d87f2916557adbce4ff5f932a49f2a
oof,2206,stead_event_00926,1de452edbbedacc82b8262def4bfc6b362c614477d14eef382c5dea43438bcc2
oof,2207,stead_event_00931,b4a37f44601c4c955724a6f71114a0a01e7562d763c2802c71b1c1530d0115f1
oof,2208,stead_event_00932,ae384db20a7ac39e6e232f65720816b2b7ee75cf3c00e89db9081830f323a45e
oof,2209,stead_event_00934,dba84b7ace0dc19bf43137b97f165ad5eea91ee711a0a4c7df432c83205590bb
oof,2210,stead_event_00935,ce916fb3586a6a0fa5d4389c033ab8adef82eb25e9c6f76c61392e848481cceb
oof,2211,stead_event_00936,3a14dc4e20a4f0942a4d2cc3638501077a1cfc566e95bee928add38872fc30df
oof,2212,stead_event_00939,f954e1e92156720ae0359a707827ae79633c24661f41965cec4b60be961fabe7
oof,2213,stead_event_00942,0d3b3809c26ed3dabc23d442437040ba85c02c6f8bafd7f3792ffeb40982e7fa
oof,2214,stead_event_00943,2f141ba2d269e96763531c3c6400b23020b346912ee3b7ebc07d696883503de3
oof,2215,stead_event_00946,6495b951a1f2481ac869c4fb662e4d574bd3f56cd4386153ef891e9586263126
oof,2216,stead_event_00947,9738909bd87e856e51fbf9ba2dd16734208d759b97fe6bb3c1b976d582b0fe64
oof,2217,stead_event_00949,52d1d7158aa9d5d1f742027a1fdd659ca1a4866e454178f9d57ed8330fab705e
oof,2218,stead_event_00950,d3eaa13dfd69eb59b2446d7c00a6507bcfe1ab9893a53c9a60057ea134caebfb
oof,2219,stead_event_00951,6d5c9e7a061afecccd749144b1c21a1fb020de671945e4c6526cf90e5869a5d2
oof,2220,stead_event_00952,67ac8a35a648aaaff69c106a1f5baa71cf20aeb4bed2253299a7f6df3e1d4a1f
oof,2221,stead_event_00956,050e72f7ed363e04358e8aa61f72818d714caba6bfb32bd3c55b786bd10f9d0b
oof,2222,stead_event_00957,cec7f3a5534844148df3bab36f4c0c6273dad7ac724be0e59b0334ed13b6bc24
oof,2223,stead_event_00958,ce46a77bf21a8721f62ea04444c42d6bad4558113f4533b60b70f5211c5eb59d
oof,2224,stead_event_00961,37f3248caef6dfa8c17be977225530e78b4dce06f477bfe91186bb8c457b62d1
oof,2225,stead_event_00963,aef4bfe0057efa6cffff31dced5d70daa1173f21ccb05ec53490b204d0416524
oof,2226,stead_event_00964,9d1a68d2d8ceec9ccfc2af6ae90565a9306b814ad143325622a65554a3071a80
oof,2227,stead_event_00965,668e859aefe074980e3936a1978c989b193e9ded97830c720ac60497cbf947b2
oof,2228,stead_event_00966,e87f9f9b883ab527d432885bacfad6eafa16ba3c5ae9f56ed0efcea19e1d4731
oof,2229,stead_event_00967,6a276c2d7272a7cb05a0cda696ef7be6a1c09e1c85976885475a3e10ece5fdeb
oof,2230,stead_event_00968,dd11d0bc67d0b867f9d09f58c69c8333b32ebac900b9e9f5b30efc31e1603204
oof,2231,stead_event_00969,9e576d09ddd1c13987626a2da0ca154b4cc10a443fa4c63b82dc6753a1c15afe
oof,2232,stead_event_00970,457cc0fce484b594a1d3b576a658861ef082f8a4087522a7a966a4523e34bb9a
oof,2233,stead_event_00971,47e42d361001e6327e470c58dff7d52472522975bc6d5a7cedc19154559455f9
oof,2234,stead_event_00974,ce80f56b5d01e558510521e1e738fd1ab5ca4407c70cd676c69466fc09943f53
oof,2235,stead_event_00975,ddbb9508f46d415164d16fd265755f637f02bb695e44542eedc3e66a03e3bca3
oof,2236,stead_event_00976,41219c7eddb41f5ef7f75ca204aa03dd6c7cf8040fdd4e96aa5845586469ff9b
oof,2237,stead_event_00977,091b001449c6ca01ca2fec199c8608ca068ffdeeab8f4df2332b1691d1697386
oof,2238,stead_event_00978,53c7673502c3c7214b44e943e9f376fa6b9a570c667ef4fc578f5e3b1c2f28e5
oof,2239,stead_event_00979,a118fa04834665e55d47de21ad214c4842b366cf8baf8cce8fb753b54e3cd023
oof,2240,stead_event_00980,6eddb838fdbd4394d86455b7927b59a8409cec0fba86f4bde78cf699db2c6cdd
oof,2241,stead_event_00982,5930c2c3748226feeb7c90cab36195bc3d2775f60ef743f05d5798f32f074ef9
oof,2242,stead_event_00983,699474264e48cd37b6023bed80becdfa566dddc015389e294acc96e3f0f00b8d
oof,2243,stead_event_00988,0b93f270718ae87d1675abe22e01b6acfc55755ef4680afeed9e68fcce85ee8a
oof,2244,stead_event_00989,885d5db72cd1a6eb2a0e8af38fe8ed204356e6f1e0f397a6dd180ec7355e870a
oof,2245,stead_event_00990,01d1ad68808ad7382f69173f9f236c6253adc7bc73b735f7c3279acfaa52ffb5
oof,2246,stead_event_00991,a1e5a862f4cd0db1db403cc8d4f6c6016c42464b4e89cd575145e8c54b0685b7
oof,2247,stead_event_00992,034b09f2b43646ec0caaa520798055b08b838a6983cd02eaab8e8473d7ef45f2
oof,2248,stead_event_00994,78fc8b353feea8f345faa0e4283f86d76d3f762498de9f45fba1dfd1958efcd5
oof,2249,stead_event_00995,072c706ac772194b40f257680031d42bd06beb3f7ac299d377e3029756a59906
oof,2250,stead_event_00996,b12218c4803e5d6b2b96f0c4cd043c64976ffaab2b7c6c45c7fc007a18a5b085
oof,2251,stead_event_00997,096c73b47a11c5172c70fdf8cf5077f4e7a645a99273cfb6115e65a098b6d3dd
oof,2252,stead_event_00998,aef70a90bc78b8320d193f8582a50b9dc78d076f263d8b2826290d193431b031
oof,2253,stead_event_00999,ac7fed9861c7ca3a0469cf48a52f3b8ec1a04479c9e7bf2e3f51384381d6693c
oof,2254,stead_event_01003,72c7f335e02bd77b0b56274be2166171b057359d29b70874a7733f9a8b5365e7
oof,2255,stead_event_01004,a7c31e9c387ed0b0c434fdcfdfa4bca1995ac8b3806225955ee30e8fc87c430a
oof,2256,stead_event_01005,5e10f3db01bfee3419ddc0e5b1e661fb134f2226862cc98c6d08392cfde8077f
oof,2257,stead_event_01006,f57893461ddbafe8d2be5038675e5c3dfb20941aa1253b2f5cdb3c23f6a872b0
oof,2258,stead_event_01007,8e42199203d88159d5bd86e82ce4f3ab0dc96e11622a4f567c92df96a6c3a9bc
oof,2259,stead_event_01008,7781f23a9193afa9becd62b3f63830dfbc1e70220d44efd0fbeb2ed2d7160fc7
oof,2260,stead_event_01012,7b37422a7c620e7497d48a352bffc7a3fcd70083417f736368e9f6ce600b7351
oof,2261,stead_event_01013,065b814bbc73409c353d51763821f8c4fd0a47846d34fc998b4c522630c751a4
oof,2262,stead_event_01014,f15dd2d584127d3eb7e488ed62317b74743d4fdfe46e7eea40386753530bc706
oof,2263,stead_event_01017,75b03f2c690ac0268077792713bc361806b4253558592754b7620886acf546c2
oof,2264,stead_event_01018,81b48efc1ab2c49c5d8197038bf90d4f7e83205b2cdba2c8ea57e4f2a29ab7bf
oof,2265,stead_event_01019,b1a05b024fda5a5af0d01755ac0321c8d6015cbeccfa372e8147912727932151
oof,2266,stead_event_01020,4f2eaf2cbde133514d1fbe8114acf3d375f9aa41ce64a133daced5dd4afa038f
oof,2267,stead_event_01021,9278cf84dca444866400a66aaf712ee5805225e5d8eb98dc1df286d6e83e3f41
oof,2268,stead_event_01023,04d1fa814fb5eaddf4441307ed08db2537fb4d966d9480daa18d8298f482e7e1
oof,2269,stead_event_01024,6587e128b3bf9b6e5e60e077d9a0d2aa4aa9ee417c8e87645ddf49e3e7673113
oof,2270,stead_event_01025,5f5c9e6f8355889ab7a9d166e04709f1558bb84a95dd57aeebd4c38dc2051778
oof,2271,stead_event_01026,4619665c2d68706408422c2cff83b09a537635ab9064fbe8b75e30dd1a90ba60
oof,2272,stead_event_01027,6ce7f884523d9dd74162c25161cc6f788fe00b2e20dca5529e0acb4b7b59cd0d
oof,2273,stead_event_01028,155a715516a088c989d79e990ed577bfd40b96143f513be6ac165870762c81ce
oof,2274,stead_event_01029,24b79437019de17403a2db08339d7c632477cc1bfd834b213ce820770e4acfdb
oof,2275,stead_event_01030,44a60a3db9c4e81183b343e70bb9052e2fe57235c932109eb632de628df357af
oof,2276,stead_event_01031,4f31c93683221e233118b2051e232f5a4e4b094c122e7c95b4dcc4445eec2042
oof,2277,stead_event_01033,1ea729c578db051b8f6051b711fab0c969d7b958855a64444716866764a2ea13
oof,2278,stead_event_01034,66fe1bfcf1344628bf27b7f8378afb7c12dd523f0c1e5fef401dbde5c545c202
oof,2279,stead_event_01035,5b551dc3c5a742f30920303dbff697562835f10c8e4a3ede2d3fc4a7eaae3b28
oof,2280,stead_event_01037,8fdb60ecbee3cd4f7c30de2c8bba7c34ee211a4dfb673dd92cab977d278d2ce0
oof,2281,stead_event_01038,23df3e05fca3c72010cb2ca41886fe04c62351fb99c9369be6c00a07d9da7bfb
oof,2282,stead_event_01039,2a092fcdc84e32e41b14a0fb5c6279718a3259b717ee96dbe3c6af40b21fb015
oof,2283,stead_event_01041,1e72ab1c4e5e3713d8c4e0bd0dddbc20418a57b40b282d02b0071424f34d041c
oof,2284,stead_event_01043,06be6e14649eb94a131df9dbf339c5295e143dc65508261b46f58ecb300a2890
oof,2285,stead_event_01044,8b8f197d4fa7065fc7f65adb9f16de04b55995cec5c171fdb003e88170a08fdd
oof,2286,stead_event_01045,a8833dc4dca139caa0718b17c9e394c7d6fe6d380cb36464c14976058a6f261e
oof,2287,stead_event_01046,6d9ab356d978d7645997ea3a224ecf2dcb7193c6409aec3af3c5eed86aeaaa13
oof,2288,stead_event_01047,f60f85f088501e9bfb1f179061d9241fcccad49cb0702300d30ea674226bce7d
oof,2289,stead_event_01048,2761651a8084efe24fd2849c30f04578ced34632eeaef144f33c90299ce823aa
oof,2290,stead_event_01049,01291a4ee50d4be28a6c94bae5490e2904f97bd97ce2254199392479ae45389c
oof,2291,stead_event_01050,1f2bb0a5ca439ca64840787d1a31f7473231b1ce38d5172e79e8b500c4fe3cb1
oof,2292,stead_event_01054,74a0fcab72210126f6adad86bb378c7b741788af594847c98cede40966499374
oof,2293,stead_event_01056,5e74830f7139349b7ac76514e8b4d51ab80b62ff53a335bd4beca5a99f83ef1f
oof,2294,stead_event_01057,4c9f7b001d12da65e80e8c2ce240c69b664d054c9b3b6b49df28256dad2a1947
oof,2295,stead_event_01060,7ee8ed1af991f87a84bd447c3348e766c6aadfe61a097a4262384a2baad9afa3
oof,2296,stead_event_01063,3dec8b5bc603103e556c7abf00b712ee8447d092335d80f89e2dcb3ebd12306d
oof,2297,stead_event_01064,3f669add545d3a355f7c4d6654fc6eb48ddc01c52b23cca75c12073eece289d1
oof,2298,stead_event_01065,405f222dd56f65510cf5878e304efc5238a2266515d1407dd26816c0089fe4ad
oof,2299,stead_event_01066,d70df83a9da52a55618f071a3528cdb7a1221f992ff32e0cd7899263eeb47269
oof,2300,stead_event_01067,01257dd9bdd4a7f75d65a1e43d63fff74c3a7bcd55da1a6ae77862b28368f013
oof,2301,stead_event_01068,6b849ff7f611f140223ffab2708f11d675111f7b90db0962472421ad5fb00051
oof,2302,stead_event_01069,c3fd79ab9f1ceed682c6f5c140840d6b610eb46e147d7b923235ee33b0c9b5be
oof,2303,stead_event_01070,be1db752bfdcafb93a1213f37248c046a670f0f5e6810118e25c7ad6d3ff8268
oof,2304,stead_event_01071,c075c83835da54a6750d47d7c4f680a2723eb40f57d79ffe9f16f0c03755cbed
oof,2305,stead_event_01073,a4faa52ca266d0dc1debbaad6af8dd9f0d5d28d055beea0b733f3581772863a2
oof,2306,stead_event_01075,a2494e05d35f6354abf15e6bc13a29d05c396f46b529c92e59089df548b1d200
oof,2307,stead_event_01076,2de1b888b45c84d9954c02047ca51b5b1114ab2e54bd258105216bc643888abc
oof,2308,stead_event_01078,043e183d5e7b470443bf5d2fa943e9ec3e891d6f08351badae6e9ff1442c0d7e
oof,2309,stead_event_01079,e99b95dfa94714fa9ce5103b9543c4681807ee1b55f3f6eb461413bbe21c29e4
oof,2310,stead_event_01080,010e2576cb96014a68738c03d98f9e193c7922fea8a0274201e63a0beb36372c
oof,2311,stead_event_01082,4d6bb25357a0526ebfc64d08aa402745ddd530e93a5f8dfe70b9dcf07d27ac29
oof,2312,stead_event_01083,d1d793655469697fa1c3f642952cee4563461dff5740bcff433a64bf804365ad
oof,2313,stead_event_01084,76136c8e0fe3b32fdb0fef234351fea33f8c3c9d0428bc65d04da11ac973648b
oof,2314,stead_event_01085,ad02d454e271a82dfa5ae32e76b52c065282c24c8499e62b067cd4404c522c2c
oof,2315,stead_event_01087,048ea28798d407da3ffc339c0361d28e0bd735ff24c43d670b2ebb1153c197eb
oof,2316,stead_event_01088,9ccf0531bd56ed1a927412e452acb451b66cd7d32d0a2bfa27b65a1a80c64347
oof,2317,stead_event_01089,ce067f4240d0281ee4fe421c76a8eac6d8da831ac658854d1e2a84b0721175a1
oof,2318,stead_event_01090,fcd789422862a7952f3051a296eda1c1037fe63b786602056f7939379c6595bb
oof,2319,stead_event_01094,8a39c4b39c0aa81750f6e77a21e0f84fb9318ebc92f6ec31bdda8809bc16e5de
oof,2320,stead_event_01095,4f542fe8d9fb7fb269e8c50db57d51e005762e1f5b1c7477d4d707db3942fb7f
oof,2321,stead_event_01100,d9031e2cb9958541a4fbb2d3f3d735e471975e725572509a649b2fa3b8bfd4c0
oof,2322,stead_event_01102,af41f084b58a64fd64854fedd4c029077ebe419666084102a6a64cc01201689b
oof,2323,stead_event_01103,40e048b68845744c540b9ce3ca95a9c7a6f89b68af282a5a5fa2571976d19dce
oof,2324,stead_event_01104,c350723a89c226f54a004a6d4f0861653e0638714269c081a51d92e5ffb12754
oof,2325,stead_event_01105,ec62e65ef44a09fedbedd63dc1ed6051de2a5fb761c23363e1cdfeae1dafe92b
oof,2326,stead_event_01106,b90994a101c3ec57569685287050ef3623253389afd1675287f8c36cdd90d8a0
oof,2327,stead_event_01107,86401376cee71ed84f59dc08c5c7a714d0a888abdfad4e04922077295c47e20a
oof,2328,stead_event_01108,b79b5012b9237ad94c7474c5eb705b36b478a97f0a9718fb380b0c728ab75ab6
oof,2329,stead_event_01109,04d5b251db6954315981152ff3dae2dd7e16e66288f50389ceca5d0db15b6556
oof,2330,stead_event_01110,4f8cf073ae52a2253c5b4347baa89c99b5a749c5d85c1f60ddb957229ba5a1ba
oof,2331,stead_event_01112,6829cdaa8b203c61924931809d52e975165866c833311fc86f4570c8e9136863
oof,2332,stead_event_01113,726afeb8b8e23cfe21e3e5d2df5cce026981116d6630ed49ff928b46f0fe0eb6
oof,2333,stead_event_01114,7c040af38506914b491c6da542abcc5599d6f4e5855dcf7f6dececc465572f33
oof,2334,stead_event_01115,14bc3dd77783db3df4eabf0d6786a88b8020232813ffc597ac6d12b57d97cad4
oof,2335,stead_event_01117,54511053b16a5faa4e648ea46459174c007bba0bef1553119ddbb92d01f4805c
oof,2336,stead_event_01118,a8137e3373bf292bee6e43c7f17141adb16b410b192b039306a2ef471f27be7d
oof,2337,stead_event_01119,81b5a6430b8085e0d4a2fed0a5c30e2cc519f7fa848562d59256a02727b8d90d
oof,2338,stead_event_01120,7310878335fb6f709de310542f733b6e5bdbb89e4e8f5a55a8527345c8056a8d
oof,2339,stead_event_01121,4c4e288d26b69d7ee66f88163aa61cf631b994ea6423b0b5aebf5da7159b4757
oof,2340,stead_event_01122,19b2fa83a27b3b15beb968e2390ad5f876d2adf43d224c263b1594def4baa891
oof,2341,stead_event_01124,b53da4c85f4edee85ee4f034c68554659139bb285243d8dd0a17417842b1d0a2
oof,2342,stead_event_01125,ad8d2ded84c7698227cd1c8b8c687c215fc23c2e04d25a279934a479a679192e
oof,2343,stead_event_01126,c1b480822612477c407ebbb715390bbcd120c94cbc96a2872de1340b287e15bb
oof,2344,stead_event_01127,c702080bf284be62bb3c2f64f5accf4829567d5f5e7b96e6deb160295f2d15af
oof,2345,stead_event_01128,aab9359f92e9eed72bdf6437e0a3318693a133533f8a07b63235cba0ef93654e
oof,2346,stead_event_01129,c1cadfcfdb2b39ebe6ef9644748de10bc4cc0ba342027a838c0f0f5fe41a7cdc
oof,2347,stead_event_01130,b2df55e152fecc7e98214f4a3597d93aefdbd11c94b2be2cf8357490b36fd7a1
oof,2348,stead_event_01132,e25bc816452480e30d5ffd0fe61b08abb446fd5beb52f9b0ecd4266a53931bf8
oof,2349,stead_event_01133,5d4751b8550551a56e919ced4403a5e9441ef7137a43005d426e36e2c6c60017
oof,2350,stead_event_01134,76cef2187f173464b17ab8e4c45f89b68d3f69a2b8368b57bee01b92afa08ec6
oof,2351,stead_event_01135,4160246da44114a52b03abbced4e954fafc6c5724942d36117cdc8f1191877da
oof,2352,stead_event_01136,817fc2170ad3aa0e63793c9cdf2fd12266cf4f90ec8e098f0cedc5b54a3cd3ae
oof,2353,stead_event_01138,323f8f0f1b759cffe89a24bd9c4265ae16c02a8624ba0e6de20b284a1b11ac06
oof,2354,stead_event_01139,a701a89e3fe88e6cbee7fabf959e07e025ffdae9e41996a5f9e1ccbdfda0a41e
oof,2355,stead_event_01140,9049703e7dfd30ad6d551f1fdc981c2576ded7607c1aa40eeebf5f22ff6f31fe
oof,2356,stead_event_01142,34417f0c916a565206783b591fe76a791684e7faba9bceb02e718ea2b2cf293a
oof,2357,stead_event_01143,55b8f866a45594260b5edc7d49d5916e339a4966c20ab714b557382964fb0d4e
oof,2358,stead_event_01144,d32fc0810e627e764be19c9812487c06f86c005d4af4a007d08e388bbe677815
oof,2359,stead_event_01145,bc3d97980d252de1787fb04ef744b68257720022eba57a6d5f369e7569e9ac11
oof,2360,stead_event_01146,40c74aebb5636555baa4ed116bbdadc5eccde1c8d0891d614081b08b9d22af7b
oof,2361,stead_event_01147,32713f645952a048245178bc10cbdfdb9591ad69f5bd81d0d962679b6f00cfa2
oof,2362,stead_event_01148,25a22967a0b6df6ad2c997f086ddfc9c1be218c44de69e78ec45464b85dc2551
oof,2363,stead_event_01149,8f7e62a0a28e05846fab6a2b0e73a34b0152f6b29a56b64ba807a335978e849e
oof,2364,stead_event_01151,c8466f83b25f32f4bbd8f337132ca890e715485d8f074ecfa00ae3ae59729e91
oof,2365,stead_event_01152,d5ff267f766511b0ad5b75514c70094fd3da3425a3c7b50874c170362c23524d
oof,2366,stead_event_01153,bf8881452b7c571110c246934c322fda8d7db4d6cda96ad3e2fdcf92e1caea84
oof,2367,stead_event_01158,c0a90c25ac42bdedd32d0ac2373726e872b6b2c5126b42e6edbbb6c50a62eba4
oof,2368,stead_event_01159,aae35703844247cefeb31176bff19e2360a791e2baab5d3d349ceab2a959135f
oof,2369,stead_event_01160,982fa91ff16f7022fd53d606ad09227c354898a0685d6a0835d3c33a056ade09
oof,2370,stead_event_01164,f3e4e46df1b5dfab5ed462761ba64823a0d1757170ca5e07ebddee2eccf37e51
oof,2371,stead_event_01165,853f3411926e2228604fc6137c797862d41fb3d4e60c0ad3264baab0d0844ada
oof,2372,stead_event_01166,944691c3044c5cc7acc54e6075e766719c7c31ab825d133d115a744bf392bd75
oof,2373,stead_event_01167,01713f25324af4bcfe0717667f292356adcc37f57b0fd10bdedadb19c1c2ab04
oof,2374,stead_event_01168,0904ec65714075592552169be5dea3701a1b89b86fbb19253cf2587214cb3c50
oof,2375,stead_event_01169,2cc1c7b32f4155b444f3ec6be02c36d45af0dc457a5598e7f4fa515f186f5ed0
oof,2376,stead_event_01170,9b7297e9d04771089d60d9f1e6bf112f23dd8e66a839eb49818d6096fa2e0819
oof,2377,stead_event_01171,c786125eda8e8c9c4faf5b59951a25406b4f3b8f327b04bc385d780cfe7f9cd0
oof,2378,stead_event_01172,0b632b2d27e54734c90b6b096ac6b2a3b239267646276d28485050b1019c992c
oof,2379,stead_event_01176,0eea720c234f4a811a5ba648507205696fb1c5619671fdafe4ca9f6b2ce190b3
oof,2380,stead_event_01177,c33961775fd957e92d5aaf758412ef8c66917a31ff6196200773a493961fa948
oof,2381,stead_event_01179,8401638c910a5a8f6d4d338e6cb188d39248df3b278ebbec9bb7fa8a2b4987af
oof,2382,stead_event_01180,fb2476ce6445f5e7835c208f9ade4c660861f8e193a25a62d7a3960ce20afa41
oof,2383,stead_event_01181,e68ce3aecb34231bb7f1f0f57f87bf96c46edb17205140e864eeaa7eae40b76d
oof,2384,stead_event_01182,3bf50e7b27a65c9cf4e91bf6dbb514e8e9c68115499f4acc3ca892b24a1e86a1
oof,2385,stead_event_01183,9155149bd9254ee95fb52d39f55f092f3592f1d9c49d894f9eb900ad596986c9
oof,2386,stead_event_01184,12555ce3c90453abd6c287bf32cce94354d554553841a2ba47a39dfef9dfe54c
oof,2387,stead_event_01185,1bb895ba4a0c3671afd954fa3a721d289cd7132de02a773143f794e482ec0b06
oof,2388,stead_event_01186,90d3e5bd3e1f484fad3b5b7ccb100be3b4d3c5f8268d64f9b83da94cdafd14ee
oof,2389,stead_event_01188,f56a57f2553a176a3cdd9e14e145e9205cf82bc2ccc46946a15048344cd3f337
oof,2390,stead_event_01194,77e0c6d64dac464cb790c6e8949c10b80999a537b116243e74f0d1d4967fda3d
oof,2391,stead_event_01195,a539d58b27f0826949e97b5147b51b05c5a850476c0ba0119c817e64f7bb79f2
oof,2392,stead_event_01196,62957fe5bca1a8dbe41d37ba0dba5397ddfa562e3fd592bf996fb702ec36a16d
oof,2393,stead_event_01197,aced20608c34f1ba391af59f4a64b00d5ccc9dae31f6387adc53d69b73d617c6
oof,2394,stead_event_01198,7377b981d8ca3a3d39d2733bf07730c368c5267af3e6c27470776c951918b3a0
oof,2395,stead_event_01199,74345a63e64bc3bed36b313b11287e381eebeec144e6d19013784b86dc0e34e8
oof,2396,stead_event_01200,5f2a48cb6172d241a3e2d9a7b5fa7da5c57a7936a4d66ed5a5e56c34790b1f93
oof,2397,stead_event_01201,0758efd66fda0a1c563ecff15901f302fe3797e578f42890dc16ddb6b29fa31f
oof,2398,stead_event_01202,b18f9d1a9b18c5edb0771f58ae95cd813985f3f9a9f2d16972d5529a0c2942f6
oof,2399,stead_event_01203,5bcf7e2ea924ecb225f6a1175771d11e842451fc0cabce8ff0e16d1226ffa024
oof,2400,stead_event_01208,2595369573c07cb52687488d4b73f104061cd66cc48d89666edc859eb8f61672
oof,2401,stead_event_01211,260097ea959241ce7950e012506f6a5e45961fc304db55ddffa9eb04f96b9a09
oof,2402,stead_event_01212,5b3bdd6fbb9148f424e200b367351ff7559d34ce5fc69eb112e2cbde9027cb69
oof,2403,stead_event_01213,92ad2e367a12b0316691d3465ec3b3144abef5d7040afb0f81e89e3cf9c28815
oof,2404,stead_event_01214,7b6a622202be0e0f59cfdebb0c7ddb7794b8f8f29c3134dee4b15eb49f2b8a09
oof,2405,stead_event_01215,544f3b73024dd96581e3bd5df8a6a511464180b15936dbf2606f20d8a9b90ef2
oof,2406,stead_event_01216,5b633c30ba911a109bcb6148da21cb7d0fa5c8060948dd399952f36c10104d18
oof,2407,stead_event_01217,4e865b31faa6fb8ca32ee98bc074c2f3960ed72232d692eeafcf66fb5145bc17
oof,2408,stead_event_01218,07e5d910649380cdfac665662adf10b7f1809fb711982904206e3032b9a4a29d
oof,2409,stead_event_01219,0d814471d5ebcd04303acb3701b77a5a1629a5996c1f704fdb83a58d3bd542be
oof,2410,stead_event_01220,da65a820b4fced0d8c302f638642bb31865e04d92e1e1b0336d0366953d226dc
oof,2411,stead_event_01221,3b15bf4c5b86dacebd5f26060a826c1516b1997cf38842adabf751102262f6db
oof,2412,stead_event_01222,6eb630a90a5a33e968e8f919b2703575b601c0df602d4b17ebbb54f599996caa
oof,2413,stead_event_01227,612a3ba3e8898545fa392b4a1c2cbc0e73d3d9d16ea13b588e3722cfbff95fd4
oof,2414,stead_event_01228,6adec5c5674665fe72d2bbceed5994ce84c8f124c54e141bd3c9300662c45ea2
oof,2415,stead_event_01229,3d83470cfb0f0a331c65aba98f0907eaf49893a6d693c57e6d95c0250f2864e4
oof,2416,stead_event_01230,2824aa249b91b1480b4f1979dad3fbfe3ca2608bbcadc30c49d189ed6c170e0f
oof,2417,stead_event_01231,aa684ec2472c5fbce2fd28bf9b2c02f22be958e2f5fba30d7d29558cda812f15
oof,2418,stead_event_01232,c80cc78a3d4f5dd2cbb3069503505532dceb22dbc5c67557602258b172359be9
oof,2419,stead_event_01233,1a19f14a05f27996b9846ba72554a85b746998a447d67b8221016a681b2b88e6
oof,2420,stead_event_01234,840699cbc1038290da34082b34cda6c166775a49d4ea453dbb0f8c20b24f8994
oof,2421,stead_event_01235,2bf9c63c8f7de5993b05e508367fc6c8f5c1d7397ba96934a26ebf3268a8cd56
oof,2422,stead_event_01236,d0e3c1c692a8314fbf882901febcb96cea3f3192d6abeb0257d9eaa7aca15a07
oof,2423,stead_event_01237,550a0d511f0941938c76dda78a10f04a8a68f58115ae1529865a8088edf80cbf
oof,2424,stead_event_01238,b73c99f4dc6b6bd76c60b6dd69233c91e8f807d4d4a12729f21e3fecbc504422
oof,2425,stead_event_01239,bf34e60f3f78db21ec5fde028abdebad3037131f35850af41e0964f22ab346dc
oof,2426,stead_event_01240,508cdbc0534c40f2657c6a03955f84069519fe8a8d3dbba46cec03f8a2804a86
oof,2427,stead_event_01241,c760e732c75a3dc7f9f6bdb8a9d7feebb6cdd1d21948b4ed847a2fdb3fc3e67b
oof,2428,stead_event_01250,d21b7a06ffad898e455bd0a4a48a0349027f7904d4137bccc5a5611e69768791
oof,2429,stead_event_01251,aafcb85455a01ab315ebd3cf7a628e600d5ddd437e6bd41e15268c42fdc0a2b5
oof,2430,stead_event_01252,124ca11d934b38781ea4a900b4e780dbc3e9eb398d09ab66eccdae488ef5c72e
oof,2431,stead_event_01253,33c815a056978ae276f8291ce08aa279e40e06ffbb595899d0ddae988663e187
oof,2432,stead_event_01255,d1f14a721612d759a4187a615e95279c88a2bb95be5a16749483743dfe3159bf
oof,2433,stead_event_01256,bcfb61e617f840ae8903ffe7fbb6723072582faa2d1a6fae56cecaea4ec8d650
oof,2434,stead_event_01258,e3bb114f688283fc8437c9a78b8cae6e3b63a853c256bb99e1e203834a308289
oof,2435,stead_event_01259,b8d795e6732f3a33fe43b731cb460b2532fa206ac9b08735bdb6d56bd03e0fa3
oof,2436,stead_event_01260,e0839e031902cefdd76651863ddbbafdc6151eccf03871dbfe3ed3c978af64f3
oof,2437,stead_event_01261,870c100ce0f7a8fc70fd9dcd0ffe26a470ce4897882c869aa574cd651a3f539f
oof,2438,stead_event_01262,5224ee868300900bb2672aa193d5d15ad8f5be32b78705773bd10566aba22066
oof,2439,stead_event_01263,d5e46385b4f0282ca501d54f98292b1546e582a3522e729c6bb3557b6f8432b7
oof,2440,stead_event_01265,e8ad0d016bad15f81191719c19c5609d601b95cfbb09ea3c3c7b1854b34ad966
oof,2441,stead_event_01266,3d5853354ef6c932d9fa30ca2927b6b1ad55f404a3e88e1c9e682229659eac4b
oof,2442,stead_event_01267,d1097af7f982cc009a2a17b2dc6f79c6a1ca3d73f432767b0914efbf4cd4ee65
oof,2443,stead_event_01268,f4f0959304c5f3664bd6b6571ddf7664e279e929cfe51c5b23a996bca25adc2e
oof,2444,stead_event_01270,813f1093ba37e06b5675db31d6cadeae0eaf2fbe4613791bcd9baba94b8b4e11
oof,2445,stead_event_01271,c2d01ed8611e1cb882a4ef653b88cf9ffacc73249e1bf53ac0bf58612c0b5e48
oof,2446,stead_event_01272,103d0119f2909d44ee11b41a64f28ee111a8272ede31e840789a19fa837908e1
oof,2447,stead_event_01274,d550b1dbed134ca54a61e3d8edb7b66b1c85ced09a076105c8de90f4b449c659
oof,2448,stead_event_01276,88e9d66d1c4ef42def39ba7fc471183be175a67249d7af7e87fba3ee2444eb34
oof,2449,stead_event_01277,18166f84d367f239a58723516817e07a80185f809a4aaa1beacc4486b680a4f8
oof,2450,stead_event_01279,c9d4a2481c79d4258310f7bea6ea3c7976124f0687b5471bc3100883e084fd74
oof,2451,stead_event_01280,46d145222fdc232d4d72ba562ae1927f143b3eb488036947780f27ef2db88633
oof,2452,stead_event_01281,b811a20fa080afd358fe2eabbf23d18ab4d9893357834029bf5d678849f78199
oof,2453,stead_event_01282,7528e0c4827cf92a8b7cdc8f1f15c86223bc138df8a92c62890ee4188c35b833
oof,2454,stead_event_01283,7649ee207e5c44e226bdd6cfb3a0a8242efe553291498368e73a525fe54e10aa
oof,2455,stead_event_01284,32a8bcb6f7339b9d4f86c3e9710b67900f6bc7a70a12edd0fdedea6d098d7614
oof,2456,stead_event_01285,e764727e832ae443b4da3a28657ea924a800fa3e92607df2bcb558d137c2e288
oof,2457,stead_event_01288,ae543bb8aa5065ae7cc51832029c8d118648b0070c16e2b84b2f42754e5a7304
oof,2458,stead_event_01289,626afac3eda0ae34703315a6a38f98269db5ad73e91641f049aa43fe345e578d
oof,2459,stead_event_01290,38eec19b5958d9efd26815755c10671c0287889179241d2daf1684821048f2df
oof,2460,stead_event_01291,7301f2e0aedd33f37c4cd941bb595965388598057899a5a87c3c4a4dc92494ec
oof,2461,stead_event_01292,388d84e2d029ef3f248a82dd34a902819b000ad60bdcb1f7c16a1f6fd62be532
oof,2462,stead_event_01293,69f888599378d39e9e5fdb00478cdb29618b9e905b505cc7663891e1aff8b9f8
oof,2463,stead_event_01296,b7a18695613b50fde38c06ca683b9c8b739100cd6c11a99742b01503fcc3c3bc
oof,2464,stead_event_01297,a30b223995ec515b0499cff78860c621f33aae0ad5e29a1fd907c880912a515d
oof,2465,stead_event_01298,49de9890adee3f3708512618bb5d622b4cd7c9ffdfe4e99ca7aef18d48731d66
oof,2466,stead_event_01299,e1ae3d69eb2e1e611efdedb68ff0126788637a069baf3e7470c95c6f2b70a154
oof,2467,stead_event_01300,61a4217805aeb1a9c434f5924a58c30ee337b1c3a68dea56e05e058dd0a58eae
oof,2468,stead_event_01301,5a6aac4c0f52f3bde4e011ad5e2a2ef6431fc52f2c11c13714a97d63caf3f9f3
oof,2469,stead_event_01303,6315a3d42ce89305d772b458054dce30cfad80e26adfeafe9ca2ce1dfbaa9e34
oof,2470,stead_event_01304,f794e3426ec8c86d542008bcef1a9cc7c93860e9d281aa31e00c0a1fade6778e
oof,2471,stead_event_01305,d3f66f10c804984e8a06d521cfeecdae3f1ee3796d495c7dc182d9e2168a3b34
oof,2472,stead_event_01306,2b2ca086fe698611b0bf44d348c4d3dfdc4b42869ac2d21270eec4af3c284be4
oof,2473,stead_event_01307,9ef423544d9bdadf1a5dfb03ff81be8f02aa1bb85dbd77361d59a909ebd6ccd8
oof,2474,stead_event_01308,f72854ffd88cb01b3e8f21bb7223f7df22114d5c38672835098566396c0abafc
oof,2475,stead_event_01309,834ed66c81fe06ca02b6fe55cb8ba9367dc8d6d1f33e701003ca69ee28a52242
oof,2476,stead_event_01312,94e3544148ff5d4d18a2fd36185e9387ae10d01be16e12f3e13da2893d470934
oof,2477,stead_event_01313,71b54b769a56a16f85c767780c94684784d8a0a6100d4db74d4355189482cb6f
oof,2478,stead_event_01314,8ce99864a3184027ada384e0cee84f06c6a64286abd1fa7bccfdbf8f600f9ff4
oof,2479,stead_event_01315,61866f93d04cfb1fe97c676099a3adb2624b5e7574330a73a4566727077a2322
oof,2480,stead_event_01316,c885a2d60bccb18d94af9229eb5a4220c2d4d16102d12449887f8b5a02f092ba
oof,2481,stead_event_01317,e9cd6972c6ce3dddaa64bca278e6b1b4b8903179f5d57911685acff22a935583
oof,2482,stead_event_01320,5ef95f045260a87dd758eb5d4d53bf7b50c1b7ec314440a5a8569829afdd4a95
oof,2483,stead_event_01321,270bbd5f566e7b41dac5621a397f354379e5d14200a89f54f55c84b137749cb1
oof,2484,stead_event_01322,ec9a0dcbf3db67e50278322c2d7ce86e766763cd362bd645ec76f92e284bcad1
oof,2485,stead_event_01323,5ec59a4b7c22aa96fb143d4c410a015d869a7767e3972e671e1555e115e5a4c8
oof,2486,stead_event_01324,9c3740611a56a3c533e121075281a1af352c51d9cdd8e4d2fac1d1b485dbd6ec
oof,2487,stead_event_01327,d4f7e48f7967cb7dec774424e9768a0b867eb056b4e55c27f9995018586a8c78
oof,2488,stead_event_01328,02c599d1c65df2fc1dfad2b10a2ef869821e81b84bb068478480bc568b3d5ebc
oof,2489,stead_event_01329,12bdddf0157d8c24d2b80fef1d59df19d277264aaecbd8b67897224e95d5f6a5
oof,2490,stead_event_01330,2978afa8d3ce06f0d2c316747eec7ed782f448b6e48f58e6ca68969d2e917197
oof,2491,stead_event_01331,56f5f2196117458e23f675c067afdea1b6163426c7d3977d10551ab8f5d7156e
oof,2492,stead_event_01332,c3b68e2392eacf51bf41a03ba5fbf23ea6298ebe74941aff7742ec49efb75486
oof,2493,stead_event_01335,1d73afedd881954f33e61bef63816c276f17696457f9857c0b93707b7627df2b
oof,2494,stead_event_01336,292ca3c39652bf75168e8e374d55a55c583c65ece2798e063540d7aa58b3db21
oof,2495,stead_event_01337,c4371e49baef6e3d23625c9a75ad4782c6ecae2c1c0a777438dfd0ee68765132
oof,2496,stead_event_01338,53d1230f69a736d42581c8325f63856c1102e7b3111844d2f28684294c3abffa
oof,2497,stead_event_01339,d340bd86bbac63850bd8b8b1c373e473fe2652e9e5c3f3576e12a02ae4b5c092
oof,2498,stead_event_01344,6952ce1ce7be56c0db408f787cc0e3467143e05a34a18901dc616f7c5e3724a4
oof,2499,stead_event_01347,a493ee58e3ff684b2b49587eb1f774180199a03b8788709249cdfb2c598c0584
oof,2500,stead_event_01348,c8799ca08d47ab9e579a5c3afef3f50131e0f9202cadd0147a5a215fbdf2d1c8
oof,2501,stead_event_01351,44545b81b03d689c6231a314a13433972914d550d8c9805a7c54bd194e758765
oof,2502,stead_event_01353,bf7a4334dfa381f9756b34cfb52a6524cc0a9f57de99e1f8ee724dda8e474182
oof,2503,stead_event_01354,0f3cea5bed9bdbbbeeea746c82d3e3d4d768276abfe48cc6fbae589ab8619ac2
oof,2504,stead_event_01356,713c0b567c8422c92dbcd4b9585c15803c214d3b62ba173bdc3994e64d7fc95d
oof,2505,stead_event_01358,955114ebf51e9dab0694320bd6db4346bb72258fac2333a4e70f6e640a68bd03
oof,2506,stead_event_01359,f7f8eb0e2c15993c33ed90a9dd021c53fa080c5939de91deec280e41cb4d9a25
oof,2507,stead_event_01360,b219e05a24eb4649d9a18f144ab47f45369f5d4356d020f524cf2c0239fd3a12
oof,2508,stead_event_01367,e4d0aadf2f753f5bc1b459a6026af9d102b65d95106bf001c78d184af6f038ea
oof,2509,stead_event_01368,5ca7912a84d9368be98d195b617d24b26a515adb31f5e3be1e05d0209c92ff76
oof,2510,stead_event_01369,5a204491f1fee97f9ff0022560e62a9f08387ee682842186c9ee4ed78485601e
oof,2511,stead_event_01370,48db32a367af392d6ff8746304494b2e8b62621418e23addbc981e7242da5fed
oof,2512,stead_event_01371,9e10da43c68dd093cf67e167dddd636b21bd630652c6d0a76a13f134e5739429
oof,2513,stead_event_01372,448529f8dfe4a215db823713bd27d85cabbe7b4fe2b1076afb9a9698e65bad6d
oof,2514,stead_event_01373,2042bf548967c9ca4889380643a991b67e003b4f7e934a4d6b734d95707f69b0
oof,2515,stead_event_01376,398d7ed58fb10e22552abd509408c0da8728d25d419659bd950f6c93e953215a
oof,2516,stead_event_01377,3ae7c8ce3d155394f23e6d64c37a0730a57eac4243cf561815c52c8fa153c1b5
oof,2517,stead_event_01378,b561fb6b9ec8c7dcf625ebf50e187000c6943e7ff94043d84fb692816a06b3cc
oof,2518,stead_event_01379,81d62c123496811fe5bcf6d93adeaefd1d8ce4b5f0f98542295478add4ef4ec1
oof,2519,stead_event_01380,3cd3a4ea72efb0f39c9a781dd6523130201559a9a50bb3b614dd4bd5926daf31
oof,2520,stead_event_01382,45d242fffc5599c00bfc6f09862a62ed34799c87020b447e310a13fa6b5a240d
oof,2521,stead_event_01383,4298b1e6cbcf0f98daade7d8b080cd11aac30eddf43fe18b29dcc8f9ee42a81e
oof,2522,stead_event_01384,2e14fc5f8231bb2f382c1b1ea7b5312e74faa97a59af277fa72f06dca9a5b067
oof,2523,stead_event_01386,829df40bd806c8986d219e34bbe60f169274f690016bb560f4a1d65679a1fb0b
oof,2524,stead_event_01387,03357e21cc56513e87532c07bdd919eb535b572f109eeaf7876f2ff66d0660d7
oof,2525,stead_event_01388,5285f50d2b129d3d8944d1a810abd668806d8906a68d59cffae7a27598aa1dd4
oof,2526,stead_event_01389,d7fac1001e11743e8efaf64302f42c082ba42d7dd99b037a299d22ab5c54f3a6
oof,2527,stead_event_01390,305b53b5f83646eeec3caf5fa1f3a4a3a67856c1a4c6afcdd640f4b24bf06bd0
oof,2528,stead_event_01391,c3948885d8e0948e27d105c18c5c36c8a24570713d5e62e6fac1540b84151077
oof,2529,stead_event_01393,2e8f5d8145a6da9870be20fdebf1adcd323c5a6c38317350caec2181a7da4f5d
oof,2530,stead_event_01394,25b936c87d1d832c8c846e04a8024552dbc0149f349078cfe405572427ebd251
oof,2531,stead_event_01395,78fb37bb80c2e1f059bef7ea74b4d4616625ddaf7f75dd2600845487708d0578
oof,2532,stead_event_01396,f6cc902623c1edc204fb34dbd6ffb86dc18be97664f77fdb5969f1a8d7d65e01
oof,2533,stead_event_01397,dad51db98ecce91f2509d3df0df96267556332755fb0b3d56e826a4c8f58c914
oof,2534,stead_event_01398,4f72aea1a7238552d98f1f2c87ada9c7f39e0fcf46dab241b5b88ff6fdac4e36
oof,2535,stead_event_01402,1ec7af34946d37164821a56a8224c293ec2954a2b85c2cc0bc09ec083dc28290
oof,2536,stead_event_01403,0488a2870d1ed5a8c2a07fd04646cfa51fb3c90fae2b52644e84199b43c50587
oof,2537,stead_event_01404,ecdee367e27e671910fbb106241bb0ad9048ae01383b1badd646e59af54a6e56
oof,2538,stead_event_01405,c28164e7293903b09274140cf740f73ef197e3e5c986ee6c283bda2b5fc349ce
oof,2539,stead_event_01406,11f3e63b220937c053ab5146cb951817a8af2fbe21736a1534857865321786b7
oof,2540,stead_event_01407,d89736305eef340e2de89e433f28e283750ef3afd884ec4e51739f5e1510dda7
oof,2541,stead_event_01410,a4fb42d5e3881b137c8b7ec1f5c9a50d58367da68a17dbbbfe66cb1f1d1c2247
oof,2542,stead_event_01411,e38256b26157218378a38a9ae9e2eb0b5422d1e800b34d1dd7af866d4a2df87b
oof,2543,stead_event_01414,eaea526cc1e5f8f695a6c1038394e4a2147ed3352795e77ec09ebb171fe9a247
oof,2544,stead_event_01415,1a23a8c53d75541481b48fe130c94e2922122b9a74a21ed5f2d0178aefb378ce
oof,2545,stead_event_01416,7494d7b53ac77c7e6150040de269a4d4dcc9e415696bb5c668795ea076a5ef9b
oof,2546,stead_event_01418,e80f65599b2bb8f080de22019a58d2b04209927dd5577e5e92d897c226b9788e
oof,2547,stead_event_01419,88d8892b818e3e2c8c3b5e9e5c5e98cd36aaa8f848864b93936444e5a85442e5
oof,2548,stead_event_01422,bc93d14847f3240548d8ed1e6527798280b955955e725a00f0bba1bfdfb71e57
oof,2549,stead_event_01423,fdae20977dfe3b7af59be660bc8d9ac4f4a13d4214da194f0f5cef681513b2cb
oof,2550,stead_event_01424,dbc4f9de180cff7549fd975b8551710b7a068d436e7d66153249bb5262a1aa0f
oof,2551,stead_event_01425,4ccde9c492adf3532668306561816528ae85d0dcda6c900f469a124ccf2d59fe
oof,2552,stead_event_01430,204627d3de54f7988c0861b10527fb9f856fbdb40ec38c33b500eed6a5d5ce49
oof,2553,stead_event_01431,5a03acc6632ac02f991719dd371e387a82f88100ae6067fa53532cc1ce059a56
oof,2554,stead_event_01434,18317d676f08aae7e01aacb3ba23587dff8a5675082f12fb32130ac2780a7e9f
oof,2555,stead_event_01435,b63f83c471ba2499fddb6644d35e71bc35d84d961475a044ecbabd7fe47bd8e7
oof,2556,stead_event_01436,618c9531f5d8ef44a8a5701fb6bc2f0a08ddee38a19d934436c71e3186d8ed66
oof,2557,stead_event_01438,e7fef1c93b3877f166649b3c59549c06207bb0cb0d0125c5df5add2f1f7d3294
oof,2558,stead_event_01439,68db76c99cc71e58434d11af91a5f125f27d648b0cef75be26a3904697e8864b
oof,2559,stead_event_01440,b7ca62e75eedd8a613ce6ecdac49379a1976f26440cc335d4e98955455ee8811
oof,2560,stead_event_01441,7a3300332d0d52e6e99046cc501a9a82a1485c37108629538df355d47e9cb308
oof,2561,stead_event_01444,0fc080a552373100adf13f22312f5a53d05ef8b654f282c5aa9d4bc1718b83b9
oof,2562,stead_event_01445,f4189dcf7670e6a562476fadd0a61d57c976f37bad1cbea8c63e0f6e01a8a419
oof,2563,stead_event_01446,b4bb1b4af465fbc5e7d4b3bce6c705c17ef0c71c54124b48eaaae1a3293d7acf
oof,2564,stead_event_01448,e77b384d986ee98519b96f3cec93a7d40032e625fc8d7264a2475f75ae3fe331
oof,2565,stead_event_01449,837de10479ac4d664b821f72a5e6c57656890b25549da8ff01254a4cb97f9f66
oof,2566,stead_event_01450,299bd06f0b383bee10f25695d07bf5370b04fb74f404b2147e6e334deb781baf
oof,2567,stead_event_01456,5e745e3b505303cb0acaa0401a6721d203ea72a03fc5802614694a667c825548
oof,2568,stead_event_01457,bcc4e71105633eb9e7ece8fdad7274ec1b0fd778faf933b90324fed14b6651bb
oof,2569,stead_event_01459,735a65a78c80547f1d328a99ebfcb761df58281468616c90aff1ddf5c1cf5700
oof,2570,stead_event_01460,361edc22806366729fe08ae275f9fcc49ae8f07f9e594b4ad2b076a204451300
oof,2571,stead_event_01461,e41291f13ae1a5f30ba762f26069c9b09742540bd24338da438c7a0096334a31
oof,2572,stead_event_01463,75c55e99b417cdfbc35d8db6a8792d455e448243bdaa637a9821b94a2ca7bd1e
oof,2573,stead_event_01464,fcb317216b836c9a1821e2cc587f9c93973f1d4e22b7cb74f70b38f36d51103e
oof,2574,stead_event_01470,943ce160b3b79dcc5c5fc7bcebd341fd7187124283a1486e2fd809056f45861c
oof,2575,stead_event_01472,a4e6d19c79ebd337eb24bc1c1253f0528dfdd6d60ccdce9f89d5ba40ade9c8ce
oof,2576,stead_event_01474,8a10747fc27ce22f9cebfff3fb2e98145ed13d1e69b4ad33a355d7c35208683c
oof,2577,stead_event_01475,1cbfb833a464eb720ea820b99aff4efc40dc6dbc725d16a9d93efd944d9d273d
oof,2578,stead_event_01476,9844b8d01e1ed727aafdffb13908ec6a91687a3f81de7873a341a14648ae2939
oof,2579,stead_event_01479,fed39d74d20a3b9edd087178f6f67767d985ab6a103c51d6d0bfbad718ff0a9b
oof,2580,stead_event_01480,2234a2cc0397cac846fadb2636dc220f5262f47b485f7bbe885201d5d381bfc0
oof,2581,stead_event_01481,55435245c283f9ed644efe7d2b4ae5589e60250ee015f3a6a5c4cc11ec857e97
oof,2582,stead_event_01482,d9c3bdff46d5f9fce052d3d050f910bf62b8474faff49332dfebf34cc6391686
oof,2583,stead_event_01483,38cdbd1940dcb06d2012ff75367981491d2e01502db1a9b1982efd283555eefd
oof,2584,stead_event_01485,609a79b3cd80cea031b61d12b983bcdc884859f8c3089a5ba6bb5aca0c7c60c9
oof,2585,stead_event_01486,4c961dad77a679e7c085e0f939f38a4355f89411e827acb995100981faf19d65
oof,2586,stead_event_01487,636cd78fbbc91dc51a7e2cea27c8b21e3e4697c82175459eb17b95f39b271ae9
oof,2587,stead_event_01488,a73d74bc734ba34cfb63191df4a02cf879593d2d800884b0b862f9fd2e93d226
oof,2588,stead_event_01489,48730980b4a879328e13390892793b49918219a08fe65b14cfbe30d38994a02b
oof,2589,stead_event_01492,a3c33330baecea135489fcbe5e4b97da06dada36610ede6944ab695af1dd733f
oof,2590,stead_event_01494,e2537931169b8155b09b3bfefcab7134655146d5dcd616f92ded1d37041f4978
oof,2591,stead_event_01497,eaaa20c8b66d8243ca96f357e5bd1543c6dd65df366f20e095d8a665d77b65e5
oof,2592,stead_event_01498,df37bb1f7d6029b9d381ba3dd6ba2093e866a68f54d48b99318f32074b27bca5
oof,2593,stead_event_01499,d4f8d857251c10b000e30452ca8072132e0749367dc78a7f0e6c79e30076ac41
oof,2594,stead_event_01500,066eae3c115b2e49515a0c548cc8fb621adfc59d0d1de3555da264c5a237c01e
oof,2595,stead_event_01501,dd7863b89e24a9efa4ac5e61c7f8938a2e5046fae7c1d0a2540e36b29c353a46
oof,2596,stead_event_01502,d868608f0768f78d7ceddd606d004b983bd2297c92ce93b68d84f76783e3d04e
oof,2597,stead_event_01503,483284eda811f006ca87dbd06cea4a0b39b7dca4c32a73599c187ee526c6c1fd
oof,2598,stead_event_01506,59f20c8ca02f387816591544cfacae5ef7864ec1324eda964361cf03d2af1665
oof,2599,stead_event_01507,9b150580aa02dbde1bee7e347e59363b295792adf5e02cccbd850497894b1af5
oof,2600,stead_event_01510,1e10d6e838eab49326cc2ef79f8dc221395265fa8c50d7a98aa9bacb9a48fe2f
oof,2601,stead_event_01511,8e16d88c41ad68f3c31e1bd09b81615a8be55b567f226d61ed1cd55061624480
oof,2602,stead_event_01512,1b09273fa2572c0aaa7d130902584bdbc867b8a7e570a52b7b79e7f99aadc512
oof,2603,stead_event_01515,5c7b2bed1c14d74bb276a61a0886764218e4281615865ac5539faf9d4ff7ecdf
oof,2604,stead_event_01516,c488a4cfc3d5942aa5d4cb8a0b816a4a11ef2c5bb51dbfa23edb9fc156640de7
oof,2605,stead_event_01517,d727cffd432c4566fb01f6b19c2a01c8ae3ebee47e2549c1c3bac5346d3908a4
oof,2606,stead_event_01518,de0b5ec2bb516a616e18e4aaae1c19276ae9b00825354b325bb9c9114a92e7ab
oof,2607,stead_event_01521,d5f9bc327abe7a7fff9662ecb4d465d5952a64aeb047e8537bead9f4d68123c3
oof,2608,stead_event_01522,e772c27b6d8231615e9c9aa6ea17e082daf35a6c6bd96aa8801737cb47ebaf20
oof,2609,stead_event_01523,ef7f21227b4650a49b4afee2f62f862a5aa2d40a16e9793ae232e19270362d91
oof,2610,stead_event_01524,8d88a43d0c0ed0cddcf442fb8fd7f4fb56b8ae04a9ca9bb8c040cf557a0cd748
oof,2611,stead_event_01525,0236f3caeb08a85b349885fbfca2a016fc799e9ba8f0f0dfa30c0662a1296b1f
oof,2612,stead_event_01529,ccdfc5fccc87f9f28fcfeb5a2775a7e0d8ef0d348085ae1831c4fcde97f58b4f
oof,2613,stead_event_01530,ee78f9527f1114d1f0134bd9ce842c7caf9d8a54d728896f5f8cee73d83db382
oof,2614,stead_event_01531,b214c1219ea769f4ac6c2310a3ed9f3b1b4c1ef0e0bc57d16bb1adb40bd0a7df
oof,2615,stead_event_01532,e9aea8649e9d54b80cba04de67ace05ae22d9b0e80be6f59e7ebaa80c7c7778f
oof,2616,stead_event_01533,fdb91911862fee406a2eb68b5e0cf5fa9a65e50affccef4224c3f1e24d757899
oof,2617,stead_event_01536,255c7024f0be8c26e99572687ea6d736fd8b0b1f97d1d2aac23c8590662f324b
oof,2618,stead_event_01537,d185f82456e69be882c658eccac41bb53b902a4a3925cfd92bb904ba0251caa2
oof,2619,stead_event_01540,ae02b11c7f3647c91d2b6a58d851f7ea5413842c6f5475b6322e2f09e6ab3bdf
oof,2620,stead_event_01541,27bfc02fab01b7cd417d23e85d5befa4fae380da09e7a878492783351a76edb8
oof,2621,stead_event_01542,305fbd56832c4be045d1af0e7d06d8840c77cc375a270648379e2c56be7d29aa
oof,2622,stead_event_01545,ba4ce54f1436cb7ad5902df85392557e7e0bea725edbd6389c497575d17de4c0
oof,2623,stead_event_01546,f61b6e20d028bb9436e7b799467c015b536eef3faa089cd03dc6046dbe14f32b
oof,2624,stead_event_01548,7dce553e0d8f4ff605dc2d03d063c8f098b47379a0b66ed5a26813a20bfcf0cc
oof,2625,stead_event_01549,7139608544abcf7e4b21b1b6ffbb8ece7cb1ce84c24dfb70dc914c149842b73f
oof,2626,stead_event_01550,fce7410f06e92f18881a6601538903ededd64b4d7ccbebc5d658db99494967ec
oof,2627,stead_event_01551,3f12eec22fece8fb6aef022753a3671a1a45ac8f37220428a4eab34bafd3457c
oof,2628,stead_event_01553,32d37c0db18d29665cc8b017e94b898f9d7db8ed3ac5e5c513bdb15ddef65176
oof,2629,stead_event_01554,0116b0c17fd114c2dde7d7637c318a21081de0c118867fa8e0d79022afdc707c
oof,2630,stead_event_01555,0ccd8285114033643bc391ffe2266412e44e2bf24ec371de20d7d22565e7e9c1
oof,2631,stead_event_01556,fbf57110dc2a28e96035f21f8e8533a2eb5a9ffa3e9558c226d511ff19022184
oof,2632,stead_event_01560,1d7a86dcc783a6193aeb47cb6d5b4c22ab8481d27a15628efe8ff162679c6b02
oof,2633,stead_event_01561,ae1f1b65cd279b8e91fb225e191d1fd17bdd50b64838bb2bede494edab6eef1b
oof,2634,stead_event_01562,ea1a0bda2447b24b895c9c436c0bc039e18f58db3aea772b5c3d8e1a8f0d6466
oof,2635,stead_event_01565,45a1b093fd10c5367e71340cfe654237e04a33cc894c787b29336b30add3a461
oof,2636,stead_event_01566,18881789169782c0dc2462ff11978008bb1664858380e6f46981cb2c01962c7b
oof,2637,stead_event_01567,43175b80567cf1860f68baf1091b96eaf0ed8b7507d7d2e88e45211af453b290
oof,2638,stead_event_01568,4e8b04fbf7c77be3c926f34b8649940e2239b66541203d325042c970601c27c1
oof,2639,stead_event_01569,220506dc0d61ae26bd211e0f93e90eba1bf213d89906c375e51e12bb5692d6d4
oof,2640,stead_event_01570,e6660df6ed3829e92a011ee2106c66ff0235eb90ec0e4b0d4f6bc63788539a44
oof,2641,stead_event_01571,b0f0ad1d313756d7b4d0722776a2d0543fe35d026182e8d3d235c1c9f3c7557c
oof,2642,stead_event_01572,c34a2643b6d42cb91db88ca0ae39d40fb27c1e65a88fca6fa580475f49b68b9d
oof,2643,stead_event_01573,19501dbc5b25ed1a1711f95f4f4450bc87d6ee88face98808b2a9b23baef9686
oof,2644,stead_event_01574,9ca371dff354f28455f236d43b77139d586e547c70375397d8f8be9226ee9909
oof,2645,stead_event_01576,e73e8effcff84aba7ac39c585027aab72fc30d30c3e19114967cb265e603eb48
oof,2646,stead_event_01577,8d6c9dc264067dcf40dfce4932f1ff51a580b5ef40afd177d12b27abe241a649
oof,2647,stead_event_01578,6f3bd63369c5fcbebc4de8ce5df51f1537f649ec712c8b1df1b165a264ba1607
oof,2648,stead_event_01579,681b8ad028ac21b378decbc5b5df99c52b958605fdcbe0ef7e0fd9296c0dad17
oof,2649,stead_event_01580,21d301a8be61191e7bde1832ee11e41cfb97ff5b686165eb3a9cf82d9d883f73
oof,2650,stead_event_01581,78e28bdadcc0b5d3725d03d676d1277f57719da3ea133c8ad01ae64777407567
oof,2651,stead_event_01582,6bf4f66442c11255b1c6070210db1667ef2d082931dc6b32846838b493d5d9ec
oof,2652,stead_event_01583,2e8f49d7f752f1035daeb84b7e51a1bf56054e0d4e157356ef97dfe13a5055cd
oof,2653,stead_event_01584,6d8033cf7add38fa2ad0c460155b53ac76447c5a843b72c0c8ba405b5436744c
oof,2654,stead_event_01585,b758095e353439d81ccbb79984923543dc65b3943c57043e5dec89ade79be075
oof,2655,stead_event_01586,87633e48d0c8ab0666b14f8229c7ae658b9c7b9d8d32417a1628b07fd6d4436d
oof,2656,stead_event_01587,6eed4a63312a5abd4e605aa6029545d5f0c6c69d6563f8cc0d12373bd0d92770
oof,2657,stead_event_01588,c399f38e4f288350b34de75a567398e35ff24c63e15d1d88f8150207fa3137db
oof,2658,stead_event_01589,37819e29a5817f44339c4d9d3be10fa59200648053968aa06a77babd9d10b9d8
oof,2659,stead_event_01590,adff77d37d299f0c75bd90cd072a642ed29b432debc8b485c87050a1566a95f0
oof,2660,stead_event_01591,1b32cf6fb8cccf57f9bd002032ff788d9c0177a860ba3e8a1a251367e1f519a1
oof,2661,stead_event_01592,b7ae0d22a7a4a912d36b17852a3d59e2c4d88a281a3b1d9c6337c67a135b5589
oof,2662,stead_event_01593,9bc542fb81f57168095ea03603c040bddb6f382c524227e799c01d7c747cb46f
oof,2663,stead_event_01594,766d9a7bea8c775cef85b7cb909cf476525fc6bcd8c2727b032bf51431c79c84
oof,2664,stead_event_01596,1891db4e996f269cd6978db71e6a546a25304cd34d5d1ec2751c1f28acb46175
oof,2665,stead_event_01597,98c6a86127670f4e8263e40d43c0c70323c6e5e7845eb0bb573d75a3d28c059b
oof,2666,stead_event_01598,0056d3c699bac75a3f7e86c077690e38214b8c378942cb616137a3096f93a3d1
oof,2667,stead_event_01599,698ed9ed42b4703442aea7590b812cf60a20d9ec293a19c951a89dc6ecdeeb45
oof,2668,stead_event_01600,e310b7df257e9b62b92754fdf84856a85d30c96c66aa09f71e6abb8ad38c966d
oof,2669,stead_event_01601,ef68531c233e97a59fefb2a06c7d6a60070b572582459a8d59bcfaa8326cbf9d
oof,2670,stead_event_01603,575432fefe90909a5e7d1e2b963436c62d2a0877e4bae381c818e17627153d48
oof,2671,stead_event_01605,3e14a4ac574f691fce79e80e738096625a72b64f52b877bb233da64d956e1861
oof,2672,stead_event_01607,25977f94ca6a7fb17404d79c5f01c9edb1d2c745c83506e9a647e627d3e90123
oof,2673,stead_event_01608,128c9f8d96123aba16bb9e99ebe047fa60b7d195a442f4d882d3028a7561966e
oof,2674,stead_event_01609,b8ee8325e481684abcce101aeb7baa341557681e8eb6929c5ecbf8a68c655668
oof,2675,stead_event_01612,f6f1a35c0156c66196ea16bac21384f38131c1985b88e6effc65d1c8193c33fe
oof,2676,stead_event_01613,cb9115300559189530511dd5fd1202968d1143de6e9206ab7afe3c9c33c88757
oof,2677,stead_event_01615,e06d0117406db92ad0ad8768ab2b3cc9a3179a88ab1772c5c9a4a0d25bb95b1e
oof,2678,stead_event_01616,7c6b28d2056e8f95ad6a954f342f2f92f58fda9244cd6f28387285f58c26ae8e
oof,2679,stead_event_01617,b7d758128c815916130a6a3c2c733df7bf9a27ccc7eca191c862b77f16a0dd9a
oof,2680,stead_event_01618,085e9defdc9809f591d8f1bfc2d2f4aae44d90078660f63a4d5c246bf66dbb53
oof,2681,stead_event_01619,b6b2ab4fdd6429a2e0824bb79e2523bff0bc69bc66af0d6a5ebdacc52077e0d5
oof,2682,stead_event_01621,8c7f173fd4c7e51dafb94f58ea70285ef7386b4df74cfce537ee4173d2b0dbb6
oof,2683,stead_event_01622,c0f2ba0c9314233a0557789bdfe95e064b983913f34732ddceb5072e8b48b276
oof,2684,stead_event_01623,4014af295790c71d3f0c2bc19dd951dfdf3d7fa16fbf5d53135fb01616626350
oof,2685,stead_event_01628,b9714fcfc58609c1c13e1ca49d6a901527e84b7b80ba10179a6f2aeb37638b32
oof,2686,stead_event_01629,dc577b7099c70135894334077ebbe2d988afcde70fe4fcf95c67c8d97a0e23d6
oof,2687,stead_event_01630,02d8c7d6282094124b6d4f642a468c47133e99dbc57892ef8f81471f7bcc231c
oof,2688,stead_event_01631,6893c879b88ccf1465855b8279ad70a38413d518db8d0d482596cc2ae02cdf08
oof,2689,stead_event_01632,f34fc67f1ec13220509b58fe9907391197e04147f8f9b49593ee2f3375e8a1e5
oof,2690,stead_event_01633,6c51a44679bd21bcef4fe1ca27ddbf02c8a5d45bb484ddeec769d9b77838ae7a
oof,2691,stead_event_01635,eaef1e61b80e0ddbbb4ba6af34c29744f2988bcaeed0d92a2d5aa906bf3c570e
oof,2692,stead_event_01639,e6a0635f851118e2de39df83c1827fd37d7a76c3fb124ecbfa9067c7dfd2f263
oof,2693,stead_event_01640,1fcf0cc8e90e0bc9568f2f83cd34909a37015d391c8d1eb47fb9c79466f1678c
oof,2694,stead_event_01641,2a777952b556b9c00d6275ceb17eab8423fa86419074f9055ed97ea73eaae8b2
oof,2695,stead_event_01643,92f0c8d13f101237afb4ba086c89264aedeabaec7874d25c3111507f998338fc
oof,2696,stead_event_01644,abd79fb6140e2a320b688dd22a88c7dccaa4bf5abcd71605d8178116022880c1
oof,2697,stead_event_01646,3441980186e87d190a6579749ea32358c14e81fa1d68693f9d3224eee8acba17
oof,2698,stead_event_01647,63ec14799cce5d480ec816e9ab310e5853b2d0f577efddb94978443de38d898b
oof,2699,stead_event_01648,5c08dc78221d3c4cfe5c7346aedfbcff2db8f60e94ca1c164e54e151fcd10217
oof,2700,stead_event_01649,c9f56cbd0b3b050d8b47460350f1fe9e00868ce83dfa7d4194fa632973a76fec
oof,2701,stead_event_01651,718ec7656bd095bd44f5f6c09b2123ccdf9f70020076b44b95ea0c9eced99122
oof,2702,stead_event_01653,12af2e0101fdae17e4d5719d57cd409db476536a59eeead8ae1fa471c91839a0
oof,2703,stead_event_01655,6a79d04a909ddb34b71ab9eb849bedcf9404795c4942d2c9b592d88785d0c610
oof,2704,stead_event_01656,f613cf2fd4e3c03e7027ef0beca3f9479d5d257177256b92768af5597be38c0d
oof,2705,stead_event_01658,114b083bb7fd6e74d91146c839bb595a518fb8935a1eb970ad1660c68ed0d4dc
oof,2706,stead_event_01660,6004c0a46fce3809812fc575af16db61dd8b094e3b4476098ba415c9d209b1e2
oof,2707,stead_event_01661,5239fa71dcd47f47d55aaf79584f1d54ccbacd51c2df8c626826021d592a4048
oof,2708,stead_event_01662,2bcccd88ea6f912a7ab4f340c13978b25873c20f6872df59cb75fa17ba07265d
oof,2709,stead_event_01663,4fc5810e64b10b2618f11a21e4e20326dc5590b29d1d17be68b048e857eb2ff4
oof,2710,stead_event_01664,30f8fa01e0c6d6c4fbc7d8323f35fc2ab14f1c4082bcdca5397b4faea5a3fe23
oof,2711,stead_event_01665,c8eb16614aea735a55362af9d23ffcd5f28d3cd5be0968b5b2ec544509e24c68
oof,2712,stead_event_01666,30416fb5ec0218ec280eb208b1ab6dc9120152ea60adfb11db6bee9b82425606
oof,2713,stead_event_01667,af7a24648d8f666332654409e18cef57ee19d2de374bdc433314d892601d7bac
oof,2714,stead_event_01668,d415a759e20418b811b1ed6044772fc4b24bcde358af22608491d47295c38858
oof,2715,stead_event_01671,6e8de3214e4e55b5af500463f6fa1afffbd4e89a6030298cc5df5fc57881943f
oof,2716,stead_event_01673,21e5f3c39f3fae31b6b6370de966e69200ba6f622f71d775b8a61b50138fc692
oof,2717,stead_event_01674,a98dc6fe554f5c2d8b50200493763cc37b5735278d056433f5ba23ab0ff48f52
oof,2718,stead_event_01678,f58ea725963930accb130271022e7f2e138a9bd1010f8536aa82e97fe51c9d14
oof,2719,stead_event_01680,153cdedfc6432a80b07a9938ccdbc57a6facb706e8d1e3477ff948e443a4d0dc
oof,2720,stead_event_01681,7ccec358d28c69835ce0008b2eda577365a87991322246adab91a85e73a14239
oof,2721,stead_event_01682,ce3903bb847af5dd1f34eafd7096c4ebf49425a94a43c4a1443c0caaf20ed57c
oof,2722,stead_event_01683,fbc4cbef6215cbf520135e9a8175814d9b923f0f970774441e59441e58d7954c
oof,2723,stead_event_01684,26dadde2143808aca188fa61d515fe9dbba08e358d925aece8e828fc98c4fc9b
oof,2724,stead_event_01685,8e327cb91915c07238a333b14b860601d05b1d3845c0d44ee635963f58c677e2
oof,2725,stead_event_01686,94ee4c6618a3c8b765366d9a177d9a58d9ddd2e5ab072a6cf2ce1b4c9fb9a3e2
oof,2726,stead_event_01687,ca8efb7378592cf25cf3d0eefe7d892df3438cb0606b088ddcafaee62d7f0266
oof,2727,stead_event_01688,390e7219eaa710e688403dac193c4f6f4fc7e9e1ff7d615d0d5ab69c7ab949b8
oof,2728,stead_event_01689,56c07fc18287aba9ba22261869de7116fea040334f301c8eb4a269b31a72b9ba
oof,2729,stead_event_01690,ceb5669d8251d1b35e2fe683d8c751ca76252ff672d49d65ac9d5af6b6a30c48
oof,2730,stead_event_01691,b156ddcd7d0cd0be011d91351831f9d4779facc11c19120efd8d8f32fe570813
oof,2731,stead_event_01692,01a0c3c7902cb5dec115a4864afd3630e72c80fdbfe1711f25c55ee541e087b0
oof,2732,stead_event_01694,75ac714fa7c14d813ecdf09a818ffd0661efe6092b244db1d046ee7923fc89d3
oof,2733,stead_event_01696,31d0ad61cbf33b5c439b94add169e09fd13529965042de5ba4f4ded3fa201f02
oof,2734,stead_event_01697,240ed357905d3701f14f329c8b898a059fcc4e0372a0c60169b90ddb3069937c
oof,2735,stead_event_01698,646d315ae4a05c170221e31c652caf137f086be264f0a99b9cfda996016b08d5
oof,2736,stead_event_01699,21624ac15c8409839f0698194f291f73ac79e6cf4034138bd0c4c54a0c3dc01b
oof,2737,stead_event_01700,e7e70f9d2d8ad33154e89ca44770598f94accbf119c33af71d670c8f7f08f8bd
oof,2738,stead_event_01702,83cf31447c3a9d7b71fc4b87acd468a8a9e19ad7c14980e42b38f8c397664d4b
oof,2739,stead_event_01704,df9ab60aa751389ea4879d57d4f2fc34445241c4f890ead679353f818a3335df
oof,2740,stead_event_01705,f5ab4c42eab140001b71578c5facef1cc87f042c655f59d97348064e4a1f3c6f
oof,2741,stead_event_01706,191768b6fa4e6cf5868673e5a675e8d9b137d20be9351fec10ca2a03dee41e5e
oof,2742,stead_event_01708,2f433b653ba064268262420112ecbcf561bf3300f4dc1a1131e049636556acae
oof,2743,stead_event_01710,df219634c7881ea7a80fa19662018f392d1ba7e697fe3af263b9884adc415b8e
oof,2744,stead_event_01711,e6f1b11d2428e61f85bd93b42a761967a71091c21601b6c4a43abff92fe806ae
oof,2745,stead_event_01712,3d3b8e5bcd69e87b09d8d182fd03a454c6d613079ded8dc00c34cc8e1fd87cf6
oof,2746,stead_event_01715,1105869d24b86ebf761896996e78d86bd4f24d22cb8d4db4c6ef233dcf800e32
oof,2747,stead_event_01717,287e8f07e902b1f3fb4a9af64f4436d66dff4b0d451ad810528948b21079a38d
oof,2748,stead_event_01719,7d80184c3a53d4e7d19ecc9d103e7322da84f152624e820682b90dc2a0c3f4e8
oof,2749,stead_event_01720,808ea21712f3a52f7d67529d112be9883bd9840621018df363db9241d0ac91f2
oof,2750,stead_event_01721,de0fef3a6204aab4be450a072419b71375f14de85286b3e92d7a0b2727aeac1a
oof,2751,stead_event_01722,c4ec536651d12ea45aecbf305e326e6fa293556c26f9ac9cd18528355d9b6827
oof,2752,stead_event_01723,9cfb9f4654cc7a940832a331867563dbfb555f9f199bb5ab2e5eaca9d50139d5
oof,2753,stead_event_01724,6c102304009dfc371a28a36419beb511f3656ed45aa51870cf8636b02dd62c80
oof,2754,stead_event_01726,2b98fb7fa9975b2149cdb3b8be8307c904d0ca45a3da666d6c8a728793ed3edf
oof,2755,stead_event_01727,2c656223c383138d7ed5a3cd5817a7d4fa6c01851129f01d610c2d0f6bee8d45
oof,2756,stead_event_01729,f228672f6f71510e76a6227cfcce715aad5db463b9a900aaa5faaf715cabce11
oof,2757,stead_event_01733,6cd7ec4262b1d747c29b45abed6a7986afd053be252197b14e1e9b9158f3d013
oof,2758,stead_event_01734,00d40c5a1add33a55f4d4d53035fc18a259f7ab7a1d53578c9187f9bfdbdb47b
oof,2759,stead_event_01735,0e0b04e5a8c3c4c7f08579753e7877a310f5d22e617a5e869fd48fb3865ed869
oof,2760,stead_event_01736,bd4538159c69990de4e03d4b40a45f4dbcccd4d50c6c829ece313ec89b76e52b
oof,2761,stead_event_01737,8bf1ab4b4e9315d999cd2d56c8e19e4c098c18012306a2579fe1a8b39316c0e0
oof,2762,stead_event_01738,d8f0868c66794d9fcdcfd97a8c596c241aa40837081af31975e73f89f9b2090d
oof,2763,stead_event_01739,c4ee6725b7f460facbaa0db8e0106150c0dbd1fa61e749701957a1b4d0c3170a
oof,2764,stead_event_01740,81ef390aa78ac68463e57873137ad302731fafd09277025ebbc30464191d1111
oof,2765,stead_event_01741,fe13efc8feb1d63bed330b6cde8ae123ba9c89d9b1589bd4f5188d8c422c0e0c
oof,2766,stead_event_01743,c6f8b89b10afa82e222280546561d405d56f8b3c621f5a5000c4510e1e7a6cf8
oof,2767,stead_event_01746,4d603ea272d80ec92e8e17138a139851734d409964bb138a954e4fea241d1900
oof,2768,stead_event_01747,5e81dc2bec49e6b31c8f9c55f0d6253387138f386fe10ee5a994eb8890e8ae65
oof,2769,stead_event_01750,7d6f764e358ef85dbe9c455b85055e157a6372fe518c38b983c92510e0726ff6
oof,2770,stead_event_01751,1a02afe718f11630e6e106660e2ef28d5f6e95f9aa25425477a4af19c72625b8
oof,2771,stead_event_01752,861f519b81b87e96163cbedbae44661fcbf6d3f20ffe169a2821f22c1c2426b4
oof,2772,stead_event_01754,8fbb026cd4ce1308b84d05377537c58c083bf02ccabd6035966968b1c2e16794
oof,2773,stead_event_01755,22f1dcc80141e7e31e0efdc223d1761675b9f3a9ae960f70ed0fe1d5d55a27c0
oof,2774,stead_event_01757,d9a52d4436a1afc7078d79a7848d8e742b426561746a1c021d378efc87986087
oof,2775,stead_event_01758,911da8c70586ae63994649d80ad5fe44478d5947b6041f5281a7ba8febd6cfe0
oof,2776,stead_event_01760,582e05c1ac3ff184da3331d5854f3ca3aaa342c70ef6ed917b4000881fa8c282
oof,2777,stead_event_01761,0a08f178a41b64a93198f85a48474a9d6ec05ffac4df6e53f3423d9534359de8
oof,2778,stead_event_01763,01646c2099eafb2beedfa3bbc14fffefc25962fd57ede7acf262751c67d8b097
oof,2779,stead_event_01764,24970f5ba475363b4690d5a5197de0580d43d82224aa86c88e9ebf47666c90b9
oof,2780,stead_event_01765,2392da3a0b0c7f392ab639124b8f466c67961d2e4ccbea2265d4692cfa2ba49e
oof,2781,stead_event_01768,a1683b18fa09ecf0702810caf9b2f93d9b8e504b7d781080f90d5fcc1f68d7ec
oof,2782,stead_event_01769,8932b412efdc9a0f646472b903a7a09d6de81d7ca171185d582902240e36ee06
oof,2783,stead_event_01770,a66eb8de2ed694f1eed1fdbb104475df4144e68b27b935204e5f3d975237e542
oof,2784,stead_event_01771,76ce99c9f62045aaccd6e474fc29157f600fd6444dccc189db64eb86c77952f7
oof,2785,stead_event_01772,5099bfa277df6c76d809f61c75fcfb99ab64b9e948426a3db96161c2e0eddcc5
oof,2786,stead_event_01774,6780d83433de932d3113c9634014edf161a5d80b408213626a4f91009789abc8
oof,2787,stead_event_01776,6d9b4c89b6093b835343270bea387f58bc323f64ffae8c7b8429313d6fd9f972
oof,2788,stead_event_01778,d713d14346e69768ebdb936d153db2f8ba99d49785632a569f43c2d57e013ad8
oof,2789,stead_event_01779,044ac1136d284e713ab0932c137ed262f4f5c474bbd2754f3b99629f3026f3d8
oof,2790,stead_event_01780,b20749885fff8edd9c525341fc22f878160c952c3e6d6a1f59b021eef1f37ab8
oof,2791,stead_event_01781,e489f020faa3bc9c4d269a14b7b1a353e3b16d476090c3f5c84918a29950eb58
oof,2792,stead_event_01782,b5089226baf67ff671c840f84aea27da54829c1113e42afc6b92964eed9788e9
oof,2793,stead_event_01783,117b93c816228116995815e87be436fe69bc8f1c20ca0dc1fb0c53eda5122b6b
oof,2794,stead_event_01786,c73abc0e39e0d225d167431be74b3861a08a9d953402c3e0a3978fe9fbbd3b95
oof,2795,stead_event_01788,64a2876b5c590c0b19871715bd90431bf70ccc73e7cf760b74fd339e8e01b323
oof,2796,stead_event_01789,c133e0f234089fc5677a58914b3c837b56d881b470e423b48bc3bda24daacdd8
oof,2797,stead_event_01791,587a918f718a0ee0aab56ef25daa764e7d21a8b17bb2bf9b8be7260142b72c2b
oof,2798,stead_event_01792,bb1714fa0f528f357b48824dc1d3b6c2a78cf075ea7c37148c46ab1da4a4aa64
oof,2799,stead_event_01793,7e3939428843619f4aea8be2823278ea089ab1a0cc7e0cab5b1030dfaae8f883
oof,2800,stead_event_01794,0998f629adcb340bb89f952d80171f2d4857b1358c275d45a23a9b0031b73b5e
oof,2801,stead_event_01795,731b09d6289d0c8b99db0c6fbcda3cd54346412bcf4c5948dfeaec71107de53c
oof,2802,stead_event_01801,8c9ac6268c8688a810da9e6a5f112568b10f829c63534afb6f0cb2d82d23eb48
oof,2803,stead_event_01803,fa25d566ee98360e39fdac21b34871b7961d32b0973b83fcd6e282f91adfd00e
oof,2804,stead_event_01804,b1684e200e1e13d9e38e862423b8b6052381f7791efe2656660871b9326ed869
oof,2805,stead_event_01805,ec9287e1b2a0cde96b653e0526a6c0284ba195b7b2bb64de82b45165052844b9
oof,2806,stead_event_01808,d5df8531f161ff3b67672adb39eb8052b91584673abdc068245a117b7672a3ff
oof,2807,stead_event_01809,00504cd821e6b0037f9bd75642f35d5be1eea367fd046dce73576704541e9dc6
oof,2808,stead_event_01811,efeb6dd05fb789f57b0af6fec135a3373d6712f0ff45bdad68a5c7e45a6e2300
oof,2809,stead_event_01812,ea787b78bcdf426cffe446243c03b9ba663cec0d02802f8417313422cb564fb6
oof,2810,stead_event_01813,fbaa0b4ce49bd94312379f794080bc0f73ce3d0aa2472c389358c3b134e518d3
oof,2811,stead_event_01814,7236eef0c05baac38fffd960d373b0d6e6c42ae64ddd5c31529e5afa3bc8b17c
oof,2812,stead_event_01815,16307fef63b66be2ec00bb8fa5a130a3644774a7f7642593ab3fd4187a5323b3
oof,2813,stead_event_01816,12736b9e029dfa445f7c3e1601d160fe2c3bd63c6c0ac01e700a6891a329320b
oof,2814,stead_event_01817,7f69fa1ce1e786210186c27d4ecb682d4af802c79aeaf1eb34ac65e065aad5fb
oof,2815,stead_event_01818,d8b77f7a80b2329c5888aa41046bbba28e3a0acf0586ae6045b729c4c6d7eda7
oof,2816,stead_event_01819,009d393cfb131d1e73b544b0d1151379a5582e9351909c834ceced38b3a72b71
oof,2817,stead_event_01820,4ff2e81e72f62d63281bc881c5e8e2bd1ad8127785bbe5cfa7cf354a6458dbd3
oof,2818,stead_event_01821,f54545384f9190b465b2bbe86bc4859ae515a545168e0ab68cc12d88d709b669
oof,2819,stead_event_01822,bb67842cc4e16491b78fd21c0add25eb09a39a72843e4bee9aaf45de471836c4
oof,2820,stead_event_01823,00371ec6c89e7debf6673f99e4f8b48dac63836cf608df03a6a4e10c2b76cf76
oof,2821,stead_event_01824,6187380000462f57e0cfe3b2153d43b82746f2bffc414997ba7be48c461d65db
oof,2822,stead_event_01825,9de04a2f0f0cb2568211fe90dd53ef8290d5090e50602399456e4faff0f7da17
oof,2823,stead_event_01826,532fd5d0ee46e20af5a39998e348cb0a7e04b25f6f76191371c1ccdcf1ed1bc8
oof,2824,stead_event_01827,2d713d9d0159d82d2da9f815ab5c1a00530a1f4db4c7585ee3dcb1eb5afa369d
oof,2825,stead_event_01828,924910d14ed148de95671c2ca4d7b5b10eef9f62e7afdf27df8c117341ab34e4
oof,2826,stead_event_01829,18ccbccc6941184a1d62ef8aab6c0411a67028e8ca54fbb3fb9f011ff266fec4
oof,2827,stead_event_01832,2c0638afc36b7833b476a39d65496a087afdd14a9bb6ed3896bb874c0fae4f4e
oof,2828,stead_event_01834,0cc6f257f2ce33a7afafb2ab2b5eeacd8f13f29ba9238dc67fcfc474416059eb
oof,2829,stead_event_01835,d3ea4ee8908eb4a9e76c58bcb3bcc2c5858fb083b91b10f082067f9264e7321d
oof,2830,stead_event_01836,7e4b81518876a9401a7952026622010cebbbe6be62075dc92038fbcd20a8e669
oof,2831,stead_event_01837,72d79a523d107f255cf59178d760880c84c1064c4e05bc8e623d20e1af196636
oof,2832,stead_event_01842,131529efb3572f0fe5636475f580d03b936ed82902ed3205da6b40cbd79a1425
oof,2833,stead_event_01843,954e4e3ea51886186a7129958d80451d022bbac8d9bc5964f3b6e3207df4017d
oof,2834,stead_event_01844,e2b6ba8d1b56281aaa137bb62cb0d65ea9f40e4c6420cdfc42a0d5c9660937c2
oof,2835,stead_event_01845,4c85ed392e86ceb98a9af886dde176bd9feb5e864abf47522cd36218b6019bb7
oof,2836,stead_event_01848,a39f3e4cf9e0492ec8dcc1c05cfbb7e7b19326bf7cb454012afbe8f9e9782714
oof,2837,stead_event_01849,eb60a702955497315fb25edef97620866297522134965238e6d42235e66ef178
oof,2838,stead_event_01850,4dbc5bcae6027603fd374dbdad9ecdbe8e886d7330d70c019c1d85ecca1ff019
oof,2839,stead_event_01851,250c294c900eb51d32e38691a58616986b0f9823a429b5d347abfb5dbf1ea765
oof,2840,stead_event_01852,2590c56370dbc5ce47965f489bd237087b79f54c20faf46ce229a92eb279422d
oof,2841,stead_event_01853,6d38cf667f74e03ac818522c1a77f9635a247518e81c8f23808f695b4f1e21a8
oof,2842,stead_event_01857,a0e461e0eb87f411bf2544794196ba24154522c13ffea0f0c291b55071c2c996
oof,2843,stead_event_01858,71fb4ec88af67ed6f7f73d11306edd37adf48ab8e2cd683829262e9fd8feacec
oof,2844,stead_event_01859,26320afb7dc5f7311383f7216829afc873d5e10d3a3f8f78088192510a7097ff
oof,2845,stead_event_01860,23b2a0ae2cc474a1f064c905ff222f3776aa9b6ba0284e0f907d48dad2bad29f
oof,2846,stead_event_01861,35830edc1f40b539cb54f75971f1466317243bc37265e1916f4f1891b860736c
oof,2847,stead_event_01862,2596cac27d605ab5a04f2614af22ccc9f2da25dd05e335e705be8ca3ee2b575e
oof,2848,stead_event_01864,3afd5c8bd7038860443e660d684031f46937c8a3b96e0dd3bcd2fac48e44d2df
oof,2849,stead_event_01868,b1e3e0f47ea5b4c3aea745f95121c329ddafbf6a6036f3352399fc3be7fc8cf1
oof,2850,stead_event_01870,7fb101b44c73e690d240ce9336e7828069322899da5afde00fda9bab616f4e02
oof,2851,stead_event_01871,5bcfe6cf7cb1ed2832d46e21a5db7baf494c15237d125dc8c63f43f61f89a9f9
oof,2852,stead_event_01872,aefbe097a07e35497dcf59493d12e363884a0dd56110be9946b89c3639be09aa
oof,2853,stead_event_01874,e02d7ada7df6a511ff7a6efbc6c859a5f8b898b41d56f8928642613f1602ce11
oof,2854,stead_event_01876,5bda894a2adf0abc8e83f848ed8768e7275b4912ed3603862bfd76d5aa412219
oof,2855,stead_event_01878,364279af3ca8887e459d94c42caf650fda99ede9ee08c3a61111fddcd030e7bc
oof,2856,stead_event_01879,77abac2e240af51e1b3b586a963833bde5c77f08a0bd8525874a39a0d65ac2f2
oof,2857,stead_event_01880,509bb3397a89f64cca1bd662a807299c556174eb9fabd3ad86a5ba16424dc464
oof,2858,stead_event_01881,d4650beee765e3611950114512765c71794514c5b03b13ee003eb013b56cae58
oof,2859,stead_event_01883,74da650d586413a0499244907a047e808067072a2f91154e8716d8a9e782f988
oof,2860,stead_event_01884,43074ffcf21e73671934bc0cf7f54898ce98b5135e4724ba1b7ea7afc8364303
oof,2861,stead_event_01886,39b23609def95ebfc84a2457bc3c28841ae9eebc812cbcea21b5868d2c8af93e
oof,2862,stead_event_01887,a31f6b78e8cc70a744f8522505bb7d7a16b2b55ea154691e1d06a5b6e011234f
oof,2863,stead_event_01888,5bc389ca8c9e720ca8911f90832fd1090242c6409067ed38fe0826f33cd7de99
oof,2864,stead_event_01891,f04a8dfda62689199064d8d893d783725c424961b255392d286d891a2186a172
oof,2865,stead_event_01892,e278e05b2187dd8f62842ab82fef14c9eaafb9cc26ce98222e3d12a6e543dda9
oof,2866,stead_event_01894,6a0850a09a0f52f2107e792379860d74ce5d474585118b6a6bc78758fbd1231b
oof,2867,stead_event_01896,0e17b06dc58818cc2dc8ae72df77d54b8b0ae1fd30d1b4dbadf281568dc1a9c3
oof,2868,stead_event_01898,b59212c115a5cefa05768c276a24ec36a87de0a77a90b4ff14fe20943443f697
oof,2869,stead_event_01899,88a78dcbcfc23f9ce4a5b709b12bd76b73b224f38e28492ce64e479d113a5601
oof,2870,stead_event_01900,e20551fb78c61e1b7631e38d817c1dc511d9197c0ecd293c479471a31e2ce9ee
oof,2871,stead_event_01901,5aed4720fa82d276c8658b504e457efba4f599fd0162745ae66a5c1719182ae3
oof,2872,stead_event_01902,c6c4200b1bebe8c262f5c87c8b62b533002050ddae11453c84811bf225b50f3a
oof,2873,stead_event_01903,dc34d58631f3ae9e2f2d351838b00f6969660a89332ded0a59f3f8ff081cbbe6
oof,2874,stead_event_01904,a56dc1bb4ffa7c040f2813740d2ada9153db75b2c6100cba0e8edab0cbb58d6a
oof,2875,stead_event_01905,7d8e1fd25b5b69aa4344e1c11a97a0e1c59f5aafa9b7e5dc4fe237610bbce82e
oof,2876,stead_event_01908,56f77b8871b610980a8da4b38b646442f557da5acd9b0ce7c6a3ee7aa3396a7c
oof,2877,stead_event_01910,3f1e1f9b9a178cccef56b4ecb72ff1b492d97c212480f625f10492ec3c623d0b
oof,2878,stead_event_01912,ac636c52801e948a817a79b0a808fb0bb9bf7b25cfd8bf007ac1ea5339f67a7a
oof,2879,stead_event_01913,8bedde6a8c342983f307026cc683bf559580362ff8cc23329937d22c640f8402
oof,2880,stead_event_01914,1d4544cb3a3697919599c77fab737d4e42d2ba984f104d4ae1a5ff247109020c
oof,2881,stead_event_01915,624290ecff7237f4f7040e030af6e9cf876494668950a530125492b5191c00ef
oof,2882,stead_event_01916,cdd8bfa9c1557b3a04d4944378edff2888e7382b323fba680f73b1d6bd7ac3cc
oof,2883,stead_event_01917,af200a29a24661abe12b20b2722d55fa692f6f79fef5d7795ad76e0117eb2a03
oof,2884,stead_event_01921,c33d4dea2a3e26493fb32aa5c1e6db75250a2209f41c6b85a522de22bca25cca
oof,2885,stead_event_01924,9591d4ce20dce7f9a71850fecf8da6e672054899a819e8e30fd8b43161a2b7fb
oof,2886,stead_event_01925,b98723583c9c897a061ad2b6549bb4e6635d9323e88a3d89eeb531b3ee156550
oof,2887,stead_event_01927,e70a11c0b97f24ebf2647996b61c54c78048da785fc1b765a232f59e1abcb68d
oof,2888,stead_event_01929,79d29b0e8ccce7746c759546e0c18a10989734aea276f51045dccb3bcb1b96c7
oof,2889,stead_event_01930,becf6c57c2dca34a2803ed5d9bb24a4c4d4791439a04c8df1d793540a9cd917a
oof,2890,stead_event_01932,e503677ede4aab6ab6645edf2bef62b23bf0937198282b7849f1cbf1d84418c6
oof,2891,stead_event_01933,bd4f01fcbd89260447f3b237ad9a4b65db54d2dcfb97729121335e8edbf27075
oof,2892,stead_event_01934,bd2a0c411b35345d8b3c44f71eab5b0816596c8bd1e049162f13a73ec4ff61e8
oof,2893,stead_event_01935,37e70f155946cdba517eae41c1a2ab743b18ebaca1256a9f7b892f3779d51b33
oof,2894,stead_event_01936,f0951ce6cfe4e9df5d8e9f9ba5823d17b9d6956ceb34dee4778c3c18148d11d6
oof,2895,stead_event_01937,8447884cec53a33ce2a786e87c199c37793033c73a0c5b56e2e919396769beb4
oof,2896,stead_event_01938,03a08fc77e9c3cea9f6fcbe8f2ebe4eac9b73064a8bf11ef0b7a05477bf7eb32
oof,2897,stead_event_01939,8f93ebab4b4819b3757fe291d585f4f64699e833e132b82fadbb6008472a0ccb
oof,2898,stead_event_01940,310eb07a799142004a7987e030a839f1af176a538166edc953e3ce124859d9ce
oof,2899,stead_event_01941,c11cf8d52a211fba213abd43fa4646af4c5efa31a6b23af4695f27c3192e6016
oof,2900,stead_event_01942,ef710ecda342ee1cfcf7595083ae6a8782636fa1558cdad4ac05ab5406f3cd09
oof,2901,stead_event_01943,dfa533278bfcca8be7d62c0e3aa253e214f1657eaed1e8c01dd63809b0c81d1c
oof,2902,stead_event_01944,49458c876248f86bdf2a81a09ec24b5f799c3911ac97f6ff7b35525e6e46cbcd
oof,2903,stead_event_01945,538868b7e608fd44f0b71a08fd7ac9db3e4df36caf029e8881bfe1894751bd5a
oof,2904,stead_event_01947,8c68f96d219ce5931d6f830746f842b5150cd8fbd3e555d3180ee1b397c1dbff
oof,2905,stead_event_01948,6e34c34854673523bf0e98c6e746cfb151832982f7a5775a67619d6265c2b39d
oof,2906,stead_event_01949,ad8f0febba26e417eef03e1d668a52d1bac08f989b85668417e9827d831a2975
oof,2907,stead_event_01951,8ddc0ffb61c3d5b0203f1dbce99349ac57d1702b0b9176fe980fae3e5f65b186
oof,2908,stead_event_01952,198ea659a0fe1eb842afdf227951a68fbac0fbdf16ce813766f62445317744db
oof,2909,stead_event_01953,5d61e3de423e2d1936b55cff515b77104143fe0b881a8faf6f87b3f2b6550d1a
oof,2910,stead_event_01956,2e26950ee232b2d94c5ebdda179e11188c4e7a233ea4af7b67dcf40b5c8a6732
oof,2911,stead_event_01962,dcb1d4b9429b36b33c51e52c6bf1d271eacc5162e7a1121a9322a970cf0db468
oof,2912,stead_event_01964,62c5c672a615ee6dd71102c2cb3770ad41bbb63e660dabbbf73c0d46080e62e4
oof,2913,stead_event_01967,7f57ef74ec87707f5efcfff1dd44030729f929602c958982c89571473c1e315e
oof,2914,stead_event_01968,fcc5dd975d962ceb2753a07a913aa2ddfafcbeb251c7416ad896b8405d49e9fb
oof,2915,stead_event_01970,dfebd70bc657581a721afc2eb2b5dc7e6f98364543c4107a0792a60f06c55042
oof,2916,stead_event_01971,55f357734cc01c2b7ee245435a18861e173fd90140ddb07746bfeb7b9fae04ac
oof,2917,stead_event_01973,5f2f6e6d733fc0ae35cc40d4a05b3747d2e8b766ea73be82bd77017ff7c05803
oof,2918,stead_event_01975,c964ba28efcee6b33c897e08bb38bbf413318bc9dd194685cf8ae6f99d1c5e5a
oof,2919,stead_event_01977,ea9a43284b71d636ec1e702b2541dbab94b36a2fefe8a928356a69a6827bae27
oof,2920,stead_event_01978,5326bb61f88f452c5a7ffbfbd03e6853bac9429bf80571c0a265508d75ee3238
oof,2921,stead_event_01980,a1423a8a2712cd1405390888b8828111758ee7d70ec4d22cbb848d18f0bd9a8b
oof,2922,stead_event_01982,93f2c8fd127aa06ae87d98500fa49164978883e947b5c41e6f32ed96b8d10f63
oof,2923,stead_event_01983,38355fd77d742e6645a330b641c1ad8ce05f71c7f10d053616ccf952dd413d75
oof,2924,stead_event_01984,c00e70bf847f8c446148b414ee912b1208ac2f0c08fa5878e5d0bc5d258da0fa
oof,2925,stead_event_01985,ebc1bc6835c8014f627db238a302c52a04f2046b331dc21ab137a3b1da81f35d
oof,2926,stead_event_01987,03b5951b901abb9450449634d8b38a8bf01bca093fb048ad32c3864e48e78b81
oof,2927,stead_event_01988,f497595c7c1b89a9f5c0bd6f47301d90b0500dcda70ce211f4e441c0dd632a1e
oof,2928,stead_event_01989,f81e9b189f55497dc454d7ba25eb72c7994a7119eee5fb62d9e8b270b271409c
oof,2929,stead_event_01991,6c84be8ac73799841a2b89d8a5ad4970a5b3f86281f7aa78210a1296f0ffea2f
oof,2930,stead_event_01993,d94c44982d9cefd5a477d80d49f9715a8fe6e00be052bb6812f1cf391843fc92
oof,2931,stead_event_01996,8d064f2b96710eed1481bffd639c26a92d7eeabf675d4dc8010c6af1fa1a90a3
oof,2932,stead_event_01998,f28d3f244e62998c7c1b1f8cbe7f671e8f8a58393b071d1d5810a5995bdf9e88
oof,2933,stead_event_01999,d8ff118622d48a1a0ef76d62cbbd825959d8f3415e459227234560f5795771be
oof,2934,stead_event_02000,69272605ba1f8b8f1425236778fc36fdd3a9a07a936ea5589765a9a0638a7dc5
oof,2935,stead_event_02001,a1d84c6d98b1e45d586314e633d80cdbf8abf9d33256a2d9920126fa9aed6a91
oof,2936,stead_event_02003,3b48b98c1c3f20698ca37860cb861b1a11f5ef5d1151a4408ce327f626710d16
oof,2937,stead_event_02005,25e2e9e766ec9fc325ea0b3e3e3463acf85eddf8419e95e52fee05feed0ab794
oof,2938,stead_event_02006,0c884e22da272809b5d02371c569a1afaac6b75140107d3a1ccdd56ac734bc26
oof,2939,stead_event_02007,2b32ca9ae85995ef840e0f122addff10b66ac0db8f81c8c70c199bed1491fc6c
oof,2940,stead_event_02008,a08bebab698e3af9af7f7a117dcafd651d385dcf3368635c846b5ced0b6aff68
oof,2941,stead_event_02009,ae905ff499b00a179d6a1a9eb5c76c9bf9dfb61a4da299c1c12ef1b33aff1b40
oof,2942,stead_event_02010,1f58097ca030c6531c2b07fba3ffdb2dd3e5dae25dc91a2b61a117f0195c57fa
oof,2943,stead_event_02011,9f713c51dc6a13b5d943c24f71f9b3c659ad979f61b960b8192a9dc7698b5b54
oof,2944,stead_event_02015,050a1d3512064b7ab3b7f359e5439a4d5e1f698aaa2dc4075c348cf22daaa977
oof,2945,stead_event_02016,08b7d5a3c1208615cb5f4786a57ab6b9475289ad9f6d908614ebe6967670ecf7
oof,2946,stead_event_02017,5d8e7521cf10a4ebe16af31e8a40427720e2669fbeba48e2b775674150ebf100
oof,2947,stead_event_02019,3e225137b713fac3c772483561616f08a54cf492a95e76ff90beb544990078d4
oof,2948,stead_event_02022,a5437e0b093e4f784a3008a53cfe8121f06da8c70c18f91e7d06bbaee18bfc7d
oof,2949,stead_event_02023,9923b1d02f1920e01a87ac01d509c5df63c72538cbd496c5f9433284fb8f18c1
oof,2950,stead_event_02027,3db351ca3a88d7c1768b98bddcc19c77fce3a06a5dc98f4cd5433721cae281ef
oof,2951,stead_event_02028,38a1626106d22b5285b3bf41cf433ec3abb6fc060222b18122ca7f051da000b0
oof,2952,stead_event_02029,162653dabd02d28745a325b0ff30f544d7221a7e59aa2c0bf12730c35c356bfa
oof,2953,stead_event_02031,620620c7cac34c4e83d52d9d4c317965766d3434499af39e87c7a15fdd47b564
oof,2954,stead_event_02032,10078ed00ee7148fd496927c75082c2e0cc475550b7dc4705c46e2765687de08
oof,2955,stead_event_02033,3bfa9e02800a5996fe5c86264651cee981f4fe378dd532858b398c63b0fdbdce
oof,2956,stead_event_02034,155b7f00fdd916d45de996ef81af30db5c99d727d74d96609058068189b5fbd4
oof,2957,stead_event_02035,a822c690047fe3cbf9103938f8f8b31ae6525b12836dee60f22c79fd452a0de3
oof,2958,stead_event_02037,919c7bcea402b05edc0214c56d907e27e3208e629814228554cb04221102a525
oof,2959,stead_event_02039,b53087c164a612670ca661248e03e86a2cdae24ec6b3ef1af12bbc5a22bf3eb2
oof,2960,stead_event_02040,2c707abeb54f915c8be9137d2de6e987b3310aeb5a636bd7981e0ce422a10721
oof,2961,stead_event_02041,941192bf03738d1a4c26ef5ef3d7b67d4da2d640b1308bea00f04de939361c91
oof,2962,stead_event_02042,b5b013c1b520e8d0ca0fb8be45deacc72e741a9b134451d9ec3013199071435e
oof,2963,stead_event_02044,0867539b6e4ab16b44efa18bfcb977b6444bf4a691367e1e6c22825a3c376b76
oof,2964,stead_event_02045,363c5c353fc52ec5bbb8a313484be632bb96c6e71567833311f78e9840b7d091
oof,2965,stead_event_02047,f0b744cf3cbbd48446a1d4e0311c5d2f3620dddf05d7c28307f12e234664e28f
oof,2966,stead_event_02048,ebab0b5fc42b83cb0f449cb652314adee190f3cc38ff8568d55a36bf977591d0
oof,2967,stead_event_02050,972d89465775cc1db5fc8a9e87a3f788bed10302288f53c148c7855a17272c00
oof,2968,stead_event_02051,ab69437973f438fcde1be76142bcae92ed3007bc451d9b01b2e2c8d584245cfa
oof,2969,stead_event_02052,1e0601b1fab2eb6d018212fe1bcebdc0002c216cc98ccea90af088a61898018a
oof,2970,stead_event_02053,4bdc80a7057f407d8082f4bd607a60daaea698e138795ea14ca6dae6b51e9c8c
oof,2971,stead_event_02055,413ce76d7d7ae4baa956f57ce8e4e3f6ecac5eccc30187528d630e1f9fff4156
oof,2972,stead_event_02058,509e1735deb003e40205ee3a970d34311fb16f0456c5ca2f16306778a26ee877
oof,2973,stead_event_02060,d699a4a9f40324c6ff09836c29e3d93d1b4cb5ee5805b9549603d05835fb7236
oof,2974,stead_event_02063,846cb39a61b42d053d51a6c157f83d26ad1b1be97a1170bca800bbed502e2eba
oof,2975,stead_event_02064,8933c1ccb0e86cfeb3b1c5777065519d275590433408b5fdcaea7e1e7cdaa213
oof,2976,stead_event_02065,7446bcc16b07ab24a6c936439ecf981fa84b4a60bd38a6f30e47b17ebe6fa8cd
oof,2977,stead_event_02067,2c8d6b93dc6e72b01c79b72590b59b1d338b04b2baf497f5259f01e5510a6f03
oof,2978,stead_event_02069,d1da1e2390c89f8a9fd6c69ac57f2e3c7045aebd1f04824cdd5f9b96aa5d9f8d
oof,2979,stead_event_02070,57ef9a569bf853161618207b9555bd955aa2a43c298a55ac32850261a1448e6e
oof,2980,stead_event_02071,ab58a86c6986eac5e54ba0955da26887d49b27c94464fcbb11816e790b40a4a7
oof,2981,stead_event_02073,50b3c628f0c9c1914544febe54d9017ac2d077530668d71e80281c7752c89800
oof,2982,stead_event_02075,fac2c0bb3f29e589a6ef5ab10c9bf06a18d11339eff94dae7474c29be59520b9
oof,2983,stead_event_02076,b7f32b9b9a380a775a25b37d01854d604aceeaf162c0171c0d2a3876a7671d78
oof,2984,stead_event_02078,29145f551c57170e3e2178a6f3eb3096e12f0d8dcab9469bf1c423ae14e8662a
oof,2985,stead_event_02079,c0e7f22ebb9c939cfa5b5b6429225d1481a2f1e0c577cdc9523a46928c3d0aab
oof,2986,stead_event_02080,d014f385067d51144d2bb1788d2596c7e59d12e8d03da25f834e13f6058844eb
oof,2987,stead_event_02081,fd98ebf2c8700b396f4d877b09c89b78bf0b4a5f4fa16683b1337995f26c6797
oof,2988,stead_event_02082,f09acd9352e9c9fc1a52aa5dca87d7c36fe7b8536f6462076ad390de04ea5150
oof,2989,stead_event_02083,f11c3ea14aa71f3a2dba1d964a545f7ac4124adbd6fe76906746667971c082c9
oof,2990,stead_event_02084,d9cba7f30b941b5cec8b94738a44dcdb07f551510349e7e2a002d1ac57df66d3
oof,2991,stead_event_02085,7e36a7b6ee577977653898d60ea809114bff3b06f32b47b23c571d6115016609
oof,2992,stead_event_02086,5de2d50656f6153a1e88d509a1c4f14ae175782b248719e3f7f6952b419a1795
oof,2993,stead_event_02087,b9f49eeda0708ff0c00f2d2b17e9e0555fe2fb6db25f1c4674f298bf9c106107
oof,2994,stead_event_02088,eff7a5625acdd0eb19b43ce66448bc4275983655a7fa490a72ef242c1052b24a
oof,2995,stead_event_02089,3c1a58de4e139a199b0181e8077d90e300dcbe62e57d0a869e05a9ac76f4db91
oof,2996,stead_event_02090,47e7b4707f174bb5d084f3470f1cab3dd40f404f64134bce7ae9b3917def6e88
oof,2997,stead_event_02091,eb10c60e5e18200a8a4345fbb145d82c162d577b259d9b58573a10717e02dfcc
oof,2998,stead_event_02092,a8b82439f1d9e583250c741688ad436fbd7877011636678f351b6ec683c6bd25
oof,2999,stead_event_02093,9135b8f1942730b26f1e0c06ac47bc89cfd0e177cbdae6e7370bb6c6befc006d
oof,3000,stead_event_02094,7be65c826fcdeee249725019432cbb9a2bd3ee192b298a97aca455f906cc5507
oof,3001,stead_event_02095,51e55350c2b0a0f59644895eb0a07ccb8ed6711a8520cf8f1b4a3d57417c8d8f
oof,3002,stead_event_02097,127b9730ca6b531a016516cfd2f0b59070f06129cb713e6aa53472262a342dea
oof,3003,stead_event_02098,74e6695f2a73b47d0e74e06100ebca354531b7ef23165f8ea8a0e7d8d7c2b717
oof,3004,stead_event_02099,ebb7ae65e5af0d5d6bd2626612137f1f030eb36c2c3cc64a6375fd621356ebb5
oof,3005,stead_event_02100,fe42ff68f3a8797bf86960427dff3cbb19913a9ed51f7ab790c9d62b5454ab3c
oof,3006,stead_event_02102,6c2fe8509081b4f2346c254ad2298e6ffd6be4f661016d0a5d17c6d6cda9526a
oof,3007,stead_event_02107,32c7b6237e85c3c1eeff6a4c40ddd7b06ff3f63bc669ae3d8babaac63cf79320
oof,3008,stead_event_02108,147a85a156018f70cb966d91f33b0035c22d3318ba5c272a76a4bb492a5d76aa
oof,3009,stead_event_02110,c2822aad0f6b5bacee06113c828f94b7b903403b3829ed4362f411a5c7653819
oof,3010,stead_event_02111,06288e8a9e67b3ed0fcbb82f553a0bea7764634ea9e2c0663709e66e26b525c4
oof,3011,stead_event_02113,22f28cd3c5eaa35ecedf87ff585ff9389059cfe71b02265dba381ec2fe7f612a
oof,3012,stead_event_02114,eb5a42507864f7327582963e56f4e0b1762886dca8c4cb3cc65c296ba778f7d1
oof,3013,stead_event_02115,2a9b4135d54c76e4fa3d271eda4d7defea800a36946562a321e616648d44c319
oof,3014,stead_event_02117,6cfea04a462e824b8cfe72ae5199f7a1b1047312815580232a38f81f80f7e33f
oof,3015,stead_event_02118,9d51a6993c4ad063933d33f2bd5e280ed0a4b84d14894a0eb83539e3a9a7dc29
oof,3016,stead_event_02120,4870cab00f94c78bc21c4c74bd1ff6d93e1ab02f483f78c24b95ac7ee970ce08
oof,3017,stead_event_02121,73d09f7740118e0803090820f6027210408131a60bc02c9f8d8710ce6ad546bc
oof,3018,stead_event_02122,563afc9fa9c8afced152d3935ca5904a3140acbacc778a1efa099c11546a5553
oof,3019,stead_event_02123,52ecedeae2a76001d6e284ebf6464edccb8dc1b40a137ba796f3c6b3e9953a93
oof,3020,stead_event_02125,b8d7739f0032c1b1ef5fdbb42387a6753722447b9d1da3c5f7c890c92c3c1bec
oof,3021,stead_event_02127,2db9d2cb54ba672bb4295f14f7e4159eed26ed941760db85f45784cfff98fa64
oof,3022,stead_event_02129,9a89763979d0b63fc9e05c26126bfd6f76b7e728759214b9dacd7fc7b1425df5
oof,3023,stead_event_02130,a2877731a2a26ab5aaae4f5ef14713c1aaa97eea1e4928b5d3c8219aa7272219
oof,3024,stead_event_02131,5d45dff04b52b0b5b00f62f1513d8f4249b861c0e15cf4fbd5f3ee83ac8c7c2c
oof,3025,stead_event_02132,3351d2c49fc3651f2117bee18439a6e7ed43bedb9acaed4d645637ea0e50a800
oof,3026,stead_event_02133,73f3a3941f0e5d2c69779a3168ecfeeeb627aa24802df7a45c8affe836a3c275
oof,3027,stead_event_02134,0f784a891c747a6d406c73d82fc25fda0c2add4c3c7701ad26f1c9eebddef24a
oof,3028,stead_event_02135,d6846c159530c05815fb6299bd01729645a2a58007d5c9b6ded9adb6ed4bd99a
oof,3029,stead_event_02137,2a2eb2fe2d22b8aa298eddcf65164a9de216f64780a1d6e7740020942b14bfda
oof,3030,stead_event_02139,9e6a76d6bec15ede6c468f3a631ef502b4211a2ecf61b4e9931d15ee5554ef69
oof,3031,stead_event_02140,490454a74d2a0e90434ead718526ce5ce736786dca5ada55644706edbe2026ab
oof,3032,stead_event_02141,604eed162561a7820510ff5a934dde7141237bd5cc637312b8a5a51fc5fa0766
oof,3033,stead_event_02142,a12d465565b369b1dfd4ed05c19a09858b56affacf199f1d1354ad0108eea5ef
oof,3034,stead_event_02143,0d65ac63f9ab25536d6e5a221a477f2ac0692d84c7a8d283efafb79bad4165d6
oof,3035,stead_event_02144,96ea5c7cd00197cd1ddf565a85499ba4f9d134ec948cb993e1031b280dbbf8f6
oof,3036,stead_event_02145,6f78e4b93aae0b58eed9555eae21b9194b2be312859f27ee597e1683cf93f2e6
oof,3037,stead_event_02146,fb92fee3f5aec0a90abd8cf43eb8736cbcc04541eb87ef79a95bb1737b8b5698
oof,3038,stead_event_02148,ff546db2a7495895e9bbb3ef0f9d6702b88bf97798816db257320d4b7bb2eda8
oof,3039,stead_event_02150,709bd4648b166256bd282a47ce18e9d56c2e52c655156aa206aca45d7002ac38
oof,3040,stead_event_02151,95352ce49fcb1b443571e7a0092324b95844249ad1442ec0f4c1d00f8e8357ee
oof,3041,stead_event_02152,5701625d1df1e58fc7cfe809b78e199e68c0d5f3b80848ec00404f7501a2ff1a
oof,3042,stead_event_02153,96e18e140c2bb460c13e760954e7783ffab1b465db7c9933ea1689703c52ce17
oof,3043,stead_event_02154,0b03cfbef4891477e632ffb1e6a061636107e49ef569d5925228184dd8a9c003
oof,3044,stead_event_02155,d5c344e41d7494be59d0a2e13baab1e0c5d805ca2a55b6c85ed5f1c260649bf0
oof,3045,stead_event_02156,7c8f23d81c32c90089f97d788322d7586db4a1c398680d53f8821d7f495e75c7
oof,3046,stead_event_02158,99f221fb9f1bc9f5587260bfe414cbf45fd4471df95d4d0e198aa44652654d19
oof,3047,stead_event_02159,4a31fcb0139304d0c2abd5379c99c3fd25db9bb1648595d2a0a620c26f49a161
oof,3048,stead_event_02163,ec6eb976271a988e944fa8b758defaa0dcc558314a01a24be761fdb1561017fb
oof,3049,stead_event_02166,d2c001372184df36e61e126566f7aaecec207037cbebab374380f030ffed54de
oof,3050,stead_event_02167,5b642b5dc9bb8816a4ae6a41fb79fb6f49c50db836a22682d7db47d8d5ed9de3
oof,3051,stead_event_02168,92c4f1f7dc0aa9651fcc481a3b329681aeebe5f064a60c0b984271c14391606b
oof,3052,stead_event_02172,c869d13c3961b8a935b0e5fc419644368cec6e985ed357e42af23a6a3aa7303d
oof,3053,stead_event_02174,80fa3e4f08f7c174b4b24f6966f5a4c8fc470d0b79c350c52c47a2203b37ce1b
oof,3054,stead_event_02175,175d4990da3e6a43edfa41696ef1b05b508655984b7e932b73f8a7a297dd1133
oof,3055,stead_event_02176,2a3081f4e9d38358304f2bfd778689dd28bec6fd947f99af719383edd8a329f5
oof,3056,stead_event_02178,639779cf7028fb96daf8c46aa93edc71596e686d9e5473ee772c648680d6101f
oof,3057,stead_event_02179,c3998e88bea854b1d80aebc740276a5c022248d3bff379fa2ef012acb94b0649
oof,3058,stead_event_02180,2129633553a66c25909753c5a62a2c5f68467a30a42047feb4ba3e620fcdd536
oof,3059,stead_event_02182,24cceb746d19d8283e78b750b1807b45ab03cd932784aee51a0b4eebbdd1931e
oof,3060,stead_event_02183,bcaa45ccec072fafc6c69af484b7887e2c034d493b4fdb778db5108412c41f9f
oof,3061,stead_event_02189,9bf7942ce20958db7b881c7c5fa69a9c71e74925ad96c4b1459c20f93df4a147
oof,3062,stead_event_02190,0d5f19753399e2c08230926ea8bd3940d571aae95599728f10ad49d8281ebf9e
oof,3063,stead_event_02192,9b0adff8577e9c192bc026227b45630b992a262efcd62b2a7bab4211544b068d
oof,3064,stead_event_02193,53e34dd44af1c5456fa56ee714fc7377fbe4a1b587800e7d6e47f3727a7079c0
oof,3065,stead_event_02194,6edcab27e28399d01d4acb250dbe9c17ebc1de862924d3eff32a51dd09315518
oof,3066,stead_event_02195,05d38716a6662530a74b29518905dfb8bc63d67a1d15bfa9e86c03f7f57617c2
oof,3067,stead_event_02196,74a8b707df735b20b7190716a2c73d2c19a6b055449a68f774dcc685cd957d61
oof,3068,stead_event_02201,e65ada007f5218e24f8c61d91480eca50bee106f3bd3b8d15f9a9e228b33778c
oof,3069,stead_event_02202,e01f81db06dfaff08e1ae5db9fbf90a209c0ab6987d102eac4c97d3c8bc13ac9
oof,3070,stead_event_02203,b767ceec67ce47ea71ef038ac385b8d1364038723077cbc02f2e9ab954464821
oof,3071,stead_event_02206,2c92b7d74da4db9dc370bdca40e67a7fe544ba04c948649d265fdbfccbc73a94
oof,3072,stead_event_02209,8a01f0ab86256f67b12d8c5cc9b5eb822b22a83f541d9019ecd677cf82b14803
oof,3073,stead_event_02210,5fea8d99ce20be5ac72833ad6917c50f3c45cdfa426b8af7588c84aaa94be030
oof,3074,stead_event_02211,f7d33f4ae07db4d29ed54ce9c1e61e8a73a90de9119323a33264ed4ab44de978
oof,3075,stead_event_02212,e1f2e64dc58e60cbbca1f85383ebfbd4bf74b7cff024937b9fae369ac83cc305
oof,3076,stead_event_02217,0075a7adc665072ef8fff92029d974baf9d926e68bec371678327c9657a2e98c
oof,3077,stead_event_02218,d62436505b06b77ea20aeed47131780dc7d94c63d4816d61ac2f3beade5c66b4
oof,3078,stead_event_02222,bca8b04a5563847a21a64090b131416b0b37e2f8894e6ce0b5bc153873a758e4
oof,3079,stead_event_02223,7a74d6718f15bf092dfcb221f4d18bc8ad25c45b88240f797738e21808d8b0ee
oof,3080,stead_event_02224,84fd06b38ca64c46c1d96ae1d9ecf9151a49e39660db790216a0b2c9a1a35401
oof,3081,stead_event_02225,fdca47332aed4f6b37a92b1e9af825f51f2d28f68a0626f8b81d2533ddd1e236
oof,3082,stead_event_02226,b81bf57316b5ee2f7ff0fb9fc00d1006416708cd8a3afcdbd71191882ab75975
oof,3083,stead_event_02227,e115bda6c0c7081b3550e14f6aebecf724127ba0e6549ea89e66c74b5361da5a
oof,3084,stead_event_02229,052a5d3b96223d3e0ae8438d1d340c2834cc2b90a1639e7f3d6f1b4dc7007283
oof,3085,stead_event_02230,ce86ed499920d7a173cb64eb78fb5fca5e6f69df6acfff18bb2be991aa7b2b03
oof,3086,stead_event_02231,f60ea670d3e784bc2ca3498550dd912e92ac544c98e5c666701b3c6f143c8535
oof,3087,stead_event_02232,9900648bed65d9394fe3df31f9022d94b8f2b93e4574bb316579da9369b928b7
oof,3088,stead_event_02233,e138b52ba829a2cad34914f534aa7a0963d19c8c3ac345757fd31701d67a2ba4
test,1,stead_event_00007,a888228e5668d43554e808eeafe4898c276a0d21cd547a37033b55be192b323e
test,2,stead_event_00008,4df321fcdb7bbd09e9cd1b33937752ede4d911d83a085bf567ed7c065df34a25
test,3,stead_event_00009,61115edf0e78bae7fe4ddf7cc2f75213b63d470c4b8fe668930f97362114d500
test,4,stead_event_00012,b4650222531593361420dbcd877f9feb90952924d4cef7bfeff962084412822a
test,5,stead_event_00016,f15bf3c9729112c5ef65b207e7160ffe842dd0386a00a4a5eff09ff7ce596a0c
test,6,stead_event_00017,397f91f4e7e2bf2b42cd9c70b0557f20861ede18ee3bd3f6fc75a665a941422f
test,7,stead_event_00018,28af91132a349315c1877f2114e2b7f430da0ae3d62e3e140e2580937e5c1bf2
test,8,stead_event_00051,408efadcd9ab9c2ac6ec9e77de4d0658561b363a3f9da5c13422594bbd60a836
test,9,stead_event_00085,d0e9e7b44f8678f478b8f52a7400711d58503aa74817df38452f4dd6d1365a38
test,10,stead_event_00103,985d66b1db326897fe382e210bd35d86d040d97dd54d6beb0a43b9b80ca90d22
test,11,stead_event_00108,cdb42f843574787b09d228365ea6bf1cf8a26371a9a3edeb98624925180d6722
test,12,stead_event_00125,259a2469bcccedc5c2e3cb7c5dd6f0adcb0e9191330b1f0b4c268732561630cb
test,13,stead_event_00132,411677e274b5a5c95d9111e3f91335e6f38e37c9688aa6c245fd484346aa669d
test,14,stead_event_00140,4661fb9b4da07c55c4af2de8e0892b5037c5e29f5b665089c0a78822646564c7
test,15,stead_event_00141,31ae90066d19df444a3c8099f7db5e81ac84ae88f730c14247572178382c039d
test,16,stead_event_00161,6f862b61bf4021bfdf2239335c3a15005f0691d178c8f083fbbc8e3b94a623f0
test,17,stead_event_00162,3efba45054e3adda80e7499f1b8ea461840065a06ac3bb7784d17abb6a519568
test,18,stead_event_00177,53b040c99da740dc4ff9241cf14d48d939f9fea4e126bd3f278274d1385e38a0
test,19,stead_event_00178,bd2800758695d65703a07099c2395add260d5f2845c15a58fe22b4b2c9493af2
test,20,stead_event_00184,300064a379efe086a62ce8979bddcab688e1ff4e298de2518f7c9fb238aa01e2
test,21,stead_event_00193,10d65c3e06bfa5c559f17f4c18038111df1206ba7431a576a2a86bd1d638cd99
test,22,stead_event_00194,f01bf57e501dcfcd637c39512146e2299497f161c3525966d4baedce7e8dd4d8
test,23,stead_event_00208,fc90c946b79a09fbc47157542c09720aa971f1d7c2edc7ea4719541f1b723a05
test,24,stead_event_00218,044c31589a5e85ea2116f5d141ab77f6a5b3a62e48ee409eea39c12bfb697c08
test,25,stead_event_00225,4826ce3a1f3c7afef20062173e47d9a487d7064e3152a19fb0a57ddc48f2a5af
test,26,stead_event_00226,a2173304a7c8f903bc61f4a72f4a5ea4a8c25b673f1049d8287d9648719665d6
test,27,stead_event_00227,240ebd33ce5a4510425536f7164b1a2d885d3efebfb710d3d82c549043321ac5
test,28,stead_event_00228,b947d9ef63d56a383b37f3c94a38c84adfe71da7e80c82b7b2d420b770c5ace8
test,29,stead_event_00239,4b663c1ecd073f300e7ab0486b4566397dd9aa30824f4b38d7eb9041c62bb787
test,30,stead_event_00243,bea9bdc161b555b792d62ab5bfeeecd557474e3a0d18767cc8a1838402ec3f9c
test,31,stead_event_00249,44d9409e969b9498966ab16bd37f9c75d51508e9f14f36a98dfa420701ac4853
test,32,stead_event_00253,47d4dd045f6cb520f7ff54d4720ab71a295c84dfb41dde2124a26089eec954a1
test,33,stead_event_00263,bf612556efffcc70e077bbdf1cedea6d193d7bc0c391a74ec77171f4acd9c441
test,34,stead_event_00265,5b2b272bf6bcd6e8b5f612e59238c3244d099674212fe05173e2619fcf03bae8
test,35,stead_event_00270,d095e79854fa004adec86ecfcf98f88d0fbd8c4bde93b81050af04455668d079
test,36,stead_event_00289,45f135e76acb35b6303b5e2fcf42862a15ae884106d413e34afec2b9a2ca8191
test,37,stead_event_00294,05ee81fac5bad8ec4872b68b96347ff914838273d8e7080e969b29b7148e7b91
test,38,stead_event_00297,d96472db4dbf002522adbb4cabdf1eded1649d4f5b411a83bf950ed574e2788b
test,39,stead_event_00301,adb4dd829b0a835bfa6e43d19a63def619d936a6fe3fe4d5d90f6e087f6bf4da
test,40,stead_event_00309,cbad57a38f66b4edec81a1a0cbadd5d87996cef97b8b82de63828a1eb599180b
test,41,stead_event_00315,5c112cd009e757fa25561725fe0e530fc82adf06b826630cf2c2ea9c70b5d995
test,42,stead_event_00320,439646958018922610ac4ad0e1b75255edf5924fca5dc786d40093828602c294
test,43,stead_event_00327,5628e32a7c2e2b06c0f82aa79c0a5fc1480611d662478f4f4396dff0998231f8
test,44,stead_event_00344,dae892bfbe2669fb022a224544537f48340334dcca3043ca5f19bdbd918a7e5c
test,45,stead_event_00347,97ee5ae78abd665d155c81287065b41579d988f8249675b01f827cf4e60b68bb
test,46,stead_event_00355,70e2e231c3dc0883e339c93b0a0cb3cbd03260f91be3d479a6ac4583bd6ae3ec
test,47,stead_event_00360,1e334ad8468f71e81347efec67fb11619ef0b1acfba3bf318abc44bfd3e08bf6
test,48,stead_event_00361,abf073dec819d139a85ff1852c8300b3f10e17d20ab6e9458d84da5464b93a42
test,49,stead_event_00372,3ae665277f82d8fbb3077f7bbedf68675df37790b1de87bcbfa707c192a40751
test,50,stead_event_00397,f95e4cc5eda181d2f97e85baf8c35259361b66ebad8f7c12acc941f26922a95c
test,51,stead_event_00398,528cf84f063ecfb19f986ac4f10bccc454a14bf21af5481bb15b1ac9a31c7f61
test,52,stead_event_00402,7e1b49cede893849293c631e5bfff8deb585b264f722ce1ed375fad493f139f3
test,53,stead_event_00403,e60d5231c1a07d607e75f036aca97d55600a8d0329e8bf79fa4ad32c85275e4c
test,54,stead_event_00404,16cce6358e9ff3cbae5cc4278ab8bf2613e7a88cd6e08ec1772b4bb6030f9af2
test,55,stead_event_00405,f25c347fd8b784898d32a3d2f711f9dd89ec3a20525aad412165ec987df8cd54
test,56,stead_event_00415,098c085326b6763a1f02337f7c40d364bc6732de8f3e0b7c03f05e92d3e4a034
test,57,stead_event_00417,9e0d736214cd5a6acaa7f3949c4ca1990b47c77a7f49ba5a42ec162317eda348
test,58,stead_event_00422,590920eb4342c988952ab3a2a9a126c9b446085752df54da0fe044151170c14e
test,59,stead_event_00430,4f6417feff5c26663912694c54bf380b1c3d255f036f59c11132f77ff7917918
test,60,stead_event_00441,6a7aa83551ce369ac8f5dd529087bcf3e2391e4a66024cfe9868df9447cf673b
test,61,stead_event_00442,bb59a650b2c9c99f96437f9856042599d660fa04132eb5840c2f393f05dd7e23
test,62,stead_event_00448,5d5e83d682aa9b12a37d433d5289ede5e86879fb01f23dd02466eaf35d880b52
test,63,stead_event_00465,e39d98aa080b8d9c5a4ebbd0aed482be7f5ad85b2ead9af2d9ea183f4d8750ce
test,64,stead_event_00466,7b3fe715b6b0870c55e85c700c598d2e316a539d4c6be7c3e64813290b4f3683
test,65,stead_event_00494,e6331b11b7ac19326b89ec658f1c3b5893bb908b5ed05a8f70438f9081361b3b
test,66,stead_event_00512,e93e13a5afdf39bd6dfa96a0bb9038a03ca96af5f89b2f6f1a2d675a8e83bad2
test,67,stead_event_00514,4b013c531ab035ca133bd6ff81760c4e2f4d8feb526d0152916cc298b1a7ebf3
test,68,stead_event_00515,004583dc032f5f6f6e95d6e8908efd26d7aedb98e7c5ddfa6d22efee4e8448a5
test,69,stead_event_00518,21c5a9294d57fc7ad5a71491540a091ce6fbe1e8b00b87f062b983dfcc990bf9
test,70,stead_event_00521,e111352116e5b74e39544db5e0edd45e5a1f1a273317ef25f7eb258c308d9ce0
test,71,stead_event_00551,1eeff32bf2f5d348979b622ee9c11e8357971d54b720886df0fb95ae67ee0090
test,72,stead_event_00563,8f2c49788f4369328a879bab56914a72a1ed98332fd045e53b9b1351dec2cadd
test,73,stead_event_00564,88a3b6c0e9761aa473842011c0a06f230e6003b4ab1228d2f8b7e6620f984300
test,74,stead_event_00567,f4b1a1edace558576a676c5b72ce82ee957aeb10a7de92ed77e662aeef9c6a6c
test,75,stead_event_00580,e9782e3c4db0a879387b7d8be45b19dba0005ece6b547dd540db2d98f021c5e5
test,76,stead_event_00585,e6be2ffd38e5ceda307203f4aab13354bfc773a6c5ecd874f045d4a45d05d1d0
test,77,stead_event_00609,130516de1a92b154b52a67ca8fb43b1298e4a6856e579faf52ee0f0ab0a7ccda
test,78,stead_event_00610,d484a46891b71b0c982bd453b287f539ceff98181c734fbca3bda60a4c105f32
test,79,stead_event_00611,62c2a148fb2f7ab20e342a6f968ec344667df78c5d5406fad705874d60cd605d
test,80,stead_event_00618,eaa767bca28c43b53189b1f6d6d9586b708da753236e7afe38ad84885bf085af
test,81,stead_event_00619,89158813c8a9cc7617621cc35c752e0919e9a533edc3286ed487d158b8b98c53
test,82,stead_event_00620,6768c911c2e5a5345e3c704e03337234ace4690eba2d228fe93412a8b1bd1ec8
test,83,stead_event_00621,f217142b449f52858b8de34750ebc44b0b8d14807a1d212bd724e08a40246184
test,84,stead_event_00622,387f3062fa54e3d04fcbe17114a7d393c960e2da1cd8791d3c147cc7e9584edd
test,85,stead_event_00623,c6dd0cfff04b7e4e8dc83db823043c344d9672e1454fc18cfac2fee1f9888780
test,86,stead_event_00634,a7a1dbe3931bfa05071c1e4027e4f74bed3bb54bf53058e8da3209ab37853aba
test,87,stead_event_00644,4bb8012475499e0de44eb8d3dee23bc2180e846b5a641575e60d3e7b14116a53
test,88,stead_event_00650,64a743ed44fd01a403c131756852bf0ed8e9f3f987d093ba7cd501d036ba51ec
test,89,stead_event_00661,1cc8f17dc9276bc48e7b3efb969f2efc9f77e40d75d348bb3dce1b7d38b1a585
test,90,stead_event_00662,b62942942ea22ac7d4122eccfb0b476ed601c9751d799ee105b356e959b1ca8a
test,91,stead_event_00663,eb6c84272512b45ca5f3c21da2fbbe4cc7ee9b5aed1e38a84b95a99c4e7b3da3
test,92,stead_event_00678,ae5a327f0e5592fb71d87c8278e7ed08137305c6efdbfe06267e5f91ed235a28
test,93,stead_event_00679,b16c672a8d5131a84d968ba87980cb868988b2e0d6568227c12ed4aacb41c2be
test,94,stead_event_00688,10153934820859bbfc75f959fd3ff9d07fd583e0619df147df26bdf0b0a9b8cf
test,95,stead_event_00699,405b605ad1c480a901ab1518506276a0e5b7b1f3eb4f49665e650756ce8c2388
test,96,stead_event_00718,fb59056901dfd640b4996b1d5d9675915f3868dcab5e46aa3e69c7e42d4afdbb
test,97,stead_event_00719,442f4433642c9b7ba3a83656d3ac21f387f09e7021a95c7c9926abb46bd5410c
test,98,stead_event_00740,79686671c5b4da9499ef5e3b467dbde4d1a1fc9f9a04b63a2323d5743bfaa74f
test,99,stead_event_00741,03d051f6c3157c588df5e6d6d00fa007017a545083aca482b00a460f65a07c4d
test,100,stead_event_00777,3316ccc153ae478e8c9195c2959d133af99c5b124f835003161ebccfa2a4b389
test,101,stead_event_00786,f8163f8b22fe06e288cb00489b508b0427f2782099f7d7512ef526e2e97770f4
test,102,stead_event_00792,e76a995bc618e34220047ee914d2cba5ae76e2cced0238379a70e980f789bda8
test,103,stead_event_00798,ab53be72830aa87c21d656ae4577ef0fb9f872342fbb64563f76cc1809ad5465
test,104,stead_event_00810,7e15e7167cbb44974aa138c4c272741d11842ce649619e812d6eba0623996e9e
test,105,stead_event_00811,6c1e37be7a280e2f8801b2961b96cdfb282908a492336bb2e4f6b33aa67461dc
test,106,stead_event_00812,4f9359071f93bcb2bcdbea96852c9a277e0d9f43a244d4368f043a69a2cdece8
test,107,stead_event_00813,9f7b6c9185afc5a701fea258719b195f63ec32e93cd243f848855b56990f64f1
test,108,stead_event_00819,39251f818332584b9d71e28a368a52df411c61ededdf3e20bcf0d5a2999b8e45
test,109,stead_event_00823,5b00ed147f332e755886e8f3201f37bd04f109da41c0a83f60a569979326f612
test,110,stead_event_00827,ff2a34709177013b87b7c7b495b986e31878eda2c1812bfe2ccdc9322e543996
test,111,stead_event_00830,6ab22c45a1897bc7a4ea3ccadddceca27abab5dca5ac305d023644e0d6723daa
test,112,stead_event_00833,b202ffcf2ccb48cbad8951ea78db2a766fc42e843ea04f9ac49e2e6e25689a1e
test,113,stead_event_00845,b23dac0f376498cd8adee0bbc90da39dc6767b5c40a212a82e82d6832a582c13
test,114,stead_event_00868,6725a0862d8a1684717a0b34d9f4fffca546a0169e37312d97a3ff5a5ca6bc6c
test,115,stead_event_00881,892a9016d8aa659c2dc637f4f2f7d0c67f3ed486215adf10b51fbca4315b058c
test,116,stead_event_00900,d647d0153070c4a06a14ef1fdb67a7e55c8d0c78d4346f0adfde02b4626b91c0
test,117,stead_event_00901,b3549d82a399b1cbce1556575478d3cad9067c0d72b3043c9116eb17b682d945
test,118,stead_event_00902,3818e9ac62e4672c6ea825bc84ba2d45d7b78c8e68958e9d1ea565043074c5ed
test,119,stead_event_00903,af9d823b1da86a5a76445cae29990691ae90c769f2f4eaaa96431350c172484d
test,120,stead_event_00911,6367b16cabda5cd4552d22a790189d1d8867df4bf76eee1ef9d13a62066c7c9e
test,121,stead_event_00919,7710438af5db442eb653fe85ffb5600d9e578a1aeb4e2a8c815761e2021fe947
test,122,stead_event_00929,019084119717846c9df9938d8f98402097d14060cd924c5bbb3acc9545ad7e7c
test,123,stead_event_00933,a6d34b5659596577e935c383d64cf01f400ee51463c64f32a05aca46d8e15545
test,124,stead_event_00938,9f583c898620e13e5e328afcf17842f6b90efda9ae6ff695a92585de8bd3c14a
test,125,stead_event_00945,c892fab39af6e3a9ce4d8c8d39f6bea3f61d748e71740216d24984109baca533
test,126,stead_event_00948,c603bb7864a0509f9d019531a675a46ce965c2695eba09a29234babf46941746
test,127,stead_event_00953,df188cc992f78719c8f05ee358db2f025588167b131f35d4d3eb875f95b14af4
test,128,stead_event_00959,75b660ef2d791555b2786aa46a10e62748bf67d53977f3c7d71ef016431821fe
test,129,stead_event_00985,3a8dded8ce08f810e6b8e7d6c0fa3cd3d0b83eb732e41cbb0e859fe410433136
test,130,stead_event_00986,6cbe7a08e98e04449a4ad65c5ae48cc3ad2c951b6ac6c8d29933d041fc901357
test,131,stead_event_01000,7072371392e7622f425ea8f48cb3340712f88bd4086ae92003e8523344fb3bab
test,132,stead_event_01002,0c0b530535a3335f33314b8fcf6b1c1ccd9af76a0dc0a55aef89fd722ed573a6
test,133,stead_event_01010,fa7621e0de662ba02b55a0435099c99a65e5535766e3ff20e04813f25ae5f677
test,134,stead_event_01011,c3faec616735b60c69b6a700fa518f3e3422b5db2aa920e8b55cb728320daf7f
test,135,stead_event_01016,4886e16d8b9a8a6ec20cc7039d078aa73f9c320c8ca2cfb0c2631d10440c77e0
test,136,stead_event_01022,2ff822d41efdb1b91d7f24772a972ab09bc5b78e8a3f2cdbd860d803cc39d456
test,137,stead_event_01040,e25643736a658328333d828f861f559ab579a3818de20f01b041169d55df9707
test,138,stead_event_01042,2a1ba3c53b8e2d0ca489c44093d81c000cb155d5fcedac21978f5cd612343365
test,139,stead_event_01052,70d39361fe42f8fd9200f5c77073779a7a39567b802219aff788f287e18b5423
test,140,stead_event_01055,d916f62ddca4d5f66a12ae7b5fbca0a9075133876ee07de789c2c2786979e156
test,141,stead_event_01059,c52af53c23693a66df3ce810fb8e722134b34150d654a2defe7c61b200b2e57f
test,142,stead_event_01061,e491b1be4dfa58bea4526da623f567755768a0b2597ddc238bcfb24d545b0ca5
test,143,stead_event_01081,08b108f4dfa7a87fb6450ff37a6758fdaa4d1c2d9963f1cb6364ddc13120f653
test,144,stead_event_01091,82fe9065356078db1d134a5328bf7221975b61757cb12f6d735a1e710e6fb38a
test,145,stead_event_01096,ba017b396ca17772c8ddf19b3e4bca46721c19bf5c648271c0968cca253158e5
test,146,stead_event_01097,5c666b16554025892be8dba40d9a816e32b5e15661b94f3bfe699d037697442a
test,147,stead_event_01098,c09d36abbe2b74af7a61e890929266ab3342c887e3da2bc1580e3d8ab9315a24
test,148,stead_event_01111,7375b4c9d0f66fc7d63fcb62e38480a306d01ff808c856461fd1017112abda1a
test,149,stead_event_01116,99edbd51bbad18bb5f5dba01ed5fcc59df6b6081c07e212e161a8ef9575c6c27
test,150,stead_event_01137,8f3c0d37867bb0041081a236f8942c7faafe05c93fe8df9ad4ad2c41e4bebfe6
test,151,stead_event_01150,6b56be0f40dcb594c49a0253b23e2e89fa12f77ed8a5492fe922f0ef6d85602c
test,152,stead_event_01157,86932dfc11737f993c26e87e3592159f3ee1cb6bed8d49ee2ef5eab738b7f85e
test,153,stead_event_01162,ffb1fa06d6916bad34b5d428ed3a0638a305a9a6d887a712f11db506c354dc85
test,154,stead_event_01163,a1bfaa7d74878a0ec39fc4ba1af46e3ad29ef1dadf3cadae6ef1ed1585845fcc
test,155,stead_event_01173,0f0848796cfb83fcbe5b74cddc25852836a3699d0f1a337252a136581881c32b
test,156,stead_event_01174,5cb4282fee3aa67488389a29e1cd7132c2b17cc24955c115b773298c013839fb
test,157,stead_event_01178,b5180ecb0831e4b9505ef99d84f499cad7e19911851f277afb8faac5b2bf822d
test,158,stead_event_01189,aef8b1709bc01c24fb996215608ff194ed164121787a4d0a4ab22b07d3c267cd
test,159,stead_event_01190,a178d779e64b31df085f802786b66991ddac29d5f18e6635d2732356e4735b2d
test,160,stead_event_01191,8843aee5dd2954b82e8084a6681a4bb987931a5185f076088998fa9ed8c16d36
test,161,stead_event_01192,c76f36176d5e2f975aa5f7bcf7c7c5b12272ce0ddde56efcf29355ce73339b2c
test,162,stead_event_01193,4bd6c7a3bff512402897c08598a1cd64ba867e7974a6400161b101cbd03c4d6c
test,163,stead_event_01209,691a20cd4e4bdfc728de5f5b29192b338d115ab123d230eea1ed0e85d80c2fc8
test,164,stead_event_01210,856ffcedbcff21b219d5a5e68fc56296651fb84af8c986c2e423892c6c2a339a
test,165,stead_event_01243,d8f7660d921ec4c5afc08cf2924962015bd1fb95f99e1a3d451682216aef69b7
test,166,stead_event_01244,f7afc0628703a76a99d04a6dbd3ff5e3abe07f7743400f2b953ff2e1ba99f8d0
test,167,stead_event_01245,00c52e630740c881a7f7723dd1cd98425744300b3a2c4b95a4a37598e54ff0da
test,168,stead_event_01246,a63b077447261aaa303a2b041dc728e2be881777ecd84821370a3efd656c9a16
test,169,stead_event_01247,9b4405c40a73fdaf0cd31e9e0e0e86d01eada3d6147cf005a1f20e3bd3cf109e
test,170,stead_event_01248,8223c20776b2b87c21df670aa4aa870521c608f001950475084d66c66d23e445
test,171,stead_event_01273,fc17e1ba6650d70a21899705f712a4756a0d14d2824b8fd2b53cc598f756f46f
test,172,stead_event_01278,e3007ee3ec0ad54257b22c6b11871254e0bc62dcf0881b5a770d3a9f64ffc3d4
test,173,stead_event_01310,63bf257a85bae64ca8f5ba00059925c5b03e55b1e8253c54b7f23f5c66297247
test,174,stead_event_01311,0c9f95c29034f8ae5248b9d6926014d919c83675a2782736b04e39a443fb85b0
test,175,stead_event_01318,b7aebe284c09768a168d6c03e9afadff2f3185dbdd0400eb4656ddd71f6c1901
test,176,stead_event_01319,0a129ff8f59386126d5244afc6a96eb33841084f0afa2f175925b3883ec66ba6
test,177,stead_event_01325,6130c99f474ed16bc364ef4aacd81d85cb7b30b12585db54e07990e37b3f6dd5
test,178,stead_event_01326,e56095034d1e5de777bbba47c27409bb64c6401e9338d9cc394bca5224aedc2a
test,179,stead_event_01333,76697909020f8c0f46f44f186dd54c350d590aaad49f41042a7542b4e50227fa
test,180,stead_event_01334,1b867e9b70dc7489738f7dec43ffcf627803cc4e75d3f6fee8c4f641087fcf7a
test,181,stead_event_01340,db5cd9f26cbb072db0ec0e211936e6ff9690769d0dbd99923655b39f0cf469f2
test,182,stead_event_01341,f7f71881c0102f049e863079c551ea62dbed21da1b3721925cb5a153fa3abc8a
test,183,stead_event_01342,05831193eedf701c4518f0b8301437e2fa556a980f2d7a21f7e18e0257cc5ad2
test,184,stead_event_01343,767f13214eed23fb060a43ea94f72065854bad5c419f830ec3c57fdf1b451993
test,185,stead_event_01345,b6f5f11799b2f76b795135a1bbe9d7701de426b6e25dd1ca860fdbbc40e14a77
test,186,stead_event_01346,d0af430f10733c621ed24d48e6b3d841dc50ab99986a962bf0437a6dd94c9010
test,187,stead_event_01352,f53fe3d313864dbe030d6a0fd568b13cd782273617d5f39ddf39d7ab20faab3c
test,188,stead_event_01357,519d81f270dbc7b14598c975fba31c418efe7155d37a5655497d4001f043e098
test,189,stead_event_01361,407e3c26e0ba0e4d5f0d23126e712c038febe5f583fcdd5b9aec17d5cca47717
test,190,stead_event_01362,9c054b022a635a86ead59c624d9f0df00ae65cb7909c213c26bb2a736a9737c6
test,191,stead_event_01363,d2cd62cb600762f9cd1e4e4bf2cb256a8e058e5b9d066398047183f6be9a95da
test,192,stead_event_01364,0b6c6f83cdf8ecb7c4c7c611cf666aebc06830ee7663ddeeb7d630803495f758
test,193,stead_event_01365,cf9c669d929759e74c2a3a61c7a6e7928417bed7955cd286076695ea9a231074
test,194,stead_event_01366,cd8ab52f529312c77f5d28a3ad0174c3c5fbded42a3a0f7cf3890f846c739d73
test,195,stead_event_01374,94d51ec2a0b7be1232d0795e9e818a0c087cfc2bce43c12900a2204794e2a8ed
test,196,stead_event_01375,6b21a369f5c9e9e04880c2f228ac55a72aedd1ca8f81195886dd9b3ce69b4cb1
test,197,stead_event_01385,be1b95e081dfb60b29f8680a01af9865a9f49f42a94660f22bf924f41f070b3f
test,198,stead_event_01401,c4ef051a4f738282e0200ad48e079bcc9c3c719a4838ac3e77d57175b68db570
test,199,stead_event_01421,17bf57a82f8d1f6c8a0a2c8d3bb92d50b21a0357e96e56db6629dcbf993bac9c
test,200,stead_event_01432,fbba40d28f7cfa45291d95afaddd932f4b2faa6e8b8fe26b69ea256f3c4e8e93
test,201,stead_event_01433,75b960de680b46705b420f026ff8370e4f64f608aa5a1bae88a0c672a8cae2f9
test,202,stead_event_01437,224b441aa73bd57a5e7c66e9c5e7e16d320c062c8653e799e609a1fc832f9825
test,203,stead_event_01442,d045461e848261f20e333755a4422644b5f14f333461d51671ca9a664ec1d3c3
test,204,stead_event_01443,77be4222192ca3415fb20de60c0262a35224298723542b32959fe59945651cab
test,205,stead_event_01447,5f3175c3e17377af4b10e53baf4d95284c00385f4d118d482aea732328c0ade1
test,206,stead_event_01454,ac6b3673e55c7d258bc6d1cd16eda45914ee4c268ca34d4484d1bdf8a9152dcd
test,207,stead_event_01462,deeb69d540fdf10f7abd90cac680c582a68f0ba77f9218bc4c04f326072b3801
test,208,stead_event_01473,5c66748944b641c0c2d6521dafa58a65694f53893048b0b21a98f2d5803f2810
test,209,stead_event_01493,d08a26bb0ef6387abe13bc0835b85f3e8d5a6a583fa2391983975ad217992faa
test,210,stead_event_01495,e68d5fea7623e0653db834d03d3b24485110d988517de28f99ee0684a7138d71
test,211,stead_event_01496,6d78b0072dc2b62d5850fc1b7a6c61fb968775c5d31e01a4567efe89d3ce133f
test,212,stead_event_01504,63e1fccd5ff5349e76e0180bddee3ccd30181ba6a529c58eee65422e27a42da3
test,213,stead_event_01505,6b8d8d36aab1dd7211cc8a2a111dfeac58197f6a92778425aa79c2bf8f2c46f9
test,214,stead_event_01508,1c82ea2c5c9159bdeb2241169534e9ba3dede5a461a73f2fe023cc174656844e
test,215,stead_event_01509,dce592f55d0487095fcfb3da94fb85a80565ef1920a5bfa20ddf1c7526ad95eb
test,216,stead_event_01513,0bd1b10819a66a02acd09a8b8a7b2416082e1a044b7e8c66d9968df1150e2347
test,217,stead_event_01514,80598c8852308aad25759d73738639a2b2c001deb19bad48bfca9725bcaba0e5
test,218,stead_event_01519,9581e3875fb0575b6c28b02b49015c014ee5e250a2f43f0b8660a7ff075add78
test,219,stead_event_01520,e8d71589538eea9da638a1444365f59cd51f89f3b4ba57a8680f715ab92a9412
test,220,stead_event_01526,7ff75771c6c7470c2e83c622d38b57d0fac7692b2e4cb7a69a96d327f54a8028
test,221,stead_event_01527,74d9eac3c3ad411a0ba55ca2553d7a978206e0567c229915698833a1b66cef01
test,222,stead_event_01534,5a1ae6f9294c161bd70023e301aed236e4b4055ccf192b7ac5287ff71f9bfcd3
test,223,stead_event_01539,b3d67a2e95357c281e0899081c1352c36d94a110aa9be863b8ca90032db12656
test,224,stead_event_01543,4833d2c510ac26382bd31253faf0632937629399f708010869310010361bddc5
test,225,stead_event_01552,9f20e69767fe68fc04e4c64fb0b137fc781dcebb588a58bb7ee1135a0d0ee50d
test,226,stead_event_01558,47b5ff0b31422de0c87f61306f1475f7c524d423d1e0ee43e1ffdc61aeb620eb
test,227,stead_event_01559,afd1cfa8acb0666dc6b07f2a7aae062e0bead532e5d84aac3cb565fa7cb35f1c
test,228,stead_event_01563,0792897cae46fb5e5bb6b94c2852a603d262037e745cafdf2e04e9e2be4888c1
test,229,stead_event_01575,e439d389541219c61b2d73adefd534d18b4b7dd016b3c42db089b53dd8aaffc6
test,230,stead_event_01595,2b4150ba9af149662af9c9c4ad9cb570d07caeb677a8b71f0b701e8c1fea0680
test,231,stead_event_01602,d65fc9818393d1b726756cbc8eb4f6d13f55997986865aa29dfa72a48d721911
test,232,stead_event_01626,23337dcb3f79aa511a2afece0cd515428254bdec362f3521ff2952c19c26a94a
test,233,stead_event_01636,2c75e3b28eb343480e65cdd2c2bd0c36307530c51bf66b3622ff72a278c31738
test,234,stead_event_01637,b31f9834ba3be4e80b0a048cf01055d18888d00632ddc2df22d002e60b75d59c
test,235,stead_event_01638,9fd40d6be0da9fd64f4bc1002c9e23c49e323024ef5d6e5a7c8eb06c5b2a3dec
test,236,stead_event_01652,2eadd2849a5bf829234a8c2307c7b59f0e025a6359a3eb076593dab106c1541e
test,237,stead_event_01654,4b8c1765b69dd9f7ebc74963622b97407d87e0e7a27f131e8069c15c64395c06
test,238,stead_event_01659,0092021e2b6f4a7ceb35cbcfda2cf52384be598a528c9872aecd1e51c89df425
test,239,stead_event_01676,a926f176f27494d144d6c8b2621b7740418209601d21a3b019209fe3c5771f25
test,240,stead_event_01695,33dc15f069022591b7c1be92972297025ee2bfa16848e2aad13eed960f409045
test,241,stead_event_01701,7e967bd9d76167a349e977398aa6793c2dcbcd03b3f728a890fc5beaaf6f3de6
test,242,stead_event_01709,38c1d4f84e826f6eeb741452b30e4d6dc2001e30af2643d0fb26f5c8f196b4a3
test,243,stead_event_01728,6d7f0b8953c60b629b9bf8a52cc602d2d70c1a81f9c14be7bbd1229fae9baf78
test,244,stead_event_01744,a1707f1470e57870b5664d2f173322b3e3d5662d0163b64f6e762bce0af81e68
test,245,stead_event_01745,a4c40b0606d0ead3c657a67acdcf838526cc6f288106a53a176b6b41a0ad1c7d
test,246,stead_event_01766,23eed708acf2e659b070b6ee7d4b2bad04a67cc54a75297a6515a4a6d0ed11f5
test,247,stead_event_01775,627bd63203df6d2898df89d2d2be029df1c41b2678aaa299528ea53d4d296f4e
test,248,stead_event_01777,d20f4a37ab399de4dff7c0772895c8c6b16d56e94e6551c7b8f540fa526497ce
test,249,stead_event_01785,ce1eeea386a3cb0cddab7295a28018fc1a2e9c45d537857fecc0d25f32a0d0de
test,250,stead_event_01798,768e555877f9aafe66cd12a189b88fe5a4a45f7e76d1828358bfb9c4bf6d176a
test,251,stead_event_01799,405aface4623125414b77695eb1bbcadb216ac69f4bd13191cc5ae23be960b9f
test,252,stead_event_01807,4b63cf32f994d19c136833d862ac577c517307fd969ce26bfaa21c286d525185
test,253,stead_event_01831,8378e61d0fe9a3473752ddaada49dfd30482f69a00ac2a113e9f68d1cf693cff
test,254,stead_event_01833,07b66174fee67c07746fff371fff716f3de0024040f546e40f7d47a42132b8ef
test,255,stead_event_01838,5a470b89079472c32c59705a121e717b35394f564bf8ad157e685b35555aed21
test,256,stead_event_01841,985ca051f43c97817c2760051bf8a9f231a88bb63b773f7366c5496fa0c519f7
test,257,stead_event_01865,949d96e8d69f8e46d2e0df7abe70826af71b2ecd79ee7f1d9745df1bd419e335
test,258,stead_event_01866,75e0f766dcd65c3496668dfa577a094d96f789ac552608b3804bc55189fc27b1
test,259,stead_event_01867,be37c7730f8cf8a089a3b4dab7383636dfa1368af8522988231bd34a6eeb6b74
test,260,stead_event_01885,dca2861c64096c4d0d10f2b9cc483f50863a339fa600ec0bb1487e572061e7dc
test,261,stead_event_01890,503be8e16fb8182aa2a51f1a197a1d91be831b31c64834a8608d62af0ac357f9
test,262,stead_event_01895,65b9fdc8813ef66304cf40f61b18e3fb8ad9423e26cb288643fb17b9157fd0ae
test,263,stead_event_01897,355fc7a45db69a02ba7d4d2010eb45d3aa22e67ff9b5c710c544c289403cd04f
test,264,stead_event_01907,64af3bf613864b952420e750a4ae578112c3ba1791f702919a2054894b1ed698
test,265,stead_event_01919,6786a2d0e6d1686cd5e583e1c701a9cc3ad1ca9bfc95cf310b83862d861c2535
test,266,stead_event_01920,5be6ea7cd5c3e7807024606f7476a81f43bd0ab970653406daee85c6587e9a44
test,267,stead_event_01926,2564103251ba8fdb458d548822fa2cc716e6ed395ef2aef6ce24bcf0dcef46d9
test,268,stead_event_01931,fc9d263b5d38df2695813ff93d61a4be8fe5314834e8e9abf3f8bdb570fefa35
test,269,stead_event_01950,e8bf9164fa09271c22e5573043f7d77743eadfb43567a179cf401e75f934decb
test,270,stead_event_01961,745aebb5ca421da1d7d9487ff6462b5318df9b7189f4e264b722dcd35990edef
test,271,stead_event_01963,90f58559e0acfb3e668de24f6daa5c3faacc2af720c1b28eaf45429db4fbe7f5
test,272,stead_event_01966,0e0ebf8449d14c5ede7d0a5de8c5fd6c33d9662746e3ccb2c19fc77dcc21db44
test,273,stead_event_01969,bf8b22f952384ca8d66ba9df05fb1696fe92ba823f7e2dc45e79f03546f0cb01
test,274,stead_event_01979,06b74369dc4120e42e2fe41bc75e11b853e774ed8367697b6c5ef6fd988d63a4
test,275,stead_event_01981,9052d33d790cc7b7a368c453d0c3e3daea440abb08fb3cacbaace6b72f02dc2e
test,276,stead_event_01986,30e54f9b0943408debffd36757f0e2533b2b6a3706b77054d32293fe04f312e6
test,277,stead_event_01995,3b56e21bf2c4a983c60ff52e9fcc045f8ce6b5f9d0d16a38baa743d6f58d34b4
test,278,stead_event_01997,80a5340a1f34d3dd3a520935823ea3332d3602dd61335009f413528111550373
test,279,stead_event_02004,cb7b141a3915427e68c8da6bfefc5660cbc32f5a62ba6d9d3667aac3423b6706
test,280,stead_event_02012,1e215be62582a405829853b3dcf5d913c5ee7a12fc9edc494512af172fc5bf12
test,281,stead_event_02013,cda960a6b6dcb75074679b5c6de6639429150d9bc8926dae3890e403a34fbc5f
test,282,stead_event_02014,5a87edda3aa3ca5e1a457d9cd0a7684ff212bd0573d7ae821c475a3e1594cb30
test,283,stead_event_02018,2d15703809409eec76299014ca074352075d732c5fa4bf169622bc7f1127a167
test,284,stead_event_02020,5bfcf392884c5297579b11a3f5b67ec6f152df4d321fd4dfc9f05f235aef1b38
test,285,stead_event_02021,37874f1b4999c809a74be1d4e269e66be5770a386e984e12c08424d24eed2abf
test,286,stead_event_02025,d9baba508a3e1e5b6e97d439c73aab9dd23a96eeac814adc8d256824c470c082
test,287,stead_event_02026,1f34de00b5c6ded7419bce058dbaaead19c134d7beb269bfb2a7a7c0948e2a4e
test,288,stead_event_02038,9d8d4589ed290973f329f903165918f2a846ef2d03e26b5504409e2c85e07811
test,289,stead_event_02043,98493a1d26ec6a35d3e82ca9032814d977cb7f304f07802705f38ef78fd4c37d
test,290,stead_event_02046,caa74cb3634d3c72706178f1268bbfff97ad509204341eca2c7d3aceb1787825
test,291,stead_event_02054,0ded7cbd80de994a9245f6a9dca69dc07d5a072a8fc8040f2e77803387da43d5
test,292,stead_event_02056,4cd939722cd34d483074706f584ee452011d819db00a080a28ca8482c3608839
test,293,stead_event_02059,0929413e316407f457ba7f46d1dfa3cc87f38a0e667b2979fd8e48edbc2a165e
test,294,stead_event_02062,bcbfec79a5540496ee4b626abc5c426c22bfa5fdb7069272b2f66cbb2681ea24
test,295,stead_event_02068,c35ec2e7a03c9dc11dc844f601c2b44655ebce2acec62f889c99f74baf11cbe4
test,296,stead_event_02074,039c90f6f16eeadb31651b24cc59253ada85e25b618a0cf81639ca923d0ad210
test,297,stead_event_02077,62c14f2cf0107cb08d5b07a2abdc1aed9d7db9921592651fa614d404e28e62f7
test,298,stead_event_02101,381c925620d89902a4d6d956bb9475a8de35a692b2486975c83e115d3f824b3c
test,299,stead_event_02103,48455baff41fa5f3b73ff634d2c7d52a6bada2f01b7ac4bce3c64c58ef855d96
test,300,stead_event_02105,13ad64bc8b942cfac6f725673338a87160363c512a19b654be2e0708ecc75368
test,301,stead_event_02106,37643d7a065d2d1b4b94e992446b6d8da1a6a51f881c4022896ac86fc8adbf3e
test,302,stead_event_02116,03d583a5bbed63f9bbdb2d38e465fec91e82abd7b7f8e43ef7f18e37c67268c1
test,303,stead_event_02119,cc18d5509b4772ef9cbe47519987bbf5da51a7089eaa12045367d2492d274e5e
test,304,stead_event_02126,ca1debbfa7d1b8d8f73604958482ddc60890d14b6fd619bca3ba050ec40702db
test,305,stead_event_02138,9467394f3733356dad27993647a2e60f2bb18d5b64a609d99e5e185037330af4
test,306,stead_event_02147,d738b496d8cdb0fea8bf6de1f84821a1e4ac687648aed3426fe2113876e18bdd
test,307,stead_event_02149,41fcb42c1066d34b4ebd0011377bcd7afd824951460b16e2d99fe37f1b102b74
test,308,stead_event_02160,ca968a80e76058ade59caf8dc00e640d49d0e0ecd17ac78f8e4f454f2c4a2cb7
test,309,stead_event_02161,24c919a526114b48483c9a743cd5e8183ee2d694023db6d5d4bedb9f5ae0eff7
test,310,stead_event_02162,7b51bc30f340be8610467da13dd1ff28c9bb4538608d22d74ce0c8f56c1f83c2
test,311,stead_event_02164,091f5f5894bb172cb1ed29b6debabf05e294deedada2ceb67f8e707b5e13ac90
test,312,stead_event_02169,3d27c824f8ca07afb74c801174b901ea47bb07cb39c23f27ef391c1f7347213e
test,313,stead_event_02170,09ce28c450cbe0cd392bd9aa9b050b45a9452efd34c78d63ef443d5f6fc0246e
test,314,stead_event_02171,b388e1466c5b230235c2c79b7c83da7911c14d7b5d4bc6fca1061c7419ad3f85
test,315,stead_event_02173,6de0d999e27f327177a4bf16f29b64bbed07da4dc16d9c0e071210e0614ea00e
test,316,stead_event_02177,059c4df0ac4f114abd252c5d8fb4f158dd901b3bc96da0408fa755d86815fabe
test,317,stead_event_02181,c08dfce17c7c257f9aa2f5d016d329d49fff33b1ba8eeabb8d7177e6aa0c7feb
test,318,stead_event_02184,04a5f597866edd21f4dea583997f45195e3a5ac48f7eecf5a3ab74bf9b0f530f
test,319,stead_event_02185,24e59c6e66cba3dcca399984a0ab8c11d35b9774b88792d34ca7e26995b9427d
test,320,stead_event_02187,5ae6a993a4319c766a13b59e075b8335a22b9825ac8b290c50cbcaaf434e07eb
test,321,stead_event_02197,186caf8fadcaaabe2b422bf1b7ab764bd5d4d70271f310f271b7c08329525583
test,322,stead_event_02198,d2ec1743036b3ec31f039dce81110437351473174be3c9ee1666f02f663fd9df
test,323,stead_event_02205,3af7c4d20e32c5e5288827f3c0dd059c9e1bca2d230a9412d2793bef807cf01b
test,324,stead_event_02207,ec4ad07a0cc05d636b806063d2e6497114fe475cceb467630e687f2041c6ee66
test,325,stead_event_02213,d74aa8d1230a10ef7a7605d29c45e76cd54aa73436d3372b8d67503226df88f8
test,326,stead_event_02214,8bfa5b26796967b1838a9bc711e30d7ad9683e5748d3bb9b86e16cb5f960380a
test,327,stead_event_02215,7d94b315d0855819cd3ef677e6dc58b0eda34f41d5943bcc2d6b123397031eb0
test,328,stead_event_02216,f92b1bd19ae43a9bba5d3e592688efc9d0e8a8221d8020e940a3634f817d8b39
test,329,stead_event_02220,8f21933931d944cb36717357a4ed27cbaf5107e3b33f12909e279d671b3ab4ef
test,330,stead_event_02228,6bec2a2028bc8eb1081848174ca7b96b2e2d161c53e6b30cedc08e811a76c177
