role,index,event_id,sha256_f32F
oof,1,stead_event_00000,46042cc852058c1821ddbca2ef33791eaebd33d19fc5506590454629fbf10a15
oof,2,stead_event_00001,f187ef67de3c969acc96b31d65e9d3d4108a2c3f2724ffba0b38b0a7e353f686
oof,3,stead_event_00002,33ca3c8f3a48eb90c6f7d68ae234938f7e98c56735a8eaa21360c49ca624a7a8
oof,4,stead_event_00003,a5366e053bcef892ccde8ba6dd05df6d8ba8110a8b8e0a9ef74f0d989326f4b8
oof,5,stead_event_00004,74b05f3879c593198bbad9810765367910c85ae5bb898ee94a12f1e2cf3e7bd7
oof,6,stead_event_00005,b44cc891dcf4942b8b2f6973b920e764beddf44e38ed38e4242754ec509dbbb7
oof,7,stead_event_00006,69f5ee6cf101e9a7c5f4a2a66d4385ece9943fbb62e83607a4b0d2fcbf6bfb80
oof,8,stead_event_00010,86db22b2094ae66faabc86cf02dcdbbcdf18ac9b09dc08260962ce76df1a60dc
oof,9,stead_event_00011,a6550cbaa9dae18a092c03b9bad5030f305fff8ef3f06c0ff489d6115f5ab9b6
oof,10,stead_event_00013,d2522fd76b96407343e8fe69471af03547e4ef14c47ad92ac57fd5b442fb7a4a
oof,11,stead_event_00014,5891e21f75b9eea81a59a70e92080ccefd29fcf1769e5b229515e9d3eff86ce5
oof,12,stead_event_00015,32b34df656e49fe9ff47d0af2878d9afabddb41aaea1c28faa473e88450f6d24
oof,13,stead_event_00020,031da23397d06c44a73921484f2e16a025ba940796746ce08d8224040e24d374
oof,14,stead_event_00021,9987635d6831005b4daba262c34cc1f4aaaf9ac7f56f0d6457a611ec77fae08b
oof,15,stead_event_00022,409f4aa7e174c6bcf2299f2fdaaf04b2287fbe87605a708618d4a3ee48c99299
oof,16,stead_event_00023,ddaa128865d0fa1d6e03b40b4ee53be354ed4d7f2430b92a15922548958a3cae
oof,17,stead_event_00024,8d23bfa3ee176139b5e69add0d9b666669166c5de6b14180cb687e906a98e347
oof,18,stead_event_00025,010aa9a1d3ee1a8e3e6bd320632550ce2a663368d68e9324743118b4b013e77b
oof,19,stead_event_00026,c14749db8d4ed9cbff749f04fa5ae7a3eafce1cfa80fd0c6ef8545f61b1fb002
oof,20,stead_event_00027,5de64a05e3b9aef2729bad9abfbe4a4a9a744bf0f77adbeb54796b1d57741b55
oof,21,stead_event_00028,0ebfd8e0d984a1ba9533044f932956c7abfa90df482c0378c24587caac61f86d
oof,22,stead_event_00029,11dced2e5a01746d7169640adf9477626deb765a1aee36ba0279dc0ca846376e
oof,23,stead_event_00030,515dd7744281c7a8740baf5215e12167ddc8ca89244d2e7e549357c6d3e9ef64
oof,24,stead_event_00031,d49a67a930f4c7cc8627fc0ea05b0f82be1679e45b35ebd5583fb79acf2e1689
oof,25,stead_event_00032,258c7451aa6c9391c5640c9b4684c3faaa440eefefa62adaddeafee9f685cc6f
oof,26,stead_event_00033,d17b3506c2751fd17716a865cd23a0b688312190f3a5cdc6ab15a0a2ea068436
oof,27,stead_event_00034,9ca5028fc0d8f86881b8f128f20c61f1db6d83247a1bd5d7ebc8bbe8f526647e
oof,28,stead_event_00035,b748f27abc59ab8b609616f78e235ac738b98f933bca4d0839f0c776042062de
oof,29,stead_event_00038,6bdce3c3cd5b1fd915313f3d3bdfc55b9d3fd38df39e052206035769edc16bb3
oof,30,stead_event_00039,6ee70b952b9c6d5c05c0d2616ed1b1c2e827b187b2c265789f41647030e73445
oof,31,stead_event_00040,81baf45ca526c029ed9a72028ddaf0d42153f94f5088d3e7c610946356867c20
oof,32,stead_event_00041,b9231574933145e441f66b7a8ea43b8f0c3ab1ec69b3d94add87fbee22079710
oof,33,stead_event_00042,ac2d8e0a5f772627effce475203044939524f58243ea2397e5b53a362f1b306b
oof,34,stead_event_00043,823de93ef61ad7483d8de0ace4d98bb2fb50b3f2321efc55bb21dc0450038448
oof,35,stead_event_00044,813516c530f0bf6385f06fab852c0a4614aafd64ef6fa9d2560c5993e32b187b
oof,36,stead_event_00046,e59bcf103a66784fe72595bb1d0576b41eaedc52f64931535902341db0db0b06
oof,37,stead_event_00047,0c576ea3047b7b07e46329f00835a71bcd99a068e7392c35ee8b349c8adfe31c
oof,38,stead_event_00048,c1061c54a51dd95f55675c550e6f76420d5adf021c71b92f2d1c3a345ecfd890
oof,39,stead_event_00049,e645e42642ef691222aac0c232914226b35b9f23a09522079ed44f3daaab1448
oof,40,stead_event_00050,9c2e5c2e79370a4d9afe348bf4e3f7db2bebcd10ec604efd9baa7e55ef472df0
oof,41,stead_event_00052,4fedf77df8a89dfc7bcd0f9bdfce41deb86dc0ded6ec2402926279bc29da60bd
oof,42,stead_event_00053,0d400a93b327a8b0d666298938044f2b3fbee10602ff75cd7291ba4d6c67ecd8
oof,43,stead_event_00054,7e8173c752166d3a542ab0f295e3e457f5dc37cb0f5ca4479aedd8cbb60da18a
oof,44,stead_event_00055,811f3e50a98fcaed876c98f6c06aa6ee293594037922f4238861b0d40637f335
oof,45,stead_event_00057,ae1183cf9b392849eedc7ad9090c79957e119e6115112a68a4e96a7ef9a6a3d6
oof,46,stead_event_00058,37db035a7eea613f0f9000f7f48eefa7542e187c2cb27bdc917299040e001d57
oof,47,stead_event_00059,638415cfbc7d332ecbb0cfa4cf3ca558dd49fc0f51a86510351680690581df1c
oof,48,stead_event_00060,d3f10f105acfd6c110d565ebd50c18ae4cd0088628842a4173f511d89226352c
oof,49,stead_event_00062,f14987448e2dd6e38bf74edcf18176d768c2e9ed2d4368e67814eeda0639ea32
oof,50,stead_event_00063,583fe9e3afc19bba031b7e799b1e004e4f225f93967e9e2abfa6895e0fec55eb
oof,51,stead_event_00064,3416df3035a6657608d55177eea5912c58a3b8e3234531ca9cb81c3c4ea59b00
oof,52,stead_event_00065,73b4d4f0e7c1fa8143fbbe7acaf8ac385237d5567af00273561e7b7ea593707f
oof,53,stead_event_00066,62ed64355ea35aa3638b36e64f37bd50b8a7e810102ed42cd29b8a59f2c13d92
oof,54,stead_event_00067,7ce7fdaeb48de9dab54a594c544c5c11c067dfc6e6a45edc8c6a7f3d3cd03e2f
oof,55,stead_event_00069,f2d0e725ac5f51c5e5622f9cc6124305b85211342f767cf45dca2d9283d4f6ed
oof,56,stead_event_00070,98bd4749a4d0849d9e72742e5e6929f2920fa3b52d3bb9bd3809e7bf41294647
oof,57,stead_event_00071,8df60a7aa9182111b8c439a3c62a8987dab62f79b8be85fcaf73177a5243ee68
oof,58,stead_event_00072,991f555fbe028eac63d689e23b83b63dfc61e9672dad22bc3f45fa8e3ea1f140
oof,59,stead_event_00073,6b0ee00460f8ac49323fdaffc7172a58af00ef7c6dadae74f9828a997dbd0d6b
oof,60,stead_event_00075,c7001f01a42eb22a16d7759ed00357ba9533342e47d86cf721ea342a233a866c
oof,61,stead_event_00076,02806b0e1f80417fa1f52fe9873e079cfd1c9651b3df9fd331b93034c6e9443f
oof,62,stead_event_00077,773912903aede2ad777cf54e4b194a004d354f00f2cd00d8d6d8195fd8a517c4
oof,63,stead_event_00078,1cf5dae384a73a2f9bf44c3f865f931b77fc82b798294109cd26bfcbae6b3912
oof,64,stead_event_00079,e3aa970e6d8ad2c6793966579ede1d5552b1342e52a15798de30baf3a797dc3e
oof,65,stead_event_00082,61b7b434537e5211aa99bf419b1cbe367f0da4117485dda523310938293a2018
oof,66,stead_event_00083,787a8090949cb78338efc0825b215f459ebd6740d0d38a3425c5fc584b625494
oof,67,stead_event_00084,a0591c02ff7afaccd95f7b1f1025630581b6bd58903233509b845aa97da8d3c0
oof,68,stead_event_00086,46eca3cf016ecb6105777ed4d77b3ac51bc391706423794b3c776dac1c4fac99
oof,69,stead_event_00087,99173fb70e4e17335ea6d1a33caa6ff676e5acb7a55a19719db81ec32dffa422
oof,70,stead_event_00088,cf1b263606adfdbad61a1729baa1ac8cd6573b07f9c8bcc83d5d5c80dfb6479d
oof,71,stead_event_00089,11e7800f011534aa98dbf9aec5d62c98a75f4622c6304d9514075e163695d14c
oof,72,stead_event_00090,80fb60d97468fe4057445a7627b622644193a4bdef6809fb2408bf25b5bfc648
oof,73,stead_event_00091,d1605a24ae9a8ac27e93dad6405227271dee13795d80bb30070614a4a653259f
oof,74,stead_event_00092,87c16ecee598cba951985b9b1b656e009941a4cdc55545fdd1d1fb6173a2d2c6
oof,75,stead_event_00093,a0dfa5fb3a20ad8c271ff420cd79260b9272a3d7bcd9d9fc7a242b93fe8666c7
oof,76,stead_event_00094,c9d46b48b9d90ef92f97541ec835a38db1d7f2b2d75d129af88606804a53d0dc
oof,77,stead_event_00095,43c1d0d543900d1c42db9eac3c6c6ad05d1899234b1660506c0179c7e243af3e
oof,78,stead_event_00096,ee57386b5d0f162a2311b444eb8d6cf2ffaa8e79955ec1185ec2a2c5cd304127
oof,79,stead_event_00097,a08f58b184e3655837a3c62525c03116498635fc110f342aa9791a6dce7f64df
oof,80,stead_event_00098,bb529211b51541c85797743eefc2dd609b1432e1744e2e572920ba0e4c19b740
oof,81,stead_event_00099,e53e17db3e7328541424f711daee22184601e5aa8ea5994f242d64afeff7e571
oof,82,stead_event_00101,3ddb5a65bdd4bf10834e12aeb1e8cd9babcd108d6c9b4c8ea3d451c12df2f351
oof,83,stead_event_00102,cd7d7fba1a0a45d54d4597c2a17f28f76c703965caff5473aa0bf3024c34d9e8
oof,84,stead_event_00104,c2c609cfefadbc19a29bbc6c39ac540f8cd63b31421c207dec4a019f2e504236
oof,85,stead_event_00105,668ddf3fc7acbdc06c33ff93b91be16eb56d3b7c9b64821ef438d29c0eec256f
oof,86,stead_event_00106,94995bc0d87aa610b4fd4c013d2052769b2304f125fe487039026180f18f49cc
oof,87,stead_event_00107,f75d69a38db0d4a8fb1dba603c175b391b0153abe247a46c48b462ce26a96bf7
oof,88,stead_event_00109,42ea1a4ecfaf0130fff1cbbba87596206a4b99c01ae929b3d3f987ba1c110ff5
oof,89,stead_event_00110,e7627327a8e2e6d3989d9f8015737f9a3cb00e896661b7490101a68bf64d8df5
oof,90,stead_event_00111,d086e6a1faa7af65eb0279f8217ee3d0857627ed2d56f7bef9b9043113d95131
oof,91,stead_event_00112,85274a39c0cd8b21c5d556345837900d9ee8161ac06f791ca81024aabc93ebac
oof,92,stead_event_00114,a0560d208a310594476d4ef3d5d07ac2dbc13da8d6b449f71053d80d564fa968
oof,93,stead_event_00115,98b6f698eb95307807322fa808b0b4ba20df81ae81502fe64bbbf0744c800088
oof,94,stead_event_00116,652b68990649b111960d08ec802d5e4ff0c643bb22cbdcdebbd6a98aa3f95b9f
oof,95,stead_event_00117,8b931b798cb5e9008bb1118a117e379c6276fdd7b3480b37c70b02b1411e8120
oof,96,stead_event_00118,348410767f81e6065a164cada86d1461163fe47c16dc386959ae5520a860d888
oof,97,stead_event_00119,fb41ac0f3aa410bef87890328dbbbc251a6a89afe77793dce98ba7cac8171054
oof,98,stead_event_00121,30b0c6d8edc9f5f9b0759f202495c1ff81eb947b6e5ec1c06b87a99813cc0e44
oof,99,stead_event_00122,134c7c0e600870bb5a2fc9f0b7f7f3e00599cfd76540eb20d1fc0396e12e576b
oof,100,stead_event_00123,058bc71d417b1dae81fc56821e6b5e19d7c3165b3735f5d155f198c52b090f0e
oof,101,stead_event_00124,6986fa1580a0b0f960ae5ed6c5c00a34a36ec4921c296d0f294a86531ca28467
oof,102,stead_event_00126,49b73bcf020faec67b02c237e226819e92c5adada9daf1f22e92702ec47d2b94
oof,103,stead_event_00127,5cf244470c9c547a6de627e77a7a81f6f0c79f621c0e014ade762eace7befdcd
oof,104,stead_event_00129,a14a4aaaad1009371374d66bc6ef69a42133b1a9a943b866b13d1acc787c2a92
oof,105,stead_event_00130,9c50ae69ab9308fedfd9a6ab7230fe53e1984f225b5b29e788e2e7d186a92bbd
oof,106,stead_event_00131,a66d394e528cb2a982c39e886d05b0b33750b8d10dccd4a2483f10eb6c542d22
oof,107,stead_event_00133,39f8290cb796eb59955b39da308da5601566ef248878943af5074a64c325227b
oof,108,stead_event_00135,5dfd9a5d061cbdbdfdd72bbad29acba18361d840d32a944da63c9ea89a27c0d0
oof,109,stead_event_00136,b41a7adc52964aac2a0a97b0b9f0a79f45c8406a1b7112586e9c5a2dcedb3860
oof,110,stead_event_00137,6c380a9ef6e60908a60f8ff795c40db69333f63b66decc97465c8441dbd016c4
oof,111,stead_event_00138,8520f8c390abce3f2140ccd71be3e40644643c16ec76a21cb0c3d3f750203f98
oof,112,stead_event_00139,0cf191b9d12fe5dff801a8343dd6c24a70bc5ef49e436dd10c4ed4295549fdef
oof,113,stead_event_00142,142822a982186d42c2a1cb62dfb1509675cfa7251686916153150a35145b86ea
oof,114,stead_event_00143,19eb4b13b6105f81bbb01cd668f55cd233525fdf077f728253762fe04b289dbc
oof,115,stead_event_00144,1bef1aacdf47de3ce63005dab9686390e970d7999644888b85e27d4be04a0721
oof,116,stead_event_00145,5f9f723b37385b7d8e99a7f2104932964f176cfadf4214e0fcbc56945803b289
oof,117,stead_event_00146,e8d397386b7d9434cb2f912277be3d97855d92d74612bba8ba31517902b4dd52
oof,118,stead_event_00147,dafde540c3fd05f02458200fccbd7c625cc436451adae0648f88661c0ebc3669
oof,119,stead_event_00148,89915c95617483fa7847465647b1ceada97f40f6ef95dd5e6a4a6f3528caef9a
oof,120,stead_event_00149,f233156392f673f765ebe533040316b256f397ec787ba059d7937a2c2f65a6ed
oof,121,stead_event_00150,779b7b33e7aeb76bd090f21a5adb9806c5df3151f22935cb5f8cd824655de63b
oof,122,stead_event_00151,89eaf0a5e39c26c944654e06d7e6cc4f41dc3a58d3b94a1f02d66772fd7aaa4f
oof,123,stead_event_00152,3d0d0ff6802b8a6d00017586cd398980a2370a9f0f157f25c45862b49a21a43d
oof,124,stead_event_00153,83995a32fb52303d296b945e2aaf5f2e4697e855405a823e10e4a1b806811534
oof,125,stead_event_00154,2aa6f0a6c5225ff7edfcf40d6c5be3c49746fe42215ad0a95d74e1aa574492bd
oof,126,stead_event_00155,aa5e456abcd038ca91420fbc6be351e1689821c8339a13e3ba1e0a493dfb1353
oof,127,stead_event_00156,d596e4307b757dd4a43c9fd12ded293932ec179471c08dea2489cd08e6ced8c9
oof,128,stead_event_00157,f2ec829fe9e1e04e7bc216543d7f82b24d4071116160d7a61238034c003734ee
oof,129,stead_event_00158,cb5b2c87466784d8cee48ccc26dc0b5c72ce3d78d9245960711268a08ebf76d9
oof,130,stead_event_00159,77b95bcc346ed64709807c5b5f2cc41915da4ce01db383d89729a467031d5d65
oof,131,stead_event_00160,502b167860c6492ce5a3d47bf779d9cb653aff2bbcce30b61ed6193d4662f1f3
oof,132,stead_event_00164,e9eb3a125bba129c76f6552262724c5b63b5bd69411cf1a03acddc6621bb3aa0
oof,133,stead_event_00165,1bde31dac61a62d0884c70c371b101fd5f557b46d558c340a70a25611de7d2ad
oof,134,stead_event_00166,be53565ecf066c938a0b97fb7a77283ba362b3f7d164ecb54c95360bc9eaa817
oof,135,stead_event_00168,55c968953c2f560cfabaa7a8e486f37314b5410b30ed8d6b637c2840f74f1227
oof,136,stead_event_00169,9ff7def46f641aaeccfc870d133533b4a8303693fc69e5e8a39a4fdacbe4f8e6
oof,137,stead_event_00170,ace610c5dab76003740b2a9a2de7540f0c60bb656d0e0c700049bda7fd4bffb2
oof,138,stead_event_00171,3fecf16bafd30b883766ded14e348387e2aafe6cb80b1e98762e95ef0dbc398d
oof,139,stead_event_00172,ff34878d0592e4b2ef5a1c16089c90e2d87c382d6a01c94ac26c6671e3bc0ca5
oof,140,stead_event_00173,e55361e451e8d0ddb736c899175a74bb43a363666fa271e2da61d2307d63c26e
oof,141,stead_event_00174,534eb4953fe5ab22b65153cf0a18aca804b1c44e27838f584acdfecdff07a4be
oof,142,stead_event_00175,38c643284d78e57caf0641faff38121133f17f5fca39b73dd7cbacd9dd5531ad
oof,143,stead_event_00176,3f8dd3ef020701304f7df22041676636bfdf08ba238dc29052495df5fd433dcb
oof,144,stead_event_00179,639e33719d75c5c004d6a69440d0b1b5d2d0a7fe9a98e75b40a629cc3935d351
oof,145,stead_event_00180,38d63bb02bb5d2e22b9bb2c9fe95208111891e44dc1daf8b2b5da3a8bebb66f1
oof,146,stead_event_00181,8d2fb8cae73d377e517a6bb65131e7e449c5fe77310a39f89cde80d6d7610184
oof,147,stead_event_00182,9bd43d9a3314e0da17eec6d90e51d5c066bd18edd317f0a088937026c9dc6528
oof,148,stead_event_00185,c5f7d0ca54e3e2e79ce59c9fbb390d7ace90e852213a08691be30b6b5392363f
oof,149,stead_event_00186,3155311f117ec88bfc94030e12c36b0ae9333d815d466b4204c14f6f3ed48a32
oof,150,stead_event_00187,a7259fdfb22239aa19c7629a2e9a78fc38af29daffa01b4700eec944b5b78745
oof,151,stead_event_00189,a3414e107903222bfb68e9ddb6c090afccbffc6377b5babd80f980d6682bac95
oof,152,stead_event_00191,283590fac6555f5c81423ba2e926acedbcb9568e256d6adeb8489caf07f4cb02
oof,153,stead_event_00192,8d71a348cc77ac4c309cec5c646d156e58d132556d63a55fe73bf6c7f2f904b9
oof,154,stead_event_00195,c030bef49fa7b2b3c38cfd98b2c053e574e142fb661d4b9643f584732f831c9c
oof,155,stead_event_00196,8415a0c642cbc31ab630fd405fccdf3a151c460b32bf87bbac02d060f9d38934
oof,156,stead_event_00198,90389690e52620f4fba0116151cd80794802701af7ee968f92c2ad6417e89564
oof,157,stead_event_00200,ce065f38e411df9f257167e7c68709b788a3f78b33d23d87c89219f63ba22ff1
oof,158,stead_event_00202,a2d64a11084624561f02e57340e4e1a0a616385fe6eae8c88444b9e68207fcec
oof,159,stead_event_00203,52be29affeb3e75f5dd270317a4d96fa6cf9a60fb4f62d1cda862f92b4292901
oof,160,stead_event_00205,6750b89c320f6aa091ef8953f956a563c6b1170d917085dd7bcdc0a8edcab1f8
oof,161,stead_event_00206,34d3e67f5484f60f68491a1ef58460de90d4275e7ff3bc26010c4c9bfa985c0b
oof,162,stead_event_00207,988ded6e9f870c21f4e6f77e3d91dc56adf7e65d7fc8d7727621c899f3e6aba4
oof,163,stead_event_00209,69b2d94e58be713c3d514aae852cc999d0222eadb4611076e142002e9bc9cd55
oof,164,stead_event_00210,c735e9b52f1a5361e32ea6c0b5bbe1381ee88d7664911d5e9b61e6942e669380
oof,165,stead_event_00211,37450a8d17ae941531a63c17fcbd3a1a9d4e1cce8ec56ed8c55b549db9ba5e7a
oof,166,stead_event_00212,03078c46dd34cd9bea1f8f9e468d8c40e320afcb2f2ac2840c468c540183116a
oof,167,stead_event_00214,73c1cf2ccaf51236d619a5829a091a4b76b9293a7698e34a201f31d932274922
oof,168,stead_event_00215,1a69eace4cd0c5cb4d6221debd8a37dd1aa7ea6f4a8e5bd390764178707c22d5
oof,169,stead_event_00216,c049842ee1dc2549de696147fae4b1dae04b465d5baf1417b695b06e96ee4c37
oof,170,stead_event_00217,9880096c5987b13c29dabb5d03466563a22336a800c4b264a7f8dd96e28b7a9a
oof,171,stead_event_00220,3c92429ec2691db7a640c31e74319fc361e5e5339cb64d13a305367e170e88dd
oof,172,stead_event_00221,e5e2d814075b6b62c305798fc5f0e66baa9d0b57887b8e1958cb5ce9b26e481a
oof,173,stead_event_00222,1fd1c6737f0263132fac0b7c14d6b6ba215410d7f922fb5e6f89af50bfde4e7f
oof,174,stead_event_00223,fe337942ae625af5ad9de7e6333eb6c767850b964d2738b4d3088398930c54ee
oof,175,stead_event_00224,73ba7c00483ad6dc411c635b4a5aba52589460f00b4b4fabe9c386524011b17e
oof,176,stead_event_00229,f830a146331131797c9d1e78a3a364bae409ed48e6cf79c6517ad04001674728
oof,177,stead_event_00230,718068a2bd65d27242758a8ec2478ef35cd6cc6a04aee936bced2dfa195bd0e1
oof,178,stead_event_00231,57fe6afa367afd9b7f7f5e7b92141ac0da90100d7d409a0b9fedf85ab89c3bb5
oof,179,stead_event_00232,10c205007eae29b0db7e506014931288c67d797512c14915bba284b32e831756
oof,180,stead_event_00233,a1d971f12060414cddcc022369602ca9e6314773ef628c1c3e0bbceda0536491
oof,181,stead_event_00234,f8bd978af2f8b7d7ec53e2d5927d03c499f9a71b946d17b764a4a4e93fb558a9
oof,182,stead_event_00236,74eec504253d191e8ca40d32596697a7a4c925891a156758309810a4f5f4c58e
oof,183,stead_event_00237,32ce85a0e660e967f4e3e709de12308c1d4f7bba2b729ec3a656de176c6608bc
oof,184,stead_event_00240,fcd93abd1ff2babb6e65b341686370f43d60ed290bc5a87f19de0ed76ef2ba1c
oof,185,stead_event_00245,8c16b2876843aa6a6132659d1d2f13e05832c640d49b5347e11f0fb12595e3f5
oof,186,stead_event_00246,11c1051baa3f82d3cc6ea2f81e4014db57153074ce9770765ce50751409d919a
oof,187,stead_event_00248,1eeb3131e6414523f59451bfa57f31e1a7e8d5679fe50c0cb4be5063e5d79253
oof,188,stead_event_00250,ca6d479620f7c3985bbdb18bcb9c5c66c939dace571071d1617b31c6e4a74c3d
oof,189,stead_event_00251,da62dc772b885d6f38d755c0000263625949cf91c2f69324d178dab63667145a
oof,190,stead_event_00252,ece5f38f2dd99e51ca3aab3fbe7263c6f85e9d3246b357ed87d103602b46f907
oof,191,stead_event_00254,b64a77922184da465d93e25d4d3def1939bb5749618c027b28ecd5568dd35d20
oof,192,stead_event_00257,4d2213423f0333fcf1780bd99260647be51a5ae05a303dda3cd2a472b0cb4168
oof,193,stead_event_00258,1df9ecc0549b7edb737f5f33568cee96603c23b0a40602497e8cc8690164839c
oof,194,stead_event_00259,043da440ff82979a4615f3b52e053175c0d783e3afbedfd699ac6d1f58b65a81
oof,195,stead_event_00261,fbcc5946e1dd2ddc7f267236c6fbab2f3153c8886fed53f9b0cbb1ee003a0254
oof,196,stead_event_00262,8838da78cdaed2dfc70e8b5716fd858b9d92e5021d34ecd1732ab371bba08cb2
oof,197,stead_event_00264,f7fa85fe444e210439d9f11da4713f1b6b45e4bfbafa15c76a837122137e4e73
oof,198,stead_event_00266,9867510581d5b3ee5679c6564b0ec50427128db8d639e0f39d78e39d8709eb08
oof,199,stead_event_00267,fd136baacb8277280da7515de8fe74fda552a4ddf5c2d2aaad0f4832aa753657
oof,200,stead_event_00268,aaa12dc0a82ba06fe322c0c0c4c90c5a34539bd0f12a90f95999ef663d98c2b7
oof,201,stead_event_00269,ebe97bf438c5695edbed77d3911108b303274dc38ad45a9478a8661b7507d990
oof,202,stead_event_00271,ec96d093c5b9746e97866d2aa14df8dac54446ec3b6361d195bb3689b185d0af
oof,203,stead_event_00272,0e82dea69c01474b2447cb6e9505708668f9f0d6cbdf869354cbf34e6698e358
oof,204,stead_event_00273,4d224aa2fbb777fd32d9e22e2d0fb7e4824301568800495127be976f5808737b
oof,205,stead_event_00274,c791af31dd3dc32a315c7387329ab1a23bad9f914cc4297dd9e8e55120ece155
oof,206,stead_event_00275,fa2a3b4db719d04f90a4063190b9900d8d5167b7e796a67eeb042d5c48ac64f8
oof,207,stead_event_00276,b3c0d1a7f69023c943c3a5ad3145c918f3ec1a618b8e300dddf332839ac9797f
oof,208,stead_event_00277,3269eee6203600e46dd02eaeafde15dcd58be1e84e8b236f005af025f89ed873
oof,209,stead_event_00279,82030a038bf0c03d7db25c55d7fd6c1768129a0e28de15800c1a32766c7f138a
oof,210,stead_event_00280,2d1cc4bc58de6eb70dbc61a6fa74f8ff456d24372dd130aeab42512ee740292d
oof,211,stead_event_00281,01dc1a265f734608716282b27e71adc1f70f00f304b4940cf2b6834488c004b3
oof,212,stead_event_00282,6054fabd812794458fc63b607c7a04d89d7a988eb1b6804030d7ecb63285fa1d
oof,213,stead_event_00283,9e99a20879a1b1c94b1b627698f62e22920c6fab153bcc5211299c1e61d0a01a
oof,214,stead_event_00284,8733a07fa6a61ba0682b15c5e44f1d53c21bdc82d0ac29a1109032ec90ede65e
oof,215,stead_event_00286,3668458daf8f6c2215fa30765a14ce08835a612f37f013608a45f48518cbdf40
oof,216,stead_event_00287,233ee4124d7bad5d2eb0c8317633c0c637a47db6af698969fe5eab99583344a1
oof,217,stead_event_00288,6486ff1eb548aee92fa333e89368ec5acaaa429f1e30d4918ea618346648ab7c
oof,218,stead_event_00291,5a31747eebc76e689fe64bf3abc6f73f47424aabbeda36460b21d40b6e8a9d8c
oof,219,stead_event_00293,53e09a930c112ee9d08cc2045239d9e3e74f099e840989339e6a58f673f8b673
oof,220,stead_event_00295,36339bb8711055bfc48112e3d1629a017c5fd728a1cd54f9eadf71bb66031236
oof,221,stead_event_00296,4c01a4af4ba6bef1207a40c7672980a05802f8add1ff010109266df7ff88e252
oof,222,stead_event_00298,22ae213447dd28f78b8c127431cb9b717142e263427bdbd52c67d829d71fc497
oof,223,stead_event_00299,0efd2e67ee0c628748dca927435609807efbffb373244d841ff70e08e529fdec
oof,224,stead_event_00302,5bc40bc123f9f0a4442695eeb4994698ed886da8b345aa4dc88db9da23e87192
oof,225,stead_event_00303,690c251481181eeb0c108a7f000c89a45835bb4a321ae7ea149c2a1ff23aeb89
oof,226,stead_event_00304,739b0b4d5d1c9ab2fdbaec1bd8448c70800e43c160f2d23bb4c03451ad54278e
oof,227,stead_event_00305,cbe8de8f4f75e8269f593c7d820937d6daf7f8f350e39d755c48829a53e1bfaa
oof,228,stead_event_00306,d069f5a77ed629d44ba606a236531842e3cf140c38012ff2af4875fa9bf86b7c
oof,229,stead_event_00308,6bee3da451b00913b6eaa60938d63533278b654c7875d83fa679457c3eac6fed
oof,230,stead_event_00310,af85c1d57510a88a29d51ade9f3385674dac6498f01043000cc7405c89575fff
oof,231,stead_event_00311,b554fe421d349cb7ca9b58ac152dc6c2c68d7c59c648fb7e645514365ec96d1b
oof,232,stead_event_00312,694e4a5f3f5daac39a95ab33302cb3831ef7a557de2383fa13c22a6f6ea8e847
oof,233,stead_event_00313,580fd414202b1d58440c900d8e44d63c4bb07e662849bddf3469c200ef00e4d7
oof,234,stead_event_00314,c414f5725344f382ae6a6d6263c62271961452d78376e96b62a580c036cffc69
oof,235,stead_event_00316,b55873203cb6f4e0952fd1a8473653b691cac0aec7f702da28d730861d429e82
oof,236,stead_event_00317,d1e936d1a12166f70035b35431a8fb485bb8189bfed4199f01549ad9732dbb1d
oof,237,stead_event_00318,74409c8be3d26f8b3344034d282d8965afc6bdfed9872eacca33622cdc6d4d9c
oof,238,stead_event_00319,15e383dbf56752a35d87344268ccf54f9bb14cd7f1e05a3d4ec0d886bba7880c
oof,239,stead_event_00321,d041dc1cb9712047eaa7327302ee26e2f4b38dfe6860fcb64cd2142d3dd34c71
oof,240,stead_event_00322,a30342898cf959d421a94de33afd6436fb540d3f455d45a539b4f3d4f13360d9
oof,241,stead_event_00323,cea8bc229c1ca192cbc0e6e42f0f257c58d68be9a67b383e09198dde7e373ac0
oof,242,stead_event_00324,a645b736e61ba2b8e38c96b95fab56773e20fbb9412a1712115434fa653d3db7
oof,243,stead_event_00325,31a1433ff84507b26c297072762e4f85d262e6f025b376cf8601d44f278ebf65
oof,244,stead_event_00326,230381c05f98f607f17e2995985de33777fef698c041345a04570d8cf08dac2b
oof,245,stead_event_00328,070e513fbad269da2f1e2597688dd4989a4c05d3e47ea3b7ad24aff107b9bd1e
oof,246,stead_event_00329,180743dd1e950b9af589130e818092d462790bc5bdcc8806db43ee814e04888b
oof,247,stead_event_00330,1ed5551ab2af7468184c07a0483c8ea44dd3e3d60bd2051479fbfe1e9fab34b8
oof,248,stead_event_00331,40592121e3a9d46c9c8af5b3efc546be23660d7f6e390a7e594c92ada2d64f44
oof,249,stead_event_00332,93d5e402a06c0c1e0276e598d7535a99fafeb5d536a13f0c283fda8a5c14ad61
oof,250,stead_event_00333,505fa24c7b3de36a3aafbe9cab28cfe6f8c1eeb03b3b801dc9386ca0daaf4971
oof,251,stead_event_00334,c5fb4c8131523fdd840ac3dc83a8efbc40ae25becf6beee8b0b9d9e7ce477b68
oof,252,stead_event_00336,7ad646553fc2b149a6579d041620b194b4d259afb1b2c30bb7184412f3538dc2
oof,253,stead_event_00337,62a7b8ea0ffb289293cdf5ab6276b3a84e5de35f1a66aa6b422eeff5d11b57e4
oof,254,stead_event_00339,96e874c0f5803adb9726251971cc6731da73ff7c1a0b9dad82ac7ffd888b8670
oof,255,stead_event_00342,c862ea6955546803ce6bebf9ca4e28a319c4f319bd4b27ab5979b0998be82534
oof,256,stead_event_00343,6cc411ca5ed399f284a8ba2941991ef9fbb9a91baafc9fac0859bd2d6edaffec
oof,257,stead_event_00345,cb5ce6f558168b70e57c3d0d3b8f73d1613f9788e030be9ee812e30c0394089f
oof,258,stead_event_00346,566a59c3e3032ee5a22a0015d24c563faa4384dc500ccbc1899d42b2207775b9
oof,259,stead_event_00350,420836c8e95a5b47fd4f397615c89b0418f6d64e055f3eca7bc6f6c609eacdbf
oof,260,stead_event_00351,c97598645b05ed293bb9e3b271cbea38a0dd5152540ffbe5673d10ee5d18dd8a
oof,261,stead_event_00353,dcff8ca8dc5f64d7daf26e6ca468ddee9d954ea51ae9bfe04c2aa431bf427cfd
oof,262,stead_event_00354,235ac3cc9d2c52f75adb7482b4def473a61148a9bf0539acaf3404464eba041e
oof,263,stead_event_00356,55c1b7d0f612becf9a45c008d5595a7f78c95bf6e7e01e0440caf54987608f3c
oof,264,stead_event_00357,cec01bd02d29921615786530a7792ccb1b9569079da2f66332681f521a013344
oof,265,stead_event_00358,bc1f38a0f1519e093f9f5c952911c2d0d574645b4e72a611621d39829a922ad3
oof,266,stead_event_00359,032bda33381782cd1571d891b1a6b426c6ed466ad0ca9bc4b3cd341a51c9c9a9
oof,267,stead_event_00362,c29475b969fb2911ce494fe47daee80c96a46b7fc341b1946d68777f43741b0b
oof,268,stead_event_00365,0611d3ba629febdd1bc17c7f528f3f8de91aeb0bd89403f640a10caf2e9cd965
oof,269,stead_event_00366,b4d940ff7e70abac313afc06b0984ffb6d38150e64e5ae46ad605fbf9a8278ce
oof,270,stead_event_00368,12d46b48bbf72d57809f7d772c63b449eef68faf5ab88e59fb0a8900e5e82935
oof,271,stead_event_00369,5e78602d88bd2d331cc8b03a87cf5b550a9d86383df83945d7496a0ab51e34d6
oof,272,stead_event_00370,3f5d65d05f0aee9fa2fa999a196248b9c15da311ad743a88805c25cd4ce43d1a
oof,273,stead_event_00371,20865b6906cfcf662b0980edec15fd15bb5d6e1cb97d74720fd736092cc9f1a7
oof,274,stead_event_00373,439f82f253efeed7ee5cfce25be645f840ac4162dbda4ce3181c46a01bf8e172
oof,275,stead_event_00374,5bc3ce1d983095880b4172de1aba3f5fef244d37c3df2a363b5499bc00016081
oof,276,stead_event_00375,deb0beefe4dcb7539296875f7504dcf360aade52b72bf4f2f2c415b74f3ad8bf
oof,277,stead_event_00376,8a9ccc59edf65cc1d19d5717663dde1b977b6d792eb38bde558ae4b038a19a55
oof,278,stead_event_00379,4d858a3b564bbfaf255a8c0c8dd21a7219344d42874d2c489c4ccc1343387d51
oof,279,stead_event_00380,a2afc772acb528a03e5750a19b262e65648ed3c741ef5d248e5116f304742ef1
oof,280,stead_event_00381,548338bb87bc1e5cbdd691b18b078182a5be195e907aec27fd7ebd7317ce813d
oof,281,stead_event_00382,d9bae537281f8b3f3356849b276f82e2af29c9da56857a7315c91aee858fbb7c
oof,282,stead_event_00383,31fae57c94ddc6f993d163b4ba560f3ae48fea1f7eb215a1cfb3b7beb48383d1
oof,283,stead_event_00384,2af0d3906910ad39facead741c64e1b8035f4ba1c71b6452817bcecb0a7df50d
oof,284,stead_event_00385,5ee6c6bb773dfcbf3fee4d96889dfaf79d42542cc3286b9a97d2e7d255126245
oof,285,stead_event_00386,f6f24e508f00b0eade3e7ab65c64804209fd594aea18816b8037ad0a9496bd31
oof,286,stead_event_00389,d9816a3f8631ef87c486707a65da12073ccb5b3e1430ff24745414f084be1b79
oof,287,stead_event_00390,f3f9ab10e0905772e9d40ccd007a64ef8da63a16c8bd076694e8fab57f4c970e
oof,288,stead_event_00391,5c15f2d6b74d4a5e798044e0ff7037efae2f9d18c4f0482d731552cc2eb77b64
oof,289,stead_event_00392,4e103420db3c34bf294937269af024945a4f9375af58e4e03ab92dc1a2c83a25
oof,290,stead_event_00393,a5648b22240ea6da15c9e1042d30dadf2743aa9cb3f54af57d7fb4e951986e0d
oof,291,stead_event_00394,afb047ea8b062c460f1ec13bcb490fb8828ccf722bb434c3bac5a5fccf0c1c19
oof,292,stead_event_00395,9f793f915262428f5e32503b9bed49f252846429a95f202602bd2f0a31941908
oof,293,stead_event_00396,ad47018f9fcbed62c1c32ed21a1e5aa56b7b874fdefeb41a67ca8c2abf19417a
oof,294,stead_event_00401,e45d5308ac036746e33bd76568e52bba381b2e3bf0818c051c9a460ecf60aeda
oof,295,stead_event_00406,252f9b372e4e227472faf0b1b8c772f77f5b2b63a0119894e3149ca026ee9c2f
oof,296,stead_event_00407,02ccc4e5995dda0c52135570d4adaefc4dce5ece5db0c5e5519bde3257bace14
oof,297,stead_event_00409,84ba97d8f02bd7aaee2a6062aca705ac98ecae8e1ec1ad7b477e529e89ebbf88
oof,298,stead_event_00410,743962d3d50a0da4e4b516b0db8a3ec18df07b96d8a6492a64b97af462908acf
oof,299,stead_event_00411,da9bc8c87683a777806d9eee2ac3c52bd369eb96a8a0520bf2d36743363aec8a
oof,300,stead_event_00412,d9dac2824d024e7ec71bf99d0ac28c152bde4ec00aba46626c5613d8032962e1
oof,301,stead_event_00416,df81310b5cb358e2b340f7ec4e1c01777b09f3e1ae7eae75d3e057aa1edc8abe
oof,302,stead_event_00418,63c2c918e1d4fc5c2d77a44073f3f45b45343afd7ba9ab365dd1a62015d4e3e5
oof,303,stead_event_00419,56656a1e8c70a5374276fe2545e3f3b636cbae08bea08c92097fca12412dbd17
oof,304,stead_event_00420,ea69c3a75a312ca6fb94b7af87c682b01816c0c56c19265e6258d31e12a74d48
oof,305,stead_event_00421,0c766df49ddb1190b16f14be6984ee527b45f1f0e4c1d0e50c0ebb6f5cd0f782
oof,306,stead_event_00424,be20e1cd707dd7d929d83c47f2669cc1f308fac2bb13244a3980a080d43c948f
oof,307,stead_event_00425,cc6b378442bb0a10ef97c6353ddafeb08cd3f202d6847f821aaf70fb99ca5e9b
oof,308,stead_event_00426,2c6e67ca48c9b6873ff36627e8edc5a960994a1cc9c0f8c790e6e4cb95060625
oof,309,stead_event_00427,3a72b303f3034b1564601fd5d8fd3f866bd8daa2aa5fe9ec75e890b782d5302f
oof,310,stead_event_00428,e9f440bb40c35b8dcbe0bdde1fae863fda3f6bfbdbb05ea7562cc8135a88119a
oof,311,stead_event_00429,ae196bd19974c873e1196b6e174dafec79fc10b488bc88791514869259f75619
oof,312,stead_event_00431,23eb5c31bbb7907d7e18d3de2c459e619c5b0122de40e7d7dfdcb6965b0df8b6
oof,313,stead_event_00432,16184a7eeb92da4a8a7a616a46da3877715674b3fa688ece02b9f9d3d4de167a
oof,314,stead_event_00433,c0cc2e9c741e66e806552f6cbff62291cbe5f024a648fa82b541e94a4e8554a6
oof,315,stead_event_00434,99275004ab27aa563c523ecf77fe8617855059e1b783ff8ae38f5321001d9a20
oof,316,stead_event_00435,ea2bfa8a76fcce3672096c911788ed6cf02c39a5faf1d74eec77143fca3ebb8b
oof,317,stead_event_00438,8f7cb12dd8055a4b08e012cad9d6f216ec0f0786adfb4076685955e9fddc3c25
oof,318,stead_event_00439,8afb7d7d96547f6fb6ed6daad3d97800b0166fe5db16128732bcf2b99a9a41de
oof,319,stead_event_00440,a0ce7aad55237e64b8b8852c03822b681d4d8cebf68adfa53b26405807c75eab
oof,320,stead_event_00443,87ae50e6ffdfdff3a5c54b5fa16cf3dadfbfb68769a89a80aa6a09fc51c43380
oof,321,stead_event_00444,8ede2936c13de67e61be8f56bbedcf572da7aad6d578c3f67eff319e45ba8652
oof,322,stead_event_00445,7567e82e0a2836f94fd59c6d1679f2ab07ce9b9af2eb248912e7a5e27c87f612
oof,323,stead_event_00446,ef31902f3fc0bda62494fdb81d5412a216449e1107a7dc16f90dba553392825b
oof,324,stead_event_00447,d7abbe9d6555667fb14afe55b300445b0e8d27de573fa0343a63d05d550addfa
oof,325,stead_event_00449,f2e37f3d7806883d54d5687231efdd556f7aa552bf98526d39bd76213f268222
oof,326,stead_event_00450,a342f7b1305265adede9e19a1641e4d4147ff3343d64c0032b710f9a78885e32
oof,327,stead_event_00451,f67df26ce983e1ac39740a3755ce66be4af9884d88cf6e02a5a925cce38c611b
oof,328,stead_event_00452,b829752ddd790b3676ed73438ec0ff25bcff146270c1ded32183564f5023e4ae
oof,329,stead_event_00453,734fff7eab33b8f93cfaf27ee407535510f8369ccc182f56576434ec34bb315a
oof,330,stead_event_00454,80e31b95e664750cf132b35cc0cbaabcd06359c6eeb75b0e1617ef0b608ce2b8
oof,331,stead_event_00455,c4848df4432c5ab24c9b32d1f19d7f537ed5f14c8702736a4eafde68fb78aa07
oof,332,stead_event_00456,82761377de43c1ffe73bbc7e14a37782be85ecd66eacd392e058be0bdec42d1e
oof,333,stead_event_00457,a506e96e315c37f4662cb4fc3bde56c6255d4b351d23ae6e553b659352b6baec
oof,334,stead_event_00458,8691678c4d4660e4e9dbbac95e59aebb03d6451e7390b1028397bdad5acfda9f
oof,335,stead_event_00459,b6e2b34d4d6b3adae8c18adf6f9190f60c742377fc9aa9157b68b3bf70f69ff5
oof,336,stead_event_00460,1a0873bd05028021e03dc05cec28324104a3dbe322442ce1a726e4aa0559d33d
oof,337,stead_event_00461,341daecf2de6188ab13f55acc0b2c5ba1bb0d19cc9ed90648b32d47635bf31fa
oof,338,stead_event_00462,df8a797644484fcee38ed92415ef5191fbc60ddff75e7e2815cdfba661819ce5
oof,339,stead_event_00463,be4490bb2e2c102a10c9a7f4310c472dc7df7d0b870c308518ea4346737970af
oof,340,stead_event_00464,bad233f539bafcf9a401a73804c49842b4e45bcfa2ec378afc2e7866dfd0b098
oof,341,stead_event_00467,6afa6e573f5aa872e098adf8a8ae549950c8dd304bff2fe2edc5be565150164d
oof,342,stead_event_00468,3670272ad79b4d4cd0eba07b5a8ec602eb0b85d51854900a862c433715135141
oof,343,stead_event_00469,8fe1f1f8429e3e0222e140955b0ab9d08146a43d82a7b5a6d4223ba39bc84798
oof,344,stead_event_00470,8cf544a625c31a88b77c6171c25bfbed6d5ba0f7e7526ae3036989fb9c258628
oof,345,stead_event_00471,97369559a5e2764f42988e4235199b2b64e227183aa81359fca8a67bcb33e3c9
oof,346,stead_event_00472,97edbbb8d11d5a6e1341e69b7f03b8bbfa43c11c4ede69cfd56740ae9c66d69e
oof,347,stead_event_00473,4ae0c745026eea1f3ab864fbf3c38476a39fa7be32cda1982b444576304ca137
oof,348,stead_event_00475,312f4655546b18de8d296c9e3ac04fb885eb71f36846cd44c10ef490d0a6ea4d
oof,349,stead_event_00476,a6732fecfff0ea2f234c3bb1c2016ef6c62cbd3c4ada89e711405b3b2e5a02a2
oof,350,stead_event_00477,f27438937a3be47e13053991bbcddc9f4b1c1a964d2f7fe5d84353e007d0fd90
oof,351,stead_event_00478,0d30c318d43b5a01c1efe18e6df78fc3014658a92f3fa22e9432700a7939b44a
oof,352,stead_event_00482,1cc98b5d2e6b308ef9ba06c6761c1c700f1455abe32437c9ad5927b178f19697
oof,353,stead_event_00483,099a45610cf73b7b2767747783dff031bcf802cca85d7fe444eabeecc249034b
oof,354,stead_event_00484,e591a9dab0003f6608925aa608cb5bba7d11e3b19a4529e48c87df1632bb48cd
oof,355,stead_event_00485,69ec7e2d2fe023a66f9402a41828bca4ae7e416ac8a4183b701c4da4b5226f5a
oof,356,stead_event_00490,fa7d382e8c141e779f13db5c0d41fd9274ea6440d94d0e2336afcbb4f1afd199
oof,357,stead_event_00491,d8482152433e85948ee4da7acb8e08ba0070fc7ab30e7bfc468d5ff8b5e4fe31
oof,358,stead_event_00492,564b39811e27d41944c8f549340176544fe55daa41fac039035b019b868853d5
oof,359,stead_event_00497,bce5954f7e3558c68b7b7b89e5b95c6952d88e8ad895afd9d8907796781dbd84
oof,360,stead_event_00498,c927352a2dc39f76640a227b3cf3843cd7117c5a3db8658e764a0aa581cc5f81
oof,361,stead_event_00499,fcc128f60695eafe69c5cfcf8b0d9ee2630294cb6fe9bddd673fb4aadf10ef80
oof,362,stead_event_00500,6e232fa991f27d37021b8942ba712bc3fd881ef07d66b1e0bb352f0c8e38a580
oof,363,stead_event_00501,3110e1d96c541c3c2da7cf536dfe5b51b9dd78504d31788c0c4b0e400c7d8559
oof,364,stead_event_00502,3f6415bfc360d827da34eb78ce5fca0b631369b40f2ec56433cac412b6c5f8ed
oof,365,stead_event_00507,c2ceddd2f2bbf5b35d9bf446cf5ced733c6b0b3a86a0cc5adaaf1606752001b4
oof,366,stead_event_00508,f48fbea00faa2781d770272786ab810f3cee8e9b55abe9c9e30090459d7c69c4
oof,367,stead_event_00509,bf05971c83a6200c36a4292a1e214db72d1779ea14b8ef9e58bcaf3b0a754ba0
oof,368,stead_event_00510,f2a29178d2323697b9201722da587cde164edeefea66b71e0215b0a9f3454176
oof,369,stead_event_00511,2362c39ce43336ad20381ef9fc8329fbf3960b91f8b47100e28f575ff74bda41
oof,370,stead_event_00513,24ed27aaa8b292485960f3103e59f7806fce78a2741da6d2bf7301335de73191
oof,371,stead_event_00516,30e0b843e7fc5858d4620cd4ce40bd81e8dad01ea3361f11bde7b26b038e1a45
oof,372,stead_event_00519,41f806343e802f4fc38074ef30b2bd36b9c7d4a96486ddb71be05b401f0b0e63
oof,373,stead_event_00520,89f3e549e26b47ba8644a5f8bce87b93267866b76e25895f73790085d7001bbf
oof,374,stead_event_00523,cee050c4f19340b0adb90779c2eb2a531e3da2443122f0f45ba73dd8d51919f4
oof,375,stead_event_00524,c718874feb82ac19f35ca0717e8aa646de958fc83d91414a20cdbfc406aeae19
oof,376,stead_event_00525,2578553ee9283748d781b0269f4c476a1eaa03fc642e612e3effc96c5f5d702c
oof,377,stead_event_00526,400fe513ce3ea2cc535cd6229447aabedc4f15f7cf7f0e1313dce24941df3198
oof,378,stead_event_00529,25126f1c72e37656a79e0e34512c024b92e29efeec7a873bcfca62caba84b547
oof,379,stead_event_00530,5a7a20efdd5514d92a4c840377ed44672ea14d8d26f208d2971794a8560fbece
oof,380,stead_event_00531,3eb9769a7906b709f8ddd61bc7d2b6e510c3c2e869f3f2bbf2ddb84b28081bf7
oof,381,stead_event_00532,4a7eef436240201517cab5f37d5a69ef00725b453f1fc92cbe7a2c872c59ae23
oof,382,stead_event_00533,ecda3aaf376e35b9989b808dd9fe271cd93c6d7707cd769f5ede09338036fd5f
oof,383,stead_event_00534,a3790cecc9559640fdc8778f7097787c33eb786ab5016d1b94402ed3b3ef63e8
oof,384,stead_event_00535,f879204db6fd0c932ec53d9fcb92fa914d67049c16d27a81c4517f2cc4eedeee
oof,385,stead_event_00538,d7ae3b2d1aa583bfd934acae2ab26975918a656ec48f8ffa5d18150e44821686
oof,386,stead_event_00539,127aada07aa72b9d40c67466a43e8938d52a023337d99a3ac054f44325c36a5c
oof,387,stead_event_00540,0a6c40769e93d28fc52a87eb7b24d6d9bb2ecae99fa7eeefcf9f0a8112eea013
oof,388,stead_event_00541,78c455aefe14596afd24c76ef11088f47e6adf79e8c5a20ddde7cf5e8f912053
oof,389,stead_event_00542,88487f164f2217f175093e4ecb93ab7668d3f66c370b845aae484e4b0d41f4f0
oof,390,stead_event_00544,fcce52fde6c7348f67a64f003524f9c04a1dd8dd769f31fbad9c070b3beaee0d
oof,391,stead_event_00546,27acdf4b2156aa82e4a81abcf6ecebb30f32d48bf1f3027bdc08bb53b5f02923
oof,392,stead_event_00549,cee264ea6f54bf263bfb8c66c0a35491639295e61134c1b8aab8043aab02b05e
oof,393,stead_event_00550,56e9c2eb870e2c661be7a0aa79f7c660a8e92be966313ddcaf1fbcfe6240347f
oof,394,stead_event_00552,25edee73cf2f1f8c96d4a19ecbbf52ffafb4a41637ae0b294fa7a2fa598aaa35
oof,395,stead_event_00553,5cc4f444fec213159b2820abd8b73f4028298212829d18594d5ccb46c277934c
oof,396,stead_event_00554,2b86f85e7048dfb2a49d31c1a2835cb4a6e64de81cb5370d478f97e20abc050b
oof,397,stead_event_00556,399786261488b60dba652bbaee65e7cd42e3226b5872e8f1f8bca3e5cb34309d
oof,398,stead_event_00557,50cd984ff4fe4c70b4718157a18b741decd92772a75c7207715c63f9e298d804
oof,399,stead_event_00558,fb39844b66c2038410ce756a8e82ab1b678eef1de7e909f6e50a493f9fffab21
oof,400,stead_event_00559,81eee0a4d1213c893162d950d29e156b5aa3effcc2d808d352a738601db3d1df
oof,401,stead_event_00560,b45abd3454765cd629c5542e28cdadab7034bba3f77abe336160ba1df2de9fe1
oof,402,stead_event_00561,b2d64c98d9d79b1cd3385186c983f9c5cee549a69393d33a586225aca20a7377
oof,403,stead_event_00562,b57a1ef62569d1a4cfd8f9b45a89b59b40e65e5c093985bc9ef242999d832010
oof,404,stead_event_00565,60c74e6549faa0acc92ff4b778b4350c4e49ca6b843a941785a7de5711d02d2a
oof,405,stead_event_00566,973b4b0a421e21fe926d52325d63d192d7ea800654b2fe9f5d246329977b6f53
oof,406,stead_event_00568,b36da8fba86860e63f677ae5039a16c91fede8e182ecbe1460f1cd56e6cb12d5
oof,407,stead_event_00570,620b9773802b9d42f6f5bec9ee38b61949016cab36adf086f10b68cde7b76910
oof,408,stead_event_00572,c35cdb1afcfbe5800b237ebd33fe7b6ed2a8c22920631c92e21e0445fe14fa43
oof,409,stead_event_00573,9207dbb12d1f782b2d58cbc81419264762df0f37c9e30ac8f903f2a87d1d1d29
oof,410,stead_event_00574,af20836b93403e1495e7dfd70bb39b83898573f47d4ecc7f917f6ad48de50eff
oof,411,stead_event_00576,f668586b88ecc0629df2a168cff93b805c9ba861c0f564d38d1c370370c719c2
oof,412,stead_event_00577,3b2fd3fc6b3d0866152eae1b5bb81e48477ceb35f897610b8052f1b5c6135e8a
oof,413,stead_event_00578,de5cba274fc4ac455daada174ca8481373f99a8567713eea06ae67a4a6a24d1c
oof,414,stead_event_00579,94ba462c0a6259d5e4c945d9ce0bae18ea47ae45653fe4a34ef2015f6c50e534
oof,415,stead_event_00582,c5f77680492eef40f61882023325779870c7d5a8d122f5fa306e51de3b817e80
oof,416,stead_event_00583,2dade4a9508bc334924b895947f1cc1116e485df80523ad247b9e5604101beea
oof,417,stead_event_00584,83471cf2766cd01fec31ec656be784d29a83d2e34b59dd25836575e47d1960d3
oof,418,stead_event_00586,0c868b9a75be0c02af24fb7934bf8bab3029c5cac09aa0b0d909b1ea6afc44ec
oof,419,stead_event_00587,b6f22c6606ca9dd6075d38eacbc7884dec8f810d37cbf419b334a1a14574b6cb
oof,420,stead_event_00588,8eeb5b5c13dab0d47839fcc2a8827c7cb7e82a8a63c99457e3d5558b36dcb315
oof,421,stead_event_00589,c2b739c1cf0b1cea971561862e4387d0e91e9ab41adf6411fb782dba2c621a8a
oof,422,stead_event_00590,550add62405be8c683437e8ad576f6aa2fb1cf720f30ab2e61b96b2e411760ff
oof,423,stead_event_00591,55749e65b82753465f5e536ef1fcdfb4d8584c18f3139bc20ff71b9c4ab0f807
oof,424,stead_event_00593,9da14ea04b775fc724a4ccdee1ca0d7294df196bd809694a329636af1bb6c637
oof,425,stead_event_00595,c10eaa66c6d266af02eb8222a48b345355ffc3296cc36f00305302ddefbe111f
oof,426,stead_event_00597,57ea643447f5c2b8b2b31a72ac51d5c6f83606ea94c5341843d8967e6c07b15c
oof,427,stead_event_00599,c971174bd6abb8e6bea53d6bcc346b0e827a6e479f14edd3ef256d7102d0755d
oof,428,stead_event_00601,ef00dc3fdbb6bb13f73a2bd7571b31f6518ffd1173af2d1514aed041c805b71a
oof,429,stead_event_00602,a8cabdde072cde186c1301a80ad2aad8d24900f2174b133ad97444bb153e74c3
oof,430,stead_event_00604,d055b4c6f5011315830bf0729c13d2aaa0470c4e1d332dfc01291e8989ac1681
oof,431,stead_event_00606,7737096e6b94f527c01738ba601680e7fddfe8e8dd9d8d2287442026d9e517cf
oof,432,stead_event_00608,aae0c45e08bcd0469014ea8169621528117a9f34d70f03b5c3783fa597ea171b
oof,433,stead_event_00612,677fc671cd21bcaaf998685f7604e66cd708e938f7ea8d0c361329adfbc18d54
oof,434,stead_event_00615,ef9f8fda6b99b3ec2b11cc901a5d1750ce1287ca7535ef5911f827e42a094df8
oof,435,stead_event_00616,fc05a0ab487925d815a98550d2f020e8db1666784491048210deaac1a1d91d3c
oof,436,stead_event_00617,39e951b26f3403e3df1f02f1723619975ccb575d36e9a52b8133fa15dc7a6c6f
oof,437,stead_event_00625,48b558ef0fb81176189d3404cb929ac118826bbc070b3b8e4b31a083619d5d54
oof,438,stead_event_00626,b0ff5243704506615e1288b62970b87a8f3d3c52d4f319df499e493516104307
oof,439,stead_event_00627,b33df8d30f0ba58b90ef5fd01a96bd77c14c71f2f01a26bfcd544741868af2f5
oof,440,stead_event_00628,dee986da5448959844cdad56701bbbbf2e020e0152dbd2cf5ad4391d55d3e863
oof,441,stead_event_00629,f1df5054d81b0d0b06026f0555b0ce3e833cdc06be9ae93edbb34f2e89008684
oof,442,stead_event_00631,fd36b7681fa029c02c9f6c7a2943ca5d743cc9a10eef4b91a733f3e8881ac88e
oof,443,stead_event_00632,61d07d2d6f98226a04d5d709c139aa3641c13f3306fd0c9c4149fd0111e96201
oof,444,stead_event_00635,1117d2ac55757864ccc72665c526d3b07b71fc0e9486b96f6abb46ef0827ddca
oof,445,stead_event_00636,e1782711cd82153f85f223683250fdd095d1d32b91fb599a577d517572c06872
oof,446,stead_event_00637,7deb6c6be77b1c9728391898b7dc1c6b84459d9050dfc87b236bdf461a86123a
oof,447,stead_event_00640,371bd0cab6eb2dcdfbc2939b88c40aac083a6f0ecd55faf0d79eb208a9690bbe
oof,448,stead_event_00641,05ff9c9ab9f33a78ce7f4248bcbfab06d1f1ad0e35a51feabac2252cc3a4c248
oof,449,stead_event_00642,786c758e2743d6fcb6da2281e58887f0bd371d2a10d5bd8ba2550313cb9e4868
oof,450,stead_event_00643,ddea14b13479b7ed853731dcab12112460d670fb446bf6a51d4c929fe939ff3d
oof,451,stead_event_00645,9e7c599a548b74894f26d53b8d2ac6476b7852307bf4df31c0c19d801fe6526e
oof,452,stead_event_00646,aa21985151052620870457d2ff46237aa614a99fe726a86331075d2a42b9dd9d
oof,453,stead_event_00647,7563bd2c29b99416fab88be271c1d2442453cd4bb55768a4c3555cbe85d0792a
oof,454,stead_event_00648,d6cd380be5b38387adf749bfb0e540467f60e51045ff7b6751da37991ccb9c73
oof,455,stead_event_00649,1b2e12f3f817d0e1a9045e342b9a5c77774dd174058c88a85d9798f66a800fcf
oof,456,stead_event_00657,0a65b69a8bda0983d72e689c81f4ed9a70f0c79ad1ff456605ea8fad50a3968e
oof,457,stead_event_00658,2d65ffc9d353f89743d0e0edda2b1f225248c3cfb4c04b60980458b06f0d516d
oof,458,stead_event_00659,55241ced20e0303f0e7e1d2dfcf19d5f2876e389cf06c47b7c77757862c284c7
oof,459,stead_event_00660,57a5a99f60ca5d4e8089b629d0c660ea9a1eaab3da5c39dd43e9319ff6960577
oof,460,stead_event_00664,5be63911e6e2331a5663e7a08ecfb590233b5028ffe8bc6c1b8b53796b2e054e
oof,461,stead_event_00665,60b3b2238ec2c3b45b6f9d31ef6bb96e4e47896741889e233da2702ad62742fd
oof,462,stead_event_00666,172a6781150307435856aa3ffaf4a8b1f50e83bbcb161061ac89d64fb48fb282
oof,463,stead_event_00667,91a0920c8e25c4fc55ff2ddc0d695a76a567b2daaaaab4d8fd178346e3745cd3
oof,464,stead_event_00668,4f298fc3183d1b35ac5a3aa345de6923db36626f48daa7362171fb53e301e799
oof,465,stead_event_00669,f37f341787969c82070f7ca5243a4e7043b3a1fafaf0ad288da85239166a3d44
oof,466,stead_event_00670,b840f1465c374099b42ef59bc9100090ac326619283b3a9e484e9c9c7a384790
oof,467,stead_event_00671,200578f3e18a3b5ac92ac89b6184c02efacb02b19e0fc7f164f41d3ba2a71400
oof,468,stead_event_00672,0e2c257767cb5dd469d42a61b1bc7fcb971ce51a579a3d2c4a7ac7fbd07e01af
oof,469,stead_event_00676,dccb4ac57fdee975009d68782003041faaca8d40cb1a76e0c1c3e243e0b22aff
oof,470,stead_event_00677,2b54e6bda6f41e9301eef7dc836811b87a752f6856c1b937a2dac52b9d5d4882
oof,471,stead_event_00682,99ea6ff5cd680d4713caa8e154a79a928534aff85ab5e96a48925d3d4b69647e
oof,472,stead_event_00683,f89de01c1e57cba2a4aff4141ff6c12078e5cd2b5b7eb4385ff3d2d9df1e0cb4
oof,473,stead_event_00684,d662312da332bbda3155e9608eb78166cb65b9bf5832613a79d05d56827a0ba3
oof,474,stead_event_00685,7ed607c273635668f4cfa1954150a14f395ca612dc34e61ad7d35d5cf2ada3e6
oof,475,stead_event_00686,e94e722ee14896a38e724ee0fe1d94e9d0aa560338d8a49316e65a0e0f30e5e5
oof,476,stead_event_00687,788420b357a73fe942646287613ed93d5fb5dfba2994bff2c4be4f0f775d2eaf
oof,477,stead_event_00689,51a708a4d6b1d087797832750ab414a4479413fe4d5c1935bc57d650fb232152
oof,478,stead_event_00690,d1dc58e9c7e77a3c4aaa0c1c04071234fc679c3982bb9255ad757b7f975508bf
oof,479,stead_event_00691,742d008f3fa12cf63938c8ff418ac799d0e29ea9ff995ec12e686c0271b87366
oof,480,stead_event_00692,582b19ea3c7f65ce35967a14af16d15d638884b4e5d16adb849b36e9eb6d20fc
oof,481,stead_event_00693,69bb89a3b50e5c73fd1511b2fc2da7d06a9f516901255e2aff89a9ef2882d27a
oof,482,stead_event_00694,355f7c5466c642da57a4504ece4e9d87b0a7075311dc5735d699933c8740fef3
oof,483,stead_event_00695,b71bf35e007e693016c2daed3fd244eda88c6945186c9acc6adf1d53f98b0d4c
oof,484,stead_event_00696,030433c6ce81c1430a526963eb7f384481bc8f51f239688bcba3bfb93881ee99
oof,485,stead_event_00697,a3e18129f86944aab25443dba7ebcddf1f7e85d2692b2fe94097379c8a63262b
oof,486,stead_event_00698,b621934a62b842dca7fc4851f30fb1096bf0b10f1d6906800793491f0ca33d14
oof,487,stead_event_00700,cef03005d0610521ee44c1191d303147db73a6415f580394cc59037e5de8a54c
oof,488,stead_event_00701,096e7367911700e3f4599275a9cbff83aaf7d835e1720a0188e35ba0eba36af2
oof,489,stead_event_00702,cf47b7a8bc916de9a88383d9b6a97cc40afc67f50c431409f759ca772a5e5a41
oof,490,stead_event_00703,4ae76799262bfdbd1cef9be2d590db2c92d037fa41982da7569390e7079af5b5
oof,491,stead_event_00704,e086d6c4a2ee78a5e0d684e950b9fff70959183a6ea95058b6b878ba0c234ce8
oof,492,stead_event_00705,fc82646e717d651e8121600fc8885b3020626130cdc1a20a506b79ed7b2d907c
oof,493,stead_event_00706,e06747f929d3df523a227ec585991d1ac2d15a5b4e5a64ce637c332a506d74ca
oof,494,stead_event_00707,fd7c4ed802b121ccdca13c787f33a5ee7eb541bd10bd1e9b1d3ed9a8e653ccaf
oof,495,stead_event_00708,7c38ffa32bcb8992cdcd7efb2ba673ff9b5ec1660e4cdf4918cd252a8974e9a3
oof,496,stead_event_00709,8fb80145b54cb28bf1776d104307e5e0ce6009b7fe7466bbef66859cf804e74a
oof,497,stead_event_00710,3d4643a0efe3f59c81c8f9f35cb785390f0166e273d6c96858fefeabb692a2fb
oof,498,stead_event_00711,84f030a873a8ccf042143dba24882dbd4e8c1748eff57765010d7abf19bbad5e
oof,499,stead_event_00712,431e97273637e75b5e5ddb041e6180975b91aef299ad707041ccf07af3bd1051
oof,500,stead_event_00713,48954578038ac1b05e36a52cf4e1da48cc594a0f3a87b1077aed8faf401fd519
oof,501,stead_event_00714,8bf34e0089a799e38df557ddf06cd7343735277b2f2f082cda42672aeea18a56
oof,502,stead_event_00715,92f0af47fe19caa225fb24a4570e49659107d78fcaaf9391784e1a5634df30bd
oof,503,stead_event_00716,552c4595c529fa33a1c7fa4466e39d7afb70f56ff7ad8cd39f23ce70b5ad1620
oof,504,stead_event_00717,4c29419bda34c123b1edf1dc05976b4fc98ea1d9fceaf997116ee0fe31feac91
oof,505,stead_event_00722,06ca2670a87abf465b573ef39d46d06a165019506c74a6fff1384fe7afacf2cd
oof,506,stead_event_00723,5217744bda2c554be194f3a403bd9b3afdeec3c56217f7ecb293edf1c857fff6
oof,507,stead_event_00724,b2fa0b1af7d848821d805c1e2bbdfee9defb028dce599019caa373548fd201a7
oof,508,stead_event_00725,a02f981676b01fdad55b05058fb47fea1724ab929897603d6f87cd099c876c31
oof,509,stead_event_00726,300b65bb9a69b502219edb5766a7cb327e395623cd12938f9104bcb81b15e1cf
oof,510,stead_event_00727,b58c414b128657c929b0c4f226c2b394e8dd60cbabf5b0f2d7fab2172cd0b566
oof,511,stead_event_00729,2a5697179f0968fcb3b6188001a03cb4c2d2919b93740a1fdfdfea490d818006
oof,512,stead_event_00730,c97c85ceac7bf2a5d26c5e6c0e497a82998cb54552f18fb15641dd2cfe621efb
oof,513,stead_event_00731,4b604df3dbee71acd86469da3f5dc6dbafd034251efd3c92269b5055308fd9b9
oof,514,stead_event_00732,21e33153ca932988334f2e220864a44e339e95d4056733e91b843d60b987a8bc
oof,515,stead_event_00733,20bd44b7b94796b5cb7f832ebe3f96374f370a377e0c0c18733f4533551bee28
oof,516,stead_event_00734,1b79b09bb580f0d96d45813cbdb0854f9b60765ebce8def2d26719ad16aec507
oof,517,stead_event_00736,2b17b3e69d4172d24238765fb9513937d61413edd0cc3e58bb7decf30539f7b5
oof,518,stead_event_00738,fe781eb07a8f292be1306e69f9a0ca42c05f64813269a2df19e63dcdfe7fe931
oof,519,stead_event_00739,6327742508aca87ae39177fe01921fa5509d0a402003d5099c5ecb1dbfbe9492
oof,520,stead_event_00742,7fe046d9c50610368d04e67588df8260abba3f1f539a5e006afbd95fca84abc5
oof,521,stead_event_00743,b2bc993fe57d704f75f908019adf2aee750165c0b4f5a206a8649c0a6b92bad7
oof,522,stead_event_00744,bbc3116f8fc8b766b7fec2c07c5e2d975c3b52dc51786c1a9334d8feada6e0fb
oof,523,stead_event_00745,4f28db85e061708583ddfd663d5e369903b2460b160d105b014ee02b3963211d
oof,524,stead_event_00746,fffa5af99bb0fbc48c382d55502c7a97d9fdacfc126e981e325a49fde80f93f6
oof,525,stead_event_00747,4e73df76100690ca9fbf8d14d18e81857d77b5f644f12e8745dd089ce0d792c6
oof,526,stead_event_00748,4e41fee83604b170618c0fd19be4b51f234421caa821031146436622bb01b390
oof,527,stead_event_00749,0d4e816163ee5fe21ef7374be79f94e892501ef7c37247e1a891c2bf7bb0e2de
oof,528,stead_event_00750,c99421b7847162f955b3f236e068873bed9f152c04dafbfd05c18669bd39284a
oof,529,stead_event_00751,9f65f16531f092b3cceae74d12c9ea408dcbf671642c204a7fe18ac3860db9f1
oof,530,stead_event_00752,f0a3ee16c24bdd4a0c49213b247e66780b2d45105bddc3dfcdfd102e975753b2
oof,531,stead_event_00753,f8608a465c08f78a51699a100f65bbd7287f86562cc3b427e5e7a43e2ebce126
oof,532,stead_event_00754,60429e834e3ff81b3072ecca92d347d51709e923686530bf8c9f371049b6f800
oof,533,stead_event_00755,02def3171a82f3afc43a697b6b92656d96ed23a0f57c64eedd9557f31face4e4
oof,534,stead_event_00757,6cda1b3e05d9bc610eb15eab00ead6fd192ba604a6188a0885ad8726c8fc68f1
oof,535,stead_event_00758,83b37b4a483e06bcfe0c3d99cda2abc889ae195edaa284e31372ed091408e9c0
oof,536,stead_event_00759,24598c4814174bdbc67fb0dc0bb506621fa5d89f357777cc070672c0d68a522f
oof,537,stead_event_00761,fe3cdf36d4523aee2d5fc14f4a2509fd8e2da5d77745ad962abd0517d4c395b0
oof,538,stead_event_00762,d7fcd74141f1f6cb3b17ad6b1df9c36804bf72a708f8fd219cf9a9f4d655e158
oof,539,stead_event_00763,0981a3151e8ca5dc21f724ddc1bf10e5b34adeec925176cd3be6d366ad6d9e3b
oof,540,stead_event_00764,dbe1170b4e3de999c3d3b9e08821a326b15ea27dbab7e6cefe16d7c8f7396609
oof,541,stead_event_00765,9d1c0527709b4607ce6ce8fb4f2f6cd59516f42d76013a3e0e59c3f4cae7e4c9
oof,542,stead_event_00767,1b986916f4a55581ba781adce302786146099f2b8a8c8ef08497891ed60e20e3
oof,543,stead_event_00768,cce5e99c0aaf011ad48e6fe1ab3299790bcdc4b690c63d3bd9c711a5b7d2141e
oof,544,stead_event_00769,c6565d47a0115bb87a10fcaa1307fb21881194807c8dcf37de3cee1e4d53871f
oof,545,stead_event_00770,e464ea5d7dab65f06e4a79b61e74068604cba7e375b5020c0827df0f0f0fac86
oof,546,stead_event_00771,959cc63b1768f95e9271ee21775feaa38fe3fecfd3a262be8f8866439aa85a9e
oof,547,stead_event_00772,8934261458b9f773d66548942fc2c2512e2e4a5edb00dbb647d9f3633565d63b
oof,548,stead_event_00773,9a2497603fa4e3f9bf3242646e3d411436c3bff2989d6d59eb0a0c790007d3c9
oof,549,stead_event_00774,e0d9bd69a6f0876ed2a9cfd2a46d9cf9324f4df7008a77491b769526f3aca341
oof,550,stead_event_00775,65a6aa7cd6e37042cfe58926fc40c2a6e6d6f6aea6441efa9fbec3229e2e6c26
oof,551,stead_event_00776,598c8e9aab0e71aaafe40f112b9a6fdf9050d7e25fdda6fa64a982442d73895a
oof,552,stead_event_00778,1d9d9402c462774e2618fce2c1b1e346488b82f8d694690d1f362373230825f3
oof,553,stead_event_00779,166b5f48c92a955bfa350fe36690686d9b45e53e4dd1def1a4ea273b71f63f4f
oof,554,stead_event_00780,d7c8bdb08cac0e8c4e1081e4c28396bcc635b50f91a4f9875bd1e678e7f6f446
oof,555,stead_event_00781,b86c611b3a415643baa7495a5b7e79265a149c8172f20f1f10642749023a5dd5
oof,556,stead_event_00782,7600c69116fdfec55d2342a3cb886ee64df269b97fdc01bac51a4a3eea3107e6
oof,557,stead_event_00783,428afacd5ef352e1e16809cfaf8a33ae3f322bd2dc604c8a61cd5e5c5eb789cb
oof,558,stead_event_00784,ca8dd34f2d7bf14a9567f7e09dde9a90854c13fdc3c7921628822b7c39a71527
oof,559,stead_event_00785,20167ca5f5b4b0035d089575f757e7075aa6ad831b6fc82c9c493a56332cb100
oof,560,stead_event_00787,ec096e7c380aae04e872d93f3c33bd44413c47d8001338f3f5ebe99311acb745
oof,561,stead_event_00788,a2abda60eef20d7beba7ae12b47efe54c326b82030751405d3c9d6afb7ba533d
oof,562,stead_event_00789,42defc0dc60fbd80370fa72e68c8e2ffaf6ded50d814edb7c20700ddb0523d80
oof,563,stead_event_00790,7bf86ce10709a835c9c35b8c77e0eebed1e00139e3ae36f23c9bd5ff03180523
oof,564,stead_event_00791,e761142afa7b372b6f57baf859b1c5419ea42e38ca679b4c9a7e1a5cfc807d10
oof,565,stead_event_00793,598fc9327e6e65f953087f66085c1df9e5806be6241ec4ea74df215d5cab7d50
oof,566,stead_event_00795,6a50283858592857d8171f7cfd6e450182d3b67d7c71fe3b5a54259bdbe64fd0
oof,567,stead_event_00796,998da16c11c0f94db41caed6a77e0b338c6ee0fbbc9ebfc8cbf722df8e42e4f0
oof,568,stead_event_00797,ddbe3bf375b1f0b34c9299f30b090494a95f4c558f98d0b742b6a683dc8fc88a
oof,569,stead_event_00800,39dd259e92581c754bc76db7556e90cae6deca78460e6bd7aebcb326455e2e18
oof,570,stead_event_00801,378e0b2367cb48f197185795f2a014e796d2a2dff2f81a2d2a263b3bceb4127f
oof,571,stead_event_00802,5c3c5b473ac6f74512e78f554ceb2c114b497e5cec156949e5b001c026749976
oof,572,stead_event_00803,7f1e18f8f23d3ec877d3956c3cf6295b883c5431a98db7f54ef234bd9b876ebb
oof,573,stead_event_00804,4abf71b79978638eed1a0345378c928e115eea7e9b505dbffec107da1f77d878
oof,574,stead_event_00805,995c9c29cf51aed19261623483f92d2296a3549c45088735641b87133933a85f
oof,575,stead_event_00806,86384e156ac4ea4bbbb36b4380409096096f45d49101af99ff478d5a498c09b3
oof,576,stead_event_00807,2a7212b760cf2867bbd154135bca0fabcdeb2306329b4526f120a3db4f7fc21e
oof,577,stead_event_00808,0759f1671fcd805ede82816c54d01d42efa990cd1d2baba3dd76d10385740b44
oof,578,stead_event_00809,3bb4327a770f42e64b7dbd9b8c77b3510c5e364f4519979c759f840d88ace5d2
oof,579,stead_event_00814,49bc40e4cddfd83cfd9e7c03d970c672abb60b266dbde1553a93138de3d99fc5
oof,580,stead_event_00816,7f71e5f3a88f1e0cc67ccd26d34559130c81a730d9b6630711a26d3af627b59a
oof,581,stead_event_00817,d2c38f6d45b76b347f4d9d70a059fbafa7e9c62d6d22abc16ddb5a015de23947
oof,582,stead_event_00818,2a00ba0ca621ce8c94b5adb2adf16e61fa9d507d077ff8b116cdc14f0ca636a0
oof,583,stead_event_00820,a603be368c34ea0286f29461ccbc23b65612be5ea1d1934dcadc7c2721942862
oof,584,stead_event_00821,9f57e1c5877681ff9cbcc7f87c7bf834712c013f179d162730d99d6ef25cecd4
oof,585,stead_event_00822,823e88ae643cd04086e6233a34213f751e0bb14274e302ce1f02c19572f18c06
oof,586,stead_event_00825,486a119bc041ae017d63e7bb3710ea3277a286562dd3e46ce367f36ec8ce8349
oof,587,stead_event_00826,1e880043f0bf67042b965f494680904b8b7a35616b994b42d9706225dceccc2b
oof,588,stead_event_00829,e0f615201e0043c00612af8fe66bb926724edde3efc608de947895d8b9211815
oof,589,stead_event_00832,d027032d12a232b3978f0801853a8c0ed9d8b7ad451ed63d97c6ddf1a4fa33fd
oof,590,stead_event_00834,6f23230ca30b9cb69bef6d596b1c2be7adcf294136cad8df4cbfd3bd41260499
oof,591,stead_event_00835,0dadc5f53299569af9467913598bc834bbe68a86f4953143479897dc7d3e45be
oof,592,stead_event_00836,bed8f44ab07bf15e1a093350ba3726b254ae7a8c14b9fbd52a2549ffd127d93e
oof,593,stead_event_00838,48b7cdc216d5f00a4d2178d31f99ca9e6f232996b7bdc7b225f58bda2e7be562
oof,594,stead_event_00839,16a08a3b13130cffeea579617ce22b3a30be68f22268459d50fd38a848c9d7d7
oof,595,stead_event_00842,649f9c7e44c6c244ec0ddd4dad20e816d1ab4bed6d826b6b971b1e4e58764751
oof,596,stead_event_00843,e7c6b29e3e03f639daf9445bff9bf015869c206f19e8bd84c6e7516eb8e99566
oof,597,stead_event_00844,9aef5050cc0b0760e1b5c1dcb2a5bcf48fbdc53ef1b6236dea69c5b63772765d
oof,598,stead_event_00846,2408bd166d22e8b58446df022f1d90209f6d89ba636a99d51c8bbbe63c9f67cf
oof,599,stead_event_00847,2cda7f1b349f0316d33bf3a6794f1ee24d6e9446b1f9e6aea143a73ab3514188
oof,600,stead_event_00848,0f4798b982964e4c5608b097cb0f8f8e9becab9e7250ffbbedc429bc87f10adc
oof,601,stead_event_00849,08aea7fa5e59c35841ed769fc216f02d388c4211f8fac85b6e06dc9d45ed0d25
oof,602,stead_event_00850,f5efd644f0c71350097f6ed7eba2d3239b93697a48227750aed44a40e4cea3e9
oof,603,stead_event_00851,5cbbfe0a360d56059f4e66f67e99bcf6279a9396dabd1153952b3094ec73dd1b
oof,604,stead_event_00852,3554b964d1f00ec94d82c4232fa1e0ac855066f6f8cf2079f96e1036992462d4
oof,605,stead_event_00853,88e9c2b3551773e13c1884ab4a673f3fd48a909cef7ebb6e8343981e15695749
oof,606,stead_event_00855,76f9990fa70be635577cde7845971abf3d78f5a689ced80a921812d5f641ebb1
oof,607,stead_event_00856,285f9daf944d9a40bbd8cddc9e6dc8fa4874634f15998cc63fe5307397842977
oof,608,stead_event_00857,b1906b2d83c3b18aa38d79f20c935238ad6985973121874e6cf944e27e1a9568
oof,609,stead_event_00858,43e38b2ed6cbb5e7dca33c8a06af025bec0abf13475e70b735065b254bb0ecf4
oof,610,stead_event_00859,a43e71cf52f475c7f1e1160fd965e502c619b33c08b4c81383ddda03e6c28dad
oof,611,stead_event_00860,ff9542864ad853b38961adc4e07a7507a7937c3b085ec12fc4b90fac517f45b7
oof,612,stead_event_00861,a462530bad23d4e54e371d03b6c5576942b7542c2b3d01021053ed3b0f0ed2de
oof,613,stead_event_00863,4d11b3020a9d24f6af6bc102b4c6e3fab81461a15fea0ad3f4f01b791fcf331e
oof,614,stead_event_00867,4650e592586dcc41503dc394ba7f0d9ec6f7a3262d963ac97d112e599381479e
oof,615,stead_event_00869,fcfd41c1801ae7967e071458cf8c9375af8b17f6d399f27d9df9ed772a14bf5f
oof,616,stead_event_00870,446118267a863f806a611c2124c221dab2097f2e2d8b5c8628599a87f83eba07
oof,617,stead_event_00871,2561daff7eef990693fe52ada2edc1fcc7e3bca8d0c3154acd32267b62305de2
oof,618,stead_event_00872,90ef6438d4f97cb9b3cfc91a4d57d50ef4211c76894c5bdeb12c4cd51b79f9db
oof,619,stead_event_00874,a8fd577a3c6b572c896cbb05f8f3f33bfb467919fe313ab5575e08c47dfb5282
oof,620,stead_event_00875,203f400ba9ac752737c608d4f5bf7861ba6cf16094123a2fc6a98f541c5fc750
oof,621,stead_event_00877,883fb028a9a8cef6e269deebf8bb228122e09d3fc81775fdf6ecab6db0b98aae
oof,622,stead_event_00878,bc41244a9117b162d2b8e85240e3fadee1a1a7c7cea21d167d1fec2773208a7e
oof,623,stead_event_00879,61c0f5ff6ef99990116dbe809386065a3a94cdd69d5b3c06bfadbdd26dddbbf1
oof,624,stead_event_00880,a2922a0541d0cdd2a970132c6c0b22715e0d877ca833215efa0744995490027c
oof,625,stead_event_00882,9c1d0cbf2af5e61b3428658f8f7462bc10ab58f0c7b8a614e76db68decbf11df
oof,626,stead_event_00883,d76e0f20702c6cef4e99add9ccdf572457b428e298fc573eaf17dd051f2d35b0
oof,627,stead_event_00884,f253568947353cb6b44daed47ca6a1af2e0441487755c97271581b46e3a88f34
oof,628,stead_event_00885,8bbfea4ce2e9ec971a43373fc0bad875511088b264ecacbc3708e17424620d87
oof,629,stead_event_00886,0e51716baaf6365af5ae6c659542a53b15eaeb2a98df8694af6ae9abb12985d9
oof,630,stead_event_00887,ac67466fbe62b679001e18842fc23e2f92b5e73618dac788630ca470c26b87e1
oof,631,stead_event_00888,ff6573a07f53c1c1589e744a90d21b49ab2a43cc62de8adfbac8e1f913d15347
oof,632,stead_event_00889,4ffe8b05b761d2206df9810b491d0095b62d7468bc4c6deffedc3ef7a492ffd4
oof,633,stead_event_00891,816cefa5af33fd5b8f78d27d3adc4ab61721cc1cd129ef56c64f2220f8e57705
oof,634,stead_event_00892,22fdd3faa1bc2398b72c297e7d535db1f0e642792f8de3cda90362a392759a6e
oof,635,stead_event_00893,62cabda7ef949753cb53685d581c5d4ee5097576d4255ebf4ddb70f5d4334aed
oof,636,stead_event_00894,1a68de5998865fc6d3828076fcc4fcbc7c6d3167937d37d25b73ddcbb1c98185
oof,637,stead_event_00895,d665e15beb85c582d86576c6e4659074bb46e4c95fa56b85ce8ff641c2b769d3
oof,638,stead_event_00896,ee0a06e15e37355f13eb3e00d10ef0f7eb2c001bb29b50889c758ac4d6e7907b
oof,639,stead_event_00897,a91178ff0eb4bcbcecc8e5798fda63df1165ec3ac5a793dbfc1e2cecfb534ccd
oof,640,stead_event_00898,b84db96f1d4b0e7ad3a040b3058f9deac0e14ca18bf757ee326d1098458c2258
oof,641,stead_event_00899,2eed7c87f2af47ffde6698ee168fab48c0a531222a07c974d3d8e6966d25956d
oof,642,stead_event_00904,62160753c554eefdc0540a58615be65325af6a073deef333171ab76b5983b380
oof,643,stead_event_00905,db0a8c79924a30c38791175e0f091f56eacd7e662eab95eb5ac0d176d68612fc
oof,644,stead_event_00906,5f0c8099ed37624f0053da3bd996032d0a20a45ce5b0ecee4319e4fe4f0d676e
oof,645,stead_event_00907,cb9ad28ebb36a2344f0ac4f558616ff84bccd6fddbe9f9b504dadc16d0eb6924
oof,646,stead_event_00908,03366ac6777c02a9265045469854de7de40365ea5482da4554c4c62f265079c8
oof,647,stead_event_00909,63cfcf8c865f436d1810a9ba7f750227a44fb7ab490dc7135567bdd29e9e20e6
oof,648,stead_event_00910,e05031839c0c1b606b65a35eca1adddca146ea2b0c41b18ca2df82168560e821
oof,649,stead_event_00912,7bd9f7838b270ebf3d3358df2c3de7c36626ad40aff8a5aa125ba14e9069648c
oof,650,stead_event_00913,0e123510a2b2b13414a2e37fd6c41358c73ebb63cd9db0d3120424afdde3f6df
oof,651,stead_event_00914,c6405f0a220916c6124b1ea2aa37cbf2a8c0706ba31d74f431fbcda2fdcbe839
oof,652,stead_event_00915,f5c3b05c836da3b7e358e8476734b59829c371f6b9bbe413a10a3f3fb2cd996b
oof,653,stead_event_00916,fda9dddd1d2c076677cc353979d3e16a840e4d79053b4002506be51fe50f9143
oof,654,stead_event_00917,1ebab6d093de8ef49a8cbf9d44ba4de3606b2b12428de5fd3d28f554eb2ce152
oof,655,stead_event_00918,371275c2529f23e6085ae9f6e9153165a8d6f08fb139c5b2dbea26fe438e9839
oof,656,stead_event_00920,820ac83625790fd9f140277837cb5708fc980d18fdd4d5671a8f387686a70a12
oof,657,stead_event_00921,607dd21f90cf33708ceb7d5525578aa19f19b20392f5ce20b40af9dc251828c6
oof,658,stead_event_00922,a18714b5f1def804700cf99ef9e80d493bf1ad259e03b957b0ec8cb10915b679
oof,659,stead_event_00923,259de87eb267743b1cb9ff21fa74edc57924177b50a34ac0232f9fa605cacb70
oof,660,stead_event_00924,cbe7f5be93e0a96e04ed094bbd0c52f6111b51324ad980fd281ddaef5baaf720
oof,661,stead_event_00925,31995ebfce2510835e32b74090772c69e4e5a0d02ac4874b7e23a4ae17640764
oof,662,stead_event_00926,bfc47b41d1749714bc6fd59fdd0b0ea810e9360595e7ddfca6ae3255e75ec37d
oof,663,stead_event_00931,40c5ca2989de745ac9cf7d791b0470d0729169df434245607ac4585fa4e084d8
oof,664,stead_event_00932,372481f51306734222b7a7b0355618a6143ff606185ed2c4b1ea6d45873f79ee
oof,665,stead_event_00934,09ccbf99ce5900f0db822725e231ea15650bb079412acf6e6c9595e66d792811
oof,666,stead_event_00935,e545071ea65cad8b55f928f03410cef5ea13ffc47cb12e611a5cb4b3087d96d2
oof,667,stead_event_00936,e079b2bc80ffa5741685f166c1f64f4cef4133d030a5ef980ebfc8c98992ddc8
oof,668,stead_event_00939,076d40f035c492de36007c77f48590949dfb9b3fee0f5db7cc41c605a98a06f3
oof,669,stead_event_00942,ccd38ef62aab662c1b1d80877e17fca3edd435271f3dc203a56b95bfff442e53
oof,670,stead_event_00943,1fbdbcb4dfcc762136f8de361a1d13cbbb2f1d664f9a44a130ab736e10cc977d
oof,671,stead_event_00946,1edc7459447c507572abedcc03485c8663866855a607d4d4afc9bfb043d67748
oof,672,stead_event_00947,984b65f420323dac846b1d764ce5234faaf3240d0a91adcab010e78d240bc19d
oof,673,stead_event_00949,aefccb0fab89820f9fa27c992ece3a5a0bd69e343161792f3c83d76988426e1d
oof,674,stead_event_00950,fd88ebe6a9a9e7b5ca6386ec65390b5d03ef29ab61fa79f3751ec1b37f91d4e3
oof,675,stead_event_00951,bb130fe2ed3f012b24582e7e0a4e443af46a120652dbafe4bdc8105851e7462b
oof,676,stead_event_00952,aecf07412f4753be28dc09cbdf7c922fcc33c6bbf3d25e60dc46dcca67bc2f9d
oof,677,stead_event_00956,5ae6bfbac77becf4bfa113e46f5787e882aa6258ac1beb85093e8b0715288cf7
oof,678,stead_event_00957,4a3f3bd5366ea8c500370f4c85228fe08b4708cef686a79b69b1ce26775007d3
oof,679,stead_event_00958,666a23521a441540c373d05175c0c34af842ccf1678e257584d9a3ecbe48d033
oof,680,stead_event_00961,54c1c05233a0c340ae19ece7ecd04597a48840567591e93e2497b240c1155f64
oof,681,stead_event_00963,a226746b62ae10a869c76f95cbb610422b6dfd5fa4cb45a8ef93b643f5264b17
oof,682,stead_event_00964,be1ce337fd686502f45319222cf915651d2780085890cbc4262db3c08a07845c
oof,683,stead_event_00965,77b5fe72377578a7b21a5b989336220199b44fcac3127c70bf98f692ee212efc
oof,684,stead_event_00966,e8d36eda0f271b7867c70902e1a7c6b2701339174d740cbb1d1e222eaab52184
oof,685,stead_event_00967,dedf985bf7f489ea9ecd832e52a040df7758f3a2b790db15316b2ba2cae558d1
oof,686,stead_event_00968,5db88bf9843ba66fc09e04fa3925928b3c22d3e8f145611b46629bbb32bff30a
oof,687,stead_event_00969,d47aadea65b822e7e3f23fe2f4d4471a53acd6586bf6f99dde5e8c541629ee4f
oof,688,stead_event_00970,0ed2d0b6be21d7587ab8b02761791f2eceabd0a01b96919dd11da77203f7929e
oof,689,stead_event_00971,607f1a5486072c7d47d3f55cec533eedbb25222e47e45808b3f2e7576fce9450
oof,690,stead_event_00974,4c7492e6104f7c501124650393ffec3894f27ec226f0793ffbeee4ec130e7904
oof,691,stead_event_00975,aa91783be26e2e01dbfe5f9c46fc57c052b535e32480d894941cb997d5d0060a
oof,692,stead_event_00976,b26222b8b921bd27fb5bc4b7b57a4cf6d0dc5ba0988082b2e0a264ed9baf7df4
oof,693,stead_event_00977,06254118bee4a1fa2045cf8c86d755082f4e84cb8398e87653adad795e313ab3
oof,694,stead_event_00978,584e6c4e3632b86c68ecef91a7f0812d6c6d58eae276e6f607dee084a11c6490
oof,695,stead_event_00979,94036cc5ba343c8d0f5cc34f15cdac07b074e04a256a461103d59429a45d08d7
oof,696,stead_event_00980,1e058c9aa6fbff1ce09de411e7cb0d3aecea3b8277e2972af99a182dc5fd3857
oof,697,stead_event_00982,c41cfb5cb513d8fb8752dfe95885994f0f6aceede72dd735812191ecdd26fae7
oof,698,stead_event_00983,d83d8533e7e0939ac9894636f8a2e3c1aeb9ddb819fa1c8452ac3d55481a9127
oof,699,stead_event_00988,ed5b2c7dab4006b65117d2c8e0b4437269a6970e6a07ac168a5ffc3af31a0e50
oof,700,stead_event_00989,a4e42ccb3ca174a6c1a7dde4c15ab9f47264a12bd6501c03286b90705e5e4d6b
oof,701,stead_event_00990,26addeb7f858eb0499ad27eb2913375dd6efacffd31e67fae6a41f4a53d55893
oof,702,stead_event_00991,01fc3b0cfa26f51df16e92616b1dcfe75d44f0c39d946fa2e1151435c9fbfb90
oof,703,stead_event_00992,f9e0a1522db681aca8d473e2c2ecd2be57a6bd0240b3c5ddcb1bd5dc68006ef9
oof,704,stead_event_00994,58635725ab50468fbb67804e9680ed839aec39e1b23e9af616bb4707628240d2
oof,705,stead_event_00995,8c8b74740539bf8ceac29d22e8e01f3de567ec1d8e06b8d199f1ae93baadb6a0
oof,706,stead_event_00996,7d6c02a3318cd23daa8786f893df93e1af618c4124c97436780161cf0ba20908
oof,707,stead_event_00997,209d571dadca3f897e48bb23ee99087892ff6849f7529af172e058facf3fbf0e
oof,708,stead_event_00998,38a25bbded222e64d023863f3be63cc6c0f49a2a8c378b071a96e1c8c79503ea
oof,709,stead_event_00999,eb1c6bb4858ed15404a03d577cf153cdb8a0120d3f2339cc88eaa009848e3aa0
oof,710,stead_event_01003,5e5cab1af2271502d79abab8b2b1810d8e80dc57e805a83ca62bb177edae1682
oof,711,stead_event_01004,82a5697560744cf66d0b02d0c5a389e409f344e8cc4ef174c2b369d1b3c01c8e
oof,712,stead_event_01005,3010b4d66e9b7e74d2ea93ca0a4e1812c1e5e476f67165aac507c87eebc50109
oof,713,stead_event_01006,f177f6e5b84fa1f5a4c82edc8c3970bbd96362b2997e206bd197a7a6d0ecdbbe
oof,714,stead_event_01007,517881006a83e13158d895ff24d1320606b10c01d0701c01e34b84383b3d876b
oof,715,stead_event_01008,bc56b6d87250db2a6d97e409ddc84f925286399ab5068121b402c893672123b1
oof,716,stead_event_01012,3cb40c634f432ffdf4825cc8bd51754a0af9f59eb95859334d0e9334482ca456
oof,717,stead_event_01013,438106ec246da2dd10dd2c54ce83ee0dd5e33bee9cc0d23d2f3437b27d8f8e48
oof,718,stead_event_01014,0ccecf91f02e82024d47c88ea104fe0df455f2fa5448684f288187e26e10f2a6
oof,719,stead_event_01017,d24cbcea79a3695f790d6ac995513795457eb2c3c799f4622dc9dd53eca15154
oof,720,stead_event_01018,579e63e33ff823960c1d527ed70a69a50924b0e6bcfd6da33729f6dccca59dfb
oof,721,stead_event_01019,a8947a297ea9dbaab898343b8f4c1b0bf9d55017f90c4a6ed4a561c91f0cee5d
oof,722,stead_event_01020,7a465b819cd043e0a73d9014a643c1022873f01e472af52dcca7128a9a3a42fb
oof,723,stead_event_01021,44317c3965c4e64f0cc2d200dcd9d2537f762ef78c5c899c156ff198f07714b8
oof,724,stead_event_01023,8458f63530223df0890612fe564702280814bf32671b653b5b54e76870ed495b
oof,725,stead_event_01024,7dd4f3273d3dca1ff2fd807184867671b91f682e5d5904fbec9b55e526791f2b
oof,726,stead_event_01025,39d9897baa3480540b4708e89e81b9b058171626b51158850d295754c467d9a2
oof,727,stead_event_01026,eba4856766e727d09800233c88a44cf506ca6fb4e7de3208e6d8a7b3c3dfa450
oof,728,stead_event_01027,2af1566d2acdb33d25ffba8c61b732a015bd3064c0d2152d8cfa16ce602e345c
oof,729,stead_event_01028,16e45a77d250ec40e067e963d4b832539e5a3eafcb8218a333c70d22d2b52986
oof,730,stead_event_01029,6816e68147f2d3cc54697140aa6bef87c563e95a4c95c267bf0c952ffc5e121e
oof,731,stead_event_01030,2f54f0489f54a09f1c2d1de74dd6a138f9e2ecbf0789c9ae92216ed37e639c73
oof,732,stead_event_01031,515a4e1b8ece30916c5f72bfa7c03036cf5540f8ba595033b50a0f880d0b2e4b
oof,733,stead_event_01033,f2ea1140e0cf383acf2b5075400ded593d5b3740ff73e0d79d15dd2056609d58
oof,734,stead_event_01034,429da0c47e0660c9fbac363efc10dec01d95cab116c419be13e7b643b9a81698
oof,735,stead_event_01035,e59985f99108381c6fb37b7023984736f69d36c3c25a82001ff3172612962dcb
oof,736,stead_event_01037,8c9a75362794f01b7c7eec0e430bd4705d0390fe7f2e8673f0e978a1e64dba3c
oof,737,stead_event_01038,45c277d74bf597248ebc50ba342ab32226ee9a289e1e065f83eaf54f41ff7115
oof,738,stead_event_01039,c99eebcc107814904196c8779bea3ed27901094dd6e4935c40465ac10c405aec
oof,739,stead_event_01041,bfed9718d91913c1a31f423f46172e1bed755da8324e141f180feafea7fd46dd
oof,740,stead_event_01043,b42c7fc9b5a7bfe31e6e4e8c6544c0b1f76190e9fa3f13cf759a41f7abd6d90a
oof,741,stead_event_01044,d868a2f3afe07a615829fbb23b91604a00304af25ab56a4e19b0ebe08ae8b87b
oof,742,stead_event_01045,b648d00a383198c1e5fe28ee71940528c5e602a4c27783e3f315ed169b7f2b97
oof,743,stead_event_01046,ca629057f409261fe43a7b548736d267c6b6d203f2a913b23dd852189429faa7
oof,744,stead_event_01047,c393bf92a942466b3b5a56036e8cb5460afca55ab9e28887ea12e5bf121372ac
oof,745,stead_event_01048,0fb55c56aff3f5b83647b5cade7d1ed7836b3ab23fc3eba703843b0bb2fcba4e
oof,746,stead_event_01049,7861a80f75d2aa56b19fb556a63d2b35f54750a368e937e7c5cfe12b31fe6f97
oof,747,stead_event_01050,404275438e3ace33802e69247e24e8ed9e20e8448233786beec55d84223b3a78
oof,748,stead_event_01054,3183a1f85b69b1020a27fe5931930b11b811522eff115a8a95dbd0049aec2049
oof,749,stead_event_01056,c4bc54b6b8fbbc2c3742cac0335424099f8902e14d72f4f3624d1ab9dd3b4ff8
oof,750,stead_event_01057,9eeb6f42e3654a31dcfa58e1e724d4be4be2b151c220443ae6680d68d5801076
oof,751,stead_event_01060,b7df28762b8e159dffa8ab1551c745a1900dc4477519619249ba710e05c7b6b8
oof,752,stead_event_01063,d896da3885728288f3b16a8b87103d076700760c26b69a0c93448be5be17d67b
oof,753,stead_event_01064,b659936e6861bb708345dad0f754565c86798298e5844a4262cec426ab439f91
oof,754,stead_event_01065,455de06c01f59e4ad39ca771a97a2e23f39286258c46e7790b6ea6aae6c41c1f
oof,755,stead_event_01066,5c488a393036dc3aee8975d4e4bfbca08c80c18e2ddfe52815a7f19d68ff1e27
oof,756,stead_event_01067,a4f269b072e25df0920df448c79ec44ada45713ca74f827929a707db30690d67
oof,757,stead_event_01068,9f35f905c848887a5926ef5549a802fa9b461223eea2c8539c61698ef577759f
oof,758,stead_event_01069,f20cb4c8524dfbdca2c800cd2bcf56095a8a8086304ae65cf4a8686e91dae1a3
oof,759,stead_event_01070,c6a55881dbb8ce3b20e259b94667d770240eedaaf76547f05baee8a5dc6e8991
oof,760,stead_event_01071,c81d6df549197504285ddfcd3c3efbfe777155600a5ccb419b4969cf0add4208
oof,761,stead_event_01073,37f9653c1e09f7b6337a529056a7af772978715fd426011c132f759476051775
oof,762,stead_event_01075,121cc3ec7ff018869087f955a93387a8a2070930cb7943fa6caca147a83f21c0
oof,763,stead_event_01076,8a1edf3c420ced0084b99ade67db69fc3d3ff06ea858b7a78c5669ce55a8fcca
oof,764,stead_event_01078,e6268303ca2660db513687576a0f686f64f8c879659ff419af9f8ec360eb7cea
oof,765,stead_event_01079,a18fbffeeb523570ab7f05110bfb3577aadba424c92f6a576d37de24b4996308
oof,766,stead_event_01080,f266af1f2ae0fce67dc80cc2282597d54e63e399a819dca6477c6e413499aa39
oof,767,stead_event_01082,808b8698d6a1d4de1c0bc5433ae9f21bd0a2cd94442ec721d83e14b7576d923b
oof,768,stead_event_01083,448a75edabfec26be796b9cdb19c338650548550ad67022d40ad018afabda600
oof,769,stead_event_01084,45172fcfa73dc1be00d77111ec189636ff642386eb76e842d9eeaeffcbe6aab8
oof,770,stead_event_01085,b173e53aadbc9b5f80f32c1030b03abe04bfd8a39e4262c676aadcbfa33024bb
oof,771,stead_event_01087,01a70dd915b2390db3c7fba35dc6b288897d2156ffa69f2cac87028b034b5ee3
oof,772,stead_event_01088,0c7971d69e162c740d4358e772ffb5a84ab5a84f7edddd929c1cbdaec38218bb
oof,773,stead_event_01089,5ff1a377f4e2955b0274b6ab44f88d3310993dede7ef13eec488c001c9d66f17
oof,774,stead_event_01090,d824bd6188e4ae7d790690684d20f71dac04b6e99c0c26d286999e53f94e14c7
oof,775,stead_event_01094,36a8163d18a9079137842abe565e19e7be8bf140fe6701016f52e7be61363f83
oof,776,stead_event_01095,ca29bb2212ee94bb76e5128c1f841d095fb582de55ac9815741e60861924a9fc
oof,777,stead_event_01100,6eefc7a1b61a95702031c6ada1f489144f156d4913fb736cbfcf7ffd36ff9d9a
oof,778,stead_event_01102,021666c3d383a63c51f59ef03bcf2da6de9da93d1a5080a8a371725d826e1a81
oof,779,stead_event_01103,d736f955ef5f2142fb136177fb88238f3afa79d0ef02dacf38f1198439f54744
oof,780,stead_event_01104,8fe7cbe85c35016af63836b63a575ab55e9dbb7042ef0c1ac96283640be759d3
oof,781,stead_event_01105,e38753cd0de6246336333e8a293eb9080b030898c28b979a9047a461a7b5d634
oof,782,stead_event_01106,ad61c22ee623faaadd9e716bf71c0e62f1318c0a8451771d1edf6afaa93974fd
oof,783,stead_event_01107,f26ad892fdce374b5d3285a6c1a3be388dec11245c4ba6d7f46a670335002d3e
oof,784,stead_event_01108,8bfea677197dfb7677fb8f621ab389c492751e8488ab3693ce9622de4bb6e8c0
oof,785,stead_event_01109,02ea21529a44a61c5f442ce21f9f189ee891434e39d0501ddd05fc2a5505824d
oof,786,stead_event_01110,b09bea4e37beb56ac618f36adb1b321bd178bdbc118db7300d6f94cdeb7a60c1
oof,787,stead_event_01112,53887a3ae26763ad52c74d71e9ff5b581fcd8599a9611d5db6a2a49a26df1cb0
oof,788,stead_event_01113,70fc4d862cb0dbb213a9bd1d76a4df719062c8c2f2229add16861c3cffff7367
oof,789,stead_event_01114,39df449e29bab8ceb7449622c0f89c0af1e282ec84c4f109069771969c363ff8
oof,790,stead_event_01115,6f4caf288fb70174e13e8b3939b9fdbc4b9975c066fa3cda6c088fdbefb1f5e3
oof,791,stead_event_01117,90ba6bb631406ac5f96c0633c68234dbcbf58e4d8da3f478fe069831516de652
oof,792,stead_event_01118,7b88f15531bb3e0d2a6ab8e05445b0149780f06cbb01a7ff5002c287434da518
oof,793,stead_event_01119,5e532c5cd4d39e5a71cbffa805b658a280c2dbc85e4e2b075d5a32fa1e1ed421
oof,794,stead_event_01120,8fafb811b508186cd69f97688fecceea0b04297c2291f7a211e7370498452d54
oof,795,stead_event_01121,a9a0fea70255c5427388bba9583757ca374eebb2d9f8bba4e97a83bb4c27432b
oof,796,stead_event_01122,d197088a7f47d5785cdf8c8fe77a8f3d90270c15d8827bf49c0e4c246d6babe6
oof,797,stead_event_01124,e98f07ae8d1eb38b4882121cbf2a05ae6442cf41efa9b2fc92ccf7c959edcb8d
oof,798,stead_event_01125,1d1404ca16ed3aae657976a7875746854916fcf3ea320f2366600a15fad9134c
oof,799,stead_event_01126,5cf68b7a26a1cd86843a003b583c0a435354a1a1a7d25afcb4f4a8f88bf17e8c
oof,800,stead_event_01127,18b0f923f694cbd2e132d35e9637f42771445ebd5347fbe1e22950bf01ef8479
oof,801,stead_event_01128,9d6a1317812d9145e6f0ab862ce83c26d585e0c04211e30cf1c02735a644d776
oof,802,stead_event_01129,f0535308f8e4d4e6bf21e40a71b6d36f5ac7d0e46d43f36c5e83780079c8d1c7
oof,803,stead_event_01130,0b5957d5411593dd28d1fc6bd4e7539ea46463d7e8117c4f2ab74305ce7c5c74
oof,804,stead_event_01132,fc793ca9351c99c82502bcd83abd74c3f428d45b41833b03b94914c014d8e700
oof,805,stead_event_01133,245df308dd4e588bbe2122ba8497d990143ce6fbb8257a332da9c4aa8fbac68c
oof,806,stead_event_01134,d73387def676ee1bb71161c6d832162ecbaa82655fdee3b24ecdf50aeac6e31a
oof,807,stead_event_01135,f27f8d6064bcd4b02e51be54073d8a939a36047255c6a6b3db9d258bf20ee0a3
oof,808,stead_event_01136,f0e63522bc065c0d3514d950b7f54547a14397133cea4f93ba74759923558114
oof,809,stead_event_01138,8c29ad6a1f6b53e679c614389f6dbd099320469b088db838bfc1025bb3262972
oof,810,stead_event_01139,a17577e4925c6f285a48995582e7501d5451bdc5f1221ae02d5c7e86a77e5dcb
oof,811,stead_event_01140,16b9286756ab4e4afbb48969bc59fcca91dff94c04d1e6e90cfe1edc2bd14c7e
oof,812,stead_event_01142,61054e8b88172ac330c97ccd05abed520bd92f3b593cfbdc158ea7f8caea8c05
oof,813,stead_event_01143,28671ff4da8b10923448326601bfe342de2aa94b8f5590e693c381db5936bdd0
oof,814,stead_event_01144,5034bac9feabef06708f5c7609b8a8283b7fe252e06f3848ac2d484d71286448
oof,815,stead_event_01145,cbf9fb5b4868b767faf007ba91b852f28f380ec3f3bd3b7410c68feb57e05d85
oof,816,stead_event_01146,8108c4950029d24be3929b7697d35c5e0dbf23abd62c0b57801086eda468f1cb
oof,817,stead_event_01147,c7e6d913e0b233e16173c00526bda5f622d77f95a2c6b0ae6a449f8cb5a47156
oof,818,stead_event_01148,f715b0b471069a4ce8a0c3f9fbbcfeaed890cb81afe9554c101235aea1c32648
oof,819,stead_event_01149,bed06f7121a5faabb3416b0587ae6f40eca263d951bbca52bd50eb3af2b09960
oof,820,stead_event_01151,406cd449ed5a580a550f97bf5acd60b3194158441620aad63f1fbd320d701b73
oof,821,stead_event_01152,37378e1b80565a485f0d534f5d95bd923ab2d04152bec7a86dcc4116d505f9dc
oof,822,stead_event_01153,c79f68c74dca83f4daf6c8935a8c5441d3b6fdfbdbfee66d68d1aa36824581a4
oof,823,stead_event_01158,6050c1f99ff40638623544cb4770876a34f0cad994bb104cbe1fcaa0726e22af
oof,824,stead_event_01159,33fa51daf456e114194a2ef6623b407ed473e9975bbab0084849f52deb6c630b
oof,825,stead_event_01160,84f5725112a0fb8a8af365685122c9c239d0df64ce56ca346b2e552460913e3d
oof,826,stead_event_01164,f2d50fc085df1911e5b4e2143c0bb6c5c2524af29a6ee4b3d27b7ca7b4059b5b
oof,827,stead_event_01165,4d973311fe37b38cbcdb943660d670f53839e1da2fefc7c19fcd450464b3b662
oof,828,stead_event_01166,e030663fb61926ad04ba94fca479799678288d2d87d37f0a290cd8b09c884cf5
oof,829,stead_event_01167,30b0a6b0e767278d440dd761ff011448d02c6497a99c414a77a6ce50e5d70803
oof,830,stead_event_01168,fd93d53f8d8905e73e5820b9166e6dd988db7ed613929d4dafe907e04986c92d
oof,831,stead_event_01169,86be76978d2ea94b27fc9b2d94be1a8b4ae7146cdeba684bf642f84b45c7d408
oof,832,stead_event_01170,a3ff91a1e8aa5022127d68111ca44900e03573f9cf26a3f9bbf01ef6e04b7bb4
oof,833,stead_event_01171,7dd85b03d2a2ca673e5eddb8e8ca4bba154d82f068b3a30b2d082a07af2821aa
oof,834,stead_event_01172,af2f93cd8ab537f383a0f75157bef73bed5fd48b7507480aa8d0b88c70bb9e9c
oof,835,stead_event_01176,eaeba00dec2bf67d1aeb00d5481d68883d307f1f4c7a2ad7539e32612e96ecd4
oof,836,stead_event_01177,e75387a651fc8a03ab5e393715bb58d9aa7772d62a637dee68861c07b3bfa2aa
oof,837,stead_event_01179,ab11f0dc9e0428264673a681fdde4b8167fa44df952f2917f4812202134a332a
oof,838,stead_event_01180,8e10c861408c25da93a2d9eb15b1605e2018f55eb8478b7cbfd595fa1ad263fb
oof,839,stead_event_01181,02ac29000f363f37ecd3d34804eb2028be06c9f79aea5b14daeee5f37e61240d
oof,840,stead_event_01182,405c579f01e7657ff338e16173c0dffe603ecf7a1eb8d827d309b1ca445eee27
oof,841,stead_event_01183,94f65159b6c9de4eaeaa6528e02eb33d34944a36b6eeae6f325b9bd045e14868
oof,842,stead_event_01184,f2d2ddc4f27e47a4002491649dc18ad398a85f896f707687932f08b78801358f
oof,843,stead_event_01185,e715f29dfb53cae3b67da21af494b681735bfe9efa50aba57e06b764d3efabe3
oof,844,stead_event_01186,cb02289421b940c7dcb545de131397d77933287960076f05a9bb458a6d21f530
oof,845,stead_event_01188,9f77304a1309574f3756a4cfb1a14030635b0574860c51bbc83582b130a6db97
oof,846,stead_event_01194,5ff11ee6b862a619bb571657384515c630177f4d044aa57dfe367077723e64ef
oof,847,stead_event_01195,e3dd7e59950170244aafd943e56c728fcfc2909cb87aca1799c4ce6cf4433e01
oof,848,stead_event_01196,cb7cc016e859ad13bc18327a41a4850790b7eca10deee3a9839a41c876a0fc51
oof,849,stead_event_01197,6b8f29f5d43906bf41d8f72d89515ad1f89e06cc5800a3c78369502017170895
oof,850,stead_event_01198,d8f080d58a6711ad1d22d2760771571580350eddaa89ff78a858218df666b07d
oof,851,stead_event_01199,2b8343aa099d76b59746e70061d100118a1a7f01d4b21e9676e3ea6c8bbdfca2
oof,852,stead_event_01200,99568ad277acd8673142bdb2d201be60b9a4a6aaf8c8a48318d7c175cc3ce0e3
oof,853,stead_event_01201,3469d98b73a6884e0e39edf1b412d3dfad3395888173d246b77e680028a5e9cf
oof,854,stead_event_01202,8a8801f711f7ffb1567393ec2478dd0eccdfaacdaf84fce4029b7fa8f7cc5c7c
oof,855,stead_event_01203,99dae6ff7d6436a9692b8f46370afa701b79c34493a1ec76a4235c800a88f96b
oof,856,stead_event_01208,6fa9bb6a0967de0ff734eb9ec493da0219cb6bfa818361a654c71a34a78c9c9f
oof,857,stead_event_01211,65ebff5d670548d1f073c1822aefce7b3c7fe3488c4313fc30db778158b8c7b7
oof,858,stead_event_01212,bcc57b910917449828e5d527efe0f61068011ea86149c2bd841aac418798e841
oof,859,stead_event_01213,b46ea65a17b5518ba56990c0d8d0c204757ad10519186a58e93356ac255395e0
oof,860,stead_event_01214,83a027a9569ce0a063c226e9ffeea03fb576401e42f63b6080977bdf4a02714e
oof,861,stead_event_01215,cf0b0cf6ac813046cfc9502c81c29e9e287abbe9791655e2ee4bb86a9657d185
oof,862,stead_event_01216,c6b7d32bd54de0239e0c1b01aee926f71071ee61bb9018b91cacd15028d0db4b
oof,863,stead_event_01217,216c73bddc0c1895c70520b3fadffa3210773864e605641f02083538c74d98e4
oof,864,stead_event_01218,ffa0fb742a765440e0a499d191ec5fb524399e7e4eef6bf6f08b0f95249844b3
oof,865,stead_event_01219,187b8f32b603e3607309309b93423351efc636b3dbfc726eeb93b9d4ad967fa4
oof,866,stead_event_01220,40d0c27fea6cddd5d8554df73a6c09c7890f8f9945cdbbf5df85989756454c71
oof,867,stead_event_01221,c9853da21af299a38c5f4226e0e9915a47c419a6d9446dc7f346d6e1f74065bf
oof,868,stead_event_01222,b122e4470acc142100956621110faeb42cacc6d01c25c63a6f098d6dcf5d045c
oof,869,stead_event_01227,54d515d889ebf35983407cf357ff004136f4a7e0d7a3248c830d1bdac04a0bc3
oof,870,stead_event_01228,beb43fee5fd1b6529135fb3dd3309c243d75ef228d48033757e2b3820b789659
oof,871,stead_event_01229,47edade26ea3d074f598852481d804ce7ea9fa0892575355b29bd774ba6d3648
oof,872,stead_event_01230,44c28564b24c84c58b3727990e3f61d4779000d4416648b538ef838a710a88b3
oof,873,stead_event_01231,917d53a9b45085243065bc515268997172aa5675ef679b45759014c1ff77edf0
oof,874,stead_event_01232,48d38dbcadf88e38f9b5f5301cbf9fbfb1af5990374597eb3a420f2e3a03fe17
oof,875,stead_event_01233,a6debb9906460679eaed4b76725077e78d046035210ec46c211e1ec5d12d785a
oof,876,stead_event_01234,9d2f1d6067c08ae968367a6943ecde2a35b5190ceb3597e1f7b20ca129767bf8
oof,877,stead_event_01235,217267e648db0ad7d02a1af5b870ce919721b954dd07d1c53cf06167a398633a
oof,878,stead_event_01236,4e7beac21ea869151f00f477a1c448d79f105bd69f7918963ca3452cc092d06d
oof,879,stead_event_01237,d14a37eb4cf93c54ea313f025d62032bbb31f624df0d9e57d4bc3264b3b4e55d
oof,880,stead_event_01238,b783a2b9d2c5d3b8860874fa94b83b45ea075dfafa2a4d3e07bb1fe84174c458
oof,881,stead_event_01239,275760601bb5ccb2ff7caf7281ffc233bf89c8755d7c84a18fb0005c34d30c8b
oof,882,stead_event_01240,d8855e821971f3d3badf2c75c109a26a5e3f6445beb3ab5de00c564e01379d0d
oof,883,stead_event_01241,1b7b41e96038a92473eec347f5ba300ba803e410dc687c9dff594be23db41d2f
oof,884,stead_event_01250,35561508e56e353b87d64d4f27b64f5c7046012677d2a02716cc5a065217e540
oof,885,stead_event_01251,a89bd27696577c20f4fda9e7fac1b08ced9f94c952aa696a30c35430a2e8cb6a
oof,886,stead_event_01252,5375fd6a3412a3b5a77c6621b5b369134b838c5b5618269144f0d981c812aea5
oof,887,stead_event_01253,24a265ff568722228773fe87acebe90a7be804716eaa2d6055237ca857878346
oof,888,stead_event_01255,90303ff70c75695f6e9b58b80e4ce3dfb9590da4567872fbd1f823c6d2695583
oof,889,stead_event_01256,ccb89c3acc85641d5f37c382b4aaba78214accdeac5b6bbfa5ac8ea06510a694
oof,890,stead_event_01258,cd2dd0c5ecb2dfbc225b319f887e0585631eb05a176a3241a17d543bf6641706
oof,891,stead_event_01259,a4d88376ce54e23955a5fd6301d4cea9ffc96f18cc7a4474df2e1df21d1c385b
oof,892,stead_event_01260,577837973eb3c95b5953c61944d390df8ea8b60d4440c7e65e4a1ddbd812f5b0
oof,893,stead_event_01261,bd96af795e4bbf3d666bf5fb3f71cc55d13d199de6fb217b8bb9b80eb99c7457
oof,894,stead_event_01262,afbe440f8c95657d5d524afeb0bf5cc4eeb0dc92259d9fa0a4a659f8e026e221
oof,895,stead_event_01263,330aff2ff65ab123e8d717a299c4cd5efa21c7db72e05f9267bd995180ec1357
oof,896,stead_event_01265,546dbb475bc55e1f00ebce5680d0611e099a7cf48d10be1959755a4dcc375aa5
oof,897,stead_event_01266,7bca43381f88e2298e2fc9d714382d049bc8d1a97714d3ef3b3eb1c2d819204f
oof,898,stead_event_01267,50c6c50f75d6a9d49b92f4cbf8d29fea963a060eea77540f2e86b673d479a328
oof,899,stead_event_01268,8e621cee1682d558da5a14ed72b9911fb55f2c68ed689b4dac640712dbc6c2a1
oof,900,stead_event_01270,a281f74fd21bd2374a7650040b5c30a1c62f1d2a11e1d022ca86ff1232b8e4ea
oof,901,stead_event_01271,1b933af0c475885969534d8c728501d05f9af82443b789275d53718bfb52ed61
oof,902,stead_event_01272,46ca04e59cd5a744769adb8966fa4db94c0d000d4fbee1cb4fd75740bf1008ee
oof,903,stead_event_01274,92f8bce25a557f3d42336077d898086cbff8cc7bf985079a381f7848cd94e42e
oof,904,stead_event_01276,674fd3489bb3a593103cfc88438d503d882e68747a182c3bec18d47fc856000c
oof,905,stead_event_01277,a730b9b34992abb06ddd0aa4a867914335109e6871d094ebc1a366ea5e97dc3d
oof,906,stead_event_01279,67b40f919d87f97fa1573980c88a8843cd1bbafed3303f86f22ff92199699556
oof,907,stead_event_01280,feaa701fd94fe98a92dd8193c166e12304f65d118f82a3a29fdbd3562cbb8b15
oof,908,stead_event_01281,faad2527faf70e8213d015170778ebfd2c5641d787622d46b593faeac8462a24
oof,909,stead_event_01282,66e5a776e6633e7d771cf2f7aed685a30fcd8771640379fc25362474ebb2766f
oof,910,stead_event_01283,6cb199e7074c71406f5e722b6c21fa8e1fa3cce7ede9d69b22fd71582a5ff0ed
oof,911,stead_event_01284,4c5662d51310cf93cd38f98cd9f614554ec6fe037d3eedbd9f4b9fe37899456e
oof,912,stead_event_01285,4dbe0ba4eeec68a22964b111993d5c2a560316978154a4a0ae06c0cd201553ab
oof,913,stead_event_01288,32ea364f22db42b14c25fd4a0cf1573b613ded07bb6520c30d70040a06bdc295
oof,914,stead_event_01289,03f5fc6860e5eed9857358207584dac523cea156dd020723070df052809a4ad4
oof,915,stead_event_01290,d3449bb11cc9f1a95d5ada842fa952cc0650078158a6150b7bc2461793bfa94e
oof,916,stead_event_01291,de7cc763b4ec4390c346a8d1ee4a0b77287731fd84257c8c3bae55ba444ea3c8
oof,917,stead_event_01292,c56572ffce134367ce60806b359bc6f5acde8e9045e63b6d1829e6e449558dba
oof,918,stead_event_01293,2461ee765bfdfcb54feb7b69eed744feedbd2c60bb5da71dd628357b6085958a
oof,919,stead_event_01296,43982aac3f920f0f6211b9864c951b494aed79c2fa2414715041846f1919b6d1
oof,920,stead_event_01297,c8e61e52dff3e3de37ed95b2ec792997fcd8d55c279798f455f6e7aae16839fe
oof,921,stead_event_01298,409d5d7f654a63cee4007c7162d5dfbb03555cc00f31594683b08ab9af4ccfe9
oof,922,stead_event_01299,550a77b9883d8560a5534d0fc5fae0843669189be7f84b92e7a4f7f844d00a47
oof,923,stead_event_01300,95884da5216bcb310be2a6f685c302b55859800a794268fd04d6532f38de5035
oof,924,stead_event_01301,7b8498752135ea107a5b3df7cbbf05af26a2bfdd4a839ccb5ab83d4640d89cae
oof,925,stead_event_01303,fc65a4b43913e971df9a394a54ab623798ed12730d75cc8ec64cf92d76ab410b
oof,926,stead_event_01304,3f8e5c7a0548171c9900e8c02a7cebb72fcd7614061fff564ec222071f09cf06
oof,927,stead_event_01305,84b8ad050716656097af18c49f6c8e038861132ce6b0e465ad593068d0c2a63b
oof,928,stead_event_01306,89328f93387884e31838b00eddd776cea18d86648b5b3693331acbdde054119a
oof,929,stead_event_01307,d066863f35f3c298d8346846a4f1642744290fc7d4d84398f55262826eb11728
oof,930,stead_event_01308,7d28c7a57af741b2d92fc2c204c8075228ccf65593c7cc735eaac269edd02249
oof,931,stead_event_01309,c98604427b6868779da8ab3a1418f6d58167afd6938c63f061859511330e946e
oof,932,stead_event_01312,5e7fd1841afeb7c26f62dba98c4d95b0f8c2c959425459ba8e21bb100afd5a9e
oof,933,stead_event_01313,d1820dd75bb14b91683b799621c1cf3954d334c6426a0627a6bef063f05429c2
oof,934,stead_event_01314,0b35898c4406a794145f829b6464350f8cf7fd59f405a71d75f4b3ef3c7ed7ae
oof,935,stead_event_01315,ac656ae0fe8fa1f2ab650b5086752eca370ef125cf033b13b6792ddcf4debe5f
oof,936,stead_event_01316,566ce1df16129c576a4031c21fcc91e44cdb5121d9a0ac2084d60b7c5a757934
oof,937,stead_event_01317,5b47654eb8375236a7e83c4cd7851714c35ea9890aa1e02dd718ce8c0057c96d
oof,938,stead_event_01320,2287d94994e61d48e2a001767efbdd76805b0e0de226a71b01f25ae2a25dd0f1
oof,939,stead_event_01321,85f12971bab2d055bf39359e247dfebff5e0b78947e2fc60f2320e40faf55793
oof,940,stead_event_01322,4eca9f7105eb0168177e067837a57810ae3a726a68df26b36caf65706a1ec183
oof,941,stead_event_01323,cdca56089562fb7a69c099d4c3bcbc7bf819664bae2203c534d190c7ca960ed2
oof,942,stead_event_01324,b3a15c751b2e4d5bf0481b29e2e3135ab1c2440d4ae1f66ea2f7ea62af2cc8b5
oof,943,stead_event_01327,5093ba1d491d2b7711c09576715044d262b7b7275cdaaa2270705ac33aa5ac62
oof,944,stead_event_01328,55b52b1a232ad7fe229b31f2832fd50dc0edc8b980ea84505c45ae068a0a1223
oof,945,stead_event_01329,5577c4f1878a8d73cf84c6f27975588a7f6eb5a8ef0ef31a2c5b7bf52e85b271
oof,946,stead_event_01330,43e6cf8fd55eeabc5bf8c1d8921fb3f0e95644362d109f5806f0fe8e16b3383b
oof,947,stead_event_01331,1514f7b17f81de81425ca6a3dfead76e6af6b6370ed8d1984ff7050b9b9b2ca9
oof,948,stead_event_01332,4ad213ba178a78851f89b984232aa20220b10a3e96a50ef37cf0dd9ff7234a1b
oof,949,stead_event_01335,099ec2dd3d11dd29063b2019e2b707047c6c27f957c4e4a3082ce2ef2582128b
oof,950,stead_event_01336,0891422fcf7b6d8bb14b2dd7a3d2bbb438333fbf64fa4bac8d940fbbc6b57ed9
oof,951,stead_event_01337,9bd11bf6b6f054105156c05b8e48ad87cf8b22f152377e9226993abcb74e70b8
oof,952,stead_event_01338,2ac201d66d079bc6353a9388a7594658800e4bc9d09fdd5728e0a6010127aa7f
oof,953,stead_event_01339,76f6883b4102069fd1edf913592ca6bc64d86698fac06de742ee58e848112982
oof,954,stead_event_01344,ebc943012b36570756f2e14e957245c078b537b0b89c30f18a695ba231cc3812
oof,955,stead_event_01347,500c7fad76636354587e88e929ce3a581cd40682b30b1996b6359b8b1411f880
oof,956,stead_event_01348,cd415b5d6b2bb7962c471d16a4fd1ddf18cd0022e6439c6e81113e10add7feac
oof,957,stead_event_01351,4b5e61a3fc169e5474a887d0e2cd543a8ddeea1e31d09f533f76f5776eac4746
oof,958,stead_event_01353,ea0d44525830d2ea7770b3eb5f34dc0a7ecf045edac8999f920a1bae2627fd01
oof,959,stead_event_01354,5cf72da41e0d58066fdac7488a9f7b47c5b0d3d38b81e95a4f1e2e957ffcde67
oof,960,stead_event_01356,585371b1fe96ebdb39dc9def53f57e6c2da7831b84f474e774ddfa973d8f0a37
oof,961,stead_event_01358,29e35298e6ee107d10499be28106c0fddfba075911c887eb4d22435ebc35273a
oof,962,stead_event_01359,e797a17ae5175539aa207cf9be89773839cd0d0318c5831174df292d9fe94690
oof,963,stead_event_01360,8225ca4dfb76ba9b5696d7491e1b305001775cdfa5c3903b5914a65ba3846fee
oof,964,stead_event_01367,6dff8c1b8e53728963e5bda0eb46c886d23de11bcec71b25cf3b95293e6452ad
oof,965,stead_event_01368,3b20f31340d2bb1792f20998d20f1173173386a1b094269fa61cff88bd364e54
oof,966,stead_event_01369,6828ee276dd534dbb8479b90bb933e60a3ea86eaebf31d8cf688245d050722e0
oof,967,stead_event_01370,bfc96111a5d7e54368ee052e05742c47ceb953134be72e95023c0b0d3414a5e2
oof,968,stead_event_01371,97f52e019cbe517128601b6ca5bc6f11a15c995eaab521b9f4130def40a7fd9d
oof,969,stead_event_01372,1e251191b285639e5bfb581336ebff22fd30fc2d8f2f691a0b83829956f65171
oof,970,stead_event_01373,e6fc81cfc460d81f9676c37260f89c7f367c8a402bfe82eca98986cc49fd31ec
oof,971,stead_event_01376,7d761fb04397c9728c307616849d893a172552a439870e09cf3947f348ba3430
oof,972,stead_event_01377,63f57ec1eb093a01b3e3cec268544cb5bab4d1e5922aaefa7a451eb277e287b9
oof,973,stead_event_01378,aa66ae3908fd37faea0c140140820b61802ec4207bf093a5cbfa9be6a8eb37f5
oof,974,stead_event_01379,20e3746f4ea88dbaf5e1540e13adedcf2400fa412d6ef905055c9fe0aa336ca8
oof,975,stead_event_01380,320cf68b77d88c24be4b2cdc7a29214c1e7549d6b5f1aaa337d0ff874467538c
oof,976,stead_event_01382,fe8594a685eb177e7c162ec9fa0ae41bf9a634c84f0516d95e15cf6e6f6c5879
oof,977,stead_event_01383,7759777c14e3fc41fc8e2ce1888d197aadbce84637d5aba34fb786f5d43631d7
oof,978,stead_event_01384,ac6f38ad2f2402e2297cf1d89d3cb71500852b848c82a9447cff2847355772be
oof,979,stead_event_01386,cb7cd758125c6ff102b9f2f16f2ec8cccd7b9dc93833c9f29bef07171e1f1c33
oof,980,stead_event_01387,7a61ee604009e6a3eda100794b891d1e7944efec8552a6e47900d8320493f7e8
oof,981,stead_event_01388,b232d3066fc398fc52c2d2100ad6b85d21bbd59d991727e0b799c2f50dca7fee
oof,982,stead_event_01389,6f77273b7e1253ded7d68698beefbe041b8e16456a4b73cab62e10b82120a8ab
oof,983,stead_event_01390,fa766d95a963380c5eeea548f2eb8d06940804c9efe08c96abd875b5e6e9981f
oof,984,stead_event_01391,23be3c89c600f4f7a713a1949c7a1c545753c8ba5b0bc888e434381488471d0c
oof,985,stead_event_01393,b264aa5a4dfde45fa99be1f5d9179d01c6ea732a029d38f05aa8246bf5e5eb7a
oof,986,stead_event_01394,4d133e372633af040f88071bf3dfcee73e5c3a942257ca0bccf3ce44a1b535af
oof,987,stead_event_01395,d9fc4a0d0b9ccbdfa39a70ffb5bcf9f46f0ec46af46af86cde1159fcd215ac6d
oof,988,stead_event_01396,25dd20e19668c13671938f36540c759a19c30df3f447e69e2f78eea65d18cbe6
oof,989,stead_event_01397,3da0d45fd94da26b205f043a2167390ad97a193f7a17c59a384461eac751758a
oof,990,stead_event_01398,293ba7ddfb3e2e2f52f148ff897df433461a727f9b4637e61373a22fb01ac429
oof,991,stead_event_01402,0a9741dcc8f44a0b28f33941b033392677b38ff77f851e6882614069e5abed79
oof,992,stead_event_01403,8fba4d535332eb61f71071474cf6b4ad72407bf3941468957800331fb805f62e
oof,993,stead_event_01404,d6807c07756769a547470f8d810bfdc92c118584423fd096fab34c8629d8cb6b
oof,994,stead_event_01405,b2a39f55a1f458ea64651c9caa2ff2ac17fb278f62847958441f41b563404901
oof,995,stead_event_01406,8935edb1991361202415dcd1d09bfc96f94791bda5ac44deb2b9a2fee3539dd6
oof,996,stead_event_01407,435ee547623862442a8c831117a73906bf5c130313d36a6fce26b7e6be11805e
oof,997,stead_event_01410,7b0714bcf03a48589cce2fd6863afcd2c8255e9e2ffcfbcaf1862cee44b23b43
oof,998,stead_event_01411,1e414d3201beb9b151a5c3ca8d9e3a7e4489678f4cb03c2ab78218b458f0a094
oof,999,stead_event_01414,eb3dd1e26677ec292f652c8da737fc468594efa529f690ef4537403dab5f6c6b
oof,1000,stead_event_01415,4bdc6ff318ddc64d4015ca68ee1e80ac1420243eeb169e024913df75065e9fad
oof,1001,stead_event_01416,b9b7678b893a25d909e1345c747108e0f5fed4b532bab6dd96e828a00f6bf352
oof,1002,stead_event_01418,12a290361a88595856135eb843f497e5262c186fc252f57a9a3bf03363e6e2be
oof,1003,stead_event_01419,845c313c2a660685301c984d47c179052f26996116fbbc4710e90d1fca8e3a50
oof,1004,stead_event_01422,ca455eb2299c52c933da04b7d0395d8415a8e0f5fcad02846c204f119a0c69c7
oof,1005,stead_event_01423,a668c12eee97b3ceeef9ca3ef67d9bba53ab5a16b7af2e890212a9e531b1e822
oof,1006,stead_event_01424,c625948285d743806a3bcd1103ca8eb81eb002a3e278444af95164dfcc5a6ab2
oof,1007,stead_event_01425,d524e231e184d222cd3912f34d82c043cd2cb1dc0fc4ca36981db820c4ed1592
oof,1008,stead_event_01430,e71d9c6262aa36e12c8252d6d12e5acba8e7bd860648cdaa9a40b0be0c789283
oof,1009,stead_event_01431,695b79f947cfea98024190df1cba8f93d89197328c6a7b6de2ff999cdaddb4a2
oof,1010,stead_event_01434,d71203795dec869a505b908a8261db863ab8a423b12df3d5381eaa0918431127
oof,1011,stead_event_01435,8f7d52cf21a0a82aacd6a75ac64d31dbc9aa77754be3dae4ae8777b0a933cb41
oof,1012,stead_event_01436,79960fc0ca8c1c6f20ba89f446db0b34581936d0d06953f9b89e2862ee770a91
oof,1013,stead_event_01438,56eac136a032a1e61ad9f0c651deaef0fe44a6497efe05df868b837f1ce72c18
oof,1014,stead_event_01439,2ff98f1b612237de756a7d880f79d691b86bd359d8237ce260eb08bde814ff1d
oof,1015,stead_event_01440,d22463c03bf0a6e174eeeb3cb1bfcf6cb5ae59d429602fd1864683b7e9961e2a
oof,1016,stead_event_01441,0c67a6098fd1f5ac8f15a47b9380b8cc86d754d144761e2b76ae8bc8ee0c96f7
oof,1017,stead_event_01444,b8fc9fae6ae0673cd7cc276d36158dc08342456883a8e82fc7672cb6dec0fd82
oof,1018,stead_event_01445,1b878bccebfbfd09f907a152d85bc0394f49864556749b8649ba47c5edb0c8ac
oof,1019,stead_event_01446,ef70cf8721b1895b947cd2ed12668f2642ef58ee8c65de08eaf35eb70a31be49
oof,1020,stead_event_01448,d4b4e5b5fc6da11feef3f82e492c3432c45acd8274b0c1710a1b3ce42fe761e0
oof,1021,stead_event_01449,6a4a19c0d610d2cb9c674f8144728f62ad19bd64e99069991e117c6e5fe5cc8f
oof,1022,stead_event_01450,311e58f185f3afe646cfb9a560317129939f2a2676d1dbb095e3c34920d9e875
oof,1023,stead_event_01456,34805b6ca43a19334dc8b5552d1ed1452e04cb2b0bad365647bc68884cc3509c
oof,1024,stead_event_01457,55901e95d73549680c467bdd9be90a430ec8bdb55a2195df82cc59c725747ebb
oof,1025,stead_event_01459,2a74eae9dcdca5de4a512376702c761a6343d75d5451a55e76b3f612471a6e83
oof,1026,stead_event_01460,939fa20dae9b08ca4219160aa3793089a2d3569af3357688ed257123e6778340
oof,1027,stead_event_01461,a665912d743bb3bdc2521756248b790a76196ceee7a63036d2552b6198a86b0d
oof,1028,stead_event_01463,be20f0c25b3268f58e713de771f1c4efd493380ecc59cf84897246e8ea8725dc
oof,1029,stead_event_01464,c3bb1644a235f3d54f6e1a9e72125dd67590beefb398cadefb907cc6acea326d
oof,1030,stead_event_01470,4b9328cd7ce5543f26eebdf435f499137625413d090ecaaf4e35f93d281521a0
oof,1031,stead_event_01472,da8dc7a1c35eda75657d87e51f6717b6bd2ee7afa907c2c7a0732b0e2fb4bcac
oof,1032,stead_event_01474,2feb7c6dacceda870cdbdc266a674dad793b74f96bc57b770e0e6935f80bac78
oof,1033,stead_event_01475,a054f8dd9baee7aac4e95c55b31b56ce3f4e87c6867ce8e4b1ba93114412243c
oof,1034,stead_event_01476,339eaffe43931955017bb2b392ee8166851237d8c2c22c1681d7a26fb98d2c42
oof,1035,stead_event_01479,3b1a3cafbc533e1679993dc67f59d5501acb8a61899cfe3b9160575b33621cfe
oof,1036,stead_event_01480,6ab9b2153d7744954e73402c96045c3220f19ebeb45e2ce5840a74e5424009ea
oof,1037,stead_event_01481,8620f3ea69793ced9ececcf6d5110be9fced460f881112a0e0ff9bf0e403a4da
oof,1038,stead_event_01482,654f5daffe725903f6e619a32271b497d617d1b6c7e7e22a5d5e653355c55c10
oof,1039,stead_event_01483,7e9bf2a51836f9860d12dd172e130c8bbac4a5f3cc5abacf32f98983fe211357
oof,1040,stead_event_01485,d6ac793ea95041423564cec19449b551df9901f854d340648852ec364ebc9454
oof,1041,stead_event_01486,ff2b813c66bc2d2f0ea9782e7bbdc4faaabd42e7a20e54cb5a556fe0dc6bfaa4
oof,1042,stead_event_01487,eff2a4d22bba03983627bffe9acf03c760c50394beda7e6b273aef8ce0d90340
oof,1043,stead_event_01488,e962b9f87c8f5a6045f928daa862959d51b83e357b946eb3a28307ada2d15a1c
oof,1044,stead_event_01489,250fea9b7302282780e108b58e28154074a1fbf170b12d44327f4f3fdfc8705d
oof,1045,stead_event_01492,6285b3d73b250009789cc8312c4aa90029278c45be3ba78c3c9dcd8371e2e7d3
oof,1046,stead_event_01494,8f4d8f35376acfa8f9232ed162d16d265926a833ecb8b26f2c6a5a637b28a832
oof,1047,stead_event_01497,ba604b4bbb15ffab2f404f2f2fe5cdfcf15273587f5f4c6810b21e8ff22002c6
oof,1048,stead_event_01498,66c32fb9f1545459b034aa555a27ddbe9726b90679b09ff4eb8b99bb73e04811
oof,1049,stead_event_01499,9ac0640547ea5f9d7920f295d56fc775a30b10de47916ab2f10ca637fbb30761
oof,1050,stead_event_01500,d54c304f7793bd6d0c91c8702b363c155e109f122301e374fb6ebe5ee0d385a1
oof,1051,stead_event_01501,45897ee51a3d659924b38128d8121b40d17a6acd6921713efa628eca4fff96c4
oof,1052,stead_event_01502,64c0fb3c0726cf4f636e6bcf10a45da7a5fd78154c74144e725ad5c4748eee90
oof,1053,stead_event_01503,1eec700dc6470c9b5d185f473bc708877cd94487db65714832583b2ebfac79f8
oof,1054,stead_event_01506,1752f47d8c8ce9f16ef02423d43ae0cb19964418d2fb1ba75e15895b14af4e6e
oof,1055,stead_event_01507,09b09b8875d8e21093d6124debeb7a5ee739eccd09a82f168083681a3eeb7e2f
oof,1056,stead_event_01510,e6d577da02cda7aa152fd887f03cc97a163995c2a0a591d5032f9e7b50b02bd2
oof,1057,stead_event_01511,c84404da68fef526ffe5ea1a6360a15b1878b3a7e989b584648f7146787cde44
oof,1058,stead_event_01512,7b7d1a7fca879a50539669fe031aa90b4767a180f7d4748cd3c612dcb72b9c55
oof,1059,stead_event_01515,24717459e5d67819513400e66b318316402a1a36a74554338fad9d4b437017ba
oof,1060,stead_event_01516,bab1d92e737400e499c3f3a1abc28c446e8b39b3d9c6c1d505f30a26dd2547bb
oof,1061,stead_event_01517,ee58c0f7654fbfb827ddc385bbf0ee95e2de2dcf3ffb4b6382933c78d131a09a
oof,1062,stead_event_01518,d211754dda512154cc5eab9120756f21c24114366234aab49a9d23418b8746d7
oof,1063,stead_event_01521,308235858262f16a0f916dc0d36defcb2d65ffc07b95e20c71bf26b1631c3af3
oof,1064,stead_event_01522,18e70ed1e471e3eb9d197d2de28a10e5d14f8fba0065ac56ce3607c150668461
oof,1065,stead_event_01523,afcae3905406369c49ba578c4acbd7be6596e54619db48d79384afc95b81fb3a
oof,1066,stead_event_01524,f9e3e5ca2928a4cc62d49912e84f34f907b3c6a3eb400d6f82e6cc7cb2630114
oof,1067,stead_event_01525,8c20b23c13c0b3b32e22d9ac1f3fb3db05c28d6c45b04196001f23568f08c893
oof,1068,stead_event_01529,d95d798d46dd500a31b29ee0fbf9dfddaeb3de1fc6422e937d3e89339bce5f0a
oof,1069,stead_event_01530,45eb37601fbe6ea9b32049e940b1b68b2013699b730a2ebe516c93be77c0ea1b
oof,1070,stead_event_01531,400860f97a59a97b5714445dfe992afbfe9b6baa63cd4c1bbf42f6a2822803c9
oof,1071,stead_event_01532,1874cbfc0ec489177f16ddceb2bdeb3d099199fc110e2449f93d28ccc2335fe7
oof,1072,stead_event_01533,0ce3d7c122b1c23f55e563fe37bccb2ff985133282208782c44daddc9143175c
oof,1073,stead_event_01536,5f942c555d23796919d3d1dbc83ddb174a0467b487a167ea86a4a20aafe7ccb8
oof,1074,stead_event_01537,06b408da38b3d54912586446fe26d1c530205d2967031041ddcd34ecf3bd2e2f
oof,1075,stead_event_01540,b9e1e17e32146ef4b0615710a50cc43f331cf85f78b1f019357af1eb3a581716
oof,1076,stead_event_01541,7d87d42f41d6c84cb4d4daae495a1a8fd1456cc4e6421db025b93f8dfee66a9d
oof,1077,stead_event_01542,404536b6f1b5853a5680053995346d18c189912ab8f301b0172dc114a55dfb56
oof,1078,stead_event_01545,8303a448d4fe54354c028eee432fecbc96c15f5d0abaae6d2bfc2e78b0031a07
oof,1079,stead_event_01546,44ed5cce5e62a14ea7537082aaae50a0eee619135088b0cdcd93717f0b972e75
oof,1080,stead_event_01548,78aba6f13fcdaba43c06727d63b006f49fa62aca4191907781b60e8732105259
oof,1081,stead_event_01549,611091851e8dfc62ff7840ff1913770b691f87e8864c4906c6c0492845d344e1
oof,1082,stead_event_01550,5106178b5eef6c99af235fa9f38e879af63e417883257fa685b314c3a99c845c
oof,1083,stead_event_01551,0fe32549e0374e1ee0660df59d585745db9ae8ea30f14abd3954c47656674494
oof,1084,stead_event_01553,3b7ee95afff640b833eeae470adf62478f10dc7c63bd69489d02637e861e1d02
oof,1085,stead_event_01554,0b1d208bda41e4236b45c6c17025d164bea0d69bf0b76d5f7f0f6328a584def7
oof,1086,stead_event_01555,456fe91335d4fe910de4298347201c1e39cd9f92f7e8bf31189aa97fa3341ec3
oof,1087,stead_event_01556,3d7d136e10807f1324e7582fe4288eada45ff322658cc88ac2e034c79023a78c
oof,1088,stead_event_01560,2d26de99caab60cac6476376b7df11f950184fe5c337126f33e42bf8c03194e2
oof,1089,stead_event_01561,fc890603d5944f932aee871046f32f2bd88a83dcdcca2603b031af6431009b84
oof,1090,stead_event_01562,4d4a2967e090e339b6d280e9b2503679c89cd7df097830fa5dfd546ede1e8ba0
oof,1091,stead_event_01565,c24ec88f99cc82ec2c608275722adede1af8c56c2edd7015613e2f2a6d5baca9
oof,1092,stead_event_01566,89c91040b5402e4900d5cbb1571421873a1ea7d69cec4eec4e251c4098f0c24c
oof,1093,stead_event_01567,e8c1012886f50bfb0fb3b70577c59d573fd49e49aa31b9693b98bf454aeef8f5
oof,1094,stead_event_01568,c53dad917c74ff7a31e07a4ca1135894c9869503a8d68e46e3b6fd6926e27401
oof,1095,stead_event_01569,28164aa85d8c722f8183ca01d7e822d0969caf96ec7c8da146cd74611166aae5
oof,1096,stead_event_01570,f49f9ce0013ccda94452dce57ee702d67a76267501d9afed4725a895073663d5
oof,1097,stead_event_01571,d2d0712492e6d93a3bd4d096529981eaae2649372fdef656738c7d69325e0e0b
oof,1098,stead_event_01572,1f7c3caedf0093d947036a0edc81effb6e56f3a1237b286fe1ffe84d53a84d36
oof,1099,stead_event_01573,c023a056a44ad980d1eaf7b9095dfdb2614730e4e907afa9d658ea570802009e
oof,1100,stead_event_01574,6b24e2a80a43da3f32fc8c6930bbffb0fc3a84c8bc2dbdc97a6344e7869a852e
oof,1101,stead_event_01576,c545cbf024099438dc76d6d806f7874d3d62b7fa089495c2fd803133df566ba2
oof,1102,stead_event_01577,d81066845214a9c06fcf90f089b3af41d8de49f01270a2a9c7057ceafda67552
oof,1103,stead_event_01578,341d23ad0d38534475664dd7f382756df2cab8eccc72194617b1af7f34899d9b
oof,1104,stead_event_01579,571831d631ffa7e63542780331f8b4a486b7badc255754ee65459829884ee82d
oof,1105,stead_event_01580,3461cdfe9f7d5c15db9397c9623db6464b217d2b069b9ee3227a87550d21cc91
oof,1106,stead_event_01581,ed4750f719df0a56d4958c31cb99ca55bc54a072455ae215c5c78accd99cce90
oof,1107,stead_event_01582,f30d873e6b2431f83bf9de47dc692be8cbe2105748f7d7a4e982e50e995b4841
oof,1108,stead_event_01583,62f77e35145b03973afddf1055184dd70ef973f1a2bf7dceede702225e219535
oof,1109,stead_event_01584,3a76bd8fa7b1bf47d6ed81ea5562bfd1b3ed05777fd8cbdba6b12d26b8001281
oof,1110,stead_event_01585,d975c9ac24ea6e4df0c6dae4b0722a660bfd2530f6fee210557f022e00d7fc50
oof,1111,stead_event_01586,7849eda22e6c304e29d18d4270f9ccc38c6c786a3bca623cd6a691b92b216461
oof,1112,stead_event_01587,2201973d2fe84f97ebbfaf37e3df7e910c7a35a5e2367a8f93c707b226142658
oof,1113,stead_event_01588,1387c7d583e721c82b73a6f4e3841ee13e8f7f71a5827499c0a71258fdaef639
oof,1114,stead_event_01589,e234439936849fb14af936680b801caf303c4633764ce546c06469ff735c6c3c
oof,1115,stead_event_01590,f93ce33a652b22ef7706139c2da9444c13dd90fdce8620e1527ea35fc6d03485
oof,1116,stead_event_01591,e076a2e3999207e7efd8c4e38726e4307f399aa272325e52af4538dac8997895
oof,1117,stead_event_01592,bcaacab20822fd935026d952049a03d64c1aba631eefc7456805e61874cba2ba
oof,1118,stead_event_01593,1c0caa63d66c43ab5bc11afd30c5a8ea4fb8405b0b9cd0bf9dad1f19d3e197ce
oof,1119,stead_event_01594,942681c847615e388029e20ef9ae7b589f1d32d92170632a615c34ea67c3483e
oof,1120,stead_event_01596,4c0e22a3ae24e86cc9e021b09ed2dddb7ebd9dcc1ec0b30aff9d51ea5a15f354
oof,1121,stead_event_01597,71fdf010604c1c27fc51667d15acb36b6a2a8cfcb7e9b0f077f6ed7fb01f5651
oof,1122,stead_event_01598,4e5e3606abfb1722a73107720329dbeff356d0c535bf4724a9f0e0951fec8cb1
oof,1123,stead_event_01599,b9b6234e83ad517d4fcf89c055598107e565c3704f696aad8add9399a2b2e0b9
oof,1124,stead_event_01600,1cba83c379e9632c6bcca85a641c7cb36b6c77fa0d7a9cd0caa89372a35770b5
oof,1125,stead_event_01601,d22aa26ffa83d14d58647a419f650d45409be34f3e3493f077e7652921d819c0
oof,1126,stead_event_01603,b0d874d8ec71ebe4727b0767b9645690d755883482c9a64a76e81b022242776b
oof,1127,stead_event_01605,faa74c123337c352677b404d0fd9ff755f4c6f5ef0ecd2f42d2711414aa48632
oof,1128,stead_event_01607,707904e9fdb1e37aadcf0499b8064d4dc0cc39081af6f9e82ad5a03ba4515215
oof,1129,stead_event_01608,4e2c05e3dc63163dc3878544f0f16d0bf3f42fe6efe6a84e5ca689aed297c29c
oof,1130,stead_event_01609,29ab983b0571abb0f8deef55dee9b6be6d1b155ca640f2fbbdc7fd0023c89319
oof,1131,stead_event_01612,4445f9c73d253822284b72ae26cfc7887c8076b14b846a650c9dbe143ee3177e
oof,1132,stead_event_01613,02d38eda95e23c2218c607a4f6e34182f609b0462b743a9a1650eb265f9bd26b
oof,1133,stead_event_01615,dae2689cd3dc1d561dd809dd4887de1a218646ebe2670e0ee7653caec4c3111e
oof,1134,stead_event_01616,0ed2435357ff75e087063f33c99fb44bdc77a1243752b5a2a658f4d4b84f517f
oof,1135,stead_event_01617,18deca0d98a466285c9897f1b03859fa531aae966f007a6c6d4f66fef7bc166b
oof,1136,stead_event_01618,1ef68de4fc10d670b4d1f605c18d7b03f0ddaefcae5a44cbd4792dc4926e8e5f
oof,1137,stead_event_01619,5b75fc2452675ae2ddfe96ec0b46169b228d26014da383a92c9412e09db5e866
oof,1138,stead_event_01621,1edb9af90d5d96762ea068c760002b2220ee7c40252436737d6898fe1323beb0
oof,1139,stead_event_01622,ad63286057e26d1d5f6645fb6664af6e876a6f5ee28eda59d1800184891e65fe
oof,1140,stead_event_01623,4022b719a3b80898fda63a7662cf38bff6a663810cf3c2bfd257c871fb4a9bcd
oof,1141,stead_event_01628,85affe110ee90fa3ad5c146b46206566ce50054ea41a357a1df54b19f998f69e
oof,1142,stead_event_01629,5406b7139ecc476b778505c196f7f0d522b0381ff3b745633921f292e9846cd2
oof,1143,stead_event_01630,df31f160fc94eb549f71a2262dcb803181c8fb04fc7fa717b85e47be55823927
oof,1144,stead_event_01631,03e47f46701bd7ecf25c179e46ba21e595f953990632e7689d40a25249a7c201
oof,1145,stead_event_01632,b884a864be9eb85074157fa542657dd02e6645a275f396954bf7fb3207ea73a8
oof,1146,stead_event_01633,9f99a8e195c8d775625b44498ba5345ef14f386dbfaca4dddeae55913626cc9c
oof,1147,stead_event_01635,554689415ea4d218acfe4be2da1882c4390d9d7b1d005e61005230f2df91289f
oof,1148,stead_event_01639,1aee4a06aef8c969727cf8916e65743fec8badb75c707af190b4b96e7e975bb5
oof,1149,stead_event_01640,fe689108d40c7b884be2ec6719316e4369451acc89e44dd8d78f0933b81f40a9
oof,1150,stead_event_01641,66ab763efe8b44d19b1e92b39c645f1156e6fd82aaab6c39a34dde7d757c5037
oof,1151,stead_event_01643,1e99f7d903dafca141ac295d6a1224ff43a9dd45d994828a2700c1834fb57873
oof,1152,stead_event_01644,a577c10c82dacaa970acae58a2aa8089802af26c52742a73ba269f50e19af0c1
oof,1153,stead_event_01646,5ed96078cae9509ade49e939a2545e3889757093f8fc5f27b83097c2e9a3b89c
oof,1154,stead_event_01647,554907c72f3749e5c5cd77c2a2afed07170194eeaab9032b6d9c6a2df16c7f2e
oof,1155,stead_event_01648,038633c91476b40fca772398fc1bff42058375b9288e6a0b2e5a4cb2abfb30ee
oof,1156,stead_event_01649,94d9546cb162a95ce795c126877ec2a9b19ff703b593ebbddb0f273f7d65933f
oof,1157,stead_event_01651,a3542661481c8dcf9a0bdc6f7dfe11d33da4d86955f6669804f419a721c44532
oof,1158,stead_event_01653,7a1f654560b18491bb5a6dd07a963eaaffd93bff3700a87f33075ec08e00cfcc
oof,1159,stead_event_01655,2774685222a3ed610c028ee2eb3ac1308bfa06365266ce468e2378c1ecc2dd86
oof,1160,stead_event_01656,0e1f65d8547a850ad4ec6b67dc098e882cf204e8018f1d765249834079e7ee06
oof,1161,stead_event_01658,11d291a0cfb0291d9f082622717725ea3e256bae8ce0fa33621911bdb2b8d186
oof,1162,stead_event_01660,1b7888195b1a77b4cfa8a058f53c0d30eb7f25cc8b74c3610383d34d8a851512
oof,1163,stead_event_01661,b7c98e521829f6795e2b2ad9ed4e1ded81f08c00e7c713598267be5efd2be7a0
oof,1164,stead_event_01662,d794ddb09043f66753ff601e4435d5e6d1d6c76efc6a452913c989663a0511cc
oof,1165,stead_event_01663,8f0497658bc169c1d6e695048668e1cb1495dfb814360c686b0fcb51b44f03d8
oof,1166,stead_event_01664,2e1d44fe438e19d399d253daf8d70e2b4afcedc2c191fc866213ad9190147c26
oof,1167,stead_event_01665,6c06f9e9c85d5d621f6c79c4e8d5fd63f2a014ebc6e328b758edd9f3c068e539
oof,1168,stead_event_01666,6238b3d61a43b76317629a1612ee6f70dac5c258247928dddbcf6f9f3035200b
oof,1169,stead_event_01667,2551046ec26c39ca030b1ff43404222edbe17ff6a9bc1131a11ebeafac7ac82a
oof,1170,stead_event_01668,3de3612fc9cf1b1bddaa22d5180f1e1fba3e45bc48943206aa1b485dce1ceaa2
oof,1171,stead_event_01671,430940a5a08a9fa7315a1ff67b2f1efb5a975a679a9f757c1f185093e78e2a12
oof,1172,stead_event_01673,e7e96d843add74ef2ce5305f1fc5e4ba15f32e7a4ed8eaa98bbec98cd62776d8
oof,1173,stead_event_01674,b4aac1c057b897d73d1c063463e5711624e13fbdaf252c495b77809ddaf70804
oof,1174,stead_event_01678,34157185b590a306007c20f83c477d001f01aaf77ef187bc9e2384c0be462809
oof,1175,stead_event_01680,beba62b4e65caf7fb2cbd120d888c251701fc45c5d0b7d833943ed6f3852cf96
oof,1176,stead_event_01681,c860549cce471ef4db2489197b3f446403391100ea65816f131114a1a0d03b22
oof,1177,stead_event_01682,db3861ad3144d1c03dc86f1b05544ccfae4006328f0a118ba3bf0bb74b8d219e
oof,1178,stead_event_01683,78353ef9ff10d2eba97547353caba73550f149c5a2224de89f1dcd16c9461ec8
oof,1179,stead_event_01684,9389f17271bbd8b2abf7d806627211c80fba6b313c8970f3f8a8d63b8b4ef26a
oof,1180,stead_event_01685,3388fa8c91cedb36b8ea77c5f487da6c9f8794a440c5dc84fd8d65b656a48ac9
oof,1181,stead_event_01686,95801d6bd9cb713936f89a2a5b3c6a6acda9fb5ea3558d6c461e8445ffa5b534
oof,1182,stead_event_01687,ee2b1248893c9167f4eac054a6c10270a71ca3c1fb47c0a23bee6a115e522caa
oof,1183,stead_event_01688,e27cedf68310dde68d6c84d6c7d99cf1047bc1814b951037eae8313a25194c57
oof,1184,stead_event_01689,36cf9870c12f56bb57d25a21bb47ab67d5011fa62f064233272be57cab973cdb
oof,1185,stead_event_01690,6a96607ee62b04dae42d65996a1192b8c35d5c5184a103be99c9d94be874251c
oof,1186,stead_event_01691,5b93d839f8e14b21f89d3dd62ad95562379821fbde142aa84d807ad79d9dee55
oof,1187,stead_event_01692,ba4740bd996edf107edc78cd6db151967cdaeb619042c3842ecc156f18200751
oof,1188,stead_event_01694,d477294a9bbaa84f4889e6fddec80404caf72a1e6a9264b3a01a3682148a57c9
oof,1189,stead_event_01696,bc692f3a533d918305961ed233923ad2f97825afdece03e493b483527b86155f
oof,1190,stead_event_01697,a1daa670c91587238aa51085818a899865292acfb3a03ee29afdf0b70d6cbdc2
oof,1191,stead_event_01698,9bc176895b7ef89acba2906d5437d9f8dfbf0f7fb6ae13c770e93356a6f58c9d
oof,1192,stead_event_01699,2862ef7aa91de0b15d993874cf0a6cbda0236c566643194df952cc7b185f051e
oof,1193,stead_event_01700,132e112c4d37d3424e8ff56aa6bba20c1455745dc0e2a4763216f55d5956a109
oof,1194,stead_event_01702,c9fab9e2389c4007fd4e438036d9540e84e70a8c5f83c070ac377012a57f1d75
oof,1195,stead_event_01704,5cca05ab8587884627323ea018dd44ce99cf4b0472f0597504f845c17bc3b211
oof,1196,stead_event_01705,79926860b6e8d49e4cbc51942b0a4c8ddbaaf6a4a905f9486c96380eef2d6e83
oof,1197,stead_event_01706,15c4aaeb26eed09e3e7b7ac7941b524d29a0654a8bfa242c8b5bb14344170089
oof,1198,stead_event_01708,29ee07fb85a71af4f649f14c5153c27d11a072e66f7e58338094c454a483a91b
oof,1199,stead_event_01710,a94be122ea18809a833c4e612b56688a9db78df718e4cf43cd17149c47bef8ca
oof,1200,stead_event_01711,71bf1d2343e3303c3058edfc64751cef09e0bfa0ec6ec7964bd9c81ed02d202d
oof,1201,stead_event_01712,c8a1904834acbc53487eb6f3d2023516d259610f73b55f6fe87e0f8f06f3d209
oof,1202,stead_event_01715,24712c9bca3c5f81b440a06dd566264ad5fbd1d64008b5c5dfb69b3aa7d80731
oof,1203,stead_event_01717,39c8124eec8ee21590099dd6651324cf70198cd06a4242c81cf4b673d94e30a5
oof,1204,stead_event_01719,82e9f983c48d7bcb0aa7d50fc8776a1e4c71e81181aee6a292793f43cdefe89a
oof,1205,stead_event_01720,bec9965594d87f1f96fb57c9d826fa9d153745fd68dc126d307a598cb848d5e1
oof,1206,stead_event_01721,de59c8211834395ef1604956997911e6a5b83fcc8a7b907a2429519be7508f6c
oof,1207,stead_event_01722,e376abcc0926267bf4d4f60a345ca3277b5b22b333ec44665f327b83bfcbd4a0
oof,1208,stead_event_01723,8ab1dcda30b92719ef2cdb25591841660e75d732bc031e219f4980638939ff99
oof,1209,stead_event_01724,e802319759a312446d9cf5d1057a3cf528c01bf2d8c736251dd4bcefcebff833
oof,1210,stead_event_01726,0089fa01dae93649ea1f138c9c6be2007da14efef01f61491cba70ce0bd9e157
oof,1211,stead_event_01727,896da949040f7b8a698836f2fe4036e878dca68711241b82889b9a0bd60548f4
oof,1212,stead_event_01729,41cdcf0a2162d6b5cc81b5d77269d1d7d712d1658b99e75cc6f6d9b73fcb205e
oof,1213,stead_event_01733,1faa910f6861687e7faa6729e02dfa8d8a3f3545de7e946f0512a516c7549753
oof,1214,stead_event_01734,447e3c4bba4efb157c457edf7890b4d97a4d67ed80bb39a52ef7d9997ed372bb
oof,1215,stead_event_01735,7bd1a953ee5da44d3aa472c26730e6a708e292643c4947169258f22575ef661b
oof,1216,stead_event_01736,9b272890463dc77558f0d8265c89b3066e1cba8342beb1efad935d9bfe5d000a
oof,1217,stead_event_01737,b97c0d4d528ec967168e929b0393f006f09d9465ddc3c7f39addaf13d05ac44a
oof,1218,stead_event_01738,dfb9f6d07b91d40178a75324d4b84c9b0706adac2d9eb224fe68ba34f6bc2c13
oof,1219,stead_event_01739,9e8a01b2f1d709cf83567eb70ca5b24ba125485460cc56d3aa963649d578c4fa
oof,1220,stead_event_01740,15056acbd970b650321b3f38795b579718716739e00a104d478fae01bd0500ff
oof,1221,stead_event_01741,9905ce31b5d5d2b61150ca6313e74f0e024b475dcf4dd6da29a88795242cc8ea
oof,1222,stead_event_01743,860b765d7c1977fc978a201d2ceadb395af4e9d8a3cb7e028563e58d46db59db
oof,1223,stead_event_01746,f3ab16055b50877c453a55eaa56582c077080216373cc66f9dede86aca6a29a0
oof,1224,stead_event_01747,7696def783146f216db1fd5a2d46c735dccf19751403442e8177d06582f792c4
oof,1225,stead_event_01750,8b93e2ca17dab244b51b90c0a37912899bdd226855ca5d738a8916ec7197f7c8
oof,1226,stead_event_01751,b148e88cd3449d5e933ec341d950367ed0c0d820c3061eecfb35cf45f5b34af8
oof,1227,stead_event_01752,af574f83a6b4f1ec6ebf6374608c58428487456e568b5cef4da3e865be61e00e
oof,1228,stead_event_01754,f87c8fdb20a79f58214a0711e64089146a636515ba62daadc63d5131ca79608d
oof,1229,stead_event_01755,99c8e9d91fee95b192070a5a0e64ccc6cebda375138bd636a49efae8d35398ea
oof,1230,stead_event_01757,c8de8138108572c3b6e8c1a5178b483dd05481b40eae3e56d34e7e5572d0c9a0
oof,1231,stead_event_01758,2b1c5308937f04dd2d8393e32759d6535366d8e05fb381f91b1e68fb813bb890
oof,1232,stead_event_01760,998378232b673d7dd6fd496af02fe98157372e39dc9ad4c041ceefc24dd5970c
oof,1233,stead_event_01761,5231c694009aafc8683e32b8b6266c9defcb53c494dd9c7265335fcc6068684a
oof,1234,stead_event_01763,f5c6a51e0387607a0a6c39095c9191281907420ace4fedaeb85b0e01df917ab8
oof,1235,stead_event_01764,dc7996d9a1ea20bca2af68a2eb800d1587310e3f4b965d523e7ad597f2d3ab16
oof,1236,stead_event_01765,4dcb2a2cf224f1c1f2ff7328a76c691b56a3161d0df5aa1f9905299b8ab33e9c
oof,1237,stead_event_01768,d842ca3bc2c698a2a0e16d70e843c08240def4d7383440a522071642221a067e
oof,1238,stead_event_01769,e82b8bc4d90a5caf4c81a505c978d2c835cdbd92abfb8f5af005e139922b1b9a
oof,1239,stead_event_01770,af7971d48dc33fd1c86022fd023c7e54138d1776dd8844a1976559bd1e60c39c
oof,1240,stead_event_01771,b70bd85b1639f96816a6fdf3a27a1dfec5e1e0633f92f775b1ed2d45c59330cc
oof,1241,stead_event_01772,162cd8e0ac8eb5254be88820ec6ccca654045b0ee057f55d22279da7e195f149
oof,1242,stead_event_01774,45b6415bbea44cafdb242ea851ff8a318b971eae6939a8e4e032eecc1c4a5182
oof,1243,stead_event_01776,27789426228fcce3cda2c4a60677561570743acd68b6a019f2e8662da7a99b77
oof,1244,stead_event_01778,7b6ed660c83734c83c2e54bc58919629c820bf6505b6edab1e1dd11d24f674ca
oof,1245,stead_event_01779,6812f6b4411ba210ddc37e98296143039f515c1cf28fd101624a5a02252bcf08
oof,1246,stead_event_01780,d87adea8fbd0cf32a8f210a587f56c0fbdfef1693cb9a74ca1ea9967c550e027
oof,1247,stead_event_01781,90dbf37cfefd47958469fe68bc8aeaa32a01177c3146ce67284ddc1ad8673ad7
oof,1248,stead_event_01782,4d1c49525ae97d2278cbf42f0b4ddcec57c7ff83e25b543f8a1953e2ebe74150
oof,1249,stead_event_01783,e134a0c3a6e07ce3373258889a282b0674845508544b87518b1943bb0611814a
oof,1250,stead_event_01786,76947c2f3fdc3c7ee4d5eca005a449e8e737825e0e8f557defadfedb4af9e752
oof,1251,stead_event_01788,2ea9295f49f8a12d77f6b992083ceeef74876095ef79fcc899d1d1a1ddb74cc5
oof,1252,stead_event_01789,01bdd9abbb5f431086ad2384ca4fa206a9565977e27f1829bae460d803703d04
oof,1253,stead_event_01791,44fbb06155739120076bc5d854b3bd5d79f71acab8a66806ffb9259b6173aeef
oof,1254,stead_event_01792,39c27dab76c505af52d88088b9ba8912f4c83e4947c00c3575e1279a690f9968
oof,1255,stead_event_01793,f7ac5519847b03a54a9addbaccd76cf6c55c234c309554d9e62f0daea01ac66a
oof,1256,stead_event_01794,d65722686aba4d53030b69b60e8120563a700f2ad205c3db0e47ce9f8b14c75b
oof,1257,stead_event_01795,ea4db944c8ad9781c6d0b88fc6248f3adb09dac5b735de9adf4564794e0ecbea
oof,1258,stead_event_01801,a84cb0a5af52221fe6428af2af9c056606c3d76b8062530958674df4df911ce0
oof,1259,stead_event_01803,51bdb955d9a97980689748f45555e97f613e9ccd4ce5b3cb3223a78880497e8c
oof,1260,stead_event_01804,4e0bb0e1d75feb6450c6361807f9e1520ba5a9fee43916a5e59417092f331fa6
oof,1261,stead_event_01805,39510d8742909bf236e2b2a022154aeb1deca15bd997be61324eb981005ed7ef
oof,1262,stead_event_01808,aff2a18cb39772d235a48a7eb7fcffc613f37b45dcb92879e9161b4ce6bd968e
oof,1263,stead_event_01809,3bc5f125977a3ff8dca8c83718e38ba1e5055934d9530d5f6cee7783242b9d48
oof,1264,stead_event_01811,f205a730c2a8aadefca226f3a2ca604a859745b41ba074b13078727e79995575
oof,1265,stead_event_01812,2b094eaa4fef6b82a176d979c3aa20f001eeede8100667631b5f4b662be36e43
oof,1266,stead_event_01813,5722d89fde4c9fb7e641cd2533142e66cf8a97fcbfce00c350a6112bef3a9a88
oof,1267,stead_event_01814,7c607823dc3915d0d3364cfe596da53d243118cbac2e75e22b5ed1f107ff3815
oof,1268,stead_event_01815,477277f2c4b0e48f0bf7889679dbdc6c1a30cabc26bb935bdacfa864ec2c9e05
oof,1269,stead_event_01816,7f089556a5f14f5077f40937b764832aafc12438aac204d2191018c39e2c79c4
oof,1270,stead_event_01817,246cafdac90fea5a140818c59cd9691aa8edb2f6cd61c794a0d944cdcf44f9c6
oof,1271,stead_event_01818,d49331390a413ff7e8a07a210337263e0bd0ab36d35da7f06d26367358658e54
oof,1272,stead_event_01819,751e15661710bd02bdb3fb4fad55882322a3f62e74ec9c2c635c669c6b34b3fb
oof,1273,stead_event_01820,ca8c6e347ed6645f91eec795599608cbd0cdcb4ad7802e115cac6f343a2d4b1a
oof,1274,stead_event_01821,857e2dd68de852b331302d9c0f835b07df3aa15d658424888b04799b7fbd4d79
oof,1275,stead_event_01822,a0cb033eca0a30b4d5601f71917f9f788015f07b01aa0d259fa3dab10db57f01
oof,1276,stead_event_01823,f08af796226f38560e1aa39ef3ae97884769511da0be0a6df9ad96e596a46cd3
oof,1277,stead_event_01824,d486100dcfdc5916313f7bb2982e42c0f2dd12c4b4cb940d11ccf8882ab453cb
oof,1278,stead_event_01825,3eccdc035a1462329975030e8857e3c55acad299b42d6842b9ecf19209eee102
oof,1279,stead_event_01826,905c98450acd8f21030831b69ae6c485e3b2b8408a50e76b3ef4666744ff537d
oof,1280,stead_event_01827,259bba60e96593f937832a464a63f7e081caf189238e15147f17431ed855ab57
oof,1281,stead_event_01828,c5c5e1d2d3e6bd0a547a6124bf5db75676544fa8f84bb9b9381f1b63f323c86b
oof,1282,stead_event_01829,8211c6f5ea806f81fdb25d87de78c538301426c138e43fe72679c28bd2a5b884
oof,1283,stead_event_01832,84c18cba791f122ee2304c2cc92c32786851c7c1934db370f08c83ae0a14b119
oof,1284,stead_event_01834,e3bfa09012a266a348e1ac81078bc3d09db9deeb07a90143d51a8430dae78c5b
oof,1285,stead_event_01835,b68c64645cda2bca122a9b2c87ccc6a867e31dc2b5f9f64ad6dc606766331d9b
oof,1286,stead_event_01836,d154a258f2cbf63059d6cd72b8039fa609f28b32ecc40461ad706c42530ea415
oof,1287,stead_event_01837,9227229329d3ca69186b954a401e223b1e920380ad47e2391a1a2989aee62a8f
oof,1288,stead_event_01842,de1d684c044b2207b7dfcd207f287f690b0c2f825a04e57fcc2d9db004362581
oof,1289,stead_event_01843,a52367ccbe1a27bda30c74667b0bafbd15e22fd3579d6908fe255f27acdada89
oof,1290,stead_event_01844,3a3d083c51310bb5f6f39f19beee76558aa63d9408af3b3fbffcf7009ad086cf
oof,1291,stead_event_01845,b483fe4cb66bf55ae3f013d57cd077a554b804611724c220fea4f433d5e734ba
oof,1292,stead_event_01848,f184c64284a4986bef1b71f8d832a88444bb4c1e28c09f3764531eb4db982fd8
oof,1293,stead_event_01849,3b6162ae573bd9ed1f3f3f79b8e0db550317dbd75eb4496f5e31b4cc190e59d0
oof,1294,stead_event_01850,eaa065a86a0d36782a8788d69ae8bb93a0bce76610eea82be1ba43ce48b5d19e
oof,1295,stead_event_01851,5bacf0dd9b0c73346c84667116f4b007477e9c1b90b4a00f775af1419e49c8ec
oof,1296,stead_event_01852,98bf982e4c04f8be3fbe9db832571e60961e9e3896a073cebbdd164e9eb69528
oof,1297,stead_event_01853,ed8fb7496cc000e6516591cb36e9f90d8119805d3b72765f737b94b2d61bcd57
oof,1298,stead_event_01857,c6da8abf9354ca5079b7fa92c1af2e976415a5e341c86a92dead4ea7a67d1052
oof,1299,stead_event_01858,d044bdd8e071239cbd342ef8cb69d9cc890ebe4a1a7ce2c7762fd558535bc015
oof,1300,stead_event_01859,eebe41cab92f39134de8c6260b7c0b996db98c48892249afea0b762b64064ddf
oof,1301,stead_event_01860,3f871ff4a29ce535de31c2105c05ad1aa4d095e8faf2db8d5e922e8674ca2020
oof,1302,stead_event_01861,5174fb6885d79caa2a9ab2bbf827c94d4908c1178f6b58f4e8df700cdff7c0c6
oof,1303,stead_event_01862,2c179d912ef6347a3ffb9a9a9d79b5a54950d0d81bff01c5494ee6c871ece796
oof,1304,stead_event_01864,d31560cdd2c17b4511c4283220d0e72b6240b29ccdbba600bf83ab806438a73f
oof,1305,stead_event_01868,a97bef9750e6f590286b73a7a18abbe0247058100433b872fb2b7c7d64dd5bcc
oof,1306,stead_event_01870,3d6d5bc4ffb38898b275f9c9f4e6c8771a2a9ecb6b06f130b339703d82d4c139
oof,1307,stead_event_01871,e358601e4d52a57c1acdb22cfd368649097812b016bf8db8fe8d10b863ee656e
oof,1308,stead_event_01872,175de65cf929c442c9080eba0614a0dc762970cbf46d7c046e53707bb41a0d30
oof,1309,stead_event_01874,b1914f73ec29cfe9fa16457f0bf71cdc7cb62f24c4799d3e9898bce693093d8d
oof,1310,stead_event_01876,2e189b422496f4923a75e971844befcb81914d03d9c5c63ffc76c3f4fd9f7573
oof,1311,stead_event_01878,98a6fc35cd82f0c3eafc0a2d3d6beeed8c78e33c2a5b80a02e1ca6d4acad995e
oof,1312,stead_event_01879,9ece2ebf829d746865d1ab524a53793aa0890c3f5858f9e808154b4ea2ed219c
oof,1313,stead_event_01880,325780b3ce44b5c50bbe5a11703f996dbd1be5761ed29587cf1970538a279688
oof,1314,stead_event_01881,232da14cdb538162f466981cd17851aa25654eb0de4cde91638c3f8d23d3cffd
oof,1315,stead_event_01883,d403c96f66d01b8a372aabf9205941bdb9aa5739440df7b25e0a6de8186a76ef
oof,1316,stead_event_01884,0574033b9d49ad320bdc1e994cc62061e8b806e681122a08575c4aed67ca94d5
oof,1317,stead_event_01886,d9a54dcc70304c71b2794c3213e2bb1c76628a7fd97abae91c0c5645e0a2185d
oof,1318,stead_event_01887,52143362cbeb6562f8014da51d1cfdfcebf146808404252c86e304f0f1b8a693
oof,1319,stead_event_01888,f6be4239c656052aa14ec8c24c92604cb1d85471e88eba1e862cec733c980c37
oof,1320,stead_event_01891,0bd823626ac0fbd0a612f7dc53ee7cdf6b390b8ce2e615d0dd1a914c1c1bf25e
oof,1321,stead_event_01892,ae8f486114471c11477d1349a91e562539ca7ddac73efc4d4978154876f87222
oof,1322,stead_event_01894,4c868e65227efa7a53c3708be8a6f29fc2f08d781e539d757de312273f7f268d
oof,1323,stead_event_01896,1389c3170d7382e94ee3b9a24b31cab4e72b3c2458e37db655ed14cbda0540f8
oof,1324,stead_event_01898,d7490235fff330492526280abd188901388e442b95cdf055a6f8bcc9e855a12c
oof,1325,stead_event_01899,0f05643b725aaf5170e93dc22cfb390cc7ffce4ecb5ed673a83e890821f0876f
oof,1326,stead_event_01900,88ed64c7c35600f81e223101c33f1f83378de6057e0ef5811e73ee5c29e107d7
oof,1327,stead_event_01901,4d352a0a2f619a31486f1c7ed13c1b0a040bdc3e63ef110cd46df78426133cc8
oof,1328,stead_event_01902,d5bc9e37b36884f9114d4f2ae17bfa4a087bd9a2f74c01544bfc1c7d9806f694
oof,1329,stead_event_01903,11d17e354dc31ae9f1036bc97fcf6ad103bd319a4607bd2c00a23bb31707671e
oof,1330,stead_event_01904,d12a9425818a31b75ae823c87d541ce42f5d67f332b2179af1095f7e94e7114c
oof,1331,stead_event_01905,3388b649158ccb774f978e71fef01671158d5a45b3dc1c7dc7b06865b67860ac
oof,1332,stead_event_01908,654d5d7fbe54a02157e64fe48e8d85cf3e71a1449b90aafb0a32b28eba259c76
oof,1333,stead_event_01910,8c11622cced5bdbe7bd5d27f9f34086b90cbb46b0746153617ff88c6dee1f9d6
oof,1334,stead_event_01912,ac7bf7f092ef6b4521183baa1c04cb69380b0949a12ce3c36c3a851ccfb47176
oof,1335,stead_event_01913,d7e61e93834946eef97b335732fe413843ca8c20558f8989c78753bf80853ee5
oof,1336,stead_event_01914,4f98c05f05e5a1d4ce36e27c62368adc4b99768cd543e803173782159da537e5
oof,1337,stead_event_01915,b13dcb0ca9b02ea36eb9d5af826dd3b3916bafb84b3c02925a82c163689c4b8c
oof,1338,stead_event_01916,ee02d864b51897cf877c185d4f2ae57f83f23592de8b2167bb65a54964a952b5
oof,1339,stead_event_01917,4b039fc669267c083cddeee1a5dca4b465ac26e8d18b21b591cd81d2443abce0
oof,1340,stead_event_01921,dcd213ee42826da16807f244e223d463cf1b50786af9fc825f5b6bbe46ebd66c
oof,1341,stead_event_01924,08961f60d68cd04add724e04f79b65a22fa5142fa05a5e254a49ed1892731603
oof,1342,stead_event_01925,cb1d1d9e69e23cf0e8d1e2a7a6b2238cc468d961a485db935ea9c674f1fdf969
oof,1343,stead_event_01927,a6a32681b7a858a2acf78ff32e9bc863525b3aff6029014bea116b832063ab72
oof,1344,stead_event_01929,40ae52aa4ef04f0379aa7c0ea17d9a85e5e8a12e0f5ade7874984b8cf745b306
oof,1345,stead_event_01930,9dbe9111a3f9251b83ff4265081a20bf80e2d03463b557b1b4b67943520fd369
oof,1346,stead_event_01932,13489f760c0d978a46a2097caa541e91b656a418fd36480137d53258b07dba0f
oof,1347,stead_event_01933,ba19e51f1fcd37cd285de03960828ffc3d0676ee3ffe85fe3afaa7c2b2e2b66a
oof,1348,stead_event_01934,a8fc3898d37da9fb4ab156619b0bff31e96b2a9d8ef4f2e3eb81299d84f6a527
oof,1349,stead_event_01935,4216a8adcd0f6bf9424724812df98965da8ffabeaff61e7cdc78f92972c0732a
oof,1350,stead_event_01936,f2489efec7751bbce4334ffc93be63a3ec02149d2d9fa7595f387cd46bae613f
oof,1351,stead_event_01937,d413dba2593b20848c0e6a4cb63fdca1c4de5bdac1659e826263c7a7ef4bbf98
oof,1352,stead_event_01938,b58a5ed8c0a4f827387e92ec416e7738ea8872154ab42bd10aaea6de99482c05
oof,1353,stead_event_01939,5fe46f42d4344977bbdca6ace4c5aed32b60edbb1a5013e21c32476bd1f57045
oof,1354,stead_event_01940,07ff091378624688a8736a7e63593790020cf50470d1d2456376ef2cca81a905
oof,1355,stead_event_01941,9bb8f7be94c14f6542db979399fdd8dc9e9e83e6e6fb739694b5fdd755f82ca4
oof,1356,stead_event_01942,2721f7eb10f3efd49b9ffa715fd4318e666a7c5c4fae3de97b41dc51bc716eaa
oof,1357,stead_event_01943,66fa6bbee3ff3dd22d75b39414261c5ae41d0f54042de69f7cc9cc4fe6cf581f
oof,1358,stead_event_01944,279ea40c36ef0225d39a8c535b59c22c8079e7a381bcf5c5c54decdd7b060329
oof,1359,stead_event_01945,43d24968aa3aa187edc7b288e9d7c1893c5fc8c9e261474d2a92bacf2415f67d
oof,1360,stead_event_01947,1fc363f85e7c89a7beea1aaea2c02e881f4b9bac5621811939e9a7202e9e103a
oof,1361,stead_event_01948,7e9a40910fe0ecf8d2cb447f2cdd5a57a7bd6f70839adea55b8adbbb6521d63d
oof,1362,stead_event_01949,f216510ff0fc8ec42eddfa6d1cdd621087dc7f1e8c49e4d560ffdc7bfb6cb4a9
oof,1363,stead_event_01951,cb29b85a42b36a28a010ac8c35d17591c0abaaf0fbd6453b0b36c09c08552c48
oof,1364,stead_event_01952,732fe99eef207fddc39ee29f1835002a66ee899240646df089234dbe8ee7184e
oof,1365,stead_event_01953,01bf5331bc8d5986a68abf8c494abf75b5df619c8bffe2416a5892d284024d82
oof,1366,stead_event_01956,b73339a82b042c440d7bea143b5a86226af67e01d0921a638efd6760bce03ba0
oof,1367,stead_event_01962,5476bbee5148ed667c6093d513a2955b0b35bf81c89bd7f9c1c0862abf940f84
oof,1368,stead_event_01964,a4d41e5c0acc74f9f40332c239bf9f01ed168a870aebb2fc8ed9352bb4b62dae
oof,1369,stead_event_01967,7a8fa477229fe7647f8ea5d7f55981408f1113ab2cc36158e1f5ccad0f70a03d
oof,1370,stead_event_01968,9574daac76ad1a6e7f420e8d852fff6ad4a6fec1640a1c060aa04dc411be0ff6
oof,1371,stead_event_01970,31d832eaa734f7dc5afad4ff81c0d9985e2999a080b4d57da8a70c836acb37b1
oof,1372,stead_event_01971,be7980d63bbf6d65746003be0caf88e1d0172554df6c88056d7d66ac93d02b52
oof,1373,stead_event_01973,0eced9f563c86af18e7b772028b84c3a39a162027ab2ac12447080b8d9418f6c
oof,1374,stead_event_01975,66dfbeb684fa747353284f526d07616ee8c28c06bea71ce3f71fd44eea336ac5
oof,1375,stead_event_01977,a3bc39d4067f60794798a8c5f106440a330e51205a4b4f6c6c569d12c6615c45
oof,1376,stead_event_01978,bb08ce57d0787c81dfe2f0971e2bec0d3fe3405412c0cc0023bec93d0ec5c5a8
oof,1377,stead_event_01980,ffa5d099f6750b6e1b873a89e050eb79578f2116cb3cf5fff9f2408dc65e9dea
oof,1378,stead_event_01982,1c1b05b56044b9ea6584e3406d8a1bf2b9b429492862a21cb69dc5c9930f33a6
oof,1379,stead_event_01983,fec050004651a31032640154aaf006f1f30285d7d6af36c7f53d863da37914e3
oof,1380,stead_event_01984,b7d6e2df410b615a28574b58e92ccd8cd2fe04f2a7918b7aa2e0c5c81050363f
oof,1381,stead_event_01985,501fdeb9a0aba0dfb28a358d6cecabd451407a98add3ba0ba9945b93ed1d00f8
oof,1382,stead_event_01987,94e3c1d8ddf0e35d5945a9c43595af847f35682b6cabcc0d4b05942858d72a3b
oof,1383,stead_event_01988,8bfc4a5fe27303125c3ac5331d6ecccd6a8a2889011f4cc74e6f89071bc21941
oof,1384,stead_event_01989,f0a44499a9197223fa1bd6ee1f2ba98340897de09f88d14466746d86aa19f446
oof,1385,stead_event_01991,28b175950dad83e3569eb49b0e9d6e95467ffbcaf2c12d1e8f9a6319cbbfa346
oof,1386,stead_event_01993,137bea7ded6b6e2e4b33ae064aab6c282b45b69841b91265254d3eada6e00cf7
oof,1387,stead_event_01996,2bd916ac16ce19b4df0c59143e5db73d6f69a401a3a826e33eb7bdb3dfde2160
oof,1388,stead_event_01998,786083121d97994d7448d99f743745996cec0264a3879047daec9e6336ae4d09
oof,1389,stead_event_01999,50b8f30f8cda70abd172440317d394d5b40c29d7573066678b0c7005d35e8446
oof,1390,stead_event_02000,efd637ec6eee4c97dfaa6b9eae0c98c07c29c9394fa882759be65b9d0cefc830
oof,1391,stead_event_02001,4f0d893ce7b76985823bd8fac4db83cff3355360dfb3ab7ff221d2e53420f59e
oof,1392,stead_event_02003,d3b22a0b8a12b1e028b599dc15d6784789c5b382e1f6cc33ea2d4d6349ecd9ab
oof,1393,stead_event_02005,9af9562b637e6e250eea0262705d38be52cfbd3c13ac399ef9f3c7c914adfd32
oof,1394,stead_event_02006,b22890b75a1b408b7fff5f67f492967dae01321f9807a406127edfb8c9c7c8c1
oof,1395,stead_event_02007,0d5fdbe26448b9a0c1cf4e87840d6c856eb285b69ead8f92c31fa11d5ba494cc
oof,1396,stead_event_02008,f779ae31eb673099dd69408f404d46061e52646a2004f58240872c8c4d2863fc
oof,1397,stead_event_02009,ea6efdb5085f31bacf72a40ab5862322cbfe0c8e4bb8f5b3f9320d82029084db
oof,1398,stead_event_02010,412a3563a84457402b156c1c6e5c4c7ccd3816e02440e59a2c5eb9494765bc24
oof,1399,stead_event_02011,129f094f29d59283b5b672de298df411db1cc5cccc9220a468059bc15e52d9d1
oof,1400,stead_event_02015,47abbfbb6383a3ffcb122789207fce9fdfb8504240e80339cb7adba69a426fac
oof,1401,stead_event_02016,168f425e906d040d3d4c8e5ebcf56108b8cd41bfe6dd2e6feeb656d6a23b96e0
oof,1402,stead_event_02017,8bf5e56f35a0db5b2bc8a9ee1309760571a36996fe8fa8093cf36aa9800dce65
oof,1403,stead_event_02019,eded3595a58385e88744ea6083aacce3e70724f73018649e46b9654919951020
oof,1404,stead_event_02022,83a758746d9bd1c0f7139e68ea501ed311e8bd545216aeb516de6502563c2a80
oof,1405,stead_event_02023,a20469ea61c21af7df68191208bbdeebbabc7a750e51c2186892c79a70c53d8a
oof,1406,stead_event_02027,3278379307ea6fc4581f20e386456355501e9be6d7daa39a5b2740b964c334d6
oof,1407,stead_event_02028,bcf3274ee62f7f472297929d7031fba70ac3a02a19925634bbadf39c6dcf1790
oof,1408,stead_event_02029,e577f627b0ae66ecf8522155d8d3a4302abd3d2df2760b08b5f16b508ce7ae18
oof,1409,stead_event_02031,5ea5532e90b722c1ecf9564fac896c735c1bda160012321f7d3c823f9e3b40ec
oof,1410,stead_event_02032,fa2a400aebc975d8491569b37b9cfaef9f421ad99429d21d9150efa25e42d01a
oof,1411,stead_event_02033,59b2edd16216e127e05394fbe30c1aa0bc3f406a5f4174b53532555aed6c9c5c
oof,1412,stead_event_02034,0de7cb05dcf3cc443bbbeae47abbd308d4c433e2414c152ed595b5d630efc51b
oof,1413,stead_event_02035,3e1f796f6671acf874ad1b70d82a7fd77544e044d3f4c1005a77ebfbe88a4c9e
oof,1414,stead_event_02037,af3d753fda9754ddf183862fccf18c6aadc8a8ec0d89e7df6fbfa7fb07783a1f
oof,1415,stead_event_02039,852c99100d98a5ceae4e89a5b5d341e334a0bc347702bdc0007bc651e3c80162
oof,1416,stead_event_02040,ebd6115f4dc30911c7759f7867118adf4c5cd9e5e9f31f33da874cbcf6a7cf6e
oof,1417,stead_event_02041,bd690764d18687139c245438ff8674161cfa287eb079e47c476132ffc18a80a9
oof,1418,stead_event_02042,d8761d6bd4f7fb58b1f1d5a56ebf48d231930909797e30401f5e004057da86f3
oof,1419,stead_event_02044,de8721bad56e2fdd5b94c48837d199ef66586269039dcca6f78df2a207faefce
oof,1420,stead_event_02045,be4ea2ba62d84402e4ce007e261036ec01c6393e2fdeb6749d82626a719a3d7e
oof,1421,stead_event_02047,d09960e582770d0c4f535c5a1fa61c6a1d8c97f23db069b9cd25791dcbbdf422
oof,1422,stead_event_02048,9c1c028bc64c4fc0fa2927a5b0eced459322778988f0292708e33b66726595f3
oof,1423,stead_event_02050,4a170c167d0a569716e3c0b9da84b8f8ef7d99bd58b0ee1a31e4727c7ea9461e
oof,1424,stead_event_02051,929aa6b34474655e1f154529fda4e10a7192b0dc218594bb01038f369485b850
oof,1425,stead_event_02052,9cf7b414132a8d4685ad9dea669bfc30e559b3aa8ba92a6053b1db761455ca72
oof,1426,stead_event_02053,7bc1b0060a06bc83cb440038fe1ba12ceae4f4d970603cc98be488239f69a60c
oof,1427,stead_event_02055,e67d88d38e0c858a57660f4538be585f8e828ec60298ff9c1abab773945f3ee7
oof,1428,stead_event_02058,f2e30c01ff3b9a1d61062336ede70efd0422ea3b6d7662f46ae681aa13d9e120
oof,1429,stead_event_02060,59bd1c5c0895793e2c38d604b6443511466f18e56011fc12499c5e1513385367
oof,1430,stead_event_02063,d7fc6799afb489a275dc584a8536c69bae58fe569958746a13944818bf5de02b
oof,1431,stead_event_02064,8b3a3d3bce9402360e75fcc3a2f0dd2d99953600605dbc1eadbf6c726f1a242a
oof,1432,stead_event_02065,fcce9ef46a8b3862c7e7a85ba7042090244295c0182d697b1d8cf1000a8864b8
oof,1433,stead_event_02067,996eb4835ba4e8cbe831aec767787204e91da26aff203c0e59856943dce4a67c
oof,1434,stead_event_02069,1ddb3d5dab81eb9548f162a29fb72e256c11c1a0d8c1a8f0fb2eac6d4205d72c
oof,1435,stead_event_02070,9db0bf55f22472d4df93da15e8f9beb74f9bcc88455f4f8826189d18a9d4b10c
oof,1436,stead_event_02071,5b5bf31a88fc6cf3afbf24f7f79a7eba74d8c0a36985d91e60a348564c205da3
oof,1437,stead_event_02073,8416acb73d7c3ac9bd7c1fbdc957b35554c8c2674a878383ee9ac5e743169ae4
oof,1438,stead_event_02075,889ec237598ed34afff6b66b6bf137c7b69710e593c7ffd43404253b0c6fe4d2
oof,1439,stead_event_02076,0d7d18acc3541df3f291736a5c98a23bf82543529689ac4f50c8c438b89986e0
oof,1440,stead_event_02078,19e3d275026c06bdfbcddf20472fe1567848b91508d970b6f6761b2e9856506e
oof,1441,stead_event_02079,6522456817895070f722a068d81eebe285cfaab9dcd41af858cfd4b89f9fec05
oof,1442,stead_event_02080,8b85186e8c6de794db57d5b50490a93d66c2c6a799a8966d218c3fcee40dd17f
oof,1443,stead_event_02081,9e12ce25dcc43523e0d72b64afeac97387d4bfec453173e901a42b174f33c3bf
oof,1444,stead_event_02082,5523e02f87efcabcd86eb13bf94a9f8ece5a1c017d77c1d91d440b60af6feaa3
oof,1445,stead_event_02083,396b0f825b082c83b68d0229331845f36599e5be8158fb9c359d999e22d8b7c7
oof,1446,stead_event_02084,b1def1d2568f39688320bf923e2647eb8fac9f5a0d8dd0d98e657aeb99b95cdb
oof,1447,stead_event_02085,2620fed5098b961701a8245d58541bbcd43de1ce23539b16b11edb709c66c9dd
oof,1448,stead_event_02086,198b43398a02e6f1b0ed1bcc3cfd70da96e0088f9ce444ff0dd9fbf66203f340
oof,1449,stead_event_02087,877fc3a022af329435e854091c7bfe2dfbf69df55107aba22e8425e15816a59b
oof,1450,stead_event_02088,1752f95a1376f6d4c151c58ed8707eb3113e5520783490a4f3f55a16f87bc994
oof,1451,stead_event_02089,089da3d162936d4f2c460ce1ea32bb43617aaead1fc5971d5c797f512836f32b
oof,1452,stead_event_02090,cea44a190fe1808f3129a043ffde251c15b0b7c768ca57310f790cbd482f597e
oof,1453,stead_event_02091,3fd03dc5e3276e96562fa074897a63772ca4b10f012e0a6f55c1d428b977647f
oof,1454,stead_event_02092,54c85ca7a41954b30fe279ec7119786ea4f56332c7afce9a94af37bf603c3881
oof,1455,stead_event_02093,17028be9c892e4ec9b8dd8a6d8fe1be8b9aa48504919d5fdf4362b6e02eec483
oof,1456,stead_event_02094,b14047311cec1b421f6e0aa929b5cfee646653f22134fbd5b3e8cef1145ba858
oof,1457,stead_event_02095,ba19d538f14adbd4b12e22b7a16a1ef47ec497fdfd13320136d4170b513990b2
oof,1458,stead_event_02097,b2128db3bf3bd10f7839fc3aefeb4a0648fa8e9e3513b4978b90b367cdddf6bc
oof,1459,stead_event_02098,75c3f07ddfa3023534a5cda18114888ad669141f2d91a1ebed3a23629263c6b6
oof,1460,stead_event_02099,5c9f969f170f77a32b015985b840692b82bc84f33fe6d035dc00f900bbbc48c0
oof,1461,stead_event_02100,004b62b4883f8c23bde2ce0a2cb8efc2348d15a19aab5bfa75c924e5e5bd6add
oof,1462,stead_event_02102,d8a2d32697ef9a44b6d807990245a7a821b6416c86d2ba44d6eb4beaaeb85b42
oof,1463,stead_event_02107,098241fc8884da1e38f2f5eb1078a13ec74ce7f21018c8e595e502e4d2035629
oof,1464,stead_event_02108,cae70baeacea471723ffd71707203dc35594da6d55d66f81eea41e4bc5472e1b
oof,1465,stead_event_02110,3ae90953edc25b788bc4aef678ddad18b736694380ebed10a6b5f86692e592f8
oof,1466,stead_event_02111,7bd1af23068d8de3facbd882fa4560674e6e6cc3dc2b99b181b3113dd58f2cf8
oof,1467,stead_event_02113,5d4a4de04e7b682acb40fd0ab35356b57da42ea9ce1f98433bbcf5a160b10728
oof,1468,stead_event_02114,ec55444ff5d6fb3ff370ef9a044e79b01d1e8c9049d07b97b529d0a5d2b59fb9
oof,1469,stead_event_02115,92e06096db5bd4f2a2cc9263ea0891a8282661155237d6d524454b49cb8e4a4b
oof,1470,stead_event_02117,1a6004c262404344876d3424005b6e20292d80e15047dc20b5ed5f5fb4cdd9b4
oof,1471,stead_event_02118,260b3641e831170a607135e2992f8a98e042d15f6db4ead84561ecc4a6e6b0a7
oof,1472,stead_event_02120,e900f0e2c71d0e6aaaefe8103a89ef9b046ae8876f1fe1d9bc1626b8eaae1ebe
oof,1473,stead_event_02121,ece135c4c875c3aba973290824871b10b33ae1a06e8dd828540ec0e7f886f2e2
oof,1474,stead_event_02122,abd1c457f54c0666f0c0ce030d05582d4ae81c55d506467236d3211d6238e690
oof,1475,stead_event_02123,51308257f0417f80230386d81f5bd75179848d1678901876a03d0cf258747454
oof,1476,stead_event_02125,cda275566a08257da04410baa7ec1c9cc900d3eb5976dccf76945963ee7486d6
oof,1477,stead_event_02127,0da09634b949df4430f06f0a6751e5201ec408a63d735228b9db3a9323bc3c5f
oof,1478,stead_event_02129,a11ba985de4301486b5aef97e20b03fc61a6cc7aa9be8391da3da2c904444020
oof,1479,stead_event_02130,76df8ef72775545cbce522830ab883c6b3a3d8bf0b1f40dd0718cf478e54a092
oof,1480,stead_event_02131,f32958956f1bf89b84638a6395c371938de3219697fdbcb07bb8f597cf7fce57
oof,1481,stead_event_02132,a354de1c23311f93add9427fa70fe5a26208e82758e8c02711b8daa6ff557411
oof,1482,stead_event_02133,c7a198fdb8b10f0a344034d8cb28148f2148c8fc6914bdb43184f1d8f28fd466
oof,1483,stead_event_02134,c4a0816a2eedc29f2f621642edf13a4f763cc7c9d176a0dfbcc62685742b37ca
oof,1484,stead_event_02135,5a074fbcd00fa407419213a7ca1cf33aa20f887c38741efedb7fa1b71a4948e3
oof,1485,stead_event_02137,4243a71215d6af49241a705e27cd0f28be6f2855fc6d040c97ed988282e74171
oof,1486,stead_event_02139,dc05589763c4047a50df64957cf2f953d0becd867820097d64f8819775fad4fc
oof,1487,stead_event_02140,bdd11131831160899693bea27afde26866e0ad0d69b23b86a19225d94a989205
oof,1488,stead_event_02141,31f60345f4ecfb605a3bcc7caaee2a8d9133a7ce0c8871ab04a72ed6688969c4
oof,1489,stead_event_02142,e72c804deb827a0864445a236b144358850957f37900a1e7ee47d73efde73bce
oof,1490,stead_event_02143,f92ff6cbef7439d76660568799afd7484f5284a5d70f23445be5ecc4e3904c92
oof,1491,stead_event_02144,8ed5c444f0ffe6bdf12843e814e323828477ad9915201a7b6b3624d96566618f
oof,1492,stead_event_02145,7c313bb3c869fe22043d0f4fe0e3a97918444254ec3bc0593a3e2772fb030f13
oof,1493,stead_event_02146,d7c5a7cf938ff5b72388114612290e67057fa7152a36534baf87a0d917fb02ef
oof,1494,stead_event_02148,42fa875c6c4ba5da4809f73a974d601f97198e44462c500a911410526bfeeb5e
oof,1495,stead_event_02150,7f5ef82ac48aa3edcd2cffa797e482a5489f6de79b2fd7e8153263a3736ac818
oof,1496,stead_event_02151,09369a74c25217ce8f0898dde05d5c88d7f58492e750943a1333f38da342ca23
oof,1497,stead_event_02152,447b7a2fe356c93ac25544476abd752ffcbbd41ffe81ec6d782bab11eb95ce19
oof,1498,stead_event_02153,a9e16083ff4d7fabef52537aa65bf862b3b075e5bf9b1d54cdb7702d2062898f
oof,1499,stead_event_02154,270e59585ad7855f130aa2c7fc256feed68d26ad1c8920250bf9e3c830f33d1c
oof,1500,stead_event_02155,ec8f989366ad66e38f65be64aeaa46424e1ae47669589027dc84fda60401da08
oof,1501,stead_event_02156,4b897ae249cb1bbe4c2ecd84a788b39d8d9317d86fcc8fc9f4b733b261dfbe12
oof,1502,stead_event_02158,f6c547967817dd0a2610309b4165e8c84fc71b678c49ca03b9d46f48d1abb1bb
oof,1503,stead_event_02159,eb0876a9b030e4c6b5b502b0763c3fcf19b3e3393f81d3fd9ab213fbaf5fc94f
oof,1504,stead_event_02163,526725a005a361b46053aff347dba6b13357eded1e49bef82877620116fba66f
oof,1505,stead_event_02166,3dc8ee6c851b06ec45382443caef4b0d059c84b842407546700f7254ccfe5e54
oof,1506,stead_event_02167,9b75ae5232dc865b68144c76ab53e98fde54018edd0f9ed1230e459f8be495d8
oof,1507,stead_event_02168,3e25c60a5b1dbd24bc974156c712ac486b0974878c7ad00700eb95e490bd1ddb
oof,1508,stead_event_02172,a5e720d56fef25ce61acf8c24ddd320a6b600a8e75f2e0e25945efa156510c98
oof,1509,stead_event_02174,fc399c8054684e186af63a81dbb1b21edf988efd93193ce4cd45ee82570202e5
oof,1510,stead_event_02175,fa16cedd1991c772d716e86b2088a19d233b7ec6b62a07519e2a9bf9ad742d40
oof,1511,stead_event_02176,5901d79ba5fc99341d6e10363fc82904677ceec5a80f63c15ee98015964bff21
oof,1512,stead_event_02178,42299e9e1674798bcb85fd8ad6189c4c20bfae12fb91c3f50978595882d403f2
oof,1513,stead_event_02179,68c9bb77e195b539492c546731feeb16354fe599259329ebac13b694a6e704ba
oof,1514,stead_event_02180,f68639b20f78c325c2b1a974d6db8608c27ef10fabaeba4d377f61d9436cf049
oof,1515,stead_event_02182,6972cd950f8d510fb1a215522df9420e4eff2dcfe0b686dab1e5f64142edf586
oof,1516,stead_event_02183,d693bdce74bdb8cc8e81c1e7b0ee9f1b44856886dd5dc7c170b50e1e42e64c1f
oof,1517,stead_event_02189,0d41df176dc3c0d8df343907492542fcaeb2d39c1fd2735b1d55d2aabf44e000
oof,1518,stead_event_02190,33396c8e62878e27ac4072fad416da3e1b90f5f145ba0e67a8418dc1767b6866
oof,1519,stead_event_02192,90b732b7e56c52767e59c65cf5232833c1c4d3c0b81271e9ae48bef3465053aa
oof,1520,stead_event_02193,3643e4da385e46b782383a6891b2a672923e2083f88280b6f3bbf5d3273773c6
oof,1521,stead_event_02194,a300a575b6608d415b9f72b088e4bd75d7217675802cfcf83c81a34eb48280c3
oof,1522,stead_event_02195,1b1dca89e7d1e0ac8bc8cdb04d1a422c645c5df061a4c1a7d565bb00ed5cb899
oof,1523,stead_event_02196,91663cb54715c4dd1b01a0759f200d51acbb6ca5400076913eec83a4b809b3d4
oof,1524,stead_event_02201,00096a9d2c18f65ad1097b7e00c86fcdbb69fcbd0f44de2b5489865ff7d70185
oof,1525,stead_event_02202,a104cdc5b18e76ee96574edb1b566858718d5bf793ed0323d84bb50ad75e57ad
oof,1526,stead_event_02203,4f6823060231dfdaaea102ce53ed5fb5b7730d8b2aaac253ee290ec10252826b
oof,1527,stead_event_02206,b56e7221a8ecdbc097750a2ed9d5c44521c1f0ad4358e4ac525b79f1d283ab77
oof,1528,stead_event_02209,fc348b8c7304674b52be22271d601a3175e473daf288d476321d2e6219f30719
oof,1529,stead_event_02210,2bea9bd7b0e55c18e7d18ba409534e09e14794c8d79e4444eeee8f882877bc92
oof,1530,stead_event_02211,139579f1d7f2a177216b98f6a7cab36f07f2860e66a0918c1c15c84083982489
oof,1531,stead_event_02212,16d4a6eeaa80e544d18f9ee969bbd9326942c7b452a141bf7cf5cedcb4f9bd39
oof,1532,stead_event_02217,490f59cff9ea7a82dce524982b06713370bd83bb44b5d5b3c486e99cc70f9213
oof,1533,stead_event_02218,c4ecccde1e2204d5fc9e2be312c60e5ce28c46a093ccad7b5eabb0abf8d437a5
oof,1534,stead_event_02222,bf81b843f630fa1e76d64db6eed8cc473bea21d0b9b87965f4032e3324f5b770
oof,1535,stead_event_02223,e545bde1fd20e267b665c28eca6c1498052c502ef7e5cf6a9c4124ff6ee429a4
oof,1536,stead_event_02224,5a62eef5131a1746c933dc42c05d277c0b62b0c9b211aed45be843857f6d38a5
oof,1537,stead_event_02225,a3ae1b3cefd93349da7d5ab613a4697c8833fdedb34a5b6ca2c51d1302a0693b
oof,1538,stead_event_02226,41e6614c9083968b3cf0afa283f8973c85811f912222e13d8162d18bdb3d4c0a
oof,1539,stead_event_02227,d04d2c572645c68d02ee76132c5f60e6bc5c3a8a9e91346970fea991511828ad
oof,1540,stead_event_02229,3e75fa43250ffda41a0614b4e8b18fc2f6d5a72dce3bc786a93f702f2af6ca9a
oof,1541,stead_event_02230,73e0d85b08d5510a3990c93ed9808d70f9574565609233e8495967c53c89b5d9
oof,1542,stead_event_02231,af1dc8c89a269705d2658e01d933ade603c98908da01bf96dc12e2c0464f9e8d
oof,1543,stead_event_02232,ca502a0b466255cf2d1441929399d059a91562db387b55e756ee56687d99bbb4
oof,1544,stead_event_02233,c2f4df35c6389774bb13a7f082fdc9229da1bdd3d631e70621264c489263853a
oof,1545,stead_event_00000,c408e38517b9d7d2386e53570cd091d6841abccd2f346e737ef42be8b86deedd
oof,1546,stead_event_00001,662113e38e2a3f92e6faeffcfe6b00b210113ea0f26aaac94c4f759045a96e42
oof,1547,stead_event_00002,ad1039a1c50f2abe302c2c91710ca264605348df702f6a00df8e8bc91d55cc3a
oof,1548,stead_event_00003,6d6bed82adba2ee8c714b89b94a425b67201d1ae81ba126c57a0fb45fa242098
oof,1549,stead_event_00004,16f42454068acf41dc93f4eb7f31440b1ddbc82810aadfaa24a07f0d2116d29d
oof,1550,stead_event_00005,0c7344074dc660098a2854188a1eeb633b4ac86f836be636cd01691517bf7dff
oof,1551,stead_event_00006,d403d9d55f2e8147476fd344ea3cb345ddb45a9c351fe4b85304926649feb260
oof,1552,stead_event_00010,7565725748022b21d0296a7a03462ca016cfa3d5e172a7ad0e71cbaebab35a9f
oof,1553,stead_event_00011,36b7e9a08d488d06ed3fa5a8b06a9b52b035ffe98991a002488bd4ee4a24ea6a
oof,1554,stead_event_00013,05be5d12773aaf083cb6fab754afb95cce1306d0897ebaec56fd1d88a63bf715
oof,1555,stead_event_00014,07f7401c5ac8e557069bcb01cc8201efa412f2e981dff0bd329fa68112ee6fc2
oof,1556,stead_event_00015,b2d071e2cb3174816f6f670f4c8c6fa801f8eb6566c5d7f6495a703c8f34a49d
oof,1557,stead_event_00020,31217797b6382aba13584c854658a5dc9e81d17e0a88229d44bc23021cf22608
oof,1558,stead_event_00021,18f1a106c3608cb52c4354e8a2378f09c58b046b4c8abb4657285f574afc55d9
oof,1559,stead_event_00022,fea80d6f731e2e759bde52e0ae9240374900f8783e85e4f4841d4051fa4981ad
oof,1560,stead_event_00023,88e79589e96073ad220f5439cb77c894d305c3c1f31f38bfc882e4a0717b8387
oof,1561,stead_event_00024,f01e2db9289590ed70ae3cb2cda1b7aa45b024ac000029895ca8a2ce29747145
oof,1562,stead_event_00025,4a079fa4c73c8cd266101df456f260c953bb2fc3bc4d6fe6c5b8c6f08c95c220
oof,1563,stead_event_00026,173cccafea4a437f7a0e2571c003eeff56de643a9e682bbe8befdbd050a58533
oof,1564,stead_event_00027,951dc4af017637b9e4185a7f4ba8cdd99173a6162d2f1171021c7e087cbe6a17
oof,1565,stead_event_00028,8dfb5000dcf5a08e955988b83911c3fd81441ac06960d29255c5760f97923aa6
oof,1566,stead_event_00029,e80a4a9c8a7e2910fc8874d92bdfdea4e094a6df1fb7a365a32f83577349d4bc
oof,1567,stead_event_00030,0bc247f1d41d4634fbe31040b2e9b415e8d1c8fca43b8da2ef4aed1a540537d8
oof,1568,stead_event_00031,339a690b72f252825ca03cbb4af719b40024cdba6a1739024f1366bbd03e8357
oof,1569,stead_event_00032,0a46192432c00fb206481afac36ec7bc11d3b97a1832c5476e1d0e8e06f9b01d
oof,1570,stead_event_00033,1c82f6a8074597c117f639e167297f324fdd750a5918bd323fbf1b98adff9197
oof,1571,stead_event_00034,eff599de1c10b3e06c94de9d50fe30c9247639350e4648994398be02da170fc2
oof,1572,stead_event_00035,a6491a382b07044bc74857b53eef3968eb24f5f3cd4247b66b6a581cacd777a3
oof,1573,stead_event_00038,f2f05bde5c434a1fc3aa1aa421fe0d84e9d19d4d6522f49cfecb0c83832cd43d
oof,1574,stead_event_00039,1d45c74c14e23db0f8813d16e44aaee343c83e7e431833a8906dd530d9edb6b1
oof,1575,stead_event_00040,c61378964ba3bd494eb7b4bbc0f205d962507d3b74ea6f7219da389051728d2f
oof,1576,stead_event_00041,4997b1e6293e3587db4afc7b730d583fc1259d9424bfb8999d65ccf78041169a
oof,1577,stead_event_00042,6f844732cb5867f825a709e0ae5842f5a1f158720c7aa4fe85c190b6aad0e7e5
oof,1578,stead_event_00043,983cc63c18df7afbbd454e976ccf266405be8ce105c773ad3d41f7e3e2f1ae11
oof,1579,stead_event_00044,451949d196c17262284acdb72c07db84bf5d5e6c5ef613f851d2f1ccff871999
oof,1580,stead_event_00046,38ff624037d0ba449374f9f1c66e16846e9800075fbe0dd252b257dd2551e6c9
oof,1581,stead_event_00047,e2eab40f5d1aeb1b78710583896d83a6589620842559132804e5ef3d3a6321d3
oof,1582,stead_event_00048,46dc221f63dd81d1a3ba31e92203eefbe844a71df88cd9d16dcf4e77d6694212
oof,1583,stead_event_00049,04245b5c3ca998c879514167afa0c90f3603324a220938b910c6ce75b1e30500
oof,1584,stead_event_00050,289d726cfb1d729d1663ad01226ee304a8fdf96af255c0fe1d94dadbde248416
oof,1585,stead_event_00052,727d0932139bb6aba02da68b6ce8fbeeed0cea7618b93497b3c581b71242ae9d
oof,1586,stead_event_00053,d0ef49269d11fd667e2bf37b4e3626bfd3be4cfe8edf9855781cbb518f22b1aa
oof,1587,stead_event_00054,bafe26b9a9b9052f2a4a9d19adb061464b7c566d373d06e45c92598516820914
oof,1588,stead_event_00055,44c657c68265c8d0a97ef561768d32a1b245a7f182176ac2d3579ade94b3c865
oof,1589,stead_event_00057,4d9f027b6b90b9fe0623362b3f52cdb9d2ffd3bc5fcd1aa7279124d235772f0d
oof,1590,stead_event_00058,8c79700eaa1d7ccffb08fb17eb4246a36a163df9f8499b14e19c73ff9053b3ad
oof,1591,stead_event_00059,38ca8768ace9181d4a04d546b2c5d1f9f890e3d1eb1f55ca05721f8c60947024
oof,1592,stead_event_00060,68d4bb4e68af0c3ffa18cce7f4d63a8e03a44712cf7ca9e48c012f7594bb57a1
oof,1593,stead_event_00062,445cf617188a389dfcd76dda6a36471dc2584cd3dc545a9355e6ae9d8712d4cf
oof,1594,stead_event_00063,09e6305c7ab0772da9686c621f2e399c7d48ad02d34e6333dddc736ab061ba4e
oof,1595,stead_event_00064,96d5a54aff9778cedb0c06ef41d1b715662aaa2472674bf9ddf57b096e653774
oof,1596,stead_event_00065,d2d4354088a8361958b0095942a2d6c848ea14cff00d8dcc788c75a2481a0458
oof,1597,stead_event_00066,9f585ac0f9fb15e938463708f9c8ed0da885f66370dc027bc29f2740912a4c82
oof,1598,stead_event_00067,2af336ad74828f55dd4d8697b2f6820e6feaf75edf77a72beb599f88758bcc5a
oof,1599,stead_event_00069,4aadf8c79f6d9478f7a3df0248cc252a9f95cf3b4fe185850d81480371796c71
oof,1600,stead_event_00070,0864b98b514adb267067404a84ba5dd7e3ea884a18b78a93b393fac55466421c
oof,1601,stead_event_00071,5e3becd0837e9b5b1fafafbcb711b22371cd14168982fe22851d1f43bb6c3c8e
oof,1602,stead_event_00072,5f9db77fd6f4c10b3379cc0bffb3a9ff5f42e04cc29229ed9a5d98bc2221b813
oof,1603,stead_event_00073,fca8ba7342f02a9602a3cf8616f0c49be2d9d39606d28f8886960ad0338fad86
oof,1604,stead_event_00075,1876f0872852b3c526f09f3cae89862665f7bd6bcb0de63a6b0cd6c2e3678969
oof,1605,stead_event_00076,863b5777b7b51734ece594bbe818431ef1fb4a86dc91851ffaabe198c18c3872
oof,1606,stead_event_00077,68ade5b40115803934ee7f89a48a0088b6973785d39cb7545517dcacaed1b90a
oof,1607,stead_event_00078,0cb21ef3d89b8a8f37008ab1c55328b73addf5c84cb83c1dbcdf4619eb0dd0fb
oof,1608,stead_event_00079,d84d1e2595fb7f99f568c53c0fe545a05270b30aff60151e5fcbb5173ce19637
oof,1609,stead_event_00082,e46caeec9cfa8b195e06624eec950b997e51b57196e45c36f5f0fb3dfe2b50be
oof,1610,stead_event_00083,51cee015e0d44efbea8823e86cfb070a1dfdb07d27d0e3727cb8613dcbec8f06
oof,1611,stead_event_00084,bb36afd7e35077c8514cd030069cf5463de964805cddb043e4cd138d30c0ccfc
oof,1612,stead_event_00086,2c1b42f374352802386a35fd07de59bca1c932c5ce1218286e7fb8699287f6fe
oof,1613,stead_event_00087,6aba1959ee5fdc8df94b099f09f458531b8d40b83e5c9fb3a90e06abc7b3523e
oof,1614,stead_event_00088,0db24437afc98656cebe27badc9f39e3ad25e402636a20d74f396e07f9ffd0dc
oof,1615,stead_event_00089,c6089b3ee5d11ed9d1f9d733ca041c1db404022c91ed0b1a7579e0adba3346f9
oof,1616,stead_event_00090,70711d91c13022f3ce90479172199036ef4e18cf9b097dae7f2d8b7d79a07f09
oof,1617,stead_event_00091,4baf0f8b4e33823e78ce6b9420d2e3ac4506ef85c32bd29f429a39f06b023596
oof,1618,stead_event_00092,38c55d348b94e00c5bff3de74d3293c1802e741e051672d0e5cad83da0470951
oof,1619,stead_event_00093,225c04d92bf5f53dfaaf24c4589279da01f0125577e654f6b672bca60e16e562
oof,1620,stead_event_00094,b9bbe75cf59860d65d6c46aae9f274df823d63f4487404cd0cf685a56250bcd9
oof,1621,stead_event_00095,55c8e63c305d7f228c51c24612850bccfff940778f6f7bc92ff232639bbf3803
oof,1622,stead_event_00096,a94e1c9a682e80206d5f2cdd15f9a3783126ca7ce1981180515f5afdc07fc768
oof,1623,stead_event_00097,15acae2e442caaa82bf33ec86f602bc1f922784fc6ee3b8e3a6b4003d5b9f7cf
oof,1624,stead_event_00098,c02139204c5c30c998c587cf76a3ac300242392e6e31ad767f46bbf63dae9cb9
oof,1625,stead_event_00099,225167957945b18f84e1e0f4ff0c40c38ee3e7f2413fc6a90f429e6bde8a270b
oof,1626,stead_event_00101,16ec8b7489fc72bf46be29bcad6aa6e33193ef671f2be979c70184cefbd4c119
oof,1627,stead_event_00102,dd9e545771b963ce1212e4ddf1cac8d758893cf6ce896d13b03e70767b51cb99
oof,1628,stead_event_00104,17cba863db8ce14e5a47160c05cf54212d0a8fb9e108cb38d3cca818959aa4a7
oof,1629,stead_event_00105,9f6e0ad0e732e84b5f58e22efda5da65677116697403c733cdf76655b07f0d71
oof,1630,stead_event_00106,80c18af6acbed43b97f3c7855d3acecf4b12c6fdda8fa113ac103f1a5489a878
oof,1631,stead_event_00107,8353d284b548c5c61ca0055a1933ef32a9ca682e56ec571bb33eb5ef9a018be8
oof,1632,stead_event_00109,cf8be55f7b16beaf7ee4f221a9db95755031374f400d8193293e23f4abb6cb73
oof,1633,stead_event_00110,90749f487bc17d9b80542029792b9063dbfdef99ed5aac6a9ca12a2be81515fb
oof,1634,stead_event_00111,b3e9f48bf016562cf0c56d204467bee79c6dd682b7e4cce1ef2b596405eff6c3
oof,1635,stead_event_00112,c8037b16233973e1921c1d4c942172181d0bb21bf943df9f4567dfdd36d9bcb1
oof,1636,stead_event_00114,c707c6fe038d7a4202c0787527863b13fa19befacb64b42555712a0be2ffe4bd
oof,1637,stead_event_00115,bb790378d8e87a6bc98424229de27427d447d78fddde0a2dc70d4a492a4ca13d
oof,1638,stead_event_00116,d56d35a646e6c1aaf8e30a62016b5ad5b18ef3c83630b5f122b616f072e08a0d
oof,1639,stead_event_00117,4256b136a76bca0f94f65ec05a8ea60ef2c8dc36ba043b040aaa650e8bc89a0d
oof,1640,stead_event_00118,887c8dd3c1adb8d29d2111a444c9c2402a8dfe7a9238acc2f0d95fed9983bdad
oof,1641,stead_event_00119,85bcf70f7babffdd9d91bfd1837e8364303d9af1e8e8065e30d8005429103d1c
oof,1642,stead_event_00121,a7249861fd8cedb8150ff199685c46584eaf74ab8f9b310beaef2639811c20f4
oof,1643,stead_event_00122,efe02b25fda7400b9a0c4d83936adb1d313461c3b93e7071e89d57300674af59
oof,1644,stead_event_00123,32c40c3ea758c85a669925daa6c2f031a55fca1b0898209b6ce56450cc59d2d7
oof,1645,stead_event_00124,3bcba947deb20f3e6c177af564ac5784c190691e72f3f8f8d2013147d7e09495
oof,1646,stead_event_00126,d175fda67f614c7045d94dc9d99edbe99f39c6846013f9eb516abff779b39515
oof,1647,stead_event_00127,ca5a27dbf8b6b37280433732a0e675ae9afec592a1fa10f2183ac58aaaae3ffc
oof,1648,stead_event_00129,05d52db118b2c1fe13ba4764b7355eff192b476df3c61eef4fcce6aed699d47a
oof,1649,stead_event_00130,1de2dfc66d155e336d9755b4b5feeb080130d4d018082e815b5e9440d3867da0
oof,1650,stead_event_00131,63be418989330da094da7ed7a3901c2d6ec8f7e36ff053d3dd078b384f2cf986
oof,1651,stead_event_00133,92186e72dfb881cb37b010f0d40a38891e4d5d7f3483df42e8277de692e48729
oof,1652,stead_event_00135,0961e1a6c8f442d96da623b237ec1f13bacb8b593cbb6c3cab3cb33fa8071dde
oof,1653,stead_event_00136,dd71ef2c0d957d2216fb1f9d816f7788727e9383d9eaef0b0389a88eecf221d2
oof,1654,stead_event_00137,d93ef6ab6ed399c54cb507f389d42ab40e32f7feff0f22d9a94d4863180bf3c8
oof,1655,stead_event_00138,67b7b2100cf143eeaa66f83937d374aec0856442da710e0c9ddca44bb28197c7
oof,1656,stead_event_00139,70c816e2f29d4ab9d69c0b7d72b92aba82b345d08ab13a9329eaab79235d7d67
oof,1657,stead_event_00142,f7a6eb5fc1f4910df243f0f5147e0b75abb5ba435a586cacbb89163a41780f92
oof,1658,stead_event_00143,f81dd16088c2362993919093c3d2fe9fbfe57bdbb5bcaec399e15a3fe7fba923
oof,1659,stead_event_00144,f4cb29c71c183ae0171322932139f330ff29e07e8b003f2c364969d5bf098334
oof,1660,stead_event_00145,9b2b545b11eea38690000b3cb9dd2de62372b6c083974886a8ad879d0e54a05b
oof,1661,stead_event_00146,8ac7c13f107a64d8f32cd0f6b9aa83d10c0979e8f88900fafc490177614714d7
oof,1662,stead_event_00147,c7f0197505786c8b9e2b347ad48850698590041eb070096d17801d1b58631e77
oof,1663,stead_event_00148,e37c9082ad3905d3c9eb4033b1b1b4ebe96b8c8845589afc5595c28c10031bb0
oof,1664,stead_event_00149,dc38fc1a322213e51d98e313e5442e5546fe92b91464a4ec2401dde651a6a100
oof,1665,stead_event_00150,ed846ddc47883e71686a391bf50b2611176f63163dc998b3cd3cbc8b4f51494a
oof,1666,stead_event_00151,e826683db8774abae9fc88858af936570927c7e842d5fabf297c371cdd8a2091
oof,1667,stead_event_00152,a8b6fc395613f4f6ea55d4652cb598606660bdc54b5386a7204de0dd25501b7a
oof,1668,stead_event_00153,c6e35170acfbf1d4a737450f097b7158b506a905d21c4f84b18acbd649b5eed9
oof,1669,stead_event_00154,42ba299876af8e267f1b9b4ff43a37ee5826da2af1b3904dc03c1fb0de08208f
oof,1670,stead_event_00155,8229d534eb65e9378d28e6ed05adcdb6e26ded0f3b73ab56d26e869f704053d9
oof,1671,stead_event_00156,a91564df6ee55dabb1c696c69a10946c195344b1f0995bbaa8afab2970c820a6
oof,1672,stead_event_00157,20dad497e8dd18e79865df3a4f4ec046d4e2f759a65364d5e9e5352b920d4747
oof,1673,stead_event_00158,9c064dc1319ed554fa556d29bf4895975198af010ea27762e873789d9c839d05
oof,1674,stead_event_00159,e0e16539b9281dd5385b51386872b07e258a16d88c1ce57f52968cf0a5c0ecc9
oof,1675,stead_event_00160,8b1050f9a45b17483d67abc83d2f74e6e1ceaf38bdf160c45bdcfe88a0568c4e
oof,1676,stead_event_00164,eacbc64f825ceb66de7e71a7bd8927c676716a37c50cc56035aab0f68cdae74d
oof,1677,stead_event_00165,32715e43aeed61f464b2a96dcf3322419b278a0358c36f24449199685945b97f
oof,1678,stead_event_00166,56b1d50901d0bf68aa8e35ee6f7d74ee8d5f54bff77ac43900baf1e499e1cf70
oof,1679,stead_event_00168,a2478827f06f9c6a515f8b5b56deeb1171b041713f62600cf42ef751bfb09666
oof,1680,stead_event_00169,6504d460eadc5b110c1e5686fa8e9b0c2b99c247d178b4bc5e69a32ed0bd7a73
oof,1681,stead_event_00170,951ccd5b74cfede440e28e566ccfbcfadab6e1b794289df6da51089076a00abd
oof,1682,stead_event_00171,104ff2e7c36a4385a22db31865797a37936700c1c20e0af2d237d773b2a3c2dd
oof,1683,stead_event_00172,040a67896ce6f57d9873e83177371e818e67d39613841a8437ecc48250a3a13d
oof,1684,stead_event_00173,e4bbb21e70042203b873ca0d2c94143360e6fafe865576c0f5f2ff04c793dc45
oof,1685,stead_event_00174,eee0ad6d6f64605b05a08e60356aa47772c44b16a85b23bd11784068bff450ba
oof,1686,stead_event_00175,dc80f16c2f93ceeac9bbc00d61d1089c8a7b7c13e139e219c9e60641dbbddc89
oof,1687,stead_event_00176,cf292d10211a7758bcd1d9af3b31cd2e42945403d89a2db3a276df2d7dd07659
oof,1688,stead_event_00179,153de3b1afbe4c5d101879153571ef6c33cf9b90adb966b91da36f1fefe22cad
oof,1689,stead_event_00180,8f0dca88fe8fe9394e7a3354ee0e09de069d4cb78dd390504d3d612802dcf611
oof,1690,stead_event_00181,fa3b45e40a530bd9576598e1f617baf2e878a380687fdb0be12a5e7a307aba90
oof,1691,stead_event_00182,5014cd9bc90b70a0ffe261b4d4e59315caa2eb01b9aa26c2e4f2a5f91a58eac3
oof,1692,stead_event_00185,d07e6205191b98fb2304c1723c56a02c684725e87409ffe5fae9aa084cf01367
oof,1693,stead_event_00186,63d5ef2741c68a86c6e5d39ad68d0d2e4e53e48674f0d1cbf03c2a7f321b7384
oof,1694,stead_event_00187,97155c8d1adbce1cb44ebee05597aab97d103122a74b0f5f5f7b2a73f2de152b
oof,1695,stead_event_00189,ca378caef6e0f824ac88fb13c5210c8e9686e88e8bd59487137dd464575233b3
oof,1696,stead_event_00191,3919e1bb808864309caf4d7eb496af730707f1b6c019ddc5362952e98af751d9
oof,1697,stead_event_00192,ed381ed3067ddf168f93481f0ed3cb3438d694059ea43cd944d6db07bf31bc6d
oof,1698,stead_event_00195,a432ebf4841b535a8dc51bd6261c8c9a10221ea8b57a70413fc9bf6f90141d58
oof,1699,stead_event_00196,d567b00c2c7cf7427c722f5514115fafd1045ab1f3c434b63dd9850b55c4dbcb
oof,1700,stead_event_00198,825ae92692e2191fe8f021128020b7e706c6a4ae6f2f3d2332914881d2e1adb4
oof,1701,stead_event_00200,865bcc9a22d8679cce470cb161f30d94e29953126fc506ef9d3eedb7b1e1c614
oof,1702,stead_event_00202,2be833e8764ebb631030cffd1a99f95254f8aec182cec40346bb24a52da7ff5d
oof,1703,stead_event_00203,0b93cbf1e7687d8acd34265c58dbecefe0f33642920a27a87813dd607533eee1
oof,1704,stead_event_00205,3fb964f7e04affc733549999182539a5e307bac1d9e0a2a6378d641be47917d6
oof,1705,stead_event_00206,b40c3b965fbc21f69ac238d808aa560959953f5e51d3ba4f73c0dfb414d1dc52
oof,1706,stead_event_00207,0efacbf7c7a50a5b2377012b7df7c01242970819dd0868295be15d4a4be6b640
oof,1707,stead_event_00209,73541f3d36411dc380d363b671512d95d0d6b265f0958803cdf808a7e219e736
oof,1708,stead_event_00210,87c01288b5387a17d6b52d69484ab2782f79b5d5787747c953bbe8f17f985dff
oof,1709,stead_event_00211,95be80f882ae2c7ed7efb0019fccf63e944256d8267e83ad7f46627247f11abc
oof,1710,stead_event_00212,fe5f5a4618c30e916e95ef2f5083c4043bd23e5ab4fdeb7b51385ceb942407ef
oof,1711,stead_event_00214,7848327b2c5cb1f23bbbc8a49e890d0b3259facae8daaef44c1d149a89cf8cdb
oof,1712,stead_event_00215,37f24fa272b32a7029ec362d7e2016fad3eb1eea0c5cf4afeb197b4591cea11e
oof,1713,stead_event_00216,3c66d18b008f6453113f4c554bc36bdfc1d914c2090cb5b78c522d2f714e8cf6
oof,1714,stead_event_00217,c3da5d4271884c9bc11c97faed006db9791215995fcc5955c73ad0652594cbcc
oof,1715,stead_event_00220,58106dff4d8550a4eedfbb63174e99f283d6ab678b29733080de011f64e75a98
oof,1716,stead_event_00221,85e347d055ff577ba571c478f15a1acd05958b604ee05d024e9fa8461519f923
oof,1717,stead_event_00222,2923896d3078c7756fd0487633f4b75ef4665198c8fe8c8846cc5ecb4c7fb51e
oof,1718,stead_event_00223,1f0162c673654b99219c25b958a8b610b794684704bb4a0ee6d2da32d838c36e
oof,1719,stead_event_00224,7959dd21085fd3a92c994cdbaf8a9d1c02892d6f30d04ade1d8ea41a81f2cbb4
oof,1720,stead_event_00229,79a8659e5b633a560f78a7ebf5820c9ade1708ce6b82f09a6a1b0ddc6ca35634
oof,1721,stead_event_00230,8088e897d79e78cbbd98cc6a6cea2f5559f81628aeb0a928a77edd7401a5fa44
oof,1722,stead_event_00231,5cfe895c8e4c3df79c0b0cfbf0b7e7a4bb90b97d1b86395c9758c5647de69652
oof,1723,stead_event_00232,40a690e0daaf511160f4ee182dfb547ea0c460b52b287fe33d00b92c673e34af
oof,1724,stead_event_00233,164169fbbaac24a4393666e0af494ef2aaf03a6af7baba89540848a1b4794e2f
oof,1725,stead_event_00234,29fb01f58df9948a3e780c06c00cd5ba74b2cffa2d9723ca606edeaa025d334d
oof,1726,stead_event_00236,64ffae3d1022fc5c846aca396df25c122ca7ee62db9483ca88334aec46c35280
oof,1727,stead_event_00237,55933002aaa3471984ff0a859c1f5569dd23c912b0f1009f5e370469ac91438b
oof,1728,stead_event_00240,367e7a8f9b0783b0bbab9f7fe5ded739436651d0b2bc389071ea88d2e4fc0b2b
oof,1729,stead_event_00245,b8e25619a6b9a5580dadc923c7a9a5b05ea534c646d4e0d8bd161fcfb38168e6
oof,1730,stead_event_00246,0a3d13129bb400bc02c160ea741216881ef686fb669f42ee75def8819da363a9
oof,1731,stead_event_00248,49bf2b60440b1cc7ef011406a348be259edd6751125252f84fef2ad8641a5712
oof,1732,stead_event_00250,8b1f1d0f98fc3246b34f86b8077003e7cac37334ea266eafa2c945d9c2ed5cab
oof,1733,stead_event_00251,19bff2467af9d8cf667e2b80f2c213b0291c66fb71b207165f063e4aea9388b7
oof,1734,stead_event_00252,387bf7ab12bdc7239b8b3412cfcf6d8d9daa835e37967711831c339dc4717d5a
oof,1735,stead_event_00254,657ed8a72f142a63413d7cee39393f4eb1c6f343d348df3c003355744e229104
oof,1736,stead_event_00257,f4fd180881ecf88deddd7b300fe1231b96e94fd0f9aeed4ce38133730f9848cb
oof,1737,stead_event_00258,32f6d55fc68034e66a6d125403196d39e02b80030f59d380f560fe3deaeb0340
oof,1738,stead_event_00259,355204c0eba7bfe6aad2faa53f528e4c0f6d4ad4cabe9652c85e6bb12b43d2a0
oof,1739,stead_event_00261,c7eb907ba09dbe991b37164b6b5a7de60872d3d2a8b11b319746c3e60075a55e
oof,1740,stead_event_00262,94a6a16044e32878c2ffe503aa72e294c053ca055dccd22373b847a0ffe264dd
oof,1741,stead_event_00264,bff8c4170683c871570d48f24768d3ba2a9a0f91b96f1a3c8c047b35c1e75693
oof,1742,stead_event_00266,1197aef43428222cae39786ea44b57143a4605e48366635dc42facf345fcc851
oof,1743,stead_event_00267,0b949d99803a6fa2b49c35e706b4fc70270adfc180519259cfa916b7d8e131c3
oof,1744,stead_event_00268,0e8894d2a1f4cac29f0a0de7585eb19fb0708e9fc046760c9d1c39e7f30e7f8b
oof,1745,stead_event_00269,af41f7ba55fa52ca5848ba8e5fc91a7ee59bce2d5e16f01265aa03526847fc74
oof,1746,stead_event_00271,1c88f0d2e5663e79b98f3cecf9adca7960c2dc7ef86f95b511ac7a7860dc90ae
oof,1747,stead_event_00272,197b63b18ee9b460ea95c19184bb6e0e0490b6245c7de88d4d22419234c7f618
oof,1748,stead_event_00273,d504f7a6e64ec72475ee487d207162af321ab4c05a9923d70569403436ac559e
oof,1749,stead_event_00274,8f18697d8dc0acedf16f7fd41708399ed9271d5d1ef33bf6361871d1be042779
oof,1750,stead_event_00275,57fdaa9096548d9e84ca6704cf933da5e2e2100c8cab5b7106fcb9d2a125d760
oof,1751,stead_event_00276,1194cdee6c319d01c15f2d339723edb65838689a683e61ea4b2066fba8d6f307
oof,1752,stead_event_00277,aa240cb0079c960a358ad88b528d1afe143efc5492c354be817fb14ff1a66b4c
oof,1753,stead_event_00279,62e3692949272a2ccf68dac023d36ecc33e58647a3177d373ffb85df8e1b2060
oof,1754,stead_event_00280,e0e5cdcdedd3d30350b3d5d7e13bb0fbe96a06237a6093e885c8b598b57fb746
oof,1755,stead_event_00281,cd922734de2ee14ed236a21ab81212c3b5099a57f27c62e343453a63222cebc3
oof,1756,stead_event_00282,11672adf14a5a31acf76f4565a3d20f44564c2dbacb6aa63965fcac2e9bce835
oof,1757,stead_event_00283,32065e0a830c05ef417a5012f0bab97fb36b18cc211a50957c30d205a237f6e5
oof,1758,stead_event_00284,075d23b9a1a82ab909c0b64eba0ef1ac15c806e8d4c17ce3c4cceaa44ca74745
oof,1759,stead_event_00286,1fa258eb8d22a03a25f08d91a542d00918305cbdf7bbdb5bc2a4fe8defec84ae
oof,1760,stead_event_00287,0eb988ddbf3e5a23d13edc77c16b7d815e72dd5c5abc0c41741f9012cc26968a
oof,1761,stead_event_00288,a69a9d1516c0d0e2a45e812672b3a458adbe48178b0b116c1b4664b43b371c34
oof,1762,stead_event_00291,1540ad4b04f56fdb9949c19c9efc0fb50f8e33a77c17a5f4bee7dfe54f0ff386
oof,1763,stead_event_00293,12014016f61a80f388152b9d0efe132a6d0af791211f245292be37acc02f9e80
oof,1764,stead_event_00295,ff7e91b55197ffbd2e3d5d9546a534c5bd6cc1a5a9a7918d227c5b05c0af3300
oof,1765,stead_event_00296,84cea201212fb5ecfcbbc85bf1bfcf5ed3c2e9822271886fd651d1b3847313ac
oof,1766,stead_event_00298,767c8d674a1f829b715ff99e822d99f896b9c37ae037704eeb70d89a72fcff16
oof,1767,stead_event_00299,86c767b39b81bc879b1accf13e488f896a45cf58e98ba1d9457735592be01348
oof,1768,stead_event_00302,4c6c51b0ca46f134ea4f4cffdd4cd4ef924bc851839add0b5faaffcf3729a6ed
oof,1769,stead_event_00303,a7659df72c7e5c117c30f8bbdadde8d4bec57f8f4b843c5ab646bc8c11c15c50
oof,1770,stead_event_00304,c463b809a57e9d7ff8ab3444f7e0fa7f26be39f4746d68c98a55096734037513
oof,1771,stead_event_00305,e76ac66717737bbee9526dfdb98d5e2a01f5610f38a055df5c9eb5151aff76d6
oof,1772,stead_event_00306,f364fd581f6679af21d305164a2d7e07efc2d046fc0e2cf4f35b38a3f6beac71
oof,1773,stead_event_00308,1b046af0836ed9892798aa413f9af1cceadcd15d5aee651ebb96783098a85119
oof,1774,stead_event_00310,8655e6cf94df4279b874d48e96fb611f12fd2b7d6be933015c7142c58ffe0d91
oof,1775,stead_event_00311,71a34af02a2b3fb92ba26770aed1ea6fc31a39c2aa18a7cdc11dfdea298d2122
oof,1776,stead_event_00312,98029eb3c31ed52e5c3dc5953012aa806263f4997018957cb983bda766df4cd9
oof,1777,stead_event_00313,f13109d57d4ea3ee7af4c3430f6fecd0a2c24fca19a86b6a657bb2ce48a5be1e
oof,1778,stead_event_00314,e4d960ad1ba35487d4b04340dbf26c5dcec936fa7b80df60142cb6abb25a8d79
oof,1779,stead_event_00316,571c90d7e5417eba85c73c14865c3ee6decd93b74f270e1dfe10b2a563d897ea
oof,1780,stead_event_00317,6064ab33025696c51daf0dead91f207e66ae5774ca462b077b89b273b7c623a7
oof,1781,stead_event_00318,7aa952072342634c70a73864d83d8ce983ab0a90fa790da90b59654c70656cf6
oof,1782,stead_event_00319,ab9a2119fd6c7fd0d07e0b94e5c49b05564cedd023debbd5ec68a85c8d49b641
oof,1783,stead_event_00321,a5e6326d58b04aa55e7d2d013a6aa58c7363401aa10f4a269c1f5dde9aad6f99
oof,1784,stead_event_00322,aedeebff6c055b90f2c1a00424c1697c6414594e812633994dd367dae3832df4
oof,1785,stead_event_00323,4f3a78e332e679c51363ed1309570939c430e8ff418cfccf02da2a7255fee9f8
oof,1786,stead_event_00324,c27a4d574e82ce7e171eeeada9e0efb122945390890a5f7f28518d702a9d9e53
oof,1787,stead_event_00325,203b713f25383b5cc99f7d602a2ec98791196be827407d9bc4c1fd32ed4d1915
oof,1788,stead_event_00326,fe6a878e07a0b2aff1f41d9653ec40b61610abad18a42883680b0a3fece3d5bd
oof,1789,stead_event_00328,11c85e910e9f419fcfded7ab3711d11093de41b7be513bd5aeba4226162ae753
oof,1790,stead_event_00329,3749f57c445a71a307b31fca7d5bbdd9eb5d35a210dc2a0aa23697922b9e3dd6
oof,1791,stead_event_00330,355d16a0eeba398c2f22942f4c598cc24dd503e63109cd1a507353738644d32c
oof,1792,stead_event_00331,1f57313b6acad5cbb0e979147f82b92bb2b311b0f502b05b26b460ca98f4d23d
oof,1793,stead_event_00332,323fa8e4068f58ccd2e054fed0347d88ec0047a298e44057d86efa9a76119cba
oof,1794,stead_event_00333,5991a7b8cf9edd0c4e5988a54eb4c815bc341cdbf990e940c8b6eb5ea9d912c2
oof,1795,stead_event_00334,6c3657b119f28fe1f0ffc0794f6f1cffa01b2a6c650038326a3a9261f179987d
oof,1796,stead_event_00336,d5fa2a07df02243f49ae0bbd4b50929e29b07f4fb62ee1e899f8a1b7c555690c
oof,1797,stead_event_00337,2b038a08cbc8c33888ff5f6e62de1ae35f183f3a033cea0570c1fb827c81d217
oof,1798,stead_event_00339,dd1f3d26a79ef574e1f155e71991ffa6147544b6719ab8d37c5999f316af3a74
oof,1799,stead_event_00342,46b0ce41034a267f1df2c4476276e227e069b7c61c3a4e30e7d7b0425139a296
oof,1800,stead_event_00343,5b2daa82f4798f803d1195df74a0fcb3320e6dadafca38f80432b3d2beffb01b
oof,1801,stead_event_00345,e605948504ac09a286b8b79b74ae45b107604b060ba4d69586490c8e9912793e
oof,1802,stead_event_00346,bbbf3e95d2400a96b574b7a6e710be2e2f49ca9f717fd3a2cbc0fb761e9d85fe
oof,1803,stead_event_00350,33397df2c351828321f331fac3cf3e2a848e83467358c6e0867f07dfaf5fe547
oof,1804,stead_event_00351,639f335e15e6d7383d89bd59135f1d26c7c0a099679e23fb5b645598fdad7870
oof,1805,stead_event_00353,040cc32441c162777dff6ec955da4467c73976788eff4ab0331c7aa62a4f218c
oof,1806,stead_event_00354,dd8d6e2026cad815b31f5468f6cd9823326d379bb3aff52ac7660bfc37c24514
oof,1807,stead_event_00356,caf9148eb148cc3dfb6d9cc8fd48fd7cf489cacef751ad720b35f4dfdd847b78
oof,1808,stead_event_00357,bccc46dc349581a2966ecc2a5b51ab6a9762215de4194a5d8d890161522867f1
oof,1809,stead_event_00358,6285199914b8739163b8fbc854445396b5c5b0e5a9fb39d62da10f4b9581b277
oof,1810,stead_event_00359,4e0588ce865126a167e023b7e61b18c773bf03e7c5cc4efae724214fec6ee89a
oof,1811,stead_event_00362,54178a3eece014024e9d6a985559771de22106c534940966418fc2cc78b0367e
oof,1812,stead_event_00365,f4b88626add479c622951c339dcb8339ba3253529ac2dad6ce88d59bb1c3984c
oof,1813,stead_event_00366,a868e3e9f796764da82593cf18051a67a4341830db4f75f5c064262f0e48a616
oof,1814,stead_event_00368,ea9b24b85b5ec6f48f6a0fba74a764d47ca1daa5af4ddcbc62628e13ebad5904
oof,1815,stead_event_00369,c15a3f8888771bb54e2e8dd87e05b7a076a4ddbc4aeb607d497cc2d0d10d6703
oof,1816,stead_event_00370,dd79cb3a544a0d71b62161d79c1592985477cdc4fb13b9cb03385f21d0ffb059
oof,1817,stead_event_00371,31163db27ea1336ad62fdaa3173c5245c9bc315a56012b765a3f75d5de081bb3
oof,1818,stead_event_00373,98a59f25550552ea0599c3ad90365f19d267eeefc7fbeeca3a5026e1c2578546
oof,1819,stead_event_00374,ed3b4c2c37c3cfe59481600b8fed7a1dd27586e8421169578cf8827a5ff929f6
oof,1820,stead_event_00375,6cb2f7cd30f2b0cfa89bd44393cbaf2230783ec18ba8e925c649a322d27fe12d
oof,1821,stead_event_00376,f087235ac445b33288b066ce1aa63a67cf05f5a60a921ec74383d8fc94b23b68
oof,1822,stead_event_00379,33d1c0ce3cf35932591a6e44e6e61a1166b5b72d04e2dbba61a81226fc0d9cee
oof,1823,stead_event_00380,e2fffe99926f53a3ad8a3c46a97aa5bdcb2b415f1a968b09752ab6897822a001
oof,1824,stead_event_00381,5e97ad1d888f02cad183c9601d57373a739e2490e0b45ec93096a5bd743b63a4
oof,1825,stead_event_00382,97c9c5d18007022f2f57bae8077c4a6f153522da9e8dd034b259cc49ad9ffaf0
oof,1826,stead_event_00383,58aaa85eb4e2d701642d1beaaaf257ca0532ee1200ef0841cf72347053cbab51
oof,1827,stead_event_00384,d6247eeac6c8fd678648aa82a575a6405c946e48f8c76539f33b453566ab5758
oof,1828,stead_event_00385,0d8c71aaf5f4d52dc1d7f720aa1114bd597a1466a56be0de0ddf14dfc197327e
oof,1829,stead_event_00386,02e88e5adad5175e2026bdf82cc908b8542deff43f4126fb91c4eb38f07014f5
oof,1830,stead_event_00389,32e4c46a402924e553fdaa89dbbc6760c81ee23697c246abd08d78ab33d99553
oof,1831,stead_event_00390,e316569452ea373f889132ad6d1601111bec6a3054fdb7d28e06bd56fdf0ee3d
oof,1832,stead_event_00391,c51af20f975de9b795ed8df2fca35300a7b7092ab61dafdcaf26a8b6479d6f37
oof,1833,stead_event_00392,6a8eb45f5a6aeb79378e427185c3e46a9012e8ab9667549d2db3f2a47a21ff42
oof,1834,stead_event_00393,47d7b9573a0e038fded01620e552802d1a0cdf2ab10bab97e80ba3d7ac3ab77d
oof,1835,stead_event_00394,199baff08b9acec0ca1447137c2acf3aca46e9559718ee2f632f94c8a67e6612
oof,1836,stead_event_00395,6e7cf2f238bae6f72d0ea0ce2dd2ae0044ed309bae91270c203b33b5174c3958
oof,1837,stead_event_00396,7fa84e3179cd694df406c890e1b22723dbbee4e17345e5be48c7c838ebbd4cff
oof,1838,stead_event_00401,9f6e045150f1d8a5f0d148cad7c0004296d5bb12764bd6606838bd29f6fbce96
oof,1839,stead_event_00406,ca22f662d0d482343b6d5a31bb4398b46d0763fa3585cb15369cf1263e5b0b88
oof,1840,stead_event_00407,8317428dbc23f515810a2fbe94f92e9aa33896de48adabaa25b9270203b98d40
oof,1841,stead_event_00409,8fe7176ca5a8f3dcfdef5ff17c1efeb824c1ee7198b1bc7b38955a0428d21c83
oof,1842,stead_event_00410,2b48c6fb85abc87dda1ec8578bd0b8259199581a0435be7ec0709d9a1874e005
oof,1843,stead_event_00411,7c1e95bf19e1755029a350d6328e08f72e600584f6f19d4a577506c660977f43
oof,1844,stead_event_00412,a6dbbe0ec2276c5453a7d0ff0893d70f6a9e80055edaa829d3c71a5ea926bde9
oof,1845,stead_event_00416,8080243515674487a8bd5125e44a4f73f10f819ca5a08107802b7734e6056061
oof,1846,stead_event_00418,5524a825aeae5df383cb5f5197b3841541e7f32df6f2bb9774975cb91254c7d6
oof,1847,stead_event_00419,6b6c759ce63ff046a7f6cfa30cca256d7b054470a6c8f8f8ed7315bb7aa001ba
oof,1848,stead_event_00420,bb6f93e3f75fb13f28b8c78a04cc8a2cae6ff5c71de6f3c6a13eb8f04a28c693
oof,1849,stead_event_00421,bfb20f45f58130db29e4499815a65085204bc56797046998fc726f1fcad05c33
oof,1850,stead_event_00424,d1c3df30804d0f0fe5340d0f083b3a45c6365d54f3bbfa843b9f1cfa8537a5d6
oof,1851,stead_event_00425,d0afc86a486d31d1a400b540377326008d1751b7f82202d34638822f1e8936a7
oof,1852,stead_event_00426,039ec93cf19a36e40712e4eb6dd7ef4ddf0c57e4be9667d787b179ef19aa9c78
oof,1853,stead_event_00427,4da31690e37e34e3a62cdb3783c7bcfd68a48045e7772eab143b26d02921cb5c
oof,1854,stead_event_00428,32e7d4dba0cf6dd102bd02ad4a89326f2673796c01ff210c238e6d76b02dd893
oof,1855,stead_event_00429,07cdc0020cbb4d89f92694a3684a2542d70b38d012e51202b4d7fe7c905d9e1f
oof,1856,stead_event_00431,d28244ee598558f3e326c249e1c084f7cf47791a3eab8d7ff1e85dc6016fdd61
oof,1857,stead_event_00432,8ab1ca240d8f6956fdc67d86e83c095fbd9ea2c7beec987bf893c5f7fbd31142
oof,1858,stead_event_00433,d2665ebaf7e93f4d2791496e8b7b7ca992eae9ebcaea983cfedf1d4dfb96bfa0
oof,1859,stead_event_00434,ae2f4e40caf0406ed0a4cee60227d745d61e9d97ddb46aa6ebf3246defc6debf
oof,1860,stead_event_00435,08e0c948c69e925da928b273b6e9f1a3995b493211dd7cd0f3260ff3c936234c
oof,1861,stead_event_00438,684dbc089c367f0229360c84c303e05b0b3dec8de4a8d7b5fdba3395f86178d0
oof,1862,stead_event_00439,77155e36031528e6a104ffbaada3137eb78ab5eec18fb702789d18e5f60faf06
oof,1863,stead_event_00440,bb024c47929f18b684295415a96b45fe77c365304db974aac9699b5e0d9816fe
oof,1864,stead_event_00443,720438b77ace20af4131842d3fe1bbeae784a69f42b7980bd74aab25eacf5e05
oof,1865,stead_event_00444,ba58c908e6b176e6376a62f8b84024b4d4cd4b0c978b754feed8278621ecf3b6
oof,1866,stead_event_00445,601297d34c069e0898d9d87952b75b408e2d9a84e643e988e95a37cb10c824f5
oof,1867,stead_event_00446,11b84e95b44bd9334d02ae27d7a591040eee6c836f56aff74b057b8e5752a529
oof,1868,stead_event_00447,0fb25020de1414a2aec78d1aaa3642b1e88ca8fc99294381f78e916f2d8d9b98
oof,1869,stead_event_00449,e9b66f74681ea9ce97e7ca5941f6bc51c37a22a75d83e7009d048ce5f8fe1e2a
oof,1870,stead_event_00450,2ae030a4eae1d4c0a59c9615a55075808e2caa21d1fb0ca730d6b7f382eda430
oof,1871,stead_event_00451,76ae4a6e2b4e477954b0ecff08dca6415edb115f7eb7f6d27ec94c4abfb566ad
oof,1872,stead_event_00452,1f272bd078523ac6ccf92b4038c8799f4442ae350914aab951b69e68911c7557
oof,1873,stead_event_00453,d5843aee9a0dab9018237aa10025fd4198b33c239e4fc69bdafcd2fc4397b4a9
oof,1874,stead_event_00454,2b4bf832f193ab462ea01807f842bdce2d2e80ee394d05e8c630ec78582da87f
oof,1875,stead_event_00455,5700c19af088d3d9ff6b8c38a5e674425074ac6821e21f1fc128f15bc6e60372
oof,1876,stead_event_00456,57e0ab85f3e1d90a53810e771b7c0c30da765fe28c0cbcfed82521ed814b751b
oof,1877,stead_event_00457,d7c5d1a7c0d54495eb9bc5a93a31522fda088e77b2680d3e192e9af8694c9986
oof,1878,stead_event_00458,3d94536f9422cbaa5e588e70e1eebfd0179c3511ca74bba4a5802f1156f36c35
oof,1879,stead_event_00459,60229c62a6d99b833e303fc8c0e6ab7830551833e36e064fee074f6e6db2e7f8
oof,1880,stead_event_00460,a8008f04610f8245cf1d18d19a693636ff68990df77815f298b3a3523e1cfb45
oof,1881,stead_event_00461,45385e41776d4d8f37140b3ac5405599eadcfacb98faa685f86c0ec314395e9d
oof,1882,stead_event_00462,78025915c23d51437d7e7f920a2054f1f53418c925e404dc0288c6a87a46aad9
oof,1883,stead_event_00463,407d129cfd147de0139b837a9580fb4defe8b28fc19941f925ac19ad5e4b7be5
oof,1884,stead_event_00464,552d45ceb431b8b33bf311e1a751ac1c37efb2dbe368fca8eaa08784d1a8d7a5
oof,1885,stead_event_00467,aa815fc1e752a0804d55aeb22090949b79fe94f265b06144dba1601711f6fdd2
oof,1886,stead_event_00468,77f36aaefca80b2fc3491a8047f12a9241be7df6f90525a22cea377adf56f5c1
oof,1887,stead_event_00469,240e9d5dbe925e628255bfcedaa5e69338d387984680d83c2fd9891868dc8ba8
oof,1888,stead_event_00470,24024e060c85ac78cd0b5c679d7e69e6329d821744bad864bfff0ade47478fa4
oof,1889,stead_event_00471,24ce89c42e7a241bfab7f70915aea36ede5d6471e63b121a87d5ebfdbecac7b0
oof,1890,stead_event_00472,d92f01a9f40d45c455fae66793518cf2c00c488f672323572790c4f6011802dd
oof,1891,stead_event_00473,2723b59a97ceea4057624f727451fa6502467b4aabab7a39a5a98cd482db79a9
oof,1892,stead_event_00475,eb899aa513e304a7ccb3f1a09f249a4c7db6ab772a0416d7239dfdf3e1f23984
oof,1893,stead_event_00476,4303bcaf0762ae8ad41087ac98f512007a62935f219a7422a3a05893b870a68b
oof,1894,stead_event_00477,3b85d19be79f6891a67603672514cc0d6dae29c4b56afd4d949d610ccc31d875
oof,1895,stead_event_00478,aa9850abbee4d3e41fe9aa0c74b659236baec037e9ba11a4f79c162c226e0906
oof,1896,stead_event_00482,4fa4828e2fd0ffa17e4c80801364d6ced10bcbd8bceb6208ff7efd1da897e988
oof,1897,stead_event_00483,82b4c5bede5350599e23f735c03b4395d9ec1106cdea93e480ead5fea55adc63
oof,1898,stead_event_00484,91c2a3f9feafbbcf8c5b645d4f82c8101784754baa1e8d5d24f5430c310e41d8
oof,1899,stead_event_00485,3d8b73d14b7be029754a7871ba5c9d13597d9bcc8ab7d708fbfaf3bcd69054bd
oof,1900,stead_event_00490,3fcfc532ae48978416890bc52d6795cf3fdcf316f9848921f4d660489a2fc48e
oof,1901,stead_event_00491,22d96c94e5966a62fa23174e5ec2ddfbef1c3d6cf6bdda799e3a6291b82cae60
oof,1902,stead_event_00492,197028bb10f2b72e01ff929875b2b7f0d1864834a9a732027c4628ca72866f39
oof,1903,stead_event_00497,728fc56304b2d05a92ec8a6ab08b0b295d9a06e5f4b37c1bda669a7ba86a4d13
oof,1904,stead_event_00498,edde85ad15f5a54a72caf16b16fb5285e4843ef019b60ec30cd62c4e2e1317ca
oof,1905,stead_event_00499,fcd16a1db533b3244b55193099871bd7a1ef297c82a04650564478ee94304fb2
oof,1906,stead_event_00500,807730a6423f7b81749be36b19b67cd568f6e01bb2883ab3a5fd19e7ddc2812b
oof,1907,stead_event_00501,fb51e8b4e5a1f021092f49fd5165c92ace308d56700d8d01826b796577554dd7
oof,1908,stead_event_00502,5feebb97f2aa3fac70377630701ff0c073fc0f62b7bc4db579b3249ce70b4e43
oof,1909,stead_event_00507,68584719eecf78382d7b2812130ac6ff4a02fc860ee98c36482fd2dcbcd1773f
oof,1910,stead_event_00508,59cd8ebb1288a855e6ed3f2c1ad32d10a77afadd775c082793592a3395f65b6e
oof,1911,stead_event_00509,a229182b17fec549158575422bb7534bf5bd9cdb641b7540d0bcaa81491e569a
oof,1912,stead_event_00510,2f58cd435a9092a103771c0f8af5dc2921d14f4e289f79db98c7047a5453d799
oof,1913,stead_event_00511,8503b35d43f0e4f3fc33d8498ec12cd0a69f4b2bc496d80a4c765d77161c7196
oof,1914,stead_event_00513,13d5fa4776177196716e41987d5cc4cd03d05aedf98c4e2e519debf139743a2b
oof,1915,stead_event_00516,8701aab81e90bbca649a01d7f466b0a32a431d25ef6af11cb837f14256006ea2
oof,1916,stead_event_00519,ed6277a070406ed85cacb2f629ff59b2c6a2040b2473fcb65b983fc17c33d278
oof,1917,stead_event_00520,21771810c65f4480b4fdcaceb6e4165f945c65107ba625974c31a552b84dcd2f
oof,1918,stead_event_00523,a6af0355701b9e2fdbee8f48fd6fb4dec9f06139a630ff968f41cb573a531ceb
oof,1919,stead_event_00524,fe8d1f860e60b2f85b26fa95bec98e11316e596ecc3dc67d296ebfead318c814
oof,1920,stead_event_00525,bc352d29b1490b420bdb8cd513d2fd936a8d1964339be59cb6adf4babd920a48
oof,1921,stead_event_00526,f62d4d6ba7fc233bb8b27279667b76d567800e168d4eac17ff2ea807f01576b3
oof,1922,stead_event_00529,5a96bb5035e3849b0d0fd7f01ef48429c745a2ee5b5186361991f019c66d7116
oof,1923,stead_event_00530,293a321816485125ffa0cfe102f246b2bd08cd9848ac2b22169a7a2a08239fb5
oof,1924,stead_event_00531,d4f0cd7d0294da231dad1c46ed5e3fc1fbe9d7c64287ad072ec0049e9c7e276a
oof,1925,stead_event_00532,308976506ab39151455e68bc802662f0cd312846c6801ac00605a602ab6e8262
oof,1926,stead_event_00533,7015d114fe75d24b87941e52d0afd42dd8f4083177a21e57cf772dc88feac435
oof,1927,stead_event_00534,a9b3fde66e9ddd7ecda142aa17e78e20cd17629bababec2c5f6a228d78d9ea61
oof,1928,stead_event_00535,2ceb28c19f53656a9d466129615b143ee6fd07c41f172eef68df6be3891239f6
oof,1929,stead_event_00538,19a8a16fb05caec2b46d36b718e68726c018982689f4f2e5e6f81c2e08e833d6
oof,1930,stead_event_00539,f70a96ea7a8a27ab0637fd8e8dd84df9250278c69a67e83ab019c18396db7d6f
oof,1931,stead_event_00540,8f1dddedcde609f0420160882c5829c88b9aabd12b17a7f49909957a178cbbd0
oof,1932,stead_event_00541,a0288d9a8edfc126db151a8bb29042a1214fe983062efbb8acadc568c47d0e9a
oof,1933,stead_event_00542,9147d17aab8bbbc8798426d0f8b0cebe4295ebcd980559da9138633960f171e8
oof,1934,stead_event_00544,f96aafebe32fea0c4b957e742de89a604ce30544472a4744ab42e2fb503def48
oof,1935,stead_event_00546,369473312557ab8c2dc2430570b0baae367834440e6de995b67721c43350dd35
oof,1936,stead_event_00549,7edf04ff29f083c7f1f537d3b7a949c44d05ac3c1ab5c2a7c87b446dbf69e2b6
oof,1937,stead_event_00550,a5adab43d685dd9478764d0a5e28a6ef13046e172b99c536512abc9e9b3d5dc4
oof,1938,stead_event_00552,8ed0ab44723eec6ebca8478854fff3a663ee038f1b939600b2ef896c888a15a1
oof,1939,stead_event_00553,395e69a625445d9aa866130578f68e2eb9facec1b732504f2ae3c0be26cd5b96
oof,1940,stead_event_00554,a800db674f29e2b6a557def21cea5baf103aca110c763cf16c9c52e0026cbaa6
oof,1941,stead_event_00556,dce7ae569ec6fb152dd1f804304c4f9ff908ed36fd57cbb3e8a4802a896e1c7e
oof,1942,stead_event_00557,0d31c874af60bbda3c23c6cf09370daa5db09308c0e12d9b23bfb4a281dac0ab
oof,1943,stead_event_00558,868e9ed58e3b567fc10242ad7edbd2db514dc23c38b2babcc9adb0615133dc22
oof,1944,stead_event_00559,0b8b72a3adb76b00aadf0ff1f26930afc6da23fd2e888f3304eeef54ac32673b
oof,1945,stead_event_00560,e5d04a00667207ab5dafe458f063fba0186119ab9b35a654c2d61da5e9054177
oof,1946,stead_event_00561,967bf6cb3325c4590558f3afc954de229bdedb823530f30b9256c9202bf5a94a
oof,1947,stead_event_00562,b46cf00855d8083bdcd2e4dc1575e9711d567c8fb14daf94b5c0a6499f5e0b68
oof,1948,stead_event_00565,8d6cd8be5b95cb57d13d46d903c26c23299aa4e2833597d85d3c741ce78ff3e4
oof,1949,stead_event_00566,e1207fad42379ddc16d27eb07daf066f01c7924d6bdd3368c963b937dd384540
oof,1950,stead_event_00568,732afb905e9701cdb98674f235d17a6fe07728d35b892bdb547834f2253c1e04
oof,1951,stead_event_00570,aaf678bd43e62a1687952ab7e616fe8162b2296ef446a7ef7d75dcb53f916611
oof,1952,stead_event_00572,84c57b6ac4b7e5ce55a9e1cf6de9cbd78e2f13da6cede8cdeafd760261bd9bd5
oof,1953,stead_event_00573,7e3c73e0fca580ae81fa0c5af4526b4cd0a7c30e53926b89a9a1f80cf7416d33
oof,1954,stead_event_00574,1fd6d892b11c26cb8110901c1ce2bbca5d71a9fff93c64e2547041642c9e67f9
oof,1955,stead_event_00576,4c00836f0ea093597ddd43e44398e86973ed046a7d78224be612c96944e9948b
oof,1956,stead_event_00577,d7801153dfe1e80a8d4dfe77c66bc2adcf2d9d912e6e943f2ef590ddc5a7730d
oof,1957,stead_event_00578,8526abb2586ff60b70523b0f39cc9236bc6b76d6025c99968e9a0d3e8ab27d0d
oof,1958,stead_event_00579,bd71a9ae0b8e9354216ad431c31ba9fde7899eec834a3e861efd7593ceb4374d
oof,1959,stead_event_00582,1a8c91327a76bb17e2d20e02ee5844ba45526dab6844d1a032bbac9bd43a3779
oof,1960,stead_event_00583,dfaed10c9c9ce1785594b315ca0fc7c14236e749a68bcf7f08bce33c3d9738a6
oof,1961,stead_event_00584,32c93ca0cbf84024a8175f10c57612227a0bc40ea48986ebae1e91a80c3111d8
oof,1962,stead_event_00586,6ad71c5861fc72d5105a32ca666660a4eaaa4ad18d49893f0c3717bc6e4afec6
oof,1963,stead_event_00587,32cd55d98862e8c93e2b6f174651162f7974df79900d3d6a1cb3581a163b4966
oof,1964,stead_event_00588,d5a45acd0e3e2d8bfb86e34f8d1647a1a43fe3257d1d0bf955f057baa117f7e3
oof,1965,stead_event_00589,2e374ce12c8e95318a05332dfc34d2deb2b51c4bd543b38ed7b6db4fd0e0512a
oof,1966,stead_event_00590,bb0e030b93d165855655ceeb1a35e47a0d6b77f2b36812bd6f6fcfde82ddda3c
oof,1967,stead_event_00591,bd6c315528c4be40ea1b88147d9aa2e0cfd09ea5cd7d38fa67b0544fe0e472d0
oof,1968,stead_event_00593,0a5c6737ce37b38f7faa5a993d295252e5b93f6d5e38c8c61e69f23f4a4495af
oof,1969,stead_event_00595,20195e1b802dd6bad30961ff9e76381e1319262e51b54bb65858913e395d7b89
oof,1970,stead_event_00597,8dea22d3ad07382bb643210f1ab97a83444d14d437c690679f2947135ac2651e
oof,1971,stead_event_00599,7ef965b2560491a0a771ffa005b613fd70f616624f88bef8e1ecd4a38a5ebd05
oof,1972,stead_event_00601,8ccd21972874d724d2c37a04126418c82906a5ee3d760a62b3661e9bf720ef94
oof,1973,stead_event_00602,8508206240d4cddfdd1c343710f005a26dc91021e3220b23e90b7d33ebfe0ada
oof,1974,stead_event_00604,ba09897306f5dca21756681c25282a127b8e21247d24eebbf7bc1b94e4ea51bb
oof,1975,stead_event_00606,49919aa81ad7cf65d5ff84a036e4c8d4bb83141ea3b3e2c230ab3169e8530961
oof,1976,stead_event_00608,d5eeb9c4f7012154dc63aac5b58937b55e227dd489846f5e13490c820a438ad6
oof,1977,stead_event_00612,27a05d3d0d7c52c0cabd46c41fd2483d84464b28ea4cdb3fc3480e8558ef5bf2
oof,1978,stead_event_00615,f46346b666c32c225798f01417d60cc83f00f7bc6d8638a97acebc43ca5a6c50
oof,1979,stead_event_00616,508d8cdd39db5b4dfb9495ae733f11ffad8e5dbd4c9eeae507e52f955338594e
oof,1980,stead_event_00617,47233928bc483bd822d4fc85f4c0c05045d04169475b05c1bc66b46dafda1af2
oof,1981,stead_event_00625,039f4a9243949082a4ce2eaebb31c25d998f5cb281d11d5ae3211326eced05f8
oof,1982,stead_event_00626,055b61a62a27f5cd32bd0c4b82fe81356f76ab046c05ccc7f7ec5acb0a089a80
oof,1983,stead_event_00627,e82e5caad53515d72388335e5d81c5cc1e50f3d298b161bba0f06a1fc5c8dac8
oof,1984,stead_event_00628,f3e89eb87d164ff1e93fe35da06b7d0260c8e3da930e40de5703c5d3aaee5e17
oof,1985,stead_event_00629,da2ca947c4c65262d48df71d16481bb1b7142ed40663a7a6702e0c5a43cbb191
oof,1986,stead_event_00631,76a77396f19763770cdb336b28bb860e73c217bcf19bacad535127647b02e2cb
oof,1987,stead_event_00632,550f471981b72e1d714e813e6be05362a7fa1b382beb3c16977c2437ac3835a6
oof,1988,stead_event_00635,126bc51ee2cc2d3cf035f1bfd9a4f25d7e515b1eb615b181670d2b0b6d736638
oof,1989,stead_event_00636,aa6c1120b3beaecb9d50f8bf45a5397695a3da8a6a580d2ab976682126230793
oof,1990,stead_event_00637,40795f01aadd16ee1098901d1bdefb2a0f940b7ef2c026de04d4291743fb1a23
oof,1991,stead_event_00640,154fc2fc9ed9ae53a8350b6238192d543d22609b1f5c2459c6fed417c460afc1
oof,1992,stead_event_00641,663d9629f94d5fbbd769672e7dd37eb4d24cde41a38a1b585fba51158de8dd1a
oof,1993,stead_event_00642,4e2b0b553a35c9fd4d6e0ce559c147027c41b86a1488c93a1927b5b69ce6b100
oof,1994,stead_event_00643,124288339757325415d9f2305b91a3469a1fb733011ff6b26edece0bdb18a7dc
oof,1995,stead_event_00645,2b3472d30534dc740cfab069b24c26740bb2322252aca2c02394e28707e04b97
oof,1996,stead_event_00646,e49a3c1dd2b2d55d596c6ee5f26816b2ddb73b93179839a4d214e062c98ff8b1
oof,1997,stead_event_00647,dc5585bf73970dd90ea4fe950ec94579fdb648c6cf18af00e6923d4edd6abb90
oof,1998,stead_event_00648,89dba159420f6dafbead0c03fc9fe6179670e4b2a0b0c43273a3fc59032a1be6
oof,1999,stead_event_00649,245fbb2361001d81cc4a28c8ac23b3132d80f136596c92447a0bf78841272720
oof,2000,stead_event_00657,7cdd6877de17c7372397c37bc45b250ffd499abadc1c5e965fa75622480707f5
oof,2001,stead_event_00658,28678954c605953f383cbf4a5e30d4c49b361c607fd7e969515bd6cc0cc5ca11
oof,2002,stead_event_00659,2c1ee393b98535a416c465aa46e21a3e551b335ae1405f727f1223e45fbce4d8
oof,2003,stead_event_00660,a5f47bdca75b9962668394ee50248aeaa2b69c1bc57348cdab12a8bed01f7993
oof,2004,stead_event_00664,f02a31064553d0cbd0291f556cb807fef51a72a8e4af044ec83e61d19605cc2b
oof,2005,stead_event_00665,c13999051ea8617a3b3171d3470be8a2af097f709bec9e3a90f8b7dbd55f2480
oof,2006,stead_event_00666,b57afd04b67032c9a6bef3b3d27ba696bf7ee993dedf50f2c9182135dbf86de8
oof,2007,stead_event_00667,023b158a215005e6de197025c484a32b4c17ece855bf5d0adbdf724975502427
oof,2008,stead_event_00668,2c3b3eb3eb0d1e306f5c1bb84c75c720a9868e91e9e9b6681e38010ec0eb1d5a
oof,2009,stead_event_00669,9c6bd304e116f048b2cb3a160f40e4aa73cbda849a421bf97d51e701d2ffa2d1
oof,2010,stead_event_00670,08842c843a526b7893b6f8f0b45a063e732bb63a6a230490af1fdae2594347a9
oof,2011,stead_event_00671,375749504f4b2c92b21b34f01ee8cc0f71f15aa9f916e18d5dc9116037b3793c
oof,2012,stead_event_00672,17549b3b4037354d487d6126352fa461f4236ae4fb629bb3a45b5f4fa7261764
oof,2013,stead_event_00676,b0cb39ca9dd6e1f0fccedf5d05a6fa4f2d4656102834e0c5bd12f87e22348b5d
oof,2014,stead_event_00677,67ae5f3206cc4f028d2a51c134000543565119a25ea0e5a3cc5beb7b47f61bff
oof,2015,stead_event_00682,bedc9a3937ecfb9ab43f72c7577224e2c233e0863be56c55d8c3ea66cb28af79
oof,2016,stead_event_00683,9031f2346960597553daab7a1679eb5c6516da49f4a08476144eabf5c6904af2
oof,2017,stead_event_00684,5bfa54d7e086a5b770a9a39ceced88dc066091dc0c7318ac468643022e058013
oof,2018,stead_event_00685,929bbfeb5cc1b4a449d82f3767bb66eeff12165ca280809a1f4352aae33ff158
oof,2019,stead_event_00686,27119d5661757533fde602667347eb0310d604af8b79b6482c5281015eb8f48b
oof,2020,stead_event_00687,750097f59501eb064892bf9fe069ff132e9a259566742a28c9123a4dcf876ac1
oof,2021,stead_event_00689,9f4074d5b2f779510a4bd9f13c71902ddfd55e3d92e563be1f7ea614f285a2b5
oof,2022,stead_event_00690,b5af8bdebb403369a3873a8df4d0d22f502cecb39720c5f60cb0069d84727756
oof,2023,stead_event_00691,16c5b3142237f2de9e49f3f2f90e285d8aee7be6b2e7c2271a030cfc238f8f32
oof,2024,stead_event_00692,f67cc38583ef3536eba64186018ff95be26fdacc151adea8ab716c77d84984d8
oof,2025,stead_event_00693,07397f660f045bb0c223d128d52c43395ee863c634eb840ff093c6d3c61d7e69
oof,2026,stead_event_00694,8b32575319519938044658626022b24a542d94f7608dc6f1d1dd8332c004b59d
oof,2027,stead_event_00695,78ec98ea500b0dc263584525d4d941ffc6c02ccc714cbbe66a0211e3545c193a
oof,2028,stead_event_00696,33706610af7d013ba3331521fbe8cef6fd712ce35f39eaf4a66f99de4a5ee87b
oof,2029,stead_event_00697,905dc2663df76738339d2d7a79e81ecfd3c7918e8f24784aa6a6b5e05b67b468
oof,2030,stead_event_00698,4707679c8cb407dd22cf47a8068227c9c062e57fce5e925738cb78c1578febc1
oof,2031,stead_event_00700,55aaf15dea54554fec2248cba23001f0a5c95839578b6ca7132a2767c1cd030f
oof,2032,stead_event_00701,f9319cc7a8c323455c95146640887a1f2daf441e9ebe9710a9465b8880f7e242
oof,2033,stead_event_00702,af3143a9d8f73f2dd54f950f21f3e8258c5f3501023d7b0b68ede9e4509551fe
oof,2034,stead_event_00703,815967f5013aea2a82e30274f72d2f9ebc5b3c6697fda9db0c9e4c13827092f7
oof,2035,stead_event_00704,86b5a268a33f5a6dd5a333e9b281ec0f7fd9a0a7553b30e6201e6e77a48dac9d
oof,2036,stead_event_00705,b7823522f5b27d3ab38ac303d2a2fbcbcb268dd38f68a9b00dd5fa5ddf24f772
oof,2037,stead_event_00706,c09342d167db59c4b2e240be7d81108d157ac06d82c8a635ba6c37943b6b7806
oof,2038,stead_event_00707,5ab4d10691449ccb85f2320eb54ea7eea0c5acffa6b5805d2980f8e7b693860d
oof,2039,stead_event_00708,9ce8d8d120e3430e86f9a1ad84629fd449fef1aafbe1ff4da1814800e258cc63
oof,2040,stead_event_00709,d2f5a5349971791afe23e49bd5ca3215c15db493cbd21ef5b5624aa853de1d10
oof,2041,stead_event_00710,ee4dbcb85eecc282a9faa3058a806a9192fcc4a3ec13971971ee830f0a889a29
oof,2042,stead_event_00711,442317092a6167022dde9ef5baee1bbc78547e4ef6f7d5167562a439bf9c48cb
oof,2043,stead_event_00712,659df4c59a86c8c7e8df543aec46a66afd20e2e5646131c56a5cc830fe348525
oof,2044,stead_event_00713,6ec8174d9fc88d6cf9697d9223a1e86408e0e48b46177b61ec85217f1c191a79
oof,2045,stead_event_00714,dcf351062f2e1d3cf085098d75088d535befde2b50c297e20c2451b4b458014e
oof,2046,stead_event_00715,a330f4edc347b9b06d182001b6d9539c92d0e118ce38dcb80e4eba38f5145e2c
oof,2047,stead_event_00716,f7347d134a07e26cda57954b2da8b0efc13b9f6384f48d5773dcfb85e1550675
oof,2048,stead_event_00717,030a7bdaf91f50090481763f229f75f3b503805dc2bfe4ca954d3d1915901da0
oof,2049,stead_event_00722,03b22d72383b9d648cfcdedf649d1db0927fa81b6f2a846f26e494b3ed5eb93b
oof,2050,stead_event_00723,ff60e69340809bb68791a31d2a2a8703f723906ac9ca35642b4c27ee8a63700d
oof,2051,stead_event_00724,345936891a03a2f2f3ca7d5ace481e133ce27b0509134825dbee371865fcb078
oof,2052,stead_event_00725,da83adccfc9f5b6814167a79a1cf2b8180cdae2fed111423056e70253ac4e527
oof,2053,stead_event_00726,04d1b12da29a83e0bc9fda1a8e115869e79ecfda81f16e534b09a755575d9036
oof,2054,stead_event_00727,86cd35dd87d28014d7b95532c1c74a003a8928dd09f3b79f14691243d6b07364
oof,2055,stead_event_00729,132be0ce1a654be2f240a71ca77c13d01f8decf762bdd4ebf9c912bdd01fd5b5
oof,2056,stead_event_00730,475eb530b80bd15edadd974487e23f9780430218b3be7a8be15a55b672b6f402
oof,2057,stead_event_00731,394d07b53ac45a49b672d4433c8eff5400d111bc6a3bb4f4e4cfaeb9bf8f1bcb
oof,2058,stead_event_00732,c54fa96372d346c256bd723051f90d95ab0b660067581f11ddd7988ae0737e2c
oof,2059,stead_event_00733,a5d4406525a72309aaa26a0b2f526901fb27568fec97a655a9a634fec50b1ae5
oof,2060,stead_event_00734,84f80acbe9304d7d7f61c90464a9c36d0368e4ff3c4097a89e27b11019391113
oof,2061,stead_event_00736,13d0f977d7c5e0b31b51b392ac18157fdfa740898007eeeb609c75a92c392dc8
oof,2062,stead_event_00738,7e9e7399f3e961067b1fc765e31f980a119d02eaedb826fc9007eaf5cf1d8dce
oof,2063,stead_event_00739,cf7d3b90c331575bd204342de948a1eb6fb448b7623d292fa0fe49c22d6621be
oof,2064,stead_event_00742,2e2ea1d34c7a22a51d86120f74b725533a1b17a78dacb65cf4a0f11f1529a84d
oof,2065,stead_event_00743,ac9fa6ee7b2c062ed267e1330cdf47a6dbba8aa2e05db3dc5ced82acbeeefcba
oof,2066,stead_event_00744,f69885b544f4500e955c50a702c88500f7eb4f814003b27ea10615cbc9556d6a
oof,2067,stead_event_00745,baf55bdc7778bbf5ea2fe498721ba885366418895f56d312db243fb2452accd8
oof,2068,stead_event_00746,86ae8ec30739348bf7f893abef9f4c28b4d096b60337f3ea92abee3253c7287b
oof,2069,stead_event_00747,79797098ccd365c8012d345e95a90e0ec098ee1a2b1ede7ab6a0709a37df85f3
oof,2070,stead_event_00748,30bc558f6d02ad64ca261195527c9ff81bddc9ccc04e8a233fa111849aeefcdd
oof,2071,stead_event_00749,160e32fe0eba27aa7cc872cb5e675720d218e8a1abf460778943dce1cf809209
oof,2072,stead_event_00750,e27f1ea138cc6b3f2751fb310b45ff593e8a72ae7d7aaf86fac419f20f4648ab
oof,2073,stead_event_00751,c0f0e33c3f8c3832a485d7269e6c4ff19894546f793e1273b5fe2e4e6392e11e
oof,2074,stead_event_00752,7046820ca8633115aec82f6d7ca723ef6b2302f22ae2c3a72f0a58bf7b55a8ee
oof,2075,stead_event_00753,e5185c6129c627a87a6728c8b39bdab68ff234e38cc76f0868330d0a4ff06ef6
oof,2076,stead_event_00754,b072d028ee93f3aa6f654f5d2bf157b9cb5f8bec950b256c15173249a554d2b2
oof,2077,stead_event_00755,7124d2480c3a1662f4234aaa4157bcc8e835df3efb3aecabc306c3ab9d17e537
oof,2078,stead_event_00757,ead43ae7c69f5079ad267ae63aec4aa101fea648807717eb2182e37a27eee3c4
oof,2079,stead_event_00758,ee93fa61ba3cd69e95da238ccd0e23046e0d65509da4b31a7b0cca22d5cc0b05
oof,2080,stead_event_00759,1c6e491ec51d113b950db4b2192d45f5d642fc2a5f677a5dd2fbae066c7dd898
oof,2081,stead_event_00761,792f7633e40fc91c88e2cc9369e5acc102eaf947a5b306507708f271098376a8
oof,2082,stead_event_00762,c5f90433c8bbfa57e05a28da6af8cdc27295bd4393de5934397ac948a7b0dad7
oof,2083,stead_event_00763,fc51faed46457ffec2158dd5b4c84b951b5c29c296e0949b0d51accd34d712de
oof,2084,stead_event_00764,4b39775e496d5cf4db332ff3185cc6fa694028c860e522c665d3955407ee4f34
oof,2085,stead_event_00765,a8ca60b0d0e318fd471d158f7ed003f8cffecf4b39cb4d59920e800dfaae1a02
oof,2086,stead_event_00767,c53eb8fd635c419f4960f22d148937cc33c1d1092e03bf9a5a65c47f3e4bd2ce
oof,2087,stead_event_00768,c6d9a225c1fda43a4f7da486548bec373ea0f1c248b45f691c629670790e1fca
oof,2088,stead_event_00769,15c731853e6b9e396cfd22cccce5fc0e2e9ab8446166bd0806f4cefea8cf956b
oof,2089,stead_event_00770,0891f83408c0931a4acd9595dfb4a21532ca38fd8606f761787f959417511347
oof,2090,stead_event_00771,c356ba4c219fbf8c4941efe3de1355f9cbc062e5f6b82ab956cf1d9b9de06f5e
oof,2091,stead_event_00772,27f3568dfa531af6a3f527a414a2bc971bbca11c4e5197f329fa2d34d8aac658
oof,2092,stead_event_00773,070107b5d892577b095acd9f52ed854a42cf43a03c3c8c40cf5ecdc682741637
oof,2093,stead_event_00774,d9dc1b5d5232d83676899d115467ca2a89bcd5d138db6e268d7cc74bd8690ee9
oof,2094,stead_event_00775,6f7d59a73f5a777fdebeb58c6bca6cb0673f3f3437394ea71b6be3ac73ab3226
oof,2095,stead_event_00776,4583e2a6dd8e78546362191c4314ba0d955373c2feb7a631e8a4f0acdd0d0c1e
oof,2096,stead_event_00778,eecf159289b5a8d3d2c1b6429541d6b51d5aaa4d28cf419b5e713dec3b64d04d
oof,2097,stead_event_00779,888dcec5e32e713f549ccdcda5d3e7b97c234022ee61ae6f13ab7042b4a3b8da
oof,2098,stead_event_00780,cc48597523db2256821189f343ddb5afe410f192047d625292fb164bda56127a
oof,2099,stead_event_00781,fd927ec215d643eff730483991756c8d2beeb99fcaad94e4c4eb389374ae152a
oof,2100,stead_event_00782,f454a05e7f6132db4b6f0f69620eeb364ec184c49203b38a8efd2db81b9abe8d
oof,2101,stead_event_00783,58a00a4b5de1b67e85998254f0b1507ff80ace95d38f5e7d809926e9e3146c76
oof,2102,stead_event_00784,22431ed1a938f16056ef70fcb70794e54e360f2a6cd810ccaaf94e65a6aa7943
oof,2103,stead_event_00785,eb2f4c86360f315f99b63de167cb8a6aeb2c754819cff874f80a49248c183ecb
oof,2104,stead_event_00787,ff3699e709f424c3d3b8ffd7ff407c6ade53b5e9a497e9eb624c8260156bcd28
oof,2105,stead_event_00788,f9808d58dcc5200e8aad755c8b464d5aec872fcec750c14fe7189ed7c4719229
oof,2106,stead_event_00789,6ce7dbad18bdd1dd7e31373fdaf4a5c5909b2222dc6412469360c33582acdd35
oof,2107,stead_event_00790,9e5fcaa0abbbe8ae8e24d34a61cfdd5560feef0f2608397a63c0142efefd03e0
oof,2108,stead_event_00791,efc18c556ab6820f8500579fea2b72f0d210ffc3f655c38ec74ad699d77e8491
oof,2109,stead_event_00793,dad0be8b6eafb98c783cf7edd0090c9f9a60c7507f665c14b6d5238a7d9771f8
oof,2110,stead_event_00795,8909f367cdebe429b945c778eaf95101336e940cfdd90ef402ab1e0d90c0b027
oof,2111,stead_event_00796,d26c7dccf1bfa63948d83984c5e10cc19498218301164cd3a8e3ca8512c5c263
oof,2112,stead_event_00797,9a91bdc73470e17a40d0ef4683453df17ac81a2ab9f2758b8b5a253b6f6fc632
oof,2113,stead_event_00800,0e1db475bf22e81a1cdc5aab1d6c54c4a9098faf3169ad3536c9a2d7fc314402
oof,2114,stead_event_00801,629fb2bd44d2110822c69d075d2455ff640ef3b0ecd49d3b5817a03fc3637b9a
oof,2115,stead_event_00802,95947ea0da657680cff8170639ca625c671f273efd59b4df984b2c7894e658d1
oof,2116,stead_event_00803,e527ffaed5440528b7b85a40fc0183cd033a0acc4dcf28bcb23afdd95b6b25bb
oof,2117,stead_event_00804,64d05a81efc30c178fa4b292f8d6e715f985465cbed824c31b297b97e7a45884
oof,2118,stead_event_00805,1c53d98a34749070939ae3d0fec6124a012ab72e2f8e33bc82242de9f5e05725
oof,2119,stead_event_00806,13ec635889e6d05ad4e22fb13ba7f4886444fcc6344b47d5e291cac0978caea3
oof,2120,stead_event_00807,ad2283b1e7c565818685c61ce0972387f77221b1174f438cf4042a05b627b865
oof,2121,stead_event_00808,751a2ed2ddb6d1b5276e24d228233fbc006e363774fda07d0d9efbb204c7156c
oof,2122,stead_event_00809,f3b3c6582db16f8f2395cecc7b32df6fefe9fed766fa0b09b8865d6651311bb1
oof,2123,stead_event_00814,1d247b69fd3eb06d12cf1885441faea633e8f22f0caab490d334f9b682151cd5
oof,2124,stead_event_00816,a0a7f236eea953412e77a75a797931e48562a3af09d9b5995612851352fd6276
oof,2125,stead_event_00817,8ad55d65bfa2cbd958379d1d538079fc63de36c14dab94ede140a39452e9b0a9
oof,2126,stead_event_00818,fc3cae1aab04a08ac2ac5b8626939398d29cb7b6fa7fbcf8e46af499d121b4e7
oof,2127,stead_event_00820,0a11757af3d04427ce5e2ae44c423a4b6db4c009120c70ab6f68d1b1147e4375
oof,2128,stead_event_00821,714232c4bd9ab1faf3a1a8516be79aedaaf17cf0b7458b876290181f39d5786a
oof,2129,stead_event_00822,936ddb46dc77520354714a9fe57e7d799965d39fa817119d2b571dac446a9c6b
oof,2130,stead_event_00825,09b4794e5cc22739a8577bee08d172e7e41eb810f876d1a40fe2ff79d51536c1
oof,2131,stead_event_00826,3252007c1b8662c9997284d3b438a316ac2263367d13037ba971d737c0a48a0b
oof,2132,stead_event_00829,271cda931e7b4a99c7e1733be6a69a3e142c2e32fff95f0a144ff0a885a47df2
oof,2133,stead_event_00832,3cefad44c85d11c315fccbce2da1dda0759e5fd730d5eee9e217d41911278da9
oof,2134,stead_event_00834,19af312f3d1a609e39d63b8bfcded1fef537dd957c63efc100e0376d4e44ad15
oof,2135,stead_event_00835,3303f50f5326afd6a382aabefa6b940f13109f6f2030b65dc096d02e7750558b
oof,2136,stead_event_00836,fe0e9ae6e0f1603000f2269fd8b0460ab7a5301168ba2a9b560b3495454908ee
oof,2137,stead_event_00838,52bef31090e00084f5109d3b32080799f99ecf6d2210fddaa0c2312de2807ae6
oof,2138,stead_event_00839,512b96dc31cfd48e81f120497cd01c168ee40bfe88b5d389b159e7123e72e679
oof,2139,stead_event_00842,f45da22a288ac90e081ab6055a86ed26ec01ec56ddd5c7216674cdfdc91f8283
oof,2140,stead_event_00843,a8030e34033f606d82e8cc6d103851ca440f42f13eda10978a6a40a39d6e3a07
oof,2141,stead_event_00844,7cd88ab586c2bc9f40d7134feb6b206adef41e9791a79f9632bdba02a7d2b11a
oof,2142,stead_event_00846,88033b0ad14c9f04ca1d4cefc196b7c7d54f3352d87ea0f511bd19428b292361
oof,2143,stead_event_00847,d05e899259c43ada640fc124d207cb0e2e52c76a2983763df9da2072a7c322e1
oof,2144,stead_event_00848,907ba469ba20086799d0abea29c210b5ef1526246895a97f6157eb7a690c5ba8
oof,2145,stead_event_00849,3de64a08a704d615646c9cb6ff04eb0c092cc7bb43225049d003b1b528238125
oof,2146,stead_event_00850,de9b82a287b8b9159d49737dc70f40fe5cfc532ad192cf0cb7cd9619acb277b0
oof,2147,stead_event_00851,8ca5cdcc5af69f65c97c4b7665b446a73d5c7ad6cce896ca67d0bee574d17e38
oof,2148,stead_event_00852,7f205609d1cc4e59d271693577d8d65c283fa64b3a45788c3846d57bbf1d17ff
oof,2149,stead_event_00853,98683116dcf97620079f16000acb3618bd55d2d54c0b6437d5c6def906ed432b
oof,2150,stead_event_00855,62f8c2446f5074e29430788a938563d8c8e573ba91e38d9c86359c7e5a641f4c
oof,2151,stead_event_00856,f4c0a026f46cddaaa518fc610a04add2edfb143c04022e0f78960c342f44cccd
oof,2152,stead_event_00857,3a2304a6a053045846852548b3bc59a3f7abb0fab3a81964a82cc6d7eb0a1917
oof,2153,stead_event_00858,5578a7b5303ccef02c47fbd6e45a8ab7f7764f78bd247bfc89221efa5c091267
oof,2154,stead_event_00859,40b118503c0cfc89aa582195b25e6039beaf47d41c3e31f94b455d956c276722
oof,2155,stead_event_00860,b569bf70602c87b93ad627492e47b8e49b743879a6ed929cdead95aa97d5ff68
oof,2156,stead_event_00861,85abf978b2d53039a3b75f96dcbcec1159cfe25a04c5c01f80194d9608944258
oof,2157,stead_event_00863,5dda001ecd669153c0ca0b74f2211c5a4ffd7ba6bbfb1c10d53ddc0a927f86d4
oof,2158,stead_event_00867,b20cd6fc3cb4c932b9c12b5bf5bc26e1fab1ea0a2d83df2fc9c310aca7c9507e
oof,2159,stead_event_00869,6f3f230904cd14c6428e8340dd98a8fc113ac2b4a2a22289058306b285cbf96a
oof,2160,stead_event_00870,f7ceb585c15e603cd4733149df2d38bbb4fec4082093f7dda82cbadedaf13606
oof,2161,stead_event_00871,79c0d13b9453b51f36a60ef090959dc72d94bb02c2730ae08e2d35809ef93758
oof,2162,stead_event_00872,69977b9cef6cae6c5d2a28e4b7576e559070ed3bf3c406d8fa745ca860a20f78
oof,2163,stead_event_00874,e2f250ab8d4d3f1fba98aa7d1b91d4293f733ee441f8c37372b4d18ba10494a9
oof,2164,stead_event_00875,47c4461b727a8338beee6fae874a8f1251254bb8bbeab6bc31a2e449a5b9418b
oof,2165,stead_event_00877,8b9713d1078dbff4b2ae340af338719c6909b53879e10c845c3481b4fa84f26c
oof,2166,stead_event_00878,19661fa0c2b57a9d6cd1562a7aaac3d4bc8d9282704b0f9bd7a8f4d199001679
oof,2167,stead_event_00879,d0942d24eb077b02a9d0f9328dad2d32f8186727bdf103a9ef403b4eb7578825
oof,2168,stead_event_00880,656b2486439d8c1e63d44816b24352cea19c51bee915a74cc4ac3d4aa566ab76
oof,2169,stead_event_00882,e98d4191dd90f4fa9d873a2f9bb70ac830b5b1008e4a1b6bfb6470a56ce17a06
oof,2170,stead_event_00883,6f329b893f2c6887253ebd4284c7be8ed63f92469913e886cfb0432a98dc547f
oof,2171,stead_event_00884,f0602993a4031861ec2371deedc3702b182dc77e4918ec267b46bc96dd868230
oof,2172,stead_event_00885,dd9c90ef12e5324923044c0f2ec42a2a9b8a92f33eb611921616d6d390baea95
oof,2173,stead_event_00886,445f0d8f0ee3eb27eed3335add4cbbe33188396bd3c89174c0d3cd2d511e12eb
oof,2174,stead_event_00887,8f86122e70389a41b5f2b5bf1d4044a0f89ae0f9e463cc7811be9def7ac52561
oof,2175,stead_event_00888,c462bd8bddd6395cf714ccb4042c033fb23487b7890410ceb13adb6cc93d4267
oof,2176,stead_event_00889,2d683c15b340bb0257ab21797065cbc51c62d55e133d694647eccfb26b5b4bcc
oof,2177,stead_event_00891,2830fd9a5afb0d43f757f2f1ce1fa80b8e7472561f467ff4d99b538934e8a7e1
oof,2178,stead_event_00892,d5130b7e1a4968c26157ed757336460cc85a3bd90dd570500463b6d9627c5367
oof,2179,stead_event_00893,d976e27f7c471c01fcf1c3bd0147b0fbdcb202f8c6f729a85f67b0361cd724a6
oof,2180,stead_event_00894,ac087639df1637d1f109f73f331b6c221eae3f565347be6936bba66cd2f43a59
oof,2181,stead_event_00895,212b6195b02065eb0b878da00bc6749150adbb663213ce16e0d7126958deabb8
oof,2182,stead_event_00896,b894373c7611aeaaa25bb5e5abe336db431feef50cd76ea5f888c17adb5c09f2
oof,2183,stead_event_00897,649f5a3fc7a6006543b74b4c74f6143f5bc23221b05d38cf60ab963e752de1b9
oof,2184,stead_event_00898,eea9e5ac882a86e47031bae2544f1d859400a5e7319f3a37dcfd6f52417a3397
oof,2185,stead_event_00899,61d805e07ec9ec4ed2b78845740eb6c9a63a2798b4dfd85e89ee512c16fc20da
oof,2186,stead_event_00904,f4841c8517d55356a9356ac9392b2af7280817e03d16d6ff41c4a67301d1c673
oof,2187,stead_event_00905,3c6bb94a15fa8d33d225888f734ccc6cf9ed3ed26203bc3b9b184f0b2af521f8
oof,2188,stead_event_00906,a2c8a25a430da0297365f1508074160217f6c145cf85eb4d6fc95230ad6b5c39
oof,2189,stead_event_00907,d5bd4d2188846dbe153be669f6241e52426a5d311f253309e245b9ad3f595a32
oof,2190,stead_event_00908,6a87dfcf7557873fcd39a8a2f2e9f26226f7065934ae35d73b5b4e4eac673c96
oof,2191,stead_event_00909,e0e61b047ff335e9fb3e27deca8e49f3d8c7af0bb9b09d19d2a9ca9d9f2362c3
oof,2192,stead_event_00910,a00920a16fa560e21686519dba3d5322f3fdbc781a41bce790aa332fe03dfd82
oof,2193,stead_event_00912,8694e1c10f2166e9252759056037311e2fc2dc6fe00b643426e98a67b37976a9
oof,2194,stead_event_00913,d6bd9a019a290d60f5a074b0829fdfb83e63673ed0cc0cd81bd23abc80eef370
oof,2195,stead_event_00914,574a8d7ef2bc6d9d0308c384e87d754077b92f0880517aad2fdb296792c532a7
oof,2196,stead_event_00915,c013f4ce3abaaaaa79b55ba131b0d8e4436b5863de61547f6f357b44255c5d69
oof,2197,stead_event_00916,7e50fcf5bc29e4f03561e3c57e4e1c249c5e9d7cda1d1009eee0d789d02d6984
oof,2198,stead_event_00917,907a203288c3285de2a04973a20d290fcb2917d7c272316ea9efe66676ba6a14
oof,2199,stead_event_00918,33635a4d2e24a1843302b7150d3b0ebbbbfac906e4b3074a7e73bd4f461c042d
oof,2200,stead_event_00920,b3f53f39a60809740adda04768b093954507c6ebe469ad7101792b84cbf70f20
oof,2201,stead_event_00921,f60aa34ca43764df026d37b5bf4ccbc08796f99fc9976787170ac629cea2ed32
oof,2202,stead_event_00922,d15465717a946227f7022b84a1fad1cd3e6ef1e768d555bb25555b8ff9fb44b8
oof,2203,stead_event_00923,6293677b7d1e8aaf58730a3194a8260997cb89716b03f7fc85fd870acf6ab0cf
oof,2204,stead_event_00924,dad08b48110e2392cf2d14a6b276b8bb00b239f5ee826b38638e203a9f1ddd22
oof,2205,stead_event_00925,e23c0e5d57b254a85eeadd2f6c5402fbbf6c7d30beac15bde55b4dcd8775eb16
oof,2206,stead_event_00926,ba227f6877a615506c4559fd03b8f5b1b179ad760303fdeac20ced389023e9c6
oof,2207,stead_event_00931,e2efbf8f3456ed67188b0b7305b23e8f09b766f4f7e0e4a866cb7896a88badb1
oof,2208,stead_event_00932,f4ef4a513108ee85c9ef98d1ae497b81bc88e855960577e6f5e3d7dadd7fb9eb
oof,2209,stead_event_00934,bc3ef5a9cb87181470cf6c367cc0b852bfd3cb42ce1f8b6d8db3579c1ece3866
oof,2210,stead_event_00935,751850b6c60906f7fbc3b546fe093eceab68bc9a97e45f94f6a79dbd09dc5cfe
oof,2211,stead_event_00936,4674ac8d33d25acc75aa3ff91ca93d2d48175278ef2ed6653fc1ee2c01c2bbd8
oof,2212,stead_event_00939,a8d5593a96683c8107bad3010f3507a45406d688c7d8646c26d80f9913bf9b42
oof,2213,stead_event_00942,9eb69fe1f9df35432fba62e055c823fd9e3cd54823afc4ef1a9264a5268268f0
oof,2214,stead_event_00943,d972d1206cbf5a6c57ce2da4fdb7582ec0fe1389b6c0dc95914af92241fa0902
oof,2215,stead_event_00946,e066803fd859b8bc30ad6e42592d98f7c91542d4ce5728c38df387edb50dc791
oof,2216,stead_event_00947,ec98adb6aefd5b85435989d750c33030d55450f006a939de10432f505144c06d
oof,2217,stead_event_00949,00885d994070c7488ddb7fb8860f19db10260f4cb7320fb8cbbc4cc088c31167
oof,2218,stead_event_00950,3c3e0a9950189b62a9f75f14c3d6ec629853caa13606e4fb54e0d60ef8f5eccb
oof,2219,stead_event_00951,d33ea9e616a206914fa46635f05842e3986b776a6106e334df78dc23ed6869eb
oof,2220,stead_event_00952,6dcb63a2e1bc5db9517d08374ea6c6d07133c6b7f87806f92cf7a1e039655796
oof,2221,stead_event_00956,9dcdf25a195374e45bcc3365c79cbc0f141309ccc4f7f9a0a7d01d61d50791dc
oof,2222,stead_event_00957,ce0745f2c46af12826eeb5195d839a5db8b7911f095532c0a01b857bb9f6b4ad
oof,2223,stead_event_00958,c17d7763abb8344febd192b74b431ce7b98fb95cd85b6866347adbdcb12a48a3
oof,2224,stead_event_00961,9023a0f04f75fd0af4b608d643eadbbaf12ebbfce7ad49cb4c2288e4d5f90ddd
oof,2225,stead_event_00963,365edcef6a3b7b05f498d0749a0af717d7a787a553bb70ae6d51d997718e3938
oof,2226,stead_event_00964,33b833aa253cd02af0a837dcdcd5d8ae1e3ca2d014de05637092bd26147d1c55
oof,2227,stead_event_00965,3d0f9e5ff987310b245ba78b9ded14901320d9a78638e57ffa3ad71b3afbf27e
oof,2228,stead_event_00966,a151b7cf41b8d170db2ea185052defdb16a75fd9ae6bf0faab6f3022e52d72f1
oof,2229,stead_event_00967,5cfaee85449ccf31c74486acc9a67746a0c996ff4be88674ff61f2a0f16f2ffa
oof,2230,stead_event_00968,da4729cf448bf5ec3fd58a2119218fbdfe3aee981049e126ab1ca8a2e25b3c2c
oof,2231,stead_event_00969,c4bce5853de4d66af4dc7ce4b40926f4d7fd9c2961bbf9c589c8217a3ab2fcd3
oof,2232,stead_event_00970,472ee50c245f834d75a5fbeb0bed3d7ab46e9eaa8a425de14229ea23d50eb055
oof,2233,stead_event_00971,308b2b1fa9aa06bef07fa3a6405932822ffa0d56b14a4c327f1009a4b59459f2
oof,2234,stead_event_00974,6e10406b580077198bf527e8c7e4d96b7a955d08833ea714f825fcab185d8ae0
oof,2235,stead_event_00975,2ffeecc2eb37daf446f9e61d2eab6e1ebe62163aee459d7c63ba253bb4987538
oof,2236,stead_event_00976,b354f787fe64196edcbf7f7f8d7374624e255f0195da1df18c31061908461509
oof,2237,stead_event_00977,a73c1a796faf085e547078945db397719a820d460c0395e5bc01ca960edf3ae1
oof,2238,stead_event_00978,273c1752c16580a8cf918b31038e8f136e6c032faf5e78c98c7888e6df6ffd9a
oof,2239,stead_event_00979,0b1a87101f2c8ab3e2968298a562921c99b650cad63161b8a08cf6bdda01ebd9
oof,2240,stead_event_00980,c22b023cac7ff07ef5dd20f5833e8e984ea5b3248b8dd4f2716e139152806d80
oof,2241,stead_event_00982,253f5ce2e9c2158f191884b2e2553a719b406bd5ae8bd7ee82b041d35eeaec56
oof,2242,stead_event_00983,d5b851f149cf17daab3191617f50b40c33549637302bba30be30cf3f50459ef0
oof,2243,stead_event_00988,ddc14db340690d97c670654791cbc6fbd86f90a74ef02bdaf6e5e3b1379486e3
oof,2244,stead_event_00989,04ef8bf06bbb5f77862c58b20ffe7ac7cf5a6d6fb14f03b18dc7b025ca3a12c8
oof,2245,stead_event_00990,6080adaedeba31399c147242de92dbf252ca5649e61c5862813c75598175b270
oof,2246,stead_event_00991,fd1c94828576eeab5847b44e43e81c9d16e0fcb21d608ae62cc66ea7cf322654
oof,2247,stead_event_00992,491a5de5fa78531bb3835d0491fc47207def6b575fad6943e03e866f54af82e4
oof,2248,stead_event_00994,f6d29a608d51ea4df6b7f735ec5b590a7ecf0d30b2a985c9004a80f19f347f67
oof,2249,stead_event_00995,cf049aed9c4fc9a308ece6b4f28f46c13144e21578cd466204e71c567bac4f06
oof,2250,stead_event_00996,aa98572e60fd441dd72a02936437e47b3330dd0101b5199b88cd18c7593240a6
oof,2251,stead_event_00997,3b4ed92e9d0f9658928084f13ee5a861dcd1dcc75caba91e858ed1e6aa5ebd83
oof,2252,stead_event_00998,70599665e3f7eb5e8e984083e50c3829252bdf4ec8e0e7e0ad9187c1218b9b88
oof,2253,stead_event_00999,343b186c63534e63380125d1e7ff37caa075b66bc9b66f19edd82bb2984a9dc6
oof,2254,stead_event_01003,ec22fc02acd587b2bc0ecb51134aa4c8fe110fff53adf2c99305d3989c46cf19
oof,2255,stead_event_01004,24dc96bba0e82508457e2901f1726bc52b99527a4ca62a05471cafbaf1306e1b
oof,2256,stead_event_01005,4bf68f82f37bd0fe3cccc549d58b712750b80d200f87d448990514960c1c3a71
oof,2257,stead_event_01006,791fce89a40c3e0e323231029f59791fc13fe11a42177ba663a3d73fcdbf8daa
oof,2258,stead_event_01007,e379af00193b75b7babd9603f0f7d746f7f746351dd37fe1b71ea42ebd7aa0a3
oof,2259,stead_event_01008,dea8fcc33315ccbcd9612aa1ac2322ccb4e4087fa7651a3f4b226d8665b11c90
oof,2260,stead_event_01012,0824f8fe991603fdffdd433cc9a3eef20c361890e21d0b40dc98e169726f3a13
oof,2261,stead_event_01013,66467e61adcf76310415e3b4f4264ffaf35eb7c694762655c9bc776438019020
oof,2262,stead_event_01014,bdaa6fb622cbf92e8130fdd4ee4779a0eb74c1c7ec56d72f5255f83d9d7870ec
oof,2263,stead_event_01017,1499fc289e8f0bc2c14051f1c037b45dc3c6f54e73b29eea04f263399617eb05
oof,2264,stead_event_01018,1c200de86e5cd9a373fcac3c362f9c343c897caaca4ffb17ec99b72d70c32da1
oof,2265,stead_event_01019,fe1ebfeaee4e79c5cdd7b82e7f5b391e5078e82cf0e586af84dead1f4506c437
oof,2266,stead_event_01020,c8f3c8f1209ae2443abca9c62df0e49f0811dee3939b157df34da47213db0257
oof,2267,stead_event_01021,d1771924f1d53e179f4472e552ce71190f3934ec1029dbbc64150eedcdaa2dde
oof,2268,stead_event_01023,c7f6b2d3987cab65248b201fabab7987d55d2f0456921fb972b4aaf5559bd633
oof,2269,stead_event_01024,baaff1bba6236ae5ea1f07e6002b0af0a93474efb725dd79e0664874bbd62c7b
oof,2270,stead_event_01025,4defe229b8ea895e8f663cd687cf65b4c678fba068d5e1aaec75ca4905a4bf44
oof,2271,stead_event_01026,0d0ca918ae4d18ec13548294027771f1af64bb45dc12c1eeea8efbabe04ecce0
oof,2272,stead_event_01027,7f988ab64795e566ed03cbaee2e3d3ba175ea145e6a37bfa41078f4d422f138d
oof,2273,stead_event_01028,8545d43b0d35b3a608b9b6ad12ba8ac6ec932a1f0eee97dcd7017a160ecefd9e
oof,2274,stead_event_01029,ff2851f2e4f1ae59f5148c74f30d9db08215cd2003e3475c9a5a36ef460667c3
oof,2275,stead_event_01030,67374e3147e312ad2047269b3dd541ec94b24177027a0251d6f6994d92235d3f
oof,2276,stead_event_01031,392c8ebc956c9e505c6d0339bfcb529f992a51e18ef66ef8721f8a2a94825453
oof,2277,stead_event_01033,3b8904ca4a301b4084e9570dcd055e2a4166a38bde70c6e5242df43f343872f6
oof,2278,stead_event_01034,cbcf55f15c5f5cd0cc99c71305c988785eaa322b96595fa073ee1d8b23e74177
oof,2279,stead_event_01035,26eed0e8a74c5cb439e0e195fd9d3932205f35a557ae944f423d4a112f5a7445
oof,2280,stead_event_01037,e0059c84d34bd06a678ffc02aafd943509d108884b492d1cc0733cc6f7345a2b
oof,2281,stead_event_01038,aff170cf0b07102377ae458442a2595a97b86b7e5e30b772fe652e32d912e0d9
oof,2282,stead_event_01039,1b0212c1a2cb2aef2fc14c56c026dd5b13f1e083fe43319917e0d92cb1441539
oof,2283,stead_event_01041,770de7fbf3d147d4ef34e9a9ef2eaf8d68e9a462fff4f9f7e9d7f4569d0da751
oof,2284,stead_event_01043,61905a096f429e448024715853a582ea119e489752595f21ec2611669b76ca37
oof,2285,stead_event_01044,139dcf16262a2d21e61a39f73e363591ab7c14d772752a318fccf305d1949670
oof,2286,stead_event_01045,bfc70593ac0d9b2d3a14e2ca5b2aa9dd2c557317fabe84d9a9df28bac58708b6
oof,2287,stead_event_01046,399a2b74c157e7e9395d3859638163f1e622b25cbaa60e3c7f48ca5e0bc649c4
oof,2288,stead_event_01047,48c45968ec977c59b0120f57b734122669159c25d67c81632def868bb44808d6
oof,2289,stead_event_01048,ce3e57843dd19a0cac0d0cc4df8d57a560d18fa6d930bd57c6427ad478016210
oof,2290,stead_event_01049,345fc57c94f38823acf8d4f5479cba4fb898d40bd935ec8294040096136ed5f4
oof,2291,stead_event_01050,a77cdf16867009bd508b593b1c79badc2c4ae16b1815047de26b210fe5c8f674
oof,2292,stead_event_01054,7fa0ca8f3127158a69f22a1f6e032e5f7daa9a1f8c197be688d137d169cfb2f0
oof,2293,stead_event_01056,ecfadec60082901fa1935a8ddde64532a2851021fb83528ccb66cbc02e88ba57
oof,2294,stead_event_01057,2d29a5d7bb3c5d31683d43a62c0fc0c7546a32a016a2241555ae444fa5fcd83e
oof,2295,stead_event_01060,f0c4f2b91d859cac54ccd810afe91c82408902755f2ecc3f9f7fafc0ba3b3488
oof,2296,stead_event_01063,75f8d6ea0655028f146d1aaaa811b845cada8b8fcaf1c438ca6fbed4d64762ca
oof,2297,stead_event_01064,a6944556aa47e25d0122efceaf496f3400ae12752a56d3e70f8efcd96a1a5ace
oof,2298,stead_event_01065,c8f2df2be37e51419994dc14985909c3c7eb4510a9f38b4db7299fc90aaa9dbd
oof,2299,stead_event_01066,99595256a49d0cc4dd95ab664d40b3382661cd7dd25ed195eb11725138da3c20
oof,2300,stead_event_01067,c8b224f144de00e1bcc3bae540bb09ea80f93d5793acf6e38fbeda7344860859
oof,2301,stead_event_01068,a22662ddc313bba6e107c224200ad3b1f186960b0ccea36e87cf203c2933eec0
oof,2302,stead_event_01069,125c951952899c83dc8aa85238eba0d99be9c5f027c284f8fba994e33c6c7993
oof,2303,stead_event_01070,469d3e3c65dc3fdd3fcf24c6ead278cc5e6ac98d9e1189651d75e53fd1ee3162
oof,2304,stead_event_01071,36b025eb6fe7ded26176aca89d9f3766394ed6c0a3481eda6cf42addfa455526
oof,2305,stead_event_01073,44781fbcd61c9d56a444469d9d630b223fc19f3d69dc463b6d4fb17435f51f50
oof,2306,stead_event_01075,701df0180d89ce774c16372f61896c5a46891c80bbedb9339dc1d92fb84173a4
oof,2307,stead_event_01076,8d5fb57ee52a5a2fdceb0dcc6939f5a1fb7f596071ab12c5585065a41c3dec7d
oof,2308,stead_event_01078,ade2d03567f87d214669b764ebcc6cea37a4704f7ab7313614479180b5236af6
oof,2309,stead_event_01079,af8573a325c290ea39a6843aa0d46267f7e89469e1df5cd6c59fdd7f93068163
oof,2310,stead_event_01080,95e356b2b7973334d501892f8307182a9bf63af4ddb853ee8241e3a4b1de5591
oof,2311,stead_event_01082,46d5815fb7b3ce54b19a4cddb339e5fa547abcc561dd8a37f3d5e16190991188
oof,2312,stead_event_01083,334031bdb526a0ff7e5246a8a37789e66b1f2275c0b12fdd5a064b4bedddd1d6
oof,2313,stead_event_01084,3edb72bd7877bee4d405434cb0d8a3dc4a8a77a5ac5d254cbaeff66e942f3065
oof,2314,stead_event_01085,6d9124cfcd89067da953ee4ab5a53ebf890bc76d0356dac9eeb490deab23c0ab
oof,2315,stead_event_01087,26a2e2bc79dc719ecc0f34bf4ddd3e1e99829ba52238cf943c3dec40a6ecf536
oof,2316,stead_event_01088,f0944e1d858668467303fd8f783b12e20f03c99e4b9f1883b0d169e8df59365f
oof,2317,stead_event_01089,25bfcb06f30f308fd21c8b012fb8195645aa9fb9a8a02e7f5ec2a0df06b5a430
oof,2318,stead_event_01090,e435e0c098b03f7b38388232d077091f9b612f99f9fbafb20536f82e6fea5ead
oof,2319,stead_event_01094,fd3f540c66317d3fb88df342610dd94650f3be389944a6a47551979a737b70ea
oof,2320,stead_event_01095,78e37b6ce3ecc0f13a62fa875a080c3bec07b014a7d4d7e8e898b3b764f3c1d9
oof,2321,stead_event_01100,22019564654fe58811b5f74f9b4158d747eb63caece654835ab26195a1026b68
oof,2322,stead_event_01102,594375b94a3754d3f353bb9eab24bcb74c8515523c74424f57bed27613cb60ee
oof,2323,stead_event_01103,0474a1e8d521574b99d343cde464f39a063dd2597672506ea00274fc0bca988b
oof,2324,stead_event_01104,d64fa6c0261c3e3c9fb597b04094a7de8f4531d53f2a9720013ef976dd41d3c6
oof,2325,stead_event_01105,6f3a968f60cba5e7cd4efad07b530b8658780743088432f23fdfe892c8b827b1
oof,2326,stead_event_01106,751962580f167696bc31c760452fb7e21fa3bee728189dce91ed27bdad2d067d
oof,2327,stead_event_01107,779265c7c3c7ef7fbc6c47dd649df085628f78a7d7770e1494ce71580281a4e8
oof,2328,stead_event_01108,5dacc71308ce6604db2adc33083b6aa0babf6b83332e7a7d8ac9c4aab1b1a541
oof,2329,stead_event_01109,c4a64420bcfa438227c88bc2077fbab6d7faadb63ee19071ffcbe0b20195f10d
oof,2330,stead_event_01110,d50c4af2a85875d4f09520f53bdef9071b3496d16038d9c63f67feb4ef17bfd0
oof,2331,stead_event_01112,bd9f6a55f7e10377149ceda6e42388c4cde1088e05907f2347c5adceb63d1337
oof,2332,stead_event_01113,bfcfda8f9e81058d1becbbf70cbce09107d01d33cac98b7fb9b0eae46a21782a
oof,2333,stead_event_01114,6138cb08870ef2a4f6bc53c7b3344d14e32203a9e5e0a2a72a86e57749294deb
oof,2334,stead_event_01115,00ab8f758a2e1cd2a33bab1bd6936dc9499f755c7757681dbc96868713db5e80
oof,2335,stead_event_01117,87403cdba562bcc58603c07cc634c00b3e35dece276d3e742a3a0b2b77242c20
oof,2336,stead_event_01118,48c9e15a87ccbd8709cd11bd089283e4b98236e2cda363565c76c6b029a5845b
oof,2337,stead_event_01119,6e58517d99e61199a601845141d66bd7e84186efed87eac62d2e623234591c65
oof,2338,stead_event_01120,97c886cf359b543fb3343ecfaa496984f6f1164a005bf7c611be4f69d4e16e6f
oof,2339,stead_event_01121,7fe8da6b28558551869c6ac658f841359e853e1d40e1d8e006c48603816e0308
oof,2340,stead_event_01122,87c35313a2e1ccf6c3bb520965502b99b743f5b9016191d1be9e74cb4479afc7
oof,2341,stead_event_01124,489569059f6d85e1ae9e4fc523d47767300631872e983d3a981d0537ef363579
oof,2342,stead_event_01125,ee57f10a9530e5494863fe0cf74fa1008e651b7a4f90a4b91435c4264e1715b0
oof,2343,stead_event_01126,b3d2cf98c3645026f765675ca4316691beb4b15e94b7c85660d4d8e11ed2b67a
oof,2344,stead_event_01127,bf1d8e5aa434f228cb28005381c84b05841fa3e33f96b000bc241e01858e6659
oof,2345,stead_event_01128,11c7b2b7610872a4fd5ecbb9e6e72313811fa89c2993d24b22cde60ba8cf58dc
oof,2346,stead_event_01129,28dc2981a7b2c53470f654dc0d43356ce8efefce71876e2e0de1e489256f5218
oof,2347,stead_event_01130,09db58e3c07d83c9cd7768afc56d8ae2ef9eab67f3c57840ebe9edda28d72eae
oof,2348,stead_event_01132,1f382e8347daa8073fbfd17e861f8965d22644b33b36c99c6fb20a0218732e09
oof,2349,stead_event_01133,e5a59155bfa0612dd2794cbe345bc3db489a5c7f197d79c178f4bd32190df842
oof,2350,stead_event_01134,759fde46c442e351e88e3a26e08378314725249975192d7d456cb1140c59df4f
oof,2351,stead_event_01135,91f5f41e984c951f5b464079d17a0be12a8bc578443285aef680820b4075cf10
oof,2352,stead_event_01136,aa1af2ae62c90257216c3d8a952209d5d58d25e9e936504f4d7702f1aeada8d0
oof,2353,stead_event_01138,bd40d44fe4ff197d7c8688604d7c4f408a1db9ceeb51975660bd8e4c518070ba
oof,2354,stead_event_01139,13d14003faafa2b40a068858c5cc81339d67ed92a571accf96c495e87978bd43
oof,2355,stead_event_01140,f8915d9af0236826d62ca528d75a4d2d75845a95bb1e2b22cb8ac6dd30eff72b
oof,2356,stead_event_01142,592e28ae783b677b325a3110f866ae13c9548920e5d08b3e9c924946f2bb269a
oof,2357,stead_event_01143,c199da1f7d5bccc2d5b7799ddc8ffdfeae4f693a938158dd956ee84f832d20e1
oof,2358,stead_event_01144,28c99b4f53434e7ba54486351923d459f27fef5bc95d676871794eeaec60d00e
oof,2359,stead_event_01145,bafc29e4282d861e09fe2a700550052bd5b374d7280fe7f883ec0c02bfcf8d76
oof,2360,stead_event_01146,ad9046c382097ffa607921f92155db00a8ee86c9ce843de6761ce58c348a0208
oof,2361,stead_event_01147,64b52d686b4426960637df144ea8d93326e762fadbcfe9c18578106eddc2cab1
oof,2362,stead_event_01148,830fb930829caed1c9955eb00861720e1fb5adcb913c42d807cb1fb30add5d7f
oof,2363,stead_event_01149,b3a4d0d66900e89c2aff738bd707732b448fd6151928b51efad93340d3138503
oof,2364,stead_event_01151,c81cee08fdd59b8e2cf24c8bfa3167c006d15baa7d6f86fa53738c1c15579a59
oof,2365,stead_event_01152,188a5ad810ef4cea7255dd223393930748147502db337321992f8e7cab980084
oof,2366,stead_event_01153,c03a508f307162a70392f770621a7a26c4c0def29c9a40e74c14cfee13f97d3a
oof,2367,stead_event_01158,1ebf235edac7f6facc5163fb40bcfead47a375068709c98ab24e9b0d2286c40d
oof,2368,stead_event_01159,3575f371f6652331211709a4df7e87b94db0ab2144f8229eda9904978bf042f5
oof,2369,stead_event_01160,0ef3aff9d8d69720466ad4dc67755243a4c7f026e42cbda66c8df02ba0bede7f
oof,2370,stead_event_01164,47a964bc9be77756faefc602a38e8eb27efabd7c4cc50f763df55dc68ab33bab
oof,2371,stead_event_01165,45771bdc4a1898a87e1adf1e504113412977e9099411aa42c91251a285be5bb5
oof,2372,stead_event_01166,2d2624e9127227cae17d49f64b0a472cb6329d25773c247405855ff8426e1c06
oof,2373,stead_event_01167,a58713dd54162473a532dff68d01f0199a036f2f79ad2e1563694571e7fde08c
oof,2374,stead_event_01168,a917d001a26abaa5725c5e48be801db5f9618ea68f4b1b711547908659c3a17e
oof,2375,stead_event_01169,bb62618ab74e5d12685bef641d39c4a1ad77b7156ba673613004e8f4a754c144
oof,2376,stead_event_01170,64e1aba41fc61caaab74ea241937f20e3369d6ce651e96f5b07d8ec04c1fe5de
oof,2377,stead_event_01171,13248cf6aeb2c67c2bcecbe3064af91cabf2fda42e74e22813c7b5ebbebe4928
oof,2378,stead_event_01172,4f49a7d9f060474f79bb7d0e539859a988bbb9250d704d134bd0f34c36a7bf8f
oof,2379,stead_event_01176,da4395dd35a0275902e3c14bec451ecc59503dda003f7eb59c8f8a816c9178cc
oof,2380,stead_event_01177,d89ec2f49aa9054b893cb29f23e74b0e36ef3f1cdf8d84e150c2cd73fc468866
oof,2381,stead_event_01179,2bfa7b052dcb2d902e0504083d4c8bb2c7666e6ed0e6037cbb57202426896afb
oof,2382,stead_event_01180,11634474378de9560f8ccd15db844feba49b7a1cb3b0a49eff5f56d35d9a818d
oof,2383,stead_event_01181,b2fbfbd0a6f9dcf2322291822ad6636f0e33cdd865e26a18bc6396553739e3eb
oof,2384,stead_event_01182,93037dcd0128aac4281b502de57bf0a96336cd1cd369969155dddae37e764b75
oof,2385,stead_event_01183,0a093ab8a490bcfef477f0b3d7226692eb192e406791a150c05a217bf8272f6f
oof,2386,stead_event_01184,60ee8474c6aef0c6b61997878c517d2debb3fa8ebaccf08298da71ddc03feaef
oof,2387,stead_event_01185,2e36f74d180c6afbb982c1c9542ade82bb0d7d033be03a402723100083b71f85
oof,2388,stead_event_01186,ac7940e94a224406724ee175c0ac2b771e8e79790dc9cdbbb13c0d7842520075
oof,2389,stead_event_01188,97b72ef3830c01675f67979908a65d04109d898a600b68cebb1f911b630976d7
oof,2390,stead_event_01194,eddcebf42b1257382e5a13d878c526be056c86124a67d5e5388baefd40105a85
oof,2391,stead_event_01195,32217ebc6133f0cd0abd17b478e2badbce008a3053e2d71beabd5500f6960005
oof,2392,stead_event_01196,299978237676ba2abd7887ca1dabb3dbe69fea37b0192a839febf2221b87f879
oof,2393,stead_event_01197,3a5eb517a3d06ac91ea290a4e3b38077be050921368010df08eafaef9f13883d
oof,2394,stead_event_01198,d9d2ea5f7d7bedca042a5bf6634d29b86ed501f015231b2f59df667b3368f62f
oof,2395,stead_event_01199,98469538b9fcc59f9edc0912c8faf2e5dec1d91e303b1d32d1a6271b5bae3261
oof,2396,stead_event_01200,5d0ed5ff9be23c5928b4c7f587fad960b3bba7c58bbc1d3a8e7dbcb2250d5543
oof,2397,stead_event_01201,5c36a68283265c1f4c431d99067c6553e41db9e54ea4e0e53bea4ca8008f119e
oof,2398,stead_event_01202,059ee49d67e4b39cdef880960e649b6231078c7c4468f0897b1eb5316341904a
oof,2399,stead_event_01203,16474136b30dbc7c5f424ed20ee073905a853a8fbec07b35e0d4e5324049e5f1
oof,2400,stead_event_01208,0eb09ec085573c49726b2a1d9278707f2e4914d536c2f8d48c4eda1522a35df9
oof,2401,stead_event_01211,7e96a9f74d9fbf409212e432fb4f66d531649de2088a1348336f0964d42ce822
oof,2402,stead_event_01212,38ace0fbc17044645810858877c529cbcabe567c5a633a36a6a1f5b852f90e94
oof,2403,stead_event_01213,a7701de36ede57b5573be3a113311b4a6b9dc2f08337a8f720a8306b31d3cd68
oof,2404,stead_event_01214,81348a3cdb0075e4f37e86baa80d4fc093de8222f7f0404a801bd03850cde5bb
oof,2405,stead_event_01215,4abcc0a9dee8a80f59731cb909140b411200ae0fd21597d2ebb42c93ede71308
oof,2406,stead_event_01216,674cb3a9aff9a7beeb1491251bdeee591c43396fe66464be02df1d23e2ec6d90
oof,2407,stead_event_01217,217b32b8025ff8a665124d9c41e38263cf43b72ea86179fb119e85ccef5820c0
oof,2408,stead_event_01218,6dad7491d94c30bd74beed5513673d7ca1d523e5e2b794a698382cbc29cd3477
oof,2409,stead_event_01219,53f3864dc68d4c54d55306af5e35aaed19064ad1d3de8ac3dc2868472f519eb9
oof,2410,stead_event_01220,f761465e8722eb6ee343a71f3167f5b057f6b77cf1f7b29a24cc0a34eb5b7af0
oof,2411,stead_event_01221,b507e199a8bff93da80286c07930e6738730d81552b970921433a84d74f801cf
oof,2412,stead_event_01222,ff24ca322634db40a33abdc5af914bce58514c78ca9587ac3a5d5a7ec274edb5
oof,2413,stead_event_01227,9237974b8d65029a4c525c73d4520c8962c09de9d610befc5a0230ad28d5e841
oof,2414,stead_event_01228,db9c3f18012826b5c4e5aa8df37da22257e31f8b94f9605c0dbd827e8da2f7ec
oof,2415,stead_event_01229,864a0f71f02c4efd18b3dbb502dcb21af86365c02b72f270e77256afafbac168
oof,2416,stead_event_01230,09912c07846be8b46843dbfa52b49ddc5eb82a7b4b706f830b69d7daf98aee61
oof,2417,stead_event_01231,1b24774012588ec0687f18a78e4ecdd7e4efac29f7385108d626f4484992951f
oof,2418,stead_event_01232,103c5bf6348994132a7f4ce8e760163f445a7245780b8e419509f4b6449da654
oof,2419,stead_event_01233,1854d1932863aa7b13dccad3e4059b1a25adc0bade960c50e48aec63c56aeacf
oof,2420,stead_event_01234,0ee43823f6b2dfba7ff7661ef1c468d1157d32d5999d6b6666e7906d1c08dfe9
oof,2421,stead_event_01235,9aa995ae2358146b1816be05896cedb195d89d0da698d4c83577cba8df89a932
oof,2422,stead_event_01236,b9c6f5d67bc06892dc6b314f4dcf0ff919b98a7f69c59f20b383b61aac2517ce
oof,2423,stead_event_01237,65353bef1f4167b306192e7cf6e1a89d0f4f2b21d3348b4348571faa5f5b07bf
oof,2424,stead_event_01238,ce24d239904d0b48f7acc216fa69df603062f704fc2e02f4518397436c111385
oof,2425,stead_event_01239,4100b5454bdef92bd6a2629e72b45b5ed965339006c11207f5b7e5b7190fc238
oof,2426,stead_event_01240,5c32329413a72888d26fd3114ad158e9d0eca6b995bd2ae58e57bf94ca83b60d
oof,2427,stead_event_01241,1752a14910af0cbf1a791070c6ed4fb11fbb922d9cc339feca992207165adbba
oof,2428,stead_event_01250,9a9196a4be4e44e251283aaef364a59a359d652fb9bcb4b98e9175ff3de7153d
oof,2429,stead_event_01251,9a590df16d7483f7bf9e8588697867dc1c87b35254283ac4a98cafbcc550e7f5
oof,2430,stead_event_01252,2df67d3a4ef8fc0bd86f46a50e02563af5a5ec53318eb621abbdb6258e00598e
oof,2431,stead_event_01253,b049e777f8ef9a91f292232c1d6c521c283c955e48aa2b7e8148f73deaed75b2
oof,2432,stead_event_01255,d329dfaed28c8e0a2f401bcb5cb77301b53cad1d43db1ff3d355a76e3ddcc2a5
oof,2433,stead_event_01256,eefc48c4e2f663531cce75e1dd28188ed30321034c718555f52803f4c234b017
oof,2434,stead_event_01258,ec5311513798c7e609d18b5744150a620838c9454c4ba0c800e0d1b5a45625d6
oof,2435,stead_event_01259,0dea1fa51f0fc338f5cb46f3dbcf4aa075d8bd2e02152cb175b1722872e5343b
oof,2436,stead_event_01260,e14f74d9b7f649bf7bb2f921305acd71aa48eeded72f17662a4a1ee002ebb3c2
oof,2437,stead_event_01261,9d8a5a522ec3867590d102940e1ba98c208134ba700e86513464ae04e5a3a7d6
oof,2438,stead_event_01262,1fe542a9e5765c11600256b13a923c421b4b04de44c35235557cdcd6a666a016
oof,2439,stead_event_01263,0c23b68ace55a2e9bd1d859631b1bdca58c4ed1ca33a3a2f3f670ba1e9e83357
oof,2440,stead_event_01265,f1511d73e7fbaeb9c5065003e52cc338ec7ccf37f0943ea44bf98586e44747fa
oof,2441,stead_event_01266,da574edf29ce1eb7ec1c3d395b368391be8096e6ac4b8df40e6e824544b4f6ce
oof,2442,stead_event_01267,6b2ba2ab2abc7944112b6be21c724a899f87424521656655fc7d2d3f103f0c0f
oof,2443,stead_event_01268,ca8bff357e31bca3da544c595bd1286622aae66ce723b6e47d1ddc2e3bf75a4d
oof,2444,stead_event_01270,dd107f8ad3bb2ad1ecd6ec1bc568c84dcdb70518a32559a8ee0f5e5bb99f6106
oof,2445,stead_event_01271,4a75f9a50d2269c1977b221fd9a509d04a40a564c6875aa04dbb3f802f36dde4
oof,2446,stead_event_01272,14d558843463b1cbf67c7648c4fc6c90f9f4afda2ac0a97c6e6356d2262ab32a
oof,2447,stead_event_01274,498212d3a2fbd06e42917bf264111bbf9f03f33bfdaa253287f0f366ab89d3fe
oof,2448,stead_event_01276,7e65ad25bd71fc1c19318e9cdf4e4227e7e5baa08dbd0c0afac227e789fbafab
oof,2449,stead_event_01277,12013feb754b8ce2b564362850d440b98abf16b92cd4d981693ed64ddc49efa0
oof,2450,stead_event_01279,769bef7128545921ee770fec2c7a1eca649009152c475d7dcfd3a7ef0665c031
oof,2451,stead_event_01280,543c6d42cd648c183431284f0899492f3358c134612eec11332d7f74a1b3b159
oof,2452,stead_event_01281,3d5e260e19cb1388d7e2132f580bce76f663e71e5208693c7ec372f48cc21876
oof,2453,stead_event_01282,9b4f484bedbc84b3a8bfcdbd0e6c8954ebf60a8a23d1384cc3c678fb2d0cb0fd
oof,2454,stead_event_01283,ac8a89a96ff37845b66dd199715baf858e766e737a47e2edc72194059d273f28
oof,2455,stead_event_01284,d0fa24426e58be07f0166a6c379ead9048345b110d5b42628cb20ac1eaceafaa
oof,2456,stead_event_01285,a610d2360deaf9b8faacb2f76672480ebbea3ab7770bd9c7b62210019b43a4ce
oof,2457,stead_event_01288,e605f55b4e60dfd399b86c892e9b22d64ed407724dbaeb0f2bb21f10275af61f
oof,2458,stead_event_01289,aeeaa2197dafc82a1eb106938179d25d1c399e5261b73bfefff892c2224379d6
oof,2459,stead_event_01290,22f608d133f37777d441473703cdf12a2c7fa18359cb99be76d1e758495a53d1
oof,2460,stead_event_01291,03ebb2a60e3b4c0a9ac9f653d12a43720dcd942d67a8d0c9816410a8112581c1
oof,2461,stead_event_01292,75854225b5d5053cba8802f29d1013a491cc7aa2f3b899eb412c0fbf40c9f42e
oof,2462,stead_event_01293,7dbd60f40ca9583f314d0c1f43489165b6114b9f05cceb031355c4efb0b9f845
oof,2463,stead_event_01296,b57c0f94c154474dfc71a890bee1d69d72fa6396a9023be3b6183d4fddc581c9
oof,2464,stead_event_01297,79ecbf2e3f73408bd6621846408b480ec882f57202484ccbd9bcf82070b91343
oof,2465,stead_event_01298,1cf5163fcf563b0f9ef840392e61cf538de2e85bdb92a0b5fdef258f90116672
oof,2466,stead_event_01299,b1f715c32831348d029eb3a8c6c701ca5bacdf26a220ff4decd98c65067474b8
oof,2467,stead_event_01300,2eac9650b56a691d4d846d0b0b7257b71c323197495f31da43aa626e2d6839d3
oof,2468,stead_event_01301,b6019399578eda415a9dc2d4c4f91456037f8fd5c555f8a663e9bd360beac35e
oof,2469,stead_event_01303,a1450e67c3d7c64fcd4bf6af04db22cd1da73307c7d2b6f7b23e78820ed2c334
oof,2470,stead_event_01304,cbbfbb09ccb68169dbda8b10de6452fd6270fd26e59e46fd78dcb854b61b671e
oof,2471,stead_event_01305,4834d57342eb08e75d9d27173eb73e221f30bcb60cf67cf01816a4b2049b3aa6
oof,2472,stead_event_01306,7464e0c6361212e1b40c57b258ec76bb1e71dad39fbcba62ab440234e50bac8c
oof,2473,stead_event_01307,a9f42166e6d99bf3d99af43febe773de6d4670ab4974024597434fe6495ddcec
oof,2474,stead_event_01308,8662395dbd910a45668a2854130c010b97ff9c2134518b116cced9f6cf9cab83
oof,2475,stead_event_01309,38c18fea86dd4a2a29b84e5c28c477da30a1ab09433c56f988804e9e9ce99dc1
oof,2476,stead_event_01312,60a4bc9491f79bc26f7263bce8198a2da873adcd5271c6f19f8514e864176522
oof,2477,stead_event_01313,1367e1cc2e40716ccae233aa68b7c18b15e42f308aaee5e85fecb9ce474964fa
oof,2478,stead_event_01314,7447802b3c5ba11744313825c70b8029499196d6609356523a013d4972dae804
oof,2479,stead_event_01315,ff0bafdbeea9fb4aad6c32663cf8f834724e6e35c406d11fb2642debe8ed53df
oof,2480,stead_event_01316,b0df5228a2867898facb7524ad93ba8059077386fd6bc7d11d40dacd38a13ed3
oof,2481,stead_event_01317,b7e2e77d94c42a1ce8a7d4405ce3890f87e5935bb76813164eb4675a800bc486
oof,2482,stead_event_01320,228b408025e41f9eb537915b4ef1bbbd66eda7eca76ea1ea8d00e83d429c9847
oof,2483,stead_event_01321,db90c9400ea3d26530bb25df91504de37963de0a22deaea91bddd14794f497f2
oof,2484,stead_event_01322,a7d7b46c968b8b9ddfd1a44192f10f04ef82967a71d1e657f3d8dbefa0e9b40b
oof,2485,stead_event_01323,67421b38d04f0bcd4ca2109610656c94acd263ccc50da4a8283be3e0390314b8
oof,2486,stead_event_01324,f54626cb3cefd564b07be29cbed6b41a043ed67a886bf9ad85b958a82894f7c4
oof,2487,stead_event_01327,f426155a871ef18adbe15d7415a63b33c2edd80f1f5528c5e2262dbf2aa58ed4
oof,2488,stead_event_01328,9936fee245bd724c5e577f493450aac0c2921352d9c11ffc5b2841e5d5abd2f7
oof,2489,stead_event_01329,8b86dbd82f64c70bb7669304b6e9a5c16efaa185f02f5ca421144142ae2e7108
oof,2490,stead_event_01330,1ae5250a1eb6a1ab6b515fb929bb621ebb2c65db0037e44eacc6380ff70241c0
oof,2491,stead_event_01331,423405197651f3efaa67dfe992dbfa02ba3b16071932040bbf74bd58f55d2f1d
oof,2492,stead_event_01332,fcbb34c3f2e07c1786470dd6159f94a5232aade21572b7a04b24e787c61d06a7
oof,2493,stead_event_01335,79cd7ddc9462c260f0265ce657168e7afe3e219a28f4385f8305463d49951c42
oof,2494,stead_event_01336,50c3b912ecb9096f5cc7c2fbf2f70978a17b5ec2854c620a2f6ccd4f34d228af
oof,2495,stead_event_01337,98037966fa936f9f7c35c668d9056dd65f27faef5d76a59da82fbd317e27d0e4
oof,2496,stead_event_01338,fd27263efe841724930cde0753e3f7454ce9ff37db6353c47822e39cf319dcc2
oof,2497,stead_event_01339,9706a7d1eaa01f18e4b83bce74da260effca2681e143b872936800c7a056a0e8
oof,2498,stead_event_01344,e443c50d5bcfd19664d152e3d0c7b23614033dd742d9aad3376e1932b629e563
oof,2499,stead_event_01347,ca093eba4643d88b536c7c4d89ae958a4d28c8a8ef5984f9d538b8b6e5a3c0bd
oof,2500,stead_event_01348,014d25246fb6670913dcfd97d985f2dcba1f3035a92d24a567957fc650b006df
oof,2501,stead_event_01351,dbf76eef7c853c6df05038a262b9e9e35c54134236d485906135d2166e93938c
oof,2502,stead_event_01353,cb65b705e7fdd35df91a67e7bbe1efab36e791754e6ecd11aa0ad4cfb5616b0e
oof,2503,stead_event_01354,0e007b4051721ec452b52f7cf6c8724fe50ae3b3c58279171d4371f0041bd9cb
oof,2504,stead_event_01356,631325147465b29227a44b3f2308b21d0287ab4eed4f594dea7651ea038cc03f
oof,2505,stead_event_01358,77262432a347f54753d49422130b72178b7f2bd77c79599f18f54752dae78fab
oof,2506,stead_event_01359,fb80ef51f8af0bb0db9e3a4f56c76e9dd5d9bc5ed0b31ab8555fde2ab5bc149d
oof,2507,stead_event_01360,315b24be88e2a324398e3fcfb136c64012e4f7f58734fd3c43be4284053470bc
oof,2508,stead_event_01367,bffdae444016c3c3304f625bf334c52c1697f2c587f913d0b5eb6597d32a1242
oof,2509,stead_event_01368,678ca03f1cfff645a2c4d5b36d3872265dafad1f002bd38090a861c3e3258361
oof,2510,stead_event_01369,7efbb0d5eef752c721747a5f7ffce10782144f77c46f1a6484f3b8c91e8e5893
oof,2511,stead_event_01370,a43a7cf76a5f8c7fefc51385f9345c4190388881f563e021d0599ec0d43b20ab
oof,2512,stead_event_01371,6ce02552527622d801633be7ffdc65a39b79b098ed7495eeec316f06c26f807e
oof,2513,stead_event_01372,133124781284472e2c7dda5157dec8d7c15469cbe9fda29d042697e90c22552f
oof,2514,stead_event_01373,3d87280a5fc80d2db815f87858b1f3a21ccdb44f77c939426b54d82d4f3955cb
oof,2515,stead_event_01376,ece805e1ccb733e5de35cc3fcb1a955b38bc5e5d374962406468686736d6a1b1
oof,2516,stead_event_01377,e6733f4d318702e4e745d5477855252e03ae29fec19fbd919359079fec02e91b
oof,2517,stead_event_01378,c8ec88ce0fbbe8c750a9ca6a83499ecace1d77d46f481eb422aae76dfe562bbe
oof,2518,stead_event_01379,d3d138f1d33c0f60084f303821f7bb0a2b8fef04e8291676bd1825dd1a3d592e
oof,2519,stead_event_01380,bd12ff1ec62db036ba50528584ed8abe16cbcb36e0868613a9fc18c467b4746e
oof,2520,stead_event_01382,680cc88b9a57b5f6bc81b13657bf05ebb257f22acb7894daecfd2d9426805768
oof,2521,stead_event_01383,5f1d125b380bfd3005871636df4ba0fabe05a4ec45e326ac620535ef714cdc49
oof,2522,stead_event_01384,c707dc56aa307eaad3de38daf003d0107878b43529a7de29364f419c0bd28f9b
oof,2523,stead_event_01386,1bce89e87bb9f5e02f65be00588d4c90695a13b02cbf7b5d4d8eea2f35b0ef47
oof,2524,stead_event_01387,18dc36b8f7fa1980a9636a38b1227e6856501f39c77a3e48bcf941009efe00db
oof,2525,stead_event_01388,547e175200b1ca17101acfd7e9623ba3580d7c9b13ccee9e1d82dc4fb63db96b
oof,2526,stead_event_01389,8f8a1d482d81ca35c1df27c79d0d1cc6098736a8656fb4b9fa852cf0e5185fc2
oof,2527,stead_event_01390,916b15a637cd5a67416baca3890e7be842a274dd1f63458fd332854afe02bebc
oof,2528,stead_event_01391,64801f056c4bd1ea5f40e9fad0449747e4319bbb858e0096ac5ce1ef8c1cab36
oof,2529,stead_event_01393,14b592633c9d52a54bc14ac482b07ae66b0211fdad4bdbd4e361a5f793c74f64
oof,2530,stead_event_01394,4f7bad2367567f1a705a47ffd297dc4ad8c0cafc13bd3501248d9dff83670d58
oof,2531,stead_event_01395,74369162a983d657c8b881ac6c4a5aad32c04b56cad1d22a7ddc1968c348cba5
oof,2532,stead_event_01396,4fa4228f39720b0c1af4993e2c42b619f13e77c417a7f5d171f07294c4ea97a6
oof,2533,stead_event_01397,20de9bb45557cfb08b98952d44046997aa067c3e2f92bcb42a94e41220518c73
oof,2534,stead_event_01398,3f7b5de54483ed4f5ce42ad137111587a40242474192fcffa3d7584efcdc9453
oof,2535,stead_event_01402,8b26d524498c125e920f45b0397f3709a019e3d3eb97defc40000f424dadb9a1
oof,2536,stead_event_01403,de1e49e8d76547691377b88493292ada8c33ff11c670a62796bff41b6a907610
oof,2537,stead_event_01404,43cb99ca5d3eb480bac1a3b4fce053ea50b42925d3a6dee1ba97a8957109182a
oof,2538,stead_event_01405,4a8c86fdb4ac29647eb8a1f98a026649fdd50f1557e8ebe5f684c189dbf24999
oof,2539,stead_event_01406,3306ecd057ff9b239410d7fcab438376b83cc97a862837ad79534d69dbe3e16e
oof,2540,stead_event_01407,43a76d29d65210c4ec367364ec6cd4dc9580c528985073aa7e52b72a2c829787
oof,2541,stead_event_01410,357d9031812807b0bf58be7ef205e6e2984d3d070df49b2bcfc848ec52259f4c
oof,2542,stead_event_01411,bc57e12e23c14822dcc72e6d83c8f36faf0d1401eea8bac6872155deeffe2aae
oof,2543,stead_event_01414,b9b123593fe80a2d4823ad519460beac4764af39c2e1c70407da1054e3422799
oof,2544,stead_event_01415,899c762a7fbebe1505b3b65becf220b4a4b8d65925c01ff86962c8db2f32d33b
oof,2545,stead_event_01416,54a9ec8fcb905573d13fd0803292037a9e7592b8aa805f2fbfef665fd3a00340
oof,2546,stead_event_01418,c10e2890ea4b08a3b13881807c864b4b2f38b5bb1d5170e30e62f43f7d765db8
oof,2547,stead_event_01419,8cd0e1ad2935b120900f7c09dccb545d53edea438f47a4b1b1eaf4d364e4c8c7
oof,2548,stead_event_01422,58f41c3059efdf32921ec4d86ef11366569177cd7c1863a181abdbb6089fa54b
oof,2549,stead_event_01423,7a8884a735f37845b38d5eb442827d20cd0493ff983182aead48eb16df082858
oof,2550,stead_event_01424,23448c648e64b136f8fd11bb662334c8971379edc937df163c0e53af6e422ff3
oof,2551,stead_event_01425,bfb36ec63a26a935f4e2359c3ef3cfd3fd61efecb492a5fd73b7e6ccef79e524
oof,2552,stead_event_01430,7ea19cd1a62700d49d8a38b866a0152600b40e76b3dd13d70e6188007b928335
oof,2553,stead_event_01431,80a3b8191ac91dc9502daa1de4b1e8bced5f1b03063e0ce2de7afa1b81510cfc
oof,2554,stead_event_01434,7b094779121e05a25fc1380d6684bb61dc8adc12db1ca15c295756c7a84f0ccf
oof,2555,stead_event_01435,683169285fd9aa8040718b42a5215788529595e0db10c7add1041ed77a97f793
oof,2556,stead_event_01436,79fc34e818359ff785c5ff2d2ed02072d72688aa9aed08f9af1d341623d14fe8
oof,2557,stead_event_01438,5bf84436378b872a70df6fb62e2a7c96659c4aae234a6bf1210783f73a855c10
oof,2558,stead_event_01439,b860530ad7b386e883e7a7266fb5074aea747be7f36aec080d93ef7a76930522
oof,2559,stead_event_01440,b4370e553b587fcf0211739fbbd136f0699031c6c6c4c6c5eb0f7cd1a420fbe4
oof,2560,stead_event_01441,0797c9ee881d203b5469e6e3d12c5bac83a975b2f36586e4db84f848eabd0c58
oof,2561,stead_event_01444,07b3b1c6b9b896659aa20854047537dc3dd95b30eb099b08da1db1146873e8a5
oof,2562,stead_event_01445,65e4a486eb525fa3055ac5f93b92a99c5d057c522da2027fddf50deff029aed4
oof,2563,stead_event_01446,790a5a8513df56167dc5e9049e10e1050d5bfdde87ae3dee6fad37e9122f649f
oof,2564,stead_event_01448,f124a3830ced6793e8f6fa9e3ab3763011714887fd33161cc2631ea04458ab39
oof,2565,stead_event_01449,21d3295383023d7f208309be0909b3df4b8efea9f8a1888a240a035f65426ba5
oof,2566,stead_event_01450,514e1ce2792cc2380888d4b3a5d9d5f2eeb34f42a7e535347258921e18570bd0
oof,2567,stead_event_01456,65ff43a0bd44911162ee4bf1d1439c4180074808427a36485c36680810eab0a9
oof,2568,stead_event_01457,32baf94acc236935b5062496c7e338aa47747667b2205ebb386e284fcbe3374e
oof,2569,stead_event_01459,79b69e760624619427fab72f218938417867e471f677e323db857fe4cb101623
oof,2570,stead_event_01460,5572b87b3603df131dfdba3a37519345b320021e90927347b39c567f248f13d4
oof,2571,stead_event_01461,260ae8866e0c7d1fdea256388144247ca9166818e86d8c5733f3ac0622709846
oof,2572,stead_event_01463,70cc45b86024b2928b271288862cb6fe03ad0fbe9ef5aa97308c529d83eac20c
oof,2573,stead_event_01464,fdcbd1bdc6983c4a27d4dd40f51006ec57dbced47075aec6bed37e2c3dd20418
oof,2574,stead_event_01470,a12e53ef5c79f52117df1097a69caee38dc3b73f53d043f4ce856519da6ca35f
oof,2575,stead_event_01472,6c7b45fdcd05ff6f9ae249b6defab3897f4769733caa3e8354892a2312e44f2c
oof,2576,stead_event_01474,793551df57f79d2a4182d1290207d2d84fac85851c8830e0bc6aeb54c8900862
oof,2577,stead_event_01475,c97b485f00e953263f47dc48109ab371bee24c423967f1e0b851f0762f15b2d0
oof,2578,stead_event_01476,d990b6a3f589f44600b41da3976c1af0de584f842c490bbed687269250d7b809
oof,2579,stead_event_01479,ed275f3e69d228e937e2d5989ffe465f521a9c84fed04da4c055e238a561d319
oof,2580,stead_event_01480,c1f68152397377234667f3a05888b916a8cf3e20778aa75d58aa02b799889cd2
oof,2581,stead_event_01481,3817a0ffd13963818c7d719a173c729c405faa18cca576c79dfc6932c95b0963
oof,2582,stead_event_01482,781d2b9ddeb4cd68fc3d57dfb13a83f380528cedb04983fcf549f2ff7bd94ff9
oof,2583,stead_event_01483,76e72db16df6aa2b9df6fceef4b91213223c051cb8493281d1a737e913590bf9
oof,2584,stead_event_01485,0efdd79ec0e544d8bd7efd678c9905e41c6414973d782696fef41db1cb3724ed
oof,2585,stead_event_01486,0ed699d8eb6ef2c46ace9fd63895d2f942c61c45b371458cffe62755e6d5b460
oof,2586,stead_event_01487,d9591f4189822153f73619aa62e831b2802a4fe39c46e94c8601ec598d764fb2
oof,2587,stead_event_01488,80f7741530e06329a00517b1c17b9d48dae01586010156cec9b7e9051397ee67
oof,2588,stead_event_01489,16d50339e3ac1db76567e9c41259e6eda1077450577caefae03f038ad733da1f
oof,2589,stead_event_01492,76933260e1300cf10c0d46678e921bb7d2e128f2777251aecf96354eff12b514
oof,2590,stead_event_01494,40ff942ace4ce3a907616e60a47ec19b4bb647de00a2bdda3b4b3e4733bb858d
oof,2591,stead_event_01497,c8f27a76f254df5ec1907a5073c6651c779d33334b72d9f7042de9c73eda887a
oof,2592,stead_event_01498,690f6a4cc3489263070315ea4c67c207c452f6c682009020cf5214a88fab4a0f
oof,2593,stead_event_01499,02f5395c8743819d55b9f452f3bb884ffddb6ff851154ddcd5ffe80005ebbdbb
oof,2594,stead_event_01500,a8b68837b04e4d20363dd61df2793513b7c9c202ee8e975134d23e3e823e8d14
oof,2595,stead_event_01501,8160e163d419a2612f3240e1c00e539cc72741b6ea804929c66b8498cf01e249
oof,2596,stead_event_01502,fc03ba5e1e3c398f11d95fada7f04c741aadd9b59ead02c9494120344e54dee5
oof,2597,stead_event_01503,acad953e9d013d5bb025d1eb73b706d87550b83d404c2cea6ab4b77584927a68
oof,2598,stead_event_01506,4052c4ef6c27e8f13892cea289c458d7b4ef2ea4a2e8fff64b6855942700ec64
oof,2599,stead_event_01507,14675f30a9977198525c2888965b3316e472403d87dbc74cd36497464f60bf80
oof,2600,stead_event_01510,1ce222574921a84b1c4e9a06d2bea899ca2c8cb9c2b30ac409abe191425c02e8
oof,2601,stead_event_01511,1edf06f10cf99438d1129759d2a4a181d5661e5e15e4081b8d8711eaaf4ea2b2
oof,2602,stead_event_01512,b36475749c0b0efa96ee7a24b8bd4a38b26bf6fd3b02c112107a7790f5e4054c
oof,2603,stead_event_01515,9b2c71646962e3c5e42c81f8aeac9e63dd683e3cb855988a51f4797cee548945
oof,2604,stead_event_01516,2617f1ad6eec7b5746c4430f589d2f08d7651d3dd017a48e9ddfb194e4e7d616
oof,2605,stead_event_01517,b3c5f942b4b53653c098a44545437d6f6bd580c4b4c6b5fe0417888fbbed6eac
oof,2606,stead_event_01518,843afa409c313214898b34658a0e2ced84d070c86cceaa86e8a97b75b056ea13
oof,2607,stead_event_01521,8ed5e737a86f0b834d630b0ddf8ee8bf12671efa78870c3ac06e0643e762e7bf
oof,2608,stead_event_01522,6a18ca67f839eedaa19c22dcbfd028c8fe18816a819151d1fa71eb50ff465a15
oof,2609,stead_event_01523,10a7c0ba925e1f323c10e7b3e9b6483bdfa66e9a264991ec37334a98875be457
oof,2610,stead_event_01524,52ae12df1eccfd3fcf3a5504779ed48cd44171b90a9fe6e6713aece95cdf8e79
oof,2611,stead_event_01525,9f22582f4855e4790ba720391b8edf3d6e668545595152bf2d0b1e2c4c7f2929
oof,2612,stead_event_01529,70b79060ad8c4dfeb2d28f94f695ea8ae87f7bf9d6dbc49357218ee31c3e7d96
oof,2613,stead_event_01530,4b234454968538ef5af2b2590d7192558093ec60e880906633935dfefa6fa37e
oof,2614,stead_event_01531,fb0f74be980077c6d4db9be270615d52e0b955560a7d3e6e2e61c6066fd2ec1c
oof,2615,stead_event_01532,de88185989181df00f3485520db6520ea9b710f8cffeb9d572671f4d417e93a0
oof,2616,stead_event_01533,4a2f91b259a97cea497b6337164a555761cbfa7058b5d5d1ae98ac9b3123e365
oof,2617,stead_event_01536,0731aac13205fda55abb77fec8090379c06d9d54cb04d0eb9302b9211bd45f6b
oof,2618,stead_event_01537,5438de32582f23fa99317e23c7f252321d5f347d3c5b981b9fad34451b1bdabd
oof,2619,stead_event_01540,4488d451b14bae988cf85895119febe15aa4966687b520f98f87a5b8a6e4803b
oof,2620,stead_event_01541,f0bf71d30fc1365be0c445a3494a7a66aa41dccaf615ef411ef4c9b4e7615b2f
oof,2621,stead_event_01542,76c663b900448e4cfd7e71e1710105457231cbd8528da0ca9c4d0423fcd6dbb2
oof,2622,stead_event_01545,a4307607bd34f07ab35871946d05906f9eea482377e317756cf9b3ee8b497ea2
oof,2623,stead_event_01546,8a922927e0d36fb50246de939c37aebcd4057635a81ac86223c4efb10238740b
oof,2624,stead_event_01548,532a28e8f4e326759f883b64ed3fb204fe7434899ed2f85c4e53223d295b2c72
oof,2625,stead_event_01549,28370ee3f07dbad74c70a9e63d6c99b4a22a5935d3c840d1046693028ca77684
oof,2626,stead_event_01550,4d26008546d2a2144efdf6c040bfc6a45804ef6b4fbe9ccae91409ecc7ae9f16
oof,2627,stead_event_01551,d7db0f6b4756a4dd44d1a297d776ca31b6195c033580e1e51bc925c22755ccdf
oof,2628,stead_event_01553,14a093b5ce68b8d9797eae7e73aafb9d1e88b9b0715f02e4be848ecdc02639e2
oof,2629,stead_event_01554,53bb4cc0f317aa8a8f65c5f6e3af565ef51043d3616b7f3daae37381c6f9746d
oof,2630,stead_event_01555,752d2e164854c10216d6c844fc316a09c043af3ab41f2dca2b322c0e754bdf6f
oof,2631,stead_event_01556,0b266bdbba3e60bf05990f3bacab34ab1ce1c8f757ba0903781151c5d414729b
oof,2632,stead_event_01560,4c0f3c49ada69518c48423194ca22966e77bed598481867aed9a516e5916c6aa
oof,2633,stead_event_01561,d429606cf06761bb1e9da92a9dc5d6d7f6e6929bb918124cea6177c85bc7830f
oof,2634,stead_event_01562,bbce6f1a0c7affc8557717dbb4816ee7332ee6f255855d8724310be8b027803b
oof,2635,stead_event_01565,ea9c1719c4eb0299acceaa8e181f435a78e195dce0f7ceb9fbdafdcbff29d9a3
oof,2636,stead_event_01566,9b2c17b7a4302901072c3a76d3d57691d5189b8e4e3e4555c639aa61c7fd1dc5
oof,2637,stead_event_01567,640db9ea64b495218beae7935b9ed77c8bc181fa5a30b3b531f34a2145086e5b
oof,2638,stead_event_01568,b45cec1a82adfde7372e0d76b41af5b37489f2f434966005ba5ea6c690e11960
oof,2639,stead_event_01569,cbed805cfec9f4187f9c90fe43cc57a5583faf0e23a3d1af505e3c5f0e92f1e4
oof,2640,stead_event_01570,665cab790d482d31c40c35de757e9156920b9a27d55e5bb0876a071ff433b4db
oof,2641,stead_event_01571,7a6eac42db9006964ab55e192e655fb3fa8b58b6cefa87b7ebbbb4f6274d8c15
oof,2642,stead_event_01572,284c1add3bb395911c88468159e432cead32d002680805d88d5292555d12b864
oof,2643,stead_event_01573,61d53acb388eb70685eb90de92d30fa93b6d94ccc9561873c10481d0e2a07d6e
oof,2644,stead_event_01574,543f7c5c4255ee6f61442e3b75b0f89a25db4ccc9df47b85f95efbdb107e58ef
oof,2645,stead_event_01576,62a4db6718216c8ffe97e4f11228f406064e33cd74fd274c6651be552e571339
oof,2646,stead_event_01577,2cc9e8e137cc4f57fbb38953dc8e3530ebe8cde132e6a08786e218dfdc8cfcb4
oof,2647,stead_event_01578,3b47c644e8f5186e4c9709eb6f4975e3f38d5691a6e0a9d09a14b2b56864aaba
oof,2648,stead_event_01579,cd5fef2854342d5a080cf60f7b3a60ece3ab4a4777bc67d3f4fea67282af03e0
oof,2649,stead_event_01580,f128c98ceef93525a361facd3510c1fc8e53470d36726ae9c8c66edfa672f65a
oof,2650,stead_event_01581,fcf17f8cd1cf52607ac6257cecf30c7a95558ca8999b9d470e46a394b59bbfa6
oof,2651,stead_event_01582,379aab560708253580589777084f08dbaf4ab0d7ceb98e68642ffdaf2bb82681
oof,2652,stead_event_01583,5ed664bac30df54746e13d126a0c66269013fbb62875bf38fc9fb65a27328066
oof,2653,stead_event_01584,1cbf5afdd7350346966951a2b6306b8cd3a410ff18e91dc92e3c66ccfc0f67b6
oof,2654,stead_event_01585,a5db83ebde05aa4c7cccd0d628a75e0ad520543aafefe87ab1ce66c5c9d1f1c5
oof,2655,stead_event_01586,79789fe943a8593f9225ebaab51cd8e4f7b4b920ffa89231b22fdb9294e1480f
oof,2656,stead_event_01587,b6fb3819dfdb919770f4098f9b796ba605b8d7a8a91053776b562cb7b4219ef9
oof,2657,stead_event_01588,b83ce5c3bb4f0464c0a040857f3313188633c7149db574594531ea7466561dc5
oof,2658,stead_event_01589,7f20fbd9c8b775cc86face4be6c485350cc11c67a3385fb8159b3e5a367c78ba
oof,2659,stead_event_01590,0171892d340b21e24f40f93401f5ea33bfee91841973ff092ae28d51f0cba28b
oof,2660,stead_event_01591,ce0c9c6279f84fb3b29cd5e993463dffe495e0bd52dedcb81f9a6ca52eab44bd
oof,2661,stead_event_01592,2bb0845216839e406f3ddd96f0f555656e0d39f46cbc21f909bc7db6ec358d8e
oof,2662,stead_event_01593,5f66e7661ba6e3f8dec69bf7a9fa913331228c28545fccae3b7f00cfb64dbf4a
oof,2663,stead_event_01594,526bdeb3a19997b5180f415402f4100a9ab8d3220a2802a1839874743cf0c447
oof,2664,stead_event_01596,fc1af4ccde0bb3a6e4ac01d340e6b2f98fa711013519db6658d82d30cec0b2e0
oof,2665,stead_event_01597,06648bc3e597860c082abd5ac99b9417d700d2b0f37d68632813c6cf01eeb4ad
oof,2666,stead_event_01598,e4ac48a08631844ae427113642cfaa3b0da74fc5c8ab5881500526bee1c40555
oof,2667,stead_event_01599,e30a24632a78686e151417e55f5a51ca80552d49a4cb90458465245be43b5dd3
oof,2668,stead_event_01600,815e7ab104f222f489b693b791013f3a121ed293ade9e1867ff5123a7a8810b3
oof,2669,stead_event_01601,7a68d32f91081630068cdd55ea7fb1c4c06bc043f390c06f7d0b41828d2f89ec
oof,2670,stead_event_01603,b5f9d6eb291131da99d07cbe102dbfa2e1f050d992a1fc0ab5fdb9486a8c489e
oof,2671,stead_event_01605,87d9774277e0c870e8d3150ac197292bd1ec132d99a420a02c330a0cfb37744b
oof,2672,stead_event_01607,ba048279acda26721f1a761146e65c788205dccae4e7d528345cb78056b2a79e
oof,2673,stead_event_01608,26855d056a2535fbe3046a07f0bf9693f6ba9dd1c7bf87aa0ef41c634a9f1de7
oof,2674,stead_event_01609,383e9f815f582ea70c783788b5e8bfd4a57add5b6c5784f02f1ac289632f845f
oof,2675,stead_event_01612,b664e255ae6e2cd449b5773b07a8dbf8159e9319a233c107454633e4d0e8a031
oof,2676,stead_event_01613,05446469ea2ff8fed4638a9c222b9f60f5d3656e3321611a36b06c94d5758c64
oof,2677,stead_event_01615,8718f4ec835e4842ed99b4818f20b0c045722d7c012e563d4862a6618134c640
oof,2678,stead_event_01616,36a4547d261f2519b4a0c329fa667c43c584aa0f8f36429b0a1b5954e03b42d5
oof,2679,stead_event_01617,6895d04760e92da92610d1b236fc034532ad89beff45bce7d04695dd29905777
oof,2680,stead_event_01618,4e4fe5e042ebe42b866843f10a784903a5d9d2c12a3a39d11d0a55cf134f00b7
oof,2681,stead_event_01619,50e8f5c8102c980282e8d24e093c211334e7f9b3c76f1f3caccf723cab064513
oof,2682,stead_event_01621,61bf84bf6a2f2606521623e782f1e75e5d193bc0a2b5d21010ad4c7653df2b35
oof,2683,stead_event_01622,94bc68c7f3f57ecdccb1fa5e71c3217a8dab89f165fd4846673a15308115ca60
oof,2684,stead_event_01623,3bc0afea558c11fc02284957008bdd8c51274a2607d85307130d198f656ace53
oof,2685,stead_event_01628,b81918730af7b8e937ae221ab7616d89022826e452bdc0f6099c8385fb03cf51
oof,2686,stead_event_01629,d5c1c1256503382aec2a221e469d65e31e12fb3af77bfb478d50a15c2d239ef4
oof,2687,stead_event_01630,f949fa7dc10dbccf40caf48b95747aed082f6d27338a0d2f90a84f630a3ba286
oof,2688,stead_event_01631,eb17e58858ab3493cd6a2c77c337841acbdfdf29521fa904e0451c9c33f4378f
oof,2689,stead_event_01632,58bc68f55d2dae09d9e4086b1ed6f4f25ed863eaf009ee44f6a5e0eb3e8c2491
oof,2690,stead_event_01633,e8a1aa72a11a9e5e0ad72eeac664c0203cbbf35abee8a6e1d32ad7843c16e70c
oof,2691,stead_event_01635,4091b9fa60630c7fbc37a168f9232abb8f4735e437876fec1761a23479c0a5a2
oof,2692,stead_event_01639,1792bc3a398634f156a8a75c63cc6ed32fc6038475038c9d9e84e6ab8b45809d
oof,2693,stead_event_01640,957220112835e5f7b4e011e1d83de915dc3ae23f3f404298bbf3ffde78393705
oof,2694,stead_event_01641,e50d481c48b6920afef99fa1ef4427c10e79ac5bf1d0b8732a6f23a39ce04287
oof,2695,stead_event_01643,a71825280ceffb1b3686f68cf34ea6987704ae157f31d919adf969d5ab33e416
oof,2696,stead_event_01644,4b46c3ace10f49d0b033df67a16f9582aebc9370eae75558c3cd6287e932502c
oof,2697,stead_event_01646,6274015cb8604185be9663bfd17b6641bc88a6a2e24f4100dd2097abcbe5d230
oof,2698,stead_event_01647,3168b90bfcff0ffa5163f7693546dc54c8f2685e9d44ecde453a38e481d7eba3
oof,2699,stead_event_01648,fa19e6a6addd0ca82ee243c9a69477bca8c0c6b54973cd1f7d7c348d10e679b7
oof,2700,stead_event_01649,1f95c5323c1aaa7e3af3383f2768d6aa331cad62464d4bd08a6b44866147e4a1
oof,2701,stead_event_01651,f199046031a4d176faa212da7837c7f65d495c2c7fd8e103b4d89fbcf582fed2
oof,2702,stead_event_01653,cfee8f4c7547240c4c2088557af789745926d2a2e3e4d01c445c4948352a98d5
oof,2703,stead_event_01655,5f65021d34a973251e7c78b3b4d4df94123f01027f2619d11b610b5cd7f53ef5
oof,2704,stead_event_01656,bb8085fbb728781b53adc8c2b32f0e1cbf48765e8144d3a5e0e566436ff36bbe
oof,2705,stead_event_01658,447595dfb0de069cdeba96e086d3f554e8c0ca1b929638da1f35c81b4623fc2d
oof,2706,stead_event_01660,21e5b985535ffbd805ba4d2cb3e03d17247999849428227d08e376650e5911f1
oof,2707,stead_event_01661,3cdb00261ac1cbe96c3b2c7cabedff4bef0887bd46636f214709e4f0cc2b963f
oof,2708,stead_event_01662,03eac7f7845cc355c5b491031ea4f44279d96b15c0a79dd9ef75955d1bafcac8
oof,2709,stead_event_01663,bbb02f9b9ccfda33437505635cd8abffde9b4d71645c8d509232e9e286487388
oof,2710,stead_event_01664,bb7647eba2b5f49bd37545bd838f1712b68adca3b217ccbb8c465d3dcea78055
oof,2711,stead_event_01665,f0fcc07b690f21db30cd074b0b58f4e2ba7a25b6eb488e72c02bdaceaa5d6ff1
oof,2712,stead_event_01666,09a949b1fcb97cd573929af1043805a87d5122ef8d4c8b97051c5d233af2feca
oof,2713,stead_event_01667,e8813e215f2554e51117b3221f90f95ba4913d2102f405186ff3f0477518d776
oof,2714,stead_event_01668,f994a66586881572e23ffb9c32bb20f9ede1ac1fd18152e1cb2b9a07197db49f
oof,2715,stead_event_01671,ba75f99235bd06c8cf4a6b35daa58394a4f986fc59f97aeb19257a537ff05c98
oof,2716,stead_event_01673,5b76ec6e23ddfd929f980edce6fe401b72af5a2190c914f909be874c1eecf684
oof,2717,stead_event_01674,270a48c7c12d616635c4e77f1637be0b4aead2d54ffde595421641518c6c1af8
oof,2718,stead_event_01678,e11ad88f24f5973457ace06b5a06924d7a0daa239cf8f19819506f541ce46dfb
oof,2719,stead_event_01680,bb31065395949f2f18a8f1ff76b86c3467f3517dc1a16ada28d6fca1d7d8bc6b
oof,2720,stead_event_01681,e15dd7a33fa2cca2265e007132d7028cfd9d539ddf1b94735b046a7ba26bafc2
oof,2721,stead_event_01682,e7a312c7e2e06db56a03f0849bd60dee67bf9b8c9411035e5e9a54a714eb7617
oof,2722,stead_event_01683,7d4c1513e7e313653d3b519c985b43e577e09d26cfd9582cb0f925115f1c0a19
oof,2723,stead_event_01684,5317ac1cf871298e25efb36572c83b0d16951cc0d388fc1b8cea928b028ceba0
oof,2724,stead_event_01685,276fde99fac1cef3a25ed44e4f1053f02640ca2e1e66e2533276e692e593b5be
oof,2725,stead_event_01686,19e74147321a48209198b28a09af33ad70f13e33fd1971693dfb542d168bb173
oof,2726,stead_event_01687,60f67910041c47f6b2e8891671a68216928909cd4d313661de7029c8064c7d96
oof,2727,stead_event_01688,12dc2b71d20c78591ebcc95ce80719b68ce62161bfcf65e70c75b5af755463df
oof,2728,stead_event_01689,eb367b9ef76485abb5ad17ea2e297145d8e964faa1cd56e9af1d4181a5114bc4
oof,2729,stead_event_01690,39215ffd63432777d70bdd0c434e8d23eed3c6b5b3275d7cc2c9e65fbfa48db5
oof,2730,stead_event_01691,72d556d0a25dfa0e10d789d52f785dc4c6bf7415d3e709ed683ebcdcb8fcc4ea
oof,2731,stead_event_01692,51e75b31b63ae6714201c837bc2d0a2c6188ae7ba2d203a7fadbd0f0269b9188
oof,2732,stead_event_01694,2f8389e219ff5491defdc0dca16cda62de3146ff2c2efc2f43ce1748c5062fe5
oof,2733,stead_event_01696,2ccff00cad8cafdaa0a6d877e34713987f4819c1fec86c5aa352d6f169131c7a
oof,2734,stead_event_01697,3f9da79155278020769cf39f2e38dc51950f9c3310b73271378711d3820614f5
oof,2735,stead_event_01698,52f1b6f756906a960e1d4e0887e248023c403afe1c6c286d7c5113adaa982c31
oof,2736,stead_event_01699,40c38f4a7f277eaa63ad48c6103964a140625f0e5716f372171baa583b3d43a6
oof,2737,stead_event_01700,f37852f0a080850f92e65e55e94bbde5cdec992fe4018901c360fe40f0caade0
oof,2738,stead_event_01702,1e8c528793c2befafff6eb5485f47eaf81439c31f7bb0104e3f11c536a900cf0
oof,2739,stead_event_01704,73eb22246768926f0efa5b826dbb9b1936a2ba56fe51a444972e082b6da7a3a3
oof,2740,stead_event_01705,03c880c191024275f3810dc5b1261b52c5bc52e239efb3a875b661aaf4c96eb2
oof,2741,stead_event_01706,d6612a9d2681aa158a12c339584044dcb75b9253b6c3639909cb015a8952cbf4
oof,2742,stead_event_01708,c76a4761657ec1266f25bfc5a2506459971fcfaf7070bdf1452abf0b0f75d0a9
oof,2743,stead_event_01710,2fa1de6eeb6f91b64e566767391685e4e273fdec939e1ba13f1354009f8f8ddc
oof,2744,stead_event_01711,1949ae6e73c23bdb8671d4daa704ad3043f138492576d1b61bba430dab5e869f
oof,2745,stead_event_01712,b726b65d0b59f5f21c836f6eb9ef6e0b18a0d0f00aebbe921125b16d116b8c29
oof,2746,stead_event_01715,24104e0cf6a433983c3d71dd56bbb958cefd03bb6f225579fd46a28efad3e59b
oof,2747,stead_event_01717,2654fa7547c2674f11bd08635db4213f366cfde692b84fa7f98a33a79b17ba7b
oof,2748,stead_event_01719,e2bdfd70281bb7f66632354341eaafcc0e2c645079f998417aaebbb3acbe25f1
oof,2749,stead_event_01720,1ee32c267967e790be95ef46451e1c99901c5d0777ce31cd1586ff80eec5c4c4
oof,2750,stead_event_01721,ba923885905fc9314aa50a35423056f9ade4ad14e5e1c563c2fa805b6871067b
oof,2751,stead_event_01722,6549e15a28ce3d5c57340f7bf5d4ea44c2dfdb58063c01fc2c2a0bd82fb38645
oof,2752,stead_event_01723,2c486d2db1d2669aaa97ee155a97fa9971b1754d1aa758343a1751f8a4938d1b
oof,2753,stead_event_01724,2fad5c69bdcd634e1aba428ebd2982db704937bb208979175890d9fcce1c83c1
oof,2754,stead_event_01726,32136a611d08b7ab78f891d50b9981d02663871ae6127db7877ca3386b2b9e1d
oof,2755,stead_event_01727,e6f2f61115e639a6b81350d94410e8b73954c0983df93b5ad9892378f4f8c289
oof,2756,stead_event_01729,66ee7536d9dc1ffe1f008d4c8d24ef5be9719dff1a9d6768bf6b77c75d3e65ea
oof,2757,stead_event_01733,c1553b02a546614263c71c41cb71d09b6e0ee3d31634602f9ec670931a87c736
oof,2758,stead_event_01734,9242440ce5c9b41748f70ac26168fbee88f00a47311b12ed76a8b9ddf9541e3a
oof,2759,stead_event_01735,655bed957be16b1dc8c2ff0a05ea7dbeefa314fa39274867052a40ce9c6f9cc6
oof,2760,stead_event_01736,fd02c870d9a22d7bd1c206a0fb5e3e4506845b2432276bf10b803af273b825a0
oof,2761,stead_event_01737,a7c74a2f57690c6cb9193852f3dfd2d178d823a95314bb68a7e1e8d92da3aeb4
oof,2762,stead_event_01738,9017aa973dd416ed36fe1fa43138bc4ee16f0d61a5342db3d72b5e7a043a2bdc
oof,2763,stead_event_01739,3c1b7b68540193d3f2459e33b85ff3da39fa257156e1d1b43ff2cd4bd5b2a45d
oof,2764,stead_event_01740,eff6dd4c8d13d38d719d6213e88e9af0c48e93abeb5f19aac538cfa7689f54e2
oof,2765,stead_event_01741,12e2c5af4ec461260a27228334923a8fff5d3791a736b9d4ad4e22a564d0b8ea
oof,2766,stead_event_01743,9bd9caf9155f4e8540793703250a6a0e11f47dfe50436f391d714fb686a59936
oof,2767,stead_event_01746,6f0e508b821304c79af150cb41b44d1b034a91503eebc42a84a3ce5d611cbc64
oof,2768,stead_event_01747,54530bf9ecee37371cdc91ada615977d7f002998007d43d7618757aa008de30f
oof,2769,stead_event_01750,960b54d4d21975d1aa39e031290a02f7098e98c6ccf1cb2ad773e62662278eac
oof,2770,stead_event_01751,6ffc333fa4d14a5029faa26c7d51a798af24ed940ee7a908ee3400654e9508cc
oof,2771,stead_event_01752,e213741adfea1a6b530b4bdcd85bbf7bdf7584e12e8797da56d00d8ef87a870e
oof,2772,stead_event_01754,227d989791679abca0fbc83a079b3fe7b1eb2fb405e2be843982b43b6fb3be9c
oof,2773,stead_event_01755,57e7b27326b4327313919a916eb43fae335efcc4c01662626639044c2944692f
oof,2774,stead_event_01757,9e0869515959009a9b18dc4c5ee5aae5e6d84a74621e867ca9b68f80bbe358c3
oof,2775,stead_event_01758,c0af29e316bb9c1b93d6d164984ef6147d012168003e45fa29cac7b114a46770
oof,2776,stead_event_01760,8c0fbddc1b4846163718d6c44f16967a4b30206435d76ca3e72c2c00de1cdd66
oof,2777,stead_event_01761,40870366c05359c0c34136e667f34f7f40801541be6c5cdeaadd96f86c9f9974
oof,2778,stead_event_01763,4b5c5ecf5f7017473bbfa8ae1a0bb2e2c8dc3e9a94f5f61e4e92665348932e55
oof,2779,stead_event_01764,14ca105402424c04579663dad00b521ec0d730d8a491f0c3fb22031d436c1e6c
oof,2780,stead_event_01765,f7863e3113e61b2dd00e851a86fae7976cc7e86d277686fe622854afdfe7ad79
oof,2781,stead_event_01768,8aa1ab8736cb8b8c1ec93102d662b4fa0502632ada232b750bde0b59447b0237
oof,2782,stead_event_01769,95a622a129a1bb9fc3a627377922025daf836571c32358c9ca27b82b37e881ba
oof,2783,stead_event_01770,2b5cab87354083df6f027785cb16f6cd9962a004b9e4e3d2357f45242b1da4d0
oof,2784,stead_event_01771,e7495d55c066e8aec2b85d4a2a4413f164493559388db76943f1282d64299587
oof,2785,stead_event_01772,6ffc85b670baa4f3311200ee4c2147e5f63615b5e39a758009b3c9700e9b0550
oof,2786,stead_event_01774,0119def87e89e4fdf59e70c7845305579dfb9f73ef896744709b83e6ca5c87e7
oof,2787,stead_event_01776,6599c78f941a9709e3af7c36294ccaac3d98f5d5606954ebef82b2ab13ea77cb
oof,2788,stead_event_01778,c66cd4cfb90f9383e5a2bb169e5904f2a5861088c161065ea46849ced25efdd1
oof,2789,stead_event_01779,26be0ee79ac70eddb41145afdf3eb38d29e9602679711ab225cfc78c6be89923
oof,2790,stead_event_01780,7e0be9620f2742abcfab3a1b9b8869516ac58fd6364306d060c3b3c2d9009832
oof,2791,stead_event_01781,7548e8f3dd0271f023fe2f36e23adc2a72d83a59440a6cc59ead9f7c5a3814a8
oof,2792,stead_event_01782,3f5b5fd760a56e2a4feb64e2557ff399f09065bb9f78468df3bbf50a474d73d7
oof,2793,stead_event_01783,cb83e4a7bae37bb72059fc766c197301f8234fba907f0ff7c6dc1279d6a0ab0c
oof,2794,stead_event_01786,9a8c8877dbd5ad5fd88b794bdfb7a24573d1761db139dc0fb81f8967b576ee62
oof,2795,stead_event_01788,4041b7b3a1bb36938c1ac1dba2c1463c2dd95f99db69705234df37386e63b946
oof,2796,stead_event_01789,fc96880756debdc7fb2ce807ca2f46257fc75c8f97c7b18d3bb3e01a0599d39d
oof,2797,stead_event_01791,481f3189a84a0efeec61259bb8102abba2cb88c32f96771674077a6646b90022
oof,2798,stead_event_01792,3a1f915282a3124f524c3c66e12333b02c9d6f46b7316427050694f83ec0704c
oof,2799,stead_event_01793,0032e848ce3f5544a1d999b21c87f77ad00e28be4284420b561cefe9ab5e5bab
oof,2800,stead_event_01794,c7bfa747a37de18e0d88ed1b593524a873416e889d81fecd574afec630e93689
oof,2801,stead_event_01795,8fb8c9802bdc554f3e6a58639f9e6cbc1402cd5564d4af3401cb4361a01a1da9
oof,2802,stead_event_01801,2e363755c7a12a24158937fe68cb9505275dd893ac05f850142507390b730a55
oof,2803,stead_event_01803,821226034f00711c7fef3e4d1a3a20a6e83263c28854fc21a7e21509f4f948f3
oof,2804,stead_event_01804,e1f0c79cd16b65095e1ae5cbbc321c00a2b19163992cb496cbd73b7d6693b059
oof,2805,stead_event_01805,dd818769b2c7f5390fad0d5a5a75d7a16bf77540c6f2e13d1a8de5388ef5e733
oof,2806,stead_event_01808,4493fe63a0a757e94db0597d503853ce83420b0e1957861df34f2ea354f201b3
oof,2807,stead_event_01809,26ff56ef20ddf976e33ad9968fdcb0ad4049ea8fa7f492bb50c2ca0ddf3c8469
oof,2808,stead_event_01811,9b0a645ec565f2eb60e08296977f6936813dbc1445ae7f536063a16562aee128
oof,2809,stead_event_01812,4ae98c41f5186f158f5f2924ca15e332201c320fd6521b6fae02dc43c844272b
oof,2810,stead_event_01813,cd8af0c43b58ff2f88b0f29356222cb1cc71bf2eaf23075e151a983d513ccb17
oof,2811,stead_event_01814,52f05693f6276a63e202b5b4dfb4842f739d521a57c24d9001494f14c339eb0c
oof,2812,stead_event_01815,3bf5476cadb7b4a9e504e904f61c236165865415b69523bcb53cb39a5bbacc80
oof,2813,stead_event_01816,3a40f3863cc2c5c037c6edc2606db5c1da5ebfefc10e934b380b8a260327cb44
oof,2814,stead_event_01817,f32d1dc69a2e9a89cffd33501bd9c9820a5a73b6f6401874679181567503ed06
oof,2815,stead_event_01818,417150910869779116fa16c901101f339e72507b747b7b4d7762aee71cc66964
oof,2816,stead_event_01819,11aed4202616514dd1ff91c914f808fd10920392a282ed98149c51d1601bdc71
oof,2817,stead_event_01820,b5daf4c75adb9fa3885d46952648c64daf2fb288d1dd7060d7c03244e5b96949
oof,2818,stead_event_01821,70e08f2dc702aca3141b0b56891c6fe1afe2cd8d012a83f8aba9f9d3becb62b1
oof,2819,stead_event_01822,ef668e7a0322823ad33a0074ff467b4bc160fdf60888d5086f9ef1e2c39a8795
oof,2820,stead_event_01823,dfab04c937c0847f5807608e242187439b4d8c19d5d3cf780d42f397b00406dd
oof,2821,stead_event_01824,6c62c1b063acffe8da15d423bd3d3d28b57c5f6e4d82de06867dcf3672cb146b
oof,2822,stead_event_01825,01c2d04cfaacc3c485c0c6e43bab0d82a0c17e6b12497cf450a0436f30a6ef73
oof,2823,stead_event_01826,d64b196d128af8dde29156d799ff5122431e22a23e17e03dbf16462d482dd081
oof,2824,stead_event_01827,4f4af96649daaa6d45ee3c59bddd681d8add9d96999632ad1c5f0c25c319847b
oof,2825,stead_event_01828,dd22e737b7271f4e4095f1ff7bc693bb81063dffbb26ce72f1a341747e61a620
oof,2826,stead_event_01829,c485356eeb95986e63015cd4cf83072a2bd90d949d87064bf5ef5c4d857e3a1b
oof,2827,stead_event_01832,c48a208855061cd22814b182555948928fe205ef8879da6e0155c90426282bdf
oof,2828,stead_event_01834,e8dc4bdfac04be0485d62eae0bc4c1120ce9e7603ecdb68cd3583a3f377d945c
oof,2829,stead_event_01835,2e6fc0173e105e9acadcdf9c1245b5728394e0173abef5a86226bf5b98526a27
oof,2830,stead_event_01836,6a512b12ab7fd5efbea45659ba1e7ef5fd46b1ff89fc41012652ffb0891da579
oof,2831,stead_event_01837,fe6e2406cfc5d26ea3aed2fbeda364e142df2f1aa2adbc808ace634df786bd5d
oof,2832,stead_event_01842,31d26225111c2282fe5d5749865b820bc391107c70be1ed0de39d529361983d7
oof,2833,stead_event_01843,5b6b61e76f45a79bf6302ceb5b09bd2369e99b74b34d0d0c9cc7153c2b4ecff8
oof,2834,stead_event_01844,91408da81611e0bfea5dceb5ec83c637d294cab72330a701000a9759f7031fd5
oof,2835,stead_event_01845,8b1e6de58050241382a5484166cda68eafcd9539a9171c6c50eb307d30cf7c5a
oof,2836,stead_event_01848,b0a36f417894b65154ff2304273eba212db7f87369c7b6de27dc525afcb49db0
oof,2837,stead_event_01849,9d36974da6505b8fd1260183b6f7e2a603e1199a7b5e72bb2bdd859db49a3315
oof,2838,stead_event_01850,b9b388b0f2b770ba16c0545d8709def7e9636790b02667292fce0a67e34e1645
oof,2839,stead_event_01851,1c8a3fcb23f5bf2635b92a4a71a49d82fdfa98dd7b4628392b2d519a1790de3b
oof,2840,stead_event_01852,048c96f498c862af848a17b9d13240554190600d9afa7cd255a28bf46a39b7c8
oof,2841,stead_event_01853,1d33d888235445f83d03b451a16026a6aa1302ed61451d88fe1e49de647fd42f
oof,2842,stead_event_01857,4b6d3106340afb37e2ca2cba11347241ec162e95e8f4750aa9217d779a66f783
oof,2843,stead_event_01858,86bb8bcc3ea00f39efaae4287a234c7dbaab2af65ef2131c147b6bbe095da31e
oof,2844,stead_event_01859,55a2f6a319c0ff0f3d5816a407a2606547366d8aa3f40671111263148c83dc15
oof,2845,stead_event_01860,d979d0e49b72d7ff834564d63fdb194754b4bec6814becb560f05a7ce40e74c3
oof,2846,stead_event_01861,af9f0ad47658fc1c52f4b4b70f53f62071dcbe0037899461284ec43af5c49dbc
oof,2847,stead_event_01862,8c48c75ec49fed8803ba7e0fa96b20c8c524dee1869e4a15f8e77e02ed1456a6
oof,2848,stead_event_01864,a65017eb26de5b8eb50209fdb8e37d824587eef9f49986ba8470f712af383a21
oof,2849,stead_event_01868,c3929372f5b0ccddfa93bd0ab6783bfaca9824ce557082da81b01c6bba14beca
oof,2850,stead_event_01870,16c4fa32775b832d081d3f14ee15a5868da68ad7a809a7fb3df74afd3fd295c7
oof,2851,stead_event_01871,94927b77143b5348e5f0e71403a4a8e4f9593ec3d5b196635ec6d805a41c5e8b
oof,2852,stead_event_01872,c38476d46de7be5c647513781aacf7ec855a4a618d4f8e7bb806e45aaffbf09d
oof,2853,stead_event_01874,e0df66b247616d90266236d9f1d1a6ca32b902aa41f0200408d308f9562dc3de
oof,2854,stead_event_01876,6df8656d84b48ec1d996e5a35131d0baa09251a9a90b3eb8a55b8862116234c6
oof,2855,stead_event_01878,1cc02223b7d5df0f32c5f03076b97a00ff122d4c9d02f81cbbb6d3f9c86f9d15
oof,2856,stead_event_01879,d422eb3a4774616fca0088364d3c2ceb710ecfe4c62e19869b20a081f3ad20b7
oof,2857,stead_event_01880,b6fcdbce907a5861e6b7c53a77e119642a609be685b97e78bcc9ff53b75dee26
oof,2858,stead_event_01881,ab6d3b0a918ec36f8baef098b38ba172ae89ab4c2133052d2c09c0b30dafe363
oof,2859,stead_event_01883,f2ff115a4641ed7a9b74f317703adfa46714dea0f9ab9d01a4141c7798159513
oof,2860,stead_event_01884,694406cf553155e341296f30345d7e86a730808c875b63180e0023a96af83702
oof,2861,stead_event_01886,2d5a885b3acb449b011b9e31a031d3df6f02b3e25ab54818e4d3753252f47e90
oof,2862,stead_event_01887,801cef10aac69825dc3780befd29ff4750e399ce0165a470e49228e1efb76c05
oof,2863,stead_event_01888,344a2456a38ae692bdb9bfbaa66fc41e257862d6e22601b12cda86e3f45cf4c2
oof,2864,stead_event_01891,c4ff6b08e2dfdaed90ff500c708828f3dcd1f620987848a15ebe7ffc431a052a
oof,2865,stead_event_01892,c8a7585a4480ed6782cd5a597e937c3626f0baf24655790f8dcea8c219439c88
oof,2866,stead_event_01894,1d3e27417e009d886b1c9fc17d60b86735e08cd7206f1d3ae9c78200a61d6492
oof,2867,stead_event_01896,f78b97421d41c00f859ec6c0d42a41b9da99b1ec7ad60b2805f32c88b4d1d409
oof,2868,stead_event_01898,e95593830197f50e427c5f13444b52cbd56fc6c6bec7e5ebe5e1468f7ddad64a
oof,2869,stead_event_01899,6ea098e82c4715e67987ea3c5c76495deadc188a09bf4efa3e998be04f81b25c
oof,2870,stead_event_01900,7881c59ec3e506ec885b861540b4042a58b60b2bf6c27f273b1068dbb8799781
oof,2871,stead_event_01901,42f0aed6583e7ac758b03206f72cf530da99f6b20a4ce8a02cfeefc31649a512
oof,2872,stead_event_01902,d7f37dbed9997b4b82ef8acc0dd36f565b9290b4c315ec37a2a039ac9eae493b
oof,2873,stead_event_01903,f8bb3248ca431e91ca391b8fdde3ccfc29a735ef9561217e944d7d3a7b40156b
oof,2874,stead_event_01904,4b25f3c2546347883d5e01dc619cdeb013b077010798113f70301b63dca9eb23
oof,2875,stead_event_01905,26599d1a786ac8888b03a1ec6a4b6929e0192e0c2d076c3e051f8c87a5eda049
oof,2876,stead_event_01908,c34bb4765e7d201a52cbf7a34de3a441c5da14877aa7b3f9cb4270188ae498a8
oof,2877,stead_event_01910,c0f6ce26eb41ecf7723c9a824d238448d691821bff3bfe8c2e600a0253442685
oof,2878,stead_event_01912,a7c7c909e17f62c4f8e626b4606e9b63d58450f3719609602e4bff7f2abded49
oof,2879,stead_event_01913,dfe54c9db6830768f21954badd892cfaefb665b9ad48ff2f747d4220581def2b
oof,2880,stead_event_01914,ee9b3844c52cf06adaad8747e86fe537693c15a08a72234a032cf8e6827faf61
oof,2881,stead_event_01915,2d6410552cd6f234d97afc61b847c46d0bfb548aac5f84733ee858a2917bebb5
oof,2882,stead_event_01916,fdbd6fdf3ea1525a785fb3460ccb1512a9912df25c91e997754dc443ab7f719e
oof,2883,stead_event_01917,28e70af004ebc515077780281d3636806f025a29f84c64e3de80db3e91ba089c
oof,2884,stead_event_01921,8ce8ac93a9506b64ae9cfb7d540c2d89e7f7b2b51adc5ed838b32e37e344c63e
oof,2885,stead_event_01924,1eac2b0d6abab0101278453d0a726e504ca55cdeed82684984187f92070c1f8c
oof,2886,stead_event_01925,e00c31439325cd5393ff96a09f5cdf4b3d1199f371baf8c61f7006abc7b263a0
oof,2887,stead_event_01927,c375a2dff41e536588a4b0a90c00a9e77d42c460ca3b3085fe51ed35ac5ecdeb
oof,2888,stead_event_01929,9c3bb0aad305de43630377ece6afb9ffd3d9c31f129ab99938a5c4b673eeadda
oof,2889,stead_event_01930,af38e89dfd0df942de1b07994e067e20b3ca4989f0c3e0fc27e95f4da427fa5c
oof,2890,stead_event_01932,b29f2d14ea0640ded8b94099f25a67c744e7a0dc017ae167d122a7dfb88a67ea
oof,2891,stead_event_01933,75859d2726e5a5c25643d96943d887d15f452ba4fc8cfaf9d4dc40e1a7b451de
oof,2892,stead_event_01934,56b902d1486ed121fde3872dd480c6d010b2ee6a7110908f49185d0e14619507
oof,2893,stead_event_01935,86f0fa0e5c4d10c644b02782c55cfe436a411fb9d328dcd3c90349489ac3a5f2
oof,2894,stead_event_01936,7082d94d224ef6d0733b9690df6ba50d21701b04c60090fbba1c2e16905aa96a
oof,2895,stead_event_01937,60408475994f33479ff3b19e0d69bcc36eb1d0407f6e26605e99fbacb4613faf
oof,2896,stead_event_01938,932158449c725da34055b967d33e23396c4ed67962eb6f2ed1f930aeee986e9f
oof,2897,stead_event_01939,2d3551f5f39ef6fd2c4ae45aeac6559b189f2d05960b09bcebe867c431400ba9
oof,2898,stead_event_01940,27f490084b5f510a4973cbc51cc8508c3eb04c0cd904b91390cb95093d5ed617
oof,2899,stead_event_01941,0b43b414bac535ba1f24120fa26ca7c911065426ebdff9d3363a4472950eb900
oof,2900,stead_event_01942,5363ceeb73984b0bbec92999f61fc7d87b2ab7aa22d5e8ee82aacab7b9eb7d42
oof,2901,stead_event_01943,bc83024ee8d28c3d9ee1b44b1dd6ab717e4fb55f22928472ad64fa8cfe3800bf
oof,2902,stead_event_01944,f0b1de468f7505aeb1150218f9fc2d4a9169c7d7ccff5fa76e9ee10b8b94733e
oof,2903,stead_event_01945,2fa4ee1f0fd65736ec590fa58379045dc62ddbf9263f3597a70658c4ccbf0418
oof,2904,stead_event_01947,71178bb392702079dd842853b5edd7a842c7cee008badadf382a632f3baf9473
oof,2905,stead_event_01948,f26a4db1e475877dfc760f2b2c28d797f82b17a384e08dd716871b15fe46e59a
oof,2906,stead_event_01949,2d56c5eea96c9ec89d03355d55f6f3af50d4e221cbbc2fa2732603d798663e86
oof,2907,stead_event_01951,cf8842a0fc0e7c4d1ab667ed6d05625a9c7de3a73392f8d417fe0f806b000ebd
oof,2908,stead_event_01952,8b2284d79cf369856cd41b1e021b0461f114d41af72005bd920f0dccb044fad2
oof,2909,stead_event_01953,6d35ed060dd7e154259d217d8324120f89bd494b03d83408d89cd9d7f6d70696
oof,2910,stead_event_01956,acfb114311f46decd173b0a1e249b4759a52f7259ff62cd47bb362fccc1639c6
oof,2911,stead_event_01962,9abce83581e09c386cbf7d4fd1be2295db4397cefd4fc059eef26200d46778fa
oof,2912,stead_event_01964,339375683d60108d3e1acccebfbb6e65f5bd0101ec7f8a92da1a7bae1cd9a712
oof,2913,stead_event_01967,9edf6a26e34b6c61aa1702463d3b1c8dcb4d65473240c4a29019c8e79ce86baa
oof,2914,stead_event_01968,f4e02bb185a76a80f0770c8c7af819ca0c11ca0494df4ace7448dc5e65185e74
oof,2915,stead_event_01970,36f22ea4766c5bbe141f9e0cb34b9ee614065020fc1cc229dda4f5e020225616
oof,2916,stead_event_01971,a06db99167c4e51829677bf8047c196a64e7dd3304ebf48c53d2c91a1dccd679
oof,2917,stead_event_01973,b57c9e629cdc69cee2e2ac2d43858df3fd324d1158a9624fea839c1d5ce62991
oof,2918,stead_event_01975,3b21d1ea98fb20d2a1bfccda0a59199386819673b8d628c3b738754f9be0914a
oof,2919,stead_event_01977,edffa7ff18f6d85551cfac7704c7216d7ba7e635bb4e335e1f9947a18248e520
oof,2920,stead_event_01978,c20207c521719e744fb5fb1000767d2083b59e70f2029a067934d445f9a5e541
oof,2921,stead_event_01980,f7377fa69f849df779373c91693feebe22e8adea8f545c7edc169641725aa27d
oof,2922,stead_event_01982,c2327bf4d52d9710047c0e09d0c9b89b0ea3ed6a50f4a229b66cdd152979e463
oof,2923,stead_event_01983,4704bbb5ad346527ba0482cad705c790fe2d1a0c1e3fcba297630492c9489ac3
oof,2924,stead_event_01984,b3492c9596043effee74a7259a94ae107d20ed6b66f23f019217aadef6ff3cd4
oof,2925,stead_event_01985,60044e1539f216ad2e5d146cf49643ea6b1e8dd2c451398bfc05f0591d4c3597
oof,2926,stead_event_01987,d701e51dfabf9b90bcb76972f387fe0ca889164ddd2b2bd365dc59c69d69f09d
oof,2927,stead_event_01988,7e4c4afcb999f1114def5535a585808d0280d66590853088b1648e4c29143b01
oof,2928,stead_event_01989,55eb8485e93821e91cd709f7e43191046f0c0f296c5fc4333576a61d0845f51c
oof,2929,stead_event_01991,7f3079a0d4ad59028557049956964593318c48bd28f90e6bb6bc90f5bba0cd67
oof,2930,stead_event_01993,3d19d73ccf7466777fa31d350793842cf76a3d75c240adbe79e0b04a26960cd2
oof,2931,stead_event_01996,bb0c9f07974f31acff85e989fd486ff05a37e3fc78008d781d78c758f24b6e5f
oof,2932,stead_event_01998,e119a10b1690f8e9e2ec2cf0609dc14d8795faa54251925e3dee2bc47e041d13
oof,2933,stead_event_01999,1e00cd08aa3aa0038dd24a37605115861622edbcef5be5415e7a1cc94aaee80e
oof,2934,stead_event_02000,6211603a1df0e30796ebf89e8fe7dd3470a04c64f9f45ab1874089ebe56e4b4d
oof,2935,stead_event_02001,b94657db8b6cb52ac2d5cb249bc44d100b507b48ab9ab607d4fcd08da160e290
oof,2936,stead_event_02003,afd2e13c4841dad92421279a072521a7b6c38a9ddb8de351c5151a333f524c21
oof,2937,stead_event_02005,c615030e8ecce8161d4402984fbaa32d32a8a315361276a6c3134e125fc45e20
oof,2938,stead_event_02006,c90f969ac0579334f34346d4db2a891a119a4c76ff10d049915fb7143302cffd
oof,2939,stead_event_02007,d29dce33485f4215a358a1be00f7a63fda1a0bd17eb1611177da3dd9a22e9032
oof,2940,stead_event_02008,f8dc1d70a9873c5fe4e55ade7ea5f81dcec34221dda1480137b3e7ab619fe753
oof,2941,stead_event_02009,49116f27f66bfd9b408bd755af2d896c6405dc91ab2275f6bddb54adbfc18e60
oof,2942,stead_event_02010,84003545d9d4c78e242de5a0ad588c18bc2ece7d0fcbeb7f21e618f66e4f9515
oof,2943,stead_event_02011,a032b35d2947de24d8f3adef3b99c5f40303e15143a1f6e3faa1873a16990be3
oof,2944,stead_event_02015,625e24dfa8e2c0dde973ae8f237888cd4d2ee298bab00cf8fbbdf1de47c9c21e
oof,2945,stead_event_02016,f4cc04fa6dc2ea760c19dd176e64f5ba6f55c9a1aa957654b5ef6757d018ea1d
oof,2946,stead_event_02017,518c90960f87d273a982fce7d11a8e5bc27cf0bbbebb0de59a3a1c541e225b90
oof,2947,stead_event_02019,9767f8fb8b9382e66ea981e866d83f3fe7ac96f7a5afa85f0c58c38f8935e20c
oof,2948,stead_event_02022,a4f775f95925b7ab603bcb5923a01ba4c0103e9708434a44b3d47cb2ed5c3303
oof,2949,stead_event_02023,1f794a6fdd65cc187413feccbe7afe3c327698ff3e81294c54b6bb7d9b4fd951
oof,2950,stead_event_02027,0af7bced88d85d5cd6603342e43ebbc560c466fc787a165ecac0cb6efe885c9c
oof,2951,stead_event_02028,804f9b4c8655c972d2b3e1fd785b440bcee4ca5635a80ed689f7f9c17cc78017
oof,2952,stead_event_02029,d0e580331a2e60c09674251aa2e450a99adaa73b711b600681336b147f76d744
oof,2953,stead_event_02031,4f2bdf09316ae8ba156ddffdb70705f4af6ffd95da2a0fdf3dd30ab4b47c6861
oof,2954,stead_event_02032,837920a5e397df0caa00c7161ba75c5683b5871441c4b8a8177e0b121a5af34e
oof,2955,stead_event_02033,320e6dec266fb1374a19713adec8a645cdcc470c3bab94df26b8411d687d31ab
oof,2956,stead_event_02034,dd5912b36cfef3c9c23cd57f8e9dc6939b53ebf97ec6e2d40620ac3792c51414
oof,2957,stead_event_02035,c2f86de1fa7e4b5388a43085b8667aadef55c23d86bbc449a6c91a9598a62b81
oof,2958,stead_event_02037,dba5995d7d00b07d287bd29a1cc469f65616f2f1939eeadd3b3a16849d368714
oof,2959,stead_event_02039,6eef4812491ef09999862bef12a61b254a6a1ad036c8883f328b2bceca964be9
oof,2960,stead_event_02040,ec1d459cc77e55b4da5c77871a5211bdc066d348b8888d7b332a17eeeec63440
oof,2961,stead_event_02041,855d750e149556ff2a4769c93c60ea7e8d473505869592f4e11bc9cb89b50767
oof,2962,stead_event_02042,673d0aa7ea842b7b0d40e50358588721229299786d82440ea34bf6de25b7327f
oof,2963,stead_event_02044,86edc5d92cae8e4a03de5048b6924873fd78fb6895b32ee730026bb3239ce6fa
oof,2964,stead_event_02045,c8267d2b8f472ffe304d3ee6602063e33bcb1a587651f5209103d678710d625c
oof,2965,stead_event_02047,fba8a05272e26a4f5703c18ef22200e71934bffe12b5dcb88add5c47161ac95e
oof,2966,stead_event_02048,21107666afc44d5f036afa6ee0c1c4c8e6b8bc8d2fe60ce99e515cd70f632a88
oof,2967,stead_event_02050,d3102896b1eab85fc8a37ac2dd91278ce7e54e087f297bc3d1c3a256e0c160ef
oof,2968,stead_event_02051,6d84ba0c98a2ad5a60dac7f9d06c79a8f1cee2141f673035fa49db3b30d14718
oof,2969,stead_event_02052,dfef8ce782e81c03c270f85a3593dfba677c26c6860ddc75c27ca17563f3c056
oof,2970,stead_event_02053,a32fd4ee366220741cd9ea5d9587475343f718a320647d79126fb8fd855ed6eb
oof,2971,stead_event_02055,533ce31cb3a76eb61d6433eb55fabd9b8bb74569959c7279b1ce0be7257d4af3
oof,2972,stead_event_02058,53652d555fbf44c4ad5f2209ce4267ed0eef71a1b9feffc082457cd69c9a6392
oof,2973,stead_event_02060,7b2e876a65f82fc6323419d2c833a73c4d36bedf1db4f5625a7b5aa0310569a1
oof,2974,stead_event_02063,3dd0bc41c768c57502253c86da4cc015b07a7b59c24bb7ec30dcc8f65f0a1cef
oof,2975,stead_event_02064,9351308f11aa50e801fb07a162a0327b7bfea7b1fca12a4e05a9d7e8aafd42be
oof,2976,stead_event_02065,279dcf3f22452c418461993b8198cdfec922549f8f2150438c1027cfb95bc958
oof,2977,stead_event_02067,be10a587a38878df69bfa8552b507bdd0afc5c05c6e32f301469c96d86019038
oof,2978,stead_event_02069,749b37dbba5ac806c156c4d3c69002957e3ae9dcef5682b19d2ec1828e321697
oof,2979,stead_event_02070,433200f487ac4818021923c5c0d3cce6623095547e0597e041f9398689d397a0
oof,2980,stead_event_02071,4de14b533e59d689aa42fd2b5960bdc1e8f66e4875ffc766860ef79ed6b5c5ec
oof,2981,stead_event_02073,fe66f9677f5aee331aafdb739295eecfeba3b3c380956252c3f50cb528983dd1
oof,2982,stead_event_02075,a5b220746dfb7cd405dfc26b6abe36035c8e758f8c4d2119c5ffd432330ace79
oof,2983,stead_event_02076,0f82223c073886b8a194a2beb3235fed264ea6186c2c435b6f11a7db542522aa
oof,2984,stead_event_02078,60e5132819236ed8d69f1209bd043e0e68981b1f6775b0761e607a8d907dd8a3
oof,2985,stead_event_02079,cc0b32b638bed266c9e280ee62e2e3a3553c9ac5a457ad42389df25b48f5bde5
oof,2986,stead_event_02080,01a4af5a61a618f3fe4249bdca1ee2656d0b6ea32782c6a0807b1bd0be689d05
oof,2987,stead_event_02081,18b82d9a18a2d4ec15aed392ad3ce5052a93459f7ffc114df9b04c8af83fdb04
oof,2988,stead_event_02082,ee750d462d56d7d11073656235bdaf0735ab5f62957314f77e4120e861d075ee
oof,2989,stead_event_02083,9976698c990bfed61ad6dc64ed3039f00dd581a1ecbaf459028c89ddac58e988
oof,2990,stead_event_02084,b12abc8180faf71d7aae239a68fffac95ddbc4353804ce0a75e706592ef5e327
oof,2991,stead_event_02085,3cde7b310c341ddbd71a9709bac09dab6bb3625ff54539a408f1d89ddb4d902a
oof,2992,stead_event_02086,fa83b7b25aa9b70655539121140c5abdba7755dcc203578450ed80502ee2d92a
oof,2993,stead_event_02087,6d65283d14cf40359f98b07c90e984d27484f2693b118e7048d2b7d48f3639bf
oof,2994,stead_event_02088,aa0294e203c4370a431fd5cdfabdf07a640c52232d68465d8077f087d11d299c
oof,2995,stead_event_02089,c6545a12641f526f3a4b57ee6134d7b6c34d9f71cde0136a94a526aed654dfc7
oof,2996,stead_event_02090,527f4477f38f2979634a59279dbf97ae0432af90bbf5557d52f5f182396d1de7
oof,2997,stead_event_02091,bddcd91e52e7df777793fa2d1db1df461c19f49211f28f3b0f2c3812e19d86c2
oof,2998,stead_event_02092,631f0d467a136966a839c58f4d61a0a134b0923e77d8448b0d3d71397d0d7e38
oof,2999,stead_event_02093,b6aa039811a2a620554722a914f51281f753fa51a6f78eb0265a8db465b17305
oof,3000,stead_event_02094,117d0f8934328dcb39b3b4fa2381defff0b9d9558a8712b0739fe6eb335a85b9
oof,3001,stead_event_02095,5dd7afbd5d83e560d686aa70f1c5a2783f9db8cc89059b13886433c72cdc96f2
oof,3002,stead_event_02097,3e4a62c630bbc3c191e2575ab3c0d694fe70a55f979fbcf61f4e178c1e100eaa
oof,3003,stead_event_02098,61da74c3ada8c8fa92d98998578e1788775a91c77ef930aeb58ec0c4e33105e8
oof,3004,stead_event_02099,19ead6871a67358a8ea395681ee6fb52a9b004219cc6c057504108d2f3c740f1
oof,3005,stead_event_02100,db6cf6ccfd15b4aadae32a0aa383381fc90735a3900cf078c3c46fc98e14dd8e
oof,3006,stead_event_02102,4579363d82e4b81dc4040044ec44bba79e56ba9a5658b29fc48deb3cc1e68033
oof,3007,stead_event_02107,eacfaa991469b67e0407bf3e7fb378492e3044c8d6835415f8e192d13ec26fb4
oof,3008,stead_event_02108,3b928829de9090b0f5bebbead9899763c2569c92888a2dcf3f0ce58245236120
oof,3009,stead_event_02110,bf500434b9bb6e61eb56213620a3413a268c659ea5ffe695df1c9a922b62ae6d
oof,3010,stead_event_02111,b81fdea0923d15a9e9cd915d84d40baec5fae211840b583b12859432ecb9ff62
oof,3011,stead_event_02113,3798616e0087c5f7c7b1c61190190971614cd6754eb954dc6beda7f04c68593e
oof,3012,stead_event_02114,fbd02cb8a8c155f524f064382d0c8d7cd80c56ff9241d340b5224b25668b7fc4
oof,3013,stead_event_02115,ab47d7bb347cd832cddae1b4badd91a149de982db53b23d892a9a8afdbedae29
oof,3014,stead_event_02117,9418f9a2a146659036eeeedc351c969fb13e0b0ef82d99ca128dc0e1e6ac572d
oof,3015,stead_event_02118,eeeb67721b1ae0e9f2179e5f37647058077e7b1ea9b7b6f886819edd87ae551e
oof,3016,stead_event_02120,fd3e7ecfd81fa0da6223a6ef9926a5c1aa78e1b980e77a5a68ab7bf2d35afb07
oof,3017,stead_event_02121,bea0b57aef77f6293a23e08fe7211d8e3345a3f9d45ace43d69dc4a390c12150
oof,3018,stead_event_02122,959e30587871bfdc76f498e96cdd206a86e19bdf85c376baae3aa527b1321462
oof,3019,stead_event_02123,8ba7815c90defa0159993c3dcd61e815ae2c519da7c037293d67bdc66b30ef95
oof,3020,stead_event_02125,148e09c88ca8a474361c912c22e025501595bd62d7339f356efeb39fcf8b57f3
oof,3021,stead_event_02127,886727cff9b0a607ea351c86a1545276b637297760d9dcbea254210a3f42303b
oof,3022,stead_event_02129,9564c98e678dbcb4449a5191ea77f6984fc1ab61e5963650050c32570db76eb0
oof,3023,stead_event_02130,70aa60884d02380bbb55f36f0816f037365f5cee50505255b665ec15cb263f6a
oof,3024,stead_event_02131,c6df04fe3b68805ec679dc46106adedf9f838132d8f18f128314c1c165b73251
oof,3025,stead_event_02132,599ab7b690b936e453476b30ccce331172a5cc1020bb271a3e7a22209880ce3a
oof,3026,stead_event_02133,c5dc19bd1cfa185bc44905b2faefd4c6439960e25e5c7b0d91b7901b8c06658c
oof,3027,stead_event_02134,870dd27a98bd1927f92b7a47f129cb20f00a3b11f01ee78a7aa139e31d9f48c7
oof,3028,stead_event_02135,e7460a52b5e741def78b73b5f942f48ac9d3c309eb2868a2e40fa407f92464e8
oof,3029,stead_event_02137,8032ceb54b68b781adf5e535ca0fc7fda2f21a4e5d058db919bd9c96457eeb06
oof,3030,stead_event_02139,ae1cfde12b1da89a60436d30273453c69da1953127b5a268403c2ef1c498611e
oof,3031,stead_event_02140,6d98e7abbc0c264be4f085d5981d2091fa342f28ed1bb5e2198d1570c23be5f6
oof,3032,stead_event_02141,5e65bdd723208e0d203e72bd3274a0c8dd759ed151bb83cbc70d9139155250da
oof,3033,stead_event_02142,03cfecbb0b7d5b6f9f3160c476cab8b00400f4b9f71e7ecb1108d441b1273f15
oof,3034,stead_event_02143,65e546e58c17643e8929ff618369c529eae32e4e1dec5f3b9c2d7e14efd82803
oof,3035,stead_event_02144,107500412a0833621bf17300507b874b0567fbfec670bcfb3f4b71bb504d24b6
oof,3036,stead_event_02145,e170e44a0f10585aad0a2b7f89a0bb2085f8d5a3d8ecef6d5e85e66ec79952ce
oof,3037,stead_event_02146,da0cf8cd1d63e89893e08c576c04da312ce08ccd7543cef5d6dffc7adf74c1d2
oof,3038,stead_event_02148,557a68bf4ada4e3746a3730b44271b78f4e51bb40ac699e1481a287b135215b7
oof,3039,stead_event_02150,49fa5a45c0a79cd99d9366f6180d5a4438f930c5a271d6b65cf76b72e055eda8
oof,3040,stead_event_02151,180e8413e659afc093c0ccef5bb7594029c7328564c60b6b27b8428656e81536
oof,3041,stead_event_02152,5edca83500128df51a5abcb5f1c1c23a6c7927ccb408d64112052552ea1e539e
oof,3042,stead_event_02153,c8de6780593752b42a968378881eceee75b261c4d244aa02448bcc91bb764f5d
oof,3043,stead_event_02154,66b78ebadff72dac9cb75d59343ca5a40345862c69bb4e6fa1672bc2381f1941
oof,3044,stead_event_02155,854e288caf13aa1214162758304dd43322f0d612eac575bc61ddeb5df71c169c
oof,3045,stead_event_02156,46dbb35424eed615639c031600e0c37eda2537607c9ff592beb6956dc81b972d
oof,3046,stead_event_02158,77594c85696507346f9250614cbc676b65cc2324836046bd40e5dae7a39401e9
oof,3047,stead_event_02159,f3956602dbe003632e08085016efb26238c2d3efec759a45d0faf2fb23650224
oof,3048,stead_event_02163,f1a50871db9130de463b641dfaab82db155669a1ee220b36dcd0186adcc53e9d
oof,3049,stead_event_02166,68efa67fa7472de465ced554276d9b8703896b9098b177cb1d21f2f6347cf98e
oof,3050,stead_event_02167,96b4908b4a0b8e23a8ed8db78099d80cda08a285f95c255d02703ef7802bc113
oof,3051,stead_event_02168,67a7398aa3792ba7510bb842d3b7a02ab5a7c4487875e6cd4ce45ea00d7dd08f
oof,3052,stead_event_02172,0ac190f447811b5d32468f8725862e1eca255f84fd83ce17e7e2b6ea0cf58afe
oof,3053,stead_event_02174,2fb85059ed0c313fa59722bc761f9a27d10445ecd7ad510e34cf5deb4aa7d57a
oof,3054,stead_event_02175,f9711bb28d960c1f3b07ce8252585766eb12f65137d25b8303a6a91485cd42ff
oof,3055,stead_event_02176,7a5583346e3e8f4db8b212fa359f6e5f4083f4394e2ad67c5a2ea24139bf8c03
oof,3056,stead_event_02178,50a898dd173c9cf78356231f55df4c941efe97b2928af02ce25d91746d27251b
oof,3057,stead_event_02179,51d481e362ab7f827ad9baf11ce7ccc72a148946bcdf271efa870160266c3dc2
oof,3058,stead_event_02180,3d2298c5e81b9fd233a4cdaadce71299c0acdbe69eba2b10a56c00c9c2a1bb11
oof,3059,stead_event_02182,6eeaa7f560ceea825f1c6a2ce53933221c64bb2ade17810fb36d578a9ae30664
oof,3060,stead_event_02183,d1d70da4c0608cf4826c51a7ef297b829656fff4bcf71fbecb431ab1163f8e21
oof,3061,stead_event_02189,35b7c2ab0195184f7831ef36c6a3b44590f6d86a8f26d8d9e0dffbc488fa31b5
oof,3062,stead_event_02190,84a8c3439d5cde822228842529b8e3cc1826c89fce61b457f2c19fafb845c0c7
oof,3063,stead_event_02192,2ff63e4905adf7525488e45f877bb5c01504fe65f181389086dd876c57eb0f7a
oof,3064,stead_event_02193,c067ba698722ef1be5c6854b45bb4782fd662f02106d3c04514ae9a5ae3fdf6d
oof,3065,stead_event_02194,8b0d3ccfe1cea39150ac594c655f828d8552ce04b6a8867d584bea80a61c00dd
oof,3066,stead_event_02195,bcb2fbf329800cf98064e55bce6b3e20cef39fcb62250df56a82dc248d84ec4f
oof,3067,stead_event_02196,8533aa03043f2b80cb650d3ad1bbc931f7136ae4944cb935d53de79a6a3d0594
oof,3068,stead_event_02201,b4dbfc8b8174e07f4eb903511879e184184c410da1f05d80221a1ffa124445d0
oof,3069,stead_event_02202,6162c8db849e13b463564e5b1e7683898bbf833b916f96c564a9719bd04a8294
oof,3070,stead_event_02203,fe46f7842f7d4f734671c4816db99fc6578d29467da10ff47483a624ba93543a
oof,3071,stead_event_02206,96e0d6805728700fc36c2ef7ac0bd096ae4fdfe7f4ac92748ad10a970338f440
oof,3072,stead_event_02209,3a9c62901607d4694737c45a2913d1a94ac66de7c8d3a907a04cede827a98156
oof,3073,stead_event_02210,a0880aeb0f4b1eb14fbfad66166180ec75a7afdf0e6e064f1acd7182a62f1371
oof,3074,stead_event_02211,1b1ddba1831c465d92545c8ad2558d2fab6c3d0bf887e5e494023be21ab2b833
oof,3075,stead_event_02212,cb6dc34803fa18328aca6da68879bc7078195301084ad3077b0361f7d5dc9403
oof,3076,stead_event_02217,1dfd52f597df751598ef73ccc9b63cc51f0af8906f8bbfcbfbd9cc6742a4edf7
oof,3077,stead_event_02218,34ae30f343bad602b864ab989304737f7f1276a103ebc3d6fd8beba7a1b2c471
oof,3078,stead_event_02222,6568803bed84628e8ddd2f79f7ff8d01e3399cce09129f0d67ea6c0e0396dcfe
oof,3079,stead_event_02223,4f027d2b5380c3083d5d5d55e80aed93d6351edf4ff36b2a85d1fe43430c72b7
oof,3080,stead_event_02224,adf29a338e4002e25fbd79d90bf0837ebda108ef3db50f0dec96b28b1ecb3d76
oof,3081,stead_event_02225,52d017250d75fadc0586b57808aa23be7526e8d89e5a1fedf26bae3344c4038e
oof,3082,stead_event_02226,7fbcfe50c9dab3055b150ff8afe6c6011ec9a2beae294f844775eb24069e565e
oof,3083,stead_event_02227,e2133cfdb0d4e4aae9c31ee205a17bd8a9a0625a4bdb2280b9b647308f23c873
oof,3084,stead_event_02229,7b34d7b23c0ccbba052d63a8eceb1c45093286a028f672d1d0db0e45ce0d74df
oof,3085,stead_event_02230,9ca8d706ce48a0052efa26a7950dcd42b7f63ce0105caabecdd3d8a1724d2bcd
oof,3086,stead_event_02231,a9e9f7fe17d16f3aa2ac5e389a840dd7ef8fbb6c6a646200af23f993621b5bda
oof,3087,stead_event_02232,0923b37d56cf89e59942366426e5b93463c5a7e094738e6a565f2f65699c9dc3
oof,3088,stead_event_02233,efdd1180da266faecfabc276d2c70642c84e8d17f3e9e44b22d30080f28a910f
test,1,stead_event_00007,af9f6c62d19279d8a619cba464fba96aea0f6f650f494857be15d8523262327f
test,2,stead_event_00008,97fa2d6da0f42b2c2a442a6bc249a64dd5d2242c77b87a879f0cb418ae8a441e
test,3,stead_event_00009,13e2c6e4cbad62dd39a6639d4974bf3e505722cf1abce5836f7861c945d05f21
test,4,stead_event_00012,df6d1d7146749d379b213a13703a213c256dbb3eda5e79aca33311f3407f71dc
test,5,stead_event_00016,53ea983385d808e73d17f4876a2cf2159eff63bb79a404831bb813687f1a063c
test,6,stead_event_00017,9c5694bbc61572dbf84489b76a3abb49240cc3dad5ed5a30feb505e1ba68ca39
test,7,stead_event_00018,fb2e3b96cd5f2fce8b463451ab74c3a7cbc0c7521b0ee6dde089bad53e34169c
test,8,stead_event_00051,9a1b2c47c0f7d55cf7917616f8ae874968483c25a4fa8981c8fe281460f759af
test,9,stead_event_00085,f49fec4a1eaea0780f8e652a28a0ac1a07c0d80a216555a8febc0ce7b4f7a10d
test,10,stead_event_00103,6f54bc2ed76ba2da494ee17d78b4e4a43a5b1446084bb4e4ea50a8a4a9b4534a
test,11,stead_event_00108,02ba593a71b7ad668fa6511ec23471ad7d2f93297f15032625b7e1486b0c7be5
test,12,stead_event_00125,f5cce3eb63764c3cd677cbe1e14d5a31a8a27a3dc8eb86331a6c5fde99ee6a32
test,13,stead_event_00132,512ed74dbe681122ccbaf8903c7085843380cd49c45b3978b9572459a0d494f6
test,14,stead_event_00140,239604bf3e947e0cae1dad77bbf1a7a8a5690188f18e6461f7576f75006108e3
test,15,stead_event_00141,4a2d2f07129884fcafa2cd02a8a3580ec9d97968f79fd47e7cedf251f344654a
test,16,stead_event_00161,8967e48718797f69779e8927b671fac66220086fef4f889a4a64a3ea263ea0c0
test,17,stead_event_00162,be2dfe7ea7c0ecc3439307cd8335947c4e12339c5e9f4c0682f47c4ad683c76b
test,18,stead_event_00177,0560de56d6d909f4d225cf7d93cd51d1002d8fbd978523196a1c8cb4c26def38
test,19,stead_event_00178,bd248b094b78df6dedb4fbafcfb344a5b6630c0ec23f0bdcf6be2c9e15e379de
test,20,stead_event_00184,f1d0b19cf3080bb8c4c219820ba6f0445cd1eb41201078e0366cd007ff125508
test,21,stead_event_00193,dec954b7be4f7af13bf03c3395fafbf8b811c1bee5d0c5a2c4e89104dc5e7f5c
test,22,stead_event_00194,ae390d78b6fdf630750f34ac15adbbb3049578f888703fa59122e1342e1b9ebe
test,23,stead_event_00208,279b91b96635ea76d52ea94c282f5606945f5eca166a695ecb46a7a5490bbbd0
test,24,stead_event_00218,180557edeaaad50e1d43bff584019d9ff215bd93ad9ca951b1b00a045717ca19
test,25,stead_event_00225,d66b5c9cbbe2af59838c39a37bfaea065cb8768e964f9889762bff264c6a785b
test,26,stead_event_00226,5ecd2a415f76b0cf4c683d91d2728abea91158b35b72e68c0717b21f16a09b52
test,27,stead_event_00227,1a2a1fe3f535a61454c57bdc89ed4381db31112a414f5c0bfa6b6bd15e37a46f
test,28,stead_event_00228,f0ce7ec5af8d5c14c49f5eb0c2f8ba3407fe7fe7513d9901ea3c8aa2fb6757cf
test,29,stead_event_00239,32750a0e614bd2a13f5be5a63d52a0b92dac64f26a48cdba3c4d4300fe9242d7
test,30,stead_event_00243,875efbb1a33869005742df275c230e05d9f2fde190e1976f64350dc7e4857ccd
test,31,stead_event_00249,2e43a11501b79c1a26d3f8ca9b3261a91a911f725e47ecd6c9b4b7e00f95b24c
test,32,stead_event_00253,f010de3025ff6bae5025b8630a137d99baadd7b02b64d71b7c01dffc1d6da851
test,33,stead_event_00263,6bd40a74bf3d5837967c9f500d26fc92d33c1350068c8531523a932fcb4cc1be
test,34,stead_event_00265,a335ab530f73f5d62e52bae7469506acfafbdc69f3ef6053629bbf1719e8ca64
test,35,stead_event_00270,4af5d81c5a432bbb6f9ac35f23077d1254e9e94e29485056a0a2481083a93e79
test,36,stead_event_00289,543152d37acfb6e045573b4a9e6e01b572358cdd8c9abfc030cfd5e8c9a4434e
test,37,stead_event_00294,9b4e2758bb8408f07ac14e2e35087366f7c18f2907c6922e463ada5490236e4a
test,38,stead_event_00297,2e07e6efdac0c8faf980af5f9fb5f97b2fd58c29d21fb49d0fca2b22896fe0a2
test,39,stead_event_00301,2c38300b8f65a4678bbf0d02df4e012fd7e027059e4d10cdc87b93ae9ff7dd71
test,40,stead_event_00309,3d9c047bbe542dc46bc8cd133247e73d61d376584e945b8c34bc6e66fe37e9a7
test,41,stead_event_00315,76ab8f70118350d690e5a37eee6204e7d6c747e79218777e44feaef4264c3102
test,42,stead_event_00320,57483ab02a966b74c32f7383041bbd9cb6804bc14fc9786d0ecc16edee0adbe8
test,43,stead_event_00327,68cf0232371ca8f2f8eb06928d97c900a77e06f79c02b569ed3b92c7ec3317f6
test,44,stead_event_00344,c489712cc363ccd766b7895824f37844b7cdaca89fd1ef021f947082f3f90868
test,45,stead_event_00347,8d673cd161db557b516121acfcd94c756cf56298af9073dd1ce73a577aabbd7b
test,46,stead_event_00355,9f54a334abebe1d2254da4daa392df7bff36fa7a4283be8795ed801999429f16
test,47,stead_event_00360,567a85f6860b22b625981f7b02a55f63c078ca4f5c2c7140ea4e70a350e43c39
test,48,stead_event_00361,d56fbedcfa486d02435105cb5ed73c4e39fb92244a77a0739042f66ec9bb65a2
test,49,stead_event_00372,3b580289e68b4a3527e8851e27c97061e62a0251fdf4323361bef26d419989f9
test,50,stead_event_00397,b4cc2c768fa08519ad59f6cf77e0a8b25750df052349a670068f8fe52706f084
test,51,stead_event_00398,e2a1e98c51a4ba9c21feab56a1334c7346d506049a6edb0a54d45f6b15185c88
test,52,stead_event_00402,2648bb43a63da524612e83e533e9936330710bcc9b9428fae0d7878368389524
test,53,stead_event_00403,f287763b456f6d3766377a8c30dfae377975ed8cfb8ff0f0d28d571d0789b016
test,54,stead_event_00404,b4d14062d822f0e9d5497980519c2dcba5a2381401226864fc43c884a5c72c32
test,55,stead_event_00405,257ac050adad5ffecc10284590bed753c8ef2646cc13f8f595fabde563ba74d9
test,56,stead_event_00415,62fcc1bd66dc92ef4f2f5f467fb5955c25bbe3a447b4f1f334422a1fe470eb92
test,57,stead_event_00417,db506555eaa9fd808894d8126a6d3f683d321b894237134df06439ea5f1abbe5
test,58,stead_event_00422,3873f1e47f4dd3aabc64528e2c586b8e27cbbaa43eade3953160931f9843d421
test,59,stead_event_00430,3afe8adc147ac2146e4ae7b2dcf591776fa51e71aade1356a0654ababcae0168
test,60,stead_event_00441,43383253789d8b82d77044b6e45ea339d4c4189fa81f840ce9ad30ec854c7d81
test,61,stead_event_00442,6d0e4d32112f0202cf6a27ab882e84bc761f27610fc9ec737907a6ad79de4c76
test,62,stead_event_00448,fe44718d25a67deb77d30b32d6de2e3cb86a0c2a3b6d4671b1091d122762b9b7
test,63,stead_event_00465,fd43aa1c41bf310051fa3f2f387b1ba452e99c1e8d4ec0dcbe72bb06484b8948
test,64,stead_event_00466,6d79605609987eeed78bc20d4bd43655f504dc0f58d9a908adcd5dacfa45ede9
test,65,stead_event_00494,b763821dc1a7b26da53e4b5ad31cf8dc2858259ef6cdef4601ce7d696b611a70
test,66,stead_event_00512,18e882200c3350dd74fbe6ec753f75202f260eb80642a6b085d48a87cc4dc082
test,67,stead_event_00514,6bf5b8e8af355d4f8fd343e0ee498eafd43000f40ee0f56d731778b6bdb99cab
test,68,stead_event_00515,df8467b383f95960f4b64df38968be448af129e21e58da535218eb0603c6c628
test,69,stead_event_00518,02ee3e996ea081a7ee5f0942bf31f61f3a9c40d4f1ec56eab044df42b553c6b9
test,70,stead_event_00521,d360e560110b25e4965187a0735fb89228d6dec3cd901a40b8e76a697df6b81a
test,71,stead_event_00551,33fa563672315969fc75602b7b012746dc3f31d4cd4c941bc99bc6ae71a0f43f
test,72,stead_event_00563,a482f8bee9063e977a0ceaaa9bf65c058b8c30267737f47f119492c9523c2195
test,73,stead_event_00564,38191bddfaea567b425ccba778c950fc2105ec5014f611959f625a4ff9fac86a
test,74,stead_event_00567,e580cefd60c6e501d21afa98a12b73e48b7c97237eeadf99286e5e7d01c5d0f9
test,75,stead_event_00580,c448f83afa0b6cd746720c4326a0e2af17659bbdc4e75b005b86cdc82ec013a7
test,76,stead_event_00585,789e9d7e2f7ef5fdcaea13a0d0e3f30b7c151ba5562dc5804300020e9adfeb7c
test,77,stead_event_00609,eecce2357ed81c49e72fe0f91e07b888f677d33eed0991ec0450bd8bd95d5188
test,78,stead_event_00610,f338548b7d1faec369b21fb596a459f124357d509fbb832effa0f0b5885689c6
test,79,stead_event_00611,ff7fc0ccbf3fe405c96150ef72666c09542816081fea206f527a0fbdfa86b944
test,80,stead_event_00618,e622d4f14f03c36727a0c9fd83e1f864131f487459198365b9827b98a24add29
test,81,stead_event_00619,578e84ae6b14397fb784e18a1d4612beff3f5861cae26a7ce0ea47d8120a3302
test,82,stead_event_00620,7e738a2c842d31538924c5780d7c1ee5852545a8aebf632b8b33dc8a7bce1839
test,83,stead_event_00621,63e25ced9d53f1435e209a1b23708c66f39a63b485ff4950f989237cadf43caa
test,84,stead_event_00622,69687568ba0fbe1e2205715da011eab097d38d3c370f69a8a7c45b35cb8b09f1
test,85,stead_event_00623,e6f9f934d39b99d6e5ea78988e2b9ddb036d621d7a722bd00278af1c95ca79f8
test,86,stead_event_00634,0ccff1c0636844cdc49ffaef714a23cf1ec0c541d56c5eda52074298097c4694
test,87,stead_event_00644,176d78b9fe92093337796c86a0a252aea7b2c74912f96c4ca7fe6767a66a987a
test,88,stead_event_00650,a2836eaef7d3947be933b18584c854fa3c9e31f556d0e88e17c191f036cbd4ad
test,89,stead_event_00661,2bc1fd5358793292625bf4d83beb3d1abed1daee9f3a1142422e5ad0e3d34e5c
test,90,stead_event_00662,d87114578d3cc25e4c7735d148faa4c12148fada72b7986970a97403150f333e
test,91,stead_event_00663,3ebd18bf87db0824a79093d8dc393cdaf39191a47229fa8b9977d41fcf71c688
test,92,stead_event_00678,0aba3d0851bb567a378b8ac17b10733ff8cf31cbc5a25ed2bfc2b36005b3c853
test,93,stead_event_00679,69929b9249a90e8465faa62785cd6fe5dcb31d5179eb2b8fe2bc77de1fc651a2
test,94,stead_event_00688,cce177cc5481cd9ae5a861ec22d6828df2d6258ac4f642c673bf38bd5fb9292b
test,95,stead_event_00699,1275c0c34344051d228c3938ed134ad7cfe5c1341c883a28a9202491b099f805
test,96,stead_event_00718,fb2921ecbb7e13ee6bc72786c69cb951f47807ce36dc7017c495db97e602d0ee
test,97,stead_event_00719,cfc94b01731f294e31263c9f9b2dc3a805810142a48f0ead65eb7c00165b11f3
test,98,stead_event_00740,e099589d79fe669c29ae19436e47c2e3a38113b26659c23f1fd38dbdcd7f7174
test,99,stead_event_00741,59e7bb3cbf2a21cb47155310423d10ecbf60aadb971e44865b2a1e9cc959b818
test,100,stead_event_00777,221587538cd3cbf78ec440c8706ed824003f7820ff67de892425ec14297e9008
test,101,stead_event_00786,36630d2b0cbfd19567f0cfa70bd366ed0e38ec4a836ad61d9b796f79ace235c4
test,102,stead_event_00792,aa38b7e487e7fd28cf58804346c71a5e51ea4e1e1d0167f5303a34d4b3e1c4d0
test,103,stead_event_00798,0f447278d9d343651e3d34feb0b0a8325f0db04a7568a16b71a245dc6d6a32a8
test,104,stead_event_00810,3e971245e6f25ca7d0603a1757abe60656aa7c4228ce1721dd24294d4c95d30f
test,105,stead_event_00811,d2a4e08acc3f8179660a0f2c07360816dd087ec9119d74ea596795856b7c69e2
test,106,stead_event_00812,c51b47a04472b284f26dd9c7da14c7607151e2d809c096ba34f4461f540c094d
test,107,stead_event_00813,3859f75e1523bc3d9c59f23e52c3d4baff4e12d2df32132932300a34f2b35bd1
test,108,stead_event_00819,ea5a183c67792b49fce621130485965278c6eb393dc8fb4579a5d052a98d79f6
test,109,stead_event_00823,5484965db363a9f4ce406f7c8e75b1f4f6fd754f69ee0a78372a6b8471e210a7
test,110,stead_event_00827,7439dbaa106088b40f48391a335809315435ccbfa96cdda64bba7db8e7716917
test,111,stead_event_00830,ca0f7114c4a9c5d96f75bf97ab33aa7c8b604233b092c27021dcc70c65d3379d
test,112,stead_event_00833,d78fc5b8d273412614675ae63edf1759963ac805b575366751ecde34e42ff812
test,113,stead_event_00845,aba20086949b104fd7b46f3e22615f2ebecb828fb807f03a42643f83a21df0ae
test,114,stead_event_00868,d693b9ca6ef7d7e3d4b794207d13d6302d704da27c32c981e8a15440ee7300cf
test,115,stead_event_00881,dadae927be84a32e5710e899841835c4a9554009ab1288c160beeb6e817f52ae
test,116,stead_event_00900,916ca6fb33a2d8de16f2a89674e0d3494373a09aa6cf05d8b309ae76d6c8ebc9
test,117,stead_event_00901,647ea794a2455ecee87797979006794f3b0a2975159f0ccc44d01945b5333abe
test,118,stead_event_00902,de14f7b63c547c49cc185c130658c4aae66154b6a8423d3cb783d3f1519486e2
test,119,stead_event_00903,bb243b3410059b870b9608719bf8676e9723e37941fc38297bb76b98d543d09b
test,120,stead_event_00911,6822695b5eaaeb42ffcd4b64006c8440e6a783b194af47e310cecb4f8b4939e9
test,121,stead_event_00919,9a75ce27d4e42413e4cbdb8def1f510875a03b9a07684f2c7fd1b092ef15a54e
test,122,stead_event_00929,6930f25bfbe23edf93ad917d67e68559bf4a8a05ec9c22964377d620371e6484
test,123,stead_event_00933,29b5711cd866d3c11ae519cf1b473f67daf8dbe33b77780c2a4da0b32db1cbc6
test,124,stead_event_00938,8394b690e11a19118de26a4bf88b65542489b25f28e8c6f1a062148f2eb2b878
test,125,stead_event_00945,e40f015a6334ae3c569fb688058c9ec59facf39bd95f4e5bbb9e59ee5a54bb10
test,126,stead_event_00948,3dde663d005bdfbaedc6fc3960af8c36a5c5d270729231708da3e90075a32012
test,127,stead_event_00953,a7e205822ce68f987ac3cc765d71ee48a2d21fa3d66b40407b71dd03dad39d0c
test,128,stead_event_00959,74a828f98ae731d27d31267c07b95f7cbf2e71bcf751e6372beb7d21a2c2e771
test,129,stead_event_00985,4424830dcd5832fa03010d289213904e4581dfbf912466368f808fa12d710d58
test,130,stead_event_00986,8073c5f7c0c2a5858dfa9f095a76f3622584ddcfa028de664e202233f7858435
test,131,stead_event_01000,2f317820229be6bde59b689d5fcc100f3cd10253e3c4d6788a61397c3d6683cc
test,132,stead_event_01002,c608deb1ac74150d4256b39f997ca28c7fcb1542c6e3ed2028b920c8d1f7685c
test,133,stead_event_01010,903d1333aa9b1265cfd8d638a5d570921adea743763de9235de75aae665d2dfc
test,134,stead_event_01011,407f23ab8380519443401bd9fc4d71ee479e2c487b1b6a828c01e4eafa61d6c0
test,135,stead_event_01016,5f41178f039e733e8346f70f84f8a99831555be93745f24950f49fd2ea9bf9e1
test,136,stead_event_01022,e92dcf1cf61cb7e86a4ad87ffada34eb5613227074a294eab83b9cee495f23bf
test,137,stead_event_01040,549b99536ddbbabdd2d5cbccb3b3fb651b01bd160ae59e01e6127f08b6ae98e5
test,138,stead_event_01042,d16db0fc879a2a30d6dbfdb1c2c2ad519971c1b6283e4e5a2504f5004d271ecf
test,139,stead_event_01052,83a0177cfaec774da682da5dc7a6c63ef0c4a31a5528acf1bfd7fba7ba6c5ccd
test,140,stead_event_01055,0073e89f1cbab3d83bf868d90d5460b5fba463d7237f059c32a0ed17fce298ce
test,141,stead_event_01059,beccbfcb9a8fe84888fdd1789f8ef7b7b2ed02afecae3e515dd170b4e6dc9099
test,142,stead_event_01061,322388e7472982b6499427ab75e44462fba35f01f10b1a948d6411cc39a9c19e
test,143,stead_event_01081,6c6a202a53b73d7ac4598c52d131a84440ea95282a4fd8a9d39c494d7e150b29
test,144,stead_event_01091,f70772fc4088e797997e1e228db6b966e805d5c5bb80eae39cd6397d4bc9dd64
test,145,stead_event_01096,e44d94c58e4d795d95f3dc201be8688be2f75c363aec2401f70697d992bed32a
test,146,stead_event_01097,f1c9f02efd2a2702bb7eb86aea00909c7c33ea44d84ed73efd78f3976ffa6f1d
test,147,stead_event_01098,52d7beb90819df2d1299d202388e6305cf422c57e91e1ec2848a44e70c7ff331
test,148,stead_event_01111,90d71bf32a2fbe62049c950e765f93906560c5952942f132da1db677cb46b7c6
test,149,stead_event_01116,c55a5bcf37fafabc2257034e01905adcee5345977420fd08aa5c493779fc8a18
test,150,stead_event_01137,a5be49d51787436db1560be1e2bf56cb8aa7e44b0b6088b137f8850efdfe7de6
test,151,stead_event_01150,adccdc4b0adbc1c07b684576fc35c38b5ab5c1355dbb1d3d478782ea5c46cba5
test,152,stead_event_01157,11c2351b27c8f0225cbbc7973633d55d8e550a57075831a9a5196a0c61033c3f
test,153,stead_event_01162,aec1615a63b4e9ce961968eff6a4e60822dee9d327bc054d34b66acba599aa1e
test,154,stead_event_01163,a0dc42209368549ffab197bc22ea7761a0767076b50748870c2c2db3f11ce1a5
test,155,stead_event_01173,904142080ea5a2a290d3002f90c5820a692db2c505c0bec62d6ed59877e84d55
test,156,stead_event_01174,aa29b1b5770d08f4e4d0445021db6a851077035f2681f3a12d5655ffe47b98d7
test,157,stead_event_01178,35f1d0db1c80a735bc5360d1e3494316cc522bf94bbe3083f1bae06dba5a49a7
test,158,stead_event_01189,bf4cae9ff820e86dd21a1717b4b4400a0ce8cc185c3322f9d5164d550ce0bc0b
test,159,stead_event_01190,b6fdc54cce5c15e8f40121a1793ef4ec77f54ddc34b61fb04824de8ba934d119
test,160,stead_event_01191,f4a78724eaca35fb79ce4161b190497c324884f10ecd2a7e3ba65a724babaf3b
test,161,stead_event_01192,e0eb205343283d3d7e31fbe67c70035ed6445e18d9fe2c5f67b1c17664b89204
test,162,stead_event_01193,63472e5a15c2978f0ff88dc914fc804816807ac33aed7fea7aac89180877c0ea
test,163,stead_event_01209,fc9d09607973d0bd0f10f10de24cbab4deb37f1bf35cb6f30114c8d88dabefa9
test,164,stead_event_01210,5be67ca487eea1b4084a2ef5cc25a3a8ca2823b11fb2bef50725fd2febbf7940
test,165,stead_event_01243,63ef6f0280ee79aace4cccda45b50d8f72b1fee550f07b78561c5ac037c63aac
test,166,stead_event_01244,e00f0100d2005280f5bbf46a1d927a3cd67b9fc6c9c1c88b1b2cd38da22109ea
test,167,stead_event_01245,0a748c50d0acb6e49569059ab1581ed533b1e58d14be8817ac9ae4747121e5df
test,168,stead_event_01246,fc93e72bfd40e4c7fed35739649ca0e2d1bc740d386eddbd04d8051eb6c002ba
test,169,stead_event_01247,589f7224e1a1cfdaf9810fc2d495a89a8f8d9448e8da7d13f1167f49ef8a6649
test,170,stead_event_01248,87554dbfb369efde3dfeeb0089f47b3ebb79385d420e0729d4b0584596299fdf
test,171,stead_event_01273,cbae6d689439563000cce46a5ce394fff4287c1c76fa77f5393ed97d7ae6b3cf
test,172,stead_event_01278,9139d9c689b8246a706eabc99f6468d32579ed580308e443a9d90541697d001a
test,173,stead_event_01310,57eb145266a95bf9e161305b1c683fdf43c04f812bf20a70b4f45bf30fd2b420
test,174,stead_event_01311,9ccbda1dc8a2936508a629a02df22af7be037b980c0a2e278de3a3ba9c8af147
test,175,stead_event_01318,389eedd25054376c43d0fb5dba94a30125e8c8bd70951f3095f8cd8d26a9def9
test,176,stead_event_01319,e19ffce4c33f0e22617ef8a6e1a5ba71380bec0ee6313428a3e30c87f7f7fed4
test,177,stead_event_01325,65eef148c09ccebd10fd9e0fb0593205157ebc9c4dc7e11b76f3f809f5818924
test,178,stead_event_01326,cfe33313168672630b18dcb1acfe9d4335b3fda4e75f859cf348ebed73a4daf2
test,179,stead_event_01333,3c281feae34b4df794d81139c05d08fbc00660473e58ac3a0b9eac6f9f908fbc
test,180,stead_event_01334,80f0e99919fa3830838f1dcdccd3123f04e83aa6208d9425042c1bd5ab4fcaaf
test,181,stead_event_01340,39613f0eed49b5dd83e167b380f0c36f28ac6a0c2ff714ad17e051109d14cac5
test,182,stead_event_01341,7fe0930b4175946cb337f3e4d755b0442a535c77a802461cb4b9344e1ae15ffd
test,183,stead_event_01342,e24451359ef8e7db096e1830623422a5cb6e6d117de297b3f4202cb0ed728888
test,184,stead_event_01343,20fccc5671ec5c2cb51b98aa70ebb332c9da9ac04e97a728964a6e3e5de41e01
test,185,stead_event_01345,4c9c60a9bb75249e1bae598966abbd0a8f7eb5dd52079b78fc53ed65454cc32b
test,186,stead_event_01346,27d16ed3324115e06b4d821e6ad646781e05f26228ea788403bdd99d047e9c5a
test,187,stead_event_01352,659f228ae4400294bcb13aa2e7cacb2d50361a740dbf5bebd11d5354c34620fe
test,188,stead_event_01357,0da0dc7be701dd2d292be5af106e492bd0db769f375f4647839599202b6cfdb0
test,189,stead_event_01361,c18001462464e161628e8bf17786478dbecc3666eada01867d934363e6da7014
test,190,stead_event_01362,a3e029ff1934035e6bf76a4d80da7fb8150a5af32106a3dfb8c99b01e92526fe
test,191,stead_event_01363,7a85e43886896c948a5b35e3358a694634edd8d4486a6fb1e10e093a11c3f458
test,192,stead_event_01364,7a2b876eaf87848efd12be92dc34e539250611224428237c6466942052feb57a
test,193,stead_event_01365,0288c21f6f1d0ca0a03062496648f413a4627024b7e71066772c47e7372de655
test,194,stead_event_01366,32977b4bb03a73ae8079c896dc19511fa1d2b921d865641bf16fe8b1843a946b
test,195,stead_event_01374,0a1554aa11a4a972fc83c188ca6bd9e9f7785f54ed29123b24f871608b93deaa
test,196,stead_event_01375,29d6461af83d56fc7ba29c54a75868d4f0e64ad8b164900335a75d8a9a56203d
test,197,stead_event_01385,1482a8d5fdd09ca24b8af6f4780d41856bf48b2cd443061e6ef0a40819b5bfa0
test,198,stead_event_01401,159180a804f055c6b0c4a003ef005f4a705b823116e988bf7a0d857df90fb3fb
test,199,stead_event_01421,a21fe0da9b122aa57bbb25ad78ce481903365e7c3471bc3df573039e8dedb83d
test,200,stead_event_01432,05c80a5a675ee77ada57cc5a71aa8139a14edd87b4cf6b6aaf0433bf60757f27
test,201,stead_event_01433,0ecb4200463e9db89ad0b56e52d8c8baa84ca99337f429bd2c209b2d2e3ee76d
test,202,stead_event_01437,68d5962cae5f2fa03891c6dd5e38c3ac0df5d8b7b878abb2544c561ddc08092c
test,203,stead_event_01442,88e06d76e95395c428a7f228d74c7ae0152130e0fcc6c9b86fc9d0ef778c938e
test,204,stead_event_01443,d9aa33a0a7315643ca61b0684ff2792aeb8bb88f01e0968bef2d65c1da832448
test,205,stead_event_01447,899d7ac97efad02f778f6096ae84e547f53d0372cc7221898056ee0593fbdbfb
test,206,stead_event_01454,0b85ec1c12b018492e0c86db9160e1c698300cd16cb4d5c2eaa66244c31d5ea2
test,207,stead_event_01462,bd4ea207c6e85c6588508595bb4e94a15b2b49aed2b828e179a78ef388ac29a5
test,208,stead_event_01473,c810eb993b10ee25eddf87e7b23aaf72f08d4ef6193ba57121cb3f3438346d0b
test,209,stead_event_01493,018ff949ce675614232cb0d8e09989420a4773fb654503decca369161e4b2219
test,210,stead_event_01495,efbe0186b89cded10c279b1dec160ff1b8fd373e620edf516ea0f0e03df54634
test,211,stead_event_01496,3130d247d08911d6b87c2f38220b020185bbe6623fda05c415f34b8465c0b97d
test,212,stead_event_01504,01554dfe73f68ad12abcca3ca288a06255eed6001b327374481eddd0274c0826
test,213,stead_event_01505,47bf199aa226b6bf5b0e80b96fb6ae336e6b89e4f2bb94838a8f64646206fe1e
test,214,stead_event_01508,d42e9b510adce1a46773224ab2809446a021da70bdbf7038dc12d6eb04bcf131
test,215,stead_event_01509,50fa65245030eafaca0485b1532770d2eaaaac2ec0b2e77913b46638990bb2a2
test,216,stead_event_01513,ad49b26434602c3d72b27a95fee5f438d7db601087eafe0f0542b859b54180ef
test,217,stead_event_01514,e47266d2049600eb49ea9fc500bcc73ed10632662538ab9165da7662e0599909
test,218,stead_event_01519,48b341ef1515f051fbc536bf45f572c813058d3b02259cb16984ea0212425586
test,219,stead_event_01520,97c23b38801e222325c308a4d8598b73fe228a3bcc588e49f8646352ada5af7d
test,220,stead_event_01526,caeeef57f72753d7e0933bc9260bbc9240a084e8be1912f93d947588fcfd9b9a
test,221,stead_event_01527,11fcb751db5e542b3c59b4b84377c5bd199af586835cff4a6092b8e13505d31c
test,222,stead_event_01534,55b2f830cc9e9347ef900843fa6e1228bd17678fa97d23531c14af5a2af5303d
test,223,stead_event_01539,9f98f9670a0e7506647ccc786ba82a0c9ae30d2938fdd065d78c82b9325eca5a
test,224,stead_event_01543,9cf652868f89cbc90f14dd62ccfaafbbbf5b413430131ebd199e8975bd75838f
test,225,stead_event_01552,be64d164d2f123c807de6513cff4bbd9aef20bac3ac7102de64b61b4064ce2ec
test,226,stead_event_01558,dd68ac65250078d115abfb702126aa0061398cd34a3a09ef104526df1c5965b8
test,227,stead_event_01559,3911c67cec4a71f544910ac891bdf3f0ae91800fbb08ccaed2e968685ade91ab
test,228,stead_event_01563,66c7c0497765f4083246dfaf8240cf1dd0db2bc818877a8f44ec3769b35c5bf9
test,229,stead_event_01575,fdd240e3c3f6a84a01f502b7a5b612d27d52cdc2384a3d0e5c93224f9e4db679
test,230,stead_event_01595,461c94f9753fa7e82584807637f05e6df6048b5c216233456427464cda67a2d1
test,231,stead_event_01602,733f5fd50fe5f48de9bbf6913064c3d9215f97bcaa7cb1fb0265acf10f5a7262
test,232,stead_event_01626,8f76e289542b427d2a007bcee3206fc500d06786803365496cd8a1c5b87263e9
test,233,stead_event_01636,565e3fa270591ad19120e938b59a69c4a062b1d4260b8b7b4e90930ad5c74c6d
test,234,stead_event_01637,14c21b2d5d48bf53085b0bc7f188c9f07c8b40e7dd9e3653e2a281aa7ac5f198
test,235,stead_event_01638,1af6ded75e43016ed810c4aeddc328b8331109273e7e3a3be9447410e7a67cc3
test,236,stead_event_01652,ec692b534eae9ffb9b0ed315d03e9adb33cbf12efce4148dca91e77801c4ff31
test,237,stead_event_01654,ebd4b179d6350044b56827ce8d41445d7d5aab414ac720144fc33a3ead8b2cd6
test,238,stead_event_01659,72121d066f106374483ca5c1a3c0f4d0fdc4b44db80684e70f6de381d60c99fb
test,239,stead_event_01676,3f750ef9c287a94a64f783827335ca3ab1cf0d35e0501f97f486298c5e11034c
test,240,stead_event_01695,fd1b8610806aa1e56d75e8121aef95bd9f171c51e3e5c16d03b95520eb7bdac7
test,241,stead_event_01701,598f836f27db43e1900678992722328ea0e0ac73771c1f1519823ffa5c2aaa6a
test,242,stead_event_01709,13451a0c83b01c5590ffc5d6bbf50fb44716dc263dda3ce1b2e4a6774ad7e9ad
test,243,stead_event_01728,be86eb943a34eb148a44dd4c4135f5bebb2becac4b7cc4655307137ab0a73771
test,244,stead_event_01744,95fc3c639e8853620a3bd2fe6e7742ef2ca6f7cfd213abd11b9c50c19ff8e9ce
test,245,stead_event_01745,05dae96e697fa6a4c7b99a3ed677366d0383e80690fe46ae8f9877fb81134fe2
test,246,stead_event_01766,569ac8314ed8be9f80f56307edca723bd3c6159055966b3b0f02cf5868018fd7
test,247,stead_event_01775,533a8ca1fd6a59c5a5b18b09cb4e3eaad612855045805fc5f00b95fbf2e24e58
test,248,stead_event_01777,433e72f5eed27eeb919bced2b895d9318cb1a02fcf40f1659b84ad2b8c29e23d
test,249,stead_event_01785,cc22f7e7f29fae0acad3d3a2cc7f63463d9d52267b3a2a13612f8f969221e85c
test,250,stead_event_01798,85b92e8220975ff917b50d435a760a168db0ee6357cf87217603ab880691ff94
test,251,stead_event_01799,555e5f802c3e785b4df5b6b252fecc770031132369c179870af1553d37549090
test,252,stead_event_01807,f7fb000b3ef2c37b87cf35812d885f312b16fdf79c933a7d4d33311c4809dc88
test,253,stead_event_01831,ebdab15474a3bb6be6651c07c31bfa0498f83d1643f1c4a097b07a325e3d41e2
test,254,stead_event_01833,f5bdc6b78af4aea1e2991f0210f6ee14fab6c1c8bd263201b7e9373249467e34
test,255,stead_event_01838,cf012840b1d61d4f1a70e660640eb0bbb5038f6c21c7ac90ef7ca5ab225c57e6
test,256,stead_event_01841,8cf234c9dca9847496444e14d8d6bdf247c4079117bfa31728995833d5fb9ba2
test,257,stead_event_01865,57bef907db2ebdc43d1748c77e8acf052c6d13118703ae3797467daf965eddcb
test,258,stead_event_01866,7df18efecc0dd077accea187fbe8c70ab143f42be0f2079384852632b17ac250
test,259,stead_event_01867,748f85334bcdef0456fd96867c6fcd82006b790ecd75c52be5e4fd0b4eadaeca
test,260,stead_event_01885,2ad58978ab4101febd54ba901079d3e6147f105cc0cd24354943fd6bf3f35e25
test,261,stead_event_01890,68a0e416c1605027cbc7725841b8b5f505dcf840f53736b04d2abb2452207f82
test,262,stead_event_01895,11c3680fdc6636469ab7910b3484c8174fc064d5a121ecba6d55e766c136aa72
test,263,stead_event_01897,b0c31234b7594da2317451a25c652d45c44fdddc94b362ee867051cbff7bbdf8
test,264,stead_event_01907,46b6ca2fe458a3383f55e1b2c6ec6ad735ea00ae5dc371a4ba6b281beaf533b9
test,265,stead_event_01919,ea2205e0a0b5c95cad397c5716d61884df8dfc6973052f5cb98feab2ad4ca532
test,266,stead_event_01920,9f00c0c8c2f9c4a2f9a4c3fda0810eaaa57f120fee93fe0f8b73608f838c8908
test,267,stead_event_01926,fbf67246e891b193948c7a05289a12882f65901dd76cfa4746ba1cc5d612f038
test,268,stead_event_01931,6909260ea57ba255e78e535b90e07ba6e410409ad69ddf1fef445f4ead56a00a
test,269,stead_event_01950,1261d8e4e2c8f9726e070a96edd0c85ace1faae1411dde7c4c794c8013cc81ec
test,270,stead_event_01961,b143a9c7a6a57ae69ef5a5257db913a1ee82422eade46559dfe1605a1b85f1c2
test,271,stead_event_01963,db4c59e0892cdd3686418e3e7888a36ce7206f3ae4be4140255375c623ef05e9
test,272,stead_event_01966,24b5db93639b04d8044d3a87838f6d99a8ef561de0da76e5c829229cfda4d7eb
test,273,stead_event_01969,de0f55fb833d3dbb313731e5783ffda0560c3dfeec99d3658abbf4f1b0f72e1a
test,274,stead_event_01979,1852c6337ead8dca7a72761faac98826624cf5ef16ee9ac860b66bf508918bfb
test,275,stead_event_01981,18a179a715e48ac199bc085ea5207098a68fa550b91e45718633718bbfb043cc
test,276,stead_event_01986,77abd2b5c457f82d6b54a8f3a2d9d84940315bcf5f35f5542d134f94641f55b6
test,277,stead_event_01995,fc7bc9bdf0121564e02cc82b349ee1957425c970642f5444456660ec947253c9
test,278,stead_event_01997,c57b20df0d6ca616db88ccf9d97bfdd5d3d51bce597c9b35722f3693ff0ac2c4
test,279,stead_event_02004,619855403d9a14786b71c91a7a572134d4d5d967c8c11912030f147eb52c90de
test,280,stead_event_02012,10f9d4e8f5769ace2623158e571866e0368b7cef646cfa371200d51edfc7ef6d
test,281,stead_event_02013,b83ffa5c5c5f878b19166fe5df19d9396eb0998da6c40e377cd24ff4014b3914
test,282,stead_event_02014,1c36f140feac4560435a6589309caeb5bce2eb9d3ca845c325c5bbce5b50bbb2
test,283,stead_event_02018,50063d66a79fb487863ff58823854bcbb5874adb71bb097009fbf23225f5e446
test,284,stead_event_02020,ededc1f83b549aec95b05b2dfc2dab3dcbf226de334d7e22d2557d15366b0b30
test,285,stead_event_02021,c261c4b0317bf055834bdfcd0a80eb0c67cc194d6933477695975b1d8951fc78
test,286,stead_event_02025,30f7eec1c71a3e3c147fd012de955b7e56255e9a53ad685e776bc224ead8269c
test,287,stead_event_02026,df67462bafef3e1e6430ccb822b8b348008b7a8713ab83a9163d6c0a89dd75ec
test,288,stead_event_02038,eb88856d028bec00e0299faf8a779075df7df08ab09d4a773e36a50b6b50f0cc
test,289,stead_event_02043,fe234ee9dc48e6a67ff2ff8111bb1c5b15e2babb98ad4b961381cda82907c021
test,290,stead_event_02046,5d7017015d392a08eabb4859231b261d2c2d326b98092b9424ff3914c76d7289
test,291,stead_event_02054,e4ab8b501c7d26e344dcbc87fa087ff7bc7d223a68327781e1d0cb463c01529e
test,292,stead_event_02056,72398760086f8f13a4f93a5d25a2b298469f3ee4aa99c154630de42d879b1acf
test,293,stead_event_02059,e3517bc03b25fd548b0ffe641229d7844253a601eca187ab9c82cf4f9ad15de7
test,294,stead_event_02062,b67f3f6aae5d8f7b8f409a82f7157cd2d6d20f2f050a60246e8a8a10b3975463
test,295,stead_event_02068,b22b6ea125e70189a3a6f67993297153eaa7c77f21685ef2df1ffd08ed5685ae
test,296,stead_event_02074,ee6e59899ad6f40b5c4574c6a6eadbb430fdd27941ba940aa66fa3b8842ca131
test,297,stead_event_02077,ac070c4320f79a49bbc286199c119e6a4c77e2ab2dab3b22ac3f0cd87034120c
test,298,stead_event_02101,098a0fa8c2db4f2515a08044037bf5d5d71c72e4f038b458adf73b56a222a801
test,299,stead_event_02103,988df51b30aeddf5e384c3d1489ececf68fbd73af581d80d2486fbca23c39a2b
test,300,stead_event_02105,b7cc1f7f7eacf9dd01f7ba9764cb63235069580e1cc93fadf80119afe7c65373
test,301,stead_event_02106,621cf5d08188b578ea58ea3b9f28558d7eefdf7e45ee987fb95aed533c03a622
test,302,stead_event_02116,d630ba43f9dd5c042ed3118a7e3f2ad812fdb665f6471c037722c7db7b85bbbe
test,303,stead_event_02119,11bb02023ef7e1381060714ee9bfc9b654a6f2783b6aa2634bdc104f084fb7af
test,304,stead_event_02126,ddb32b6ba2e0f40776108f5922bef2bc12260310eafe2d7a48d3cadfc702e9db
test,305,stead_event_02138,c9831e4c642312cfadf1032daf2ccf4b860b6fd76be9b0fe568fc17e0d902902
test,306,stead_event_02147,081e4c92e933756c84a7a6807181f9e4204a0e40b29b9df8e628f6e31e2f0eb4
test,307,stead_event_02149,a9e975ed4082a99c7384d6923d40c1f846aed7c833cc878aae69cfdb33dc5ea7
test,308,stead_event_02160,1addfb29f49425960d34cd26814a19c6d2deb55cbba7a87b47faf43ea091d4fd
test,309,stead_event_02161,ad5828653f4cb13c1cb8a29fe06041d687f7d6db5409709aefb7f37d81c051f6
test,310,stead_event_02162,7557cadde5b4ef0ffadf4fdf9d01259808be6fe2108fd5390b47896d07bfede9
test,311,stead_event_02164,fda5e2a4b15060c3ad689b8bfbf505ab2491e3180c3b40c136b00e6bc0ad27bb
test,312,stead_event_02169,02ebc6f14928087608e480cdbd6a99283cdc8e14b9d2f1503e5b0cde4c350430
test,313,stead_event_02170,be26200549db4781ea8232ff8a975bc8644de3274e24f4c93b13fdbd12d1b7bb
test,314,stead_event_02171,2fcfe767f9b25f2819098f9f74065d96ddab0abbd9fec8c8f759edf35640645c
test,315,stead_event_02173,b7167405cb66dec05b9426c05febd4d2e011b7b357fdaf145142ca80096109d8
test,316,stead_event_02177,fc8b4daaccb732976a820ebc34b768f7c8ecad9008b64b8b590fcd1b7810493c
test,317,stead_event_02181,dbdce6c3f3096f7abcfa85fdba61d041a7b6b4e2fef14e1abdbc7843a2f4f185
test,318,stead_event_02184,fec2ee9715b1f27902691d3cfc8eb0b0c454e4cd4d8d250beb4c41f9988908df
test,319,stead_event_02185,b49fca8e5af609761c0c838624fbce7efbf4bd0de1d0c9817afac5f502c1dd9c
test,320,stead_event_02187,d9a0960279c229b6fb6a2746a4e48caae1a452df24793d62b8714979c06068a2
test,321,stead_event_02197,b606dd467307b8009621f38870621300ce0b3443e5919b221f23d615d5e928f2
test,322,stead_event_02198,447ffc4be6c496036ad6f15a1f9817bf1b9aacca15273ee5b2505a2c67b10831
test,323,stead_event_02205,166473f7ed83602a76e4a71eb094912dffa4d5ab18627c111d1cffdb835127ad
test,324,stead_event_02207,201e8d92fad89df943a3eb3410021ee5c02d02dbc7b4004be312f98b48a99508
test,325,stead_event_02213,8fa4cb32df439cae497a5719a97d92e76c9ec65624d2ded91d0826f0abd8e10a
test,326,stead_event_02214,54009a225f8fb3f20519da1cfbaa2cc4acef171efcd9ac311c884302ce2ca722
test,327,stead_event_02215,83a52606dc7d1b3a65e791013ee470c7485fcbce7e0da9fb812c010da571cd3b
test,328,stead_event_02216,e120bad5b841755adf548c5d3feeb2fb503f3fcfe7eaf820704d50e8b19f96fa
test,329,stead_event_02220,1b9b7aea8520b918ddcf4f445f062e8fafc30f55b4a85edf33feb48d219a447f
test,330,stead_event_02228,87bce979347477b6f56e41d9664afb62a3ee9cce9c89998851e30aed6b7550b4
