role,index,event_id,sha256_f32F
oof,1,stead_event_00000,7fed139ddffcefacc318cb5ff2df9a5f70ece947e97ea2b85969d621382df36a
oof,2,stead_event_00001,ac50cebae277512f0c8c47b7a4f883744cf8d37d22106d1b7229632eec166d6e
oof,3,stead_event_00002,28e7b9862550c771ff854141bcf1f24c0c652e629f61574d44c0fe162bd39b9f
oof,4,stead_event_00003,8dde36eef34d6aa2e5680aff422a66b6d772ee4476d64ec46cc1654a0ef80983
oof,5,stead_event_00004,7ebda04dbc71a535e1ea7b8abe707ed06dc855a32b1511d8b799b9bdab8b554c
oof,6,stead_event_00005,9a86bb4613b869de4fe479fb051693255208d7e2787faaf5b84e85a09625c5d8
oof,7,stead_event_00006,c932fb9ca71ec2bb464a759752079849dd50f1054a49bb2d2dcafdd461aaee03
oof,8,stead_event_00010,19cfb423a09235f00c4d0c5b2fb77ed73e686b1b671413681c7c7094b4df6c1b
oof,9,stead_event_00011,529148a08176c9ca6a0ede376bf6b0382d7294eeb2782073ca4e87b7b60bb1a4
oof,10,stead_event_00013,5fac1ad1d939c3b009dc6f59b2107953638034995f51254a471d76b121c492e2
oof,11,stead_event_00014,300c284451762462d394ff5d7d3750da70953aaf3c44a64d2113e93a0dd08eed
oof,12,stead_event_00015,03765379da1f666f152e24627299e94c72593b424681c931f957a8221b91f2cf
oof,13,stead_event_00020,d77f876e85012bc4a64204a82ce5187d1e94543946597084be70f8b5b8b890a7
oof,14,stead_event_00021,1fe114bfc24cef82b84c57eb0a23286c2cb9a8ce235a530a9aa081d990b70c50
oof,15,stead_event_00022,9bf5e1aa5f93892521b2317a57d4a3263a32ff793da1369be6ff3e962ff5c258
oof,16,stead_event_00023,b2e3c332df51489a9627b4c9df878a30bae352d747fe730e0ff40eaf0a2d7a1b
oof,17,stead_event_00024,8052ad35a14d70f9d864363d54c1c131e017136843da3919b3849d52c00d5931
oof,18,stead_event_00025,779d76647bb607e4771d51588ea1c47cbc63c3f5b254f60a49d07ee24e29ea5f
oof,19,stead_event_00026,4ad2f7420022a971a6f4812d2009b60530bde9436ba45cd49b667c829541945c
oof,20,stead_event_00027,f9e2ff6019c1719eb37eddfe02679cbca168e94473e73f2c0ace4436ea034680
oof,21,stead_event_00028,5cd4e98ec7c3087a2479eea6d1bddac7e71ae5ae9984936bf95f1b1dcf92565c
oof,22,stead_event_00029,3cddca97c296f6cffbde39c3655fbf90e80040bdcc9d9cf2f95732c27834f185
oof,23,stead_event_00030,c35812690cc552c47297917b1d4ef4b4dc80086cc4e05a4d46a7de2abd1cfdbd
oof,24,stead_event_00031,a2600615aed49cf20f6ff2ad57f63b3690c9430d76383372cbcbb21b810de6d4
oof,25,stead_event_00032,32816eab34d3426d548bc177a2d5707ec4252cc3921f9f78bf948654d420ebf6
oof,26,stead_event_00033,15a26152ff480bc6affc3ed4718164530d645772123571130771f4cab97845b9
oof,27,stead_event_00034,d826c55b69fe80b44d73b0810b811da2cdcb8d08513e96c42a1356179701d195
oof,28,stead_event_00035,c9515e5c281185cf64680046c18b5308271b7a579f02568fc7549090b577f329
oof,29,stead_event_00038,d1d4019a1fbc6365959bfc88cdbfd289da077f79d2e7bb976135ea1b54b74ce9
oof,30,stead_event_00039,39e6bc8c76d5208380d3da1add7b8fa3d3150cd3647d88a549a77379d54111a4
oof,31,stead_event_00040,30ccb19c61bc73b5432122ae3ef24b7f700e32ea892f4dffbb6051ea606fc141
oof,32,stead_event_00041,fd71559bb051cb67d5f15aa888aa18f582500755b9578d9ac12bd23bd97e34a8
oof,33,stead_event_00042,2902b6c4e4c635677b99cecbacd786c10abae5ead1b06d8d1c19858940ebf970
oof,34,stead_event_00043,1f5c830b4a87d047d3f1cfb97d73719bad5dcadff866b4fc1a2daf7c3059e67d
oof,35,stead_event_00044,d84d895259674f2858cc5ecd6df15aabb34f441fda67fe3353656be6afc54b76
oof,36,stead_event_00046,6ecdac23c17a7f6893adbf683ec540fd99cb30c09318ff8ae165d8432cc9771a
oof,37,stead_event_00047,de5188f6961d772e5a9e764c5a302cb13c11d4dad9a7bc62ab89c002a81bab5f
oof,38,stead_event_00048,a6b90caaa23124dd26d4cde7c0da547341ca2979d231506248b069ef56c51d89
oof,39,stead_event_00049,f94ace693ff606f832254b3e8812d114c85888784f2d1e06526d194e4ed82512
oof,40,stead_event_00050,f10b969053bd576c0bec94dba5949f2a1d95ee1651f791ccc3abe1c70792fd31
oof,41,stead_event_00052,f168e42414c7e37c65293096c690fac2526963af6e9efa75b93a696a67495970
oof,42,stead_event_00053,5bfd5d3f23158979b8694a10bfcd2cb1b7cd2c5906bf3b6b5d7c37624c75e006
oof,43,stead_event_00054,cf5f4e5eeaa05b05f19250c74e75bdbfd8f2e32df240e7f27c7eaecda344bc64
oof,44,stead_event_00055,550ad5b3201a9a4735173a6dcb5f6305499afedfb00ecf28fc79510e99bec76b
oof,45,stead_event_00057,5be89ecab5f1d72b9a8ccda811287dcd6c1d3a09b690d8ac6d7f4647a4731f97
oof,46,stead_event_00058,f31671caa14011cf1fd759dd4d594b69d830aa75671ffa6391c26ac169e6adbe
oof,47,stead_event_00059,c152fac8264ca32c35ab900c267119971fcd3040e1dd7c599bdbb74080fb810c
oof,48,stead_event_00060,7fe56f1230d43d7a9545dbe1600402ad4f89ec711851b33fe10d2fec5e504c55
oof,49,stead_event_00062,8ea82eecca31cfedc9d9b0b535936f9f1d1556400fd2da0349cdaf8518e0a3f5
oof,50,stead_event_00063,15a088c61f6f2a5bf2d830b0356817bf56b5b01cc5ab1ad43bb99abe4fde7b15
oof,51,stead_event_00064,1e28f853ccda3206b8b9c04b8294cbe540a7be3ff8d071297a0178acea8a9248
oof,52,stead_event_00065,a5d7253fb9737c95fe3a1df7dc2070be77615b69cf27043be8a67af220560ffa
oof,53,stead_event_00066,69744d7daddf3661cfb1ebe9c95a6b947a2d88eea06601403931b07bd95c4b8c
oof,54,stead_event_00067,a0d5b17855de55eb051e7f8b61196cd9368651d2abfdfe29632a29e4765ece1e
oof,55,stead_event_00069,56c811c7ca68be04eb08768d249b6f1f6f9fec7a735f9f398bfcf2b30fdc480b
oof,56,stead_event_00070,200f8dc93ad82fed7f90ea684595646d1fbab935c1c6e12782051b3a07821cd3
oof,57,stead_event_00071,c319ea67515180dd557a800823ad1846f82bbdb25c33ab0ffa4a312113e369bd
oof,58,stead_event_00072,338716a733fcc228e33f87f278b6319f0046c749010355e6c18b6fb4f1e789ba
oof,59,stead_event_00073,b56421869683a347c4693a902454066482cca21bb190b48372bc0a1833a30fce
oof,60,stead_event_00075,4f21e2896d139766236582d21808cfd70f2139b0f0524c98369e2510f3aa9627
oof,61,stead_event_00076,617c55f5e603344accbe11eda0d8a29bd3c5d194fb6f20c71d9fddf623a78180
oof,62,stead_event_00077,513b42e352255806a07edbbf5b0b4e8fb58e2aecc64d54b86dd942a5f4363885
oof,63,stead_event_00078,2b115ca64a5d366c219622672879af81486922ff6241860644d22e6fb4a4d71f
oof,64,stead_event_00079,810d78108f2b65415972156875b424f99d95617e5a01946c2c66f82e0cbf8dd9
oof,65,stead_event_00082,ed22e4ae28156670f15a21d24317a245a359ec4feb9b9fbbbd71dd96d28efb95
oof,66,stead_event_00083,db269b5329b0a27e2fa7cfefe40973fc346ca68b68d8753919dbed2529a62e7e
oof,67,stead_event_00084,7935e25c1e30be5c6c8992dab7bf91f7cf0b20de3d451115457cec30bc4ad19a
oof,68,stead_event_00086,e0529c829eac183791c85412254acfd9ed5b3657853eedf89d445c184fff2eb3
oof,69,stead_event_00087,9190549136694d66261807a9d487c2b0d50948ef536836d8664206ce4927f07b
oof,70,stead_event_00088,9843871f4ae0d686aedc99516f8ae0e45e536deea593244737aee8a3556d91af
oof,71,stead_event_00089,c12232f76e0ef4e84c5d4db51bfd67945fc979aa2de233bbd98ba214e0758d4b
oof,72,stead_event_00090,a375a0029822ef63e4a0439386dbdb393655abf1969d5bb3fddfdc83a673c5c4
oof,73,stead_event_00091,6a49928955d12e6c358ccf22eecb6bc560703ab9041a0ecca9d2f88679c16874
oof,74,stead_event_00092,193985d97c9e0dfb43b7344577eb8a78069962aa8c522d590bf2c2465076df6d
oof,75,stead_event_00093,1c11e273c575efe0f4d86428c671d79212b0040b5a3e7f238e34ecc439bd9bd3
oof,76,stead_event_00094,7b83ab270ac87c7905e8c8244a13c38a0cde7ed2d8f6095d2c6c7c84a65cfc44
oof,77,stead_event_00095,fd404deba4c0d894416fa00951b3036fd9420c248e11990b59ffb5222a08f9ac
oof,78,stead_event_00096,f8a2df08d211abf52d93ad99608faa44b31dc42419363005ff7d553cd7c5f63a
oof,79,stead_event_00097,32ffa2d0c799a2f81961b8602def6e6de3fb99e8de922615830157bd78ac8f2a
oof,80,stead_event_00098,27df08b78cc9bac742ebdee23b3b34c35451445d0c605ebfd6d500de4bce0e24
oof,81,stead_event_00099,67e8b7e664aeaf1942528091b5143aa8e9d2425e683510428caccf7fdcad93d0
oof,82,stead_event_00101,805c9313bb622eb31b5ef05ac537c878ec68b569d6da39c3004fa3091878f190
oof,83,stead_event_00102,c969c97b7700f9c0816b16c2416a2cb8eb090f99fbd3383c49559cc5f5b2a65f
oof,84,stead_event_00104,8b591f8f84ba4ea52caaadd5b8ab5d63cd8d291a543ee75a5e0d51089dfb9155
oof,85,stead_event_00105,2a067e227c88a3687ddb16a6e7f221424fc425b02ca90723f2019c86b16b1446
oof,86,stead_event_00106,2a2af818fd92cc8f6286f9a86ecdeb5c698586c9752a117d666595ad1217d11e
oof,87,stead_event_00107,98298b1e31bf6d1042079b9e880378d96e55cc37d6d9ea7b4fda8eba3be6988c
oof,88,stead_event_00109,c0c396992a2b9b2540e2a9dd7c4938a783edfa1d48dc7f7f48770de64067370d
oof,89,stead_event_00110,f80b92a191574861003450a615d44034d634a7eb053d2a1cb842c3fdc7b0dc27
oof,90,stead_event_00111,033bf0d749965deecddeddd77c0db7513f74f9495fa3d26ee86ee5db273eee78
oof,91,stead_event_00112,92d805f6a9b790353e439e95ce8a91f09272155e040fd4a588f019b76cf804a7
oof,92,stead_event_00114,ca56e29fc1bfe40bbad624bf13f01adda4312d6d6341818b0fcf8d57ba5a9539
oof,93,stead_event_00115,3ec1d7f91c53acb524f7f9675fa3e6cd6ae1d60301edbce6b669fc0d3edd7053
oof,94,stead_event_00116,3a2ee7970aa03a444befbc832bccb2775529c0d188675332914bb420c019990b
oof,95,stead_event_00117,9780536fc34d572325699fdb18c6b7757c546dd0e8da3d2d2afcb9436b147cd2
oof,96,stead_event_00118,979d8cebf3cbfb588482b1d8f975f196aa100c582c463940ccc456ababbf145b
oof,97,stead_event_00119,fb1ddfbe9a372625ff75dda41b6c9715366ca652dd8d0671081a7ecb6cd8b0c0
oof,98,stead_event_00121,d741fd8d2ed271a531c23c9ffdb1e0b2403cbc25ad76649b231dfa480dc895ab
oof,99,stead_event_00122,7f51075dea166cfab42403517cc05fe7e9350a63db86555728d1a5e8bd997d49
oof,100,stead_event_00123,72115c6ddc6d9787b63c8d0b8b8d999e1caf83303efc4a88c5da8094952d03b8
oof,101,stead_event_00124,03cb25320ad278b761e664c6278c56de68e7496e66865f4878a9f47a1295c508
oof,102,stead_event_00126,3a32213eb3607b1dd248d43e6771cd3f3dcf416115837deebda0e94810f77e7b
oof,103,stead_event_00127,7c1d8a7ad6d3156657e5bd63a09ee6ba9dd67ad356e8119be0e1a4aa2a8727d1
oof,104,stead_event_00129,26166a6ddf9888e214946206d6fc82de572adf99d1143f24ef0475d6ed1df778
oof,105,stead_event_00130,1f639b8dadbb25e5e4d75306de46e94829c0ffc6bb26f883ef973bc48a7d5961
oof,106,stead_event_00131,9c00f20d9551af3a24ea448114c6664c6f52ac8b0ffc20e6baedfc792974a5f5
oof,107,stead_event_00133,62b89b925cc8c49e12c3b18a630a2b417e6a6faf0dbcccfa790690c39923096d
oof,108,stead_event_00135,87e650dd21f2111aff19a56f13f9bf8a164168a1df226afd37021b4eb5e58496
oof,109,stead_event_00136,758b093ff8bf58551557c0587054d91b01700502a839fb5cca86a303e11cee8f
oof,110,stead_event_00137,58e746614c044479e8d88209e193c2cc6d3c802242df268e730937b20aed6438
oof,111,stead_event_00138,8fcfd1beaac675d801a144289f5797e92a5e7caef311a13579aecca53d162df4
oof,112,stead_event_00139,a2b6212ca7958c26aeb924ea80689e074540120d63e91425de5553a3d33927c1
oof,113,stead_event_00142,eaddb0b7e899996dc0d92a4f43f9674d12e31c96008e4b3f5d3995ed85fa86e9
oof,114,stead_event_00143,31d8c1c9b5abbbb21d2365d0f02a234a41211b604e52912beb97863151479f35
oof,115,stead_event_00144,0e9212cc2a1bc78a23c0624fa4be90a3ae1d0408b2dfe8bc65c5e0ceef74c9d9
oof,116,stead_event_00145,f2f4987028f17e4aae2b892bdf59c0f36bc3513ef3ad182f2c63d7bf6cef4d9b
oof,117,stead_event_00146,2c754e9454b05029d97658447532c27b3f8568450d98a923323a854594f0e0ab
oof,118,stead_event_00147,6125c63ea47c8b5bf896c060d94b032f1ebfb8f85dcfed4977bfa22747cb1ed3
oof,119,stead_event_00148,85c9516d8a96f6d6aa205362822e0986c0ba754edfe6fe8d006802661b3ae25a
oof,120,stead_event_00149,48482fb89411522a8ca85e7f06d25927cc8f6028e4d14d56d40b7863797fbbf3
oof,121,stead_event_00150,fd147cd1e5c3e40e84e17e2b51d7e85e274bd1d946408965fff7b3f8a4d922f4
oof,122,stead_event_00151,9de496c0519fd75393c8223643fd6d86cd81bcc0f56951fd9758b57123afe314
oof,123,stead_event_00152,2fb2afcfbeaa5ae0ff8cf2e5b45fe31d8798e851b735c10c5622e868fa4b4509
oof,124,stead_event_00153,0c51f4706c16daffe868c4be1dbd66cdfa0126094579f9e88f66fc1c0e18b70a
oof,125,stead_event_00154,7e2b055f7cb3099d9d376fe6e4308443e49e877cfc4158e297a3e64546a4a22f
oof,126,stead_event_00155,a0eeb84e75c6cb94c814b24fd2afac352d7f4de256905c615245933c0b7d62ab
oof,127,stead_event_00156,913db98b7db3b4287532be8aef07792a840325339ee41ae9faf520d2e444e837
oof,128,stead_event_00157,92644d01a7355a567709efdc71fe82b1d511f7ec9ad01a0818d83bc6e1a7615f
oof,129,stead_event_00158,b15d76c24ad52cccc9efeeda38c6c0c39260676574fb21f53f7784b7b4559d5e
oof,130,stead_event_00159,92cac68a7cc1fa79704ddfa6764afd55415bd3a1c23574e3e5f7a8bb15d55b51
oof,131,stead_event_00160,b1a9cca579020a3cdadcd174b2e4d23037ceec06322794191f5d88fed816b027
oof,132,stead_event_00164,b2bbf77b0c625a1e3c3f4610546a4142fc43b9a4f900c77cdb5d53816434cdb7
oof,133,stead_event_00165,a06a6655cda1ec42e707e092b1468422182b30368be533f0cf0e4766d20a8f68
oof,134,stead_event_00166,88f85db1e5dd417a61270df2c6093f6dff7b6eb184b0fecd949e710adfc08cd9
oof,135,stead_event_00168,f61bc99a9758ece0d8981631d0c32fe9303bcc4aa31b7693a0e929abd8d6597c
oof,136,stead_event_00169,740eaf34844320033b7504d0d1db4560eaa3b6c66954dcdacd03cec4d27237cf
oof,137,stead_event_00170,cf559086e8c860aae53e7d9ba6258190954676b3e7377d0ebccdf3264c8322f8
oof,138,stead_event_00171,bfe24b6c5adf7ad7dfcb5d944a425bc099ca5eb7b1767a998ddeaa24f1f2b6a9
oof,139,stead_event_00172,664a4b2f7e5d94360d3feff8fc45c5d98fed5e8e8cdb653ed8e937dfeb6c4241
oof,140,stead_event_00173,f385d323f16fd673395424e52b2825a948b14dc8af174fe1fac60800f026d900
oof,141,stead_event_00174,d78557c0f6a489282be9d3e2ee8542eacdcdaea4725119f54ef12994a0e66720
oof,142,stead_event_00175,ee5005c1de19d3bef09e5947eec741350bb04421bd5544d950b72d46f62d5769
oof,143,stead_event_00176,ed9bda6ef369f584c4a7a6f829afeb5d279ba55303748159c73d129c15fe0d2a
oof,144,stead_event_00179,d7ee65642db8dca9231c329aad96f9c416ef2b558bd49f2f1fac40a1e64e0e38
oof,145,stead_event_00180,8e140adc7d2893d2789f7428282abf66bfea6263c1d465d47d4363996e789d5f
oof,146,stead_event_00181,ff990320a67ab18f2d9ea8b58c11451d200da08a402a6e9af3f99aa02ebb2034
oof,147,stead_event_00182,4a7fed0fb1db763d46c850189860f893ae6a6ab17416c4473cecd7bb0b77712f
oof,148,stead_event_00185,5c198e87e5e3240aeaba4bc9e98016ad6f3fa416ec77075f7b815e89daa76aec
oof,149,stead_event_00186,f51ca06540ccdbc12472826342c4a84a09c92e8c57c06a08a937a4890263c73b
oof,150,stead_event_00187,9e3255d6c238960ba4e0f914b751800d547ac97ce4f94b546d6b03cd41910fd2
oof,151,stead_event_00189,a5728b436cd556b7e57978ee044c21a19aa6f213184ffe6dceee3b4ea27db29c
oof,152,stead_event_00191,4956b865a767724799e917783400528e36152239d1b7d6e460b30aa8f55668b3
oof,153,stead_event_00192,c2d55c191baf5b42cd116509ab863c82fe9788ea381957006067a99b5609b57c
oof,154,stead_event_00195,b39255c2aba9ebf70d6a238c767a9a608a83cabc049bc8e83e3f829083295cc1
oof,155,stead_event_00196,f300e95cd70e4f13c9b8934a74bfc92b17222147e5bb3141324663111cf0983a
oof,156,stead_event_00198,20b81998ac968bcee6b09e59da8b5b583bcbd32cb97586d2c801f5680e6146bd
oof,157,stead_event_00200,4ddd618ecefe74863720684058d1866ee455eb34ab3aa689be7d461fd7d5896f
oof,158,stead_event_00202,6f84422acb81d2f1874923824d83b1f58af963a302261fd71f3994244fc3a69a
oof,159,stead_event_00203,50be7930ffde29124120be1da1f507a3f561c586325eee5dae5fdd3aa1f1e4ff
oof,160,stead_event_00205,e731b216d49d03c3c03829767ffb0e22bb1efdf44cfad0fd7120b7093df43c40
oof,161,stead_event_00206,9a329876019773e666673fb57363eb396065d53bb70c31078161bd329fbe2b54
oof,162,stead_event_00207,28debe2866878731440c07c46a3e1ba86a0c9278fa558fd777bcb5378a27f636
oof,163,stead_event_00209,4ecdaf4b2f93cc60218c78298df39be487fc8dc99ec89f4bca53f84e2da21c6b
oof,164,stead_event_00210,29fb2e826ca1cba1fb22b53e519606ebaf8d6070d02404d4a3ed84ddaffad9c1
oof,165,stead_event_00211,4e27ea1221f718c76b6262b9b61d9ca89ca45951f66bfc64865b08f681a389ca
oof,166,stead_event_00212,f471f0889d9cbd0e6e9163df14cd3dfe2beb6c2030572e0670d69becf2437081
oof,167,stead_event_00214,feb0aa959dcd1774b55b1624f9bcd7b8c6a34e0f7f9132d2290b9cb1eb91719e
oof,168,stead_event_00215,718cb35f120b2aee7a1198e93402383e1cc14812c455d23d0223340dd7fc62e7
oof,169,stead_event_00216,2be9e15fafe8307a4a77f8d0042423945a3be6ada4fa2617e701324921175357
oof,170,stead_event_00217,323e05236d7e257b6d68fe59a88df32e4725006c4b6dc31c827c8189854f5c6f
oof,171,stead_event_00220,c77221c01d1cb92ab96bc7924a36dbab33c5841d282e6d227bc0dd6e598a8078
oof,172,stead_event_00221,29b7762de5bf9d0b991e1f8d62b2cd54a8fcbd3023cbf28dd104861594d8b1d1
oof,173,stead_event_00222,be0d37cc933bdac99e87161c9b2233ad2095d192271ff74cb093c98bf302a154
oof,174,stead_event_00223,ca9b2f56ae7628c2d0b78a5fbb336aea7ace4d2134b8027ef5328716907ee85e
oof,175,stead_event_00224,50a4f94af156999a17307f7b9da506d0612b0f0c55a2f32d5c38c9d7d23331f6
oof,176,stead_event_00229,309cf58b0f566dcb9a910d3272a8fce454f85dd89751ab98f984491ae9e9b6a5
oof,177,stead_event_00230,e4aee879d977bc20cf1cd97569b43043ed231aef7d0a1a73cc130654f4ea7b5e
oof,178,stead_event_00231,8f3b3df1cf2ad1e059674ed15ac08548316a5933a075cfe7bcbdc89d098858f2
oof,179,stead_event_00232,c5dd7ef26c8e7ac2f06f21e89116752de694007e8c19751bd42d153dbcd87c16
oof,180,stead_event_00233,75ae6596d1fba424227867e6a459d9946f2f1dd45881160c4ba95ce02142a084
oof,181,stead_event_00234,d3deee9c8b7722d5f00270d5d9a8cd531641a9d886bb3f64b073e06757fe443f
oof,182,stead_event_00236,ab922a9a4888f6167d80452e1db1c0ef0b1eb64d18057261af2c2239771822bc
oof,183,stead_event_00237,395ae6805613a7bc719e5e00b0a22da4e5a924f1eb83d3532b45a67f7141718f
oof,184,stead_event_00240,bd581c0f9a6eb86016daf14b3aea6361cadac3296da4d3089a31624ca3388ba0
oof,185,stead_event_00245,2405e5c42ce4375b6cbd5616e7c4f402f8a9f07c5c4e1f11db2787fb94c2e78c
oof,186,stead_event_00246,61e2bf46b139dfcaa35ab5b1c797a4530fd10617d3d4f6053a4db9efc1499326
oof,187,stead_event_00248,2615d655dc8243ca8b54545d1b2d94bf3a915598296e68f755a482b3abce0119
oof,188,stead_event_00250,a93f62ab50f801f2d7dd29f12041ae5ac4025a4bd64299787556e36b617b3428
oof,189,stead_event_00251,1e96839dd345127f0adcac0d3b9a8477da9d3c957b02ee177bf685cbf341b815
oof,190,stead_event_00252,8b90a16ff9d5cda875d4aeaef4b763a93faade42d8ed6f43ab4ddfab008321c7
oof,191,stead_event_00254,ce2a37640d0bd76c70cd89e3006b00c9c6bd7b541637c8c5bc938acc484c9993
oof,192,stead_event_00257,fd7e393ddc4e90a8f31d2480db98832022f5917119fb9742648f42a4a74c0c85
oof,193,stead_event_00258,eddbdbf855f3b624a03c400314d87a94914ad57fbb9d66221235c62af228e382
oof,194,stead_event_00259,9b41de189ee1ff3a4156d1e73b36188328fd2ca815bc21ca869a9975621a9579
oof,195,stead_event_00261,b4aab09cd3d0f8c138ef75737efbbd129bfa02a8b9a9952403768b4388ebf8eb
oof,196,stead_event_00262,4b1e170325bdfeaba04cbc8ca6e41af738e01aaa01d52d91745794ef17e3c1aa
oof,197,stead_event_00264,7ea740a5cdb0f2d7d8452073778d88dd14f318bcd574b0446f55ea82d751d40c
oof,198,stead_event_00266,678d20bcd98e1cb1d08d680572e27f8e8ce0af52cacadac027329c3c7526f003
oof,199,stead_event_00267,720d1e3b7040c2ba7429699b8b8aaac64ba320753b252092c51e961cd69e332c
oof,200,stead_event_00268,fe6567a9ab073b7f077070ee023fd7fdc682f0255ec338313e1d59303711b20c
oof,201,stead_event_00269,ad93e8b318ae8231bbb64d2b5205090557b98cb73e11904b21c9fad4b5fdb4ab
oof,202,stead_event_00271,52174256811338eb107939771cbef44e09efad121b857dea926b28204822be7a
oof,203,stead_event_00272,fda72bc02d529e7abbe2c07f19ee04e1e543cf711ce381c62cf3ec57cc9b992f
oof,204,stead_event_00273,e4e2eee8a49c4a360a1d4ccbb76fbcfdcc3f35749cc884d305c9249eca63c353
oof,205,stead_event_00274,9a254d0948fb5c77b7893b5877f998b5eba0bc4f2fa70de0fcecb4745e64af02
oof,206,stead_event_00275,f3a58a29e7e8806cb82d6499e3a2413eae7e1ffd7c9fdb008f1898b95a3b46a9
oof,207,stead_event_00276,1c919b95c849e553a56ec93cb49bc8457e767cb12e62238a7ec65cfe03171137
oof,208,stead_event_00277,81d5e55b869cb648a66e21de1af6b5e91aa95b6df6d67c840e08e1cde6ddf497
oof,209,stead_event_00279,4066b8239ad0b39b1faf8d4a6928f28a17d1c387d4831d95a518354856712009
oof,210,stead_event_00280,06c688571e1f7d6dafc442e6b2948b8cc7c8647098eba5c63a13b65ce060b7b9
oof,211,stead_event_00281,ce0b23b6d4395549beedc155b8fb11e4388837a0c0a06180c26dbcc68b0e3d76
oof,212,stead_event_00282,4cde76453a911cd5b2d58200f7f398c3bb6ada614069a90a3e6e94db37dec479
oof,213,stead_event_00283,f0be0dea99cfb60f1a0575eced029d2539a381003d01fcbcc7e8adc2c940c793
oof,214,stead_event_00284,f09a4f3f5be749d3d6b9297b9e97ef9c2fdf0f8f79a604190b1cc9641efea02c
oof,215,stead_event_00286,2bad343fe9d5c89c8bdbd075264c926153ad765a13511288d1ca1ffa581e3c67
oof,216,stead_event_00287,d3f4bcf12c6c6d1b3583d6e4d01d355d5380a87a7efa13311c1f4e10696dc031
oof,217,stead_event_00288,618450572931150c3db19f108f9a39a6927568bf23d0e3a251a6cea7e2ff13c1
oof,218,stead_event_00291,e660b1d2e2cbfb3d80119ceec5477f2a9c5ca95fd2df8f5c70e69a4336cdee48
oof,219,stead_event_00293,280ddf42043e3fa27f92720515f35b8a301ce6722597d4acbf9aec5052eda30a
oof,220,stead_event_00295,10ba477391dcb4eaf682e8f9f50a8e61175c6649f37a0ae70456e4bd9dcfa8ec
oof,221,stead_event_00296,812134b8c21a43b8bc91cae0f2381ef4730f2988c5a6ccbbbd4cb60cb7bd72fc
oof,222,stead_event_00298,5883a22edce20c9c0667552293e83c4c67c6b65de9f90287616c57b4363e853e
oof,223,stead_event_00299,f8dddf1829e7ffb1c2e702f96d7e5b9962e0edd737b311b602e5b71416be637b
oof,224,stead_event_00302,8afee8dab9316c7b401646cba87d33bfd3b0e3bb2923b73c18958cc70920d41c
oof,225,stead_event_00303,0ad39eb007b8b2c1253ec0183c00ebd688f920679ed2013f5ffc1850658a3086
oof,226,stead_event_00304,818eaa25699ee0996ae8da80c967ca1ab268cf79cd6e32cf476dcdd34ac10024
oof,227,stead_event_00305,d3d1449ba89bfc49440f6bb468a2747d976618e3ee53aaa721e9c4a2bda72448
oof,228,stead_event_00306,96efa098dca26f3cbd64c7a043a0eb996b43c94291b5a0eff3b9c04edce469f1
oof,229,stead_event_00308,92bf7490e1e67036b85e87ae55e1fdcefc6ab3b80fcbc6dc9489a311d1ddee55
oof,230,stead_event_00310,e9dfd8c4bcf9a958a5e9b44b796ee0e5f89a9ba5afd7e54b8550d7b1c736ae79
oof,231,stead_event_00311,bc99aa52e8b8a8f8d590cb651b33798ef3fd569e06b8d7afffe5ed81d385c60d
oof,232,stead_event_00312,b0a8faa89bbe12e3331309498607dfbde99d259662fc172ae312cd0fd1abe6b8
oof,233,stead_event_00313,0e27835ee51b94915cb7a4719423315353e8aba587652c309c077e0d984340af
oof,234,stead_event_00314,af13ab4ef6b6158078c93275e9579ead5164dac82807774c2c2d5139d6e2310d
oof,235,stead_event_00316,e726e2fe069afe02158d7fe6bfeff09fc6a46893be1cc7948e9ef392d30bf2b1
oof,236,stead_event_00317,b89df98ba7f0d292c46ef146e94bdfd85f760ef14aa8e73d91b1e6cd3b3ca9ea
oof,237,stead_event_00318,a44772e25019cdea8e064c886f5e949b7ceb34c0768400036539041deec384a9
oof,238,stead_event_00319,2878831e3bead0c6ea8420b659ac1148c62bd303e34c355ac0364ef88ce901a7
oof,239,stead_event_00321,1e54cc33b85126aed1786df534a681d027f7f116b9a902f49fa1cd012ee4377f
oof,240,stead_event_00322,3e5915bf93f916b633c7d5b78223a2d25234c287bb9b981923dae845f919d706
oof,241,stead_event_00323,56aeeec9750fa54b5a16a6582ce7a68cdf14e05d9492af334d43cb18fbbf06f4
oof,242,stead_event_00324,de0f50051be3950e8d5e9c6de38e213a830a60156903534b6c78190fbd0fc06e
oof,243,stead_event_00325,62b05112e58ce9a1c97b2601884c89cd5172e95c885f3375cc53567785d52dd8
oof,244,stead_event_00326,70fa0501bafa487bd9dc7601ecd97b82a3c78cfb59d2663cf7b2ff5be7de83a0
oof,245,stead_event_00328,461a34aebd2402ab21546b6ee6148c37164eb2ee9d8f8dd366b9b775b16e4222
oof,246,stead_event_00329,586e30d7fe562f6e6147b5f7e0909e792fdc70a2aee48b95f5bdea5ab43382cb
oof,247,stead_event_00330,34431a74f0e9e3c7686e84b3edddd5cfee231086aba82e9ff1ceba896af59a8e
oof,248,stead_event_00331,7db4c1dfab16171a24466d0fea896a28af57fbd8a4e939ab78a354dcc885a173
oof,249,stead_event_00332,687192364a8123c0b6a025a5f096c86079d59e7f898c247b7586960c920a0b4d
oof,250,stead_event_00333,dbed7beb940e6b0809ce7ecd40be2b34e8445118836269723fb99cb54b65eedb
oof,251,stead_event_00334,29a2870fe6455869be16c2c4dc92876ef774813ee3e6e5e918c4c3a9cf1104ac
oof,252,stead_event_00336,b34a8acdfca7e7856f5420a4ff61b177ab178e5969fd163497e878fe84fb94e7
oof,253,stead_event_00337,2f51fbeee7b35e6d513a1e22a00b6d6ec65e960a89a578a02e28700bbf04244a
oof,254,stead_event_00339,d901c98834ad6b618901cd023f0008284841204d142e2cf025b57ad76792d344
oof,255,stead_event_00342,c6a0cdf6634c128a8e2291393ffe37ef8eedc95fdd3e0165713db83f4710bc0a
oof,256,stead_event_00343,4f8d9708893e9e2a759696bdfa30cd13ff36f2fae56da4d68dbc0c4004944648
oof,257,stead_event_00345,c1319bbc862807880621b7a38a55550658b1b66cf67c5357c04936a60591445e
oof,258,stead_event_00346,26f531de94333efa50bf09a6de6a4aac7095a1251918889e9723c117e05a160e
oof,259,stead_event_00350,0c9975b1c5a45d7bb3a0ace7b82c536fb6340832313dcd170a91e1b92ac4b66e
oof,260,stead_event_00351,bd4c3cf63cbf34f1eac2dde9208e8ec529c15966907b6e8b3a8eb68324a76ef7
oof,261,stead_event_00353,08f408fd58852a7cf742595f339b93b9820ad0f0d0a314f1a5faadebefc51211
oof,262,stead_event_00354,810587ea8809ace29ae2a8913c7619f49ad5be8d95b23a3b76936b8c4a130e77
oof,263,stead_event_00356,66be787b4e0a3db2f16c0d4ef3170d2b205848aebca5514479339728ec22b12a
oof,264,stead_event_00357,34c5547a97595656e3c019740caefb696e6521630946ea2e5ab5eaa4cf36aa5e
oof,265,stead_event_00358,bb3f723e5bdaa4c32ecdf363c1852fd3edca931546af90622f6911ec85464f91
oof,266,stead_event_00359,9d2e01e3402b406acff77256e575a69ecc9db3bc6395f4d6a6c7d8d80f4c744d
oof,267,stead_event_00362,cfec7061d42c830df80f111cde0f1bfbe42bd8b5e748629c2c6a20f965726f4b
oof,268,stead_event_00365,15d4a0ee9dd72fc403ced3c234c9d35d60e6917ca69d2ffc1218426a7cadd3f8
oof,269,stead_event_00366,06d9dea3b4739dc5f8c349ccfd8c6919150332c04868299edfc630fa93670612
oof,270,stead_event_00368,b1369d2ea7037d36e22b95a1c058823c6a79da536b54692ac3b86ef1b4bace14
oof,271,stead_event_00369,f7afaa9a8c3cfa567670cc499bfe87d3131a709e71fe57b9791d2727c8e5f16c
oof,272,stead_event_00370,aeba7daa5594361444183f30e9450daedafdc3e005a6eeafa79f77ba2a3475fc
oof,273,stead_event_00371,df413d6127cca7c37eb23d790ab22d1a29028b0fcc641ef6f72e2fefb405c1f1
oof,274,stead_event_00373,e783b857d991a86d6aa5a2f5a1001353f9e07a3d7d264d012c8bf91d6ec385ce
oof,275,stead_event_00374,81f26edd39251445bf9ccd7c0c9d118819ced8d6b7002395a564c9e6f8714dc7
oof,276,stead_event_00375,643bb941e234e79c2a372de09c33e28da174cbc8861cb5f5ebdc2a1b5596c856
oof,277,stead_event_00376,e20c8e301362e984089933c55948ba318d6e22e6458210a90137e761ea46400c
oof,278,stead_event_00379,abee65b075bd94a2cce1f66a436fbe8dd487e46b869a8ea8d9bb2259161ceebc
oof,279,stead_event_00380,585f1399b582bfb8fdc7804094d612c3c3f36f91e07b7a3c015d81b0bda7993c
oof,280,stead_event_00381,aee01a3e0ddc3bdbd63469271650f74be60799fcd39fd85db777536e13ea9055
oof,281,stead_event_00382,a1065843c47ca26f1efcee48ecda395d3ed9041e3c354bfa4184d4dbd7b0e4ed
oof,282,stead_event_00383,8d21ef0d284f957eb42ae24c4e30ab8afa4c6539a7db0aafcfad399a58ccda81
oof,283,stead_event_00384,1e9e760ee0454a6dc5d964c0e0508c299283265eba2fc0dfb6e91042deffb27d
oof,284,stead_event_00385,27b867159bf1324d634f844c29266d84ffb457144a7aa99c2fa44b8b99806420
oof,285,stead_event_00386,640aeb71dc7280ad448c62f4c4046f699dc2e90396095ac157b3ce56078df0fe
oof,286,stead_event_00389,d4c9141cad216ec208c953ecccbfc42144d80c0e8b856a30d0d3883bb49a72d9
oof,287,stead_event_00390,2f9119c7db61446517ebad06f4d7dc8106e6d73920c95979c565c3f0950e0241
oof,288,stead_event_00391,77dbdef166de055e19bbbff6ba26e5b828e78212cbb03b236286d8c4ef8e17da
oof,289,stead_event_00392,9d8938a5c65b4c83bea666b002f7c6e614ed98eaeb5f5cd0127e87c5a777ee3a
oof,290,stead_event_00393,879793221c87770dc89b9340c30a1a818de777a30bec2701fd737ae003cb0959
oof,291,stead_event_00394,99a963a68d4562d815be3be0cd0104309159e5ae526cebbe65cb2b692417f899
oof,292,stead_event_00395,32753a6ef9e0916f77b82569b2712f62ba4deef7c6ca808fec10b8787ed9078a
oof,293,stead_event_00396,7afe8184f59bf6b0b0819d7f92ab2e4ff63a268436d7a05601a57406657d2980
oof,294,stead_event_00401,6cb08de18cb0c5395ef00ca642fae0093535458794f7afed294c2bf33ebca3da
oof,295,stead_event_00406,4bf8ecd73fb0d13998eb535d887ce0b167df40ec4632fc008ab73a2a50aedf1d
oof,296,stead_event_00407,eb6362074123dea77677217428970df9ad2583e1b4accd21a7e80596147a6dd8
oof,297,stead_event_00409,3e2df959c6ab488e496738a0773d216f1f734095d55a3b4cdf45e7b5fabf8dfe
oof,298,stead_event_00410,5b731896baa126a3d7ba626d6856b47e80d20d0f4f1d83b3ccb5b78ce4b2c5b3
oof,299,stead_event_00411,169805fd29bd5f1a8790bda132eb5dac53aeadd6d31abd0dc7b09f03bb2e70c0
oof,300,stead_event_00412,6b1d76f060d86bcd2a51cdd68b043ce66f7490e7aeb92a261732acc3be101727
oof,301,stead_event_00416,032320342190c499924d6a016c10f213ecd62da92be3723f7eeb247b63fe0be0
oof,302,stead_event_00418,d18afd1e2054f968f80ee57488144a72768c68b4ea03799500ef585d211042a9
oof,303,stead_event_00419,5fffd01ff690bddfb205d379f9a52aa0c56a0c01acb714346429413e34dfe6d0
oof,304,stead_event_00420,71e8d16e7abba92399c3a46438ab01230b0705b078ceab66396f94ab6fa0c9ea
oof,305,stead_event_00421,7a6e35143bd9db2caa663d001e0ef9c73ebf9b2c148721fc251ef12f34f1dad4
oof,306,stead_event_00424,e7965e7a7a24f6f4fdbc3fe5ab16effb0b7e57eef113cf6f250d7b25f6849855
oof,307,stead_event_00425,90c9c46105d16ebfc0b3a84ed4983e4e71372be52e5d2dd5958f3af827485508
oof,308,stead_event_00426,c1d6ab82c2070a0d57c17ea828b0ca8ab926c948d3694642e65cb001efdbaeb6
oof,309,stead_event_00427,7e817c35ee4e112888b04a102c5942f013a3065c791919fab32afb8bd3786489
oof,310,stead_event_00428,319fab70ee95ad8864eca5a5db33847578dd331942e6d8b745816b0460dc63c9
oof,311,stead_event_00429,65dc615c386bf103569bac22bdcfa65bbca0dc89bd27fdf51f14b30e0e2b1d9a
oof,312,stead_event_00431,a70dc2cefd688f50c9b0fea95d537a9aa05af4cbc767ac7c99e4f4c1ddf77031
oof,313,stead_event_00432,2b05dd0d06b95cb53ebcc23b3b67457348a399b8402ff2e87869d5f0353948ae
oof,314,stead_event_00433,f4aff1ed22e3ed9dcb1098dcb99019f162934feced3d6d7af6b0c1d334e8bc4b
oof,315,stead_event_00434,b497c87f6998a1b249dbf809f7ca35a88adffcf7fe2ff76436963e4710be9f41
oof,316,stead_event_00435,cd1becf5f7c21f81bcab81aa4fe1d45f30da553e49a536e775da2b4251d701f8
oof,317,stead_event_00438,b4b547988bfe12a92ae728ee46c6fc907c898271c49f563f9a26dee45d5b6cba
oof,318,stead_event_00439,7618c3da3ed276f7042ef5d7b7f62421d76ab56634be3342b892db4fe31a0126
oof,319,stead_event_00440,29b7dd99b853c90ae40b863c42b0820a9b1e1ce398e971ed641731488ef37291
oof,320,stead_event_00443,a88f3e67f5b4a807a251677eb29b255b2cb6ab3908b9ba397a150bf73f77c0d0
oof,321,stead_event_00444,bf7260ff9593a14424d84c77d7160273cd0b6873d75bb8380b12a604e3455751
oof,322,stead_event_00445,91f20ed4b9abbeddec1d00cabc2d941483393e6cb1013c3952ca560ea992db58
oof,323,stead_event_00446,79cf4fd538c5b3ed177bfb484fe10d6596f4796884a4ef22f4a187165d847d4a
oof,324,stead_event_00447,c89e4bfdadd500a897a727a9338106149c94e50ba91da407d772daa56895b070
oof,325,stead_event_00449,2a7577177b86e2a2ee94ba7b0c769ddd2d2e8a4aceb06312eb82ccc43892dfb5
oof,326,stead_event_00450,4f900815f42bb84f443dda9e9d5ca7699c7e5f85217c004ee6c91ebebdef3054
oof,327,stead_event_00451,f333af7abc3ccb932bc5c9be9453c4b8695df88af0f1711b827699d83bdc3496
oof,328,stead_event_00452,73b19edc379f4af75ab4740bb203b48307aa146156a2e2eef39feab29d9a17cd
oof,329,stead_event_00453,fbc14232b74dfee9ad6b69c96d7985c92657c3148c46bf1009d4955962869959
oof,330,stead_event_00454,5f09adcb177ab7cd111fc3c88404c35c3de2b75a32b6ff5d9d2d57f015514486
oof,331,stead_event_00455,269505dbe99cced48098b1a1ea954e325365b8a64968bde62c0b1a16c8bbcfa0
oof,332,stead_event_00456,af7ab793fdb795ffa90fa5af9fa9e0b3a92a00509f941c86b123587617f106a2
oof,333,stead_event_00457,14ad580fa5ebc412af4f4bfa42ad4d849d5682f44b1479102bbe505719299ee5
oof,334,stead_event_00458,2cabc14edbd680ee0110b19709f200f7eccd9fbb2e6639ce2694bc09c82fef78
oof,335,stead_event_00459,36065c2ca23027e9b13e90386f6b5e6872ae327ec096ce1e8193f54c1c1deaf4
oof,336,stead_event_00460,c02d20617ea9cf22d1599434bf1281ce917a4fd21924b4b56b0237d81f641271
oof,337,stead_event_00461,1cb6cd31cedfacac69073245dc337311e317c53c6d28329ab44ec1fa7bfb3f88
oof,338,stead_event_00462,5a9413c3059e4a52d9733f9212faed93b4d2ac97e9a25367710ad386aa07fa63
oof,339,stead_event_00463,8b8d81f2ff82ddb7034f5c2209659061133b3f244691b695447c4e37065cfb6d
oof,340,stead_event_00464,a3f68180969facc07cb8d468597a92529418450aed3f0d4009c634639fac596e
oof,341,stead_event_00467,7621facd799d0f47d7bb12283e4c7a6829598ea36a297802bce3dd778eedf687
oof,342,stead_event_00468,a8e92b181e155efead95608ea53e7378e97a4f04c47a34ecc9ab0e5e0d23f605
oof,343,stead_event_00469,f8871e0a7fdeb265a283bd4cf50048cd626663eddc8932af27f549973c2eb73f
oof,344,stead_event_00470,9b3bc8d5a308c0df217c1b76211e84f83938611ba7a73c8e61c590ac46768661
oof,345,stead_event_00471,8bfb9e36f56e79b3c274ad507e1a78bd6ae458e61f5a6ce840142f5fd49f20f7
oof,346,stead_event_00472,33d7b8852174f887bbcf436479d965d9a5778fbe8d2dd75ef9259d8a546ed61e
oof,347,stead_event_00473,8444124e916df1bde47de573140dfe472a766ea1f4fe51f695a2260c4b66e464
oof,348,stead_event_00475,ef6b1ef11d10d9b4adfd1bf42e551c3d684cc2f67f19ccefac41cae738acb673
oof,349,stead_event_00476,76dd3d18b9922c52207b73585dcb098f8d57f6255f7e5e2a8d79b356390c6258
oof,350,stead_event_00477,446dd49b0976c91938848c414fbb781a2c05ed76ab60484dc4aee468a6ffa671
oof,351,stead_event_00478,aa4d48fe8d9c6cfa77f019b31a1048cbc2b92fd24b2b5a607969d1a97f07b429
oof,352,stead_event_00482,432b1555dbff6c879538c960ae6a5ef25d952674a88ff2b293d8d1b3009e5910
oof,353,stead_event_00483,732141b337ce897a7631b56ea1beb93fa817b95334763f61f3a0da3ca083e48a
oof,354,stead_event_00484,86b6e66ce81351cf26b82b69b5cd2c9def30ee8880666e0bd7df6dffd3f448c6
oof,355,stead_event_00485,a12b7aacda08d21bd704a377347ad5c7196c3d9b240399f6d7472a07321d7ed2
oof,356,stead_event_00490,4ef6e8a4dcace4a835ae6ae9bec5bbc40ee475f105a4cf516216ee27ac377cd5
oof,357,stead_event_00491,cecd880b89758c38a4758c6fc38e536e049ddb378e7575831232d04873fcb357
oof,358,stead_event_00492,7e8b787968addb28ee0541a72ca22409944748c69cefffb46ac8ee48eb89c40b
oof,359,stead_event_00497,01233009d60a5808570781b395760abdf24adac7abc0138dbbb303fa8b5b372c
oof,360,stead_event_00498,e1d1f5bc97abc3109e17dbdb69c2d677384b8629d0d862f3026406f8b1b7d974
oof,361,stead_event_00499,189d9cd6d9cc09ec936b998ab16cb8e98136d562fd876ea3e99c0b89e79d96dc
oof,362,stead_event_00500,bffa901caa5effdb6fe4c2653109365967b468707a64b6f1c662666c9439a2c7
oof,363,stead_event_00501,c1e652fcfa4c5e30b3f49be7463fa46e2f72146240e803f269710db775f678a6
oof,364,stead_event_00502,e396886abf5e95455f309bc7a083c68b3f43104bdeedcd7b169ff9352facb20b
oof,365,stead_event_00507,8c02c93d8a0c6a3f6bcb5a73e3fdaaa07bf020a735815ae1c418d1396433abbc
oof,366,stead_event_00508,10a351ebbaf889ea68fe6b385eb479d4ee6f26ef2d2a135f30d5698248067208
oof,367,stead_event_00509,0b31e2a14e7a8730ca83b099eef54eaee8e1ecde361eb8117c6701350de39e79
oof,368,stead_event_00510,be6c5aea00e39b627b26ab4928757af89e9e67470fa336d2882903a2f94cd845
oof,369,stead_event_00511,17e408beae35068737c8e2c67e9e1f520edd87d92bb4d55a1a911cd5da261c6e
oof,370,stead_event_00513,e36b4027e423b2c9242ac07b48496ca4ba0c3b9f0182c8464bf50e4725057e39
oof,371,stead_event_00516,1c1aea096e967a386d7953eed9b7ec3a5a960bdb46344939a0adb94bf15ff29a
oof,372,stead_event_00519,d918a7342f785726b3f5db998dd7a39c554ce6289abac13248b729a1db49abbf
oof,373,stead_event_00520,93fa296637e321151d55237f2b34aae071f3c29249e85f0ff81b315671190831
oof,374,stead_event_00523,74707ac595571723818dfaf17f94e8fe5c4ffae3e2b1236b2aef70fb7bc0ba84
oof,375,stead_event_00524,3947ab24f10808808a8a4fbc7606dc64669dd1e7d90938819327a6dd28958d38
oof,376,stead_event_00525,59762a2fee58fb8aaa6e900f624d167d7038b16e24cf976e71d0d3f8765e0bf3
oof,377,stead_event_00526,8625aa80cdfd00a4d9d8ce64af79ce12b84d34a373b4a87337db84abe0e24726
oof,378,stead_event_00529,52e497c73f0ecbc798f083547f0591b0b5c7770fe7e03e87e890f752abe785ac
oof,379,stead_event_00530,26d2e8ab34171c5f3891e23e5c7daf6828a2e6fb510e1ead6bade9ee2bbc4fed
oof,380,stead_event_00531,550b3c58bf7473709fa4ef9919d6fd7a5c974af6b64f9d2ed968390e05369ded
oof,381,stead_event_00532,d0c435adb01440bdcc3671c0f2195611dcb65d0a433e128c4e76c893364c1258
oof,382,stead_event_00533,544d15ceb4877a80bf7fe92e9b560454363d2715a29490c433cfd5f0a8c6a013
oof,383,stead_event_00534,0af5c09f78e9647a562f4fe9b4b2c59d2e9713b210970da58f8d694e6bb0331a
oof,384,stead_event_00535,c3d6c55d273c0ae2e6dcbeb1e054bab62e799ff61ca8f85fcf7af805200a7dfe
oof,385,stead_event_00538,030a091e88024a7689ddc729ed2670ad0dadb53cdb9c75e715af762d25ee43f5
oof,386,stead_event_00539,e2c8075bed3e2c8876610b79bbac7be4d9170b0b9d3f98e1b7db0773e72b3eaa
oof,387,stead_event_00540,a953e09fb2281ca144c9730fc7e022d285941476b92fc7718ea141b1c04208f9
oof,388,stead_event_00541,2fe7532949dde3fda9a639384c835720f5426c396dea0dc9c2b0b4af4091f2f9
oof,389,stead_event_00542,e745eb54c621a4c9b6966ebb429ff001a3e555afc93d17f412366a2af470d48f
oof,390,stead_event_00544,b0bfd09421c806cd59f3a7b4f681c862a814e8894f8601ca3d25b2596a2a3b65
oof,391,stead_event_00546,13197023ec58d0da43fb3d429319656c8d8a1aeeea89dbd1601d3ea9d05aaa17
oof,392,stead_event_00549,3e7cf2cf4576d737f105caf15dea78170e0a9acd0f21748825fa403cd6d4aca9
oof,393,stead_event_00550,721e234634d6222106c7876ae1cf75f0a7f4eb8fbfac9b7a2d7a1f1e9db216a4
oof,394,stead_event_00552,677669f0240eb28b77e09281973807bc13934accd2b9a04110dcca4f7d52ac33
oof,395,stead_event_00553,b5603bf4411636587209f92a005889145ba45867629a177eebacb6d42a925331
oof,396,stead_event_00554,40d47b3d8242bc7768a8d4e48589f44ee46b2286eed653de6338a82d6dcecb8e
oof,397,stead_event_00556,ead52ece0348696d7fcfc87a39c9e42727f7f0418b3423f4b80afc4dbb670e5f
oof,398,stead_event_00557,67e397a31e6b7ed9c24aad29620a4ec163be6310250af7502c7cebc5c15230f0
oof,399,stead_event_00558,d74689eb0bf1de31a527c35f7b888bad9e19e3cf6a6c2ff7bfbeba930ab7a317
oof,400,stead_event_00559,65041f2ee9571aecbdc97e03a885339954bb55adf29bd1e62bad24e69959e05f
oof,401,stead_event_00560,a21cf82a61cc986e6cab79773b553a0384c068b6686e784fd4ee5ac3bcba2213
oof,402,stead_event_00561,41b353f554a69555c8246adf6534ff0b19666f3e2c6aad2939251dea9819bd78
oof,403,stead_event_00562,d230e6059568a95a0ab58a152398716c2a3215375bf0decf019c7d52d662da2c
oof,404,stead_event_00565,fefbd1ec503ac29da20af63d3164571907133bef4fe3edecb258fc790e45483f
oof,405,stead_event_00566,eeea2e4e308241569e2f9721acd44f294681e78b75bc82598679e33b18bdfcd7
oof,406,stead_event_00568,4db58b2c6bd3b8c80e657141ebfb72b057547d68b11d12b051d7ba06a1633576
oof,407,stead_event_00570,1b225f860f700b2b0f4fb72a223d740ec47eee6fd73ce8cd1e191ca2bee786c9
oof,408,stead_event_00572,e21d53030ff74fc70ade7d6823526f21767149b838f488515246bb6e82a15a6c
oof,409,stead_event_00573,db9efe99edb7294edb259cb250180bfcd3d1585d7fba8a973223ef91c097108d
oof,410,stead_event_00574,9ad937b95bf7a9dbba7611ed9898dd195ca5000e94f284d49af1c78070f8a02d
oof,411,stead_event_00576,ff01424889560c55abb586acebe9ed48e67fc07456df6ddf429a1f425806fec4
oof,412,stead_event_00577,a4a8996067b37d59193ef89ddfe4f1e1bb156e9024302ebd92c6f3d8585adab4
oof,413,stead_event_00578,c83f1578bfaf177de104b8601d4568f7a72dc2d10cf6cc880ba4cd6d2ca041de
oof,414,stead_event_00579,9ba16cd9d141a3366b7e12f9def23d2c7166ff64edc18eb0d35055565e0bc670
oof,415,stead_event_00582,a0549e19df5581f3dffea2e03f72391d31f26e90ad9312cb235dbb4d6c483a45
oof,416,stead_event_00583,775d0764c2e97c111f024e2480de330f2bef55039ebbceccffcf8bf4a259c4a8
oof,417,stead_event_00584,dda26e9e41bf7bd63c8cb1acbbafd8ee4fca58feb039a1c8d84a2d960fbd62e1
oof,418,stead_event_00586,72f0c2f91f2a426f0847c47c3d5302af4396d6660c6cfb29eb715d8d03c4638b
oof,419,stead_event_00587,fc7ed565298d043a3b730fcd8a4ea01ff6a93db773b38179cbdc53acd23fae12
oof,420,stead_event_00588,e00223ab844d9729b6547770d5edb2b7dc0b5cbc4fee4e94a1f6a61560687828
oof,421,stead_event_00589,1d1d943c07b055d5d21711a173b31c79820dd0ee6ee7dae7ec6b234cf25af7b9
oof,422,stead_event_00590,487a3db9704af251f5a2b0bb157e34c6c52437d961c0d314859d618eb853379a
oof,423,stead_event_00591,bcaadcf67062afcae15e4ac5932d506383abfc0edb9edefd9527d74bb02f6ee8
oof,424,stead_event_00593,7a7efb6a6527d963956ec63dd3710a1cca03b1a2993306efe2efd247aaa88058
oof,425,stead_event_00595,f83bedd4c66a3b812cc1d47ab0a260430321c1725e5cbfeae8764c51ce41af62
oof,426,stead_event_00597,2f97d57b3f84ff556ba9eb67195bd247e1074c4ad48b36534b7c2b55a2fd6994
oof,427,stead_event_00599,d8c00ab8fcd5906213cf2a85bfe5a5912cc19f5c64498d3fdf03f33ef8fce3af
oof,428,stead_event_00601,a434b48f1957d8a6f9057c1211ee8e1d5b98bee58f1955e0bd4d6e5587824f3a
oof,429,stead_event_00602,6d51a3271df18052c64a94df82e45f947446321057c205aac5c4519aa9117582
oof,430,stead_event_00604,c67cacf817c9343686715c03de1346194468a1a05f46505ecec5f392219fdd16
oof,431,stead_event_00606,caa5ca6f725cead67b1df307a0e5880f3cfea52fe487b74eb7f08bf7feb1614a
oof,432,stead_event_00608,9b792c96ebb921645ee3d55bdc26f3e6255d2544bc0946bb99190951afdcd7e2
oof,433,stead_event_00612,8edf37ad1293dda55cf435b5f03113731d71307a69e069d92a29b1da640e5bda
oof,434,stead_event_00615,fd5e6c497754bec054cad1ef6d6536c447f2c0ab2a786e989f08558860eb84aa
oof,435,stead_event_00616,61f04fc78d0c57031ea44fd5ad8ccd2eb56e96a3dde674af64807c178fb2cd74
oof,436,stead_event_00617,1d90143e715760c9a12354c706e0e621ab8114a934e509b98155ad1781338b5e
oof,437,stead_event_00625,efc8912e7df8d05eda226d40681d72664b5bee4958d98991fe764f4e7c4012d1
oof,438,stead_event_00626,6873d08d37daaca295c5098633b75d15413fba4a659a839ef1e216138246d4db
oof,439,stead_event_00627,d97a5f62d69568d23b6ace618d4143f47bda875b23e9170cbd2ca351037e0673
oof,440,stead_event_00628,629e820a77b958344da4beb4b646e314d31497a7a241bb0d5f8774d57b49db09
oof,441,stead_event_00629,60ef5e691df66a0906de737a8284761860b5c5f78e34f93cf823c27018693b07
oof,442,stead_event_00631,6030cdbc54e6088e91304682e68cbdc156f4838ff29a466e37184e1a759b388b
oof,443,stead_event_00632,7b5f216c0e333cb66398f332805304ecaefdeee4ce53f90ecd5b3e63bbd3ba3a
oof,444,stead_event_00635,0da6194ab93822b7a5293623baeb066928466e1ed6d950906377acb014d2b04b
oof,445,stead_event_00636,64ba50c4fa49109878d985f3ce80e9ddc0351f432b3d0630eea454578c84390f
oof,446,stead_event_00637,53bde9690bb1e221b5fca006cd08fac624dd2dd74083615163c246567f08fca9
oof,447,stead_event_00640,5d574bec86789990d3da3e4a5f693a3eeff67e7dd97c1ec9b432c0209940bd49
oof,448,stead_event_00641,018f07cf628294c73b7d91a2844def03a3a06c792b1f74973500f8642f82e1fe
oof,449,stead_event_00642,708d7002c94e36ba80e80455cd18444882fbc633aadceaaeb298f4502da435f9
oof,450,stead_event_00643,a05fb39b5bfe97827131b6ea0f39ebcc08ff1b1c0f125035a0189ac15d2567fd
oof,451,stead_event_00645,fbaa9305a6f4145135736a463726c72845cbd6aa2d0541f3f726dbfba1d2b59e
oof,452,stead_event_00646,7b58d9e13545e687641b66d09804866c10d4e702549a8b4e01520e8a58b171c8
oof,453,stead_event_00647,434bc1a180221ba5d38380a0254d19bf5271a1deedbe15a1672a894dda3ad8f4
oof,454,stead_event_00648,358257c4be7565fd1d14d3e0ae5c698c73adcb813e66c1884b3d3aeb79fc0627
oof,455,stead_event_00649,10d7e2a6fafd7906c7858234da6c88dcf688c13a7a0ca3e74a6a6fe5dae50012
oof,456,stead_event_00657,8172a23ff7ce93a23317fd487360deb94cfba85ebf9ba7d928992f5f3d363d7c
oof,457,stead_event_00658,c659cede141b503e4b2fef74800d690506885b4c379460559678f7102119a998
oof,458,stead_event_00659,6446eee5c7d985e6af46151bf66706bcc206955bc39cc0e20beef8e423ff62f1
oof,459,stead_event_00660,d453ded0268ec913b5c51bbf9ebb3666a82aeedface0887a6559b8ca3b48cf0b
oof,460,stead_event_00664,df0847cef6f4254b70f5b65853bb78ca16dcdf7e0b71e54fc939ea11c3d6fa7d
oof,461,stead_event_00665,e3be55a6bd57fb22613e6124f046ef004302a1727f280db080ae49e7bf339825
oof,462,stead_event_00666,416fb0f7ef82b683676c2645ce546dae1a5c78a7d5fb2834dba5eede10be3546
oof,463,stead_event_00667,22649b20896f95a9af96c004990b2da463b6998b884085ea42e7fe70d18f7645
oof,464,stead_event_00668,e5cbfdb886ff9835875268d068788121cadca5e7aec224dab54789f26e3dd7db
oof,465,stead_event_00669,200d8f3c825c37a8944ab2899bd9ff5c6cda7089dd492edbe88b7708dd856686
oof,466,stead_event_00670,667bc448d1faee6f2a8b08ff85c4dcbd1760f144fe5cf2b41e7479c74e516a4f
oof,467,stead_event_00671,ef5c7b6d9ad51d95598d2f9aa64daa24a6a9d454706a43b2671a19fb40de4aa6
oof,468,stead_event_00672,db82592d7d8210244c85ae1ead686c3098f6eca51f0af49960cae7bdaaf5e9c7
oof,469,stead_event_00676,efdb83227d8a74865e925d7b581fafe239c5465271aeec19609a8475353ea485
oof,470,stead_event_00677,9cf0c3f4c333f6aab00e0aba2e5f6bcddc7b04f60f86071cb362a36a847ef185
oof,471,stead_event_00682,64f28944079a6b7445dc0c3b855e80bc8a35281f55c092e9e9ff2fec2f1023f1
oof,472,stead_event_00683,b4447b06b5cdade83731f6ee304c9f573082a79bcff1492e479ee98f819b7d99
oof,473,stead_event_00684,53c1ed25aad5f17649e53440051f80736780e1416b5f3b57f2388eb74d748b81
oof,474,stead_event_00685,227ccc9324006708b96847aae198cf3ab6174107afc05f70e55f803d66289fd6
oof,475,stead_event_00686,b1479cc2bb995eac87dc4ad9e2da380d940b5a1b85f489f0434e5962f88ea95e
oof,476,stead_event_00687,e2106089eb3b48ee87747af86197f7cb1c6aa8570869f13825a135979fb48829
oof,477,stead_event_00689,b82cf7f111c3a6572ce156a1965ec13b4c30462c8791d4fecf246ab26dcb0cd3
oof,478,stead_event_00690,022badcce2a267247950833943e7cced898dce340fd7080291cab46bb8777d3b
oof,479,stead_event_00691,dd17d49337f3e06b756bdb8ed80f42c96adbf484f7de2015604f24f4dee2cef7
oof,480,stead_event_00692,10ec8f26f4fd1add509829fa03463db8a485b639871687e1d2f67fcf59f51a18
oof,481,stead_event_00693,96d1abd0ecb27da10c70dbaeedf756bc5fc64c6bf09bcc6d2cb56b855ecb7906
oof,482,stead_event_00694,b893d2936103342d60235d37b67817c0a2ac0f1b644bc518e9ccd3724c8e3f49
oof,483,stead_event_00695,401cd83e44df5b82c51667f515db83df17d36822049505c3ad366ed7aa95f622
oof,484,stead_event_00696,ee0c12233604a77da87ecd81765d374faa052e203364fafdff51de389b3b2ac6
oof,485,stead_event_00697,290f12509694634bbaee4aab1784e1f7653e66d477d8f3984944c50c3950d82c
oof,486,stead_event_00698,38e7238fee2581fbd74b6f7631ebafe075fd8c2b789f7782c089c006dcfcb8f8
oof,487,stead_event_00700,765df0f25d3028d8d1c8068db2c02d0dc614a9a0f0e72f0f3f6ca21c5beeb39b
oof,488,stead_event_00701,40bf8e5573d31af25072c637baa5386444a50738f377d297f4e81467c1bda693
oof,489,stead_event_00702,2b62e487a234d93054b35b54967a3531beff084cd060d0bdf32c794ac7f29b42
oof,490,stead_event_00703,d76aeba57958b565376dd80f43483dc5ff5863a927202249b4a1d5382bbe70f9
oof,491,stead_event_00704,1d56c48552f6ee80de5837e1a521111b224302167c9b03247df7482c801e6d22
oof,492,stead_event_00705,af277e21aafb40fa73a830a9f97409b7174999554604f3802cbc22619369ad6e
oof,493,stead_event_00706,d42dc137ef423f780762a4afd2370faa4af510be0e59fb84cc0ea1ebfb9418a4
oof,494,stead_event_00707,beb4f916bd92bf7a1bdc0ec523170a42c17b62ac5e0b0682d25d1c4d26bc88ea
oof,495,stead_event_00708,73ec6c956002dc188d98f79ad6ecc8c04fecce444ba54019bd05a97d8f6022c9
oof,496,stead_event_00709,d168af8a00b0920313f501dbccf4e1eed507d88e6618d1a916205079230a8dc2
oof,497,stead_event_00710,0ce1b98582807819f5cbab05918c63d727f446404d873cd2d3e87a34e370fdef
oof,498,stead_event_00711,bb609b2ab1d782d0996640f6fecdd68de3bee3d0e953115e5b3e40ba6e77bc52
oof,499,stead_event_00712,3338c6572bc47b81d5026522db8cef260eb5ab7f31313c4402cb76042cca5b1f
oof,500,stead_event_00713,3b3a8c8f0298f3d47f2804614596f98070eee72bdd2a901632f08fa08a025b2e
oof,501,stead_event_00714,77189ced95f66f130c8e5d78e2d9417df1ea9d3f8f58bd9cc2a7dd93a9cd9ac2
oof,502,stead_event_00715,7ee46c43ff7512b5459bb509db97e5ecfdc946d1513bc1f2f9306438629ce3a4
oof,503,stead_event_00716,aa23acff0cd20f5e76a95b911284a4858aa1acecf3657f9ac96e942eeb88cb1a
oof,504,stead_event_00717,436f35206413c0d3215c17043e74417308a7b8575a604747f97649b1a1109e91
oof,505,stead_event_00722,a1727cbafaf2308008e3cc80bce24e180214567f5e196d00fdc0c55e5e1d4d78
oof,506,stead_event_00723,91b285c333369d8a2efa7d01267eaf58c81fb409766512648cc16e79a3a38864
oof,507,stead_event_00724,11ab2b8398d3d36b47e389faae3b7d58fe6ff39592a606f09263d9e41d538941
oof,508,stead_event_00725,4a1a940569ad9816ba37de4e000062f282a9143ca7d3f9317e8382124ae9278f
oof,509,stead_event_00726,237c59988de19a7991f0a0cf86e10c321d62f7a6e5de0ed4fa5c9812a37a9503
oof,510,stead_event_00727,6b3f25fb806bb94bb3a0534319b1b004125ff104f9a4b39a9e74984a2bd35de4
oof,511,stead_event_00729,25e357afe623168099321e867a8264a78ad13bfe6d4c84e7e38a0079625b7761
oof,512,stead_event_00730,7aacc17437401bb8edaad12ea75417affc5dd51eb7900a3ce9093af899e42742
oof,513,stead_event_00731,8ec836e587de205d1f141c7fd7b4e066d9b37be4691d8c35cef1e9e2ae39f212
oof,514,stead_event_00732,a1d5d081b76e2b700d8327bb0b9839b94bc9e3672e00ea34873a7fc9073556d3
oof,515,stead_event_00733,4ec58d6a653100829f0fc6e5eaf7a960573832c66acb9a03036a7ca11e94dc7f
oof,516,stead_event_00734,a5b24ceeb64defe9a00805b0edd2b35e79d4afdd38d05c48dbdf41a4278624b9
oof,517,stead_event_00736,ffad5265cd83d4ef0d6ac7dd4a15ebb3315a97e6f91b4b13378d58bb7f0e362d
oof,518,stead_event_00738,0677e816426c7475e8793ab125663990c33f42795c3209f537cf3507600a75af
oof,519,stead_event_00739,dc1eac414816e09474c9809ff3cbb2e7c20b9549063a3da7464268388808b096
oof,520,stead_event_00742,1dc8cab02d9245d2b7501392461162c8985c1f2747db4ea0fd2dd35d9b01a414
oof,521,stead_event_00743,fa390a39b35727b78bf74bece8665944b299a235cdb0ea66d21d81d380782e3b
oof,522,stead_event_00744,6107954d31d26063d723eb9527577b2213c7c41033555866aebb7a6b23778464
oof,523,stead_event_00745,3bf87c75f793d056ff7ebaed55bfa64a4b456aeaf99545bef12b5179869f0748
oof,524,stead_event_00746,ae6e01690e8f3fc1f3b33d3a1194f6e8f16a3d53ed6cb36b259e2e3c29d6b58b
oof,525,stead_event_00747,9b84d79f342a0adf403db5714dc4748bf5bbc0603c3ac0dda1bbccc812eff2cb
oof,526,stead_event_00748,84447eb3b43f75a5eed880714bd7bd73344cc891fc660e558134e0fa3eda2895
oof,527,stead_event_00749,7a07a1546de2817a50cefc8d43a84e850d4b3883f90c098f6715b54055094a36
oof,528,stead_event_00750,64ffe99536dcd48a6463979e34b251978d0536dd1f984e23ccd5b75f0a221468
oof,529,stead_event_00751,8ad01a065f7011c65d9230a245df5898c95aeadcfd346e56a5504fdefb323fb8
oof,530,stead_event_00752,43abf96e6c703fc9821d1b5d06ad2ba1cadfc1d91c9c9436ff14fdc322b58d24
oof,531,stead_event_00753,00a6e8aa220a36a4a8b329f4b5daf1656ff9c01a805d42c097d114c9f5ab4334
oof,532,stead_event_00754,07370f40f96de3143e459d933d57a7ef383414d8c3a2d8c77f74274b3d38f1e1
oof,533,stead_event_00755,e770d6d9c461369b8ac6c36eb270a8d1badd1b72fee8722ec27c4e770937fb75
oof,534,stead_event_00757,b08d82c46bd1ce22dd9f1a62e10d9f949e289c3d2b3ce6bad79e278096ed507b
oof,535,stead_event_00758,836edac8ee0b4fe09c93efd3eea6ef5578bf056512d53954b514fca2b416f22e
oof,536,stead_event_00759,c777c551a5225a38163b4bcf891978b1ad3815f856819f28209e208a3afc50b9
oof,537,stead_event_00761,86329dc1211474a64451bd6f8e37cfb7fcd7f86528ab98499a417bd95e8cb068
oof,538,stead_event_00762,f4588e7ee4415caf486140e383951073e2ad97015f34916248179b34880b2987
oof,539,stead_event_00763,60c694a583f9f75af370f70371e41de4d0d94bbe0b1ecbb1771ac617ae10499f
oof,540,stead_event_00764,001721843a64bcd91ea3666f3b5234226fca18c55b97ecd9c2421e1918fc29a6
oof,541,stead_event_00765,086c699f675a109f168e9e7040cb45b160819136a249bf8e73f0be08702ddffa
oof,542,stead_event_00767,2c514c701ec2aa46bc61e0fed6949e338e5e8ae7168e716e7046a90ae1986376
oof,543,stead_event_00768,8a55adafe7863265a022d3c46c064ef15b4f2baac1b9114cd81b50c69189cca8
oof,544,stead_event_00769,7f2e012fb30823a317e82a2fc9749549e6d0d422929d0f8d5517e465a95e2f2c
oof,545,stead_event_00770,64cbd1dab506679b8aba83e1a9e500885575c0aedf82dfc9d072759b55e2f163
oof,546,stead_event_00771,8f9fd9ca87d23cd17eb9278522ff34f5a3239061ec7f728751ca2d830c9a0c68
oof,547,stead_event_00772,a2bb42271c96ddaff0fc4177abe0ab902f5e655f6f0fca1d53043f303aa7ed70
oof,548,stead_event_00773,18b9e1f6cbd0a513bb533f4edfc9be996381efe9d4319aa0812234918e5bf61f
oof,549,stead_event_00774,676cc71c78fb5204a367235c095e45dc549f82ff17c70a7a92548defd9a00f6a
oof,550,stead_event_00775,c5c28dc562eb988f951365b10b6f8f61748f146de996ca4f6e22e224a02fb36e
oof,551,stead_event_00776,da296aa433a466cf20cbb846029330a01e0723e28c700bc3e0f85d32e5266ca6
oof,552,stead_event_00778,2965b23d27fce6d5abf50075a0d664e5e335477b72693ac93db912d4bec082ec
oof,553,stead_event_00779,05aa317910ac1f7bcc0f88dc9fa9eb4c63f9d3ae487d5556af8203ee146a35d6
oof,554,stead_event_00780,02a1f42bd99653be8bc5078a7c1fc4bcb7575caf950218eb14cc0ff90b3a0a83
oof,555,stead_event_00781,d9f5463817a7ce7a11bbc77c16a50e032e7457a38d3632ec6a6da2b864e9450b
oof,556,stead_event_00782,eb3d5264987a1ae08c5c24c6736c0356d18debb8cba54d08e66dbee5b8157ebf
oof,557,stead_event_00783,7b68c5646226aebb9e590f6511c55d196e5e798c4582d3d0babf3d0756b509d4
oof,558,stead_event_00784,d7e5658da8c111877ab51991df8771e9fd89b2e85456aab44874375a75e05d87
oof,559,stead_event_00785,f400b7e4e47c41202b83bff003a3d42c5f32e03b14c63129ecbfd926e3d92d2e
oof,560,stead_event_00787,533daa6f897093bdd801fdaa127163b732ea42f3609ca14de308fe9f69675439
oof,561,stead_event_00788,20fc9016140b190c7531626ce4af48fa80d2c80d0516d2267168a651747672f2
oof,562,stead_event_00789,bc3a79c14fc6c2ddaf7a126004870dca858f53df48a9c5aa34b5b7442389cbbe
oof,563,stead_event_00790,bb08d8659e3bc42f76214ad7651f1457e07bf5b35d2bea921664656bbb0ea038
oof,564,stead_event_00791,85e5fa120a2f2066a1d1221ffc0c4a4625bc1158693a25086c717cab5834cd86
oof,565,stead_event_00793,e5a1eb86ac827e577b5804212a750b397b0bfbab539896a33ea48eb6261cd364
oof,566,stead_event_00795,4375d446bbda8d3a91dea99613683e821900e8b8c048a35823bfa08351a99b40
oof,567,stead_event_00796,f35150c6952a96a599d57dfdce0126d0851f51f0e3bcd6e01322aae0aa14fc8e
oof,568,stead_event_00797,92cf0a728794d68d84eeb41acd76f38375cb199d03a134214c0e90524a898f8e
oof,569,stead_event_00800,e1d52ef3e7e56ea0bab258ae38c2d8faea4badc6eb637bdc6c3b5d815d977e90
oof,570,stead_event_00801,1338a749e8b0b83fdbedea52ed35e7784b5f75a7e9ea66379689b11e14809404
oof,571,stead_event_00802,8d173df89a4d6f7effa3a01d34e00376fef7c85df7ae6dee209685e22f168867
oof,572,stead_event_00803,e044f8a3a084d3ad8f87f38f1bd778dfbb2617acaa9ae701520d608ed03c45be
oof,573,stead_event_00804,f675539aae3202400815e6c149ab29eee4f4aa04b2d1b5601b6d63764d84d91b
oof,574,stead_event_00805,674a21929f8c7adb6cbdbdd464cc8ceb3445fd5275f6019dbf99b9952c15e46c
oof,575,stead_event_00806,1fed65c3df1f9c67cf4dae075618b7bc73114ce6e1876f182106b2461caef625
oof,576,stead_event_00807,8dad678eecc2b21fbe7eb01c4320d4f19e98cb138320700bfdf9e217e4558d03
oof,577,stead_event_00808,b40f0625e9e3f96f5943a19c733cecde9907f356419a59b70b3bfca128fde857
oof,578,stead_event_00809,b9a55e56b95229fab9796adbc11c6f765c2cda62693f0c1a77fffede78479e54
oof,579,stead_event_00814,3811cfc379a26ba8ad65d8121551679b8a4caaea075558b1eec09465a1df93ae
oof,580,stead_event_00816,a726fee268e7fc748e511a5bd3f1dbc1f102c06a2ad015e78444c1dd2ba7a8e5
oof,581,stead_event_00817,efd256d030916956a8133a443f5998c95465d055fb7a4e0565b11c712cbfcb62
oof,582,stead_event_00818,3e56b3d072aeedf09384efe8c05f292e3f54cc716c9a538e9dd66d22473311b5
oof,583,stead_event_00820,c85058e27ce37f26dee1cbd57390702606436ff15afaab504e6d24c6f2c87131
oof,584,stead_event_00821,ac8341235e2e57b535460a126439c84a5df8adc92b1cd762e30333b0bed78646
oof,585,stead_event_00822,c22c110db9e7e17de6f6e2d05f83582c642ce9f2837e27a2a278f489bf8d4eb5
oof,586,stead_event_00825,101512b04b3a75d3f8c025bd6c2bb97885649677f00b7122997e99309cc1c6e9
oof,587,stead_event_00826,53bb5d8eba408ab8d2c39799ce6ac41cb93d10f6450ec95701e7397e3eb75220
oof,588,stead_event_00829,e44b7da76bf79990b21455e5611546fc2529fd2b897beec8e0367370082bdadf
oof,589,stead_event_00832,abb9b4b7b6344fd26a3deab87c5c865392629b6690b816520bb7a1f54c2fb075
oof,590,stead_event_00834,c7ee6ac4b0274c1ec086b14ca039e09d0ff218147e2da1f2bca417a98c4f457e
oof,591,stead_event_00835,368194aeb3e2c2e1ff9b4381ca6ac07d93ee9d9d3a0ca3aab9e2b17fce0b5d90
oof,592,stead_event_00836,8a78462c8e93bf4e9d439af793af924e9db699bd251c1159ce75e5838de5c4e0
oof,593,stead_event_00838,ad9011523b682b1e20c135e320cb97b014f729af392eb64494bcd0ecc3b174fd
oof,594,stead_event_00839,69f79881bbf296c62952f32d4e41cfe17e956f93123129bf573040900d1ddaf1
oof,595,stead_event_00842,0a0c8cea0b3f445ceeb8707c9028a689f21408f652b96e6ca5a6d511b8cc75d2
oof,596,stead_event_00843,7f1a7fac54c6fb299201ec59d4ee1cad803f81f39b9535e1c089653e6d6aedd3
oof,597,stead_event_00844,3296b7cf697e5ad15d7e9a9ec48eff9e6ec999f4802412ba19ea03a73aff1548
oof,598,stead_event_00846,049ebbbf4e1f4ed9fa4bc8db5992acc6958991e9fbfbe7583f644ee7b229c48e
oof,599,stead_event_00847,0c1d6b960bc401541e35bd584cd38ce89ebef5e53e72342fe594373024302259
oof,600,stead_event_00848,70f13d189359ac0f4d978750d8b61efb0335ddca1a63385de587e0c31f9038df
oof,601,stead_event_00849,e63dfa6fa12d617472664e41fa365eb9577a0be518908e9c0fc301b781998a14
oof,602,stead_event_00850,05111fe0063128448b3f45b06366ce91dbf46efe18b2ac8f637cf85bb29f93ee
oof,603,stead_event_00851,93b3ccfce29dbd6fd32d8e8581b109121c0521978a024169b2a5d10080a4fb3f
oof,604,stead_event_00852,39fc1f43fb1a799f321491d9104cf460663467977dc8b19bf5eafa0acda68763
oof,605,stead_event_00853,e6295e5acb602bcfb4e813daedc70b592f17c855f8351ad130d3e5dc64e2e343
oof,606,stead_event_00855,e1a1e63138f481a43a19552511a26415cf2564954ff23c7d34eadad201814ff8
oof,607,stead_event_00856,8270894a5a46995f76925a0b61c5af11b4b86fee4be7a49adb7c6228b65e15d0
oof,608,stead_event_00857,5b6de0ece63e26bce72d9b072535b90d3b84ac38d5fc021a8abbff3b3029fb26
oof,609,stead_event_00858,8f31db77c5383a9ee631959169a3db00e7e8f28cd15db2b98e582219181d1f09
oof,610,stead_event_00859,3c1e7d0701380b2d0595631ed55ed8236097bded8a0a53c56397adf3ade7e792
oof,611,stead_event_00860,72d3dfbad1259fa5f831f9808153b1e88c31ec10fc21b25c2ab4771c0f318fd6
oof,612,stead_event_00861,77f8b946b129755d38d88056ad6c9a27b53df00980fe61789f0f422cf32d77b8
oof,613,stead_event_00863,91f0677ca3f97aef0b051fe65d4aeff1f960a0cae53c82505b9851e8e946657a
oof,614,stead_event_00867,b307673ca95b16f7a1e991e11dcf41e0462e487d61dcac75ee2d03ff986b737f
oof,615,stead_event_00869,cb3b339a56ae75a27edeaeeddbfa3e414e1641aaa8715e3c0050e7292e4d8dfc
oof,616,stead_event_00870,fd94c8c058be8e895959b8d1746873b98686e48f3efd60fcd667024398662954
oof,617,stead_event_00871,2fc94ed473a91d77efc2816c61c30fc9736c1399291bbb036a55e681e6d97b91
oof,618,stead_event_00872,5ff3ce2668c3067700ac64a18ca698e45555b2b15dfb918b7df50032e06e4bcf
oof,619,stead_event_00874,973ba23b6d991d241b7f0110ec5496e404aa494e39fc24ab7dfcf1a2c7c87af9
oof,620,stead_event_00875,2ab3fed68e79727b466c6b234496b29e750283c9156c48c47a3b70244b1129ed
oof,621,stead_event_00877,28e1bbc7ea12a313a855f3c5c57000bc46437b8c3a852d7ddc9cdf7bf441956d
oof,622,stead_event_00878,1b8a0e1a848b91b9b75c337839fc14661f5a7096d6cc09b43808d601db50ac43
oof,623,stead_event_00879,a3cfb6b004f3f566bb648f1de29e918274221463eacd9cd1a1635bbe2b2d27ba
oof,624,stead_event_00880,a9458f7f6bf92d5e73073be7af2d47eb41cd5c860f0ef7e36c882eacdd50f5a4
oof,625,stead_event_00882,64d9c04004912b19c1ca45bfce249c89c1a4433e38409be16ccb5874f56111a8
oof,626,stead_event_00883,125628989f304c17dd6a1b96f5e7efca6015e4f2f45e85c6ed79f05a154f98d1
oof,627,stead_event_00884,b7f4904dcbcfee51c312faca18cac14f2c1e5456bec03f6741543e4daca8e725
oof,628,stead_event_00885,2e27162e7d82070d1f62db58f7647dbb48d253a13dec6494a2c38e7633a55041
oof,629,stead_event_00886,40dfb9d214db70551881bbce8c2a95dcf423211ac701be47de7a4694ab73e3f1
oof,630,stead_event_00887,d2ac5654265dbe4dc950df127e2e46bad512d6958ac1ce9e07841803095cdea2
oof,631,stead_event_00888,3a9ca99e267926e361b8b3ffaaa298cbfff43d0508d4699b3fb4e61a1bce15b6
oof,632,stead_event_00889,70244d27edc081e2f5d45fca0e1f783de55ca19dad2f9437b62026db5afe6509
oof,633,stead_event_00891,e9c1ab59cd7c031ef86aa33268a5166c067880dbf7ba5d98e9b31e352bf71664
oof,634,stead_event_00892,d99c3c23d8bfd2d6a3a58980f98aaf80dae5aeb1f8c98667c1fefbf99fb03ae7
oof,635,stead_event_00893,163744663cc2ad9438d6ce89de6189314facad2226b87dd590e6dfcaba671fd6
oof,636,stead_event_00894,cb845331b5db040c54f6b0da4f71788d82ea602a48bd82a3738544a12135c063
oof,637,stead_event_00895,380ddc10f44b012c0a6cc909cdf4b026448d30ccbbf665d5ec98bc7c59f20f78
oof,638,stead_event_00896,166ce172070883a8f35d9ff9a501c65671d2449f8ef6aba524de66114ea8a9c7
oof,639,stead_event_00897,da2ade52be32cb318694fdfea8754fdf7284f92a18498dc161ea3056837bd9b9
oof,640,stead_event_00898,21b1e05d35ce7e131affa7e267beed533ef493002f97250828cc08dbdb0d0c07
oof,641,stead_event_00899,ac7f72f1fdc8ce265d8ca1f44eecae179ca6daf175257ff786d68dc97d52853d
oof,642,stead_event_00904,ab9296dd583f2e613ac890fad1e232cc636d249446b14d73a121261dae87b10e
oof,643,stead_event_00905,8f9dfda2e0579bb07a594ab6b35eebb5fe699b7cc58e9febda9d6fe739b79629
oof,644,stead_event_00906,2be9c09913592eab94c02abb0d0778c4e93cf8e7eae0bc21a075d33ff691c364
oof,645,stead_event_00907,36ee1feef01e4915a5826e803d4f0c922a490e63562b3301704f283eee2bcbb4
oof,646,stead_event_00908,e169ad81200a0ae841858a3db779be6d9cdcee16cc03fef9e9001c731fc09984
oof,647,stead_event_00909,cf9db48bf881e6de8f436cd2792df8a6fb69a11b12ee5b3205f33b916585259f
oof,648,stead_event_00910,ce91def316a8413704141a9f3ff1e7300afe65e6148e78048516f5ddb24726a4
oof,649,stead_event_00912,b0fb9efdf0b74e8f1e1baeaeedb93e277faf7fd6a6e152d311f36cc11bd19784
oof,650,stead_event_00913,d21b462c42495c251e176467f3e5ed63df6c3523349bd6c38eff6df16d5bcc35
oof,651,stead_event_00914,2072b4ded74e400d5eba10ce4053ffd2ac16eb46dffa69a63cbd3fd8b06d30aa
oof,652,stead_event_00915,7b466285c06a9fb3a1156baa1a684598689e1c2fb84fb859312cf38834f78e60
oof,653,stead_event_00916,5c847ecf70cc48690808824c8cbb4fee600bb6daeb9f9231b1e60516ddba4640
oof,654,stead_event_00917,dc8324da5bdff1577fabc08d2b51eedfdd2285a55cd78c6914b0e2e908583090
oof,655,stead_event_00918,ac898a0dbee275268353fb400da8068264ca305dbe43c07337f8230d9ee97eaf
oof,656,stead_event_00920,d817c3dd33d042d60ef28d23d37985c26d63df736fc28950cb9c73557ef419fb
oof,657,stead_event_00921,fcb2fdcf19aaecc9d9e973b86a0c94ae8de4e6aaab99bc2d120c56907b2513ca
oof,658,stead_event_00922,300eb125547f76b2b953c5b478575fa78bdb4d0dca621650199eeef2b1d5cf89
oof,659,stead_event_00923,a63a018f9e3d44e535695b1ab71588a825b2153676e34601bc28473a2223dedd
oof,660,stead_event_00924,64901dc80e61357818dc4426b8056ca71b8d82965891ceb1621c699b9fb3b010
oof,661,stead_event_00925,0d7e8528f2f5c2f7d5de48afd7bca0171280de42669cf124e472a7369013f173
oof,662,stead_event_00926,e696f377319d742dcdac05572366ed3a396afe848a6626085f8c19d5a7afdcb0
oof,663,stead_event_00931,7c1c2b521ded45ef15144fb0aa1f981bf6634c599a85021c8742090f2c3ef85d
oof,664,stead_event_00932,678f1245236ebf43e61568ae475b460c22928c0e525d7d79dd4aa78ffd75aaae
oof,665,stead_event_00934,028f8c6258f0fdb6d00af8e219b89db1f7246348aad2694800de8dbb7ecb8b8d
oof,666,stead_event_00935,45082d1460850ce97bd040208f707605eac6d87a44f972d76164f6c83853c74f
oof,667,stead_event_00936,313db4bdfe448013409118ba9aa04065431f4da6318acc9d7980bcd9c088aaca
oof,668,stead_event_00939,0e991e40743633db6e21e53d71e40be3beaf1d01fd2c5d0572ac339159f7f005
oof,669,stead_event_00942,7710180ffa5ee446dd85913540604edefb32bd8e5ce6e322259160c6bd9f0a68
oof,670,stead_event_00943,15258ae1e7bc4a221e2d5159337cfefff63586219e592f115a5d4e442afd5bda
oof,671,stead_event_00946,a313476597e3951e2d7bd961601a37c28f3243a9efc93eb13599b63a0a85486b
oof,672,stead_event_00947,61ddae86618b930a9ac198e8456549b5419b37790bfaf093b9c2bc6528780c0a
oof,673,stead_event_00949,1961bc93f0181c6b8e7350f42693a7c39b9bc732d53971b45dfb2f6b17f96fbe
oof,674,stead_event_00950,e68844f48acb251a0547d6b36c37225ac7733ef83d583050fc4c0ce117e05f85
oof,675,stead_event_00951,fc21d2bd95007c117e0b502cb40c7c5a60c9c8ddf7baf793753b7db97d5cfab8
oof,676,stead_event_00952,a96acf8233ba9378af4dc5544ec06d99df7ac8ddb638eeb41cdc870fd147b790
oof,677,stead_event_00956,56f24859761d68c5cda1969ecdcc7f01def9b6a018765e9fdee59b608e654c03
oof,678,stead_event_00957,773d8dc6b3a3bf772715dd31727668bba401a37bfa5a56da5c254df0965d2ceb
oof,679,stead_event_00958,327d1f448dbfd25513d98ea5b92115252d67b36218cb6cba70b8a00102c0a76d
oof,680,stead_event_00961,5ec1ae65149ed1313ecf38bff6ed1fdc6c9cba0f75a1719fa9e2b1f674cc09c5
oof,681,stead_event_00963,1bf5fac53d41f21d17536639124e1900c096e5708e8d9415e5c29933a3b8d5e7
oof,682,stead_event_00964,875ecff01a3bc4e9b798daab106f4ea02e769952cb25a16489b0443b16a9113f
oof,683,stead_event_00965,f306e6eb02fdfde721e348eac45a9f49b57466ec24fa9a60e3588b3b5eff3c80
oof,684,stead_event_00966,97bc082ec83628e2bd2e16e235820073930a1b33c1e02ba18f8130fd7c741c68
oof,685,stead_event_00967,db93e670aee4298a08a32396c242fbb0469f76a4b680b83e0fd9392046265881
oof,686,stead_event_00968,bdbed1df49ee8d1253203401c949cce7f4c1b970c4c4212d5f21e03daecf5df1
oof,687,stead_event_00969,2c0ebff375cfa79fc11d2e5049898b0cb9291bbaac20c72dcba28702c1094562
oof,688,stead_event_00970,92c6a707ebb86bd226924425eb9bb8cf152d2e781e17bc8bd9ba723418a6fcd1
oof,689,stead_event_00971,1b0fee8c771725c7fe331f8d768840bf94b67732f1c60e6029b3ec9088b49dfa
oof,690,stead_event_00974,ab7e204649748d291112d95eed9a89f5e8ffa106d23f5c3dac383d4d1bdd882f
oof,691,stead_event_00975,e1bef8b05f88a1e8bf7fee747cf239506b9b4a8f276f79bcbe76508b6176b4e4
oof,692,stead_event_00976,105ad3660ed5845be4666859b4951f0bc667f95a1de4593f8ccafad05e8536d8
oof,693,stead_event_00977,d08eef3444b3541716079d788f655887e169de5fc2830ad28c9534ceccb69efc
oof,694,stead_event_00978,27e3bf20dd209faa54fe240d8304a219df9b17f20e8e57d358bc1d3d23b0ce2e
oof,695,stead_event_00979,1bc4a655107b50e76d2a3cc28ecfa51186a34bdfc0a20bfedd3e5041dcc51b56
oof,696,stead_event_00980,de356819d66a9ba09008a38acae646a7bd9b7462ba4247487763a94e63d9d0e0
oof,697,stead_event_00982,50b4083623a4bab30fa2722fa0a0a03fd6b039466fa14c55ee4c12d12ed8de5d
oof,698,stead_event_00983,98a81dc022040df9f410d77c0c8c23e409996bfbca3943b911b724489e5974e7
oof,699,stead_event_00988,13d409be003cec3c78dd30afcc4a06c4d125496a55097a422ebd43ca11025de6
oof,700,stead_event_00989,d3c8310b4255c6b095476beac408572aec92925b9f2cf029d657013c5f98bbfe
oof,701,stead_event_00990,cce8050d54675a5ca7533e7404c436e97e6ab28c6db51acdfd42b2488b338465
oof,702,stead_event_00991,0da93be30b96ef8f37a12b133234245e28729d333361f10d9003776345d9b385
oof,703,stead_event_00992,d04258ad656b70c823a185846da4907544c712f24c95a404779dc8fcf7b29453
oof,704,stead_event_00994,a5c1705f2f3effc795cdeb2a841a16cb524d02906de1ffd6c501ea748829c775
oof,705,stead_event_00995,a38b9f52369d52df183c7f2ec2bec93bfa7d2773c32713bd25daf1973969180d
oof,706,stead_event_00996,50b027b3a3cd8ca329df7ad4361c22bee137fbbb53808d6761d7b468cf90de00
oof,707,stead_event_00997,e78e288db92e94e68cb09dd3c7cda24f0e022bcf19656f805281057ab8f8689b
oof,708,stead_event_00998,00ea73cf1b81fda0367a1de0486879333c02665299027c3aced805ceb18cce8a
oof,709,stead_event_00999,40b9c6358ed77ce29e0974c122dcc9c857ee24f33250819e341cc14092a7e1f0
oof,710,stead_event_01003,a896dd15d5b6a27a10006d0481909a43235f02602d928d56c680a43d07493bac
oof,711,stead_event_01004,c864b5c995c9462767e0a2c09b20040bc7ab0c2a3068d25090fecbb7b2c91e89
oof,712,stead_event_01005,f5e09d4acfa7b0883b0c773a1ae7a9509a8a1e8b214d5cc4895ed1086e069fa5
oof,713,stead_event_01006,a19a7b35fa1b7d0927832ccaa16d0b319bd41fba094ea168cc03a6bb0d05188f
oof,714,stead_event_01007,47cac8a671e85f1e055f14c58abc0fcd24c8486386f58f698e4f0bcdc4c15d46
oof,715,stead_event_01008,94eb68ee514c26a9564567e1b9d20bac53374531f218147994e8d2a931de8dab
oof,716,stead_event_01012,fa2f0acd3dbe4d74cbfed7e745b4510f7f82074093d257e92f2d1e6aa63e3956
oof,717,stead_event_01013,217090e5d7e597315eb60ee3b04835005a1f148be68dd037c7a056c7f30fe965
oof,718,stead_event_01014,e60bf9cf5d7f40c7ebb153e4986d6e6cff440a206b0a378237660d251402e492
oof,719,stead_event_01017,56f8c7a2a652ef55df6cf7b42b82a285a3e67e425ccf9c33a2dd7842d4769880
oof,720,stead_event_01018,535c4c8c44475efaff213e3c65f609d671b5eca02f426920a25fac0dc20255c7
oof,721,stead_event_01019,7be8e2360dd6882726853c8b13f742538706dc972cf0ff362ee81e903a0539bd
oof,722,stead_event_01020,d1a24da1b5d015c06e90bcd0d9f2318c0748c3efca6dc0826402496fe1904cf5
oof,723,stead_event_01021,41a4cedef2e997510bed46b7b424860709fa6334a01c1bab5346006bd4bb7aeb
oof,724,stead_event_01023,eea1b984dc34d4f168425b76369a5e35ccd261f7cb26b4fd1782ef696e804d86
oof,725,stead_event_01024,dab7a196ef912d8cb5fc52267e1617b1359edb18b68ff3b59ef88e124e183809
oof,726,stead_event_01025,9731ebf7a50f03b2b12fe0ddfd361ec85009a86ebe235b8b8eddd237a3371aed
oof,727,stead_event_01026,672e9b7d3698a6d0be39b7f077dc5c6a91d9df62fc15d923f37c77be812d3287
oof,728,stead_event_01027,06845fb3b8eda9fd0e119de4760cf13ed5737edd768e9d963bcfbec86ff42c78
oof,729,stead_event_01028,870a27214580f89d908df812429b78c6162a3d2702ef49d85909113cac1fc780
oof,730,stead_event_01029,7a54c1cbec263a474994980e7baf5fdc68181e5a282d91e86a8be720c8faf12f
oof,731,stead_event_01030,67ba77d814bec42b938d31d308f28e0beacfdeb48157897f6dacc94ca1142b50
oof,732,stead_event_01031,177a6816f8434098ef4908ed9ef0da6f01dd5c0e0cf443843d579e626d7fb318
oof,733,stead_event_01033,600a38490d818fd97dc946351ad1bf18c68235f4c405e54b0f338a62bfc199d3
oof,734,stead_event_01034,e7736f2c1948022add1f210343fe45b6ed0af272fa8e207b493d9c1e8e70b33e
oof,735,stead_event_01035,0ad9436f42739b32e6bae47dbb67aff4487aa726393a0a7377bf5de057efbedd
oof,736,stead_event_01037,11637ee5424baf18b15bbd805e5d0f15ecf9fb260b1ce1c834f34b3c93b531a6
oof,737,stead_event_01038,b96d8cbcddb6667230f92194ec2abb3d4e12c73fd9965296ab22fe72d1070138
oof,738,stead_event_01039,554902f5565f7364688a980412347f70ad84cd486c9768f290391ae2ca5c5b27
oof,739,stead_event_01041,b0fd683f71e623e98e5c7a8ef38b34aac1006436d7b194ed2f14451a921f9529
oof,740,stead_event_01043,6c2d01cbeeb50057a469a3bf2d1c2393a6059663ae3cbf397e5b27f55839143a
oof,741,stead_event_01044,d6fba317dfee3c3184e9b5dd7a4597748c1973d2d0745609d9fdd4dac97bfd26
oof,742,stead_event_01045,8123c0f5e665b85da59fcebf76fbf281ceea0f75b1e169f6ebdf9eb2e2c88dc7
oof,743,stead_event_01046,d8a2f2ea66c3cb3bd6fbcfa01838c3b7f39c42a3fe61ea3ec17472adb968e0b4
oof,744,stead_event_01047,ff6e38735207022162ca3541dddbccc7c43b07d82348c2f506f569373e198977
oof,745,stead_event_01048,350712f6502f93cdf27afd27a24e6b6131c418834b998af81ec982b407603f27
oof,746,stead_event_01049,4cfdb3d4467311fe8fcea1790707cb717eb75ca146b41d0a1e2c404124a21db0
oof,747,stead_event_01050,54271fcf6a198209eadf8208b1bc048834ea1c84b3ad0c7c72d9ae8432823199
oof,748,stead_event_01054,f02b1f8bec8c29d056efdcfffd1b52fdf304b9df3e834392bd3ab35037b58a46
oof,749,stead_event_01056,abbe03c6b35ade0995d74fa037bdbdc8c16efadf2f3823455e604bb0b7470756
oof,750,stead_event_01057,03c19aff4182f17c0b49c016006bcfec3e9bde63c041c58e7fa2dca539f1ddf8
oof,751,stead_event_01060,bf23cb9cad5417149e8c28ba1eafac51e8cde2455965e8d44a0d056d418cec03
oof,752,stead_event_01063,94c2c2c4dd75a0d61d579b4ea733c75d08f3cc133011052a5716f96716813d1f
oof,753,stead_event_01064,da6a1993ba906494b57f5c10676c5c870c93de0212e1c6102ed725bc8d38c666
oof,754,stead_event_01065,08f0318232d75fcbf7cdb2cceb5c6974dab9e16f2de43196f3426435da34e2fc
oof,755,stead_event_01066,925612f2f8b01dd809946eb2dbd07ae96c603e4ee183b0c51cc8c601aa7caa78
oof,756,stead_event_01067,c4d4545c944b571932881331a9e2cdfdd158d757e68c7a26687d59e20b1d396b
oof,757,stead_event_01068,b98e3eb4bdabbef48a143193e2109f7083d195526aeb5086025d3c27f6b3c3ac
oof,758,stead_event_01069,74047250c5fcf6390d7f0ea777aa61326215ff80c4545f991cf2de2cebe14792
oof,759,stead_event_01070,04ca2cc5e25ba266564cb002802a5181a5bd2a315f2454033b940082bdab4609
oof,760,stead_event_01071,741fa78423f255a746a200f936d61d4f78ea8cb15764fe50e064f5cc6014a69d
oof,761,stead_event_01073,3e9a3cdba5705f7444013adbfdd746e66c19be8fb4f83898395f7788451e964c
oof,762,stead_event_01075,ae9832aff357929fabc3e71c06a86f28c3e3c334f30765c4ea57cfdeaa67a34a
oof,763,stead_event_01076,677a99edfad23056c6a9b9eaf74ca24248f63d33a06ecc96448cecccdb3d8166
oof,764,stead_event_01078,6627c9eada3e46ed2274773f56aa1f5fe2b445fae5588883be450a6cebb26a31
oof,765,stead_event_01079,86bb306f2f81d3594fc8c5bfd0abce3b0f986d688fa4485824ff17c8c67d8980
oof,766,stead_event_01080,d8613d094af6df3e5a644ba0ca312f2308d58c2b9264f93c73f3afa5c08a611b
oof,767,stead_event_01082,1c7ac98ed285d7577467ee2e33248c4ba42b1dea96fb9529966f2b1706993105
oof,768,stead_event_01083,341da5424d89d18a566681159ee30d8818409ba91cb59cc65da75bf346d43613
oof,769,stead_event_01084,3acea0ab21ef935c04a7f7a21f7036e6302d55248520388cbdafbf8922411971
oof,770,stead_event_01085,53986f08b36f302a9f061e7620e1a28bc3f35e2e0033962e78a97dab2b5dd808
oof,771,stead_event_01087,cae9ceea5fa1a186610c47873adc92971648b73dae6f517c946a277aeda2a408
oof,772,stead_event_01088,254930dce9132cc872fd4bf25a4468ff876d1542a6bbb8efd9a133417af2ffe9
oof,773,stead_event_01089,68675247ec605907e834a3991f38e197027f7efff9c138f8c1ff5fb7f2cc1b17
oof,774,stead_event_01090,e872bbe89e0b17cc40f39e28092b72134862e05f50f7744fa9f149d9d4db8d63
oof,775,stead_event_01094,1eeee4ac6f69cc56a22a10e204b711b081bb6325e1668f312b50b3894f2ee255
oof,776,stead_event_01095,1f4f6de885a5478a8d8b6f59b05c266465f1b74453f996cf1de360a58cf967c7
oof,777,stead_event_01100,77402543d798eac12e514a8fa33cbc18d5b3a471d78979191563d81c26ecb633
oof,778,stead_event_01102,85a504cf56be6098a4b8f93ff7e4643d34345c0e859fb7a4ddf193b40843ca72
oof,779,stead_event_01103,700845d631b5302cbd39c327a8497f2f60920eeacdb807bd1541f682a214c713
oof,780,stead_event_01104,603f5abf1e4c2e7fc9ff1645974ceea0795f2c177ef65a44180908ff61875965
oof,781,stead_event_01105,3f07bdd93b41c5441e7677bdb742ea48ac99757cda49d29ae1bb444f008d99ca
oof,782,stead_event_01106,cbc3544d647cc77a3f47cd9b701c459a7adb138c071887282648ec6aa064baa9
oof,783,stead_event_01107,d8c28997aa1478be82f8ebcd2bb7fc11d7a19c6b220448dc7402ea6dfd54c3be
oof,784,stead_event_01108,7d084500f90c8d60345ba6e677544fbdf0fc76d67bb1091bbbf4804264252b9c
oof,785,stead_event_01109,09c09e5b5223d49539834abee1c6b861dc473b963608182c233fa05ceac5d085
oof,786,stead_event_01110,14c117c3f0f9641412337e9d989f8e31ae4fb231a88ac53134dcd331cc32d7a4
oof,787,stead_event_01112,7babba7951360f3cc30c82746301752495d6d204c1d07dc8545e7be148b8b4d9
oof,788,stead_event_01113,e9b83051c843ee5315bd3e03cf7333d4ded5d74035ff7bf35bc7890a238f4dc5
oof,789,stead_event_01114,d3660472e1fa77fb7ae1a53c6652959d7f6ce7df5cc6378b7575629ef23402c3
oof,790,stead_event_01115,7330a0277507b72b8bf088473f49eb2451c265c0411eeafdb0540e78e63b2b0a
oof,791,stead_event_01117,ad6060abca2b6dc31a683dbd02ce4456819863c533a25c1de066f2737c8cba2a
oof,792,stead_event_01118,0db1702520de5b23d7b1abf1f977f441cc72e6bf5a7fb159826dc2b27d36f71b
oof,793,stead_event_01119,0b6abe5907734aed8a877faed07a9eb241e8bd683a809af66c4f3525f9fa33bc
oof,794,stead_event_01120,caf14863a0d881c8ec818ac3fe9b06303f2676831ff9d60f9d214b1f78417b12
oof,795,stead_event_01121,58fb2f1a1ac8d4db7a81f23d860cb66bb6766482b658a432b7bf6a1d68a67fe7
oof,796,stead_event_01122,0f4c34d3244d9865198e4d1852ef85035fbb890fa028e41baa325f53869e832c
oof,797,stead_event_01124,5f955a3d21c28f99c6d5f47400b2235bee9ba4875f6993004fd640913ccea069
oof,798,stead_event_01125,663cf08d76290075b59c012d9e20e868673799cfa8349e42ccdf6451854d31e0
oof,799,stead_event_01126,9eb4f51fe298ae2646a27706ff18fe416dcf03e2cd79e71c49788df999ee30be
oof,800,stead_event_01127,4b6aa8b141e6b2672f09b7e37dadfc6b10fac57b5b1bf557b232338e1f548aca
oof,801,stead_event_01128,88032b3e12e652f7b45496adb84302f37853e0686f43a49212e3e77285db7f23
oof,802,stead_event_01129,f1e02349597847633f5fb391a9b16ff7b22090ab479af5d2fa6631f528eff220
oof,803,stead_event_01130,e262865aaa2def116bed0aa44ee106dbcca499f2739088e6d9c403719f5f3c2b
oof,804,stead_event_01132,90c8acc14573fa214ac4a4785ffacd82df8ece49ad1187b23112acd35e2c19dc
oof,805,stead_event_01133,bb62b70b51f67c50976f92ec48d8f818ab29a0103a0581fe562ec54f85b808af
oof,806,stead_event_01134,b672d2f97b548f0ccfd1660211126f17f7a81c72f1e15c9bd3047a993a21a7db
oof,807,stead_event_01135,0781424d66bf65ecbedcf80a129815d9362e148fd6292a3a2a8b2051ef7925c3
oof,808,stead_event_01136,8c171429150088b91a714d077b153f5f497fc216fc20c9a9d23e7b5045f11573
oof,809,stead_event_01138,02445c14f4d5f4600f0d292e0d63677712f6d44c7356b99d265e445fa89509a5
oof,810,stead_event_01139,0c8c51160b403265361b1dd9b0220d3290077fe660ddf89cc7f2dcf4e0aecfa9
oof,811,stead_event_01140,e050862102ecac52e4b61203261669d3d9698f4e1c0e0f7eba133de1987fb756
oof,812,stead_event_01142,7b3af82c0d6bb37f3f2b884fc62651adc8b5628e5ad2656563715a762bcf1bfd
oof,813,stead_event_01143,7fbfbc0569ecb5fa716a24f0e06f97beca3c5743fd6ed06b055cba8c339ac3db
oof,814,stead_event_01144,03e5707b8a2c26bc7064571595bd04d1064544fbc1645aa94fa9a1ab100328d0
oof,815,stead_event_01145,4ae661228d69299e141355fdd27b49b3d0cdb009fed434ac2948416f9bc1e1f0
oof,816,stead_event_01146,9510b9d4a7078f6def2a380a7ad2bff15dbae1a2d288b7bd971c1d6b6028b648
oof,817,stead_event_01147,a7983567189820afbbc0f325689a58c670c58f46640dd0c178ba1e93eb3ed66a
oof,818,stead_event_01148,e0a5067adf2777a9caaf9e9eac797917756facf9ce86769d77af03cd381371e9
oof,819,stead_event_01149,fc4b77240811360c6929beb7bd078fbc57cdbaec9ccb0b00d72fca2f9143300c
oof,820,stead_event_01151,11ce906ab8e2b9bd971c75bfd0b3474ee13f41dca364ab76023c3fc6992b15e5
oof,821,stead_event_01152,7d0a7be3644430c0776381cd66b0f6b59c6017e3c0a9c06ef75545c4e5f4b5ea
oof,822,stead_event_01153,b3f2d6e598f014e9e9950c0064754ce300c151a2ec8374004a30f1cc080cde18
oof,823,stead_event_01158,18cd1fcadcec92a3c2348cb3119b8e16a152c8356e206b27e6e6cb066f1c95e4
oof,824,stead_event_01159,8eade070413cf3a13fe4533d90261ff92304eb9135b4ee905d482515d970d013
oof,825,stead_event_01160,e9f58d5dee1335c0abd998acd3c36118be898f4894be7c130688143de8510b8d
oof,826,stead_event_01164,950fafce4ebffffcc4c76e59072b6796f18151608b9a8abb317828421c2cd27b
oof,827,stead_event_01165,1b9092a087325bf20a059a66b9d2b4ee175117e5f135880f4e3a6c484f40a9db
oof,828,stead_event_01166,dd0a7a9a20ba5432ad19649e0191811d713f1a4c33e2ee800faca99db62355a1
oof,829,stead_event_01167,94b61c5ab1ea82b57d940d84a3341f3aef4463c1c435d4c950e8fed128285dc5
oof,830,stead_event_01168,cc9c01fe8ddabaf5c17fc12576febe0708db4f9c8eddf4d447462fac1e876098
oof,831,stead_event_01169,98eff3d9a66fe51b4d0d18a7a6dfff5a1dd3a59ae64a783f023528121b9b8f54
oof,832,stead_event_01170,253d4fe451637afd3f2bc495814de796337b8b72a21e17f173bf38ac88a49d34
oof,833,stead_event_01171,6cbf1f8c8df41cdfe4a13ba026f1621b12aa27085efd6e7ec5a09e18e217e7c3
oof,834,stead_event_01172,7d24762c60d66dc120f8bd4c0eb3dc45b66acadd9d05baab950cc4931fc51f3b
oof,835,stead_event_01176,e452f5f4fd67e0c011a9c50799249ad79e40d823b84282f5644f1a402b011716
oof,836,stead_event_01177,abba9f61455242670eec4536eabba4f56f97c57dc751a467e13b261236608c8c
oof,837,stead_event_01179,3334431f9a3009558fe6926f0d084833fb8c0396db129ffc83a97119bba1bfdd
oof,838,stead_event_01180,94a11394251386d8e6fc215e98558b235ba24b7cfe6bec50deff8aa3ceba3ded
oof,839,stead_event_01181,3ca228176c53b892928ad8b96d10550d7de349644e61a04d7446f1539948d0f9
oof,840,stead_event_01182,f7f6c7bdca48bcc9aa5b22713aefb7cf70f82719a0ea2d43527edac63caf51d2
oof,841,stead_event_01183,d9ee78848b09adfe1ab7adb7aab21f58de456885ca2e61c67c108224bd91fb71
oof,842,stead_event_01184,dc65e1a6084dfed1228d02a24a6f20d14c0ece0ffe64eecc4d29ca492f5317e7
oof,843,stead_event_01185,1e39aacafcf0b03bb3a108a01496776d97965f58cec445f641d4fb0655f746f9
oof,844,stead_event_01186,790ae80e49b110f649113025d18ac308caa0b991b9d826eabe5880da2564def9
oof,845,stead_event_01188,728f2a0632e6e9ba944c77da68a0fdf8a8b5904260f8b9588fa0769ca715c9cf
oof,846,stead_event_01194,e14bc144a83ed49abb99d4f4fa534636da46fe404d40b59d37072e3ba1357478
oof,847,stead_event_01195,bfa194feaae75bb620d8ef0aa3a0e060f32dadf85619c4d231d56f5d46fbf4f3
oof,848,stead_event_01196,d5b2fbaee2f36dd22937f16ea97137cebc5d5f2ec609d04adc34518ac8cd9950
oof,849,stead_event_01197,0dfd8a21ec450b1c0401439b9e5096c151a509802302b2ddf146bed95e7f3aa9
oof,850,stead_event_01198,6fef95256c9935907c57699159c6a524454ddbe8d8f5ed3e460eb4ffbfa12b59
oof,851,stead_event_01199,9a5e5b39668bc09dfbf12518ee52709cd55ace150add4cb9ca9eab43428addd3
oof,852,stead_event_01200,1adbde9c12d900ebbc4d8e9a54a282009b13ece44131188086e1234fb004b56f
oof,853,stead_event_01201,da6ba95469239200b1b28721c2ffccbd66617eb6e1138e5d9c35f3aaec9916f4
oof,854,stead_event_01202,cf1c4968c91b7c12d3ff8dc9ed820fdb0089319c02d34001bed774a9efe1ab8d
oof,855,stead_event_01203,116226295912bcc3dff25177d8007a04e7ddf374cbcd7b0034311eb87ed745fc
oof,856,stead_event_01208,3a86092a38bf2cac03dd494218223cf101577844290c3a007495bd24513197b3
oof,857,stead_event_01211,8a8bc8f78e15940a930f934e8239f014940f278933327ae81bf4f108136eae44
oof,858,stead_event_01212,6780dccf39af9f9aadb6d0e499a40f968580cab6c301a4746c01c8ed4a9fe18f
oof,859,stead_event_01213,466700e64d392ff81b758f7447e95e1f3c1775e2fd0c05bd3755a7fdcf8b4ed2
oof,860,stead_event_01214,81c588ae06a05502dbcbf4d0f8882e78ffce98452ab519e0f949d2e812e9ed1f
oof,861,stead_event_01215,9bf41e5101e4f3068228c49d0831c15f57bc6b3abeeadb83cf29809cd8849f57
oof,862,stead_event_01216,7eb5502c03fba087318be7588a2a13064fc2347f4ca27a17da2e2e90be71dac4
oof,863,stead_event_01217,837ab29640b2347fcfd187358abe4d0f90728d3f484751829ecdec09ba081850
oof,864,stead_event_01218,9905f427a5ff2614afd065d4b3c2e7e401a6e5f92cf340ef49f9f8b0dea59718
oof,865,stead_event_01219,04442b260314a765f44ee2be1fdc710e52dfc4dbf560a44708b77aa4c7797278
oof,866,stead_event_01220,6b3e45a7cc41b59e6ec8557bd31fc203015c580b816d684dd0ed07430f3821ac
oof,867,stead_event_01221,a69f56339689f2c94aed1d6a217212562919f47c1f2d78176642026738bd7e6e
oof,868,stead_event_01222,ecfc4ad6f77820fbcfaca831c3053dcdbc973bd6dfd06365e774dcf97cffb3bc
oof,869,stead_event_01227,88e07000587e09aef853238795d320606d3a21d06f6611d748c37582428dc3f3
oof,870,stead_event_01228,ccd8f0f77dac7f08acd5243d29fca5b24425a9d099ca834a5c6f3dadb1588e60
oof,871,stead_event_01229,4d30b84561ae6455eca7d1ec3ac53d51ecbe58a6476254042dbb4f56671e45dc
oof,872,stead_event_01230,4e375ea60eb8da0910e602a337c323a5f17f9bbeaffe5e300c3688302cd6f41d
oof,873,stead_event_01231,e397dac4df560f6982bc8e8409f8849fb74163a2083b76f58f61b6201cb7d919
oof,874,stead_event_01232,604bf9b9bbdc5daa0c59c34ae9f43447ce0b619bdcc6df28c748e52817c0f9ff
oof,875,stead_event_01233,a481930c4dcfcf0397d98ca855bfe5cfe6e531eecd811c32b53c0d89a3df2c91
oof,876,stead_event_01234,9c471d55aa87bd941e5619b9177823bd43f28c4a7d158de52a5683c42ba6e48c
oof,877,stead_event_01235,419bbfc79fc15777772d87e21e34e15fc0c882d48fa63ca9a982f2b71def476a
oof,878,stead_event_01236,e16ab9af9c6c7dab3041cd7ed0482c93c10df34f752461bc0bfd10b8d761fae4
oof,879,stead_event_01237,d2c84646312d54c9890100a673839f7be1a7d398b6e01480aacb48c5e0ce017c
oof,880,stead_event_01238,6583eccf19298f829df83207ec55396b921e6b08cbac91c28679c562f9c5133b
oof,881,stead_event_01239,436d9c3c8acf52c7e74002875d076e33af4f2c806de8d6293427f353f5a6fc36
oof,882,stead_event_01240,8466f81a301e183395326cfbed6f1bce15f8d6a8eb4f608acb9e9a07745573e0
oof,883,stead_event_01241,2478d9ebc1949bc22f7684628fb44cb7c52c4710fa0a4f5a2870adfaf0f607f8
oof,884,stead_event_01250,48f4123063e4fe758d74fe86e3cb3d7c529ba9b6c0c7193547f24741c17fc5c3
oof,885,stead_event_01251,e431977f45a34747a2a8bada941d6f6e1ad6ed5c1ed203cd74b381f35d34e543
oof,886,stead_event_01252,02502f973568a3aad5b6a6ab4d3070542f72df3be3ef2c16497fb3de97ab92e1
oof,887,stead_event_01253,e152b1de1125894c894feae2359f01db840d76bb3e258faa9378c31e5a8912fb
oof,888,stead_event_01255,136a176cc78bfbe26cf5f51aaa52cc4c156766e28fe3e8cf4faea170476a56ca
oof,889,stead_event_01256,8089f9a6edf7df9e45f5497ef418d1713c4241923a9c19e3235823fa5d7c6d9f
oof,890,stead_event_01258,2c40822498ef3296270d3a257bc01c9c99229c0da92e3aded92394330a52236a
oof,891,stead_event_01259,890d63cc634b0ea754a20a6f8f8be85b05ba5807dd6e7e888d341b7d8a984c6b
oof,892,stead_event_01260,fa09a943256b94d45f7d71f6c814809b0d2e490645257719b3b79898f24b8771
oof,893,stead_event_01261,36ffe5bd9a14b8cf7e4d22df5a6869444ebe33c33fff1e9a0b2f0bafd534ab9a
oof,894,stead_event_01262,092335788dc08056ceab3d0189eebb544b4f2aee5a59d08a3adf3e136656605b
oof,895,stead_event_01263,8be9d3cfafec77766007fda45823f25c57a6e3283ee713a6a53211f19eb00c7d
oof,896,stead_event_01265,5998d04d0423cff8433d1c9288ea925784f64e3e80534e8c214112f33b5d4a8c
oof,897,stead_event_01266,c13f48c82b637c70a493e6470d4e8df9d8451a7b0280032c733116ca930c3640
oof,898,stead_event_01267,06bf82153679fd48c128f1796afedb91fc4ab55d265e1d898d8b57df848ccf00
oof,899,stead_event_01268,5a78d54ff708c283992734ecb414d35ba6941107662caae729c0ddb60094a502
oof,900,stead_event_01270,23e1a3bff69808a50e6cdde4c89e0c1fc8fa434ac4179d09c0b2f9c60c64d55d
oof,901,stead_event_01271,e36a847d9d85678571a49be2f4ecd827f9fa11fc86a35cde114ea672e0bc9cd2
oof,902,stead_event_01272,271dcbbf6e007e5ddca78fa1f0938134f38db2ad821e6be36cd0d141cae7af75
oof,903,stead_event_01274,2d32ac09396d2b1da236ab7f6ff296b2c8a64f568da80769b09a7b52c0d5310b
oof,904,stead_event_01276,c6ed6954c08cab3a3a808e5f3a8f92afa1ba9c5ff1e5adc154cccf96ca00057a
oof,905,stead_event_01277,4860a53f9bd8d6ff2588528e33e664ddd0d5ad2d77e4a72525e37010610e82bc
oof,906,stead_event_01279,42870735771837f5b9905f967fcfebff3a21698bb28d1f5f0b93ea6469515073
oof,907,stead_event_01280,b02134467cf4df185a2d1b900de006996f4d10b2c7f156d0bea872d82441e0a5
oof,908,stead_event_01281,bbb8c2d4c7a4485a865ad4debc4850665464a5f8d9fe7075690fa3a3d4a89785
oof,909,stead_event_01282,c9b3ad66164d1557e14bb56e6f3e2added5500ba5372af0915d6aad9faab10c0
oof,910,stead_event_01283,5f9bbd79f03a7493dea0461800e2478df36dcaf798cedc23ed04a8c40858cb25
oof,911,stead_event_01284,7bbfcf81a1229c4660aee879485ef990b34efb29a19eff4e8e493afe238ed843
oof,912,stead_event_01285,ffa4f19665185baa974c8abc9c82df39801275f5a93650feee2b98ab3b798bb3
oof,913,stead_event_01288,2a4aa8408a4fa6c15ac77ecb2dab5ea455f2b4da8c4d5618c8ba961d15e1dd7e
oof,914,stead_event_01289,02ec22ffbfe94b6c84e8d800c4f4382fd1143b6b5c88a4b0cf57d07ff8c46522
oof,915,stead_event_01290,43ba97e5d4dc1d4c40d8ff07e93f7549104648b4a4ce5aee87f453369d1cbf76
oof,916,stead_event_01291,05bb0e3d160b55792b96b839aab49909093b088216713929bf917f84f1a4b262
oof,917,stead_event_01292,a9e8647fa6f1f989239d024c863cb38d5b50288a10b939c5ddd6d09682a274b3
oof,918,stead_event_01293,f35676f895930e7aef314ab0d2582324c206005964d9b09411e25dfd308ba3a7
oof,919,stead_event_01296,15c7583ab465b8ab119a62aaa546ad30d8ceb10fd66719e079ee0251f1286871
oof,920,stead_event_01297,fde3db8e1625eb29c4330e77c671c9972d3d6e83dbb72f36d0f6e4ad8cf1222d
oof,921,stead_event_01298,f7892c9ae9eb306dcf5cc49faa4371c35be84fb49441ddc076c56b60f055bbd2
oof,922,stead_event_01299,0b2ccde04e2b1db8c8d9c7ba8f964db0864f6676a86fbada26453e3dc9c29c5d
oof,923,stead_event_01300,eab20da28e073e2cbe2d31ff8addaa5fd22557233c7dce7a97b7a53ef8b4bc60
oof,924,stead_event_01301,cf1fa4dfac87ecfbe372f8c34cfc06f2a61c3c023b81c887a34a3067867d32a4
oof,925,stead_event_01303,ddf68cecaa8ffe8e8df5511f386abd23f18d916d00a83939330ea84bd5cc604d
oof,926,stead_event_01304,252aee20b782721f64e9524289be9a8a3ca8540266c386f9691da12af695481f
oof,927,stead_event_01305,9a53dd1c35d64f0a7138233e7de113f348bf5f434c56d05335a691451d44a15c
oof,928,stead_event_01306,f87b4be7ba76c6aae284acf1524035c127cec301f294f5a274a969f1e54a0280
oof,929,stead_event_01307,cb7e22efe4cde3123ea80f9e97c2a2cb3fdf44b0586006fd9b68a24eb48b994f
oof,930,stead_event_01308,802c8c5dc5564b175dffcfff7838a59adedde855ce0168cd82741d3e0a788a9f
oof,931,stead_event_01309,c1770cad1ce07ac337026cc7fe2f80857a29ef909785c1a7f0dead9de91f1d77
oof,932,stead_event_01312,3087359ebbd4dd51474ec2590097071a0995e6378cc2aca0e3669dd69c49456f
oof,933,stead_event_01313,2ce6edbf4494363f6335d5c4c7da322b90baa3c74dc07c82099f89928e0bde44
oof,934,stead_event_01314,086d8c4e9d80ef9d454c7636768522dfaa0ae694c2cc796d40e05e1cb4364a50
oof,935,stead_event_01315,9f01f25c0d3307c901c88da10b8fd84b964d3704ffdeeb791b4b28b2ba236439
oof,936,stead_event_01316,caf33c315adf1ba43b1f96da023bc1bdf073534ac44cb568ff5fb31071410026
oof,937,stead_event_01317,be1b7fc3ebce75ea822fedf95b2e7c4969299b47956a2e579c9eb00bd296bf4d
oof,938,stead_event_01320,b9fdfdae4be69978c52adc1183f5a2e9c6632e30a284d4d5e3e11b5fcc099059
oof,939,stead_event_01321,2b5b15991004744972b3045b000277690002d13faba131a4572a98ede0a31cb3
oof,940,stead_event_01322,8444adc3209d8f21ecada525ad4403ec79f0eb515d6a9bc23ce1d929bd1c433b
oof,941,stead_event_01323,dc003a24937316ef5843ff1d1dffebf4a21fc020604fe1f6b080e5c727f7d965
oof,942,stead_event_01324,0024837e977713ffda8f04d09d959c511fb1f6020f6736ee9980c5213ef2d962
oof,943,stead_event_01327,022e5d4c31e58aaab5c4ac9cc99912818a62649665f00cb8bf7b301270e52811
oof,944,stead_event_01328,3944633607cd96450147eef921e3d36374d7f276c7e6c7bf939f73b5cd13fced
oof,945,stead_event_01329,05cef472d81f0e4a5d66ba64716c1abe55ce82ecd7c832b0d117adc6c4d66586
oof,946,stead_event_01330,4dad827d467f72a2684a8a9d4420f05d7cf7e1e97f7c2f27aaa4c53a454ab142
oof,947,stead_event_01331,b1380ff8af7555dd4fce7db598005f4c80235fa3f7a5cfc68db18643e51afbe1
oof,948,stead_event_01332,428232b30cade7addb6b5618cf16515495a79f2d692f81864a484b6556b5ed54
oof,949,stead_event_01335,70491107623ef96c290c9bff73a87ae13a50de08bc893ad04491bceeff93320b
oof,950,stead_event_01336,fa28aaf33f7b81956c9520a9239d745cc8cac70d0cee3b654c9a78e770fb8af0
oof,951,stead_event_01337,03ef0d06ac4897fe1c076454e7954f4c30479bce584424cedee09c768faef1a5
oof,952,stead_event_01338,b272a22d26946731903c3ccff3a8dba73d986f70ba9574644a595ab3990e53c4
oof,953,stead_event_01339,a5b6c250d8dcdbc932693276e8954a595957ccd765522fb1df1d5d6fefa0882f
oof,954,stead_event_01344,7dc6ef5bfc372031c9e7d2732de4e73aef4483a6de5e797c95cc75330b110ea8
oof,955,stead_event_01347,95ae42e76b6cd707828f27c838059b98e62ad30af09f6898260565ce1b62acef
oof,956,stead_event_01348,c4b499df089646416498209cabeee0a469e24ae896fa70c13b1bef3bb690f342
oof,957,stead_event_01351,b044f998d25629be6727379e5ba6aea860c63daf71a87b0b1d0a0b57ff7f1ed9
oof,958,stead_event_01353,54b30d15d7ab13f4009b62b02ec8c228fa7193e37f9ba5965fe5f6c18442485a
oof,959,stead_event_01354,3e1e82e41f6ebe02789c18fc86950089bbd3d2398bc048e75ad3f74fc8b76b38
oof,960,stead_event_01356,b5068cbd5fc942273ecbc759301e7b6aae7bf5138355c54b22fde81f41a222b1
oof,961,stead_event_01358,3fa38da01eea6d390d26472be5ff8fb5967982ebf61ae6c3ebc1cbae4c22b1c9
oof,962,stead_event_01359,4b6ebb6159822386e8f758ef3a4b1127de97a907f76db18f724816fe37245a0b
oof,963,stead_event_01360,7ebbecbbe7b0b04ce36b93a105d6b32c747c6d44c58e6b961edfeff8ea6c6e6b
oof,964,stead_event_01367,139103ab49bb420ac22f0fb943b0a0c25f935c9e3379e4dea0f5bb579eab922b
oof,965,stead_event_01368,5da601cefe090721a03d4c4c10b452c4c2e3af0898c483414dc69eab3da6b70f
oof,966,stead_event_01369,106a702e1d5b27c147b8421fa701437e261fc9cee1104eda17a4006903ceaab0
oof,967,stead_event_01370,4ddd70056e9d7083e3297876053dcf980ee41de98c4388b2b0d7e0fe5bfaeeae
oof,968,stead_event_01371,83bdee2ae4f3a9ef28533f497774d85587e06388b3b20915846eba76ee9891c7
oof,969,stead_event_01372,35b9a94d94c3d03b360f3d5acd34cb833b45be559caf3da25e43ef0d4fd4a039
oof,970,stead_event_01373,1b2df16a0e8e0a3c33d3414d4c3671c45fa689db9a7291a4d101f81b8c0fe7b9
oof,971,stead_event_01376,b75f29dbb4342039752b62e3a4b32e18c8bd16010136c8da0e0e3e1b0d683b94
oof,972,stead_event_01377,9dbe0dc2d6c483868f9f06aef2cfd2517186492adea99a28d442f315ba3b789e
oof,973,stead_event_01378,002aba84db82db3d5170820d634764e1049e50c70ed578f042065b3cebb7b7f6
oof,974,stead_event_01379,eeb98965e6eb95c5101d5ab19ac8ba6254525a4112ab09de6395a0b8d39ecef1
oof,975,stead_event_01380,d3d3bce22e38e3f830f9d7a2134a1d92f2e15293b0633222a44982ee74cc7189
oof,976,stead_event_01382,89fa0caa2c86d282de0d38ecde59db3198567b8129cfd65cc0bc530e615c1eb1
oof,977,stead_event_01383,1af7888c79e56137f3129a151b1faa6dbf9757f6fdacd8bfd9eaee75dd8d3a06
oof,978,stead_event_01384,ba2d2fd181a14bf8c007620d26b45fbba1d2dc36239fcea103d0e98031747be3
oof,979,stead_event_01386,9435e9d5265bbec803304eb319d375e3626b3832ed5b40fba6cb3d1b3ec00bf3
oof,980,stead_event_01387,b28ad0ef58ce9526509daa3682b7fd2026b7edb1c9c68f3b10d792937d594e51
oof,981,stead_event_01388,b244f2211d542ddf0f31d3c1b23daf4676e79ae94490c7cd5e469a4cecabedc1
oof,982,stead_event_01389,f5d5423b749801e82e202c49cf98dcdbd814eef1477e2ac15c0ebaa35ee9c398
oof,983,stead_event_01390,5b46ed0eeb2a6f8e5c4297686b1b4c247bd7ab97675197b36eafe6d4d59434d4
oof,984,stead_event_01391,766b27873a0dead091fc9190396e3ec5c202893649f297ed976be4f0f404711c
oof,985,stead_event_01393,f8fdd66a4e2add92ce7b267cf4bf093da4a1a98abc60e7342cd058c39c0378c8
oof,986,stead_event_01394,62009b0d6416e0ce921a0ad0a4d97217d0d5c8d172476de99af6f68b083da919
oof,987,stead_event_01395,295edc63d930aa977802c1ec368c77fce15900339095e9bceee5d77e0819401a
oof,988,stead_event_01396,56359a9d215610a3fb2836b0a7a1b1b2e719336c1d4c7634647af848edc6faa1
oof,989,stead_event_01397,201519348fdf5c9d9c476ac44a5e9d2ae249ea676de4dfa3ce9cf92a96bd7ecf
oof,990,stead_event_01398,6786e8baf3e7c5f4bcea69245bb9ce0f28674b18c60e3998b41ff780f4521aff
oof,991,stead_event_01402,6b9755446af9c8eea0becccf6c42233c1ef4766083b546d6adee9e4a61f7a379
oof,992,stead_event_01403,ce42a050fcfb844f7ca0c4f37d1afc43454f165dc1ad3fadd986d606f4b75b3c
oof,993,stead_event_01404,6a10f73d2a3d348aad54cba33899f912b17bf01637212a37da037a39921075b3
oof,994,stead_event_01405,301ff909f3f2c638441004d96b6d1628ed9bf93f3630e009ad87614649ce7415
oof,995,stead_event_01406,db0459e91e16b18837880db5045aa5f5bc3ff09625e4312ee0e18460a46371c1
oof,996,stead_event_01407,5368461ae11080262027214994c893c611440624ad892dfb0435d30b104d6c25
oof,997,stead_event_01410,4d1cf45b7cfdacb20c9dae8fc0db59a01e12cb1aa2d9176d63de446a21e7e11c
oof,998,stead_event_01411,c30df5f24391a926ad819b2fb65c32434a24d7c856828af3cd8269aa62972ceb
oof,999,stead_event_01414,7be2bed7e3c56448cea99ab5a1f7138cc4ebafd7de29f114e23a5fc71da25a9a
oof,1000,stead_event_01415,b9c198eacca7d4ba117fd08d340b40e2b64f737835fb314c52bc18c2884deed3
oof,1001,stead_event_01416,69536eb7cd9c3a0b3ad9cffe6f466d6df6e565132f9e0c01881e292329730c88
oof,1002,stead_event_01418,241f0cc4cf75b226f491243d6a173c37ae404931588d745f168497b8eb0b86eb
oof,1003,stead_event_01419,0d9ca97624cdaf87d02eca1249ba847e8bcc35069100b2eae3a00529fccbc266
oof,1004,stead_event_01422,ec3e240425cba691fcf153038d7d5d0be4f3e64d2f9e91e5c8ae78f61f7fb3ca
oof,1005,stead_event_01423,13eaa6bd50f778e206be474fc6feb5adc81e0e736bf939c95b6c1046d202a3b6
oof,1006,stead_event_01424,8905fe13330886f48b852337b2698e18ad2413607f3657d48ddf7694e4861504
oof,1007,stead_event_01425,d54c7508107f2f6892c174e6417f2de32ec04573951fa60a0d6d68f1f1cfe8c3
oof,1008,stead_event_01430,759d9ec0ef97c8c13845c2258cc47c395eb6a5c6d85888b657ca2e4c43b0c367
oof,1009,stead_event_01431,8337b429ad8cefcd8c4c5c094eb2859f60dbc626f8ca5b32edeef39e1012132f
oof,1010,stead_event_01434,4e06b8d63f4b890195858eb40514a3d0c192e2cf87ac250038129ba0e2edd87e
oof,1011,stead_event_01435,4e92f48f994d255b57f0c22d8feec52ce43f8f00b1dd500cac028d9af7192bec
oof,1012,stead_event_01436,0a160a6e52e3c0235f7f71331b7467909bcd53ae0dc42ecb69d648449f8aa879
oof,1013,stead_event_01438,bdd76ddb0a79fc292bd06189484feff6712a304e546e5c53547644e82f2444c0
oof,1014,stead_event_01439,d0d0c686323d9578afe15749861b5d0729d2919e6085857ca4dc75467e36a430
oof,1015,stead_event_01440,ba2b7f32d596affb8debdfdafec11bf5691521994185f0664ac238b1bda0a7c1
oof,1016,stead_event_01441,e02af0972071f5a79398512e6dc6a245028a418deb741b1efde5a85ca973db25
oof,1017,stead_event_01444,2a29a643b41231c5e8cf50656bc901302da515505de5aa691a418d8ea36f730b
oof,1018,stead_event_01445,d7e69d50fda11850d7bd87b95dd278d21e764973fa0d09046deb18437265b892
oof,1019,stead_event_01446,2f1e45ae39b6fbca95c617e74f0275929cc0922219395b87bb32118d3932218e
oof,1020,stead_event_01448,74bf7cd94d7d43e5bc4275643406c097e21efedffa2ccd692289a0cf247af5e8
oof,1021,stead_event_01449,94c63d9beff3312dd2741e110113f9f9018a026f9073c13b4d21ba78e8fa1cc5
oof,1022,stead_event_01450,8a00c0a51de7d3f3246b12bc88bab96cb75a240f82fddd9fcee5a9935317e466
oof,1023,stead_event_01456,44fe7458bf8b2a8caa4532a9aa830d714306244907d25027090f72fa659bc399
oof,1024,stead_event_01457,5443a55407e804a0f7a04219d264221be2c815b5d3a67de128b4c2f6ec25d689
oof,1025,stead_event_01459,f8e1050e6c49845db8381d113d24e0b19cf8c61a8d747ee94396196ee9ba94bd
oof,1026,stead_event_01460,67149b1b2b1df43f29f1d405cf7974c4176a11c2fe3ee3299104ac9ea44e3154
oof,1027,stead_event_01461,859eacb4632709d353e0a155e352ecc435ae9dad784e21987f2e3fd5bccc4e13
oof,1028,stead_event_01463,4de65f2553e0627ab1519610f2ab9d3695cbaa611e0302c0993d0a2050caf60b
oof,1029,stead_event_01464,2702b246493ab1102aa33b7cfa3790dc59c8918bd4c9254c97c1443d4d694cdf
oof,1030,stead_event_01470,f3ba5e7b4b1ff3005e80b7c0210fd94a8b89ee26ebd91fc0f448f27414c962bd
oof,1031,stead_event_01472,b9aa9ea2b17ce4b19f190b7848399c805d014ff5207cd83d663179f78da7e372
oof,1032,stead_event_01474,dfa99900cb957f189508ad24496ee84c4d580b7c9e8945ed5512992270362e37
oof,1033,stead_event_01475,8c2e7cbad7074f585cd504a7c1a23121cef086cbde5d6cf9fa817e7d3063f970
oof,1034,stead_event_01476,f1381cb65cabdc4abebdbd06e81f85f17e8ead3bfe51f7464c376620531e2155
oof,1035,stead_event_01479,8717d043345cbcb0e7477001018e6f3d29982b07c6764ec8f8bde0e743ca36b4
oof,1036,stead_event_01480,bcd8685206cb6f6f36a8a267cecf5dd8a8dfd07a659ab5e1a24871ad1139414e
oof,1037,stead_event_01481,2e42b75ea0e03a4f22f8ca70ddfa4e614f9af163d544b1f282e65a562a6ef2c0
oof,1038,stead_event_01482,2d5af378a0ad8917effd319df6cef7f975b1a0d3e2f3c3569ff0c4ea0e9c58c1
oof,1039,stead_event_01483,060dc1d9c6bce365229014b6011a53c52fb1bd610f7acb242785760fef553f98
oof,1040,stead_event_01485,8d18c1278e7865828956c1f83f0c103cb1fa4a057c8fbd6a56ceae9a660d9d0b
oof,1041,stead_event_01486,59f5cf678099d3752196897e8b55960ad33ad77001736155606b98788fdc57c2
oof,1042,stead_event_01487,f726b1c6b010edca63d0f945dbaa7e1e62ea0ea1ddfc1d533fd28f433f8b9e71
oof,1043,stead_event_01488,a1cac3b6574cf1f3ca3b4f7b520c4137260c16d287828b3b29ca45f5644f7a5a
oof,1044,stead_event_01489,9100516197a6988f67958bcb6287b70a2f1f35dbca85853ce91a84a4fb70a625
oof,1045,stead_event_01492,a22e8c4a78d086dc79b2e586e80790cce34969c46eec77633cf16bb2738f191d
oof,1046,stead_event_01494,858712a5d48f92f73a7e35793cf791f0ec597498ca9eaf2acecee35f5d89bd80
oof,1047,stead_event_01497,b7923295eae6439ab8372ee65fe91340503873ab87e9ea154707e66fd1d61046
oof,1048,stead_event_01498,5331020aa7ded0808eb7838e3a28e48aa6e92265b4705487ae54bf5c574893eb
oof,1049,stead_event_01499,a8aad9bf526f41fbc3431b0240d3252adde03fdfa48c81f4ed3f0fc30154aafc
oof,1050,stead_event_01500,1e824a39ae0f106f8f3c79dddb71b21a4750c773ccc79d78a761c0f61a4bda74
oof,1051,stead_event_01501,4ec79910f74bb6fedf5cca4e337030c1e818e6794ee2e81011dbbe13bfafca06
oof,1052,stead_event_01502,0ac614858b5b1a920c6e963df710dc5f7aa83acfca9af73c5bd4ff2c9333cc70
oof,1053,stead_event_01503,ee88a575f4d3a40e82b5e55bf30c3b20fc90434bd18d6295f2bce577de068e41
oof,1054,stead_event_01506,010b6e9070898662b762f63aa42e1b585dc55ba9fcf077f5bdaedeaf00f8d499
oof,1055,stead_event_01507,6115a298155b640e263f05624c7d252ce2a19dce7dc7ae46409bd9559a916695
oof,1056,stead_event_01510,65584a831a99c305e641a2c28b069555d230af3d5ee89975b6dbf79123ac8531
oof,1057,stead_event_01511,bb4011fee7d81b944f5b9c7205bee629b16cdbc715834a5bb77c119c9c4cedb8
oof,1058,stead_event_01512,ae16eae95638d21cd93548e8fb1d8fe448bac36aa01c8a078b5a17e8dd5d8e4d
oof,1059,stead_event_01515,8e6637045db72fb7369b63d1024ea5881ce3b6a530a2c9decb4256917b7b9b9f
oof,1060,stead_event_01516,677185799535cd3160bf36e553f5ed5838972a38358342580af233b4cb68d00b
oof,1061,stead_event_01517,76e8f0da04c2907779eaeaad3232aa7f9d5575071f9ad47c07a5ff38cb87db8a
oof,1062,stead_event_01518,4cf6c6b6de0c6d6ad7565db6ca4423cdbffcc397ec0cafbccb865e55fdefa59e
oof,1063,stead_event_01521,b9711a41fdbcf8d2cf50179e076aa62e517fccd393871859b8d30ca4368851c0
oof,1064,stead_event_01522,1277adbb62eefb18ba053e703ab6e919b4ca9962a47763b922d5a2a3b7795099
oof,1065,stead_event_01523,85c2c547504d8dd6849650436816ab6c7af31a0a3026956159197e11c0e3988e
oof,1066,stead_event_01524,98f5438cf37038409b575866ff677e6e90a8986e6983f94b604f942abd0e52d2
oof,1067,stead_event_01525,bf025645af750a1d2b40889fcde3150f63dd6dec650c244db1419c4eb5946ece
oof,1068,stead_event_01529,73b0f0bbe8a77184bbb1ddc2e674085c3fadf22c2de9d0582ec167ad4b907e50
oof,1069,stead_event_01530,f390e78f26d4cbeeaef944ee75449aa1ed834c7ed05e10d40cf31eda770d5ce1
oof,1070,stead_event_01531,95cdc1b30beb4602cb234b88c6c31d3ef2f8566b17029dbcc294f4b52e1403af
oof,1071,stead_event_01532,f0badc1d6a54dd3abc667bee618cb5c1769d7d657c359afbdb3e8b42d92159d7
oof,1072,stead_event_01533,f62822d90480ac545f9327ba8108280e023977569de672000ce8fb393ea41aac
oof,1073,stead_event_01536,e2ef059e7c276692c93fdbb4d3b0fab75e6cc3ba7a5099393ea349dc94ce068d
oof,1074,stead_event_01537,841bc4f6948a3c754bfa5cf3dee89edff5813828ef8d440b6cf89ba21af6e852
oof,1075,stead_event_01540,728dede5744f52e8e952fdb55e4d39a049ccfb3011d71a56dbc64930e7ca323c
oof,1076,stead_event_01541,7a91f641af7b64e081d826c904e586f4698af95f75611db7a8cd9b2e75a14872
oof,1077,stead_event_01542,f19d36194a5356b646f6b02ec485dd6d7af63c3a2ede3c06db2625a01211999f
oof,1078,stead_event_01545,c0f7919c9a8b7d076a3cef26871a1b3cfef0d89d4c394b539e6ea4c77b65dca2
oof,1079,stead_event_01546,8df7d2ecdfe11ca2ebf6b458571b8adb0164f8959232c1ac329c322e1af13aff
oof,1080,stead_event_01548,faca5e5487ed0daf2e4bc01a79ce03f21ead53c625c4b54b9eb6469a0c12bd3f
oof,1081,stead_event_01549,badaa6df7ee78fe0110342c627c18d1de663036b397555cd0725e585dd296abe
oof,1082,stead_event_01550,75e85a0b9704163fd9b588a2190556ce60c07bc38bdf3ff3490066802a73f76a
oof,1083,stead_event_01551,3098207a7e0a1f110f94ae1f475bccb4db0966ad6e18fa36159492da7bbb5bbe
oof,1084,stead_event_01553,c536c6359045bb674d7d4b34621fb61e17e79b5f29963fcb609eb79eba7e00dc
oof,1085,stead_event_01554,369f896116bc5dffa3952d9a0c42312e5348fabe02975a46d33bdda5a6c4903f
oof,1086,stead_event_01555,20b95a8216a949cc4d638c4fc1341febd98f208e1924a39425640cbea040ebb1
oof,1087,stead_event_01556,25b97eb9c0ea3784dc083b368c2bc912d7c80c2b34c8d301f5cb656121c9c6e8
oof,1088,stead_event_01560,aa8c054d8cff4549801b35a2cb2f0b2dad123eb0e49d5e74c13a61ce43cd2ea6
oof,1089,stead_event_01561,df22d7f68b1ab5fb724632fac8320ae1f966ca431593d70664d05bb85c22dd83
oof,1090,stead_event_01562,d09f932fe6db5053d51a325e0c5b879dcc59a399e354eeaad2a3eb57deed6681
oof,1091,stead_event_01565,93df9d1e3557b65e287b77d4cfd938fcb8cf0d6b64fbce1604da25af605c22d5
oof,1092,stead_event_01566,b7ad9c832e3a609df0229e7a9a44c412e23ce6e0ac9ce4b39c3366dce7d2fa05
oof,1093,stead_event_01567,0bd96abcaac0dff3d3d476e1522309ee2d4711f2507280641bcfdf784d51344e
oof,1094,stead_event_01568,7999f7032bdd18116ef840d33b08da423adb311cadb7669cd86c82db76d9af19
oof,1095,stead_event_01569,f13745a8f986e228b70f4da5fcf644ab4fad2ad87e9ca0d5cd386d268b321e93
oof,1096,stead_event_01570,921ccd64237eb0161c58cad6aa3fecc93a5383b0da5d46042e19e69d0959b0fd
oof,1097,stead_event_01571,d349802c7f7029d86ac624bcd075be4a3cead90665267563f76cf95351333ac0
oof,1098,stead_event_01572,64cd60ee3a9818aaabea5b240ea4489c11b5f6ed249834edb8b57546ae149b4e
oof,1099,stead_event_01573,77c111d18a0b093f9e2670f4397708901c130f759a4408ef3bbe7a294bc0ac33
oof,1100,stead_event_01574,ae26b0d0a9c09566c13755f8b2ebefcf4d19254a7e5607f55f7a41e0f3c97305
oof,1101,stead_event_01576,6070f74711894c9c6bb4000d9e0ed6acc49086239b4aede965e927d14568f0fc
oof,1102,stead_event_01577,577cf21f977a6f9d9efec72ee2cae9d39994086d1aec32f67eb5b797669f78a4
oof,1103,stead_event_01578,370ee25b329b6aa1eb6176d1db6b3e79c21da57d69814899efb5beceb56766c5
oof,1104,stead_event_01579,21d412324d6ec64b854d1cef823bf8ff9deb04888bf731dec97bc05ea0ad2f02
oof,1105,stead_event_01580,17cf5950f0d0bad3f77558a4349db90511a5a1b3a9df36d8281c3cdf1fde5ec5
oof,1106,stead_event_01581,91844bbb27f51365c8d220d3ad91e4bcd904610e8c7d32d48209e15d6959ab50
oof,1107,stead_event_01582,2abccf99b47b7ca20d50d070398c40b2cf76b5938575b976297193159055736a
oof,1108,stead_event_01583,d4e816d97d64f4640edef3553220828010e4ec85bd53ae10c2ab39acdae1b641
oof,1109,stead_event_01584,9f07dbbc81ac51d79824bf048d621ae63ea7205cc8689932a4980507d071d276
oof,1110,stead_event_01585,16b8ce88a5284377d0406955b617ec2ed8c4195c90382298217e75778e6fc0b4
oof,1111,stead_event_01586,1f8da81aa24b322d722b24c4e93848e081a248d93e108f5ffcc53109631a2833
oof,1112,stead_event_01587,102418f4156851862e7b7cdbd4772e5643f4bcacdff113108ef2c5ce98980965
oof,1113,stead_event_01588,53b1482df765749c46ba6ef36e4b159febd79eafa1d4e26a7d9692e0a02125ed
oof,1114,stead_event_01589,52a967c6bb358c3021e6b0817c9e681706f5715449a11ac07a0c6b9df0d37ffa
oof,1115,stead_event_01590,f6070b59abd2a150254817d3bb1fc347e179be2e8260763ec08cadfd2f76b4b7
oof,1116,stead_event_01591,da2b9f817adfeeda85c25d39d8c4807aaa41f89bff69dc2d3952b1671e32c230
oof,1117,stead_event_01592,5a7e23a0d848b7f658ab3b2d797d12a9035e031c75f9bb3f08d9b2adc85bb8b2
oof,1118,stead_event_01593,ec059ddec7c3a326a8e3a054d3836ee4d6b293932d2498a54f5e478e303121c5
oof,1119,stead_event_01594,ef8e6b98d3318090d70e07520f9bf70c872abb34c15cb7ab182c0f66de73c122
oof,1120,stead_event_01596,0afb1ed5d8382dd4072df20be97ed88d7a8db550f9349d4e71e1c30b053d5e62
oof,1121,stead_event_01597,998376ae5b825d1e3e6ac269e96595a7fea97539fd7ff56b2881164c3462c036
oof,1122,stead_event_01598,7247c4d035d8d4e9b8680279421950582819077b7ea347d8b8bc3c2df394a225
oof,1123,stead_event_01599,dd5a18807795dfdc3d24c9910106d05ef87ae6e13dec488905f4a671761cdcb4
oof,1124,stead_event_01600,233c07ddac499d7a43ad96983a7fc786ba1d916ca6269f5aaf16592a3095b19e
oof,1125,stead_event_01601,a6994d240fb18518e4fad03fb2665098a4aa8c3c3a336d85bed765ec58a1beba
oof,1126,stead_event_01603,f2e7874c7ebc5e8f2417fc4126ca906d4254cb5562800f42fae84044aa6df734
oof,1127,stead_event_01605,e1bcb6a44295189f40f7949da427214a5016ea935e70cc783047d23e35f8b361
oof,1128,stead_event_01607,605f57e9a8bdbc32d1d84e6ef87a5def18db37e66aad3ba5a797f625b20b5173
oof,1129,stead_event_01608,f0d5a5792a5cf5ae8fce85fcef135ed9ddbb921847df19cd2590a0a9303ea468
oof,1130,stead_event_01609,47cd15035dcca5b040cbce3d56adfe9e186c2a47411cb20f1b5f113ff10e751d
oof,1131,stead_event_01612,d2da8dd563d1dfc61c9493424830a1cfa00d49551f3c40a22463ecd39a24ee94
oof,1132,stead_event_01613,302bb8b33c85ed1460913c19dda02a40c1302e5d36c7ee7cebd3c1fe914831f6
oof,1133,stead_event_01615,e882250c367350dc0e35fdf865292874ef6c260e303155993f1613b8361b06d5
oof,1134,stead_event_01616,8a0f3843baa1a3cdcfc7da789b48e3b703f7d5ceac6377017c82761a369e9ca2
oof,1135,stead_event_01617,50ceb007545ca0760d90ce12229a403c8e83a1bf55969ca1c8b2ba15596a830e
oof,1136,stead_event_01618,2169c1d6525065beac51a99ed5f6a7374a30e69c9e8cafa8ae886a9249ea6a89
oof,1137,stead_event_01619,5d55dbf6623c819cb960e38fb7f2144a03adb13f9fd2bf29da0e36ad491a96c5
oof,1138,stead_event_01621,60e6f674bf877e8e28ba9e9343eae07a3ac1c4d208afccabb06b57fe4c3142bc
oof,1139,stead_event_01622,fd52cbe5054f3d44c4996921ec60aec2e8008461c3496815e7c4b5ca6594d8d5
oof,1140,stead_event_01623,df8e7205b2287bec40f40338868d4405b7bdf33acb286c99ade9fb40909b6660
oof,1141,stead_event_01628,54882f348c6b427908f4a06c68d08d13416a8c418352787d56d2fe9d6b6bec1f
oof,1142,stead_event_01629,55e2c8fb3e9cd4dda7b4ded08fddd81bde7efc9bb341e0799e74001e1ee9f3e7
oof,1143,stead_event_01630,377a5915e57ec1b9fa44ad1a5c4c9d25cf806db63b4f1b271f799ba8f3190098
oof,1144,stead_event_01631,63e6ec057790ab9c7b02f08c1415eaefd0328a78d1bd1613ee856ec835ddf3ea
oof,1145,stead_event_01632,cbf2932b94b852e008a22a012567d856e74901e709c69d6a5aaa9b7fa4ab5e74
oof,1146,stead_event_01633,c3d93b195817edf2eb39cebfcad42438e0137ac5498597130be2c3b1c41ed10b
oof,1147,stead_event_01635,0077f4080889ac0883cdd97f67c398b4cd5384cc06939906e73ca21088f0d3e1
oof,1148,stead_event_01639,8d0a1105e569ac414fa2f9ed3a6e6e9e8203a9e0bd29cbbd948ead17f2ad1de9
oof,1149,stead_event_01640,ef0b52228d606786b70c5119c388595b1886a607512cee92de8258fd2d511424
oof,1150,stead_event_01641,b50b1fc99721c47272654e550bd47e467f9d10e4df5b4e46a7e91a3e8802d772
oof,1151,stead_event_01643,f013ffc3e6df02af2711bc87fa34621837cd5ea7fd5135f5432366f1cd6c8379
oof,1152,stead_event_01644,c7a1081cb04b09aee652827ee6fb6e8bd866ab0654b034a7656999ec793c3237
oof,1153,stead_event_01646,9794c8c97f8cfc1a663a64211c8371aa76268df411d988c046979c989ea08ec3
oof,1154,stead_event_01647,84618821b0003e019b6b9c70fa399608fcdbe6c051da931dbb76a83679ee6e68
oof,1155,stead_event_01648,90a9386cbd4754cc7bb7acb30d08bb2a0de754fe3ccd6a575453feb5b0b5d4ed
oof,1156,stead_event_01649,4062c0fcf67a874656fdfb3fe0e7f859fcf858ddd311bb9ca64ede861e163d20
oof,1157,stead_event_01651,1b91deea2052385963d1c47b7b02423538d206bdf98e3b4908ff3b023b15c132
oof,1158,stead_event_01653,89213f4dabc160c86252b7f4025c854928a69c6a6a1b5178c3836202d776dbc3
oof,1159,stead_event_01655,88f144b54d150e89420d8b57cdc48f556fb8837e7f3e239102ab8ab0b0cc03ae
oof,1160,stead_event_01656,9ccd99d432b1dffca1b5ba887a34711df306551d548e49a0e7b2257a9b9d96aa
oof,1161,stead_event_01658,3786afe6c8f02cd01f9a9a549202ec6b9c767d6fe83343207ab8e3ad5ea2e966
oof,1162,stead_event_01660,eab8d979519d56eccb899730bbb9577081d8e944caff716add07f9dc164d20d9
oof,1163,stead_event_01661,cce7204f3932e22bf06c9813005d588cacfde99814b9bb682427515760f6f9d9
oof,1164,stead_event_01662,700b37b36063ac8a5d7b4a9862439b80864f9848fe4229a6d84d69bd5a114821
oof,1165,stead_event_01663,2c8943615438d7e9e50b771a761c1163b9423e01c9f594432659ad8862cb154f
oof,1166,stead_event_01664,43bb16a9d367781f98323d35a584d7f6253959419d61b8b42183d9a56fcf09a2
oof,1167,stead_event_01665,1e54f2e523b5a9de115b484381704a4c480fcfd2c4a1c5a5d21fd84484c5ae17
oof,1168,stead_event_01666,799d2a4d2b54b3eb09fd5445cd25e558d65a2fa28b024c2e3d065cbb7ca17297
oof,1169,stead_event_01667,2beba17761dd7e08929e7785a3a850544339663e33eb6eaad1bde4affca1b8a4
oof,1170,stead_event_01668,f610112ff1de4e23e078c9502732cea1a608836c80faecd1dd39b2835127fd34
oof,1171,stead_event_01671,15e654e6c3509a912b73049fb04cb1f105082e1c16f0984a4518956473c0693d
oof,1172,stead_event_01673,b60c30160a40aead4511d8baa3dad04bac8938c77455c13d4fe52ca6cddb5dbb
oof,1173,stead_event_01674,bf7b1004ce7cfa4164f6bed48a0fff16ca8f41cd52d65a87553497ee3c9579c7
oof,1174,stead_event_01678,ab0a6a22fda10b8e4a69a71bbb516711f7be50d4e5f6005f3d0188222918503f
oof,1175,stead_event_01680,492219831d9a95db6fe4a0808d37d37ab79331f9aa700a58b24be58717db370b
oof,1176,stead_event_01681,cf300c1e15a07ceed4a6be2eafbcc4045e91441632bc5d31699d4ccf11470237
oof,1177,stead_event_01682,2bbef4faae7c4c4076386f2e52ee0a3300cd48c3ec1e743ff5da1209155c0eca
oof,1178,stead_event_01683,553ac3e693ec3be68b0d5ed7ef572f7924886a2f21a22512a2148782c2ade54f
oof,1179,stead_event_01684,9113a340b5194f84576409e4dc8eac1543e97589b07b2b92de9d636b11b4b294
oof,1180,stead_event_01685,26c37f177e6b229e13a2de17bc84c88749ec36f18fd232d4f53d92a632efbe7b
oof,1181,stead_event_01686,93f09efc6e4a53bb8b79e3794540a62975bd7c9cda4474443879d7244e394cef
oof,1182,stead_event_01687,150f8ecf92d14b6b267b7c8afb9f2a5e76e29dc4d632be27877c3e97f1610bbc
oof,1183,stead_event_01688,7f870de79107e0144739b665a561d75379f7a85dad5e00c149ba34dd97943a5e
oof,1184,stead_event_01689,1cfef4d2002d020d52ab94aa70102b9da54bbe8f0b50f6c1f86375de97b4d889
oof,1185,stead_event_01690,66f5222e96ba72f471133e6a41e3853716d03f681a54f6406b3f61033e670d10
oof,1186,stead_event_01691,24950b83c4362c97f43c1cbd0f12f87efcfe2ac94e7b93422f8528c27f5787b5
oof,1187,stead_event_01692,b962c5a99ca94ddd067021c62ae4b6eb266e4543e38c6c20c2dfe0b285c1a4d3
oof,1188,stead_event_01694,91d83fe2e1cbf8a090c74d9ae7f8beb0947774db31d10ccf52b5a65898cc3639
oof,1189,stead_event_01696,4fb2be408eb3a25d3cad8bbd94725491fbfd91c85ec8c8abedda3d283f082977
oof,1190,stead_event_01697,02ff617b50c8d2ee4c4867a8737eb8e754d941733cfce42432c8cf99a1b104fe
oof,1191,stead_event_01698,c84b709d4a30da8bf4da98f1af21c5c7871651475d5fc855e3df03cac691cf24
oof,1192,stead_event_01699,9bddd0f68a2b558309c234a9f5a7036574e65612931e59a864579e6f5d956284
oof,1193,stead_event_01700,08896f00d9f62645f040e058e794d12500db16fbed59e6c0d460a7dcfe7a5916
oof,1194,stead_event_01702,9fce0e54ec7729ea61fe503dfbe86508ff3bbb07e32b7d72ceea27a297d4aa1b
oof,1195,stead_event_01704,32cbdce7bdda83205114d32b02a653d435569a5b7ce4de551e7c76dbc5b3e6ad
oof,1196,stead_event_01705,0ff8d5da7e47bc7356962d3cd8cfc849bcf57ab98b611e304072b88e58376842
oof,1197,stead_event_01706,cc2ad9257a0813f721aa61d98dbf7030f5f0d6c137d2659c4ce17948ba47709d
oof,1198,stead_event_01708,267488aff3d702130bed78f6c936d0fc85bf75ed8231dc44a023f96cc840bb6b
oof,1199,stead_event_01710,891d8ed176b00099c6634fa55bbad33ffaa168050dc21452b4f672f5dcd06aaf
oof,1200,stead_event_01711,fc3dc3cdc4b13ff192e66615f4d0e443c979e811a9fa4699b7d0b283afae71a3
oof,1201,stead_event_01712,fc68ed7760fffbc96471b48aaaeaa1792ffa28c8eb3e1549d680e9ead13b0df5
oof,1202,stead_event_01715,ade81384f6e64c2c94bc95f1ef8069a0c727a9977d84b9545370cb19e9c02cba
oof,1203,stead_event_01717,954bf83d9ac8400609764c515f0b54204e9ea45c4966c1103d0477547e000009
oof,1204,stead_event_01719,7063cda1868a1b082633a28444441a80a231e6c9dd669efd444f709ba7cf12b7
oof,1205,stead_event_01720,b1af035703585d5f6df71c6e0c0dcd119dd1f2ddf72231c8ca1da331a6587639
oof,1206,stead_event_01721,92f009826fc9329a2502c6694430bd887fa2d54a10fa9a8890ecd6d62ec8c61c
oof,1207,stead_event_01722,365456c0579cbfbdeb1f405041973f086cc966e02e50e3bfa583ec6db8a76fa4
oof,1208,stead_event_01723,f1de801f47696852906e5aac6ee6e2db9d456b8b9a794c018c803caf8cfc9e02
oof,1209,stead_event_01724,c843a6bcd080c2729cc3d081ac3ddce7be6ae4fe4ce0243a021257c7d1e6efaa
oof,1210,stead_event_01726,e599e7b6b5f410dda5e10e447757517caeffdeeb7c2e200c581831e54803d36a
oof,1211,stead_event_01727,f007ef3c2eda072de77a2b8dcdedf4ab968503851bbdfd698ff01b0712ed35b0
oof,1212,stead_event_01729,dbe083adae1b8394b40f9959b6d6a2e27fd1612d3b97ce03dd0c947e2b029874
oof,1213,stead_event_01733,5a6b25ae9213b5a252f40dd75cf229237097fc3bc20a8aa19b427a1e2fd89be0
oof,1214,stead_event_01734,495f945f2fb5aa5c25004795553032ecabc13292ed03dd706e6760c4e04a4030
oof,1215,stead_event_01735,72b6d5cd56099d384896b0096e96c7bfc04b82361b8df45809632fbc65a6dc0a
oof,1216,stead_event_01736,5c9530d964e94b75166af28c6a3cbb6d65a0646ce39138b747faa0cec82f6835
oof,1217,stead_event_01737,1293013fd676140c378ed7a9a5fd6b11067784b4a09b85252bce6970d0fc593d
oof,1218,stead_event_01738,953937235873dfa15ad728f035ead8ba7f7cb192f3abb1a275f3ada145910228
oof,1219,stead_event_01739,1bd74a81cf9e678018379faa68e8bee90eccd8d8adf5646e50cd96ad68ec8544
oof,1220,stead_event_01740,b2349d27d4bde46cfe70018cd8c50f97c9368a7d28da9d893ee6fc86e23ede00
oof,1221,stead_event_01741,d139c9bc9eb2790a2e32e597940d5a2ff52695e656c6648b14f4200ca574399e
oof,1222,stead_event_01743,e0e1814e2277517db2b6a855a62408422a04cebd99568ca1f0f94913c713055d
oof,1223,stead_event_01746,d55d630b961b6cf3a4092d1c3617ab736b59f716ddc67edc52302da5e8ace244
oof,1224,stead_event_01747,6405e5369b90ccfd596e649af21c8022a158783abe415265ddc998da2a5ac4be
oof,1225,stead_event_01750,a8b907b612b86858f7d67e33d8c36544c781c4794c5f78c268ef953d25cc1f93
oof,1226,stead_event_01751,cfe35c60c6850154bb7bd47cfec26a250bc7d910f3b0d28c559b57834453b185
oof,1227,stead_event_01752,7716fbf8f3c16e5d49edbbb7422276df9eff0ed027c6057df6bdd6ba5e4378fe
oof,1228,stead_event_01754,84ea1274817bedf8f2e8bf03a449cebaf09d578b93c9a88c5df747203cd079ec
oof,1229,stead_event_01755,7aa3bca4f0efc76f5af8aeebda465ab216e69dc11290f543f5910f238db1441d
oof,1230,stead_event_01757,abba3a0204a02e368dd004310a4ab21a3f0b33d8b7d124812a8c327d9045bc8e
oof,1231,stead_event_01758,123c83e21ea64c14c33027057b2b830b30b71640c3bc869d120b104ca348071d
oof,1232,stead_event_01760,1e760a61a29da79462d63af2fbb8b5df8fc614606123f9727e26a17d7c582a3b
oof,1233,stead_event_01761,22ab760674786c5c7d109a3d24018e23b3f430ff07fba03f26ffcf0adf6073c0
oof,1234,stead_event_01763,e9328d2b2c10c6a0d317ca013a6393b62f2ba45a94ec9c8a0658ea85a6c18578
oof,1235,stead_event_01764,d0c40d518518a89ea1306caf8b15a7b0450272e4b950536b7401af495c125eab
oof,1236,stead_event_01765,c2bc22c32da983173b3277929af62959f2b7ff1ffae2d62748419d8b7b6576f7
oof,1237,stead_event_01768,fa4cd3586f75c6c4a07a44a94c9e930fd25296ee0f1393a66d4b3d90f42b3b73
oof,1238,stead_event_01769,58376ad9c3aebc723f8c90c7c532d85e249cda7db3eae9c1b65a1c4f3a6ea005
oof,1239,stead_event_01770,2c5114af23a02f99baa9fd53c444ec41eb2feecebc492e105c26da8755dfd45f
oof,1240,stead_event_01771,bcb01939fad8ea4692773cd6f84927dc50e10f808543c431513483ab55f6319a
oof,1241,stead_event_01772,8d41d6f5c5b11b3fe5a2cbd3058b7866dc9cd4d07ed412c728a58849576c7fa7
oof,1242,stead_event_01774,e91e16c80642e535eacddaacc576a5a72619e71e76824a96604864873a658bf4
oof,1243,stead_event_01776,7e215535d3ead2d89fdbbaf42bf46dc27bdc0f5686f0af992d586d830c614d42
oof,1244,stead_event_01778,2da1ff7a146ac1eae4d238936173afe0b0853c17b5aa87539f32d7f2fa7e5177
oof,1245,stead_event_01779,9bdefd5e40cf474ff65972492fbcaaae9e5bd25ade4b793aa891dddc4bb4666f
oof,1246,stead_event_01780,c0f0c2e3fdab85366ad25b6a3f16281841fc4367f163cec7fd7c3cadc42b7723
oof,1247,stead_event_01781,bf74caf6fea5815cd545ef2d943ddb24f25c197239a17f4a0672a473be779bf3
oof,1248,stead_event_01782,83e4b511aa8ad2cdf4718d555f8b7d9414dd4a4204e313b3ce3f143893fac994
oof,1249,stead_event_01783,7e1fd89a8f103aa7cdcafb3d7c031b974d76cc1796bd2847c78d710bbb914c9e
oof,1250,stead_event_01786,106f929764846d000b9ff005abec6ccea36c1538ba0cbf572c2e0b0907a60994
oof,1251,stead_event_01788,b60e8c524a20f67022d8cd96c5d84530152fb1575fdda6f7f19bcc099ec1bb61
oof,1252,stead_event_01789,d16190d0209df83d023af8d5afb7fd4f588de4bdf943c49f7280309c8ec33b95
oof,1253,stead_event_01791,6604af3142496fefa6b09d2dade6004c7eda3e819f5e2d7798246e5b7f6e877f
oof,1254,stead_event_01792,51b6c072d7f851caf3bc4b80326ced029fc42810d4bae553cdf4a5ea6b26c63c
oof,1255,stead_event_01793,3a4201d9449191de5fcdc11dc4d9dfee1c11f39642aff41c5df8023999a90adb
oof,1256,stead_event_01794,3a0989483d227418575d4ceb371c40d886ac7b83e65ccdf938f20f36a5ace1c9
oof,1257,stead_event_01795,5f129824a14bb46109d8426f8ee8d50e41bf9ddd84cff9538781c39fb6702a83
oof,1258,stead_event_01801,9c00a2cecf5c2c0ac7901a2ca08968c5139bdfe5326a8ae084edfb065a22b17f
oof,1259,stead_event_01803,69ee937249c8a26dc49baefdd4c7ef7030f8d9c9ca284e47b4572926e84f75de
oof,1260,stead_event_01804,fa86bde94676877fa8396a235065b176113b50c8ed7ac78614a5b78de6d2682b
oof,1261,stead_event_01805,cde74a05bae28e442f3cb020229d346f7d27459e87a5efa98e965d9934151259
oof,1262,stead_event_01808,1f5cc150f204152bc870425c9aac9b3b3c1bc3684a1a7cbb620d7ed50b364c44
oof,1263,stead_event_01809,e0c8a0dd05a9607e8a03cabfa4eed031d0a3b58d9475e2743a081dd7a4afc881
oof,1264,stead_event_01811,ba6550dbee1c800f4f15b4685ea79203c47233fea0d8875318a28c5cbd9c6aef
oof,1265,stead_event_01812,e30714efca4c94dfc8ba87b8a836173c4ec67f6a5c1fb3e238841e1878c2d513
oof,1266,stead_event_01813,21257e5e72e2913219ddcc44e64c80ec51b3fe9a14abb571e315c2935e2333b8
oof,1267,stead_event_01814,75b39a248c173af0584626142a6d401b29a056908d52ab52db49da6e0d40ca6e
oof,1268,stead_event_01815,8cecd39cb275328a46cb4a16b158b1820fc68dd7480668b888ad4d1aee3b5a21
oof,1269,stead_event_01816,63336ea1ae491023b47f9677f926e2f026dbee11fa32734f288c9e11207cd961
oof,1270,stead_event_01817,f2510137f38ba40ea30aed345d42ba4194596e7b5bf7b4a9baeb448f2b76e888
oof,1271,stead_event_01818,a9c12fc6b49ef872301c437e1e5e10487fb407193d12438cc32d89ebe5c71e14
oof,1272,stead_event_01819,fc9c727d5ce63493bad265ebe05c1d5f326ab205ca61eeb6b7562600444cc1f2
oof,1273,stead_event_01820,d6eeb5c1709a124efddbf6f3f26e91e0223c0b432f1fc898270b946ff19c8c7f
oof,1274,stead_event_01821,f376e436bab993ebc11fced96c0ed6f878e305532fca43896f90d8772c583d9a
oof,1275,stead_event_01822,fd810ccd5af8614be7b63c7b8777ed4d4667320bde566a8295c66efada099585
oof,1276,stead_event_01823,20e2cbc84c6912f8ea70cfcf67b34d20a19409154ea8afae44297032d33eb95d
oof,1277,stead_event_01824,2684386491b46e9aeab58905388ee62747e13d41c126ec1668247c9b6a0c73e0
oof,1278,stead_event_01825,dfe505c80689002e9beb7cf6455265234c5264488118b4cd7936066b7c46a782
oof,1279,stead_event_01826,35f867df2615da30de42a603d957adf14bc2b1af2218f19ef93d07aa45ebeea1
oof,1280,stead_event_01827,17aab605f20cf6e5eeb0d469792ebef88b8955f5379a0f0e9eeb5a1d272cd68b
oof,1281,stead_event_01828,2cc3e691e02826dd9d464f3955e6211cd78e14a7dd02c472f8ae997f9933952f
oof,1282,stead_event_01829,0bfd5796ad058363241b500dd16dcf67b22e303ead371c53bc4e0d86be0eca88
oof,1283,stead_event_01832,d728be35fa02bb7c3190d8becb2ecce87487cd534e57231e569d243891a8a0a8
oof,1284,stead_event_01834,080734aa38291d20c31a924358f5bbc8ef20a7353d3a94cbf3a4f0ec22fdcb6e
oof,1285,stead_event_01835,9fcc61fbe7124c6303476c200e1a6873806319ae1b025a6e6f1fb53d7484c0c0
oof,1286,stead_event_01836,47754f978c27ed9308c49feb067deae51e6408c2c1c1ec619a2001b3e6d28ab5
oof,1287,stead_event_01837,29898a4b28f26e4fd2b6a38d016d878c696c4984312ac75a769e281d9cc17deb
oof,1288,stead_event_01842,78557a8808c699a2e90668721342ed39fc203e6c932ba308d3b481d2ba83ec02
oof,1289,stead_event_01843,80818afd470016c4f3d0e1525c453dd8add90777e36747b4a9e09f9ae64d95c2
oof,1290,stead_event_01844,60c6b58d13db33c9270a6ab0ab4de9da3b23ae02277d599cfe5e99a7462db39f
oof,1291,stead_event_01845,fd2b329e166ecc0a65111a5430c4cfa63dd52241eddf2a24bd4664812383fb4c
oof,1292,stead_event_01848,f78a8e2f175cc9d729696a98023389d1b738c48387a1e753235dbf41104d83be
oof,1293,stead_event_01849,55a60bf14446d85db71118d8557cd87af3bedc083ee2ca6a491c287c320f4c95
oof,1294,stead_event_01850,4965c17fe452b94e3a2467fa19853d4867fa625b7e643053f7b20703d4a8e1fb
oof,1295,stead_event_01851,fd572a3f06a8860dcfaed653c78e110befd5d01879aeaba9166189fb5647823c
oof,1296,stead_event_01852,ea4c61a6e86be7a320c4e00af5ee34dddd9c753f03527f0c2a423208055cab9b
oof,1297,stead_event_01853,4c421f7a2d69e6731976d28af45f89ad7fd46fe63bf5dbd1c2ed5239d5a1a4db
oof,1298,stead_event_01857,17d8faac6c0bda2e40b9975e440239f6844963758e60f03bb211f4e89cdca15e
oof,1299,stead_event_01858,3145c970c340957092eb6f15fcf2b16fd4d536b09781bda9d539bed90aba02f2
oof,1300,stead_event_01859,4c17c9e6e2931c06114e08074fcaf3d78165a28c7ee1cf4a2b92330c5420bee8
oof,1301,stead_event_01860,dd47c9627e662f864aa624305b3d9b40c223441fdab60f17e830dcb9c388143f
oof,1302,stead_event_01861,75b34849b355200ca7eded0f2f05d5e4125b0d16603c845a7ba0c65a7d447890
oof,1303,stead_event_01862,d57a37536881875d1c2081d24f5c998335fb4dfe4a63aaffb3e298ea80940701
oof,1304,stead_event_01864,6a88f724f99ecdf03ee76f98984ad197f60e8c00787ded06c7d0ceb0c5240a8a
oof,1305,stead_event_01868,616b07aeb5b882593b219ab94930f50f965907935fc61c0ef6b78799bdd5717c
oof,1306,stead_event_01870,5b9567a4a87dffecc8d9f6dd45cf5798f2192722a132634a2ab8ab315ce67932
oof,1307,stead_event_01871,39dcc1a62e8318be7e5c88bf7a2ff9cc68a7c6a1e4ba9b4ca50bdcb4b4a69e03
oof,1308,stead_event_01872,67687fc93a3ae6bd2a4a0317d3124ced112898f4d42b00b9a87a30d81818f647
oof,1309,stead_event_01874,45a96604eac0ba6655291d01d0c2c85e1a854e43352659cd14aac0acd84e95ab
oof,1310,stead_event_01876,4a33385fc2b60bd25f8ad28466c058bb75357074b918771284394b51f6c9e99d
oof,1311,stead_event_01878,0ecb5fee1eab299191ebe0decdcf897e96c354c267fd0eee8ea0686ab1ff065c
oof,1312,stead_event_01879,8550e4775f503f0556066407d2e37b31916a7fc153e88a2d8efae0e806be217a
oof,1313,stead_event_01880,e7f4434b261a8ce56492a4b8bd73767c488af25548546daa355db1060bcd5222
oof,1314,stead_event_01881,d2489259abe76efdf3f2be99f9bd43203470fb69f6f26e6b42b85af415fb8fe2
oof,1315,stead_event_01883,6ce71981c4d2ae4e9db81d6a17a0622e1c820f33797969b619f78c6f686abd45
oof,1316,stead_event_01884,2bac39ddbd458d7fd38236aecd3a4b1888d4507ce8987e809cdfa66b5d0621cf
oof,1317,stead_event_01886,cdbb87ba276adf176146f48d9f8a4031360d9a1779490b3f251fa94dc9c4bb1c
oof,1318,stead_event_01887,f18b24a11236cdfae99326fb49831c461848f82ebd372dfc5c6b2c7e2ae0fb67
oof,1319,stead_event_01888,ff793983d96bd0c0f57e892a215bd01961095145e756d54563668b25ff88434b
oof,1320,stead_event_01891,2cca6a3f7ba41e2eeeee2c6164f7930704ee8dff56e7ffb7ceb9c1b94ec54b44
oof,1321,stead_event_01892,b693315e5263e0937e42712edb3ef974af634e5a1a6e4ab38f7449155e326351
oof,1322,stead_event_01894,dcc6c0aa757fef09c3392a78d13576deafa23f39aad721a9c339a2dba21fb79f
oof,1323,stead_event_01896,f78f1f9c9f2e1d88c95c0c573a4fa1cefcac96e52e263ff05ea934662785fe62
oof,1324,stead_event_01898,f6e34dfb43783ee8d620b396e8111b495abc845f1d3694b831e78aa1b67cc21d
oof,1325,stead_event_01899,1601cfafee6208e92ea51d6fc8b90d22a1173f24361d5c9e24ddc3f93d0218f1
oof,1326,stead_event_01900,b40eeb504aceb2a0656c383785f000f5c97a6b76916c671698516c117739cb08
oof,1327,stead_event_01901,dd11acc0e3e310ace82a352c7c576e4ae56ffdf98cbddd33e5a35ee6b41562a6
oof,1328,stead_event_01902,fee8a36c414faada2bc97bc9661b86aa60289a1b41aabd193c689ad90b6a1ce8
oof,1329,stead_event_01903,b27ed49271b845c0fa5f217fb8f3e6c32ed623e35f92504aa976776bd13ca3fb
oof,1330,stead_event_01904,689a643580789890683eec501fcab2fd67cd3d18e215b493f8df7161a73e6318
oof,1331,stead_event_01905,ce5bdc5467fcfefbdde42b8568dd7acdb3969347dce69259c4974620b2731a0a
oof,1332,stead_event_01908,b3c83453666a143836f67013d2d183d826ad64c4b6cc1db7f83e15767c4b2d1e
oof,1333,stead_event_01910,f5c6a25407d974d996c21e44cbf8adf4164eaf002ad990da373ad1ec70ba0974
oof,1334,stead_event_01912,2baa08fa42d66c530d88f793d41a7e54b46a8b68de79ffcc6ec12a4a53dc79bf
oof,1335,stead_event_01913,387f43ab9161b767f931e6c8fc3b2badc0351f8f8e8ac9fb891cb3851bb2b869
oof,1336,stead_event_01914,502dc44b00e464dd7ea4d24c76c9425bde9c92f0922343728b5ce5da50f725e1
oof,1337,stead_event_01915,9a783271b6e7a955ecf80dbc7dca44259479027e4c7b0b2d108f4eec719278dd
oof,1338,stead_event_01916,0b5ef54fa9489a1cdd71929a2d81bcc0084bf78142548551c1b7bdea360e7322
oof,1339,stead_event_01917,39e7932b719b87241d904749e3fc9978826fc4687b937928eea51cf30164fad8
oof,1340,stead_event_01921,443ef9cb2786bcc73bfd99bb64117fccaccba46008198c48644b56e8f1c6dee9
oof,1341,stead_event_01924,d70f8a7b520a59344c9619340f098bfb79fc9ef84077f39a5dfaab32385a5906
oof,1342,stead_event_01925,6c423651e16834cd144cd713b1e45cef954de6d5d05eede3ac12fd32b6fc4470
oof,1343,stead_event_01927,572f9c017e63944330208ea63de0b58de911c826ccbf6330ad8ef1924ee14cef
oof,1344,stead_event_01929,156a83f2d6f3d6419976f34774e1505017fdbbdb6395d3411fc682ea0e6bb0b0
oof,1345,stead_event_01930,f715e84739c414216e828cf34b05d217d304e242de1e171fcd1fd21ee3c20fcd
oof,1346,stead_event_01932,78442df26365e3ce35bf5ff24fef4a05937e0a4412a632656013d6ea4e6e1b55
oof,1347,stead_event_01933,57644014eda9d40befc0157bab47a605992a038c232d60a9ad6a23d5524a025d
oof,1348,stead_event_01934,38cc3dcc1b6ffb39e9236d027fd498718a12c89c3701c553d9628197e1d014e3
oof,1349,stead_event_01935,cdbf0d48b3ef483c6d8910c303716bfb2c32f0bc01f4ae693cb047ca22a93bc7
oof,1350,stead_event_01936,69f8acacf4ce643b3c05a047d548e0ee49dc0e0903242d4b79d8d816f17193ed
oof,1351,stead_event_01937,9802b016164386859a73bb633df5cc193b9fb89c57c220342a2a390cfb2a33d1
oof,1352,stead_event_01938,419a801305140854a220f6042f8a945be6bba23255f4cecb93cd33015dae892c
oof,1353,stead_event_01939,4764a34b9484757d3a7a0e86ff77e85eae99a14ef4bf1a9a0da5f094ed9fc7f4
oof,1354,stead_event_01940,5901b6c505d4ba37627f16d69fa93038f66363dd6ca3797837441a1afd221817
oof,1355,stead_event_01941,f763ac62db91cc7b57ded29a8ef7867e158971b14038b20076e751f80f732314
oof,1356,stead_event_01942,42de1a415f4ee069923834e2597d423843c9a98c7d9ea125ce9695c10083bb62
oof,1357,stead_event_01943,3c5af7cfd86505d431d0a619eb253de6ad4c3ba719eb91c80a66cf405ab94b5f
oof,1358,stead_event_01944,0b71182023350158415a1ca471eb64ed7601f6024d12ea063ac5fe2ab909f72d
oof,1359,stead_event_01945,7e964a0948e21e3592006e7d9b94b1a8b026e4163bca98a504c63107f73b5692
oof,1360,stead_event_01947,8e6e6efe0bddff93c69cc9392a681664b32f4f73b3c9447aac1d614c091c24b0
oof,1361,stead_event_01948,608f8d19ac49ef489a6184197c2d8f0016f1b7ff8feaedebf8de010f0050ef34
oof,1362,stead_event_01949,e5ace89f3c6f03c886d668dd38132b57cbbd0536a9440f1dfe6c3fdc6e6f7b13
oof,1363,stead_event_01951,68e70657cbe500ede25b0dd89f94629fe54d8efbf57846da08a4cbaf27810d27
oof,1364,stead_event_01952,705bdc0e5f25d2f767a65e532450673b04dc89aad9317cee6238ec574e8b8bd4
oof,1365,stead_event_01953,a6a9c2a6b2f90cd705f4f4a5dfdbc60ec4219776114be84e7ddeffd9deece888
oof,1366,stead_event_01956,5c550ed8325021f6011a428b1804b1ad4a02d3ae0426629b81fcba3eae7e50e3
oof,1367,stead_event_01962,6b7a5a9ada8013f287ebda2f869dc02febf9a2fc27c4208415d69d9d6c431530
oof,1368,stead_event_01964,3a9f6a9c8a1e7eec5b6e45702d213669f5d94753138758734b8cd5f63690ee08
oof,1369,stead_event_01967,779f4b280fc190a930a4df55634ec9039cc507bcf62e90572d5fc7ee61f6e510
oof,1370,stead_event_01968,1d2282a338bf953b89c33e475c9acdb9eb1ef83c5922ea6a770b8ddadb764007
oof,1371,stead_event_01970,d41c7a2708f9d7b338451f3f3e70943eaa83ea5b90fdd8160c87fe9207f9f88d
oof,1372,stead_event_01971,2c6a9c4a66b39feff85daa3c3079e3dc70d4b0ac17698f943ec11ebb229e8b28
oof,1373,stead_event_01973,34b62aca000882342b9200098c6d5ddb25b53e25970db18cbfdc4ad95b041449
oof,1374,stead_event_01975,da14d8567530bcf896cffa2d2f58f820cc5445b6b7fcf2f0123b1a79ceb6cf3d
oof,1375,stead_event_01977,a237b026a76d07a46565440fe53a37a93b51bc045966aa25b5e20def88cd3feb
oof,1376,stead_event_01978,d8af674e91af30ca98c8488533f3331763b8648ef5aeedc6c12a9f9c8d275366
oof,1377,stead_event_01980,914b8e6e7769b1001788a8f219c44bddd513d0eed07d25511dce990de89e64de
oof,1378,stead_event_01982,f303c228800af44a0821debc7cc0285868c16588997ba65bb0daaee890c86ba5
oof,1379,stead_event_01983,1ec7e1d7e9e00e4d6783adb3e0654fcfa3141e4868c5883cd113b32156e9d9d2
oof,1380,stead_event_01984,90b2671fa2b5d6838bcf0dedff9f554d2e066dc78cbeddb0cb6b9946a8e23c01
oof,1381,stead_event_01985,a5f0f26cb6ec7cdd9c4166eabebb58302086302313255e228df0d6af5e23bc4a
oof,1382,stead_event_01987,468774e668f8aa73db6911b1975aadc46568f4799996033abc6937203749d4c6
oof,1383,stead_event_01988,6cfeabc772aec350b9c7ba6f26aea14573d396a672029998257e5d203a55be27
oof,1384,stead_event_01989,997d985e3fc309640451280504838e88a289f7ab4e1a10d9ba66d787636539fa
oof,1385,stead_event_01991,af2a034b524e6ba1053773216538b10af3f8d54e86e2a051e6ef0af24e40628b
oof,1386,stead_event_01993,d8a8949f3c50d00d8eee60033bfe73c22ba71c812a43985f6ded79607eddd9f3
oof,1387,stead_event_01996,698a4e7bed48f3905761523dcfef866f2a93172a442fda50f8fb131f2bb0718b
oof,1388,stead_event_01998,6f6a72567f7c5e387d137a38b08cc55f1e210f687a7a3c011863d71d522a2e72
oof,1389,stead_event_01999,848c7dd52f4962b0abb99954f0dd657a980154d32498f11693fd1fedf4510157
oof,1390,stead_event_02000,24cf9bd91baafad9d06a06bdeda6cf977e2417edbee79875b7cbf1940c2b893f
oof,1391,stead_event_02001,efbcb332ddfd5c4201a03fd0412df4d95d60568e709da938956f859746ea52a5
oof,1392,stead_event_02003,0984d9e82ab8e6f00aa8469f9926e9048e32d6d8dea0bcd08f8e5e50754d9fd0
oof,1393,stead_event_02005,a6b4689fc8a3af48979a928446ad4b59c816298bd0a3f16cd691f6dd2e60c920
oof,1394,stead_event_02006,51ba401b1132a9e4b1a7e67a1620cafed6b5151459ff98a857472405cd512ef2
oof,1395,stead_event_02007,bac148283b3adf25d4674073c26894a1ad31f5e42636b241d1cbd7aff8ad88e8
oof,1396,stead_event_02008,d06d174c10663bdcaecb0588955826c51a619ca54d2695f1804800147cdc5c69
oof,1397,stead_event_02009,8ccfc7885bb01a2e4fac90d66c6cdcecb8c94ba8cd2e1fcb08b620696a3d2f9f
oof,1398,stead_event_02010,913cd1565c73da1915b9faa58cabf28c55d33afa5826983130510d7ee1c82d50
oof,1399,stead_event_02011,5a6f47dfef1617211425586c745a069ce229baf7bbab7e4a65bb12e6e108bbf8
oof,1400,stead_event_02015,36174fd1d36c3aa37ae0b5a2ed78ecc55011d2b9ac384eff1a6c405231ee95d6
oof,1401,stead_event_02016,00f5c5323797b8240806cbbea856dcc916d63c6105cf9a21ebdf0f90b08e92be
oof,1402,stead_event_02017,5efeeb61d86a0ae11b29a8f809d26e71a0a06c77c01ec06c8d91bda5573d844e
oof,1403,stead_event_02019,71f3669c549301cf96c3b393459f9ae2797f3d6dcd9d999c2629d6dea11ec9ce
oof,1404,stead_event_02022,e06ad46b52a2805495e48312649ae8817d98e07272fa43440a9acb3e3c8fd71c
oof,1405,stead_event_02023,a5eaad0ed3917f23af8fb02d18923b769023eafaacc48a1bd7e44051654a53ca
oof,1406,stead_event_02027,26097611a72cd0158f889c5f78f6e1feedf1d5c4e8654241e1ad7feee55c9d73
oof,1407,stead_event_02028,b800d66f517d089993b531148f3b9eab32edf4cf6e2f4f2f3677f9fe7535cf8a
oof,1408,stead_event_02029,40db7324815affa249801a4ffb1318fb179ae5752368ec737d6a09c13695b08a
oof,1409,stead_event_02031,02299e01a5380282585da6d22cfa79b65062dd24559dfe42344c82b30f047cdb
oof,1410,stead_event_02032,2d411f4a44b4f3d055f4f06beee4b57fbe446d6ee476d064ae71fec3818fca03
oof,1411,stead_event_02033,5f77d205576f70bdf30fedfd70d97f29a1cdc00f432ce081701b78f886f2a809
oof,1412,stead_event_02034,3b9ce72fb9736aa5053ab129d27687af3546260b47845b09cf7c549d0991c933
oof,1413,stead_event_02035,b10ea0011e10b249a78b006018c8a601610f554f2ca149c79cbd0d724784d206
oof,1414,stead_event_02037,9cd3dd31d212ac8da8d88c1f5144d64608a65d52177c76c87f2dc765182059f1
oof,1415,stead_event_02039,62401cbcf77fe12b36eced379a6b6b64266666627a4f05d4c9ce0d1123d44965
oof,1416,stead_event_02040,b7baff5efa05d6285854804b54a302de3512ecb489c09b00b568acb3245e6184
oof,1417,stead_event_02041,670d760390940fd94d19385b4e26df26fe37d86a06d8ed8b1625628c0a861164
oof,1418,stead_event_02042,e7b3d382549fbfb9331be7aeaa940d81106104f9993a69e8380c6d978574afb8
oof,1419,stead_event_02044,a463c08ffba8d6d7f9310fc6cffb454da5ed1d0ea99d075db686fdfe1ce7683d
oof,1420,stead_event_02045,903852460be6c62b3d308a705a7db0e0bed49ad6928d4bde5e02d6c06b51d4fd
oof,1421,stead_event_02047,46e484480073e5c1f648f6fa8acee60b51d5cf9eea225586e39b04156478d10b
oof,1422,stead_event_02048,81eda81d6d6a0afea4adbd9ab95f2cfaabc1ea22d6ce96b39b725da5af7544e8
oof,1423,stead_event_02050,97f19895ec2cc1d571310d4beab1f0e98d99cf226b56afd3a9e364a7cd8647cd
oof,1424,stead_event_02051,9d3f2a9358e4dc2d96bb91d05914655e9fce18dee075010e44972754554c6ff8
oof,1425,stead_event_02052,fbfef62ac4753deb922595291d8a8ec601fdc77f6a765f5f320414bc0d7d5a9e
oof,1426,stead_event_02053,dfeef02a158c0f0c9d009a5a6558fa54c4de81047cf415dc97d767093027e917
oof,1427,stead_event_02055,532d6f6218baf1ece9b5be76b581a02c3d5bdbe37bcd573d689e2c50f33877dc
oof,1428,stead_event_02058,81d1d52dc18219916343f7cc8c1a2d3f171111358bb8657a8ddf4d460aac1fb3
oof,1429,stead_event_02060,5996cba9272ca1e1dd4d1d81046a653b563eafec4140305f6beadc7a1bf92939
oof,1430,stead_event_02063,3b41bd2a2bcb3dd8ad84753d047f6ad185359af2f500e92aa70b95d990af8085
oof,1431,stead_event_02064,ccaab1519349fc8c725d19be313365aa58f92475756fadbd60d64c0414613f2b
oof,1432,stead_event_02065,572796b63bcf8acc328449c91a5f74598e217f485f5818a9f8bb104602a77aae
oof,1433,stead_event_02067,b66022ee6fcf896119358697284a41d15dd70d783ea3f5b5794737865d1f7c16
oof,1434,stead_event_02069,812d2b1b8cb3e20fbde1a6711e1cdbb3020f2fda85c2612743fc078dc36c1819
oof,1435,stead_event_02070,3b4b8ebb4f21d1aa72085dc26c3334b7def4cfc06dc86e35f5fcaeb5656cfe52
oof,1436,stead_event_02071,3d063fd9602118f7e63a082ea4b9fc6ed8cd99fc87b094f69727c76214b4f272
oof,1437,stead_event_02073,29b3850fa4f0e92c6a8a4e868d86fcc015b05aa2f5bec206b32b43362c1344c7
oof,1438,stead_event_02075,d370bd08f91459cf705d83ff3ff66e175d57ca73b0d84d01ce4f2c0e0231d6a6
oof,1439,stead_event_02076,74ea4411c3237a2d8f18ccaf4b6eb401edc925f6d3bc6babd1f3b832adafeeaa
oof,1440,stead_event_02078,3573b97c93fd326528f667f5e58e705c83ee75d1ecd8f095c82c82c8e502fb56
oof,1441,stead_event_02079,06c7ad212515c638c2fb467451f3a7b943bf3059b6f09cb136c1ce75a5818c2c
oof,1442,stead_event_02080,367139b6f6c7e210b7e8df1966d1195ac9a9d2414b65203483c9693ebd4a470a
oof,1443,stead_event_02081,e097ba23ab3f6215ef9107ff28bcf478f73cd3307e2629683d80d46c65efb838
oof,1444,stead_event_02082,67bdaadd08bd36825246c6a6ed13136aef98eec007881ae20e5b1ba689ea7166
oof,1445,stead_event_02083,3e2d4813799f48f581fb41c381878e5e35d654c9ba473104cbb299b9a5512c01
oof,1446,stead_event_02084,1b00ee3cd4fd5512ca6860e95b7674dfd916b221e2c02e0e78abc7c22ae437e6
oof,1447,stead_event_02085,e52a524a55057b043793ef1dc4ac91805dc08e1468d8fd99d51df39df8a58e44
oof,1448,stead_event_02086,f71552ba30fa741478d9bfe31a2bb7f5b03d81746908f216d286e4d3411ca1f2
oof,1449,stead_event_02087,8adb03aff41bc6f9ff6099f9e9d2cd3a637c5c28e086ce67540e3f96a71fa10a
oof,1450,stead_event_02088,6085a5de88df42f9a56cdd5e451804e4c91bd8bc15f5cad2981002b10c12dcf7
oof,1451,stead_event_02089,021bb1f3c0d23c58c4a41873c68b7eb3854ce5efd30432cc7d2f571509383ce8
oof,1452,stead_event_02090,46ee778ec563014cfd4a79ff167dd99fde1876261321dbf578f728713bf0bc8e
oof,1453,stead_event_02091,a1cbb6077170207704aac04d017ac0195cd161d0607614e4531e0c2b5e13d535
oof,1454,stead_event_02092,33e1afe7c4f5f59c38501dd73053d0ff8e832c3abaf0ec0b87c58ad6d2fda0d1
oof,1455,stead_event_02093,30e592f00745ecd2d96bc8d1cfd8e1056d752170f28c66d8bba5b46f92f2922a
oof,1456,stead_event_02094,ff906b4f00143c9683b5ecc5b457db18cc2c66eb1ae3b6239c7fb695b117e1a2
oof,1457,stead_event_02095,6e6563facc6c178317789398d7aa4e3cc367ce57b6242132ba812f82e8e1b635
oof,1458,stead_event_02097,dac0caaef11df2e236c5193ea14ec225e0998083668f874de96b41be589eb07d
oof,1459,stead_event_02098,868c93fc379214d637d0ff910f70b1edbddc138a25f60a17e44e243cf0d5bcbb
oof,1460,stead_event_02099,b7e89296ff79431e1125d6f87cbba1ad76dec273aa8112fb0c123e177d3bc917
oof,1461,stead_event_02100,8f4fc804ac3e89ab333d024dffa6cdfe3cacc0cad5ebd64613da42b9666a1ffd
oof,1462,stead_event_02102,4e743f8e82059329eb7bbc7d3a92bc5f323fbacc4fde40313d0f5b9326d04b10
oof,1463,stead_event_02107,0846c6a277d949d6ebd8c88571626e03d987ab59721b38213508bcc121dc5355
oof,1464,stead_event_02108,808b58ad57c620d691cdfd0e252da4abb93548dd4e50b31849081c53ee4cce6b
oof,1465,stead_event_02110,fefbd571482092175d71df46c6c546225222d11b13ee2c7fe1b29b38c410b47d
oof,1466,stead_event_02111,e80bc4a91a55f961af5d342930916c9adcdbc59d1aba5b96c73bc7f3f069aa9d
oof,1467,stead_event_02113,5f73b87dabd66bf95db565fad10bf937ec0c71c7c07840a38ab34b93973d5180
oof,1468,stead_event_02114,1ad13942cc989bfa37de37ea8da64968b625594c2024b5bcddabbf40e440360e
oof,1469,stead_event_02115,70135394dac17a061b738c218d3231be8b3f61de3a83b61205c52710e92988be
oof,1470,stead_event_02117,508eb871f11ecb42b749ac05dfa7bb181b738587b15fbd20d9baa557065f54f5
oof,1471,stead_event_02118,58af599984c46adde5ee96bf20c9d6e285c30eb25a3ac84c1332167970db0a3c
oof,1472,stead_event_02120,44d74e19701251123eb4ed928d91b2c7f65204d36e9dac7de32ecfa50e3dbb9a
oof,1473,stead_event_02121,9193e364dd1b9dc8287fe264c14e6d92a2ed4feef9eff4e393d978d8fee702ed
oof,1474,stead_event_02122,de4583ae9441667e04474dd2c6b415850d4a88eb6638335ef079b2748b53a29c
oof,1475,stead_event_02123,4c9f7501fe6cd83dcaee8c3131193197c764c71ed0cd1f90398e977f74030ecd
oof,1476,stead_event_02125,446d04eb3a8c04a1163774d5e0556def8f0b63c1b9a95ed55972dc8cbfb29bf3
oof,1477,stead_event_02127,8c4679cbb908889cb1edd7e1be8e48589ea4442af79c13bad6440e5633eccbed
oof,1478,stead_event_02129,cc1d1c30fd82347356b375e2106187ccb2eda99be9bb8d3a8f0f01105d40a076
oof,1479,stead_event_02130,83c6d110725dd22a2e993ca3debaef3800a87c61af0e1fb68b477e36ee84a905
oof,1480,stead_event_02131,48d479782813e64a471a0e0b9a8bab76c3ac3674bd541823617bf8313d2c1d2c
oof,1481,stead_event_02132,5f5e554611380cea055d7b68d92e96cd43fa9029ac77a297f068209d9c17bcda
oof,1482,stead_event_02133,fae33dab3b4b33cb4ffd79ddf9a516a95fbfcb4e21b0979dd1b463e05744efe3
oof,1483,stead_event_02134,928c0d102235338a5bab8822589043de567e9aa9f6af04cca9cc3c6817e9d6d7
oof,1484,stead_event_02135,76ffd1f3d81a0567a3237090257a12b0e62d8f07054dd0da999baebe56009b1b
oof,1485,stead_event_02137,9d91e2fe03b24a33ffec7f8a839a301fac2039a1ab2c7bc9ca6b42f97b5f891e
oof,1486,stead_event_02139,f387b63f10b6bf9c625647df72940fccfcf240d164651c7432aef3272c1adca2
oof,1487,stead_event_02140,1738a6955b58b8e8e677f9d84ab9f7566cbd77b405d625fd619dd009ad4886b5
oof,1488,stead_event_02141,783f41c93521dc875b46f0b8a8627b37a2ff0181810008ea8d7906f46feaffb1
oof,1489,stead_event_02142,b0b3a6f8dca5e1bffb5ac38bc88d0752a99cee36c36cddfc33daf390bbf44b3e
oof,1490,stead_event_02143,7d777f86859160c39a555741c1cf79da94ae2f47ae0374a65ae9800d3a3284ce
oof,1491,stead_event_02144,eace14c20ec248933fa2fe75e106be2bc2fb7654ea1972c115b59e8bc46b6228
oof,1492,stead_event_02145,9d88fc5713020259e8cc248b5c00f025e2d1085613ef7f1f40eff759352292d6
oof,1493,stead_event_02146,e7435dbe79e8bf9d302be4af4406664d613508c5acb06356515c035b70779d95
oof,1494,stead_event_02148,66ce348ce3fcdbc0600327eaa66fc6dfaa2d502699f0bb825d0ce6e0435f3aa3
oof,1495,stead_event_02150,5441a4690cca4438834c4c555bc693e8baa418f4764702ed7306cecb2d81f6ae
oof,1496,stead_event_02151,325e347e19d03e3da0e0df8ca5eda5a93c1c394cca16e0fa56ce9e58f5a899b8
oof,1497,stead_event_02152,b5eb196faf60d41cc2fa1b9928651cd27cfbd40b7cfb625a7952dc7844f7da85
oof,1498,stead_event_02153,732e5faf484864667c795dba79c856ac7585ea8c59fa0c54ddb3358fc08aa208
oof,1499,stead_event_02154,c74e98a6b960b89f9bb4b0bb932d45cbfc7e18ee31fe8c750c0f099309bf4661
oof,1500,stead_event_02155,88b3e19ac25b325ca2d7001ee285e189869d3722a7364aee4cc18d768252b566
oof,1501,stead_event_02156,2025ce0739eaf606b10718d287c25f0e4092810ff813e5be663f54ce196a9d21
oof,1502,stead_event_02158,43741db206a24d295f01dfe5d4ade47713d8d3d14fdaae9754bb4a04b9b48a61
oof,1503,stead_event_02159,578c1324a8369c90c512215b042a62b6c8e1a77ded3a63eb51b957d2d375a57d
oof,1504,stead_event_02163,3bdf1a6b56024be94fcd630bfa8d779728ab04f23a2089c6500a162de3150238
oof,1505,stead_event_02166,4629b351aec840bf6c1278a1d6672b2fcbeccad92cfbb77be245e9a4b7ae23fe
oof,1506,stead_event_02167,3c1a5795d75d057cea5b9b8dde9e3034308f902baff522df03574478d3f5117e
oof,1507,stead_event_02168,1d0256d549896831c40b3d974afc6594b10b4dc52eca0afe74e132ff7741df68
oof,1508,stead_event_02172,a8f6878487daf4edd2325543913454ff27a5fe841b12009653cbf4f85306cf1b
oof,1509,stead_event_02174,bf99a7595aa71d81a6c9227ac12d6f2756d42f76b78df40bbe3b54978f5df136
oof,1510,stead_event_02175,c6b97bd849bb903ca663b663599791c32d366955426a4b2df58d9b9d0200335d
oof,1511,stead_event_02176,a09e89dcfbb29bc30ced3694f0d23844b07b55f15e545a1cffb68af5e50c3e32
oof,1512,stead_event_02178,547d05c7f62d7d5ae2982f87aed22217cfac7e1515b76ee3f7ddb39711e48ffd
oof,1513,stead_event_02179,4c8ac556e090a13fb028f347f76316de5922048a45a399e36f41bb96bd365baa
oof,1514,stead_event_02180,8ef583df7b479b1b270323d94475cea9d1e305151f568f487e6fb747a01a1b5f
oof,1515,stead_event_02182,c123cfdb748f8e876ae81cadc462998dcfa66f0648b175521dd3bac68b174dd0
oof,1516,stead_event_02183,a4b3f626a2b67c6410aff9a016b71708242277295ccd3cd340158dc39c1e0f45
oof,1517,stead_event_02189,925109ce9b2f2236af5b15d4b48448c16f15292ccab3cf4a944bf804f1dde0bc
oof,1518,stead_event_02190,81b46fe8204730d911c623a182beaf63a7c91b6b17c9fd12a034653187294242
oof,1519,stead_event_02192,5e0563ffef66bea7d2f967d7253f4a53e69b78fec2c458b3dbcdc0e9766bb9aa
oof,1520,stead_event_02193,6fa9194b1b09c2e4238678c8c25693fa58439c6efdcf9c66c624adf18d63625a
oof,1521,stead_event_02194,ea1065ced4af0c825211011101268722796d4c1c8c315319eb01316a0f5a9511
oof,1522,stead_event_02195,513e5d328d39711382a96b55a1d8fc640dfb29b7619ce598fb33d3b3c72496cb
oof,1523,stead_event_02196,dc79d22133bee3902125f525ccf570ca020615402405a36b1ce020a4477ce9af
oof,1524,stead_event_02201,b54e9dbe5a298af769aa1d1aa7b36e98637655e812eedd583b395a47d62d832a
oof,1525,stead_event_02202,fd7c6c0f6df8b683f068a29fde26c6326853da1dc63cd8cd7a843c6c3ac9b5e5
oof,1526,stead_event_02203,2d2b99b348de33c7e0b90ec0e936629dbf015cb557d6a74659068678dfdc3d83
oof,1527,stead_event_02206,d5add0bb9c593c4399e781e312d854278ca115c2ab6691028fd526d3814a1857
oof,1528,stead_event_02209,1297a19fbd6c2d8242cb7dfb837b9d8ae7e8bd8dc721229816338239da5e8c22
oof,1529,stead_event_02210,4d4c9ee6b883f454feb9bdb2cc0e3d6ea3eb034f991c77a8b4088f692965de6c
oof,1530,stead_event_02211,789c02f881e36f363659bf9d48549b194316250c0619dbf6a5dc919b18855c6f
oof,1531,stead_event_02212,dbfa8f3b3375e5e04c807126e673cb591081c2d1a547059b6f3427602faa6b36
oof,1532,stead_event_02217,a11c1d0cd5996d785f26de907d9930e5e8f20031bb590a75fa57aa8b2cb047f0
oof,1533,stead_event_02218,262ceae45dc0e8e2ef94ce5b24da714d1b0904a62cd9cc4d0578a707503b56cf
oof,1534,stead_event_02222,b3ee83b7b27273c697665d496d360cd83b462e1fd216d07566377ea8951e987f
oof,1535,stead_event_02223,1dc3cb31aa1c3552a4f778c4e3b909f6cebf3c5d1b4862131f15d3a06aff7751
oof,1536,stead_event_02224,e9a0a6bdbfb6955e5fc40f674e018e74b60e9088a8127deab21d6638db743c59
oof,1537,stead_event_02225,db5fee0e4eaa3bf5d635719f408a2726adfeb5a72138a14a1ad15d021e48cf5d
oof,1538,stead_event_02226,21b59eb461beefa88ca2c448604194f127838ce368dfff305dcf4b882134d555
oof,1539,stead_event_02227,77c2ba4d83d09b5278d8052014646044093075dfc5532c3209991cd776741e0a
oof,1540,stead_event_02229,85a3d5d1d86cea63b1effba76774894f484a0699ca4e8eacc194397298203b3c
oof,1541,stead_event_02230,772108ee6b465ce237f6c542f2761d6f71bd6a743eb0a337353d0e8b90afb3af
oof,1542,stead_event_02231,357ab16b5c757686c24eaceb716a47598f04413265984baf0e7a1703336dddde
oof,1543,stead_event_02232,092338180b45d7ee8ae933565c0879ab55e7c4f635057913dda03f0cff0eac23
oof,1544,stead_event_02233,5fc3aaa9c0133269ad2708a53ffedbb5f8fca0bc010b9681efc840d7ca49dd8f
oof,1545,stead_event_00000,5dbce5d22e7ea773a5b70e2c019d1ca3dac8047253ce58a50bb454f30210b891
oof,1546,stead_event_00001,0efe5a06cd165ad0e48134a2508027c58151e7ab1aab093b6a4c0620f483d393
oof,1547,stead_event_00002,935fecc230529d076124bc45a5a0a887ad7824c86ad1387871d4ff7aa64ec6a5
oof,1548,stead_event_00003,6984f73cf8bced72293f2208740c4238f32159ba1144efd03bb032db571ad8ed
oof,1549,stead_event_00004,e220122eb59d9da22e05cb0a52befc96e5ac4387139cdb91eaf78792408646cf
oof,1550,stead_event_00005,7b3b85cb23f91c9b68f78418a102110b7f14594c6bd4aa2a0316ccea2f93f8af
oof,1551,stead_event_00006,754a24a7e26590bf1ecbc1f09a43e2ec09e7c3503bff6ff44345b1650cfa3330
oof,1552,stead_event_00010,0bf2f1587b60676e20c6dfbdb607752a3bf4a7f3ff1a1658db025141d573210a
oof,1553,stead_event_00011,f0226c35d6519bd886947bcef08f76f426a48338971e10af4186fcf431152630
oof,1554,stead_event_00013,5154d90cc6352bfa64ba29ecc2a3ba10b27978f519d585e3b80d57ebca9ed3b0
oof,1555,stead_event_00014,6f0162bbd59ad794b9a5a8a77f7c510bda8d5fffc17f4656875cca083bbf05b8
oof,1556,stead_event_00015,6322d12f556f5443dbc79583ef933243a06a1f541b6fa1592364915b71a613fb
oof,1557,stead_event_00020,89a0334a183755f87f7ce765b3f6f77513e5a87346f7cff3035bbde6cf5dfb0b
oof,1558,stead_event_00021,d988424b566f751c9444293c764e2242c18b83495048e65a860402795ddbfa17
oof,1559,stead_event_00022,ede3c8d27cb858e13f57bccea5e5d9efa4dbd544f21d5e5674e89a708bc6e693
oof,1560,stead_event_00023,c8b6105c0385cb7986efcfa0fda1ac1903d5d8f0a05d910de022651a46430b9b
oof,1561,stead_event_00024,5552dd25509c6f6ef2cd7adf040ff58a2d1c475095c4b18e86419b2067adfaab
oof,1562,stead_event_00025,77b3741eec173e1571d67211bb62bd0ba6dbd0e5a3264c01d1ab142c9189b8f3
oof,1563,stead_event_00026,eaa92cd17827fa8a2fecb03d6d6a1de836f05726c5952ff6e4c60d7ccb1a2f05
oof,1564,stead_event_00027,dd61521c56039718207f256bcf0c766e4b1d91395e9911b6b94adde40bf5e922
oof,1565,stead_event_00028,26189f947accb2eac9dce025d4c09fdc3e196439cc4a03f77c5cc622bd0af124
oof,1566,stead_event_00029,626f02f7151fcb80766f092711a4c4d4b8f8ba46f956d0c4bd7206b4dabf9766
oof,1567,stead_event_00030,859e08d8c9d73cf32877aaf31b2d0f7b21152dce8a324786b6a66721208b0c05
oof,1568,stead_event_00031,3fb715e252b23f979b2f1f4725155f588baf62e09859e0c4be02c1c9f7bf3a30
oof,1569,stead_event_00032,bd487c95e8ee162f24ae1b0d8e15caf2f0f6480be6ae24d1b6864e01eca85ec3
oof,1570,stead_event_00033,2978950a2e2b8ca1a69f9dc187bb512c0c56baf1a636d66e68752eecbdebc8b7
oof,1571,stead_event_00034,53fb2419d4fee7d0157a59521c040b83bac2aede5f9cc4562c0f019c5903175b
oof,1572,stead_event_00035,6f5f3bfb9d3fddfd0f3cf3a79653b16a4a7c55fc6bcadefc7350aa3ffa6983c1
oof,1573,stead_event_00038,1527014b4f2efb74ad1bc1c6e31496c1d29d3b5863c41a5fdb03e1839e58f453
oof,1574,stead_event_00039,f8b429e09e86040651b4e1399a60dccb7276ce40d82e0d09a2ec85106fcadac6
oof,1575,stead_event_00040,779f536d162c660c4df1281830e325a341c4d37e964a1fabdbf9f61e1015f140
oof,1576,stead_event_00041,8572c8f79eb0b2293afbd2df4c3f09c5c53c060e6740895cf704dfa512bd09ff
oof,1577,stead_event_00042,1437866c13fe4eb287c882774af240a5cdf1eeb3dbeb72c47d8aaa282674e18e
oof,1578,stead_event_00043,363781c4d1a6493814e995c9b082c4ad76ba737cabf84165a134cb457df9f5d2
oof,1579,stead_event_00044,1c63081d1b0c881cd7b1ac6884aeb03582d713a31ceec5b66a74978cebe755ad
oof,1580,stead_event_00046,f9294a175faae857651f81d94e75331780114e16c035aede8435b9bdfbbae14e
oof,1581,stead_event_00047,f246208ea144c4f0638e3079194b5689aac2fca30c9bfe8616cac273b6588e20
oof,1582,stead_event_00048,682847675aa01017c3219cbe70864ddb24b3409c651f7568d8453d9f5c2f1b21
oof,1583,stead_event_00049,dc90f5f8db5171afe6638b0f85b8987cf9898a1ea7df27d906ab80142a0e8bca
oof,1584,stead_event_00050,c35b1ed9436354d89bef27ad8c9f32c8a4899a6a2da9bd35c7a7a73bbb927fe9
oof,1585,stead_event_00052,d62cb055e587717bd4d617c2c7eb723a482133e7cee5006b2747980e8b7c6037
oof,1586,stead_event_00053,0442ac2e46364060b752f6720fb54407e70dddfaf57cd5d041530a1328fbea54
oof,1587,stead_event_00054,67e3a0d5391352ff3fd0cb712c9e6040483dfb8c2b5d38ade8992dd9d9f76422
oof,1588,stead_event_00055,60ab47875be61fe4d4c74d24da6ce39336956066b5e94d4e97c20c3ff411fa30
oof,1589,stead_event_00057,90ec0b0ef5c7e3e93b93830b43fa4a742cadff07e398d31bb4439c6bf6bd95b6
oof,1590,stead_event_00058,4417ba63e8e5c440e0f98b3bf4b0edb96cd28da51e11a179fa0e06c4414070dc
oof,1591,stead_event_00059,1db538943bf21e7ff3083d46080439cc907e9010679c5e4036d9db67d05030a0
oof,1592,stead_event_00060,d97304c4b644fbd1e1d99b45226955be5a7b93f9e287d0bd180d3776df1ec956
oof,1593,stead_event_00062,a41c5b3ce7e5565d40c0556d3948e691da1c390b8c2f09901df5a969b5aa598e
oof,1594,stead_event_00063,b2218a3fc7a4570b0988c29b1781e1fc0704cb7e530b9b4bfc36e6cf9620dba8
oof,1595,stead_event_00064,8738b5d597fd432c636f3137af8f0c4997ef3216bc32f90c477258ab7515b412
oof,1596,stead_event_00065,363d994d26b77d5dac943de9962e877b8fc3f1f3dd538b7520da076ca467c42e
oof,1597,stead_event_00066,5a9421f5454ab5834fae32346cef0cc528687890ae3fc4761b65875bc191c299
oof,1598,stead_event_00067,37b91a92eb3f6033fe7f3151eeda22f64a5f6ffff8cca2e9f3d256e2620fa5df
oof,1599,stead_event_00069,25986ab57fb415f9b4f2a05c00a804c8b40ee0fd415cff9d713298c727e97a3b
oof,1600,stead_event_00070,9b448a596acd2d3917915bb4e928aac038eb06bf4d75b2ae575711d78fbaa6a4
oof,1601,stead_event_00071,4caab4f3a5ac63ca9b3a03b131cdf53dd363d07bd638ecc61d3777d7f828b9ea
oof,1602,stead_event_00072,ffe47838897d94b21845b40f6ec876969a3e18be9ba2fa02da0e77d295dffdc9
oof,1603,stead_event_00073,acb19a699417d9545037216c2df4c21de26fe8cfee202f70adf0d2e7b1164101
oof,1604,stead_event_00075,aded19f0326593d919e74898f739c104d72cef5cf2482282b0e22325c911dcfd
oof,1605,stead_event_00076,38192ea9639d53082e78c963a8919887750ed66a2475aec21f627940c19aa38d
oof,1606,stead_event_00077,f5092685f7db91ed91fbf0255386db0008d42c3fa482efb71adefe0904c5f6e7
oof,1607,stead_event_00078,712492cfe09956035588bbe47333ddc3b3323697df98c02fa25cdc82032a8ed4
oof,1608,stead_event_00079,9dae2d6f0b185efa76dc0bc4984f3e02d94c176b0f1b43bc40dc1aa79053f16c
oof,1609,stead_event_00082,6413cf745c234571f254fc5ccd11f5b007b69853814fd5bc7aa1c56243b9a505
oof,1610,stead_event_00083,f2c374729c75f157a3baff8a5206b8e1efa9194e48375bcbeb074c61d4b6cafb
oof,1611,stead_event_00084,3b2170f73777eec0214cfc8eebdae56adea6df1d283c8bc40f2fa6cef237ba7a
oof,1612,stead_event_00086,eeedfd521f3983e65f1662b6b12ad34087fefb951d0107553d562af37136a40c
oof,1613,stead_event_00087,3832524fbe0d5756758c67d9e3ee8edeb44066654534d9056a9323a469aa9e87
oof,1614,stead_event_00088,457b4b779f7db42a56e80839949be1524c1c896d0234f9b1ef00cd1ecdc95dea
oof,1615,stead_event_00089,323599e5fbcfc0abfa6fa5078f59f61f7d15036e14439e932fc0065a26a13759
oof,1616,stead_event_00090,04f78ff3e920e13fe21c2b63b06e731f09681ce7c256944e9565ced4424cac60
oof,1617,stead_event_00091,12303f7757b52320f9adfdcf7bc13ecf417b104c7aaa743fff4aa7771627527e
oof,1618,stead_event_00092,00bbeb5dcbb88c0786d69abc0c2340c7d1ac5cc1eabf76c4a809486a95754414
oof,1619,stead_event_00093,1278aa6aab2335561e90d61dd6fa3845b900996702510a7e935d912a1e20b36d
oof,1620,stead_event_00094,961607b91675a6acaed81367ebd049ef9de69fdb17a7a1650198f98402cd7cac
oof,1621,stead_event_00095,c71c829214169bf3809a395fe17aff7fc6f837761da5aa8c754580dfb726c895
oof,1622,stead_event_00096,d0b2d77e39864982d778a0ba0d7e69b0713941aba8933e2bbd455de093d7f952
oof,1623,stead_event_00097,6a4758373d5555da2042341ac3c8c0ec5a0e98b225a86b7b182fc774e8c7a442
oof,1624,stead_event_00098,2e6dfb08bb7a546150115960b531a5448d6d472eda4f5727e4c89c207ea2eb4e
oof,1625,stead_event_00099,2f980bf1e49777c43e6a1c7a05db17e0c8b61f7aef8958241ef51f0ba46a897c
oof,1626,stead_event_00101,db89e81a539f7dd8c36bef5150bc7bc5206aea2d623cd3e4e331bde56568628a
oof,1627,stead_event_00102,97c88ee5a8b306d3a440879cb49985f3823b243f814709aaf351ba08f979e6f2
oof,1628,stead_event_00104,b889389576e7d32ecb0ff62d6f1c9b41e2d428e6617a1ba49c02c846ccbe6370
oof,1629,stead_event_00105,35883465993db4fc80a3bbc55eb8aa95e72c0681fce6e1cb838fee25487a3671
oof,1630,stead_event_00106,fd46b81beee6a3ffd54718451e3da4a1cfa826ac7c7a91e02b8a12c8d6454f2c
oof,1631,stead_event_00107,6c8c4d25acc5bd4531bcb9395941545451acf0b3c7098a7df8e939c605603736
oof,1632,stead_event_00109,797f73c131320a36a65f78ed87f9df2eae3a5a4efde515e38bfd6a3d07915c96
oof,1633,stead_event_00110,3a6e0d60405545ed5db58e12f55c8c816af5eb95e704b79413a60c2868fd6501
oof,1634,stead_event_00111,63f27ea9d28ace255e7572c2896471e4e276065375cb202b8b4745ff93ba843a
oof,1635,stead_event_00112,0ef8e641f0674773d01f3f86a4b8fd1a5f60099682f0ce920f570faea2460a52
oof,1636,stead_event_00114,12165df04b826a34b95843b14a17068d4062eaf94904261b2c6c52a18e261a17
oof,1637,stead_event_00115,0c45d8267d59fcf9d81d95a6d747f98bfb38ffdb8edc07b251f0a35f170a0171
oof,1638,stead_event_00116,f053c0b0075aefb1c5c5fb7a39667af046c59d34f99e57e13013b58875bc463f
oof,1639,stead_event_00117,cd971c25717981eebce55bcfe74f54140983e7001e7a3d21716beccaee551611
oof,1640,stead_event_00118,bc940ec4b592777faba51506339fecb0c2c3295d4b6c6cf6c6e56ceb22a005f6
oof,1641,stead_event_00119,3d350853553545568b71a541132d58d51179ff1c51e98851915f6b6f82629fdb
oof,1642,stead_event_00121,885a06b7f87380ff244a779f20715a601d1a24f7ede7cec0809c0f30c274a532
oof,1643,stead_event_00122,9ef980c5bdc6e6169ef3ad34ed6ad6b1e824d78d4e4ac4c7b529b2d2fdba6ed6
oof,1644,stead_event_00123,0535e2601f0f3101f7764a5f8278d2c191d1c24d4e30923cf4218646b77c3472
oof,1645,stead_event_00124,f8491f1a8ac38f4dc29f6c8ddeb22479d689b9c06aa33a3ae651032575a39585
oof,1646,stead_event_00126,1d54fc6c5bebf88ea30b23759c1dadb0d373605fdc1a979a9be049180b025753
oof,1647,stead_event_00127,242a418eba6f5292110dea770d37aede7c480eb5c3513e539627e4e5bf88d57c
oof,1648,stead_event_00129,cca424b97863bfc08ae54373f40abb14a0944405ad0ba84d81f4fea8d5808866
oof,1649,stead_event_00130,3e9b5736ceaddf847c3cfa2d7f6f7b034865f59e1b709a0e9ae7d7a17ad641de
oof,1650,stead_event_00131,f63c5eca9d339d780e3a4623565f33ae5ef2234abc567ac11e8353c91c99dc54
oof,1651,stead_event_00133,15c1ca472c0be0571cfa1e71207c4b32c1b9e0e80e23ce45b431f754e0d57043
oof,1652,stead_event_00135,f4ba472e214609bb822481cb277924f36bcf47d0f9903cb192ce471a1d7d1573
oof,1653,stead_event_00136,3e2090e06c0c53a5bb78ad34f6cc113fd93925607537d4af0b1532e87ae49dec
oof,1654,stead_event_00137,e5ccba8823d711c1180dfaa9b988905ca5330f463f835102b6388d6dc1562081
oof,1655,stead_event_00138,566a562e8b8e0717442e2f8d5462c0ed8145e2fe5709389264ef1b350b558d84
oof,1656,stead_event_00139,9744a0a19878e1c926ee6345f912634855d431467f2dd7e075ad4ddecf96da00
oof,1657,stead_event_00142,f4dfa6876d4fe7c5458ae2e6c5918a022294db7d5c7903bd5047e94c43536a26
oof,1658,stead_event_00143,6885d1baa898c577e5299d77e55af3cfae704a84f647781d4100b6490d4ca401
oof,1659,stead_event_00144,0a295864c3722afe43485a60bd7e9296fabd39a9577788289b37c71487a1af94
oof,1660,stead_event_00145,1aac87a3e6d65743f9df86ad215471ae1e2a06ddcddb5e95391bd0fd74b6b7d2
oof,1661,stead_event_00146,bfc6e6017e6de385f4315498d2136ccf362c25bff755e0eacab89b320e6b18b9
oof,1662,stead_event_00147,93ee6fde031e2def0deb164adc7927198b1b4a111834c341992080fcbfcf26de
oof,1663,stead_event_00148,115beb07710787a7589f81548843420f5a93d55b04773bed6d6b12f475f8003a
oof,1664,stead_event_00149,2c6ef8d8e2c05f4390624148baafb63055efc3a874a058f007121a8e74bcc3f7
oof,1665,stead_event_00150,8787e341a094b2ed6d564978953eefb1a2d228e4f50ea64b8a3ddfd49badd9bd
oof,1666,stead_event_00151,70eeaaffcdce34d4bca7e2f121291b4c63f56ffac7d15eae8401b68372bfe15c
oof,1667,stead_event_00152,988f6dbaaee092168ed1b7983d92664925396dec7cb3b097d1ac1db5e5ccb8b4
oof,1668,stead_event_00153,64b04f7c1d53cee42fb7f8edd134bffd4a140fd04af4f5813a453d2f281835e9
oof,1669,stead_event_00154,5dd8ee71e6eb18184ee1193b2c3ac6aba987888a9472f00bf8dd603b5534918f
oof,1670,stead_event_00155,ddee5b2742c9358ee41ba12ec6880d0aaca5dff6ecffa7f55ee29ea13fee935f
oof,1671,stead_event_00156,6b78a7ce22b432abca579395592bddfedd494259901ab32922442b0342c5b45e
oof,1672,stead_event_00157,7d82f36004675897d442462a29aff761fab4db52de772b366db6dabace2dc608
oof,1673,stead_event_00158,9f434549e1bcb318342b7b591cb1bf12479e39ce69807d0856dda2330a36803f
oof,1674,stead_event_00159,41b40dc7ac3c4f6bf3c8b7e2e929d221b5df745062d43e4378b2eaf55bfc0a0e
oof,1675,stead_event_00160,27e2006a2944ea4c80d46b1e1e7a61939a7d2b950f812c1d61842d47bd610c0e
oof,1676,stead_event_00164,8e8d9d6c2a5bf442649f2bb5ea32b286ba9c9cf66c9de21fddb8d6fa2085b15e
oof,1677,stead_event_00165,32b669753dafaef58694b631ef7bb696b581e7a864fb40234db483d3236be417
oof,1678,stead_event_00166,0756377502028289e834c61adbb8ed6e0f05dfef4edff98a5b152927ecb27657
oof,1679,stead_event_00168,6d912123afd68bbe42e6b394cf0d2a77f7125d5692ef5119d4199fe020a9c96a
oof,1680,stead_event_00169,dad97e424e5cc617deaedf5dbd5cbdd97d016bf39751d7cfc23293f23ae02cb0
oof,1681,stead_event_00170,7bfceb2c08810607a64325aa7fbfbc743d39784a5c258ef9a62fb6e6dd3b5d75
oof,1682,stead_event_00171,91a215929a53777b33ee56308715e9fb0ed3a6d6d005ffb1e811e2b9b348b2f2
oof,1683,stead_event_00172,385905c818b995ecb6e5754ed96d09982f7394ce0fa794ff698be44aff9e6a10
oof,1684,stead_event_00173,f8232fff03eadbde2f390671eeeb0ef0985120b2b0042bbcc8cfb21db40a88b9
oof,1685,stead_event_00174,7012479363143f49cc4bf90bfaadd2c07e095044d5b230dfef721353ad06cb77
oof,1686,stead_event_00175,f342eeeb21573192d0780bce1e77f50cb2944183b5205fdce14578ad86920cce
oof,1687,stead_event_00176,75789f1771739c2fa819d7ad34f132642656e83bc0c3f742e7e02b4c13c69590
oof,1688,stead_event_00179,e6d309816358a741e3026437c25fc021e40254db8cb2aa74d91d76e6049487ed
oof,1689,stead_event_00180,32716132b4a7849cded17f00538760a004c775fdecec9b7af0440bfa5d42adeb
oof,1690,stead_event_00181,0db22e96ac269682a7c844ba8fab05ba44e1ea0cbc53d39091813faa2e1c155f
oof,1691,stead_event_00182,796502f9d019afac8c1a45d9a214f95244648c5f99b2e994c9466f2ec6da4d2f
oof,1692,stead_event_00185,6c964f13f55e528238a7a819deba1e195517807df489ec70c3ed45e57c699a9c
oof,1693,stead_event_00186,769baa37f1eeedf2ec3e39aeaf3de94018ee7b3f96127c750b95e2db6ef47124
oof,1694,stead_event_00187,285b6a911474d488a32050636943331abb89b495a93ff0180e31b9f72dccf04b
oof,1695,stead_event_00189,0498580fff057e07b5117d3d86ad828b0ad2a8fd0e62b3a8c3b68bbe69a2c59b
oof,1696,stead_event_00191,d0369d9d8e6e791dbd9b3251a6be9f70453d4c9033c11128f023586440ebe83e
oof,1697,stead_event_00192,543c52153024174c9cc9dc895dad2f738a0a6325a41dcf31e720db6d3db35b6c
oof,1698,stead_event_00195,ec99a4a82d5aa822d4cf2ce6ef24a9e496658028d376b3973127ae295780267f
oof,1699,stead_event_00196,118a68a484d08673523c64967244466317f9b6016d5142acd576a3cb6f50d830
oof,1700,stead_event_00198,d456f3ef2c5d7d9fc1708bf26bea73d2810465b835f51dcbe9a1b9eebd2fb50b
oof,1701,stead_event_00200,5514901c60d226dd35d2f36957f0a12c1b86ce2eeaaad43b897bcb5fe6fb289b
oof,1702,stead_event_00202,9d9030cd8f629593b685e0b02f501fa49f4af14a165f5547ae46fdac7ea292b0
oof,1703,stead_event_00203,070fb8688a1961b596674aeeba8bb517f0523a2d90476e81a4a594de82af9d73
oof,1704,stead_event_00205,5cfdfb5aa1acfa6bf02c42aa4dc81b8c3d44e51232d52e38211fb80181f5821e
oof,1705,stead_event_00206,0ad336d54cb8edc1786b3c4a73adedb2e47eda34cba196f436aa42e7c04fcb5b
oof,1706,stead_event_00207,7873d5fe9b5be06f063f3b8e8f378032eaa9d7b88049ea790569fad856b1fd9a
oof,1707,stead_event_00209,e065577444e4ed4c807cd654c875c7a3efefa3c737712a9ff60e35970f867371
oof,1708,stead_event_00210,8848a45c503eba8f85b7e37540c662b29e8e5abf6c81c549a22e2214f416f2ab
oof,1709,stead_event_00211,3c4fdd8f30b2da0283ca1584804b787993143170b3eb11987d5498992627ee9d
oof,1710,stead_event_00212,bd5265a5ee079a651f1f7bf4c2f5b2e89af1e73681f02b573f6f10d10db728a5
oof,1711,stead_event_00214,fd343461f5fc64e1068d6f1828664847df393e5049d488c1eda95eccf726b602
oof,1712,stead_event_00215,eeb7d7f386a82cbaf3fba9ef03f66cb1320d586d0d486658496190eec200c198
oof,1713,stead_event_00216,863814093b4ad9caf7600d768fd2442b629dec208850e7dd3bae94f0eeb6953d
oof,1714,stead_event_00217,2d521efad856ad02c1475e1b6696d80f80048e37041ec5bad0f3770e7fa742d2
oof,1715,stead_event_00220,102ff072b5270c3b5b5b10bbf950f3b5fe3ff0a73e16227ce6bf297d2c0d4800
oof,1716,stead_event_00221,f999478c0bdef3bd51e64056ec85dece9e144591fd770f79dbb7f5b0ad063a66
oof,1717,stead_event_00222,d3eee23d866b9a61ca51f880247d6c76139744de831df48c95d7a4be68502681
oof,1718,stead_event_00223,8e7e718201f3b64701a82b41709f0a1517ba652663b22a068a5ec33720640d50
oof,1719,stead_event_00224,410b6b97a4357318c2cea6d42e017d83ba055a6b198f22c558a4c7e0e59ecbf3
oof,1720,stead_event_00229,12726d64cdd29f7aff9e5b25bac0b597aaa08eca6dde19c2906bcf70078c9cab
oof,1721,stead_event_00230,d05faf232b88d2e01bd332aecf292293b626ad0306dad6721a56d77c1db7481b
oof,1722,stead_event_00231,613be26fa52ea79545c67a918eeb41e7fb55a016340249350e344c7f059a8895
oof,1723,stead_event_00232,932693deda2a1a0b655af3dac0da9e27c0a8bbe879c979022b43c2a1d7ce069b
oof,1724,stead_event_00233,53fcff3f3de7b7948bf5ac8afc3099b53b04e3504326f6f938270ec4ba2d6a20
oof,1725,stead_event_00234,a35498dce397515a1d45a01e294d65dd5555e18e3cc7a91641ef0ab0aa7ed2f6
oof,1726,stead_event_00236,ff7752c3e8c089fa0fac686d49a979d1a98dbd61e62f7a69e9e2f2829207d2e1
oof,1727,stead_event_00237,bfe743eb16418bb58250d71666025f63774ac9b79dfbd122db93ea2ff6265704
oof,1728,stead_event_00240,587c23413299be4b881f306f9c1ab72428f4f2a6e70d733a92bdfd1cd4e76cb2
oof,1729,stead_event_00245,2b9908cdeb02c2f8d3ccfc88f74def3d716c0f6ac32e242a9defdaaa773aa32e
oof,1730,stead_event_00246,d9b55b786f58d8febe439013e31530d14b6a8af1afa7c4355cd6f9b7ea1823dc
oof,1731,stead_event_00248,fffddc921da880eb0e88e49b497075fcba38969b95a90a74937aced48c2eabfa
oof,1732,stead_event_00250,4082510954ba61660af604d8488c3bc71e8b244dc85e72aa3f28f194438f8772
oof,1733,stead_event_00251,d2420f8b8ce6232f6db94e027b7feb79c68a68b41bf418cf51fe08ec08760b30
oof,1734,stead_event_00252,3288936db94bb470711ef3805c0f05beee05ff7532fad1093ec0285cd778b548
oof,1735,stead_event_00254,a1c9088a3d1266a1b622503309eacaa34c20bd322ddccd4363f910085457848d
oof,1736,stead_event_00257,30b5590ac4d03dcda7ba79d39eaac4e6957d8fbe1bd4980bede01addd8518a5f
oof,1737,stead_event_00258,b2b5e78a1c56c0959f098f0c01ae537e8f5bf573e437d9dee53562794b6d4ae2
oof,1738,stead_event_00259,8abd1ea8fbc2bc95a58a247b21b495c2ecee22ea0a90b4629dbfb02c470c59f4
oof,1739,stead_event_00261,1770a023ea422b7f458d72181d1accc407b0673b47a0669af215012cddd20b0e
oof,1740,stead_event_00262,4e9b3e66a1598e66c27d11fb99ba7f458c98ea692619f40f75e893f818395f9f
oof,1741,stead_event_00264,142fac55b16928c15c26566bce3be9b0383a46b029c14155292953d1869d643f
oof,1742,stead_event_00266,fd7f8bb08989123b13325e23b59da204949c11f75fea6deee2dcf048fb383e2e
oof,1743,stead_event_00267,0127806cbdf162baefc6cf9711ca60e599c8c8756c87ef24b812fe02ac9661c0
oof,1744,stead_event_00268,200f546433160737b86af1774ab5a2e34bdc2b0537c8120ca02aa98943389e09
oof,1745,stead_event_00269,0c7563124d274bb649c7f31797ab2d795871a6be41a42d2ce8de8aa2de80c7c8
oof,1746,stead_event_00271,af36f98dbe4eb9fd8134a92349dd4158cdd6602d0b16079ab5e71cde6f4e4ec3
oof,1747,stead_event_00272,00ea69484ee9700ddb6c4723895c0221fa566b3b210a80b289eefccd3410a006
oof,1748,stead_event_00273,7abfd6373d83fdb389fb9daacd958c4a59dbb172d1a19cf8341434692fcdf811
oof,1749,stead_event_00274,410f4fa677e4c5a5f272446c7c20dbe7dd1e4f983db76503bc1b4062853e32bc
oof,1750,stead_event_00275,20a6215bc8b48a9bbfe0266a70dbeb236d1c66eb634fafbb8e97a796489cb025
oof,1751,stead_event_00276,2cb2c926b62a1be039b841ad887e071881cd6839732ba6c72f6bed093cee1812
oof,1752,stead_event_00277,240bfb10bc60e5244c564fc65fb8d42b06e5c0d53329d8c824c6269a6a1f78f6
oof,1753,stead_event_00279,1fda03a519667132c399571aff362966e5362694f74ee68107355adc86f34be0
oof,1754,stead_event_00280,3de7a0620c0684c8d9b588092cb4a3405f644bbb94dd1f4331e71e7bf28b583d
oof,1755,stead_event_00281,cbf51f7520f0175637f1566f7d0075512ab7cfca022b790358006d66a436ac6a
oof,1756,stead_event_00282,80904aaa68609d1ee1398e48d3a44559e31fc26b8990c8509eb97f81f2c1c4a5
oof,1757,stead_event_00283,afce1ef39d6a1ec2ecfa69acf8357eff90603df9b62912bf252671e9eeb2dcfc
oof,1758,stead_event_00284,c55532bdd2bc5ebdf32b10660bf61e347cb8e6b07be9aa268e6d80b33c82c2a3
oof,1759,stead_event_00286,1ca5a799307ff54380af1ccbe42628d6938a50b1a14185824992f0870f22e182
oof,1760,stead_event_00287,70cdf726d1bcef97aa795095c87af8416f38b0eec2be1b8085ab8174bcc827a8
oof,1761,stead_event_00288,b53e8d165a6b50a46f81f4c4866d4ad78bfe5862bc01218803b7f711ea26e113
oof,1762,stead_event_00291,318b09edf2a5167f31d4feca3ccebb16e96578f74ea19c3bd0ba607ea2b43473
oof,1763,stead_event_00293,b063d0dfd815f5d3559ec41dc6557bff329dc4bda20678ce886ad50f757fae91
oof,1764,stead_event_00295,e5acfe64e408a21e687b3d7114b2cd0fc977fcda3c0a2c3a81f23fbde8588ed7
oof,1765,stead_event_00296,d71b5697949cbb7ae13b818553e5f76ce546d406795471b2ede9d1aec31772c7
oof,1766,stead_event_00298,111f89112b3b98608f12e63e8c86fc540d986974ebdc00d2ba8707368d3f7fee
oof,1767,stead_event_00299,5f277dda958d5342e0dcb8e8c194e9bae2994f8291c4eed912755bfb5e2954d8
oof,1768,stead_event_00302,4e0740c94faa48e0efba4bbef600ae95752be5dcb78761b24fa6477589bee16c
oof,1769,stead_event_00303,3a57a40a3f9cdb2f159d0d3662e27e2035e76a0df232c2ec4084a7b369391efc
oof,1770,stead_event_00304,8863f121dc08571d44a95b0b3bfe2e7bcad88e16a4e7f2375a8db6a4cf24d4e1
oof,1771,stead_event_00305,c9127fbd1034339e9605bbe57e10e73aad4611932a0cdc9f502466d17ac8fbd8
oof,1772,stead_event_00306,3fe5f11c95009a9506720c4337bea6f52554bea07fb424f8b478d5324e5e190e
oof,1773,stead_event_00308,c7fe1e12b9b7f7383391eaa1db2cc08e17900658951f49780981e787ed5c3e8b
oof,1774,stead_event_00310,796eec1fd65ca50a6e9e34de4a192949e02084ae9251e0624eb36d544819bed6
oof,1775,stead_event_00311,e25b14484543a2cd7dc8ac9d3cdf754ff9d3f885e4f31d091b7e9f2d133d9e70
oof,1776,stead_event_00312,e9ef7585853630715ecb6dfce455896c9f7ba635226100512f6c3472d00ba8b6
oof,1777,stead_event_00313,590317ed428faa99f9bdf458d7279912f51cf302c1d45829151d45545d7400f1
oof,1778,stead_event_00314,51597b56bb1fbd8c31955e11eaee7da6057f1a5820fa7ba9a39aee9236f2dd7b
oof,1779,stead_event_00316,bd5a95f604699da258627825a890557fcee3f31918e970377aea5035d151a786
oof,1780,stead_event_00317,4642da3a0efcc5f87f3662219549f2e85946c99791fed2bd2f5f9f5e2d50f778
oof,1781,stead_event_00318,edde795169b4ee6dd4033bf84f42deca5011422bd98061f12ec27c08c6836734
oof,1782,stead_event_00319,d7ad7ef7ffa6554fd1483fab7b8ad607893c616b9efb5cefb59570ee3956bad8
oof,1783,stead_event_00321,d0b295bff610ac99f6bb250ff93622735c5524a8c046f024904d947876fe71fa
oof,1784,stead_event_00322,e59ed1beda6b58fc260dc491e807cd7ce34562784b0de502f5a7db07fd4afeb0
oof,1785,stead_event_00323,eb33d0d46aea884f3870c0f34387f20bcabd0044754c5d7d96ac249f07b339f7
oof,1786,stead_event_00324,d6f483f854a3afac3b834bb9979b343f690a47c80856bd80fa93ed17ee50cfa3
oof,1787,stead_event_00325,071e2110d7bea0552a4d5e034c7ffc0fc127211d374476c09a6921cf027483f4
oof,1788,stead_event_00326,0637d737e60a8db0d9f7ee01c3305ef4d068077f9a31b8fe9fa43fbeb961e513
oof,1789,stead_event_00328,a943a5256ee5da141013f29b67fa2a3d52e69a9826debbafb4832536ce6aaca7
oof,1790,stead_event_00329,707b9d6bd709c63c06a9920b2a2afb2f99b51587f3ccc5ce0c9a6aea42a6ae56
oof,1791,stead_event_00330,e1af97bd190a3f21974d2699c76514a90a6d015a16d8aafe3b2f71bba1f2ec71
oof,1792,stead_event_00331,5df32b0db9c42c9c00bea2621a9bc8a365129891176c325bdfd55741a71d19a6
oof,1793,stead_event_00332,2fadb683183d798e1969f1407029ea2b8e122cbbe1333e6a4a99917212950c99
oof,1794,stead_event_00333,7fd3477780c7dab8b27190a0515bcd4c99d92a766f3e77dd172819b8555a6ccd
oof,1795,stead_event_00334,b1c813c415b5035705f8279fc89436a083eabfd3891cd62d478c94785f419f7c
oof,1796,stead_event_00336,85cc22d7890ce5bf5cca7a644e9788a35629f6e60221183825c7f22c4946d61e
oof,1797,stead_event_00337,0b9bd23fe78b2e08a4f3b369addd7f00cf602e6e0d49026c7e516cabe7fbc5e8
oof,1798,stead_event_00339,462a192ed83591164f38ef10d52e8dbc371983f9603a73ad3ea7a107f8cec1bf
oof,1799,stead_event_00342,4228399ac2c21460bfbb7d613ca2a4ad3b3d56ffb6e5b7857bee8de09b25e705
oof,1800,stead_event_00343,94d7c385c968e7f2c38ea2aad6d6c92c9716c22420dd2be4521a1536b9b21fba
oof,1801,stead_event_00345,f709fbb6d530bd8659d3ce44ac6eca68ff5db3ec7f0f383d999e3d3c6f20e2b1
oof,1802,stead_event_00346,3882378a53b46fbc5fb7ee382ee1e1a0a479990e5c4fc0b7b4a9c5813b06b516
oof,1803,stead_event_00350,a0bea7fea5bc7256d0b7ad543b4fc045ffd2b2c78c23b85272fbe5dbbeb66a8c
oof,1804,stead_event_00351,55b9b3b8c3c7abfd4fccb6a9ed05f1a7eb6e21b05719e2ddc0a26a7354755a83
oof,1805,stead_event_00353,26eac7edb78f0c1c4f4b73e19d8c9b211f92b751460546c7256cdd7212cfd55d
oof,1806,stead_event_00354,8a6a0a5e3ddef3b24f9dfb57c085cb4ee1091d2ffa7c34e325146afa76b834a2
oof,1807,stead_event_00356,fc6ffde56080b365172121bad1505357c88cb7b8875e75bbb3e71628a64b9baf
oof,1808,stead_event_00357,9ef1dff58ad4191dcd81255c712398e3c05861e5226b6e7772685c0c556da19e
oof,1809,stead_event_00358,785fa73da0d30c76c49c3abb7c911e74c239e77fe7c51d822f7698985acecb13
oof,1810,stead_event_00359,57eea701fba2b80b2ae34d11abc389b6ae3f767d70fac317705b327f9a380b63
oof,1811,stead_event_00362,a8d0e47bbb59b77568dd05ea0f7ab9061c88fbf4923a7f406a4259b6dd6b3fce
oof,1812,stead_event_00365,6aa7d5b201d73e3b4e2643c864fd469acf78c0008c1c584a24e25ef57c5eca41
oof,1813,stead_event_00366,eeb914a4105c4ce485d60ba7737d976dfb34e21bbdbb8d00b8fd5eb93c7e5238
oof,1814,stead_event_00368,3ca829858bbda9325c70af6fa558f6e18fb91fcc2ebbea5fb85b02628a51afbe
oof,1815,stead_event_00369,ee9f461a076e027d67ab2a1fb96d6d12603c033cef9cfe3c9fff98875d9425c8
oof,1816,stead_event_00370,a014283770108b9bb3f70a2ed349f907febea01d7a428120accb8f9bf3146dd1
oof,1817,stead_event_00371,eec3185ea961ea6f3fd94ab78fb67d0697489fe07764fce3ecf70bcad2045398
oof,1818,stead_event_00373,690a8dc4047fe395002302546e41bebd9ab13b93891958fad1480db4cd1422c3
oof,1819,stead_event_00374,bc302ecc439f1cddc4a86c3d58750f09413d7ea3120e56603d74d236d0b70723
oof,1820,stead_event_00375,fe5b9520a8110be3f9e0be3cd3d9093d96cad6d1b43a9b75d435d20be7ec2f2d
oof,1821,stead_event_00376,e386de092934c8ad89113d5b191a95a5b6f9de4b5d10ca448b5cc58888c2c497
oof,1822,stead_event_00379,0cedb23258deeebcbb746ba0a2dd993da06bd072801fc580e69698f7fd7195c7
oof,1823,stead_event_00380,f4ea9e03a29f130531906f92706b785d3159d1abe575955b0b4fb15e92071b03
oof,1824,stead_event_00381,12c7b0692a903510ea08bf7f2692dfdb2f927202b25dd7e6778beafdfae326ea
oof,1825,stead_event_00382,75cca8874f3b46573b8bbfc4f29900ac0b433545e23592081f04cbf0ac09ab07
oof,1826,stead_event_00383,1f8e8bdad9e5b3659696f8580112c6c92017b31281855efab984028ec387ba35
oof,1827,stead_event_00384,a758efaaed802a30a8e88c018508939252c30feabb2d4460a9502a4d92c39d01
oof,1828,stead_event_00385,f5f5bc7786ba5f64f79b258fbd3dc28114dbe793545dbc2b7719d6d096797fdd
oof,1829,stead_event_00386,9e4cc623e94c255d292f5e30d4da7dab6836441942c28d61740e08a4eecc1b4d
oof,1830,stead_event_00389,826301aec48af7ed6fa2f2a6925d2ffd56e021a0f2acc64d4b26af6657209cb7
oof,1831,stead_event_00390,a568d2f6da600cfe8ab7174988bf482f148cef42f3750118721e5a3f165c5080
oof,1832,stead_event_00391,e8e866531cc9ff3a26735fa2bbd55a2bb05f113bcd39c2659dfc011a21f4f1da
oof,1833,stead_event_00392,f9039e77c2edca4ba5ff0b39b3211d3d83eb1500ff0692b7544ed7edcf8d23a5
oof,1834,stead_event_00393,e79e4c27ffcc4d39b3f6b912b6246a70323360bd3914ab8bd3cfa37f8f94e698
oof,1835,stead_event_00394,dd7c2972bfc34924d3edd29cfe952fd2b74cbaa2d5ae4b33619734b86404055d
oof,1836,stead_event_00395,cedc5e5f1c8ed5d906543aaec24bfab72839a58702f18d146893defca383cb2a
oof,1837,stead_event_00396,9b5016309307c59c6e1c45588efcd9bbb31cb90d0ba192e9a5e1c0b97495300c
oof,1838,stead_event_00401,ae6a7e938f2e2ae0ff8ce40fbbedefddba51a0c7b13741eb983542a38deae2e8
oof,1839,stead_event_00406,7d972fce7c72d806b685dc455b02a47a846d4abefa2aa7a71e9c4db1591e12f8
oof,1840,stead_event_00407,c79d24b0f9f20e30106596ef21de63f6246fbcfa17fed6aabda8ba7035b8f66c
oof,1841,stead_event_00409,a258067bb0766d95a65036ff1df2a92a6afb5304268a51f01695939a394b1d49
oof,1842,stead_event_00410,f223a8dabe031cda0bc4cea03156b516cd478e06c02a5db87641f004b89fc9b4
oof,1843,stead_event_00411,605fb5ba30b8c48b6a60a7a4b661c5ad4f6ebdca7389c75563afcc8f05a006e0
oof,1844,stead_event_00412,2357534591025e71b6bab4615d248de25f0be1fd4abe6fc47e9526e052820441
oof,1845,stead_event_00416,d988e2b9b816573ebed93c4899736bd55b586c21d6c14a45a57147fee9db999f
oof,1846,stead_event_00418,efcb1d4bc1bc24c3a384644fa17f660153447e263be6ae7e13b1b046c9920a5d
oof,1847,stead_event_00419,e104470a8ee6d3799d8f66fc9bb3e0f7c1862041ead809b506b849e8cb3be33a
oof,1848,stead_event_00420,3753e8bb3afed96b632705ae3dd89d633aaf5dc920bffa7957d7125656b8f909
oof,1849,stead_event_00421,f6cdaff1aa1c4e2dbf2e430ffd66987185cc22b9fc2ab736fd4da171333cfde7
oof,1850,stead_event_00424,09fd15b3632ed73f67a302b5ed06b2af171c0d6e6f16b6ea8cc3612fcce4e429
oof,1851,stead_event_00425,988c559e90226495963617561c689a1b7eb06ac3cd99d82a11adc7dfe4e831f5
oof,1852,stead_event_00426,aadeceaba0525f3f6c92bf3462785b664cf7f591acda517efac4cebe0b3585c3
oof,1853,stead_event_00427,1a3bd33bac32ce820739efcb25112533e20e620e0bec3796fba826cf53d200ce
oof,1854,stead_event_00428,46f24489240c433a8ca2d86025a96af86e7029ccb3c65a64ec5626580d06d5c4
oof,1855,stead_event_00429,79116c935a82c2b93e82def891a05147cb08d9891f8ce761749983d8e55334fc
oof,1856,stead_event_00431,ee9919ba68f35d1302d35e590f1fceb3b5e2a03d41fd40ebdccedb9b58cea34e
oof,1857,stead_event_00432,e660545d12e277db39c6778967c6fbebffd2e647c3ad5cceca35f5ce010f2cf2
oof,1858,stead_event_00433,43676a9aee3a260df25cda2a66914e6716d57e74c20d8fb7787567b390013c2d
oof,1859,stead_event_00434,b47fe2a2264eca74c7a9dea27a25d86e04842f7b28edd06851a7de8e66da53f7
oof,1860,stead_event_00435,7a68e7446cf3adda417609ac7d6d7d9d4029626e6a8017002866e517c69fb6b3
oof,1861,stead_event_00438,5339184fcbfea50822e86f5e91c45ee4daede7557535181da2ad528dc3a5ff51
oof,1862,stead_event_00439,51307e27fd974791ae5382f4e2999ed3016314ec40a3fb43db33b8ec21a14e87
oof,1863,stead_event_00440,c0938423efd9ca4e827372d05657e918c23b91a0d148b63a7f32ea809bc2ae68
oof,1864,stead_event_00443,a4748fd677a74d4408f63ad130d40b9dc2ac1337c7c980e7824521355eb782a8
oof,1865,stead_event_00444,abdb4f066e6e79b9509c431371731e70e047d4930084397d55f16f02fa6303f3
oof,1866,stead_event_00445,52db49057ff325f123336db4de2add0c02ab9c69de7a7da10d36c20a42bddeda
oof,1867,stead_event_00446,0d738e4b8838470ef9fd072524fed09c0b69287978f072f10c2c8b20943d9edc
oof,1868,stead_event_00447,135332705dacb924bef27f18e964f846f3a28e0e5d5075b3a73aa1bd394b7dbf
oof,1869,stead_event_00449,8f1f9ef7424148d98ca07eb5b08418879116bf0b03515a37cc8e1f92f29feeed
oof,1870,stead_event_00450,2feb7d6ed2c862046e4df6d7444615190fcec5b2d822634ca286b60be003868a
oof,1871,stead_event_00451,3b9866ae59ba2ee5ecb97eee66df5ff0e942fa775d4f07a3e0a30457aa147cd2
oof,1872,stead_event_00452,c3abf89b408795f7fbe05870c89c1268cd02f6b387e9d0081daa44c34a9da464
oof,1873,stead_event_00453,3caffe10c2721ba666e780166fbef7737c7caf81fd1f0d1d86445785b8e8855e
oof,1874,stead_event_00454,d59035b3f43ca73dfb8cfaad5502cbfacc006293ee05e27418320702bc90aec6
oof,1875,stead_event_00455,9b8293b9055584c9577ea0c0e4abcc0509b6c5839ed86305acc903d1242cb248
oof,1876,stead_event_00456,3b8bd9142b5b65fedcf88cea41b720e001ab400fd07181347c1045011468de6b
oof,1877,stead_event_00457,4b67396d7c6038fa7a043292cb169e710cf7f9deff3d61bf90ddc64a6bdee701
oof,1878,stead_event_00458,b461e7406d144f058a99650625ba821b778f9c257f8389ecb8b9f2ebc7d59a87
oof,1879,stead_event_00459,8f619fdadf142cf601090d2205c8f53933bb55dae865f53265ba043d15721a46
oof,1880,stead_event_00460,4ceb7412318b81883e0508bb6d60a0e67dea8d668bdec7da1abf1d198960d97d
oof,1881,stead_event_00461,f02f0d4e0d8a2dd87a3cdd603881aaf42b2cb7d1d0a95e8cf23bac7964c7ec14
oof,1882,stead_event_00462,15aadfb5ec95dd034943c74ebcb7448b99025894ea3e7511ea20be4642f6fe6e
oof,1883,stead_event_00463,b7e55444c73c982b2742793a214ab2bb533cfd8959c88b49b5653445bd5f74ad
oof,1884,stead_event_00464,f3b5e64ec1d3906aa43420bf0a95e7d1430d338eec558a621a7874b936c29ba5
oof,1885,stead_event_00467,af7e4021ca620cdd79f0ad6b5aaf7afbfa2a7cb7594e2f2c0503ad9af9fb2722
oof,1886,stead_event_00468,af129076327aaf80edad9103557ecfa432c865ea72605c4d5f6375f1dd5bb8ed
oof,1887,stead_event_00469,c6a4eaf68730a4c362c0204417aba4c5e926a97b6857885855479f71fabe3bf6
oof,1888,stead_event_00470,f857449d8798aa9393a2190ef2b1fd4f33cdfe786543a654216b9542ea7c3224
oof,1889,stead_event_00471,07c6c3d8fbd2d6946ded207f9f3feaaeb04128fc44c5b6db19692bbe0cdebc93
oof,1890,stead_event_00472,448fa0ca6109f4a6f1a9c47f87c0caa07f3d6875a7dee71b5752250ffff5ecac
oof,1891,stead_event_00473,7846f9f1718fc01e1b2526ebf31a5740ab6c12ebd15cdb2731370fc80aa82c09
oof,1892,stead_event_00475,4bfb451484c00100879d07723ea58d579cf8ecd8139c91ca2069ff830a65eadd
oof,1893,stead_event_00476,1750d4ff8596f4ab2b6892cdc04ef95f88fb1acb41121cb0869537fa5b917641
oof,1894,stead_event_00477,8297a96f77ee77b1ffaf446b53a3199e1251952ecbe4435b49bf961cb4c235c6
oof,1895,stead_event_00478,fb74faae8171688ba0178ab8824213fcacd31740ed82a00dfadf3081cd775b25
oof,1896,stead_event_00482,5de4dc8920239736da013259835e5ea24627db7d8d1501ea2a82966800afc834
oof,1897,stead_event_00483,6f2243249c2c3043de82fe3cbd728786a8855890967a048a29969b1284e8c68c
oof,1898,stead_event_00484,9e3aef50f49c6482cc9807f612dc40b6a0bb844ab7923dc96a2203bd6db50f12
oof,1899,stead_event_00485,d48ead3570d0d52320495dca7f2f05734b57929b7134abc2ace94be9b5a684b1
oof,1900,stead_event_00490,d4e90f6476d6a027ea24a6ba83cfbaa164b52df6008e37e05d77798aa974b86e
oof,1901,stead_event_00491,e304bef21ea2bac80064e3c3ade635b687fa6a3e1c1286dea4015bb0cde27f10
oof,1902,stead_event_00492,f2474bb75faf834c12396cf5faa4746f0457bee18687b4b8d39a7b781e8baef6
oof,1903,stead_event_00497,c8c04b5a40ba5474ea163eb8c4a7262be80ebc858cc2435eca5358811c0eb168
oof,1904,stead_event_00498,0f0b3508660801878eb27ac36e33f1402b8d98390e72a0f393b26e67d6eb31e3
oof,1905,stead_event_00499,914d00fb02884b149cfcac324f14bf0454f0ffeb1bf34e327a7dd6d6a3724d77
oof,1906,stead_event_00500,3f223c471424fa25d6f15e931a052700809a5841b31714f28faa03843eb59cb7
oof,1907,stead_event_00501,6639b137a3d2cd37c2dc29c792dd3b87860f8a16456754d4c9a1c1e2da747b67
oof,1908,stead_event_00502,177dc51a502b658e728d59028878c4202d15e76023fb5218d35287fa8cbcc922
oof,1909,stead_event_00507,bb0a02aa5c5a2dde0bc7e2bde8261ef67634461af9afd25872adbdc69d6bbc33
oof,1910,stead_event_00508,04061a5a237cfa59ec3deb67bb53581bcfb1a22a330f0efaf8b26e8f3b77ac95
oof,1911,stead_event_00509,80ade2e721365192bda99f46fea121d65f080b6ee03976bf892951b8927c9d99
oof,1912,stead_event_00510,2fb558c46e879d1c5b5a8d3f01388b54152e5be33f8517d73cef8e80f5e1e4c1
oof,1913,stead_event_00511,f61832410f262b386c3aafc0d3327949bde43e945cfff04bed5b109831f7042b
oof,1914,stead_event_00513,c7b5718917ba061d774d35e0f25dcb6a095b16691cfbe9ed117b6ae6cdb225d8
oof,1915,stead_event_00516,4a6660c7b68c60002cd9091d81ef3fb5a745226a22ce1604af0482734292ee85
oof,1916,stead_event_00519,9dc56dd876834b68f8c48b120d41a858a2380f2fdd4b2797ccd8fa15cc5e10d6
oof,1917,stead_event_00520,8d8bafc5c839c39638451d0d229f0add7a2f8be42fcd4a579f91e5e47d425094
oof,1918,stead_event_00523,ad962a8178e47d7f3c39cf59bad4366a1eb1b7991c61201e083b488d0ef6e16d
oof,1919,stead_event_00524,f9b8792ad4579fe9905f25d27d51a39756052f7369ac5108147b11bc70c60994
oof,1920,stead_event_00525,817f7cdc8e25b47554fdb5d4e0d6dca25ccddefb602b07c18e9ce4e6103f0e67
oof,1921,stead_event_00526,8d7bf8467fa081983b3f2384bb10fab3d5586f50c21cdb022b1906e482b8a36e
oof,1922,stead_event_00529,06ae11efbcf3f3979bbccdc0e34d0c9807082499c819878b8eb6381d4c9a1fb9
oof,1923,stead_event_00530,7b2eeb581fc6009f000001abdc9fa97652cd19a8737962b27d2b4c05e5f953ee
oof,1924,stead_event_00531,50e15e0574f22776f6cb168bdd158be4d6406f15091b8ecd9d30e616b5ae9a1f
oof,1925,stead_event_00532,f58ad531a33cc92e912f90e34a8c40bea5534fc8db7396e0b8b8b5763b02f8c6
oof,1926,stead_event_00533,4633495c3490eeb67014771cc44b449f7ac1c6821cf4453759bbc18404b38bca
oof,1927,stead_event_00534,41e959ae0633f610af27fe80803dbd61c9772b15e129226fc0005bb4f24eb2b9
oof,1928,stead_event_00535,241ec72486ca66813422711b4f118d55d1a743b42dede90d994a267716a4dc39
oof,1929,stead_event_00538,6c7bbcc1b9d2aeb3b43de21bcbaf14c288e8e931d007e74a5ab5af5d27dd653b
oof,1930,stead_event_00539,2d3a66615c7095eacd9296ba9eb020e3447780607fdf74e2addc1c73720f5ae1
oof,1931,stead_event_00540,11f491eaa065a51fe4a771d0bf5418605e4965e44c4d1eabaef91451c098e7d1
oof,1932,stead_event_00541,f2ce093208dbe8a0b9fdd1a08ec074ddde7191f0c51fe784abf805c85add1d77
oof,1933,stead_event_00542,70af0fc95d036b46cf09b193408a026be5d7f5f19ff527eb17941f888f0fa1c9
oof,1934,stead_event_00544,6427e3a2370790a9f4f99ba019780fcae7f6fb3f640f8040e5dfe84db954c799
oof,1935,stead_event_00546,2599bcc9641be1da3a22915f8113147fd2821c05bcd1fd0808516a66e1557ceb
oof,1936,stead_event_00549,ab1f7d3d82aa689b7a989345e4d81def88de5e3907a70dfa9bfa1409e19d3913
oof,1937,stead_event_00550,a69ccd507604e80cd4f6273d83459e8253c89cd39833946eeda775a1f4a6a845
oof,1938,stead_event_00552,8f34347a0fe9c83d0f3fbf2e52a10543a96cdc7c647b8227e1793bc76976b058
oof,1939,stead_event_00553,36e6b89c85af9520ce5b8ef46e21c6f9ab61e7005b8a875747aad7b918c5688c
oof,1940,stead_event_00554,27f26b55ff80bceba1bf079923d50157dbc75f3574469172d02ca9d80c0819e1
oof,1941,stead_event_00556,541e0b148b9a4e2fdaad8192cc2e955ac78d7664b96d60894313c01a4870438e
oof,1942,stead_event_00557,0d1042b50cc74a3cebda0444cc89fe57f81191a9e9306fd0953af6f06840ee70
oof,1943,stead_event_00558,63eb8cbb08f4bd1acb9dd180e7d2aa00ac7e99aabbbb5d1ebbfac2c3097fa0aa
oof,1944,stead_event_00559,bcff78d869c313e173e1e21944c578c5fc6371b145c3610ebbdcc59c41807179
oof,1945,stead_event_00560,a146fb6a0a7e614b424ad45757e0fb6d04b9a4fb2fd379e512933f491d0fe29c
oof,1946,stead_event_00561,c38b02f2de6164b38867a30355e857b87818a6e1795321d3fa827656377c8fa6
oof,1947,stead_event_00562,24e265bca9707ecc48cbc7e3b5cc41dc5f7d04043d664b96a4a171d9c9ea6489
oof,1948,stead_event_00565,01046d3ff58579f6ea8349292059b52e3ab9c6a05a0b7f57140b65fbc1ec7072
oof,1949,stead_event_00566,5214c416ce09a7012f5ccfbd4238b6b678cb5ac45762eb9579258132d98af40a
oof,1950,stead_event_00568,729cdaf565570f98f7bd5d14c9109f857155a0fef0773048936bd9c179232fcf
oof,1951,stead_event_00570,ba81381356bd4f8dbed1e7de103d192916fbda5f5d6159a448ac97975e9bdd00
oof,1952,stead_event_00572,45021a0023b44bdb7f2cff3ce739d786a0cc7355c59632d1606ff0c69369b9d1
oof,1953,stead_event_00573,5d1d32bc62cb14539f80d52695bf3fbce863854426434c12480812d80d70f4db
oof,1954,stead_event_00574,6c9fe7b507df93781e84f60e15c817fca2e6468b6988626f212758422414c492
oof,1955,stead_event_00576,f78750983b77d73d6ca623569d43b448c8a5c7079740d172fe4ac8a044581019
oof,1956,stead_event_00577,b503af6183e80f8da1e37be9ca624236444c866a492399e7151535de9f6062e4
oof,1957,stead_event_00578,beb78610275cbed6536c8f3742984a208cd94adde63aa65e89db7929ff676e28
oof,1958,stead_event_00579,0e291e7f993b5f5ce9098cc411ede766502410e4a6786b4a2d54b5aa55363176
oof,1959,stead_event_00582,f8845c61406eef706287b6979b266647775a83bd3a232d298004755840062d51
oof,1960,stead_event_00583,f67ab73ba3f7d62187944d40f45cead5b603344ffc582dc7ca3dc31dbf4032f2
oof,1961,stead_event_00584,6c6b304e3b0dc447c529b3ac2125d1a8dfd25b48519f6adae9e7d26a03154864
oof,1962,stead_event_00586,d7c64fe82e5bef1d71d68294148756e38d37eae6e9dff2b75f582300dba50459
oof,1963,stead_event_00587,13e91d9d9776d4c47d716f152848a4265608ad75af9be996a5d9b3e7fcec61a8
oof,1964,stead_event_00588,360dea0acafb31aeba6821eb1800dcf0833e52c9e98f6ce31a1a7aaa107fcd7a
oof,1965,stead_event_00589,38df68b9ca2363f464c7d2a9e49f02a3dba2cfe9401b398719c3134cd69467e9
oof,1966,stead_event_00590,1a04e78d4cb2b36ceec577650696f870f2f17de2ddb1ac8d56086cba453f64dd
oof,1967,stead_event_00591,9419b5cd7edc8bb6cb0d7154d6b4f7168a12a66216860ad08f6924d2a643e3ea
oof,1968,stead_event_00593,c0bcca3e686d7505541b07fd2eaadf2c463927e789f3cc8b45f14049fcbb1d8d
oof,1969,stead_event_00595,26b71b596bae9ae7ab669689d07e07e248659d6167d78ebbb952d34ea2f45259
oof,1970,stead_event_00597,38bfff0a2e274befe54710f921746f64ec1e46b63a9a822ef96765b8f07af534
oof,1971,stead_event_00599,5e185bad3ebc36b5f870380c65ef2c2dc33a1104453044916dca7f1a92bd1917
oof,1972,stead_event_00601,7964867f95f5ac6ba9c12526fa48c7f9f415794d726099b989d29cb00080230d
oof,1973,stead_event_00602,63a4f9f808c478ebdb02b0e40c0092ad9cdae0f1a4a6dea90edd1e705b7ca23b
oof,1974,stead_event_00604,3d5f3b9dc3f42c58f69c830a0804073c5e47d7d9f5b415fd5aa72a7e58f9d72a
oof,1975,stead_event_00606,63fe80c6231db2209119ae1d441b617e307385d53e2f77c9c83698f4bee047b0
oof,1976,stead_event_00608,1c2750ffc01ed6f9692fa9403ee05b400f49ad6730f850b2b0b7ed5f7a5be7e9
oof,1977,stead_event_00612,9666e70ad770976289310f08d6197963bf5f576ee676bd2700623d2224ee17c0
oof,1978,stead_event_00615,e81cff72033c1069cdd33386e946f5a5733889f8f852cf48d4ba8e8d8871aa7e
oof,1979,stead_event_00616,04cdffd97fce01ae1caa9115dcd63700321b437f9abee412cec4794cd361a4f6
oof,1980,stead_event_00617,5810425f32d9d563f45e47e18ecc9475c26df82f82ceef875f461b767e493a6f
oof,1981,stead_event_00625,b7d2ac05cf8f3227b307cee374db0469331da4ecb05a506006625856f27229ba
oof,1982,stead_event_00626,18d6bbe409dffcae6b724ed5667960386666e9f3e9c29102e7c8a47ed7e2591f
oof,1983,stead_event_00627,ca3e8439022c1b3d73400aee3f70af15a86b050646792c2610931282bb2d74d5
oof,1984,stead_event_00628,551cbbe906ed584b583c389b1a235a1df3c85d2f37d250c97b544ea78c0f1258
oof,1985,stead_event_00629,4184b396c53a944a30393451f7ffab842facebb772360a6dbaf79f80ccb9af13
oof,1986,stead_event_00631,8dcdde791f602a28f5620bfdf7e723303f3ee95f107e9ca3f8c7bc7a998b1a03
oof,1987,stead_event_00632,ac2beb4523625c3c1051670d4a4dfa740c16d7a8337562a14c70d0028eb592f7
oof,1988,stead_event_00635,ee5024a423c31146194578414cc2c7aeffe796e8677b0d4a29449a661d48a36a
oof,1989,stead_event_00636,c7dc5e6a21ff0f64ea2f6a18e3226582a2503f772125c4418d0fcf9baeb465f6
oof,1990,stead_event_00637,e5f804657e7be3366fef2a82fe1df83f82369d0f80d7c97079044f80c5267a93
oof,1991,stead_event_00640,e26d2a3dc339fd92d926a3e2055dfab82c1a3b5ab9e23855d0668ec656b767e6
oof,1992,stead_event_00641,1f1d638a6e8787401126107a222792b8a16460831b8189b64b826bef6eebb18e
oof,1993,stead_event_00642,33bf0e99cd7dff9de1d9e85b8791cbd1a5df3c2dd062211e11eefc1cd3a73981
oof,1994,stead_event_00643,0a477cfd91c3ef3b6c0b7a50bc05c8b7c0d3a579577f73743de5e4772a5411d8
oof,1995,stead_event_00645,9c3323d7ea4d2428ca969a865926e62c9649dfa319013e7d390a06723d19a1f6
oof,1996,stead_event_00646,d0bfa7c430e1da577712ca2b4da0888cf643e66bca7aeaa67d0d0a8f76a8fb7c
oof,1997,stead_event_00647,a9c85f8de0c835bb6e5f3d554250f241133e3ecfa14d466cffbd3749156e5180
oof,1998,stead_event_00648,550cd253a81da0fbafe5d791f2fa1aa3d4f116a22f91451e5b3a30d1f0e8e3a5
oof,1999,stead_event_00649,52bd4c4fd4bc507150e9a1283bd0d480ede767b53a7923640a79d776b04bdddc
oof,2000,stead_event_00657,0ea8ed6ca2967c6c229077348319bab71170f8ff2b67c54419b1996bb8396415
oof,2001,stead_event_00658,92d4304badac99e64c526fd5bbe6c31743f43de92b57133cc249f29737a4f8c6
oof,2002,stead_event_00659,5bd4a7142c0df4a6c6cb573e877436d011b9db35e8dde618cf5ca63ebd524f13
oof,2003,stead_event_00660,a70dbdd8f71909b4eca6323e84e006f3546fafdbcb76f65448374e0693db2f02
oof,2004,stead_event_00664,0ab4aacf25251b0438eae70e265bfdd8f53780302073604d199339be8c6eae45
oof,2005,stead_event_00665,6c5496c9185c1d0dbcbe315327cb42138161b21d5dd04cedcbcbc29ae3231fc4
oof,2006,stead_event_00666,62357e7398c916d1213aa1cf913a4284c92ba0b1a95a3010b196f5a859c866cf
oof,2007,stead_event_00667,3bdd065924c5ee4e8a12786025425a8db0e14b090070239c946cdb31ad7e9f08
oof,2008,stead_event_00668,c33a47a03f3f94df0281251e2cdaf7041d0dd647226332dd6ac1e8db3907b054
oof,2009,stead_event_00669,ee4ad573967b95501340b35492ebb46aa37d4753c3c35c596814fbb9e5973f74
oof,2010,stead_event_00670,23bec557d93c19bcd147337debb14cd606308f84514dd248243f3730171146b0
oof,2011,stead_event_00671,8343edc3ea33508fc0823a764ba511754f478d90ee97cf21fb54b9d37c5066cd
oof,2012,stead_event_00672,d7cb8d1030a529a1a1e4e7f38dd130fa76592160d2df6f90cb23001649ea7671
oof,2013,stead_event_00676,affefe4bff389ff5dfa7f84db85d55929b187ca6be73ad9d053076460fd0858d
oof,2014,stead_event_00677,5cb46edf266923f1c77ee32b009801fefdb0cf84268aa45ac391d2a1d0d48102
oof,2015,stead_event_00682,8f2de48eebdc604483bbde30294f28f2436bf9725d60cbc0116bd6f3048134fc
oof,2016,stead_event_00683,96946eed11d133127ad9d85164d13e3eacc6df2a683da62beb36737bdd28cfb4
oof,2017,stead_event_00684,d3de116274d6f1a1a94f662d0f9bd73d0ee6ba42a2cc6cce0358e4ed6e6d3e07
oof,2018,stead_event_00685,5018bb17c9d77c17d6f81d088809946c603333c0cc14e02e2a70278b16a1c434
oof,2019,stead_event_00686,db13d99f931622400d758ddc6dc2a1505c30aaa5a4748743e35f22e430647bed
oof,2020,stead_event_00687,2cc303c16e790a658fea42b3d4d057c625ae7c1191a1ee73c79abc8c6da53aa8
oof,2021,stead_event_00689,f8aebd65487af448bdf39510d97bd643920e407b8f02309f71d53520f73b62d9
oof,2022,stead_event_00690,b871e0b19ff5a34f21cce034513c4009bd5528cdb4c322af52728660fed98066
oof,2023,stead_event_00691,625202b8d7692b21455caead57c1e12a6155fe2e1eec2c32bf20ea9786b81c97
oof,2024,stead_event_00692,01803781a6e0eeee7f576793d89a306a89528648a44f8f8c0df23bc3f99b0e02
oof,2025,stead_event_00693,19c44249e56fdf1b94ecdf6e1d7ef7bd2292b0eb0834d24b7330d8735fce0462
oof,2026,stead_event_00694,99b91e929c2ff12525b105dfca2b50b9340993563621fa12e4e6fa3a483ea265
oof,2027,stead_event_00695,4e714cfc651bee7b83c50cc8f411424e94f078b51c54c55fe3b2f122d69a20a7
oof,2028,stead_event_00696,d9a5d82a89224abae2cf5169d8cfd7bca2a9ff5d26a64ae2737626b1ee8a0e09
oof,2029,stead_event_00697,9836714b13fe71a9c3a34cfc9f7af228d33953e51160f3960b4b974935d4da63
oof,2030,stead_event_00698,3175e1b7881660be469e07c3aa726a8144798c505f3534d2bf278230b1f0de75
oof,2031,stead_event_00700,5fb414d91f13cf089ad0780aef02f9fdf6ea51232f5a6c22ce911a696e1db21e
oof,2032,stead_event_00701,86600356f23f9816c613de0ab1b50359b6570fdb31c0e651aa9ea0c152da0cd7
oof,2033,stead_event_00702,5d3b3a8b8a8a9558fc6481cb554cc1bd203984727476046c14005b5e8c82383a
oof,2034,stead_event_00703,11e78760e14eac1d216a9ba778fb186be64af34c674deae340dcd412cd2714c7
oof,2035,stead_event_00704,f3913a11c2fedddb398fd7c6c70c1ecc20487b7c8febd1d55012b916643c9055
oof,2036,stead_event_00705,327bb1902260644ba70fb351be5107d562c37b1e4a9dd42f52b792d395bb312a
oof,2037,stead_event_00706,eee7dfe6d52ec3251c34957953eb18cb7ba191bc9b5dd40d5f69b55392d3ae5c
oof,2038,stead_event_00707,45006c355b55ab74c6844c6c51a0333377f4e93938d05c220ed7043451f8a12e
oof,2039,stead_event_00708,d1491f3fde266e1be3b0bcbf7af4b7d3f49adced78277ce5c95bfdaf146ebc07
oof,2040,stead_event_00709,53efc1f814c5dffa0d5c59b1af12857593afea7d3f619507c65de54268e3d7c8
oof,2041,stead_event_00710,45050e2df8e8ed4a711050fb6a046f121c046b945dd9868286d55040ba3a706e
oof,2042,stead_event_00711,84f96576269e53458cd94bda0bc522406e03aaf99ad0760b717a98e1f38f6ff8
oof,2043,stead_event_00712,2ef5f94982f6a32d775553161f469b95981288f6a42224ed9879b7ba532e8b3f
oof,2044,stead_event_00713,9dedd75e4104e80103d16a7bb4d10e99ca7663fa6d4c6612100b42aa2fb67f17
oof,2045,stead_event_00714,b7e8a88d02fc4b0d2e740cc7afb3686033b22b4f49fa0b37fb05846e8fe6cb38
oof,2046,stead_event_00715,8268ef54a55dae13db795db6e59c5776568bfab841331ff4ec6dadd37fd6507d
oof,2047,stead_event_00716,439be1a13c978c02653bdcc6b48b0b0c2cff05fc5d6f8cb05bf99b243ae792cd
oof,2048,stead_event_00717,9de2fd083370ca9c89c22c2ee13bc214f12370685f29b31716bfba7a40206a08
oof,2049,stead_event_00722,b871d93d47b68834603c8ab07bd4afd5fe68829482d563bcfd9ba8071a1a59b5
oof,2050,stead_event_00723,872419a379b138b9d0fabb10f431447f8a6d4a255a698b0af8faccecf40e634b
oof,2051,stead_event_00724,8e7ac0cbc386d3bfb33cf19728a82b05c13e08ffbc49e93b7706505dc4c3e886
oof,2052,stead_event_00725,476ced0f1b305dbe6939ef44de0bcb6bb03c30f16c5d45b2e07acdadd2f0dfff
oof,2053,stead_event_00726,a42738d79155615f6eb74b36011c7b4081407a1d8072efcc5c62ae1a284fc5db
oof,2054,stead_event_00727,ef133ce57dc0fdc64284af1f316c375683af64785543b4377a1234edf0df3461
oof,2055,stead_event_00729,53f189fc047e4492b5e52204d3f10f8f67467e91bf4c77ac2b6a67a6f62ff797
oof,2056,stead_event_00730,2611fe9712dd06fe50fe2bc66455e07b5cb190b19b98bd95d65b5e6590df6ff5
oof,2057,stead_event_00731,059722b7c0cd1ade977ba9cdf70c2771820921f47cdf63589b16f40f580f09b3
oof,2058,stead_event_00732,fde3f91fb0d9b28383cc96b1d222061361899c1d2fc93ecc4d8a11eaea0b51f3
oof,2059,stead_event_00733,3494297bd0d2216527c221eee81a7b19eb18d37f21297c82fc6fa0f6256d0327
oof,2060,stead_event_00734,22b1e9ac161a7ee094230da2b51ef3e3ecf2a7b97a392511d72baaa49fa62df5
oof,2061,stead_event_00736,2495d2837d7ed79b47aaa4c99bf8fb72c2f99ceb73ee4106a9a8dc8ad608fa3b
oof,2062,stead_event_00738,044bd9fcce507e8a0cc98f9daed14124d47ebe89e3f7abcefd316e714ab5e9b2
oof,2063,stead_event_00739,e6ac596b38dc71843fd7734fd897d801ef514360e6f4820a491e232122bc043a
oof,2064,stead_event_00742,d8d75d81d293001e0e0e0d242d38b2eee961dcd150ad89ac064a81cf225e8659
oof,2065,stead_event_00743,3e602a161f0db134a72e59c0ea450fde87d890167a51e22103bcceb738deb2bf
oof,2066,stead_event_00744,2fff865a916d3fdf0e037d83598cbb1ccb862c8cc6037b4d1f8ad5fd4033c383
oof,2067,stead_event_00745,9f5fbd178bef772ae0b77dd6871866101e1b1ee11ebe87a0d07192ea3a7ff333
oof,2068,stead_event_00746,8ca359c009ee8642872f59a8d13b9c16c6ee0da2714ba1132347e88764465977
oof,2069,stead_event_00747,1150ccef3e118becc8be70680401abf741e0849423abb0a54e303f9513fe649a
oof,2070,stead_event_00748,e5a947695bd0f035908ea9cd51e73eccc386a77e55c29ff86fd4fa101cd11620
oof,2071,stead_event_00749,2c8ceec0c34e752ea412cb00f54aeddd6aaa2ba929575d041925a950abc28f39
oof,2072,stead_event_00750,bcd4f7436c198137cdbb1f87bd3e5701720af21776d1784b531016e2e4c16df9
oof,2073,stead_event_00751,9179a3f0ce86c72dbfd17e8540a8b6bda1136ac2eb53ba7164cfd3e97849d8b9
oof,2074,stead_event_00752,fa27f52785c7389b2d18d6b746f6ff552e9c6c45277e804495f7144d611fdeb8
oof,2075,stead_event_00753,7c64363dfc211d83d47d18126409cc4771a3af7efcc34e22c68b69872d42fea8
oof,2076,stead_event_00754,730ac9c040ffd1f249ee149223fa0c4eb8c6966780c4087e32e789ef23f2e2cf
oof,2077,stead_event_00755,ea4c936ad4fac01fe177d3c8207973601ca4467d9ea9be378676b4aac40ed83c
oof,2078,stead_event_00757,6c886c711a7658a5adf79da19bf2c42f16f6603e1e0272ec96fb6934efa83b0e
oof,2079,stead_event_00758,2acc0f885a2ec6aeec6ece499c9ec19f09ec54f4a52697819c3ac5fdf76a513a
oof,2080,stead_event_00759,1a4a82aee4a5cd2bdee05cc522f8d8955bc10ae4f7c3fe02bcced9d041cd0083
oof,2081,stead_event_00761,a0eb1e6ddeca0e58d580f6238a95cf0bc3064820d3d554cc10a3d00a66589cda
oof,2082,stead_event_00762,a4c84efcdad12ba18e4e5e63fff97d2712e993473c778634fd51ad5446760e04
oof,2083,stead_event_00763,fccfa465fffc90f12e9592d94f6506d67fb9e70db27fb1766bcb25eba3f0202d
oof,2084,stead_event_00764,d5682014d45a33b0a75a9cc7f20cd3d5aa2ef2a20761072bdbe9e37c5429bdf1
oof,2085,stead_event_00765,77fd05f444b2252730e0e1dcac440319c974d1962025da056162a52d7213ee59
oof,2086,stead_event_00767,b6e1790e64e2b3663b6e97b2f140f9b820ff137109fc9bd7a5953718f12d3c5c
oof,2087,stead_event_00768,6d6fca049c0cedb2d153741e425fd2341d6e825c9e8824be22fa2c0a22687115
oof,2088,stead_event_00769,d8b0cf0d10c44dfc8ff5758d2b08ec5b8bdc11f32ac2766d1b46dcdb443ebfc8
oof,2089,stead_event_00770,7ac8e86c34400b74af5579e95c47a29effa8e3107fbe79c3cce3f1a0349763cc
oof,2090,stead_event_00771,8509b09403582bfc832d43b3ad624e4321224b006dc9aef744ea9eea909baf2b
oof,2091,stead_event_00772,1556a3a9ff222c08cab1138dd6b05ce1884e5ee7e7599b0377c2973c7f7c5796
oof,2092,stead_event_00773,8d9d24a71c2bffc819000cfc53027f718b09884b5e00351dc4a0351b177bd875
oof,2093,stead_event_00774,450b08649b27bc11d049f009becf74e71ef37ec4cac433e89e039cc2ad006f89
oof,2094,stead_event_00775,5c1676f348439507e28b0951a338152cd7cfde12839d4f452121890716130b1c
oof,2095,stead_event_00776,89588f465c3414b18ef477aae62c447dc95f805b8c5631a4bb58c7eb954cb4d0
oof,2096,stead_event_00778,f0107ba27aa2474610fa7b39e1f9b296ec173ba04b6ca85d85b6add03131d05c
oof,2097,stead_event_00779,1eafac42c3813c596a265d9fa583fa8d4c05ae2563f51966e5fec4b4c042b573
oof,2098,stead_event_00780,b11604a729976f5fa6feebe6e1426687bebb794fbf6ae67c46d9f90187fffc1d
oof,2099,stead_event_00781,5bafe96d0c0b98be641748e6a405a302e340120b15f513f1df6da4db3d97a67a
oof,2100,stead_event_00782,3b16054bc82ceb8f3516a3abaace28dd1782a6ff81c9503ee80473a6c0cf6708
oof,2101,stead_event_00783,0b3aeb71da2729bf6ce79c3f0ca445ee7ed49d0a919f85526487d4f4641792fd
oof,2102,stead_event_00784,c8a1d87a1b3ea33e20678cbcce5908316f99ae721b313eaee2472c2306cb54e8
oof,2103,stead_event_00785,af96571618d4334f54463f05f1e494989e94c10c894e5feffab69db4e5460ab0
oof,2104,stead_event_00787,282db9a2e068fa11ac79b90b4e3b0c0b9eb7748e060cf72614f462e376fec3e7
oof,2105,stead_event_00788,67adec306a70ea03a912415b61e9e4a2bdd92680e39c8570e3659fb25dec7b4e
oof,2106,stead_event_00789,32aa04f5c3267c3a910ed14b2dac3a656b7ca2eca9bec1a939c44263d31336d2
oof,2107,stead_event_00790,25c01fce1760368b947e21b00269e536e9fd0a6da09132ec590543ec9a106c83
oof,2108,stead_event_00791,5b7408e2144e451ff534a6beb48eb106480a143311f532ca06d8d6bebaf9f82e
oof,2109,stead_event_00793,ef1985223ca8241ac1aababb00d566157fd8d75288521c4643ba6e843ca53d07
oof,2110,stead_event_00795,21a32faeb838fb4ce3c77411e036306231d9164cf07fe459c176d2064f620d44
oof,2111,stead_event_00796,c5f12e3da4c84612e8f496e60cfa3210aebc10470171002fcdcbdc57401e885a
oof,2112,stead_event_00797,f3dfe15cbcda2308aceac4566e6b89df6656ac4bdcad3a5d71e043f76bacf965
oof,2113,stead_event_00800,cbd33390d9e0a61a9b979265ea82e8edf434fb1cb5f7ee9bb7d1a94e958f3a23
oof,2114,stead_event_00801,5e4e1cf4cf096f807948578584857134e60c102f53f828047ddea4734a5d44fa
oof,2115,stead_event_00802,e6110aaddb3012d2fbfb4603e334e286f1e4d9824c94d312be3511ed1a784997
oof,2116,stead_event_00803,1fa13d8d696a8b7423683f25377ef2ed1406f981e55dab69acb1217b3bc0edab
oof,2117,stead_event_00804,10bae95f18ec4b0be78e4a1d82b2bdba382843f95d9f4b73b14f2b2b0ec7a019
oof,2118,stead_event_00805,6df1f7fa1b3e803053cdd62cc55e645b2440d6560df1d972fa11001c18ffa00e
oof,2119,stead_event_00806,ec589e21ca4584136e504ee9d79166fecd8e669f14d5aa56961d5912e76aef50
oof,2120,stead_event_00807,1b1be7133af6013462047ff05e001c9a291d969cb774fa5c3d109746dcdbad82
oof,2121,stead_event_00808,8c96aaf489e5971b43981efc0259ee112f878b322932edbb634f7db9c6a6fee6
oof,2122,stead_event_00809,1fab9f0dcca5d71bfc3490783c193858d3919cc23e5eaee1b5cdec7ad8f1da92
oof,2123,stead_event_00814,8a33305297350351eae246f09a5189c45ebb427716d126e79bf4617f4722e4ce
oof,2124,stead_event_00816,66cf71b2cedd542ac494c029b2539dd4814192a79bcff7bfddc741344900d587
oof,2125,stead_event_00817,9397e15c4509a36d38e6a8b48fec20432e214fcdfc8322a9c5152fc31c1955f8
oof,2126,stead_event_00818,8e57e10db1f73a0e86a9a69834fd3969569c8b1e011a172036964336c79d8497
oof,2127,stead_event_00820,e48f1dd8fd4a2d9189b81c03a815cc490ee785161f2b6c82f4fd78eb4e3f9055
oof,2128,stead_event_00821,eb44b4285fddf8eeaa97ca2386b3a1f944909841e109e95f1818feb9caba3531
oof,2129,stead_event_00822,546770f69651fa5b6e56c55109f8f92bbdcbb48c592b4ddc6f946bcc9378429c
oof,2130,stead_event_00825,f3093ce03b907c67c6285f7a619d013a257369bf2387035b4d466d2319926dfe
oof,2131,stead_event_00826,b49c78b8608601071dfb6c16e7335551c467cf50924bf41b55c6466267d70eb1
oof,2132,stead_event_00829,3d29ddc299b195e946e3d702ddad387ada11dac0ae94b3a74e0132ca261f657c
oof,2133,stead_event_00832,2ec419cd076e81a153e69baed196b071e2ac95f96d61cbd887a9e3b12d6c2e70
oof,2134,stead_event_00834,19a5dff27a2a3fc3a8a363315410eb54ddbeb9bdb0e25fd1b8effc240286fab2
oof,2135,stead_event_00835,faefc6bda5345b5436f48ffb0fa6dd39cb4dc66140785e77f20a61378ba08c61
oof,2136,stead_event_00836,a618225446208039197040638b698f1f483868806bada4af3efa78f071a5a384
oof,2137,stead_event_00838,ad5e4eb9c7499284bfbaa14b19652920fdda524cfc36d5402562b050efefbde3
oof,2138,stead_event_00839,ddd34a48ea40c350bf0613726754f8aaaf65f85c7c013dc2e5bdfa90c1bfde8a
oof,2139,stead_event_00842,32577ce294be85d2e1340382a792994ce2f983c53c3598f749023d179a030ec8
oof,2140,stead_event_00843,424462913d3f3b0677ef5d14b454cae0a6e06a0a5ce159404af557e4269bdcaa
oof,2141,stead_event_00844,eb533052b549771f310ce28f6a962ea796df34d6a377d61be2155417f6498873
oof,2142,stead_event_00846,1e9982e5760253be46e551eacabbc84dbd26898c440bb7af341fc28d58b76d1b
oof,2143,stead_event_00847,f50e569dba0b3eed7d6780b2ee1d358470b3e0fdcd42f3a7fb34cf22befabd31
oof,2144,stead_event_00848,4c9302b4b6998586719548104ba5286be2acaafecaab569113df7fbbf215623d
oof,2145,stead_event_00849,9d9c7982fd7bc7f0791b9d948079ce0ece5b95a37c0e252d7e0ae15f2d8cad79
oof,2146,stead_event_00850,ff9ee86dd4c7f57381c7fac287b496de39b5d8e929cd496dd09c6280d26d2b9a
oof,2147,stead_event_00851,685a8ab54193bc1d89b7d057f3b6aefa960768d74b0a3bdf04a4ba69e614a46d
oof,2148,stead_event_00852,45e0334c9bf1fbddede890bcac915f4f6feb6b59a5f6a8615dc18905121d619e
oof,2149,stead_event_00853,9954d06c4116d554a227449fbc6992117766ec521c3a4e3159ba60bc81642691
oof,2150,stead_event_00855,43b61ac5c674dc4e420ba99f9425c6be5bf86fe7bffc93f1eb6a31ad985290d3
oof,2151,stead_event_00856,304b6e70246aefa1b888c7a608d0f4d90e4c6de3e09fb45195dfa3fa4e0cb7ca
oof,2152,stead_event_00857,c25517d2533543dd7a2aaff26bfe4518121f0ef3725298327000b13dc0db5db5
oof,2153,stead_event_00858,6e7521ddb53e92c0f2d7ff5e08abeee1740e7edbfb598000872e956fe06d8a1b
oof,2154,stead_event_00859,ab92d5fdf43e08a3f89d835b024c0173c7071f330212c68f77f6fcafd295c5ee
oof,2155,stead_event_00860,c45e502bc0aed714c7554893a7a883337e7ce39d7a5b8852ba60333745aa64c8
oof,2156,stead_event_00861,47bea0ac73a5cfaba21c023aa20abf8cda6e22a4d23e2c488fb7367ac5859363
oof,2157,stead_event_00863,97a5aeb10e9834291bd91755edf29990e27f2327d5541eb833eaa1eb9b05ea26
oof,2158,stead_event_00867,2a2263a768307f5332c7a49ca4f8081657eccbe55bae22c49f79192b9af0cf65
oof,2159,stead_event_00869,9aa828ec8b496003fb0ade4e9ac191232f9e016c4f19498c0db8aa59ccc5e97d
oof,2160,stead_event_00870,155291628ff1db41ba3434d7f71ea56aaab7c4429be6f5c20cce651718644ed0
oof,2161,stead_event_00871,81a0c6077f61223a30b5c06bd61e7ecbc0c54f22bcdcaf839b7f9e39f8f433a1
oof,2162,stead_event_00872,393e5356b2eb3cddcb71e49e45421748455f6c589358b59905e5347f4c659e83
oof,2163,stead_event_00874,871f0e514e669ea4048817ae84a77e0760dadec75ea5dcc1dec5d96d3a1cfc52
oof,2164,stead_event_00875,148c1beaa488f74e45b7f3ece9a91f7a2407029432612000d53cbf65785678eb
oof,2165,stead_event_00877,1310a8f15aec779f17066630888d1191b8b6a50af778eeba0daf0d09f5d220aa
oof,2166,stead_event_00878,5cea129c044c0221da049c12a4d1cdf6cf38cb1cf7e75d5dd81217e9d3f7cd11
oof,2167,stead_event_00879,fb6da8f7502a9978ddf58a448155ec34bad8c4a8cf7a11e077aa609813388a75
oof,2168,stead_event_00880,12bfba3170000049b9557b786d74878aded06b3e8cdd918b80c203ad1bd391dd
oof,2169,stead_event_00882,559d71d8d3a9cb72346a1f46c00fdcbfe0b8c607454f0c960920e561f31261f2
oof,2170,stead_event_00883,dceebe2950197f3ccccd28858606a9cb7cd1b09e52f406cdeaf21c654816b2f8
oof,2171,stead_event_00884,fe4724f47391218a01298e416ea1fc4f6617a8140f977611b19ed67c71944744
oof,2172,stead_event_00885,a4c4561063b78c884fc1d2f76e51d280306cd4836dec6744287f3d105bc565ef
oof,2173,stead_event_00886,e2b0dd98df6eee8f3809e0198f17af3ece56392b1e551493ae2d12a8f3eae914
oof,2174,stead_event_00887,8e30d441941f8fda32863579168a65e03872efe794cb377deb897f942c6ee11d
oof,2175,stead_event_00888,009a169d95363ec773fe0aef3ea440e36f39aee9257fdfc7517ab72632977328
oof,2176,stead_event_00889,347fd70f0231efac31c3e1907f184fac08fa6e970bea2bca4f1fcd9cec131aeb
oof,2177,stead_event_00891,7b3839aec5e871ff0d390eb5d46a3e2ca824686f74c9236d9e5cab8b09259b54
oof,2178,stead_event_00892,2fcddf953f2f0fa13485ce08fea721de802b258f317fee96dba0d79d0fc31a12
oof,2179,stead_event_00893,02da1ff7b85b71b86960fa87c95b038eb208809b9364af33e195c8b0f32f5dd3
oof,2180,stead_event_00894,749365302f32d98cb2e4bf8f4380403ce1f7f1c7492cddd7fd67c0c4d04bbf80
oof,2181,stead_event_00895,b6b26430a430235fbff8be7529b55b7e4b32112151fa19e90d10bbafdbee5693
oof,2182,stead_event_00896,90798a8d679db1719770c6434bce95031a3654bc9dd518a8bb2917d7d292316c
oof,2183,stead_event_00897,52de4ac64126b8d9c3902c95307dcf903295a95cb1675065159aac21d399eef5
oof,2184,stead_event_00898,d20434180765297e511ae58a5159ab5801c6452598baa2da7059de4c37a2c401
oof,2185,stead_event_00899,8485c4aa5e0e495859f515887c706f23a22e9d872181407e92d9296c8c762d6b
oof,2186,stead_event_00904,9ca81958ce437abaa7635884ea99ccbf8804a3adf6278509db873dbec46545d3
oof,2187,stead_event_00905,b742929159d8259f67d0d3c9081b5101ad218fe0ec728254422522c188b89ed2
oof,2188,stead_event_00906,d40ee638682a3ffb4c06993ee46d22b62c58e1c24954ef6fa88d8a89fda02789
oof,2189,stead_event_00907,a9448cc9e3ba739e4bcaf936ab6854905098a415ef51124e264ee10823a4b41b
oof,2190,stead_event_00908,bdae2b352ef6dec31b74d0d991cfbd0c6ff0c24148b453639181a07bafe4c3a0
oof,2191,stead_event_00909,4bf825ad6da297a3b26640a2e4fa44f79497659bc04f86aa8763586102614fd7
oof,2192,stead_event_00910,b199fba74fc11707dc6685178c70ed325f2f804930feced22e8e584cb1fe1f0b
oof,2193,stead_event_00912,b4ba1fedf9e95beb170c171b696d0e617ef60c55c798c7182a33569a9da4de16
oof,2194,stead_event_00913,ba2a95b6b87fc95b0681fde61481e8db5a4fdd64278a9133c6d385007a458400
oof,2195,stead_event_00914,8fe0f26413ae09843b9432551921ce2383473eff3544f44aa32d2884de1ef1eb
oof,2196,stead_event_00915,ed39095a391492f293c13aab6e76b2e8e4c87dc0a99e740ae564abec8734a2ea
oof,2197,stead_event_00916,310ae090f0d7e968b4114d1762756eba739fab21e59c1807a59c3e88e42878a6
oof,2198,stead_event_00917,adff98d60134a6da16251f1b122147dffa86e8bd5bae83df9e6b4675fa858d48
oof,2199,stead_event_00918,4c9279f77a56b53d07ba03f65e860f6c3b97f828be6ebef61e24037ee5bf2d6a
oof,2200,stead_event_00920,6a0d5cd58d89b6acfb38f4cf2c2dd3386049a8869d1cac1a2cec5d8e908c9e3f
oof,2201,stead_event_00921,4f6eff4d6cd313c275866676f7fdc54530113f19285da1239f64cdf4cd2ae06b
oof,2202,stead_event_00922,d55d153a8b1bb5d8d0b27503b360c3c009e84d92ceef2fd2f3e48c7ec30376d8
oof,2203,stead_event_00923,1932a65d10dcdb81756184d0200de099f17cc1fbe2a99271c012793b0df5de26
oof,2204,stead_event_00924,ff64d0620c9390a6680e1e350cf9a0e43df6ea39b2cb4b719c5decf5fe24fcf4
oof,2205,stead_event_00925,c2c420e116377cd4a972bed30b3657f9cff567ea9b004dac949bf46567ea21fa
oof,2206,stead_event_00926,045a5bb8fcb447593c0adbc01de49f124c4f9ececec8fb30eecec566eeb73c0c
oof,2207,stead_event_00931,20c210c1c02e83bf1991b1eb903d0e18308b3da0e3a2266944d9439ee594b8a2
oof,2208,stead_event_00932,177beaa6decc744837478baf37be4eaecc2f2e64b6ef3c69a2d84ad774087cac
oof,2209,stead_event_00934,9412b13a3730ca7c1057aa87fbf254e1b46f9c970bd05cd4b7a2d3af4a572745
oof,2210,stead_event_00935,73177835eaadd2f0cb5c6d77949da0f8ede4dc0d135e0ad27f4d2af7aad1cf9a
oof,2211,stead_event_00936,417e6fd1a328f20b576e0fcfe50eac4459440f8ca300efda39412ebda3322dff
oof,2212,stead_event_00939,f7ae661eb8c7a0e1fcbee4278b0a5330c368c84edc8c1d119bf432dfbebd22e3
oof,2213,stead_event_00942,914ce0f4aa182dc5e28d54ae7529c1ed48a39c50d203b6d2210c448f4b2380c7
oof,2214,stead_event_00943,6be4e1375269f7aa4527452f79351c06a37c3e27d0c891ab97b9cc206a6defd7
oof,2215,stead_event_00946,8bb7fa7c737b3bb22a6aae3256436a2cd67352bf5fdedfac07fcd8fa61b6c0e4
oof,2216,stead_event_00947,ee0c3929735796e68ac25cda8c1fcf6b2bd4528b550ff9e85d9e7a9641f5378c
oof,2217,stead_event_00949,38693075cca55e3a1db4be0d96e941542a3275c00a6e3ccd3325c8bfa27160a6
oof,2218,stead_event_00950,c3f14ffcc6d7beb5a378eef47adbeddacb347d32f6e6ee103a8a8970a79e7d6a
oof,2219,stead_event_00951,7bac8402d12b47fe7e70de7eff037d7efc660358d9882a80a90ff39e5f2f3c14
oof,2220,stead_event_00952,dd8d117e2ef3bd49d0aaeb3a51334a03a804be9860e3b44f94f7502bd8e3c95f
oof,2221,stead_event_00956,8371d36632de8cfac87be73c5f2055333f415f6fbadbbd199d049197ceda0ff8
oof,2222,stead_event_00957,cf96efb9357dba91e222888c4ad9a3596f5413d6f808c895c3e13b5fb12897d2
oof,2223,stead_event_00958,767bed3e8b9ccb141711802407c93e066f9cee7f308b8a2b7118733e66e4eda1
oof,2224,stead_event_00961,6cff8c121fdac5747963ab5f330f5fabe6f540f3cf632d98c6b91881b30463a5
oof,2225,stead_event_00963,9ab3e07507c95866e0375e105b5ecc16d0391c77241b8d8483637f10d3b7e6db
oof,2226,stead_event_00964,8ce93e4984a9da863839a6a301072707f0be4dfbcbce71abcab5bb3d8aff30a3
oof,2227,stead_event_00965,a30c0ef61e2d94b29dcf15344e524a97e2a439ad479fd42dfc2bdf42f2775475
oof,2228,stead_event_00966,d72bc6c09e23651a6f7fd68d70c627efea390e3874e385345ee99fa5a2ff016e
oof,2229,stead_event_00967,3b25700af18095d4431748ac28e6be40bc7f4b25852f5412ffa0b5172a8b4fd3
oof,2230,stead_event_00968,5cc0bb267e33d8db2280ef59cc4f0f1b46ee23939b6fc96b9fab5e7d54698cad
oof,2231,stead_event_00969,12ab07c6ae4d41025d2d6256984561d25c3ca9e867041ad961e4df9c12da5ef5
oof,2232,stead_event_00970,47e73b47777704815e72fa749bf23818a25ca3fb216416a0d92da5354db5a2f9
oof,2233,stead_event_00971,9f774c9e5278a7c2f922e0d4a2eca97fb09d4ef1372ed4a928e57d63c68669c6
oof,2234,stead_event_00974,2d39af4b1baeb016f81e7ccab88fd3379b2a65372431615b30ee8c057e2a5b56
oof,2235,stead_event_00975,0061d3bf528321363583a5a70e47667149610077f245b96e5e84f069720dc56c
oof,2236,stead_event_00976,43c4777a0b6a1067602c2b4a3081ae2639fd0859319991a2f381127b07273756
oof,2237,stead_event_00977,17aac63da7e2519bdd43f0d60bf926f91619f2f2b68ba4f5f0b2e7858bdff18f
oof,2238,stead_event_00978,0252059e2b3265f833aa4eabce0635f6d59ef82c21758048b198861a68b376e8
oof,2239,stead_event_00979,d253d22f26f0d88bf3c1a7557c2773d95b801c7ef95bdde131f6fb3c138ae2de
oof,2240,stead_event_00980,53cff3851fc591058088719c4c06345901fbca88977945a06dbea67c1b04ae41
oof,2241,stead_event_00982,33bb54561476a7c1a6b04806ed1699ef208642ba5414c44424b2c70aa7c52ec0
oof,2242,stead_event_00983,ba20598f8f2b12e28409e5a847517e750359bc5cfd8a59b0356b188bd893f853
oof,2243,stead_event_00988,a299178b7b2c8d889c8c202fb751adf9994dce5d2a82a39077e0c7fa47b038ac
oof,2244,stead_event_00989,607edb20c94fda4a2853da2807686b6b1a13572b3b4fd6e2b876054088564f9a
oof,2245,stead_event_00990,a8a02d15ed04cfe3a03509353f29e78d4f21f6656c2712de3148ec03a24a20ef
oof,2246,stead_event_00991,7ee573d7f4c8a28ebbd81156c8b1ae5eaea26f9ebf649fab58705dba64597d3e
oof,2247,stead_event_00992,56ad624b70cad0cd0110c590aa7cfd123e28c91feac919b0add9c512e0e2b8e4
oof,2248,stead_event_00994,fbff848c553f40978b022eeb7e9a9a6ab0bfaa58a985e365107a2b013939fde9
oof,2249,stead_event_00995,31492b1ead52af5c26a2ccf418d029fcef1370bee852cfe8891508ccfebce3ea
oof,2250,stead_event_00996,c80cc892fcd9b131dc61f9178f73379854348e3bc86f12c491e0bc3fcd3240d2
oof,2251,stead_event_00997,d70e0d19ae40c4d3e82d580de31f9ff456eb6af4bade0ce32f39ef2a522d3366
oof,2252,stead_event_00998,6385da60086274d3b46d360a9556e21ba7a72d8cb9c001edb28abe182b175ba2
oof,2253,stead_event_00999,70293a31140565b596bf48cdf585aace57eb8f2e8250edd3f4d6880c8e12fa86
oof,2254,stead_event_01003,6dc653da209a56999a001c02813b6e8dddbd4555d6dac7693bace4ecc19b3ea7
oof,2255,stead_event_01004,99a4feff916767a24141edcededbcaa95fcf8e44dceb5c4b4d6b522a5e7e265a
oof,2256,stead_event_01005,c2c8232b74009ec3b9005e28d062423e8d4ca172cb76123ab25703afb001713d
oof,2257,stead_event_01006,48dd96c0de103c6d2147f86d6a65ab10d37159e71d95f945e992ff448eca27ae
oof,2258,stead_event_01007,93cb3f861f50cc0f72b712def9b8e589c9fd4a7cf1d8219fed0cb6207e14dd62
oof,2259,stead_event_01008,35ca8631e2fbe7601d92b64c4b986764f6f3b1a3e38b980693ad5b02ab1da1a0
oof,2260,stead_event_01012,41e94bd11814b55325611aa6c21e67831432923af3646ca9c89e1c394a3f8ca9
oof,2261,stead_event_01013,c2ca44521827469cba3f55c3515f67b08b0a76172ec52c36ba6c87855acbf76e
oof,2262,stead_event_01014,2e41dc64f84c5ea004bd1a7459d98f175a0ad6690130bab7e24298bcc109d900
oof,2263,stead_event_01017,eaed078a8cd908bfeb88ecf71d812c1edb74b323e4099f9c8776214f463c451a
oof,2264,stead_event_01018,dfa297753f970ea06db545137d479f361c8c0a85ab5e62b57c3c14b04929976f
oof,2265,stead_event_01019,32462587a25ce2a8c134e15ec0076dd51eeb632c07d8d4923ab8f9f139903ec5
oof,2266,stead_event_01020,d1abfca80c59c7f7960bd71f11221be6d323cdd448f6c467e0de23d9a769fe89
oof,2267,stead_event_01021,3cd36916b67186017399a6831805b7fcf4ec7aad9963e96c065e76e23f7dc482
oof,2268,stead_event_01023,2d1e19027b75859fc700397aa7cccebfb0358f59bcd5dcdf6b0789b490883f09
oof,2269,stead_event_01024,69cee2c1a48f76065eac31188894a45fc7478452fdf50ebca78bce79b017a659
oof,2270,stead_event_01025,7c1e42c21a6e52b0442958c8ee6fbf434796e48ca11357ff7f8a19c33f7588d1
oof,2271,stead_event_01026,1e8d517e117686a47384a1476c8b32895b62a4fd27f54b66b927e6647d840c5c
oof,2272,stead_event_01027,a1fa3d22b2fa20a48f06010b923020559d27c6cab3f823ef40cd0744ccc92b3d
oof,2273,stead_event_01028,eb479be8a89902cedfd1b16b383dfc69e7078004001dfed36a9bcef5dbf62fc1
oof,2274,stead_event_01029,93a6e18c06a4c3d8f03c64088a70ac2a6b10b5a0bb218b5d691a6abf284a2270
oof,2275,stead_event_01030,c28006c9f5219166380dcd03b083ed07a32564d3d6db7fcaf763151981a9a003
oof,2276,stead_event_01031,b719a7d6f35b9c0e37a85ed67b32d5712d202679088510bb422a55e85fd1adea
oof,2277,stead_event_01033,5251f57ba79eff83a2b2c014ccbe8d6c5cb40d8f8f32cce744f793e60e3bcb90
oof,2278,stead_event_01034,3a06b1a735134af9e6db52e6a586652b03d2b1b1e5a1cc66f762d030e8fcf4a0
oof,2279,stead_event_01035,534bb2e28d2ad6742e637316d8426a3afa27f6fae18389e714b35d88d4b8bf3e
oof,2280,stead_event_01037,8b94011caa9e6d86d7984b4c4418573b0555e49734081961225e05d78710141f
oof,2281,stead_event_01038,abe0ef8b4bac65012d23351d0ec90ed902215c224723260a9544a0e9ab1f6e9d
oof,2282,stead_event_01039,6df3f68e8057972334b4d895d39f69b51f09639cc0db50d98c9ed8082cdb7dd9
oof,2283,stead_event_01041,0ac8750ac42732d353a447b9ac569f1c4df82bf1a00dac10f2c1aabda2569c64
oof,2284,stead_event_01043,acef0d4020cf90d0107999bda44ae43bd7ebed522b0fe4f25c0d6042567018b0
oof,2285,stead_event_01044,c8b043ef6222196c82929b6948095e637e21b84f085dcc720fb0fc0dd0a0ca3e
oof,2286,stead_event_01045,dc2f051411b7ba5bad791d065c581d4878ac6b993886d5c7f25e3e9eb4b9b764
oof,2287,stead_event_01046,c13051558e336d4f15cefef226b28234d4eeb1837129afc934389837a106c369
oof,2288,stead_event_01047,ac91b66b9f2ec162221f58a42f745fc3b49058d944c9d87ce59185d38e665272
oof,2289,stead_event_01048,7e19543ffbadd7c2bf9a8970b36fa7263d0d0f9b6d659fb1157f9f57202c7525
oof,2290,stead_event_01049,959268b24c71ddbc4994af11380b3bf5b277426541ea731c406e315c4a259681
oof,2291,stead_event_01050,1369c7c3a95462ecca431e5cebb154887c25553221d337da45b070a1bb681174
oof,2292,stead_event_01054,2181a7f559b25ef99aa37f4cac734b9431dfe16f18505e88549ca96b779b6a70
oof,2293,stead_event_01056,dd0a917198c575c1b6de7d8d30d0f36aff73ff7b8af4114187ae68d1e3c2e1b5
oof,2294,stead_event_01057,4155b04f5c5d4e292b8d309b6eef1d8155b43ac93ee36733aa6c0df5c156146f
oof,2295,stead_event_01060,773ab0ef848a90081ddecd5e618faf82c3b31205f6e4c249425ae37be35f75da
oof,2296,stead_event_01063,28503b690ba855fecd2ec6d1c35a9454e7393cc86d8c4ca3a6d458f86edfb588
oof,2297,stead_event_01064,995b9b4e79a1c663336ffca55d6146b8ad13eeb583722d73b0ea8b191e6f863b
oof,2298,stead_event_01065,b46a9a73593e4d827b820682755cb864e628448d823362eebc8fe128207fa1a5
oof,2299,stead_event_01066,03ff5a167d2a219b0c6d27448e3929fc13d19c0437b63bc13b61abfef42232e6
oof,2300,stead_event_01067,3ac90823091b75d774a53ce62ffb1bbb60c74e82b1419cfab75d6a3cb9fa3823
oof,2301,stead_event_01068,3e777e702745174ec989e31519cc37be73eeb82bd7594dbb28497848c8a90dd8
oof,2302,stead_event_01069,131021a7a3dcd21f0ab18d26678e541dc79f91feebe1d797328ba7c898bb47e8
oof,2303,stead_event_01070,a713a1521472a1984db4c5f050c0f2a0196e86b1a1a3f12eb4e7028c2df613c3
oof,2304,stead_event_01071,96f98b64008eee70481e2feee131c2009dd17af6811ce14b4cfa4f09fd74ab55
oof,2305,stead_event_01073,cc546d338415e50f14c5c4d2c6001a27f7dbfe8465b6bbc3e20dd82db247f0a9
oof,2306,stead_event_01075,09cf8c26ec19a94e4f65657013558515e3c35469a368efa93a4665d71ef24af6
oof,2307,stead_event_01076,cd8b9ecffc5656492a71fd6774c1b16a3e3ebf85eb1d020d116f4e90f3b9110c
oof,2308,stead_event_01078,66efe30b408b194e331bfe86cdd8bc8268f2ff6575b04ba69d907ed2f1e5f1ab
oof,2309,stead_event_01079,5eeb79aa98ad566068edd97327e5247ced6137eefb3fd98e1ff5bb7a96a47a24
oof,2310,stead_event_01080,78d7340ad96795530233fd75e299d81ac1f88526a7eca9fb260ac7d6114f6eab
oof,2311,stead_event_01082,1943066be2504e8bf6772bed3e6c2b2962030b344e878ead03fe0c15bdc2bf0b
oof,2312,stead_event_01083,5e337adda9b593e9de7c41d031562eced5d1d86ee1fdb929112838dc785111e3
oof,2313,stead_event_01084,9ef89ba93852c50fd73ff5a8a4af4a877692dffea4d6b6030773b44b2ff8c2a8
oof,2314,stead_event_01085,0833645e3fa033238a9c7d8586276a738996d75634a15b14926b956bb9687f7f
oof,2315,stead_event_01087,c62b0b38ce4c952dc9a6d2517abff7cfdb4dd9b3dea4b764b5fb567347f805ad
oof,2316,stead_event_01088,a58cef6748a06453415d93bc05ea9f3b9d07307ca6c86c740718169256e5acb8
oof,2317,stead_event_01089,ff9dcfe2d49c98897cac3d41e9e9d69cf7512b7eab6f2a275494bcdcb8d58c44
oof,2318,stead_event_01090,db7a3dd5488c5ccfac45f76b1813e4a8e1ac1355f3e4d7c515ec777ae526ecee
oof,2319,stead_event_01094,8f77ab53c0e66cba0abc6aafcbe1ba778ac40db4c8f1075f9cc317e07343bfd8
oof,2320,stead_event_01095,4d01d8ef86c5e8d05f8852f21a04cc121fab69441141d676f0b869955e98f6e0
oof,2321,stead_event_01100,4e170200bc8a9325fc5bf38575170fd4fc46f10f3c2115b542ba5302e9031621
oof,2322,stead_event_01102,d06793f298c69c7d81ed84780e258975cfef9286973098b9d2e110d8c79f2d82
oof,2323,stead_event_01103,da29798df362e823a0653f26d236e4b65cee7da5fa35dedcbbc2f7be19052989
oof,2324,stead_event_01104,97d28830841fc09706175912419b30b40d35d43f58f4d8c7cf41a29b184ad271
oof,2325,stead_event_01105,4cda320772523833dc2b4a39d4141641674ef6c2e15c53b89fe32362ab72c260
oof,2326,stead_event_01106,991cc73e66dc2a93ac105022a88371c6f6e9439db31e50b209b06e46d3bc3b18
oof,2327,stead_event_01107,d6203c3ffd93fd139e225bbe8710ca75b63e5c4e5fe58dea4ffa26e4a5f657e7
oof,2328,stead_event_01108,7c8af221aa626938fd5449cddca1cc61a34e0b060785be751081d00f68a5b091
oof,2329,stead_event_01109,4f59886edfd286aa2b53571e9366811821bd324a350d18529a5e92fc8a747941
oof,2330,stead_event_01110,22495d8124a77ada6036260fa950f53219beeffce22d430c9727acd316f4eea4
oof,2331,stead_event_01112,f0674bf54f1a7e6c87cfb5c6ad77b4bc1d992a8c8101de4e0fde52baa01e8b91
oof,2332,stead_event_01113,b9439431475a96b6cd5fd9baf05a7d58bb042697f8d1cdd440323ae9b5c122ce
oof,2333,stead_event_01114,f728340ad142d4bc393c95e3d2fdf1339a75e76a12ddf93b3830a6d2c2c50558
oof,2334,stead_event_01115,252d8ed07c077ee54d3e2984319f93c274445773233f0e529fef1778001f0009
oof,2335,stead_event_01117,100868228cf86ac0e6aeb27c5697ec30ec8e29524584ffb3ca295e3c9f6e0da5
oof,2336,stead_event_01118,833727fcf1baeb6efd0ef8b0541c6254169b2df35fedfefdace4a9019cdcb338
oof,2337,stead_event_01119,e8379edf3b2f4210d7d194e005b9ae5e389164500c84373c11a3d4a6e51e8504
oof,2338,stead_event_01120,780c643bfcf939a4f016fe003c77ad61549811ab42701c370435d4fc6c45ca37
oof,2339,stead_event_01121,abb9227b15105d278d4f67c68403c549c7f514b5f909cf3cc477117ca4c77241
oof,2340,stead_event_01122,45fb318ee38787e639be077043796b1d53e93fdb1ee196392759cef636ed31f5
oof,2341,stead_event_01124,20f76f86036fc5a680494a2561a92959a4d7eafb078e38ec9781639a0ef77593
oof,2342,stead_event_01125,312e1eb46cc8600fc96e73ab1acbdbd05d719ea5a1c0e8d7332fe551f90b9bf0
oof,2343,stead_event_01126,93a80104be03648f78f976cabe21fae622f17c676ae3e2ece618281d688b491f
oof,2344,stead_event_01127,6fd744e3eef74e1763ab23d08bfb66e1f7b6da49f042a09c012b23fd864e1c0e
oof,2345,stead_event_01128,ec564894c9b0a80c8f854c4e42b4c2011ccdff2b753fd185db61a8555fb1551e
oof,2346,stead_event_01129,72829028b96485f692e2e31a0d96109bcc38ef0b59dcba6fcf7b34044f524931
oof,2347,stead_event_01130,705a13384cc9b13576731b0760d1fe8d5849e05481b75a5a74895225ab92ed93
oof,2348,stead_event_01132,4cb04b19bb3cce1028c516a199f98113a5360e93f1a2b887c69fe53e82c3b16a
oof,2349,stead_event_01133,e5ff6428742c56bc2501293937de68cee724d6403f5679e4452e6184e798fccd
oof,2350,stead_event_01134,1d113f406598594502fba52fc0381b2882929118713d80d0c66eeda7d235c371
oof,2351,stead_event_01135,2498605454253760705f71aa5bb32f49f01f501fcf2784df244bc615a5c0dae0
oof,2352,stead_event_01136,e0b6e4bfa287b6531eaadf68cbdb33c6e8e98ed5ca59351fedf77b9de9e67b1f
oof,2353,stead_event_01138,fb535d5cc1bdac440f036910faca81f8fc17768b9fae72fab024d40d0128616c
oof,2354,stead_event_01139,04f644bada531c92fe224267d2a91f1a0357022f7fdd663d97a27c400c3bdf67
oof,2355,stead_event_01140,c040dbd59ade01362d9f3eed45f381757b0195ba97568426bfa6c721e94751c1
oof,2356,stead_event_01142,131a49086cad22fd6e62b3a8a2f1825ffa7f47188cbe4c27f15010292b4b1678
oof,2357,stead_event_01143,48a99764cdea28455a80104635c746d19412941c249e359811c2811283a7d349
oof,2358,stead_event_01144,9876cd5d6c579eedd7202c76b1bdee9688502d5d967fcc249bd54e6451821fdb
oof,2359,stead_event_01145,e73d28204bb7994f0775c5eac5753d125af079f5b2f6390ad4455e6d5305b95a
oof,2360,stead_event_01146,c8948aa5e6b69582e30b7fe5f49ebc95e711d040af602c6d9966bdc1fa7f53f1
oof,2361,stead_event_01147,44cfe5411158ae925a61d92b28db46171053cb6514f252907553ff380ac82c28
oof,2362,stead_event_01148,76cf4b3e311e50b67d12ebf261ed1aa3ca7d5b1435b157769f5a0a02689a21d7
oof,2363,stead_event_01149,2ad691d28993338a7746f0a65a825b7f02724999a606c82489523f6e6b1c04f4
oof,2364,stead_event_01151,c16bd44c8806c729728d33c48fd42a2c835f3ed44a93c96b0406298a0ec724f1
oof,2365,stead_event_01152,78e86178a5359ae15a8c02b12e70d3c27780f21e1e931e33109ab5609f2d408b
oof,2366,stead_event_01153,e984d775f38460a379a5eb8c80c061c1a7b7b5acef17fe5b9e8c8cec55504db4
oof,2367,stead_event_01158,a20aca657a8f1f6e745fbd1f87ef820939a7bee29c57923079ca864e78eaad2b
oof,2368,stead_event_01159,3717443e0cc026a441fcb0f07ddf4b52a7d9d1edffeb339db23e6a178b899fd6
oof,2369,stead_event_01160,ae7f81eec9558a361bba8a75d59a9a322ac06362fb4e8c0e70fa35348744f804
oof,2370,stead_event_01164,aec7196ff9954776368aabbfabe23a4a59398f1cf644b2f1e6c50648ed68fe25
oof,2371,stead_event_01165,14cf1b028741ddf671ac90c83d6da1b7f981722f5701de6214f398cc57a08b6b
oof,2372,stead_event_01166,4958383ab2365bcad8a28e1f136c2eeef1346096b992d11441484ad194a6e085
oof,2373,stead_event_01167,4055a242fbd6e9ffec99b4fc44db982cc258f19385fb18d0000e887c6400cdb0
oof,2374,stead_event_01168,27b53eba9f7edd3b6601e92f1d06fd562179f637fb947e550046c62ad3351ce8
oof,2375,stead_event_01169,354cc1aeb19b8b96a4d49cc9e8f55dafaea2b4c012d7f7ffe7e9c604f91d1053
oof,2376,stead_event_01170,4d3e14b3ee10efc3310d659c74a33a3c652b7082e4f6804143a89f31822c8472
oof,2377,stead_event_01171,0717d24846756ee84f36c01149ef12ebb4eb30a64e1bed8e2917479d87f0d8c2
oof,2378,stead_event_01172,81a73bc30e81dd4c513dbf97ccf4e353fcfade75f2f487892b1d4bb78ad0bf1e
oof,2379,stead_event_01176,fda600dcf601fbb00f096b96f8fb8d616275bdc00355c457b39a6d672387ed39
oof,2380,stead_event_01177,cd4c7c72c3a1afa7eb8b83926bbfef0a88a56cd6111e53aaaa830f95ecf6cfec
oof,2381,stead_event_01179,d0e5a6bf102b89786ab8fd418033d8bfc4d00b0def0651cfe5ece53fe83783d3
oof,2382,stead_event_01180,dd6d0cdb7b6aa1a1b3211916d713fb282604df8aff1aef94b41d138c7d4b48d5
oof,2383,stead_event_01181,a6124ebb86ae12935c0a94a6fd457f41c6f820e985ce33a57be7cac8be74a6ea
oof,2384,stead_event_01182,dfd1d67f2a5eeede275b0fff04710253e35ad9f37ecbaa0ee238db20c874b172
oof,2385,stead_event_01183,c0eb0d3f57082dbc77181bd4e72ba731583a3245887130a7c907be4d52d1b65c
oof,2386,stead_event_01184,f36e80245d4967bc320250c09d76968f1a0f3a7829c3bde68cb3d907bafc748a
oof,2387,stead_event_01185,856ddd51d14c229891a446eb48c6ccef82e47dae60a60ae46e90c2a63b82b856
oof,2388,stead_event_01186,d5178907d38c4a2819ac110886e055c6763edd1ac6b4a4144a02f000979ccf02
oof,2389,stead_event_01188,fe0dfc5d0786cc43f23f38d52d248553640f0e7abf75c49af3f333f3e603963e
oof,2390,stead_event_01194,9693305ecf55ed14921817694dd2a2741d3e91dc2a9eeb3fd776eeb2ee9305d8
oof,2391,stead_event_01195,9c285f1bff2676273dcc9148fee7c2a0b690cd2ae3ac7e5305213704025a15b1
oof,2392,stead_event_01196,5fc22e3bbc7fa0c2f9dcd88239954d2eff0cc1af5848d1bf4dcfdf081ee6fb90
oof,2393,stead_event_01197,7a90ba736ef4291c0bddf5aa222765a9fbd130db59e4a347936936d4cf698411
oof,2394,stead_event_01198,f000fa54444351224f7a3a20596680e09664f561e5d2af83decb27236480f22f
oof,2395,stead_event_01199,5520c242a6c37155a6e18c911702dcb7fa1543bcd0917da3cb67afb0c10d1ecd
oof,2396,stead_event_01200,d4d23f4f3b037931e8a0bc31ad8c8293d9dd490e2e126bf6636a4532d4b51e04
oof,2397,stead_event_01201,4b06e1d005ed0907aebff27b6d6387ddce25c86a4dcc13f4aba5a433818c7404
oof,2398,stead_event_01202,5fdbf33cb041af6a5b9811aa52db749ce9f22705618acf860607bd419c7cc2f5
oof,2399,stead_event_01203,4e3e8793b921ccece54e41a338993262130d1151eecd6b5094a1b9acb8ff4d43
oof,2400,stead_event_01208,0096a59ba4057cb1a44456b45de7f672f91cc19aabe1e255283a23fb0f923186
oof,2401,stead_event_01211,8be55530f6f176939eebf8dee79eec338471c42d0f20f4f38b2f2632904b59a9
oof,2402,stead_event_01212,230f91622f18c0a34be829563d919f9a3e6e85486a49cf203bd8066f47cb7911
oof,2403,stead_event_01213,ceba0ee2be11b631ca79b56d46fea9353805b8be50f75575f9d5ddf81225eede
oof,2404,stead_event_01214,0c57d0fa127f3911299659238373ac09b22552cf35c29daf9a2061470d9b0d6e
oof,2405,stead_event_01215,132e50ca79edc15f0927a690e82af26d85f96b8cc047e410bc1f10c86232fa3b
oof,2406,stead_event_01216,0748e2f02138c7ef4937a019cc8beceab59653a72e64e7ffb318fccf422f073e
oof,2407,stead_event_01217,abe9f28d8bb4e7c8c2694ecf2d285d4d9e84c6cffaf5b62a4f88d369118a9c9e
oof,2408,stead_event_01218,c1b6b3ac60a479e2a0d2ab47f65b6003dad55e983503a4a6994a62056c66e066
oof,2409,stead_event_01219,67c41fff3dc298282abb3c8363e66fc3e1559df53d8cb42dfe960e38ac809042
oof,2410,stead_event_01220,6363159c7e15e72d23c3f505fef78c6e1e9f6bd9a50b48ed284d2ef8ec3ba6e9
oof,2411,stead_event_01221,f7ae09793e9c4ac112c9075894bcd730a6a9fe769048213e1c24908994c835ae
oof,2412,stead_event_01222,050dd705615793709e195a6f4a71a990693db0f4925cdf4ee782e6772a01f55f
oof,2413,stead_event_01227,456f16b2f97cdfcf9525b2ae8adfad54dcce3dd6dab6aff0ddb0f3310ea25db7
oof,2414,stead_event_01228,2a2708e04c6afda4d1e1d3b7e052582ebaa0c4abefb74e3bcf2c435bd24407bb
oof,2415,stead_event_01229,8e098bf14945a36344262cb7159ded8399afc6fd7f925889e06016753d79ef57
oof,2416,stead_event_01230,32a1151e61d055a838824143e4c6d9eabd5d858459d25b37f06f1f9da3901d9b
oof,2417,stead_event_01231,a44613628d4b3563e918078f1b802aacde815a927daee7f2827bbf14c692bc49
oof,2418,stead_event_01232,f60dc9ade9e710282d77d9b1c5c8b4d970b32f628b2dedbb50fd8a35f66d89f4
oof,2419,stead_event_01233,ee89971e56b4f1347a7e71b0b8d9f4004ef510a3738ed1861be6ff5609d0ecf2
oof,2420,stead_event_01234,e35ecd84b7eab38d1c96a0c8328d70259356cf8eeb290a68d38b27897e93d6ef
oof,2421,stead_event_01235,82cb29841a186aa357f505b383c5826c4722c0a86dd5877ae45f457d94af329b
oof,2422,stead_event_01236,03a27c3e08ef4045b7281799541a54102175a880d94832b0141b24de4ca07737
oof,2423,stead_event_01237,463c8c101d0b870f317c0960cde9da23c86e52a6a5522e5e3ae0235915264528
oof,2424,stead_event_01238,9705c939daeaef51646f40eaa24d24c079341ac7417ea31c29c0657b8c89814b
oof,2425,stead_event_01239,399df02a9eb0d59dfe7c93a332b90915dead044be6a3722a9dab33a0d2aca0e8
oof,2426,stead_event_01240,a7023eaa06491e2b6a4fab4b1ea691cc222ef9ffad961f87de4bc4a5a98c070b
oof,2427,stead_event_01241,945b7004fadd777e750877f5cebf8f6fbd2a2b281c2324eb69d26028e79b5ebf
oof,2428,stead_event_01250,6a9258b4347b794e11de598829e149209baf3aeb010992d09edda8922f51d1c8
oof,2429,stead_event_01251,bbed88cf91f79c2d8135e9c39dc35027a19a44042ca9bfcf9148df052d7532ee
oof,2430,stead_event_01252,48fcbc7a7143f3a37652c15e15f9302e868526a0f427529aa4b0e2d97cbf59ff
oof,2431,stead_event_01253,41be4c95afdac5e0f77c1b3e786783613f1752d037b7351cb40c12fae47df422
oof,2432,stead_event_01255,e103ade780c087760783e92d23cef6cdf06e8376d8c0b8e4f47be4e201b912d6
oof,2433,stead_event_01256,95a577730c87c1779d1402ed492c815e8f7f7f774b4934a0ec586c5fa964218d
oof,2434,stead_event_01258,ccdeddef4e1d2ec5ae9f4f8ba46048e2b0768c92a615704ea16b46bde5434529
oof,2435,stead_event_01259,9686b3d03264e02e6fe425a50913d10b97dc4fa806dbde1ddfbb068b79673e87
oof,2436,stead_event_01260,a6e15d8ec8db60252f52cb94506a0e603eb4fe113b328f90c6ca7cd7bfddb307
oof,2437,stead_event_01261,192d1f2ac363b6a0861d3ef7e9d7cfc656f3875ece842f725bbc69abbd3ff02e
oof,2438,stead_event_01262,eb997d78911f2b5769a4663fab2e3f8460a3465200685214864a9a209e43e386
oof,2439,stead_event_01263,3aa723243dac8818820223c7e5697c4f9d38a1a2bec342bc8ac70b9561afbc71
oof,2440,stead_event_01265,25b2726c3cea120d7c76be83c28347a1e03f2da2f5cfe4e918584837d23ce3b9
oof,2441,stead_event_01266,38a2a421c7a1ea730a7019eacf5f77927f3dc7283a02b059f9f31b8ababbd08f
oof,2442,stead_event_01267,ee9794aa46c82f9e900ec411abe407e71d506f0f181433d969ec8d3af8b23deb
oof,2443,stead_event_01268,2b77a2a71fcdb36a66aa39fcdd656e7d176d947bd1752feedc4582a606fd28f0
oof,2444,stead_event_01270,0b43142d937c862cb86fcb6cc3a80a0cf44047fca1851c5b9cca2c6657d077d3
oof,2445,stead_event_01271,9276d8ccca6bf6411914bff7a04e64638685c446e323e8a2ba5ac9a3520daf72
oof,2446,stead_event_01272,81f9b7061e15b848185237f7fe29f559bc66b85ce2110b52276372a88b353182
oof,2447,stead_event_01274,6d533809890b77c56d91530d5e4d4633b6c1eb240b26173df2e0f5dc698b6766
oof,2448,stead_event_01276,46e9bec8d05bd8562660db44aebf2f8ba9b6d0a4fea5d52ca252239383db125b
oof,2449,stead_event_01277,0bb33863bf2b350152353efedb3043285fcc6609db3f0f098383bac712d5a462
oof,2450,stead_event_01279,b44c83e6caeece7497132b32a754aa1d41e20a0e7f52104ed19a7afd26e82fcb
oof,2451,stead_event_01280,9be7eb71591cc581b9efc2dd27e70e889e65518cf23c43e89785ba5b93ef436a
oof,2452,stead_event_01281,bf2809ed91c829db65caaa5fde10a200a7bdd879d7121cee7530b2e9e5944134
oof,2453,stead_event_01282,beff73c9aa72bf5c9ce7759b570b74f9f375720beb8c9a1e8d7eb5f7505db5b0
oof,2454,stead_event_01283,0aa3d5d8a3905777475cf2a7c4b54256dc7479facd7346a6aa4af91041d467fc
oof,2455,stead_event_01284,de517152e170290bf11b6eb4ad8f5cf56dfef0ca707d5c7684a534a2db3d9316
oof,2456,stead_event_01285,de7e0343e4e851a6db7bd79ddd2e3c1a56a7986db593fb7109cd1ff5023b9995
oof,2457,stead_event_01288,c96d8198fc13afb2f23c3b9b47223089907ea95be0190c514b9ea7da788f55c7
oof,2458,stead_event_01289,a208c83540a51a048edd37c56c7a20f897df7436fd98ac8d21e97caa89aa1ad7
oof,2459,stead_event_01290,630887fbe0a9232bc888a6f19b6e3e93c27e6d0d62780865128d5363a114e238
oof,2460,stead_event_01291,6ea4b6347741e97c7a2e4d37d6d1a7ac0495a94a80611e18edf9a1aef8d4189e
oof,2461,stead_event_01292,543b74ae659fe230d164d25caba8b89a3bbdc86f3da6a8d8444fe2d52935c6fd
oof,2462,stead_event_01293,0263d098a2d891f18e885e7f02c8920653aa78db3a403a7b8d90b4d6da3d9c23
oof,2463,stead_event_01296,f1342414d5fdae74c1328dc48f9c9a17644a9f69d746b1a8b4ba2322a80fbec1
oof,2464,stead_event_01297,9d9441e3ad555287593871bc40351e6db068543f028dd5142ecf7d8568e26552
oof,2465,stead_event_01298,e10a427cfa3d448a3430ee9ff14c6cd1820a16abe2a3ece3aca1f75654ef6c09
oof,2466,stead_event_01299,cf9fd9190f44254eb61a3aaf4a798e5a3d224614d6f8d9c62e94799e40e65cba
oof,2467,stead_event_01300,3ef59db5461c19e8e2e93962cc9ba1f9a5949fecb1b42cd349bb7dbd0256be1e
oof,2468,stead_event_01301,3a70d35b896a0ad66e6ff32ae5b7b29a42ce1ada7d6907a19b991e97abf41e50
oof,2469,stead_event_01303,3ceeb6ec7b2e028cab59a4cdb11c25b3add3e76dcb59c7dda8b56c467c3548f5
oof,2470,stead_event_01304,8669dd8aa544ea06f2313ce3b50de40c893494c06b6e5bacf9ec9f8bbea8a886
oof,2471,stead_event_01305,7b9a46a18c4d61acf2615324dcc31582fb5908bfe83ccf1c55d2ebcea848ac76
oof,2472,stead_event_01306,7f1c1a68cff6d7d2552f6f35c39329768ba96b8119da7eabe8c912595cda440d
oof,2473,stead_event_01307,590d1f406bfba34d4b8b917d97d5157045be3ea8bcb1afafd9772fd65c2e5e65
oof,2474,stead_event_01308,6f85db2676e4f1f42aded5742bf6e32eb071f1bdf687da9ca420621d92ca25ce
oof,2475,stead_event_01309,786650a109a54f346626b05c206ea104d9f6cbc34d62b1477200aef9aeaa9484
oof,2476,stead_event_01312,36f761e018434ef65d9f01e14c83b20f044ed6e5679c24a0f555f42447ef5c01
oof,2477,stead_event_01313,7abf75409d9230456d56ed28b72bbcb29ce5eacc891035dc5dac9b2463ac0429
oof,2478,stead_event_01314,283630d046e5a8cc73256b673a37861839e6906bbfb12acb4caed56d9a3cfd78
oof,2479,stead_event_01315,6be90c11272037311e1846cd6484faf74fe7a5db8e10f5ca5520cdd77f9b3d52
oof,2480,stead_event_01316,80fccfe5b11c36c6a9a9692b5c3c18cf3098c147389ece7ed24ceb684e4f1b94
oof,2481,stead_event_01317,52ae5645e862adcc18b2c9ecef24fc941e25c7e60d8694ae4293aa18a31a9382
oof,2482,stead_event_01320,08af6ed8d3603041fe8943f939da273dbe43f9880166d0a6e7ed9a79801a0025
oof,2483,stead_event_01321,d8e25dc42eb1d1e012832eb44d1992670734555bf95ce6c41d056cfd82e3c178
oof,2484,stead_event_01322,dd89b4bd5f84abd61845a023aab8636b05a1bfdef43132f041a76dcd8746f296
oof,2485,stead_event_01323,f281b264a9ae3639b465c2807e2a2d486780600c235e1d0a99faec45a67733b9
oof,2486,stead_event_01324,32fb2fa5e86c85fe41d383d5665b3a109d48ba44bd57d8ced3ca2879051d9f78
oof,2487,stead_event_01327,ff1a7aae7636bac23367b544db731b257bccafe0fc0fa72704d56e122d933f5a
oof,2488,stead_event_01328,24e6467092809b21d2d3ff93769f50823c2b2b155c4ce8f688f6217574034f90
oof,2489,stead_event_01329,4d60fb5f50e6dfea27149bcb77c239291f084e5fb96a2d991fe1a5a1e27d33cb
oof,2490,stead_event_01330,3f9d7cf26f974780b395fb223c0eb26fa2db4872fb48350b87eb22a5f2d13d36
oof,2491,stead_event_01331,6a90e5a7d1d084cb94b582cc942323fa358478934b66a566a3bc45c9b840bf0a
oof,2492,stead_event_01332,e2a15bc6be026a53b6db13f8425151de1823aa72be413315b89f7d91f5b630bf
oof,2493,stead_event_01335,7943f81d4a2071259739a0864fa61786e88acb156dba59ff1322df75bda2051f
oof,2494,stead_event_01336,7f8681a21c99b1fd026a82dc3ad02e22af1e1b3902a05e3ba1ecdeb340b2d7ca
oof,2495,stead_event_01337,1df636eacf55ba2d2f1a9009b95494b74db380baf775f576670297d4f5a32240
oof,2496,stead_event_01338,14e529d4b549b4eea445b843e4e8ab35a53c2626bd020d249ff1cc71c7f31bc5
oof,2497,stead_event_01339,1e84fdab883ca0cedf79f6a5be12b1f2d96c2bddb2561a73a8a146b865154a41
oof,2498,stead_event_01344,2e07227a513a8acc29ad420d5def118a26faad513c1362971d7b484c453d4faa
oof,2499,stead_event_01347,1bcee53cafbd40d49943c96995fd6d3e25a0c8706f257dd397080d8b0b06d437
oof,2500,stead_event_01348,c640292fa2dfce91215a38fd3735ee9cede05019ff963e55a6fbe3bbb709b988
oof,2501,stead_event_01351,7c766b38685b4baf1beeec93f33ebec2e4dfb1283dd6a85bb45e0fb780768afe
oof,2502,stead_event_01353,3a1ee73e5ec116c6110d32f81448537293e1ff194a50c35d008a549e80bcb55d
oof,2503,stead_event_01354,e8924e6a2214173ee69c08e0aa84bdd35b5b7740a82af2fdcbc1184f6d9d49f7
oof,2504,stead_event_01356,9a31cde9b91e6d64aa419b213a0ede70f24072605399b54b4a1ac529ced21575
oof,2505,stead_event_01358,9a1be20bc52e07a4dc509ec47c58932d447efd81ebaf025c0959cf067b2932c1
oof,2506,stead_event_01359,8153fc8e60619f131bea6dcef2b60e365006aa56b0eb4a01ca8a979dc5cb4b69
oof,2507,stead_event_01360,9deed13fc0d5d20352845de1625b7c4ddb4eb217f6818a4a5223df633ec6fe26
oof,2508,stead_event_01367,88a5cd0e52c9c4de944fd57fdf3db3567c469cc2272b89c2f1e64aa6eddc0163
oof,2509,stead_event_01368,b384ab424f97d86449ea38d95920eff9a681d953a52222fefe0010c11b6e51fa
oof,2510,stead_event_01369,16e5636976a392c8badc2c6b8b58839321c09b9b58e632fe16ef89173933616d
oof,2511,stead_event_01370,daa8e38a30a34644b962b4cf0be4b494590a2520717950dd8189043c18589012
oof,2512,stead_event_01371,0fe98917a72c2f1ceb05d5218f3f9ae47426d697e9f582dbae48407e2902ffd3
oof,2513,stead_event_01372,ba7687faa35b298bb89e68b125a7098ccf1e13c0484777e87b3c02776b9d6a12
oof,2514,stead_event_01373,f28c2adb5fadcc74d20df19c833b5ef65d2b17757eb3508ec10251a4c82de166
oof,2515,stead_event_01376,8bf60eeedd0c46651372e659c7c6868cf88d77dfe4c96a62b0f23e47040b3fee
oof,2516,stead_event_01377,8ff6c6dcede4510b4739eb1bd90648c76e1382ef06eac4fc64a8888e6043e57b
oof,2517,stead_event_01378,36d8b548cd24ddbbd9b53cb49a11caa909d42ebc04a05f0017f765ac6b4c9e4a
oof,2518,stead_event_01379,64991fc5de93c3bed82c555acc172bbe0b574736ff43d68be5e1beaf48330f63
oof,2519,stead_event_01380,529bbaf95abd2af71a4938eee9ce47e7e75d825470c8e22429b7dfccf9bc9712
oof,2520,stead_event_01382,f59adfe3efb259ffa00f625ee7b3d22a2f29bf1a110c0a8dd841fe3880513c9e
oof,2521,stead_event_01383,9b58ff30b4b31db79b877bea857be591c35b1f2f386ca4d114b8139752149211
oof,2522,stead_event_01384,9c38688a8202f2c0f0193f0f672c8151bf7c219b62bea170d3f8a10fd41e58f2
oof,2523,stead_event_01386,21c8780d106f4e46568b15cbbbb3deccb7781a3c2c0e3d6d6fe9796451a46f22
oof,2524,stead_event_01387,509fdd5bb61a40f37b0fc9bcd1ee431a8a70e38dcbfdb4403af521697365cd69
oof,2525,stead_event_01388,70b54bd2bea0ea998088d6ef2b8760df01c6ad2f47e6b1a4b78ef8c6cfb64d32
oof,2526,stead_event_01389,7ce5fb8c281472ccf5094ef20e80bc7160f5dc7ccd161c7ca4cb0607d831e028
oof,2527,stead_event_01390,45d344059da01454db9aaa11fe159c3e6184be25b26e740b2e7f456a15d24360
oof,2528,stead_event_01391,d18ceb78a5db4e78c5f5ac9680a63ba4e10a12cbb2aeacb6a04ae01cd426c3b0
oof,2529,stead_event_01393,8a22ebb7bd50872b3fab1e2d9f45a14073b1bfb904f84c8140fbfeaa806a9d18
oof,2530,stead_event_01394,dadb448dd1637e7519937f40d8347a0e8943ad88f8b623f8a3c5c0b0fc9eb7ad
oof,2531,stead_event_01395,269567ec951c1faebc7191acef0621da7d261b2a7569dd4271b809219d8c7776
oof,2532,stead_event_01396,dc8788ef3a9a4581749c8ebf424f352799a5a967889cd164194a5974abd33cd2
oof,2533,stead_event_01397,518dd5e2b6bed973f6ce93fbb50914b036047c7770d8777e1285b3e1b7523c47
oof,2534,stead_event_01398,a231fe2c3efb699610ca04db491bc5117b3ed6cdd43d56d4e86e344a0d00cd37
oof,2535,stead_event_01402,5bcc28627b796c1e5378fcede725316b7880e31ed287eeea1fa63129c2e7bbee
oof,2536,stead_event_01403,69caf62f05643d0987db9adbf18cc29828d7a19e350d9e65ba2ccd86f2574a80
oof,2537,stead_event_01404,a61dfe506a699a3c305ac45c6527287a4c690a613cf71f7776ac40f1f7b3b91e
oof,2538,stead_event_01405,d3ab7304acd5e9be2112ab5ca72cebde5578fb152b56b65c30a99e52e5a8dc9b
oof,2539,stead_event_01406,b59da5c5c745aa6b8021f527f0d5ec0cd8861d334a14f444fd62bcfa376ccf58
oof,2540,stead_event_01407,ed66b0706882ba198649f1d8b425f7c1a70439236dde498788588e06b018ee29
oof,2541,stead_event_01410,894e089ba7467cd2a30bc0a308d773a88b92b8975e104fcbec91f010c1e28141
oof,2542,stead_event_01411,965f845e3809accc8965cb4344ea6cc4b1acfac3edd106ee532e2a1ddf9c540c
oof,2543,stead_event_01414,6c5ff6a6211ed8ccc78255688a35e0211663f68d4beea6a75f5f1c6d9c8c000b
oof,2544,stead_event_01415,526c30445c1b79684da3d5540c8331682cb24adae6cbb864b9b5be5cdbe32789
oof,2545,stead_event_01416,990d4acd0d00e0d09ee4edf548d4858894b82dc9ac35bbe15305925a261ad6c1
oof,2546,stead_event_01418,601b4554cfdc4b1d9cbd759c1d1013ce1746893d2117f9d2d8c9a827f261bbbe
oof,2547,stead_event_01419,3d4c3df62d2138964a2dd55a7a7eec23ab1990ca8fff6d94862737ec2616f5f2
oof,2548,stead_event_01422,4a05fa801667c0b05a2774c0dd0dd819fa378e2b772ac371218f004572f4316c
oof,2549,stead_event_01423,1f52f47dd6c5a5ae8792e8cb8b89b53525b20c0192b525ad169043bfbc4558b9
oof,2550,stead_event_01424,95e172a18a19e95490e79562e6d73663a616ccf2bfe1a2c1c7668e7b6899ddaf
oof,2551,stead_event_01425,c6a9719da5212f02c3a7b9fc1a2682c378e590fb604fb1aa6b7ddbeae9d2784b
oof,2552,stead_event_01430,7ac40c4ff981d270a25cebcb3fa6cfaeb5b8e54a60ab5f2a96fc6a5ef4e144a1
oof,2553,stead_event_01431,851b52d8937040d8c876ebfc2622b1677a6f35500579c0ffd62886350c39951b
oof,2554,stead_event_01434,c303007f22145b15422b79ad22953b6210d11865b2bd54eccf87cf32a7b6fe65
oof,2555,stead_event_01435,b9942d03b55b0b6b131ecf0754cfa4ad487fbf58aa1788453424bd57e64bc747
oof,2556,stead_event_01436,241938ad732454e177417e3dd657c7e0d8e863b7efa12afea612400acce58fe6
oof,2557,stead_event_01438,a023d85f7554552bf6c4d59e07ebc38df83ce58352298eaca2fc72fdfab32239
oof,2558,stead_event_01439,dd4397e76b7320aa74c0dcb83f83ef2c19f1ff11e7991ac2f6590f934fe10c6d
oof,2559,stead_event_01440,4603677d53b1c0baaf08625f85f66ae6e27463457e8d8ac173bf076dc834d8e3
oof,2560,stead_event_01441,c01faaf25520d04073d10b31d93957e95c16e32bd6a20a2d817320a411cb54cb
oof,2561,stead_event_01444,c25ce75bf43e4c1e2cc8aa9ecdc74ed25ab20df3eb9cd0c99612c2f63d6ecbb6
oof,2562,stead_event_01445,341a9616d0ef3e467ec7b017ba98bcb68b6f908dc2beabb1624c3a87c19bd0a4
oof,2563,stead_event_01446,2e89a98ff6b8134d3f05df994b5e4e7356a441627660af3f6649b17088a8eeca
oof,2564,stead_event_01448,c5f4a99a881985029b46b2a5c065e4f55f3952987735c31b78aa1f95dda45958
oof,2565,stead_event_01449,aed9e5aad0ea7b0ddd041d028a329358e64e0f34189890afd61c53f284c7bc2a
oof,2566,stead_event_01450,ecf20ee360e253eaeb299b3f6e7c09d7bcd99cc8af4fe35266f9dda0fe167477
oof,2567,stead_event_01456,65cab005873cd35fad5b6c30112f34c07622d74ffe92f4d5786fbcf0be77f28f
oof,2568,stead_event_01457,1cf7d01f482a8cb99de1f599df3dbb6e0e2e1913613877f4001168e8ef04a5f5
oof,2569,stead_event_01459,75839d1f48346d2b20fdbbca5aa8ed6a748c2d23e2fd978da768abe33ae81c23
oof,2570,stead_event_01460,286837666551d2a5d8edf234904bcb2fad77df19ea0950919ccbfc0844ca6ce7
oof,2571,stead_event_01461,30e4421751bc191e6d773c24a7593efc8a82567fce8459680d77f22bb9291db9
oof,2572,stead_event_01463,5ca221aa9a3a1fe20849bf9f9c013b4a9e9d3868a127390ec1e8986657ccf365
oof,2573,stead_event_01464,c619ed8dd506212ed5d26c0ebc44ae16c0ad4e8694d7b8f9b1f19c0d257f3237
oof,2574,stead_event_01470,fd7624b107c1990a9bd6976e12c329bdec021bf06c2d90bf676c2640ef0ab528
oof,2575,stead_event_01472,962488f977fc084109081ce994bdb029b5351c75f882171b3fa0039f4178768f
oof,2576,stead_event_01474,f83b701d1de30cc4d747137a3661a182cb9ef7fa5f99088f31ec22c614ab48e5
oof,2577,stead_event_01475,3fffe60df8bd2385a2ebcb1fe5481eaeb1646eb86cc33a23e914882cf843d94d
oof,2578,stead_event_01476,233c7b270a92798756b68c80e2f0984b49f1b1662ffc6be73952747eef61068a
oof,2579,stead_event_01479,5fbd3debdf3c111f2b11357383d86ad67ba6bec7a7a19a33a30b5045ec1bc579
oof,2580,stead_event_01480,bc66fd67f3a66b147bbdc361837fa565b937cbab0e6940641d9cded937d8e3e9
oof,2581,stead_event_01481,7a9693e7f2afb5490475bb08970b339cf2fe33d6600354031c9b3c0fb6d95252
oof,2582,stead_event_01482,f92711c623fbb6a3db4fbae3a7506da06a00c1e72d0ec0164e2c4b579084595e
oof,2583,stead_event_01483,91eb6239ebc4c25f47c1a1fffb927bad8013274c99d215a898a2fa939d9b6fb6
oof,2584,stead_event_01485,4c67ce0464e3be77b0b861d2ef64b0668bfc7a765064a80afdbc6cfed6091fdb
oof,2585,stead_event_01486,3fe6c501bcf98d85f07b7de5e3bd2454dffb97f5bc09bffb990cc695181854db
oof,2586,stead_event_01487,34a8c439efd3cfc91f07da3c09ae6f2a3aae14bae12129555256211fc9e87712
oof,2587,stead_event_01488,8264fe4da6d8152f58a3337424b93618636216d9f3bc1691d59bd333e7ab615e
oof,2588,stead_event_01489,ee93a6fb0e6694ce5077f913122895177131fe2ca9339ec49637f891e44d1c54
oof,2589,stead_event_01492,405c6fb5106e2e6d1a2365f511156af0eb9c6615114e361ab00234a10338e357
oof,2590,stead_event_01494,6344e36d7d73333cfd1bf91b55873e5b611144e93bf4b51f46f4a097ce07241e
oof,2591,stead_event_01497,132ab4bc9e2795346bceda3215baa4788d3315eb16488066b345703ac90b93ec
oof,2592,stead_event_01498,e25321270a9fd89359111d4897e7030d0f1941360dc811522ca704fb71c2f6a4
oof,2593,stead_event_01499,451dd12616be2244b5456bc7f8ce9d9e811b279c170e1cb404286241f8617185
oof,2594,stead_event_01500,58699dfeecacfbb81a0a3f8d3cd1b9730158b0bb30b4f80c379e8a8522ab6979
oof,2595,stead_event_01501,8ade7520822dfafbc5ba98ef36a52b97d5069ec5253fecaa56096db6e49d6214
oof,2596,stead_event_01502,e97eb0b7c42927fd03458171b7da0c34e358248c6c82e126ba070d81687a715a
oof,2597,stead_event_01503,b5aa46ed61123becd0fb8ed9e072c03619d61fb82096f6cc87070429689ae504
oof,2598,stead_event_01506,6ff8712e82082e8018391fa5c78ad9431d89e74a9d4c8040ad81d123d88eb707
oof,2599,stead_event_01507,0909c83c7e0fd8983923078e29cb71cc0f884aff3ddb77a17e8b25c7adc2fefd
oof,2600,stead_event_01510,58303a4428cd25487ac329e2f0b2dd0b0f8cf996f0bf400f103b819f12ed3710
oof,2601,stead_event_01511,b348ed0edcb58967f08e21e54b10f7688a05e6de06da396777563253dd8de214
oof,2602,stead_event_01512,70c70db759eae13416bb7e30541fb0f41a5cfe72eacfb1af25ace405d466f9fa
oof,2603,stead_event_01515,71428762b71f148d2bee0d84d22ed2f603d6b94c8f3a1d5ebd47a42d1b06225e
oof,2604,stead_event_01516,08a9c3597676cd062ddd1f654154bca45ef25daff593f017de247fe6a8cacc01
oof,2605,stead_event_01517,231481fb75a5db349ca922b275bc7d3fd13d2cabd65a2c16d350624300e85f5d
oof,2606,stead_event_01518,a3bc187b7620c3f1c4b016b665b38078201094a530fddd1a12804b59c9265527
oof,2607,stead_event_01521,3264873ceda35248bf17e2e1e390b18cb27dc02571d1a6537187cbf1f1b7699a
oof,2608,stead_event_01522,98afd510af6a2b90caf51a94c15a7b957e27b5f32ebf4b041d918df9e2c87977
oof,2609,stead_event_01523,45fd532c9f24a5df4738a7eb8fe2291907974ea4609817c8d24ff63bc0b9427a
oof,2610,stead_event_01524,6c28e32eee2786c8c03210e11b37df6098d04a3d6af9dca65124a9509c6ea4fa
oof,2611,stead_event_01525,8d59c22c33022ec902b829c51b4fb95a85ca5cb5a85632ecd0546afee3e16933
oof,2612,stead_event_01529,e24057b7d27fd76b5eb33582f6a9897af0c49ef927e987a7dab6a75cd94e4595
oof,2613,stead_event_01530,7c20d0ac4aeaa64f876468f70c5c25b70a974643bedada00bc3724371240a358
oof,2614,stead_event_01531,bf0899b4370fce9edd7cc9715575981f00d214f52aa9b6574a9ec435ff7ed69a
oof,2615,stead_event_01532,036c38112943dcdb592e93c6dfd6cf70e1225e9d7b08e9ea212b680482dd92d0
oof,2616,stead_event_01533,99aa8ac763d8cb5a72956461f0e3247bc496648b59bf134ab0974c215443a93c
oof,2617,stead_event_01536,e65a5487aed9079195b39c5c441620c29dffedbe659f7dc16263f6be870fdd8c
oof,2618,stead_event_01537,09ad1ad9085bba58e635c9cd5d65ce4461d8a356c31b1c8fc4bc79d2b5f70193
oof,2619,stead_event_01540,3e679b7bb6832ca73066cd8b43b82d28def031aef97ff47991ce6ef1a36d2ee0
oof,2620,stead_event_01541,97155acedc022c7a5d21121debbee026c36498860a3ea795c0fdaa70fd026dcd
oof,2621,stead_event_01542,32a6c3133c78633ab76aa4ff8ec64ccc02857d0d397fc4f46e14bfb268cea686
oof,2622,stead_event_01545,596163c9442fe5e9757c47029a1503df6c1f8dd55cd3975dee4893f6a80efef3
oof,2623,stead_event_01546,ea2930b04067a9efa0db9f1c899d05399c8cd38b5915888f5b9cc0f732350a93
oof,2624,stead_event_01548,a150cf42b9ac7c63da08a75a09ebe8d047a86da4f0f3436017c11eecc4112ee0
oof,2625,stead_event_01549,064612d8f7dc2057ed74c956bc6b50e6576369646b256ff4e1b93c22cb9fd0bd
oof,2626,stead_event_01550,cd6e6863fc551321739fd965d183d80f88bfd4eb6a347fffce035cf433158d96
oof,2627,stead_event_01551,522e2c36845884e2a58df0f2aa2316b5828b2ed02d7a8e98312779f589006b8e
oof,2628,stead_event_01553,309391fa9e68286e8062577dd9706500d5efe142d37bcf63ddac280c1cfc22d7
oof,2629,stead_event_01554,4851d491bdd313b169eb0665450d5cd0ce3b7525cf46e6f96f89704bfe501f0c
oof,2630,stead_event_01555,4d212ea42ba596b1907271db96daef6db57d1eaa9ec1125918cfb473e3ee7090
oof,2631,stead_event_01556,1b556089cdd2d16869c325673cc2ed997a6b80ba7ee07dbc6c4a93e3fffac538
oof,2632,stead_event_01560,f5cfc776f374922530d28479f4cce17da13479e861b57c0bca22e491d26db7b9
oof,2633,stead_event_01561,c6ceaace4124eb1a257389d2096321673c0a98af4bc0944f45a4d259b0ae8683
oof,2634,stead_event_01562,421bd42bf8a058c991aca7ef9abc311b27492ae7fbe701fe19a231d88b721411
oof,2635,stead_event_01565,8560bab3d5348263616d2a85d374269d5d3db13b0e725ea210278f8b2a7374c4
oof,2636,stead_event_01566,9a4cbec9aa58232851fdc3ef2ae5a6cb5db64027f35af79fc183f1ffb8f04032
oof,2637,stead_event_01567,5057afc54bb40e99f472e49cc799a9530157a9263192f5c4c9ffe8f2166d61ea
oof,2638,stead_event_01568,2cae01709d17c43224247006547b010b7ad94833ead75f764fd4207a06679eaa
oof,2639,stead_event_01569,af9a78c00248b8809f01f38391de72ffbf4a1aa5761705e7b815281dbcbb8314
oof,2640,stead_event_01570,92f793eb4bc2b264a2af827752c5041f0fceab1cbd64b8123e50e564c0d0d372
oof,2641,stead_event_01571,1fa2f1113f2a512f26df018ef87b6c42a0ee8fdb9bb716bbe375312cf808be3e
oof,2642,stead_event_01572,0339e5da2489b4c8a84746702e6ea823396ed635d6ee3aba729540755630d291
oof,2643,stead_event_01573,bd775e51ba00d7cf64bf02bd90346d95529b76a289cdaf74b2e855011ea229cb
oof,2644,stead_event_01574,1df213259b8eb916ee04c0c52a442b7c9bbcd5a810eaaf431ec4f4098f7e3fed
oof,2645,stead_event_01576,dace10df653907fe7b6e1cdf322fefd3e52cb6b0d912e2f09208e3d360dd5ddc
oof,2646,stead_event_01577,a1a36e68c01cea3e7e3d8b0bbed1e40a5bfd2dfa95926e94ac215c8ceb09ad77
oof,2647,stead_event_01578,ca904740f36e19e55c221fdb0da33eab52a7a2f94bae59c3abba842f4c851fd6
oof,2648,stead_event_01579,8d1d9b25b1b11f30e247c4d3cd69c90b5fbe8627ae9dabbd4d4fd5a1e223bef6
oof,2649,stead_event_01580,b91afda231cadf34a50afc2e43f578fb11558ccc255666b86f40ba5449bf37ad
oof,2650,stead_event_01581,5135c391e4a427cdf29d6ff657082caba78a06cb2ba0144d58a4030d5a9ece13
oof,2651,stead_event_01582,7f958870750ae6aece73f23e448454a5d514037c02bef6f7399da27eb0602908
oof,2652,stead_event_01583,c48e06392765d80f76f490578515ab99415b6342df99b5a900b1e28ee94f4751
oof,2653,stead_event_01584,f44072351421838626745e26b250384ebca90415f5eeaa52ffc40e07a20c6902
oof,2654,stead_event_01585,97906bdd34d5d1390d02f69bfc83146fb61e6db154c3b5c8caab21c6d7adbfb9
oof,2655,stead_event_01586,313a596d579348e1a9a8964d66c2a413c8349c4ea54eaafc2dc3a27aa7e3478d
oof,2656,stead_event_01587,02e3d7c8cbff0db2e10643cd4457e44ec6e86c6d26fc9fe3fdd7a6a11383850e
oof,2657,stead_event_01588,369f213c2c18ef08a4ed9900b4132e9b417c3594df9e52310af4406c3cc53053
oof,2658,stead_event_01589,c2ea4cdd3ed8d5dfa4e18835f4e29a0f86c27b9507bc6c34b875ebefc621e33a
oof,2659,stead_event_01590,d6e738127b82ef98a4c493003ff0e8a8f1203321d935b2e5204faf358b530e95
oof,2660,stead_event_01591,53f0e867a1cf0a22b4cd73e2ad17d2fa27aab1884f6db9b237bdab2ad58f831b
oof,2661,stead_event_01592,a62d2893374ce65085a4ef1911d32ba508655823c3cc270206b60357f825b423
oof,2662,stead_event_01593,129aecfebfdb892caecd31fde1247231760c53f7b4b5bd154645cffc8d728bb7
oof,2663,stead_event_01594,d465e2c9ac13d5de45ed4dd267965d7b0519c2fd98dcda262c7c455ca8f7a77a
oof,2664,stead_event_01596,3e0b4c38901730d9ee198c143df466d5195004417bf3f69f85655d6fa5949afb
oof,2665,stead_event_01597,8dedeeee67c1d0446ae7dc28a71210cd258d3acc0e3b577024f9a322137a1941
oof,2666,stead_event_01598,74bd45add40bb8f7fc034e50c23e6a08220ec7c05a8aeed495d7ccdc1b63e25c
oof,2667,stead_event_01599,47467b77ff13f86a2cc7bf152eb94a44d22f5d31d8ad6161414ee7a66fb6b6bb
oof,2668,stead_event_01600,b8813faa07aeead0bd6840715056c28f01771adab98028aef523057001ac760c
oof,2669,stead_event_01601,9026a0c9e0a4e147997b96876c78fc3a949aafe3493c6500e151d2c451f181a1
oof,2670,stead_event_01603,f92c038d0f353c0c16d505a3a33679b01bb8631138ba51e9a4c7ad8d33e802eb
oof,2671,stead_event_01605,d68a3910329dde57bd221f3380c2724472f793bb8c1e5005fc81f3fe49d5942e
oof,2672,stead_event_01607,f0998d6bd096e7e0649b813acf7ed61246e3372955f3d6079ad888962383e8d8
oof,2673,stead_event_01608,26cd4ee4168906d455647a661cdc376ce8efce06e70ad7fd59903ba0bbe93833
oof,2674,stead_event_01609,e4128e42f62376beaef6be4d5f3efd6d874ef33e59208760ca5e7b1046c86e41
oof,2675,stead_event_01612,a1ed1b7939bdd83fe2cab147a53786be33ba0384e6d5dc616077345666c6a54d
oof,2676,stead_event_01613,75559ad7eb6bf9e3e01f96350b0bbf3069f360b630a595df0d6a604b1241a941
oof,2677,stead_event_01615,8a27a0384d039827db07001b0cac189ebdc9732306264c2bb2081c0a0eaf3a9a
oof,2678,stead_event_01616,ccfb88e221575b0b47a355a55f7e629bbb3c72c977388295b2a56e3ea631b43b
oof,2679,stead_event_01617,a820db31321e8fed52726712297a86f5607e93665cfd2735c51ff5a5363ce8ec
oof,2680,stead_event_01618,aea3a1d938364bfbd81630a3145486b3efb243d686255c0f596b57db1b9206df
oof,2681,stead_event_01619,8e2b3a8bd4f8075c6c895e7611c62bff50db115bf78666ef7d498a2ead6380f4
oof,2682,stead_event_01621,32ad7ae78343ce2b38dfd0177309d397d0b4e2a5246cd807a65aa0b6a2c7d21e
oof,2683,stead_event_01622,15a501d83f38f57f7025f1961de4123aa2de83e54c291a18b15a9ac8bc0df099
oof,2684,stead_event_01623,51897e1aeb117dcc4547f5f20e839872273750ca8f02c23dacdbb815add40e37
oof,2685,stead_event_01628,0d4ff68217757df51faa84de356faa62ea0c56a911752304f3e81eb80596d865
oof,2686,stead_event_01629,1540190e8e3e526598917f8e272e7d9acba626d89b7d2250d01551008352d381
oof,2687,stead_event_01630,31816f652e3747f55ce8236c7a73ef785f8e4e74fc7a762f35197fda58566722
oof,2688,stead_event_01631,5f22dfa2993ce9cdc4f0a9d6e28f86cc4c7223d9d4c3fa0d26a7f36caa8f4f6b
oof,2689,stead_event_01632,38188d038fb7765fbbd1af96877bef77cbaab9da379d3b72c846a3e8739de476
oof,2690,stead_event_01633,6d2f466a285d281b72c280a4e492debd876b1d253aa4fed82a9f84d75159eb13
oof,2691,stead_event_01635,1e465ff11918956be673a6fc45f5da83417b7cde6605118442fc6bf0d6878037
oof,2692,stead_event_01639,4fa474b8a84e722846efe57cbb15fa63338071d02d028536fe9c93041a60274f
oof,2693,stead_event_01640,cbf7c17797251074e03523fdf3a4b046ac014631a56b39cb99b3944f43e6cdbd
oof,2694,stead_event_01641,d8bef7003d55dbfced8738035ab266de54bcee6d41964d584e5e2fed8c076015
oof,2695,stead_event_01643,05709b1ad117e86d38faddd2d8eb6f0df2a8eb56a2d441a126ea7fd74b1e02e1
oof,2696,stead_event_01644,60ec1e3e96cf3b00b51551364e7fc281515f7ec9e30e5b85b571d89e914dd009
oof,2697,stead_event_01646,f75c8c3d2f0825708c743ae61e267111b65d020ba328b2818bac2c2b9e28eaf5
oof,2698,stead_event_01647,4286473161a4d37d1c85068e475a6efff9f4e973ada0a56120f775fed7adc805
oof,2699,stead_event_01648,82dc17e30c514c4f503f5b0946314f388dba852f0371ac7777e432c0c47520bf
oof,2700,stead_event_01649,47a494f42a0e099cca469f2078dfe8718220f021416a0fc1c6fbf3b69724d3c6
oof,2701,stead_event_01651,5ea842c591aea4d4f9ef6b9108bcfae7a100eaef66e8a324ec4dc04df801f9f3
oof,2702,stead_event_01653,3655c8487ee6f7d68066b4e25557a8fc7924fd8e8f02de576306d043c78f0b5b
oof,2703,stead_event_01655,1ff5be46a83299edf7ceb7ec9db5e6eb399ba15cb530298cd8dcb027c27d2f7d
oof,2704,stead_event_01656,92fb120ff1e47980f57e5b91c273e8dd2fba73124bb63db7f0ff2b5a980fae40
oof,2705,stead_event_01658,7314c631416de185abc33176c36512ddce4a2352cb4b8f106507ca7ffd238032
oof,2706,stead_event_01660,1906ea9868fc39619f4738954e08e8911c6c38263f6f1601ac0123e9a08064ca
oof,2707,stead_event_01661,38402fd4c4f18d9007824d9416fdbb273bff057795a4dbb86ec31003ecf72576
oof,2708,stead_event_01662,f322dacfbb1461a1022cdb98cd1c7221c675be33ede55b9c451257c4f3f74b94
oof,2709,stead_event_01663,6117aa18366f7b556f33bf011b50f0afff754a9dbd033a4ad74ddbf7b70b9f89
oof,2710,stead_event_01664,af0cb6036ed6cac1ea2d66d1bd34728412b20bd1c7ddcc09868ca189ffc51aa3
oof,2711,stead_event_01665,31b6c01ebfd9097755ade214ec66f94ef4629a7f03b3581762b42947ff662a61
oof,2712,stead_event_01666,fb63e3c9c0c26c9e3444d87aaccd7bcd251affd96862fe9309282bdca335cb90
oof,2713,stead_event_01667,d0786ad8dacb05d27eba08511ab9aa02f4ec3a9252a041f9733573b3e1d72f82
oof,2714,stead_event_01668,5323f1c638278963b8dd7754a5f60bb81c1caf3ba6150e3f237bb928166f0ede
oof,2715,stead_event_01671,624004769f9eda129a01aab501a3e7baa891862c95b761a66c1b14fdf15683a5
oof,2716,stead_event_01673,ce2aa9e3401637c6ca58953ebc74e58d547baf887549e7f2494122e54f291ed3
oof,2717,stead_event_01674,51e64494bb59c8b910742c12dae407ab46c5e7b49dfff55241f507756502b284
oof,2718,stead_event_01678,06753cd3ba0170881829cdd85688a28327d9c23609e7250390ecfd1173f915ba
oof,2719,stead_event_01680,3048c5ce465d08f37917a3727440015f6e1db98144adf8138fb74f589f0791e3
oof,2720,stead_event_01681,97d58dfcd70ba133607c05e81913769b89a3e8a68585b4b277a44a9028c07371
oof,2721,stead_event_01682,6333df43a3f8850b02788eea12c96eef55da36efb23bd502de7ff9388dd70289
oof,2722,stead_event_01683,b074c4ff109a2bf5737ea507af7e30815bd7eaf66740d00b6c416ae9b07af28d
oof,2723,stead_event_01684,5f50efc5db3084cb1a10bf7f06b3dbfb50d82206a40682649b3abac27facc17f
oof,2724,stead_event_01685,d562c90e87a58630952a62e49703c390183b8f2a5da1f7bb1c500052078a37d6
oof,2725,stead_event_01686,f3a57324af1a4d620887a731d88ad6e825c604f2a478252a19f66dcfe5bf0722
oof,2726,stead_event_01687,404ca2f25ed275008169200baa2080bfb0f6b5963a9b511485f9987991d82a1d
oof,2727,stead_event_01688,133937039532e125593e698f8144ff66fac9e564e84ce42497c0c8b472a226df
oof,2728,stead_event_01689,41096ebcb60a0ec3daba804cf0de80b1432543110f6b0c89f097403b5aae485a
oof,2729,stead_event_01690,a820327f941b67724fd82faba082a5d79376e55a1953196d4508f47b6fe2f961
oof,2730,stead_event_01691,fab71b000aee50b8ebf2b6457433278b66e16f42fa24b715eef68ceb06d6f074
oof,2731,stead_event_01692,c789a2a5eded682cff56d18761b528a7280171a556463870abf52473922d61d2
oof,2732,stead_event_01694,15a7b2667b89d846547c74f852b11ffef422f997d3f2d4d2529d85ee48f89a19
oof,2733,stead_event_01696,8a89055c35f2783851ab315fc613e2e01afc3a56adc53e14b9e635761609e70d
oof,2734,stead_event_01697,1858d040ac402e4d10580d33256578f0f631c1480feb790cb4685303abb672af
oof,2735,stead_event_01698,1db042fc5123a16f817aed30baf4ae1faae4e898c17592227fa4f7556808bdee
oof,2736,stead_event_01699,134990bd48afed7ab3f679dcbf97e7065f59626bf7e425da80c6ada565b5ba87
oof,2737,stead_event_01700,be58420bab3ed8ea9a038ecfa47dd0793e3cc3fcf4595a7bc4aff3836e7d87a9
oof,2738,stead_event_01702,df19e3ca19cb730f20b860b538af1420c93fe6df671383a1455190426f33ead8
oof,2739,stead_event_01704,60584e5622171d89a3739e5f182ba811d1ec3eaca9e10c3146e3c2bb964f4163
oof,2740,stead_event_01705,588ec01a89eddf90a915f75b15a602b67ab0752de2735c5df150da1ed6be42fc
oof,2741,stead_event_01706,87bf7e07f28c34eb5889cb951db2c3a14fe9afa4cac34ef400f966a50bbb4609
oof,2742,stead_event_01708,47cb42637a70793939abf36ed573c749971238e693fdf3c7af86896c5f0b2003
oof,2743,stead_event_01710,ffd9a4d967e2cd0167ae0db7c6769a1bbf1827511784eef3a06dfa480086f279
oof,2744,stead_event_01711,f2487175861ecbb2b1be5fb8d2cafcccb82b2eb6e057a9db7b711f5b72ae11e1
oof,2745,stead_event_01712,e9c0e50ce611f04fe550dda9a799e984085d925430459a50946104b42c1935d3
oof,2746,stead_event_01715,3a26d7cb283aeeee3edec825659066269583e4998f611aa11af40563b2a7d34a
oof,2747,stead_event_01717,2339427ca09476f79ff5bf4e8c6f4e04a9485136c2f7aeae19ceca78fc4dd006
oof,2748,stead_event_01719,a6c227e6f59bdd869b26f3958f17caace2e182785537e48d54accfa00c3174a9
oof,2749,stead_event_01720,52f73586de37533a80400a55122a511fa6bfebc72176597b86942cf3da030b12
oof,2750,stead_event_01721,49989e041e0a73d32481432c88522f9ca66d0cd782ee1750e439755704cff735
oof,2751,stead_event_01722,ade81b2108f895718f3455bb2a084b5474b91eb01bfe4cbc7cce3c24e1582d22
oof,2752,stead_event_01723,473e2fd458d186df30b810a465ed25a4d386939430099f089401fae97a2704e4
oof,2753,stead_event_01724,2d0bc6fcd82217cd278e61f545c0a5348aafb78c1f2488ad9de5c6cf3d494c83
oof,2754,stead_event_01726,081a326ac558baa955d51502909cda4802342d11278cb758f4afac901384d07f
oof,2755,stead_event_01727,86dd8aa06e97ea65e28cba71a2ab0a9f82c3394aabb9da84c436b088d1b41612
oof,2756,stead_event_01729,891958d11a460a9955c9edff7a066a2c037cde9ba512c721d82d1d0593bdde03
oof,2757,stead_event_01733,7aa61c52fb3d9d7ac77ee126d78e11eca9cd3b03f7f6730a45cd50e314ed0bca
oof,2758,stead_event_01734,de08d7cb57a3842c3bc7a8caab8e1d77dc2f266751a487752007918021eafeac
oof,2759,stead_event_01735,d2ef231621344f61938ef1d89ac8febebd6fc8f724211dfaac691774370a07a0
oof,2760,stead_event_01736,a24ddf1fa5779d5e512eacdfd0a64478b395f228512ab9b62a749be3612a8b72
oof,2761,stead_event_01737,f1f40d1ce03cfca256fbf6c9af231bc25e306c41747d9e574c5809bd473f14cb
oof,2762,stead_event_01738,082fc0773de7ecde2e465e536d30433d2ede9512b1fff54bfa9bdac5323742f7
oof,2763,stead_event_01739,3ec301586572201fbd742352128dd9c338e55eccb7dc6adcf796a305fdf1a9e1
oof,2764,stead_event_01740,b7a4290ca364b77dbca3949ff3cc1124e7529c605ce9807c442b81fa967a471d
oof,2765,stead_event_01741,c649699b00527b558b21d412ef7e9c840c989a55b5ef3d5b7280cd8d9344ac61
oof,2766,stead_event_01743,95bddf5683121a1deb760e15c08562de97c30e820a4b52f475652d0da18eeed9
oof,2767,stead_event_01746,70311757f55138d7f002accabd5e1cc0f691f0448146bb16ced42003a85229a3
oof,2768,stead_event_01747,f472e6bb692739e28ec913a8b69898709930c47ac2cc57fbd5389bbe11a1fec4
oof,2769,stead_event_01750,c15e0038e6d29c2cf825d0da9d787a493c9f57f368414e457e58944f6fcd1185
oof,2770,stead_event_01751,81c662a8d34827aa75dff5c8aa4149d8353bdca822278fda19f04b06588bcbe6
oof,2771,stead_event_01752,79f02a5306e12d8c4998f995220ad47b13435989c3c29ca8b641fe03f77dbf7c
oof,2772,stead_event_01754,06dd0f15eacc8034d2fa5866864b9198fd417286aea4ce15ebeb706d38bb434a
oof,2773,stead_event_01755,cf96b38787f8a3d55efdca9087d3a00583e79d6a8e3f9feab83d6d6a05165151
oof,2774,stead_event_01757,9719eb04ae74fd35062d0f50e7dbf567a1f7506c3b0f37f7f1ecd52b220ba264
oof,2775,stead_event_01758,7124ecfff6c4de197347fb69f412cd437cde030e3c0dc4bbc20c846e50bab9ce
oof,2776,stead_event_01760,91ddf41b818471ac3ee7e341b1a67b763246de69d89c2c95e0b1b5801adfec2e
oof,2777,stead_event_01761,1e2d740699c56bde8a4c21c872c25e024d6912b218b9a91a208b1abb5332888e
oof,2778,stead_event_01763,f3ae4fe926fcb830df54dcf9c020d06e35336e89f8d8b6e37d4101fd60d189fd
oof,2779,stead_event_01764,1c659d6bad0447220abcce55401e98bac81329e68be142694799fb1e932264b5
oof,2780,stead_event_01765,12892d2ac69ef51ca171a9ec389142ecf6d79748ca101e5cb99d1b573b9d2226
oof,2781,stead_event_01768,31b03c37a0c8ae4884df2b6dd00e0918a4166a8679b5154a6a43a9f8da1452d5
oof,2782,stead_event_01769,44658630fccdaf0b0e5a2029821e2af7210bfc8a6c57fd09ccff8d70ef7f18fe
oof,2783,stead_event_01770,4bb17ffcfcb95d95f2ea09be1e0fefd629ee67b7bc1bc51d198fbadf8ad96486
oof,2784,stead_event_01771,2323b9257f50d6426525b2d5e833801cad770f55fed3f19c8f3f84cc98ba747d
oof,2785,stead_event_01772,edb47bccb2829d93690137514a4c378a34583a91c04d6bbd62df18f56fd0fb81
oof,2786,stead_event_01774,aff7ba1b3e56c4b9e06c21f804ad93dbaa8a83e3c143f9f2322cf676e9268751
oof,2787,stead_event_01776,6ec1d7cb17aa4684e16a541605d05f2d8aa59aa09416948c6226f39ad1eae9ae
oof,2788,stead_event_01778,0563c8d4a3fd5467a66b9c15ced1a01d88ee240181c52b6bb293b9e7a3a780a5
oof,2789,stead_event_01779,e536e334f9db691a7cba2e8bebdfe0a32a84c10f0ba6ee70ed0718d77dd9a084
oof,2790,stead_event_01780,2c8e0692950d5b93fcbd1831516838e0c75d996c526251f3d118f9ad76f5b0fd
oof,2791,stead_event_01781,2a29d96e25bc7e99f6311997222db56b15336af34b6aeea19c841a8eec978776
oof,2792,stead_event_01782,4d04c33a8b1d16364cd5163a15a35570ff3a81bb38df8527a7ff7892b5e0b520
oof,2793,stead_event_01783,68efacef748116432627214a0b1c48ec997abfa48801e5c0561469ac2aae32af
oof,2794,stead_event_01786,11ecdb36c1a7db81fe114f3fc26f9a5b7444eb0d8c728157ec85b7fc1f4f48df
oof,2795,stead_event_01788,9e1ac6844a6ca7fde173c789121e6d978ab4cb3db92ebac4628a4f9ce3072abb
oof,2796,stead_event_01789,30423e2b8a7d57cc150ffac7f1641fa11a208c3b3af6ff5f491b552880253ab0
oof,2797,stead_event_01791,924904bc213429cbfabb93a8ace12e9b0177ede3a5543452a38eab408f5c9c5e
oof,2798,stead_event_01792,663681b1d7b5aad1b857c4cbb83aa543af0626841a296c9581c3c01d0b8adef1
oof,2799,stead_event_01793,40c514865dc57ba358f59ae2b18dadf10f12ac110c7dd9e38fb0667dc933dce7
oof,2800,stead_event_01794,8c07cee3e08f15cf7d6cd9c705ea469310892819e891e2b92db22ab667380275
oof,2801,stead_event_01795,840080baa491c20173cd70567b8faa240f9f0fbf004ca1f54b8945ae63d99849
oof,2802,stead_event_01801,2d878da363aebec94f39d39e4d4b3f6668fc3d3ac4309e3c535f87457c31d192
oof,2803,stead_event_01803,e37af4b2424a445007bfe443eae0a5c31a9ffbbc05b39c58f3bf8312bbe06c54
oof,2804,stead_event_01804,07cfc11fed4705dc110baf392eafa5edbaa12d887aff0d5aa20c6227ff73e15b
oof,2805,stead_event_01805,62ca05ac42badc759abcef901ab836c51c7b2b1a774c7ed6da4040f796515bcd
oof,2806,stead_event_01808,255d3a62503267cfe1d3b91fd7bfe76c7cd9a715112512702d4ee4209244691e
oof,2807,stead_event_01809,4ab3f6ea5090c43bffd61cade7d5fb98b190173eabf92992d35cd84402ddc089
oof,2808,stead_event_01811,7019d0afbf51873e9df6e7746616dd0e073dbd54f94c25b60294850df45446bc
oof,2809,stead_event_01812,8c68faf19346f822d942651e859b178d4fb969b06a2c54f8e8e9e90eb6864276
oof,2810,stead_event_01813,bbf1c775bc8cafbb38b49fd287a72b6298d632f919c0c7f12d2bc55076945090
oof,2811,stead_event_01814,b527044c2f36a6b2c905a5cf63ab3e25a3c51a629525446ec84aca5ffc6a5dde
oof,2812,stead_event_01815,17badbc94ab1d13fc971217bf65bf8832d0dac72246bed908e450d6d1d9924a0
oof,2813,stead_event_01816,4d9b66d43c8b6fa4d98fce404098a6909754d372a21a0d97ca8c7e8223bd109a
oof,2814,stead_event_01817,34fe217b0646a80ef87a281d8c3e6a1c126a2c7471324a30194f301e140997b0
oof,2815,stead_event_01818,69983091c6b8687e2ca5c240d25755f1c6b2a40284720db750d0a117e2c67846
oof,2816,stead_event_01819,dba4735bfb4b4211d56783fcfd030a868f3ae993dd82265d503f2afc97e52379
oof,2817,stead_event_01820,3f44e8ebf03c885eacf055b87eba88bafc7a92279ae51780a41171529cf23692
oof,2818,stead_event_01821,fceb73f2d065aae61c53d07ab4eaf88d160f57d51e2800d637d6875edfc3cbb4
oof,2819,stead_event_01822,94d4fed09beb92f2ad013bc8e0e8a068a083d3a00e46a378a74938096061ae2c
oof,2820,stead_event_01823,39b7f44de69511d11bbff59e832c70431c9315e056b9c63afae82b8147de3736
oof,2821,stead_event_01824,407f5f401eb6be01091defbf5b4ebe1b8b07698260203feacbb3be31148933d9
oof,2822,stead_event_01825,c4a0bd646a06470af04e684b231ab2bb73c9f5a3e406f9fee39910b1d26c43a7
oof,2823,stead_event_01826,fbe7978fd17576bef2a231a1961cea724a1a04b101096b5466d52cf9cae05d30
oof,2824,stead_event_01827,00b334a887f35da31b528856109cd505b81d648937066fdde206b52b55f0c976
oof,2825,stead_event_01828,923988b1302d54f820c608d5cc96f6de8c3571f7eccb9b9e8f48f7735bf1d31b
oof,2826,stead_event_01829,719d0b98861edffddf4fb0fadf031ae60ae3e2e9834207a7e026348d1acbb28d
oof,2827,stead_event_01832,d345548c828c506fa8c974d4007569fe7cffba5c0c541c5a307064da2ac5ba0e
oof,2828,stead_event_01834,227f67a22ec95a2e71c0f39f647e947e3db5c3caec17b71c6c0269abbe09e59e
oof,2829,stead_event_01835,e1b42da5523dc5cf76cd0b0369f1460d3dad1a8b5e47bdda101e115d2877d1bc
oof,2830,stead_event_01836,8fba1e1935acb9a277a4e73178991a0a9de5d96f8da5e3f7f309fe50c598dab5
oof,2831,stead_event_01837,0855a266d06827db78ff34773ec0373cb381afd459f26b96ffd776028697d07e
oof,2832,stead_event_01842,e9051edd6bcf508ca58673ee5f8d8e285ec780de85480871b424732171ca3326
oof,2833,stead_event_01843,6380f8f650152efbaed53c30326691e2026c8d3b2ac885c311fa03a3936342a0
oof,2834,stead_event_01844,ef59710aa8970b1ad10697ed5d7d2ab8f0d973eb311325a7d93a8e079202a2aa
oof,2835,stead_event_01845,cb607f889592779274f819d425128f8aef680468f90dc4c3e9daafb6288414da
oof,2836,stead_event_01848,c361ea8d1d261d48b94443218b990e7a414750e287ac8f3a79ef533ce787f84e
oof,2837,stead_event_01849,230dd4587a9e99f18ce946417b4656f72610b8d0c8ad9568e6ee907fc48ade37
oof,2838,stead_event_01850,4ee856032227dba86223900172aa465933e07acdbe74626b836db07f5b95391c
oof,2839,stead_event_01851,87341b915ee890dd104d9f33ed188eaf5ff87f56503ecd5102cf59b7b6d8bd95
oof,2840,stead_event_01852,98180aab3b9c8915cb48331cc49b14625bab799d854c4262b9bc80c38644d50c
oof,2841,stead_event_01853,45f5f4a8a4206f1e03826c5b84d6f7e0dcd233137ad053d3886e3e152a5419f6
oof,2842,stead_event_01857,feba374aa9984e7a85beda713c896f871e56508aa90d5565cdd934f6c70fa986
oof,2843,stead_event_01858,ff6a53f60da90a8c0ab523915b6b0289349523a9a53d8bc26f385e7201aad66a
oof,2844,stead_event_01859,4286a54896133f75b6dc22f1d21536f68c79da183377b644e5ead211ff6e4667
oof,2845,stead_event_01860,fdde942839031ede9256b7d3c8b171af48a1fefcd8b2942acba84ebb742cb2c6
oof,2846,stead_event_01861,c2b27b861e17c361b68cc6e2f008ef125e74e25bbc3ffd5d5b645d55139872f7
oof,2847,stead_event_01862,d3c6b1697e239c74897d8b3ae43bb9de6fe4604f45a96fa28b9c7bd8e151677d
oof,2848,stead_event_01864,b35066c1e2d494c36cf47d82bd81826d73b8f5f324d007f293234981069ae0aa
oof,2849,stead_event_01868,ea13f22e3708f192de94472e703887a5dd42622fc7ae174eff9874d3ac457cae
oof,2850,stead_event_01870,0ac55ca5aa292190e8db000e46c05d3cf456341fb7293bf377191c638ec9a58d
oof,2851,stead_event_01871,d9e82bfe1e82e8d41f0e95a0d53e133c2906539bedf98bca79f64d84131bc017
oof,2852,stead_event_01872,657d6b51ab94364b5608315b6b12c89f1c9678591fe2290c8f089c2cda4c8299
oof,2853,stead_event_01874,7f8e8c0a2fb77505f7cf8284169c1629d4392a46f8fa33c291ab99c293014920
oof,2854,stead_event_01876,1ed226182614e1b51002cf0a4edc6799e426008bdb0fb7d271567eb5aa7f67a4
oof,2855,stead_event_01878,5bc3f80767878c422c019eb0965f20abad178b5da19effeb9030ac28f28c4ae6
oof,2856,stead_event_01879,7e2b3be0e1c82c6348828f4978804d1576f91d06c007c7aef47ebedb9fc109ca
oof,2857,stead_event_01880,dd1517ec323648d55184bc4ba83779f282a0970112acdcecc47497dd254cade1
oof,2858,stead_event_01881,abea09d1f5a58e16a9f45e6de081eb4f8769adaefa530cff3b0e4be47dadad9a
oof,2859,stead_event_01883,18000b7f2c9a9e2854fadb8a8f1a1d5e05f09acd5bb0549c72c45b8c5e48c4cb
oof,2860,stead_event_01884,2acd5aaf930bd8f4e963b6a9e35fdcd21695617c7a903e07f1cc3a7e00834f6f
oof,2861,stead_event_01886,34996252314ecbc02e55d1dff976d9beb0e17c46b9da1ab6878577a92d35ee41
oof,2862,stead_event_01887,69da19bc57a7520669bde5c715fda2a45058ce57f25e288a3b076962989639c9
oof,2863,stead_event_01888,d575ea07d0ec1c58d0666e8a06672ca993ab39a8c82d58c39015d4b58695948c
oof,2864,stead_event_01891,f9a4f2a3562a15e301eb1f01076fc8a3ab4d4bab79510ffe975e56cff0a889f0
oof,2865,stead_event_01892,9fbcef59120c6635b664d664dc0dd9d0b35e64baaf2c1a97460f2f3413e253cb
oof,2866,stead_event_01894,dba6b2720f3b6b2fedc985f32683e7e1ce42d07a5e32c15f8974be065044b9bd
oof,2867,stead_event_01896,fa60f99c4e5364b86e9e6a1311d3845821bff8452611ca4559e590e06d7562a0
oof,2868,stead_event_01898,46a7792d4587b87ab9ad323e69c50bad98a55604833056c578fe439c6a2288f7
oof,2869,stead_event_01899,e7774deed2a964c46cf1a24778d0e221ab0f9f82c54d0cf263e74b4e1fe6d6e7
oof,2870,stead_event_01900,b8c51d08701e0869d0102f24f83a4ce4cc99178b6b62381b19d9aa8b7fd93134
oof,2871,stead_event_01901,172c7084428b9ae580d29ad6f2955563e4e6224082bbc7443e4175a80bf49a4b
oof,2872,stead_event_01902,c829991fff9d7d749ca0fcdfb82376a87cd1005b86939b333d438188500ec39c
oof,2873,stead_event_01903,3f47526e41ae0bdc4bcc105f880a70a3914466bfb2a3795fc0683c978933808e
oof,2874,stead_event_01904,7eeb75eca3302a28893a55e93dab3940a4abc2724d8260214851d689119fa95c
oof,2875,stead_event_01905,ecfa60f5fdcbf3470b38bf8998c90319c42e487479d3a5c7677fbd2e48380a34
oof,2876,stead_event_01908,ad2056bbd38d63cb8356dcca1404b2a45237be8149c8a61b7c75ca76715d9eb3
oof,2877,stead_event_01910,9abb593437f66c8aefec0a2f95a0a51935a95a4aa5ee26ec264682016e34704b
oof,2878,stead_event_01912,c8affd797f693780e711714a811af54f3d104f859ae0ed67fed91bd318e08a90
oof,2879,stead_event_01913,a34d2dba44eb8f971df3391304146c08f5c9add103a091bdd4072d4b5014ce36
oof,2880,stead_event_01914,27b625a334fdd798b16c575b404fe4d5453afca02b9299ac22f9ff323546873a
oof,2881,stead_event_01915,61630de2506d43b105c26e203863d440927b0cbd0481cff9eacda8b2ca038687
oof,2882,stead_event_01916,4bcf87bee0062ca5266b0706349a8efba0518353dd0d4fa39f7f6df6176eb340
oof,2883,stead_event_01917,2e0f5f9dcb2e57a60c5861d79fe48d03a632ce4f75c9519f0de9c1253256f170
oof,2884,stead_event_01921,8e1fa5364ec29ec04d5787417987ef6a4574116fe6b251606b8d0602875e2158
oof,2885,stead_event_01924,27d374419c6fc7b77b3633e5c1d9271a323813c90b58a6348a7162a6d6c34e2a
oof,2886,stead_event_01925,6fedf276d15e0291cda92dfb87faec480345ac02ce5a0a70a48b7e6341e732f8
oof,2887,stead_event_01927,108e2f309f4da6a4652715446b6a36c555983de553ccdf9c143441bb58b8ea3f
oof,2888,stead_event_01929,75a3f524e021641e530d3002c34a16888b400b207fa68619a1f49dc864591afb
oof,2889,stead_event_01930,caf61c8641009add2ef4729a8962608c7b9fc6bfe936dee0d674d4661853623e
oof,2890,stead_event_01932,6b509d495e77871e2b6b324f1a5c542c90efbdda5d12915aeadbf05a28b29da2
oof,2891,stead_event_01933,47fdedb2f206692d4b5e4992c09cb7d0b0d8fdd30389b3e56bac2fa28c3eb40c
oof,2892,stead_event_01934,183bef507e3a0a43822919270fa61bf09989aa3b11d0644ca0220ff97a9355c8
oof,2893,stead_event_01935,f2a5c6d4b8aca24517fccd82d369372ac591bd5acccf67226906cc8355f402b5
oof,2894,stead_event_01936,c1f1443b0f89e8705fb8f42bd908bb7368e3fd1eff557dc24275f4734de35b4e
oof,2895,stead_event_01937,381575c5f633d5b5ce9e9b62ae984acf77424614cc35bf97390c5a4669e6ae65
oof,2896,stead_event_01938,a279002598fb57803f111c2d5a910cf44c94e3139bd9166415281959002515e7
oof,2897,stead_event_01939,edbab6be528f355a473df0cffed754c49319949386783a86712b7ad912492be1
oof,2898,stead_event_01940,0de5b537129bb6cc9197feee8fa25175e9618e7d5dc92f402c3979eb63caef5e
oof,2899,stead_event_01941,f68f7bc20f0ce6e64d292e307b993995504f32c53593c4e8144874df0e31ca04
oof,2900,stead_event_01942,66e63d8b5dacfaaae364cf71a8833d041ffcd13f42697c2560727ad31ffb166c
oof,2901,stead_event_01943,93a7090824be075999d3f1883c312bf449d3600866ec8c635b8a0eb1b80b3de7
oof,2902,stead_event_01944,6a4f8d82a11134f1cdd99d9a6a0488e93429461482896db3f75236135a44455b
oof,2903,stead_event_01945,45e94e1b9376e7a96085b8f5bb088caaa681e4e56dd65e2bcd05bbf9f76c140e
oof,2904,stead_event_01947,25e8655bd5aa2b1fe451d8c992d4bc54d84bc18bae427745d8b9622419b6ecfe
oof,2905,stead_event_01948,4e9efb8f0b9f823f953b9802e65369ba149dea2bc993658de5abeecbe92d1a31
oof,2906,stead_event_01949,f87765591a760a0ad648782f8233556ac4db97c7fee0bb875ac5bf4850e74f3b
oof,2907,stead_event_01951,fcea53c906d43dd2e20c4fe787ea6320d356e59ec977d105d2320486c9fae6e1
oof,2908,stead_event_01952,efe1c3db17217422d78a4af3a2277d17efbde290605b5aa7296fc52718725038
oof,2909,stead_event_01953,f2a729304f9978ea972308091f4c6580d81de5f1eb960d2bff127528c169669e
oof,2910,stead_event_01956,230612e6f4aed0eecfe36cd86737ed57f25d5a7835dcd261d82c4bf95e32b58e
oof,2911,stead_event_01962,d8b42297abc0740a9a92ab27de3d0351ffbd2ba7658f397edd080c0baac770a4
oof,2912,stead_event_01964,1689d5dff26b68498c0a3c9afb80823b4af5932712d2bfe3d7a86df6c2f654b9
oof,2913,stead_event_01967,d81ae86b72baa35e0ab001ecb97051df592f811b8e315654d46f2a9001b2ca53
oof,2914,stead_event_01968,762a8a2849dee143dece7311490fc9ec3c54ff9a87b10fc5ec01536a043a0853
oof,2915,stead_event_01970,1dc09e11561993b143350f68b8c275a2e79d9eb21178244e5ab3c2b9065adb38
oof,2916,stead_event_01971,438ef0903e19a5731ec9200cab9036b6f3be8c94deb051931ab180cffe0ad146
oof,2917,stead_event_01973,11a0af8aef665d9e27eba216fdc7d32a88028dbf7b2790530ac393103f194633
oof,2918,stead_event_01975,6e5a3bee043226b476d8d916970fd6b7684532e55c07c441462554b12863e774
oof,2919,stead_event_01977,f3f55ea9bec1f8f1dab9e116ed0190362f36302f2e0ad11cb7d4792c709d6dca
oof,2920,stead_event_01978,e2325136037a83ed030ab8d80b386d49acfbb2bca04ebe02b6003395762aaa9b
oof,2921,stead_event_01980,60be77af54ff71dd1718b1498cb662ecc48e45158f087c16716c19d22569b2ac
oof,2922,stead_event_01982,0fa307b9528a13d890111273177025908176f2a89298b7348bf0ef1fc55178b8
oof,2923,stead_event_01983,71af2be7c0375aaf76b18463215e59a24a4da3a60ef435e57717930f8155e891
oof,2924,stead_event_01984,cebe8fe3cbbcb1891bd7da5818031020678ee46a315e1f3a03f2166a88901f6c
oof,2925,stead_event_01985,499195e2198810918ea1417162fc99958bf4908e3cc66fcc8f3dec8e23662f2c
oof,2926,stead_event_01987,67144ce16ff70cc0bafcdd7f4bfdce1cbc7e2a369583863e7e28f9ae9ab07141
oof,2927,stead_event_01988,6e0ca7aaca19e80dd661c9ab8666768bfde82cceb55bb3c31ca75ebbde5af2fd
oof,2928,stead_event_01989,a2f96e1f6ddea20f1082655d433d941aaca64048bb6fd2bbfc6233a83643cee4
oof,2929,stead_event_01991,250b97552197d3dff1ae8bd57be7ef561f0a3d09d8ea9747c53667ea9973e429
oof,2930,stead_event_01993,60d2f8b4593b54a07b7efaab391b4119316288c27896f2d93fcdafa10bc889e7
oof,2931,stead_event_01996,71db82f4e4523da59af7bd02321cbee626ebd3b382fbbfd732ffb0b6d5f0df78
oof,2932,stead_event_01998,5d75927f3d127b3fff5eab4a40211301757b7256dc3c747ae0468a46c6e01341
oof,2933,stead_event_01999,881451e2e1222c92a67b742b287efa758c1ec4059d0b9093a165f0aaa38d6af3
oof,2934,stead_event_02000,89e5fc0401090616e58d2db0374a6ebcabbe07b59b1cde4b8091fa9feb195786
oof,2935,stead_event_02001,2ae980ec0fc74a658e63e09a77bf00c9ebb32894d1870bdbe2ab2c5f1ce5bd9b
oof,2936,stead_event_02003,8b5bec18cb5e08583c186326244171c48d5c3cb225b670e5980be6f33f8ebdc6
oof,2937,stead_event_02005,b5184ba1688eac9955f1ec579de7c2b87f22f53213e7ae69fac11c3427981ae3
oof,2938,stead_event_02006,13acf486a11fd4ea38dce4b1caba0039a4bf58c3db91abff35ef452b739e8137
oof,2939,stead_event_02007,dc7c21589f3672dfd8ac7dfb50c87309a43f1098f0f0f799c8389a7243b27be7
oof,2940,stead_event_02008,1d75e3710e0f5078192443890db6663ca2a2018787c2a01c7d1e0d5182133d6b
oof,2941,stead_event_02009,b3bf4fc684e502ffa0262d50a5eb36eff8b5a962939fcd56c0f123c55ed78012
oof,2942,stead_event_02010,b2bf06c93c06dfab1da76885b93af36c1c7ebc513ebeee1637931ce8be5a1731
oof,2943,stead_event_02011,7f42260c24e09255033903f6b03b7c2a2499e67e45d5d7103cb7a567d3b4a18a
oof,2944,stead_event_02015,607f1850e7b483859c2454700394ccdaac5eee26a44c178f732fdf897cdde8c4
oof,2945,stead_event_02016,9dc77e4cbc1261d74d13644cc20ac397d9c6a96ef2b8ade7071306e82faa0420
oof,2946,stead_event_02017,bb9ea0a11298fa9b3fd4373ad28ad5a25161861a84e0476283b232d8da68d0be
oof,2947,stead_event_02019,edc101d8d2a1fd53a2a3712c9aff72cca5d061ef7764a73f8c3aa55e57c9849e
oof,2948,stead_event_02022,55613c36fce16e37dc5114efa46bd0ac60d90456bdcd047448b138ab2d0dc2a6
oof,2949,stead_event_02023,553bf89427ece7c48b8774dab1bbd1cfb22f891b223ac16c85f229814bb1d835
oof,2950,stead_event_02027,2b36decfad1eb06ba0127587a0acc21f555f2d343f35910937b2505655e73e75
oof,2951,stead_event_02028,1b946ff4a5154c29c44b4dcecec016eb37e9cf4b69c27c638d77dda8430e0cff
oof,2952,stead_event_02029,afd0ae18aae0bf464568ce1a60fe6223ab0586e6089650e8ab0bb645bec7b647
oof,2953,stead_event_02031,cf4a5588f237a41251584c61958979adf94edba4068c6aeaaaed3dbcef7a9d62
oof,2954,stead_event_02032,1d5921aed64eb75b441dfd2c02737f445d3d29c7e8e996b6a3e4e13209006f48
oof,2955,stead_event_02033,26a13556cc122ab3223d4821805f0c307d17fe48a30e8458a654a010eef65d99
oof,2956,stead_event_02034,f4030fa34f02677dc7fac259f8b69cbbe09423bf5f9e3c7074b9f01943b9c53d
oof,2957,stead_event_02035,c35c1dae4718f11f84a7ad5a953398b5702d87506c4502c7443dde543d5fc7d5
oof,2958,stead_event_02037,6387be5e0a46ee4699c2e825bf8ad2fadb2ed554af723ca435db48e12fc44f3d
oof,2959,stead_event_02039,926b74c20925c40ae1bbceb14ec7b8fdee54f4f096a28ab16aa6c66979fec7b0
oof,2960,stead_event_02040,6a46617c50098036e15b395bddfc3f87102588628cf7eea6ee8daafa8038347b
oof,2961,stead_event_02041,5e1a4d1fa166892cd551134bcfc5cfe0de0994dd2bc77f6d6b86395a999fd0fe
oof,2962,stead_event_02042,9574781366a9cd435ba11cf9af08fb05758be071d7cf52243ffb4dcde6a8f94a
oof,2963,stead_event_02044,85eade09c957f04b298e5a9f159293324152562cec24b5d88c8455288c0a943e
oof,2964,stead_event_02045,485e595898f6dc1b03a5c5aade60559414fb00f4d8e3c0f0fb957682e61d5ea9
oof,2965,stead_event_02047,23ce110a45955eaed882ccb0e837000eb12aee375b16bf7b4bf50e710b1ee46b
oof,2966,stead_event_02048,225bf8d0731fec5da6f5c8d8f8d90102270a0c9010708eec4431474b35ed5766
oof,2967,stead_event_02050,de8627e3b0945bb68b5b54899599792fef21b66a203f97812b6be48814ae1c75
oof,2968,stead_event_02051,10a5b9a41a368daa8cc30b4fb6746d8edd0146623ae9bbe9a0df8c1757444e21
oof,2969,stead_event_02052,6ad51f30f7f922099ea2e4d3223a010f854d126f72432f30ea40ad0b2a158b2f
oof,2970,stead_event_02053,4f8669815ae9d9f27bb29a6999ca3d5958ba9f394f10046ebab620b4e0cf7603
oof,2971,stead_event_02055,766fbada1df329d7563068eb363efd3d543918ef6ddddff94369fd5e9b81696c
oof,2972,stead_event_02058,931c3587324c9f26356090c8ca9500a0ab36831129b410b68deb0c4024aac4a9
oof,2973,stead_event_02060,e02c040b49c6c4917d0fb7b627b449861723c5a219d0ed64359356be34f0cdad
oof,2974,stead_event_02063,c5c96575a41652e57e539f9cf4ef4d6286eb22babaefcd9f82d868f6d7d50fad
oof,2975,stead_event_02064,ed445077541a6bfb6763f08ea2f557418c8f807a983f66ec4ed3f8747e86f875
oof,2976,stead_event_02065,a40f915c80c39844dbf27060614e59f84a23779b43d403c7308df8ec9626ab0f
oof,2977,stead_event_02067,37068afc4f7ab9faeea9c0c6f8ed9cf9aae3872d4b6656b8e98fe12add461a83
oof,2978,stead_event_02069,0ca08a7ca0f69a5fea0344d28471765c98c0bae13688415dfe55122af18e41f6
oof,2979,stead_event_02070,d8dbe5682b8aae0318563c7eb072fe70efcf4f432d1a66f9959e582fd4522a3d
oof,2980,stead_event_02071,484b7418379a3e27cc6b1e00aae1281770651a16a888bf66c8dd28437a41be41
oof,2981,stead_event_02073,f5da039d140281dbdbd467d266fb9f472f1301ba41173a47617659b7793a7e2a
oof,2982,stead_event_02075,4ee4b422d32818aec182a25f3294d91f13c59bab7d2cfa63e8afc1eb5ee7b835
oof,2983,stead_event_02076,18371867466428f93a8f4e44c5586371880626ee11fcc75dd333350538c8ba76
oof,2984,stead_event_02078,af7e9566ef17fda82a595c893b4b221434ab06dc79abbe89e22d4dc720588de5
oof,2985,stead_event_02079,fcb756116b8adcd39e2f4ab48b786b2063a918ba2498a4fbf884c0aa5fd2c5f4
oof,2986,stead_event_02080,8bd21cf3630252dc2cfffcfaa92ad809d5da9710ad232eb8e0f70bb58fe18f7a
oof,2987,stead_event_02081,7e434ba700d1d1952053b24c570645a44d1e1219f45d371adb294a6ed66ca5a7
oof,2988,stead_event_02082,add1942c83ad97f88f54cc89da06fa86a0a42b482de254b398167d9d314087d4
oof,2989,stead_event_02083,cb36877db77c48c6acc4949a243a470c8c9deb8ee6618c4c202134fa0bf00180
oof,2990,stead_event_02084,77d482fd723031fee924759d25a8ec26dab96a4e20009a56afb228ca32905f8b
oof,2991,stead_event_02085,2bbe7ad4c65529900b4a3ad3f3078a2372661397146b40868f648adae530db48
oof,2992,stead_event_02086,ab425f133d76ab8bd2f8b8c2ea548348432635825f1815a57dc58351ef86c66e
oof,2993,stead_event_02087,7f58784de874bd95653a62b7ca4bf0e194b3f5123c003c18b58cc6c588eaacd4
oof,2994,stead_event_02088,50a3d465259a1dfebd95532e3af93ff1d6c9e6ad186a81e2867fe4491b9fe183
oof,2995,stead_event_02089,1f7f7e0824473623debe3a1d3cbbb5139d26cc4d4a72147c6dc7a2a47419527a
oof,2996,stead_event_02090,d2909c3e24091d37906b5d183b93f476dd457b60f6c17d7fabb2a1be8170a253
oof,2997,stead_event_02091,c1fe3d2ae1cdb758ece9059866abe7d5fdf3840db5de89b7df342c57d2677dfe
oof,2998,stead_event_02092,3b95f5e538ed486127086eac3df2eea2d619adc6ae11e1bc0b5a3b2632f7380d
oof,2999,stead_event_02093,36cf3a7fd54636bad4d66bdfb5addee182465dead271405adde5d1259d2d615f
oof,3000,stead_event_02094,a54d946f29b12fcdc79b7904b066d05e256bc8697c2e8db535dfad0f90ca3d7c
oof,3001,stead_event_02095,8b86003653242f2dc7d11b0e24229846bef6923b61d249cf2fdc59aa2c1f0be0
oof,3002,stead_event_02097,ee38e5c014678e80548ae94c785f99d474826e29cd6f147672818de8d280a0da
oof,3003,stead_event_02098,34dd8af22c8f2878d6688cbbcc09984e44d325d7d472eb0d8f4971efa70932ae
oof,3004,stead_event_02099,b4655ffdb14d5179d44728799ee2c5006cbe4deeabd758666af34301217b6575
oof,3005,stead_event_02100,f5ae3ee16d6f49e927b38449be21064b710adc04e20aa37df5099752f62d0bc2
oof,3006,stead_event_02102,17bf5240bc6c913a6bc905bcb8914b7b541a4761bdf1076c440ca54506221e2e
oof,3007,stead_event_02107,cd8f0b8b86e40be9b5d308fc00ef763027af3c19aae3bd287cf07232d87f0c26
oof,3008,stead_event_02108,7fab4fbddc992558a18f6abc6b9ee48336579efb9176facef731be82d916fce0
oof,3009,stead_event_02110,dc52e6e3af4f7538bb1321bd3197be79f86eb0643c70058e728a9e4baa12fe86
oof,3010,stead_event_02111,3740b7b0026e756a7fcfaa1f0fde14ec73fd2b7ce24599ace9fef81f3c85766b
oof,3011,stead_event_02113,23a60b3ed4cc33c08f9e851e12b62441c9fd534a5862b8621cc6cb4a8faafade
oof,3012,stead_event_02114,122220bb090568d18e57f196a31cc9d70b6a55dd425f9f3183db4135b3dc53c3
oof,3013,stead_event_02115,4ade1e4e01b1d111cfb290fbfe509d2763347e21b40bbeebd4e131353e6bd6f6
oof,3014,stead_event_02117,788510d0d77b4eb6fd095d58f427d7ad0016facf12c0823790a79d9c44978861
oof,3015,stead_event_02118,bb05cfac8ea27587a0e0ee3dcb0aa386be013e3a9e20ffeb544e1efa2ccf9811
oof,3016,stead_event_02120,d0d1605396d95580bc8e57e47e9ebdc667fb9064af5a0bad1d0d7f99b84f29cf
oof,3017,stead_event_02121,9a38e5c4df28298dc03cfee163be7f26161b1d9b752e40a3c976f83a016b6741
oof,3018,stead_event_02122,13820c72cd5d9a2422722f7acb58fe2cd62fbaa65d1f2bd69ca39d67f0b21c4d
oof,3019,stead_event_02123,a12fbc005405640ba8686a9f6a074083e01a13330e2b62a3e01376b1fe7cebb6
oof,3020,stead_event_02125,54958c105d2c04bf6da4691b809158b1c568a8b8dd5164d0ac2a2416696aab80
oof,3021,stead_event_02127,efeaa2024c2245af0ea8999c723c8f0edac16dd61832e5804343ac72040f2755
oof,3022,stead_event_02129,ade369527f11b041fdaca9c96b28f681eeed1e93518db9a437d7bf0ed4888b8a
oof,3023,stead_event_02130,6169b0bb19da945041851b5a465c502263ba654de494bdcb578804b6a2206146
oof,3024,stead_event_02131,6d1fab7dc9d68f1392a4c99adc5b9aa9c6dbe7f89631687713bd9581d50b5ae9
oof,3025,stead_event_02132,5a67aaad4e662188274ef94d4fb69b9a8a73aa714ddd8977dfb916eee686fe82
oof,3026,stead_event_02133,c822ecddbb394c2551462e09d392690278d7d3afc187708055bfd59f71a11127
oof,3027,stead_event_02134,24cc3ac0607907e456c85ae80d3eb91c9e7fa14e2760eb82fc305281369874f2
oof,3028,stead_event_02135,f32d309d82f3eca4a3ea1eace6ab9b9d5aaa27d9aeab9ebe787c66ba0890cfb0
oof,3029,stead_event_02137,5b279dd5c79bd65718a9640bd749bb3b470d2a75ec17e63fd97395f1e1025e79
oof,3030,stead_event_02139,7a3d23bb4c8812fd2d47069aa613acb0c7ef543a99ef93da0150b67c9d9a1440
oof,3031,stead_event_02140,293c4c9a7a9734efa7e0c1169e3083effe76d6a22380e11306094f07622d12af
oof,3032,stead_event_02141,da581dcf720e847cd8763f4e4d4f8e0d74a4e9946c2f39dbbcccfd19db1c0f03
oof,3033,stead_event_02142,a7bbe1c892fc019d8b2564ef65dcdfd04294047b27ab4b5d2cd01b29595e6a36
oof,3034,stead_event_02143,dca20772a8a599cba943c3d519a31169ace4b156118148d16b54059746fbfb78
oof,3035,stead_event_02144,17a0cec6a7023fe3bc289705f700c260c46ed64f84dacbae6331cf8d5b95807e
oof,3036,stead_event_02145,a48f06c8f782b3fe7cbfcbbc599d5b7128468a8c2f4e25be549458b83d1d0256
oof,3037,stead_event_02146,6a5d2acd4b5a1164054db7e95481fcec61d97c875e1399b2ffa915663365cfeb
oof,3038,stead_event_02148,d35b2fb93c3ac4f173640c2e4379c3d26def5f6d16aa1e86ef263cfcc25cdca0
oof,3039,stead_event_02150,7424a6fd9166833f1e0689de1542de0d7ac59bd87e11276c46a21cae26c16c5c
oof,3040,stead_event_02151,0451aeb24dc78cd8b0ae472893a62aa7df0df274a03009ce3587b492912396be
oof,3041,stead_event_02152,ff130dd4095bdda78dec08f5e29b60781ee1754510cd987668a5c5550ec482c6
oof,3042,stead_event_02153,4a713e8826b505e84599f63c959d3d88d8b97ca4d5c12763476d5d35fec710ad
oof,3043,stead_event_02154,ef6490f4a8f7a038edc04758befe29678b46b12662bfd75334db26b20c8739f3
oof,3044,stead_event_02155,bfe2856064aedb8f5620916048bdfe197e9ade5c1db1a64c966207607ac005cc
oof,3045,stead_event_02156,353dc0b93a78d664919ac8ec7abca56b904ddc43353dacc15684b70928b427cc
oof,3046,stead_event_02158,06263bf4a93bcbe7fd68df4a89bd1e856f7ca2e991aa07e5e42dc534c58ca45f
oof,3047,stead_event_02159,b1db6ef075e1c597df1b33c214c16862cfd5e885e705fdbc85d9b568ecf1023a
oof,3048,stead_event_02163,26fc1b2340561b29741f94c702bf4c39de1ef8ee815274dd06baf04e5be3100c
oof,3049,stead_event_02166,a2a1af1e038d4c621c1770cf2e664f8bf4f59ecd2f99dbabd2dea9d0428b3e85
oof,3050,stead_event_02167,5f3427af0bc9d650eba21d9768b0680f7890ecd7e511c0f886efa5bd80aba346
oof,3051,stead_event_02168,811a6b24b86ba006cd328a2562edd009a300e77acfabefc2346c120f24eeecb2
oof,3052,stead_event_02172,f11315df9f4c7865a63f0a4ea41527853e85010dea98731fc96165fbfd057189
oof,3053,stead_event_02174,3a1838aab01bb86f165887756dc7eeec265ff9071afdf52fd3c74e21d8b5fc39
oof,3054,stead_event_02175,3778adeca38faeee4c541fc4fae1adb81c5d809c26cbc92a80837864eb164fbc
oof,3055,stead_event_02176,9e4e5c724982045a820c0309beb9592981e843e16d6fd53761bc645c139dbc2e
oof,3056,stead_event_02178,ad43b9526e49608b73d6ecf2d55192d06fcedc805f6a349147b302b5abb0a1b5
oof,3057,stead_event_02179,9ff1351cbff51255bb252614fae2a6f3ca06d769a6596be6282433979d161c13
oof,3058,stead_event_02180,e54f087ae2ccd7763d816f78c156ef86fa7d12bd454a559cb335085d3370472a
oof,3059,stead_event_02182,432a2fe6c3bf504cdef8e74a16edc1cc0e4e9a61baa31b017958b734ee15fd45
oof,3060,stead_event_02183,431c31c18691c1346747ac090869a55db215dd2e0a9f90c4db2921b20e886228
oof,3061,stead_event_02189,f80e8a5c61941ee07fa9ce6c098f10d29bf4bba994a02efaa5a9cf5cfdae69fb
oof,3062,stead_event_02190,a4c56687caad4f85d2e5e12e17e7ab8d4080ef310211dc082887fb936ebff3bf
oof,3063,stead_event_02192,463924b299dc2390e3180abfea25e8fc8ec788a52b8c8a5e5860c4afdba9850c
oof,3064,stead_event_02193,6cce93bfaf07698300ce0b476bd126bbe66ffeadc3854ed3798a30a4279d2666
oof,3065,stead_event_02194,2dd9e44748791e639db8d461dd21b2a8df48976633c6396ef0ffdf22f5cd736e
oof,3066,stead_event_02195,2e1657ffc2da3292754d92978b78b9310736e7f3aabea0abe0609daafedbfedf
oof,3067,stead_event_02196,e06a21450ade577944f6585dc391603ee22b6c09a383bc98ccd7a000f8b24b7c
oof,3068,stead_event_02201,f290fe626ade71151af72527a936d6201746c1c42a84b11a9476d3129809ffdf
oof,3069,stead_event_02202,5efb72df72c2063cd8f61fc8d30efe6a23e3ded1ea48d437b82800d250ba85cf
oof,3070,stead_event_02203,a5c57f119cc3e2223531389b17cfb880514bd0f76e49fb7d3503e6e23ebd09c7
oof,3071,stead_event_02206,742ea9111140fb995bcf551617872ab6ecf5d075b4bd52a518145d701f9f192a
oof,3072,stead_event_02209,ff081492a632fb075975acf67102172909e572c42e26f508c752b7ae372b07dc
oof,3073,stead_event_02210,3b60269714132f3736a7fab74765d4ffadb85253d90ed64c51b04a3629e64275
oof,3074,stead_event_02211,8d9789c2874296dfc912e7f8a12796b9180a0f53450b83822029ec1a9f181b4b
oof,3075,stead_event_02212,a8653199b9db19b4418504b660461084b2f9529266edf2d6a39181a1d53554a2
oof,3076,stead_event_02217,f83aeeb94ac7a7c6c52f8fd6610c29d20175d996513b0c9405c2d81a0481ddba
oof,3077,stead_event_02218,2c50d4d4af08e81417af57d12274622dd209df3802fd02af303ad14038a439c8
oof,3078,stead_event_02222,eb92a0b663a174b154b1b111eeea919bd52ef9a191719eafe9b85a2793df5dd5
oof,3079,stead_event_02223,036963819bdbe4197863ed5654bebf949cd278b295748ebd56127720b57a7d49
oof,3080,stead_event_02224,ad13b573fa51827779a736f0ae4bcfbc15ded09694a0cb1bc5765ecd070e2218
oof,3081,stead_event_02225,20ba05d15196c21580858f22099a3d4a005874c6fe4f6418acc1065b1c1987af
oof,3082,stead_event_02226,e82ba894216b90bc5884ce863524d64d315a199d7ec982f651102c9f935a99af
oof,3083,stead_event_02227,818ccda928323418bc4ff991faf32333a7f90e9ba910dedd50859d43ca45025c
oof,3084,stead_event_02229,a0a0c88e7351e3d92054dd272224e1a1462dec7e34b6e5b2ebaebbdfa7ea8521
oof,3085,stead_event_02230,ae435c0bdd2317f3b6b6c83f8e1763e1b8f1039bc96bd0a93909049a8ed5662a
oof,3086,stead_event_02231,16319260f46e74c6753a8e23a0df78fb4e75c26fe8fb831b1534bd23e0af650a
oof,3087,stead_event_02232,bd9d5a8421228f08f4a6bb14f94712a82414ff5358fedc7bfef9a0f4d9787524
oof,3088,stead_event_02233,ee8ded2fef6406399d4bc2800c7924fd785975bf9553631793edd136229628ba
test,1,stead_event_00007,cf979fb149def5299cfc2a29075c0980d3a79930ab5dcdf036dd7c16340472e6
test,2,stead_event_00008,702fe93003ff7820a05b15950297b39c1798f2c443b6eb562f5da83a1266d93c
test,3,stead_event_00009,809e0b16b274741453939736af3a055efb3e7ec88ce3fc049cdca36f87d5abc1
test,4,stead_event_00012,3b6b5da48e1c1afe6607c5d0ab81f38cc83b5fad21d29eda63f200360dcb21f5
test,5,stead_event_00016,068fbab00c505d25bc998f9d1aacc79520743abfa7d7f9b7e7c03cdccfd70a21
test,6,stead_event_00017,632151b0621f71f85e44edcabf0329652e6a32417a94e4ce213f42a12781d7fd
test,7,stead_event_00018,6b0a4d98b7954e0e910e6c31dd728f9914fa792ca8da43e8e4458f96928753c2
test,8,stead_event_00051,4f659f9443be70facdd901914c40034416ffc29b3df4ddcb742d10bf1a2ba7d6
test,9,stead_event_00085,a467a9a34d6c9430da536262236ca58deec797e22b6c65e8e51e27ca45ebc3b6
test,10,stead_event_00103,32f52de378189331fe4f59f76bd952a7a3f8c75120f9450666ccc211fb74b75d
test,11,stead_event_00108,e7859ecc264a83c2d373439febb18e4d6825f767c23d57889bf7533eb3bf952e
test,12,stead_event_00125,54ddf3acc4f19dba1a8f76e45d0f1930556dbc13c793c7e9535e27b66e36cfed
test,13,stead_event_00132,94dc2437976048e1a5130ea8d0cd8436bac73cc949046db243cdf75a5f655066
test,14,stead_event_00140,eb8cc3e7d452d029f9eaf19615d802a1b22b3c02eda38f24ae843982c3017ebe
test,15,stead_event_00141,5debed4885e1baf0f08a254f6e9bdb4eff10f04bf0d27274265b812aa5e9c2ed
test,16,stead_event_00161,4f351ce404926a0b9753ff2065465f8705f850a4485e1cafa2552e9f77f7d914
test,17,stead_event_00162,5f13c022f7ab3ec743025ae994952b9e47f550321380bed4b3a6fd81fc438461
test,18,stead_event_00177,3cc485d228b0cec6dafd09f57a9ae11bdee0ddae9bd13f524fce4de3d48e0442
test,19,stead_event_00178,ac5cc17732b966a72b81c93db33a94d351ef797653df618ba91c4566db9314ef
test,20,stead_event_00184,2750851d6ac7471919f27767cbfb8c2369c368bfa4ad382e1bfe566a24cc25f9
test,21,stead_event_00193,fb29fd4ef12be33ca374812c1ef17d29030bd3a2b5fd83e210d8b9d3d87bc677
test,22,stead_event_00194,dc0329e4dcadcf363a120f87656398a2c36f7891a31f7bb56aa4a124f10fba5e
test,23,stead_event_00208,6220cec069c8e49af294f704423d2fde68a16a7f00caed90785b8295e6c4f5ea
test,24,stead_event_00218,35ddeb107ee902c741d1965ef658d8f1d94eb1172b6bd38ac8899fd6a6220370
test,25,stead_event_00225,9480bbafde43bb39c61e8349b62c841f07949cb503673512a15557f809979ee4
test,26,stead_event_00226,74f6c483704c33b3a2c008e06d4128959e15713505dfda3fcd9aa7962e80f42a
test,27,stead_event_00227,82791dcfd688db8aeac695de1e3df2f05a66b9ea7d01fc39ec4d86735e04c74d
test,28,stead_event_00228,6938ae3e4ab059a5e4762f17ec330a0198ad165c18ed6626a626345a521203f4
test,29,stead_event_00239,19c9887dc6303071249553cb0ee7e5f36c3a0c24890fe15b795a75288394d2fe
test,30,stead_event_00243,c239d28ead5afdccfc00ba883175eb5c89c2ea6da00952b09f228909bdac3e4a
test,31,stead_event_00249,b1adddcf76de01af5a4c55f2477ae0e6241a84a078457d2038e6c5488110501c
test,32,stead_event_00253,ab8b968ac1edabde0e3181a1b4c4cc28a0e45ec218932bfe355f2c73ae7ec371
test,33,stead_event_00263,7caed9d0557b591a2388ef22b49256660652f081e88e6db857b45cecf4fc34eb
test,34,stead_event_00265,3929dd94845cc6d08c81ba785f4c4f2dadffc50c187b045f98586bf79b3b547a
test,35,stead_event_00270,ea6235f51b2ae6deefbcb4f4d23db2e2c8be273b5c089dba3dfa144d15273823
test,36,stead_event_00289,dd67469124edb2e006440a2629d65e1291d3637f059c628ba3fc32fd034c094c
test,37,stead_event_00294,edbede8aa4b560b42117d320ea9f20b0eadf7ecc6aefad3588e186aac0a1d0fd
test,38,stead_event_00297,512e8a1be6d42da8e17a77c4971544d1b0b6663023fcf3e56c27176587a71ef8
test,39,stead_event_00301,77da2a098ed58af5de8577bccdc7ab09ed560d1df55633b3336c472e88b643e9
test,40,stead_event_00309,8ea4268bc075d1cc9b64b6d3a70307f5b5b196765d02ab2e7744fda8759213d4
test,41,stead_event_00315,b2be38fa8d1ee569117ba556dfe8f6d6dde4184de08c3a62f4c00bbbd44e05f1
test,42,stead_event_00320,f7018b7efdd41206aa87dbcb836c49453ac74cbf4f4674033d75f8cc9795a828
test,43,stead_event_00327,cf88e8cacf5e5ed93d000e4626f39a6e0025b5ce0fb49efcc7f1058512881ce2
test,44,stead_event_00344,1a17fd5d1ca7b7e6c5fcd69951f81f4687e0e21ba5a9c37e12831e01221f3aab
test,45,stead_event_00347,2bd7f62809e02010319c09095fd99b24c3d3541dcc21e59c825c364e84934da0
test,46,stead_event_00355,449ac3ce86d617553f3fdc063a5bfaa39db994c57fbd57a9da211845345c0ea3
test,47,stead_event_00360,eeb50297d078019974d4b4067e7c12eb81a4b734d53ee33ddb07e77d9b592e3b
test,48,stead_event_00361,469b70f47402d41dca7c54b3712866c1f246d2609c7e003d1a5847b9aa518b1c
test,49,stead_event_00372,7590f2be83ef0560d94b974b4551f876fed9976fe595955a626e2e99538cc3c3
test,50,stead_event_00397,5c036dfcaa61d7482296c5516bf84a4c44268055fb3982f7a725529671c1e687
test,51,stead_event_00398,e61c9eaca5f94bc940bb93a6dc728e1af1b68e5ce80d0160953b8b9056f19819
test,52,stead_event_00402,931f5262913294d32459da7fa4b1b772599d6447160cabb63a2b82e9586f4d8b
test,53,stead_event_00403,9f7ae174b950f851e93eb50ad51dc8e40a98e6fb0d52aded32aa5619386df70c
test,54,stead_event_00404,21477fc2310b36d247dae5d35dc4fcf0beb001d179c03a41e3f64ff5c4196e0c
test,55,stead_event_00405,20546ed4eee5c935084820bbc369a18edf89625cf718c241768a90ea96b95663
test,56,stead_event_00415,05c0da2eb318cb5ce987f0b1803b181ea5594137c07d93de9866a7694a05d54f
test,57,stead_event_00417,8867fdd39b1d9b387126a8e442ed4a705c037c519f8c952e08024af0fa415a1e
test,58,stead_event_00422,6d7d410281d96ac2f32d86d17eefa953753d8f8033b683c1373ef9f1d5bd06a3
test,59,stead_event_00430,de02d47072fa45cadbc6036038a1091ae3b3009d1be19ef895636c6e6a9af1ec
test,60,stead_event_00441,6515132e91b53a6acf991cafd4eb7055d0b04a7b32ec6c86be8159163c5cf85f
test,61,stead_event_00442,ae420642cb1e66651dfa1dba5fe0c0d826a17d0519f5ee9218496201c0f8f815
test,62,stead_event_00448,fbb4e7cca4b5e8f0d99007bf8c123ce5555bbb2ad93e0d070aef54ba01ea52bd
test,63,stead_event_00465,149b85400f2dc3863bf1f896d9e7681b59813576150613dfdeb32fa471d7bcce
test,64,stead_event_00466,57dfb5fce043eaa82b9cbc21454b5ef4bfe93e2c52a6f63165516268fe5a57f1
test,65,stead_event_00494,d82f73444e524f19f5f44664499a601d9200ed639c3db72b471f654dbb2b7f9a
test,66,stead_event_00512,ebd2f34461a41983bb5930f847962d90e56452d6b3df0ed029e6cb346d40a6f2
test,67,stead_event_00514,7ee6a701d816f61c9f9f0cb11c042028f00a5db1a8f11337c5d959e6cc2844e4
test,68,stead_event_00515,6bccf8a78a6a13a2f5322acc9105e604c00ae64b95846b7d55e1695fe61c7aa7
test,69,stead_event_00518,28f04ce70f786417dcc39f248aef0c863f2f541b28ca378027303f38220031d0
test,70,stead_event_00521,cab8c46517818d5c5337b8220aa43acb2b7f7a68bb7db1b9e0e11bae26deb6a2
test,71,stead_event_00551,6b9a304020c41d83e17b9bf0efdfcbf83c95164bd708155723b844a7b0a826ea
test,72,stead_event_00563,5bd0b5693bef682cdc75f8086ec65649d402001e08a7acf4f0f37a8ac6dc9c91
test,73,stead_event_00564,ee406263a7dd8244d87f65122f90835ae92d89c7c315c524940ddae6cb58c4c5
test,74,stead_event_00567,ff7ea1fd1b77ba40810d21fc6eda6f84bd20019a7d71f87234a8bf37a0f0b47d
test,75,stead_event_00580,961e8a31c8aafa0c7112723821b4bb77cc0da6dc5fc8ae84922358244469e657
test,76,stead_event_00585,a343c0fe6ede819360ec3e45b3de8207ea9643276b391809b78f78b242c942ba
test,77,stead_event_00609,ad88e8bec058ea0cc368d8d59436043fd53dc6667273dc1ea002af3b1aa3369c
test,78,stead_event_00610,d9c55981ffe7799aba47c267c9631cf125daa04a37c24a013a1173afdac0acb6
test,79,stead_event_00611,6fdf32de880387433cb23f5ea4c072cd3318ce108fb9ab514a80d3d0137198ca
test,80,stead_event_00618,c6bc5b0d482b0a4f55d91d4584c40d6f4e2902e78de9d06154468fa0fa49834d
test,81,stead_event_00619,557d661c15d615dadec424851c9e02429eac4e76dde42f626831968bbd1d476f
test,82,stead_event_00620,e04870700bb2b1f9a33d827b8ec0503e31dfc74758d8725f16e2c718505f1967
test,83,stead_event_00621,397c140c7a84e20ac41d731071e164884b56c9935ad84e04a70e72a4b9d16803
test,84,stead_event_00622,49713f671f96b3163ab43568adaaac520fbc1ebba0a60e292c56bfa5268465e2
test,85,stead_event_00623,aaa463477dff9d35d5b40fa621b21d8481b9f636dc7f2197f105d904ae2ea58f
test,86,stead_event_00634,b69ed693037dcf1507f9995e94c187e966aaf0f8df5ecca8dc1c9215f83718c9
test,87,stead_event_00644,7380205411220d54b4be604cef431a6c067b49a16ba546d5264695b8b0d5e3c3
test,88,stead_event_00650,bcbf73fbb93a0221214cf3df843d5cb5b0f02a53cc1327f4675fab095fa7f7a7
test,89,stead_event_00661,da5b9bc5c6f39b4563bf09f9fcb4dd5e51fc20fecd8ffd028496f9d14d02fb15
test,90,stead_event_00662,5ed2b92e5c0f338ce8464d0266a64d50c286343b37e3083a8fc2fc480e791e55
test,91,stead_event_00663,e52d312fde35effbff6a8a2123a96ec3f3bc24e06001094a021657e50c21a693
test,92,stead_event_00678,51dc86163eeef7b9d354c718bcfb60fce1cac278d817092490924be658ce41de
test,93,stead_event_00679,e55c6222ec31dfcfe4257acee898f3851dda083557ee4c9ee59a6d1f7a9cac2e
test,94,stead_event_00688,c1363021844bd09261b016c1a2087c6379bcb645521c874ad8e9ad2496c5f9b6
test,95,stead_event_00699,d5c4c65b82f876f169ee4888c7c604f0595943ba67331846f1340d0bbdad3643
test,96,stead_event_00718,c21eb49e74d653fb074b8d28198335a532f6c02f6e8f58816e2acf1717f732f4
test,97,stead_event_00719,e6e73a325c325e9fed27a3b379aae2ac8b0ed842fe546edde16862d95411af67
test,98,stead_event_00740,61bf136cf0e535983ba139d6537449fbe4c3d616082acc8e70ab073709ecb612
test,99,stead_event_00741,0c1f33270131d6d8bc8956e8b6848e6c9dfea11c4e6bf8b1bc919dc7b90edd8b
test,100,stead_event_00777,6a02ea20665e9de678ef479abb8ddb25b371403cc568a110433bde16aca4be0e
test,101,stead_event_00786,5bdbdf84e812f61bdcce722cb3db6b2b289128b87fec16397d0dd3f7ed657937
test,102,stead_event_00792,d2acfbea1a1e131ff1a39e84c15a0373aed7dcd9e7e8ac3b024047d3236d462f
test,103,stead_event_00798,63588141779d7a514276005182d923014c454e16e48235c03006351e0d68172d
test,104,stead_event_00810,ea453de18319a71fa4c48b98ddf4d8d3e5b811a653582b67ba09da3eeaaecbcb
test,105,stead_event_00811,d039c700ddec54628aa492c1080e73259c4aa75c9cef8bee6ca32bc960dd41b5
test,106,stead_event_00812,a9ead828ea591cc04cd6af76b214ee71c3e4de0a3be80d7375e68df8bffdc182
test,107,stead_event_00813,0f5708b5c04b2ce52f29eee167bd5367c0f6bb02efc86eddc4958895534a9387
test,108,stead_event_00819,da5b4d0e4f8309c83708229d7287535b69be265c777d97b66e6280b98b95a133
test,109,stead_event_00823,8d9f19227c5c2ac9f986b7b081acfd50a142cc446d1844a813c3bcd397f7615e
test,110,stead_event_00827,364398aa7818067e31ab2146bf035fae42c5d91a5bb441a02b120ee7ca9c420e
test,111,stead_event_00830,55f881040265c4fc3d02e2f38fa01233b0999029a49d260993be91d01f24f619
test,112,stead_event_00833,4ecec51fb713bc008935cfc7ee41c49857a28fe30e1e42f593d56529a2c4a4bd
test,113,stead_event_00845,2a62b2a35a2051d587dc0fc34309c176c538bc2b42c5c77a2a8afd1aa20691bd
test,114,stead_event_00868,3a074bd0cde41790ffea1b272694dbc5b73c4c6607d647f9c793537729932301
test,115,stead_event_00881,575c8a2ce14588fbcfdfc0b8cd5c2dff644f0f773c415f2245c9cb5ddf87598f
test,116,stead_event_00900,738394cd9500775c2f556203a5fe6752506d888bf4e03c1d62da14849c2124ec
test,117,stead_event_00901,91705b69638dc535bee602695399269a01e7af88b9f4105929fb422c2d307b70
test,118,stead_event_00902,b5e242910b0b5ca777c7a4e98709d84ff9618543c783441d53111a5d70def7fc
test,119,stead_event_00903,14150a3eec33a0191a30795c783c24dd37ac442b35df31f53cd81e94f2d5b069
test,120,stead_event_00911,093eb1bc75a2b241c17c851c34f29bba1d242b8d81e2fdadb6bbe9ddaf72bbd2
test,121,stead_event_00919,aaa7dba6034ef490543de4b1ba627cd99fa0ada803e76e60729dd6f512cf07f3
test,122,stead_event_00929,641c3dc49971f5200b4b515437996476d7169c2f2c65a8d5679819b282e1207d
test,123,stead_event_00933,14de13b028c82e125acfffe4520a72b48f784462ed6f043303cdcba4076e4cd9
test,124,stead_event_00938,da5c8fd17c96ee670bd949af2a963981d33254e3adef80b5cb6916a9baef3157
test,125,stead_event_00945,c6ae545cdfc12f213b3587a493eefe4dd677db1b3651a92a8bd82a56ec250a15
test,126,stead_event_00948,e3d6f2df011e9c2b8fbbdbb18385322bb8298e50b8ae3e2117e9db0d9b7ff754
test,127,stead_event_00953,baecae4199f9c76621f9cd7af40dae43eaaec4b802d0631e46466ab02183685e
test,128,stead_event_00959,ea5dad420eaf3f8684118ca5e9f66e67240e3630f523375403d6f3199fe48a8e
test,129,stead_event_00985,ae0cd28e1b12e8baae3dd213283cd1daceba87ce096fd352b168ba72d53e560e
test,130,stead_event_00986,711adc160c4342154330028575046351b47df8edd431af946614bb1e3444dcf0
test,131,stead_event_01000,efd24b325827ce0c1eaa3112af46f07084b80ca09595bfdfbfe79c0de7199663
test,132,stead_event_01002,e24e840df7149c4bb3314f542cd325037fd07d26d4d15f2e85448c8de5e49051
test,133,stead_event_01010,3e98a10574a49b0d6d611a9dfe29b8f13db74467a2f55d49fe9ac3fc48051295
test,134,stead_event_01011,00ce9d1432074dcca5663c11f51e12b9b2e7dfb7f11c636d9ba06374940a8be6
test,135,stead_event_01016,9d381a92ddeefbb980acfb9b25ca64bf28d7c09e742e51c5df5e0c0958d727ec
test,136,stead_event_01022,ed593db9b9ae948a53246137d24f579d16d18eb8368b5d47aafd3b1fa551fc38
test,137,stead_event_01040,948a2ea40951586917e616d15fd0a630bea92d0ad29fd5868a0ead36321d8141
test,138,stead_event_01042,3ac00e69fd10d491a2ddcd4a63390defc302ef5311d729a4c730cf18cb841689
test,139,stead_event_01052,94e39d11d635b85755692084c7ce2a3fef29c2fca15e5d25c08ddbe6bd6ac337
test,140,stead_event_01055,d510ea539e6ce8201fb2c25e2be4d1efbb686ee10aef579affa0233d31afff62
test,141,stead_event_01059,7b3bc5f82216d6fbce12499d1fd2024aa86566808f305aec863f66488cf0f552
test,142,stead_event_01061,1855ba793a4fbd5113bb81a5de62a1bdcc8551047d9a0ed29b7611d36af962ed
test,143,stead_event_01081,ed4c88ef42ff0b73d792569c7c1724d529f5efe77b01aaceef38c4e1de0828bd
test,144,stead_event_01091,82cd6ac39b5a85e9911e9c5b18d7471262a386d0f88fdee9bf3d37094b0a1e1b
test,145,stead_event_01096,581b0d21643211b07852cbf4a0fc8ad6a2aeca064678e7cd27e959071adef90b
test,146,stead_event_01097,5144e442a69593c71af46af9446b6b881dbfcca216db25e9e12a5b9249b52f6d
test,147,stead_event_01098,53d2eaaea806baf9ec03346c453e91bad5efc7bb38c02334fb005130b97f814b
test,148,stead_event_01111,0d797f5b571e3b2f478cc3c4a536ed9fc501f1dc1d78a13420de6d28a9cc2e82
test,149,stead_event_01116,93082d953aaa930cacc4881f44b297798a3dbf2bbdbe2ebbc113e84d1aa19f52
test,150,stead_event_01137,a2db5b9058d6e694692399dc6bc9314a0dab5253b4a4de04a30e5dd6d3e06672
test,151,stead_event_01150,6491fc3fbdff4265bd804254990c13b92851f022bfd18b81bbcd549945bd7a89
test,152,stead_event_01157,b6749a76c3348d358f0239fbdf83502570bef2899162485cba3c161f0ca9e1ef
test,153,stead_event_01162,187c25525c781aa7aa25b32e873f92c89406c7a8d74b39004731702059d480c9
test,154,stead_event_01163,107b266286b4a3eec1e71717e56e8f1267f4013244b9150e0ce513ea4268d726
test,155,stead_event_01173,5cb64db4853fffcbc292fd655297779043268ce610e2fecf8f6c8045b5572ea6
test,156,stead_event_01174,d49adb10778e5bb7e68d15ced86d08cd8ab7d0a50a38cb5faf2d8e8fc027e741
test,157,stead_event_01178,5ca1a7c3bae4b7fc6d092b86039ef0d52e8f62f09b3652ff950692656c621f6c
test,158,stead_event_01189,4b43a173a03b443616d0fbb54e65ca31c964aed6582975e037c93daf5449ba2a
test,159,stead_event_01190,ddab797af723e64e29378e0f14730823b386afa937443663c4f86ae450668c2c
test,160,stead_event_01191,8e92ab321c96b9cbabdb9de007a24cba8de730fdfc79dad899d4babbae88f42b
test,161,stead_event_01192,7c6aa97ca45e5e0b4c33044e0448bbe642db0c16aca674e369363e917836a013
test,162,stead_event_01193,5908e78fea5d02775404831980190b2edbac17283274261f4d367445f54d29dc
test,163,stead_event_01209,a4b066e2561d4a412670380651716646967c7a31b4984c8511aa53e418a3d11a
test,164,stead_event_01210,532f691855afab19903456536bccbd25745152696e63b68402a6f67c7ad6c5d1
test,165,stead_event_01243,c15af9ce1a70e11df276b96925c410f0ea56c5340be43dafe42b77c6b24ec794
test,166,stead_event_01244,7795cb742207eb762df49c5d6e239536c703b33adf4eb7f971a242cc87d408d6
test,167,stead_event_01245,fe30690034aa57685822bfe3671459df67deebd529b5025613506526b556fa72
test,168,stead_event_01246,37e20f2b79332e6c8caa6caa3f41778d74334175e31172eab35ea7505cdc7cd6
test,169,stead_event_01247,d50a3ad2ca3d9c17e4d51c38ef006477b508ddd4c2e28114d8d411c00534addb
test,170,stead_event_01248,7b08a054088e4bda210cd641ab0dcccad70ddd2e7cf4cf8804e43c9d227637a4
test,171,stead_event_01273,5307b46049867286dd0cb08302ef3b04d16e2ed1dde4cf0befd04b546baa3c00
test,172,stead_event_01278,a4ff8253915b63a0ebab40dba6697a923f2dacbb9ec33e874c9f3b72d7b064c9
test,173,stead_event_01310,db5642901a7ae8ea72c9f9fe46296c820281513730c5c9a67e303a5f9bfbdf03
test,174,stead_event_01311,a38bf746426d0cc6640b32b67a8e269c83d2d8e7ca5b7ebadec0f13755a7f794
test,175,stead_event_01318,ac2434f2c8a3a159b781431299ad0397671367970dba8b62c844ea1b3886d1c4
test,176,stead_event_01319,33df685072c75eb9ff12f352c7690293e1ce3bfbf6dc66790a327749ab3733e2
test,177,stead_event_01325,fa7571d815d4353b0e05478112236f4befc513a47d80408d1e4e64bc120c3bcb
test,178,stead_event_01326,97f22c5f60740e4b1eea66b3196e4460e2b17dd75eaad9152beb48cbba2d22a0
test,179,stead_event_01333,14dc3d7c4c66020fa1de780186754766893e9c0c49a2c748491f3a27b75436fd
test,180,stead_event_01334,6e7153471c23655cdc15286b55000a3be3e3b2fbe691d4c2f1f9a5435088ef51
test,181,stead_event_01340,0eecfee329ef54921bc067a5f5d6ad67548adb0e6be4c12593c28c462366741b
test,182,stead_event_01341,e71a83e5267965d440bbd0d2a3a399d10c8759ac44faaf9817f282199709a2f7
test,183,stead_event_01342,a76ab7f9b83fbf6547c33fbd5ea6eb5facdb2ab7d9ad4a93ecce823cef83bb55
test,184,stead_event_01343,8dfd8c0a6190f1c971acd1109e4c20371bb62799516eb1957916b7134a687649
test,185,stead_event_01345,d745aa90398414c305d9275d975ee8e0cf5a55610a063330d1961a99aa3e2fe9
test,186,stead_event_01346,87a2e91f16d52d47f1736b63f78dc5686b269325d2f99abd53775b5dae646e8b
test,187,stead_event_01352,21162d4c84915cf306d4cacac3938af337fb57c62a60de24c016970fbc3e3399
test,188,stead_event_01357,c0b362ebb6c5efd88bdf1d9b664be4ea7ec4ca343b833495fee60b088b704ebb
test,189,stead_event_01361,a97642473d59a400af878b95ba03280dafa3645521cd0440e7f56a43c243bbfa
test,190,stead_event_01362,564e9e8252687b8e95faafe3f358063a6848bb5e437ad29486ec6def21317749
test,191,stead_event_01363,eee3e104fe0d15ade3ffcce6028ad1bde0ed4a57761d44b03504d69e7c54dc8d
test,192,stead_event_01364,918d3f9da1072991c2c4fb939c47a055a694f845187f3fedc7e55edfa5674751
test,193,stead_event_01365,89744a6e22b2e6a72e6f9fea5736d69b6f5e2ec7bb9c18af760342c1f4c82fa8
test,194,stead_event_01366,463197b6e8ab4b3efbca0c38f7e9ef9de40d0aa3b56dc155811427302eebbf86
test,195,stead_event_01374,7f87f0e98754d3256e16e358cf9347d75db9ecc972f0978214d91034a9e545f2
test,196,stead_event_01375,a865713bd1f10e383fecd4dc58c005cdca0cabd1d071eae1199bf2ebeb7a6f31
test,197,stead_event_01385,0fbf7b4609d8fb9e7e99ae802265ef3f78ed90dba5748eb64d8bf134f1eb2538
test,198,stead_event_01401,569092d03f5ac4a5bd90767590cbd931d4107831fd01ce807dfc661770bc197e
test,199,stead_event_01421,40ffd6e6144a88534b2d8014b21d9808f95609e9224a89eb6199a5526410d2b4
test,200,stead_event_01432,711e82b903165ecbaf25f46a27af47a16a5dc00dd73fe21dd55aa7c5f1c8796c
test,201,stead_event_01433,3eb0ce6cb9a973a10a6db7af15b622e994ab82f27aa377c9fc9505a2f80e9782
test,202,stead_event_01437,d58dbeaa9633d6548bd7ee092da1701ecdef81346f763bea51d9e2a82dcd6244
test,203,stead_event_01442,d4e036fbeee8b47c0288aa26db4d492cc28e923ff659605af38f81147b2e6cdc
test,204,stead_event_01443,cf3464965544dd0e1d83c73ba377d427f0571b9e34b6bcb359bd73b7836491ff
test,205,stead_event_01447,1f6be84be9f64ba05810f0848d807ca9731eae42e3277c4d2ad4dae5d961b1df
test,206,stead_event_01454,443baa55d63b799936b00ae7d03f5ed294a6a0e97b615b337de137107a85a79e
test,207,stead_event_01462,0d927ee88f98de463a5f629eafe333de2b6d7bec4c28ee101e526a1670983a7e
test,208,stead_event_01473,968ab2fd6df300a58f11a95fd2d7bf2a62e8ca29541f53fbbbd14c0d43e0c77a
test,209,stead_event_01493,f1ac0dbc1b50dc41f4d2289f67f2da803783efc012f77a91efbcd7d0c68e5319
test,210,stead_event_01495,80a422cd3ce6cc6f6a4cafa65d6b9283f367c09fb9256d3f2b068b075c3738d9
test,211,stead_event_01496,90ffb81c691d7135ded0f03b0ce9f24587f92e5ed7eac154ba46d705f76b80a2
test,212,stead_event_01504,7a119e646a86dc80ad8e3351034851f12d371bffd5824ff5ed5f3c5b56804d05
test,213,stead_event_01505,3c1206fea8d8258af60e638ae2c510753c528494ae3aa323e18a119f277b1492
test,214,stead_event_01508,77bd72d88d3a1baf602d69c96aff1a89bc8b4359774a0d3ba5935ff0d91b5d3b
test,215,stead_event_01509,f32a499a010a1443b909ac21a8e36de6a44296eea9518f5339608deda0e752a3
test,216,stead_event_01513,8061e9f0a9a421ececfa8d51c49885b1360ec02ff969e573875b28b8076ea98f
test,217,stead_event_01514,30c49f16cbbb100d9180baf3a9f98cc97f5550fd7c34f24390736c808e1308f3
test,218,stead_event_01519,8889543b6cd075733915a72c1d1d7902e9ecec6b98e58530931ec2a914dd4dd8
test,219,stead_event_01520,585e3c90d20e37a1f5266052d5dffe585629d9842df4942bb27405c49269aba1
test,220,stead_event_01526,b440e8fb4669dacf48afb25bdbdc5a807b8c2ce5e12745c1b50c363539f95239
test,221,stead_event_01527,ba415e10bb4b49303621a5aed8df9741026409137b64122f519eea5b4e7048f2
test,222,stead_event_01534,caa9b6476ea5106c9b591ff17f64c90207d0c276fa2e62cf7b4687d1237e1653
test,223,stead_event_01539,b15f3c1d9da15f09ed1fc84ef37142a93e2efc9d162d527eb641507dde8b3c51
test,224,stead_event_01543,31b31e5243dd67dc16d7f5d4a160558cc93988ff2307fd9bafc547112cf5b9a1
test,225,stead_event_01552,2740340f6f8b17ca4837be3989bfc24ed1301ea680c6e8e96c935ea70f582ffd
test,226,stead_event_01558,ae1b2c2f972e38943055732279c8fc798c4fae290a472e2abbbe90aaee80e66a
test,227,stead_event_01559,d267588edb9ef41fd6f0ef8c01e28164ba5cd64c38c161f77c432152bc0ad707
test,228,stead_event_01563,1c89b70029e77acf991aa089c0eb9048853d7ef666c032385702b69899ece772
test,229,stead_event_01575,bd6d9445857cb6574820a64002f773e030fb8f766f75af45a281500dfccfc471
test,230,stead_event_01595,c7989d356eb96774b8c8058089a4f4236538f4060bd6858317dcfee282286838
test,231,stead_event_01602,e033e232e7e6c50ea365a73dace1200a5675983aaa544be38a7ab04ac6400c26
test,232,stead_event_01626,800c7511f6ec2f766d4c3bff08021c9687ce759caa9fcd324e0e4bd513535836
test,233,stead_event_01636,b4ca04aed5f09d319b0298c0f71b9ff67066865c97289e999a2b49ffe7dad12f
test,234,stead_event_01637,da3fc7797e0ad6f991fdd4b298436acc198c55d93ba57379807e5c9f711f0924
test,235,stead_event_01638,30b0f796039046755f7f789668a3808c266b8e42cf4adc0847b4d42a20018edd
test,236,stead_event_01652,92d73cdcbd9cecd329757e0811ecb9b33f298fd55ce07e94be8cb3925d8d52ad
test,237,stead_event_01654,a311ae3f74cf3cb0f1b0c284d588cf855ff0da99e04ed659d4f808965222d319
test,238,stead_event_01659,f1e4e92f11f42930f0e44753439cd9f20920eafa945e019d2d1e482d8e6f34c3
test,239,stead_event_01676,b230bb76aa27265566031d6f62a24f966963c7b48b9c720a72fe539c65c86b13
test,240,stead_event_01695,1310ecab06688ca5ac4335be4e86b069a36b8a408f861d7a424ef9b8ecc60a80
test,241,stead_event_01701,24851b985601dd4e3354a30da1dbcb2646b4c9691e0aff4aa91509d785f9c174
test,242,stead_event_01709,27532bf29a7f1fe14097bd6021d75c4fb6cb24c0b1fc1c884559f2f77c2ae292
test,243,stead_event_01728,c4f90b4f52a7d704b3c67b934632d3dd26a1a32c79a487999af0147744b012fc
test,244,stead_event_01744,2411df62cd76e56a591b1e4625e6196c581624c13dd3a3ced2dbc8b5a7b5d9d7
test,245,stead_event_01745,2479e7b1f449db8382112933505d9ddb77e477f4415d9ec2c5f1ea993eac18c7
test,246,stead_event_01766,10270c123491fc57116a539e7d789259c1f21168bc1892c1b0ed04ec4ecc836a
test,247,stead_event_01775,1480050f163174c6c62a87fdd0e54a36602c4d50a0cba5f6b3230f659ca753e4
test,248,stead_event_01777,4df277a441dda0cbb5aeb23381b44906dac68f5377cc29b94bcf8de84e8b4d09
test,249,stead_event_01785,ffdc8b19d8397d058b3feb0da53c57821c9f170ae27ee681c49ec778234ed227
test,250,stead_event_01798,4795f954e3794b65af5373a065d7a130421a91419c5d88029ab22cc88d3b9eaa
test,251,stead_event_01799,cb2f62481872821339b45e5847327bb712073fbe75d423ea3043337f0c267453
test,252,stead_event_01807,33fc0a7fc32339a794011e27ea6e1bb2091593ffb75855087e2c1b4263e90b29
test,253,stead_event_01831,ae7b3cd86dd435047638cea1c53a860f6dfa3e71ef1c1dcdbaf17dea9bf3abb7
test,254,stead_event_01833,4c4d460be6e8b940009c1070c314129c837dc0035e8371079c3a1e10b901a2c1
test,255,stead_event_01838,6ad705195f523da33f9a28a6335fe13ae47ac9b8969a55db9f7e01d535543845
test,256,stead_event_01841,9eca65bb23068db897517b69db1f9783e5ef5b2a09947227aafc2c0b97e4cd7a
test,257,stead_event_01865,fba153c5ff5eaa3a790ff14b6e18923ed534572d27e1a6904891e62e72ed76e5
test,258,stead_event_01866,898d360431ee3c0438b1f7bef64b48d9ebb33984365ba6128e1c3cb4039b95b5
test,259,stead_event_01867,095dff4c917b83fcf536d92f05569a8b604967e9c71e600e8e25179fbc2bf24b
test,260,stead_event_01885,90411c14cc8a6a0ad2a2aaa21f990596371e5b4e9a1257b18fb7b83803da803c
test,261,stead_event_01890,dd7085a03ddef6a3f60fd168c455ac5f528f1968a866eca9098dcd7ee6a0c0cb
test,262,stead_event_01895,1b73633936f2ae68c37bb0e338a9bdb4316e302bf21d4c7cec342c77ea84daa5
test,263,stead_event_01897,1a2400524722e37e149b557eae8a6ac1923f2d58fb847b418612d6f10b1d7934
test,264,stead_event_01907,f459a1664cb74521b6e072055597d752c745a1aacd9610a2ab259c01c847cd8b
test,265,stead_event_01919,dd9f4d11dc65ee16c603973858cd3791023b17d6197d8054e2ee77b8aedeba32
test,266,stead_event_01920,2ca9dd2641aec7992965f06d9c2b53e67d0cb5ae3f4ea22b894d0894a9905d99
test,267,stead_event_01926,abdf0f3bfa82fdecf63afb807a50ccb2bd728a65b13682af5be3bef999f4388b
test,268,stead_event_01931,2e22e869eb9fae14c2266070bcbc9d15b82199abe81387f2541246d663544ff9
test,269,stead_event_01950,05f592a5b96b9c79a8f596d745e00e2904e8cc5dea7fa9c5f3eb0cfb7cb1457a
test,270,stead_event_01961,901da77979ad210b1a95329d2de92efbb78dad0e11123007cac3bcff68c807ab
test,271,stead_event_01963,79e0e4153bb96dca9f3f90c363b0532325b975d9b01873a9c85fef38857714f9
test,272,stead_event_01966,b9108d0e0333a067820c4daf2a97786f0f7206f200cd102ab90b62aae894e33d
test,273,stead_event_01969,32c798af151d7ab4f76fc35baecb7568db1c5fb50744ce4a8d8fc0933ac15ce5
test,274,stead_event_01979,d6cc9de847d1746bf36f68dcd2dfd79f9d9f5f432f2ab7da9ca68cfbe57599b3
test,275,stead_event_01981,6d3367c7487cdde601cf8fe1d6f6c17d759627aaa484b99d8805b9f8d1d5798c
test,276,stead_event_01986,82558ab40dcc62f2104fc84b475ea47471682fa4e04d0b9158e0b4765b6b21c7
test,277,stead_event_01995,04da2c708e8f77de3d7135571e7942e7ad4cdd6e0aee19737319c08a6892061d
test,278,stead_event_01997,d746fcb23967617dcb977b73df19414a0c2b8951e3afc361024d2ae177660112
test,279,stead_event_02004,4033503776d7ac927f8b36e8ee8f0faf9544d532cfb3db231bb78a9339a7a3ac
test,280,stead_event_02012,b2ff7be341f4c9ad13819164786a1ee7f5671491a58341436efa9de39d5efb4c
test,281,stead_event_02013,2ebfe28f5911354065f0d4e720a0222cfc257d5c0667d6b9202cfe22a5509604
test,282,stead_event_02014,d3767ec479b057064e44b76bfa23973cfbf747bb0b784310b7906107d005f3a3
test,283,stead_event_02018,f35cd9337ed6ec806e41e70ba2a6bd9a68cf5ee49aa44457c5cee1d4c8bea17a
test,284,stead_event_02020,90afe54f4cd4782ba259601ce9f9a9a25f8254230d503fdb93d7a00495cf9a05
test,285,stead_event_02021,ee82e87b9dd00febd6584c0705c25420d5a28c617c359611c5bc8d6031a1190d
test,286,stead_event_02025,dccf48d011f2a976b293bf5447c961fa6438fe2a243bcfdd1e3e52db6b3a03e8
test,287,stead_event_02026,3142f4c77bf38289b1695fef9506ef369f8893364c9b5ceb521f33ab7af08597
test,288,stead_event_02038,d6be5901edd0ae25a48ecd29976b2b632b106fbe53be84cb2270415d8a7a6a18
test,289,stead_event_02043,7953278a8572b190c1824b0e5ecdc11b143e3a36c284dd53c4c8fb24b16200f2
test,290,stead_event_02046,7c2a23eff8588c99dedf3c4c7360216b1cd90f8153381af39890cb4d76e38f49
test,291,stead_event_02054,c8c4c11df66279e6141f409387e7e280c6851db80f7e1fd81c34f153dcd90b0e
test,292,stead_event_02056,d7ec6d1e14a740ff7b227f03a74dc02ba3ab709f857a6f51bfbf30cb0f38b5ef
test,293,stead_event_02059,fddc9ed4a31033cf438a2a2be2f4ac66a088bca52b11c76e1c4cc61be677fb58
test,294,stead_event_02062,35067722ff6eed347b9734c39590c17a0b8afb2e60fbfbd417dbc0a3c9f302af
test,295,stead_event_02068,bb0761d685f098d00c19e082435fd0f77a389afcbf561af3d9554736c315ad67
test,296,stead_event_02074,97dd0c3e660cdf1394413c85050aa9118cff745b9aed8305a85721eff3fbb2ed
test,297,stead_event_02077,f3bedc51747f014c252ae90a0a2290b1824378f01f0d7b30fdfd12bbbde699c0
test,298,stead_event_02101,ea0c9705799f451aa54fffff8a9024467480599fc1801cab0465cce2816104dd
test,299,stead_event_02103,102243170e9cde76e2b088e5dc6055908286b5345dd0ba139d1a7b95711a2deb
test,300,stead_event_02105,4d914da49651fbabf17572eed7a4f3ff304cf3e9db1358fb71fdf4292eafedd6
test,301,stead_event_02106,451108b83b0c656b563f1ba493089528d182760446d6cc03c158a3c74bc073b9
test,302,stead_event_02116,4c81b3cd374d3fc7e63ca6c6da15435115f82986c81afbb879f22ae1e14aedeb
test,303,stead_event_02119,3367fb5cdf8c5d5a0bc31d18823defa77c1a763dbd2d5d3289942ab31d83a6ae
test,304,stead_event_02126,467cf48a58bcfbac2e065ac0badd2b66c225bf8d1d4bee3abbfcd54f5d749e80
test,305,stead_event_02138,710892f0e5033e36b40151216f6f6cd68f5114a7748d13687f8a362f901aa63e
test,306,stead_event_02147,52aaec7ec125ae7633c50354e626f0c5f72bf052565b5133255f86521d81122c
test,307,stead_event_02149,603e050e821386e4aeed0dfb3bbb265b6a4e40ae440d4b11e16778fce179ffe3
test,308,stead_event_02160,415a8752995a8b4424c3d2614d9f3214a6faae83e3097001ca62dcf96d7e4d98
test,309,stead_event_02161,b70416ec510df4c7da9280370983c776c3bc8ea3f6ea589ae8c9dc43707302a7
test,310,stead_event_02162,143a4ce6e9418c53f7f00f3f3c7d58150065da7203cf2ba12629915cf2637986
test,311,stead_event_02164,c2b107dcd4578425b12544e446b37101250330c635673412e5e3dbe6fcffadaa
test,312,stead_event_02169,5429940a4fe892c971da009d940368481a2c913a9d811e2ae4121e0fc7d95c85
test,313,stead_event_02170,e1b8a1d6f7fcf60084394f333b86a8bbf0f3991711972e8bacbe08d763bfe946
test,314,stead_event_02171,04e477a272a1590b8644893835b78878d224b2a65c0266b262189ccf4310c55d
test,315,stead_event_02173,a3479dea84c566a02a898413ca19920aa38b597a5d369b2bb012e354a01c711f
test,316,stead_event_02177,085359761a474aba6b50665d665aac00eea06ca308a449adbfe069d394218ddb
test,317,stead_event_02181,dbe8f6b5a53f0de6550fe067885f8b7ec0be79afe459e2b13466ef8008ca831f
test,318,stead_event_02184,a24ffc6c75221cf589180601968485d8d3c0f3275f9e5103939595b89e13d1f5
test,319,stead_event_02185,782c48842941ae55d4b5d75963b05fcfddcbcf8c5967b2bb5d8236d20aa6b3d2
test,320,stead_event_02187,302f097ad7eb61e6d540ee40e8ba21389813e23a26628546e4b78be14e0eee55
test,321,stead_event_02197,299312b3eeee31947dde4a0bf963455c39e54ca633a2fc395b6c1de6bfe4fa67
test,322,stead_event_02198,0563fe0a0f08d6fcc41aba2c146a3738c1255e931ddb239a91559cedbfabb5ea
test,323,stead_event_02205,d6d03562ec22f065e15979e0c28fb61b8e655ff0267b7eb996de9537ed078f22
test,324,stead_event_02207,af41fc756f3a8ab650a24838dd4e8641f0c40c930d79603851790e393d2c44be
test,325,stead_event_02213,a0b121dd1f169e1a8ab11d27c291264ec198e2f269f615894330d6902361a3b9
test,326,stead_event_02214,ce60a40c94b1dacb630e274694d7bb5ea952a8d7f2857af3016303b5e4ce63c3
test,327,stead_event_02215,0584ec8942c8924152ae982f24bb4de45ad9298cdb4a8cc80c2c6e4c22b8ef1a
test,328,stead_event_02216,d6e3ef7dbc28c5821324e0040f7688214dc67e7773526cb390ad7f196776df8d
test,329,stead_event_02220,4737f4b8f3505107b2f296b9b843f4f30904fdec1505540f53b915235de4d700
test,330,stead_event_02228,34e30800aa01471ba413a08482890968b43eea45eada4e69f2019c44a29db2ac
