subset,Method,Mode,BaseSeed,MetaSeed,Policy,Phase,Tolerance_ms,N,N_sources,N_accepted,TP,FP,FN,F1,Coverage,MAE_ms,MedianAE_ms,RMSE_ms,P90AE_ms,Outlier1s
all_test,Stack,Full3C,42,42,accepted,P,50,330,221,327,232,95,98,0.7062404870624048,0.990909090909091,126.97247706422004,29.99999999999936,649.2578685056607,160.00000000000014,0.012232415902140673
all_test,Stack,Full3C,42,42,accepted,P,100,330,221,327,276,51,54,0.8401826484018264,0.990909090909091,126.97247706422004,29.99999999999936,649.2578685056607,160.00000000000014,0.012232415902140673
all_test,Stack,Full3C,42,42,accepted,P,200,330,221,327,300,27,30,0.91324200913242,0.990909090909091,126.97247706422004,29.99999999999936,649.2578685056607,160.00000000000014,0.012232415902140673
all_test,Stack,Full3C,42,42,accepted,S,50,330,221,322,123,199,207,0.3773006134969325,0.9757575757575757,492.2049689440994,80.00000000000185,1596.7777141239733,628.9999999999992,0.062111801242236024
all_test,Stack,Full3C,42,42,accepted,S,100,330,221,322,181,141,149,0.5552147239263804,0.9757575757575757,492.2049689440994,80.00000000000185,1596.7777141239733,628.9999999999992,0.062111801242236024
all_test,Stack,Full3C,42,42,accepted,S,200,330,221,322,221,101,109,0.6779141104294478,0.9757575757575757,492.2049689440994,80.00000000000185,1596.7777141239733,628.9999999999992,0.062111801242236024
all_test,Stack,Full3C,42,42,strict,P,50,330,221,324,231,93,99,0.7064220183486238,0.9818181818181818,126.45061728395048,29.99999999999936,651.8963316053357,160.00000000000014,0.012345679012345678
all_test,Stack,Full3C,42,42,strict,P,100,330,221,324,275,49,55,0.8409785932721713,0.9818181818181818,126.45061728395048,29.99999999999936,651.8963316053357,160.00000000000014,0.012345679012345678
all_test,Stack,Full3C,42,42,strict,P,200,330,221,324,298,26,32,0.9113149847094801,0.9818181818181818,126.45061728395048,29.99999999999936,651.8963316053357,160.00000000000014,0.012345679012345678
all_test,Stack,Full3C,42,42,strict,S,50,330,221,315,122,193,208,0.37829457364341085,0.9545454545454546,470.7936507936508,80.00000000000007,1572.1359446852646,586.0000000000002,0.05714285714285714
all_test,Stack,Full3C,42,42,strict,S,100,330,221,315,179,136,151,0.5550387596899224,0.9545454545454546,470.7936507936508,80.00000000000007,1572.1359446852646,586.0000000000002,0.05714285714285714
all_test,Stack,Full3C,42,42,strict,S,200,330,221,315,219,96,111,0.6790697674418604,0.9545454545454546,470.7936507936508,80.00000000000007,1572.1359446852646,586.0000000000002,0.05714285714285714
all_test,Stack,Full3C,42,43,accepted,P,50,330,221,326,232,94,98,0.7073170731707317,0.9878787878787879,129.47852760736185,29.99999999999936,650.6360738642586,165.00000000000006,0.012269938650306749
all_test,Stack,Full3C,42,43,accepted,P,100,330,221,326,271,55,59,0.8262195121951219,0.9878787878787879,129.47852760736185,29.99999999999936,650.6360738642586,165.00000000000006,0.012269938650306749
all_test,Stack,Full3C,42,43,accepted,P,200,330,221,326,297,29,33,0.9054878048780488,0.9878787878787879,129.47852760736185,29.99999999999936,650.6360738642586,165.00000000000006,0.012269938650306749
all_test,Stack,Full3C,42,43,accepted,S,50,330,221,320,116,204,214,0.3569230769230769,0.9696969696969697,617.625,89.99999999999986,1908.3525290155383,673.0000000000005,0.078125
all_test,Stack,Full3C,42,43,accepted,S,100,330,221,320,174,146,156,0.5353846153846153,0.9696969696969697,617.625,89.99999999999986,1908.3525290155383,673.0000000000005,0.078125
all_test,Stack,Full3C,42,43,accepted,S,200,330,221,320,220,100,110,0.676923076923077,0.9696969696969697,617.625,89.99999999999986,1908.3525290155383,673.0000000000005,0.078125
all_test,Stack,Full3C,42,43,strict,P,50,330,221,322,232,90,98,0.7116564417177914,0.9757575757575757,125.4968944099378,29.99999999999936,652.647023011645,159.0000000000005,0.012422360248447204
all_test,Stack,Full3C,42,43,strict,P,100,330,221,322,271,51,59,0.8312883435582822,0.9757575757575757,125.4968944099378,29.99999999999936,652.647023011645,159.0000000000005,0.012422360248447204
all_test,Stack,Full3C,42,43,strict,P,200,330,221,322,297,25,33,0.911042944785276,0.9757575757575757,125.4968944099378,29.99999999999936,652.647023011645,159.0000000000005,0.012422360248447204
all_test,Stack,Full3C,42,43,strict,S,50,330,221,310,116,194,214,0.3625,0.9393939393939394,526.2258064516129,80.00000000000007,1756.152594589625,594.0000000000007,0.06129032258064516
all_test,Stack,Full3C,42,43,strict,S,100,330,221,310,173,137,157,0.540625,0.9393939393939394,526.2258064516129,80.00000000000007,1756.152594589625,594.0000000000007,0.06129032258064516
all_test,Stack,Full3C,42,43,strict,S,200,330,221,310,217,93,113,0.678125,0.9393939393939394,526.2258064516129,80.00000000000007,1756.152594589625,594.0000000000007,0.06129032258064516
all_test,Stack,Full3C,42,44,accepted,P,50,330,221,329,231,98,99,0.701062215477997,0.996969696969697,291.88449848024305,29.999999999999805,2234.1994343527185,192.00000000000023,0.0182370820668693
all_test,Stack,Full3C,42,44,accepted,P,100,330,221,329,271,58,59,0.8224582701062215,0.996969696969697,291.88449848024305,29.999999999999805,2234.1994343527185,192.00000000000023,0.0182370820668693
all_test,Stack,Full3C,42,44,accepted,P,200,330,221,329,297,32,33,0.9013657056145675,0.996969696969697,291.88449848024305,29.999999999999805,2234.1994343527185,192.00000000000023,0.0182370820668693
all_test,Stack,Full3C,42,44,accepted,S,50,330,221,322,116,206,214,0.3558282208588957,0.9757575757575757,553.5093167701864,84.99999999999997,1825.6401072616245,688.0000000000018,0.06832298136645963
all_test,Stack,Full3C,42,44,accepted,S,100,330,221,322,178,144,152,0.5460122699386503,0.9757575757575757,553.5093167701864,84.99999999999997,1825.6401072616245,688.0000000000018,0.06832298136645963
all_test,Stack,Full3C,42,44,accepted,S,200,330,221,322,216,106,114,0.6625766871165644,0.9757575757575757,553.5093167701864,84.99999999999997,1825.6401072616245,688.0000000000018,0.06832298136645963
all_test,Stack,Full3C,42,44,strict,P,50,330,221,324,231,93,99,0.7064220183486238,0.9818181818181818,129.41358024691345,29.99999999999936,652.9248061370741,166.9999999999999,0.012345679012345678
all_test,Stack,Full3C,42,44,strict,P,100,330,221,324,271,53,59,0.8287461773700305,0.9818181818181818,129.41358024691345,29.99999999999936,652.9248061370741,166.9999999999999,0.012345679012345678
all_test,Stack,Full3C,42,44,strict,P,200,330,221,324,296,28,34,0.9051987767584098,0.9818181818181818,129.41358024691345,29.99999999999936,652.9248061370741,166.9999999999999,0.012345679012345678
all_test,Stack,Full3C,42,44,strict,S,50,330,221,313,116,197,214,0.3608087091757387,0.9484848484848485,444.4408945686901,80.00000000000007,1515.6127832088903,620.000000000001,0.054313099041533544
all_test,Stack,Full3C,42,44,strict,S,100,330,221,313,177,136,153,0.5505443234836703,0.9484848484848485,444.4408945686901,80.00000000000007,1515.6127832088903,620.000000000001,0.054313099041533544
all_test,Stack,Full3C,42,44,strict,S,200,330,221,313,215,98,115,0.6687402799377916,0.9484848484848485,444.4408945686901,80.00000000000007,1515.6127832088903,620.000000000001,0.054313099041533544
all_test,Stack,Full3C,43,42,accepted,P,50,330,221,327,230,97,100,0.700152207001522,0.990909090909091,129.17431192660538,29.999999999999805,648.0476442635016,169.99999999999994,0.012232415902140673
all_test,Stack,Full3C,43,42,accepted,P,100,330,221,327,275,52,55,0.837138508371385,0.990909090909091,129.17431192660538,29.999999999999805,648.0476442635016,169.99999999999994,0.012232415902140673
all_test,Stack,Full3C,43,42,accepted,P,200,330,221,327,299,28,31,0.9101978691019786,0.990909090909091,129.17431192660538,29.999999999999805,648.0476442635016,169.99999999999994,0.012232415902140673
all_test,Stack,Full3C,43,42,accepted,S,50,330,221,324,130,194,200,0.39755351681957185,0.9818181818181818,577.6543209876543,70.00000000000028,1981.2860582067508,680.9999999999993,0.07098765432098765
all_test,Stack,Full3C,43,42,accepted,S,100,330,221,324,186,138,144,0.5688073394495413,0.9818181818181818,577.6543209876543,70.00000000000028,1981.2860582067508,680.9999999999993,0.07098765432098765
all_test,Stack,Full3C,43,42,accepted,S,200,330,221,324,232,92,98,0.709480122324159,0.9818181818181818,577.6543209876543,70.00000000000028,1981.2860582067508,680.9999999999993,0.07098765432098765
all_test,Stack,Full3C,43,42,strict,P,50,330,221,321,230,91,100,0.706605222734255,0.9727272727272728,125.6697819314641,29.99999999999936,652.1013242370016,160.00000000000014,0.012461059190031152
all_test,Stack,Full3C,43,42,strict,P,100,330,221,321,274,47,56,0.8417818740399385,0.9727272727272728,125.6697819314641,29.99999999999936,652.1013242370016,160.00000000000014,0.012461059190031152
all_test,Stack,Full3C,43,42,strict,P,200,330,221,321,297,24,33,0.9124423963133641,0.9727272727272728,125.6697819314641,29.99999999999936,652.1013242370016,160.00000000000014,0.012461059190031152
all_test,Stack,Full3C,43,42,strict,S,50,330,221,309,128,181,202,0.40062597809076683,0.9363636363636364,462.556634304207,70.00000000000028,1550.7157758518251,599.9999999999985,0.061488673139158574
all_test,Stack,Full3C,43,42,strict,S,100,330,221,309,181,128,149,0.5665101721439749,0.9363636363636364,462.556634304207,70.00000000000028,1550.7157758518251,599.9999999999985,0.061488673139158574
all_test,Stack,Full3C,43,42,strict,S,200,330,221,309,225,84,105,0.704225352112676,0.9363636363636364,462.556634304207,70.00000000000028,1550.7157758518251,599.9999999999985,0.061488673139158574
all_test,Stack,Full3C,43,43,accepted,P,50,330,221,325,230,95,100,0.7022900763358778,0.9848484848484849,127.16923076923064,29.99999999999936,648.6694073254881,166.00000000000026,0.012307692307692308
all_test,Stack,Full3C,43,43,accepted,P,100,330,221,325,272,53,58,0.8305343511450382,0.9848484848484849,127.16923076923064,29.99999999999936,648.6694073254881,166.00000000000026,0.012307692307692308
all_test,Stack,Full3C,43,43,accepted,P,200,330,221,325,296,29,34,0.9038167938931297,0.9848484848484849,127.16923076923064,29.99999999999936,648.6694073254881,166.00000000000026,0.012307692307692308
all_test,Stack,Full3C,43,43,accepted,S,50,330,221,324,128,196,202,0.39143730886850153,0.9818181818181818,735.6481481481482,80.00000000000007,2453.075230485146,810.9999999999995,0.09567901234567901
all_test,Stack,Full3C,43,43,accepted,S,100,330,221,324,185,139,145,0.5657492354740061,0.9818181818181818,735.6481481481482,80.00000000000007,2453.075230485146,810.9999999999995,0.09567901234567901
all_test,Stack,Full3C,43,43,accepted,S,200,330,221,324,224,100,106,0.6850152905198776,0.9818181818181818,735.6481481481482,80.00000000000007,2453.075230485146,810.9999999999995,0.09567901234567901
all_test,Stack,Full3C,43,43,strict,P,50,330,221,322,229,93,101,0.7024539877300614,0.9757575757575757,126.36645962732905,29.99999999999936,651.1945545120037,160.00000000000014,0.012422360248447204
all_test,Stack,Full3C,43,43,strict,P,100,330,221,322,271,51,59,0.8312883435582822,0.9757575757575757,126.36645962732905,29.99999999999936,651.1945545120037,160.00000000000014,0.012422360248447204
all_test,Stack,Full3C,43,43,strict,P,200,330,221,322,295,27,35,0.9049079754601227,0.9757575757575757,126.36645962732905,29.99999999999936,651.1945545120037,160.00000000000014,0.012422360248447204
all_test,Stack,Full3C,43,43,strict,S,50,330,221,307,124,183,206,0.3893249607535322,0.9303030303030303,624.0065146579805,70.00000000000028,2103.8044489945164,744.0000000000005,0.08469055374592833
all_test,Stack,Full3C,43,43,strict,S,100,330,221,307,181,126,149,0.5682888540031397,0.9303030303030303,624.0065146579805,70.00000000000028,2103.8044489945164,744.0000000000005,0.08469055374592833
all_test,Stack,Full3C,43,43,strict,S,200,330,221,307,219,88,111,0.6875981161695447,0.9303030303030303,624.0065146579805,70.00000000000028,2103.8044489945164,744.0000000000005,0.08469055374592833
all_test,Stack,Full3C,43,44,accepted,P,50,330,221,327,227,100,103,0.6910197869101978,0.990909090909091,131.89602446483167,29.99999999999936,649.6941176301202,179.99999999999972,0.012232415902140673
all_test,Stack,Full3C,43,44,accepted,P,100,330,221,327,272,55,58,0.8280060882800608,0.990909090909091,131.89602446483167,29.99999999999936,649.6941176301202,179.99999999999972,0.012232415902140673
all_test,Stack,Full3C,43,44,accepted,P,200,330,221,327,297,30,33,0.9041095890410958,0.990909090909091,131.89602446483167,29.99999999999936,649.6941176301202,179.99999999999972,0.012232415902140673
all_test,Stack,Full3C,43,44,accepted,S,50,330,221,326,129,197,201,0.3932926829268293,0.9878787878787879,638.9877300613497,80.00000000000007,2241.400676778927,684.9999999999995,0.07975460122699386
all_test,Stack,Full3C,43,44,accepted,S,100,330,221,326,187,139,143,0.5701219512195121,0.9878787878787879,638.9877300613497,80.00000000000007,2241.400676778927,684.9999999999995,0.07975460122699386
all_test,Stack,Full3C,43,44,accepted,S,200,330,221,326,227,99,103,0.6920731707317073,0.9878787878787879,638.9877300613497,80.00000000000007,2241.400676778927,684.9999999999995,0.07975460122699386
all_test,Stack,Full3C,43,44,strict,P,50,330,221,323,226,97,104,0.6921898928024502,0.9787878787878788,129.16408668730637,29.99999999999936,651.9682037489945,168.00000000000009,0.01238390092879257
all_test,Stack,Full3C,43,44,strict,P,100,330,221,323,271,52,59,0.8300153139356815,0.9787878787878788,129.16408668730637,29.99999999999936,651.9682037489945,168.00000000000009,0.01238390092879257
all_test,Stack,Full3C,43,44,strict,P,200,330,221,323,296,27,34,0.9065849923430321,0.9787878787878788,129.16408668730637,29.99999999999936,651.9682037489945,168.00000000000009,0.01238390092879257
all_test,Stack,Full3C,43,44,strict,S,50,330,221,312,127,185,203,0.3956386292834891,0.9454545454545454,494.4871794871795,80.00000000000007,1779.3806542784805,619.0000000000013,0.0641025641025641
all_test,Stack,Full3C,43,44,strict,S,100,330,221,312,183,129,147,0.5700934579439252,0.9454545454545454,494.4871794871795,80.00000000000007,1779.3806542784805,619.0000000000013,0.0641025641025641
all_test,Stack,Full3C,43,44,strict,S,200,330,221,312,221,91,109,0.6884735202492211,0.9454545454545454,494.4871794871795,80.00000000000007,1779.3806542784805,619.0000000000013,0.0641025641025641
all_test,Stack,Full3C,44,42,accepted,P,50,330,221,327,220,107,110,0.669710806697108,0.990909090909091,105.65749235473994,29.99999999999936,473.8078553507201,174.0000000000002,0.009174311926605505
all_test,Stack,Full3C,44,42,accepted,P,100,330,221,327,269,58,61,0.8188736681887366,0.990909090909091,105.65749235473994,29.99999999999936,473.8078553507201,174.0000000000002,0.009174311926605505
all_test,Stack,Full3C,44,42,accepted,P,200,330,221,327,299,28,31,0.9101978691019786,0.990909090909091,105.65749235473994,29.99999999999936,473.8078553507201,174.0000000000002,0.009174311926605505
all_test,Stack,Full3C,44,42,accepted,S,50,330,221,326,122,204,208,0.3719512195121951,0.9878787878787879,522.4539877300614,89.99999999999986,1729.6237045985472,650.0000000000003,0.07668711656441718
all_test,Stack,Full3C,44,42,accepted,S,100,330,221,326,180,146,150,0.5487804878048781,0.9878787878787879,522.4539877300614,89.99999999999986,1729.6237045985472,650.0000000000003,0.07668711656441718
all_test,Stack,Full3C,44,42,accepted,S,200,330,221,326,226,100,104,0.6890243902439024,0.9878787878787879,522.4539877300614,89.99999999999986,1729.6237045985472,650.0000000000003,0.07668711656441718
all_test,Stack,Full3C,44,42,strict,P,50,330,221,322,220,102,110,0.6748466257668712,0.9757575757575757,102.32919254658376,29.99999999999936,475.3628885140252,159.0000000000005,0.009316770186335404
all_test,Stack,Full3C,44,42,strict,P,100,330,221,322,269,53,61,0.8251533742331288,0.9757575757575757,102.32919254658376,29.99999999999936,475.3628885140252,159.0000000000005,0.009316770186335404
all_test,Stack,Full3C,44,42,strict,P,200,330,221,322,297,25,33,0.911042944785276,0.9757575757575757,102.32919254658376,29.99999999999936,475.3628885140252,159.0000000000005,0.009316770186335404
all_test,Stack,Full3C,44,42,strict,S,50,330,221,320,122,198,208,0.37538461538461537,0.9696969696969697,466.28125,84.99999999999997,1607.6233428573996,621.9999999999983,0.06875
all_test,Stack,Full3C,44,42,strict,S,100,330,221,320,178,142,152,0.5476923076923077,0.9696969696969697,466.28125,84.99999999999997,1607.6233428573996,621.9999999999983,0.06875
all_test,Stack,Full3C,44,42,strict,S,200,330,221,320,224,96,106,0.6892307692307692,0.9696969696969697,466.28125,84.99999999999997,1607.6233428573996,621.9999999999983,0.06875
all_test,Stack,Full3C,44,43,accepted,P,50,330,221,324,226,98,104,0.691131498470948,0.9818181818181818,102.96296296296285,29.99999999999958,474.0520104819463,160.00000000000014,0.009259259259259259
all_test,Stack,Full3C,44,43,accepted,P,100,330,221,324,270,54,60,0.8256880733944955,0.9818181818181818,102.96296296296285,29.99999999999958,474.0520104819463,160.00000000000014,0.009259259259259259
all_test,Stack,Full3C,44,43,accepted,P,200,330,221,324,298,26,32,0.9113149847094801,0.9818181818181818,102.96296296296285,29.99999999999958,474.0520104819463,160.00000000000014,0.009259259259259259
all_test,Stack,Full3C,44,43,accepted,S,50,330,221,321,122,199,208,0.37480798771121354,0.9727272727272728,631.0280373831774,80.00000000000007,2150.620862322772,680.0000000000015,0.08411214953271028
all_test,Stack,Full3C,44,43,accepted,S,100,330,221,321,182,139,148,0.5591397849462365,0.9727272727272728,631.0280373831774,80.00000000000007,2150.620862322772,680.0000000000015,0.08411214953271028
all_test,Stack,Full3C,44,43,accepted,S,200,330,221,321,225,96,105,0.6912442396313364,0.9727272727272728,631.0280373831774,80.00000000000007,2150.620862322772,680.0000000000015,0.08411214953271028
all_test,Stack,Full3C,44,43,strict,P,50,330,221,322,226,96,104,0.6932515337423313,0.9757575757575757,101.27329192546573,29.99999999999936,474.60117287247135,149.0000000000007,0.009316770186335404
all_test,Stack,Full3C,44,43,strict,P,100,330,221,322,270,52,60,0.8282208588957055,0.9757575757575757,101.27329192546573,29.99999999999936,474.60117287247135,149.0000000000007,0.009316770186335404
all_test,Stack,Full3C,44,43,strict,P,200,330,221,322,298,24,32,0.9141104294478528,0.9757575757575757,101.27329192546573,29.99999999999936,474.60117287247135,149.0000000000007,0.009316770186335404
all_test,Stack,Full3C,44,43,strict,S,50,330,221,308,122,186,208,0.3824451410658307,0.9333333333333333,480.97402597402595,80.00000000000007,1599.8613982175123,626.0000000000011,0.06818181818181818
all_test,Stack,Full3C,44,43,strict,S,100,330,221,308,181,127,149,0.567398119122257,0.9333333333333333,480.97402597402595,80.00000000000007,1599.8613982175123,626.0000000000011,0.06818181818181818
all_test,Stack,Full3C,44,43,strict,S,200,330,221,308,221,87,109,0.6927899686520376,0.9333333333333333,480.97402597402595,80.00000000000007,1599.8613982175123,626.0000000000011,0.06818181818181818
all_test,Stack,Full3C,44,44,accepted,P,50,330,221,330,222,108,108,0.6727272727272727,1.0,354.4242424242423,30.00000000000025,2707.762802377526,209.99999999999997,0.01818181818181818
all_test,Stack,Full3C,44,44,accepted,P,100,330,221,330,268,62,62,0.8121212121212121,1.0,354.4242424242423,30.00000000000025,2707.762802377526,209.99999999999997,0.01818181818181818
all_test,Stack,Full3C,44,44,accepted,P,200,330,221,330,296,34,34,0.896969696969697,1.0,354.4242424242423,30.00000000000025,2707.762802377526,209.99999999999997,0.01818181818181818
all_test,Stack,Full3C,44,44,accepted,S,50,330,221,326,120,206,210,0.36585365853658536,0.9878787878787879,723.5276073619632,89.99999999999986,2650.079695525785,879.9999999999999,0.09202453987730061
all_test,Stack,Full3C,44,44,accepted,S,100,330,221,326,175,151,155,0.5335365853658537,0.9878787878787879,723.5276073619632,89.99999999999986,2650.079695525785,879.9999999999999,0.09202453987730061
all_test,Stack,Full3C,44,44,accepted,S,200,330,221,326,223,103,107,0.6798780487804879,0.9878787878787879,723.5276073619632,89.99999999999986,2650.079695525785,879.9999999999999,0.09202453987730061
all_test,Stack,Full3C,44,44,strict,P,50,330,221,325,222,103,108,0.6778625954198473,0.9848484848484849,104.79999999999991,29.999999999999805,475.1757569573599,166.00000000000026,0.009230769230769232
all_test,Stack,Full3C,44,44,strict,P,100,330,221,325,268,57,62,0.8183206106870229,0.9848484848484849,104.79999999999991,29.999999999999805,475.1757569573599,166.00000000000026,0.009230769230769232
all_test,Stack,Full3C,44,44,strict,P,200,330,221,325,296,29,34,0.9038167938931297,0.9848484848484849,104.79999999999991,29.999999999999805,475.1757569573599,166.00000000000026,0.009230769230769232
all_test,Stack,Full3C,44,44,strict,S,50,330,221,315,120,195,210,0.37209302325581395,0.9545454545454546,513.6825396825396,80.00000000000185,1710.1756152280486,726.0000000000018,0.07936507936507936
all_test,Stack,Full3C,44,44,strict,S,100,330,221,315,175,140,155,0.5426356589147286,0.9545454545454546,513.6825396825396,80.00000000000185,1710.1756152280486,726.0000000000018,0.07936507936507936
all_test,Stack,Full3C,44,44,strict,S,200,330,221,315,222,93,108,0.6883720930232559,0.9545454545454546,513.6825396825396,80.00000000000185,1710.1756152280486,726.0000000000018,0.07936507936507936
all_test,Stack,Zonly,42,42,accepted,P,50,330,221,328,221,107,109,0.6717325227963525,0.9939393939393939,169.54268292682917,30.00000000000025,947.7770847826109,203.00000000000023,0.01524390243902439
all_test,Stack,Zonly,42,42,accepted,P,100,330,221,328,264,64,66,0.8024316109422492,0.9939393939393939,169.54268292682917,30.00000000000025,947.7770847826109,203.00000000000023,0.01524390243902439
all_test,Stack,Zonly,42,42,accepted,P,200,330,221,328,295,33,35,0.8966565349544073,0.9939393939393939,169.54268292682917,30.00000000000025,947.7770847826109,203.00000000000023,0.01524390243902439
all_test,Stack,Zonly,42,42,accepted,S,50,330,221,315,54,261,276,0.16744186046511628,0.9545454545454546,1170.0,250.0,2532.5429218067857,3980.0000000000005,0.22857142857142856
all_test,Stack,Zonly,42,42,accepted,S,100,330,221,315,90,225,240,0.27906976744186046,0.9545454545454546,1170.0,250.0,2532.5429218067857,3980.0000000000005,0.22857142857142856
all_test,Stack,Zonly,42,42,accepted,S,200,330,221,315,140,175,190,0.43410852713178294,0.9545454545454546,1170.0,250.0,2532.5429218067857,3980.0000000000005,0.22857142857142856
all_test,Stack,Zonly,42,42,strict,P,50,330,221,326,221,105,109,0.6737804878048781,0.9878787878787879,168.49693251533728,30.00000000000025,950.0715181345835,195.00000000000028,0.015337423312883436
all_test,Stack,Zonly,42,42,strict,P,100,330,221,326,263,63,67,0.801829268292683,0.9878787878787879,168.49693251533728,30.00000000000025,950.0715181345835,195.00000000000028,0.015337423312883436
all_test,Stack,Zonly,42,42,strict,P,200,330,221,326,294,32,36,0.8963414634146342,0.9878787878787879,168.49693251533728,30.00000000000025,950.0715181345835,195.00000000000028,0.015337423312883436
all_test,Stack,Zonly,42,42,strict,S,50,330,221,247,47,200,283,0.16291161178509533,0.7484848484848485,940.6882591093117,210.00000000000085,2192.0734088892905,3179.9999999999995,0.18218623481781376
all_test,Stack,Zonly,42,42,strict,S,100,330,221,247,76,171,254,0.2634315424610052,0.7484848484848485,940.6882591093117,210.00000000000085,2192.0734088892905,3179.9999999999995,0.18218623481781376
all_test,Stack,Zonly,42,42,strict,S,200,330,221,247,121,126,209,0.4194107452339688,0.7484848484848485,940.6882591093117,210.00000000000085,2192.0734088892905,3179.9999999999995,0.18218623481781376
all_test,Stack,Zonly,42,43,accepted,P,50,330,221,324,225,99,105,0.6880733944954128,0.9818181818181818,131.63580246913565,30.00000000000025,649.8715447620076,197.0000000000001,0.012345679012345678
all_test,Stack,Zonly,42,43,accepted,P,100,330,221,324,265,59,65,0.8103975535168195,0.9818181818181818,131.63580246913565,30.00000000000025,649.8715447620076,197.0000000000001,0.012345679012345678
all_test,Stack,Zonly,42,43,accepted,P,200,330,221,324,292,32,38,0.8929663608562691,0.9818181818181818,131.63580246913565,30.00000000000025,649.8715447620076,197.0000000000001,0.012345679012345678
all_test,Stack,Zonly,42,43,accepted,S,50,330,221,292,49,243,281,0.15755627009646303,0.8848484848484849,1220.650684931507,240.00000000000023,2599.772843080033,4402.000000000003,0.22602739726027396
all_test,Stack,Zonly,42,43,accepted,S,100,330,221,292,87,205,243,0.2797427652733119,0.8848484848484849,1220.650684931507,240.00000000000023,2599.772843080033,4402.000000000003,0.22602739726027396
all_test,Stack,Zonly,42,43,accepted,S,200,330,221,292,130,162,200,0.4180064308681672,0.8848484848484849,1220.650684931507,240.00000000000023,2599.772843080033,4402.000000000003,0.22602739726027396
all_test,Stack,Zonly,42,43,strict,P,50,330,221,321,223,98,107,0.685099846390169,0.9727272727272728,132.33644859813072,30.00000000000025,652.8628543132593,200.00000000000017,0.012461059190031152
all_test,Stack,Zonly,42,43,strict,P,100,330,221,321,263,58,67,0.8079877112135176,0.9727272727272728,132.33644859813072,30.00000000000025,652.8628543132593,200.00000000000017,0.012461059190031152
all_test,Stack,Zonly,42,43,strict,P,200,330,221,321,289,32,41,0.8878648233486943,0.9727272727272728,132.33644859813072,30.00000000000025,652.8628543132593,200.00000000000017,0.012461059190031152
all_test,Stack,Zonly,42,43,strict,S,50,330,221,222,38,184,292,0.13768115942028986,0.6727272727272727,986.1711711711711,229.99999999999864,2227.8635788858633,3447.0000000000005,0.1891891891891892
all_test,Stack,Zonly,42,43,strict,S,100,330,221,222,68,154,262,0.2463768115942029,0.6727272727272727,986.1711711711711,229.99999999999864,2227.8635788858633,3447.0000000000005,0.1891891891891892
all_test,Stack,Zonly,42,43,strict,S,200,330,221,222,104,118,226,0.37681159420289856,0.6727272727272727,986.1711711711711,229.99999999999864,2227.8635788858633,3447.0000000000005,0.1891891891891892
all_test,Stack,Zonly,42,44,accepted,P,50,330,221,326,220,106,110,0.6707317073170732,0.9878787878787879,134.87730061349683,30.00000000000025,650.5644080948132,200.00000000000017,0.012269938650306749
all_test,Stack,Zonly,42,44,accepted,P,100,330,221,326,264,62,66,0.8048780487804879,0.9878787878787879,134.87730061349683,30.00000000000025,650.5644080948132,200.00000000000017,0.012269938650306749
all_test,Stack,Zonly,42,44,accepted,P,200,330,221,326,295,31,35,0.899390243902439,0.9878787878787879,134.87730061349683,30.00000000000025,650.5644080948132,200.00000000000017,0.012269938650306749
all_test,Stack,Zonly,42,44,accepted,S,50,330,221,284,56,228,274,0.18241042345276873,0.8606060606060606,1150.5633802816901,250.0,2568.1199623158323,4297.000000000003,0.1936619718309859
all_test,Stack,Zonly,42,44,accepted,S,100,330,221,284,88,196,242,0.28664495114006516,0.8606060606060606,1150.5633802816901,250.0,2568.1199623158323,4297.000000000003,0.1936619718309859
all_test,Stack,Zonly,42,44,accepted,S,200,330,221,284,123,161,207,0.4006514657980456,0.8606060606060606,1150.5633802816901,250.0,2568.1199623158323,4297.000000000003,0.1936619718309859
all_test,Stack,Zonly,42,44,strict,P,50,330,221,322,218,104,112,0.6687116564417178,0.9757575757575757,133.91304347826076,30.00000000000025,653.7075342786488,199.00000000000054,0.012422360248447204
all_test,Stack,Zonly,42,44,strict,P,100,330,221,322,262,60,68,0.803680981595092,0.9757575757575757,133.91304347826076,30.00000000000025,653.7075342786488,199.00000000000054,0.012422360248447204
all_test,Stack,Zonly,42,44,strict,P,200,330,221,322,292,30,38,0.8957055214723927,0.9757575757575757,133.91304347826076,30.00000000000025,653.7075342786488,199.00000000000054,0.012422360248447204
all_test,Stack,Zonly,42,44,strict,S,50,330,221,170,43,127,287,0.172,0.5151515151515151,687.0588235294116,154.99999999999847,1868.397237017363,1031.9999999999993,0.11176470588235295
all_test,Stack,Zonly,42,44,strict,S,100,330,221,170,68,102,262,0.272,0.5151515151515151,687.0588235294116,154.99999999999847,1868.397237017363,1031.9999999999993,0.11176470588235295
all_test,Stack,Zonly,42,44,strict,S,200,330,221,170,90,80,240,0.36,0.5151515151515151,687.0588235294116,154.99999999999847,1868.397237017363,1031.9999999999993,0.11176470588235295
all_test,Stack,Zonly,43,42,accepted,P,50,330,221,330,230,100,100,0.696969696969697,1.0,328.3030303030302,30.00000000000025,2339.322616278119,190.0000000000004,0.021212121212121213
all_test,Stack,Zonly,43,42,accepted,P,100,330,221,330,269,61,61,0.8151515151515152,1.0,328.3030303030302,30.00000000000025,2339.322616278119,190.0000000000004,0.021212121212121213
all_test,Stack,Zonly,43,42,accepted,P,200,330,221,330,298,32,32,0.9030303030303031,1.0,328.3030303030302,30.00000000000025,2339.322616278119,190.0000000000004,0.021212121212121213
all_test,Stack,Zonly,43,42,accepted,S,50,330,221,315,47,268,283,0.14573643410852713,0.9545454545454546,1386.5396825396826,279.9999999999994,3110.141322772817,4342.000000000001,0.24761904761904763
all_test,Stack,Zonly,43,42,accepted,S,100,330,221,315,83,232,247,0.25736434108527134,0.9545454545454546,1386.5396825396826,279.9999999999994,3110.141322772817,4342.000000000001,0.24761904761904763
all_test,Stack,Zonly,43,42,accepted,S,200,330,221,315,133,182,197,0.4124031007751938,0.9545454545454546,1386.5396825396826,279.9999999999994,3110.141322772817,4342.000000000001,0.24761904761904763
all_test,Stack,Zonly,43,42,strict,P,50,330,221,326,228,98,102,0.6951219512195121,0.9878787878787879,292.0245398773005,30.00000000000025,2244.797120104498,190.0000000000004,0.018404907975460124
all_test,Stack,Zonly,43,42,strict,P,100,330,221,326,267,59,63,0.8140243902439024,0.9878787878787879,292.0245398773005,30.00000000000025,2244.797120104498,190.0000000000004,0.018404907975460124
all_test,Stack,Zonly,43,42,strict,P,200,330,221,326,296,30,34,0.9024390243902439,0.9878787878787879,292.0245398773005,30.00000000000025,2244.797120104498,190.0000000000004,0.018404907975460124
all_test,Stack,Zonly,43,42,strict,S,50,330,221,249,40,209,290,0.1381692573402418,0.7545454545454545,1277.7911646586344,230.00000000000043,3154.117663139999,3816.000000000005,0.20883534136546184
all_test,Stack,Zonly,43,42,strict,S,100,330,221,249,70,179,260,0.24179620034542315,0.7545454545454545,1277.7911646586344,230.00000000000043,3154.117663139999,3816.000000000005,0.20883534136546184
all_test,Stack,Zonly,43,42,strict,S,200,330,221,249,115,134,215,0.39723661485319517,0.7545454545454545,1277.7911646586344,230.00000000000043,3154.117663139999,3816.000000000005,0.20883534136546184
all_test,Stack,Zonly,43,43,accepted,P,50,330,221,326,224,102,106,0.6829268292682927,0.9878787878787879,130.64417177914098,29.99999999999936,648.4140633468804,180.00000000000017,0.012269938650306749
all_test,Stack,Zonly,43,43,accepted,P,100,330,221,326,266,60,64,0.8109756097560976,0.9878787878787879,130.64417177914098,29.99999999999936,648.4140633468804,180.00000000000017,0.012269938650306749
all_test,Stack,Zonly,43,43,accepted,P,200,330,221,326,298,28,32,0.9085365853658537,0.9878787878787879,130.64417177914098,29.99999999999936,648.4140633468804,180.00000000000017,0.012269938650306749
all_test,Stack,Zonly,43,43,accepted,S,50,330,221,300,46,254,284,0.14603174603174604,0.9090909090909091,1260.5,280.0000000000002,2975.2117571695635,3805.000000000002,0.21666666666666667
all_test,Stack,Zonly,43,43,accepted,S,100,330,221,300,78,222,252,0.24761904761904763,0.9090909090909091,1260.5,280.0000000000002,2975.2117571695635,3805.000000000002,0.21666666666666667
all_test,Stack,Zonly,43,43,accepted,S,200,330,221,300,129,171,201,0.4095238095238095,0.9090909090909091,1260.5,280.0000000000002,2975.2117571695635,3805.000000000002,0.21666666666666667
all_test,Stack,Zonly,43,43,strict,P,50,330,221,323,224,99,106,0.6860643185298622,0.9787878787878788,129.1021671826624,29.99999999999936,650.1478755344199,168.00000000000009,0.01238390092879257
all_test,Stack,Zonly,43,43,strict,P,100,330,221,323,265,58,65,0.8116385911179173,0.9787878787878788,129.1021671826624,29.99999999999936,650.1478755344199,168.00000000000009,0.01238390092879257
all_test,Stack,Zonly,43,43,strict,P,200,330,221,323,296,27,34,0.9065849923430321,0.9787878787878788,129.1021671826624,29.99999999999936,650.1478755344199,168.00000000000009,0.01238390092879257
all_test,Stack,Zonly,43,43,strict,S,50,330,221,242,40,202,290,0.13986013986013987,0.7333333333333333,1236.0743801652893,214.99999999999986,3110.36689659033,3719.000000000002,0.19008264462809918
all_test,Stack,Zonly,43,43,strict,S,100,330,221,242,70,172,260,0.24475524475524477,0.7333333333333333,1236.0743801652893,214.99999999999986,3110.36689659033,3719.000000000002,0.19008264462809918
all_test,Stack,Zonly,43,43,strict,S,200,330,221,242,114,128,216,0.3986013986013986,0.7333333333333333,1236.0743801652893,214.99999999999986,3110.36689659033,3719.000000000002,0.19008264462809918
all_test,Stack,Zonly,43,44,accepted,P,50,330,221,325,234,91,96,0.7145038167938931,0.9848484848484849,129.63076923076915,30.00000000000025,649.8811725704464,180.0,0.012307692307692308
all_test,Stack,Zonly,43,44,accepted,P,100,330,221,325,267,58,63,0.815267175572519,0.9848484848484849,129.63076923076915,30.00000000000025,649.8811725704464,180.0,0.012307692307692308
all_test,Stack,Zonly,43,44,accepted,P,200,330,221,325,298,27,32,0.9099236641221374,0.9848484848484849,129.63076923076915,30.00000000000025,649.8811725704464,180.0,0.012307692307692308
all_test,Stack,Zonly,43,44,accepted,S,50,330,221,292,37,255,293,0.1189710610932476,0.8848484848484849,1350.7876712328766,230.00000000000043,3169.012799483093,4350.000000000002,0.2226027397260274
all_test,Stack,Zonly,43,44,accepted,S,100,330,221,292,78,214,252,0.2508038585209003,0.8848484848484849,1350.7876712328766,230.00000000000043,3169.012799483093,4350.000000000002,0.2226027397260274
all_test,Stack,Zonly,43,44,accepted,S,200,330,221,292,128,164,202,0.4115755627009646,0.8848484848484849,1350.7876712328766,230.00000000000043,3169.012799483093,4350.000000000002,0.2226027397260274
all_test,Stack,Zonly,43,44,strict,P,50,330,221,322,233,89,97,0.7147239263803681,0.9757575757575757,128.35403726708063,30.00000000000025,651.8885607618636,179.00000000000009,0.012422360248447204
all_test,Stack,Zonly,43,44,strict,P,100,330,221,322,266,56,64,0.8159509202453987,0.9757575757575757,128.35403726708063,30.00000000000025,651.8885607618636,179.00000000000009,0.012422360248447204
all_test,Stack,Zonly,43,44,strict,P,200,330,221,322,296,26,34,0.9079754601226994,0.9757575757575757,128.35403726708063,30.00000000000025,651.8885607618636,179.00000000000009,0.012422360248447204
all_test,Stack,Zonly,43,44,strict,S,50,330,221,220,32,188,298,0.11636363636363636,0.6666666666666666,1278.2272727272727,204.9999999999992,3320.9843146545904,3773.9999999999977,0.19090909090909092
all_test,Stack,Zonly,43,44,strict,S,100,330,221,220,68,152,262,0.24727272727272728,0.6666666666666666,1278.2272727272727,204.9999999999992,3320.9843146545904,3773.9999999999977,0.19090909090909092
all_test,Stack,Zonly,43,44,strict,S,200,330,221,220,110,110,220,0.4,0.6666666666666666,1278.2272727272727,204.9999999999992,3320.9843146545904,3773.9999999999977,0.19090909090909092
all_test,Stack,Zonly,44,42,accepted,P,50,330,221,326,235,91,95,0.7164634146341463,0.9878787878787879,128.80368098159497,29.99999999999936,648.3762162444046,174.99999999999983,0.012269938650306749
all_test,Stack,Zonly,44,42,accepted,P,100,330,221,326,268,58,62,0.8170731707317073,0.9878787878787879,128.80368098159497,29.99999999999936,648.3762162444046,174.99999999999983,0.012269938650306749
all_test,Stack,Zonly,44,42,accepted,P,200,330,221,326,299,27,31,0.9115853658536586,0.9878787878787879,128.80368098159497,29.99999999999936,648.3762162444046,174.99999999999983,0.012269938650306749
all_test,Stack,Zonly,44,42,accepted,S,50,330,221,310,53,257,277,0.165625,0.9393939393939394,972.4193548387096,250.0,2216.746744450583,3223.0,0.18387096774193548
all_test,Stack,Zonly,44,42,accepted,S,100,330,221,310,93,217,237,0.290625,0.9393939393939394,972.4193548387096,250.0,2216.746744450583,3223.0,0.18387096774193548
all_test,Stack,Zonly,44,42,accepted,S,200,330,221,310,146,164,184,0.45625,0.9393939393939394,972.4193548387096,250.0,2216.746744450583,3223.0,0.18387096774193548
all_test,Stack,Zonly,44,42,strict,P,50,330,221,318,233,85,97,0.7191358024691358,0.9636363636363636,102.83018867924517,29.99999999999936,478.464525212468,160.00000000000014,0.009433962264150943
all_test,Stack,Zonly,44,42,strict,P,100,330,221,318,266,52,64,0.8209876543209876,0.9636363636363636,102.83018867924517,29.99999999999936,478.464525212468,160.00000000000014,0.009433962264150943
all_test,Stack,Zonly,44,42,strict,P,200,330,221,318,293,25,37,0.904320987654321,0.9636363636363636,102.83018867924517,29.99999999999936,478.464525212468,160.00000000000014,0.009433962264150943
all_test,Stack,Zonly,44,42,strict,S,50,330,221,252,42,210,288,0.14432989690721648,0.7636363636363637,974.9603174603175,205.00000000000009,2324.6430857640225,3247.000000000002,0.17063492063492064
all_test,Stack,Zonly,44,42,strict,S,100,330,221,252,80,172,250,0.27491408934707906,0.7636363636363637,974.9603174603175,205.00000000000009,2324.6430857640225,3247.000000000002,0.17063492063492064
all_test,Stack,Zonly,44,42,strict,S,200,330,221,252,126,126,204,0.4329896907216495,0.7636363636363637,974.9603174603175,205.00000000000009,2324.6430857640225,3247.000000000002,0.17063492063492064
all_test,Stack,Zonly,44,43,accepted,P,50,330,221,329,229,100,101,0.6949924127465857,0.996969696969697,291.6717325227963,29.99999999999936,2107.6031128888967,199.99999999999946,0.02127659574468085
all_test,Stack,Zonly,44,43,accepted,P,100,330,221,329,271,58,59,0.8224582701062215,0.996969696969697,291.6717325227963,29.99999999999936,2107.6031128888967,199.99999999999946,0.02127659574468085
all_test,Stack,Zonly,44,43,accepted,P,200,330,221,329,298,31,32,0.9044006069802731,0.996969696969697,291.6717325227963,29.99999999999936,2107.6031128888967,199.99999999999946,0.02127659574468085
all_test,Stack,Zonly,44,43,accepted,S,50,330,221,308,42,266,288,0.13166144200626959,0.9333333333333333,1050.3246753246754,235.00000000000034,2361.9515098885786,3520.000000000003,0.18831168831168832
all_test,Stack,Zonly,44,43,accepted,S,100,330,221,308,84,224,246,0.26332288401253917,0.9333333333333333,1050.3246753246754,235.00000000000034,2361.9515098885786,3520.000000000003,0.18831168831168832
all_test,Stack,Zonly,44,43,accepted,S,200,330,221,308,144,164,186,0.45141065830721006,0.9333333333333333,1050.3246753246754,235.00000000000034,2361.9515098885786,3520.000000000003,0.18831168831168832
all_test,Stack,Zonly,44,43,strict,P,50,330,221,324,229,95,101,0.7003058103975535,0.9818181818181818,127.7469135802468,29.99999999999936,648.9309822724497,166.9999999999999,0.012345679012345678
all_test,Stack,Zonly,44,43,strict,P,100,330,221,324,271,53,59,0.8287461773700305,0.9818181818181818,127.7469135802468,29.99999999999936,648.9309822724497,166.9999999999999,0.012345679012345678
all_test,Stack,Zonly,44,43,strict,P,200,330,221,324,297,27,33,0.908256880733945,0.9818181818181818,127.7469135802468,29.99999999999936,648.9309822724497,166.9999999999999,0.012345679012345678
all_test,Stack,Zonly,44,43,strict,S,50,330,221,245,36,209,294,0.12521739130434784,0.7424242424242424,861.5102040816327,199.9999999999993,1962.3423113561955,3174.0,0.16326530612244897
all_test,Stack,Zonly,44,43,strict,S,100,330,221,245,75,170,255,0.2608695652173913,0.7424242424242424,861.5102040816327,199.9999999999993,1962.3423113561955,3174.0,0.16326530612244897
all_test,Stack,Zonly,44,43,strict,S,200,330,221,245,126,119,204,0.43826086956521737,0.7424242424242424,861.5102040816327,199.9999999999993,1962.3423113561955,3174.0,0.16326530612244897
all_test,Stack,Zonly,44,44,accepted,P,50,330,221,327,234,93,96,0.7123287671232876,0.990909090909091,159.6024464831803,30.00000000000025,796.7094022036097,169.99999999999994,0.01834862385321101
all_test,Stack,Zonly,44,44,accepted,P,100,330,221,327,270,57,60,0.821917808219178,0.990909090909091,159.6024464831803,30.00000000000025,796.7094022036097,169.99999999999994,0.01834862385321101
all_test,Stack,Zonly,44,44,accepted,P,200,330,221,327,299,28,31,0.9101978691019786,0.990909090909091,159.6024464831803,30.00000000000025,796.7094022036097,169.99999999999994,0.01834862385321101
all_test,Stack,Zonly,44,44,accepted,S,50,330,221,318,58,260,272,0.17901234567901234,0.9636363636363636,994.6855345911949,270.00000000000136,2319.3855589507284,3297.0000000000014,0.16981132075471697
all_test,Stack,Zonly,44,44,accepted,S,100,330,221,318,85,233,245,0.2623456790123457,0.9636363636363636,994.6855345911949,270.00000000000136,2319.3855589507284,3297.0000000000014,0.16981132075471697
all_test,Stack,Zonly,44,44,accepted,S,200,330,221,318,136,182,194,0.41975308641975306,0.9636363636363636,994.6855345911949,270.00000000000136,2319.3855589507284,3297.0000000000014,0.16981132075471697
all_test,Stack,Zonly,44,44,strict,P,50,330,221,322,233,89,97,0.7147239263803681,0.9757575757575757,151.89440993788807,30.00000000000025,788.4939256630031,169.99999999999994,0.015527950310559006
all_test,Stack,Zonly,44,44,strict,P,100,330,221,322,268,54,62,0.8220858895705522,0.9757575757575757,151.89440993788807,30.00000000000025,788.4939256630031,169.99999999999994,0.015527950310559006
all_test,Stack,Zonly,44,44,strict,P,200,330,221,322,296,26,34,0.9079754601226994,0.9757575757575757,151.89440993788807,30.00000000000025,788.4939256630031,169.99999999999994,0.015527950310559006
all_test,Stack,Zonly,44,44,strict,S,50,330,221,256,50,206,280,0.17064846416382254,0.7757575757575758,844.1015625,229.99999999999955,2030.1211286213932,1999.999999999999,0.1484375
all_test,Stack,Zonly,44,44,strict,S,100,330,221,256,77,179,253,0.2627986348122867,0.7757575757575758,844.1015625,229.99999999999955,2030.1211286213932,1999.999999999999,0.1484375
all_test,Stack,Zonly,44,44,strict,S,200,330,221,256,122,134,208,0.41638225255972694,0.7757575757575758,844.1015625,229.99999999999955,2030.1211286213932,1999.999999999999,0.1484375
all_test,PhaseNetMatched,Full3C,42,,accepted,P,50,330,221,330,321,9,9,0.9727272727272728,1.0,41.09090909090887,9.999999999999787,365.44451968759495,19.999999999999574,0.0030303030303030303
all_test,PhaseNetMatched,Full3C,42,,accepted,P,100,330,221,330,324,6,6,0.9818181818181818,1.0,41.09090909090887,9.999999999999787,365.44451968759495,19.999999999999574,0.0030303030303030303
all_test,PhaseNetMatched,Full3C,42,,accepted,P,200,330,221,330,325,5,5,0.9848484848484849,1.0,41.09090909090887,9.999999999999787,365.44451968759495,19.999999999999574,0.0030303030303030303
all_test,PhaseNetMatched,Full3C,42,,accepted,S,50,330,221,330,121,209,209,0.36666666666666664,1.0,179.54545454545453,80.00000000000007,386.90340192901164,460.9999999999993,0.015151515151515152
all_test,PhaseNetMatched,Full3C,42,,accepted,S,100,330,221,330,191,139,139,0.5787878787878787,1.0,179.54545454545453,80.00000000000007,386.90340192901164,460.9999999999993,0.015151515151515152
all_test,PhaseNetMatched,Full3C,42,,accepted,S,200,330,221,330,247,83,83,0.7484848484848485,1.0,179.54545454545453,80.00000000000007,386.90340192901164,460.9999999999993,0.015151515151515152
all_test,PhaseNetMatched,Full3C,42,,strict,P,50,330,221,330,321,9,9,0.9727272727272728,1.0,41.09090909090887,9.999999999999787,365.44451968759495,19.999999999999574,0.0030303030303030303
all_test,PhaseNetMatched,Full3C,42,,strict,P,100,330,221,330,324,6,6,0.9818181818181818,1.0,41.09090909090887,9.999999999999787,365.44451968759495,19.999999999999574,0.0030303030303030303
all_test,PhaseNetMatched,Full3C,42,,strict,P,200,330,221,330,325,5,5,0.9848484848484849,1.0,41.09090909090887,9.999999999999787,365.44451968759495,19.999999999999574,0.0030303030303030303
all_test,PhaseNetMatched,Full3C,42,,strict,S,50,330,221,327,121,206,209,0.3683409436834094,0.990909090909091,176.42201834862382,80.00000000000007,384.56655770993456,430.00000000000006,0.01529051987767584
all_test,PhaseNetMatched,Full3C,42,,strict,S,100,330,221,327,191,136,139,0.5814307458143074,0.990909090909091,176.42201834862382,80.00000000000007,384.56655770993456,430.00000000000006,0.01529051987767584
all_test,PhaseNetMatched,Full3C,42,,strict,S,200,330,221,327,246,81,84,0.7488584474885844,0.990909090909091,176.42201834862382,80.00000000000007,384.56655770993456,430.00000000000006,0.01529051987767584
all_test,PhaseNetMatched,Full3C,43,,accepted,P,50,330,221,330,322,8,8,0.9757575757575757,1.0,28.33333333333328,0.0,272.4762986634495,19.999999999999574,0.0030303030303030303
all_test,PhaseNetMatched,Full3C,43,,accepted,P,100,330,221,330,325,5,5,0.9848484848484849,1.0,28.33333333333328,0.0,272.4762986634495,19.999999999999574,0.0030303030303030303
all_test,PhaseNetMatched,Full3C,43,,accepted,P,200,330,221,330,325,5,5,0.9848484848484849,1.0,28.33333333333328,0.0,272.4762986634495,19.999999999999574,0.0030303030303030303
all_test,PhaseNetMatched,Full3C,43,,accepted,S,50,330,221,325,132,193,198,0.4030534351145038,0.9848484848484849,163.99999999999997,70.00000000000028,379.62896866039324,416.0000000000002,0.006153846153846154
all_test,PhaseNetMatched,Full3C,43,,accepted,S,100,330,221,325,203,122,127,0.6198473282442748,0.9848484848484849,163.99999999999997,70.00000000000028,379.62896866039324,416.0000000000002,0.006153846153846154
all_test,PhaseNetMatched,Full3C,43,,accepted,S,200,330,221,325,248,77,82,0.7572519083969466,0.9848484848484849,163.99999999999997,70.00000000000028,379.62896866039324,416.0000000000002,0.006153846153846154
all_test,PhaseNetMatched,Full3C,43,,strict,P,50,330,221,330,322,8,8,0.9757575757575757,1.0,28.33333333333328,0.0,272.4762986634495,19.999999999999574,0.0030303030303030303
all_test,PhaseNetMatched,Full3C,43,,strict,P,100,330,221,330,325,5,5,0.9848484848484849,1.0,28.33333333333328,0.0,272.4762986634495,19.999999999999574,0.0030303030303030303
all_test,PhaseNetMatched,Full3C,43,,strict,P,200,330,221,330,325,5,5,0.9848484848484849,1.0,28.33333333333328,0.0,272.4762986634495,19.999999999999574,0.0030303030303030303
all_test,PhaseNetMatched,Full3C,43,,strict,S,50,330,221,323,132,191,198,0.40428790199081166,0.9787878787878788,162.0433436532508,70.00000000000028,377.54871746004846,406.00000000000045,0.006191950464396285
all_test,PhaseNetMatched,Full3C,43,,strict,S,100,330,221,323,202,121,128,0.6186830015313936,0.9787878787878788,162.0433436532508,70.00000000000028,377.54871746004846,406.00000000000045,0.006191950464396285
all_test,PhaseNetMatched,Full3C,43,,strict,S,200,330,221,323,247,76,83,0.7565084226646248,0.9787878787878788,162.0433436532508,70.00000000000028,377.54871746004846,406.00000000000045,0.006191950464396285
all_test,PhaseNetMatched,Full3C,44,,accepted,P,50,330,221,329,322,7,8,0.9772382397572079,0.996969696969697,33.98176291793293,9.999999999999787,261.79529811572536,30.00000000000025,0.00303951367781155
all_test,PhaseNetMatched,Full3C,44,,accepted,P,100,330,221,329,324,5,6,0.9833080424886191,0.996969696969697,33.98176291793293,9.999999999999787,261.79529811572536,30.00000000000025,0.00303951367781155
all_test,PhaseNetMatched,Full3C,44,,accepted,P,200,330,221,329,325,4,5,0.9863429438543247,0.996969696969697,33.98176291793293,9.999999999999787,261.79529811572536,30.00000000000025,0.00303951367781155
all_test,PhaseNetMatched,Full3C,44,,accepted,S,50,330,221,329,118,211,212,0.3581183611532625,0.996969696969697,166.80851063829783,89.99999999999986,264.6945822726609,462.0000000000007,0.0060790273556231
all_test,PhaseNetMatched,Full3C,44,,accepted,S,100,330,221,329,184,145,146,0.5584218512898331,0.996969696969697,166.80851063829783,89.99999999999986,264.6945822726609,462.0000000000007,0.0060790273556231
all_test,PhaseNetMatched,Full3C,44,,accepted,S,200,330,221,329,235,94,95,0.7132018209408194,0.996969696969697,166.80851063829783,89.99999999999986,264.6945822726609,462.0000000000007,0.0060790273556231
all_test,PhaseNetMatched,Full3C,44,,strict,P,50,330,221,329,322,7,8,0.9772382397572079,0.996969696969697,33.98176291793293,9.999999999999787,261.79529811572536,30.00000000000025,0.00303951367781155
all_test,PhaseNetMatched,Full3C,44,,strict,P,100,330,221,329,324,5,6,0.9833080424886191,0.996969696969697,33.98176291793293,9.999999999999787,261.79529811572536,30.00000000000025,0.00303951367781155
all_test,PhaseNetMatched,Full3C,44,,strict,P,200,330,221,329,325,4,5,0.9863429438543247,0.996969696969697,33.98176291793293,9.999999999999787,261.79529811572536,30.00000000000025,0.00303951367781155
all_test,PhaseNetMatched,Full3C,44,,strict,S,50,330,221,326,117,209,213,0.3567073170731707,0.9878787878787879,163.9263803680981,89.99999999999986,259.292335670423,415.0,0.006134969325153374
all_test,PhaseNetMatched,Full3C,44,,strict,S,100,330,221,326,183,143,147,0.5579268292682927,0.9878787878787879,163.9263803680981,89.99999999999986,259.292335670423,415.0,0.006134969325153374
all_test,PhaseNetMatched,Full3C,44,,strict,S,200,330,221,326,234,92,96,0.7134146341463414,0.9878787878787879,163.9263803680981,89.99999999999986,259.292335670423,415.0,0.006134969325153374
all_test,PhaseNetMatched,Zonly,42,,accepted,P,50,330,221,330,324,6,6,0.9818181818181818,1.0,21.48484848484837,0.0,140.00757555261504,19.999999999999574,0.0030303030303030303
all_test,PhaseNetMatched,Zonly,42,,accepted,P,100,330,221,330,326,4,4,0.9878787878787879,1.0,21.48484848484837,0.0,140.00757555261504,19.999999999999574,0.0030303030303030303
all_test,PhaseNetMatched,Zonly,42,,accepted,P,200,330,221,330,326,4,4,0.9878787878787879,1.0,21.48484848484837,0.0,140.00757555261504,19.999999999999574,0.0030303030303030303
all_test,PhaseNetMatched,Zonly,42,,accepted,S,50,330,221,330,50,280,280,0.15151515151515152,1.0,602.4242424242424,200.00000000000017,1799.6986279694588,990.0000000000005,0.09090909090909091
all_test,PhaseNetMatched,Zonly,42,,accepted,S,100,330,221,330,97,233,233,0.29393939393939394,1.0,602.4242424242424,200.00000000000017,1799.6986279694588,990.0000000000005,0.09090909090909091
all_test,PhaseNetMatched,Zonly,42,,accepted,S,200,330,221,330,166,164,164,0.503030303030303,1.0,602.4242424242424,200.00000000000017,1799.6986279694588,990.0000000000005,0.09090909090909091
all_test,PhaseNetMatched,Zonly,42,,strict,P,50,330,221,329,324,5,6,0.9833080424886191,0.996969696969697,18.510638297872223,0.0,128.9270663974327,19.999999999999574,0.00303951367781155
all_test,PhaseNetMatched,Zonly,42,,strict,P,100,330,221,329,326,3,4,0.9893778452200304,0.996969696969697,18.510638297872223,0.0,128.9270663974327,19.999999999999574,0.00303951367781155
all_test,PhaseNetMatched,Zonly,42,,strict,P,200,330,221,329,326,3,4,0.9893778452200304,0.996969696969697,18.510638297872223,0.0,128.9270663974327,19.999999999999574,0.00303951367781155
all_test,PhaseNetMatched,Zonly,42,,strict,S,50,330,221,325,50,275,280,0.15267175572519084,0.9848484848484849,551.3846153846155,199.9999999999993,1622.7120698196777,970.0,0.08615384615384615
all_test,PhaseNetMatched,Zonly,42,,strict,S,100,330,221,325,97,228,233,0.2961832061068702,0.9848484848484849,551.3846153846155,199.9999999999993,1622.7120698196777,970.0,0.08615384615384615
all_test,PhaseNetMatched,Zonly,42,,strict,S,200,330,221,325,165,160,165,0.5038167938931297,0.9848484848484849,551.3846153846155,199.9999999999993,1622.7120698196777,970.0,0.08615384615384615
all_test,PhaseNetMatched,Zonly,43,,accepted,P,50,330,221,329,321,8,9,0.9742033383915023,0.996969696969697,26.504559270516463,9.999999999999787,100.0729217403664,19.999999999999574,0.0
all_test,PhaseNetMatched,Zonly,43,,accepted,P,100,330,221,329,324,5,6,0.9833080424886191,0.996969696969697,26.504559270516463,9.999999999999787,100.0729217403664,19.999999999999574,0.0
all_test,PhaseNetMatched,Zonly,43,,accepted,P,200,330,221,329,324,5,6,0.9833080424886191,0.996969696969697,26.504559270516463,9.999999999999787,100.0729217403664,19.999999999999574,0.0
all_test,PhaseNetMatched,Zonly,43,,accepted,S,50,330,221,327,57,270,273,0.1735159817351598,0.990909090909091,441.9877675840979,180.00000000000148,1131.1760814378658,919.9999999999989,0.08256880733944955
all_test,PhaseNetMatched,Zonly,43,,accepted,S,100,330,221,327,105,222,225,0.319634703196347,0.990909090909091,441.9877675840979,180.00000000000148,1131.1760814378658,919.9999999999989,0.08256880733944955
all_test,PhaseNetMatched,Zonly,43,,accepted,S,200,330,221,327,176,151,154,0.5357686453576864,0.990909090909091,441.9877675840979,180.00000000000148,1131.1760814378658,919.9999999999989,0.08256880733944955
all_test,PhaseNetMatched,Zonly,43,,strict,P,50,330,221,327,319,8,11,0.9710806697108066,0.990909090909091,26.51376146788965,9.999999999999787,100.35868394625888,19.999999999999574,0.0
all_test,PhaseNetMatched,Zonly,43,,strict,P,100,330,221,327,322,5,8,0.9802130898021308,0.990909090909091,26.51376146788965,9.999999999999787,100.35868394625888,19.999999999999574,0.0
all_test,PhaseNetMatched,Zonly,43,,strict,P,200,330,221,327,322,5,8,0.9802130898021308,0.990909090909091,26.51376146788965,9.999999999999787,100.35868394625888,19.999999999999574,0.0
all_test,PhaseNetMatched,Zonly,43,,strict,S,50,330,221,320,55,265,275,0.16923076923076924,0.9696969696969697,413.84375,179.99999999999972,1043.874842833182,911.0000000000001,0.078125
all_test,PhaseNetMatched,Zonly,43,,strict,S,100,330,221,320,103,217,227,0.3169230769230769,0.9696969696969697,413.84375,179.99999999999972,1043.874842833182,911.0000000000001,0.078125
all_test,PhaseNetMatched,Zonly,43,,strict,S,200,330,221,320,173,147,157,0.5323076923076923,0.9696969696969697,413.84375,179.99999999999972,1043.874842833182,911.0000000000001,0.078125
all_test,PhaseNetMatched,Zonly,44,,accepted,P,50,330,221,330,318,12,12,0.9636363636363636,1.0,28.939393939393817,9.999999999999787,130.11999124351382,30.00000000000025,0.006060606060606061
all_test,PhaseNetMatched,Zonly,44,,accepted,P,100,330,221,330,323,7,7,0.9787878787878788,1.0,28.939393939393817,9.999999999999787,130.11999124351382,30.00000000000025,0.006060606060606061
all_test,PhaseNetMatched,Zonly,44,,accepted,P,200,330,221,330,323,7,7,0.9787878787878788,1.0,28.939393939393817,9.999999999999787,130.11999124351382,30.00000000000025,0.006060606060606061
all_test,PhaseNetMatched,Zonly,44,,accepted,S,50,330,221,330,55,275,275,0.16666666666666666,1.0,468.48484848484867,209.99999999999997,1260.0610855803536,853.0000000000003,0.08181818181818182
all_test,PhaseNetMatched,Zonly,44,,accepted,S,100,330,221,330,94,236,236,0.28484848484848485,1.0,468.48484848484867,209.99999999999997,1260.0610855803536,853.0000000000003,0.08181818181818182
all_test,PhaseNetMatched,Zonly,44,,accepted,S,200,330,221,330,164,166,166,0.49696969696969695,1.0,468.48484848484867,209.99999999999997,1260.0610855803536,853.0000000000003,0.08181818181818182
all_test,PhaseNetMatched,Zonly,44,,strict,P,50,330,221,328,318,10,12,0.9665653495440729,0.9939393939393939,22.804878048780363,9.999999999999787,102.46355687660309,30.00000000000025,0.0
all_test,PhaseNetMatched,Zonly,44,,strict,P,100,330,221,328,323,5,7,0.9817629179331308,0.9939393939393939,22.804878048780363,9.999999999999787,102.46355687660309,30.00000000000025,0.0
all_test,PhaseNetMatched,Zonly,44,,strict,P,200,330,221,328,323,5,7,0.9817629179331308,0.9939393939393939,22.804878048780363,9.999999999999787,102.46355687660309,30.00000000000025,0.0
all_test,PhaseNetMatched,Zonly,44,,strict,S,50,330,221,324,55,269,275,0.16819571865443425,0.9818181818181818,438.858024691358,199.99999999999972,1131.4069957903996,849.9999999999997,0.08024691358024691
all_test,PhaseNetMatched,Zonly,44,,strict,S,100,330,221,324,94,230,236,0.2874617737003058,0.9818181818181818,438.858024691358,199.99999999999972,1131.4069957903996,849.9999999999997,0.08024691358024691
all_test,PhaseNetMatched,Zonly,44,,strict,S,200,330,221,324,163,161,167,0.4984709480122324,0.9818181818181818,438.858024691358,199.99999999999972,1131.4069957903996,849.9999999999997,0.08024691358024691
station_seen_train,Stack,Full3C,42,42,accepted,P,50,318,211,315,223,92,95,0.7045813586097947,0.9905660377358491,129.99999999999986,29.99999999999936,661.361030526,160.00000000000014,0.012698412698412698
station_seen_train,Stack,Full3C,42,42,accepted,P,100,318,211,315,266,49,52,0.8404423380726699,0.9905660377358491,129.99999999999986,29.99999999999936,661.361030526,160.00000000000014,0.012698412698412698
station_seen_train,Stack,Full3C,42,42,accepted,P,200,318,211,315,288,27,30,0.909952606635071,0.9905660377358491,129.99999999999986,29.99999999999936,661.361030526,160.00000000000014,0.012698412698412698
station_seen_train,Stack,Full3C,42,42,accepted,S,50,318,211,310,114,196,204,0.3630573248407643,0.9748427672955975,506.1290322580645,89.99999999999986,1626.721420724877,650.0000000000003,0.06451612903225806
station_seen_train,Stack,Full3C,42,42,accepted,S,100,318,211,310,172,138,146,0.5477707006369427,0.9748427672955975,506.1290322580645,89.99999999999986,1626.721420724877,650.0000000000003,0.06451612903225806
station_seen_train,Stack,Full3C,42,42,accepted,S,200,318,211,310,211,99,107,0.6719745222929936,0.9748427672955975,506.1290322580645,89.99999999999986,1626.721420724877,650.0000000000003,0.06451612903225806
station_seen_train,Stack,Full3C,42,42,strict,P,50,318,211,312,222,90,96,0.7047619047619048,0.9811320754716981,129.48717948717936,29.99999999999936,664.1656612931939,160.00000000000014,0.01282051282051282
station_seen_train,Stack,Full3C,42,42,strict,P,100,318,211,312,265,47,53,0.8412698412698413,0.9811320754716981,129.48717948717936,29.99999999999936,664.1656612931939,160.00000000000014,0.01282051282051282
station_seen_train,Stack,Full3C,42,42,strict,P,200,318,211,312,286,26,32,0.9079365079365079,0.9811320754716981,129.48717948717936,29.99999999999936,664.1656612931939,160.00000000000014,0.01282051282051282
station_seen_train,Stack,Full3C,42,42,strict,S,50,318,211,303,113,190,205,0.3639291465378422,0.9528301886792453,484.1914191419142,80.00000000000185,1602.2709749688793,613.9999999999983,0.0594059405940594
station_seen_train,Stack,Full3C,42,42,strict,S,100,318,211,303,170,133,148,0.5475040257648953,0.9528301886792453,484.1914191419142,80.00000000000185,1602.2709749688793,613.9999999999983,0.0594059405940594
station_seen_train,Stack,Full3C,42,42,strict,S,200,318,211,303,209,94,109,0.6731078904991948,0.9528301886792453,484.1914191419142,80.00000000000185,1602.2709749688793,613.9999999999983,0.0594059405940594
station_seen_train,Stack,Full3C,42,43,accepted,P,50,318,211,314,223,91,95,0.7056962025316456,0.9874213836477987,132.7070063694266,29.99999999999936,662.820406837135,169.99999999999994,0.012738853503184714
station_seen_train,Stack,Full3C,42,43,accepted,P,100,318,211,314,261,53,57,0.8259493670886076,0.9874213836477987,132.7070063694266,29.99999999999936,662.820406837135,169.99999999999994,0.012738853503184714
station_seen_train,Stack,Full3C,42,43,accepted,P,200,318,211,314,285,29,33,0.9018987341772152,0.9874213836477987,132.7070063694266,29.99999999999936,662.820406837135,169.99999999999994,0.012738853503184714
station_seen_train,Stack,Full3C,42,43,accepted,S,50,318,211,308,108,200,210,0.3450479233226837,0.9685534591194969,632.8246753246754,89.99999999999986,1943.4312439600226,679.0,0.07792207792207792
station_seen_train,Stack,Full3C,42,43,accepted,S,100,318,211,308,166,142,152,0.5303514376996805,0.9685534591194969,632.8246753246754,89.99999999999986,1943.4312439600226,679.0,0.07792207792207792
station_seen_train,Stack,Full3C,42,43,accepted,S,200,318,211,308,211,97,107,0.6741214057507987,0.9685534591194969,632.8246753246754,89.99999999999986,1943.4312439600226,679.0,0.07792207792207792
station_seen_train,Stack,Full3C,42,43,strict,P,50,318,211,310,223,87,95,0.7101910828025477,0.9748427672955975,128.61290322580632,29.99999999999936,665.0260727365168,160.00000000000014,0.012903225806451613
station_seen_train,Stack,Full3C,42,43,strict,P,100,318,211,310,261,49,57,0.8312101910828026,0.9748427672955975,128.61290322580632,29.99999999999936,665.0260727365168,160.00000000000014,0.012903225806451613
station_seen_train,Stack,Full3C,42,43,strict,P,200,318,211,310,285,25,33,0.9076433121019108,0.9748427672955975,128.61290322580632,29.99999999999936,665.0260727365168,160.00000000000014,0.012903225806451613
station_seen_train,Stack,Full3C,42,43,strict,S,50,318,211,298,108,190,210,0.35064935064935066,0.9371069182389937,538.255033557047,84.99999999999997,1789.2072032348249,602.0000000000001,0.06040268456375839
station_seen_train,Stack,Full3C,42,43,strict,S,100,318,211,298,165,133,153,0.5357142857142857,0.9371069182389937,538.255033557047,84.99999999999997,1789.2072032348249,602.0000000000001,0.06040268456375839
station_seen_train,Stack,Full3C,42,43,strict,S,200,318,211,298,208,90,110,0.6753246753246753,0.9371069182389937,538.255033557047,84.99999999999997,1789.2072032348249,602.0000000000001,0.06040268456375839
station_seen_train,Stack,Full3C,42,44,accepted,P,50,318,211,317,222,95,96,0.6992125984251969,0.9968553459119497,301.167192429022,29.99999999999936,2276.0513568853867,204.00000000000043,0.01892744479495268
station_seen_train,Stack,Full3C,42,44,accepted,P,100,318,211,317,261,56,57,0.8220472440944881,0.9968553459119497,301.167192429022,29.99999999999936,2276.0513568853867,204.00000000000043,0.01892744479495268
station_seen_train,Stack,Full3C,42,44,accepted,P,200,318,211,317,285,32,33,0.8976377952755905,0.9968553459119497,301.167192429022,29.99999999999936,2276.0513568853867,204.00000000000043,0.01892744479495268
station_seen_train,Stack,Full3C,42,44,accepted,S,50,318,211,310,108,202,210,0.34394904458598724,0.9748427672955975,569.1935483870968,89.99999999999986,1859.820230646656,712.0000000000013,0.07096774193548387
station_seen_train,Stack,Full3C,42,44,accepted,S,100,318,211,310,169,141,149,0.5382165605095541,0.9748427672955975,569.1935483870968,89.99999999999986,1859.820230646656,712.0000000000013,0.07096774193548387
station_seen_train,Stack,Full3C,42,44,accepted,S,200,318,211,310,206,104,112,0.6560509554140127,0.9748427672955975,569.1935483870968,89.99999999999986,1859.820230646656,712.0000000000013,0.07096774193548387
station_seen_train,Stack,Full3C,42,44,strict,P,50,318,211,312,222,90,96,0.7047619047619048,0.9811320754716981,132.5961538461537,29.99999999999936,665.21323937979,169.99999999999994,0.01282051282051282
station_seen_train,Stack,Full3C,42,44,strict,P,100,318,211,312,261,51,57,0.8285714285714286,0.9811320754716981,132.5961538461537,29.99999999999936,665.21323937979,169.99999999999994,0.01282051282051282
station_seen_train,Stack,Full3C,42,44,strict,P,200,318,211,312,284,28,34,0.9015873015873016,0.9811320754716981,132.5961538461537,29.99999999999936,665.21323937979,169.99999999999994,0.01282051282051282
station_seen_train,Stack,Full3C,42,44,strict,S,50,318,211,301,108,193,210,0.34894991922455576,0.9465408805031447,456.2458471760796,80.00000000000007,1544.5130617792279,620.000000000001,0.05647840531561462
station_seen_train,Stack,Full3C,42,44,strict,S,100,318,211,301,168,133,150,0.5428109854604201,0.9465408805031447,456.2458471760796,80.00000000000007,1544.5130617792279,620.000000000001,0.05647840531561462
station_seen_train,Stack,Full3C,42,44,strict,S,200,318,211,301,205,96,113,0.6623586429725363,0.9465408805031447,456.2458471760796,80.00000000000007,1544.5130617792279,620.000000000001,0.05647840531561462
station_seen_train,Stack,Full3C,43,42,accepted,P,50,318,211,315,223,92,95,0.7045813586097947,0.9905660377358491,132.38095238095227,29.999999999999805,660.1572684198964,169.99999999999994,0.012698412698412698
station_seen_train,Stack,Full3C,43,42,accepted,P,100,318,211,315,265,50,53,0.8372827804107424,0.9905660377358491,132.38095238095227,29.999999999999805,660.1572684198964,169.99999999999994,0.012698412698412698
station_seen_train,Stack,Full3C,43,42,accepted,P,200,318,211,315,287,28,31,0.9067930489731437,0.9905660377358491,132.38095238095227,29.999999999999805,660.1572684198964,169.99999999999994,0.012698412698412698
station_seen_train,Stack,Full3C,43,42,accepted,S,50,318,211,312,121,191,197,0.38412698412698415,0.9811320754716981,598.2051282051282,80.00000000000007,2018.984734705629,690.0000000000011,0.07371794871794872
station_seen_train,Stack,Full3C,43,42,accepted,S,100,318,211,312,175,137,143,0.5555555555555556,0.9811320754716981,598.2051282051282,80.00000000000007,2018.984734705629,690.0000000000011,0.07371794871794872
station_seen_train,Stack,Full3C,43,42,accepted,S,200,318,211,312,220,92,98,0.6984126984126984,0.9811320754716981,598.2051282051282,80.00000000000007,2018.984734705629,690.0000000000011,0.07371794871794872
station_seen_train,Stack,Full3C,43,42,strict,P,50,318,211,309,223,86,95,0.7113237639553429,0.9716981132075472,128.80258899676363,29.99999999999936,664.5226040264815,160.00000000000014,0.012944983818770227
station_seen_train,Stack,Full3C,43,42,strict,P,100,318,211,309,264,45,54,0.8421052631578947,0.9716981132075472,128.80258899676363,29.99999999999936,664.5226040264815,160.00000000000014,0.012944983818770227
station_seen_train,Stack,Full3C,43,42,strict,P,200,318,211,309,285,24,33,0.9090909090909091,0.9716981132075472,128.80258899676363,29.99999999999936,664.5226040264815,160.00000000000014,0.012944983818770227
station_seen_train,Stack,Full3C,43,42,strict,S,50,318,211,297,119,178,199,0.38699186991869916,0.9339622641509434,479.4949494949494,80.00000000000007,1581.674835797575,624.000000000003,0.06397306397306397
station_seen_train,Stack,Full3C,43,42,strict,S,100,318,211,297,170,127,148,0.5528455284552846,0.9339622641509434,479.4949494949494,80.00000000000007,1581.674835797575,624.000000000003,0.06397306397306397
station_seen_train,Stack,Full3C,43,42,strict,S,200,318,211,297,213,84,105,0.6926829268292682,0.9339622641509434,479.4949494949494,80.00000000000007,1581.674835797575,624.000000000003,0.06397306397306397
station_seen_train,Stack,Full3C,43,43,accepted,P,50,318,211,313,223,90,95,0.7068145800316957,0.9842767295597484,130.3514376996804,29.99999999999936,660.8722090369032,177.9999999999999,0.012779552715654952
station_seen_train,Stack,Full3C,43,43,accepted,P,100,318,211,313,262,51,56,0.8304278922345484,0.9842767295597484,130.3514376996804,29.99999999999936,660.8722090369032,177.9999999999999,0.012779552715654952
station_seen_train,Stack,Full3C,43,43,accepted,P,200,318,211,313,284,29,34,0.9001584786053882,0.9842767295597484,130.3514376996804,29.99999999999936,660.8722090369032,177.9999999999999,0.012779552715654952
station_seen_train,Stack,Full3C,43,43,accepted,S,50,318,211,312,120,192,198,0.38095238095238093,0.9811320754716981,758.8141025641025,80.00000000000007,2498.869552109821,817.0000000000011,0.09615384615384616
station_seen_train,Stack,Full3C,43,43,accepted,S,100,318,211,312,175,137,143,0.5555555555555556,0.9811320754716981,758.8141025641025,80.00000000000007,2498.869552109821,817.0000000000011,0.09615384615384616
station_seen_train,Stack,Full3C,43,43,accepted,S,200,318,211,312,213,99,105,0.6761904761904762,0.9811320754716981,758.8141025641025,80.00000000000007,2498.869552109821,817.0000000000011,0.09615384615384616
station_seen_train,Stack,Full3C,43,43,strict,P,50,318,211,310,222,88,96,0.7070063694267515,0.9748427672955975,129.54838709677406,29.99999999999936,663.5632065088133,161.00000000000034,0.012903225806451613
station_seen_train,Stack,Full3C,43,43,strict,P,100,318,211,310,261,49,57,0.8312101910828026,0.9748427672955975,129.54838709677406,29.99999999999936,663.5632065088133,161.00000000000034,0.012903225806451613
station_seen_train,Stack,Full3C,43,43,strict,P,200,318,211,310,283,27,35,0.9012738853503185,0.9748427672955975,129.54838709677406,29.99999999999936,663.5632065088133,161.00000000000034,0.012903225806451613
station_seen_train,Stack,Full3C,43,43,strict,S,50,318,211,295,116,179,202,0.37846655791190864,0.9276729559748428,643.9661016949152,80.00000000000007,2145.015111953404,746.0000000000003,0.0847457627118644
station_seen_train,Stack,Full3C,43,43,strict,S,100,318,211,295,171,124,147,0.5579119086460033,0.9276729559748428,643.9661016949152,80.00000000000007,2145.015111953404,746.0000000000003,0.0847457627118644
station_seen_train,Stack,Full3C,43,43,strict,S,200,318,211,295,208,87,110,0.6786296900489397,0.9276729559748428,643.9661016949152,80.00000000000007,2145.015111953404,746.0000000000003,0.0847457627118644
station_seen_train,Stack,Full3C,43,44,accepted,P,50,318,211,315,218,97,100,0.688783570300158,0.9905660377358491,135.11111111111097,29.99999999999936,661.831993259307,186.00000000000034,0.012698412698412698
station_seen_train,Stack,Full3C,43,44,accepted,P,100,318,211,315,262,53,56,0.8278041074249605,0.9905660377358491,135.11111111111097,29.99999999999936,661.831993259307,186.00000000000034,0.012698412698412698
station_seen_train,Stack,Full3C,43,44,accepted,P,200,318,211,315,285,30,33,0.9004739336492891,0.9905660377358491,135.11111111111097,29.99999999999936,661.831993259307,186.00000000000034,0.012698412698412698
station_seen_train,Stack,Full3C,43,44,accepted,S,50,318,211,314,121,193,197,0.3829113924050633,0.9874213836477987,658.312101910828,89.99999999999986,2282.84135447068,690.9999999999991,0.07961783439490445
station_seen_train,Stack,Full3C,43,44,accepted,S,100,318,211,314,177,137,141,0.560126582278481,0.9874213836477987,658.312101910828,89.99999999999986,2282.84135447068,690.9999999999991,0.07961783439490445
station_seen_train,Stack,Full3C,43,44,accepted,S,200,318,211,314,216,98,102,0.6835443037974683,0.9874213836477987,658.312101910828,89.99999999999986,2282.84135447068,690.9999999999991,0.07961783439490445
station_seen_train,Stack,Full3C,43,44,strict,P,50,318,211,311,217,94,101,0.6899841017488076,0.9779874213836478,132.31511254019279,29.99999999999936,664.304631239928,179.99999999999972,0.012861736334405145
station_seen_train,Stack,Full3C,43,44,strict,P,100,318,211,311,261,50,57,0.8298887122416534,0.9779874213836478,132.31511254019279,29.99999999999936,664.304631239928,179.99999999999972,0.012861736334405145
station_seen_train,Stack,Full3C,43,44,strict,P,200,318,211,311,284,27,34,0.9030206677265501,0.9779874213836478,132.31511254019279,29.99999999999936,664.304631239928,179.99999999999972,0.012861736334405145
station_seen_train,Stack,Full3C,43,44,strict,S,50,318,211,300,119,181,199,0.3851132686084142,0.9433962264150944,508.93333333333334,80.00000000000007,1813.3188724913591,624.000000000002,0.06333333333333334
station_seen_train,Stack,Full3C,43,44,strict,S,100,318,211,300,173,127,145,0.5598705501618123,0.9433962264150944,508.93333333333334,80.00000000000007,1813.3188724913591,624.000000000002,0.06333333333333334
station_seen_train,Stack,Full3C,43,44,strict,S,200,318,211,300,210,90,108,0.6796116504854369,0.9433962264150944,508.93333333333334,80.00000000000007,1813.3188724913591,624.000000000002,0.06333333333333334
station_seen_train,Stack,Full3C,44,42,accepted,P,50,318,211,315,211,104,107,0.6666666666666666,0.9905660377358491,108.1904761904761,29.99999999999936,482.63035906588334,186.00000000000034,0.009523809523809525
station_seen_train,Stack,Full3C,44,42,accepted,P,100,318,211,315,259,56,59,0.8183254344391785,0.9905660377358491,108.1904761904761,29.99999999999936,482.63035906588334,186.00000000000034,0.009523809523809525
station_seen_train,Stack,Full3C,44,42,accepted,P,200,318,211,315,287,28,31,0.9067930489731437,0.9905660377358491,108.1904761904761,29.99999999999936,482.63035906588334,186.00000000000034,0.009523809523809525
station_seen_train,Stack,Full3C,44,42,accepted,S,50,318,211,314,113,201,205,0.3575949367088608,0.9874213836477987,540.6369426751593,99.99999999999964,1762.3149945816692,663.9999999999998,0.07961783439490445
station_seen_train,Stack,Full3C,44,42,accepted,S,100,318,211,314,169,145,149,0.5348101265822784,0.9874213836477987,540.6369426751593,99.99999999999964,1762.3149945816692,663.9999999999998,0.07961783439490445
station_seen_train,Stack,Full3C,44,42,accepted,S,200,318,211,314,214,100,104,0.6772151898734177,0.9874213836477987,540.6369426751593,99.99999999999964,1762.3149945816692,663.9999999999998,0.07961783439490445
station_seen_train,Stack,Full3C,44,42,strict,P,50,318,211,310,211,99,107,0.6719745222929936,0.9748427672955975,104.774193548387,29.99999999999936,484.35657353088607,169.99999999999994,0.00967741935483871
station_seen_train,Stack,Full3C,44,42,strict,P,100,318,211,310,259,51,59,0.8248407643312102,0.9748427672955975,104.774193548387,29.99999999999936,484.35657353088607,169.99999999999994,0.00967741935483871
station_seen_train,Stack,Full3C,44,42,strict,P,200,318,211,310,285,25,33,0.9076433121019108,0.9748427672955975,104.774193548387,29.99999999999936,484.35657353088607,169.99999999999994,0.00967741935483871
station_seen_train,Stack,Full3C,44,42,strict,S,50,318,211,308,113,195,205,0.3610223642172524,0.9685534591194969,482.62987012987014,94.99999999999974,1638.5877471758433,643.0000000000006,0.07142857142857142
station_seen_train,Stack,Full3C,44,42,strict,S,100,318,211,308,167,141,151,0.5335463258785943,0.9685534591194969,482.62987012987014,94.99999999999974,1638.5877471758433,643.0000000000006,0.07142857142857142
station_seen_train,Stack,Full3C,44,42,strict,S,200,318,211,308,212,96,106,0.6773162939297125,0.9685534591194969,482.62987012987014,94.99999999999974,1638.5877471758433,643.0000000000006,0.07142857142857142
station_seen_train,Stack,Full3C,44,43,accepted,P,50,318,211,312,217,95,101,0.6888888888888889,0.9811320754716981,105.22435897435888,29.99999999999936,482.9214646561499,160.00000000000014,0.009615384615384616
station_seen_train,Stack,Full3C,44,43,accepted,P,100,318,211,312,260,52,58,0.8253968253968254,0.9811320754716981,105.22435897435888,29.99999999999936,482.9214646561499,160.00000000000014,0.009615384615384616
station_seen_train,Stack,Full3C,44,43,accepted,P,200,318,211,312,286,26,32,0.9079365079365079,0.9811320754716981,105.22435897435888,29.99999999999936,482.9214646561499,160.00000000000014,0.009615384615384616
station_seen_train,Stack,Full3C,44,43,accepted,S,50,318,211,309,114,195,204,0.36363636363636365,0.9716981132075472,653.5275080906149,89.99999999999986,2191.9388943364397,723.9999999999998,0.08737864077669903
station_seen_train,Stack,Full3C,44,43,accepted,S,100,318,211,309,171,138,147,0.5454545454545454,0.9716981132075472,653.5275080906149,89.99999999999986,2191.9388943364397,723.9999999999998,0.08737864077669903
station_seen_train,Stack,Full3C,44,43,accepted,S,200,318,211,309,213,96,105,0.6794258373205742,0.9716981132075472,653.5275080906149,89.99999999999986,2191.9388943364397,723.9999999999998,0.08737864077669903
station_seen_train,Stack,Full3C,44,43,strict,P,50,318,211,310,217,93,101,0.6910828025477707,0.9748427672955975,103.48387096774184,29.99999999999936,483.5380359993043,160.00000000000014,0.00967741935483871
station_seen_train,Stack,Full3C,44,43,strict,P,100,318,211,310,260,50,58,0.8280254777070064,0.9748427672955975,103.48387096774184,29.99999999999936,483.5380359993043,160.00000000000014,0.00967741935483871
station_seen_train,Stack,Full3C,44,43,strict,P,200,318,211,310,286,24,32,0.910828025477707,0.9748427672955975,103.48387096774184,29.99999999999936,483.5380359993043,160.00000000000014,0.00967741935483871
station_seen_train,Stack,Full3C,44,43,strict,S,50,318,211,296,114,182,204,0.3713355048859935,0.9308176100628931,498.3783783783784,80.00000000000007,1631.9073569359327,640.0000000000006,0.07094594594594594
station_seen_train,Stack,Full3C,44,43,strict,S,100,318,211,296,170,126,148,0.5537459283387622,0.9308176100628931,498.3783783783784,80.00000000000007,1631.9073569359327,640.0000000000006,0.07094594594594594
station_seen_train,Stack,Full3C,44,43,strict,S,200,318,211,296,209,87,109,0.6807817589576547,0.9308176100628931,498.3783783783784,80.00000000000007,1631.9073569359327,640.0000000000006,0.07094594594594594
station_seen_train,Stack,Full3C,44,44,accepted,P,50,318,211,318,213,105,105,0.6698113207547169,1.0,366.16352201257854,30.00000000000025,2758.3531227320286,209.99999999999997,0.018867924528301886
station_seen_train,Stack,Full3C,44,44,accepted,P,100,318,211,318,258,60,60,0.8113207547169812,1.0,366.16352201257854,30.00000000000025,2758.3531227320286,209.99999999999997,0.018867924528301886
station_seen_train,Stack,Full3C,44,44,accepted,P,200,318,211,318,284,34,34,0.8930817610062893,1.0,366.16352201257854,30.00000000000025,2758.3531227320286,209.99999999999997,0.018867924528301886
station_seen_train,Stack,Full3C,44,44,accepted,S,50,318,211,314,109,205,209,0.3449367088607595,0.9874213836477987,749.8089171974523,99.99999999999964,2700.2220951353843,900.0000000000003,0.09554140127388536
station_seen_train,Stack,Full3C,44,44,accepted,S,100,318,211,314,164,150,154,0.5189873417721519,0.9874213836477987,749.8089171974523,99.99999999999964,2700.2220951353843,900.0000000000003,0.09554140127388536
station_seen_train,Stack,Full3C,44,44,accepted,S,200,318,211,314,211,103,107,0.6677215189873418,0.9874213836477987,749.8089171974523,99.99999999999964,2700.2220951353843,900.0000000000003,0.09554140127388536
station_seen_train,Stack,Full3C,44,44,strict,P,50,318,211,313,213,100,105,0.6751188589540412,0.9842767295597484,107.1565495207667,29.999999999999805,484.045782430565,169.99999999999994,0.009584664536741214
station_seen_train,Stack,Full3C,44,44,strict,P,100,318,211,313,258,55,60,0.8177496038034865,0.9842767295597484,107.1565495207667,29.999999999999805,484.045782430565,169.99999999999994,0.009584664536741214
station_seen_train,Stack,Full3C,44,44,strict,P,200,318,211,313,284,29,34,0.9001584786053882,0.9842767295597484,107.1565495207667,29.999999999999805,484.045782430565,169.99999999999994,0.009584664536741214
station_seen_train,Stack,Full3C,44,44,strict,S,50,318,211,303,109,194,209,0.35104669887278583,0.9528301886792453,532.6072607260726,89.99999999999986,1743.6774991729728,750.0,0.08250825082508251
station_seen_train,Stack,Full3C,44,44,strict,S,100,318,211,303,164,139,154,0.5281803542673108,0.9528301886792453,532.6072607260726,89.99999999999986,1743.6774991729728,750.0,0.08250825082508251
station_seen_train,Stack,Full3C,44,44,strict,S,200,318,211,303,210,93,108,0.6763285024154589,0.9528301886792453,532.6072607260726,89.99999999999986,1743.6774991729728,750.0,0.08250825082508251
station_seen_train,Stack,Zonly,42,42,accepted,P,50,318,211,316,212,104,106,0.668769716088328,0.9937106918238994,174.36708860759487,30.00000000000025,965.528975500811,209.99999999999997,0.015822784810126583
station_seen_train,Stack,Zonly,42,42,accepted,P,100,318,211,316,254,62,64,0.8012618296529969,0.9937106918238994,174.36708860759487,30.00000000000025,965.528975500811,209.99999999999997,0.015822784810126583
station_seen_train,Stack,Zonly,42,42,accepted,P,200,318,211,316,283,33,35,0.8927444794952681,0.9937106918238994,174.36708860759487,30.00000000000025,965.528975500811,209.99999999999997,0.015822784810126583
station_seen_train,Stack,Zonly,42,42,accepted,S,50,318,211,303,52,251,266,0.16747181964573268,0.9528301886792453,1167.3597359735973,250.0,2508.8625090085966,3980.0000000000005,0.22772277227722773
station_seen_train,Stack,Zonly,42,42,accepted,S,100,318,211,303,86,217,232,0.27697262479871176,0.9528301886792453,1167.3597359735973,250.0,2508.8625090085966,3980.0000000000005,0.22772277227722773
station_seen_train,Stack,Zonly,42,42,accepted,S,200,318,211,303,133,170,185,0.428341384863124,0.9528301886792453,1167.3597359735973,250.0,2508.8625090085966,3980.0000000000005,0.22772277227722773
station_seen_train,Stack,Zonly,42,42,strict,P,50,318,211,314,212,102,106,0.6708860759493671,0.9874213836477987,173.31210191082795,30.00000000000025,967.9790490968521,206.99999999999991,0.01592356687898089
station_seen_train,Stack,Zonly,42,42,strict,P,100,318,211,314,253,61,65,0.8006329113924051,0.9874213836477987,173.31210191082795,30.00000000000025,967.9790490968521,206.99999999999991,0.01592356687898089
station_seen_train,Stack,Zonly,42,42,strict,P,200,318,211,314,282,32,36,0.8924050632911392,0.9874213836477987,173.31210191082795,30.00000000000025,967.9790490968521,206.99999999999991,0.01592356687898089
station_seen_train,Stack,Zonly,42,42,strict,S,50,318,211,235,45,190,273,0.162748643761302,0.7389937106918238,925.5744680851063,219.99999999999886,2137.549501728656,3209.9999999999973,0.17872340425531916
station_seen_train,Stack,Zonly,42,42,strict,S,100,318,211,235,72,163,246,0.2603978300180832,0.7389937106918238,925.5744680851063,219.99999999999886,2137.549501728656,3209.9999999999973,0.17872340425531916
station_seen_train,Stack,Zonly,42,42,strict,S,200,318,211,235,114,121,204,0.41229656419529837,0.7389937106918238,925.5744680851063,219.99999999999886,2137.549501728656,3209.9999999999973,0.17872340425531916
station_seen_train,Stack,Zonly,42,43,accepted,P,50,318,211,312,216,96,102,0.6857142857142857,0.9811320754716981,134.9358974358973,30.00000000000025,662.1153939244992,209.00000000000034,0.01282051282051282
station_seen_train,Stack,Zonly,42,43,accepted,P,100,318,211,312,255,57,63,0.8095238095238095,0.9811320754716981,134.9358974358973,30.00000000000025,662.1153939244992,209.00000000000034,0.01282051282051282
station_seen_train,Stack,Zonly,42,43,accepted,P,200,318,211,312,280,32,38,0.8888888888888888,0.9811320754716981,134.9358974358973,30.00000000000025,662.1153939244992,209.00000000000034,0.01282051282051282
station_seen_train,Stack,Zonly,42,43,accepted,S,50,318,211,280,47,233,271,0.15719063545150502,0.8805031446540881,1219.857142857143,245.0000000000001,2577.619194971537,4416.0,0.225
station_seen_train,Stack,Zonly,42,43,accepted,S,100,318,211,280,83,197,235,0.27759197324414714,0.8805031446540881,1219.857142857143,245.0000000000001,2577.619194971537,4416.0,0.225
station_seen_train,Stack,Zonly,42,43,accepted,S,200,318,211,280,123,157,195,0.411371237458194,0.8805031446540881,1219.857142857143,245.0000000000001,2577.619194971537,4416.0,0.225
station_seen_train,Stack,Zonly,42,43,strict,P,50,318,211,309,214,95,104,0.682615629984051,0.9716981132075472,135.69579288025875,30.00000000000025,665.282624809777,211.9999999999998,0.012944983818770227
station_seen_train,Stack,Zonly,42,43,strict,P,100,318,211,309,253,56,65,0.8070175438596491,0.9716981132075472,135.69579288025875,30.00000000000025,665.282624809777,211.9999999999998,0.012944983818770227
station_seen_train,Stack,Zonly,42,43,strict,P,200,318,211,309,277,32,41,0.8835725677830941,0.9716981132075472,135.69579288025875,30.00000000000025,665.282624809777,211.9999999999998,0.012944983818770227
station_seen_train,Stack,Zonly,42,43,strict,S,50,318,211,210,36,174,282,0.13636363636363635,0.660377358490566,971.7142857142856,229.99999999999955,2169.7577218271563,3469.999999999999,0.18571428571428572
station_seen_train,Stack,Zonly,42,43,strict,S,100,318,211,210,64,146,254,0.24242424242424243,0.660377358490566,971.7142857142856,229.99999999999955,2169.7577218271563,3469.999999999999,0.18571428571428572
station_seen_train,Stack,Zonly,42,43,strict,S,200,318,211,210,97,113,221,0.36742424242424243,0.660377358490566,971.7142857142856,229.99999999999955,2169.7577218271563,3469.999999999999,0.18571428571428572
station_seen_train,Stack,Zonly,42,44,accepted,P,50,318,211,314,211,103,107,0.6677215189873418,0.9874213836477987,138.37579617834385,30.00000000000025,662.758902661688,200.00000000000017,0.012738853503184714
station_seen_train,Stack,Zonly,42,44,accepted,P,100,318,211,314,254,60,64,0.8037974683544303,0.9874213836477987,138.37579617834385,30.00000000000025,662.758902661688,200.00000000000017,0.012738853503184714
station_seen_train,Stack,Zonly,42,44,accepted,P,200,318,211,314,283,31,35,0.8955696202531646,0.9874213836477987,138.37579617834385,30.00000000000025,662.758902661688,200.00000000000017,0.012738853503184714
station_seen_train,Stack,Zonly,42,44,accepted,S,50,318,211,272,54,218,264,0.18305084745762712,0.8553459119496856,1146.6911764705883,254.9999999999999,2543.728302407824,4339.0,0.19117647058823528
station_seen_train,Stack,Zonly,42,44,accepted,S,100,318,211,272,85,187,233,0.288135593220339,0.8553459119496856,1146.6911764705883,254.9999999999999,2543.728302407824,4339.0,0.19117647058823528
station_seen_train,Stack,Zonly,42,44,accepted,S,200,318,211,272,117,155,201,0.39661016949152544,0.8553459119496856,1146.6911764705883,254.9999999999999,2543.728302407824,4339.0,0.19117647058823528
station_seen_train,Stack,Zonly,42,44,strict,P,50,318,211,310,209,101,109,0.6656050955414012,0.9748427672955975,137.41935483870958,30.00000000000025,666.1187533378618,200.00000000000017,0.012903225806451613
station_seen_train,Stack,Zonly,42,44,strict,P,100,318,211,310,252,58,66,0.802547770700637,0.9748427672955975,137.41935483870958,30.00000000000025,666.1187533378618,200.00000000000017,0.012903225806451613
station_seen_train,Stack,Zonly,42,44,strict,P,200,318,211,310,280,30,38,0.89171974522293,0.9748427672955975,137.41935483870958,30.00000000000025,666.1187533378618,200.00000000000017,0.012903225806451613
station_seen_train,Stack,Zonly,42,44,strict,S,50,318,211,158,41,117,277,0.1722689075630252,0.4968553459119497,645.1898734177213,144.99999999999957,1743.6989636830567,1015.0000000000008,0.10126582278481013
station_seen_train,Stack,Zonly,42,44,strict,S,100,318,211,158,65,93,253,0.27310924369747897,0.4968553459119497,645.1898734177213,144.99999999999957,1743.6989636830567,1015.0000000000008,0.10126582278481013
station_seen_train,Stack,Zonly,42,44,strict,S,200,318,211,158,84,74,234,0.35294117647058826,0.4968553459119497,645.1898734177213,144.99999999999957,1743.6989636830567,1015.0000000000008,0.10126582278481013
station_seen_train,Stack,Zonly,43,42,accepted,P,50,318,211,318,222,96,96,0.6981132075471698,1.0,338.9308176100628,30.00000000000025,2383.0144484738694,199.00000000000054,0.0220125786163522
station_seen_train,Stack,Zonly,43,42,accepted,P,100,318,211,318,259,59,59,0.8144654088050315,1.0,338.9308176100628,30.00000000000025,2383.0144484738694,199.00000000000054,0.0220125786163522
station_seen_train,Stack,Zonly,43,42,accepted,P,200,318,211,318,286,32,32,0.89937106918239,1.0,338.9308176100628,30.00000000000025,2383.0144484738694,199.00000000000054,0.0220125786163522
station_seen_train,Stack,Zonly,43,42,accepted,S,50,318,211,303,45,258,273,0.14492753623188406,0.9528301886792453,1388.019801980198,279.9999999999994,3110.5103950142575,4346.000000000001,0.24422442244224424
station_seen_train,Stack,Zonly,43,42,accepted,S,100,318,211,303,81,222,237,0.2608695652173913,0.9528301886792453,1388.019801980198,279.9999999999994,3110.5103950142575,4346.000000000001,0.24422442244224424
station_seen_train,Stack,Zonly,43,42,accepted,S,200,318,211,303,127,176,191,0.40901771336553944,0.9528301886792453,1388.019801980198,279.9999999999994,3110.5103950142575,4346.000000000001,0.24422442244224424
station_seen_train,Stack,Zonly,43,42,strict,P,50,318,211,314,220,94,98,0.6962025316455697,0.9874213836477987,301.40127388535024,30.00000000000025,2287.249481600729,190.0000000000004,0.01910828025477707
station_seen_train,Stack,Zonly,43,42,strict,P,100,318,211,314,257,57,61,0.8132911392405063,0.9874213836477987,301.40127388535024,30.00000000000025,2287.249481600729,190.0000000000004,0.01910828025477707
station_seen_train,Stack,Zonly,43,42,strict,P,200,318,211,314,284,30,34,0.8987341772151899,0.9874213836477987,301.40127388535024,30.00000000000025,2287.249481600729,190.0000000000004,0.01910828025477707
station_seen_train,Stack,Zonly,43,42,strict,S,50,318,211,237,38,199,280,0.13693693693693693,0.7452830188679245,1274.1772151898733,230.00000000000043,3156.79295680789,3862.0000000000023,0.20253164556962025
station_seen_train,Stack,Zonly,43,42,strict,S,100,318,211,237,68,169,250,0.24504504504504504,0.7452830188679245,1274.1772151898733,230.00000000000043,3156.79295680789,3862.0000000000023,0.20253164556962025
station_seen_train,Stack,Zonly,43,42,strict,S,200,318,211,237,109,128,209,0.3927927927927928,0.7452830188679245,1274.1772151898733,230.00000000000043,3156.79295680789,3862.0000000000023,0.20253164556962025
station_seen_train,Stack,Zonly,43,43,accepted,P,50,318,211,314,216,98,102,0.6835443037974683,0.9874213836477987,133.75796178343936,29.99999999999936,660.5508220682432,197.0000000000001,0.012738853503184714
station_seen_train,Stack,Zonly,43,43,accepted,P,100,318,211,314,256,58,62,0.810126582278481,0.9874213836477987,133.75796178343936,29.99999999999936,660.5508220682432,197.0000000000001,0.012738853503184714
station_seen_train,Stack,Zonly,43,43,accepted,P,200,318,211,314,286,28,32,0.9050632911392406,0.9874213836477987,133.75796178343936,29.99999999999936,660.5508220682432,197.0000000000001,0.012738853503184714
station_seen_train,Stack,Zonly,43,43,accepted,S,50,318,211,288,43,245,275,0.1419141914191419,0.9056603773584906,1257.1527777777778,280.0000000000002,2970.0730677506535,3815.000000000001,0.21180555555555555
station_seen_train,Stack,Zonly,43,43,accepted,S,100,318,211,288,75,213,243,0.24752475247524752,0.9056603773584906,1257.1527777777778,280.0000000000002,2970.0730677506535,3815.000000000001,0.21180555555555555
station_seen_train,Stack,Zonly,43,43,accepted,S,200,318,211,288,123,165,195,0.40594059405940597,0.9056603773584906,1257.1527777777778,280.0000000000002,2970.0730677506535,3815.000000000001,0.21180555555555555
station_seen_train,Stack,Zonly,43,43,strict,P,50,318,211,311,216,95,102,0.6868044515103339,0.9779874213836478,132.18649517684872,29.99999999999936,662.434125827688,190.0000000000004,0.012861736334405145
station_seen_train,Stack,Zonly,43,43,strict,P,100,318,211,311,255,56,63,0.8108108108108109,0.9779874213836478,132.18649517684872,29.99999999999936,662.434125827688,190.0000000000004,0.012861736334405145
station_seen_train,Stack,Zonly,43,43,strict,P,200,318,211,311,284,27,34,0.9030206677265501,0.9779874213836478,132.18649517684872,29.99999999999936,662.434125827688,190.0000000000004,0.012861736334405145
station_seen_train,Stack,Zonly,43,43,strict,S,50,318,211,230,37,193,281,0.13503649635036497,0.7232704402515723,1230.608695652174,214.99999999999986,3111.115555552381,3754.9999999999995,0.1826086956521739
station_seen_train,Stack,Zonly,43,43,strict,S,100,318,211,230,67,163,251,0.24452554744525548,0.7232704402515723,1230.608695652174,214.99999999999986,3111.115555552381,3754.9999999999995,0.1826086956521739
station_seen_train,Stack,Zonly,43,43,strict,S,200,318,211,230,108,122,210,0.39416058394160586,0.7232704402515723,1230.608695652174,214.99999999999986,3111.115555552381,3754.9999999999995,0.1826086956521739
station_seen_train,Stack,Zonly,43,44,accepted,P,50,318,211,313,226,87,92,0.716323296354992,0.9842767295597484,132.8434504792331,30.00000000000025,662.0970653625202,188.00000000000045,0.012779552715654952
station_seen_train,Stack,Zonly,43,44,accepted,P,100,318,211,313,257,56,61,0.8145800316957211,0.9842767295597484,132.8434504792331,30.00000000000025,662.0970653625202,188.00000000000045,0.012779552715654952
station_seen_train,Stack,Zonly,43,44,accepted,P,200,318,211,313,286,27,32,0.9064976228209192,0.9842767295597484,132.8434504792331,30.00000000000025,662.0970653625202,188.00000000000045,0.012779552715654952
station_seen_train,Stack,Zonly,43,44,accepted,S,50,318,211,280,36,244,282,0.12040133779264214,0.8805031446540881,1350.2857142857142,225.0000000000005,3171.829350480796,4352.000000000001,0.21785714285714286
station_seen_train,Stack,Zonly,43,44,accepted,S,100,318,211,280,76,204,242,0.25418060200668896,0.8805031446540881,1350.2857142857142,225.0000000000005,3171.829350480796,4352.000000000001,0.21785714285714286
station_seen_train,Stack,Zonly,43,44,accepted,S,200,318,211,280,123,157,195,0.411371237458194,0.8805031446540881,1350.2857142857142,225.0000000000005,3171.829350480796,4352.000000000001,0.21785714285714286
station_seen_train,Stack,Zonly,43,44,strict,P,50,318,211,310,225,85,93,0.7165605095541401,0.9748427672955975,131.5483870967741,30.00000000000025,664.2604425102182,181.00000000000043,0.012903225806451613
station_seen_train,Stack,Zonly,43,44,strict,P,100,318,211,310,256,54,62,0.8152866242038217,0.9748427672955975,131.5483870967741,30.00000000000025,664.2604425102182,181.00000000000043,0.012903225806451613
station_seen_train,Stack,Zonly,43,44,strict,P,200,318,211,310,284,26,34,0.9044585987261147,0.9748427672955975,131.5483870967741,30.00000000000025,664.2604425102182,181.00000000000043,0.012903225806451613
station_seen_train,Stack,Zonly,43,44,strict,S,50,318,211,208,31,177,287,0.11787072243346007,0.6540880503144654,1273.3653846153845,194.99999999999937,3333.148632703365,3862.0000000000055,0.18269230769230768
station_seen_train,Stack,Zonly,43,44,strict,S,100,318,211,208,66,142,252,0.2509505703422053,0.6540880503144654,1273.3653846153845,194.99999999999937,3333.148632703365,3862.0000000000055,0.18269230769230768
station_seen_train,Stack,Zonly,43,44,strict,S,200,318,211,208,105,103,213,0.39923954372623577,0.6540880503144654,1273.3653846153845,194.99999999999937,3333.148632703365,3862.0000000000055,0.18269230769230768
station_seen_train,Stack,Zonly,44,42,accepted,P,50,318,211,314,226,88,92,0.7151898734177216,0.9874213836477987,132.1337579617833,29.99999999999936,660.5505810032221,179.99999999999972,0.012738853503184714
station_seen_train,Stack,Zonly,44,42,accepted,P,100,318,211,314,258,56,60,0.8164556962025317,0.9874213836477987,132.1337579617833,29.99999999999936,660.5505810032221,179.99999999999972,0.012738853503184714
station_seen_train,Stack,Zonly,44,42,accepted,P,200,318,211,314,287,27,31,0.9082278481012658,0.9874213836477987,132.1337579617833,29.99999999999936,660.5505810032221,179.99999999999972,0.012738853503184714
station_seen_train,Stack,Zonly,44,42,accepted,S,50,318,211,298,51,247,267,0.16558441558441558,0.9371069182389937,961.5771812080537,250.0,2174.707185411838,3229.0000000000005,0.18120805369127516
station_seen_train,Stack,Zonly,44,42,accepted,S,100,318,211,298,90,208,228,0.2922077922077922,0.9371069182389937,961.5771812080537,250.0,2174.707185411838,3229.0000000000005,0.18120805369127516
station_seen_train,Stack,Zonly,44,42,accepted,S,200,318,211,298,139,159,179,0.4512987012987013,0.9371069182389937,961.5771812080537,250.0,2174.707185411838,3229.0000000000005,0.18120805369127516
station_seen_train,Stack,Zonly,44,42,strict,P,50,318,211,306,224,82,94,0.717948717948718,0.9622641509433962,105.22875816993451,29.99999999999936,487.61859626642274,165.00000000000006,0.00980392156862745
station_seen_train,Stack,Zonly,44,42,strict,P,100,318,211,306,256,50,62,0.8205128205128205,0.9622641509433962,105.22875816993451,29.99999999999936,487.61859626642274,165.00000000000006,0.00980392156862745
station_seen_train,Stack,Zonly,44,42,strict,P,200,318,211,306,281,25,37,0.9006410256410257,0.9622641509433962,105.22875816993451,29.99999999999936,487.61859626642274,165.00000000000006,0.00980392156862745
station_seen_train,Stack,Zonly,44,42,strict,S,50,318,211,240,40,200,278,0.14336917562724014,0.7547169811320755,961.625,209.99999999999997,2280.183198049373,3255.0000000000014,0.16666666666666666
station_seen_train,Stack,Zonly,44,42,strict,S,100,318,211,240,77,163,241,0.27598566308243727,0.7547169811320755,961.625,209.99999999999997,2280.183198049373,3255.0000000000014,0.16666666666666666
station_seen_train,Stack,Zonly,44,42,strict,S,200,318,211,240,119,121,199,0.4265232974910394,0.7547169811320755,961.625,209.99999999999997,2280.183198049373,3255.0000000000014,0.16666666666666666
station_seen_train,Stack,Zonly,44,43,accepted,P,50,318,211,317,222,95,96,0.6992125984251969,0.9968553459119497,301.0725552050472,29.99999999999936,2147.0901738192183,200.00000000000017,0.022082018927444796
station_seen_train,Stack,Zonly,44,43,accepted,P,100,318,211,317,261,56,57,0.8220472440944881,0.9968553459119497,301.0725552050472,29.99999999999936,2147.0901738192183,200.00000000000017,0.022082018927444796
station_seen_train,Stack,Zonly,44,43,accepted,P,200,318,211,317,286,31,32,0.9007874015748032,0.9968553459119497,301.0725552050472,29.99999999999936,2147.0901738192183,200.00000000000017,0.022082018927444796
station_seen_train,Stack,Zonly,44,43,accepted,S,50,318,211,296,40,256,278,0.13029315960912052,0.9308176100628931,1042.7702702702702,240.00000000000023,2328.7112199553526,3580.0,0.1858108108108108
station_seen_train,Stack,Zonly,44,43,accepted,S,100,318,211,296,81,215,237,0.26384364820846906,0.9308176100628931,1042.7702702702702,240.00000000000023,2328.7112199553526,3580.0,0.1858108108108108
station_seen_train,Stack,Zonly,44,43,accepted,S,200,318,211,296,137,159,181,0.44625407166123776,0.9308176100628931,1042.7702702702702,240.00000000000023,2328.7112199553526,3580.0,0.1858108108108108
station_seen_train,Stack,Zonly,44,43,strict,P,50,318,211,312,222,90,96,0.7047619047619048,0.9811320754716981,130.99358974358964,29.99999999999936,661.1807134947569,188.00000000000102,0.01282051282051282
station_seen_train,Stack,Zonly,44,43,strict,P,100,318,211,312,261,51,57,0.8285714285714286,0.9811320754716981,130.99358974358964,29.99999999999936,661.1807134947569,188.00000000000102,0.01282051282051282
station_seen_train,Stack,Zonly,44,43,strict,P,200,318,211,312,285,27,33,0.9047619047619048,0.9811320754716981,130.99358974358964,29.99999999999936,661.1807134947569,188.00000000000102,0.01282051282051282
station_seen_train,Stack,Zonly,44,43,strict,S,50,318,211,233,34,199,284,0.12341197822141561,0.7327044025157232,842.1888412017167,199.9999999999993,1887.7798800539433,3212.0000000000036,0.15879828326180256
station_seen_train,Stack,Zonly,44,43,strict,S,100,318,211,233,72,161,246,0.2613430127041742,0.7327044025157232,842.1888412017167,199.9999999999993,1887.7798800539433,3212.0000000000036,0.15879828326180256
station_seen_train,Stack,Zonly,44,43,strict,S,200,318,211,233,119,114,199,0.4319419237749546,0.7327044025157232,842.1888412017167,199.9999999999993,1887.7798800539433,3212.0000000000036,0.15879828326180256
station_seen_train,Stack,Zonly,44,44,accepted,P,50,318,211,315,226,89,92,0.7140600315955766,0.9905660377358491,164.06349206349194,30.00000000000025,811.6622176469442,169.99999999999994,0.01904761904761905
station_seen_train,Stack,Zonly,44,44,accepted,P,100,318,211,315,260,55,58,0.8214849921011058,0.9905660377358491,164.06349206349194,30.00000000000025,811.6622176469442,169.99999999999994,0.01904761904761905
station_seen_train,Stack,Zonly,44,44,accepted,P,200,318,211,315,287,28,31,0.9067930489731437,0.9905660377358491,164.06349206349194,30.00000000000025,811.6622176469442,169.99999999999994,0.01904761904761905
station_seen_train,Stack,Zonly,44,44,accepted,S,50,318,211,306,54,252,264,0.17307692307692307,0.9622641509433962,986.6339869281046,275.00000000000125,2285.3219478289616,3314.9999999999995,0.16666666666666666
station_seen_train,Stack,Zonly,44,44,accepted,S,100,318,211,306,81,225,237,0.25961538461538464,0.9622641509433962,986.6339869281046,275.00000000000125,2285.3219478289616,3314.9999999999995,0.16666666666666666
station_seen_train,Stack,Zonly,44,44,accepted,S,200,318,211,306,130,176,188,0.4166666666666667,0.9622641509433962,986.6339869281046,275.00000000000125,2285.3219478289616,3314.9999999999995,0.16666666666666666
station_seen_train,Stack,Zonly,44,44,strict,P,50,318,211,310,225,85,93,0.7165605095541401,0.9748427672955975,156.12903225806443,30.00000000000025,803.5273044721368,169.99999999999994,0.016129032258064516
station_seen_train,Stack,Zonly,44,44,strict,P,100,318,211,310,258,52,60,0.821656050955414,0.9748427672955975,156.12903225806443,30.00000000000025,803.5273044721368,169.99999999999994,0.016129032258064516
station_seen_train,Stack,Zonly,44,44,strict,P,200,318,211,310,284,26,34,0.9044585987261147,0.9748427672955975,156.12903225806443,30.00000000000025,803.5273044721368,169.99999999999994,0.016129032258064516
station_seen_train,Stack,Zonly,44,44,strict,S,50,318,211,244,46,198,272,0.16370106761565836,0.7672955974842768,826.5983606557377,230.00000000000043,1965.4022864393394,2076.000000000006,0.14344262295081966
station_seen_train,Stack,Zonly,44,44,strict,S,100,318,211,244,73,171,245,0.2597864768683274,0.7672955974842768,826.5983606557377,230.00000000000043,1965.4022864393394,2076.000000000006,0.14344262295081966
station_seen_train,Stack,Zonly,44,44,strict,S,200,318,211,244,116,128,202,0.4128113879003559,0.7672955974842768,826.5983606557377,230.00000000000043,1965.4022864393394,2076.000000000006,0.14344262295081966
station_seen_train,PhaseNetMatched,Full3C,42,,accepted,P,50,318,211,318,310,8,8,0.9748427672955975,1.0,40.817610062892854,9.999999999999787,371.25488371096924,19.999999999999574,0.0031446540880503146
station_seen_train,PhaseNetMatched,Full3C,42,,accepted,P,100,318,211,318,313,5,5,0.9842767295597484,1.0,40.817610062892854,9.999999999999787,371.25488371096924,19.999999999999574,0.0031446540880503146
station_seen_train,PhaseNetMatched,Full3C,42,,accepted,P,200,318,211,318,314,4,4,0.9874213836477987,1.0,40.817610062892854,9.999999999999787,371.25488371096924,19.999999999999574,0.0031446540880503146
station_seen_train,PhaseNetMatched,Full3C,42,,accepted,S,50,318,211,318,115,203,203,0.36163522012578614,1.0,183.74213836477986,80.00000000000007,393.77746485026194,475.9999999999995,0.015723270440251572
station_seen_train,PhaseNetMatched,Full3C,42,,accepted,S,100,318,211,318,181,137,137,0.5691823899371069,1.0,183.74213836477986,80.00000000000007,393.77746485026194,475.9999999999995,0.015723270440251572
station_seen_train,PhaseNetMatched,Full3C,42,,accepted,S,200,318,211,318,236,82,82,0.7421383647798742,1.0,183.74213836477986,80.00000000000007,393.77746485026194,475.9999999999995,0.015723270440251572
station_seen_train,PhaseNetMatched,Full3C,42,,strict,P,50,318,211,318,310,8,8,0.9748427672955975,1.0,40.817610062892854,9.999999999999787,371.25488371096924,19.999999999999574,0.0031446540880503146
station_seen_train,PhaseNetMatched,Full3C,42,,strict,P,100,318,211,318,313,5,5,0.9842767295597484,1.0,40.817610062892854,9.999999999999787,371.25488371096924,19.999999999999574,0.0031446540880503146
station_seen_train,PhaseNetMatched,Full3C,42,,strict,P,200,318,211,318,314,4,4,0.9874213836477987,1.0,40.817610062892854,9.999999999999787,371.25488371096924,19.999999999999574,0.0031446540880503146
station_seen_train,PhaseNetMatched,Full3C,42,,strict,S,50,318,211,315,115,200,203,0.36334913112164297,0.9905660377358491,180.53968253968253,80.00000000000007,391.4592155772008,448.0000000000004,0.015873015873015872
station_seen_train,PhaseNetMatched,Full3C,42,,strict,S,100,318,211,315,181,134,137,0.5718799368088467,0.9905660377358491,180.53968253968253,80.00000000000007,391.4592155772008,448.0000000000004,0.015873015873015872
station_seen_train,PhaseNetMatched,Full3C,42,,strict,S,200,318,211,315,235,80,83,0.7424960505529226,0.9905660377358491,180.53968253968253,80.00000000000007,391.4592155772008,448.0000000000004,0.015873015873015872
station_seen_train,PhaseNetMatched,Full3C,43,,accepted,P,50,318,211,318,311,7,7,0.9779874213836478,1.0,27.893081761006233,0.0,276.3662459252078,19.999999999999574,0.0031446540880503146
station_seen_train,PhaseNetMatched,Full3C,43,,accepted,P,100,318,211,318,314,4,4,0.9874213836477987,1.0,27.893081761006233,0.0,276.3662459252078,19.999999999999574,0.0031446540880503146
station_seen_train,PhaseNetMatched,Full3C,43,,accepted,P,200,318,211,318,314,4,4,0.9874213836477987,1.0,27.893081761006233,0.0,276.3662459252078,19.999999999999574,0.0031446540880503146
station_seen_train,PhaseNetMatched,Full3C,43,,accepted,S,50,318,211,313,123,190,195,0.3898573692551506,0.9842767295597484,168.8178913738019,70.00000000000028,386.65932202638555,419.99999999999994,0.006389776357827476
station_seen_train,PhaseNetMatched,Full3C,43,,accepted,S,100,318,211,313,192,121,126,0.6085578446909667,0.9842767295597484,168.8178913738019,70.00000000000028,386.65932202638555,419.99999999999994,0.006389776357827476
station_seen_train,PhaseNetMatched,Full3C,43,,accepted,S,200,318,211,313,236,77,82,0.7480190174326465,0.9842767295597484,168.8178913738019,70.00000000000028,386.65932202638555,419.99999999999994,0.006389776357827476
station_seen_train,PhaseNetMatched,Full3C,43,,strict,P,50,318,211,318,311,7,7,0.9779874213836478,1.0,27.893081761006233,0.0,276.3662459252078,19.999999999999574,0.0031446540880503146
station_seen_train,PhaseNetMatched,Full3C,43,,strict,P,100,318,211,318,314,4,4,0.9874213836477987,1.0,27.893081761006233,0.0,276.3662459252078,19.999999999999574,0.0031446540880503146
station_seen_train,PhaseNetMatched,Full3C,43,,strict,P,200,318,211,318,314,4,4,0.9874213836477987,1.0,27.893081761006233,0.0,276.3662459252078,19.999999999999574,0.0031446540880503146
station_seen_train,PhaseNetMatched,Full3C,43,,strict,S,50,318,211,311,123,188,195,0.39109697933227344,0.9779874213836478,166.8167202572347,70.00000000000028,384.58312503840915,419.99999999999994,0.006430868167202572
station_seen_train,PhaseNetMatched,Full3C,43,,strict,S,100,318,211,311,191,120,127,0.6073131955484896,0.9779874213836478,166.8167202572347,70.00000000000028,384.58312503840915,419.99999999999994,0.006430868167202572
station_seen_train,PhaseNetMatched,Full3C,43,,strict,S,200,318,211,311,235,76,83,0.7472178060413355,0.9779874213836478,166.8167202572347,70.00000000000028,384.58312503840915,419.99999999999994,0.006430868167202572
station_seen_train,PhaseNetMatched,Full3C,44,,accepted,P,50,318,211,317,311,6,7,0.9795275590551181,0.9968553459119497,33.217665615141755,9.999999999999787,265.3745641654333,30.00000000000025,0.0031545741324921135
station_seen_train,PhaseNetMatched,Full3C,44,,accepted,P,100,318,211,317,313,4,5,0.9858267716535433,0.9968553459119497,33.217665615141755,9.999999999999787,265.3745641654333,30.00000000000025,0.0031545741324921135
station_seen_train,PhaseNetMatched,Full3C,44,,accepted,P,200,318,211,317,314,3,4,0.988976377952756,0.9968553459119497,33.217665615141755,9.999999999999787,265.3745641654333,30.00000000000025,0.0031545741324921135
station_seen_train,PhaseNetMatched,Full3C,44,,accepted,S,50,318,211,317,109,208,209,0.34330708661417325,0.9968553459119497,171.45110410094634,89.99999999999986,269.27112742195635,474.00000000000017,0.006309148264984227
station_seen_train,PhaseNetMatched,Full3C,44,,accepted,S,100,318,211,317,173,144,145,0.5448818897637795,0.9968553459119497,171.45110410094634,89.99999999999986,269.27112742195635,474.00000000000017,0.006309148264984227
station_seen_train,PhaseNetMatched,Full3C,44,,accepted,S,200,318,211,317,224,93,94,0.705511811023622,0.9968553459119497,171.45110410094634,89.99999999999986,269.27112742195635,474.00000000000017,0.006309148264984227
station_seen_train,PhaseNetMatched,Full3C,44,,strict,P,50,318,211,317,311,6,7,0.9795275590551181,0.9968553459119497,33.217665615141755,9.999999999999787,265.3745641654333,30.00000000000025,0.0031545741324921135
station_seen_train,PhaseNetMatched,Full3C,44,,strict,P,100,318,211,317,313,4,5,0.9858267716535433,0.9968553459119497,33.217665615141755,9.999999999999787,265.3745641654333,30.00000000000025,0.0031545741324921135
station_seen_train,PhaseNetMatched,Full3C,44,,strict,P,200,318,211,317,314,3,4,0.988976377952756,0.9968553459119497,33.217665615141755,9.999999999999787,265.3745641654333,30.00000000000025,0.0031545741324921135
station_seen_train,PhaseNetMatched,Full3C,44,,strict,S,50,318,211,314,108,206,210,0.34177215189873417,0.9874213836477987,168.50318471337576,89.99999999999986,263.80182196847187,448.0000000000001,0.006369426751592357
station_seen_train,PhaseNetMatched,Full3C,44,,strict,S,100,318,211,314,172,142,146,0.5443037974683544,0.9874213836477987,168.50318471337576,89.99999999999986,263.80182196847187,448.0000000000001,0.006369426751592357
station_seen_train,PhaseNetMatched,Full3C,44,,strict,S,200,318,211,314,223,91,95,0.7056962025316456,0.9874213836477987,168.50318471337576,89.99999999999986,263.80182196847187,448.0000000000001,0.006369426751592357
station_seen_train,PhaseNetMatched,Zonly,42,,accepted,P,50,318,211,318,313,5,5,0.9842767295597484,1.0,20.53459119496844,0.0,140.03481148511946,19.999999999999574,0.0031446540880503146
station_seen_train,PhaseNetMatched,Zonly,42,,accepted,P,100,318,211,318,315,3,3,0.9905660377358491,1.0,20.53459119496844,0.0,140.03481148511946,19.999999999999574,0.0031446540880503146
station_seen_train,PhaseNetMatched,Zonly,42,,accepted,P,200,318,211,318,315,3,3,0.9905660377358491,1.0,20.53459119496844,0.0,140.03481148511946,19.999999999999574,0.0031446540880503146
station_seen_train,PhaseNetMatched,Zonly,42,,accepted,S,50,318,211,318,48,270,270,0.1509433962264151,1.0,608.6477987421384,205.00000000000009,1829.6383290405622,976.0000000000008,0.0880503144654088
station_seen_train,PhaseNetMatched,Zonly,42,,accepted,S,100,318,211,318,95,223,223,0.29874213836477986,1.0,608.6477987421384,205.00000000000009,1829.6383290405622,976.0000000000008,0.0880503144654088
station_seen_train,PhaseNetMatched,Zonly,42,,accepted,S,200,318,211,318,159,159,159,0.5,1.0,608.6477987421384,205.00000000000009,1829.6383290405622,976.0000000000008,0.0880503144654088
station_seen_train,PhaseNetMatched,Zonly,42,,strict,P,50,318,211,317,313,4,5,0.9858267716535433,0.9968553459119497,17.44479495268127,0.0,128.5186161624667,19.999999999999574,0.0031545741324921135
station_seen_train,PhaseNetMatched,Zonly,42,,strict,P,100,318,211,317,315,2,3,0.9921259842519685,0.9968553459119497,17.44479495268127,0.0,128.5186161624667,19.999999999999574,0.0031545741324921135
station_seen_train,PhaseNetMatched,Zonly,42,,strict,P,200,318,211,317,315,2,3,0.9921259842519685,0.9968553459119497,17.44479495268127,0.0,128.5186161624667,19.999999999999574,0.0031545741324921135
station_seen_train,PhaseNetMatched,Zonly,42,,strict,S,50,318,211,313,48,265,270,0.15213946117274169,0.9842767295597484,555.7507987220447,199.9999999999993,1649.3541189158454,963.9999999999997,0.08306709265175719
station_seen_train,PhaseNetMatched,Zonly,42,,strict,S,100,318,211,313,95,218,223,0.3011093502377179,0.9842767295597484,555.7507987220447,199.9999999999993,1649.3541189158454,963.9999999999997,0.08306709265175719
station_seen_train,PhaseNetMatched,Zonly,42,,strict,S,200,318,211,313,158,155,160,0.5007923930269413,0.9842767295597484,555.7507987220447,199.9999999999993,1649.3541189158454,963.9999999999997,0.08306709265175719
station_seen_train,PhaseNetMatched,Zonly,43,,accepted,P,50,318,211,317,310,7,8,0.9763779527559056,0.9968553459119497,25.583596214510784,9.999999999999787,98.85304390973918,19.999999999999574,0.0
station_seen_train,PhaseNetMatched,Zonly,43,,accepted,P,100,318,211,317,313,4,5,0.9858267716535433,0.9968553459119497,25.583596214510784,9.999999999999787,98.85304390973918,19.999999999999574,0.0
station_seen_train,PhaseNetMatched,Zonly,43,,accepted,P,200,318,211,317,313,4,5,0.9858267716535433,0.9968553459119497,25.583596214510784,9.999999999999787,98.85304390973918,19.999999999999574,0.0
station_seen_train,PhaseNetMatched,Zonly,43,,accepted,S,50,318,211,315,56,259,262,0.1769352290679305,0.9905660377358491,440.8253968253969,179.99999999999972,1146.1859457445037,915.9999999999992,0.07936507936507936
station_seen_train,PhaseNetMatched,Zonly,43,,accepted,S,100,318,211,315,103,212,215,0.325434439178515,0.9905660377358491,440.8253968253969,179.99999999999972,1146.1859457445037,915.9999999999992,0.07936507936507936
station_seen_train,PhaseNetMatched,Zonly,43,,accepted,S,200,318,211,315,171,144,147,0.5402843601895735,0.9905660377358491,440.8253968253969,179.99999999999972,1146.1859457445037,915.9999999999992,0.07936507936507936
station_seen_train,PhaseNetMatched,Zonly,43,,strict,P,50,318,211,315,308,7,10,0.9731437598736177,0.9905660377358491,25.587301587301326,9.999999999999787,99.14555597625781,19.999999999999574,0.0
station_seen_train,PhaseNetMatched,Zonly,43,,strict,P,100,318,211,315,311,4,7,0.9826224328593997,0.9905660377358491,25.587301587301326,9.999999999999787,99.14555597625781,19.999999999999574,0.0
station_seen_train,PhaseNetMatched,Zonly,43,,strict,P,200,318,211,315,311,4,7,0.9826224328593997,0.9905660377358491,25.587301587301326,9.999999999999787,99.14555597625781,19.999999999999574,0.0
station_seen_train,PhaseNetMatched,Zonly,43,,strict,S,50,318,211,308,54,254,264,0.17252396166134185,0.9685534591194969,411.55844155844164,179.99999999999972,1056.994022516856,909.999999999999,0.07467532467532467
station_seen_train,PhaseNetMatched,Zonly,43,,strict,S,100,318,211,308,101,207,217,0.3226837060702875,0.9685534591194969,411.55844155844164,179.99999999999972,1056.994022516856,909.999999999999,0.07467532467532467
station_seen_train,PhaseNetMatched,Zonly,43,,strict,S,200,318,211,308,168,140,150,0.536741214057508,0.9685534591194969,411.55844155844164,179.99999999999972,1056.994022516856,909.999999999999,0.07467532467532467
station_seen_train,PhaseNetMatched,Zonly,44,,accepted,P,50,318,211,318,307,11,11,0.9654088050314465,1.0,28.270440251572197,9.999999999999787,129.87778483524687,30.00000000000025,0.006289308176100629
station_seen_train,PhaseNetMatched,Zonly,44,,accepted,P,100,318,211,318,312,6,6,0.9811320754716981,1.0,28.270440251572197,9.999999999999787,129.87778483524687,30.00000000000025,0.006289308176100629
station_seen_train,PhaseNetMatched,Zonly,44,,accepted,P,200,318,211,318,312,6,6,0.9811320754716981,1.0,28.270440251572197,9.999999999999787,129.87778483524687,30.00000000000025,0.006289308176100629
station_seen_train,PhaseNetMatched,Zonly,44,,accepted,S,50,318,211,318,54,264,264,0.16981132075471697,1.0,467.76729559748435,210.00000000000085,1276.368546567435,836.0000000000002,0.07547169811320754
station_seen_train,PhaseNetMatched,Zonly,44,,accepted,S,100,318,211,318,90,228,228,0.2830188679245283,1.0,467.76729559748435,210.00000000000085,1276.368546567435,836.0000000000002,0.07547169811320754
station_seen_train,PhaseNetMatched,Zonly,44,,accepted,S,200,318,211,318,157,161,161,0.4937106918238994,1.0,467.76729559748435,210.00000000000085,1276.368546567435,836.0000000000002,0.07547169811320754
station_seen_train,PhaseNetMatched,Zonly,44,,strict,P,50,318,211,316,307,9,11,0.9684542586750788,0.9937106918238994,21.898734177215065,9.999999999999787,100.95117255637165,30.00000000000025,0.0
station_seen_train,PhaseNetMatched,Zonly,44,,strict,P,100,318,211,316,312,4,6,0.9842271293375394,0.9937106918238994,21.898734177215065,9.999999999999787,100.95117255637165,30.00000000000025,0.0
station_seen_train,PhaseNetMatched,Zonly,44,,strict,P,200,318,211,316,312,4,6,0.9842271293375394,0.9937106918238994,21.898734177215065,9.999999999999787,100.95117255637165,30.00000000000025,0.0
station_seen_train,PhaseNetMatched,Zonly,44,,strict,S,50,318,211,312,54,258,264,0.17142857142857143,0.9811320754716981,436.9871794871795,204.9999999999992,1144.7298416029917,828.0000000000008,0.07371794871794872
station_seen_train,PhaseNetMatched,Zonly,44,,strict,S,100,318,211,312,90,222,228,0.2857142857142857,0.9811320754716981,436.9871794871795,204.9999999999992,1144.7298416029917,828.0000000000008,0.07371794871794872
station_seen_train,PhaseNetMatched,Zonly,44,,strict,S,200,318,211,312,156,156,162,0.49523809523809526,0.9811320754716981,436.9871794871795,204.9999999999992,1144.7298416029917,828.0000000000008,0.07371794871794872
station_unseen_train,Stack,Full3C,42,42,accepted,P,50,12,10,12,9,3,3,0.75,1.0,47.49999999999991,29.99999999999958,71.70541588099654,151.0000000000002,0.0
station_unseen_train,Stack,Full3C,42,42,accepted,P,100,12,10,12,10,2,2,0.8333333333333334,1.0,47.49999999999991,29.99999999999958,71.70541588099654,151.0000000000002,0.0
station_unseen_train,Stack,Full3C,42,42,accepted,P,200,12,10,12,12,0,0,1.0,1.0,47.49999999999991,29.99999999999958,71.70541588099654,151.0000000000002,0.0
station_unseen_train,Stack,Full3C,42,42,accepted,S,50,12,10,12,9,3,3,0.75,1.0,132.50000000000057,40.000000000000924,237.01265788982687,523.0000000000005,0.0
station_unseen_train,Stack,Full3C,42,42,accepted,S,100,12,10,12,9,3,3,0.75,1.0,132.50000000000057,40.000000000000924,237.01265788982687,523.0000000000005,0.0
station_unseen_train,Stack,Full3C,42,42,accepted,S,200,12,10,12,10,2,2,0.8333333333333334,1.0,132.50000000000057,40.000000000000924,237.01265788982687,523.0000000000005,0.0
station_unseen_train,Stack,Full3C,42,42,strict,P,50,12,10,12,9,3,3,0.75,1.0,47.49999999999991,29.99999999999958,71.70541588099654,151.0000000000002,0.0
station_unseen_train,Stack,Full3C,42,42,strict,P,100,12,10,12,10,2,2,0.8333333333333334,1.0,47.49999999999991,29.99999999999958,71.70541588099654,151.0000000000002,0.0
station_unseen_train,Stack,Full3C,42,42,strict,P,200,12,10,12,12,0,0,1.0,1.0,47.49999999999991,29.99999999999958,71.70541588099654,151.0000000000002,0.0
station_unseen_train,Stack,Full3C,42,42,strict,S,50,12,10,12,9,3,3,0.75,1.0,132.50000000000057,40.000000000000924,237.01265788982687,523.0000000000005,0.0
station_unseen_train,Stack,Full3C,42,42,strict,S,100,12,10,12,9,3,3,0.75,1.0,132.50000000000057,40.000000000000924,237.01265788982687,523.0000000000005,0.0
station_unseen_train,Stack,Full3C,42,42,strict,S,200,12,10,12,10,2,2,0.8333333333333334,1.0,132.50000000000057,40.000000000000924,237.01265788982687,523.0000000000005,0.0
station_unseen_train,Stack,Full3C,42,43,accepted,P,50,12,10,12,9,3,3,0.75,1.0,45.000000000000036,29.99999999999958,67.57711644237777,142.00000000000037,0.0
station_unseen_train,Stack,Full3C,42,43,accepted,P,100,12,10,12,10,2,2,0.8333333333333334,1.0,45.000000000000036,29.99999999999958,67.57711644237777,142.00000000000037,0.0
station_unseen_train,Stack,Full3C,42,43,accepted,P,200,12,10,12,12,0,0,1.0,1.0,45.000000000000036,29.99999999999958,67.57711644237777,142.00000000000037,0.0
station_unseen_train,Stack,Full3C,42,43,accepted,S,50,12,10,12,8,4,4,0.6666666666666666,1.0,227.50000000000037,40.000000000000924,416.94324154094005,570.0000000000002,0.08333333333333333
station_unseen_train,Stack,Full3C,42,43,accepted,S,100,12,10,12,8,4,4,0.6666666666666666,1.0,227.50000000000037,40.000000000000924,416.94324154094005,570.0000000000002,0.08333333333333333
station_unseen_train,Stack,Full3C,42,43,accepted,S,200,12,10,12,9,3,3,0.75,1.0,227.50000000000037,40.000000000000924,416.94324154094005,570.0000000000002,0.08333333333333333
station_unseen_train,Stack,Full3C,42,43,strict,P,50,12,10,12,9,3,3,0.75,1.0,45.000000000000036,29.99999999999958,67.57711644237777,142.00000000000037,0.0
station_unseen_train,Stack,Full3C,42,43,strict,P,100,12,10,12,10,2,2,0.8333333333333334,1.0,45.000000000000036,29.99999999999958,67.57711644237777,142.00000000000037,0.0
station_unseen_train,Stack,Full3C,42,43,strict,P,200,12,10,12,12,0,0,1.0,1.0,45.000000000000036,29.99999999999958,67.57711644237777,142.00000000000037,0.0
station_unseen_train,Stack,Full3C,42,43,strict,S,50,12,10,12,8,4,4,0.6666666666666666,1.0,227.50000000000037,40.000000000000924,416.94324154094005,570.0000000000002,0.08333333333333333
station_unseen_train,Stack,Full3C,42,43,strict,S,100,12,10,12,8,4,4,0.6666666666666666,1.0,227.50000000000037,40.000000000000924,416.94324154094005,570.0000000000002,0.08333333333333333
station_unseen_train,Stack,Full3C,42,43,strict,S,200,12,10,12,9,3,3,0.75,1.0,227.50000000000037,40.000000000000924,416.94324154094005,570.0000000000002,0.08333333333333333
station_unseen_train,Stack,Full3C,42,44,accepted,P,50,12,10,12,9,3,3,0.75,1.0,46.66666666666659,34.999999999999474,71.8795288428261,151.0000000000002,0.0
station_unseen_train,Stack,Full3C,42,44,accepted,P,100,12,10,12,10,2,2,0.8333333333333334,1.0,46.66666666666659,34.999999999999474,71.8795288428261,151.0000000000002,0.0
station_unseen_train,Stack,Full3C,42,44,accepted,P,200,12,10,12,12,0,0,1.0,1.0,46.66666666666659,34.999999999999474,71.8795288428261,151.0000000000002,0.0
station_unseen_train,Stack,Full3C,42,44,accepted,S,50,12,10,12,8,4,4,0.6666666666666666,1.0,148.33333333333357,45.00000000000082,280.62430400804556,622.0,0.0
station_unseen_train,Stack,Full3C,42,44,accepted,S,100,12,10,12,9,3,3,0.75,1.0,148.33333333333357,45.00000000000082,280.62430400804556,622.0,0.0
station_unseen_train,Stack,Full3C,42,44,accepted,S,200,12,10,12,10,2,2,0.8333333333333334,1.0,148.33333333333357,45.00000000000082,280.62430400804556,622.0,0.0
station_unseen_train,Stack,Full3C,42,44,strict,P,50,12,10,12,9,3,3,0.75,1.0,46.66666666666659,34.999999999999474,71.8795288428261,151.0000000000002,0.0
station_unseen_train,Stack,Full3C,42,44,strict,P,100,12,10,12,10,2,2,0.8333333333333334,1.0,46.66666666666659,34.999999999999474,71.8795288428261,151.0000000000002,0.0
station_unseen_train,Stack,Full3C,42,44,strict,P,200,12,10,12,12,0,0,1.0,1.0,46.66666666666659,34.999999999999474,71.8795288428261,151.0000000000002,0.0
station_unseen_train,Stack,Full3C,42,44,strict,S,50,12,10,12,8,4,4,0.6666666666666666,1.0,148.33333333333357,45.00000000000082,280.62430400804556,622.0,0.0
station_unseen_train,Stack,Full3C,42,44,strict,S,100,12,10,12,9,3,3,0.75,1.0,148.33333333333357,45.00000000000082,280.62430400804556,622.0,0.0
station_unseen_train,Stack,Full3C,42,44,strict,S,200,12,10,12,10,2,2,0.8333333333333334,1.0,148.33333333333357,45.00000000000082,280.62430400804556,622.0,0.0
station_unseen_train,Stack,Full3C,43,42,accepted,P,50,12,10,12,7,5,5,0.5833333333333334,1.0,45.000000000000036,30.00000000000003,64.16125518306717,122.99999999999997,0.0
station_unseen_train,Stack,Full3C,43,42,accepted,P,100,12,10,12,10,2,2,0.8333333333333334,1.0,45.000000000000036,30.00000000000003,64.16125518306717,122.99999999999997,0.0
station_unseen_train,Stack,Full3C,43,42,accepted,P,200,12,10,12,12,0,0,1.0,1.0,45.000000000000036,30.00000000000003,64.16125518306717,122.99999999999997,0.0
station_unseen_train,Stack,Full3C,43,42,accepted,S,50,12,10,12,9,3,3,0.75,1.0,43.33333333333366,35.00000000000103,67.57711644237773,60.0000000000005,0.0
station_unseen_train,Stack,Full3C,43,42,accepted,S,100,12,10,12,11,1,1,0.9166666666666666,1.0,43.33333333333366,35.00000000000103,67.57711644237773,60.0000000000005,0.0
station_unseen_train,Stack,Full3C,43,42,accepted,S,200,12,10,12,12,0,0,1.0,1.0,43.33333333333366,35.00000000000103,67.57711644237773,60.0000000000005,0.0
station_unseen_train,Stack,Full3C,43,42,strict,P,50,12,10,12,7,5,5,0.5833333333333334,1.0,45.000000000000036,30.00000000000003,64.16125518306717,122.99999999999997,0.0
station_unseen_train,Stack,Full3C,43,42,strict,P,100,12,10,12,10,2,2,0.8333333333333334,1.0,45.000000000000036,30.00000000000003,64.16125518306717,122.99999999999997,0.0
station_unseen_train,Stack,Full3C,43,42,strict,P,200,12,10,12,12,0,0,1.0,1.0,45.000000000000036,30.00000000000003,64.16125518306717,122.99999999999997,0.0
station_unseen_train,Stack,Full3C,43,42,strict,S,50,12,10,12,9,3,3,0.75,1.0,43.33333333333366,35.00000000000103,67.57711644237773,60.0000000000005,0.0
station_unseen_train,Stack,Full3C,43,42,strict,S,100,12,10,12,11,1,1,0.9166666666666666,1.0,43.33333333333366,35.00000000000103,67.57711644237773,60.0000000000005,0.0
station_unseen_train,Stack,Full3C,43,42,strict,S,200,12,10,12,12,0,0,1.0,1.0,43.33333333333366,35.00000000000103,67.57711644237773,60.0000000000005,0.0
station_unseen_train,Stack,Full3C,43,43,accepted,P,50,12,10,12,7,5,5,0.5833333333333334,1.0,44.16666666666665,25.000000000000135,62.915286960589576,123.99999999999994,0.0
station_unseen_train,Stack,Full3C,43,43,accepted,P,100,12,10,12,10,2,2,0.8333333333333334,1.0,44.16666666666665,25.000000000000135,62.915286960589576,123.99999999999994,0.0
station_unseen_train,Stack,Full3C,43,43,accepted,P,200,12,10,12,12,0,0,1.0,1.0,44.16666666666665,25.000000000000135,62.915286960589576,123.99999999999994,0.0
station_unseen_train,Stack,Full3C,43,43,accepted,S,50,12,10,12,8,4,4,0.6666666666666666,1.0,133.33333333333363,19.999999999999574,348.61631248886397,167.99999999999983,0.08333333333333333
station_unseen_train,Stack,Full3C,43,43,accepted,S,100,12,10,12,10,2,2,0.8333333333333334,1.0,133.33333333333363,19.999999999999574,348.61631248886397,167.99999999999983,0.08333333333333333
station_unseen_train,Stack,Full3C,43,43,accepted,S,200,12,10,12,11,1,1,0.9166666666666666,1.0,133.33333333333363,19.999999999999574,348.61631248886397,167.99999999999983,0.08333333333333333
station_unseen_train,Stack,Full3C,43,43,strict,P,50,12,10,12,7,5,5,0.5833333333333334,1.0,44.16666666666665,25.000000000000135,62.915286960589576,123.99999999999994,0.0
station_unseen_train,Stack,Full3C,43,43,strict,P,100,12,10,12,10,2,2,0.8333333333333334,1.0,44.16666666666665,25.000000000000135,62.915286960589576,123.99999999999994,0.0
station_unseen_train,Stack,Full3C,43,43,strict,P,200,12,10,12,12,0,0,1.0,1.0,44.16666666666665,25.000000000000135,62.915286960589576,123.99999999999994,0.0
station_unseen_train,Stack,Full3C,43,43,strict,S,50,12,10,12,8,4,4,0.6666666666666666,1.0,133.33333333333363,19.999999999999574,348.61631248886397,167.99999999999983,0.08333333333333333
station_unseen_train,Stack,Full3C,43,43,strict,S,100,12,10,12,10,2,2,0.8333333333333334,1.0,133.33333333333363,19.999999999999574,348.61631248886397,167.99999999999983,0.08333333333333333
station_unseen_train,Stack,Full3C,43,43,strict,S,200,12,10,12,11,1,1,0.9166666666666666,1.0,133.33333333333363,19.999999999999574,348.61631248886397,167.99999999999983,0.08333333333333333
station_unseen_train,Stack,Full3C,43,44,accepted,P,50,12,10,12,9,3,3,0.75,1.0,47.50000000000002,40.000000000000036,64.99999999999999,125.9999999999999,0.0
station_unseen_train,Stack,Full3C,43,44,accepted,P,100,12,10,12,10,2,2,0.8333333333333334,1.0,47.50000000000002,40.000000000000036,64.99999999999999,125.9999999999999,0.0
station_unseen_train,Stack,Full3C,43,44,accepted,P,200,12,10,12,12,0,0,1.0,1.0,47.50000000000002,40.000000000000036,64.99999999999999,125.9999999999999,0.0
station_unseen_train,Stack,Full3C,43,44,accepted,S,50,12,10,12,8,4,4,0.6666666666666666,1.0,133.33333333333317,29.99999999999936,343.4384952214879,176.99999999999963,0.08333333333333333
station_unseen_train,Stack,Full3C,43,44,accepted,S,100,12,10,12,10,2,2,0.8333333333333334,1.0,133.33333333333317,29.99999999999936,343.4384952214879,176.99999999999963,0.08333333333333333
station_unseen_train,Stack,Full3C,43,44,accepted,S,200,12,10,12,11,1,1,0.9166666666666666,1.0,133.33333333333317,29.99999999999936,343.4384952214879,176.99999999999963,0.08333333333333333
station_unseen_train,Stack,Full3C,43,44,strict,P,50,12,10,12,9,3,3,0.75,1.0,47.50000000000002,40.000000000000036,64.99999999999999,125.9999999999999,0.0
station_unseen_train,Stack,Full3C,43,44,strict,P,100,12,10,12,10,2,2,0.8333333333333334,1.0,47.50000000000002,40.000000000000036,64.99999999999999,125.9999999999999,0.0
station_unseen_train,Stack,Full3C,43,44,strict,P,200,12,10,12,12,0,0,1.0,1.0,47.50000000000002,40.000000000000036,64.99999999999999,125.9999999999999,0.0
station_unseen_train,Stack,Full3C,43,44,strict,S,50,12,10,12,8,4,4,0.6666666666666666,1.0,133.33333333333317,29.99999999999936,343.4384952214879,176.99999999999963,0.08333333333333333
station_unseen_train,Stack,Full3C,43,44,strict,S,100,12,10,12,10,2,2,0.8333333333333334,1.0,133.33333333333317,29.99999999999936,343.4384952214879,176.99999999999963,0.08333333333333333
station_unseen_train,Stack,Full3C,43,44,strict,S,200,12,10,12,11,1,1,0.9166666666666666,1.0,133.33333333333317,29.99999999999936,343.4384952214879,176.99999999999963,0.08333333333333333
station_unseen_train,Stack,Full3C,44,42,accepted,P,50,12,10,12,9,3,3,0.75,1.0,39.16666666666668,30.00000000000003,54.69613027140653,107.0000000000003,0.0
station_unseen_train,Stack,Full3C,44,42,accepted,P,100,12,10,12,10,2,2,0.8333333333333334,1.0,39.16666666666668,30.00000000000003,54.69613027140653,107.0000000000003,0.0
station_unseen_train,Stack,Full3C,44,42,accepted,P,200,12,10,12,12,0,0,1.0,1.0,39.16666666666668,30.00000000000003,54.69613027140653,107.0000000000003,0.0
station_unseen_train,Stack,Full3C,44,42,accepted,S,50,12,10,12,9,3,3,0.75,1.0,46.66666666666655,29.99999999999936,67.2061505121864,89.99999999999986,0.0
station_unseen_train,Stack,Full3C,44,42,accepted,S,100,12,10,12,11,1,1,0.9166666666666666,1.0,46.66666666666655,29.99999999999936,67.2061505121864,89.99999999999986,0.0
station_unseen_train,Stack,Full3C,44,42,accepted,S,200,12,10,12,12,0,0,1.0,1.0,46.66666666666655,29.99999999999936,67.2061505121864,89.99999999999986,0.0
station_unseen_train,Stack,Full3C,44,42,strict,P,50,12,10,12,9,3,3,0.75,1.0,39.16666666666668,30.00000000000003,54.69613027140653,107.0000000000003,0.0
station_unseen_train,Stack,Full3C,44,42,strict,P,100,12,10,12,10,2,2,0.8333333333333334,1.0,39.16666666666668,30.00000000000003,54.69613027140653,107.0000000000003,0.0
station_unseen_train,Stack,Full3C,44,42,strict,P,200,12,10,12,12,0,0,1.0,1.0,39.16666666666668,30.00000000000003,54.69613027140653,107.0000000000003,0.0
station_unseen_train,Stack,Full3C,44,42,strict,S,50,12,10,12,9,3,3,0.75,1.0,46.66666666666655,29.99999999999936,67.2061505121864,89.99999999999986,0.0
station_unseen_train,Stack,Full3C,44,42,strict,S,100,12,10,12,11,1,1,0.9166666666666666,1.0,46.66666666666655,29.99999999999936,67.2061505121864,89.99999999999986,0.0
station_unseen_train,Stack,Full3C,44,42,strict,S,200,12,10,12,12,0,0,1.0,1.0,46.66666666666655,29.99999999999936,67.2061505121864,89.99999999999986,0.0
station_unseen_train,Stack,Full3C,44,43,accepted,P,50,12,10,12,9,3,3,0.75,1.0,44.16666666666672,30.00000000000003,63.574103742535485,123.99999999999994,0.0
station_unseen_train,Stack,Full3C,44,43,accepted,P,100,12,10,12,10,2,2,0.8333333333333334,1.0,44.16666666666672,30.00000000000003,63.574103742535485,123.99999999999994,0.0
station_unseen_train,Stack,Full3C,44,43,accepted,P,200,12,10,12,12,0,0,1.0,1.0,44.16666666666672,30.00000000000003,63.574103742535485,123.99999999999994,0.0
station_unseen_train,Stack,Full3C,44,43,accepted,S,50,12,10,12,8,4,4,0.6666666666666666,1.0,51.66666666666674,35.00000000000014,70.35623639735141,80.00000000000007,0.0
station_unseen_train,Stack,Full3C,44,43,accepted,S,100,12,10,12,11,1,1,0.9166666666666666,1.0,51.66666666666674,35.00000000000014,70.35623639735141,80.00000000000007,0.0
station_unseen_train,Stack,Full3C,44,43,accepted,S,200,12,10,12,12,0,0,1.0,1.0,51.66666666666674,35.00000000000014,70.35623639735141,80.00000000000007,0.0
station_unseen_train,Stack,Full3C,44,43,strict,P,50,12,10,12,9,3,3,0.75,1.0,44.16666666666672,30.00000000000003,63.574103742535485,123.99999999999994,0.0
station_unseen_train,Stack,Full3C,44,43,strict,P,100,12,10,12,10,2,2,0.8333333333333334,1.0,44.16666666666672,30.00000000000003,63.574103742535485,123.99999999999994,0.0
station_unseen_train,Stack,Full3C,44,43,strict,P,200,12,10,12,12,0,0,1.0,1.0,44.16666666666672,30.00000000000003,63.574103742535485,123.99999999999994,0.0
station_unseen_train,Stack,Full3C,44,43,strict,S,50,12,10,12,8,4,4,0.6666666666666666,1.0,51.66666666666674,35.00000000000014,70.35623639735141,80.00000000000007,0.0
station_unseen_train,Stack,Full3C,44,43,strict,S,100,12,10,12,11,1,1,0.9166666666666666,1.0,51.66666666666674,35.00000000000014,70.35623639735141,80.00000000000007,0.0
station_unseen_train,Stack,Full3C,44,43,strict,S,200,12,10,12,12,0,0,1.0,1.0,51.66666666666674,35.00000000000014,70.35623639735141,80.00000000000007,0.0
station_unseen_train,Stack,Full3C,44,44,accepted,P,50,12,10,12,9,3,3,0.75,1.0,43.333333333333336,34.99999999999992,62.182527020592104,123.99999999999994,0.0
station_unseen_train,Stack,Full3C,44,44,accepted,P,100,12,10,12,10,2,2,0.8333333333333334,1.0,43.333333333333336,34.99999999999992,62.182527020592104,123.99999999999994,0.0
station_unseen_train,Stack,Full3C,44,44,accepted,P,200,12,10,12,12,0,0,1.0,1.0,43.333333333333336,34.99999999999992,62.182527020592104,123.99999999999994,0.0
station_unseen_train,Stack,Full3C,44,44,accepted,S,50,12,10,12,11,1,1,0.9166666666666666,1.0,35.833333333333606,19.999999999999574,54.848275573014604,40.000000000000924,0.0
station_unseen_train,Stack,Full3C,44,44,accepted,S,100,12,10,12,11,1,1,0.9166666666666666,1.0,35.833333333333606,19.999999999999574,54.848275573014604,40.000000000000924,0.0
station_unseen_train,Stack,Full3C,44,44,accepted,S,200,12,10,12,12,0,0,1.0,1.0,35.833333333333606,19.999999999999574,54.848275573014604,40.000000000000924,0.0
station_unseen_train,Stack,Full3C,44,44,strict,P,50,12,10,12,9,3,3,0.75,1.0,43.333333333333336,34.99999999999992,62.182527020592104,123.99999999999994,0.0
station_unseen_train,Stack,Full3C,44,44,strict,P,100,12,10,12,10,2,2,0.8333333333333334,1.0,43.333333333333336,34.99999999999992,62.182527020592104,123.99999999999994,0.0
station_unseen_train,Stack,Full3C,44,44,strict,P,200,12,10,12,12,0,0,1.0,1.0,43.333333333333336,34.99999999999992,62.182527020592104,123.99999999999994,0.0
station_unseen_train,Stack,Full3C,44,44,strict,S,50,12,10,12,11,1,1,0.9166666666666666,1.0,35.833333333333606,19.999999999999574,54.848275573014604,40.000000000000924,0.0
station_unseen_train,Stack,Full3C,44,44,strict,S,100,12,10,12,11,1,1,0.9166666666666666,1.0,35.833333333333606,19.999999999999574,54.848275573014604,40.000000000000924,0.0
station_unseen_train,Stack,Full3C,44,44,strict,S,200,12,10,12,12,0,0,1.0,1.0,35.833333333333606,19.999999999999574,54.848275573014604,40.000000000000924,0.0
station_unseen_train,Stack,Zonly,42,42,accepted,P,50,12,10,12,9,3,3,0.75,1.0,42.49999999999983,29.99999999999936,62.24949798994354,122.99999999999997,0.0
station_unseen_train,Stack,Zonly,42,42,accepted,P,100,12,10,12,10,2,2,0.8333333333333334,1.0,42.49999999999983,29.99999999999936,62.24949798994354,122.99999999999997,0.0
station_unseen_train,Stack,Zonly,42,42,accepted,P,200,12,10,12,12,0,0,1.0,1.0,42.49999999999983,29.99999999999936,62.24949798994354,122.99999999999997,0.0
station_unseen_train,Stack,Zonly,42,42,accepted,S,50,12,10,12,2,10,10,0.16666666666666666,1.0,1236.6666666666667,179.99999999999972,3070.5346982786778,1050.0000000000007,0.25
station_unseen_train,Stack,Zonly,42,42,accepted,S,100,12,10,12,4,8,8,0.3333333333333333,1.0,1236.6666666666667,179.99999999999972,3070.5346982786778,1050.0000000000007,0.25
station_unseen_train,Stack,Zonly,42,42,accepted,S,200,12,10,12,7,5,5,0.5833333333333334,1.0,1236.6666666666667,179.99999999999972,3070.5346982786778,1050.0000000000007,0.25
station_unseen_train,Stack,Zonly,42,42,strict,P,50,12,10,12,9,3,3,0.75,1.0,42.49999999999983,29.99999999999936,62.24949798994354,122.99999999999997,0.0
station_unseen_train,Stack,Zonly,42,42,strict,P,100,12,10,12,10,2,2,0.8333333333333334,1.0,42.49999999999983,29.99999999999936,62.24949798994354,122.99999999999997,0.0
station_unseen_train,Stack,Zonly,42,42,strict,P,200,12,10,12,12,0,0,1.0,1.0,42.49999999999983,29.99999999999936,62.24949798994354,122.99999999999997,0.0
station_unseen_train,Stack,Zonly,42,42,strict,S,50,12,10,12,2,10,10,0.16666666666666666,1.0,1236.6666666666667,179.99999999999972,3070.5346982786778,1050.0000000000007,0.25
station_unseen_train,Stack,Zonly,42,42,strict,S,100,12,10,12,4,8,8,0.3333333333333333,1.0,1236.6666666666667,179.99999999999972,3070.5346982786778,1050.0000000000007,0.25
station_unseen_train,Stack,Zonly,42,42,strict,S,200,12,10,12,7,5,5,0.5833333333333334,1.0,1236.6666666666667,179.99999999999972,3070.5346982786778,1050.0000000000007,0.25
station_unseen_train,Stack,Zonly,42,43,accepted,P,50,12,10,12,9,3,3,0.75,1.0,45.83333333333343,30.00000000000003,68.37397165588689,141.0000000000004,0.0
station_unseen_train,Stack,Zonly,42,43,accepted,P,100,12,10,12,10,2,2,0.8333333333333334,1.0,45.83333333333343,30.00000000000003,68.37397165588689,141.0000000000004,0.0
station_unseen_train,Stack,Zonly,42,43,accepted,P,200,12,10,12,12,0,0,1.0,1.0,45.83333333333343,30.00000000000003,68.37397165588689,141.0000000000004,0.0
station_unseen_train,Stack,Zonly,42,43,accepted,S,50,12,10,12,2,10,10,0.16666666666666666,1.0,1239.1666666666667,174.99999999999983,3071.6621450500265,1070.0000000000002,0.25
station_unseen_train,Stack,Zonly,42,43,accepted,S,100,12,10,12,4,8,8,0.3333333333333333,1.0,1239.1666666666667,174.99999999999983,3071.6621450500265,1070.0000000000002,0.25
station_unseen_train,Stack,Zonly,42,43,accepted,S,200,12,10,12,7,5,5,0.5833333333333334,1.0,1239.1666666666667,174.99999999999983,3071.6621450500265,1070.0000000000002,0.25
station_unseen_train,Stack,Zonly,42,43,strict,P,50,12,10,12,9,3,3,0.75,1.0,45.83333333333343,30.00000000000003,68.37397165588689,141.0000000000004,0.0
station_unseen_train,Stack,Zonly,42,43,strict,P,100,12,10,12,10,2,2,0.8333333333333334,1.0,45.83333333333343,30.00000000000003,68.37397165588689,141.0000000000004,0.0
station_unseen_train,Stack,Zonly,42,43,strict,P,200,12,10,12,12,0,0,1.0,1.0,45.83333333333343,30.00000000000003,68.37397165588689,141.0000000000004,0.0
station_unseen_train,Stack,Zonly,42,43,strict,S,50,12,10,12,2,10,10,0.16666666666666666,1.0,1239.1666666666667,174.99999999999983,3071.6621450500265,1070.0000000000002,0.25
station_unseen_train,Stack,Zonly,42,43,strict,S,100,12,10,12,4,8,8,0.3333333333333333,1.0,1239.1666666666667,174.99999999999983,3071.6621450500265,1070.0000000000002,0.25
station_unseen_train,Stack,Zonly,42,43,strict,S,200,12,10,12,7,5,5,0.5833333333333334,1.0,1239.1666666666667,174.99999999999983,3071.6621450500265,1070.0000000000002,0.25
station_unseen_train,Stack,Zonly,42,44,accepted,P,50,12,10,12,9,3,3,0.75,1.0,43.33333333333318,29.99999999999958,64.54972243679013,131.9999999999998,0.0
station_unseen_train,Stack,Zonly,42,44,accepted,P,100,12,10,12,10,2,2,0.8333333333333334,1.0,43.33333333333318,29.99999999999958,64.54972243679013,131.9999999999998,0.0
station_unseen_train,Stack,Zonly,42,44,accepted,P,200,12,10,12,12,0,0,1.0,1.0,43.33333333333318,29.99999999999958,64.54972243679013,131.9999999999998,0.0
station_unseen_train,Stack,Zonly,42,44,accepted,S,50,12,10,12,2,10,10,0.16666666666666666,1.0,1238.3333333333328,195.00000000000028,3069.440774256226,1029.9999999999993,0.25
station_unseen_train,Stack,Zonly,42,44,accepted,S,100,12,10,12,3,9,9,0.25,1.0,1238.3333333333328,195.00000000000028,3069.440774256226,1029.9999999999993,0.25
station_unseen_train,Stack,Zonly,42,44,accepted,S,200,12,10,12,6,6,6,0.5,1.0,1238.3333333333328,195.00000000000028,3069.440774256226,1029.9999999999993,0.25
station_unseen_train,Stack,Zonly,42,44,strict,P,50,12,10,12,9,3,3,0.75,1.0,43.33333333333318,29.99999999999958,64.54972243679013,131.9999999999998,0.0
station_unseen_train,Stack,Zonly,42,44,strict,P,100,12,10,12,10,2,2,0.8333333333333334,1.0,43.33333333333318,29.99999999999958,64.54972243679013,131.9999999999998,0.0
station_unseen_train,Stack,Zonly,42,44,strict,P,200,12,10,12,12,0,0,1.0,1.0,43.33333333333318,29.99999999999958,64.54972243679013,131.9999999999998,0.0
station_unseen_train,Stack,Zonly,42,44,strict,S,50,12,10,12,2,10,10,0.16666666666666666,1.0,1238.3333333333328,195.00000000000028,3069.440774256226,1029.9999999999993,0.25
station_unseen_train,Stack,Zonly,42,44,strict,S,100,12,10,12,3,9,9,0.25,1.0,1238.3333333333328,195.00000000000028,3069.440774256226,1029.9999999999993,0.25
station_unseen_train,Stack,Zonly,42,44,strict,S,200,12,10,12,6,6,6,0.5,1.0,1238.3333333333328,195.00000000000028,3069.440774256226,1029.9999999999993,0.25
station_unseen_train,Stack,Zonly,43,42,accepted,P,50,12,10,12,8,4,4,0.6666666666666666,1.0,46.66666666666674,30.00000000000003,68.92024376045127,141.0000000000004,0.0
station_unseen_train,Stack,Zonly,43,42,accepted,P,100,12,10,12,10,2,2,0.8333333333333334,1.0,46.66666666666674,30.00000000000003,68.92024376045127,141.0000000000004,0.0
station_unseen_train,Stack,Zonly,43,42,accepted,P,200,12,10,12,12,0,0,1.0,1.0,46.66666666666674,30.00000000000003,68.92024376045127,141.0000000000004,0.0
station_unseen_train,Stack,Zonly,43,42,accepted,S,50,12,10,12,2,10,10,0.16666666666666666,1.0,1349.166666666667,460.0,3100.8076904789395,1378.0000000000002,0.3333333333333333
station_unseen_train,Stack,Zonly,43,42,accepted,S,100,12,10,12,2,10,10,0.16666666666666666,1.0,1349.166666666667,460.0,3100.8076904789395,1378.0000000000002,0.3333333333333333
station_unseen_train,Stack,Zonly,43,42,accepted,S,200,12,10,12,6,6,6,0.5,1.0,1349.166666666667,460.0,3100.8076904789395,1378.0000000000002,0.3333333333333333
station_unseen_train,Stack,Zonly,43,42,strict,P,50,12,10,12,8,4,4,0.6666666666666666,1.0,46.66666666666674,30.00000000000003,68.92024376045127,141.0000000000004,0.0
station_unseen_train,Stack,Zonly,43,42,strict,P,100,12,10,12,10,2,2,0.8333333333333334,1.0,46.66666666666674,30.00000000000003,68.92024376045127,141.0000000000004,0.0
station_unseen_train,Stack,Zonly,43,42,strict,P,200,12,10,12,12,0,0,1.0,1.0,46.66666666666674,30.00000000000003,68.92024376045127,141.0000000000004,0.0
station_unseen_train,Stack,Zonly,43,42,strict,S,50,12,10,12,2,10,10,0.16666666666666666,1.0,1349.166666666667,460.0,3100.8076904789395,1378.0000000000002,0.3333333333333333
station_unseen_train,Stack,Zonly,43,42,strict,S,100,12,10,12,2,10,10,0.16666666666666666,1.0,1349.166666666667,460.0,3100.8076904789395,1378.0000000000002,0.3333333333333333
station_unseen_train,Stack,Zonly,43,42,strict,S,200,12,10,12,6,6,6,0.5,1.0,1349.166666666667,460.0,3100.8076904789395,1378.0000000000002,0.3333333333333333
station_unseen_train,Stack,Zonly,43,43,accepted,P,50,12,10,12,8,4,4,0.6666666666666666,1.0,49.16666666666662,30.00000000000003,68.85976086704527,133.99999999999974,0.0
station_unseen_train,Stack,Zonly,43,43,accepted,P,100,12,10,12,10,2,2,0.8333333333333334,1.0,49.16666666666662,30.00000000000003,68.85976086704527,133.99999999999974,0.0
station_unseen_train,Stack,Zonly,43,43,accepted,P,200,12,10,12,12,0,0,1.0,1.0,49.16666666666662,30.00000000000003,68.85976086704527,133.99999999999974,0.0
station_unseen_train,Stack,Zonly,43,43,accepted,S,50,12,10,12,3,9,9,0.25,1.0,1340.8333333333333,469.9999999999998,3095.9826119236086,1340.0000000000002,0.3333333333333333
station_unseen_train,Stack,Zonly,43,43,accepted,S,100,12,10,12,3,9,9,0.25,1.0,1340.8333333333333,469.9999999999998,3095.9826119236086,1340.0000000000002,0.3333333333333333
station_unseen_train,Stack,Zonly,43,43,accepted,S,200,12,10,12,6,6,6,0.5,1.0,1340.8333333333333,469.9999999999998,3095.9826119236086,1340.0000000000002,0.3333333333333333
station_unseen_train,Stack,Zonly,43,43,strict,P,50,12,10,12,8,4,4,0.6666666666666666,1.0,49.16666666666662,30.00000000000003,68.85976086704527,133.99999999999974,0.0
station_unseen_train,Stack,Zonly,43,43,strict,P,100,12,10,12,10,2,2,0.8333333333333334,1.0,49.16666666666662,30.00000000000003,68.85976086704527,133.99999999999974,0.0
station_unseen_train,Stack,Zonly,43,43,strict,P,200,12,10,12,12,0,0,1.0,1.0,49.16666666666662,30.00000000000003,68.85976086704527,133.99999999999974,0.0
station_unseen_train,Stack,Zonly,43,43,strict,S,50,12,10,12,3,9,9,0.25,1.0,1340.8333333333333,469.9999999999998,3095.9826119236086,1340.0000000000002,0.3333333333333333
station_unseen_train,Stack,Zonly,43,43,strict,S,100,12,10,12,3,9,9,0.25,1.0,1340.8333333333333,469.9999999999998,3095.9826119236086,1340.0000000000002,0.3333333333333333
station_unseen_train,Stack,Zonly,43,43,strict,S,200,12,10,12,6,6,6,0.5,1.0,1340.8333333333333,469.9999999999998,3095.9826119236086,1340.0000000000002,0.3333333333333333
station_unseen_train,Stack,Zonly,43,44,accepted,P,50,12,10,12,8,4,4,0.6666666666666666,1.0,45.83333333333335,34.99999999999992,65.63789555838399,131.9999999999998,0.0
station_unseen_train,Stack,Zonly,43,44,accepted,P,100,12,10,12,10,2,2,0.8333333333333334,1.0,45.83333333333335,34.99999999999992,65.63789555838399,131.9999999999998,0.0
station_unseen_train,Stack,Zonly,43,44,accepted,P,200,12,10,12,12,0,0,1.0,1.0,45.83333333333335,34.99999999999992,65.63789555838399,131.9999999999998,0.0
station_unseen_train,Stack,Zonly,43,44,accepted,S,50,12,10,12,1,11,11,0.08333333333333333,1.0,1362.5000000000002,504.9999999999999,3102.567485164505,1370.0000000000005,0.3333333333333333
station_unseen_train,Stack,Zonly,43,44,accepted,S,100,12,10,12,2,10,10,0.16666666666666666,1.0,1362.5000000000002,504.9999999999999,3102.567485164505,1370.0000000000005,0.3333333333333333
station_unseen_train,Stack,Zonly,43,44,accepted,S,200,12,10,12,5,7,7,0.4166666666666667,1.0,1362.5000000000002,504.9999999999999,3102.567485164505,1370.0000000000005,0.3333333333333333
station_unseen_train,Stack,Zonly,43,44,strict,P,50,12,10,12,8,4,4,0.6666666666666666,1.0,45.83333333333335,34.99999999999992,65.63789555838399,131.9999999999998,0.0
station_unseen_train,Stack,Zonly,43,44,strict,P,100,12,10,12,10,2,2,0.8333333333333334,1.0,45.83333333333335,34.99999999999992,65.63789555838399,131.9999999999998,0.0
station_unseen_train,Stack,Zonly,43,44,strict,P,200,12,10,12,12,0,0,1.0,1.0,45.83333333333335,34.99999999999992,65.63789555838399,131.9999999999998,0.0
station_unseen_train,Stack,Zonly,43,44,strict,S,50,12,10,12,1,11,11,0.08333333333333333,1.0,1362.5000000000002,504.9999999999999,3102.567485164505,1370.0000000000005,0.3333333333333333
station_unseen_train,Stack,Zonly,43,44,strict,S,100,12,10,12,2,10,10,0.16666666666666666,1.0,1362.5000000000002,504.9999999999999,3102.567485164505,1370.0000000000005,0.3333333333333333
station_unseen_train,Stack,Zonly,43,44,strict,S,200,12,10,12,5,7,7,0.4166666666666667,1.0,1362.5000000000002,504.9999999999999,3102.567485164505,1370.0000000000005,0.3333333333333333
station_unseen_train,Stack,Zonly,44,42,accepted,P,50,12,10,12,9,3,3,0.75,1.0,41.66666666666671,30.00000000000003,58.4522597225007,115.00000000000014,0.0
station_unseen_train,Stack,Zonly,44,42,accepted,P,100,12,10,12,10,2,2,0.8333333333333334,1.0,41.66666666666671,30.00000000000003,58.4522597225007,115.00000000000014,0.0
station_unseen_train,Stack,Zonly,44,42,accepted,P,200,12,10,12,12,0,0,1.0,1.0,41.66666666666671,30.00000000000003,58.4522597225007,115.00000000000014,0.0
station_unseen_train,Stack,Zonly,44,42,accepted,S,50,12,10,12,2,10,10,0.16666666666666666,1.0,1241.666666666667,174.99999999999983,3081.974475343148,1070.0000000000002,0.25
station_unseen_train,Stack,Zonly,44,42,accepted,S,100,12,10,12,3,9,9,0.25,1.0,1241.666666666667,174.99999999999983,3081.974475343148,1070.0000000000002,0.25
station_unseen_train,Stack,Zonly,44,42,accepted,S,200,12,10,12,7,5,5,0.5833333333333334,1.0,1241.666666666667,174.99999999999983,3081.974475343148,1070.0000000000002,0.25
station_unseen_train,Stack,Zonly,44,42,strict,P,50,12,10,12,9,3,3,0.75,1.0,41.66666666666671,30.00000000000003,58.4522597225007,115.00000000000014,0.0
station_unseen_train,Stack,Zonly,44,42,strict,P,100,12,10,12,10,2,2,0.8333333333333334,1.0,41.66666666666671,30.00000000000003,58.4522597225007,115.00000000000014,0.0
station_unseen_train,Stack,Zonly,44,42,strict,P,200,12,10,12,12,0,0,1.0,1.0,41.66666666666671,30.00000000000003,58.4522597225007,115.00000000000014,0.0
station_unseen_train,Stack,Zonly,44,42,strict,S,50,12,10,12,2,10,10,0.16666666666666666,1.0,1241.666666666667,174.99999999999983,3081.974475343148,1070.0000000000002,0.25
station_unseen_train,Stack,Zonly,44,42,strict,S,100,12,10,12,3,9,9,0.25,1.0,1241.666666666667,174.99999999999983,3081.974475343148,1070.0000000000002,0.25
station_unseen_train,Stack,Zonly,44,42,strict,S,200,12,10,12,7,5,5,0.5833333333333334,1.0,1241.666666666667,174.99999999999983,3081.974475343148,1070.0000000000002,0.25
station_unseen_train,Stack,Zonly,44,43,accepted,P,50,12,10,12,7,5,5,0.5833333333333334,1.0,43.333333333333336,25.000000000000135,62.048368229954285,122.99999999999997,0.0
station_unseen_train,Stack,Zonly,44,43,accepted,P,100,12,10,12,10,2,2,0.8333333333333334,1.0,43.333333333333336,25.000000000000135,62.048368229954285,122.99999999999997,0.0
station_unseen_train,Stack,Zonly,44,43,accepted,P,200,12,10,12,12,0,0,1.0,1.0,43.333333333333336,25.000000000000135,62.048368229954285,122.99999999999997,0.0
station_unseen_train,Stack,Zonly,44,43,accepted,S,50,12,10,12,2,10,10,0.16666666666666666,1.0,1236.6666666666667,165.00000000000003,3069.9864277658726,1040.000000000001,0.25
station_unseen_train,Stack,Zonly,44,43,accepted,S,100,12,10,12,3,9,9,0.25,1.0,1236.6666666666667,165.00000000000003,3069.9864277658726,1040.000000000001,0.25
station_unseen_train,Stack,Zonly,44,43,accepted,S,200,12,10,12,7,5,5,0.5833333333333334,1.0,1236.6666666666667,165.00000000000003,3069.9864277658726,1040.000000000001,0.25
station_unseen_train,Stack,Zonly,44,43,strict,P,50,12,10,12,7,5,5,0.5833333333333334,1.0,43.333333333333336,25.000000000000135,62.048368229954285,122.99999999999997,0.0
station_unseen_train,Stack,Zonly,44,43,strict,P,100,12,10,12,10,2,2,0.8333333333333334,1.0,43.333333333333336,25.000000000000135,62.048368229954285,122.99999999999997,0.0
station_unseen_train,Stack,Zonly,44,43,strict,P,200,12,10,12,12,0,0,1.0,1.0,43.333333333333336,25.000000000000135,62.048368229954285,122.99999999999997,0.0
station_unseen_train,Stack,Zonly,44,43,strict,S,50,12,10,12,2,10,10,0.16666666666666666,1.0,1236.6666666666667,165.00000000000003,3069.9864277658726,1040.000000000001,0.25
station_unseen_train,Stack,Zonly,44,43,strict,S,100,12,10,12,3,9,9,0.25,1.0,1236.6666666666667,165.00000000000003,3069.9864277658726,1040.000000000001,0.25
station_unseen_train,Stack,Zonly,44,43,strict,S,200,12,10,12,7,5,5,0.5833333333333334,1.0,1236.6666666666667,165.00000000000003,3069.9864277658726,1040.000000000001,0.25
station_unseen_train,Stack,Zonly,44,44,accepted,P,50,12,10,12,8,4,4,0.6666666666666666,1.0,42.50000000000009,34.99999999999992,58.66571968932689,114.00000000000017,0.0
station_unseen_train,Stack,Zonly,44,44,accepted,P,100,12,10,12,10,2,2,0.8333333333333334,1.0,42.50000000000009,34.99999999999992,58.66571968932689,114.00000000000017,0.0
station_unseen_train,Stack,Zonly,44,44,accepted,P,200,12,10,12,12,0,0,1.0,1.0,42.50000000000009,34.99999999999992,58.66571968932689,114.00000000000017,0.0
station_unseen_train,Stack,Zonly,44,44,accepted,S,50,12,10,12,4,8,8,0.3333333333333333,1.0,1200.0000000000002,200.00000000000017,3062.56428503958,1048.0000000000005,0.25
station_unseen_train,Stack,Zonly,44,44,accepted,S,100,12,10,12,4,8,8,0.3333333333333333,1.0,1200.0000000000002,200.00000000000017,3062.56428503958,1048.0000000000005,0.25
station_unseen_train,Stack,Zonly,44,44,accepted,S,200,12,10,12,6,6,6,0.5,1.0,1200.0000000000002,200.00000000000017,3062.56428503958,1048.0000000000005,0.25
station_unseen_train,Stack,Zonly,44,44,strict,P,50,12,10,12,8,4,4,0.6666666666666666,1.0,42.50000000000009,34.99999999999992,58.66571968932689,114.00000000000017,0.0
station_unseen_train,Stack,Zonly,44,44,strict,P,100,12,10,12,10,2,2,0.8333333333333334,1.0,42.50000000000009,34.99999999999992,58.66571968932689,114.00000000000017,0.0
station_unseen_train,Stack,Zonly,44,44,strict,P,200,12,10,12,12,0,0,1.0,1.0,42.50000000000009,34.99999999999992,58.66571968932689,114.00000000000017,0.0
station_unseen_train,Stack,Zonly,44,44,strict,S,50,12,10,12,4,8,8,0.3333333333333333,1.0,1200.0000000000002,200.00000000000017,3062.56428503958,1048.0000000000005,0.25
station_unseen_train,Stack,Zonly,44,44,strict,S,100,12,10,12,4,8,8,0.3333333333333333,1.0,1200.0000000000002,200.00000000000017,3062.56428503958,1048.0000000000005,0.25
station_unseen_train,Stack,Zonly,44,44,strict,S,200,12,10,12,6,6,6,0.5,1.0,1200.0000000000002,200.00000000000017,3062.56428503958,1048.0000000000005,0.25
station_unseen_train,PhaseNetMatched,Full3C,42,,accepted,P,50,12,10,12,11,1,1,0.9166666666666666,1.0,48.33333333333318,9.999999999999787,141.83323540928862,19.999999999999574,0.0
station_unseen_train,PhaseNetMatched,Full3C,42,,accepted,P,100,12,10,12,11,1,1,0.9166666666666666,1.0,48.33333333333318,9.999999999999787,141.83323540928862,19.999999999999574,0.0
station_unseen_train,PhaseNetMatched,Full3C,42,,accepted,P,200,12,10,12,11,1,1,0.9166666666666666,1.0,48.33333333333318,9.999999999999787,141.83323540928862,19.999999999999574,0.0
station_unseen_train,PhaseNetMatched,Full3C,42,,accepted,S,50,12,10,12,6,6,6,0.5,1.0,68.33333333333336,55.000000000000604,86.50626181573982,117.0000000000009,0.0
station_unseen_train,PhaseNetMatched,Full3C,42,,accepted,S,100,12,10,12,10,2,2,0.8333333333333334,1.0,68.33333333333336,55.000000000000604,86.50626181573982,117.0000000000009,0.0
station_unseen_train,PhaseNetMatched,Full3C,42,,accepted,S,200,12,10,12,11,1,1,0.9166666666666666,1.0,68.33333333333336,55.000000000000604,86.50626181573982,117.0000000000009,0.0
station_unseen_train,PhaseNetMatched,Full3C,42,,strict,P,50,12,10,12,11,1,1,0.9166666666666666,1.0,48.33333333333318,9.999999999999787,141.83323540928862,19.999999999999574,0.0
station_unseen_train,PhaseNetMatched,Full3C,42,,strict,P,100,12,10,12,11,1,1,0.9166666666666666,1.0,48.33333333333318,9.999999999999787,141.83323540928862,19.999999999999574,0.0
station_unseen_train,PhaseNetMatched,Full3C,42,,strict,P,200,12,10,12,11,1,1,0.9166666666666666,1.0,48.33333333333318,9.999999999999787,141.83323540928862,19.999999999999574,0.0
station_unseen_train,PhaseNetMatched,Full3C,42,,strict,S,50,12,10,12,6,6,6,0.5,1.0,68.33333333333336,55.000000000000604,86.50626181573982,117.0000000000009,0.0
station_unseen_train,PhaseNetMatched,Full3C,42,,strict,S,100,12,10,12,10,2,2,0.8333333333333334,1.0,68.33333333333336,55.000000000000604,86.50626181573982,117.0000000000009,0.0
station_unseen_train,PhaseNetMatched,Full3C,42,,strict,S,200,12,10,12,11,1,1,0.9166666666666666,1.0,68.33333333333336,55.000000000000604,86.50626181573982,117.0000000000009,0.0
station_unseen_train,PhaseNetMatched,Full3C,43,,accepted,P,50,12,10,12,11,1,1,0.9166666666666666,1.0,40.000000000000036,0.0,132.91601358251282,17.999999999999623,0.0
station_unseen_train,PhaseNetMatched,Full3C,43,,accepted,P,100,12,10,12,11,1,1,0.9166666666666666,1.0,40.000000000000036,0.0,132.91601358251282,17.999999999999623,0.0
station_unseen_train,PhaseNetMatched,Full3C,43,,accepted,P,200,12,10,12,11,1,1,0.9166666666666666,1.0,40.000000000000036,0.0,132.91601358251282,17.999999999999623,0.0
station_unseen_train,PhaseNetMatched,Full3C,43,,accepted,S,50,12,10,12,9,3,3,0.75,1.0,38.33333333333326,19.999999999999574,60.00000000000003,70.00000000000028,0.0
station_unseen_train,PhaseNetMatched,Full3C,43,,accepted,S,100,12,10,12,11,1,1,0.9166666666666666,1.0,38.33333333333326,19.999999999999574,60.00000000000003,70.00000000000028,0.0
station_unseen_train,PhaseNetMatched,Full3C,43,,accepted,S,200,12,10,12,12,0,0,1.0,1.0,38.33333333333326,19.999999999999574,60.00000000000003,70.00000000000028,0.0
station_unseen_train,PhaseNetMatched,Full3C,43,,strict,P,50,12,10,12,11,1,1,0.9166666666666666,1.0,40.000000000000036,0.0,132.91601358251282,17.999999999999623,0.0
station_unseen_train,PhaseNetMatched,Full3C,43,,strict,P,100,12,10,12,11,1,1,0.9166666666666666,1.0,40.000000000000036,0.0,132.91601358251282,17.999999999999623,0.0
station_unseen_train,PhaseNetMatched,Full3C,43,,strict,P,200,12,10,12,11,1,1,0.9166666666666666,1.0,40.000000000000036,0.0,132.91601358251282,17.999999999999623,0.0
station_unseen_train,PhaseNetMatched,Full3C,43,,strict,S,50,12,10,12,9,3,3,0.75,1.0,38.33333333333326,19.999999999999574,60.00000000000003,70.00000000000028,0.0
station_unseen_train,PhaseNetMatched,Full3C,43,,strict,S,100,12,10,12,11,1,1,0.9166666666666666,1.0,38.33333333333326,19.999999999999574,60.00000000000003,70.00000000000028,0.0
station_unseen_train,PhaseNetMatched,Full3C,43,,strict,S,200,12,10,12,12,0,0,1.0,1.0,38.33333333333326,19.999999999999574,60.00000000000003,70.00000000000028,0.0
station_unseen_train,PhaseNetMatched,Full3C,44,,accepted,P,50,12,10,12,11,1,1,0.9166666666666666,1.0,54.166666666666465,19.999999999999574,136.7174702321057,29.000000000000185,0.0
station_unseen_train,PhaseNetMatched,Full3C,44,,accepted,P,100,12,10,12,11,1,1,0.9166666666666666,1.0,54.166666666666465,19.999999999999574,136.7174702321057,29.000000000000185,0.0
station_unseen_train,PhaseNetMatched,Full3C,44,,accepted,P,200,12,10,12,11,1,1,0.9166666666666666,1.0,54.166666666666465,19.999999999999574,136.7174702321057,29.000000000000185,0.0
station_unseen_train,PhaseNetMatched,Full3C,44,,accepted,S,50,12,10,12,9,3,3,0.75,1.0,44.16666666666661,29.99999999999936,74.21814692737416,78.00000000000011,0.0
station_unseen_train,PhaseNetMatched,Full3C,44,,accepted,S,100,12,10,12,11,1,1,0.9166666666666666,1.0,44.16666666666661,29.99999999999936,74.21814692737416,78.00000000000011,0.0
station_unseen_train,PhaseNetMatched,Full3C,44,,accepted,S,200,12,10,12,11,1,1,0.9166666666666666,1.0,44.16666666666661,29.99999999999936,74.21814692737416,78.00000000000011,0.0
station_unseen_train,PhaseNetMatched,Full3C,44,,strict,P,50,12,10,12,11,1,1,0.9166666666666666,1.0,54.166666666666465,19.999999999999574,136.7174702321057,29.000000000000185,0.0
station_unseen_train,PhaseNetMatched,Full3C,44,,strict,P,100,12,10,12,11,1,1,0.9166666666666666,1.0,54.166666666666465,19.999999999999574,136.7174702321057,29.000000000000185,0.0
station_unseen_train,PhaseNetMatched,Full3C,44,,strict,P,200,12,10,12,11,1,1,0.9166666666666666,1.0,54.166666666666465,19.999999999999574,136.7174702321057,29.000000000000185,0.0
station_unseen_train,PhaseNetMatched,Full3C,44,,strict,S,50,12,10,12,9,3,3,0.75,1.0,44.16666666666661,29.99999999999936,74.21814692737416,78.00000000000011,0.0
station_unseen_train,PhaseNetMatched,Full3C,44,,strict,S,100,12,10,12,11,1,1,0.9166666666666666,1.0,44.16666666666661,29.99999999999936,74.21814692737416,78.00000000000011,0.0
station_unseen_train,PhaseNetMatched,Full3C,44,,strict,S,200,12,10,12,11,1,1,0.9166666666666666,1.0,44.16666666666661,29.99999999999936,74.21814692737416,78.00000000000011,0.0
station_unseen_train,PhaseNetMatched,Zonly,42,,accepted,P,50,12,10,12,11,1,1,0.9166666666666666,1.0,46.66666666666663,0.0,139.28388277184132,38.0,0.0
station_unseen_train,PhaseNetMatched,Zonly,42,,accepted,P,100,12,10,12,11,1,1,0.9166666666666666,1.0,46.66666666666663,0.0,139.28388277184132,38.0,0.0
station_unseen_train,PhaseNetMatched,Zonly,42,,accepted,P,200,12,10,12,11,1,1,0.9166666666666666,1.0,46.66666666666663,0.0,139.28388277184132,38.0,0.0
station_unseen_train,PhaseNetMatched,Zonly,42,,accepted,S,50,12,10,12,2,10,10,0.16666666666666666,1.0,437.5000000000002,179.99999999999972,599.4928412138605,1068.0,0.16666666666666666
station_unseen_train,PhaseNetMatched,Zonly,42,,accepted,S,100,12,10,12,2,10,10,0.16666666666666666,1.0,437.5000000000002,179.99999999999972,599.4928412138605,1068.0,0.16666666666666666
station_unseen_train,PhaseNetMatched,Zonly,42,,accepted,S,200,12,10,12,7,5,5,0.5833333333333334,1.0,437.5000000000002,179.99999999999972,599.4928412138605,1068.0,0.16666666666666666
station_unseen_train,PhaseNetMatched,Zonly,42,,strict,P,50,12,10,12,11,1,1,0.9166666666666666,1.0,46.66666666666663,0.0,139.28388277184132,38.0,0.0
station_unseen_train,PhaseNetMatched,Zonly,42,,strict,P,100,12,10,12,11,1,1,0.9166666666666666,1.0,46.66666666666663,0.0,139.28388277184132,38.0,0.0
station_unseen_train,PhaseNetMatched,Zonly,42,,strict,P,200,12,10,12,11,1,1,0.9166666666666666,1.0,46.66666666666663,0.0,139.28388277184132,38.0,0.0
station_unseen_train,PhaseNetMatched,Zonly,42,,strict,S,50,12,10,12,2,10,10,0.16666666666666666,1.0,437.5000000000002,179.99999999999972,599.4928412138605,1068.0,0.16666666666666666
station_unseen_train,PhaseNetMatched,Zonly,42,,strict,S,100,12,10,12,2,10,10,0.16666666666666666,1.0,437.5000000000002,179.99999999999972,599.4928412138605,1068.0,0.16666666666666666
station_unseen_train,PhaseNetMatched,Zonly,42,,strict,S,200,12,10,12,7,5,5,0.5833333333333334,1.0,437.5000000000002,179.99999999999972,599.4928412138605,1068.0,0.16666666666666666
station_unseen_train,PhaseNetMatched,Zonly,43,,accepted,P,50,12,10,12,11,1,1,0.9166666666666666,1.0,50.83333333333314,9.999999999999787,128.16005617976307,38.0,0.0
station_unseen_train,PhaseNetMatched,Zonly,43,,accepted,P,100,12,10,12,11,1,1,0.9166666666666666,1.0,50.83333333333314,9.999999999999787,128.16005617976307,38.0,0.0
station_unseen_train,PhaseNetMatched,Zonly,43,,accepted,P,200,12,10,12,11,1,1,0.9166666666666666,1.0,50.83333333333314,9.999999999999787,128.16005617976307,38.0,0.0
station_unseen_train,PhaseNetMatched,Zonly,43,,accepted,S,50,12,10,12,1,11,11,0.08333333333333333,1.0,472.5000000000002,219.99999999999974,618.2704370526974,1056.0,0.16666666666666666
station_unseen_train,PhaseNetMatched,Zonly,43,,accepted,S,100,12,10,12,2,10,10,0.16666666666666666,1.0,472.5000000000002,219.99999999999974,618.2704370526974,1056.0,0.16666666666666666
station_unseen_train,PhaseNetMatched,Zonly,43,,accepted,S,200,12,10,12,5,7,7,0.4166666666666667,1.0,472.5000000000002,219.99999999999974,618.2704370526974,1056.0,0.16666666666666666
station_unseen_train,PhaseNetMatched,Zonly,43,,strict,P,50,12,10,12,11,1,1,0.9166666666666666,1.0,50.83333333333314,9.999999999999787,128.16005617976307,38.0,0.0
station_unseen_train,PhaseNetMatched,Zonly,43,,strict,P,100,12,10,12,11,1,1,0.9166666666666666,1.0,50.83333333333314,9.999999999999787,128.16005617976307,38.0,0.0
station_unseen_train,PhaseNetMatched,Zonly,43,,strict,P,200,12,10,12,11,1,1,0.9166666666666666,1.0,50.83333333333314,9.999999999999787,128.16005617976307,38.0,0.0
station_unseen_train,PhaseNetMatched,Zonly,43,,strict,S,50,12,10,12,1,11,11,0.08333333333333333,1.0,472.5000000000002,219.99999999999974,618.2704370526974,1056.0,0.16666666666666666
station_unseen_train,PhaseNetMatched,Zonly,43,,strict,S,100,12,10,12,2,10,10,0.16666666666666666,1.0,472.5000000000002,219.99999999999974,618.2704370526974,1056.0,0.16666666666666666
station_unseen_train,PhaseNetMatched,Zonly,43,,strict,S,200,12,10,12,5,7,7,0.4166666666666667,1.0,472.5000000000002,219.99999999999974,618.2704370526974,1056.0,0.16666666666666666
station_unseen_train,PhaseNetMatched,Zonly,44,,accepted,P,50,12,10,12,11,1,1,0.9166666666666666,1.0,46.66666666666671,0.0,136.38181696985873,30.00000000000025,0.0
station_unseen_train,PhaseNetMatched,Zonly,44,,accepted,P,100,12,10,12,11,1,1,0.9166666666666666,1.0,46.66666666666671,0.0,136.38181696985873,30.00000000000025,0.0
station_unseen_train,PhaseNetMatched,Zonly,44,,accepted,P,200,12,10,12,11,1,1,0.9166666666666666,1.0,46.66666666666671,0.0,136.38181696985873,30.00000000000025,0.0
station_unseen_train,PhaseNetMatched,Zonly,44,,accepted,S,50,12,10,12,1,11,11,0.08333333333333333,1.0,487.50000000000006,165.00000000000048,701.1716385213158,1122.0000000000007,0.25
station_unseen_train,PhaseNetMatched,Zonly,44,,accepted,S,100,12,10,12,4,8,8,0.3333333333333333,1.0,487.50000000000006,165.00000000000048,701.1716385213158,1122.0000000000007,0.25
station_unseen_train,PhaseNetMatched,Zonly,44,,accepted,S,200,12,10,12,7,5,5,0.5833333333333334,1.0,487.50000000000006,165.00000000000048,701.1716385213158,1122.0000000000007,0.25
station_unseen_train,PhaseNetMatched,Zonly,44,,strict,P,50,12,10,12,11,1,1,0.9166666666666666,1.0,46.66666666666671,0.0,136.38181696985873,30.00000000000025,0.0
station_unseen_train,PhaseNetMatched,Zonly,44,,strict,P,100,12,10,12,11,1,1,0.9166666666666666,1.0,46.66666666666671,0.0,136.38181696985873,30.00000000000025,0.0
station_unseen_train,PhaseNetMatched,Zonly,44,,strict,P,200,12,10,12,11,1,1,0.9166666666666666,1.0,46.66666666666671,0.0,136.38181696985873,30.00000000000025,0.0
station_unseen_train,PhaseNetMatched,Zonly,44,,strict,S,50,12,10,12,1,11,11,0.08333333333333333,1.0,487.50000000000006,165.00000000000048,701.1716385213158,1122.0000000000007,0.25
station_unseen_train,PhaseNetMatched,Zonly,44,,strict,S,100,12,10,12,4,8,8,0.3333333333333333,1.0,487.50000000000006,165.00000000000048,701.1716385213158,1122.0000000000007,0.25
station_unseen_train,PhaseNetMatched,Zonly,44,,strict,S,200,12,10,12,7,5,5,0.5833333333333334,1.0,487.50000000000006,165.00000000000048,701.1716385213158,1122.0000000000007,0.25
station_unseen_train_and_val,Stack,Full3C,42,42,accepted,P,50,12,10,12,9,3,3,0.75,1.0,47.49999999999991,29.99999999999958,71.70541588099654,151.0000000000002,0.0
station_unseen_train_and_val,Stack,Full3C,42,42,accepted,P,100,12,10,12,10,2,2,0.8333333333333334,1.0,47.49999999999991,29.99999999999958,71.70541588099654,151.0000000000002,0.0
station_unseen_train_and_val,Stack,Full3C,42,42,accepted,P,200,12,10,12,12,0,0,1.0,1.0,47.49999999999991,29.99999999999958,71.70541588099654,151.0000000000002,0.0
station_unseen_train_and_val,Stack,Full3C,42,42,accepted,S,50,12,10,12,9,3,3,0.75,1.0,132.50000000000057,40.000000000000924,237.01265788982687,523.0000000000005,0.0
station_unseen_train_and_val,Stack,Full3C,42,42,accepted,S,100,12,10,12,9,3,3,0.75,1.0,132.50000000000057,40.000000000000924,237.01265788982687,523.0000000000005,0.0
station_unseen_train_and_val,Stack,Full3C,42,42,accepted,S,200,12,10,12,10,2,2,0.8333333333333334,1.0,132.50000000000057,40.000000000000924,237.01265788982687,523.0000000000005,0.0
station_unseen_train_and_val,Stack,Full3C,42,42,strict,P,50,12,10,12,9,3,3,0.75,1.0,47.49999999999991,29.99999999999958,71.70541588099654,151.0000000000002,0.0
station_unseen_train_and_val,Stack,Full3C,42,42,strict,P,100,12,10,12,10,2,2,0.8333333333333334,1.0,47.49999999999991,29.99999999999958,71.70541588099654,151.0000000000002,0.0
station_unseen_train_and_val,Stack,Full3C,42,42,strict,P,200,12,10,12,12,0,0,1.0,1.0,47.49999999999991,29.99999999999958,71.70541588099654,151.0000000000002,0.0
station_unseen_train_and_val,Stack,Full3C,42,42,strict,S,50,12,10,12,9,3,3,0.75,1.0,132.50000000000057,40.000000000000924,237.01265788982687,523.0000000000005,0.0
station_unseen_train_and_val,Stack,Full3C,42,42,strict,S,100,12,10,12,9,3,3,0.75,1.0,132.50000000000057,40.000000000000924,237.01265788982687,523.0000000000005,0.0
station_unseen_train_and_val,Stack,Full3C,42,42,strict,S,200,12,10,12,10,2,2,0.8333333333333334,1.0,132.50000000000057,40.000000000000924,237.01265788982687,523.0000000000005,0.0
station_unseen_train_and_val,Stack,Full3C,42,43,accepted,P,50,12,10,12,9,3,3,0.75,1.0,45.000000000000036,29.99999999999958,67.57711644237777,142.00000000000037,0.0
station_unseen_train_and_val,Stack,Full3C,42,43,accepted,P,100,12,10,12,10,2,2,0.8333333333333334,1.0,45.000000000000036,29.99999999999958,67.57711644237777,142.00000000000037,0.0
station_unseen_train_and_val,Stack,Full3C,42,43,accepted,P,200,12,10,12,12,0,0,1.0,1.0,45.000000000000036,29.99999999999958,67.57711644237777,142.00000000000037,0.0
station_unseen_train_and_val,Stack,Full3C,42,43,accepted,S,50,12,10,12,8,4,4,0.6666666666666666,1.0,227.50000000000037,40.000000000000924,416.94324154094005,570.0000000000002,0.08333333333333333
station_unseen_train_and_val,Stack,Full3C,42,43,accepted,S,100,12,10,12,8,4,4,0.6666666666666666,1.0,227.50000000000037,40.000000000000924,416.94324154094005,570.0000000000002,0.08333333333333333
station_unseen_train_and_val,Stack,Full3C,42,43,accepted,S,200,12,10,12,9,3,3,0.75,1.0,227.50000000000037,40.000000000000924,416.94324154094005,570.0000000000002,0.08333333333333333
station_unseen_train_and_val,Stack,Full3C,42,43,strict,P,50,12,10,12,9,3,3,0.75,1.0,45.000000000000036,29.99999999999958,67.57711644237777,142.00000000000037,0.0
station_unseen_train_and_val,Stack,Full3C,42,43,strict,P,100,12,10,12,10,2,2,0.8333333333333334,1.0,45.000000000000036,29.99999999999958,67.57711644237777,142.00000000000037,0.0
station_unseen_train_and_val,Stack,Full3C,42,43,strict,P,200,12,10,12,12,0,0,1.0,1.0,45.000000000000036,29.99999999999958,67.57711644237777,142.00000000000037,0.0
station_unseen_train_and_val,Stack,Full3C,42,43,strict,S,50,12,10,12,8,4,4,0.6666666666666666,1.0,227.50000000000037,40.000000000000924,416.94324154094005,570.0000000000002,0.08333333333333333
station_unseen_train_and_val,Stack,Full3C,42,43,strict,S,100,12,10,12,8,4,4,0.6666666666666666,1.0,227.50000000000037,40.000000000000924,416.94324154094005,570.0000000000002,0.08333333333333333
station_unseen_train_and_val,Stack,Full3C,42,43,strict,S,200,12,10,12,9,3,3,0.75,1.0,227.50000000000037,40.000000000000924,416.94324154094005,570.0000000000002,0.08333333333333333
station_unseen_train_and_val,Stack,Full3C,42,44,accepted,P,50,12,10,12,9,3,3,0.75,1.0,46.66666666666659,34.999999999999474,71.8795288428261,151.0000000000002,0.0
station_unseen_train_and_val,Stack,Full3C,42,44,accepted,P,100,12,10,12,10,2,2,0.8333333333333334,1.0,46.66666666666659,34.999999999999474,71.8795288428261,151.0000000000002,0.0
station_unseen_train_and_val,Stack,Full3C,42,44,accepted,P,200,12,10,12,12,0,0,1.0,1.0,46.66666666666659,34.999999999999474,71.8795288428261,151.0000000000002,0.0
station_unseen_train_and_val,Stack,Full3C,42,44,accepted,S,50,12,10,12,8,4,4,0.6666666666666666,1.0,148.33333333333357,45.00000000000082,280.62430400804556,622.0,0.0
station_unseen_train_and_val,Stack,Full3C,42,44,accepted,S,100,12,10,12,9,3,3,0.75,1.0,148.33333333333357,45.00000000000082,280.62430400804556,622.0,0.0
station_unseen_train_and_val,Stack,Full3C,42,44,accepted,S,200,12,10,12,10,2,2,0.8333333333333334,1.0,148.33333333333357,45.00000000000082,280.62430400804556,622.0,0.0
station_unseen_train_and_val,Stack,Full3C,42,44,strict,P,50,12,10,12,9,3,3,0.75,1.0,46.66666666666659,34.999999999999474,71.8795288428261,151.0000000000002,0.0
station_unseen_train_and_val,Stack,Full3C,42,44,strict,P,100,12,10,12,10,2,2,0.8333333333333334,1.0,46.66666666666659,34.999999999999474,71.8795288428261,151.0000000000002,0.0
station_unseen_train_and_val,Stack,Full3C,42,44,strict,P,200,12,10,12,12,0,0,1.0,1.0,46.66666666666659,34.999999999999474,71.8795288428261,151.0000000000002,0.0
station_unseen_train_and_val,Stack,Full3C,42,44,strict,S,50,12,10,12,8,4,4,0.6666666666666666,1.0,148.33333333333357,45.00000000000082,280.62430400804556,622.0,0.0
station_unseen_train_and_val,Stack,Full3C,42,44,strict,S,100,12,10,12,9,3,3,0.75,1.0,148.33333333333357,45.00000000000082,280.62430400804556,622.0,0.0
station_unseen_train_and_val,Stack,Full3C,42,44,strict,S,200,12,10,12,10,2,2,0.8333333333333334,1.0,148.33333333333357,45.00000000000082,280.62430400804556,622.0,0.0
station_unseen_train_and_val,Stack,Full3C,43,42,accepted,P,50,12,10,12,7,5,5,0.5833333333333334,1.0,45.000000000000036,30.00000000000003,64.16125518306717,122.99999999999997,0.0
station_unseen_train_and_val,Stack,Full3C,43,42,accepted,P,100,12,10,12,10,2,2,0.8333333333333334,1.0,45.000000000000036,30.00000000000003,64.16125518306717,122.99999999999997,0.0
station_unseen_train_and_val,Stack,Full3C,43,42,accepted,P,200,12,10,12,12,0,0,1.0,1.0,45.000000000000036,30.00000000000003,64.16125518306717,122.99999999999997,0.0
station_unseen_train_and_val,Stack,Full3C,43,42,accepted,S,50,12,10,12,9,3,3,0.75,1.0,43.33333333333366,35.00000000000103,67.57711644237773,60.0000000000005,0.0
station_unseen_train_and_val,Stack,Full3C,43,42,accepted,S,100,12,10,12,11,1,1,0.9166666666666666,1.0,43.33333333333366,35.00000000000103,67.57711644237773,60.0000000000005,0.0
station_unseen_train_and_val,Stack,Full3C,43,42,accepted,S,200,12,10,12,12,0,0,1.0,1.0,43.33333333333366,35.00000000000103,67.57711644237773,60.0000000000005,0.0
station_unseen_train_and_val,Stack,Full3C,43,42,strict,P,50,12,10,12,7,5,5,0.5833333333333334,1.0,45.000000000000036,30.00000000000003,64.16125518306717,122.99999999999997,0.0
station_unseen_train_and_val,Stack,Full3C,43,42,strict,P,100,12,10,12,10,2,2,0.8333333333333334,1.0,45.000000000000036,30.00000000000003,64.16125518306717,122.99999999999997,0.0
station_unseen_train_and_val,Stack,Full3C,43,42,strict,P,200,12,10,12,12,0,0,1.0,1.0,45.000000000000036,30.00000000000003,64.16125518306717,122.99999999999997,0.0
station_unseen_train_and_val,Stack,Full3C,43,42,strict,S,50,12,10,12,9,3,3,0.75,1.0,43.33333333333366,35.00000000000103,67.57711644237773,60.0000000000005,0.0
station_unseen_train_and_val,Stack,Full3C,43,42,strict,S,100,12,10,12,11,1,1,0.9166666666666666,1.0,43.33333333333366,35.00000000000103,67.57711644237773,60.0000000000005,0.0
station_unseen_train_and_val,Stack,Full3C,43,42,strict,S,200,12,10,12,12,0,0,1.0,1.0,43.33333333333366,35.00000000000103,67.57711644237773,60.0000000000005,0.0
station_unseen_train_and_val,Stack,Full3C,43,43,accepted,P,50,12,10,12,7,5,5,0.5833333333333334,1.0,44.16666666666665,25.000000000000135,62.915286960589576,123.99999999999994,0.0
station_unseen_train_and_val,Stack,Full3C,43,43,accepted,P,100,12,10,12,10,2,2,0.8333333333333334,1.0,44.16666666666665,25.000000000000135,62.915286960589576,123.99999999999994,0.0
station_unseen_train_and_val,Stack,Full3C,43,43,accepted,P,200,12,10,12,12,0,0,1.0,1.0,44.16666666666665,25.000000000000135,62.915286960589576,123.99999999999994,0.0
station_unseen_train_and_val,Stack,Full3C,43,43,accepted,S,50,12,10,12,8,4,4,0.6666666666666666,1.0,133.33333333333363,19.999999999999574,348.61631248886397,167.99999999999983,0.08333333333333333
station_unseen_train_and_val,Stack,Full3C,43,43,accepted,S,100,12,10,12,10,2,2,0.8333333333333334,1.0,133.33333333333363,19.999999999999574,348.61631248886397,167.99999999999983,0.08333333333333333
station_unseen_train_and_val,Stack,Full3C,43,43,accepted,S,200,12,10,12,11,1,1,0.9166666666666666,1.0,133.33333333333363,19.999999999999574,348.61631248886397,167.99999999999983,0.08333333333333333
station_unseen_train_and_val,Stack,Full3C,43,43,strict,P,50,12,10,12,7,5,5,0.5833333333333334,1.0,44.16666666666665,25.000000000000135,62.915286960589576,123.99999999999994,0.0
station_unseen_train_and_val,Stack,Full3C,43,43,strict,P,100,12,10,12,10,2,2,0.8333333333333334,1.0,44.16666666666665,25.000000000000135,62.915286960589576,123.99999999999994,0.0
station_unseen_train_and_val,Stack,Full3C,43,43,strict,P,200,12,10,12,12,0,0,1.0,1.0,44.16666666666665,25.000000000000135,62.915286960589576,123.99999999999994,0.0
station_unseen_train_and_val,Stack,Full3C,43,43,strict,S,50,12,10,12,8,4,4,0.6666666666666666,1.0,133.33333333333363,19.999999999999574,348.61631248886397,167.99999999999983,0.08333333333333333
station_unseen_train_and_val,Stack,Full3C,43,43,strict,S,100,12,10,12,10,2,2,0.8333333333333334,1.0,133.33333333333363,19.999999999999574,348.61631248886397,167.99999999999983,0.08333333333333333
station_unseen_train_and_val,Stack,Full3C,43,43,strict,S,200,12,10,12,11,1,1,0.9166666666666666,1.0,133.33333333333363,19.999999999999574,348.61631248886397,167.99999999999983,0.08333333333333333
station_unseen_train_and_val,Stack,Full3C,43,44,accepted,P,50,12,10,12,9,3,3,0.75,1.0,47.50000000000002,40.000000000000036,64.99999999999999,125.9999999999999,0.0
station_unseen_train_and_val,Stack,Full3C,43,44,accepted,P,100,12,10,12,10,2,2,0.8333333333333334,1.0,47.50000000000002,40.000000000000036,64.99999999999999,125.9999999999999,0.0
station_unseen_train_and_val,Stack,Full3C,43,44,accepted,P,200,12,10,12,12,0,0,1.0,1.0,47.50000000000002,40.000000000000036,64.99999999999999,125.9999999999999,0.0
station_unseen_train_and_val,Stack,Full3C,43,44,accepted,S,50,12,10,12,8,4,4,0.6666666666666666,1.0,133.33333333333317,29.99999999999936,343.4384952214879,176.99999999999963,0.08333333333333333
station_unseen_train_and_val,Stack,Full3C,43,44,accepted,S,100,12,10,12,10,2,2,0.8333333333333334,1.0,133.33333333333317,29.99999999999936,343.4384952214879,176.99999999999963,0.08333333333333333
station_unseen_train_and_val,Stack,Full3C,43,44,accepted,S,200,12,10,12,11,1,1,0.9166666666666666,1.0,133.33333333333317,29.99999999999936,343.4384952214879,176.99999999999963,0.08333333333333333
station_unseen_train_and_val,Stack,Full3C,43,44,strict,P,50,12,10,12,9,3,3,0.75,1.0,47.50000000000002,40.000000000000036,64.99999999999999,125.9999999999999,0.0
station_unseen_train_and_val,Stack,Full3C,43,44,strict,P,100,12,10,12,10,2,2,0.8333333333333334,1.0,47.50000000000002,40.000000000000036,64.99999999999999,125.9999999999999,0.0
station_unseen_train_and_val,Stack,Full3C,43,44,strict,P,200,12,10,12,12,0,0,1.0,1.0,47.50000000000002,40.000000000000036,64.99999999999999,125.9999999999999,0.0
station_unseen_train_and_val,Stack,Full3C,43,44,strict,S,50,12,10,12,8,4,4,0.6666666666666666,1.0,133.33333333333317,29.99999999999936,343.4384952214879,176.99999999999963,0.08333333333333333
station_unseen_train_and_val,Stack,Full3C,43,44,strict,S,100,12,10,12,10,2,2,0.8333333333333334,1.0,133.33333333333317,29.99999999999936,343.4384952214879,176.99999999999963,0.08333333333333333
station_unseen_train_and_val,Stack,Full3C,43,44,strict,S,200,12,10,12,11,1,1,0.9166666666666666,1.0,133.33333333333317,29.99999999999936,343.4384952214879,176.99999999999963,0.08333333333333333
station_unseen_train_and_val,Stack,Full3C,44,42,accepted,P,50,12,10,12,9,3,3,0.75,1.0,39.16666666666668,30.00000000000003,54.69613027140653,107.0000000000003,0.0
station_unseen_train_and_val,Stack,Full3C,44,42,accepted,P,100,12,10,12,10,2,2,0.8333333333333334,1.0,39.16666666666668,30.00000000000003,54.69613027140653,107.0000000000003,0.0
station_unseen_train_and_val,Stack,Full3C,44,42,accepted,P,200,12,10,12,12,0,0,1.0,1.0,39.16666666666668,30.00000000000003,54.69613027140653,107.0000000000003,0.0
station_unseen_train_and_val,Stack,Full3C,44,42,accepted,S,50,12,10,12,9,3,3,0.75,1.0,46.66666666666655,29.99999999999936,67.2061505121864,89.99999999999986,0.0
station_unseen_train_and_val,Stack,Full3C,44,42,accepted,S,100,12,10,12,11,1,1,0.9166666666666666,1.0,46.66666666666655,29.99999999999936,67.2061505121864,89.99999999999986,0.0
station_unseen_train_and_val,Stack,Full3C,44,42,accepted,S,200,12,10,12,12,0,0,1.0,1.0,46.66666666666655,29.99999999999936,67.2061505121864,89.99999999999986,0.0
station_unseen_train_and_val,Stack,Full3C,44,42,strict,P,50,12,10,12,9,3,3,0.75,1.0,39.16666666666668,30.00000000000003,54.69613027140653,107.0000000000003,0.0
station_unseen_train_and_val,Stack,Full3C,44,42,strict,P,100,12,10,12,10,2,2,0.8333333333333334,1.0,39.16666666666668,30.00000000000003,54.69613027140653,107.0000000000003,0.0
station_unseen_train_and_val,Stack,Full3C,44,42,strict,P,200,12,10,12,12,0,0,1.0,1.0,39.16666666666668,30.00000000000003,54.69613027140653,107.0000000000003,0.0
station_unseen_train_and_val,Stack,Full3C,44,42,strict,S,50,12,10,12,9,3,3,0.75,1.0,46.66666666666655,29.99999999999936,67.2061505121864,89.99999999999986,0.0
station_unseen_train_and_val,Stack,Full3C,44,42,strict,S,100,12,10,12,11,1,1,0.9166666666666666,1.0,46.66666666666655,29.99999999999936,67.2061505121864,89.99999999999986,0.0
station_unseen_train_and_val,Stack,Full3C,44,42,strict,S,200,12,10,12,12,0,0,1.0,1.0,46.66666666666655,29.99999999999936,67.2061505121864,89.99999999999986,0.0
station_unseen_train_and_val,Stack,Full3C,44,43,accepted,P,50,12,10,12,9,3,3,0.75,1.0,44.16666666666672,30.00000000000003,63.574103742535485,123.99999999999994,0.0
station_unseen_train_and_val,Stack,Full3C,44,43,accepted,P,100,12,10,12,10,2,2,0.8333333333333334,1.0,44.16666666666672,30.00000000000003,63.574103742535485,123.99999999999994,0.0
station_unseen_train_and_val,Stack,Full3C,44,43,accepted,P,200,12,10,12,12,0,0,1.0,1.0,44.16666666666672,30.00000000000003,63.574103742535485,123.99999999999994,0.0
station_unseen_train_and_val,Stack,Full3C,44,43,accepted,S,50,12,10,12,8,4,4,0.6666666666666666,1.0,51.66666666666674,35.00000000000014,70.35623639735141,80.00000000000007,0.0
station_unseen_train_and_val,Stack,Full3C,44,43,accepted,S,100,12,10,12,11,1,1,0.9166666666666666,1.0,51.66666666666674,35.00000000000014,70.35623639735141,80.00000000000007,0.0
station_unseen_train_and_val,Stack,Full3C,44,43,accepted,S,200,12,10,12,12,0,0,1.0,1.0,51.66666666666674,35.00000000000014,70.35623639735141,80.00000000000007,0.0
station_unseen_train_and_val,Stack,Full3C,44,43,strict,P,50,12,10,12,9,3,3,0.75,1.0,44.16666666666672,30.00000000000003,63.574103742535485,123.99999999999994,0.0
station_unseen_train_and_val,Stack,Full3C,44,43,strict,P,100,12,10,12,10,2,2,0.8333333333333334,1.0,44.16666666666672,30.00000000000003,63.574103742535485,123.99999999999994,0.0
station_unseen_train_and_val,Stack,Full3C,44,43,strict,P,200,12,10,12,12,0,0,1.0,1.0,44.16666666666672,30.00000000000003,63.574103742535485,123.99999999999994,0.0
station_unseen_train_and_val,Stack,Full3C,44,43,strict,S,50,12,10,12,8,4,4,0.6666666666666666,1.0,51.66666666666674,35.00000000000014,70.35623639735141,80.00000000000007,0.0
station_unseen_train_and_val,Stack,Full3C,44,43,strict,S,100,12,10,12,11,1,1,0.9166666666666666,1.0,51.66666666666674,35.00000000000014,70.35623639735141,80.00000000000007,0.0
station_unseen_train_and_val,Stack,Full3C,44,43,strict,S,200,12,10,12,12,0,0,1.0,1.0,51.66666666666674,35.00000000000014,70.35623639735141,80.00000000000007,0.0
station_unseen_train_and_val,Stack,Full3C,44,44,accepted,P,50,12,10,12,9,3,3,0.75,1.0,43.333333333333336,34.99999999999992,62.182527020592104,123.99999999999994,0.0
station_unseen_train_and_val,Stack,Full3C,44,44,accepted,P,100,12,10,12,10,2,2,0.8333333333333334,1.0,43.333333333333336,34.99999999999992,62.182527020592104,123.99999999999994,0.0
station_unseen_train_and_val,Stack,Full3C,44,44,accepted,P,200,12,10,12,12,0,0,1.0,1.0,43.333333333333336,34.99999999999992,62.182527020592104,123.99999999999994,0.0
station_unseen_train_and_val,Stack,Full3C,44,44,accepted,S,50,12,10,12,11,1,1,0.9166666666666666,1.0,35.833333333333606,19.999999999999574,54.848275573014604,40.000000000000924,0.0
station_unseen_train_and_val,Stack,Full3C,44,44,accepted,S,100,12,10,12,11,1,1,0.9166666666666666,1.0,35.833333333333606,19.999999999999574,54.848275573014604,40.000000000000924,0.0
station_unseen_train_and_val,Stack,Full3C,44,44,accepted,S,200,12,10,12,12,0,0,1.0,1.0,35.833333333333606,19.999999999999574,54.848275573014604,40.000000000000924,0.0
station_unseen_train_and_val,Stack,Full3C,44,44,strict,P,50,12,10,12,9,3,3,0.75,1.0,43.333333333333336,34.99999999999992,62.182527020592104,123.99999999999994,0.0
station_unseen_train_and_val,Stack,Full3C,44,44,strict,P,100,12,10,12,10,2,2,0.8333333333333334,1.0,43.333333333333336,34.99999999999992,62.182527020592104,123.99999999999994,0.0
station_unseen_train_and_val,Stack,Full3C,44,44,strict,P,200,12,10,12,12,0,0,1.0,1.0,43.333333333333336,34.99999999999992,62.182527020592104,123.99999999999994,0.0
station_unseen_train_and_val,Stack,Full3C,44,44,strict,S,50,12,10,12,11,1,1,0.9166666666666666,1.0,35.833333333333606,19.999999999999574,54.848275573014604,40.000000000000924,0.0
station_unseen_train_and_val,Stack,Full3C,44,44,strict,S,100,12,10,12,11,1,1,0.9166666666666666,1.0,35.833333333333606,19.999999999999574,54.848275573014604,40.000000000000924,0.0
station_unseen_train_and_val,Stack,Full3C,44,44,strict,S,200,12,10,12,12,0,0,1.0,1.0,35.833333333333606,19.999999999999574,54.848275573014604,40.000000000000924,0.0
station_unseen_train_and_val,Stack,Zonly,42,42,accepted,P,50,12,10,12,9,3,3,0.75,1.0,42.49999999999983,29.99999999999936,62.24949798994354,122.99999999999997,0.0
station_unseen_train_and_val,Stack,Zonly,42,42,accepted,P,100,12,10,12,10,2,2,0.8333333333333334,1.0,42.49999999999983,29.99999999999936,62.24949798994354,122.99999999999997,0.0
station_unseen_train_and_val,Stack,Zonly,42,42,accepted,P,200,12,10,12,12,0,0,1.0,1.0,42.49999999999983,29.99999999999936,62.24949798994354,122.99999999999997,0.0
station_unseen_train_and_val,Stack,Zonly,42,42,accepted,S,50,12,10,12,2,10,10,0.16666666666666666,1.0,1236.6666666666667,179.99999999999972,3070.5346982786778,1050.0000000000007,0.25
station_unseen_train_and_val,Stack,Zonly,42,42,accepted,S,100,12,10,12,4,8,8,0.3333333333333333,1.0,1236.6666666666667,179.99999999999972,3070.5346982786778,1050.0000000000007,0.25
station_unseen_train_and_val,Stack,Zonly,42,42,accepted,S,200,12,10,12,7,5,5,0.5833333333333334,1.0,1236.6666666666667,179.99999999999972,3070.5346982786778,1050.0000000000007,0.25
station_unseen_train_and_val,Stack,Zonly,42,42,strict,P,50,12,10,12,9,3,3,0.75,1.0,42.49999999999983,29.99999999999936,62.24949798994354,122.99999999999997,0.0
station_unseen_train_and_val,Stack,Zonly,42,42,strict,P,100,12,10,12,10,2,2,0.8333333333333334,1.0,42.49999999999983,29.99999999999936,62.24949798994354,122.99999999999997,0.0
station_unseen_train_and_val,Stack,Zonly,42,42,strict,P,200,12,10,12,12,0,0,1.0,1.0,42.49999999999983,29.99999999999936,62.24949798994354,122.99999999999997,0.0
station_unseen_train_and_val,Stack,Zonly,42,42,strict,S,50,12,10,12,2,10,10,0.16666666666666666,1.0,1236.6666666666667,179.99999999999972,3070.5346982786778,1050.0000000000007,0.25
station_unseen_train_and_val,Stack,Zonly,42,42,strict,S,100,12,10,12,4,8,8,0.3333333333333333,1.0,1236.6666666666667,179.99999999999972,3070.5346982786778,1050.0000000000007,0.25
station_unseen_train_and_val,Stack,Zonly,42,42,strict,S,200,12,10,12,7,5,5,0.5833333333333334,1.0,1236.6666666666667,179.99999999999972,3070.5346982786778,1050.0000000000007,0.25
station_unseen_train_and_val,Stack,Zonly,42,43,accepted,P,50,12,10,12,9,3,3,0.75,1.0,45.83333333333343,30.00000000000003,68.37397165588689,141.0000000000004,0.0
station_unseen_train_and_val,Stack,Zonly,42,43,accepted,P,100,12,10,12,10,2,2,0.8333333333333334,1.0,45.83333333333343,30.00000000000003,68.37397165588689,141.0000000000004,0.0
station_unseen_train_and_val,Stack,Zonly,42,43,accepted,P,200,12,10,12,12,0,0,1.0,1.0,45.83333333333343,30.00000000000003,68.37397165588689,141.0000000000004,0.0
station_unseen_train_and_val,Stack,Zonly,42,43,accepted,S,50,12,10,12,2,10,10,0.16666666666666666,1.0,1239.1666666666667,174.99999999999983,3071.6621450500265,1070.0000000000002,0.25
station_unseen_train_and_val,Stack,Zonly,42,43,accepted,S,100,12,10,12,4,8,8,0.3333333333333333,1.0,1239.1666666666667,174.99999999999983,3071.6621450500265,1070.0000000000002,0.25
station_unseen_train_and_val,Stack,Zonly,42,43,accepted,S,200,12,10,12,7,5,5,0.5833333333333334,1.0,1239.1666666666667,174.99999999999983,3071.6621450500265,1070.0000000000002,0.25
station_unseen_train_and_val,Stack,Zonly,42,43,strict,P,50,12,10,12,9,3,3,0.75,1.0,45.83333333333343,30.00000000000003,68.37397165588689,141.0000000000004,0.0
station_unseen_train_and_val,Stack,Zonly,42,43,strict,P,100,12,10,12,10,2,2,0.8333333333333334,1.0,45.83333333333343,30.00000000000003,68.37397165588689,141.0000000000004,0.0
station_unseen_train_and_val,Stack,Zonly,42,43,strict,P,200,12,10,12,12,0,0,1.0,1.0,45.83333333333343,30.00000000000003,68.37397165588689,141.0000000000004,0.0
station_unseen_train_and_val,Stack,Zonly,42,43,strict,S,50,12,10,12,2,10,10,0.16666666666666666,1.0,1239.1666666666667,174.99999999999983,3071.6621450500265,1070.0000000000002,0.25
station_unseen_train_and_val,Stack,Zonly,42,43,strict,S,100,12,10,12,4,8,8,0.3333333333333333,1.0,1239.1666666666667,174.99999999999983,3071.6621450500265,1070.0000000000002,0.25
station_unseen_train_and_val,Stack,Zonly,42,43,strict,S,200,12,10,12,7,5,5,0.5833333333333334,1.0,1239.1666666666667,174.99999999999983,3071.6621450500265,1070.0000000000002,0.25
station_unseen_train_and_val,Stack,Zonly,42,44,accepted,P,50,12,10,12,9,3,3,0.75,1.0,43.33333333333318,29.99999999999958,64.54972243679013,131.9999999999998,0.0
station_unseen_train_and_val,Stack,Zonly,42,44,accepted,P,100,12,10,12,10,2,2,0.8333333333333334,1.0,43.33333333333318,29.99999999999958,64.54972243679013,131.9999999999998,0.0
station_unseen_train_and_val,Stack,Zonly,42,44,accepted,P,200,12,10,12,12,0,0,1.0,1.0,43.33333333333318,29.99999999999958,64.54972243679013,131.9999999999998,0.0
station_unseen_train_and_val,Stack,Zonly,42,44,accepted,S,50,12,10,12,2,10,10,0.16666666666666666,1.0,1238.3333333333328,195.00000000000028,3069.440774256226,1029.9999999999993,0.25
station_unseen_train_and_val,Stack,Zonly,42,44,accepted,S,100,12,10,12,3,9,9,0.25,1.0,1238.3333333333328,195.00000000000028,3069.440774256226,1029.9999999999993,0.25
station_unseen_train_and_val,Stack,Zonly,42,44,accepted,S,200,12,10,12,6,6,6,0.5,1.0,1238.3333333333328,195.00000000000028,3069.440774256226,1029.9999999999993,0.25
station_unseen_train_and_val,Stack,Zonly,42,44,strict,P,50,12,10,12,9,3,3,0.75,1.0,43.33333333333318,29.99999999999958,64.54972243679013,131.9999999999998,0.0
station_unseen_train_and_val,Stack,Zonly,42,44,strict,P,100,12,10,12,10,2,2,0.8333333333333334,1.0,43.33333333333318,29.99999999999958,64.54972243679013,131.9999999999998,0.0
station_unseen_train_and_val,Stack,Zonly,42,44,strict,P,200,12,10,12,12,0,0,1.0,1.0,43.33333333333318,29.99999999999958,64.54972243679013,131.9999999999998,0.0
station_unseen_train_and_val,Stack,Zonly,42,44,strict,S,50,12,10,12,2,10,10,0.16666666666666666,1.0,1238.3333333333328,195.00000000000028,3069.440774256226,1029.9999999999993,0.25
station_unseen_train_and_val,Stack,Zonly,42,44,strict,S,100,12,10,12,3,9,9,0.25,1.0,1238.3333333333328,195.00000000000028,3069.440774256226,1029.9999999999993,0.25
station_unseen_train_and_val,Stack,Zonly,42,44,strict,S,200,12,10,12,6,6,6,0.5,1.0,1238.3333333333328,195.00000000000028,3069.440774256226,1029.9999999999993,0.25
station_unseen_train_and_val,Stack,Zonly,43,42,accepted,P,50,12,10,12,8,4,4,0.6666666666666666,1.0,46.66666666666674,30.00000000000003,68.92024376045127,141.0000000000004,0.0
station_unseen_train_and_val,Stack,Zonly,43,42,accepted,P,100,12,10,12,10,2,2,0.8333333333333334,1.0,46.66666666666674,30.00000000000003,68.92024376045127,141.0000000000004,0.0
station_unseen_train_and_val,Stack,Zonly,43,42,accepted,P,200,12,10,12,12,0,0,1.0,1.0,46.66666666666674,30.00000000000003,68.92024376045127,141.0000000000004,0.0
station_unseen_train_and_val,Stack,Zonly,43,42,accepted,S,50,12,10,12,2,10,10,0.16666666666666666,1.0,1349.166666666667,460.0,3100.8076904789395,1378.0000000000002,0.3333333333333333
station_unseen_train_and_val,Stack,Zonly,43,42,accepted,S,100,12,10,12,2,10,10,0.16666666666666666,1.0,1349.166666666667,460.0,3100.8076904789395,1378.0000000000002,0.3333333333333333
station_unseen_train_and_val,Stack,Zonly,43,42,accepted,S,200,12,10,12,6,6,6,0.5,1.0,1349.166666666667,460.0,3100.8076904789395,1378.0000000000002,0.3333333333333333
station_unseen_train_and_val,Stack,Zonly,43,42,strict,P,50,12,10,12,8,4,4,0.6666666666666666,1.0,46.66666666666674,30.00000000000003,68.92024376045127,141.0000000000004,0.0
station_unseen_train_and_val,Stack,Zonly,43,42,strict,P,100,12,10,12,10,2,2,0.8333333333333334,1.0,46.66666666666674,30.00000000000003,68.92024376045127,141.0000000000004,0.0
station_unseen_train_and_val,Stack,Zonly,43,42,strict,P,200,12,10,12,12,0,0,1.0,1.0,46.66666666666674,30.00000000000003,68.92024376045127,141.0000000000004,0.0
station_unseen_train_and_val,Stack,Zonly,43,42,strict,S,50,12,10,12,2,10,10,0.16666666666666666,1.0,1349.166666666667,460.0,3100.8076904789395,1378.0000000000002,0.3333333333333333
station_unseen_train_and_val,Stack,Zonly,43,42,strict,S,100,12,10,12,2,10,10,0.16666666666666666,1.0,1349.166666666667,460.0,3100.8076904789395,1378.0000000000002,0.3333333333333333
station_unseen_train_and_val,Stack,Zonly,43,42,strict,S,200,12,10,12,6,6,6,0.5,1.0,1349.166666666667,460.0,3100.8076904789395,1378.0000000000002,0.3333333333333333
station_unseen_train_and_val,Stack,Zonly,43,43,accepted,P,50,12,10,12,8,4,4,0.6666666666666666,1.0,49.16666666666662,30.00000000000003,68.85976086704527,133.99999999999974,0.0
station_unseen_train_and_val,Stack,Zonly,43,43,accepted,P,100,12,10,12,10,2,2,0.8333333333333334,1.0,49.16666666666662,30.00000000000003,68.85976086704527,133.99999999999974,0.0
station_unseen_train_and_val,Stack,Zonly,43,43,accepted,P,200,12,10,12,12,0,0,1.0,1.0,49.16666666666662,30.00000000000003,68.85976086704527,133.99999999999974,0.0
station_unseen_train_and_val,Stack,Zonly,43,43,accepted,S,50,12,10,12,3,9,9,0.25,1.0,1340.8333333333333,469.9999999999998,3095.9826119236086,1340.0000000000002,0.3333333333333333
station_unseen_train_and_val,Stack,Zonly,43,43,accepted,S,100,12,10,12,3,9,9,0.25,1.0,1340.8333333333333,469.9999999999998,3095.9826119236086,1340.0000000000002,0.3333333333333333
station_unseen_train_and_val,Stack,Zonly,43,43,accepted,S,200,12,10,12,6,6,6,0.5,1.0,1340.8333333333333,469.9999999999998,3095.9826119236086,1340.0000000000002,0.3333333333333333
station_unseen_train_and_val,Stack,Zonly,43,43,strict,P,50,12,10,12,8,4,4,0.6666666666666666,1.0,49.16666666666662,30.00000000000003,68.85976086704527,133.99999999999974,0.0
station_unseen_train_and_val,Stack,Zonly,43,43,strict,P,100,12,10,12,10,2,2,0.8333333333333334,1.0,49.16666666666662,30.00000000000003,68.85976086704527,133.99999999999974,0.0
station_unseen_train_and_val,Stack,Zonly,43,43,strict,P,200,12,10,12,12,0,0,1.0,1.0,49.16666666666662,30.00000000000003,68.85976086704527,133.99999999999974,0.0
station_unseen_train_and_val,Stack,Zonly,43,43,strict,S,50,12,10,12,3,9,9,0.25,1.0,1340.8333333333333,469.9999999999998,3095.9826119236086,1340.0000000000002,0.3333333333333333
station_unseen_train_and_val,Stack,Zonly,43,43,strict,S,100,12,10,12,3,9,9,0.25,1.0,1340.8333333333333,469.9999999999998,3095.9826119236086,1340.0000000000002,0.3333333333333333
station_unseen_train_and_val,Stack,Zonly,43,43,strict,S,200,12,10,12,6,6,6,0.5,1.0,1340.8333333333333,469.9999999999998,3095.9826119236086,1340.0000000000002,0.3333333333333333
station_unseen_train_and_val,Stack,Zonly,43,44,accepted,P,50,12,10,12,8,4,4,0.6666666666666666,1.0,45.83333333333335,34.99999999999992,65.63789555838399,131.9999999999998,0.0
station_unseen_train_and_val,Stack,Zonly,43,44,accepted,P,100,12,10,12,10,2,2,0.8333333333333334,1.0,45.83333333333335,34.99999999999992,65.63789555838399,131.9999999999998,0.0
station_unseen_train_and_val,Stack,Zonly,43,44,accepted,P,200,12,10,12,12,0,0,1.0,1.0,45.83333333333335,34.99999999999992,65.63789555838399,131.9999999999998,0.0
station_unseen_train_and_val,Stack,Zonly,43,44,accepted,S,50,12,10,12,1,11,11,0.08333333333333333,1.0,1362.5000000000002,504.9999999999999,3102.567485164505,1370.0000000000005,0.3333333333333333
station_unseen_train_and_val,Stack,Zonly,43,44,accepted,S,100,12,10,12,2,10,10,0.16666666666666666,1.0,1362.5000000000002,504.9999999999999,3102.567485164505,1370.0000000000005,0.3333333333333333
station_unseen_train_and_val,Stack,Zonly,43,44,accepted,S,200,12,10,12,5,7,7,0.4166666666666667,1.0,1362.5000000000002,504.9999999999999,3102.567485164505,1370.0000000000005,0.3333333333333333
station_unseen_train_and_val,Stack,Zonly,43,44,strict,P,50,12,10,12,8,4,4,0.6666666666666666,1.0,45.83333333333335,34.99999999999992,65.63789555838399,131.9999999999998,0.0
station_unseen_train_and_val,Stack,Zonly,43,44,strict,P,100,12,10,12,10,2,2,0.8333333333333334,1.0,45.83333333333335,34.99999999999992,65.63789555838399,131.9999999999998,0.0
station_unseen_train_and_val,Stack,Zonly,43,44,strict,P,200,12,10,12,12,0,0,1.0,1.0,45.83333333333335,34.99999999999992,65.63789555838399,131.9999999999998,0.0
station_unseen_train_and_val,Stack,Zonly,43,44,strict,S,50,12,10,12,1,11,11,0.08333333333333333,1.0,1362.5000000000002,504.9999999999999,3102.567485164505,1370.0000000000005,0.3333333333333333
station_unseen_train_and_val,Stack,Zonly,43,44,strict,S,100,12,10,12,2,10,10,0.16666666666666666,1.0,1362.5000000000002,504.9999999999999,3102.567485164505,1370.0000000000005,0.3333333333333333
station_unseen_train_and_val,Stack,Zonly,43,44,strict,S,200,12,10,12,5,7,7,0.4166666666666667,1.0,1362.5000000000002,504.9999999999999,3102.567485164505,1370.0000000000005,0.3333333333333333
station_unseen_train_and_val,Stack,Zonly,44,42,accepted,P,50,12,10,12,9,3,3,0.75,1.0,41.66666666666671,30.00000000000003,58.4522597225007,115.00000000000014,0.0
station_unseen_train_and_val,Stack,Zonly,44,42,accepted,P,100,12,10,12,10,2,2,0.8333333333333334,1.0,41.66666666666671,30.00000000000003,58.4522597225007,115.00000000000014,0.0
station_unseen_train_and_val,Stack,Zonly,44,42,accepted,P,200,12,10,12,12,0,0,1.0,1.0,41.66666666666671,30.00000000000003,58.4522597225007,115.00000000000014,0.0
station_unseen_train_and_val,Stack,Zonly,44,42,accepted,S,50,12,10,12,2,10,10,0.16666666666666666,1.0,1241.666666666667,174.99999999999983,3081.974475343148,1070.0000000000002,0.25
station_unseen_train_and_val,Stack,Zonly,44,42,accepted,S,100,12,10,12,3,9,9,0.25,1.0,1241.666666666667,174.99999999999983,3081.974475343148,1070.0000000000002,0.25
station_unseen_train_and_val,Stack,Zonly,44,42,accepted,S,200,12,10,12,7,5,5,0.5833333333333334,1.0,1241.666666666667,174.99999999999983,3081.974475343148,1070.0000000000002,0.25
station_unseen_train_and_val,Stack,Zonly,44,42,strict,P,50,12,10,12,9,3,3,0.75,1.0,41.66666666666671,30.00000000000003,58.4522597225007,115.00000000000014,0.0
station_unseen_train_and_val,Stack,Zonly,44,42,strict,P,100,12,10,12,10,2,2,0.8333333333333334,1.0,41.66666666666671,30.00000000000003,58.4522597225007,115.00000000000014,0.0
station_unseen_train_and_val,Stack,Zonly,44,42,strict,P,200,12,10,12,12,0,0,1.0,1.0,41.66666666666671,30.00000000000003,58.4522597225007,115.00000000000014,0.0
station_unseen_train_and_val,Stack,Zonly,44,42,strict,S,50,12,10,12,2,10,10,0.16666666666666666,1.0,1241.666666666667,174.99999999999983,3081.974475343148,1070.0000000000002,0.25
station_unseen_train_and_val,Stack,Zonly,44,42,strict,S,100,12,10,12,3,9,9,0.25,1.0,1241.666666666667,174.99999999999983,3081.974475343148,1070.0000000000002,0.25
station_unseen_train_and_val,Stack,Zonly,44,42,strict,S,200,12,10,12,7,5,5,0.5833333333333334,1.0,1241.666666666667,174.99999999999983,3081.974475343148,1070.0000000000002,0.25
station_unseen_train_and_val,Stack,Zonly,44,43,accepted,P,50,12,10,12,7,5,5,0.5833333333333334,1.0,43.333333333333336,25.000000000000135,62.048368229954285,122.99999999999997,0.0
station_unseen_train_and_val,Stack,Zonly,44,43,accepted,P,100,12,10,12,10,2,2,0.8333333333333334,1.0,43.333333333333336,25.000000000000135,62.048368229954285,122.99999999999997,0.0
station_unseen_train_and_val,Stack,Zonly,44,43,accepted,P,200,12,10,12,12,0,0,1.0,1.0,43.333333333333336,25.000000000000135,62.048368229954285,122.99999999999997,0.0
station_unseen_train_and_val,Stack,Zonly,44,43,accepted,S,50,12,10,12,2,10,10,0.16666666666666666,1.0,1236.6666666666667,165.00000000000003,3069.9864277658726,1040.000000000001,0.25
station_unseen_train_and_val,Stack,Zonly,44,43,accepted,S,100,12,10,12,3,9,9,0.25,1.0,1236.6666666666667,165.00000000000003,3069.9864277658726,1040.000000000001,0.25
station_unseen_train_and_val,Stack,Zonly,44,43,accepted,S,200,12,10,12,7,5,5,0.5833333333333334,1.0,1236.6666666666667,165.00000000000003,3069.9864277658726,1040.000000000001,0.25
station_unseen_train_and_val,Stack,Zonly,44,43,strict,P,50,12,10,12,7,5,5,0.5833333333333334,1.0,43.333333333333336,25.000000000000135,62.048368229954285,122.99999999999997,0.0
station_unseen_train_and_val,Stack,Zonly,44,43,strict,P,100,12,10,12,10,2,2,0.8333333333333334,1.0,43.333333333333336,25.000000000000135,62.048368229954285,122.99999999999997,0.0
station_unseen_train_and_val,Stack,Zonly,44,43,strict,P,200,12,10,12,12,0,0,1.0,1.0,43.333333333333336,25.000000000000135,62.048368229954285,122.99999999999997,0.0
station_unseen_train_and_val,Stack,Zonly,44,43,strict,S,50,12,10,12,2,10,10,0.16666666666666666,1.0,1236.6666666666667,165.00000000000003,3069.9864277658726,1040.000000000001,0.25
station_unseen_train_and_val,Stack,Zonly,44,43,strict,S,100,12,10,12,3,9,9,0.25,1.0,1236.6666666666667,165.00000000000003,3069.9864277658726,1040.000000000001,0.25
station_unseen_train_and_val,Stack,Zonly,44,43,strict,S,200,12,10,12,7,5,5,0.5833333333333334,1.0,1236.6666666666667,165.00000000000003,3069.9864277658726,1040.000000000001,0.25
station_unseen_train_and_val,Stack,Zonly,44,44,accepted,P,50,12,10,12,8,4,4,0.6666666666666666,1.0,42.50000000000009,34.99999999999992,58.66571968932689,114.00000000000017,0.0
station_unseen_train_and_val,Stack,Zonly,44,44,accepted,P,100,12,10,12,10,2,2,0.8333333333333334,1.0,42.50000000000009,34.99999999999992,58.66571968932689,114.00000000000017,0.0
station_unseen_train_and_val,Stack,Zonly,44,44,accepted,P,200,12,10,12,12,0,0,1.0,1.0,42.50000000000009,34.99999999999992,58.66571968932689,114.00000000000017,0.0
station_unseen_train_and_val,Stack,Zonly,44,44,accepted,S,50,12,10,12,4,8,8,0.3333333333333333,1.0,1200.0000000000002,200.00000000000017,3062.56428503958,1048.0000000000005,0.25
station_unseen_train_and_val,Stack,Zonly,44,44,accepted,S,100,12,10,12,4,8,8,0.3333333333333333,1.0,1200.0000000000002,200.00000000000017,3062.56428503958,1048.0000000000005,0.25
station_unseen_train_and_val,Stack,Zonly,44,44,accepted,S,200,12,10,12,6,6,6,0.5,1.0,1200.0000000000002,200.00000000000017,3062.56428503958,1048.0000000000005,0.25
station_unseen_train_and_val,Stack,Zonly,44,44,strict,P,50,12,10,12,8,4,4,0.6666666666666666,1.0,42.50000000000009,34.99999999999992,58.66571968932689,114.00000000000017,0.0
station_unseen_train_and_val,Stack,Zonly,44,44,strict,P,100,12,10,12,10,2,2,0.8333333333333334,1.0,42.50000000000009,34.99999999999992,58.66571968932689,114.00000000000017,0.0
station_unseen_train_and_val,Stack,Zonly,44,44,strict,P,200,12,10,12,12,0,0,1.0,1.0,42.50000000000009,34.99999999999992,58.66571968932689,114.00000000000017,0.0
station_unseen_train_and_val,Stack,Zonly,44,44,strict,S,50,12,10,12,4,8,8,0.3333333333333333,1.0,1200.0000000000002,200.00000000000017,3062.56428503958,1048.0000000000005,0.25
station_unseen_train_and_val,Stack,Zonly,44,44,strict,S,100,12,10,12,4,8,8,0.3333333333333333,1.0,1200.0000000000002,200.00000000000017,3062.56428503958,1048.0000000000005,0.25
station_unseen_train_and_val,Stack,Zonly,44,44,strict,S,200,12,10,12,6,6,6,0.5,1.0,1200.0000000000002,200.00000000000017,3062.56428503958,1048.0000000000005,0.25
station_unseen_train_and_val,PhaseNetMatched,Full3C,42,,accepted,P,50,12,10,12,11,1,1,0.9166666666666666,1.0,48.33333333333318,9.999999999999787,141.83323540928862,19.999999999999574,0.0
station_unseen_train_and_val,PhaseNetMatched,Full3C,42,,accepted,P,100,12,10,12,11,1,1,0.9166666666666666,1.0,48.33333333333318,9.999999999999787,141.83323540928862,19.999999999999574,0.0
station_unseen_train_and_val,PhaseNetMatched,Full3C,42,,accepted,P,200,12,10,12,11,1,1,0.9166666666666666,1.0,48.33333333333318,9.999999999999787,141.83323540928862,19.999999999999574,0.0
station_unseen_train_and_val,PhaseNetMatched,Full3C,42,,accepted,S,50,12,10,12,6,6,6,0.5,1.0,68.33333333333336,55.000000000000604,86.50626181573982,117.0000000000009,0.0
station_unseen_train_and_val,PhaseNetMatched,Full3C,42,,accepted,S,100,12,10,12,10,2,2,0.8333333333333334,1.0,68.33333333333336,55.000000000000604,86.50626181573982,117.0000000000009,0.0
station_unseen_train_and_val,PhaseNetMatched,Full3C,42,,accepted,S,200,12,10,12,11,1,1,0.9166666666666666,1.0,68.33333333333336,55.000000000000604,86.50626181573982,117.0000000000009,0.0
station_unseen_train_and_val,PhaseNetMatched,Full3C,42,,strict,P,50,12,10,12,11,1,1,0.9166666666666666,1.0,48.33333333333318,9.999999999999787,141.83323540928862,19.999999999999574,0.0
station_unseen_train_and_val,PhaseNetMatched,Full3C,42,,strict,P,100,12,10,12,11,1,1,0.9166666666666666,1.0,48.33333333333318,9.999999999999787,141.83323540928862,19.999999999999574,0.0
station_unseen_train_and_val,PhaseNetMatched,Full3C,42,,strict,P,200,12,10,12,11,1,1,0.9166666666666666,1.0,48.33333333333318,9.999999999999787,141.83323540928862,19.999999999999574,0.0
station_unseen_train_and_val,PhaseNetMatched,Full3C,42,,strict,S,50,12,10,12,6,6,6,0.5,1.0,68.33333333333336,55.000000000000604,86.50626181573982,117.0000000000009,0.0
station_unseen_train_and_val,PhaseNetMatched,Full3C,42,,strict,S,100,12,10,12,10,2,2,0.8333333333333334,1.0,68.33333333333336,55.000000000000604,86.50626181573982,117.0000000000009,0.0
station_unseen_train_and_val,PhaseNetMatched,Full3C,42,,strict,S,200,12,10,12,11,1,1,0.9166666666666666,1.0,68.33333333333336,55.000000000000604,86.50626181573982,117.0000000000009,0.0
station_unseen_train_and_val,PhaseNetMatched,Full3C,43,,accepted,P,50,12,10,12,11,1,1,0.9166666666666666,1.0,40.000000000000036,0.0,132.91601358251282,17.999999999999623,0.0
station_unseen_train_and_val,PhaseNetMatched,Full3C,43,,accepted,P,100,12,10,12,11,1,1,0.9166666666666666,1.0,40.000000000000036,0.0,132.91601358251282,17.999999999999623,0.0
station_unseen_train_and_val,PhaseNetMatched,Full3C,43,,accepted,P,200,12,10,12,11,1,1,0.9166666666666666,1.0,40.000000000000036,0.0,132.91601358251282,17.999999999999623,0.0
station_unseen_train_and_val,PhaseNetMatched,Full3C,43,,accepted,S,50,12,10,12,9,3,3,0.75,1.0,38.33333333333326,19.999999999999574,60.00000000000003,70.00000000000028,0.0
station_unseen_train_and_val,PhaseNetMatched,Full3C,43,,accepted,S,100,12,10,12,11,1,1,0.9166666666666666,1.0,38.33333333333326,19.999999999999574,60.00000000000003,70.00000000000028,0.0
station_unseen_train_and_val,PhaseNetMatched,Full3C,43,,accepted,S,200,12,10,12,12,0,0,1.0,1.0,38.33333333333326,19.999999999999574,60.00000000000003,70.00000000000028,0.0
station_unseen_train_and_val,PhaseNetMatched,Full3C,43,,strict,P,50,12,10,12,11,1,1,0.9166666666666666,1.0,40.000000000000036,0.0,132.91601358251282,17.999999999999623,0.0
station_unseen_train_and_val,PhaseNetMatched,Full3C,43,,strict,P,100,12,10,12,11,1,1,0.9166666666666666,1.0,40.000000000000036,0.0,132.91601358251282,17.999999999999623,0.0
station_unseen_train_and_val,PhaseNetMatched,Full3C,43,,strict,P,200,12,10,12,11,1,1,0.9166666666666666,1.0,40.000000000000036,0.0,132.91601358251282,17.999999999999623,0.0
station_unseen_train_and_val,PhaseNetMatched,Full3C,43,,strict,S,50,12,10,12,9,3,3,0.75,1.0,38.33333333333326,19.999999999999574,60.00000000000003,70.00000000000028,0.0
station_unseen_train_and_val,PhaseNetMatched,Full3C,43,,strict,S,100,12,10,12,11,1,1,0.9166666666666666,1.0,38.33333333333326,19.999999999999574,60.00000000000003,70.00000000000028,0.0
station_unseen_train_and_val,PhaseNetMatched,Full3C,43,,strict,S,200,12,10,12,12,0,0,1.0,1.0,38.33333333333326,19.999999999999574,60.00000000000003,70.00000000000028,0.0
station_unseen_train_and_val,PhaseNetMatched,Full3C,44,,accepted,P,50,12,10,12,11,1,1,0.9166666666666666,1.0,54.166666666666465,19.999999999999574,136.7174702321057,29.000000000000185,0.0
station_unseen_train_and_val,PhaseNetMatched,Full3C,44,,accepted,P,100,12,10,12,11,1,1,0.9166666666666666,1.0,54.166666666666465,19.999999999999574,136.7174702321057,29.000000000000185,0.0
station_unseen_train_and_val,PhaseNetMatched,Full3C,44,,accepted,P,200,12,10,12,11,1,1,0.9166666666666666,1.0,54.166666666666465,19.999999999999574,136.7174702321057,29.000000000000185,0.0
station_unseen_train_and_val,PhaseNetMatched,Full3C,44,,accepted,S,50,12,10,12,9,3,3,0.75,1.0,44.16666666666661,29.99999999999936,74.21814692737416,78.00000000000011,0.0
station_unseen_train_and_val,PhaseNetMatched,Full3C,44,,accepted,S,100,12,10,12,11,1,1,0.9166666666666666,1.0,44.16666666666661,29.99999999999936,74.21814692737416,78.00000000000011,0.0
station_unseen_train_and_val,PhaseNetMatched,Full3C,44,,accepted,S,200,12,10,12,11,1,1,0.9166666666666666,1.0,44.16666666666661,29.99999999999936,74.21814692737416,78.00000000000011,0.0
station_unseen_train_and_val,PhaseNetMatched,Full3C,44,,strict,P,50,12,10,12,11,1,1,0.9166666666666666,1.0,54.166666666666465,19.999999999999574,136.7174702321057,29.000000000000185,0.0
station_unseen_train_and_val,PhaseNetMatched,Full3C,44,,strict,P,100,12,10,12,11,1,1,0.9166666666666666,1.0,54.166666666666465,19.999999999999574,136.7174702321057,29.000000000000185,0.0
station_unseen_train_and_val,PhaseNetMatched,Full3C,44,,strict,P,200,12,10,12,11,1,1,0.9166666666666666,1.0,54.166666666666465,19.999999999999574,136.7174702321057,29.000000000000185,0.0
station_unseen_train_and_val,PhaseNetMatched,Full3C,44,,strict,S,50,12,10,12,9,3,3,0.75,1.0,44.16666666666661,29.99999999999936,74.21814692737416,78.00000000000011,0.0
station_unseen_train_and_val,PhaseNetMatched,Full3C,44,,strict,S,100,12,10,12,11,1,1,0.9166666666666666,1.0,44.16666666666661,29.99999999999936,74.21814692737416,78.00000000000011,0.0
station_unseen_train_and_val,PhaseNetMatched,Full3C,44,,strict,S,200,12,10,12,11,1,1,0.9166666666666666,1.0,44.16666666666661,29.99999999999936,74.21814692737416,78.00000000000011,0.0
station_unseen_train_and_val,PhaseNetMatched,Zonly,42,,accepted,P,50,12,10,12,11,1,1,0.9166666666666666,1.0,46.66666666666663,0.0,139.28388277184132,38.0,0.0
station_unseen_train_and_val,PhaseNetMatched,Zonly,42,,accepted,P,100,12,10,12,11,1,1,0.9166666666666666,1.0,46.66666666666663,0.0,139.28388277184132,38.0,0.0
station_unseen_train_and_val,PhaseNetMatched,Zonly,42,,accepted,P,200,12,10,12,11,1,1,0.9166666666666666,1.0,46.66666666666663,0.0,139.28388277184132,38.0,0.0
station_unseen_train_and_val,PhaseNetMatched,Zonly,42,,accepted,S,50,12,10,12,2,10,10,0.16666666666666666,1.0,437.5000000000002,179.99999999999972,599.4928412138605,1068.0,0.16666666666666666
station_unseen_train_and_val,PhaseNetMatched,Zonly,42,,accepted,S,100,12,10,12,2,10,10,0.16666666666666666,1.0,437.5000000000002,179.99999999999972,599.4928412138605,1068.0,0.16666666666666666
station_unseen_train_and_val,PhaseNetMatched,Zonly,42,,accepted,S,200,12,10,12,7,5,5,0.5833333333333334,1.0,437.5000000000002,179.99999999999972,599.4928412138605,1068.0,0.16666666666666666
station_unseen_train_and_val,PhaseNetMatched,Zonly,42,,strict,P,50,12,10,12,11,1,1,0.9166666666666666,1.0,46.66666666666663,0.0,139.28388277184132,38.0,0.0
station_unseen_train_and_val,PhaseNetMatched,Zonly,42,,strict,P,100,12,10,12,11,1,1,0.9166666666666666,1.0,46.66666666666663,0.0,139.28388277184132,38.0,0.0
station_unseen_train_and_val,PhaseNetMatched,Zonly,42,,strict,P,200,12,10,12,11,1,1,0.9166666666666666,1.0,46.66666666666663,0.0,139.28388277184132,38.0,0.0
station_unseen_train_and_val,PhaseNetMatched,Zonly,42,,strict,S,50,12,10,12,2,10,10,0.16666666666666666,1.0,437.5000000000002,179.99999999999972,599.4928412138605,1068.0,0.16666666666666666
station_unseen_train_and_val,PhaseNetMatched,Zonly,42,,strict,S,100,12,10,12,2,10,10,0.16666666666666666,1.0,437.5000000000002,179.99999999999972,599.4928412138605,1068.0,0.16666666666666666
station_unseen_train_and_val,PhaseNetMatched,Zonly,42,,strict,S,200,12,10,12,7,5,5,0.5833333333333334,1.0,437.5000000000002,179.99999999999972,599.4928412138605,1068.0,0.16666666666666666
station_unseen_train_and_val,PhaseNetMatched,Zonly,43,,accepted,P,50,12,10,12,11,1,1,0.9166666666666666,1.0,50.83333333333314,9.999999999999787,128.16005617976307,38.0,0.0
station_unseen_train_and_val,PhaseNetMatched,Zonly,43,,accepted,P,100,12,10,12,11,1,1,0.9166666666666666,1.0,50.83333333333314,9.999999999999787,128.16005617976307,38.0,0.0
station_unseen_train_and_val,PhaseNetMatched,Zonly,43,,accepted,P,200,12,10,12,11,1,1,0.9166666666666666,1.0,50.83333333333314,9.999999999999787,128.16005617976307,38.0,0.0
station_unseen_train_and_val,PhaseNetMatched,Zonly,43,,accepted,S,50,12,10,12,1,11,11,0.08333333333333333,1.0,472.5000000000002,219.99999999999974,618.2704370526974,1056.0,0.16666666666666666
station_unseen_train_and_val,PhaseNetMatched,Zonly,43,,accepted,S,100,12,10,12,2,10,10,0.16666666666666666,1.0,472.5000000000002,219.99999999999974,618.2704370526974,1056.0,0.16666666666666666
station_unseen_train_and_val,PhaseNetMatched,Zonly,43,,accepted,S,200,12,10,12,5,7,7,0.4166666666666667,1.0,472.5000000000002,219.99999999999974,618.2704370526974,1056.0,0.16666666666666666
station_unseen_train_and_val,PhaseNetMatched,Zonly,43,,strict,P,50,12,10,12,11,1,1,0.9166666666666666,1.0,50.83333333333314,9.999999999999787,128.16005617976307,38.0,0.0
station_unseen_train_and_val,PhaseNetMatched,Zonly,43,,strict,P,100,12,10,12,11,1,1,0.9166666666666666,1.0,50.83333333333314,9.999999999999787,128.16005617976307,38.0,0.0
station_unseen_train_and_val,PhaseNetMatched,Zonly,43,,strict,P,200,12,10,12,11,1,1,0.9166666666666666,1.0,50.83333333333314,9.999999999999787,128.16005617976307,38.0,0.0
station_unseen_train_and_val,PhaseNetMatched,Zonly,43,,strict,S,50,12,10,12,1,11,11,0.08333333333333333,1.0,472.5000000000002,219.99999999999974,618.2704370526974,1056.0,0.16666666666666666
station_unseen_train_and_val,PhaseNetMatched,Zonly,43,,strict,S,100,12,10,12,2,10,10,0.16666666666666666,1.0,472.5000000000002,219.99999999999974,618.2704370526974,1056.0,0.16666666666666666
station_unseen_train_and_val,PhaseNetMatched,Zonly,43,,strict,S,200,12,10,12,5,7,7,0.4166666666666667,1.0,472.5000000000002,219.99999999999974,618.2704370526974,1056.0,0.16666666666666666
station_unseen_train_and_val,PhaseNetMatched,Zonly,44,,accepted,P,50,12,10,12,11,1,1,0.9166666666666666,1.0,46.66666666666671,0.0,136.38181696985873,30.00000000000025,0.0
station_unseen_train_and_val,PhaseNetMatched,Zonly,44,,accepted,P,100,12,10,12,11,1,1,0.9166666666666666,1.0,46.66666666666671,0.0,136.38181696985873,30.00000000000025,0.0
station_unseen_train_and_val,PhaseNetMatched,Zonly,44,,accepted,P,200,12,10,12,11,1,1,0.9166666666666666,1.0,46.66666666666671,0.0,136.38181696985873,30.00000000000025,0.0
station_unseen_train_and_val,PhaseNetMatched,Zonly,44,,accepted,S,50,12,10,12,1,11,11,0.08333333333333333,1.0,487.50000000000006,165.00000000000048,701.1716385213158,1122.0000000000007,0.25
station_unseen_train_and_val,PhaseNetMatched,Zonly,44,,accepted,S,100,12,10,12,4,8,8,0.3333333333333333,1.0,487.50000000000006,165.00000000000048,701.1716385213158,1122.0000000000007,0.25
station_unseen_train_and_val,PhaseNetMatched,Zonly,44,,accepted,S,200,12,10,12,7,5,5,0.5833333333333334,1.0,487.50000000000006,165.00000000000048,701.1716385213158,1122.0000000000007,0.25
station_unseen_train_and_val,PhaseNetMatched,Zonly,44,,strict,P,50,12,10,12,11,1,1,0.9166666666666666,1.0,46.66666666666671,0.0,136.38181696985873,30.00000000000025,0.0
station_unseen_train_and_val,PhaseNetMatched,Zonly,44,,strict,P,100,12,10,12,11,1,1,0.9166666666666666,1.0,46.66666666666671,0.0,136.38181696985873,30.00000000000025,0.0
station_unseen_train_and_val,PhaseNetMatched,Zonly,44,,strict,P,200,12,10,12,11,1,1,0.9166666666666666,1.0,46.66666666666671,0.0,136.38181696985873,30.00000000000025,0.0
station_unseen_train_and_val,PhaseNetMatched,Zonly,44,,strict,S,50,12,10,12,1,11,11,0.08333333333333333,1.0,487.50000000000006,165.00000000000048,701.1716385213158,1122.0000000000007,0.25
station_unseen_train_and_val,PhaseNetMatched,Zonly,44,,strict,S,100,12,10,12,4,8,8,0.3333333333333333,1.0,487.50000000000006,165.00000000000048,701.1716385213158,1122.0000000000007,0.25
station_unseen_train_and_val,PhaseNetMatched,Zonly,44,,strict,S,200,12,10,12,7,5,5,0.5833333333333334,1.0,487.50000000000006,165.00000000000048,701.1716385213158,1122.0000000000007,0.25
