Component,MAE_ms,RMSE_ms,Bias_ms,SD_ms,DetectionRate,Precision_50ms,Recall_50ms,F1_50ms,Precision_100ms,Recall_100ms,F1_100ms,Precision_200ms,Recall_200ms,F1_200ms
P,171.970149253731,1839.29326141661,104.388059701492,1839.07556961513,1,0.704477611940298,1,0.82661996497373,0.853731343283582,1,0.92109500805153,0.928358208955224,1,0.962848297213622
S,725.424242424242,2376.30391638576,268.333333333333,2364.69073228865,0.985074626865672,0.409090909090909,0.964285714285714,0.574468085106383,0.603030303030303,0.975490196078431,0.745318352059925,0.724242424242424,0.979508196721312,0.832752613240418
