Component,Delta_MAE_ms,Delta_MedAE_ms,Delta_RMSE_ms,Delta_Bias_ms,Delta_STD_ms,Delta_P75_ms,Delta_P90_ms,Delta_P95_ms,Delta_P99_ms,Delta_MaxAE_ms,Delta_OutlierRate_500ms,Delta_OutlierRate_1000ms,Delta_OutlierRate_2000ms,Delta_DetectionRate,AutoInterpretation
P,34.2686567164179,0,131.219740960519,38.5074626865672,129.189336475706,-10.0000000000007,-9.9475983006414e-13,-17.5,900.999999999915,80,0,0.00298507462686567,0.00298507462686567,0,"P-wave timing is largely preserved under Z-only, consistent with predominantly vertical particle motion."
S,222.435182495885,149.999999999999,-66.1297254788778,-283.413205537806,-50.8665978717231,362.5,2335,-416.000000000002,-657.999999999973,-3030,0.148475167005518,0.0595798237970762,0.0331977926227127,-0.0507462686567164,"Z-only substantially degrades S-wave timing. Horizontal components are important for reliable S-phase picking."
