Component,Experiment,N_total,N_detected,DetectionRate,MAE_ms,MedAE_ms,RMSE_ms,Bias_ms,STD_ms,P75_ms,P90_ms,P95_ms,P99_ms,MaxAE_ms,OutlierRate_500ms,OutlierRate_1000ms,OutlierRate_2000ms
P,Zonly,335,335,1,206.238805970149,19.9999999999996,1970.51300237713,142.89552238806,1968.26490609083,59.9999999999996,140,240,1526.49999999991,33300,0.0208955223880597,0.00895522388059702,0.00895522388059702
S,Zonly,335,313,0.934328358208955,947.859424920128,219.999999999999,2310.17419090688,-15.079872204473,2313.82413441693,602.5,3090,4804,11690,13530,0.293929712460064,0.156549520766773,0.115015974440895
