Experiment,Component,N_total,N_detected,N_outlier_500ms,N_outlier_1000ms,N_outlier_2000ms,Rate_500ms,Rate_1000ms,Rate_2000ms,N_IQR_outlier,IQR_threshold_ms
Zonly,P,335,335,7,3,3,0.0208955223880597,0.00895522388059702,0.00895522388059702,34,134.999999999999
Zonly,S,335,313,92,49,36,0.293929712460064,0.156549520766773,0.115015974440895,44,1401.25
