Experiment,Component,N_total,N_detected,N_outlier_500ms,N_outlier_1000ms,N_outlier_2000ms,Rate_500ms,Rate_1000ms,Rate_2000ms,N_IQR_outlier,IQR_threshold_ms
Full3C,P,335,335,7,2,2,0.0208955223880597,0.00597014925373134,0.00597014925373134,29,160.000000000001
Full3C,S,335,330,48,32,27,0.145454545454545,0.096969696969697,0.0818181818181818,47,555.000000000001
