files,hashes
C:\Drive E\ICNN_MetaPicker_Curated_STEAD_MATLAB\ICNN_strengthening\clean\PhaseSkipCrop.m,f9558e7c64cd50bfe6d30379ec94a95a8cdcc7f63503d0276066a87580bb2fb7
C:\Drive E\ICNN_MetaPicker_Curated_STEAD_MATLAB\ICNN_strengthening\clean\assertDisjointSources.m,0852a8d228a0ea95ef0fab6e72a4281b740b00291fa611c89866f5a11b584245
C:\Drive E\ICNN_MetaPicker_Curated_STEAD_MATLAB\ICNN_strengthening\clean\assertRepresentation.m,4cd8f6b97113cde502ca724d1794403579cbed1f2d29b5ff84fed23348d1b4c8
C:\Drive E\ICNN_MetaPicker_Curated_STEAD_MATLAB\ICNN_strengthening\clean\augmentClean.m,4ab31e73d9899cfa3c09692d470064d534881900caf7a5af54281fdaebf027de
C:\Drive E\ICNN_MetaPicker_Curated_STEAD_MATLAB\ICNN_strengthening\clean\decodeClean.m,73774ba8f47f9fa4a97f7c1248b46ae8cbb14f9b7b959b586efb69f6fc4a0275
C:\Drive E\ICNN_MetaPicker_Curated_STEAD_MATLAB\ICNN_strengthening\clean\ensembleCurves.m,dda01a1715d773d48b9c5aacb913da3d43487105873dfbf6324803266e91b750
C:\Drive E\ICNN_MetaPicker_Curated_STEAD_MATLAB\ICNN_strengthening\clean\evaluateClean.m,bb4cb4b8d535964c726d2eddacb347ea00740aab82f06b2c83b200c8fc77d53d
C:\Drive E\ICNN_MetaPicker_Curated_STEAD_MATLAB\ICNN_strengthening\clean\exportBaselines.m,7dbb92108b2c31cb4b8fb095a1f56db3fa60a25bf4f000c53b12d125f693e9fd
C:\Drive E\ICNN_MetaPicker_Curated_STEAD_MATLAB\ICNN_strengthening\clean\exportClean.m,0f9f3c09b40f76361ad4563f3ec9b9c35e355f93d132a1ee2e92f0b814201c7e
C:\Drive E\ICNN_MetaPicker_Curated_STEAD_MATLAB\ICNN_strengthening\clean\fitClean.m,7c79e34d8ed5ff15055962803797da3e93b00cbc5bfac9d7e4d2c70597dc88bf
C:\Drive E\ICNN_MetaPicker_Curated_STEAD_MATLAB\ICNN_strengthening\clean\fitJob.m,634394646d396f87dcd8ced5c6076e38457c06c659cb0c72e9646ce9dbe99d92
C:\Drive E\ICNN_MetaPicker_Curated_STEAD_MATLAB\ICNN_strengthening\clean\fitLogisticClean.m,32e929dd161adae6ed909c8a9d28dd66d6cda656de3b869d6739b03703e7b02f
C:\Drive E\ICNN_MetaPicker_Curated_STEAD_MATLAB\ICNN_strengthening\clean\fitPhaseNetJob.m,b0554ea13a34d8cfee75732d8969431e8bda97e81768f822a59a69bf3c0b4b3b
C:\Drive E\ICNN_MetaPicker_Curated_STEAD_MATLAB\ICNN_strengthening\clean\fitPhaseNetMatched.m,8c262f017ba0f7edba4d11ba9a826b28df1e6ce37ce4c652028f55505025b8e4
C:\Drive E\ICNN_MetaPicker_Curated_STEAD_MATLAB\ICNN_strengthening\clean\innerSourceSplit.m,aceba58433f601e9092e6e8575d05f06c3dbfd3e33bdb556218d4650bbcfc721
C:\Drive E\ICNN_MetaPicker_Curated_STEAD_MATLAB\ICNN_strengthening\clean\loadFrozenSplit.m,152df92eabe66fef5e476271263d611c0bbde32f73a3102b7394988323c1d458
C:\Drive E\ICNN_MetaPicker_Curated_STEAD_MATLAB\ICNN_strengthening\clean\makeMeta.m,551e8dc0a29232afb049a7f8fa6b58ff9a5131fea0d73d98f934785914da2e4e
C:\Drive E\ICNN_MetaPicker_Curated_STEAD_MATLAB\ICNN_strengthening\clean\manifestClean.m,91bbdd3670f574d37b51f8f1d09fddd464f9fee2062cebfb3573a6060b37be3f
C:\Drive E\ICNN_MetaPicker_Curated_STEAD_MATLAB\ICNN_strengthening\clean\pairedClusterCI.m,f244dca34d15d3219e632924fb837389a5d76550cb72bc6f0a8788569f1d44aa
C:\Drive E\ICNN_MetaPicker_Curated_STEAD_MATLAB\ICNN_strengthening\clean\phaseNetMatchedLayers.m,a5cc3b4fda2deb5bfab522698dc9b04857498197a9d1962f2b38e20da3f9d331
C:\Drive E\ICNN_MetaPicker_Curated_STEAD_MATLAB\ICNN_strengthening\clean\predictCurves.m,1e414e469197e5ae1db45b7f960829dac1d0baf4632c27cf1911e6535a4de9c6
C:\Drive E\ICNN_MetaPicker_Curated_STEAD_MATLAB\ICNN_strengthening\clean\predictionTable.m,1ae0e149b74278bd26fc59d4152e01675722f032c6da980cbf001ae589d95e81
C:\Drive E\ICNN_MetaPicker_Curated_STEAD_MATLAB\ICNN_strengthening\clean\prepareMode.m,9fb8ac9efaf5cb34ef413c567300edd2e3ac3b643c4d03de4be96c351f858bd0
C:\Drive E\ICNN_MetaPicker_Curated_STEAD_MATLAB\ICNN_strengthening\clean\sha256File.m,a3469f38e2180ae1f62d601d42ca860db13547728e0f083bdacc564de197855e
C:\Drive E\ICNN_MetaPicker_Curated_STEAD_MATLAB\ICNN_strengthening\clean\sourceFolds.m,5e45d5ff1986fe55922babf2f6d68b03aec8097fd5543548534356315c80e093
C:\Drive E\ICNN_MetaPicker_Curated_STEAD_MATLAB\ICNN_strengthening\clean\summarizeClean.m,f9c52e5555a0cac1005f7549d6556e1d70955b9595f37e11b10d691413d9f618
C:\Drive E\ICNN_MetaPicker_Curated_STEAD_MATLAB\ICNN_strengthening\clean\trainingPlan40.m,8d5a75db17830b287fff8dd00837d168c435a891e9c52b2f15e35edfff22a164
C:\Drive E\ICNN_MetaPicker_Curated_STEAD_MATLAB\ICNN_strengthening\clean\writeStrengtheningLedger.m,a10eee3d2e54ef07318e6eb07a7390366e446ed87dc0658cffe60399cce4ad38
C:\Drive E\ICNN_MetaPicker_Curated_STEAD_MATLAB\ICNN_strengthening\config\config_ICNN_MetaPicker.m,5687937e7809f3ae22f28d982a40539bb6eb658b4f4e70eb934ee09f54770fbd
C:\Drive E\ICNN_MetaPicker_Curated_STEAD_MATLAB\ICNN_strengthening\run_phasenet_matched.m,9c7d813606755e24a5e79e3ce3d608d088891855eaff54c57f0bdec60d1bb432
C:\Drive E\ICNN_MetaPicker_Curated_STEAD_MATLAB\ICNN_strengthening\run_seed_repeat.m,5762f58383185b201a396421f29cc1f9292d79f9b89ec04f2e0d963546ea8d26
C:\Drive E\ICNN_MetaPicker_Curated_STEAD_MATLAB\ICNN_strengthening\smoke_real_records.m,dc304bb88ae4781c5243a89202e2395a947546aca9cb925d6adaac6168d60c69
C:\Drive E\ICNN_MetaPicker_Curated_STEAD_MATLAB\ICNN_strengthening\smoke_strengthening.m,340ec446ccdb5dcda2400860b991f5f7e01bb4b888da4dc1b8779707d84eeca8
C:\Drive E\ICNN_MetaPicker_Curated_STEAD_MATLAB\ICNN_strengthening\src\augmentation\augmentTrainingWaveform.m,33d51da4e77deec72ca8371bd7d551d2220cad65a22342f87e4556dc40682e2b
C:\Drive E\ICNN_MetaPicker_Curated_STEAD_MATLAB\ICNN_strengthening\src\base_pickers\runAICPicker.m,ff358433aff8ef095281ab45794d131c7cb2bea1113327f55fc340a4fd5986de
C:\Drive E\ICNN_MetaPicker_Curated_STEAD_MATLAB\ICNN_strengthening\src\base_pickers\runSTALTAPicker.m,c7fa58be74aa5a748a281b56e7637ad19e8d8f81f5d846d0f73d047d63bbbaeb
C:\Drive E\ICNN_MetaPicker_Curated_STEAD_MATLAB\ICNN_strengthening\src\data_loading\loadDatasetFromMetadata.m,dced4201a91831586b24cb7e3cb5f9cd8b4e5c1d9272cb8a41045e215571748b
C:\Drive E\ICNN_MetaPicker_Curated_STEAD_MATLAB\ICNN_strengthening\src\data_loading\loadMetadataFromExcel.m,1bf2f085e41d5572dfd31112946ca826cfd2c69b326f1fc104e49cef902aa227
C:\Drive E\ICNN_MetaPicker_Curated_STEAD_MATLAB\ICNN_strengthening\src\data_loading\loadSingleSTEADCSV.m,f39a698ab5baf3fd95df2f49aff629d3b6a69df55427fd09867003d22d657732
C:\Drive E\ICNN_MetaPicker_Curated_STEAD_MATLAB\ICNN_strengthening\src\labeling\addGaussianLabels.m,052dbc5843cd36330b96f9c8600994493ec5f39ee9998e677dc7bc9c72233ece
C:\Drive E\ICNN_MetaPicker_Curated_STEAD_MATLAB\ICNN_strengthening\src\labeling\generateGaussianMasks.m,b637ad5d444dddacc1fe687951340d696996fb34fb9787eafd063d1ca19f5d5e
C:\Drive E\ICNN_MetaPicker_Curated_STEAD_MATLAB\ICNN_strengthening\src\preprocessing\applyPreprocessing.m,2fae829b5f5e3765281196f75939acf08e056523f7b5ef39656a442245eff5c4
C:\Drive E\ICNN_MetaPicker_Curated_STEAD_MATLAB\ICNN_strengthening\src\preprocessing\buildEnhancedRepresentation.m,224d0a6d75131032537f436baab26e179e844dccd581b5a908be34c78720246f
C:\Drive E\ICNN_MetaPicker_Curated_STEAD_MATLAB\ICNN_strengthening\src\preprocessing\conditionWaveform.m,c2464340255da5ae74baa9da7f6eef45e47d0544e49cf9bec5bc2ca2718a347a
C:\Drive E\ICNN_MetaPicker_Curated_STEAD_MATLAB\ICNN_strengthening\summarize_strengthening.m,690520e3e4afb7cd259fdd844c6e94238d82562972625ed1ffac44aa3b93a7fe
C:\Drive E\ICNN_MetaPicker_Curated_STEAD_MATLAB\data\csv_stead_filtered\stead_event_00000.csv,b1ba9c4663ef2f480465c8975210c1752f0e47df950c8b5edefb6ea9b28456ef
C:\Drive E\ICNN_MetaPicker_Curated_STEAD_MATLAB\data\csv_stead_filtered\stead_event_00001.csv,ce30d03b37553fc4292be3c8ddd47680ca44fbf0a1ea37919ea0be456275d1af
C:\Drive E\ICNN_MetaPicker_Curated_STEAD_MATLAB\data\csv_stead_filtered\stead_event_00002.csv,3fd2ce71db6ff205eded1f042b0e0c35a9043a49b8c88cee142fec0a91f2aed1
C:\Drive E\ICNN_MetaPicker_Curated_STEAD_MATLAB\data\csv_stead_filtered\stead_event_00003.csv,ff70ace88a2b100aed69b21f2996ca1cc22d384f892281ada842c92bdd34906a
C:\Drive E\ICNN_MetaPicker_Curated_STEAD_MATLAB\data\csv_stead_filtered\stead_event_00004.csv,7f0605e14a7019ab2fb1724f5f8d727bd4f6b772920dc0f4136eab5730aa1b2d
C:\Drive E\ICNN_MetaPicker_Curated_STEAD_MATLAB\data\csv_stead_filtered\stead_event_00005.csv,af6078710be085e696513f90896c159fb77745446ef899ce4b8ab53ebfa6c720
C:\Drive E\ICNN_MetaPicker_Curated_STEAD_MATLAB\data\csv_stead_filtered\stead_event_00006.csv,0c7996f7760c95d720469d627fd9566f70dde600fdf31b857af64caf3aeb6cca
C:\Drive E\ICNN_MetaPicker_Curated_STEAD_MATLAB\data\csv_stead_filtered\stead_event_00007.csv,4371917f43e7385dccb4b54840cf4b24b4273bba48a51632d5c0cfd41cdd2b3f
C:\Drive E\ICNN_MetaPicker_Curated_STEAD_MATLAB\data\csv_stead_filtered\stead_event_00008.csv,76dcaf64da0834391d59ce0a527240fc7190b7466f3e5a7a8266ef7a6c210807
C:\Drive E\ICNN_MetaPicker_Curated_STEAD_MATLAB\data\csv_stead_filtered\stead_event_00009.csv,97686f511c67472a20032780b40e0a106e6d1c20425cf6a6c83463dfea54e6c2
C:\Drive E\ICNN_MetaPicker_Curated_STEAD_MATLAB\data\csv_stead_filtered\stead_event_00010.csv,9202465cfb150c780e9accc0e35ca56559d0d17ab7d54da08bfece4c6ac3cdb1
C:\Drive E\ICNN_MetaPicker_Curated_STEAD_MATLAB\data\csv_stead_filtered\stead_event_00011.csv,555995bca593824669c1f93853c9b3e48e3981e757811f8388a6c61d73f8d445
C:\Drive E\ICNN_MetaPicker_Curated_STEAD_MATLAB\data\csv_stead_filtered\stead_event_00012.csv,e2451858ba01a3d8abbcf30837f6a665dea1107de79b7e68d14f86a467d1257e
C:\Drive E\ICNN_MetaPicker_Curated_STEAD_MATLAB\data\csv_stead_filtered\stead_event_00013.csv,1fe828430f3c07ffaaae5e21753cc273fcd9ea9f454f40c42887ab3199eda977
C:\Drive E\ICNN_MetaPicker_Curated_STEAD_MATLAB\data\csv_stead_filtered\stead_event_00014.csv,ec74d4749af6e47cdf7aa5f02011d868592ee24808b22c7a7041395ac4daa9b9
C:\Drive E\ICNN_MetaPicker_Curated_STEAD_MATLAB\data\csv_stead_filtered\stead_event_00015.csv,1ca8143a9b0694410379f8d261599cb15623fb01f4e6028e7d76d0ff34c49e19
C:\Drive E\ICNN_MetaPicker_Curated_STEAD_MATLAB\data\csv_stead_filtered\stead_event_00016.csv,be57561afadf93912a59d8bddecc0167b6e0b7ccc5595fe46d9fed7cd17bf0f9
C:\Drive E\ICNN_MetaPicker_Curated_STEAD_MATLAB\data\csv_stead_filtered\stead_event_00017.csv,589310640404622a45afee633c1ef83c9aa5eaf20e114f050ee3e7f34e992437
C:\Drive E\ICNN_MetaPicker_Curated_STEAD_MATLAB\data\csv_stead_filtered\stead_event_00018.csv,01e57d0eccb4101964c0f3bf56fefeeda43c05c13290e7f77be1ebb58ddcca57
C:\Drive E\ICNN_MetaPicker_Curated_STEAD_MATLAB\data\csv_stead_filtered\stead_event_00019.csv,57ca4e28e869bd8255ec853f11849143c50e24411b5cf166827cf9a9c2d8d49d
C:\Drive E\ICNN_MetaPicker_Curated_STEAD_MATLAB\data\csv_stead_filtered\stead_event_00020.csv,824890afd531cfdae3e4f75017cd049e550866eb11afeb7128fb4632252eb09f
C:\Drive E\ICNN_MetaPicker_Curated_STEAD_MATLAB\data\csv_stead_filtered\stead_event_00021.csv,889fcd564a13bded290c7de3e5ef1945aefb9375973388a477649f20d5a162b5
C:\Drive E\ICNN_MetaPicker_Curated_STEAD_MATLAB\data\csv_stead_filtered\stead_event_00022.csv,fc37224563c7951282df152953ca672fa3bb0afb07737250977caa160ce9477d
C:\Drive E\ICNN_MetaPicker_Curated_STEAD_MATLAB\data\csv_stead_filtered\stead_event_00023.csv,47c3df7940bb39349dfdad1dd05fbe16023cdf20a6eb60aa8a591d0dde416d73
C:\Drive E\ICNN_MetaPicker_Curated_STEAD_MATLAB\data\csv_stead_filtered\stead_event_00024.csv,2e433d54d1ba59746c871069f5e96ef609dce76f22b6ac643f136d93ec96838d
C:\Drive E\ICNN_MetaPicker_Curated_STEAD_MATLAB\data\csv_stead_filtered\stead_event_00025.csv,64ee78d8638ba521725a742a692345c250b9b884a14028cc61fcf9ba8bbe6712
C:\Drive E\ICNN_MetaPicker_Curated_STEAD_MATLAB\data\csv_stead_filtered\stead_event_00026.csv,751d732c1069addc00cf69d3d155e694782ed03ccb6dd5c6cb699c4c275ad511
C:\Drive E\ICNN_MetaPicker_Curated_STEAD_MATLAB\data\csv_stead_filtered\stead_event_00027.csv,3f00f7fd61cb1da337a3b72e7b64d53d763e70baa1faba111f3727136597da9a
C:\Drive E\ICNN_MetaPicker_Curated_STEAD_MATLAB\data\csv_stead_filtered\stead_event_00028.csv,b2e4948f1b133c6eefb9015384379891c6994dea8507fd673d0ec065763dedfe
C:\Drive E\ICNN_MetaPicker_Curated_STEAD_MATLAB\data\csv_stead_filtered\stead_event_00029.csv,8607330e9b9ea6d473f06dcee4beb98a7b5ea22b420d15ab7cc6be19dea5c23c
C:\Drive E\ICNN_MetaPicker_Curated_STEAD_MATLAB\data\csv_stead_filtered\stead_event_00030.csv,f89390cd2e7be3a369d17c7a229d98815e08a3b00bf3e991122a5caf51857688
C:\Drive E\ICNN_MetaPicker_Curated_STEAD_MATLAB\data\csv_stead_filtered\stead_event_00031.csv,31cc2b7f612a839ffe4c037cdb25801168fdf26b367549bf8ac10a25c1d18642
C:\Drive E\ICNN_MetaPicker_Curated_STEAD_MATLAB\data\csv_stead_filtered\stead_event_00032.csv,df5d285bdf59597bb44b31eae8c811647f8495becb632360b962d076f90bdcf0
C:\Drive E\ICNN_MetaPicker_Curated_STEAD_MATLAB\data\csv_stead_filtered\stead_event_00033.csv,4337c062dab0c247a37f0eaf7b11a7d26671219c8eac30635a1ec99db8989ceb
C:\Drive E\ICNN_MetaPicker_Curated_STEAD_MATLAB\data\csv_stead_filtered\stead_event_00034.csv,9496d7fb1d4dd1334f950781a1ffad84e20e41ea9b3b9a1e7a7062095f667bac
C:\Drive E\ICNN_MetaPicker_Curated_STEAD_MATLAB\data\csv_stead_filtered\stead_event_00035.csv,25f5ff816ed9173836b3c67f24b43ba0588876c89d75ecd22ab3d2cdc6e4e39d
C:\Drive E\ICNN_MetaPicker_Curated_STEAD_MATLAB\data\csv_stead_filtered\stead_event_00036.csv,4a9c72009e9aba9319e1b14a1779aeffb8c8682fec9007e0904fec5bbf192c0f
C:\Drive E\ICNN_MetaPicker_Curated_STEAD_MATLAB\data\csv_stead_filtered\stead_event_00037.csv,0dcb209ad549f0c3e8bb530d43d23b65e5f2cea0191ea0b674b0d09da0558ece
C:\Drive E\ICNN_MetaPicker_Curated_STEAD_MATLAB\data\csv_stead_filtered\stead_event_00038.csv,954e6bcbce08b0ad0c87661b3b4ed0fb19a830c95e6b3cc57f1bf85fa7d6316d
C:\Drive E\ICNN_MetaPicker_Curated_STEAD_MATLAB\data\csv_stead_filtered\stead_event_00039.csv,621cd8ce11b593733afcfb736c6003a0998e26db00fbc8c238b76901ceb4f87e
C:\Drive E\ICNN_MetaPicker_Curated_STEAD_MATLAB\data\csv_stead_filtered\stead_event_00040.csv,c747b451879a358c933ee3c103aacacc7b09b07b07f6fdf2a5a76cb1aa30e290
C:\Drive E\ICNN_MetaPicker_Curated_STEAD_MATLAB\data\csv_stead_filtered\stead_event_00041.csv,7d5d4db6c8b0c666fe0fa5798ada2ea801c7dbed70822e98ae96be6fe93421b1
C:\Drive E\ICNN_MetaPicker_Curated_STEAD_MATLAB\data\csv_stead_filtered\stead_event_00042.csv,74ba50fe4aeae74da2bb820f9c3f7b69ba7167ba077067fa9892be882c329825
C:\Drive E\ICNN_MetaPicker_Curated_STEAD_MATLAB\data\csv_stead_filtered\stead_event_00043.csv,d1368b1bf1915ad2871c621bee55f904503ccaa3be07dd943f95d9e723431719
C:\Drive E\ICNN_MetaPicker_Curated_STEAD_MATLAB\data\csv_stead_filtered\stead_event_00044.csv,9d99baa8b32ea7b8dd9fe3be3793f599d3c4adb0c1b6f7f9a548f6b695501db0
C:\Drive E\ICNN_MetaPicker_Curated_STEAD_MATLAB\data\csv_stead_filtered\stead_event_00045.csv,1dbdf6aed31b68d48ef29ab08382b44f62f75cc2b7a834f10ddc17be5575b8ba
C:\Drive E\ICNN_MetaPicker_Curated_STEAD_MATLAB\data\csv_stead_filtered\stead_event_00046.csv,4e6aa8573dbabb3812bc58de4995db3eb75bb7830cfefdfbe9beab8c6a57f07a
C:\Drive E\ICNN_MetaPicker_Curated_STEAD_MATLAB\data\csv_stead_filtered\stead_event_00047.csv,643f3a17ae20e6cf10234030013802548a0ab7275ff952b7c3acbc2da3735f4b
C:\Drive E\ICNN_MetaPicker_Curated_STEAD_MATLAB\data\csv_stead_filtered\stead_event_00048.csv,d8fac3fc26cda82ca0692c9353042b90f2c6e0387a33e9035d3e65e6c5bf3137
C:\Drive E\ICNN_MetaPicker_Curated_STEAD_MATLAB\data\csv_stead_filtered\stead_event_00049.csv,fd6d4ddeabe448d80b98af30fd03b41d019a26cf62876deeac34c27b67a542cc
C:\Drive E\ICNN_MetaPicker_Curated_STEAD_MATLAB\data\csv_stead_filtered\stead_event_00050.csv,ab54fc3fd147874a165da8cc043ea08419b61a92780b142acde0925ab7ba7ccf
C:\Drive E\ICNN_MetaPicker_Curated_STEAD_MATLAB\data\csv_stead_filtered\stead_event_00051.csv,f4407b35a7c40419a22fa7f48bef157bb0b1025878226ac6bc82ff53c5efaba3
C:\Drive E\ICNN_MetaPicker_Curated_STEAD_MATLAB\data\csv_stead_filtered\stead_event_00052.csv,bc03c247e057ea5b70e5e86f9ebfe731170127927f618548def2fd9b905a5985
C:\Drive E\ICNN_MetaPicker_Curated_STEAD_MATLAB\data\csv_stead_filtered\stead_event_00053.csv,6161091a512ef4cc4e0ef401a503c39fb091000bd5e62e639a11035441ad4748
C:\Drive E\ICNN_MetaPicker_Curated_STEAD_MATLAB\data\csv_stead_filtered\stead_event_00054.csv,3990868711fe5c8648b1a94d0995b88f5188769d56359b8fe5ea33989caa50c6
C:\Drive E\ICNN_MetaPicker_Curated_STEAD_MATLAB\data\csv_stead_filtered\stead_event_00055.csv,7756e7f9130861be5c8c52596cb3a2bc0a06b57b2a58637b2e3757313297ea21
C:\Drive E\ICNN_MetaPicker_Curated_STEAD_MATLAB\data\csv_stead_filtered\stead_event_00056.csv,a7eed719ec357064c5533fde015049f45474f9e5cbc0bff24e6f34e10388a964
C:\Drive E\ICNN_MetaPicker_Curated_STEAD_MATLAB\data\csv_stead_filtered\stead_event_00057.csv,12623e360b08cbf544ad430c87cd06f54a8e8890ee5364fdcae43d5986a8b33c
C:\Drive E\ICNN_MetaPicker_Curated_STEAD_MATLAB\data\csv_stead_filtered\stead_event_00058.csv,6bbefdf527cd562c95af2dd884a4ece13b0e7c48bd4b00208cbf25952eaa95fe
C:\Drive E\ICNN_MetaPicker_Curated_STEAD_MATLAB\data\csv_stead_filtered\stead_event_00059.csv,f4f3eb4d872e4decee0a507ab389f95ffeb689198e10a1b80f5cc9665b7780e3
C:\Drive E\ICNN_MetaPicker_Curated_STEAD_MATLAB\data\csv_stead_filtered\stead_event_00060.csv,4f7ff0baa27450a8bc354747af0aa70b4a830a572079aa3d071da69d3218d7e6
C:\Drive E\ICNN_MetaPicker_Curated_STEAD_MATLAB\data\csv_stead_filtered\stead_event_00061.csv,bfba777f70fecd43bc883931ad5db6649c681f810f9c545d3d02ed3a2a805350
C:\Drive E\ICNN_MetaPicker_Curated_STEAD_MATLAB\data\csv_stead_filtered\stead_event_00062.csv,161a55a11ed3e809d22bc985fe45bbad19fa70feeec244dbd422649541168d34
C:\Drive E\ICNN_MetaPicker_Curated_STEAD_MATLAB\data\csv_stead_filtered\stead_event_00063.csv,30a6973fe8bb3121c17f6ec1bc704f82ddfaa083bbd18d1af7d9cac35d7b9d3d
C:\Drive E\ICNN_MetaPicker_Curated_STEAD_MATLAB\data\csv_stead_filtered\stead_event_00064.csv,64fde35c838bd6e158f81342a1b8f9bcc0fe2b63348e98278e215f95cd75957c
C:\Drive E\ICNN_MetaPicker_Curated_STEAD_MATLAB\data\csv_stead_filtered\stead_event_00065.csv,3b123fb1bf44426e848f9d441348b224d00182317c9701a49f1b91a79678fa84
C:\Drive E\ICNN_MetaPicker_Curated_STEAD_MATLAB\data\csv_stead_filtered\stead_event_00066.csv,d8a71af1baddcb2a8154559ca6cac87bf926b87d4972544acd628d0721d9a377
C:\Drive E\ICNN_MetaPicker_Curated_STEAD_MATLAB\data\csv_stead_filtered\stead_event_00067.csv,21117d23ee11c882ad0bf33c1e9bd826d1e3a5ae7a55d825596da541e7fcb4fa
C:\Drive E\ICNN_MetaPicker_Curated_STEAD_MATLAB\data\csv_stead_filtered\stead_event_00068.csv,aceaa641c4e99b82f8875dcfbe8f5bdd5e4a4a6a8df0c6fc2e7bd44f4fbdc57b
C:\Drive E\ICNN_MetaPicker_Curated_STEAD_MATLAB\data\csv_stead_filtered\stead_event_00069.csv,9283bd7696d1ecb9b9ee789d5c94bc917fbf5bf1f1b05d8e3997be6480dabc6a
C:\Drive E\ICNN_MetaPicker_Curated_STEAD_MATLAB\data\csv_stead_filtered\stead_event_00070.csv,adba075a6ac57074c6e8bc37ed9133c1e7b1ea33df82a5c70dc0c8769e722c0f
C:\Drive E\ICNN_MetaPicker_Curated_STEAD_MATLAB\data\csv_stead_filtered\stead_event_00071.csv,d55cab13185f66ab9f2b7b9407f372bc72ab948bb3844c37c662e5d2b74e2d4a
C:\Drive E\ICNN_MetaPicker_Curated_STEAD_MATLAB\data\csv_stead_filtered\stead_event_00072.csv,a75ae5c5ee149c89da709e2fa33221062b7f6353d9d1471e3ab69d674404cc6d
C:\Drive E\ICNN_MetaPicker_Curated_STEAD_MATLAB\data\csv_stead_filtered\stead_event_00073.csv,b81d4b39d1a771c85132e716e61148d986d32c3e21f54edaa501173e0168f89b
C:\Drive E\ICNN_MetaPicker_Curated_STEAD_MATLAB\data\csv_stead_filtered\stead_event_00074.csv,c6da7272a40a9b21b3eda9d50b8344bd0c115d4c61aec9cf105b37c7c0b75706
C:\Drive E\ICNN_MetaPicker_Curated_STEAD_MATLAB\data\csv_stead_filtered\stead_event_00075.csv,994d6144de9c3fdfd7bbe84ddf2432d2f01ac6dc131ee2ab6ce16dd3860b364a
C:\Drive E\ICNN_MetaPicker_Curated_STEAD_MATLAB\data\csv_stead_filtered\stead_event_00076.csv,8d34c9304771c603c95b1aa6e751f60af29abc6c65a113af7612ba707cd8858c
C:\Drive E\ICNN_MetaPicker_Curated_STEAD_MATLAB\data\csv_stead_filtered\stead_event_00077.csv,a2476fd1dc04fadd800c083d5be135f9c0571315135500e7fa2c91712ac4dbfa
C:\Drive E\ICNN_MetaPicker_Curated_STEAD_MATLAB\data\csv_stead_filtered\stead_event_00078.csv,f395a38d76530008756eb6a3dd93ad2ca41a8e2d47beb36f19d12b5a431d94bb
C:\Drive E\ICNN_MetaPicker_Curated_STEAD_MATLAB\data\csv_stead_filtered\stead_event_00079.csv,2a946ab3336b39b230b9f26a496c583359242049c183ba8c1ed1f47be8f2d1a0
C:\Drive E\ICNN_MetaPicker_Curated_STEAD_MATLAB\data\csv_stead_filtered\stead_event_00080.csv,e8bb8fcde5af345cf2bf6808580e18fa732516af3ed99ea271f85af43959a068
C:\Drive E\ICNN_MetaPicker_Curated_STEAD_MATLAB\data\csv_stead_filtered\stead_event_00081.csv,91607a592da19de6a2f5d59da1410db2eaff76591b07e06f6e064ac46f7f028c
C:\Drive E\ICNN_MetaPicker_Curated_STEAD_MATLAB\data\csv_stead_filtered\stead_event_00082.csv,207ef31d0ea15d07d9467352c083beefcaf524a2707be1818dcd8aeca392756f
C:\Drive E\ICNN_MetaPicker_Curated_STEAD_MATLAB\data\csv_stead_filtered\stead_event_00083.csv,5a90ce6ee9f6d240223a3651f5aba1d3acd4d9ec1554165ece57c362408f276b
C:\Drive E\ICNN_MetaPicker_Curated_STEAD_MATLAB\data\csv_stead_filtered\stead_event_00084.csv,168afe90033e5d0130bc2dfc60ac241a50bbf2edff78ec3681eaf5ed74a6fba2
C:\Drive E\ICNN_MetaPicker_Curated_STEAD_MATLAB\data\csv_stead_filtered\stead_event_00085.csv,bcca1a2b5a21165faf7b762cdea449126bddb09bb7a71e882b2b0a770b3f09c7
C:\Drive E\ICNN_MetaPicker_Curated_STEAD_MATLAB\data\csv_stead_filtered\stead_event_00086.csv,47760371be1840cb60ce9d03323657274d55455c87b092df66946aeb24571a00
C:\Drive E\ICNN_MetaPicker_Curated_STEAD_MATLAB\data\csv_stead_filtered\stead_event_00087.csv,a238a448b57c60c454e6331b9a5e12ded2d56537bbb64f1e898d320529363461
C:\Drive E\ICNN_MetaPicker_Curated_STEAD_MATLAB\data\csv_stead_filtered\stead_event_00088.csv,04f2a16e2bb40c0a74c09e1c62dae1cf8ba1bd62c84caf8c64ee72795e092b02
C:\Drive E\ICNN_MetaPicker_Curated_STEAD_MATLAB\data\csv_stead_filtered\stead_event_00089.csv,5f53c05f1c0f769e1e5b9a2d4279b288be0412f65b07c64153ce20260c021620
C:\Drive E\ICNN_MetaPicker_Curated_STEAD_MATLAB\data\csv_stead_filtered\stead_event_00090.csv,62acb165cdbeeab2935fb9daf4223dfd2dacc75cbeda0c90d37d4cb9764440a7
C:\Drive E\ICNN_MetaPicker_Curated_STEAD_MATLAB\data\csv_stead_filtered\stead_event_00091.csv,a85dc8a4b16e6041f639d6faa98fab216f4c0fe4d30d10e3b5914eefb83556ce
C:\Drive E\ICNN_MetaPicker_Curated_STEAD_MATLAB\data\csv_stead_filtered\stead_event_00092.csv,c3a8ff0a8367938228381255585821177a76d40cee5a103f5464c0d8ee5d7b66
C:\Drive E\ICNN_MetaPicker_Curated_STEAD_MATLAB\data\csv_stead_filtered\stead_event_00093.csv,7d0b020ebfd72d34d4e5f296784bdbf946e8f02d70ecc2f208edbce6a86a9098
C:\Drive E\ICNN_MetaPicker_Curated_STEAD_MATLAB\data\csv_stead_filtered\stead_event_00094.csv,4b2490df412271a5bac8e46ff069729737376588a0610e2776a23d80bc09c07c
C:\Drive E\ICNN_MetaPicker_Curated_STEAD_MATLAB\data\csv_stead_filtered\stead_event_00095.csv,b7353f1607a2f18599070d7842263bfdf0c416870dafe398402fa3b80ac77a0e
C:\Drive E\ICNN_MetaPicker_Curated_STEAD_MATLAB\data\csv_stead_filtered\stead_event_00096.csv,5142a21dd1eb20858f7c4554e0a555fa13e9498f90594eb6738791f11502d631
C:\Drive E\ICNN_MetaPicker_Curated_STEAD_MATLAB\data\csv_stead_filtered\stead_event_00097.csv,8ce8195b7d098c24f776ccf2dcb1a3962673bd0675a477b67a8a391495ab0410
C:\Drive E\ICNN_MetaPicker_Curated_STEAD_MATLAB\data\csv_stead_filtered\stead_event_00098.csv,78077b7e399a618d1c0b9d30d41fbde620163fcb06a995cff8f60d836016b320
C:\Drive E\ICNN_MetaPicker_Curated_STEAD_MATLAB\data\csv_stead_filtered\stead_event_00099.csv,840388060790a7a4380804e9a51e7c2480cbc64e9a606ddcd9d029e4196ebfe5
C:\Drive E\ICNN_MetaPicker_Curated_STEAD_MATLAB\data\csv_stead_filtered\stead_event_00100.csv,c460de5535de57d62ed13d02c28419582aa1bda06612af7f7b96637a5c8d0d6b
C:\Drive E\ICNN_MetaPicker_Curated_STEAD_MATLAB\data\csv_stead_filtered\stead_event_00101.csv,b2ad1fa181919b9d15b595e35b234508fbb8951cd738134eae8173b97b088598
C:\Drive E\ICNN_MetaPicker_Curated_STEAD_MATLAB\data\csv_stead_filtered\stead_event_00102.csv,6b4982ff5bfc0294aef1f380e7bc41d780423eca70f5f4e634ccc527a30316a9
C:\Drive E\ICNN_MetaPicker_Curated_STEAD_MATLAB\data\csv_stead_filtered\stead_event_00103.csv,1dfa076a9d4718450870bb4cfed6e9093b8e36439f177eb7669c37d1e577c49a
C:\Drive E\ICNN_MetaPicker_Curated_STEAD_MATLAB\data\csv_stead_filtered\stead_event_00104.csv,b73978fcebe9721dc6823150c004eaaf5f8422a1fc69e1acbea698d681287880
C:\Drive E\ICNN_MetaPicker_Curated_STEAD_MATLAB\data\csv_stead_filtered\stead_event_00105.csv,dd74a7c452f5520772e70f42678fb1a6fd4e8783e49df9d74149a86498b9721b
C:\Drive E\ICNN_MetaPicker_Curated_STEAD_MATLAB\data\csv_stead_filtered\stead_event_00106.csv,3db899555588e95dcb92f7f7161e765490166c1a6268728136e7e1552456557f
C:\Drive E\ICNN_MetaPicker_Curated_STEAD_MATLAB\data\csv_stead_filtered\stead_event_00107.csv,31ab486981337daf258d0028c93e4b0974515f2fb9bf561fd21680a4620dd82b
C:\Drive E\ICNN_MetaPicker_Curated_STEAD_MATLAB\data\csv_stead_filtered\stead_event_00108.csv,8232b905434197b1755bb3a653d3eed9eaa4aadbd1953f72e5d3746b0eb16f41
C:\Drive E\ICNN_MetaPicker_Curated_STEAD_MATLAB\data\csv_stead_filtered\stead_event_00109.csv,8dfe318d9baa258a7ae2a249bf51b0aec68ae2be8f372bb706f801e974c160c8
C:\Drive E\ICNN_MetaPicker_Curated_STEAD_MATLAB\data\csv_stead_filtered\stead_event_00110.csv,1d4bde3a3a9591b50747a6227c97f8a893c65ff737d54b4033d6c42e996bdc12
C:\Drive E\ICNN_MetaPicker_Curated_STEAD_MATLAB\data\csv_stead_filtered\stead_event_00111.csv,ff5535224f669f66fd79c1009a6481f817a6c994b729c498e5d797bd0bf03623
C:\Drive E\ICNN_MetaPicker_Curated_STEAD_MATLAB\data\csv_stead_filtered\stead_event_00112.csv,f057aa76782bafb3ee7a6c404439b9932b435323bc877026065e3149c6cb3bf5
C:\Drive E\ICNN_MetaPicker_Curated_STEAD_MATLAB\data\csv_stead_filtered\stead_event_00113.csv,248b27cbdeb778aab31773954f19d384417a17713dc076317ae4c186df423773
C:\Drive E\ICNN_MetaPicker_Curated_STEAD_MATLAB\data\csv_stead_filtered\stead_event_00114.csv,a5e74d1ba773e93aff39d3f36dbe05fc3d7772ed58878a1a10ad5f0ddf65f0d3
C:\Drive E\ICNN_MetaPicker_Curated_STEAD_MATLAB\data\csv_stead_filtered\stead_event_00115.csv,85bfa627f1906e534bdbdd80befae3793e7c28599cebd705d13425f7af547bb4
C:\Drive E\ICNN_MetaPicker_Curated_STEAD_MATLAB\data\csv_stead_filtered\stead_event_00116.csv,8bd9477bf87ae3ca0b7927395a4088260235bff2108675c7177c6a16c55585af
C:\Drive E\ICNN_MetaPicker_Curated_STEAD_MATLAB\data\csv_stead_filtered\stead_event_00117.csv,70f7fcf022e5c55c0cccdfd172702b988f1fe874670a2e51fdafd442986c93bd
C:\Drive E\ICNN_MetaPicker_Curated_STEAD_MATLAB\data\csv_stead_filtered\stead_event_00118.csv,2a2662ac526316d1c951b25374c9b9e7cb806b36315cca398575e3fbf38406f3
C:\Drive E\ICNN_MetaPicker_Curated_STEAD_MATLAB\data\csv_stead_filtered\stead_event_00119.csv,16ed985348db12e66fe632c62be7a3cab2523ab3453219bb581e540691711b93
C:\Drive E\ICNN_MetaPicker_Curated_STEAD_MATLAB\data\csv_stead_filtered\stead_event_00120.csv,292d97fbacefec0429c78eca83e109627b5af5496aaf073e52603356f861c229
C:\Drive E\ICNN_MetaPicker_Curated_STEAD_MATLAB\data\csv_stead_filtered\stead_event_00121.csv,561ad9457af6f49484570ef0963c568fce2ba9fde34e781149baf990127e6c81
C:\Drive E\ICNN_MetaPicker_Curated_STEAD_MATLAB\data\csv_stead_filtered\stead_event_00122.csv,ae600e72f09329fa1459e1bfc1c86e1c1ec097ef4d822f04d40631a5557a21fa
C:\Drive E\ICNN_MetaPicker_Curated_STEAD_MATLAB\data\csv_stead_filtered\stead_event_00123.csv,8b5d5ca20248d1bafd2ee46bfb1d236d20d9645728fa4b5fe302c828ef1246e6
C:\Drive E\ICNN_MetaPicker_Curated_STEAD_MATLAB\data\csv_stead_filtered\stead_event_00124.csv,7d5fea08c832185341ac2c54f1bb0201d3286c03fc8913771bbb1522af86cc1e
C:\Drive E\ICNN_MetaPicker_Curated_STEAD_MATLAB\data\csv_stead_filtered\stead_event_00125.csv,b93d5e984df56101e071a6bc85a63325c2e10b724d559b6063c0c32356482733
C:\Drive E\ICNN_MetaPicker_Curated_STEAD_MATLAB\data\csv_stead_filtered\stead_event_00126.csv,deac03db188f8e2152e8a5a851b83b9fa4dbca75cf46b8255d6e5e6dea9bdb8b
C:\Drive E\ICNN_MetaPicker_Curated_STEAD_MATLAB\data\csv_stead_filtered\stead_event_00127.csv,31c7f6d9cf63dc863b40af6e82f4ae52d03331bbaed657cfbf41fc56f6eddc59
C:\Drive E\ICNN_MetaPicker_Curated_STEAD_MATLAB\data\csv_stead_filtered\stead_event_00128.csv,5af15f0c05990aba343373ef693b22b21d0f73cb1ed59bf1826af901c4bab7bf
C:\Drive E\ICNN_MetaPicker_Curated_STEAD_MATLAB\data\csv_stead_filtered\stead_event_00129.csv,c29141253a865b5dad3b808f28f071f4d4f4a4129126acd69bf5531f1775cfee
C:\Drive E\ICNN_MetaPicker_Curated_STEAD_MATLAB\data\csv_stead_filtered\stead_event_00130.csv,ca32f0b03e93970d0ea3f1518bd3ea3b2d808a815095fd96f4f8b0e078aabfd8
C:\Drive E\ICNN_MetaPicker_Curated_STEAD_MATLAB\data\csv_stead_filtered\stead_event_00131.csv,cdc5a81fe06f0b709cfe17a83d60b008c07c0470e8068051743e022379f93466
C:\Drive E\ICNN_MetaPicker_Curated_STEAD_MATLAB\data\csv_stead_filtered\stead_event_00132.csv,d58d4a61a1eecf3d176bde2f331e6d185dc20fd0186a89a6c0d3e5dd67b4676b
C:\Drive E\ICNN_MetaPicker_Curated_STEAD_MATLAB\data\csv_stead_filtered\stead_event_00133.csv,4d1aaaaa94a70947cce390bd71f2ab2ad393dd30e136f9b3059c135a5760470f
C:\Drive E\ICNN_MetaPicker_Curated_STEAD_MATLAB\data\csv_stead_filtered\stead_event_00134.csv,faceded1739737468ec2efbea97e7d56a8d60b0ce532653c7c18d1c8466926c7
C:\Drive E\ICNN_MetaPicker_Curated_STEAD_MATLAB\data\csv_stead_filtered\stead_event_00135.csv,3db33492117bf4c3370f5676d0ffc5ceaf7ee941ee1833c07b54cdb2cb469768
C:\Drive E\ICNN_MetaPicker_Curated_STEAD_MATLAB\data\csv_stead_filtered\stead_event_00136.csv,b500e4dabff3e8b32c9f7793ef51a4c2dc03f15347e6416c9e9f7bf578925c3c
C:\Drive E\ICNN_MetaPicker_Curated_STEAD_MATLAB\data\csv_stead_filtered\stead_event_00137.csv,e5ba4a6558182864a2c6ae7ffbaa4daafa81d1784a909c5df88af1785b5fffac
C:\Drive E\ICNN_MetaPicker_Curated_STEAD_MATLAB\data\csv_stead_filtered\stead_event_00138.csv,fd2e980642758f5992700a9be42f33e04b9ad41c2eda07132cca7de9bddfff27
C:\Drive E\ICNN_MetaPicker_Curated_STEAD_MATLAB\data\csv_stead_filtered\stead_event_00139.csv,234b48063a7f63998a302432723af7aa0bd6fd4eb5cdfd0eb5766998b8027b1e
C:\Drive E\ICNN_MetaPicker_Curated_STEAD_MATLAB\data\csv_stead_filtered\stead_event_00140.csv,bb23e0d63172a06ed9b88288c51d043cd90821b19286ee74ed3d8c99ac0deab1
C:\Drive E\ICNN_MetaPicker_Curated_STEAD_MATLAB\data\csv_stead_filtered\stead_event_00141.csv,098943c04265ef8e58bc8e67f420a8af6fd72b3821ccf8a19de12a438a955778
C:\Drive E\ICNN_MetaPicker_Curated_STEAD_MATLAB\data\csv_stead_filtered\stead_event_00142.csv,1fb286f6fd13defb3d24c7de6b802e6d12711f02d3554dadc61ecb5e21ff646d
C:\Drive E\ICNN_MetaPicker_Curated_STEAD_MATLAB\data\csv_stead_filtered\stead_event_00143.csv,12eef5a508af8a6800016987333ae92d95b4d564b0f2db1d97448f98389ca37d
C:\Drive E\ICNN_MetaPicker_Curated_STEAD_MATLAB\data\csv_stead_filtered\stead_event_00144.csv,749ebd344c8117672209d5e5052f0e52a2677e9c33aeab851c71e8b236ea61d5
C:\Drive E\ICNN_MetaPicker_Curated_STEAD_MATLAB\data\csv_stead_filtered\stead_event_00145.csv,40c433a1614aed5e7c31c0f039eb90120e5cfd858fbec3ce63c88dd71211457e
C:\Drive E\ICNN_MetaPicker_Curated_STEAD_MATLAB\data\csv_stead_filtered\stead_event_00146.csv,10af8614f2abe052dfcb84b8e10c7c88ecf836e91e38ae213158565856d8a8f7
C:\Drive E\ICNN_MetaPicker_Curated_STEAD_MATLAB\data\csv_stead_filtered\stead_event_00147.csv,164b383813e2c0fc767952a68e5920265c8675bf2ae58d8448dd799444cdb75d
C:\Drive E\ICNN_MetaPicker_Curated_STEAD_MATLAB\data\csv_stead_filtered\stead_event_00148.csv,e96452ab5c3365145f615476ce9760d54675dd3f6021d67d843eb6bc51912f1c
C:\Drive E\ICNN_MetaPicker_Curated_STEAD_MATLAB\data\csv_stead_filtered\stead_event_00149.csv,84df05026d90c76e1c02ccfde853a49f02bac6e5dd52620b709388dbb0fac6ec
C:\Drive E\ICNN_MetaPicker_Curated_STEAD_MATLAB\data\csv_stead_filtered\stead_event_00150.csv,458e89b3b59f57518506dfdfa6f49a4ab338ce589af820e65ec7e8355b3cd5d0
C:\Drive E\ICNN_MetaPicker_Curated_STEAD_MATLAB\data\csv_stead_filtered\stead_event_00151.csv,28e26a4aa2184c7e4eeece392d8213dca1a11a6bd907c73600e088dcca56a733
C:\Drive E\ICNN_MetaPicker_Curated_STEAD_MATLAB\data\csv_stead_filtered\stead_event_00152.csv,78ed51cb2df3b41fb294e706183b2cf53b07f680b61687360d473a659186a01a
C:\Drive E\ICNN_MetaPicker_Curated_STEAD_MATLAB\data\csv_stead_filtered\stead_event_00153.csv,1ec0302778849a0bdb9b29bb83c08b0c0fdb5751990cba4dd666423be288dbcf
C:\Drive E\ICNN_MetaPicker_Curated_STEAD_MATLAB\data\csv_stead_filtered\stead_event_00154.csv,dc9100727464521bd604fed8188557b06e5402bc4171cd30401a8bf7f543d9d3
C:\Drive E\ICNN_MetaPicker_Curated_STEAD_MATLAB\data\csv_stead_filtered\stead_event_00155.csv,3ab85f361181df337e71ab1e30393433ddcd5a5bbee5012124f6fbe7891b144d
C:\Drive E\ICNN_MetaPicker_Curated_STEAD_MATLAB\data\csv_stead_filtered\stead_event_00156.csv,84a632dc16eef9ebae48192f6ed2963dab59564670d7b26933804d0a93b222d3
C:\Drive E\ICNN_MetaPicker_Curated_STEAD_MATLAB\data\csv_stead_filtered\stead_event_00157.csv,e55ccc49eb6edd7826d426bbd2a2aca7c1a54e2007c5695b09e903b36331d3ae
C:\Drive E\ICNN_MetaPicker_Curated_STEAD_MATLAB\data\csv_stead_filtered\stead_event_00158.csv,fa8187b59bfd82a2afa00ee2e569a89a84d081f99908c20aa6530757447d570e
C:\Drive E\ICNN_MetaPicker_Curated_STEAD_MATLAB\data\csv_stead_filtered\stead_event_00159.csv,1b9ddd145143e86352bf1b493fc62d5766d06706f694ea6297b08c2dd4ef1abe
C:\Drive E\ICNN_MetaPicker_Curated_STEAD_MATLAB\data\csv_stead_filtered\stead_event_00160.csv,682263f27261290646a3f7c59d05183a7a318c2d3465854e363856ca770af807
C:\Drive E\ICNN_MetaPicker_Curated_STEAD_MATLAB\data\csv_stead_filtered\stead_event_00161.csv,85cb6df9f5126cbc9a1a3f3470e8fe74402b4d40b64df23e8d98fd414bcd65c4
C:\Drive E\ICNN_MetaPicker_Curated_STEAD_MATLAB\data\csv_stead_filtered\stead_event_00162.csv,cf70971f9a8a189146570959f17d5ced4f38e82a279b6dcc228a643d828e2606
C:\Drive E\ICNN_MetaPicker_Curated_STEAD_MATLAB\data\csv_stead_filtered\stead_event_00163.csv,bb1d8a0ed63d5baede52727a8ce545ce3791a17fa6291cbfa3b4ceda40479909
C:\Drive E\ICNN_MetaPicker_Curated_STEAD_MATLAB\data\csv_stead_filtered\stead_event_00164.csv,ab23f5f635c713844210c69e1116b299d673540ae639128a60218ee4fd8dcec4
C:\Drive E\ICNN_MetaPicker_Curated_STEAD_MATLAB\data\csv_stead_filtered\stead_event_00165.csv,e4f24d01f4c39ce00a74fde315819a13997450bb18d121726b95497a35c59818
C:\Drive E\ICNN_MetaPicker_Curated_STEAD_MATLAB\data\csv_stead_filtered\stead_event_00166.csv,84be09b9ad8fc68496f7206a90fc0a4532ae5f9ed7c969dc11ab088766fe30d9
C:\Drive E\ICNN_MetaPicker_Curated_STEAD_MATLAB\data\csv_stead_filtered\stead_event_00167.csv,6c85a855b298149ceb2af8799bae7889b7cb459381e787e87ad3ba1e16c1cde8
C:\Drive E\ICNN_MetaPicker_Curated_STEAD_MATLAB\data\csv_stead_filtered\stead_event_00168.csv,fb3edae494e06e6e449f5db07fc949740de60aed0cbb004ab8e343497760c3a2
C:\Drive E\ICNN_MetaPicker_Curated_STEAD_MATLAB\data\csv_stead_filtered\stead_event_00169.csv,166181d48f08bfd375e409e6d6b2c0e9f8c58f73028af4040a1541aed90adcaf
C:\Drive E\ICNN_MetaPicker_Curated_STEAD_MATLAB\data\csv_stead_filtered\stead_event_00170.csv,602fe0214d13325767b7ce438888c2cb893d0f235aabeafb01cf1c3db8d22e2e
C:\Drive E\ICNN_MetaPicker_Curated_STEAD_MATLAB\data\csv_stead_filtered\stead_event_00171.csv,ea857db622af71baaf81548d4c4643c107af3b079c1e5d2a5afef315f60e0e41
C:\Drive E\ICNN_MetaPicker_Curated_STEAD_MATLAB\data\csv_stead_filtered\stead_event_00172.csv,6caea5e012e40c9771aa9cce57d83ff84ee2549044f5cb60a5df0044306ec965
C:\Drive E\ICNN_MetaPicker_Curated_STEAD_MATLAB\data\csv_stead_filtered\stead_event_00173.csv,48c19f41ceec95dcb13ad1544c6338822eb4e8d186b7cd8ba9fdc833fa174e60
C:\Drive E\ICNN_MetaPicker_Curated_STEAD_MATLAB\data\csv_stead_filtered\stead_event_00174.csv,cb863b2c36ebd4813f7de73212d58463511cb226b63516f156b7491a411688e1
C:\Drive E\ICNN_MetaPicker_Curated_STEAD_MATLAB\data\csv_stead_filtered\stead_event_00175.csv,11418efd4a58d0e1f60f7c9331e9e4cf8b04a09e855cbd3ae83432db5033a656
C:\Drive E\ICNN_MetaPicker_Curated_STEAD_MATLAB\data\csv_stead_filtered\stead_event_00176.csv,2d542b6a63339f6287e5758c3ea10b7f865ff91a1b22f97de5d9deade7943a48
C:\Drive E\ICNN_MetaPicker_Curated_STEAD_MATLAB\data\csv_stead_filtered\stead_event_00177.csv,db78038c67c1a8c320227fe46d4dfdcf1162aef4e0911482d8ced548e3d5c86f
C:\Drive E\ICNN_MetaPicker_Curated_STEAD_MATLAB\data\csv_stead_filtered\stead_event_00178.csv,e25f11712c64daa62cfcd6c86aef1e3d89fcfa5050407afc884f47cfebb80965
C:\Drive E\ICNN_MetaPicker_Curated_STEAD_MATLAB\data\csv_stead_filtered\stead_event_00179.csv,716dd483ce99e632a5d450b698e62f94970684d7af5d8a56eb567b54921b1fc5
C:\Drive E\ICNN_MetaPicker_Curated_STEAD_MATLAB\data\csv_stead_filtered\stead_event_00180.csv,945b78e38bc34390600b2c78e7401f88cd228aa70d438b9be6525d7015051e66
C:\Drive E\ICNN_MetaPicker_Curated_STEAD_MATLAB\data\csv_stead_filtered\stead_event_00181.csv,eeb8b7ec89d56932aa4eb97c8926f4fa337c22c0f59ea1b6da06e3730968d28e
C:\Drive E\ICNN_MetaPicker_Curated_STEAD_MATLAB\data\csv_stead_filtered\stead_event_00182.csv,ece7272de2f7c9094448468a37154180adeaf56c9e032542d690605f09f5ec00
C:\Drive E\ICNN_MetaPicker_Curated_STEAD_MATLAB\data\csv_stead_filtered\stead_event_00183.csv,29fef71cd2b5e41bb47443f84b8445fbd4f6b37871938973df70155975b401a8
C:\Drive E\ICNN_MetaPicker_Curated_STEAD_MATLAB\data\csv_stead_filtered\stead_event_00184.csv,2f492531de8ede30ef829ebbf31116ccba5cdfd061681cea75c4b60ddc4d8f71
C:\Drive E\ICNN_MetaPicker_Curated_STEAD_MATLAB\data\csv_stead_filtered\stead_event_00185.csv,ef61314241f51d6b1e1c7159764d774a4ce9d097860d7a247459ce58d0dc8647
C:\Drive E\ICNN_MetaPicker_Curated_STEAD_MATLAB\data\csv_stead_filtered\stead_event_00186.csv,71c033107378ed8d6f7b3d418320b00d700ce7e4a152c4432e643bb12fa529a8
C:\Drive E\ICNN_MetaPicker_Curated_STEAD_MATLAB\data\csv_stead_filtered\stead_event_00187.csv,4b2ac57f6b7041dce2ba99082a7d5e4dcd631cca4c6226a2485de9113ea59cd4
C:\Drive E\ICNN_MetaPicker_Curated_STEAD_MATLAB\data\csv_stead_filtered\stead_event_00188.csv,09e2251d4c35c9acfafef7cd055eb1e973a35b7bdc8630f0691b766feee2a8a2
C:\Drive E\ICNN_MetaPicker_Curated_STEAD_MATLAB\data\csv_stead_filtered\stead_event_00189.csv,13149f855d7177217ee1ad43171d3db560ab682c08ec0103d63880791f744c89
C:\Drive E\ICNN_MetaPicker_Curated_STEAD_MATLAB\data\csv_stead_filtered\stead_event_00190.csv,9172088d8d0f7e92c48626a52d89ec30271664ede9bc22eadff6d2fa378fc193
C:\Drive E\ICNN_MetaPicker_Curated_STEAD_MATLAB\data\csv_stead_filtered\stead_event_00191.csv,9faef46c713c0ba595d47c5fc48637f126f8c4e7307314ebff7f43407ae57eee
C:\Drive E\ICNN_MetaPicker_Curated_STEAD_MATLAB\data\csv_stead_filtered\stead_event_00192.csv,fabcad5f83a631b64a921ecbd6b1170b21905bb74fc2f25066d03352ab62674a
C:\Drive E\ICNN_MetaPicker_Curated_STEAD_MATLAB\data\csv_stead_filtered\stead_event_00193.csv,6bffdcdf4e2b11c0a7929c2dbae7e0cead1a5fde502a3fe9739060827cd10883
C:\Drive E\ICNN_MetaPicker_Curated_STEAD_MATLAB\data\csv_stead_filtered\stead_event_00194.csv,514a595e22701fa80a333f541219214bd01e26349cd3a15c8cd2b2a5a0c6502b
C:\Drive E\ICNN_MetaPicker_Curated_STEAD_MATLAB\data\csv_stead_filtered\stead_event_00195.csv,b08dbb26496453d065d4abe6ea9802afd664d0e95e42d0ac8f61cfa51f6be8bb
C:\Drive E\ICNN_MetaPicker_Curated_STEAD_MATLAB\data\csv_stead_filtered\stead_event_00196.csv,d911f9bd214acf45f0e40777348b39578d278a1f4a990483385c79b8dcd4ad56
C:\Drive E\ICNN_MetaPicker_Curated_STEAD_MATLAB\data\csv_stead_filtered\stead_event_00197.csv,0b86562a8d1b23491d69d3168293a632462c4d131df705c1fbaa77cc3a90fb5e
C:\Drive E\ICNN_MetaPicker_Curated_STEAD_MATLAB\data\csv_stead_filtered\stead_event_00198.csv,d9918bd1edc6b35dfecbb5888d3a73da3965007601e034ec48ad6352c44807ba
C:\Drive E\ICNN_MetaPicker_Curated_STEAD_MATLAB\data\csv_stead_filtered\stead_event_00199.csv,9c8842376d038f27d1fb769e4a1dc975341314fc75a96f44c467ceb60e94f84f
C:\Drive E\ICNN_MetaPicker_Curated_STEAD_MATLAB\data\csv_stead_filtered\stead_event_00200.csv,09d82583e7bdfab287157061bdb37e6a11a7636d9b4918b0992defdb3f7ef052
C:\Drive E\ICNN_MetaPicker_Curated_STEAD_MATLAB\data\csv_stead_filtered\stead_event_00201.csv,983167583191a541ddb8a15829ad7339f25f804d38070b923231bd2c27b70e2b
C:\Drive E\ICNN_MetaPicker_Curated_STEAD_MATLAB\data\csv_stead_filtered\stead_event_00202.csv,c0f26b674df987101d74dedf1325a2bb268af715dca8bc7ee8732f6ae540e090
C:\Drive E\ICNN_MetaPicker_Curated_STEAD_MATLAB\data\csv_stead_filtered\stead_event_00203.csv,96057d4b1062d0a87046b67c36b746d83c8bc0f593640a641f559a7a34bd94e0
C:\Drive E\ICNN_MetaPicker_Curated_STEAD_MATLAB\data\csv_stead_filtered\stead_event_00204.csv,3cb3be10ba3253efafa2b8d8dc864b84e3716e4b354e7e14367229b3758d468e
C:\Drive E\ICNN_MetaPicker_Curated_STEAD_MATLAB\data\csv_stead_filtered\stead_event_00205.csv,78fd60aca192e9a4045a072868c3b74edbf28f5624343767b5d1e36a6851309b
C:\Drive E\ICNN_MetaPicker_Curated_STEAD_MATLAB\data\csv_stead_filtered\stead_event_00206.csv,2981b01751c15a28d81ad775e90a38a3c285deae84685f45da39fef3183ba212
C:\Drive E\ICNN_MetaPicker_Curated_STEAD_MATLAB\data\csv_stead_filtered\stead_event_00207.csv,dc9b62d8e564930adb3c363b3d0801c09e21465d3920898dddd7d0d1781e4ef5
C:\Drive E\ICNN_MetaPicker_Curated_STEAD_MATLAB\data\csv_stead_filtered\stead_event_00208.csv,98767a2195409c7bf812bf0b56cee6d6eb98189c3253c31369a4e926124d92f0
C:\Drive E\ICNN_MetaPicker_Curated_STEAD_MATLAB\data\csv_stead_filtered\stead_event_00209.csv,ac6578910091c3c2f277360fe12b312f281de9ee8aa4ee2587e310d68ae4cb56
C:\Drive E\ICNN_MetaPicker_Curated_STEAD_MATLAB\data\csv_stead_filtered\stead_event_00210.csv,eb1428252252161c034f9179cf6a05118f978fbfdd0856bea9f95691383d452e
C:\Drive E\ICNN_MetaPicker_Curated_STEAD_MATLAB\data\csv_stead_filtered\stead_event_00211.csv,d9dc90b8d0c4900be310e320d6d320eb577952cfba03ebc38d929b1f748aa6f9
C:\Drive E\ICNN_MetaPicker_Curated_STEAD_MATLAB\data\csv_stead_filtered\stead_event_00212.csv,7a39a72f7d4dda03c93e83a533179dff90cb0a1454147b78e037fc3a93edbeae
C:\Drive E\ICNN_MetaPicker_Curated_STEAD_MATLAB\data\csv_stead_filtered\stead_event_00213.csv,d65672e71e5f144a8ba72d7d91a08c6df988125afebc9862bc1c13391a785c4e
C:\Drive E\ICNN_MetaPicker_Curated_STEAD_MATLAB\data\csv_stead_filtered\stead_event_00214.csv,6c03761d8a7216c87f5fd6c3a58deb02af6fa6e4af297e10d6f091b7332429b2
C:\Drive E\ICNN_MetaPicker_Curated_STEAD_MATLAB\data\csv_stead_filtered\stead_event_00215.csv,b9b9b5a644ccd9b06b5d4dfb3a2bc90e499db45f9182d41b2ab2b90df1fbd194
C:\Drive E\ICNN_MetaPicker_Curated_STEAD_MATLAB\data\csv_stead_filtered\stead_event_00216.csv,45d3ef3336cd19247a0d281bded3950a494daa093bf8ec9c8b7a19510bb898b2
C:\Drive E\ICNN_MetaPicker_Curated_STEAD_MATLAB\data\csv_stead_filtered\stead_event_00217.csv,efbf7580a119a02e8daef8370bfd624f1d6ab9e6eaf3a697d18b9bd69316ffa9
C:\Drive E\ICNN_MetaPicker_Curated_STEAD_MATLAB\data\csv_stead_filtered\stead_event_00218.csv,73861829ad24f25159c21bd039a0365d8791e18da9614afa0fe6008b84526fd6
C:\Drive E\ICNN_MetaPicker_Curated_STEAD_MATLAB\data\csv_stead_filtered\stead_event_00219.csv,3e2cb167f9fdbef09cb86cc66d9f99c4e24dd27672b8332ddfb928b8026c91c3
C:\Drive E\ICNN_MetaPicker_Curated_STEAD_MATLAB\data\csv_stead_filtered\stead_event_00220.csv,1dd102635e86681ee834e96f656bc60b2a0d7f3586b51e6e8733b6fb1ee4ba19
C:\Drive E\ICNN_MetaPicker_Curated_STEAD_MATLAB\data\csv_stead_filtered\stead_event_00221.csv,a3ba3aec53e93394beaec82461000453c279913107a3af4950d5fd873cb4cc3c
C:\Drive E\ICNN_MetaPicker_Curated_STEAD_MATLAB\data\csv_stead_filtered\stead_event_00222.csv,415942ce45e6635c79daeb7ac235ad16536501047b002d576980e829daf1456c
C:\Drive E\ICNN_MetaPicker_Curated_STEAD_MATLAB\data\csv_stead_filtered\stead_event_00223.csv,cac661d6c34fe5f47044c6e8744e84d2065b0a8fa5e068d41060cedeb468d7a2
C:\Drive E\ICNN_MetaPicker_Curated_STEAD_MATLAB\data\csv_stead_filtered\stead_event_00224.csv,5ab2a3684f6d44ea1a9324320517cd8ce88468e1a4252686282761fd80769c8e
C:\Drive E\ICNN_MetaPicker_Curated_STEAD_MATLAB\data\csv_stead_filtered\stead_event_00225.csv,b700f13b4fb397273c77b82af0f0f2dfacb92f15da54f6613cc0d1f3ef4ece26
C:\Drive E\ICNN_MetaPicker_Curated_STEAD_MATLAB\data\csv_stead_filtered\stead_event_00226.csv,b8cb0d1ec30afa12f4d77b52592c72c225562d2ebb7ead69f322fc5427eedae4
C:\Drive E\ICNN_MetaPicker_Curated_STEAD_MATLAB\data\csv_stead_filtered\stead_event_00227.csv,31c4fb1d83c82da5a801d66c02a75cb7fa957f6613e68635593847750ed92d52
C:\Drive E\ICNN_MetaPicker_Curated_STEAD_MATLAB\data\csv_stead_filtered\stead_event_00228.csv,c7280880f1a2cfd13d02890ddefd654b0f25b423776ab8640b442fd599e216b3
C:\Drive E\ICNN_MetaPicker_Curated_STEAD_MATLAB\data\csv_stead_filtered\stead_event_00229.csv,ac281fdf2c8f67c35260b1e01743de30f4b2e94aebc810205f45b76a648e325d
C:\Drive E\ICNN_MetaPicker_Curated_STEAD_MATLAB\data\csv_stead_filtered\stead_event_00230.csv,d9011d9899885d0d694984ec34de06c6126c6d07fe6872ea01049cbb47a0a12f
C:\Drive E\ICNN_MetaPicker_Curated_STEAD_MATLAB\data\csv_stead_filtered\stead_event_00231.csv,2c3d64e8105a60c801d9f8fd65411d6ea844676e03e6d40849fb176ad4f4221d
C:\Drive E\ICNN_MetaPicker_Curated_STEAD_MATLAB\data\csv_stead_filtered\stead_event_00232.csv,677324ac112309014f86fe23ad97a0ae11bff6629f267ceb057a2c5cb6253c4a
C:\Drive E\ICNN_MetaPicker_Curated_STEAD_MATLAB\data\csv_stead_filtered\stead_event_00233.csv,4bd5286162c9ac900421fc039335c15b25af3996c0443ae944cc349558d08ace
C:\Drive E\ICNN_MetaPicker_Curated_STEAD_MATLAB\data\csv_stead_filtered\stead_event_00234.csv,96423dbeb8cd6939e8f6306ddfca99d22fb5e84affd66fbb4768967d68fb3d78
C:\Drive E\ICNN_MetaPicker_Curated_STEAD_MATLAB\data\csv_stead_filtered\stead_event_00235.csv,973d407a445df9596f9fdaca375ddc72ff8bc2b0a2b7df331a3a638dd28d5b98
C:\Drive E\ICNN_MetaPicker_Curated_STEAD_MATLAB\data\csv_stead_filtered\stead_event_00236.csv,e96414e1ee390167d4708f30f43ac044b5a84b1406c35302c95976e260906ed2
C:\Drive E\ICNN_MetaPicker_Curated_STEAD_MATLAB\data\csv_stead_filtered\stead_event_00237.csv,10fee18cbdabc4433fa80f201e7c3eba1ae1076cfeb2107e8418741392c0aa65
C:\Drive E\ICNN_MetaPicker_Curated_STEAD_MATLAB\data\csv_stead_filtered\stead_event_00238.csv,478aace8c0fd19fbd8683beebc6fbd417b14baf4dc537895aa1cdb1310e9afad
C:\Drive E\ICNN_MetaPicker_Curated_STEAD_MATLAB\data\csv_stead_filtered\stead_event_00239.csv,d8dca621e2c773412e28aa444e3cab8338b48119891d46726b28b5440d0bfa3e
C:\Drive E\ICNN_MetaPicker_Curated_STEAD_MATLAB\data\csv_stead_filtered\stead_event_00240.csv,73dc956964f891e664802cb423f1a4306a455a789185ff052e9ca9dea143e1ba
C:\Drive E\ICNN_MetaPicker_Curated_STEAD_MATLAB\data\csv_stead_filtered\stead_event_00241.csv,64c609ae3af11e079905ca631276d17ca3c5016f8325c866bb40a1f78d64f244
C:\Drive E\ICNN_MetaPicker_Curated_STEAD_MATLAB\data\csv_stead_filtered\stead_event_00242.csv,3779977af6cda5469c91e0b1b44ea4a8eb33305e854482d0328777517b61bcd3
C:\Drive E\ICNN_MetaPicker_Curated_STEAD_MATLAB\data\csv_stead_filtered\stead_event_00243.csv,e33e7d58fb5cd3f34923e6814c99a83b72e0a415660474d6c353ef2a2430e3f0
C:\Drive E\ICNN_MetaPicker_Curated_STEAD_MATLAB\data\csv_stead_filtered\stead_event_00244.csv,cc7ce359cdd6ddb7e872203627cc486b06da7aa35e23c0df2c2369be5aeda28e
C:\Drive E\ICNN_MetaPicker_Curated_STEAD_MATLAB\data\csv_stead_filtered\stead_event_00245.csv,70daf2875ba66da8b4a9bebd352cbc90c8e071bf942a666d400039758de931ab
C:\Drive E\ICNN_MetaPicker_Curated_STEAD_MATLAB\data\csv_stead_filtered\stead_event_00246.csv,7d2da6611a68923bc41ea39a36f1120dbaa7e3db6658e18e49336ee84f353fb4
C:\Drive E\ICNN_MetaPicker_Curated_STEAD_MATLAB\data\csv_stead_filtered\stead_event_00247.csv,4f601c527d4d8dc87090a543bf0895e105ca1112c13bfcd11ddd7b0bfb116d1f
C:\Drive E\ICNN_MetaPicker_Curated_STEAD_MATLAB\data\csv_stead_filtered\stead_event_00248.csv,54010b59c7989851d41637c86100a018c3dd8dc2942ca89181a31592052152a2
C:\Drive E\ICNN_MetaPicker_Curated_STEAD_MATLAB\data\csv_stead_filtered\stead_event_00249.csv,3b592efc4e6969de07b1b73d9e546a6614ca863ff5f0435ed78f641d2345cc3e
C:\Drive E\ICNN_MetaPicker_Curated_STEAD_MATLAB\data\csv_stead_filtered\stead_event_00250.csv,2a44fa22e60ad72d27d671355ee1a36d631e957d6b313ca0f09f47c9248e2517
C:\Drive E\ICNN_MetaPicker_Curated_STEAD_MATLAB\data\csv_stead_filtered\stead_event_00251.csv,8f236d44f30771de564b49ff74145d20cea94dc059de998bd5c4ab33c2f4b56d
C:\Drive E\ICNN_MetaPicker_Curated_STEAD_MATLAB\data\csv_stead_filtered\stead_event_00252.csv,83a571cdabffe1ea41bf807f4d9bd0d78b398be11d8138270608ccf58d7f283c
C:\Drive E\ICNN_MetaPicker_Curated_STEAD_MATLAB\data\csv_stead_filtered\stead_event_00253.csv,01704624bd460498c28dba816f960bb7875dc986f85d68ed664a26fe6f6de480
C:\Drive E\ICNN_MetaPicker_Curated_STEAD_MATLAB\data\csv_stead_filtered\stead_event_00254.csv,ddc7c2366d90e6ddadb1990e13829a40e6ad99064efdcc3813f59575f0d1dc8b
C:\Drive E\ICNN_MetaPicker_Curated_STEAD_MATLAB\data\csv_stead_filtered\stead_event_00255.csv,6cd378c56ba541c69de6976fcbafd5ae1d1356439ef7e49c44c79d6ffba473be
C:\Drive E\ICNN_MetaPicker_Curated_STEAD_MATLAB\data\csv_stead_filtered\stead_event_00256.csv,f54c2118d1bb7c80f51468fbd65f7431a433815fc8acf2c98595e95e5404bdab
C:\Drive E\ICNN_MetaPicker_Curated_STEAD_MATLAB\data\csv_stead_filtered\stead_event_00257.csv,d8908477bf58c30cff90ac47654a3dc4cbf048a2c148ae773ee7f5773421008e
C:\Drive E\ICNN_MetaPicker_Curated_STEAD_MATLAB\data\csv_stead_filtered\stead_event_00258.csv,77fdabaa1c7b94096bd3d7cb27c48f80c183f6fbe465367d99b3bfd0e42c48f3
C:\Drive E\ICNN_MetaPicker_Curated_STEAD_MATLAB\data\csv_stead_filtered\stead_event_00259.csv,a06096a08aa389aa56d34ea7db08608ac0b4f8c916c2380bfabecdde5ded0a12
C:\Drive E\ICNN_MetaPicker_Curated_STEAD_MATLAB\data\csv_stead_filtered\stead_event_00260.csv,fd56c973be49d4c027f769d389769d7e1c94dfd1dfa4f352c8df7236853175b5
C:\Drive E\ICNN_MetaPicker_Curated_STEAD_MATLAB\data\csv_stead_filtered\stead_event_00261.csv,433e2a8fa0cd5c0405141d50b87b86f03c194bb12d6045c2f2cda862f8611fa5
C:\Drive E\ICNN_MetaPicker_Curated_STEAD_MATLAB\data\csv_stead_filtered\stead_event_00262.csv,7cd290eb97cc4acc2da62ea0b995f566967e3ab1e95bb694f221f4329dbeb191
C:\Drive E\ICNN_MetaPicker_Curated_STEAD_MATLAB\data\csv_stead_filtered\stead_event_00263.csv,d6fc9cef91adb42bc1c7ac62651901ac3c8917cd4f11f841b6b8ac06fcf5da9e
C:\Drive E\ICNN_MetaPicker_Curated_STEAD_MATLAB\data\csv_stead_filtered\stead_event_00264.csv,67ff9bc9ebdc1e323a59dd2332009148b2c515f8f569ca5087e6ea83cebc5c37
C:\Drive E\ICNN_MetaPicker_Curated_STEAD_MATLAB\data\csv_stead_filtered\stead_event_00265.csv,acc67d6feacadfc077cf9d95c04c0451b338d4ac5d392f6ad2af2c06ee3b11c0
C:\Drive E\ICNN_MetaPicker_Curated_STEAD_MATLAB\data\csv_stead_filtered\stead_event_00266.csv,60e524118a839a28fd4131ae64b9786e8a23f344c8e4cbefe0fdd2734e8bfb42
C:\Drive E\ICNN_MetaPicker_Curated_STEAD_MATLAB\data\csv_stead_filtered\stead_event_00267.csv,9332e504c798ec478b887d2cb641697de0335fa2563029b7165ed1d7826e0b74
C:\Drive E\ICNN_MetaPicker_Curated_STEAD_MATLAB\data\csv_stead_filtered\stead_event_00268.csv,808d325474c5e4d42c7c1f90415538420e9421308c0923a3d02752776c72b5a4
C:\Drive E\ICNN_MetaPicker_Curated_STEAD_MATLAB\data\csv_stead_filtered\stead_event_00269.csv,8218b20185372d57328f3da7f6ae303c0e7be012a2f1fbf716d1705c68999f40
C:\Drive E\ICNN_MetaPicker_Curated_STEAD_MATLAB\data\csv_stead_filtered\stead_event_00270.csv,dd6ebb50154ecead0968012dbdbbcc00b66cf7c6b8da6d8ff887cadf1a371760
C:\Drive E\ICNN_MetaPicker_Curated_STEAD_MATLAB\data\csv_stead_filtered\stead_event_00271.csv,c0d6be71592de4fe589fa3932c9bc8e6d3032411cf91d378734fafe0bd7b9912
C:\Drive E\ICNN_MetaPicker_Curated_STEAD_MATLAB\data\csv_stead_filtered\stead_event_00272.csv,35ca913708007e6bbadda2ee7f527c0370d20df1baa74d0fab2cbf9944b7bd5a
C:\Drive E\ICNN_MetaPicker_Curated_STEAD_MATLAB\data\csv_stead_filtered\stead_event_00273.csv,41849bb32a2042bcf05eed094859531d222e579df46af3f92309d9339a4eaa4b
C:\Drive E\ICNN_MetaPicker_Curated_STEAD_MATLAB\data\csv_stead_filtered\stead_event_00274.csv,564bfb5db2bf1dd336665a0d96db088a08724870ca7d3c001d6d6ab48d35c224
C:\Drive E\ICNN_MetaPicker_Curated_STEAD_MATLAB\data\csv_stead_filtered\stead_event_00275.csv,2291bc7fb60a70ba0cd4837eda42244b49d2fd1d43af4db1ecb358d3b5fcccf4
C:\Drive E\ICNN_MetaPicker_Curated_STEAD_MATLAB\data\csv_stead_filtered\stead_event_00276.csv,d0a471522bc15ac47eb467934957cef8a23a8e9bd56d378b62ecb0dfc82dee0b
C:\Drive E\ICNN_MetaPicker_Curated_STEAD_MATLAB\data\csv_stead_filtered\stead_event_00277.csv,8493512ce6bcbbcd503d897f94c189180c01d8a984f75568d932425f790bb7b5
C:\Drive E\ICNN_MetaPicker_Curated_STEAD_MATLAB\data\csv_stead_filtered\stead_event_00278.csv,4a9325d5c16a2f46becc1c1d0004747d45acdb01350b724eeee83e72f8ea9b65
C:\Drive E\ICNN_MetaPicker_Curated_STEAD_MATLAB\data\csv_stead_filtered\stead_event_00279.csv,24f0e7cddc513aa494fc0c50745a4ace2140bb95c56e9b0fd105132a1d45708d
C:\Drive E\ICNN_MetaPicker_Curated_STEAD_MATLAB\data\csv_stead_filtered\stead_event_00280.csv,1cdea5526585eb7ddd9a797622aa962037883f1d83580323e16e44e47f2821eb
C:\Drive E\ICNN_MetaPicker_Curated_STEAD_MATLAB\data\csv_stead_filtered\stead_event_00281.csv,ac3dd52a30fa91a3cac8c070df9edeba1c132d79c1f94ea4df417acc67593037
C:\Drive E\ICNN_MetaPicker_Curated_STEAD_MATLAB\data\csv_stead_filtered\stead_event_00282.csv,d2d3aa8953aac3381ebe30ecd09caa771740a443812979e69f9390519421c83d
C:\Drive E\ICNN_MetaPicker_Curated_STEAD_MATLAB\data\csv_stead_filtered\stead_event_00283.csv,b4fe58d67d339ed71852cf88d952879af9ea82ae8a2fe9d16be9f522ddd7f061
C:\Drive E\ICNN_MetaPicker_Curated_STEAD_MATLAB\data\csv_stead_filtered\stead_event_00284.csv,1dcbd80fbda7b0a0a720221cde9f889900ee3dde9960e3c4d077ba6ad7977b05
C:\Drive E\ICNN_MetaPicker_Curated_STEAD_MATLAB\data\csv_stead_filtered\stead_event_00285.csv,e9d61de3e61fa42af84970d2a86d01b360d707ebdf1cf01bf034c52a08c87524
C:\Drive E\ICNN_MetaPicker_Curated_STEAD_MATLAB\data\csv_stead_filtered\stead_event_00286.csv,63b0ab2c2307eeb426fee4b210f164eec4547365f545a6c21f4dbbfd998d0aac
C:\Drive E\ICNN_MetaPicker_Curated_STEAD_MATLAB\data\csv_stead_filtered\stead_event_00287.csv,790d20cb9c45652aa21bbb807ef4341a4a3a34431d0cfb49c0fa7a1b0826a73b
C:\Drive E\ICNN_MetaPicker_Curated_STEAD_MATLAB\data\csv_stead_filtered\stead_event_00288.csv,9d38b6d0a0ae642b428b9f9e7bb4b86fb6e99df894daf7d1867dee4d6cad6e65
C:\Drive E\ICNN_MetaPicker_Curated_STEAD_MATLAB\data\csv_stead_filtered\stead_event_00289.csv,a94a1e7112fc8ab3cc0f5311b70e9d5ae146201662d816b614edb6ca87846174
C:\Drive E\ICNN_MetaPicker_Curated_STEAD_MATLAB\data\csv_stead_filtered\stead_event_00290.csv,334ec5b99b865d7acdf03d2e05d3e746dbdc646def5b6b3b0aac33abfdfdfb32
C:\Drive E\ICNN_MetaPicker_Curated_STEAD_MATLAB\data\csv_stead_filtered\stead_event_00291.csv,ec6caf4beb53ce22c34724fed40710fbfef289c504619ed5c8bf15814177f4f4
C:\Drive E\ICNN_MetaPicker_Curated_STEAD_MATLAB\data\csv_stead_filtered\stead_event_00292.csv,ef50a90ea706d2718bab80b725043dce8cb3cc168224b5baaebfc124c98670c0
C:\Drive E\ICNN_MetaPicker_Curated_STEAD_MATLAB\data\csv_stead_filtered\stead_event_00293.csv,d6b2a6bc4ca323feae432c08f42fb3e60d75a135cd8334b074eeb0ea7a0771ef
C:\Drive E\ICNN_MetaPicker_Curated_STEAD_MATLAB\data\csv_stead_filtered\stead_event_00294.csv,95193adb1d48ace31a79816b33d18fefd360ca75d17431e06c51e632235c81cd
C:\Drive E\ICNN_MetaPicker_Curated_STEAD_MATLAB\data\csv_stead_filtered\stead_event_00295.csv,ebb3336ae0c0a20338c4c2b66907d61e24d267075071fe2bc55160b3ca14efa3
C:\Drive E\ICNN_MetaPicker_Curated_STEAD_MATLAB\data\csv_stead_filtered\stead_event_00296.csv,50a7fce8a9490a5912d01f564caed0f88c284a7cb0031914b9e8d3f1c597309e
C:\Drive E\ICNN_MetaPicker_Curated_STEAD_MATLAB\data\csv_stead_filtered\stead_event_00297.csv,05705727e4589dab352cef40ee727ad33b8edbe61d70060a91f01e4a91836393
C:\Drive E\ICNN_MetaPicker_Curated_STEAD_MATLAB\data\csv_stead_filtered\stead_event_00298.csv,5a3dbd5877653de8f10ef3648ea6c6dda2afd91bee557a1a7e155a595fd99ec2
C:\Drive E\ICNN_MetaPicker_Curated_STEAD_MATLAB\data\csv_stead_filtered\stead_event_00299.csv,e19fa290f692b0f3ea13c2f9559f36f563ceb21bb559a7555692ad5d8bde75d8
C:\Drive E\ICNN_MetaPicker_Curated_STEAD_MATLAB\data\csv_stead_filtered\stead_event_00300.csv,c660940a03f3b432f0f9d78d993ea0cc0bf0062f394ba15232cebf41961a9af4
C:\Drive E\ICNN_MetaPicker_Curated_STEAD_MATLAB\data\csv_stead_filtered\stead_event_00301.csv,6a65329b5dd5b854584bfbdafbfb214e2da03eefc778cf99c8b5bc62cccaa6e0
C:\Drive E\ICNN_MetaPicker_Curated_STEAD_MATLAB\data\csv_stead_filtered\stead_event_00302.csv,175984335999adda12ab9e1f08ee96d20f859b60609e7cbd43083492738c97ce
C:\Drive E\ICNN_MetaPicker_Curated_STEAD_MATLAB\data\csv_stead_filtered\stead_event_00303.csv,d9d6257aee3e4fa62afef54217b03d2d1c968fb01ba4e6d01e23ddf08b0c1b33
C:\Drive E\ICNN_MetaPicker_Curated_STEAD_MATLAB\data\csv_stead_filtered\stead_event_00304.csv,b062fc712eb1c8fa8923b9a495f41be39436ddb7887cb82f33847a93999c0e1b
C:\Drive E\ICNN_MetaPicker_Curated_STEAD_MATLAB\data\csv_stead_filtered\stead_event_00305.csv,181ecf9d6d43e642245243c6592bd50f55065a69bcbc6b2afdd3e2bc1e537621
C:\Drive E\ICNN_MetaPicker_Curated_STEAD_MATLAB\data\csv_stead_filtered\stead_event_00306.csv,47466b1b7efb34696cd03ae0632d460b3e4f9e9c689b340d06a59a0e14cdab74
C:\Drive E\ICNN_MetaPicker_Curated_STEAD_MATLAB\data\csv_stead_filtered\stead_event_00307.csv,c0633d9c6e1876d5c67ba3ccdcafd7df069cd472e76361a17c70f6bb1155773c
C:\Drive E\ICNN_MetaPicker_Curated_STEAD_MATLAB\data\csv_stead_filtered\stead_event_00308.csv,5348a6d1ef33acd3ca1696551df1b580ca854c9f2c00524d26935e1320a7147b
C:\Drive E\ICNN_MetaPicker_Curated_STEAD_MATLAB\data\csv_stead_filtered\stead_event_00309.csv,08b2755b45473cf22dba31a8bc26a2002a31cc64eba669003e10055fc7916966
C:\Drive E\ICNN_MetaPicker_Curated_STEAD_MATLAB\data\csv_stead_filtered\stead_event_00310.csv,7ba539583fba6a6ad2b0e5543fc190e0c311e2a9e8d4c584e2ef30b36c13b5bc
C:\Drive E\ICNN_MetaPicker_Curated_STEAD_MATLAB\data\csv_stead_filtered\stead_event_00311.csv,ac530422c948b58ce4f63cd1f30e63c081951afd7be76f1979ad52b84314fd8b
C:\Drive E\ICNN_MetaPicker_Curated_STEAD_MATLAB\data\csv_stead_filtered\stead_event_00312.csv,4465932813086c735b1ac07e270cca3722bab0d45464d06d2bc425d4df0f8f7e
C:\Drive E\ICNN_MetaPicker_Curated_STEAD_MATLAB\data\csv_stead_filtered\stead_event_00313.csv,62f82df72e211d147be7ec0172091eb9fc09514f57da6bcae246b8a14c573fcb
C:\Drive E\ICNN_MetaPicker_Curated_STEAD_MATLAB\data\csv_stead_filtered\stead_event_00314.csv,2b23f5386178ed3f879e82773ce9025505bb6aca5a851b2f95f776e8083a21fa
C:\Drive E\ICNN_MetaPicker_Curated_STEAD_MATLAB\data\csv_stead_filtered\stead_event_00315.csv,0f77bec5cb465d2605a78493c35f5a5f26b3a38a97f7819fa9d304df48015300
C:\Drive E\ICNN_MetaPicker_Curated_STEAD_MATLAB\data\csv_stead_filtered\stead_event_00316.csv,c61ec3e12a5ad3625330328e31b6e2cf5068d04a3db6c48c3f229adefb738475
C:\Drive E\ICNN_MetaPicker_Curated_STEAD_MATLAB\data\csv_stead_filtered\stead_event_00317.csv,636194a287938ef2e398da93673029ec7363424ddbc3f3adaa2175549303e30b
C:\Drive E\ICNN_MetaPicker_Curated_STEAD_MATLAB\data\csv_stead_filtered\stead_event_00318.csv,6ece3257d145ed49679b6e171478281abaf2a0c925cacd3ac3d0b738e82def4d
C:\Drive E\ICNN_MetaPicker_Curated_STEAD_MATLAB\data\csv_stead_filtered\stead_event_00319.csv,733faa610a96901ecb53adb21e1c5d5c030801933e01fad1e5881d52d9c4df44
C:\Drive E\ICNN_MetaPicker_Curated_STEAD_MATLAB\data\csv_stead_filtered\stead_event_00320.csv,31aad2696dcdcf72189877ceb9d5de4f0d5e8086d9066fb98ee2d7daeed4fd13
C:\Drive E\ICNN_MetaPicker_Curated_STEAD_MATLAB\data\csv_stead_filtered\stead_event_00321.csv,84bfdccbf8515272f75946cd84afca4f1cd4fbb4471b9cad36c79ee10f043c2d
C:\Drive E\ICNN_MetaPicker_Curated_STEAD_MATLAB\data\csv_stead_filtered\stead_event_00322.csv,8b77c0e96f7b450eb4463fbb0e93b3e309b3ee09c96c769866ef835df93bddbd
C:\Drive E\ICNN_MetaPicker_Curated_STEAD_MATLAB\data\csv_stead_filtered\stead_event_00323.csv,b89c40931e375c548fa72e50a99fc5292c61cd0d61ef4551fe8ac20c18047394
C:\Drive E\ICNN_MetaPicker_Curated_STEAD_MATLAB\data\csv_stead_filtered\stead_event_00324.csv,a86096ef190bd18fa5f4016da378b0bf5a36f2c92f7a47bffe291d2e39c0a573
C:\Drive E\ICNN_MetaPicker_Curated_STEAD_MATLAB\data\csv_stead_filtered\stead_event_00325.csv,452035c4014cd9858fb06bf0e38aeafcf3138fb5087854fd8306a26fce68392c
C:\Drive E\ICNN_MetaPicker_Curated_STEAD_MATLAB\data\csv_stead_filtered\stead_event_00326.csv,80fa56a8954905994919d0c32bb2ceb29cb3bdb91d8ca0303e8b85af7464dd7c
C:\Drive E\ICNN_MetaPicker_Curated_STEAD_MATLAB\data\csv_stead_filtered\stead_event_00327.csv,21f3cc855f5d69316dd909717375526a498b91fe5e44d9c2247df36f4d7228d4
C:\Drive E\ICNN_MetaPicker_Curated_STEAD_MATLAB\data\csv_stead_filtered\stead_event_00328.csv,65e48df8b3385f44f261a78d83ad3213757062f0462e960f6ff9f0a684fbbec5
C:\Drive E\ICNN_MetaPicker_Curated_STEAD_MATLAB\data\csv_stead_filtered\stead_event_00329.csv,9c34f3ca62fc8eb3de264f10dd33928a573e61bd07f6fa581a7ed4f5e9384db4
C:\Drive E\ICNN_MetaPicker_Curated_STEAD_MATLAB\data\csv_stead_filtered\stead_event_00330.csv,d6b2ffa7859c1e81c2d6c706066d510f4f5f382b376732e6fc2cf7bd5c92884d
C:\Drive E\ICNN_MetaPicker_Curated_STEAD_MATLAB\data\csv_stead_filtered\stead_event_00331.csv,6b49545da552a846141416dbca185fe18fc4c6f3e1006cdcf54dc97841e1fd9b
C:\Drive E\ICNN_MetaPicker_Curated_STEAD_MATLAB\data\csv_stead_filtered\stead_event_00332.csv,4634dd87a761732fd9c07ae07271da439406f29444979b5ea07519327ac0d017
C:\Drive E\ICNN_MetaPicker_Curated_STEAD_MATLAB\data\csv_stead_filtered\stead_event_00333.csv,eacad5d2de17773d960624f21e73b08f121e220dd6a50ca436d64920db71f4be
C:\Drive E\ICNN_MetaPicker_Curated_STEAD_MATLAB\data\csv_stead_filtered\stead_event_00334.csv,6ac663a9a3345a84b41eee0a1861e9f7eefe7ab79e4e3faf43b2a8c8cad083b9
C:\Drive E\ICNN_MetaPicker_Curated_STEAD_MATLAB\data\csv_stead_filtered\stead_event_00335.csv,086a8b465fcdaf21acfb714fb739f112e229347f73704d657ece8487add23169
C:\Drive E\ICNN_MetaPicker_Curated_STEAD_MATLAB\data\csv_stead_filtered\stead_event_00336.csv,edfe152e7d689fc8c8f4ec134edc9b19e0ea9f7267cec926e04c90d5946f99b2
C:\Drive E\ICNN_MetaPicker_Curated_STEAD_MATLAB\data\csv_stead_filtered\stead_event_00337.csv,007c6c7db871090d81163a8567fb0ef0bcf196647e08e525e1d72df2b202bc7a
C:\Drive E\ICNN_MetaPicker_Curated_STEAD_MATLAB\data\csv_stead_filtered\stead_event_00338.csv,d16caf55ba8cd29ac412e38a3ec9a55b19e9a9a379b68a802e13af306143f7a3
C:\Drive E\ICNN_MetaPicker_Curated_STEAD_MATLAB\data\csv_stead_filtered\stead_event_00339.csv,20ceb8231b6a319352e04add2f1edfec228ea40b36af37b796820ca315d0a263
C:\Drive E\ICNN_MetaPicker_Curated_STEAD_MATLAB\data\csv_stead_filtered\stead_event_00340.csv,611f671c290125183620e78df98599e31e279efd0d90b2db39713fe9a21c06ea
C:\Drive E\ICNN_MetaPicker_Curated_STEAD_MATLAB\data\csv_stead_filtered\stead_event_00341.csv,f1afb7e42110ffad9839ed85a1594cec5db2596a0badc02f6777cfbd27e41b87
C:\Drive E\ICNN_MetaPicker_Curated_STEAD_MATLAB\data\csv_stead_filtered\stead_event_00342.csv,38dfde38a0a6bf4218afce63ba239f858e2489fddafe6ede154e6ab2dba36257
C:\Drive E\ICNN_MetaPicker_Curated_STEAD_MATLAB\data\csv_stead_filtered\stead_event_00343.csv,401f6302f283f88bae6f4a233087ff6269b3d2fb77cecbb89401f9d50b82c432
C:\Drive E\ICNN_MetaPicker_Curated_STEAD_MATLAB\data\csv_stead_filtered\stead_event_00344.csv,e33fe2c74b3319d9715087b47fcb67fe8fd2184ea74cda2f04f3e4064c153a5a
C:\Drive E\ICNN_MetaPicker_Curated_STEAD_MATLAB\data\csv_stead_filtered\stead_event_00345.csv,ce1b7a314c005a0da9491dfe223e7db6c102f66a27d16a93fa15714e8f495fbc
C:\Drive E\ICNN_MetaPicker_Curated_STEAD_MATLAB\data\csv_stead_filtered\stead_event_00346.csv,c5dde7c3118d3305e0f2e5467e8ede8ec011b4c56c763c1c0873e0d9aacf1a2e
C:\Drive E\ICNN_MetaPicker_Curated_STEAD_MATLAB\data\csv_stead_filtered\stead_event_00347.csv,489026a5bd0f2bb49df9080c698f2cf9e0559f9be4cdd645a8bfce2bd422214c
C:\Drive E\ICNN_MetaPicker_Curated_STEAD_MATLAB\data\csv_stead_filtered\stead_event_00348.csv,e4bb1f85755a83a838c88059e5739cbf1e2b0fab4b69f9c885400bb258405eaf
C:\Drive E\ICNN_MetaPicker_Curated_STEAD_MATLAB\data\csv_stead_filtered\stead_event_00349.csv,eea436e8d9e5fbe15e9347ddf97f9760df5a8b2d622c3897c7d400abc8d69b99
C:\Drive E\ICNN_MetaPicker_Curated_STEAD_MATLAB\data\csv_stead_filtered\stead_event_00350.csv,f2c1ebe148022cc0038c22fcda2b096cc75a06d522e08f57b88e0e79280863e0
C:\Drive E\ICNN_MetaPicker_Curated_STEAD_MATLAB\data\csv_stead_filtered\stead_event_00351.csv,192993ec7ddb91bb4e246f691a47855fc80ee3c03cfc02e8de262a6c8193f2b3
C:\Drive E\ICNN_MetaPicker_Curated_STEAD_MATLAB\data\csv_stead_filtered\stead_event_00352.csv,ec65c4c635275fbf6a6bd248b547731685734779a274a739333053568839b067
C:\Drive E\ICNN_MetaPicker_Curated_STEAD_MATLAB\data\csv_stead_filtered\stead_event_00353.csv,907c80d15d724066db8eea41c697bbcc0cf26c2b60816f18f263d1ab96b80e08
C:\Drive E\ICNN_MetaPicker_Curated_STEAD_MATLAB\data\csv_stead_filtered\stead_event_00354.csv,e83caec930de08c95209fabbbf5c20b3202e5bc80de6b4d5c7091704fa28a30b
C:\Drive E\ICNN_MetaPicker_Curated_STEAD_MATLAB\data\csv_stead_filtered\stead_event_00355.csv,0b8fcacdb739a789e2f102cfe049bd373e73e7ae77225ad516f7b1e9c1f1d520
C:\Drive E\ICNN_MetaPicker_Curated_STEAD_MATLAB\data\csv_stead_filtered\stead_event_00356.csv,9d0b4b84fd3f8bd29aab75d768c8bfa9ae57fa0ea7ddb0e54a66d910e55d74fa
C:\Drive E\ICNN_MetaPicker_Curated_STEAD_MATLAB\data\csv_stead_filtered\stead_event_00357.csv,5245097fc0db7224779fc01d1de1fbd532e7221d0102312f9fd69473f3482b92
C:\Drive E\ICNN_MetaPicker_Curated_STEAD_MATLAB\data\csv_stead_filtered\stead_event_00358.csv,411f7da0806d6adac89d4e12414bccc4954023ec278558712790711b5f836166
C:\Drive E\ICNN_MetaPicker_Curated_STEAD_MATLAB\data\csv_stead_filtered\stead_event_00359.csv,7070138085d4f7253343a8f20ca39df8ed9fcc691694d2592a2cd06cb26b0c96
C:\Drive E\ICNN_MetaPicker_Curated_STEAD_MATLAB\data\csv_stead_filtered\stead_event_00360.csv,31a89aef20bd7f7c17646fbfb8d8a288c3e08e5691a28ea2bfafa03463f223e8
C:\Drive E\ICNN_MetaPicker_Curated_STEAD_MATLAB\data\csv_stead_filtered\stead_event_00361.csv,0e10d7a224359d04e1b7d3f472dffb99bbfdb4c4076cdaa8783e320609666c76
C:\Drive E\ICNN_MetaPicker_Curated_STEAD_MATLAB\data\csv_stead_filtered\stead_event_00362.csv,8d20427964e1430e2cb157c5337fc14654e98cb79b08bf3aedd8408f393a25e2
C:\Drive E\ICNN_MetaPicker_Curated_STEAD_MATLAB\data\csv_stead_filtered\stead_event_00363.csv,61163f0724ce4b1dee985a0c309a602b2d9a921f963478def933680e2bf610a3
C:\Drive E\ICNN_MetaPicker_Curated_STEAD_MATLAB\data\csv_stead_filtered\stead_event_00364.csv,ae9d464a68e8552129e1f203dec5de8b7541c3f058a85b658fa18f582bacdbb9
C:\Drive E\ICNN_MetaPicker_Curated_STEAD_MATLAB\data\csv_stead_filtered\stead_event_00365.csv,072e2c762179d9476a26cc9c85cfd21c2693e6e0e0a30810d861b1a51a1fd790
C:\Drive E\ICNN_MetaPicker_Curated_STEAD_MATLAB\data\csv_stead_filtered\stead_event_00366.csv,ae6f6a81c9f8321455a2bea1fdfef71761c2d0b486664ff8f79dc51d0f028892
C:\Drive E\ICNN_MetaPicker_Curated_STEAD_MATLAB\data\csv_stead_filtered\stead_event_00367.csv,bfc3296eb8cbec9b8f8919e137f1810faf73671dc7675c3243722ea8840b31b9
C:\Drive E\ICNN_MetaPicker_Curated_STEAD_MATLAB\data\csv_stead_filtered\stead_event_00368.csv,dc5fd695ed67ad3db20d45aaf0443847c8910367cc0880442928b0824e6c4fa5
C:\Drive E\ICNN_MetaPicker_Curated_STEAD_MATLAB\data\csv_stead_filtered\stead_event_00369.csv,2a44168bff333632dbe8969294fcda0edc9245def9441e28dde60ad3f3d99c4f
C:\Drive E\ICNN_MetaPicker_Curated_STEAD_MATLAB\data\csv_stead_filtered\stead_event_00370.csv,b0db9b5d425d68860214b88c9bfd44b12ab81d4919249b08df6c32737534bed3
C:\Drive E\ICNN_MetaPicker_Curated_STEAD_MATLAB\data\csv_stead_filtered\stead_event_00371.csv,870ebe14456604ea04199f7cddeb9b3a4f72024eda133e8bc4daae77e60fa1a7
C:\Drive E\ICNN_MetaPicker_Curated_STEAD_MATLAB\data\csv_stead_filtered\stead_event_00372.csv,b0637d7c57bf79f6645badafe9eed6266d3776f401e6b6533c944a79b2f20e6a
C:\Drive E\ICNN_MetaPicker_Curated_STEAD_MATLAB\data\csv_stead_filtered\stead_event_00373.csv,ded0aaeb2f199cb4daa722eb2975e7ea53b9712e159f87d7d5e708de602b4539
C:\Drive E\ICNN_MetaPicker_Curated_STEAD_MATLAB\data\csv_stead_filtered\stead_event_00374.csv,f14aecce9f302f01e1584a191f42af5d76c7ec83283b8ab54c343ecee870d691
C:\Drive E\ICNN_MetaPicker_Curated_STEAD_MATLAB\data\csv_stead_filtered\stead_event_00375.csv,ac1b6518ef9782f04d50fb6b8ff8f5f6dfa82a5536120ca71f62e220f3b0f3f9
C:\Drive E\ICNN_MetaPicker_Curated_STEAD_MATLAB\data\csv_stead_filtered\stead_event_00376.csv,177e1ce409f6f7bef4cb03cd8ecca40dfd7b5748ab01032b94f9f19b08fd2d91
C:\Drive E\ICNN_MetaPicker_Curated_STEAD_MATLAB\data\csv_stead_filtered\stead_event_00377.csv,a78de7774a8991e777dcee1eeafd2269969c06d8a5455bd8e7760dcb2186bb75
C:\Drive E\ICNN_MetaPicker_Curated_STEAD_MATLAB\data\csv_stead_filtered\stead_event_00378.csv,440da40842f732ca6cde9dd9fb91e35dde4bb085f35de000a09bce6df6996385
C:\Drive E\ICNN_MetaPicker_Curated_STEAD_MATLAB\data\csv_stead_filtered\stead_event_00379.csv,a12de07efab03b0bb6f5ad4b7e9f7abcc3d2eefe5b140fa31114787dcb7ce7f8
C:\Drive E\ICNN_MetaPicker_Curated_STEAD_MATLAB\data\csv_stead_filtered\stead_event_00380.csv,94809de80890719aef3d19bc1b0de89ffed7a95c4eaa128992b8d580b44589a8
C:\Drive E\ICNN_MetaPicker_Curated_STEAD_MATLAB\data\csv_stead_filtered\stead_event_00381.csv,91ff4d8a43d9d97f1c7279db09b975b5a5c5a773a47eb80b56f4a6435958062b
C:\Drive E\ICNN_MetaPicker_Curated_STEAD_MATLAB\data\csv_stead_filtered\stead_event_00382.csv,bd9489c1f9b92662050b4b399056869f3ec173082076a3f3a7f6bb0f8a6a7691
C:\Drive E\ICNN_MetaPicker_Curated_STEAD_MATLAB\data\csv_stead_filtered\stead_event_00383.csv,f0b1aa46118e9698bf07a4df5e952db67771224c658af5a788ea4d632f927259
C:\Drive E\ICNN_MetaPicker_Curated_STEAD_MATLAB\data\csv_stead_filtered\stead_event_00384.csv,bbadd3217a1fd51afd8d386ba6918039e25c4c159bcb2febfc249bbe39d87fea
C:\Drive E\ICNN_MetaPicker_Curated_STEAD_MATLAB\data\csv_stead_filtered\stead_event_00385.csv,d928f2010a6d5453d90f11c0728358717e910043f4014cf5a4459cbf169c31a4
C:\Drive E\ICNN_MetaPicker_Curated_STEAD_MATLAB\data\csv_stead_filtered\stead_event_00386.csv,3f2044658ed5d9e14c4777081d31e8884dc359aeeb637f723d26123e4727b976
C:\Drive E\ICNN_MetaPicker_Curated_STEAD_MATLAB\data\csv_stead_filtered\stead_event_00387.csv,a12bab4c9fa6cba5d29f9bb3f231aa54a7ca781f3c75023cf039f895418516b0
C:\Drive E\ICNN_MetaPicker_Curated_STEAD_MATLAB\data\csv_stead_filtered\stead_event_00388.csv,13927a0c9ecead73af2042b7c324fdbabce61a39800e3d70a2ee8f2e0bca76ec
C:\Drive E\ICNN_MetaPicker_Curated_STEAD_MATLAB\data\csv_stead_filtered\stead_event_00389.csv,871efe9499956c451ff3cadf00aaf5fed682bb2006fa9da15d0bbc049a0c937a
C:\Drive E\ICNN_MetaPicker_Curated_STEAD_MATLAB\data\csv_stead_filtered\stead_event_00390.csv,56373fce6e5b16c465a331e584c547e24ccf988537e57e28a3a5f1a2368702b1
C:\Drive E\ICNN_MetaPicker_Curated_STEAD_MATLAB\data\csv_stead_filtered\stead_event_00391.csv,a69384d626eacb681a8e62edc8b7ef18ef593bf32e0ec56f6abb0f47293a59dc
C:\Drive E\ICNN_MetaPicker_Curated_STEAD_MATLAB\data\csv_stead_filtered\stead_event_00392.csv,28c431862269859555c1f9a36c029bb74c8de8ae5967c589f00f4e6ad0d7397f
C:\Drive E\ICNN_MetaPicker_Curated_STEAD_MATLAB\data\csv_stead_filtered\stead_event_00393.csv,d6aaf9547fdd5fa5f332f52cfcdf79afd06f09569cb5c8108d95972a670a24d7
C:\Drive E\ICNN_MetaPicker_Curated_STEAD_MATLAB\data\csv_stead_filtered\stead_event_00394.csv,faa2fcf9f4e9d085acdce4b0315694dbb32070f4b57fd74cad86735f13986a3b
C:\Drive E\ICNN_MetaPicker_Curated_STEAD_MATLAB\data\csv_stead_filtered\stead_event_00395.csv,0cc1c396e919b53753a3cde824ac834be95c6b760e984297805ebc809d71a81c
C:\Drive E\ICNN_MetaPicker_Curated_STEAD_MATLAB\data\csv_stead_filtered\stead_event_00396.csv,26c0aafbd9a99682dfaae7decd41b27f5aad5defb113ff334c52892546bba9ed
C:\Drive E\ICNN_MetaPicker_Curated_STEAD_MATLAB\data\csv_stead_filtered\stead_event_00397.csv,cc3d86db24d49fd52b8cd7241cb9a36a2c7004412034fcefff8e4676d199452d
C:\Drive E\ICNN_MetaPicker_Curated_STEAD_MATLAB\data\csv_stead_filtered\stead_event_00398.csv,44b3a90e1134849739c2cd58a21a57342e4d02f5ed6ffa2d19579a91595d632c
C:\Drive E\ICNN_MetaPicker_Curated_STEAD_MATLAB\data\csv_stead_filtered\stead_event_00399.csv,ab68726640708e9961d275a063593a536e5a2c62675c052a6772905c53c21f18
C:\Drive E\ICNN_MetaPicker_Curated_STEAD_MATLAB\data\csv_stead_filtered\stead_event_00400.csv,771aa6e4460d16739491e7f98ce86be8ca03103c8f328b6893847f2991209ef8
C:\Drive E\ICNN_MetaPicker_Curated_STEAD_MATLAB\data\csv_stead_filtered\stead_event_00401.csv,d54e89cd59857a7754a227dd33075186399e4970d0ca56d5f840d0f507c85950
C:\Drive E\ICNN_MetaPicker_Curated_STEAD_MATLAB\data\csv_stead_filtered\stead_event_00402.csv,fcf2596ce6b330d591d64d8019425f302bd3922c9a92cb2f42611c00546ceb5c
C:\Drive E\ICNN_MetaPicker_Curated_STEAD_MATLAB\data\csv_stead_filtered\stead_event_00403.csv,d23179b9e7adcd92b861ca46262e5f12d0bdebbaebd02f8f755b8e193ae5b0d6
C:\Drive E\ICNN_MetaPicker_Curated_STEAD_MATLAB\data\csv_stead_filtered\stead_event_00404.csv,30dea57e6e0c8e84a97314192451583ab0795583e4a6fcdc5520fd811b010c30
C:\Drive E\ICNN_MetaPicker_Curated_STEAD_MATLAB\data\csv_stead_filtered\stead_event_00405.csv,add9b9282042f80a58deaf0ec20c4c66a9dd95d2d413572bb3c36d8b95fc80b7
C:\Drive E\ICNN_MetaPicker_Curated_STEAD_MATLAB\data\csv_stead_filtered\stead_event_00406.csv,7b23f47696f268a0dc23f498e34ceefd806330233ae8032486beceb2047e5ad2
C:\Drive E\ICNN_MetaPicker_Curated_STEAD_MATLAB\data\csv_stead_filtered\stead_event_00407.csv,d9243ebb910e7d5833daf0732ef7d26e2fea1a3959469391df070aa2c2be660f
C:\Drive E\ICNN_MetaPicker_Curated_STEAD_MATLAB\data\csv_stead_filtered\stead_event_00408.csv,25be977e403780c1d8d36d4e7286583208f4b1f17c1b20a6b2739fc84a258ce6
C:\Drive E\ICNN_MetaPicker_Curated_STEAD_MATLAB\data\csv_stead_filtered\stead_event_00409.csv,003603aef198001e54eb11e4135f93c2f5e7540cc701777306f71aa1c9c03dc0
C:\Drive E\ICNN_MetaPicker_Curated_STEAD_MATLAB\data\csv_stead_filtered\stead_event_00410.csv,d1e81b79ee8a6a7705b928a9e88fe95cecd10fc2b02f7e1892c828f63309beca
C:\Drive E\ICNN_MetaPicker_Curated_STEAD_MATLAB\data\csv_stead_filtered\stead_event_00411.csv,3ece1a14e054c04f0d88e2623aff91ec53f89396981783ce0f8dfa506f2d42d9
C:\Drive E\ICNN_MetaPicker_Curated_STEAD_MATLAB\data\csv_stead_filtered\stead_event_00412.csv,88c0bb9000f2f0b453855a5d49c8d07ec59632fdd015b3c014addf230a995c12
C:\Drive E\ICNN_MetaPicker_Curated_STEAD_MATLAB\data\csv_stead_filtered\stead_event_00413.csv,d5438d21a48e65813f3a2f9c52cb551679b803573129d8d55a60a4352469a0aa
C:\Drive E\ICNN_MetaPicker_Curated_STEAD_MATLAB\data\csv_stead_filtered\stead_event_00414.csv,d53fbf7518fd2abfa3c1d83c7d773ae8df7cdd086b4f8fe2d6c3cc2b149943b7
C:\Drive E\ICNN_MetaPicker_Curated_STEAD_MATLAB\data\csv_stead_filtered\stead_event_00415.csv,ec50e34527cdb59decc941c2f5fbf60bbe78669b8f61271cf908938c1475ee11
C:\Drive E\ICNN_MetaPicker_Curated_STEAD_MATLAB\data\csv_stead_filtered\stead_event_00416.csv,7f717a11b488ffc04f365d36db4bab0bf2eb804e49cccabfe5d579ed369e3e52
C:\Drive E\ICNN_MetaPicker_Curated_STEAD_MATLAB\data\csv_stead_filtered\stead_event_00417.csv,cce693de25c82f10354b1eb6002c099abfd3f9ef562f4b4369eb607ff7fad124
C:\Drive E\ICNN_MetaPicker_Curated_STEAD_MATLAB\data\csv_stead_filtered\stead_event_00418.csv,5ef60fb9309c7acb19b3f149837dbb4a0bd9d8a671722d56c7965fb51b0c0271
C:\Drive E\ICNN_MetaPicker_Curated_STEAD_MATLAB\data\csv_stead_filtered\stead_event_00419.csv,42811145548c1a998c8c96fdae4fed330a035bf0bd3604d099bf0bcae99d807e
C:\Drive E\ICNN_MetaPicker_Curated_STEAD_MATLAB\data\csv_stead_filtered\stead_event_00420.csv,94809050143298a830674d8986e3c0f7ac43c647eeb95133a8b4b2f728b895a7
C:\Drive E\ICNN_MetaPicker_Curated_STEAD_MATLAB\data\csv_stead_filtered\stead_event_00421.csv,fde193bd04080ae61f633125ca4080bb64033bfd7ae49a05bdb503640102a551
C:\Drive E\ICNN_MetaPicker_Curated_STEAD_MATLAB\data\csv_stead_filtered\stead_event_00422.csv,cf8e3b56fbdc07e3f1a544d3d9c4426c7eb7388bdaba111755d6faeddc716742
C:\Drive E\ICNN_MetaPicker_Curated_STEAD_MATLAB\data\csv_stead_filtered\stead_event_00423.csv,c4282753bb9431471d11c7e69418c47a21311a8dcbadd9063ae359b15aeb3691
C:\Drive E\ICNN_MetaPicker_Curated_STEAD_MATLAB\data\csv_stead_filtered\stead_event_00424.csv,1faf4ece6666694a9e419b70680f5479ba6167a7b2ed6973f0960773284b25f3
C:\Drive E\ICNN_MetaPicker_Curated_STEAD_MATLAB\data\csv_stead_filtered\stead_event_00425.csv,9a62b76f687a142e30f0bb2f1f86bb75ef1133e4f7dfa28276a8f555b1fa4d05
C:\Drive E\ICNN_MetaPicker_Curated_STEAD_MATLAB\data\csv_stead_filtered\stead_event_00426.csv,d4db8e359d007d20f7264820ec463049a42da079037ce4a7e05f697f49e4feed
C:\Drive E\ICNN_MetaPicker_Curated_STEAD_MATLAB\data\csv_stead_filtered\stead_event_00427.csv,a76be6e5291fa25bede6f641adfa5fb99b1470ea3deb061963330e7a96dbc6e9
C:\Drive E\ICNN_MetaPicker_Curated_STEAD_MATLAB\data\csv_stead_filtered\stead_event_00428.csv,b65d8a2905cfa0e3f7ae6dd1ea7ed37a1ea61da4b87d62b5f5a3b7bc58e63925
C:\Drive E\ICNN_MetaPicker_Curated_STEAD_MATLAB\data\csv_stead_filtered\stead_event_00429.csv,0f73f9e1c2eae59f10a76b60e1972ce45da08f32cb84564d0d5b1fcf731c5dee
C:\Drive E\ICNN_MetaPicker_Curated_STEAD_MATLAB\data\csv_stead_filtered\stead_event_00430.csv,00f8739094dc21cdb56ab69629fa809268fce5da22bfada2fa6c0a84dd76153e
C:\Drive E\ICNN_MetaPicker_Curated_STEAD_MATLAB\data\csv_stead_filtered\stead_event_00431.csv,ae20966a3dffa17e311157af36a984d4dc3e3f177ebefa39bc71964c155e3e86
C:\Drive E\ICNN_MetaPicker_Curated_STEAD_MATLAB\data\csv_stead_filtered\stead_event_00432.csv,5ee6e7386c116c42129915d9a221447e5723059443ecbc5b4bd9b37eb557e656
C:\Drive E\ICNN_MetaPicker_Curated_STEAD_MATLAB\data\csv_stead_filtered\stead_event_00433.csv,a2a4af086f8c87cd0a4c68704b1752fd3c954e2cb0485c1fbf1b84a9f8ff1781
C:\Drive E\ICNN_MetaPicker_Curated_STEAD_MATLAB\data\csv_stead_filtered\stead_event_00434.csv,3f72d328d2ce74480e002127c8b583b3cdf58aee9d0d2852e0440808c1b92b3d
C:\Drive E\ICNN_MetaPicker_Curated_STEAD_MATLAB\data\csv_stead_filtered\stead_event_00435.csv,556ad44831e4b807b0485d3ce15be6147c905f339acff4dcf68593419c96b058
C:\Drive E\ICNN_MetaPicker_Curated_STEAD_MATLAB\data\csv_stead_filtered\stead_event_00436.csv,7e9bade72d5bd6c7ec5f12abf22e9cbaf059823389fa257d4c1fb97e9b572e69
C:\Drive E\ICNN_MetaPicker_Curated_STEAD_MATLAB\data\csv_stead_filtered\stead_event_00437.csv,f74c42ce82c2bd23ea075000888f9fb9c20963d1c3b33509f85ebb5abfc04d1f
C:\Drive E\ICNN_MetaPicker_Curated_STEAD_MATLAB\data\csv_stead_filtered\stead_event_00438.csv,b3ef429d1f2f9eeb3a1a4581d79ed0a00e8a932eb196d45c67fa32544f04781d
C:\Drive E\ICNN_MetaPicker_Curated_STEAD_MATLAB\data\csv_stead_filtered\stead_event_00439.csv,33e71eedf1a6c51e9e8d7b8f95de0768fde477844ee2d40388cc0e11c52f85b6
C:\Drive E\ICNN_MetaPicker_Curated_STEAD_MATLAB\data\csv_stead_filtered\stead_event_00440.csv,dd2d1f396304eb1141f0013d3dcc6e802a6f03cb9ba35d8694f62b202bac6af7
C:\Drive E\ICNN_MetaPicker_Curated_STEAD_MATLAB\data\csv_stead_filtered\stead_event_00441.csv,0644b743b84354223845527f9fa3c7e3b092b5948b35cb3475e9eb4c46259eaf
C:\Drive E\ICNN_MetaPicker_Curated_STEAD_MATLAB\data\csv_stead_filtered\stead_event_00442.csv,d06e56f6ed8f99763647de0b5c5f59e67ffe0f6178312ff06acd4a907b34b4d0
C:\Drive E\ICNN_MetaPicker_Curated_STEAD_MATLAB\data\csv_stead_filtered\stead_event_00443.csv,0bd407b1f6266fdee51da8c04dc8408b09d80236edda55b42620f218095492eb
C:\Drive E\ICNN_MetaPicker_Curated_STEAD_MATLAB\data\csv_stead_filtered\stead_event_00444.csv,368956ff42cab5e7ae45580306bc0b6552cd33ac760e33a0da767ab4d880f356
C:\Drive E\ICNN_MetaPicker_Curated_STEAD_MATLAB\data\csv_stead_filtered\stead_event_00445.csv,b89b2946d55e52d5f5513ad33abb8fd1f7042ca703c9f4128c39bac2e1cb691f
C:\Drive E\ICNN_MetaPicker_Curated_STEAD_MATLAB\data\csv_stead_filtered\stead_event_00446.csv,0486a539ea2f7bc308baf2be7385273b4e2d5c255780691b3acf752a582c3376
C:\Drive E\ICNN_MetaPicker_Curated_STEAD_MATLAB\data\csv_stead_filtered\stead_event_00447.csv,d3ba09d7d7280b67e4d87525f4b8bd329dbec03c97f1d24451b54e59cf118e0c
C:\Drive E\ICNN_MetaPicker_Curated_STEAD_MATLAB\data\csv_stead_filtered\stead_event_00448.csv,bc55b734f962bcf55ebca54687e8adfc60e4b104384cd3dd2e1cae70b858aa4a
C:\Drive E\ICNN_MetaPicker_Curated_STEAD_MATLAB\data\csv_stead_filtered\stead_event_00449.csv,17259f58842d6ec6f2588151eb07fb1927e7daca7099578af479e63b99299b95
C:\Drive E\ICNN_MetaPicker_Curated_STEAD_MATLAB\data\csv_stead_filtered\stead_event_00450.csv,afa8a6e683fe83172d6120b7934f5aba9587052d0dd97c2565172a2280ad5161
C:\Drive E\ICNN_MetaPicker_Curated_STEAD_MATLAB\data\csv_stead_filtered\stead_event_00451.csv,e54d8c6ba40a8a372b27985c15e7ed13a0dd6de33c6da70b1dc250e1c6cf15aa
C:\Drive E\ICNN_MetaPicker_Curated_STEAD_MATLAB\data\csv_stead_filtered\stead_event_00452.csv,8858200746e79d061fe21804a0dc397ce1050e9fc12b25751f35dd76c3007131
C:\Drive E\ICNN_MetaPicker_Curated_STEAD_MATLAB\data\csv_stead_filtered\stead_event_00453.csv,6632989aaefa45751a6f6884c81aa8bb11e3ee7f39f389b584ea2e14e71f21dd
C:\Drive E\ICNN_MetaPicker_Curated_STEAD_MATLAB\data\csv_stead_filtered\stead_event_00454.csv,c5bb3cbd8be6670ac0e076ed56b5f121caf20f00959beba6be9abaf639cf278a
C:\Drive E\ICNN_MetaPicker_Curated_STEAD_MATLAB\data\csv_stead_filtered\stead_event_00455.csv,ab2f189edf441eba6dfd6030832f420c59cd84fc17a440c586f5104b743930b9
C:\Drive E\ICNN_MetaPicker_Curated_STEAD_MATLAB\data\csv_stead_filtered\stead_event_00456.csv,770954108e0da8a661761fe2b322257f37bae803713d504101b448060e597686
C:\Drive E\ICNN_MetaPicker_Curated_STEAD_MATLAB\data\csv_stead_filtered\stead_event_00457.csv,db7d8cf374c8b6be7e24e85e795c1b5538fc331b5278d99f41c8c4208dce729c
C:\Drive E\ICNN_MetaPicker_Curated_STEAD_MATLAB\data\csv_stead_filtered\stead_event_00458.csv,abfff1f72e300169419999661aedbb85623cfaef3b97c88fd2360377e0ab9ea1
C:\Drive E\ICNN_MetaPicker_Curated_STEAD_MATLAB\data\csv_stead_filtered\stead_event_00459.csv,d36e868af5632aa792ab7b72d15035c28a83c209e333f6f4c39f80d7e0260d68
C:\Drive E\ICNN_MetaPicker_Curated_STEAD_MATLAB\data\csv_stead_filtered\stead_event_00460.csv,a4fb3e4fbc6e29c07913c4a3bd8de807abf4314d9cad3a1d89807c652f146a2d
C:\Drive E\ICNN_MetaPicker_Curated_STEAD_MATLAB\data\csv_stead_filtered\stead_event_00461.csv,f4191ab99245b9499b18a431c152a956c0633fb104866d612749f8aa54875253
C:\Drive E\ICNN_MetaPicker_Curated_STEAD_MATLAB\data\csv_stead_filtered\stead_event_00462.csv,9398e8abfe6899e0c74fd1868fb762000e3894462d63e32868ed0553cf4aa7d1
C:\Drive E\ICNN_MetaPicker_Curated_STEAD_MATLAB\data\csv_stead_filtered\stead_event_00463.csv,db6369229775cba7eabba4f99d75fb51bd6b1ac197cb0c08aa16b5c20ec6a7f6
C:\Drive E\ICNN_MetaPicker_Curated_STEAD_MATLAB\data\csv_stead_filtered\stead_event_00464.csv,969a6441bf3f9eed03f4a782a21b806ba8a92346576f2752e33277c6626a33e5
C:\Drive E\ICNN_MetaPicker_Curated_STEAD_MATLAB\data\csv_stead_filtered\stead_event_00465.csv,8a8f63710bfc02e1489741057fbf0066d2b8a8479dcb4cb7c0e644c548fe4618
C:\Drive E\ICNN_MetaPicker_Curated_STEAD_MATLAB\data\csv_stead_filtered\stead_event_00466.csv,0be3776e61d09b14100a959078ade7205ca48107d1d52c99d1bc4d836f49e390
C:\Drive E\ICNN_MetaPicker_Curated_STEAD_MATLAB\data\csv_stead_filtered\stead_event_00467.csv,d85732b34c1943f75469bb36aef1c1260c3648df9768c338f180568e141d6399
C:\Drive E\ICNN_MetaPicker_Curated_STEAD_MATLAB\data\csv_stead_filtered\stead_event_00468.csv,2dcb1dfbb223cfbc217e5239e991d9caf84e7ce88ac5af145a0b373226bff86f
C:\Drive E\ICNN_MetaPicker_Curated_STEAD_MATLAB\data\csv_stead_filtered\stead_event_00469.csv,cad630d476cbdb014e74fe1aa56620c7b66e0a73d6a6536cc8273f22a404c44c
C:\Drive E\ICNN_MetaPicker_Curated_STEAD_MATLAB\data\csv_stead_filtered\stead_event_00470.csv,6651d5bd7161a173a977e4e854849cfacd26784b27b1d26d29d69cc14e2c26b6
C:\Drive E\ICNN_MetaPicker_Curated_STEAD_MATLAB\data\csv_stead_filtered\stead_event_00471.csv,ca9bcb42ca835de377c8a384f7f5f32824d2b6480dbdce157accbaa418b6fca3
C:\Drive E\ICNN_MetaPicker_Curated_STEAD_MATLAB\data\csv_stead_filtered\stead_event_00472.csv,445dc22bd25549c71be17b8a42cb13bf7b3be1e1706ceb44c24cb4024bb1aeef
C:\Drive E\ICNN_MetaPicker_Curated_STEAD_MATLAB\data\csv_stead_filtered\stead_event_00473.csv,a763008d42955e88f85fdceb3c888b7e72927ae85310bf9ba39ffa99039438c6
C:\Drive E\ICNN_MetaPicker_Curated_STEAD_MATLAB\data\csv_stead_filtered\stead_event_00474.csv,2b3ce35ddee91c5140258d39f5adb376baf1e8afa0c3ce2ed593cc6b8d0b8a40
C:\Drive E\ICNN_MetaPicker_Curated_STEAD_MATLAB\data\csv_stead_filtered\stead_event_00475.csv,2f8752b63954daa8071177761f908949ae97fba342271cde83d678bb26226879
C:\Drive E\ICNN_MetaPicker_Curated_STEAD_MATLAB\data\csv_stead_filtered\stead_event_00476.csv,aeb4e630054b7847920f9998c2ad831bcfdc36ffe54845cf2afdbe3df11efe33
C:\Drive E\ICNN_MetaPicker_Curated_STEAD_MATLAB\data\csv_stead_filtered\stead_event_00477.csv,e6766bf149fe304f1a27862096bb5de11267ecc153ceac2194f100e905bf95b5
C:\Drive E\ICNN_MetaPicker_Curated_STEAD_MATLAB\data\csv_stead_filtered\stead_event_00478.csv,c005810b980ddb7b6ffce1c1a5f944bc777b8a2d15bb247c2386f3707ae9f5a5
C:\Drive E\ICNN_MetaPicker_Curated_STEAD_MATLAB\data\csv_stead_filtered\stead_event_00479.csv,7640a6e7491eb1cbfe9fe2d878eb8e757e6e748d027121eb9ffd85c20a7b4cee
C:\Drive E\ICNN_MetaPicker_Curated_STEAD_MATLAB\data\csv_stead_filtered\stead_event_00480.csv,b70c4c170149cfe2fbc91b5ceb9d4875b2d7fbf0e2008bbbf693e64cc30f34d7
C:\Drive E\ICNN_MetaPicker_Curated_STEAD_MATLAB\data\csv_stead_filtered\stead_event_00481.csv,562ce4ff068898c180d0178df003d6613613ed621e16987479340f091c2cd0d3
C:\Drive E\ICNN_MetaPicker_Curated_STEAD_MATLAB\data\csv_stead_filtered\stead_event_00482.csv,6322ce312125c297cc7708267fe7ebee8763d8f073db3429dea886265a39379d
C:\Drive E\ICNN_MetaPicker_Curated_STEAD_MATLAB\data\csv_stead_filtered\stead_event_00483.csv,6f13d679639bb0a48df9242c9f9ac4f2915f41c81ff63f5da9167ba2cf57891c
C:\Drive E\ICNN_MetaPicker_Curated_STEAD_MATLAB\data\csv_stead_filtered\stead_event_00484.csv,4e078d234fee10892a9703cea10d42cc359a9f1d76d738bc792fa719e74a4a60
C:\Drive E\ICNN_MetaPicker_Curated_STEAD_MATLAB\data\csv_stead_filtered\stead_event_00485.csv,7fa7214b0417941cf76b567d4397a27ce87c7943029249b245e34e5b541cd8b6
C:\Drive E\ICNN_MetaPicker_Curated_STEAD_MATLAB\data\csv_stead_filtered\stead_event_00486.csv,36eaa6a2c755ec82a5058a5c565161b67b3a24342fd0f4897b768479e57bc90f
C:\Drive E\ICNN_MetaPicker_Curated_STEAD_MATLAB\data\csv_stead_filtered\stead_event_00487.csv,720f362d8269b588b8c0faa7a4600ec9416e477907a5754965e1df2d29a07d17
C:\Drive E\ICNN_MetaPicker_Curated_STEAD_MATLAB\data\csv_stead_filtered\stead_event_00488.csv,f055ecbf6e0c7de1e7575ff2f2cdd813ebbb79ffc121952f8fbf715dd92c70db
C:\Drive E\ICNN_MetaPicker_Curated_STEAD_MATLAB\data\csv_stead_filtered\stead_event_00489.csv,5f7221e27757bb55ca5c8a84a2281f76c8a70637f8ead0690e5e5986d8679ebd
C:\Drive E\ICNN_MetaPicker_Curated_STEAD_MATLAB\data\csv_stead_filtered\stead_event_00490.csv,ae072ca7ec96a901c8ce56e08f1219d4b20cf71a4a79733d5b784c029f8ba8d5
C:\Drive E\ICNN_MetaPicker_Curated_STEAD_MATLAB\data\csv_stead_filtered\stead_event_00491.csv,48a3057af1406608d9d5a75d4a4ffdac774c389f057c15e5ca2d7d03a85f5166
C:\Drive E\ICNN_MetaPicker_Curated_STEAD_MATLAB\data\csv_stead_filtered\stead_event_00492.csv,dd3d6535c0475a159d089c1603988783c853b0eb3f9109ab31f96c70bd851b84
C:\Drive E\ICNN_MetaPicker_Curated_STEAD_MATLAB\data\csv_stead_filtered\stead_event_00493.csv,dbe77f1ab59f91a5e81407149ae8f78be91eefcd7657794a1933b9dc64b2ce2a
C:\Drive E\ICNN_MetaPicker_Curated_STEAD_MATLAB\data\csv_stead_filtered\stead_event_00494.csv,c5085e4884e8b5d23e615bb6fc0b82d4ed3ed6a94e46d79e18992655e5b8fb8d
C:\Drive E\ICNN_MetaPicker_Curated_STEAD_MATLAB\data\csv_stead_filtered\stead_event_00495.csv,cee4ac945a51be6ee72156d20ee90cdf52848f2defac1d637f3b3146b588d613
C:\Drive E\ICNN_MetaPicker_Curated_STEAD_MATLAB\data\csv_stead_filtered\stead_event_00496.csv,ae221820d03e41a2bd69a80d49eebd2e3256bbf59ea4d4128a906a4c86474373
C:\Drive E\ICNN_MetaPicker_Curated_STEAD_MATLAB\data\csv_stead_filtered\stead_event_00497.csv,92f2b6e22d6f96cccda9aec885dff9b952e0d5697a364343d2307a95600819e7
C:\Drive E\ICNN_MetaPicker_Curated_STEAD_MATLAB\data\csv_stead_filtered\stead_event_00498.csv,bbb6896925526b329874f5c57b38f134b468fcdbfd39d4cf65d7bfc697244ad8
C:\Drive E\ICNN_MetaPicker_Curated_STEAD_MATLAB\data\csv_stead_filtered\stead_event_00499.csv,365510f3f25a8c44ef81b0b1a48f97f00ed31e0a3087a61ac9fea8ced814dc96
C:\Drive E\ICNN_MetaPicker_Curated_STEAD_MATLAB\data\csv_stead_filtered\stead_event_00500.csv,bd200eead5c5028b9b2c6e6245129bf8031cebfbf90590f0820ecad72589cefb
C:\Drive E\ICNN_MetaPicker_Curated_STEAD_MATLAB\data\csv_stead_filtered\stead_event_00501.csv,39d2baf75ce0f7352fc99861825c30f742b529ba84b46408c9a7cec49102d4e2
C:\Drive E\ICNN_MetaPicker_Curated_STEAD_MATLAB\data\csv_stead_filtered\stead_event_00502.csv,087b985345dc46898df4240bea875fae3bc5da3d1fb951f3aaa1a6b4c09bf46b
C:\Drive E\ICNN_MetaPicker_Curated_STEAD_MATLAB\data\csv_stead_filtered\stead_event_00503.csv,0cf1b2a2e5b151690d13ddd26a0d038839d190a31e318f18bab4b4cd8faeb0d7
C:\Drive E\ICNN_MetaPicker_Curated_STEAD_MATLAB\data\csv_stead_filtered\stead_event_00504.csv,da8f4dc24add4a229517107ed5155fc8acfe048294db8080a070d5a45adaa43c
C:\Drive E\ICNN_MetaPicker_Curated_STEAD_MATLAB\data\csv_stead_filtered\stead_event_00505.csv,de54e39249e5e2cdbd47577b227dca620e3a43b2830938f7a08a52b555dc11f2
C:\Drive E\ICNN_MetaPicker_Curated_STEAD_MATLAB\data\csv_stead_filtered\stead_event_00506.csv,ddedb228f3c60d01465fb6010e527f21d4ece4e00a51ec436cf701dc36ebb195
C:\Drive E\ICNN_MetaPicker_Curated_STEAD_MATLAB\data\csv_stead_filtered\stead_event_00507.csv,b9bbd666e3641d5e3d0fa11bff3e47d4df91aee031d729cc7d9923b5955fa7d8
C:\Drive E\ICNN_MetaPicker_Curated_STEAD_MATLAB\data\csv_stead_filtered\stead_event_00508.csv,05b759a452dcbe2a8938c4add1f2beababbd2de0b3d1bc6b0db4c21c1ba2a707
C:\Drive E\ICNN_MetaPicker_Curated_STEAD_MATLAB\data\csv_stead_filtered\stead_event_00509.csv,ddd809a3db1f8b2fd420cc635aabb171d23035c6dd3905b74a7e5102e2dd6d65
C:\Drive E\ICNN_MetaPicker_Curated_STEAD_MATLAB\data\csv_stead_filtered\stead_event_00510.csv,827e837bf1e1556670a2d74e0c512acc664bfb2737a181fac773315578f5e8dd
C:\Drive E\ICNN_MetaPicker_Curated_STEAD_MATLAB\data\csv_stead_filtered\stead_event_00511.csv,4db1af6bc4f673f385d32cbedb806015c3728b0f75624da35b9ed3e97636b58d
C:\Drive E\ICNN_MetaPicker_Curated_STEAD_MATLAB\data\csv_stead_filtered\stead_event_00512.csv,11388f31b1d53118f73db876ca6d5c46b1a34daf3b64df086b4f18050a4642a1
C:\Drive E\ICNN_MetaPicker_Curated_STEAD_MATLAB\data\csv_stead_filtered\stead_event_00513.csv,022a0e3da70fffd69917199d8d4a4c8d37165a1565eb474b7bb7ea1491fe47a4
C:\Drive E\ICNN_MetaPicker_Curated_STEAD_MATLAB\data\csv_stead_filtered\stead_event_00514.csv,dff070b455a25ff3639fa0d7535ae287ee749eb5efd4aa5b76232d18e4ba3e44
C:\Drive E\ICNN_MetaPicker_Curated_STEAD_MATLAB\data\csv_stead_filtered\stead_event_00515.csv,8f11c8677e51a070e7ba16f7bb0087ced206874858aeb211746fe00a8d4af4cd
C:\Drive E\ICNN_MetaPicker_Curated_STEAD_MATLAB\data\csv_stead_filtered\stead_event_00516.csv,6f5f50cddf27423a990e34e848c9de84bd892b0d7bcb2238508d3fc4627975b6
C:\Drive E\ICNN_MetaPicker_Curated_STEAD_MATLAB\data\csv_stead_filtered\stead_event_00517.csv,98f00624a01fb097c42f9a7860076c1588e00c8e5aaa144bac156ece90cbd156
C:\Drive E\ICNN_MetaPicker_Curated_STEAD_MATLAB\data\csv_stead_filtered\stead_event_00518.csv,e3533220dc92141298967fa0ff68f832e36039db2668bae5562f878604d58f2d
C:\Drive E\ICNN_MetaPicker_Curated_STEAD_MATLAB\data\csv_stead_filtered\stead_event_00519.csv,d87033fccf47ed913493d5efcf571bf7b0e4146a84a8f19b166ddeede2164b8f
C:\Drive E\ICNN_MetaPicker_Curated_STEAD_MATLAB\data\csv_stead_filtered\stead_event_00520.csv,c90188443d5a2697b25579ccaf833bfb27f320c1b8a60ea4103d23d57e15e552
C:\Drive E\ICNN_MetaPicker_Curated_STEAD_MATLAB\data\csv_stead_filtered\stead_event_00521.csv,e77932d1d9e2a496e829a4f8a89dd3388fc2e7b34fbb0b1af9b4b446bf35b565
C:\Drive E\ICNN_MetaPicker_Curated_STEAD_MATLAB\data\csv_stead_filtered\stead_event_00522.csv,6a553a127d3026fc308d0d25485f442db174e586c61aca0801225af6cef2e623
C:\Drive E\ICNN_MetaPicker_Curated_STEAD_MATLAB\data\csv_stead_filtered\stead_event_00523.csv,4e4dfab8b6fc4cc3719a790498455ef932c997940b4b224e727da46ea3c9b6b5
C:\Drive E\ICNN_MetaPicker_Curated_STEAD_MATLAB\data\csv_stead_filtered\stead_event_00524.csv,d634d300a240d3cc32c10465c93101d29e2ebe1f6512f239137fdb081c4f5834
C:\Drive E\ICNN_MetaPicker_Curated_STEAD_MATLAB\data\csv_stead_filtered\stead_event_00525.csv,c6f596ae5d38ebec004360cbc5ea08068388b361200fffd9d552eec3d017eef1
C:\Drive E\ICNN_MetaPicker_Curated_STEAD_MATLAB\data\csv_stead_filtered\stead_event_00526.csv,000a7238b4d1e50cdbbe4cad40a457301a01505347f23bb8f0df7a35882f9dfc
C:\Drive E\ICNN_MetaPicker_Curated_STEAD_MATLAB\data\csv_stead_filtered\stead_event_00527.csv,ca8ca7db99672cbe8f4d5ab5db3b7df66374333434151f6b419ea52cc7b397f8
C:\Drive E\ICNN_MetaPicker_Curated_STEAD_MATLAB\data\csv_stead_filtered\stead_event_00528.csv,507e268d3021361139c111a5b953869d8ab0b4a5541bc964c1579f2d3f3b7ea4
C:\Drive E\ICNN_MetaPicker_Curated_STEAD_MATLAB\data\csv_stead_filtered\stead_event_00529.csv,a802e04c0306d8a579176cc741bad62f4062d182c6c70692fdc142e3a5313979
C:\Drive E\ICNN_MetaPicker_Curated_STEAD_MATLAB\data\csv_stead_filtered\stead_event_00530.csv,d50891eab6b006d08bd8831984613b5962c5c00f7d627ac0ed2dab712384e2c2
C:\Drive E\ICNN_MetaPicker_Curated_STEAD_MATLAB\data\csv_stead_filtered\stead_event_00531.csv,b49c433c251ba2d6824f19d9f5e8969906f19677c64575986749e7762b869468
C:\Drive E\ICNN_MetaPicker_Curated_STEAD_MATLAB\data\csv_stead_filtered\stead_event_00532.csv,702aa4a6725df99ea541b15116be5950627ca3c62c5d4a01805a1f8dd1999e54
C:\Drive E\ICNN_MetaPicker_Curated_STEAD_MATLAB\data\csv_stead_filtered\stead_event_00533.csv,fc14dbf89cc238abead1f9eb4abe411956c2b52b397ffbbde182027ab85a4c5b
C:\Drive E\ICNN_MetaPicker_Curated_STEAD_MATLAB\data\csv_stead_filtered\stead_event_00534.csv,bb5ae65b5c109a131dbbeb7a2de1a42b994666e1a4ab7908aa69d1cd5641639e
C:\Drive E\ICNN_MetaPicker_Curated_STEAD_MATLAB\data\csv_stead_filtered\stead_event_00535.csv,55f9125e2479a03439d10f0c67c29747e63f55edb60ce99e9a92eaacfdbd79a2
C:\Drive E\ICNN_MetaPicker_Curated_STEAD_MATLAB\data\csv_stead_filtered\stead_event_00536.csv,29bfdc016ae44910007b3c7db540bfbc2d58fd5a761193a753ffc641008d0626
C:\Drive E\ICNN_MetaPicker_Curated_STEAD_MATLAB\data\csv_stead_filtered\stead_event_00537.csv,5b2d56ee62b94414d18b9ed4f299c0541ff783dff0f0022c912a42094d808b4b
C:\Drive E\ICNN_MetaPicker_Curated_STEAD_MATLAB\data\csv_stead_filtered\stead_event_00538.csv,ddcf1e2a9ddd4bf3344d9af57585f8a1e3f80b1782dac9ec87eb559111602857
C:\Drive E\ICNN_MetaPicker_Curated_STEAD_MATLAB\data\csv_stead_filtered\stead_event_00539.csv,c819a02505a0bb1e0447200aa80c29bd23fd88ea0abef6fddfb3d50759604ca6
C:\Drive E\ICNN_MetaPicker_Curated_STEAD_MATLAB\data\csv_stead_filtered\stead_event_00540.csv,29d48dfda6c18a582d8a5719bd3bb813b4ee4c5c76352dadff071d7b33d25279
C:\Drive E\ICNN_MetaPicker_Curated_STEAD_MATLAB\data\csv_stead_filtered\stead_event_00541.csv,7564c762162c491720ed8267a300d5f3a86c9e396337a0e63cf191cf295cf17c
C:\Drive E\ICNN_MetaPicker_Curated_STEAD_MATLAB\data\csv_stead_filtered\stead_event_00542.csv,a650a257103efe1ef7b8a5cd3107f0b923c4f692b44dde2c722154d673070803
C:\Drive E\ICNN_MetaPicker_Curated_STEAD_MATLAB\data\csv_stead_filtered\stead_event_00543.csv,444cc308bb2985dbbf5a3681c20a1f6755d8c09d4561071a3fdfe8f09371c251
C:\Drive E\ICNN_MetaPicker_Curated_STEAD_MATLAB\data\csv_stead_filtered\stead_event_00544.csv,0835d02acbbd2ba09d39ed1e610992d2d2a3e1270cab134baa720cb2e0f4b26e
C:\Drive E\ICNN_MetaPicker_Curated_STEAD_MATLAB\data\csv_stead_filtered\stead_event_00545.csv,f89cbca60aae4c65184f3cc01d30225e05c542beee2f91102e652c6227bdd4b7
C:\Drive E\ICNN_MetaPicker_Curated_STEAD_MATLAB\data\csv_stead_filtered\stead_event_00546.csv,7098084b7c6f1ba30803008ff8fa96534ff2d5ee23779dba2bad05eb1b8ac22c
C:\Drive E\ICNN_MetaPicker_Curated_STEAD_MATLAB\data\csv_stead_filtered\stead_event_00547.csv,5304df5a17734896e7c06c9393cf5675bd20b6b4b57714ee18c5db84cf1e5aad
C:\Drive E\ICNN_MetaPicker_Curated_STEAD_MATLAB\data\csv_stead_filtered\stead_event_00548.csv,bfbedb48b1de814f737c0b58d8e13632d75856f2740f26c2e9115b868ccd694e
C:\Drive E\ICNN_MetaPicker_Curated_STEAD_MATLAB\data\csv_stead_filtered\stead_event_00549.csv,8d4b36d3c056adf7ee102bf36f36aeb6577f236d6d643130621a7dadbf73533f
C:\Drive E\ICNN_MetaPicker_Curated_STEAD_MATLAB\data\csv_stead_filtered\stead_event_00550.csv,a1d7c53104ea724f4a972b9525dc61eb30a8a353bb4c40f0ccc718b21abe7a90
C:\Drive E\ICNN_MetaPicker_Curated_STEAD_MATLAB\data\csv_stead_filtered\stead_event_00551.csv,7b6b58afc2b0d87c3473b9457faaef55a9ac0c1233dc43a87619f5a70695fcc1
C:\Drive E\ICNN_MetaPicker_Curated_STEAD_MATLAB\data\csv_stead_filtered\stead_event_00552.csv,8cb0c0a9531c56ed43e8ff8f657a6b5a72b039ef8321eaeea3453e787f9898ea
C:\Drive E\ICNN_MetaPicker_Curated_STEAD_MATLAB\data\csv_stead_filtered\stead_event_00553.csv,66d13a8602b51539c9c20fcbeed108d438dd3c00d09a4d65107571fc3ba62f5a
C:\Drive E\ICNN_MetaPicker_Curated_STEAD_MATLAB\data\csv_stead_filtered\stead_event_00554.csv,ce0dd353ad641a0ba5253ff4ad6240629d9e1f5662888028edbb8dbdfcca0b89
C:\Drive E\ICNN_MetaPicker_Curated_STEAD_MATLAB\data\csv_stead_filtered\stead_event_00555.csv,e676a2571c4dfd46ba50bd51fb493cec28d9634b79f81267e8a02ce899e847f3
C:\Drive E\ICNN_MetaPicker_Curated_STEAD_MATLAB\data\csv_stead_filtered\stead_event_00556.csv,6d3eb41ed896328461c51b84dc318b6c44ce34f4d38438a5ccf74537aa618b90
C:\Drive E\ICNN_MetaPicker_Curated_STEAD_MATLAB\data\csv_stead_filtered\stead_event_00557.csv,29ccfd0ae95d51c1adece05b9920861875771766fe87cd97a3779abb1b4f0d24
C:\Drive E\ICNN_MetaPicker_Curated_STEAD_MATLAB\data\csv_stead_filtered\stead_event_00558.csv,c5a1b72ed3d02306ca630a5cbc742b2e4009eaed49aae1cd65b6c48e05c5651e
C:\Drive E\ICNN_MetaPicker_Curated_STEAD_MATLAB\data\csv_stead_filtered\stead_event_00559.csv,ba5c3c04bebb22bed530a1f8732e23d39f1d0d39996a1c70f64b5eac1b8ff27d
C:\Drive E\ICNN_MetaPicker_Curated_STEAD_MATLAB\data\csv_stead_filtered\stead_event_00560.csv,6311273fd0a9b6645fe3b374f16c1efded182b880e96f9c0d952f9d4c209b0ee
C:\Drive E\ICNN_MetaPicker_Curated_STEAD_MATLAB\data\csv_stead_filtered\stead_event_00561.csv,a81432b014313a4543e780ac6efc5aae265d9e3e08c392d7668cf19b5ae1bdef
C:\Drive E\ICNN_MetaPicker_Curated_STEAD_MATLAB\data\csv_stead_filtered\stead_event_00562.csv,1d9bf4d0b1ec579758896132e4d802a65e9ae8909c291b5f212b97a2e9eb0f89
C:\Drive E\ICNN_MetaPicker_Curated_STEAD_MATLAB\data\csv_stead_filtered\stead_event_00563.csv,4da6d64653412a4388153529da67fc3176c745706aa0e0b3e2dbd3494d833a13
C:\Drive E\ICNN_MetaPicker_Curated_STEAD_MATLAB\data\csv_stead_filtered\stead_event_00564.csv,82237217dbe36bfa8034bb5d0eb3de91c0fc29d121c3af519ea80d8e6a0d187c
C:\Drive E\ICNN_MetaPicker_Curated_STEAD_MATLAB\data\csv_stead_filtered\stead_event_00565.csv,758a62f6feef37033ab539f4a2ed14194ca1831b87603885e31679a554482d0e
C:\Drive E\ICNN_MetaPicker_Curated_STEAD_MATLAB\data\csv_stead_filtered\stead_event_00566.csv,d2c8f812cce43772f8d2d1d7d351d8cbc313a0395242416def9a27775ffe21a0
C:\Drive E\ICNN_MetaPicker_Curated_STEAD_MATLAB\data\csv_stead_filtered\stead_event_00567.csv,d74e828f46d66a8e8a9efd321c555cc437e445770aafb1b11b7d56c3a8f33561
C:\Drive E\ICNN_MetaPicker_Curated_STEAD_MATLAB\data\csv_stead_filtered\stead_event_00568.csv,69f5d5f1cff0e5ddafac572203c42144f187233cdea4f45d27b3c979c59fff05
C:\Drive E\ICNN_MetaPicker_Curated_STEAD_MATLAB\data\csv_stead_filtered\stead_event_00569.csv,5b541f2192d0669bd048d0b6aed04741dc4480d512ffc56cc4bf3ef081e05160
C:\Drive E\ICNN_MetaPicker_Curated_STEAD_MATLAB\data\csv_stead_filtered\stead_event_00570.csv,a4fcd6b33cabfb400e8abf187ac91f21d337d99d960ec5eef736f349d8fe4f47
C:\Drive E\ICNN_MetaPicker_Curated_STEAD_MATLAB\data\csv_stead_filtered\stead_event_00571.csv,0b3c30d968f45e03a61b508992e709b05f8e860abd72b5c69bf2e2e74d51fdcc
C:\Drive E\ICNN_MetaPicker_Curated_STEAD_MATLAB\data\csv_stead_filtered\stead_event_00572.csv,65af6c8b578a4078acb4af432a117c33ddcd7b4ed7477b1ea8b4f8aea6a974a1
C:\Drive E\ICNN_MetaPicker_Curated_STEAD_MATLAB\data\csv_stead_filtered\stead_event_00573.csv,60c27d574df96b83118d967b1be5f18417afed6f2436982236b21f10a4a4e6c0
C:\Drive E\ICNN_MetaPicker_Curated_STEAD_MATLAB\data\csv_stead_filtered\stead_event_00574.csv,8bfa11aa5da7e9556310e31a55caaf55a7abac8f3bf72e4519792b6e4b8863f5
C:\Drive E\ICNN_MetaPicker_Curated_STEAD_MATLAB\data\csv_stead_filtered\stead_event_00575.csv,fddb7daa78eca02996261689ccfb7a9bafdb69ed0f4351028d5a0425069d5e4a
C:\Drive E\ICNN_MetaPicker_Curated_STEAD_MATLAB\data\csv_stead_filtered\stead_event_00576.csv,ab25e5247925accf96f0e12386bee3ac30ab323cca9a10409d9e66e3aea1216d
C:\Drive E\ICNN_MetaPicker_Curated_STEAD_MATLAB\data\csv_stead_filtered\stead_event_00577.csv,0fa2e2908bedb2ab885c1ed3dff93e9baaf6dfd24353e21c78ca87b22d9cc974
C:\Drive E\ICNN_MetaPicker_Curated_STEAD_MATLAB\data\csv_stead_filtered\stead_event_00578.csv,caca7da61c69ebf45877cb3c7e432b6532a0a7b8605c524a3da9867997d36bc1
C:\Drive E\ICNN_MetaPicker_Curated_STEAD_MATLAB\data\csv_stead_filtered\stead_event_00579.csv,951a4531b4e39813ed20522c7fa17a95e8ce476cd327b8031222f9e0967ec5fe
C:\Drive E\ICNN_MetaPicker_Curated_STEAD_MATLAB\data\csv_stead_filtered\stead_event_00580.csv,9dcc93a9fd7ac11b1af003ab6e7c5cc06c13a776c7420f051cb958ce8a08ea7f
C:\Drive E\ICNN_MetaPicker_Curated_STEAD_MATLAB\data\csv_stead_filtered\stead_event_00581.csv,b10d7eaa53e68e34d1aa3610c3b76527b89b52f0966c7ddb04f81e33917cbb4a
C:\Drive E\ICNN_MetaPicker_Curated_STEAD_MATLAB\data\csv_stead_filtered\stead_event_00582.csv,0121e8792b3930be4ac0d18375e9ba7ed7050c21fa57f2f15cdcf95f4a3b0d27
C:\Drive E\ICNN_MetaPicker_Curated_STEAD_MATLAB\data\csv_stead_filtered\stead_event_00583.csv,051d53132f12119f55b5f26aff86f1befb914076667914dc7afffbc65ca8e188
C:\Drive E\ICNN_MetaPicker_Curated_STEAD_MATLAB\data\csv_stead_filtered\stead_event_00584.csv,6f244aeae826d1e5658ce6b919cdbc784419dedf8cbd5a66bf27adfd348755d9
C:\Drive E\ICNN_MetaPicker_Curated_STEAD_MATLAB\data\csv_stead_filtered\stead_event_00585.csv,50672d85edb8216e34b4c994592733ee2dbd76ba37e836dbd0dbc5ef04d34a59
C:\Drive E\ICNN_MetaPicker_Curated_STEAD_MATLAB\data\csv_stead_filtered\stead_event_00586.csv,29463085603a7804305cb4015e744b0ec0be95f4892c565f691f9238e2abbbc6
C:\Drive E\ICNN_MetaPicker_Curated_STEAD_MATLAB\data\csv_stead_filtered\stead_event_00587.csv,a255b493a309b5eda11e3930ad1e97a35dc14e48e9344624336abdc88b6956d8
C:\Drive E\ICNN_MetaPicker_Curated_STEAD_MATLAB\data\csv_stead_filtered\stead_event_00588.csv,dd927ead953ab6ce3ef2460b8d764494c0c170e3ed71cdc6a52159717372e2da
C:\Drive E\ICNN_MetaPicker_Curated_STEAD_MATLAB\data\csv_stead_filtered\stead_event_00589.csv,e936026fa282a440d63961d719cb98c18d0684670d952299cc771a00eb2f9fea
C:\Drive E\ICNN_MetaPicker_Curated_STEAD_MATLAB\data\csv_stead_filtered\stead_event_00590.csv,530883131ee81c7efc4c92dee8b5a4de6183187afce660b0ccbebb90fa52f980
C:\Drive E\ICNN_MetaPicker_Curated_STEAD_MATLAB\data\csv_stead_filtered\stead_event_00591.csv,c1bf404f0bc9bf1320683bdca085a7db4fb822742cd63d2799ba6eb5bee32bdc
C:\Drive E\ICNN_MetaPicker_Curated_STEAD_MATLAB\data\csv_stead_filtered\stead_event_00592.csv,664af9815db1fe33cb81d04bcb0378d6f651e43a9736dae55ba7b03afbbb4e95
C:\Drive E\ICNN_MetaPicker_Curated_STEAD_MATLAB\data\csv_stead_filtered\stead_event_00593.csv,fb164f656019cede04bc41963d2aface50b1f115c9a2ffd4bd3f6e98acbea5ac
C:\Drive E\ICNN_MetaPicker_Curated_STEAD_MATLAB\data\csv_stead_filtered\stead_event_00594.csv,a0f8975f940c4477ad05bca27afc0bf4fd6a5d4dbfda7afa15611979b86052b4
C:\Drive E\ICNN_MetaPicker_Curated_STEAD_MATLAB\data\csv_stead_filtered\stead_event_00595.csv,7d3f064abf3265afec49f99438e92592cab87a43dfc1626841a0a749d2a88c32
C:\Drive E\ICNN_MetaPicker_Curated_STEAD_MATLAB\data\csv_stead_filtered\stead_event_00596.csv,7fccdbefc8596ef09da005bc839115c433cac7752edd9a4d9a3af410e4b11995
C:\Drive E\ICNN_MetaPicker_Curated_STEAD_MATLAB\data\csv_stead_filtered\stead_event_00597.csv,48d325c5915da4243c3f29034feabd4a4e6b0c742a68fdbe5b06db58162da683
C:\Drive E\ICNN_MetaPicker_Curated_STEAD_MATLAB\data\csv_stead_filtered\stead_event_00598.csv,0c59c9db11cb4c95d3ff25a5ef0bfed6d706c9e198594bbaa3525e3542d7fbc4
C:\Drive E\ICNN_MetaPicker_Curated_STEAD_MATLAB\data\csv_stead_filtered\stead_event_00599.csv,9a738e527f032462e11c8cd33db8d99ba36a8734215990389c6b90915fa625e8
C:\Drive E\ICNN_MetaPicker_Curated_STEAD_MATLAB\data\csv_stead_filtered\stead_event_00600.csv,1ef6f1b147ddfcd73881618f9acc26f0a7c5eb9c74dfb625a789e228320670e6
C:\Drive E\ICNN_MetaPicker_Curated_STEAD_MATLAB\data\csv_stead_filtered\stead_event_00601.csv,1430ad292a4a0338a388c2ab439db7c8001adaa1af3c6571b0979aacad01b198
C:\Drive E\ICNN_MetaPicker_Curated_STEAD_MATLAB\data\csv_stead_filtered\stead_event_00602.csv,7467d5f9709dabdb503bc04c179982115975be27c3469df14795e5d63dc4edb4
C:\Drive E\ICNN_MetaPicker_Curated_STEAD_MATLAB\data\csv_stead_filtered\stead_event_00603.csv,ff1080b5d8484f29ace25500109253300a2ca498672e0500c6f2ebbd2364ec9c
C:\Drive E\ICNN_MetaPicker_Curated_STEAD_MATLAB\data\csv_stead_filtered\stead_event_00604.csv,400ac81ebab221d189f2656b8381e19e33526b2edbc79ff1e6378347741d479d
C:\Drive E\ICNN_MetaPicker_Curated_STEAD_MATLAB\data\csv_stead_filtered\stead_event_00605.csv,737231f8841f107cb66567f62f2614d5dfb3a0db74a03b3ba4fb4be3023e5765
C:\Drive E\ICNN_MetaPicker_Curated_STEAD_MATLAB\data\csv_stead_filtered\stead_event_00606.csv,4b350661bd8617f4165fc2b4f131c20c1366a5574d66a098b111bf2df5b02cb4
C:\Drive E\ICNN_MetaPicker_Curated_STEAD_MATLAB\data\csv_stead_filtered\stead_event_00607.csv,243581c84ab861029c1ff9750cf1c3adb86c5df778ab0c470b9cbf02c67f3de0
C:\Drive E\ICNN_MetaPicker_Curated_STEAD_MATLAB\data\csv_stead_filtered\stead_event_00608.csv,b35b7f5deca966e56a5bd57604064d70a4603c45621955a02a44a0840377d894
C:\Drive E\ICNN_MetaPicker_Curated_STEAD_MATLAB\data\csv_stead_filtered\stead_event_00609.csv,d0d5317eadd2c956f549f2930f1b166f2cddd41440d23f191f766131a237cb3b
C:\Drive E\ICNN_MetaPicker_Curated_STEAD_MATLAB\data\csv_stead_filtered\stead_event_00610.csv,53051ff3a6c1d26f81094364aa6e0a2d1674f5bbd4c8bb447a3c8e5eb3b32b28
C:\Drive E\ICNN_MetaPicker_Curated_STEAD_MATLAB\data\csv_stead_filtered\stead_event_00611.csv,138d5951420cd5c826503d16bb74f0bdec6a7dde95ea246c93b2b202f9f3143b
C:\Drive E\ICNN_MetaPicker_Curated_STEAD_MATLAB\data\csv_stead_filtered\stead_event_00612.csv,7e3fdf632d8b83e999eca957057532c28e9d9bf6b2a0c61243611580564bfbc7
C:\Drive E\ICNN_MetaPicker_Curated_STEAD_MATLAB\data\csv_stead_filtered\stead_event_00613.csv,aa4f6eace6009b77b00750a523cfe9df8c535b20fd8e57ad56fa144f6ad33bf9
C:\Drive E\ICNN_MetaPicker_Curated_STEAD_MATLAB\data\csv_stead_filtered\stead_event_00614.csv,1b052f5ecbb9aa0649d469908eb9ad1413c5bd9277dbf99fe966151279d0de14
C:\Drive E\ICNN_MetaPicker_Curated_STEAD_MATLAB\data\csv_stead_filtered\stead_event_00615.csv,481104318e0b27f17c47c84655e30a2f08478fe4eea4d985e2087ca12ce4ce80
C:\Drive E\ICNN_MetaPicker_Curated_STEAD_MATLAB\data\csv_stead_filtered\stead_event_00616.csv,ec7a7df521f758945d19ad39dc5407946f7a7335cddf5c29a1d1ab34cd133696
C:\Drive E\ICNN_MetaPicker_Curated_STEAD_MATLAB\data\csv_stead_filtered\stead_event_00617.csv,76957083a229308a5405ec304e219e3c313b2daf024081185c0d18e3ebf6250d
C:\Drive E\ICNN_MetaPicker_Curated_STEAD_MATLAB\data\csv_stead_filtered\stead_event_00618.csv,20ba107d61b034ee36b80e1f4469e4c108af5c7ea5472843fbe3512bb27a4307
C:\Drive E\ICNN_MetaPicker_Curated_STEAD_MATLAB\data\csv_stead_filtered\stead_event_00619.csv,ac160f7980cf5ef3c88626549fb34cd495d69e9d69904ed3c37b5003f911fc58
C:\Drive E\ICNN_MetaPicker_Curated_STEAD_MATLAB\data\csv_stead_filtered\stead_event_00620.csv,79d2cf0c69fe7f1d4891e39fbbd78022f4a7371130f8a671aff4f788f8708d2b
C:\Drive E\ICNN_MetaPicker_Curated_STEAD_MATLAB\data\csv_stead_filtered\stead_event_00621.csv,6e3e603f87a5b5b0aaffc283761a6977c2b3c1ab0b3a3e3c16acc1bf06d92334
C:\Drive E\ICNN_MetaPicker_Curated_STEAD_MATLAB\data\csv_stead_filtered\stead_event_00622.csv,f2e8b45f8d331686138000fd40d6eaf25237c987f4ba817bd032b7edd2882d6a
C:\Drive E\ICNN_MetaPicker_Curated_STEAD_MATLAB\data\csv_stead_filtered\stead_event_00623.csv,4b44a5bdef70f5ad9b51ef34a568dbbc82e11568efa6f9020e3dbe9b517468b2
C:\Drive E\ICNN_MetaPicker_Curated_STEAD_MATLAB\data\csv_stead_filtered\stead_event_00624.csv,b3a6a2055aa4392da87f620bf845900f3d8aee4037162c7194076536916dd6ca
C:\Drive E\ICNN_MetaPicker_Curated_STEAD_MATLAB\data\csv_stead_filtered\stead_event_00625.csv,e1032869b4aafc8fe73c6e1d6bf094d647c8e969969ca2be1a58a5986debeceb
C:\Drive E\ICNN_MetaPicker_Curated_STEAD_MATLAB\data\csv_stead_filtered\stead_event_00626.csv,361d63e45e54e44e4c5de3933b15382749f5211f60ccc29e3aa4390d92871edb
C:\Drive E\ICNN_MetaPicker_Curated_STEAD_MATLAB\data\csv_stead_filtered\stead_event_00627.csv,e43aca134032fa70de421409e976633b01f82355495134939e22e883bf6e7ce2
C:\Drive E\ICNN_MetaPicker_Curated_STEAD_MATLAB\data\csv_stead_filtered\stead_event_00628.csv,55e733e2b6ee702383ecdd19f136dfae7cadddc5045cddc304cfec81e6019c15
C:\Drive E\ICNN_MetaPicker_Curated_STEAD_MATLAB\data\csv_stead_filtered\stead_event_00629.csv,89455de67bbb7e39534c4fc4d79f015f95904c7566619b8f6378bcd7f95a08dd
C:\Drive E\ICNN_MetaPicker_Curated_STEAD_MATLAB\data\csv_stead_filtered\stead_event_00630.csv,1fa099290072a058cbf8dc421f6af08255503158c450ebca273f982fbe2218de
C:\Drive E\ICNN_MetaPicker_Curated_STEAD_MATLAB\data\csv_stead_filtered\stead_event_00631.csv,2da954fd17b9a419a08b794d43724d27c6d4a9cabf929cb56b3ed1c0d78b91e8
C:\Drive E\ICNN_MetaPicker_Curated_STEAD_MATLAB\data\csv_stead_filtered\stead_event_00632.csv,7119db49eb3d095e0399404f608de05bf4375c594280601d938d30e43c3aad5c
C:\Drive E\ICNN_MetaPicker_Curated_STEAD_MATLAB\data\csv_stead_filtered\stead_event_00633.csv,e7c6635ca09c78f4d3e046b3178e3bdf7ad2a52cb6f6493ca69e3e80dbba49a3
C:\Drive E\ICNN_MetaPicker_Curated_STEAD_MATLAB\data\csv_stead_filtered\stead_event_00634.csv,1ee9aa28b419d946aabee19a9ee227ac8b67ca26df287ed50edbaa5094263a31
C:\Drive E\ICNN_MetaPicker_Curated_STEAD_MATLAB\data\csv_stead_filtered\stead_event_00635.csv,3de05f6ec3d36c036855ae0e896c9fc51c4ab5bcc1071d85ac72f41e13c528ab
C:\Drive E\ICNN_MetaPicker_Curated_STEAD_MATLAB\data\csv_stead_filtered\stead_event_00636.csv,fd682b4996e656b93bedbba0bc65fce7dba60e658b65aabbe09144963ec52483
C:\Drive E\ICNN_MetaPicker_Curated_STEAD_MATLAB\data\csv_stead_filtered\stead_event_00637.csv,9bde2ead56a8ce612db61799a05c9813dd5c46799f5adaded50b4dbebe279d8b
C:\Drive E\ICNN_MetaPicker_Curated_STEAD_MATLAB\data\csv_stead_filtered\stead_event_00638.csv,56e19bdb35daf6fd1c6bc69c5482b44ab509750e046f5a4e35e8f5fc57d6e48a
C:\Drive E\ICNN_MetaPicker_Curated_STEAD_MATLAB\data\csv_stead_filtered\stead_event_00639.csv,d086b013c0b3a65a084a4be5e7d1c430a5b042cb213f78850c96323ecd2affcf
C:\Drive E\ICNN_MetaPicker_Curated_STEAD_MATLAB\data\csv_stead_filtered\stead_event_00640.csv,896250a507f3fb71c34dd4813fc63a48ed03c7a859030853612b773ae373cf4c
C:\Drive E\ICNN_MetaPicker_Curated_STEAD_MATLAB\data\csv_stead_filtered\stead_event_00641.csv,d9a7b71ebd4eba0e5885c2183491cab69f48d2e02e3647d9df048a864685d113
C:\Drive E\ICNN_MetaPicker_Curated_STEAD_MATLAB\data\csv_stead_filtered\stead_event_00642.csv,432d6a61cb9242d68612ce9c138bf10beb6d89b3a3a420f00ff56f6617f17234
C:\Drive E\ICNN_MetaPicker_Curated_STEAD_MATLAB\data\csv_stead_filtered\stead_event_00643.csv,0a0b6545930198f713fb6781d5bcfaa4dbe91d25d19586b23af86493d1ff6c2f
C:\Drive E\ICNN_MetaPicker_Curated_STEAD_MATLAB\data\csv_stead_filtered\stead_event_00644.csv,a5f4527e69242793327614fc947339cd22775630143b9b9445a17e1614176842
C:\Drive E\ICNN_MetaPicker_Curated_STEAD_MATLAB\data\csv_stead_filtered\stead_event_00645.csv,a593d44913eb60f9556dfd625abb3cd099ffda80aea0527bf54777d86aadadd6
C:\Drive E\ICNN_MetaPicker_Curated_STEAD_MATLAB\data\csv_stead_filtered\stead_event_00646.csv,1eb6e67c40d5b8978095fd1b074c419211630560f658e446535fe7e4563e6de4
C:\Drive E\ICNN_MetaPicker_Curated_STEAD_MATLAB\data\csv_stead_filtered\stead_event_00647.csv,cebecb048ab5404854dc2f44cb04f48229e58eb8ea8e68721058a48d1313ef38
C:\Drive E\ICNN_MetaPicker_Curated_STEAD_MATLAB\data\csv_stead_filtered\stead_event_00648.csv,74491c69679f9955498a4f0b84f3a71af258c894a130f82b2b3dfbeda646956b
C:\Drive E\ICNN_MetaPicker_Curated_STEAD_MATLAB\data\csv_stead_filtered\stead_event_00649.csv,37926810bc30ab2bf3404ba805cafd314f027e1cf5e96d6d7afb1f27cbe836b2
C:\Drive E\ICNN_MetaPicker_Curated_STEAD_MATLAB\data\csv_stead_filtered\stead_event_00650.csv,c08cf4fb61452650671735288807cb45616fb4b92d8c8e5fd3112df1e8285551
C:\Drive E\ICNN_MetaPicker_Curated_STEAD_MATLAB\data\csv_stead_filtered\stead_event_00651.csv,dfbc9f533153e0be1e7f376a804c520d0f0ae4f9f369fbf979c3983765391d20
C:\Drive E\ICNN_MetaPicker_Curated_STEAD_MATLAB\data\csv_stead_filtered\stead_event_00652.csv,8821f4465c0a087f449c410d2bc9e1a5f6694e63f16949f0d6fcbcb3640e7954
C:\Drive E\ICNN_MetaPicker_Curated_STEAD_MATLAB\data\csv_stead_filtered\stead_event_00653.csv,ba1a1a73088f8b4a55d62490c5ee2d73cacb1ceb86c259426b801cff33c7b9f5
C:\Drive E\ICNN_MetaPicker_Curated_STEAD_MATLAB\data\csv_stead_filtered\stead_event_00654.csv,cf94a84b08865c320e62ef3e293f790dda04884dae78cf6d89e054bf7cfec915
C:\Drive E\ICNN_MetaPicker_Curated_STEAD_MATLAB\data\csv_stead_filtered\stead_event_00655.csv,1d30cd3d5a92fa4a258b85cabd7f855e81e31f33d1a230d811a2fa5c1a5ef4a6
C:\Drive E\ICNN_MetaPicker_Curated_STEAD_MATLAB\data\csv_stead_filtered\stead_event_00656.csv,05cd2ba155740a282ae0932ba5fe6bb9fab589b024eb079f38c5a6f3dd2c6d01
C:\Drive E\ICNN_MetaPicker_Curated_STEAD_MATLAB\data\csv_stead_filtered\stead_event_00657.csv,37e488e4fedee6c7b3b033355058b6070b5b0e8e4431890de9842535519e018c
C:\Drive E\ICNN_MetaPicker_Curated_STEAD_MATLAB\data\csv_stead_filtered\stead_event_00658.csv,660bcd27c5f7b2d4977874f75c015e6d14417b2723ef5ea1531c247de6c020ee
C:\Drive E\ICNN_MetaPicker_Curated_STEAD_MATLAB\data\csv_stead_filtered\stead_event_00659.csv,ec01339e9b45664087a3348fa02e8d8c520b2f89ed9f760aae2c9e9ff4ddd904
C:\Drive E\ICNN_MetaPicker_Curated_STEAD_MATLAB\data\csv_stead_filtered\stead_event_00660.csv,3d2cee2f45b18674d1a69f9e5401cefdbf31ef1798aebed5da9a59f881d7abc0
C:\Drive E\ICNN_MetaPicker_Curated_STEAD_MATLAB\data\csv_stead_filtered\stead_event_00661.csv,7875d288808d047ee86bd6a752f8684d49e49e6767c08deef6444886101a5fea
C:\Drive E\ICNN_MetaPicker_Curated_STEAD_MATLAB\data\csv_stead_filtered\stead_event_00662.csv,1c1059256604119997b4f8539cdbf6e9aa80557ce86bec6ebacb936ed301f3ad
C:\Drive E\ICNN_MetaPicker_Curated_STEAD_MATLAB\data\csv_stead_filtered\stead_event_00663.csv,6686ff42e9379b3afab0ac199c26d05c35d800756af2d1e6a8414de8daad250b
C:\Drive E\ICNN_MetaPicker_Curated_STEAD_MATLAB\data\csv_stead_filtered\stead_event_00664.csv,39abf05df7f954f248482fd76c24545f8a8cfb1735310b9724d71f6cafbb7d67
C:\Drive E\ICNN_MetaPicker_Curated_STEAD_MATLAB\data\csv_stead_filtered\stead_event_00665.csv,b5a6b74a71379ee128311507598bd6943c39d39978ecc4104901b2c5e7fd9770
C:\Drive E\ICNN_MetaPicker_Curated_STEAD_MATLAB\data\csv_stead_filtered\stead_event_00666.csv,884d40cc7acfa059fe1deba6e0fd9c37dc7e1948e6fd49d7b4ca5603a17e390c
C:\Drive E\ICNN_MetaPicker_Curated_STEAD_MATLAB\data\csv_stead_filtered\stead_event_00667.csv,bad073f881f7bb35bad376fc2f710d4dfc1a23d1f58ddcb953b68109493c18f7
C:\Drive E\ICNN_MetaPicker_Curated_STEAD_MATLAB\data\csv_stead_filtered\stead_event_00668.csv,5ef11dc120c3585b13086d452e01bb5d0cca16805201a6520228b58d763a22e2
C:\Drive E\ICNN_MetaPicker_Curated_STEAD_MATLAB\data\csv_stead_filtered\stead_event_00669.csv,509c319967fac79e31d4b5aecca6715d0b72886e9ecffc19a3b3a25d544d00d6
C:\Drive E\ICNN_MetaPicker_Curated_STEAD_MATLAB\data\csv_stead_filtered\stead_event_00670.csv,9dbc9c508d21a55398183287915dad7d10315952db24d43f4f1386e0933afbe6
C:\Drive E\ICNN_MetaPicker_Curated_STEAD_MATLAB\data\csv_stead_filtered\stead_event_00671.csv,0fdb8ffcad1b8eaeba6554fc2043025fa7b092d551ac21c9e2b6e4afd784c104
C:\Drive E\ICNN_MetaPicker_Curated_STEAD_MATLAB\data\csv_stead_filtered\stead_event_00672.csv,1423ebef10d0a905e5ae5b55601aadfe17a5376ca2e69bd9e9a619cbdd652a2f
C:\Drive E\ICNN_MetaPicker_Curated_STEAD_MATLAB\data\csv_stead_filtered\stead_event_00673.csv,d7134760aa6421137a1ba57624556ee7e335aa2e31d055d6c4f2353ee94d30a7
C:\Drive E\ICNN_MetaPicker_Curated_STEAD_MATLAB\data\csv_stead_filtered\stead_event_00674.csv,c6c440ef3d2be10f19351cd2d9fd689a18599bc10a16bcb08368434e3ae054d6
C:\Drive E\ICNN_MetaPicker_Curated_STEAD_MATLAB\data\csv_stead_filtered\stead_event_00675.csv,43f6c3d79a9730bc84023587614d77acc0f993e6bff303e20b49397a0a28f335
C:\Drive E\ICNN_MetaPicker_Curated_STEAD_MATLAB\data\csv_stead_filtered\stead_event_00676.csv,ffc522a23cb5520669cf85b1e9b202873d31320eaedbec75267dc3fafcd2a2e9
C:\Drive E\ICNN_MetaPicker_Curated_STEAD_MATLAB\data\csv_stead_filtered\stead_event_00677.csv,d7c097b72b5036e893ae2b236f50c2cd330fb1091c2b5c374318c7fbeb02f505
C:\Drive E\ICNN_MetaPicker_Curated_STEAD_MATLAB\data\csv_stead_filtered\stead_event_00678.csv,7410a58837d333e19896e0fdb94900767abf51816a4754976fa8cc06000533dc
C:\Drive E\ICNN_MetaPicker_Curated_STEAD_MATLAB\data\csv_stead_filtered\stead_event_00679.csv,2451f21dc605e4734d39c0d04dc587d6adf372c08a78c40284aaf772dcefc548
C:\Drive E\ICNN_MetaPicker_Curated_STEAD_MATLAB\data\csv_stead_filtered\stead_event_00680.csv,57b5a15428d55074f8d2b91d6d1eca6d0f312ee5bd40498080d9fda1fcbb7708
C:\Drive E\ICNN_MetaPicker_Curated_STEAD_MATLAB\data\csv_stead_filtered\stead_event_00681.csv,3f3862d06e39d3c5ceaba36614883b5c886c0ef9115bc2d01d1d06795764791c
C:\Drive E\ICNN_MetaPicker_Curated_STEAD_MATLAB\data\csv_stead_filtered\stead_event_00682.csv,5aa15dcc20ef29f97db2c36d1b34c434caecb214fcf57246ab4ae63fb3dc02a1
C:\Drive E\ICNN_MetaPicker_Curated_STEAD_MATLAB\data\csv_stead_filtered\stead_event_00683.csv,8ec0808f926b3b4e29f4a2c642ee59dca3a0810daa4ef644b328c7d800739044
C:\Drive E\ICNN_MetaPicker_Curated_STEAD_MATLAB\data\csv_stead_filtered\stead_event_00684.csv,ccf5edd84937c2464f374f24354b19ad6de2654b8668de740c0d9cbe7e5448ec
C:\Drive E\ICNN_MetaPicker_Curated_STEAD_MATLAB\data\csv_stead_filtered\stead_event_00685.csv,4034744b5b30c2eddecb6b4d7dc8a5ca3ad3cca248bb52a001d5abe56407fe97
C:\Drive E\ICNN_MetaPicker_Curated_STEAD_MATLAB\data\csv_stead_filtered\stead_event_00686.csv,0c6348171816e6eba346282fed088157b34e3f33a824680398d02992d215c2f4
C:\Drive E\ICNN_MetaPicker_Curated_STEAD_MATLAB\data\csv_stead_filtered\stead_event_00687.csv,dab0ca49e743e12fdceec087b5989b00edaa727da02cc7b606a9131e08d5ed78
C:\Drive E\ICNN_MetaPicker_Curated_STEAD_MATLAB\data\csv_stead_filtered\stead_event_00688.csv,b292f09b4c2dbc5293d18ec09fe05ce6d026fb677093e182238c737cf7d2a264
C:\Drive E\ICNN_MetaPicker_Curated_STEAD_MATLAB\data\csv_stead_filtered\stead_event_00689.csv,9c07fbeec22c0ee3b6c8d1557d1557d9298518a2458b1f59b83d5b3fe868b1b6
C:\Drive E\ICNN_MetaPicker_Curated_STEAD_MATLAB\data\csv_stead_filtered\stead_event_00690.csv,2036715d262506e99b5809f9448d98c7b0e110eb77d7ba24b856b164c4db08f5
C:\Drive E\ICNN_MetaPicker_Curated_STEAD_MATLAB\data\csv_stead_filtered\stead_event_00691.csv,4558f71be79f758df135c741e9f9485664bb67b24d38b7aa8c63419931fa6825
C:\Drive E\ICNN_MetaPicker_Curated_STEAD_MATLAB\data\csv_stead_filtered\stead_event_00692.csv,5c760a21168c4edff03fdf48ea0774885dc7973e37114a04dffc15d9e5908f07
C:\Drive E\ICNN_MetaPicker_Curated_STEAD_MATLAB\data\csv_stead_filtered\stead_event_00693.csv,320886a734d65914e239d6ebcb72f7a60405c20b88ca9b6c76018c8ad13a1497
C:\Drive E\ICNN_MetaPicker_Curated_STEAD_MATLAB\data\csv_stead_filtered\stead_event_00694.csv,3b37ab02c4ee1b42d4cefc00637898e9f303d30fead2a258667b9d1769dc7b3d
C:\Drive E\ICNN_MetaPicker_Curated_STEAD_MATLAB\data\csv_stead_filtered\stead_event_00695.csv,c60d8e5557ac84825e25e560b90c17e060aedab263370b9e8f1bb7a8ac9a73cd
C:\Drive E\ICNN_MetaPicker_Curated_STEAD_MATLAB\data\csv_stead_filtered\stead_event_00696.csv,67f98e985207e9f49f1e4dfd61e20149878ffa55b2ed95a73af6601317d7f4c1
C:\Drive E\ICNN_MetaPicker_Curated_STEAD_MATLAB\data\csv_stead_filtered\stead_event_00697.csv,5ddbd662b69cf667cb3599f9368782d7c082569480da624862c09c7d4bc1cb19
C:\Drive E\ICNN_MetaPicker_Curated_STEAD_MATLAB\data\csv_stead_filtered\stead_event_00698.csv,184330c637622beabe422d122696d89f92b4722915e784d2c6eed29d1c7bdfa8
C:\Drive E\ICNN_MetaPicker_Curated_STEAD_MATLAB\data\csv_stead_filtered\stead_event_00699.csv,505b9295dc6e4b400f7c1650b52a72de29d58eb19b5c5b4ebab310f7a255aab6
C:\Drive E\ICNN_MetaPicker_Curated_STEAD_MATLAB\data\csv_stead_filtered\stead_event_00700.csv,8875ab4b1ccd9484cdf8fbb520d7df42d4dd0935b52da58ae78e4a06b8896ebf
C:\Drive E\ICNN_MetaPicker_Curated_STEAD_MATLAB\data\csv_stead_filtered\stead_event_00701.csv,076a0c18e4ba2d34342651c2afb2da2d6c345d2c4a087249394bf624d9fe65de
C:\Drive E\ICNN_MetaPicker_Curated_STEAD_MATLAB\data\csv_stead_filtered\stead_event_00702.csv,eec22705d0d16f0a594541bb64dcc67c2ef134673dd3abcff074e101425214fa
C:\Drive E\ICNN_MetaPicker_Curated_STEAD_MATLAB\data\csv_stead_filtered\stead_event_00703.csv,7cbda3c9e212eb21eec94cabcf5185797ef346b882ee5a921e712c522c860aa7
C:\Drive E\ICNN_MetaPicker_Curated_STEAD_MATLAB\data\csv_stead_filtered\stead_event_00704.csv,2a9e3154bcce1906e27f0b625326d468b1be1e62a1c184b8669eb6887d13a8a8
C:\Drive E\ICNN_MetaPicker_Curated_STEAD_MATLAB\data\csv_stead_filtered\stead_event_00705.csv,6872b152e6c3aa8b04fd1264fc12e90d6f8fc4c1aa97bdaaa89bea6bb3910e8b
C:\Drive E\ICNN_MetaPicker_Curated_STEAD_MATLAB\data\csv_stead_filtered\stead_event_00706.csv,26fa951c89aa1b3b23d36206fcf1999eb5d756ebc4efae2fdb8f628f47d8ceb5
C:\Drive E\ICNN_MetaPicker_Curated_STEAD_MATLAB\data\csv_stead_filtered\stead_event_00707.csv,1c193ff9e455665932a966edbb2dfe86eefe2340f0e52b84287c7d221b85bf40
C:\Drive E\ICNN_MetaPicker_Curated_STEAD_MATLAB\data\csv_stead_filtered\stead_event_00708.csv,88cec48489c0ea0be8d2219ac6c37492dca560dc4df1f7a59b543a8b988c9e35
C:\Drive E\ICNN_MetaPicker_Curated_STEAD_MATLAB\data\csv_stead_filtered\stead_event_00709.csv,f12cdd2e72f6366eca57a5c3f1d9c9c84e0c2dbc6dfbb0e5268cee37bc859526
C:\Drive E\ICNN_MetaPicker_Curated_STEAD_MATLAB\data\csv_stead_filtered\stead_event_00710.csv,1f5868ad37bdc1a2b4a1a3cb4ef15ae99450600b8dcd1ce5c5e683f90dbad73c
C:\Drive E\ICNN_MetaPicker_Curated_STEAD_MATLAB\data\csv_stead_filtered\stead_event_00711.csv,5fc6bb4c9a37c8ee7552cd3c733ac8a0271ce479e624c96283922134213b8098
C:\Drive E\ICNN_MetaPicker_Curated_STEAD_MATLAB\data\csv_stead_filtered\stead_event_00712.csv,e36e8c1827852b1f7a62a1d3ee3741554b493a310473102a6c105a43f3fc2ceb
C:\Drive E\ICNN_MetaPicker_Curated_STEAD_MATLAB\data\csv_stead_filtered\stead_event_00713.csv,b516ac51877ec821970d844a490ca9fce5c0577651da4d2751e444f602615f49
C:\Drive E\ICNN_MetaPicker_Curated_STEAD_MATLAB\data\csv_stead_filtered\stead_event_00714.csv,9e551ab5158af0912ec3016cb3d36b4606d7f51c546726a0bdb5dbedb79d5b74
C:\Drive E\ICNN_MetaPicker_Curated_STEAD_MATLAB\data\csv_stead_filtered\stead_event_00715.csv,4e30e3e61b02a09f681e869741e19fd27bca01c48765306aaf54782fd3ec0863
C:\Drive E\ICNN_MetaPicker_Curated_STEAD_MATLAB\data\csv_stead_filtered\stead_event_00716.csv,c2d563357069f101aea0e39e13db57543f8e6a419c5f87189f5fec507df75fdc
C:\Drive E\ICNN_MetaPicker_Curated_STEAD_MATLAB\data\csv_stead_filtered\stead_event_00717.csv,abfb6806db646beb8d93b142576b561240f4f52912991c432493017debd39e2a
C:\Drive E\ICNN_MetaPicker_Curated_STEAD_MATLAB\data\csv_stead_filtered\stead_event_00718.csv,1e789095f896482ecd6993f4849cdad1450dd94b279c1a1ed9f5ea798bdf1b12
C:\Drive E\ICNN_MetaPicker_Curated_STEAD_MATLAB\data\csv_stead_filtered\stead_event_00719.csv,67559186641e5be6c5418e3ea29756391f0f9f6d5a7a98d43c55707cb227f51b
C:\Drive E\ICNN_MetaPicker_Curated_STEAD_MATLAB\data\csv_stead_filtered\stead_event_00720.csv,9866998d31c91a683c18129491885ccdb63ae58b5e41881f278f19ec9c3df00b
C:\Drive E\ICNN_MetaPicker_Curated_STEAD_MATLAB\data\csv_stead_filtered\stead_event_00721.csv,6908856247bbdb4067902b1275ceef50125b575db252bdfbeb2b3d5d67014dd1
C:\Drive E\ICNN_MetaPicker_Curated_STEAD_MATLAB\data\csv_stead_filtered\stead_event_00722.csv,84f2b8097954aa72acd611b6fb94cf8c824e0829a47928501662becbfb30d3f3
C:\Drive E\ICNN_MetaPicker_Curated_STEAD_MATLAB\data\csv_stead_filtered\stead_event_00723.csv,925cfbac02052ecda5edcb3bf880736fae47768a818960e6bf7642441f487cd8
C:\Drive E\ICNN_MetaPicker_Curated_STEAD_MATLAB\data\csv_stead_filtered\stead_event_00724.csv,f7020d1d197e6692d4b12e7fbc769ba8ef326ac33e249a10cf755406d1e43804
C:\Drive E\ICNN_MetaPicker_Curated_STEAD_MATLAB\data\csv_stead_filtered\stead_event_00725.csv,c6b17b61059f5a1ff601a665ccb42432e716b9650df9d767f9f41856d2184a09
C:\Drive E\ICNN_MetaPicker_Curated_STEAD_MATLAB\data\csv_stead_filtered\stead_event_00726.csv,00be7b2af93fee50b58a6a323058fed5f00fb3b1292030813f39eac7c3180bcc
C:\Drive E\ICNN_MetaPicker_Curated_STEAD_MATLAB\data\csv_stead_filtered\stead_event_00727.csv,20296ff6fdb895b4fd779470f5d53ec3e8d90c59d4130a361bd20805cd48535d
C:\Drive E\ICNN_MetaPicker_Curated_STEAD_MATLAB\data\csv_stead_filtered\stead_event_00728.csv,4f9221598c2d30422b464dee0a5dc25fbebb7808586fa459769ff80507b5f506
C:\Drive E\ICNN_MetaPicker_Curated_STEAD_MATLAB\data\csv_stead_filtered\stead_event_00729.csv,85b63183b48d0b902487ff94ec42b9070da52ce52e76dd077311e657e2ba986d
C:\Drive E\ICNN_MetaPicker_Curated_STEAD_MATLAB\data\csv_stead_filtered\stead_event_00730.csv,01982c98cfefd8f11cb02d68602c531c3d4125736ee2e661563174f71c6870ab
C:\Drive E\ICNN_MetaPicker_Curated_STEAD_MATLAB\data\csv_stead_filtered\stead_event_00731.csv,96aa77bbefab76564f4b3ee99c67bf29ffe44b01e209907564fded31cf640459
C:\Drive E\ICNN_MetaPicker_Curated_STEAD_MATLAB\data\csv_stead_filtered\stead_event_00732.csv,8b470dee0b8f248bb462a593677619f6f3bd0f2e8a11178a6e6eea75de070bcf
C:\Drive E\ICNN_MetaPicker_Curated_STEAD_MATLAB\data\csv_stead_filtered\stead_event_00733.csv,a1902ec3a9d860e2d58b616b1a3bf9fb09740b133307fb608761bfa5569f6d8f
C:\Drive E\ICNN_MetaPicker_Curated_STEAD_MATLAB\data\csv_stead_filtered\stead_event_00734.csv,79b3eca51d0267d5210a92fb4bf7cbf65f1ad5590d16761400aefd89fbb673fe
C:\Drive E\ICNN_MetaPicker_Curated_STEAD_MATLAB\data\csv_stead_filtered\stead_event_00735.csv,c0ad74895d0c591aa54b0efbfdcf01911489e21d365410e75bddbd3ce1ff53ab
C:\Drive E\ICNN_MetaPicker_Curated_STEAD_MATLAB\data\csv_stead_filtered\stead_event_00736.csv,e0835f2bd295e8689d8b0d1915348d1198a18a941ccba2a712cdf92a9b29de39
C:\Drive E\ICNN_MetaPicker_Curated_STEAD_MATLAB\data\csv_stead_filtered\stead_event_00737.csv,3380e53eceb5042aaf5c714a7fea89430954e630b7ae2d5de9fba835ced68461
C:\Drive E\ICNN_MetaPicker_Curated_STEAD_MATLAB\data\csv_stead_filtered\stead_event_00738.csv,8e8f30292bdaf3465db292bea686faf59cdc9545389be9b56979c69af7ef21d9
C:\Drive E\ICNN_MetaPicker_Curated_STEAD_MATLAB\data\csv_stead_filtered\stead_event_00739.csv,24d296c03398eee60363413e09b69c91cc2e17965d2902c5aa5657091175cbd2
C:\Drive E\ICNN_MetaPicker_Curated_STEAD_MATLAB\data\csv_stead_filtered\stead_event_00740.csv,78978692a5b255873bedea6df126c8017cc207cf7b46d343764ac0bcee1a991e
C:\Drive E\ICNN_MetaPicker_Curated_STEAD_MATLAB\data\csv_stead_filtered\stead_event_00741.csv,d7317c89d123570edaec665c4e8c2e52d8a4af406585c6597b9e483da04f5147
C:\Drive E\ICNN_MetaPicker_Curated_STEAD_MATLAB\data\csv_stead_filtered\stead_event_00742.csv,ba7ac5bb57f1bde5901c017e7283af119b77a002ca8c0d589ad839795b63d95b
C:\Drive E\ICNN_MetaPicker_Curated_STEAD_MATLAB\data\csv_stead_filtered\stead_event_00743.csv,be7fbd325d41cac0fec1ca3c819740b67b41a990c04a3c78fabf3247b18791da
C:\Drive E\ICNN_MetaPicker_Curated_STEAD_MATLAB\data\csv_stead_filtered\stead_event_00744.csv,a68f3afcd422ed4f97d5673d1aa869031d2192b1ab48814abb5f4924554f9774
C:\Drive E\ICNN_MetaPicker_Curated_STEAD_MATLAB\data\csv_stead_filtered\stead_event_00745.csv,3b6795f9125b14553f6aafe9bcf63c62b7001db06b1dc1ce2c80a9be4b6e04a4
C:\Drive E\ICNN_MetaPicker_Curated_STEAD_MATLAB\data\csv_stead_filtered\stead_event_00746.csv,d8d5445b73165de7cef129ebb1717cd9af760f8d1fff06a1700f5b77c70c0d7a
C:\Drive E\ICNN_MetaPicker_Curated_STEAD_MATLAB\data\csv_stead_filtered\stead_event_00747.csv,e8cf8310c2382610d6976b43878a3249f2f620ae535d6be85e4aa7b8badfff8c
C:\Drive E\ICNN_MetaPicker_Curated_STEAD_MATLAB\data\csv_stead_filtered\stead_event_00748.csv,db9a136d82e4192f5909c95dcda2d5f41ef2d7b0b83ad61d8e08bd19739d8d1a
C:\Drive E\ICNN_MetaPicker_Curated_STEAD_MATLAB\data\csv_stead_filtered\stead_event_00749.csv,ed1f9213b57d767796d973f19f795522d52891d5c6464814f5f34b6a25602e9c
C:\Drive E\ICNN_MetaPicker_Curated_STEAD_MATLAB\data\csv_stead_filtered\stead_event_00750.csv,467a903090019713f3f771e85e266bc1de0b4d07225b6399a31c732b11f9c58b
C:\Drive E\ICNN_MetaPicker_Curated_STEAD_MATLAB\data\csv_stead_filtered\stead_event_00751.csv,c549c4c372f51cc35a1d2a2fb2cd5e1f4f628a12cbfbc274fe7f1ad647cd9211
C:\Drive E\ICNN_MetaPicker_Curated_STEAD_MATLAB\data\csv_stead_filtered\stead_event_00752.csv,346572f8a0cdbe22b30454e95a41aba1a07ad231027c947a572b7b1944b0c796
C:\Drive E\ICNN_MetaPicker_Curated_STEAD_MATLAB\data\csv_stead_filtered\stead_event_00753.csv,3c3d7bb91e046ebc0e32473bc7c5a14e85d248c3745e547fcc0499283c46bef4
C:\Drive E\ICNN_MetaPicker_Curated_STEAD_MATLAB\data\csv_stead_filtered\stead_event_00754.csv,be3c3b317e0f91eb7c790124a374453ffd59c34a772c34dbf6bbbe7822664259
C:\Drive E\ICNN_MetaPicker_Curated_STEAD_MATLAB\data\csv_stead_filtered\stead_event_00755.csv,0dd00692ff6e1c8787ecbdb53c26f36173522c2894fbbad8a8912c9a001af9c2
C:\Drive E\ICNN_MetaPicker_Curated_STEAD_MATLAB\data\csv_stead_filtered\stead_event_00756.csv,4bf25e3ab83dde8cbb4fa30d7ac448a8b367ce5cfc7488aa2d437393ffe5d2ca
C:\Drive E\ICNN_MetaPicker_Curated_STEAD_MATLAB\data\csv_stead_filtered\stead_event_00757.csv,9f8c20a593176ad8d6a8ef567985b09b7a08be7c0ceae1b9bb652eee2c65cdc0
C:\Drive E\ICNN_MetaPicker_Curated_STEAD_MATLAB\data\csv_stead_filtered\stead_event_00758.csv,25a64c3c238b7f0849acf9d2e3cf21826e3d1e3b1208e8627ff442d09106d187
C:\Drive E\ICNN_MetaPicker_Curated_STEAD_MATLAB\data\csv_stead_filtered\stead_event_00759.csv,ffdf9aec988e9d902f0e8549b5051f1912e20f24dc08693c3e480d11c2f6c010
C:\Drive E\ICNN_MetaPicker_Curated_STEAD_MATLAB\data\csv_stead_filtered\stead_event_00760.csv,1a01d63fbe06f3bde8a37782a2f57920f2a0c787f8a46f0c224c629f199a587d
C:\Drive E\ICNN_MetaPicker_Curated_STEAD_MATLAB\data\csv_stead_filtered\stead_event_00761.csv,7a9ba38533c3ab93cf312cd5d826cc43eb22dc7d3a36966c13673dcc302aadba
C:\Drive E\ICNN_MetaPicker_Curated_STEAD_MATLAB\data\csv_stead_filtered\stead_event_00762.csv,3a421e1924c45990fba4c7d3707069f8602c49955bfafb8ed0955cf8e4714e69
C:\Drive E\ICNN_MetaPicker_Curated_STEAD_MATLAB\data\csv_stead_filtered\stead_event_00763.csv,858ba6bfd93650a0faf9322c2c65eece6dd8424857af92fd430774d25aec34d4
C:\Drive E\ICNN_MetaPicker_Curated_STEAD_MATLAB\data\csv_stead_filtered\stead_event_00764.csv,88ab1d721691d0a8b7acb9304ef90cdd6db3430d82fd31e276c7320c432711f4
C:\Drive E\ICNN_MetaPicker_Curated_STEAD_MATLAB\data\csv_stead_filtered\stead_event_00765.csv,c476da9601f5a0f455bfbcdc57ebfacef0c9ee16b4360ef464a46f48a647142a
C:\Drive E\ICNN_MetaPicker_Curated_STEAD_MATLAB\data\csv_stead_filtered\stead_event_00766.csv,83180674447e31640df836d8895050b068d40c3aa7ff2c98cabece68c357c9c0
C:\Drive E\ICNN_MetaPicker_Curated_STEAD_MATLAB\data\csv_stead_filtered\stead_event_00767.csv,d4ef6f954c079159a4bb89e291da1a038c1be10054d04d760643cdaeabd6bd63
C:\Drive E\ICNN_MetaPicker_Curated_STEAD_MATLAB\data\csv_stead_filtered\stead_event_00768.csv,7259993701b8269fe76f3d3bd0e53193c332567519a8798581c26b32ffeca6b6
C:\Drive E\ICNN_MetaPicker_Curated_STEAD_MATLAB\data\csv_stead_filtered\stead_event_00769.csv,be8e5c7e28a0fe76e14545a8610e026cbe969a449e4f0445639fbe27c3ba6412
C:\Drive E\ICNN_MetaPicker_Curated_STEAD_MATLAB\data\csv_stead_filtered\stead_event_00770.csv,f44b6393f6040abb2e6fc8a31372c49b0697ede49e31aea43460712c059ae90d
C:\Drive E\ICNN_MetaPicker_Curated_STEAD_MATLAB\data\csv_stead_filtered\stead_event_00771.csv,fd350566ef2eb173881d4f02cfe6628ebd4be82a1ee2484af781f1bd9f431391
C:\Drive E\ICNN_MetaPicker_Curated_STEAD_MATLAB\data\csv_stead_filtered\stead_event_00772.csv,d46fc2ceb44826e89e544d7c924802b667b89e557d6d01148d6f3bdc299057f2
C:\Drive E\ICNN_MetaPicker_Curated_STEAD_MATLAB\data\csv_stead_filtered\stead_event_00773.csv,53bd24ff59987efdc89a8496f4e37e1c84475641a2b5371c8a30a855512482d0
C:\Drive E\ICNN_MetaPicker_Curated_STEAD_MATLAB\data\csv_stead_filtered\stead_event_00774.csv,86e4e6d8414349900923ec2bdc9d703020e6d695b09034617be58f4b6e8e47e3
C:\Drive E\ICNN_MetaPicker_Curated_STEAD_MATLAB\data\csv_stead_filtered\stead_event_00775.csv,3d39a4a377cdf5bce60192327534f47c9923ebef6532295cf8f11b5eb71d7382
C:\Drive E\ICNN_MetaPicker_Curated_STEAD_MATLAB\data\csv_stead_filtered\stead_event_00776.csv,e4fa1905ec2c1d84ceb024eb8c21032f05c27cb8ab8a6d6ebf96b4a8c9718caf
C:\Drive E\ICNN_MetaPicker_Curated_STEAD_MATLAB\data\csv_stead_filtered\stead_event_00777.csv,3d3fc27da83459af6e0d2f85cab5b0aa02c72eefaba7d4150b5c442a7c5cd39e
C:\Drive E\ICNN_MetaPicker_Curated_STEAD_MATLAB\data\csv_stead_filtered\stead_event_00778.csv,c42663cb56612e35312300bdad3bb88c5424300d8fca7bf0912bd50d9aa5711c
C:\Drive E\ICNN_MetaPicker_Curated_STEAD_MATLAB\data\csv_stead_filtered\stead_event_00779.csv,6cd51cf2f7439921da2e63135798dbfda89ad2f6a53cb10fd18f424f6c72c847
C:\Drive E\ICNN_MetaPicker_Curated_STEAD_MATLAB\data\csv_stead_filtered\stead_event_00780.csv,f917c486522b934912d232976f3f2b0938549d72eade785c4cc59144b94fe797
C:\Drive E\ICNN_MetaPicker_Curated_STEAD_MATLAB\data\csv_stead_filtered\stead_event_00781.csv,dc3a46c465f670269187b93b86bcba828fdaa25338b3871c218a408cf3fdb27e
C:\Drive E\ICNN_MetaPicker_Curated_STEAD_MATLAB\data\csv_stead_filtered\stead_event_00782.csv,53db0f1fda45e6f11fbd885b1c329d7bd6363a828cfc3827a8de9a10f7a5854a
C:\Drive E\ICNN_MetaPicker_Curated_STEAD_MATLAB\data\csv_stead_filtered\stead_event_00783.csv,eeb6abe40b33b1cefb06707d17de1a176e4747fc86ecb0122f355eae7fae6637
C:\Drive E\ICNN_MetaPicker_Curated_STEAD_MATLAB\data\csv_stead_filtered\stead_event_00784.csv,b1d85db4f9862eb1685e6bdfc0df0ab06486a2e1583a7a6031fa1d517fb8c31d
C:\Drive E\ICNN_MetaPicker_Curated_STEAD_MATLAB\data\csv_stead_filtered\stead_event_00785.csv,6ac9335e99100d14272295af4c26e8b50698b56008bb2bac8826b79b55294b70
C:\Drive E\ICNN_MetaPicker_Curated_STEAD_MATLAB\data\csv_stead_filtered\stead_event_00786.csv,1a0c602c60d7753963c5d83393e570faff589097afd82252edeff26a623f02ca
C:\Drive E\ICNN_MetaPicker_Curated_STEAD_MATLAB\data\csv_stead_filtered\stead_event_00787.csv,d01547ae82b1b54563fd1863a2f9da6327fffdf0b271628a3c59a141bfc30c5c
C:\Drive E\ICNN_MetaPicker_Curated_STEAD_MATLAB\data\csv_stead_filtered\stead_event_00788.csv,d02644c26081a961178ae0139b39c23df84042627ddc2ae2421d6e9f7619e3fc
C:\Drive E\ICNN_MetaPicker_Curated_STEAD_MATLAB\data\csv_stead_filtered\stead_event_00789.csv,5ffba1199e163d84ba808867c4d8dbec88723dbfe4098d2b377365e87ca8345f
C:\Drive E\ICNN_MetaPicker_Curated_STEAD_MATLAB\data\csv_stead_filtered\stead_event_00790.csv,ae1406fc9b4de6d5dac9bc21c8dfdefaf58ee721b261561669510c9eb18b0bd4
C:\Drive E\ICNN_MetaPicker_Curated_STEAD_MATLAB\data\csv_stead_filtered\stead_event_00791.csv,bba15adca9a41040d76a36a349bfb4ec14ada6b97941be4fee4954cf006f5279
C:\Drive E\ICNN_MetaPicker_Curated_STEAD_MATLAB\data\csv_stead_filtered\stead_event_00792.csv,9a2e2d39133bf6c82f8980292582fef0b90be872ff2d079f795daea7d6820ba5
C:\Drive E\ICNN_MetaPicker_Curated_STEAD_MATLAB\data\csv_stead_filtered\stead_event_00793.csv,be1b455cc764ed98dafc31adeaf8755d1147c061f67086f648c6468e9ed41527
C:\Drive E\ICNN_MetaPicker_Curated_STEAD_MATLAB\data\csv_stead_filtered\stead_event_00794.csv,b1f46c62cf7d759f269b2bdff9f1981efd2a2d6b8c674f3fb8a277370d74df9d
C:\Drive E\ICNN_MetaPicker_Curated_STEAD_MATLAB\data\csv_stead_filtered\stead_event_00795.csv,91acbc44fb43144c40777e47ce82a1cfa7ccc14c15cc640fb3f19fbd2c1783cb
C:\Drive E\ICNN_MetaPicker_Curated_STEAD_MATLAB\data\csv_stead_filtered\stead_event_00796.csv,4ecad1a8507b9470b38348eb9fdf087a33819fdb8d58f901da4ea9d09eecfdc3
C:\Drive E\ICNN_MetaPicker_Curated_STEAD_MATLAB\data\csv_stead_filtered\stead_event_00797.csv,038562db2bda938607bf1dc471d38ebd296b70b801434d1cb4f465ccf93d3815
C:\Drive E\ICNN_MetaPicker_Curated_STEAD_MATLAB\data\csv_stead_filtered\stead_event_00798.csv,585a216e0e216fb2b0830da3e48ef5ad78ffaa921aeb3e3d4a3ab89200d10390
C:\Drive E\ICNN_MetaPicker_Curated_STEAD_MATLAB\data\csv_stead_filtered\stead_event_00799.csv,f216595bfb26a2a992c1809d42780d9f20bbb0a69127c705c53bb2efc87af305
C:\Drive E\ICNN_MetaPicker_Curated_STEAD_MATLAB\data\csv_stead_filtered\stead_event_00800.csv,97c51e7223ad19560de4b58028cd7cc34293f758fc1fbc5c42236bb6b8d96a51
C:\Drive E\ICNN_MetaPicker_Curated_STEAD_MATLAB\data\csv_stead_filtered\stead_event_00801.csv,0a7b0d1b27b7d4c61e567e9cc82c689f4ce7a564a1e5dfeeebbd048d0efef6c6
C:\Drive E\ICNN_MetaPicker_Curated_STEAD_MATLAB\data\csv_stead_filtered\stead_event_00802.csv,da2d0e81c3405d6586d5f4df9430178e8175433730f681ceea78300ef7c5157c
C:\Drive E\ICNN_MetaPicker_Curated_STEAD_MATLAB\data\csv_stead_filtered\stead_event_00803.csv,093f3fd0e0723dfe5ca88fc1696cbdc22609b78db18e35f9f6bd0169feb7a72a
C:\Drive E\ICNN_MetaPicker_Curated_STEAD_MATLAB\data\csv_stead_filtered\stead_event_00804.csv,225e65fe4a41022661574463c3333002ded109891d149e1974b0c047ac4faa6a
C:\Drive E\ICNN_MetaPicker_Curated_STEAD_MATLAB\data\csv_stead_filtered\stead_event_00805.csv,f55dabb03d3f54500ce191d0d2d88724c2a1fe04d7cb651d9a1e4845cbc2890d
C:\Drive E\ICNN_MetaPicker_Curated_STEAD_MATLAB\data\csv_stead_filtered\stead_event_00806.csv,5a2b17f3b24246bfd4752b31f37b7d0ffcc6728fa128c27f419f60e7f806f099
C:\Drive E\ICNN_MetaPicker_Curated_STEAD_MATLAB\data\csv_stead_filtered\stead_event_00807.csv,68babecd710b6713f4160995773b309c3855f5d626cdde129660e69d79873614
C:\Drive E\ICNN_MetaPicker_Curated_STEAD_MATLAB\data\csv_stead_filtered\stead_event_00808.csv,45ba00be302bd27c3e9dc50476596c5699289aada6a1e0244ed5baf754b6b781
C:\Drive E\ICNN_MetaPicker_Curated_STEAD_MATLAB\data\csv_stead_filtered\stead_event_00809.csv,18c4dbd2d2c9b46f34b925b540ba29e2d1b506ba832191c43a8f3f1eed25ade0
C:\Drive E\ICNN_MetaPicker_Curated_STEAD_MATLAB\data\csv_stead_filtered\stead_event_00810.csv,158f62261e246c758421666769f3a88d3407d350ccc7ff1e4a6a9a165ecf2657
C:\Drive E\ICNN_MetaPicker_Curated_STEAD_MATLAB\data\csv_stead_filtered\stead_event_00811.csv,45b3417129abcd8b06bbd317f1489500da4eca9bf1eeca1190c305ecfd07d99e
C:\Drive E\ICNN_MetaPicker_Curated_STEAD_MATLAB\data\csv_stead_filtered\stead_event_00812.csv,e8db623db8edafb82d114241bc08ca4287d8c942e0e20e83cb00fc447ff9b957
C:\Drive E\ICNN_MetaPicker_Curated_STEAD_MATLAB\data\csv_stead_filtered\stead_event_00813.csv,40b2eaa3d7c82ed21570ea82bd749f5766163395dcba725ecfcf85d35c6d0c9d
C:\Drive E\ICNN_MetaPicker_Curated_STEAD_MATLAB\data\csv_stead_filtered\stead_event_00814.csv,6885667967d94d551c3c99b6461e5fb67feeda904456443bc58f653974e6e8f0
C:\Drive E\ICNN_MetaPicker_Curated_STEAD_MATLAB\data\csv_stead_filtered\stead_event_00815.csv,6a985f0341c475f793d406a0e19661b153562c5041b4d3ec48114cf6943218ef
C:\Drive E\ICNN_MetaPicker_Curated_STEAD_MATLAB\data\csv_stead_filtered\stead_event_00816.csv,9b2df62848c1f435e1e287a2c54fee2a96da753cbc9e2c91f6de2d0dec29b502
C:\Drive E\ICNN_MetaPicker_Curated_STEAD_MATLAB\data\csv_stead_filtered\stead_event_00817.csv,56726c923815c501094cc54c54cf08234df7826e4b626a0edf322152f1c4db91
C:\Drive E\ICNN_MetaPicker_Curated_STEAD_MATLAB\data\csv_stead_filtered\stead_event_00818.csv,5175661262fb05fc41e76c78188df38eb720dddc33620cb0eadb34c191a0a92a
C:\Drive E\ICNN_MetaPicker_Curated_STEAD_MATLAB\data\csv_stead_filtered\stead_event_00819.csv,9ef55415ee695b88a7e90b98f36928e64ff6e26b70de2324c46fd9cca5a0ae32
C:\Drive E\ICNN_MetaPicker_Curated_STEAD_MATLAB\data\csv_stead_filtered\stead_event_00820.csv,c39f66687365dd57cbe71a41be01bbc0b06cf8126b8632914016b21f6e36f4a9
C:\Drive E\ICNN_MetaPicker_Curated_STEAD_MATLAB\data\csv_stead_filtered\stead_event_00821.csv,1683785349a486bc529b8f150f5601451bf0cbeabc90f12a7d676b6dcc4f9a33
C:\Drive E\ICNN_MetaPicker_Curated_STEAD_MATLAB\data\csv_stead_filtered\stead_event_00822.csv,d79c2b6ae974f422b7d770e1e335d780531019041d7bb2b734bf91290f27066c
C:\Drive E\ICNN_MetaPicker_Curated_STEAD_MATLAB\data\csv_stead_filtered\stead_event_00823.csv,cf4625287623cfe1c3699e16b2192895d1b31722b8dc31b4f39cfc58ee535872
C:\Drive E\ICNN_MetaPicker_Curated_STEAD_MATLAB\data\csv_stead_filtered\stead_event_00824.csv,8ca93480339981f29577526c82fe588b54d6eae1fe51a6e8dec8afd79c4a0f67
C:\Drive E\ICNN_MetaPicker_Curated_STEAD_MATLAB\data\csv_stead_filtered\stead_event_00825.csv,dc9c508bb7b0eb725c1659a087072b3dbf86f551e269b84db84731642efc59f1
C:\Drive E\ICNN_MetaPicker_Curated_STEAD_MATLAB\data\csv_stead_filtered\stead_event_00826.csv,f9a280877393f12bfcb44c0f452ac41057b8b91d060f6a104f4e5e64df5b37ed
C:\Drive E\ICNN_MetaPicker_Curated_STEAD_MATLAB\data\csv_stead_filtered\stead_event_00827.csv,a3b317009c99f0d8bcff1ea98eca9392e8dc9259fba193891fbac3e7c08e4e15
C:\Drive E\ICNN_MetaPicker_Curated_STEAD_MATLAB\data\csv_stead_filtered\stead_event_00828.csv,9a7b40fc078c1934e64dd149a53e88dc62f90e6b48ffc4d4bfcf55743b73510d
C:\Drive E\ICNN_MetaPicker_Curated_STEAD_MATLAB\data\csv_stead_filtered\stead_event_00829.csv,b296f5452a51e38e97c9088a89a4d6c55a112e1244e19995cddea012952c104a
C:\Drive E\ICNN_MetaPicker_Curated_STEAD_MATLAB\data\csv_stead_filtered\stead_event_00830.csv,f7c1b459bd49dc150a447dcfe0181454122801c7443edc37c96ee1109e126244
C:\Drive E\ICNN_MetaPicker_Curated_STEAD_MATLAB\data\csv_stead_filtered\stead_event_00831.csv,69edc6121ea0ba2cb59745168d0e136ecbc735ff7beda269c00f66f469962edc
C:\Drive E\ICNN_MetaPicker_Curated_STEAD_MATLAB\data\csv_stead_filtered\stead_event_00832.csv,3ba51f82659a38f6e6e8c5f46129ed5b47365437d1b79ef36f5495be58cdfa91
C:\Drive E\ICNN_MetaPicker_Curated_STEAD_MATLAB\data\csv_stead_filtered\stead_event_00833.csv,86e175e42da711ed15f5404158c5bf8a90b4d30a04ad3cf6690ac207c2e38956
C:\Drive E\ICNN_MetaPicker_Curated_STEAD_MATLAB\data\csv_stead_filtered\stead_event_00834.csv,900354f1374e8809f8500ddf0e66ebdefc09838dfd0f0e36d2b8ba3734fe1090
C:\Drive E\ICNN_MetaPicker_Curated_STEAD_MATLAB\data\csv_stead_filtered\stead_event_00835.csv,08c099db13e1f8d5645eda527d93ec130f599a64eecf1db5f821bf6305cc49cf
C:\Drive E\ICNN_MetaPicker_Curated_STEAD_MATLAB\data\csv_stead_filtered\stead_event_00836.csv,7f8591271c47b314a3d6dabb99b5fca31f18bf2e67e936aa413ed5c0b7f761e9
C:\Drive E\ICNN_MetaPicker_Curated_STEAD_MATLAB\data\csv_stead_filtered\stead_event_00837.csv,c1c1d9d5334970dd8421f564c621d6197edb7944030d7248ce3210a44d02b566
C:\Drive E\ICNN_MetaPicker_Curated_STEAD_MATLAB\data\csv_stead_filtered\stead_event_00838.csv,e55fc32981a001e2e11e95998adec85163f95aa3a5e92ea535f87074d3f6bada
C:\Drive E\ICNN_MetaPicker_Curated_STEAD_MATLAB\data\csv_stead_filtered\stead_event_00839.csv,f322fa629caf0cbbaec1acc4a4d0d23f40b1c129ad11050917f5fe03e680dc35
C:\Drive E\ICNN_MetaPicker_Curated_STEAD_MATLAB\data\csv_stead_filtered\stead_event_00840.csv,e5f12ba5ecf529459337cac3cbe887ad6700cfb2f1b605420a28ccf2fc7eb147
C:\Drive E\ICNN_MetaPicker_Curated_STEAD_MATLAB\data\csv_stead_filtered\stead_event_00841.csv,7c36f3c7a78a1bc03ba82729de3ff94c4261ba30205522774208f4ec449961c9
C:\Drive E\ICNN_MetaPicker_Curated_STEAD_MATLAB\data\csv_stead_filtered\stead_event_00842.csv,dc60227cbd21dd92a785db3123c4e1fcc4fe416766aae67f834ce97dc379914a
C:\Drive E\ICNN_MetaPicker_Curated_STEAD_MATLAB\data\csv_stead_filtered\stead_event_00843.csv,ece0e14e80d991e2fb4dfd2b45a0cafbf40f3f0326dc79b9e2b7eebf6b9acf1e
C:\Drive E\ICNN_MetaPicker_Curated_STEAD_MATLAB\data\csv_stead_filtered\stead_event_00844.csv,291496a93cd0fd7f078f7a87b5a6929fa4469f891697163a27d826b72c8f3718
C:\Drive E\ICNN_MetaPicker_Curated_STEAD_MATLAB\data\csv_stead_filtered\stead_event_00845.csv,1b00e76786c6b1bb8eec1e8b4aafc86dd7104910721e5a56dd410f95704660e1
C:\Drive E\ICNN_MetaPicker_Curated_STEAD_MATLAB\data\csv_stead_filtered\stead_event_00846.csv,ec2c526f85b399377a47b5ee61ebd660080142537eef7abcc8ab5c215709df81
C:\Drive E\ICNN_MetaPicker_Curated_STEAD_MATLAB\data\csv_stead_filtered\stead_event_00847.csv,58bd7cdd2912ef1cacd13c0cd76d841bde62c6b0e6aa953f93c85e7d0242ac67
C:\Drive E\ICNN_MetaPicker_Curated_STEAD_MATLAB\data\csv_stead_filtered\stead_event_00848.csv,6a73c124341f3b6b90fb32e29d6ac26d7c1b238e317287ccfa7a02a2296afb27
C:\Drive E\ICNN_MetaPicker_Curated_STEAD_MATLAB\data\csv_stead_filtered\stead_event_00849.csv,2a3ce7c782dba93346bb85d0e2be8d41b0bac24107470c7161c6de0bb7890973
C:\Drive E\ICNN_MetaPicker_Curated_STEAD_MATLAB\data\csv_stead_filtered\stead_event_00850.csv,a7661b8b1a124c13210ea1458b8944639664e0a5c61654a9729ba6781dcec899
C:\Drive E\ICNN_MetaPicker_Curated_STEAD_MATLAB\data\csv_stead_filtered\stead_event_00851.csv,76b9b2e57b88debb61f1eea5248f16a1aada5bb0856dde76d1a58e0e56d1ea75
C:\Drive E\ICNN_MetaPicker_Curated_STEAD_MATLAB\data\csv_stead_filtered\stead_event_00852.csv,93cb7cdc2676cd02ec802d0c9cc3e7d8ca30c6d5e40135f29473ea13dc366e2d
C:\Drive E\ICNN_MetaPicker_Curated_STEAD_MATLAB\data\csv_stead_filtered\stead_event_00853.csv,5fce2e76c497ccf8b98e3ce0d87e119395585052aaedef0f8408b7fdf16f7c4e
C:\Drive E\ICNN_MetaPicker_Curated_STEAD_MATLAB\data\csv_stead_filtered\stead_event_00854.csv,aebbfdae03fba437ee4662ee8c277ebe8dc88e4b11727edd413d049d5a4965eb
C:\Drive E\ICNN_MetaPicker_Curated_STEAD_MATLAB\data\csv_stead_filtered\stead_event_00855.csv,5da6dc99c249d311772329864460cf432422ec7a0dbddcefec93550fc1a7aaa2
C:\Drive E\ICNN_MetaPicker_Curated_STEAD_MATLAB\data\csv_stead_filtered\stead_event_00856.csv,37a9711a84dba725036aecf3a6057dad54a710481d5ea932c6253dbf4e822c4d
C:\Drive E\ICNN_MetaPicker_Curated_STEAD_MATLAB\data\csv_stead_filtered\stead_event_00857.csv,ddb4e6fcb9194e5a0c2ae89ffd97013d3b641f8961e75504e767659b1ea5e5a9
C:\Drive E\ICNN_MetaPicker_Curated_STEAD_MATLAB\data\csv_stead_filtered\stead_event_00858.csv,b0408382d4a81128e270c292a869543a6693c6dd3700ebb42dba67faa56446eb
C:\Drive E\ICNN_MetaPicker_Curated_STEAD_MATLAB\data\csv_stead_filtered\stead_event_00859.csv,813116a8de9a3913ee0bc88b89e45dfb01c900529a51cdbf575a125003e46807
C:\Drive E\ICNN_MetaPicker_Curated_STEAD_MATLAB\data\csv_stead_filtered\stead_event_00860.csv,91091879cd7f98283efad6a06ce007d6b1382324760a740ebaf19603a0296dd0
C:\Drive E\ICNN_MetaPicker_Curated_STEAD_MATLAB\data\csv_stead_filtered\stead_event_00861.csv,05684f3c3511aef49306014b821c0747bc8b0e9b8b6f66295b3ad82f4b91c4f0
C:\Drive E\ICNN_MetaPicker_Curated_STEAD_MATLAB\data\csv_stead_filtered\stead_event_00862.csv,0f5752d8549b869b8a1885d741ac7e3ffe7d4d1ff062a1c0dbae07a1ae51ce1d
C:\Drive E\ICNN_MetaPicker_Curated_STEAD_MATLAB\data\csv_stead_filtered\stead_event_00863.csv,50fc60a2af5a4d012c7f9f9c0a3ef2d4644afa0d14f91c6cfa389d94b6014601
C:\Drive E\ICNN_MetaPicker_Curated_STEAD_MATLAB\data\csv_stead_filtered\stead_event_00864.csv,28aec24119a1f9a860c4aaa700522de3a4ee3d54acc4f5533854d4fb648d949f
C:\Drive E\ICNN_MetaPicker_Curated_STEAD_MATLAB\data\csv_stead_filtered\stead_event_00865.csv,2ff51daffd44e179b53898cc2d52bc4419185f01442d3c94029045b870e0199a
C:\Drive E\ICNN_MetaPicker_Curated_STEAD_MATLAB\data\csv_stead_filtered\stead_event_00866.csv,2d0005f884a227e2dafaffccaae262345f897e7b5bdd37ca178ef7474f57d76f
C:\Drive E\ICNN_MetaPicker_Curated_STEAD_MATLAB\data\csv_stead_filtered\stead_event_00867.csv,1b3d53ac6bbbf5b0c734ef014132f2e4e3015088a6a29230505d742ea66e8c84
C:\Drive E\ICNN_MetaPicker_Curated_STEAD_MATLAB\data\csv_stead_filtered\stead_event_00868.csv,a134e2dc08643e743c5a466070491f02926e5587224e56b446e31a22b74ed237
C:\Drive E\ICNN_MetaPicker_Curated_STEAD_MATLAB\data\csv_stead_filtered\stead_event_00869.csv,3e4686e39a28382eda82cbe04ff21fda87b286ffb7131aeb5c5f691fc3da6c25
C:\Drive E\ICNN_MetaPicker_Curated_STEAD_MATLAB\data\csv_stead_filtered\stead_event_00870.csv,0ef7b89ed4ced6fe81962ef3b4494c6e1b3f150d5a0c1721145f605cfbcd3b06
C:\Drive E\ICNN_MetaPicker_Curated_STEAD_MATLAB\data\csv_stead_filtered\stead_event_00871.csv,c56e818d7d7eaacff8da10cfea533b5070849c862ccea50e3ed77b886ae19d08
C:\Drive E\ICNN_MetaPicker_Curated_STEAD_MATLAB\data\csv_stead_filtered\stead_event_00872.csv,2f5af5e9d4bc5a2e6162b32e5a17762363007c63365cc00d7b46666ccc7bfb74
C:\Drive E\ICNN_MetaPicker_Curated_STEAD_MATLAB\data\csv_stead_filtered\stead_event_00873.csv,c1a4e381d982258a0eeb98f63be949fadf883d24321d1077519aa9353124da59
C:\Drive E\ICNN_MetaPicker_Curated_STEAD_MATLAB\data\csv_stead_filtered\stead_event_00874.csv,b2eaf5189ff266377de269d39e9ae9cde8e5484bd5c7b8ff805a8f96e649b51c
C:\Drive E\ICNN_MetaPicker_Curated_STEAD_MATLAB\data\csv_stead_filtered\stead_event_00875.csv,8aae0923921399414c9113c078ce2657f86fc84b2b4e0a862f568944146b3d4a
C:\Drive E\ICNN_MetaPicker_Curated_STEAD_MATLAB\data\csv_stead_filtered\stead_event_00876.csv,c5a06317dd244e74f1436558dddfd247abbcd8a06b485a9748627af2ad9eb892
C:\Drive E\ICNN_MetaPicker_Curated_STEAD_MATLAB\data\csv_stead_filtered\stead_event_00877.csv,6ac7ef1ac5657fe2891fe5fed18369b6737349aa05ea1753fe76cbf5a3796c23
C:\Drive E\ICNN_MetaPicker_Curated_STEAD_MATLAB\data\csv_stead_filtered\stead_event_00878.csv,4720c82ee58e37ed81470633d4ef251f0954fae9aafc20a4f88ba6c0a1ee8996
C:\Drive E\ICNN_MetaPicker_Curated_STEAD_MATLAB\data\csv_stead_filtered\stead_event_00879.csv,89009b6cecd65078b2767c0b1620dfb0778b53fdc8dc9c82c585960492ab4851
C:\Drive E\ICNN_MetaPicker_Curated_STEAD_MATLAB\data\csv_stead_filtered\stead_event_00880.csv,1ea08d94297a428001d8ca126cad3e01f74099e8d27f8f22e12d740e1d89ae5b
C:\Drive E\ICNN_MetaPicker_Curated_STEAD_MATLAB\data\csv_stead_filtered\stead_event_00881.csv,cb49b62ea6fc584dc5a9405d297e87930f3c030fedb0e462b52c78ace0bb3b6b
C:\Drive E\ICNN_MetaPicker_Curated_STEAD_MATLAB\data\csv_stead_filtered\stead_event_00882.csv,19b20bc133f8d1bbffc38c58acea6318e6c95d539d36a7b389de413eaad0a13c
C:\Drive E\ICNN_MetaPicker_Curated_STEAD_MATLAB\data\csv_stead_filtered\stead_event_00883.csv,67ce1abaa03ea4c04144f457de567067fce0baaa5c6e3120cd5cd85d7e9e82f7
C:\Drive E\ICNN_MetaPicker_Curated_STEAD_MATLAB\data\csv_stead_filtered\stead_event_00884.csv,6079edc848ec6a6ca00eb4f825b76c4c7b6b058deb08c4c47dd84c229123a712
C:\Drive E\ICNN_MetaPicker_Curated_STEAD_MATLAB\data\csv_stead_filtered\stead_event_00885.csv,27428f2423eba78928dc7daa1feb8192cd262d2f7cfb0a733598d705806b42ba
C:\Drive E\ICNN_MetaPicker_Curated_STEAD_MATLAB\data\csv_stead_filtered\stead_event_00886.csv,479bac628b29cf649779289f4bbf499889998f52d4781c4045db92c10893a997
C:\Drive E\ICNN_MetaPicker_Curated_STEAD_MATLAB\data\csv_stead_filtered\stead_event_00887.csv,48deec00d031a628d9e6dbdd7d1f608d353e134ac7e16e73429714fda13c3457
C:\Drive E\ICNN_MetaPicker_Curated_STEAD_MATLAB\data\csv_stead_filtered\stead_event_00888.csv,33652d84d6d79463174fa1a583afc4a5835b6b8578c463c2d5ee465a4f93705b
C:\Drive E\ICNN_MetaPicker_Curated_STEAD_MATLAB\data\csv_stead_filtered\stead_event_00889.csv,a70fd05ea23a4edb58de66edeee535eb7550362c4573ac0ef31064cc801a7389
C:\Drive E\ICNN_MetaPicker_Curated_STEAD_MATLAB\data\csv_stead_filtered\stead_event_00890.csv,ee8505b320acdd671eb9743652dd2baaa94bff0b8d1c7e7fc57632985fd12d62
C:\Drive E\ICNN_MetaPicker_Curated_STEAD_MATLAB\data\csv_stead_filtered\stead_event_00891.csv,612dc10231be18417c17a594ba113874a2adc27aec97109ffe853a94f24b2b85
C:\Drive E\ICNN_MetaPicker_Curated_STEAD_MATLAB\data\csv_stead_filtered\stead_event_00892.csv,c40b3f57a89d7d1e848bf4e5f9c132a8b4a80a543c4f62635c3f8a3fd7eb99d7
C:\Drive E\ICNN_MetaPicker_Curated_STEAD_MATLAB\data\csv_stead_filtered\stead_event_00893.csv,a0d327689ddca4401be5ba84cf605491f1fe2c642873440c105ca7b845671d92
C:\Drive E\ICNN_MetaPicker_Curated_STEAD_MATLAB\data\csv_stead_filtered\stead_event_00894.csv,203d6de84b0fad79a42b6301b2bf01741e254024fda50e57b860bec31b8b2f2c
C:\Drive E\ICNN_MetaPicker_Curated_STEAD_MATLAB\data\csv_stead_filtered\stead_event_00895.csv,fc01c41172effcc94612c549638231a68bc034c76529288bd281b35e36027ce9
C:\Drive E\ICNN_MetaPicker_Curated_STEAD_MATLAB\data\csv_stead_filtered\stead_event_00896.csv,98bf9c73b7899e8457475fd8a05be164828ea4c113a1b3bc2db2c0c5230b2b36
C:\Drive E\ICNN_MetaPicker_Curated_STEAD_MATLAB\data\csv_stead_filtered\stead_event_00897.csv,bd63216d25a2574c5d231874931024c1ceabd41dceb7176337c1a56e7582ad66
C:\Drive E\ICNN_MetaPicker_Curated_STEAD_MATLAB\data\csv_stead_filtered\stead_event_00898.csv,ae7587954da63ad491c5cf0ce08c3fce45a516795402a1ce8c9b8a30d66744f8
C:\Drive E\ICNN_MetaPicker_Curated_STEAD_MATLAB\data\csv_stead_filtered\stead_event_00899.csv,0a3320815658a207f97c8f831efdc26b39dc8c5f1287157e15a9ddaec183ae1f
C:\Drive E\ICNN_MetaPicker_Curated_STEAD_MATLAB\data\csv_stead_filtered\stead_event_00900.csv,079e69cde2745d81d51cafe9496e24e7a4c682a493e1f6f4d178660ee0aba441
C:\Drive E\ICNN_MetaPicker_Curated_STEAD_MATLAB\data\csv_stead_filtered\stead_event_00901.csv,a34b2558a8d1548f776aa021579ad8da06d5ad25f2ce7542f8a9cbaf68ea8e71
C:\Drive E\ICNN_MetaPicker_Curated_STEAD_MATLAB\data\csv_stead_filtered\stead_event_00902.csv,6bc1ed904549d4a97cf8b99c01a16c60ea50e6ebb63bc3d972b1f64e9558743b
C:\Drive E\ICNN_MetaPicker_Curated_STEAD_MATLAB\data\csv_stead_filtered\stead_event_00903.csv,74bd78b61ff6458dbd64a9e00752e3a0220ad8b78074cb2811eeb84a59dbfdd2
C:\Drive E\ICNN_MetaPicker_Curated_STEAD_MATLAB\data\csv_stead_filtered\stead_event_00904.csv,910fc93e1bb92ff653230ae8162ef37238f0cdd8c163f6eabd7823ea69417752
C:\Drive E\ICNN_MetaPicker_Curated_STEAD_MATLAB\data\csv_stead_filtered\stead_event_00905.csv,d331fdbf629e3e7da5ddbd5d27bc38aef5b4c7df66a2b9795492d3af8a7fc9dc
C:\Drive E\ICNN_MetaPicker_Curated_STEAD_MATLAB\data\csv_stead_filtered\stead_event_00906.csv,04bb228ffd67c4e185105c18deba153b6bd7c68c3c10e63374a24011d0a159e8
C:\Drive E\ICNN_MetaPicker_Curated_STEAD_MATLAB\data\csv_stead_filtered\stead_event_00907.csv,43be93844dc1f59f6b444475c3ff20f9f74441df58e87a1292e380d571c97119
C:\Drive E\ICNN_MetaPicker_Curated_STEAD_MATLAB\data\csv_stead_filtered\stead_event_00908.csv,983ba336ef4263d336a03a0349c60ce5aae81e0e4fc6e2d212fc13b620f26590
C:\Drive E\ICNN_MetaPicker_Curated_STEAD_MATLAB\data\csv_stead_filtered\stead_event_00909.csv,534f095f7760d5a4cc0198a679046ab93479de91972b3cb87cde5b5b8affcc0f
C:\Drive E\ICNN_MetaPicker_Curated_STEAD_MATLAB\data\csv_stead_filtered\stead_event_00910.csv,3967960c0e12205aea105ba2552704e79f0fbc06f6996ba7652accc2c38906e3
C:\Drive E\ICNN_MetaPicker_Curated_STEAD_MATLAB\data\csv_stead_filtered\stead_event_00911.csv,437a3160d04a06b8dcb5085cb94b87938177d47482d365d352d6eaf4adb7d152
C:\Drive E\ICNN_MetaPicker_Curated_STEAD_MATLAB\data\csv_stead_filtered\stead_event_00912.csv,01f5d35a5d4d57588e73c704200a4a32d695415972a7c5af3d5bc42c2ff7feaa
C:\Drive E\ICNN_MetaPicker_Curated_STEAD_MATLAB\data\csv_stead_filtered\stead_event_00913.csv,f3c50b7bf36cbfef9042a01c39819eb83e955a51e181e54ea3b072faaf26899e
C:\Drive E\ICNN_MetaPicker_Curated_STEAD_MATLAB\data\csv_stead_filtered\stead_event_00914.csv,6e897169f12116dfbe59200029db8a6cef8bf5247b31538aca87cae5bc8ca33d
C:\Drive E\ICNN_MetaPicker_Curated_STEAD_MATLAB\data\csv_stead_filtered\stead_event_00915.csv,1b47b753c7855fa439ddc2cd353de65f111b5b73c41f1dd74bc43fad5174f46c
C:\Drive E\ICNN_MetaPicker_Curated_STEAD_MATLAB\data\csv_stead_filtered\stead_event_00916.csv,9107277fe6716e23b1ab2838a426ae31349880f7f2e60190ab25b31562606b1c
C:\Drive E\ICNN_MetaPicker_Curated_STEAD_MATLAB\data\csv_stead_filtered\stead_event_00917.csv,baf2a8ebc8606a8331e0a19590ab120cf6157ace6a4fd0489ff1c5eff3693730
C:\Drive E\ICNN_MetaPicker_Curated_STEAD_MATLAB\data\csv_stead_filtered\stead_event_00918.csv,7db525a89b6e7aa6a3eeac2c79b2bab343486513675846dd1d0c7d9340afe418
C:\Drive E\ICNN_MetaPicker_Curated_STEAD_MATLAB\data\csv_stead_filtered\stead_event_00919.csv,a3c37597779828860fad3d9685c9e7499ea6441d095594428b5de4104d7466e7
C:\Drive E\ICNN_MetaPicker_Curated_STEAD_MATLAB\data\csv_stead_filtered\stead_event_00920.csv,1b814494cdb01b4b3498f25053d6932d8c5b50bbd7ab597b342e2cc97207e0f6
C:\Drive E\ICNN_MetaPicker_Curated_STEAD_MATLAB\data\csv_stead_filtered\stead_event_00921.csv,9285f96b50c77751f797c4c3f2cafc42c232406209bc03c526a8d325de1f018f
C:\Drive E\ICNN_MetaPicker_Curated_STEAD_MATLAB\data\csv_stead_filtered\stead_event_00922.csv,51447817c0464c95e862c32c38b3e54bbc8ce52050cb574d45ac896f9f18d831
C:\Drive E\ICNN_MetaPicker_Curated_STEAD_MATLAB\data\csv_stead_filtered\stead_event_00923.csv,ecd48ea91aa187771f00c2d40c98c8b880cd5e7665de64471edf3dcc9bc0361a
C:\Drive E\ICNN_MetaPicker_Curated_STEAD_MATLAB\data\csv_stead_filtered\stead_event_00924.csv,2a9dad75d4a9d99a71fe834990c204395380f8a0698a5652a8334efff42db5ab
C:\Drive E\ICNN_MetaPicker_Curated_STEAD_MATLAB\data\csv_stead_filtered\stead_event_00925.csv,9d5d829351de8c8acd4aace6ff5f3a902e495fcd87779009575cbbc95b87aea6
C:\Drive E\ICNN_MetaPicker_Curated_STEAD_MATLAB\data\csv_stead_filtered\stead_event_00926.csv,fa356c15b6655b714cb7fe9265fb3fde6885e4851c2143cef5ae12f8be655558
C:\Drive E\ICNN_MetaPicker_Curated_STEAD_MATLAB\data\csv_stead_filtered\stead_event_00927.csv,6b52c5103b594b735b87e255ad1ce4124ea2030cc1d41ab639e494a5f34816b3
C:\Drive E\ICNN_MetaPicker_Curated_STEAD_MATLAB\data\csv_stead_filtered\stead_event_00928.csv,99a5e64d9fb2a106acc9daadd64b9bae959a166805f70f4a9539fd78ba71b1bc
C:\Drive E\ICNN_MetaPicker_Curated_STEAD_MATLAB\data\csv_stead_filtered\stead_event_00929.csv,8fa1319ad7e3d1ffeb4320be2cabe5da1104524bd3a4bfe3afeeb18a22d9437b
C:\Drive E\ICNN_MetaPicker_Curated_STEAD_MATLAB\data\csv_stead_filtered\stead_event_00930.csv,bb90b355c845416ac0eb8ff8600efb3c0d1e07db791604f81b930b58a5a563a2
C:\Drive E\ICNN_MetaPicker_Curated_STEAD_MATLAB\data\csv_stead_filtered\stead_event_00931.csv,93cbf24b4c1a453eba482b009296eb1de10ab0a36e2c946917e13e0bf182248e
C:\Drive E\ICNN_MetaPicker_Curated_STEAD_MATLAB\data\csv_stead_filtered\stead_event_00932.csv,e2f6f7c3d5a9676159d1e7469ba5bbe8316e10e7fdb983adeab29e425db6f73f
C:\Drive E\ICNN_MetaPicker_Curated_STEAD_MATLAB\data\csv_stead_filtered\stead_event_00933.csv,79fc84aef78f00da58e7c31c93dd9f2f1fc39a483ced3eeec046778ebee478b1
C:\Drive E\ICNN_MetaPicker_Curated_STEAD_MATLAB\data\csv_stead_filtered\stead_event_00934.csv,1f2ef312f816352712fded6adee09e675baf2ed4e80ca5b51ed1763d3feeeb76
C:\Drive E\ICNN_MetaPicker_Curated_STEAD_MATLAB\data\csv_stead_filtered\stead_event_00935.csv,376ea61625400cdedfb70d0e7ea25e7212ebe397a42008d96a54dbc755e10edb
C:\Drive E\ICNN_MetaPicker_Curated_STEAD_MATLAB\data\csv_stead_filtered\stead_event_00936.csv,ef21000acfbc68ad9a2bd6155cdb0815360892017a758ba32339f8563ad0d380
C:\Drive E\ICNN_MetaPicker_Curated_STEAD_MATLAB\data\csv_stead_filtered\stead_event_00937.csv,23f8870d5058a313a1d905425a26082b54a7b191372f67365aff2e4fe5d180c8
C:\Drive E\ICNN_MetaPicker_Curated_STEAD_MATLAB\data\csv_stead_filtered\stead_event_00938.csv,831e078bd9413617f74e18d1c2453bc75053fc59212607c4d822500ed144331f
C:\Drive E\ICNN_MetaPicker_Curated_STEAD_MATLAB\data\csv_stead_filtered\stead_event_00939.csv,9818e96110cf41c324513c13ae1d6a90c5553a26888eec0731bdcb79927dc522
C:\Drive E\ICNN_MetaPicker_Curated_STEAD_MATLAB\data\csv_stead_filtered\stead_event_00940.csv,0783d49b46df0dfb15aa823227c0c5efc3fd0fe614890d8605440eebe9551725
C:\Drive E\ICNN_MetaPicker_Curated_STEAD_MATLAB\data\csv_stead_filtered\stead_event_00941.csv,d3965c1fe571c6c13f61d2f1121100e8094d1960ee823038a56a5130cab7fb9b
C:\Drive E\ICNN_MetaPicker_Curated_STEAD_MATLAB\data\csv_stead_filtered\stead_event_00942.csv,fc30f0aa14ddf96b7f4c60bf6a89d59df409d63b631be1f0b66ab95755f48f1b
C:\Drive E\ICNN_MetaPicker_Curated_STEAD_MATLAB\data\csv_stead_filtered\stead_event_00943.csv,fd9726d0546656fdf1a1fb799bcf53602cbce00cc95715e52e2c9f5fa7d3032a
C:\Drive E\ICNN_MetaPicker_Curated_STEAD_MATLAB\data\csv_stead_filtered\stead_event_00944.csv,78184682db4ec7e9a011ec20963280c7f6f032f9bbab6289416cf90ec06c978f
C:\Drive E\ICNN_MetaPicker_Curated_STEAD_MATLAB\data\csv_stead_filtered\stead_event_00945.csv,7d12519316ca0f5cf25dfb8ad91fac6692e886db0f561b7fa363ac03674aaeb9
C:\Drive E\ICNN_MetaPicker_Curated_STEAD_MATLAB\data\csv_stead_filtered\stead_event_00946.csv,8368135f1135317606263db4c054fc7c5e8308bc77a739a09783610f1520fba9
C:\Drive E\ICNN_MetaPicker_Curated_STEAD_MATLAB\data\csv_stead_filtered\stead_event_00947.csv,4657ed171d337e1f36299d2012fd4c4800f72050e8b34294da5b802d08a1dcb0
C:\Drive E\ICNN_MetaPicker_Curated_STEAD_MATLAB\data\csv_stead_filtered\stead_event_00948.csv,28dfc702185491784abef3ad1af9e16c2fe20071aaa426eb068eae42263ae072
C:\Drive E\ICNN_MetaPicker_Curated_STEAD_MATLAB\data\csv_stead_filtered\stead_event_00949.csv,746bdc3f0278cfdefed25a2b3066a34d2ce3c5b415afd5ae7e532aa9dc1a5e04
C:\Drive E\ICNN_MetaPicker_Curated_STEAD_MATLAB\data\csv_stead_filtered\stead_event_00950.csv,de1e6f959fd760971041c91e8fa0e3e554c9c192b5465988b7a405fb22917d6a
C:\Drive E\ICNN_MetaPicker_Curated_STEAD_MATLAB\data\csv_stead_filtered\stead_event_00951.csv,2ab38e98c38b4d76e41bcaaf1ba0642f4c80fc69f1d92823721c1e2bdb63f295
C:\Drive E\ICNN_MetaPicker_Curated_STEAD_MATLAB\data\csv_stead_filtered\stead_event_00952.csv,ceedc77d23a3df6bfe8d12b6fef5257ceca97f4de43f91b57cf156f3feccd952
C:\Drive E\ICNN_MetaPicker_Curated_STEAD_MATLAB\data\csv_stead_filtered\stead_event_00953.csv,4cb97286fc59e03dcc5dc0c4c4ba37c0a28d32f0f1b9d076b63707e09f617c11
C:\Drive E\ICNN_MetaPicker_Curated_STEAD_MATLAB\data\csv_stead_filtered\stead_event_00954.csv,7c912de340fcc5882d91859a82d5d7681615231c21c5a0a13d1b94bd106a75fb
C:\Drive E\ICNN_MetaPicker_Curated_STEAD_MATLAB\data\csv_stead_filtered\stead_event_00955.csv,b6fe8769278f49bf6b166494fc002af22c4990043c7f2423c6c178f2edba7179
C:\Drive E\ICNN_MetaPicker_Curated_STEAD_MATLAB\data\csv_stead_filtered\stead_event_00956.csv,2b4dc508728ca33ba0d12b645aa44507ef1008054e935c53815f90965b311f08
C:\Drive E\ICNN_MetaPicker_Curated_STEAD_MATLAB\data\csv_stead_filtered\stead_event_00957.csv,9746dd50b6990e8aec78b8a71abfa1384fca24e01b71c7e4318dde272356f351
C:\Drive E\ICNN_MetaPicker_Curated_STEAD_MATLAB\data\csv_stead_filtered\stead_event_00958.csv,e0a308323113ac8712b32ed405c2ee05cfa8cb41fb81b29a64949a341cf4b3b9
C:\Drive E\ICNN_MetaPicker_Curated_STEAD_MATLAB\data\csv_stead_filtered\stead_event_00959.csv,883978078abe6396af3639bd7ff5767b2c4fb4d927da6eeb0dd8050e7dba7734
C:\Drive E\ICNN_MetaPicker_Curated_STEAD_MATLAB\data\csv_stead_filtered\stead_event_00960.csv,9d14df561fbf5749aea3bd5bb3d17ef3a9fb3d080b167105d36fd4aafb965457
C:\Drive E\ICNN_MetaPicker_Curated_STEAD_MATLAB\data\csv_stead_filtered\stead_event_00961.csv,7e473f663f55e908027c9a9d9829aee66f0489e184d8ee51adf9db5fa11247c7
C:\Drive E\ICNN_MetaPicker_Curated_STEAD_MATLAB\data\csv_stead_filtered\stead_event_00962.csv,7e7204d1fde3b65dc798ade8d6339dd8dcfb7ee0b9ff61eb8b1e21219b0d852c
C:\Drive E\ICNN_MetaPicker_Curated_STEAD_MATLAB\data\csv_stead_filtered\stead_event_00963.csv,a86d7788269b63b60774187dfc283c9980ae678b023a0b624c904ffa96f366d3
C:\Drive E\ICNN_MetaPicker_Curated_STEAD_MATLAB\data\csv_stead_filtered\stead_event_00964.csv,09c5494953875a87863f6f2f87db658c072dc57b6f40b348e3e50180506e02dc
C:\Drive E\ICNN_MetaPicker_Curated_STEAD_MATLAB\data\csv_stead_filtered\stead_event_00965.csv,1bce1324007ec0b46bc3aa64a746c5f1ebc621b6b19e68f1dc507dc2fb51f944
C:\Drive E\ICNN_MetaPicker_Curated_STEAD_MATLAB\data\csv_stead_filtered\stead_event_00966.csv,75d5a071e01f1c56cbd5a6be0e2233298cc9f3493615d845423272c21b7703fe
C:\Drive E\ICNN_MetaPicker_Curated_STEAD_MATLAB\data\csv_stead_filtered\stead_event_00967.csv,a88415c70f0a024f0c183ac31f261137e3182a685961d96cd12579a4f28bf1f4
C:\Drive E\ICNN_MetaPicker_Curated_STEAD_MATLAB\data\csv_stead_filtered\stead_event_00968.csv,1c78ac941afa985ef4e294ff1987768e7f08b9cf3d79bd455073897e6f5ad63d
C:\Drive E\ICNN_MetaPicker_Curated_STEAD_MATLAB\data\csv_stead_filtered\stead_event_00969.csv,0b3ebf1ad93bf226022ec48415e01c82e708cd803c269e350d9751bfbc1af1d7
C:\Drive E\ICNN_MetaPicker_Curated_STEAD_MATLAB\data\csv_stead_filtered\stead_event_00970.csv,610ffe803578d07b9b814850821b62fead1953a4671aa83896849700b9c999a7
C:\Drive E\ICNN_MetaPicker_Curated_STEAD_MATLAB\data\csv_stead_filtered\stead_event_00971.csv,a534166a1d6d68ef3ad535cebb33de55a1ff1eb781baa063435c07b4b4e08b59
C:\Drive E\ICNN_MetaPicker_Curated_STEAD_MATLAB\data\csv_stead_filtered\stead_event_00972.csv,c2a9d26e91cc5c237c684134e877847ee81d24190ce283ba6b58c7d390a21996
C:\Drive E\ICNN_MetaPicker_Curated_STEAD_MATLAB\data\csv_stead_filtered\stead_event_00973.csv,fe0c811733e755780e3043b480eac2643e8c4e9fb7b8344c9ea05fd182aa70ee
C:\Drive E\ICNN_MetaPicker_Curated_STEAD_MATLAB\data\csv_stead_filtered\stead_event_00974.csv,7ef0dee22f49f15a4bde9a041e1ab289302dec6b70e610be0f99d62c5bdf81f7
C:\Drive E\ICNN_MetaPicker_Curated_STEAD_MATLAB\data\csv_stead_filtered\stead_event_00975.csv,0b1f1fd738e780a606a9e7cca91450bbe5dae0d7509fd0cb6f2fbb8af50e2151
C:\Drive E\ICNN_MetaPicker_Curated_STEAD_MATLAB\data\csv_stead_filtered\stead_event_00976.csv,43d20f5548d7650df67461aabf5b0e40d91bd5c40527515f7a13a12076f582b4
C:\Drive E\ICNN_MetaPicker_Curated_STEAD_MATLAB\data\csv_stead_filtered\stead_event_00977.csv,5cbf6e1422b269ac3dd59197e6153c6fd506d42328010562ca8dcca1f5a2ee54
C:\Drive E\ICNN_MetaPicker_Curated_STEAD_MATLAB\data\csv_stead_filtered\stead_event_00978.csv,c80f0f4e694390365a47b83fff401de4ef888d2025b6e2b4c2ee923f84eb32d4
C:\Drive E\ICNN_MetaPicker_Curated_STEAD_MATLAB\data\csv_stead_filtered\stead_event_00979.csv,f03ab2758f4d63b9e060b68400d9a7d74282d113333d8b21b2d3356b5bed1849
C:\Drive E\ICNN_MetaPicker_Curated_STEAD_MATLAB\data\csv_stead_filtered\stead_event_00980.csv,1cb2fdbe01ccecbe779c7f675dfb9e157ff5a6078a85f30acd4d1005545932be
C:\Drive E\ICNN_MetaPicker_Curated_STEAD_MATLAB\data\csv_stead_filtered\stead_event_00981.csv,7b5d6cdcc3f4fada124fd5e7e059415fad6771d6eea03552bfb9cea1824bc119
C:\Drive E\ICNN_MetaPicker_Curated_STEAD_MATLAB\data\csv_stead_filtered\stead_event_00982.csv,5780a1549e3d29dbcb4d36a624679a3d04dea7163c52ad6db658cd55aeaff01c
C:\Drive E\ICNN_MetaPicker_Curated_STEAD_MATLAB\data\csv_stead_filtered\stead_event_00983.csv,36c4e4e583537df0c68eaa0eb8bae420eb513c46b00e781da59d8528e9b561c6
C:\Drive E\ICNN_MetaPicker_Curated_STEAD_MATLAB\data\csv_stead_filtered\stead_event_00984.csv,9e3f78ddd92f527f8a43df1d6bd53a87eff6b5fa958ec9d0915c52045481a6a0
C:\Drive E\ICNN_MetaPicker_Curated_STEAD_MATLAB\data\csv_stead_filtered\stead_event_00985.csv,698cf0561e47da857f9cb74a4df06487a0884d4faf784cb936f22509f059cb51
C:\Drive E\ICNN_MetaPicker_Curated_STEAD_MATLAB\data\csv_stead_filtered\stead_event_00986.csv,0cdf3aad68cd723bf938519af3fc0a8fc956a67e80e79f35ca513a424d9e4f2b
C:\Drive E\ICNN_MetaPicker_Curated_STEAD_MATLAB\data\csv_stead_filtered\stead_event_00987.csv,a75041c99f58cf259ca8ea6c1c3861ae19515b65f57317cf21299dda8570c855
C:\Drive E\ICNN_MetaPicker_Curated_STEAD_MATLAB\data\csv_stead_filtered\stead_event_00988.csv,8049e55318700dde5950d388c116053ad83dedaec8d432c1bbd959b25f7a188f
C:\Drive E\ICNN_MetaPicker_Curated_STEAD_MATLAB\data\csv_stead_filtered\stead_event_00989.csv,3058770f1a2a084aa37a1ba20f2c3aed3035b3a806eb7e5c6b31470119f262e7
C:\Drive E\ICNN_MetaPicker_Curated_STEAD_MATLAB\data\csv_stead_filtered\stead_event_00990.csv,7faf8ad07ba05eae247af8f047cf48c74fbdfa4d599d830c32119a585f49a3f5
C:\Drive E\ICNN_MetaPicker_Curated_STEAD_MATLAB\data\csv_stead_filtered\stead_event_00991.csv,08ecf722db7eafd9b7644d61da95912a450f6a48f4be5a4de952353babafbe6b
C:\Drive E\ICNN_MetaPicker_Curated_STEAD_MATLAB\data\csv_stead_filtered\stead_event_00992.csv,ae7f71a187c3b686242b7972a204b80bbadf5509003e83e3686b749cbbb36f59
C:\Drive E\ICNN_MetaPicker_Curated_STEAD_MATLAB\data\csv_stead_filtered\stead_event_00993.csv,2a608a1fc75a7f80a97816431f1c5a72c1561f59120f195cfdf7b71e29390c3c
C:\Drive E\ICNN_MetaPicker_Curated_STEAD_MATLAB\data\csv_stead_filtered\stead_event_00994.csv,a28240f8095e89b297c131cfa7a13083bac7c67566562a15e2ca3ce8f2f2e306
C:\Drive E\ICNN_MetaPicker_Curated_STEAD_MATLAB\data\csv_stead_filtered\stead_event_00995.csv,876236cc16e5f45c2b6d31d23631881f3468c66dea462af18c42552472804c20
C:\Drive E\ICNN_MetaPicker_Curated_STEAD_MATLAB\data\csv_stead_filtered\stead_event_00996.csv,b020357a1c472ff138d97f5de3c63b4bed5226ab7afbc7d758b45253800fef48
C:\Drive E\ICNN_MetaPicker_Curated_STEAD_MATLAB\data\csv_stead_filtered\stead_event_00997.csv,39cf3252d434ed8557bce331294da8c672f25fadc12a8720194d448c02b1be84
C:\Drive E\ICNN_MetaPicker_Curated_STEAD_MATLAB\data\csv_stead_filtered\stead_event_00998.csv,2e3c37714d9c8409577cad1dc564eab1d783cf013597b851b880f9422d1c2fed
C:\Drive E\ICNN_MetaPicker_Curated_STEAD_MATLAB\data\csv_stead_filtered\stead_event_00999.csv,9a1140f65ea0124528aac296071ce7658d336bdb521fef7ea1ef7d832ca00fec
C:\Drive E\ICNN_MetaPicker_Curated_STEAD_MATLAB\data\csv_stead_filtered\stead_event_01000.csv,04ca78318bc51bc772ff5777a60608ce609929b4289866223bf7ce23d6b08d93
C:\Drive E\ICNN_MetaPicker_Curated_STEAD_MATLAB\data\csv_stead_filtered\stead_event_01001.csv,7bb5185b6723a370b81f853b31a86226c6c1b1e402d049fb0443bdaa5dcdf24b
C:\Drive E\ICNN_MetaPicker_Curated_STEAD_MATLAB\data\csv_stead_filtered\stead_event_01002.csv,9696da192edfe9b397aff9e2a1b5f3e7395839f8ce4069d34062ef3b4961cc19
C:\Drive E\ICNN_MetaPicker_Curated_STEAD_MATLAB\data\csv_stead_filtered\stead_event_01003.csv,aa1f5e02a0b880796e0711597218925e2ab8a1c9779c89282066db644ace5bb8
C:\Drive E\ICNN_MetaPicker_Curated_STEAD_MATLAB\data\csv_stead_filtered\stead_event_01004.csv,311d635a1a97ed8a510acb391c2c5f00f6038aa50e0f1c589e5e170f72b59531
C:\Drive E\ICNN_MetaPicker_Curated_STEAD_MATLAB\data\csv_stead_filtered\stead_event_01005.csv,b35c4dde345040fbed1671d3d209f556dfadea1dfeb91d3a752d4d68b3fd88c9
C:\Drive E\ICNN_MetaPicker_Curated_STEAD_MATLAB\data\csv_stead_filtered\stead_event_01006.csv,5c7ad38f76c32d09f2edf990103cdcfdbd44b7ce3dd810635da49db3c1893e39
C:\Drive E\ICNN_MetaPicker_Curated_STEAD_MATLAB\data\csv_stead_filtered\stead_event_01007.csv,57b99b83d9c7d17fc45c2cf5f3188a8aa158bca62e706c953aa948d8d4fb93b2
C:\Drive E\ICNN_MetaPicker_Curated_STEAD_MATLAB\data\csv_stead_filtered\stead_event_01008.csv,93aafbe90cebebfc56ee5707bda4e09049cb0c7b9552c88b2d8acf73026a1de4
C:\Drive E\ICNN_MetaPicker_Curated_STEAD_MATLAB\data\csv_stead_filtered\stead_event_01009.csv,7b67ff6b68416c9176661b1ac19071c30b1a0a180bc1117c3551c690501fa79a
C:\Drive E\ICNN_MetaPicker_Curated_STEAD_MATLAB\data\csv_stead_filtered\stead_event_01010.csv,cb30d10501a638961d8e9c952aba2aa52eefc8aa89fe3af1447a78b80704e954
C:\Drive E\ICNN_MetaPicker_Curated_STEAD_MATLAB\data\csv_stead_filtered\stead_event_01011.csv,7da2aeb00f436f7028c2e84bbc9cb8270964e3cfa5847ec951716607885a6530
C:\Drive E\ICNN_MetaPicker_Curated_STEAD_MATLAB\data\csv_stead_filtered\stead_event_01012.csv,a319e85dae4b5fa91b2900e3eff877ee5cf5bcbfc351409a7df3c4da977c7f05
C:\Drive E\ICNN_MetaPicker_Curated_STEAD_MATLAB\data\csv_stead_filtered\stead_event_01013.csv,b013c00443b26fce1958f7c3be8c453299aa08d129dc1fa583a34383a36ffc2d
C:\Drive E\ICNN_MetaPicker_Curated_STEAD_MATLAB\data\csv_stead_filtered\stead_event_01014.csv,4e980ae174f29a837ce197a0f6b4a6760b5a2f79981bb22b1c46e206c380fe9e
C:\Drive E\ICNN_MetaPicker_Curated_STEAD_MATLAB\data\csv_stead_filtered\stead_event_01015.csv,f9e3ef1e9386e0aef934b4f1acea11bd30e5c1631907bbadeb24a68ce112693b
C:\Drive E\ICNN_MetaPicker_Curated_STEAD_MATLAB\data\csv_stead_filtered\stead_event_01016.csv,1a01623c241d3c9192d26e7915b4c416d084b41d78f86fc4b719a33653d8404e
C:\Drive E\ICNN_MetaPicker_Curated_STEAD_MATLAB\data\csv_stead_filtered\stead_event_01017.csv,defbe2c5dd6859c9e07300b204ef4ef319218e082b523cd0bb72a2be067480ab
C:\Drive E\ICNN_MetaPicker_Curated_STEAD_MATLAB\data\csv_stead_filtered\stead_event_01018.csv,1ea366e2a380337d9a312dd53fce67673669981d629fe9d4c21c6160187d8dda
C:\Drive E\ICNN_MetaPicker_Curated_STEAD_MATLAB\data\csv_stead_filtered\stead_event_01019.csv,003f79b1374492594dbff82187679024dccf04c3504e3d2a606fcc1f56e2ba9d
C:\Drive E\ICNN_MetaPicker_Curated_STEAD_MATLAB\data\csv_stead_filtered\stead_event_01020.csv,9624006ce7899f181082223c9657d61a9c65a8d5ee5e3c139a3ef598e1af7cdf
C:\Drive E\ICNN_MetaPicker_Curated_STEAD_MATLAB\data\csv_stead_filtered\stead_event_01021.csv,404bbe2504bb5f5aa89338603d4e888e42638c2389790937d17133ee8d9dc8c6
C:\Drive E\ICNN_MetaPicker_Curated_STEAD_MATLAB\data\csv_stead_filtered\stead_event_01022.csv,a550e67ebdfcf853b6dc9a4e67a509fe7b5f6f69be017ef64a5a03cd6f504620
C:\Drive E\ICNN_MetaPicker_Curated_STEAD_MATLAB\data\csv_stead_filtered\stead_event_01023.csv,3c3abc38bd9be2361aa1162e6f8ff4d5ec5d39ee196e78f3698bf87c7adda7e5
C:\Drive E\ICNN_MetaPicker_Curated_STEAD_MATLAB\data\csv_stead_filtered\stead_event_01024.csv,56943f9fc7841b0dfcd4a745276eae91aa371f5539b1b90c8c4a461edc12f27f
C:\Drive E\ICNN_MetaPicker_Curated_STEAD_MATLAB\data\csv_stead_filtered\stead_event_01025.csv,3322c39fba2562a0fcbac9ac03a2b4d966878ea1bf9e10f1f18670893429199d
C:\Drive E\ICNN_MetaPicker_Curated_STEAD_MATLAB\data\csv_stead_filtered\stead_event_01026.csv,6a0889de92c9f3515dd8d557c28b1b2e07a0c8b9c5ee3ad9b9ffae4aa4cb29b8
C:\Drive E\ICNN_MetaPicker_Curated_STEAD_MATLAB\data\csv_stead_filtered\stead_event_01027.csv,093c7eff6eed110f2ac5a572707a6f6863b5ae77870bed05d4ebe93dee997dad
C:\Drive E\ICNN_MetaPicker_Curated_STEAD_MATLAB\data\csv_stead_filtered\stead_event_01028.csv,c3375e8938f57715491421b71206439bdc6fb914df0ae25421e7c5642c8bb1c9
C:\Drive E\ICNN_MetaPicker_Curated_STEAD_MATLAB\data\csv_stead_filtered\stead_event_01029.csv,1406ecdb99992ef18072fdf6765751a304bef4c23a8d74a0e61bfcdf595a7253
C:\Drive E\ICNN_MetaPicker_Curated_STEAD_MATLAB\data\csv_stead_filtered\stead_event_01030.csv,58bd90bf5241534d3add0093aa76d46588fca407648b67b6503df5d0d4b09f30
C:\Drive E\ICNN_MetaPicker_Curated_STEAD_MATLAB\data\csv_stead_filtered\stead_event_01031.csv,d5add1b2416bb675979ef5f0d94d5247c154f7859ae4b8775cabb00f44156ff9
C:\Drive E\ICNN_MetaPicker_Curated_STEAD_MATLAB\data\csv_stead_filtered\stead_event_01032.csv,1188b057f856cc011ee5089d9bd5dd91d19d19771b844b5140d0bac8f2aa0896
C:\Drive E\ICNN_MetaPicker_Curated_STEAD_MATLAB\data\csv_stead_filtered\stead_event_01033.csv,ef8c689cdb8d9b683738a8e74b4cf6c64a255cee78a6a948e1f82f03834a9b5d
C:\Drive E\ICNN_MetaPicker_Curated_STEAD_MATLAB\data\csv_stead_filtered\stead_event_01034.csv,06a16746f8ae15eefe4d0ffcc59ca3fb7179b19c8e6bab498395ddd6b7c9a5e5
C:\Drive E\ICNN_MetaPicker_Curated_STEAD_MATLAB\data\csv_stead_filtered\stead_event_01035.csv,b38402cf87ddb44bc62965e9894904ae6adc7b8a5dc32b8408faab598caaf580
C:\Drive E\ICNN_MetaPicker_Curated_STEAD_MATLAB\data\csv_stead_filtered\stead_event_01036.csv,fe0cd29dee2adb7ecc3db13bc77b17fb00c1f4b9536dd9ebf7541a11df5fb481
C:\Drive E\ICNN_MetaPicker_Curated_STEAD_MATLAB\data\csv_stead_filtered\stead_event_01037.csv,c73a7f77ca8b3511b7508af10a4daa33b20db4186005a4e78777420fee4952bd
C:\Drive E\ICNN_MetaPicker_Curated_STEAD_MATLAB\data\csv_stead_filtered\stead_event_01038.csv,8d06dda8e8492c02bddb048f7334627397f5e1d308c342e72ce55467342a8cfb
C:\Drive E\ICNN_MetaPicker_Curated_STEAD_MATLAB\data\csv_stead_filtered\stead_event_01039.csv,46354e93810c59cb5e78f2ee53bd0a23debeb9d27eb0596158fc6ff2f98d2a63
C:\Drive E\ICNN_MetaPicker_Curated_STEAD_MATLAB\data\csv_stead_filtered\stead_event_01040.csv,407403b8809018fe304aa2cd221a261047e6859188ba0e206a7e6641144a759d
C:\Drive E\ICNN_MetaPicker_Curated_STEAD_MATLAB\data\csv_stead_filtered\stead_event_01041.csv,4d9789347b0db23db336a26455c419e163102931de8c60dde9d5f4999c3a09df
C:\Drive E\ICNN_MetaPicker_Curated_STEAD_MATLAB\data\csv_stead_filtered\stead_event_01042.csv,945092907ff1845b976dcdb1ed2eab4a1a051a033b568bbfcbafbb648cbd1016
C:\Drive E\ICNN_MetaPicker_Curated_STEAD_MATLAB\data\csv_stead_filtered\stead_event_01043.csv,9784b2f1100e6d7d16c333dde2640c8b126f261d047fd131078b30f52a5822fa
C:\Drive E\ICNN_MetaPicker_Curated_STEAD_MATLAB\data\csv_stead_filtered\stead_event_01044.csv,99b90dc76b79f3348e851e726b7a9b0e6fa77430ea512df6bdb1f1af864a4dc6
C:\Drive E\ICNN_MetaPicker_Curated_STEAD_MATLAB\data\csv_stead_filtered\stead_event_01045.csv,221b8c94d7c76837211aa23b70d8796ac146183c4980660f6d362a0dc08ea14f
C:\Drive E\ICNN_MetaPicker_Curated_STEAD_MATLAB\data\csv_stead_filtered\stead_event_01046.csv,efcb8de465d7407f227cd2c027e0aac78f2b12d8aa687eeef882c1e5b93bd6a9
C:\Drive E\ICNN_MetaPicker_Curated_STEAD_MATLAB\data\csv_stead_filtered\stead_event_01047.csv,49bae903e30a74d33124b868cb3e364eefc12d1233ec2ee66be7546d9a522be2
C:\Drive E\ICNN_MetaPicker_Curated_STEAD_MATLAB\data\csv_stead_filtered\stead_event_01048.csv,6dd0894ce44223e14ea8cbb85a9b8b02733b5ff9a2065513e6076de326344eef
C:\Drive E\ICNN_MetaPicker_Curated_STEAD_MATLAB\data\csv_stead_filtered\stead_event_01049.csv,d451b4f7cc2667ce952ecc1ac154a5b1874fafa3701a60018256f25fcd98e8c2
C:\Drive E\ICNN_MetaPicker_Curated_STEAD_MATLAB\data\csv_stead_filtered\stead_event_01050.csv,508067482dbe05e874cf0f94583ca0fcf5434bd58f976f9ea30cdc8c58fc05f9
C:\Drive E\ICNN_MetaPicker_Curated_STEAD_MATLAB\data\csv_stead_filtered\stead_event_01051.csv,bd2c1460618e1790f656aa78cab45921b6d11d7d008e28953ebfba4ff6b9debf
C:\Drive E\ICNN_MetaPicker_Curated_STEAD_MATLAB\data\csv_stead_filtered\stead_event_01052.csv,1073a014747d4a9e1a3ee00e289c11b925d104ad08bca7072dc38dd4bfb31209
C:\Drive E\ICNN_MetaPicker_Curated_STEAD_MATLAB\data\csv_stead_filtered\stead_event_01053.csv,7fe6702a4de355381325ea3053130db7f84b8c31a53c20bb7273ef4ce6fe7058
C:\Drive E\ICNN_MetaPicker_Curated_STEAD_MATLAB\data\csv_stead_filtered\stead_event_01054.csv,84b9d34a18616352c6548c978aaa06da77fd8033f44883d4b455138902da0480
C:\Drive E\ICNN_MetaPicker_Curated_STEAD_MATLAB\data\csv_stead_filtered\stead_event_01055.csv,9be0499a635b5ce9c35ee8cc22fa20959f1089a265e053a851e3574cb29f6c92
C:\Drive E\ICNN_MetaPicker_Curated_STEAD_MATLAB\data\csv_stead_filtered\stead_event_01056.csv,0299a211e8716fc5908e7dee138464a6c74328ccfd551b1d716d00ea75af68a1
C:\Drive E\ICNN_MetaPicker_Curated_STEAD_MATLAB\data\csv_stead_filtered\stead_event_01057.csv,235fef99db07241f122dc3fa44347ac0650030e7ca939458f375b16def8e6735
C:\Drive E\ICNN_MetaPicker_Curated_STEAD_MATLAB\data\csv_stead_filtered\stead_event_01058.csv,4d550e0cff9f2073b1bfb7dbd86117bbb22774a566a4cca2fc15227c8e019b12
C:\Drive E\ICNN_MetaPicker_Curated_STEAD_MATLAB\data\csv_stead_filtered\stead_event_01059.csv,e68c690bb9a6c3ba5b91fecaeaf538aae361190d3b0ce411c0679d8b457c52ad
C:\Drive E\ICNN_MetaPicker_Curated_STEAD_MATLAB\data\csv_stead_filtered\stead_event_01060.csv,a0c21cf8e621ff8dc2a4d2ccb7b900985eef75a1fa65e15889cde33f76396c28
C:\Drive E\ICNN_MetaPicker_Curated_STEAD_MATLAB\data\csv_stead_filtered\stead_event_01061.csv,655022a50c767521c5bc3dd8c5065eb5f582723b88e461917dffe25428ac40aa
C:\Drive E\ICNN_MetaPicker_Curated_STEAD_MATLAB\data\csv_stead_filtered\stead_event_01062.csv,be41cf4b7b322819f57b02cd3b889b990bf28ad94732bf202f0f83afe5f58ef9
C:\Drive E\ICNN_MetaPicker_Curated_STEAD_MATLAB\data\csv_stead_filtered\stead_event_01063.csv,84ebe8b1473c0b0e538cab7373f677ceef7418f0bb98c34ca2611a75dd751bd8
C:\Drive E\ICNN_MetaPicker_Curated_STEAD_MATLAB\data\csv_stead_filtered\stead_event_01064.csv,e66a2d9564234564ac44b462b0e1cf0a89621e606efa8c247dd8216b162d234c
C:\Drive E\ICNN_MetaPicker_Curated_STEAD_MATLAB\data\csv_stead_filtered\stead_event_01065.csv,c1fbdffa85a16a207505d4f5f02429dd0a5c22df1a504266a8bb4d7339a25ed0
C:\Drive E\ICNN_MetaPicker_Curated_STEAD_MATLAB\data\csv_stead_filtered\stead_event_01066.csv,52789e1eae06c770d43067a869bd2336a5741ece76d639c8f30b4a397e08e658
C:\Drive E\ICNN_MetaPicker_Curated_STEAD_MATLAB\data\csv_stead_filtered\stead_event_01067.csv,fcf846fd5901bf68fd5a383efc320197cf0878b6355c98c3e896255c48a4e61d
C:\Drive E\ICNN_MetaPicker_Curated_STEAD_MATLAB\data\csv_stead_filtered\stead_event_01068.csv,b4e718133708ce5bb8742d4961654ebb99382c6edb5503c1c931a9e0ba4883d2
C:\Drive E\ICNN_MetaPicker_Curated_STEAD_MATLAB\data\csv_stead_filtered\stead_event_01069.csv,876f1276fefcf4c7a587597be227cf06810c990c44dd4772b44ef852ab4ba3c6
C:\Drive E\ICNN_MetaPicker_Curated_STEAD_MATLAB\data\csv_stead_filtered\stead_event_01070.csv,a867db22850372ea32b14657ff6ebe4bc19fc685ca575ac24523b06aef515077
C:\Drive E\ICNN_MetaPicker_Curated_STEAD_MATLAB\data\csv_stead_filtered\stead_event_01071.csv,5a81b89d7a1195870b65d419d81025390922c8b54956cb0dbd3bdd08bc0bc050
C:\Drive E\ICNN_MetaPicker_Curated_STEAD_MATLAB\data\csv_stead_filtered\stead_event_01072.csv,6defda23f7a7349606408d45abb3ef1bfe73c05de22c16d057d6ebd5f93a925f
C:\Drive E\ICNN_MetaPicker_Curated_STEAD_MATLAB\data\csv_stead_filtered\stead_event_01073.csv,ac38b98e2732a9401805ed2b20fa73320b21697e6465343d184fdac56138e8cf
C:\Drive E\ICNN_MetaPicker_Curated_STEAD_MATLAB\data\csv_stead_filtered\stead_event_01074.csv,fbf684ee7bc29b974e0d5a6597df10d1f300838890e50d1378e9e87fa2b82d8c
C:\Drive E\ICNN_MetaPicker_Curated_STEAD_MATLAB\data\csv_stead_filtered\stead_event_01075.csv,a4fb30a515d3da18bee04854b331249ee98605da51845aecfd97259caa9b971c
C:\Drive E\ICNN_MetaPicker_Curated_STEAD_MATLAB\data\csv_stead_filtered\stead_event_01076.csv,e92817dfa7742f406c041c550749d4ae32f9d061b3de1f25b53fa2d8b5439c33
C:\Drive E\ICNN_MetaPicker_Curated_STEAD_MATLAB\data\csv_stead_filtered\stead_event_01077.csv,3009317338d8616fe8940c742869509e772548fedd391f522635c516288830a5
C:\Drive E\ICNN_MetaPicker_Curated_STEAD_MATLAB\data\csv_stead_filtered\stead_event_01078.csv,3f32955540d7973a19bf3f7f0e7b23c68593ec522cf12bcc0925b06fc4d8fbf4
C:\Drive E\ICNN_MetaPicker_Curated_STEAD_MATLAB\data\csv_stead_filtered\stead_event_01079.csv,8a08cda89a41ffe3b01958ad88d6c094be59ad84ce3076443133a481fc0fb519
C:\Drive E\ICNN_MetaPicker_Curated_STEAD_MATLAB\data\csv_stead_filtered\stead_event_01080.csv,43ecf33676a223762fe6bbbbe3a61b84f5cc6d30cdcbc4fcca19aea66082359c
C:\Drive E\ICNN_MetaPicker_Curated_STEAD_MATLAB\data\csv_stead_filtered\stead_event_01081.csv,9c77a1e1c029878092ce1a94fb10f878ad40d21a8037fed6c2701e75b13fa205
C:\Drive E\ICNN_MetaPicker_Curated_STEAD_MATLAB\data\csv_stead_filtered\stead_event_01082.csv,2ffd07e847b44f17eb743fcae0856a5c6673dbf1295e68e73cbc18075f2d0a81
C:\Drive E\ICNN_MetaPicker_Curated_STEAD_MATLAB\data\csv_stead_filtered\stead_event_01083.csv,69f9be96931497af2f9e253760e653551740cda389ddd5291f5eb3e416ec203a
C:\Drive E\ICNN_MetaPicker_Curated_STEAD_MATLAB\data\csv_stead_filtered\stead_event_01084.csv,57f4e1bc3a8888a814c654e8e838a789c136cd4245fffe2b0f5b26f686872bc1
C:\Drive E\ICNN_MetaPicker_Curated_STEAD_MATLAB\data\csv_stead_filtered\stead_event_01085.csv,788d6b94963d2fb757bf734e2bfc0b98d293cdf43886cc624f710cb45488d387
C:\Drive E\ICNN_MetaPicker_Curated_STEAD_MATLAB\data\csv_stead_filtered\stead_event_01086.csv,a5c4ae99706bd83b03645fb663597161df33353c6752d65e429b268b2d633bae
C:\Drive E\ICNN_MetaPicker_Curated_STEAD_MATLAB\data\csv_stead_filtered\stead_event_01087.csv,0172d81158ae3701c70cdd261e8ae93f9bf452073128b20460fa856fbc07e0f6
C:\Drive E\ICNN_MetaPicker_Curated_STEAD_MATLAB\data\csv_stead_filtered\stead_event_01088.csv,eb99f8630a3c4280dda1bee5065f2031ecb6ec254931f645ba759580851a328b
C:\Drive E\ICNN_MetaPicker_Curated_STEAD_MATLAB\data\csv_stead_filtered\stead_event_01089.csv,85cd1c02f4297c8b421bd7c72b3f9357db2a6d12a541989c2f56a781e8a92e58
C:\Drive E\ICNN_MetaPicker_Curated_STEAD_MATLAB\data\csv_stead_filtered\stead_event_01090.csv,aa5f7d0bff004372f2c5015ba4d9bec12360abcd9e2790dc93cc67b49d2750df
C:\Drive E\ICNN_MetaPicker_Curated_STEAD_MATLAB\data\csv_stead_filtered\stead_event_01091.csv,9545ece56ab9a125282f7eadce97471c99c2e1b5be018cd28cebc26cd4627e82
C:\Drive E\ICNN_MetaPicker_Curated_STEAD_MATLAB\data\csv_stead_filtered\stead_event_01092.csv,87bb8bb54ef9fc95fe06d8921b540dad2cd9fa6d7405f73eb63d65c433ec4446
C:\Drive E\ICNN_MetaPicker_Curated_STEAD_MATLAB\data\csv_stead_filtered\stead_event_01093.csv,f81ee9ea67bc98305021fdc9ed1f6043e90dab4b1002511bd2e5c66f74ab6fb7
C:\Drive E\ICNN_MetaPicker_Curated_STEAD_MATLAB\data\csv_stead_filtered\stead_event_01094.csv,568df19c4b96f5a9e1282980dea51ac0d5ecb77a5da89eab0e7a8bfb33092064
C:\Drive E\ICNN_MetaPicker_Curated_STEAD_MATLAB\data\csv_stead_filtered\stead_event_01095.csv,f324245e07cb293aa2b4b3fadbf19a75e057b8b7ebcc5ea4cb54f3ac2e651472
C:\Drive E\ICNN_MetaPicker_Curated_STEAD_MATLAB\data\csv_stead_filtered\stead_event_01096.csv,4e3874a6b250590933a802b5f631b520bd966b80df3eabe569cb1ce35029de90
C:\Drive E\ICNN_MetaPicker_Curated_STEAD_MATLAB\data\csv_stead_filtered\stead_event_01097.csv,fbb0de30385eee3d27af764eb3b52719fcb31b02b5e8bda52627ed63032b1b40
C:\Drive E\ICNN_MetaPicker_Curated_STEAD_MATLAB\data\csv_stead_filtered\stead_event_01098.csv,7b5858bc9f722f36a2ed07672e60e70f71e040a3f4071c6640491b5a613be11c
C:\Drive E\ICNN_MetaPicker_Curated_STEAD_MATLAB\data\csv_stead_filtered\stead_event_01099.csv,416602390f30ee0b9bd97fa05f1e884705270b821f6047a7132f4105a1922396
C:\Drive E\ICNN_MetaPicker_Curated_STEAD_MATLAB\data\csv_stead_filtered\stead_event_01100.csv,42df31242cf393ab3e77a143133f3b24891ad44655ac255e2ea8c4af3019a40f
C:\Drive E\ICNN_MetaPicker_Curated_STEAD_MATLAB\data\csv_stead_filtered\stead_event_01101.csv,03d8035998187433e24fd97e6346e096b176d087880a382f87827887323ab709
C:\Drive E\ICNN_MetaPicker_Curated_STEAD_MATLAB\data\csv_stead_filtered\stead_event_01102.csv,420761c9b9e72c32c93e653d1ef484bdf6722eb95fca746722f440b5bcc2dc4c
C:\Drive E\ICNN_MetaPicker_Curated_STEAD_MATLAB\data\csv_stead_filtered\stead_event_01103.csv,fc36796eba6f7158c1f5ffaeefbb115d128b0c040e115fe4ffcfbcab5d76b5e3
C:\Drive E\ICNN_MetaPicker_Curated_STEAD_MATLAB\data\csv_stead_filtered\stead_event_01104.csv,d03f96145e82bc902efaf3e5f88b48899db8b3bc92aec7bf3eeaef53bc49e72b
C:\Drive E\ICNN_MetaPicker_Curated_STEAD_MATLAB\data\csv_stead_filtered\stead_event_01105.csv,457967ed4672d520e45c38222ff14cd9d449e876ccd572bee67e14a5d98f889f
C:\Drive E\ICNN_MetaPicker_Curated_STEAD_MATLAB\data\csv_stead_filtered\stead_event_01106.csv,70d2319aaae778e122895745a6bbd7f40fe263dab331df86cfe3a7b853cd8085
C:\Drive E\ICNN_MetaPicker_Curated_STEAD_MATLAB\data\csv_stead_filtered\stead_event_01107.csv,e06b56816e7d58b10fd8b0366007c77cb098adacec88b7ce6cffa890cc3ded3f
C:\Drive E\ICNN_MetaPicker_Curated_STEAD_MATLAB\data\csv_stead_filtered\stead_event_01108.csv,0c0e7a9963122234916284aa07c6a960f65d8c5d55705192085d914db2d66803
C:\Drive E\ICNN_MetaPicker_Curated_STEAD_MATLAB\data\csv_stead_filtered\stead_event_01109.csv,3c2f24b5bc0455f9c0f1f85db1440df6c0ffb51a27aa173244c6a8a7b41b3cb4
C:\Drive E\ICNN_MetaPicker_Curated_STEAD_MATLAB\data\csv_stead_filtered\stead_event_01110.csv,e870e6ee48ca56faa90e02cd63b7f14cfb1c019610f07aa6f93f0cdab5037f94
C:\Drive E\ICNN_MetaPicker_Curated_STEAD_MATLAB\data\csv_stead_filtered\stead_event_01111.csv,84194d0663ef199f8ef16f8564f81619d43e90297d01ce56eb6ebaf6bd11cd80
C:\Drive E\ICNN_MetaPicker_Curated_STEAD_MATLAB\data\csv_stead_filtered\stead_event_01112.csv,e8f86913ac7af542413256cbfa68fbfeeaa1a9ee7079792617e89d5cdf72b228
C:\Drive E\ICNN_MetaPicker_Curated_STEAD_MATLAB\data\csv_stead_filtered\stead_event_01113.csv,e4264aef6d1d69e36d9f24840e0743fb4bbef62c6fdb2cccbd3652041b4ea9fc
C:\Drive E\ICNN_MetaPicker_Curated_STEAD_MATLAB\data\csv_stead_filtered\stead_event_01114.csv,65cb6e2e72acc4fcb443c9564c8ec8a2a0e9c2fdbf426a98fdbf57b9fbd9241d
C:\Drive E\ICNN_MetaPicker_Curated_STEAD_MATLAB\data\csv_stead_filtered\stead_event_01115.csv,d02b51264ea2ce79ac6a306696f73be61eefb1a1faeea76775cd12349d5b0ea5
C:\Drive E\ICNN_MetaPicker_Curated_STEAD_MATLAB\data\csv_stead_filtered\stead_event_01116.csv,172c09e1bcb5a33e23a5572db9bb027e8d575a1c0a63df3fa9506be323d289e7
C:\Drive E\ICNN_MetaPicker_Curated_STEAD_MATLAB\data\csv_stead_filtered\stead_event_01117.csv,71814e9c5b09d457263cfeb25355ce06ad2a41b74557fffbd485fd6ed10a3e98
C:\Drive E\ICNN_MetaPicker_Curated_STEAD_MATLAB\data\csv_stead_filtered\stead_event_01118.csv,585885bb78d13de5f266b7130e96aeea6c481b74ef9aaf6cd7232587aeb282ec
C:\Drive E\ICNN_MetaPicker_Curated_STEAD_MATLAB\data\csv_stead_filtered\stead_event_01119.csv,eff33a8f4520b1a5397d9238dc6180ac453f6e9891a214bdcf57b432e04cbc5e
C:\Drive E\ICNN_MetaPicker_Curated_STEAD_MATLAB\data\csv_stead_filtered\stead_event_01120.csv,4e2ddf38a8710a59ff74981a70d61e26a6281318adc414bfaf635bdd7c7686b5
C:\Drive E\ICNN_MetaPicker_Curated_STEAD_MATLAB\data\csv_stead_filtered\stead_event_01121.csv,b5b67a4ee9671abe0393230fe66e1eb3f4ab6e1fb395658c093c8ea2048fe876
C:\Drive E\ICNN_MetaPicker_Curated_STEAD_MATLAB\data\csv_stead_filtered\stead_event_01122.csv,779c5218f2e7e65891d2dfcd9e35e9232791abfe8fee8b9137933d9d1756c5c8
C:\Drive E\ICNN_MetaPicker_Curated_STEAD_MATLAB\data\csv_stead_filtered\stead_event_01123.csv,cbe1b5111d3e3c833fb0bfd10681cc5b19511af7ba15f51cc2d0b2a64ce156fe
C:\Drive E\ICNN_MetaPicker_Curated_STEAD_MATLAB\data\csv_stead_filtered\stead_event_01124.csv,7af35bfc54da0d893b9620a198aa2b06448cf7a6acc7896e9245c0897650f2dd
C:\Drive E\ICNN_MetaPicker_Curated_STEAD_MATLAB\data\csv_stead_filtered\stead_event_01125.csv,3e6f83f4bc453017293c9049e94db8219947449c2093417fe4075efb4fdfac35
C:\Drive E\ICNN_MetaPicker_Curated_STEAD_MATLAB\data\csv_stead_filtered\stead_event_01126.csv,9266c16c3e6a202f87aee3831200231b408dda0bc29e4e6df21705603a5d0f75
C:\Drive E\ICNN_MetaPicker_Curated_STEAD_MATLAB\data\csv_stead_filtered\stead_event_01127.csv,e9c8e1b7a14ba9067b246eee9e76067220abc4d20132f57d45f1a5b6c62d8df4
C:\Drive E\ICNN_MetaPicker_Curated_STEAD_MATLAB\data\csv_stead_filtered\stead_event_01128.csv,eab609ccd381bc4e95366e6522e0a9498d996620cfbe3dfdc9b21c2ff914e201
C:\Drive E\ICNN_MetaPicker_Curated_STEAD_MATLAB\data\csv_stead_filtered\stead_event_01129.csv,2c20a0b1e689ca39bcda516c7f27f24d28043855e8c7e41027b4cd7db8902ab2
C:\Drive E\ICNN_MetaPicker_Curated_STEAD_MATLAB\data\csv_stead_filtered\stead_event_01130.csv,ee8d7901ec44c8c347c77cde5d301f728c978c5288d0ad3ae5fc5f581f838933
C:\Drive E\ICNN_MetaPicker_Curated_STEAD_MATLAB\data\csv_stead_filtered\stead_event_01131.csv,afbc8804c28de93a8dc31c8b4903472af0c9c414e119914b56e9c9cc7e44a096
C:\Drive E\ICNN_MetaPicker_Curated_STEAD_MATLAB\data\csv_stead_filtered\stead_event_01132.csv,f92ebe6d60429033be82cdd3a0cd950c5e60cf39fc33d51d43e673be5a2c933e
C:\Drive E\ICNN_MetaPicker_Curated_STEAD_MATLAB\data\csv_stead_filtered\stead_event_01133.csv,7dcad40a7732563279755cb2e2dc2353bbcb5eae7a6789bddfa8c5e06b75fae3
C:\Drive E\ICNN_MetaPicker_Curated_STEAD_MATLAB\data\csv_stead_filtered\stead_event_01134.csv,985162320221649691d51ea8f845fbdc064affed53920fcf8978f8cc1137c7b0
C:\Drive E\ICNN_MetaPicker_Curated_STEAD_MATLAB\data\csv_stead_filtered\stead_event_01135.csv,9fc5bc5e3c5742032720a72914a2f9d9caa73c10886d233f23cb5aa2aca03eb0
C:\Drive E\ICNN_MetaPicker_Curated_STEAD_MATLAB\data\csv_stead_filtered\stead_event_01136.csv,ce424beae3bffc99d16f7e16ee4783563da3aee8ad2f8b6607fad279cdc72741
C:\Drive E\ICNN_MetaPicker_Curated_STEAD_MATLAB\data\csv_stead_filtered\stead_event_01137.csv,fa44a88581d92c20a360c6573fd7d2cffd02aa2e6e025ed6321c6f0be6677929
C:\Drive E\ICNN_MetaPicker_Curated_STEAD_MATLAB\data\csv_stead_filtered\stead_event_01138.csv,4ac5a8cd3a2b1bfae6abe7035e7cfa4c7e400b171c317712b73a98ab85440511
C:\Drive E\ICNN_MetaPicker_Curated_STEAD_MATLAB\data\csv_stead_filtered\stead_event_01139.csv,5424038ce4959cb8bc42e4a87ed192cd836cae5546ba6a91934f0f12d9c18887
C:\Drive E\ICNN_MetaPicker_Curated_STEAD_MATLAB\data\csv_stead_filtered\stead_event_01140.csv,643bc442de419739a29c7aae5fd0d0a2aa94436b99a279afd52084b9edcc87d2
C:\Drive E\ICNN_MetaPicker_Curated_STEAD_MATLAB\data\csv_stead_filtered\stead_event_01141.csv,8aa047501aad1ae46637624e180de0bcbd7a034fe56114a79ee2f993ee00bd8d
C:\Drive E\ICNN_MetaPicker_Curated_STEAD_MATLAB\data\csv_stead_filtered\stead_event_01142.csv,5f2c64fc322f7f469d5f6ce166c034fb09b493d547b67c8eaa42605d99455575
C:\Drive E\ICNN_MetaPicker_Curated_STEAD_MATLAB\data\csv_stead_filtered\stead_event_01143.csv,948fad3ee082a60e644ee2a2bbcc7bd3abad9790232e7f2d0b63e13531a153d2
C:\Drive E\ICNN_MetaPicker_Curated_STEAD_MATLAB\data\csv_stead_filtered\stead_event_01144.csv,d5f3defa8a0742c35f9adfd1c627a97517c6507c5802e586917805053b00d113
C:\Drive E\ICNN_MetaPicker_Curated_STEAD_MATLAB\data\csv_stead_filtered\stead_event_01145.csv,d9c08201a9652b4331e56ad363e10553ecc4d232c0fb8f6a857e9671d72e1c20
C:\Drive E\ICNN_MetaPicker_Curated_STEAD_MATLAB\data\csv_stead_filtered\stead_event_01146.csv,3c91796516c431b63804e63a1af1ff2340be78ed4df8365ac14b04e74449a30b
C:\Drive E\ICNN_MetaPicker_Curated_STEAD_MATLAB\data\csv_stead_filtered\stead_event_01147.csv,c88eea09e849be4be2026b66cb2266acb03f0a48c112c21fffa543cbfb2acf5e
C:\Drive E\ICNN_MetaPicker_Curated_STEAD_MATLAB\data\csv_stead_filtered\stead_event_01148.csv,cf21a8aa9d0f316ee0c76f647a05828b7e56984c982bdd8adf38f4aac05d3884
C:\Drive E\ICNN_MetaPicker_Curated_STEAD_MATLAB\data\csv_stead_filtered\stead_event_01149.csv,46045ed97bf07f87e4287228e9203749d28ec572ab26a9b614dd9cc77f4bae1a
C:\Drive E\ICNN_MetaPicker_Curated_STEAD_MATLAB\data\csv_stead_filtered\stead_event_01150.csv,6235f85ee4d2ecbfb85cb53e158b050eb5d533c54e676900f7f8801b673c87b4
C:\Drive E\ICNN_MetaPicker_Curated_STEAD_MATLAB\data\csv_stead_filtered\stead_event_01151.csv,bed0f60d7f5082a755057045a7f4451e1d4f46535230df3d1fe6aaa0a39ef866
C:\Drive E\ICNN_MetaPicker_Curated_STEAD_MATLAB\data\csv_stead_filtered\stead_event_01152.csv,65113ad560a6b766651b31a03d924dde999372c5a86509067f0a1a86ef077d7b
C:\Drive E\ICNN_MetaPicker_Curated_STEAD_MATLAB\data\csv_stead_filtered\stead_event_01153.csv,91e84e03a1c83107dfef7c79d6aef74fb3d1f1d2ca80fed2b31e343937e002ca
C:\Drive E\ICNN_MetaPicker_Curated_STEAD_MATLAB\data\csv_stead_filtered\stead_event_01154.csv,7d0eb47acbfe032628c8755434f0da19c0d9edae49b4f190044ce4faedb15f3e
C:\Drive E\ICNN_MetaPicker_Curated_STEAD_MATLAB\data\csv_stead_filtered\stead_event_01155.csv,515f7629fd2946793d757b892d07cd7bbb0d0eb30b483a4ed340c9ab6583b8b3
C:\Drive E\ICNN_MetaPicker_Curated_STEAD_MATLAB\data\csv_stead_filtered\stead_event_01156.csv,5a79261080fcd5a52a6577236bf704ddbd920eacf9ced88570c216fab40c33f5
C:\Drive E\ICNN_MetaPicker_Curated_STEAD_MATLAB\data\csv_stead_filtered\stead_event_01157.csv,60cceec689464392eb50aca01b1903eb2b6fb24736a41e0954cb828799b6b0a7
C:\Drive E\ICNN_MetaPicker_Curated_STEAD_MATLAB\data\csv_stead_filtered\stead_event_01158.csv,55f90d704de2f5d9b1adb022d80cfa5847ab3991c7f0c0c4ff96d74ee4bada0f
C:\Drive E\ICNN_MetaPicker_Curated_STEAD_MATLAB\data\csv_stead_filtered\stead_event_01159.csv,3c31d877acc78c0c890578a996aff0caddf9d2c85fd61753e6ec4f6dc1d5104e
C:\Drive E\ICNN_MetaPicker_Curated_STEAD_MATLAB\data\csv_stead_filtered\stead_event_01160.csv,8651d64f5ab6961b150f78a40ab61300d1b4f53320ecb16d76e612bec2d3000e
C:\Drive E\ICNN_MetaPicker_Curated_STEAD_MATLAB\data\csv_stead_filtered\stead_event_01161.csv,32cacc51d0a270c754329ed953eeff58c0fe8afd85a85d71b8a52ed097904061
C:\Drive E\ICNN_MetaPicker_Curated_STEAD_MATLAB\data\csv_stead_filtered\stead_event_01162.csv,8d58d053597bfe4543541c6598c7d3e1617071cb09a6e247608f3a68ec6516bb
C:\Drive E\ICNN_MetaPicker_Curated_STEAD_MATLAB\data\csv_stead_filtered\stead_event_01163.csv,2b0f6d0e6fbe9f7da669584c42bda227e18f9eb83b469206d78981dab56fa2ed
C:\Drive E\ICNN_MetaPicker_Curated_STEAD_MATLAB\data\csv_stead_filtered\stead_event_01164.csv,fb5b3e4777740e6b25d7b3ff9e088f9342aab2fb065e473c38989a13b5d49b92
C:\Drive E\ICNN_MetaPicker_Curated_STEAD_MATLAB\data\csv_stead_filtered\stead_event_01165.csv,732e749771f182245027bbc0353ce2b76b2caf2e2217bffc20b2b924b8c0e508
C:\Drive E\ICNN_MetaPicker_Curated_STEAD_MATLAB\data\csv_stead_filtered\stead_event_01166.csv,41eb9bec11fee3007e3fd8f2b7bc2ddf5dc8737f77aa67dea3d0faed27c7ff09
C:\Drive E\ICNN_MetaPicker_Curated_STEAD_MATLAB\data\csv_stead_filtered\stead_event_01167.csv,5ac32cb60fc46a69fbdc1d2ebb41965b54e3d144ad8a1a6a0dcc81ab1326ee3c
C:\Drive E\ICNN_MetaPicker_Curated_STEAD_MATLAB\data\csv_stead_filtered\stead_event_01168.csv,6db86594d0807f3ad57928c8d5f6d5d14d5142bb36adcdefa54623deffd4dbc8
C:\Drive E\ICNN_MetaPicker_Curated_STEAD_MATLAB\data\csv_stead_filtered\stead_event_01169.csv,920e4360bbf32fdd9fe44490ec332332e27e65e66fd07fe5ee860243eb32c78c
C:\Drive E\ICNN_MetaPicker_Curated_STEAD_MATLAB\data\csv_stead_filtered\stead_event_01170.csv,5e186230600ddd8f861191874f981ad4b8966eac5e85c8ee129889416ceef2c1
C:\Drive E\ICNN_MetaPicker_Curated_STEAD_MATLAB\data\csv_stead_filtered\stead_event_01171.csv,d67830e69cc8debb99eb49459b1b1f41f0b32a5826ede20a6a62e6976528440b
C:\Drive E\ICNN_MetaPicker_Curated_STEAD_MATLAB\data\csv_stead_filtered\stead_event_01172.csv,1617a548e215a8ab18167c2fce9f9cf166168e65b90cc954147312ea261fba20
C:\Drive E\ICNN_MetaPicker_Curated_STEAD_MATLAB\data\csv_stead_filtered\stead_event_01173.csv,535525136b6badf9237a6316f3e23bde833faf1d51632067fa4ff28ff9a4271e
C:\Drive E\ICNN_MetaPicker_Curated_STEAD_MATLAB\data\csv_stead_filtered\stead_event_01174.csv,d518ecbd20f4903ac307c0609529bd4eb0395792050687d82762009480a5714f
C:\Drive E\ICNN_MetaPicker_Curated_STEAD_MATLAB\data\csv_stead_filtered\stead_event_01175.csv,c4cb3299b6c4df177a8554beef758e86d4d051f9b22a579c6543655c352335c9
C:\Drive E\ICNN_MetaPicker_Curated_STEAD_MATLAB\data\csv_stead_filtered\stead_event_01176.csv,5ee872cab7b59947aa95b2b0475ecd3011cee00d98e7bfecf4d58cbf7394c336
C:\Drive E\ICNN_MetaPicker_Curated_STEAD_MATLAB\data\csv_stead_filtered\stead_event_01177.csv,bded0f0d1397cb1b251eac8cbcde7686ff50b4cf475784f5a64dd209179ed273
C:\Drive E\ICNN_MetaPicker_Curated_STEAD_MATLAB\data\csv_stead_filtered\stead_event_01178.csv,ab11efeeb3a4563286c539d8eb8f8d08d23ad979cba353e3f3a21dd41b79e8b6
C:\Drive E\ICNN_MetaPicker_Curated_STEAD_MATLAB\data\csv_stead_filtered\stead_event_01179.csv,f653effabb2cb391ec18bf70aaa8da19999686ebf3541f3de6995391bdd19b94
C:\Drive E\ICNN_MetaPicker_Curated_STEAD_MATLAB\data\csv_stead_filtered\stead_event_01180.csv,4d1532233818aa96be1143150e4393a3aa38de441cb5f578eb9dad61b9b9ae1c
C:\Drive E\ICNN_MetaPicker_Curated_STEAD_MATLAB\data\csv_stead_filtered\stead_event_01181.csv,2b0f696dba4f23d4288ddc458ed006fe6af4dd4e5144262a5a20ef7a6f88a800
C:\Drive E\ICNN_MetaPicker_Curated_STEAD_MATLAB\data\csv_stead_filtered\stead_event_01182.csv,e47b83b654545176431a7fdbfc16874bd7bfa56c0df46d86a14ebcc7c26df7ae
C:\Drive E\ICNN_MetaPicker_Curated_STEAD_MATLAB\data\csv_stead_filtered\stead_event_01183.csv,c2e9e6141647e2c98225e97ca39b67f9ff81b3ba7cf6fdad9f449337d3a3e7c8
C:\Drive E\ICNN_MetaPicker_Curated_STEAD_MATLAB\data\csv_stead_filtered\stead_event_01184.csv,d15ef5e1a044042ec4f523bb40069c51c1fed559bb10a866e92be14581cfd588
C:\Drive E\ICNN_MetaPicker_Curated_STEAD_MATLAB\data\csv_stead_filtered\stead_event_01185.csv,bcb7d6d3fbec1f1e1e226bd9fc65372af5f76750b860256c8ec621bc5586b4f1
C:\Drive E\ICNN_MetaPicker_Curated_STEAD_MATLAB\data\csv_stead_filtered\stead_event_01186.csv,1ee790ab14e4575e3ebb25c984d120dc7e3b8e360c4549dd42ffe0b130aaa7cc
C:\Drive E\ICNN_MetaPicker_Curated_STEAD_MATLAB\data\csv_stead_filtered\stead_event_01187.csv,899508e0c89c0ee5bf222e741953ceb93813d7261505aa409a0c04cc5befcd3c
C:\Drive E\ICNN_MetaPicker_Curated_STEAD_MATLAB\data\csv_stead_filtered\stead_event_01188.csv,ae8845bc34235c253f2f905a8b2768a40924ab5ec3eb8a9534738a4c5e9a3f0d
C:\Drive E\ICNN_MetaPicker_Curated_STEAD_MATLAB\data\csv_stead_filtered\stead_event_01189.csv,64494474bf839ad50d21a4ede335b7723d9bef01f7198c93197b66b324a106b5
C:\Drive E\ICNN_MetaPicker_Curated_STEAD_MATLAB\data\csv_stead_filtered\stead_event_01190.csv,0017c7fe2b6cdca5efcf94440eebc81a129365951214626f9915332d3f58e347
C:\Drive E\ICNN_MetaPicker_Curated_STEAD_MATLAB\data\csv_stead_filtered\stead_event_01191.csv,15d50d9325270fd11227159adbd3ef0476613e019f37046dea2d57de00414b32
C:\Drive E\ICNN_MetaPicker_Curated_STEAD_MATLAB\data\csv_stead_filtered\stead_event_01192.csv,325c071f092b35f382470844353a7caa12da4c2afb527a2e9a9dcf36001afe96
C:\Drive E\ICNN_MetaPicker_Curated_STEAD_MATLAB\data\csv_stead_filtered\stead_event_01193.csv,9ff0723a26929fdffe2ae5f1832762b8a367e5a9f5eee4805d822a0778b0b285
C:\Drive E\ICNN_MetaPicker_Curated_STEAD_MATLAB\data\csv_stead_filtered\stead_event_01194.csv,3e36fd6e329e126f7ab1915a31af191a8478b9630344672b422b531eb7376512
C:\Drive E\ICNN_MetaPicker_Curated_STEAD_MATLAB\data\csv_stead_filtered\stead_event_01195.csv,7e8f38e87a7e74b9a06a11d6bb50fbfdeb76000eb02bfdeafd95b4fdb8c0ebb1
C:\Drive E\ICNN_MetaPicker_Curated_STEAD_MATLAB\data\csv_stead_filtered\stead_event_01196.csv,42f7be1592fc80faa038329f875a9dcf3877ef5c9662613ed7d017579cd5f541
C:\Drive E\ICNN_MetaPicker_Curated_STEAD_MATLAB\data\csv_stead_filtered\stead_event_01197.csv,8cc1166172a2ccd37eb6cffe05a445c956cfecc05f5bd8558c2842c0db9c6bfc
C:\Drive E\ICNN_MetaPicker_Curated_STEAD_MATLAB\data\csv_stead_filtered\stead_event_01198.csv,50212a91b499f2265586334f3e5fb3a4a99c0388c96beb144fc9f1885ee6b854
C:\Drive E\ICNN_MetaPicker_Curated_STEAD_MATLAB\data\csv_stead_filtered\stead_event_01199.csv,f9804522127fc90eafab9938b72a93e68dbf3731db6c6cb26cb971a244e8a776
C:\Drive E\ICNN_MetaPicker_Curated_STEAD_MATLAB\data\csv_stead_filtered\stead_event_01200.csv,8386142e5aaed97a7aa9d73c938d4aab6f356793226cc626844a08056d9f9c59
C:\Drive E\ICNN_MetaPicker_Curated_STEAD_MATLAB\data\csv_stead_filtered\stead_event_01201.csv,b7e3fbd28f82a2a40dc4332a7b3c6354f0d9e1a5a847fbf42e96ca618b51ff55
C:\Drive E\ICNN_MetaPicker_Curated_STEAD_MATLAB\data\csv_stead_filtered\stead_event_01202.csv,1f43e82b148a08f78a5c975fe257fc872752300a31724efb8e573d6bba4d8912
C:\Drive E\ICNN_MetaPicker_Curated_STEAD_MATLAB\data\csv_stead_filtered\stead_event_01203.csv,6314af8c3bd1a43879a92595847f8b3fb2514a8c2be43b2ac0c4e96abe991ac7
C:\Drive E\ICNN_MetaPicker_Curated_STEAD_MATLAB\data\csv_stead_filtered\stead_event_01204.csv,c032cfbd32ceebbd2e0fcdefe0f816ac53c318e8097de1cb27365435ae4897d7
C:\Drive E\ICNN_MetaPicker_Curated_STEAD_MATLAB\data\csv_stead_filtered\stead_event_01205.csv,eb8d305c2f19529a3573054b1f1873016391e9247dfa5bda319204eb5e576469
C:\Drive E\ICNN_MetaPicker_Curated_STEAD_MATLAB\data\csv_stead_filtered\stead_event_01206.csv,4d0fe34ef170e8353968bd643e789acac812b297e6147513a5c596393a7f8636
C:\Drive E\ICNN_MetaPicker_Curated_STEAD_MATLAB\data\csv_stead_filtered\stead_event_01207.csv,7b89d2675112614d83ce570fa43ffdfa32f208a406349a149f22920e55a74f90
C:\Drive E\ICNN_MetaPicker_Curated_STEAD_MATLAB\data\csv_stead_filtered\stead_event_01208.csv,1bcb852b546c0b086d768f86c77ce798cd514ef9572f033382faa1a85ce92681
C:\Drive E\ICNN_MetaPicker_Curated_STEAD_MATLAB\data\csv_stead_filtered\stead_event_01209.csv,1107319208e4c58bf9d6141f3c9968139438be9c9fe250b3fbfa9e0769fbec0d
C:\Drive E\ICNN_MetaPicker_Curated_STEAD_MATLAB\data\csv_stead_filtered\stead_event_01210.csv,502bf99222f2dbeb815fa6b21156704ff901c3147c788c403ab9831957ab1bce
C:\Drive E\ICNN_MetaPicker_Curated_STEAD_MATLAB\data\csv_stead_filtered\stead_event_01211.csv,0601582bdf7fb62dcca5795c4a17bc65eb4bb61160e691de5e0ed8fde4b37f9f
C:\Drive E\ICNN_MetaPicker_Curated_STEAD_MATLAB\data\csv_stead_filtered\stead_event_01212.csv,2ce7ac56bc77c426daa3b2de1a934f504d90d1be8598b5b2709bf25f226042ee
C:\Drive E\ICNN_MetaPicker_Curated_STEAD_MATLAB\data\csv_stead_filtered\stead_event_01213.csv,fc43e9d04b964ea5f63f0b90d81b0ad26684a2aedff326a9042f06394571f20a
C:\Drive E\ICNN_MetaPicker_Curated_STEAD_MATLAB\data\csv_stead_filtered\stead_event_01214.csv,4d2e8b3c11ddd7b27612c1ae2e5d5684d559a756563e7dc470fd344429dcfc85
C:\Drive E\ICNN_MetaPicker_Curated_STEAD_MATLAB\data\csv_stead_filtered\stead_event_01215.csv,90ed94ee9853496eab5179cd6a407b38bf9f8bbf8a58a57bdf6eb829e13d4245
C:\Drive E\ICNN_MetaPicker_Curated_STEAD_MATLAB\data\csv_stead_filtered\stead_event_01216.csv,39dd28671260221b1de93ef2eb75e584291b38536154f5bb810469914f287dbd
C:\Drive E\ICNN_MetaPicker_Curated_STEAD_MATLAB\data\csv_stead_filtered\stead_event_01217.csv,0c77a8e9e00b795ad5b6184753196d607970c341eb2819a26289a7d974df67dd
C:\Drive E\ICNN_MetaPicker_Curated_STEAD_MATLAB\data\csv_stead_filtered\stead_event_01218.csv,657c2593f5f8fda47ba0f9e28d90f21a4d1029157c5d5ea5fa863838f7952c5f
C:\Drive E\ICNN_MetaPicker_Curated_STEAD_MATLAB\data\csv_stead_filtered\stead_event_01219.csv,774f73fdd7fac60491d259dd52a298aecf4b3412127d8e0352d004e69a1e7859
C:\Drive E\ICNN_MetaPicker_Curated_STEAD_MATLAB\data\csv_stead_filtered\stead_event_01220.csv,f02d5306cbf3f56916a3cb024ec7e0e9ed43b6acb4c436263f011dc92f99f6a8
C:\Drive E\ICNN_MetaPicker_Curated_STEAD_MATLAB\data\csv_stead_filtered\stead_event_01221.csv,2bcf2baf480330a02f027382e89cd6ec2e5e19f9c3d916ac7d6720b2fce867c4
C:\Drive E\ICNN_MetaPicker_Curated_STEAD_MATLAB\data\csv_stead_filtered\stead_event_01222.csv,a0b2f68e2791eb6ed2d126f58bdce4938ea75f3fe5cac49a54a2036da07adbf8
C:\Drive E\ICNN_MetaPicker_Curated_STEAD_MATLAB\data\csv_stead_filtered\stead_event_01223.csv,4a4c0ceac04e640681db2e026f8f1abfbfdbf4dcd02a0b7635bda0418dc93d67
C:\Drive E\ICNN_MetaPicker_Curated_STEAD_MATLAB\data\csv_stead_filtered\stead_event_01224.csv,4901c6dd2ae724cb12b1898192f7745aa2318c480fd3d636d040ed1c0cb087bc
C:\Drive E\ICNN_MetaPicker_Curated_STEAD_MATLAB\data\csv_stead_filtered\stead_event_01225.csv,bfb6deb81d50fdaa16e031dff11b85e903c931d091860066f5b507567f5b35a9
C:\Drive E\ICNN_MetaPicker_Curated_STEAD_MATLAB\data\csv_stead_filtered\stead_event_01226.csv,f6c22ed10f77df5f6cac7916fbd213a454e14581c4d6e1c0717aa4140ad1e0be
C:\Drive E\ICNN_MetaPicker_Curated_STEAD_MATLAB\data\csv_stead_filtered\stead_event_01227.csv,762533ea957f673ce630017c904da567a22f5ce32d16b688398a5b8171105bb4
C:\Drive E\ICNN_MetaPicker_Curated_STEAD_MATLAB\data\csv_stead_filtered\stead_event_01228.csv,cf72420d56797aef99be00e68066c230174929cc63cf186a2ade32eddc237397
C:\Drive E\ICNN_MetaPicker_Curated_STEAD_MATLAB\data\csv_stead_filtered\stead_event_01229.csv,2f8a57c02681b60ed9120d76ac8e5d03a1355e2aa316aed41f2f3149805afb19
C:\Drive E\ICNN_MetaPicker_Curated_STEAD_MATLAB\data\csv_stead_filtered\stead_event_01230.csv,a86d81d83b75258e3e977118a49061e74b73503b149a42c09d16ef6a10194168
C:\Drive E\ICNN_MetaPicker_Curated_STEAD_MATLAB\data\csv_stead_filtered\stead_event_01231.csv,bc44b8924e90e5517714c1c129cdd937d6805e5a58527284fc833ebe42fea096
C:\Drive E\ICNN_MetaPicker_Curated_STEAD_MATLAB\data\csv_stead_filtered\stead_event_01232.csv,77baae74bd51b7e1a5d0ff897d5e049f8ce90000aeaaaffe70123cf649063095
C:\Drive E\ICNN_MetaPicker_Curated_STEAD_MATLAB\data\csv_stead_filtered\stead_event_01233.csv,28116e8bcc81a5296095e7b02cd58aa6c771d2083d32e8d80436081fd804220c
C:\Drive E\ICNN_MetaPicker_Curated_STEAD_MATLAB\data\csv_stead_filtered\stead_event_01234.csv,15e416a2dfa6f280900aeeadda9ad1cf34cd3e68aa16c3ec955ba71b75614d07
C:\Drive E\ICNN_MetaPicker_Curated_STEAD_MATLAB\data\csv_stead_filtered\stead_event_01235.csv,2c0b6f9f2acd40c43852b69965bf4dae84795cd19518930ac554014970d6f2c7
C:\Drive E\ICNN_MetaPicker_Curated_STEAD_MATLAB\data\csv_stead_filtered\stead_event_01236.csv,a0402422da50313b3f4a8cf6483216c729f97ae95be8ee34d67aa450b89c8b20
C:\Drive E\ICNN_MetaPicker_Curated_STEAD_MATLAB\data\csv_stead_filtered\stead_event_01237.csv,258dbb1c9aa329a7136572e458aae85e6b9bbb5902097cb2d6b373a66446daef
C:\Drive E\ICNN_MetaPicker_Curated_STEAD_MATLAB\data\csv_stead_filtered\stead_event_01238.csv,c7a0ecd4eb7e722671cc6143b4fdc8409a4967baebb9f327534cb04e9420ed84
C:\Drive E\ICNN_MetaPicker_Curated_STEAD_MATLAB\data\csv_stead_filtered\stead_event_01239.csv,ab47c674271924b5e1a9488768d8549fe16dea7b379162e2c6c4563e595e8132
C:\Drive E\ICNN_MetaPicker_Curated_STEAD_MATLAB\data\csv_stead_filtered\stead_event_01240.csv,f8d0aac2e7011808beba692fec4ea37764676967e6c9f4403db41f6a27773914
C:\Drive E\ICNN_MetaPicker_Curated_STEAD_MATLAB\data\csv_stead_filtered\stead_event_01241.csv,15c0ea7f5af10cf0a8ffb4c7b6f6baa191e5fd5c689d407c07ee5836ade68af4
C:\Drive E\ICNN_MetaPicker_Curated_STEAD_MATLAB\data\csv_stead_filtered\stead_event_01242.csv,8c726dc14aa5c2ea8609733cb67044c04606aaaf453311cd7dc9b8ba5fbf4014
C:\Drive E\ICNN_MetaPicker_Curated_STEAD_MATLAB\data\csv_stead_filtered\stead_event_01243.csv,16432193f078df68b5c87577db744da5be70e9d940770daf1cc1bc50a8df3a04
C:\Drive E\ICNN_MetaPicker_Curated_STEAD_MATLAB\data\csv_stead_filtered\stead_event_01244.csv,0e7345d898943253ef21de334059f3e69ce36bbda90d0a56cb2a24105e1bc54f
C:\Drive E\ICNN_MetaPicker_Curated_STEAD_MATLAB\data\csv_stead_filtered\stead_event_01245.csv,4670f8d3358c8230fc5ed5538cdddb5e4219e945ac51a4836ce2ae0cd91aca1c
C:\Drive E\ICNN_MetaPicker_Curated_STEAD_MATLAB\data\csv_stead_filtered\stead_event_01246.csv,bfb1e719847cfe005ec27efc99af778f5713a78ed943d2cf84c80c7b207f75a7
C:\Drive E\ICNN_MetaPicker_Curated_STEAD_MATLAB\data\csv_stead_filtered\stead_event_01247.csv,54381b2b763725ac5eee4965b4a0ca5508a806d0438f76150229d257d73814fa
C:\Drive E\ICNN_MetaPicker_Curated_STEAD_MATLAB\data\csv_stead_filtered\stead_event_01248.csv,d2ee412fdb4875834ad70c027abbe819b94ed8f659c868d3fa541c750b30fe84
C:\Drive E\ICNN_MetaPicker_Curated_STEAD_MATLAB\data\csv_stead_filtered\stead_event_01249.csv,9e53c371fcb74a86cbba1197032cd01663e5a003af8544b32d5a8cd6d355042c
C:\Drive E\ICNN_MetaPicker_Curated_STEAD_MATLAB\data\csv_stead_filtered\stead_event_01250.csv,af8bf01c28ff8bbaa8d193f5f212299b701f6613aa0d93c07975fb4fae223ebb
C:\Drive E\ICNN_MetaPicker_Curated_STEAD_MATLAB\data\csv_stead_filtered\stead_event_01251.csv,d68f6ebdc4eea03465e6ca6df33b31ce6b49272cb11b0a9295c7c0e818310233
C:\Drive E\ICNN_MetaPicker_Curated_STEAD_MATLAB\data\csv_stead_filtered\stead_event_01252.csv,fb01068a6bc6fef6589bebc664b3354787b3f2ed274be4e4ef642023fc5f9bdf
C:\Drive E\ICNN_MetaPicker_Curated_STEAD_MATLAB\data\csv_stead_filtered\stead_event_01253.csv,4afed74ff6b5f5bc8305a06e580521fe09338e8f6f7cdc3701db9001cecea1b5
C:\Drive E\ICNN_MetaPicker_Curated_STEAD_MATLAB\data\csv_stead_filtered\stead_event_01254.csv,8c013d18eea76f96aebcaf3ac33b3af4577eab950b45939438f149814ad0bda2
C:\Drive E\ICNN_MetaPicker_Curated_STEAD_MATLAB\data\csv_stead_filtered\stead_event_01255.csv,9d9b3bdecc4f3e62ea2c587383b503010d913dfc4ef6cb07650b65f3f6ed67b0
C:\Drive E\ICNN_MetaPicker_Curated_STEAD_MATLAB\data\csv_stead_filtered\stead_event_01256.csv,b6238172e05bd14a9e7628fd392fd433f14fa0c6f160b1f2a3e8ec81e74a8e18
C:\Drive E\ICNN_MetaPicker_Curated_STEAD_MATLAB\data\csv_stead_filtered\stead_event_01257.csv,0a464701bc6333ca552f9e85839b1f094b951720d37e2a94553305d38ecc3aef
C:\Drive E\ICNN_MetaPicker_Curated_STEAD_MATLAB\data\csv_stead_filtered\stead_event_01258.csv,893ec8b71db5d2eaaa410b9666d98978dd9e2b5b235cc4a877171be8de328313
C:\Drive E\ICNN_MetaPicker_Curated_STEAD_MATLAB\data\csv_stead_filtered\stead_event_01259.csv,0e60fe5cd0a7680c11ebc345ffbd3fcb333297cd01dce35882fb49bce155dffa
C:\Drive E\ICNN_MetaPicker_Curated_STEAD_MATLAB\data\csv_stead_filtered\stead_event_01260.csv,8a924ba2d49588e017e92176251012d1362c35e722a9948aa9ca8b3062e6d39c
C:\Drive E\ICNN_MetaPicker_Curated_STEAD_MATLAB\data\csv_stead_filtered\stead_event_01261.csv,79b3b93cc329546d7d00a488543865ca0961178cfe5bc628c6e30e6a90e52d88
C:\Drive E\ICNN_MetaPicker_Curated_STEAD_MATLAB\data\csv_stead_filtered\stead_event_01262.csv,4d036513c4a3cd9657d468707536650b7dac7f1aae0fe920d799453c693c27ac
C:\Drive E\ICNN_MetaPicker_Curated_STEAD_MATLAB\data\csv_stead_filtered\stead_event_01263.csv,fd50f32b8f1b7dcac3f2610f5cc810bc991b7d81af9e7f423975cc2628b44d4d
C:\Drive E\ICNN_MetaPicker_Curated_STEAD_MATLAB\data\csv_stead_filtered\stead_event_01264.csv,a99e14c4b6f2cffe09c34e0f369813ace528184a22a422dbfdc7b0c5d05e8ac7
C:\Drive E\ICNN_MetaPicker_Curated_STEAD_MATLAB\data\csv_stead_filtered\stead_event_01265.csv,7df4fa8515a02a34b114cf2099491d72d4396eeadc1b5187e23ee177337d0a6f
C:\Drive E\ICNN_MetaPicker_Curated_STEAD_MATLAB\data\csv_stead_filtered\stead_event_01266.csv,9025c0d017ed21584068a611103e81ff694c5a3d9d7642c71ea1d1f18492abe4
C:\Drive E\ICNN_MetaPicker_Curated_STEAD_MATLAB\data\csv_stead_filtered\stead_event_01267.csv,1976e10e4c126d5e5fdd7110085002a995791797fa53444f9ec9a49270040c1b
C:\Drive E\ICNN_MetaPicker_Curated_STEAD_MATLAB\data\csv_stead_filtered\stead_event_01268.csv,27415fa76da70eb324bb90c33b6554235b58ea57565477e46c13d58e5c863f9f
C:\Drive E\ICNN_MetaPicker_Curated_STEAD_MATLAB\data\csv_stead_filtered\stead_event_01269.csv,240257b66d25f5b7c597dca9e6c410c68e3894eb56aabb649fcd4175eea83cb3
C:\Drive E\ICNN_MetaPicker_Curated_STEAD_MATLAB\data\csv_stead_filtered\stead_event_01270.csv,52cc66868d7cc80f4d3febb99e0bd0f9f145b30dfac88320ef1f3175a43795b6
C:\Drive E\ICNN_MetaPicker_Curated_STEAD_MATLAB\data\csv_stead_filtered\stead_event_01271.csv,7d2cc28778ea8b7636468a73ad1d02d6b747b8d5775f18031ff772fc601e33d9
C:\Drive E\ICNN_MetaPicker_Curated_STEAD_MATLAB\data\csv_stead_filtered\stead_event_01272.csv,4614244c6987a7dfaa801b19a0a0f811457d210658c6b49bfbf7722a69a97c3d
C:\Drive E\ICNN_MetaPicker_Curated_STEAD_MATLAB\data\csv_stead_filtered\stead_event_01273.csv,bd3f57846199d2996937cef907a1c30846fe925c9074db3c0a1589587b4901c0
C:\Drive E\ICNN_MetaPicker_Curated_STEAD_MATLAB\data\csv_stead_filtered\stead_event_01274.csv,967f633272671d953eadec3a571d70902e5841569f5c30b3d0d6f84de331c839
C:\Drive E\ICNN_MetaPicker_Curated_STEAD_MATLAB\data\csv_stead_filtered\stead_event_01275.csv,adf50ec06913f62ad4ea52f5ba1a4fce6d55fd44dd9e1f5532e1eca37cbd6d7b
C:\Drive E\ICNN_MetaPicker_Curated_STEAD_MATLAB\data\csv_stead_filtered\stead_event_01276.csv,62a65c9e263c49ed7fe095735a8c2c3e590ecbee38d7c219910f1747919ab82f
C:\Drive E\ICNN_MetaPicker_Curated_STEAD_MATLAB\data\csv_stead_filtered\stead_event_01277.csv,77de3a13832dbb9d79b70649eb7ccd45b7b3f8731645cdedaadc1a7e0c25c004
C:\Drive E\ICNN_MetaPicker_Curated_STEAD_MATLAB\data\csv_stead_filtered\stead_event_01278.csv,facf19fcf9d2086b03872802582ed93d17f3eed76fbac4412d36cb46d0b3b3af
C:\Drive E\ICNN_MetaPicker_Curated_STEAD_MATLAB\data\csv_stead_filtered\stead_event_01279.csv,d0881e37e9b96d75ca2c84406ddd038560577d9eae94c05240bd6ea1d43c09af
C:\Drive E\ICNN_MetaPicker_Curated_STEAD_MATLAB\data\csv_stead_filtered\stead_event_01280.csv,8dd7840335f57ece60e421312e510740ab316482ab423067be3ba9bb993e7bcf
C:\Drive E\ICNN_MetaPicker_Curated_STEAD_MATLAB\data\csv_stead_filtered\stead_event_01281.csv,b39342e05565ab042dc916e1da17c1b1a109e72d05000af6ffe0fa4df340a40c
C:\Drive E\ICNN_MetaPicker_Curated_STEAD_MATLAB\data\csv_stead_filtered\stead_event_01282.csv,357d3d457e0cf14e0ddc89472b7b79acb2f3609bb32e3c9630c71880610e1c56
C:\Drive E\ICNN_MetaPicker_Curated_STEAD_MATLAB\data\csv_stead_filtered\stead_event_01283.csv,e4714eb57b858e14e07fe4800a41d35080dbc180c662fe089335168129f9472b
C:\Drive E\ICNN_MetaPicker_Curated_STEAD_MATLAB\data\csv_stead_filtered\stead_event_01284.csv,ed55528e59cabdb48f0d3048bc0da908d58a3b11c6ad934dc39007ef76dbf7fe
C:\Drive E\ICNN_MetaPicker_Curated_STEAD_MATLAB\data\csv_stead_filtered\stead_event_01285.csv,93255edf0c76bb7c0f6411b2cd9efe325dca437d22f6658f83df4b3f956ec268
C:\Drive E\ICNN_MetaPicker_Curated_STEAD_MATLAB\data\csv_stead_filtered\stead_event_01286.csv,f7fd53801bdd0e8c6e20a9ab10f3bc872284678d878c5440dc046ddb093c187a
C:\Drive E\ICNN_MetaPicker_Curated_STEAD_MATLAB\data\csv_stead_filtered\stead_event_01287.csv,923ef5d8800aea956eeba6632fcf1a75f50947f10facdedef2d7b842dd43e623
C:\Drive E\ICNN_MetaPicker_Curated_STEAD_MATLAB\data\csv_stead_filtered\stead_event_01288.csv,82d4949d7bebcbf03118e882ba1dc34dac4f01b6e49b598a6dadfe8ebc4f54ea
C:\Drive E\ICNN_MetaPicker_Curated_STEAD_MATLAB\data\csv_stead_filtered\stead_event_01289.csv,82d5aa62deff1e130ce91794390a2542f6b82f6145c23a59271380b061d5440a
C:\Drive E\ICNN_MetaPicker_Curated_STEAD_MATLAB\data\csv_stead_filtered\stead_event_01290.csv,664ca61b7dbddaa3886444a59264b07cbd4956e3b9184568764d237a878667a8
C:\Drive E\ICNN_MetaPicker_Curated_STEAD_MATLAB\data\csv_stead_filtered\stead_event_01291.csv,ca4f2a9686ae7e25156384c574996703145d89fd3ef33b756db734d3c5906756
C:\Drive E\ICNN_MetaPicker_Curated_STEAD_MATLAB\data\csv_stead_filtered\stead_event_01292.csv,1c24cf28d33cb295a1ebce588f0cf21c7760e007a6a3f177158a731e846f64f2
C:\Drive E\ICNN_MetaPicker_Curated_STEAD_MATLAB\data\csv_stead_filtered\stead_event_01293.csv,33e0452e92fdc6d2aa474d8256f7fbdbe2cf3ab73278ca720044bfb4461e76a4
C:\Drive E\ICNN_MetaPicker_Curated_STEAD_MATLAB\data\csv_stead_filtered\stead_event_01294.csv,458f2671db6b5a867697bd3d2af78c9cd90f0f0a7e5c5cf0a7bf57c2420ce4fc
C:\Drive E\ICNN_MetaPicker_Curated_STEAD_MATLAB\data\csv_stead_filtered\stead_event_01295.csv,263bde520e5d8c10cf40dd9abce9b704fde5c9cb93cbeeee6f86b46767e70a41
C:\Drive E\ICNN_MetaPicker_Curated_STEAD_MATLAB\data\csv_stead_filtered\stead_event_01296.csv,ad0535dedee1024079993c923f87814b9e8bf81aee08e85579169195d6caed89
C:\Drive E\ICNN_MetaPicker_Curated_STEAD_MATLAB\data\csv_stead_filtered\stead_event_01297.csv,79c94e10e798715b2fc968394f771867ff76a8ba3892c48a6816d51501e10c77
C:\Drive E\ICNN_MetaPicker_Curated_STEAD_MATLAB\data\csv_stead_filtered\stead_event_01298.csv,9c0742aea16f3702468d22035659b73d10afbdd71904c45a2660196a00bb3adc
C:\Drive E\ICNN_MetaPicker_Curated_STEAD_MATLAB\data\csv_stead_filtered\stead_event_01299.csv,89a8d9b5d864570a07007e22b64b69d5469702919e945e91f38e70ce10e3a2b1
C:\Drive E\ICNN_MetaPicker_Curated_STEAD_MATLAB\data\csv_stead_filtered\stead_event_01300.csv,aabf07638cef1f88a4fde24bbb6241d7b86684d838ea63b16f70d9f998409477
C:\Drive E\ICNN_MetaPicker_Curated_STEAD_MATLAB\data\csv_stead_filtered\stead_event_01301.csv,be6d0bea91ac19e9d067a99dc6d80af5bb401356ece7a5a0100c763ec4158493
C:\Drive E\ICNN_MetaPicker_Curated_STEAD_MATLAB\data\csv_stead_filtered\stead_event_01302.csv,b623054de902d72d4aaf367686f89e2948f64aacdc91377bd5ce5953d318e070
C:\Drive E\ICNN_MetaPicker_Curated_STEAD_MATLAB\data\csv_stead_filtered\stead_event_01303.csv,451915ea5ca99011801886f5d101685cb10598371cc5c399d5f8eea7939f524b
C:\Drive E\ICNN_MetaPicker_Curated_STEAD_MATLAB\data\csv_stead_filtered\stead_event_01304.csv,f153ee5b97ad52a092e63e3164a2a4b08274aacb92a9e00651a62fb5e0be8ceb
C:\Drive E\ICNN_MetaPicker_Curated_STEAD_MATLAB\data\csv_stead_filtered\stead_event_01305.csv,b7c60e3b1777019d306c9c6aa6b722773ab59b8470eb28dd9498f18693d65c4d
C:\Drive E\ICNN_MetaPicker_Curated_STEAD_MATLAB\data\csv_stead_filtered\stead_event_01306.csv,43755eb41a3db356db6e2f6449199a59236540f5b87ea5e91938be8e14c0ca60
C:\Drive E\ICNN_MetaPicker_Curated_STEAD_MATLAB\data\csv_stead_filtered\stead_event_01307.csv,2b7ce7e6adb1c0d29cb7a43d370d9c965a0a5a66b8f9088bc8be177f623fb4bf
C:\Drive E\ICNN_MetaPicker_Curated_STEAD_MATLAB\data\csv_stead_filtered\stead_event_01308.csv,b75d3f837024050320223dcf2335d8e53d0d588a1efd09cd4df7b419784b5992
C:\Drive E\ICNN_MetaPicker_Curated_STEAD_MATLAB\data\csv_stead_filtered\stead_event_01309.csv,1ffc951de08979084f8222faa547d6bdf2020a46ec834a2817fb6913c27bd909
C:\Drive E\ICNN_MetaPicker_Curated_STEAD_MATLAB\data\csv_stead_filtered\stead_event_01310.csv,2062e1c852fff87480df64a7e5a8d54a6127c0ca6e756e65304196bd34521398
C:\Drive E\ICNN_MetaPicker_Curated_STEAD_MATLAB\data\csv_stead_filtered\stead_event_01311.csv,533132b02eda4e4508174096b0dc1ec9479a33d1a91c78cb839e7aebf17a9c67
C:\Drive E\ICNN_MetaPicker_Curated_STEAD_MATLAB\data\csv_stead_filtered\stead_event_01312.csv,9c8f6f0b2e84c8bc611c088c546ea4cbc649a37fc5a37821ada95293baf23ef2
C:\Drive E\ICNN_MetaPicker_Curated_STEAD_MATLAB\data\csv_stead_filtered\stead_event_01313.csv,075becf7c94642b76677a230cb9ef88c08753cf42def9c7caafc65b5222bd628
C:\Drive E\ICNN_MetaPicker_Curated_STEAD_MATLAB\data\csv_stead_filtered\stead_event_01314.csv,7183ac705f3dcb747e0a1969644f7c5f23baa47bcf466d133700a656e9c52deb
C:\Drive E\ICNN_MetaPicker_Curated_STEAD_MATLAB\data\csv_stead_filtered\stead_event_01315.csv,6174db3e6af67f772e08aaeeacc4edaac82fcb49f6b5995b60460cdc6266f08a
C:\Drive E\ICNN_MetaPicker_Curated_STEAD_MATLAB\data\csv_stead_filtered\stead_event_01316.csv,ec756ded69436476f569c2821594d2eddc1b4bb4b358696d0349aa01e10095f2
C:\Drive E\ICNN_MetaPicker_Curated_STEAD_MATLAB\data\csv_stead_filtered\stead_event_01317.csv,582b1cb3623db39b778c7f3116ea4befe4ace0a719cb9f9c50fa541fc197f78f
C:\Drive E\ICNN_MetaPicker_Curated_STEAD_MATLAB\data\csv_stead_filtered\stead_event_01318.csv,71215ddf1c116208e79ac61e0861f8af7fa767a49c32a272860e9930b0db481e
C:\Drive E\ICNN_MetaPicker_Curated_STEAD_MATLAB\data\csv_stead_filtered\stead_event_01319.csv,b0c94349a8215aadcbe6a2836df923b88559e0973e2373943d6617d2d97dc87a
C:\Drive E\ICNN_MetaPicker_Curated_STEAD_MATLAB\data\csv_stead_filtered\stead_event_01320.csv,1c21f3bcfea657487a4b9800d0630376f1f926c25253f8609c5d0a029b04ccdb
C:\Drive E\ICNN_MetaPicker_Curated_STEAD_MATLAB\data\csv_stead_filtered\stead_event_01321.csv,807bd64d076fb4ddc4882a58824254bbaf4f62be483830e22ed3e78306fef614
C:\Drive E\ICNN_MetaPicker_Curated_STEAD_MATLAB\data\csv_stead_filtered\stead_event_01322.csv,601ea6e428c72c53d38b7504d0e17a3d279047433f9a50bb00f78a5325025e95
C:\Drive E\ICNN_MetaPicker_Curated_STEAD_MATLAB\data\csv_stead_filtered\stead_event_01323.csv,055e38fb0fcb931db95684ac1bb82fd061be9c1e4b82f96d7cab1f30bca83b69
C:\Drive E\ICNN_MetaPicker_Curated_STEAD_MATLAB\data\csv_stead_filtered\stead_event_01324.csv,0e86d22d8d08dc05435f485168adb03ada7403864d9fd8a068951f7b1065b9e6
C:\Drive E\ICNN_MetaPicker_Curated_STEAD_MATLAB\data\csv_stead_filtered\stead_event_01325.csv,51a8056a7a8f80c57774343cb12b5ea9c68fe578f9752d9fd9ed7b24b9eb4ea5
C:\Drive E\ICNN_MetaPicker_Curated_STEAD_MATLAB\data\csv_stead_filtered\stead_event_01326.csv,c8f8cd48b33421b277b902e1037623f5f8bc4936708eb110aca0abff5cdf6668
C:\Drive E\ICNN_MetaPicker_Curated_STEAD_MATLAB\data\csv_stead_filtered\stead_event_01327.csv,49a9b72822d938bc5bdaae7ca3b61dbab22d246cdb7a6cf0b4710b0ca2aedb5b
C:\Drive E\ICNN_MetaPicker_Curated_STEAD_MATLAB\data\csv_stead_filtered\stead_event_01328.csv,d7b94283a7b9e8aacae521b9f23ce06581ba00cc46cebb4e155b45cebc43969a
C:\Drive E\ICNN_MetaPicker_Curated_STEAD_MATLAB\data\csv_stead_filtered\stead_event_01329.csv,ef3a7bf7ed87c5e76bec0923ec8bf7485052177026977dabf5245ef6542ab018
C:\Drive E\ICNN_MetaPicker_Curated_STEAD_MATLAB\data\csv_stead_filtered\stead_event_01330.csv,4c11e2a959e9b1279579f06435dcc3da5a2472d12730d547472d5afe7cce599b
C:\Drive E\ICNN_MetaPicker_Curated_STEAD_MATLAB\data\csv_stead_filtered\stead_event_01331.csv,fe9a4efca848559c7f480436c5a590de1929e6983b83be712ed9102a158a371e
C:\Drive E\ICNN_MetaPicker_Curated_STEAD_MATLAB\data\csv_stead_filtered\stead_event_01332.csv,20d40dd4d8e83a59e7257523ec9069784b81dea8910cec4ec72f9b4b891aeb73
C:\Drive E\ICNN_MetaPicker_Curated_STEAD_MATLAB\data\csv_stead_filtered\stead_event_01333.csv,157e0ea62cacc4ac31e68b2aec41de865b21c1df2fea2328f2db89e8b712e3b0
C:\Drive E\ICNN_MetaPicker_Curated_STEAD_MATLAB\data\csv_stead_filtered\stead_event_01334.csv,1a61a5939d41b2924e99d75e0b20a48288ad99c7f07cab64aab78d85025d6526
C:\Drive E\ICNN_MetaPicker_Curated_STEAD_MATLAB\data\csv_stead_filtered\stead_event_01335.csv,ea5704d2a14d4b747170ed154371dca4232522d323f4119f8132504e098c9e9d
C:\Drive E\ICNN_MetaPicker_Curated_STEAD_MATLAB\data\csv_stead_filtered\stead_event_01336.csv,ee1eff0971fe11a15bee5feafd83784e712691784088ffa051845ff33961442f
C:\Drive E\ICNN_MetaPicker_Curated_STEAD_MATLAB\data\csv_stead_filtered\stead_event_01337.csv,bb442b0a89d01f1bc235a97df5eb8db38fd527875964d0d81585abbd1c3a802e
C:\Drive E\ICNN_MetaPicker_Curated_STEAD_MATLAB\data\csv_stead_filtered\stead_event_01338.csv,d75a0d7a1c3a63a705ffab7996b4640e1cd0cbe82b8c1ee92febce14da529337
C:\Drive E\ICNN_MetaPicker_Curated_STEAD_MATLAB\data\csv_stead_filtered\stead_event_01339.csv,1c189de2562c4b9431992f325d59df40c528ed7aefb515fb0e0c155896215ee6
C:\Drive E\ICNN_MetaPicker_Curated_STEAD_MATLAB\data\csv_stead_filtered\stead_event_01340.csv,336a66594dfcaa37acc918010f362ebf6815698ec5b29b04141dd9c9c0f5b189
C:\Drive E\ICNN_MetaPicker_Curated_STEAD_MATLAB\data\csv_stead_filtered\stead_event_01341.csv,273733ed7474b9be8101163ad9346fb7c3ac1f3fa28c03ef279c0c6c35ee4f90
C:\Drive E\ICNN_MetaPicker_Curated_STEAD_MATLAB\data\csv_stead_filtered\stead_event_01342.csv,0cc64ed745354372526a0353e9393a1258a1f5c7cf91d3eb5d5fd2c6e49e3dba
C:\Drive E\ICNN_MetaPicker_Curated_STEAD_MATLAB\data\csv_stead_filtered\stead_event_01343.csv,2fa2e17ba935d03ededb0874301d0425673a1daa28b3c419ba52254d4c1a0800
C:\Drive E\ICNN_MetaPicker_Curated_STEAD_MATLAB\data\csv_stead_filtered\stead_event_01344.csv,6c87fbbbf7b863d15785c21f3ac91fe8c66c79ea64c5b164e95dd2c543e6f9d5
C:\Drive E\ICNN_MetaPicker_Curated_STEAD_MATLAB\data\csv_stead_filtered\stead_event_01345.csv,86c859e5abfd5bbbe3ec1c5229ff6606c0c5379c875adebb59429cf654e650c2
C:\Drive E\ICNN_MetaPicker_Curated_STEAD_MATLAB\data\csv_stead_filtered\stead_event_01346.csv,3db1fded0de2c8d34b9c87e31e86b365b859163c2c5283a0f6b6d8fee510e103
C:\Drive E\ICNN_MetaPicker_Curated_STEAD_MATLAB\data\csv_stead_filtered\stead_event_01347.csv,779eb8943878ccba580fc2de7409020df8e72a1955c3fae82b89b56ff880f10d
C:\Drive E\ICNN_MetaPicker_Curated_STEAD_MATLAB\data\csv_stead_filtered\stead_event_01348.csv,9ed66439d11fe987c69f897aefa8443a031ce0e784c9b43003b017155b7e6703
C:\Drive E\ICNN_MetaPicker_Curated_STEAD_MATLAB\data\csv_stead_filtered\stead_event_01349.csv,40c20b6336d8619f64cf32776fe9d60961e87045a6c590311bd01316c79cc5da
C:\Drive E\ICNN_MetaPicker_Curated_STEAD_MATLAB\data\csv_stead_filtered\stead_event_01350.csv,c678929b9d4bc5a79c092896c0c756f82c6f34fae00293f4995ee65213c89360
C:\Drive E\ICNN_MetaPicker_Curated_STEAD_MATLAB\data\csv_stead_filtered\stead_event_01351.csv,bcbbe1886c335c450aa1b3d108465fcb2e29e11f1dcea30b70cb288156a4ac08
C:\Drive E\ICNN_MetaPicker_Curated_STEAD_MATLAB\data\csv_stead_filtered\stead_event_01352.csv,e78a17912ef354555ccb28579c491470245fb62e8dc38b0da2f5d7f98677c0b3
C:\Drive E\ICNN_MetaPicker_Curated_STEAD_MATLAB\data\csv_stead_filtered\stead_event_01353.csv,e90acacf221acd96d5d89990253978b3ff6f21e6e0cf92165c2ad83b0e4c6936
C:\Drive E\ICNN_MetaPicker_Curated_STEAD_MATLAB\data\csv_stead_filtered\stead_event_01354.csv,7c9136c6b08b82b394093b2059289ddf04175f55fa1197bf578d99682017d937
C:\Drive E\ICNN_MetaPicker_Curated_STEAD_MATLAB\data\csv_stead_filtered\stead_event_01355.csv,719fa452cadc99583043a2282dd6165c3a42bbb2b26d90c71bbe95515020c98d
C:\Drive E\ICNN_MetaPicker_Curated_STEAD_MATLAB\data\csv_stead_filtered\stead_event_01356.csv,e7cacedeaa87f564e5685b4d88d4473d6b963f94ad9083fc0e7eb11a6d76b314
C:\Drive E\ICNN_MetaPicker_Curated_STEAD_MATLAB\data\csv_stead_filtered\stead_event_01357.csv,dfd30a172cd64d822ea7ad67df973b882a7932aa4cb298389cd8ab2c296ca848
C:\Drive E\ICNN_MetaPicker_Curated_STEAD_MATLAB\data\csv_stead_filtered\stead_event_01358.csv,196b45cf0e54e4273830119ded4adfe75396fcb8a9f588bb6d453e869519bc78
C:\Drive E\ICNN_MetaPicker_Curated_STEAD_MATLAB\data\csv_stead_filtered\stead_event_01359.csv,661a5233cb93ef605b1a790454a2dfe20ad12a9fdd1d2a29f1aa15f1beba5a0f
C:\Drive E\ICNN_MetaPicker_Curated_STEAD_MATLAB\data\csv_stead_filtered\stead_event_01360.csv,1a83a03a004de202a3cf43da31da8cbe90227b42fb461ce9cbd7a6eaf64d16e9
C:\Drive E\ICNN_MetaPicker_Curated_STEAD_MATLAB\data\csv_stead_filtered\stead_event_01361.csv,c0d2353ff0066f5f0939e0c1f0fbb78b98871cbdd294726bf49383fb3ea5d90c
C:\Drive E\ICNN_MetaPicker_Curated_STEAD_MATLAB\data\csv_stead_filtered\stead_event_01362.csv,3dcfb3ad5f3a47cc818ca6bd8807040e8a5e19230a7c40b2cbfe267ca12295a1
C:\Drive E\ICNN_MetaPicker_Curated_STEAD_MATLAB\data\csv_stead_filtered\stead_event_01363.csv,a3926ecca84bbca078432629ec1c2e848bb2c80faa048707097859e1e113cb68
C:\Drive E\ICNN_MetaPicker_Curated_STEAD_MATLAB\data\csv_stead_filtered\stead_event_01364.csv,13e1d4dd373b59957ebbbf184e355bdc9ec45385081db1835efde2ea409412a2
C:\Drive E\ICNN_MetaPicker_Curated_STEAD_MATLAB\data\csv_stead_filtered\stead_event_01365.csv,8fc9ccf1184811938e23b7f7174e4f5d2f0bead6f5526e39b14e29c74f9112d8
C:\Drive E\ICNN_MetaPicker_Curated_STEAD_MATLAB\data\csv_stead_filtered\stead_event_01366.csv,e85138ce8cc42205b47da17981783f8dd551d86e6416e436790ca72a0b828c11
C:\Drive E\ICNN_MetaPicker_Curated_STEAD_MATLAB\data\csv_stead_filtered\stead_event_01367.csv,632ec2ed8df7f08db98d15c2ef76b2097dd9486cc898e437a4f9a117873b210c
C:\Drive E\ICNN_MetaPicker_Curated_STEAD_MATLAB\data\csv_stead_filtered\stead_event_01368.csv,dfdb4e52b3d6135f6091d7eca5a6adda2eb3cf85acdd327f0b63e77297935524
C:\Drive E\ICNN_MetaPicker_Curated_STEAD_MATLAB\data\csv_stead_filtered\stead_event_01369.csv,dae5089ab9820f57c0405326a4917c7af9605ebe1fd51b45ed75e33e49f5ebf5
C:\Drive E\ICNN_MetaPicker_Curated_STEAD_MATLAB\data\csv_stead_filtered\stead_event_01370.csv,94e4a4139f21a99dd23fb73701805efb2937d8bd99925832db44dec12ce3e56b
C:\Drive E\ICNN_MetaPicker_Curated_STEAD_MATLAB\data\csv_stead_filtered\stead_event_01371.csv,9dc9e937f4f4d516a56e907c41bba08e753f5fb64a3b966d81620322972e1803
C:\Drive E\ICNN_MetaPicker_Curated_STEAD_MATLAB\data\csv_stead_filtered\stead_event_01372.csv,24eda24e484c1de3cd0c9385086bf3d2bee8fe16133045e923dda54f8389351c
C:\Drive E\ICNN_MetaPicker_Curated_STEAD_MATLAB\data\csv_stead_filtered\stead_event_01373.csv,25cf67f80bbca493b197fe994a9f271e0c209dcf63676974cbf04b2b56ba76d0
C:\Drive E\ICNN_MetaPicker_Curated_STEAD_MATLAB\data\csv_stead_filtered\stead_event_01374.csv,f4bd0b7596cd01b53c3d49ae13aa97a69ccf3d43fd3d2bb16ebf7e80f44e1033
C:\Drive E\ICNN_MetaPicker_Curated_STEAD_MATLAB\data\csv_stead_filtered\stead_event_01375.csv,e41ddd69d2bec71f466abf01ea4ee8b0021b1cce13c5ea9ed3daf2b3f260efb8
C:\Drive E\ICNN_MetaPicker_Curated_STEAD_MATLAB\data\csv_stead_filtered\stead_event_01376.csv,c46d00eac5a1e32033ac4e4c937ce011c295f1fef5590b7f57e0ca07b7d2cfe0
C:\Drive E\ICNN_MetaPicker_Curated_STEAD_MATLAB\data\csv_stead_filtered\stead_event_01377.csv,6bc89c41d6bc78e527e1869463514edee38adbacd1f11e03db10453ec4e00c57
C:\Drive E\ICNN_MetaPicker_Curated_STEAD_MATLAB\data\csv_stead_filtered\stead_event_01378.csv,e407207d70d5fdacd678738d3b8b6305a222c50416509fae01e73239cf3b8fd4
C:\Drive E\ICNN_MetaPicker_Curated_STEAD_MATLAB\data\csv_stead_filtered\stead_event_01379.csv,745af0e7f5773ceacac78b64254850c235bd9307285dabf6f358f55f984d3441
C:\Drive E\ICNN_MetaPicker_Curated_STEAD_MATLAB\data\csv_stead_filtered\stead_event_01380.csv,56da5e91a728a864d53927dbc0dc85ac7d4f148d8336a3ead26ab0540fe59160
C:\Drive E\ICNN_MetaPicker_Curated_STEAD_MATLAB\data\csv_stead_filtered\stead_event_01381.csv,4b073ad965dbcd28edd8f6ec6459eda85089ed694806aa4ab7c6c234eae2abc1
C:\Drive E\ICNN_MetaPicker_Curated_STEAD_MATLAB\data\csv_stead_filtered\stead_event_01382.csv,4eda45ea7e291af0a984ad348ac0796bbb6fec7ddc95bd6e5b5fd5b29836721f
C:\Drive E\ICNN_MetaPicker_Curated_STEAD_MATLAB\data\csv_stead_filtered\stead_event_01383.csv,c6c7decef061da0b966bb17d97ed219c15c27a906f87d31eff8dc8b01896afe9
C:\Drive E\ICNN_MetaPicker_Curated_STEAD_MATLAB\data\csv_stead_filtered\stead_event_01384.csv,21a8892138c7e02c03248d087d449a8c58a0d593f2f526ab43c89584e4702e79
C:\Drive E\ICNN_MetaPicker_Curated_STEAD_MATLAB\data\csv_stead_filtered\stead_event_01385.csv,f9502f53196318aeb3cc49d4b259a82c145bf8b061f26e095cf51744e8e706b4
C:\Drive E\ICNN_MetaPicker_Curated_STEAD_MATLAB\data\csv_stead_filtered\stead_event_01386.csv,cd8ce989f37454943fba4c2306f900b3e81d9da1a149199b2605354443fdd8b4
C:\Drive E\ICNN_MetaPicker_Curated_STEAD_MATLAB\data\csv_stead_filtered\stead_event_01387.csv,009d39a5617b3d208cdc44ab807db8945f2460652e4e443acf715d3b9745b176
C:\Drive E\ICNN_MetaPicker_Curated_STEAD_MATLAB\data\csv_stead_filtered\stead_event_01388.csv,1b05175bbb5cf803ea4a99186c1214f0c9a55b865049cf12c24e27c394b5c189
C:\Drive E\ICNN_MetaPicker_Curated_STEAD_MATLAB\data\csv_stead_filtered\stead_event_01389.csv,e909968afc204f98bd3aa06a8c432e5ae098364bf1fe8d33df64fa189e6fa87b
C:\Drive E\ICNN_MetaPicker_Curated_STEAD_MATLAB\data\csv_stead_filtered\stead_event_01390.csv,f1cf13403b465ac431cf6fe86c10d5a168dbc4f95589eb5aa705b724a236fe8c
C:\Drive E\ICNN_MetaPicker_Curated_STEAD_MATLAB\data\csv_stead_filtered\stead_event_01391.csv,1c18276032208bfa93bb4eef28d9f4d9581f6aa40e0dd0224db643c3ca2be5d6
C:\Drive E\ICNN_MetaPicker_Curated_STEAD_MATLAB\data\csv_stead_filtered\stead_event_01392.csv,58e78a57e62cc778b3f6c4d4ce2c6f5f084c00c5d9ba88ab2c49d36d7b31f333
C:\Drive E\ICNN_MetaPicker_Curated_STEAD_MATLAB\data\csv_stead_filtered\stead_event_01393.csv,82c205185f52e9850075fd37380204db5c39332b9eff2252dd6738420ca19cf5
C:\Drive E\ICNN_MetaPicker_Curated_STEAD_MATLAB\data\csv_stead_filtered\stead_event_01394.csv,a71349d723f905efb315d8b8cacfed5bf80834dc24b3b408fcdf76d54c799f8c
C:\Drive E\ICNN_MetaPicker_Curated_STEAD_MATLAB\data\csv_stead_filtered\stead_event_01395.csv,8ddb9c56fbf1eae6823761964b6976c5f83c32820d80d1416edd5eb8fa44c33d
C:\Drive E\ICNN_MetaPicker_Curated_STEAD_MATLAB\data\csv_stead_filtered\stead_event_01396.csv,19a94570f57870d680fcb10c0ca40ee4f9529a5e297206a5c6d1176936e1342e
C:\Drive E\ICNN_MetaPicker_Curated_STEAD_MATLAB\data\csv_stead_filtered\stead_event_01397.csv,3d8806eed239e7e0600f6f0c90ae813ffbfa4a831553ca600f9497d849528b09
C:\Drive E\ICNN_MetaPicker_Curated_STEAD_MATLAB\data\csv_stead_filtered\stead_event_01398.csv,359779ade6e48cda4c8b0fd28dc73d7444d82849ec52c2d6ea4f55440f619716
C:\Drive E\ICNN_MetaPicker_Curated_STEAD_MATLAB\data\csv_stead_filtered\stead_event_01399.csv,6417a46542f756d78d0b20dfc494cfe99fc54ce53e3302adee481c75ec266ba6
C:\Drive E\ICNN_MetaPicker_Curated_STEAD_MATLAB\data\csv_stead_filtered\stead_event_01400.csv,7e4a4222dec04a19937e57dba641421882f08b77b49a5fd49b22dd0e794effc6
C:\Drive E\ICNN_MetaPicker_Curated_STEAD_MATLAB\data\csv_stead_filtered\stead_event_01401.csv,431d9d3631ecaf7433ead55078b41cdf53c30defcf8492c2f540394b19315ee4
C:\Drive E\ICNN_MetaPicker_Curated_STEAD_MATLAB\data\csv_stead_filtered\stead_event_01402.csv,007fe7568fdabbbf8bda14c8955fdef8f23a215366f47906e8f9c49d31a1bbf3
C:\Drive E\ICNN_MetaPicker_Curated_STEAD_MATLAB\data\csv_stead_filtered\stead_event_01403.csv,3a01212a57c0a6e019a6e90aada48ed61144345e04e5429efd2e487df2911f55
C:\Drive E\ICNN_MetaPicker_Curated_STEAD_MATLAB\data\csv_stead_filtered\stead_event_01404.csv,dc935f3be536fc8fc4a8ba9311c2e4bd454326d898fa9ae557fd04e391ac0348
C:\Drive E\ICNN_MetaPicker_Curated_STEAD_MATLAB\data\csv_stead_filtered\stead_event_01405.csv,f9ad268e520b2de85de74d6549e56f00882a0f21532c7a1572223229c432d3be
C:\Drive E\ICNN_MetaPicker_Curated_STEAD_MATLAB\data\csv_stead_filtered\stead_event_01406.csv,4db679dff720a8f5a62e376646d5cb4c8aead48ef1fe5b42da1ef0d8d5c5d2f4
C:\Drive E\ICNN_MetaPicker_Curated_STEAD_MATLAB\data\csv_stead_filtered\stead_event_01407.csv,6502f638f7024a0a9576432b2ad4d1951b23b612d6200bd79e69a2d1b188f138
C:\Drive E\ICNN_MetaPicker_Curated_STEAD_MATLAB\data\csv_stead_filtered\stead_event_01408.csv,006ad0787af4480194cc7c2d71a633bb9d8883786f1cf3a5b548a6e0d9571015
C:\Drive E\ICNN_MetaPicker_Curated_STEAD_MATLAB\data\csv_stead_filtered\stead_event_01409.csv,81001cd50f05135cd5b30dc98e8ba0e86a07bd682f63cc964f3d91b6902c4dce
C:\Drive E\ICNN_MetaPicker_Curated_STEAD_MATLAB\data\csv_stead_filtered\stead_event_01410.csv,0a7339f74ea688e0a955e6aa92b1cb76c05b3a9889058044d24cf2a47deb9117
C:\Drive E\ICNN_MetaPicker_Curated_STEAD_MATLAB\data\csv_stead_filtered\stead_event_01411.csv,da3193a09b3a8a7afedd794e68d07613334b9883dfeb0c930d46d1e590d39db1
C:\Drive E\ICNN_MetaPicker_Curated_STEAD_MATLAB\data\csv_stead_filtered\stead_event_01412.csv,9539a775b65c7f453ea9e131be989e710ce7f757f934bf2ba1770b2f02085dbc
C:\Drive E\ICNN_MetaPicker_Curated_STEAD_MATLAB\data\csv_stead_filtered\stead_event_01413.csv,4b2141fabafa3b2751eda355ea12cc2261495dd914a762de626f673fe35ba490
C:\Drive E\ICNN_MetaPicker_Curated_STEAD_MATLAB\data\csv_stead_filtered\stead_event_01414.csv,31c0a24d76d158127c6b6d53fcffcf2e9fffda76fe8f10ae3d885ed6296674ce
C:\Drive E\ICNN_MetaPicker_Curated_STEAD_MATLAB\data\csv_stead_filtered\stead_event_01415.csv,e668791e19cb320d1555d07ace76d45f609e239c67dcc7ef9da0e8a930cbb85a
C:\Drive E\ICNN_MetaPicker_Curated_STEAD_MATLAB\data\csv_stead_filtered\stead_event_01416.csv,85d03f45be96885f3ea929e43b11edb3243f34a4d885e29e9e281b9f311e3115
C:\Drive E\ICNN_MetaPicker_Curated_STEAD_MATLAB\data\csv_stead_filtered\stead_event_01417.csv,8061e3fdcff4ae1d36953b90c45753046a1158e4c246f321919d55081fd10039
C:\Drive E\ICNN_MetaPicker_Curated_STEAD_MATLAB\data\csv_stead_filtered\stead_event_01418.csv,90e6ec0910705ceec39d84ece13b126933e541587a675a24a57feaf3290e03e7
C:\Drive E\ICNN_MetaPicker_Curated_STEAD_MATLAB\data\csv_stead_filtered\stead_event_01419.csv,8a339c47bf2b6471d1d9fb9685651271c1e9613e4e80917dd6c028fd73c58d22
C:\Drive E\ICNN_MetaPicker_Curated_STEAD_MATLAB\data\csv_stead_filtered\stead_event_01420.csv,21814912c095ffb9245480e043000a6434ef5fcf57f70ad9f2c29b4e92f5b6c4
C:\Drive E\ICNN_MetaPicker_Curated_STEAD_MATLAB\data\csv_stead_filtered\stead_event_01421.csv,60d506d1245eb7394030173c6c489aabff24df7c01aae582ab35d041d11ed6dd
C:\Drive E\ICNN_MetaPicker_Curated_STEAD_MATLAB\data\csv_stead_filtered\stead_event_01422.csv,30c89615b68d29f00c2cab4cf2704f2fb98ee080e3630a21834a587816205078
C:\Drive E\ICNN_MetaPicker_Curated_STEAD_MATLAB\data\csv_stead_filtered\stead_event_01423.csv,67bb3d6ba69f3afabcfc6ec40c1b0b17463a353654a5fdee4f6a7e8cb0cea692
C:\Drive E\ICNN_MetaPicker_Curated_STEAD_MATLAB\data\csv_stead_filtered\stead_event_01424.csv,23c05b9c3b548dcc4a313ecd55cf69426901384efa513fce96955af7a7927f58
C:\Drive E\ICNN_MetaPicker_Curated_STEAD_MATLAB\data\csv_stead_filtered\stead_event_01425.csv,96060525f9154edec26c8d77b1487c402539c10deafc63b2ffeeb3b22708d0c7
C:\Drive E\ICNN_MetaPicker_Curated_STEAD_MATLAB\data\csv_stead_filtered\stead_event_01426.csv,dfca8fd447b96778054e385bb18177d0a67074c049b45a76c16a991fafc9452e
C:\Drive E\ICNN_MetaPicker_Curated_STEAD_MATLAB\data\csv_stead_filtered\stead_event_01427.csv,b13a29f107e527bc7a8b0a18438eda2afbe3a87cbf7bd83ed6a580d8ef814f03
C:\Drive E\ICNN_MetaPicker_Curated_STEAD_MATLAB\data\csv_stead_filtered\stead_event_01428.csv,5d8d7d7a983d27866850ea42f30163383abc1411755b6f3591c99b2b4ad44dbb
C:\Drive E\ICNN_MetaPicker_Curated_STEAD_MATLAB\data\csv_stead_filtered\stead_event_01429.csv,3e356d0ce5494958f2219ea3bdd62b7ec2668158e5fa76a96be7dd91162e65b6
C:\Drive E\ICNN_MetaPicker_Curated_STEAD_MATLAB\data\csv_stead_filtered\stead_event_01430.csv,030600d85120ecf5c51bfa141e7c2631de9bf87e84c978ef824e585432a448c3
C:\Drive E\ICNN_MetaPicker_Curated_STEAD_MATLAB\data\csv_stead_filtered\stead_event_01431.csv,99de06219614917237ac1ffc9c9a6fb3f29ca37a0e993c900fca87bcb1e2ac1c
C:\Drive E\ICNN_MetaPicker_Curated_STEAD_MATLAB\data\csv_stead_filtered\stead_event_01432.csv,035390896a2f15040bcf3647b0fd471ca82bfab4dbcf1c1876c400f8f2a9b686
C:\Drive E\ICNN_MetaPicker_Curated_STEAD_MATLAB\data\csv_stead_filtered\stead_event_01433.csv,5850f5a14d00314ee6a51a6b0ce06cb29b09fd5e9aa1ff33282232968531f76d
C:\Drive E\ICNN_MetaPicker_Curated_STEAD_MATLAB\data\csv_stead_filtered\stead_event_01434.csv,9b5485a2ab4e90a76b65d35b24ed5619ef4a0a6134a082f09fe8e13ce299a602
C:\Drive E\ICNN_MetaPicker_Curated_STEAD_MATLAB\data\csv_stead_filtered\stead_event_01435.csv,05a69827f8b24cf66ded8cb509a7358bba51f506f02f1f562754c89bf18ade9d
C:\Drive E\ICNN_MetaPicker_Curated_STEAD_MATLAB\data\csv_stead_filtered\stead_event_01436.csv,99c00f8596b1642087c0b1b3fac2d837b477a646af059682351af32893187221
C:\Drive E\ICNN_MetaPicker_Curated_STEAD_MATLAB\data\csv_stead_filtered\stead_event_01437.csv,ae6b4ecc9479fc1379ef1b12732d1d283d715dbaac687b795fa9607f92c49167
C:\Drive E\ICNN_MetaPicker_Curated_STEAD_MATLAB\data\csv_stead_filtered\stead_event_01438.csv,45182b1cdecfffeedb84f726e43fe6c88e4cbb23d3ecd937fead174885129427
C:\Drive E\ICNN_MetaPicker_Curated_STEAD_MATLAB\data\csv_stead_filtered\stead_event_01439.csv,c2b9cda2d3312017f9e8d463b603f63193f91e77ffccac8b6d3f698b825549dc
C:\Drive E\ICNN_MetaPicker_Curated_STEAD_MATLAB\data\csv_stead_filtered\stead_event_01440.csv,5f668e8c1b286a2a7a787b36ee76175982a07a1d5e677422eb996b2a1d4c37a0
C:\Drive E\ICNN_MetaPicker_Curated_STEAD_MATLAB\data\csv_stead_filtered\stead_event_01441.csv,7695b3fb46db6300c86b57ba82d96128f754f657e3adb9f2d01b5a7bf867d47c
C:\Drive E\ICNN_MetaPicker_Curated_STEAD_MATLAB\data\csv_stead_filtered\stead_event_01442.csv,1c8724e9c072ccebc9bad520d2f9c191ccfb968742e73ec299c58f6756ab89d1
C:\Drive E\ICNN_MetaPicker_Curated_STEAD_MATLAB\data\csv_stead_filtered\stead_event_01443.csv,c6c82edb95463212d0c72574a2913bebc6c564a370e23d842b7e7624f5bfb1d5
C:\Drive E\ICNN_MetaPicker_Curated_STEAD_MATLAB\data\csv_stead_filtered\stead_event_01444.csv,a75bdfff22b9aefa21941ec5d10eb096f0e9f6c90edf598e05e6344bb5bb104c
C:\Drive E\ICNN_MetaPicker_Curated_STEAD_MATLAB\data\csv_stead_filtered\stead_event_01445.csv,4f33ea2a7cf0cfbe84c0423a371ebc48a0deb179393955262891fb048d29a085
C:\Drive E\ICNN_MetaPicker_Curated_STEAD_MATLAB\data\csv_stead_filtered\stead_event_01446.csv,c8159b9be1e571ba1a3a01d01363a059a5eda929c41dd807fa43326c3bf868a9
C:\Drive E\ICNN_MetaPicker_Curated_STEAD_MATLAB\data\csv_stead_filtered\stead_event_01447.csv,e9c69017e33c8694b065d1f8581fa3df7d88ff49580248e4eb531ba30864b794
C:\Drive E\ICNN_MetaPicker_Curated_STEAD_MATLAB\data\csv_stead_filtered\stead_event_01448.csv,009190912f64c39837fa625cfbba7065cff20cf2d5c70cda405b08eb4c93e0e5
C:\Drive E\ICNN_MetaPicker_Curated_STEAD_MATLAB\data\csv_stead_filtered\stead_event_01449.csv,975b15934675d3917eb8f0d9f9bceffd5117779dde0150782062942d3bdfaac7
C:\Drive E\ICNN_MetaPicker_Curated_STEAD_MATLAB\data\csv_stead_filtered\stead_event_01450.csv,c236afff4dd3911ff0f63b8a43e326ba3646251c243ec907e56d947e61cbeb4c
C:\Drive E\ICNN_MetaPicker_Curated_STEAD_MATLAB\data\csv_stead_filtered\stead_event_01451.csv,c8c02d24bcacac80ac3128e5b0f528847b983fa6e57c3cc7ce957afb27d25844
C:\Drive E\ICNN_MetaPicker_Curated_STEAD_MATLAB\data\csv_stead_filtered\stead_event_01452.csv,a7e33f282a5e0e53db9565e93e58c65b3df0c10edbec51e2a00bb662b118dd3d
C:\Drive E\ICNN_MetaPicker_Curated_STEAD_MATLAB\data\csv_stead_filtered\stead_event_01453.csv,b80d25cbb7c1fddf45acd7183acf007532ea6eb5d00c9f00b4b23964f8fb356b
C:\Drive E\ICNN_MetaPicker_Curated_STEAD_MATLAB\data\csv_stead_filtered\stead_event_01454.csv,eee64be3ca7243f9a977207d1a7e3b50f64fa913809de3c836552c487207b81a
C:\Drive E\ICNN_MetaPicker_Curated_STEAD_MATLAB\data\csv_stead_filtered\stead_event_01455.csv,73abb12c764767cf6120ac1ebd1ed36e29684b76cfabc1df047b121f174097a8
C:\Drive E\ICNN_MetaPicker_Curated_STEAD_MATLAB\data\csv_stead_filtered\stead_event_01456.csv,a5a5ab5f03b875b4f6dbef8f9d469a2f78def893d0c25eb8f81f587198428be1
C:\Drive E\ICNN_MetaPicker_Curated_STEAD_MATLAB\data\csv_stead_filtered\stead_event_01457.csv,4aeb85a03d2b93809add4f1d0999ba6e2bf03b6e5e646580334f8f9df92ed800
C:\Drive E\ICNN_MetaPicker_Curated_STEAD_MATLAB\data\csv_stead_filtered\stead_event_01458.csv,4e4918610a0b1f81d81868c32530f8e6f6aa544cfefbef6a2b545430193f4aa0
C:\Drive E\ICNN_MetaPicker_Curated_STEAD_MATLAB\data\csv_stead_filtered\stead_event_01459.csv,96d702a930db4eb4857fa82e40ad3d84fd107844c354b245ff41c91348fe30ab
C:\Drive E\ICNN_MetaPicker_Curated_STEAD_MATLAB\data\csv_stead_filtered\stead_event_01460.csv,2b39ab4cdd1573001901beee6ed775f8250c559e8a5b13f08c9c1eba9e421b3d
C:\Drive E\ICNN_MetaPicker_Curated_STEAD_MATLAB\data\csv_stead_filtered\stead_event_01461.csv,8bb3c4187e1366cda38baab467b17c515363516afeefcf59031b3ac163348de9
C:\Drive E\ICNN_MetaPicker_Curated_STEAD_MATLAB\data\csv_stead_filtered\stead_event_01462.csv,22d5210ce6ae0d6f871005e687f94567244d0250b12b3a7c8a44ba24e8a0dc7e
C:\Drive E\ICNN_MetaPicker_Curated_STEAD_MATLAB\data\csv_stead_filtered\stead_event_01463.csv,9e5e4103f2758e69b22c201164de5505869cba2fffffc1b04133dd243aac781e
C:\Drive E\ICNN_MetaPicker_Curated_STEAD_MATLAB\data\csv_stead_filtered\stead_event_01464.csv,30a6e603828686cbf9e7b90b3e6a5288f0a82ead9f283608bb8b3a356aa92bd1
C:\Drive E\ICNN_MetaPicker_Curated_STEAD_MATLAB\data\csv_stead_filtered\stead_event_01465.csv,79f61fed3d983a0cf1234417f0f1a6d3d58093475f8de158487dbe388561d6ee
C:\Drive E\ICNN_MetaPicker_Curated_STEAD_MATLAB\data\csv_stead_filtered\stead_event_01466.csv,41b398dfc3848e9dab641f0ff41fb6c9fd02361e564088b26fa6c448f8ccb587
C:\Drive E\ICNN_MetaPicker_Curated_STEAD_MATLAB\data\csv_stead_filtered\stead_event_01467.csv,0560da9d8e9dd698c316455c8b1ee8b5e8b409610a2ecf6806601f86ff5a9307
C:\Drive E\ICNN_MetaPicker_Curated_STEAD_MATLAB\data\csv_stead_filtered\stead_event_01468.csv,4171408e337a5300753c63dcd5a9742bd5206b38cd75950ccdd7713e8db4c0b4
C:\Drive E\ICNN_MetaPicker_Curated_STEAD_MATLAB\data\csv_stead_filtered\stead_event_01469.csv,0ef7668ee1c6e99cb3df1d191cb8ea8a410621143e272d51eb86f6259960bace
C:\Drive E\ICNN_MetaPicker_Curated_STEAD_MATLAB\data\csv_stead_filtered\stead_event_01470.csv,7fea30668bc55fd8446bf0523257653384acb6aa37362676535f6b437cc29c61
C:\Drive E\ICNN_MetaPicker_Curated_STEAD_MATLAB\data\csv_stead_filtered\stead_event_01471.csv,cf325c849e8d8fe43a4750ed54176e10e583f2ee8a99bf7786dea526ca46d6c6
C:\Drive E\ICNN_MetaPicker_Curated_STEAD_MATLAB\data\csv_stead_filtered\stead_event_01472.csv,80e200e7e43ca0e437a6c95a2e539424acadfe9f3695d61c2e5b85b358e36a7d
C:\Drive E\ICNN_MetaPicker_Curated_STEAD_MATLAB\data\csv_stead_filtered\stead_event_01473.csv,5471d36d4d5cbe852e0a377f6c2b43549489c0cd60f034034839700621f5a217
C:\Drive E\ICNN_MetaPicker_Curated_STEAD_MATLAB\data\csv_stead_filtered\stead_event_01474.csv,3700b0b479232e54432bbc9b187971ec582f3ef2b13e97d94a88e936a7a4b548
C:\Drive E\ICNN_MetaPicker_Curated_STEAD_MATLAB\data\csv_stead_filtered\stead_event_01475.csv,91ff7dca9e0374263b21f65823c2036d1bef7b31311d4a4131fc54bd1fae747e
C:\Drive E\ICNN_MetaPicker_Curated_STEAD_MATLAB\data\csv_stead_filtered\stead_event_01476.csv,4208a69819db9baab279607b80dfc322bdda5c71bcc88062d4e6b6452e84ab67
C:\Drive E\ICNN_MetaPicker_Curated_STEAD_MATLAB\data\csv_stead_filtered\stead_event_01477.csv,3c7ec8db90866b0bf83e578890bc73e1fc4372dd232b89af62fc0623351e2dc8
C:\Drive E\ICNN_MetaPicker_Curated_STEAD_MATLAB\data\csv_stead_filtered\stead_event_01478.csv,c7a65a92e6aa47ee8be27e952f760ef66990c4e9b7c84885249c09b53237d539
C:\Drive E\ICNN_MetaPicker_Curated_STEAD_MATLAB\data\csv_stead_filtered\stead_event_01479.csv,b417cd84e1ca6887b93d4d8fac71b75f9ba69f058a0cfebc7eb69974f0a0e975
C:\Drive E\ICNN_MetaPicker_Curated_STEAD_MATLAB\data\csv_stead_filtered\stead_event_01480.csv,12f68f1adfc0d09a699c9bd57fc75e25df635b407ce4794ab3f9ff5dbc071c69
C:\Drive E\ICNN_MetaPicker_Curated_STEAD_MATLAB\data\csv_stead_filtered\stead_event_01481.csv,00b6f82f6a7760ba5cdbe6d89b87b6e7027d5eb571ad707b32bf4cf31fd83f75
C:\Drive E\ICNN_MetaPicker_Curated_STEAD_MATLAB\data\csv_stead_filtered\stead_event_01482.csv,cbc7ceb133923a3354f450fecc534acce645e1406991097cc8b4c45dbd514d1a
C:\Drive E\ICNN_MetaPicker_Curated_STEAD_MATLAB\data\csv_stead_filtered\stead_event_01483.csv,ecd96d898ddb7aa71dcfad9fb378108feb80aabcad893e56081b14d50cd46464
C:\Drive E\ICNN_MetaPicker_Curated_STEAD_MATLAB\data\csv_stead_filtered\stead_event_01484.csv,1bc2123cf8547ed24b649d98dfee6da570f7dae7d67114296e638c1773d071a9
C:\Drive E\ICNN_MetaPicker_Curated_STEAD_MATLAB\data\csv_stead_filtered\stead_event_01485.csv,c780bd1db7ba0cbf1195c0620ef632afde1f3206a04764ca15bad737b3ae2c19
C:\Drive E\ICNN_MetaPicker_Curated_STEAD_MATLAB\data\csv_stead_filtered\stead_event_01486.csv,bc82c5f146ced35a02e79b8ad135d1f7d9cb4eacbaf77b15257d3a6d99309bbb
C:\Drive E\ICNN_MetaPicker_Curated_STEAD_MATLAB\data\csv_stead_filtered\stead_event_01487.csv,5ee9afa0aa2abe88161fb615fa48d895b1619df9ff522ea16763c220d77b1cb0
C:\Drive E\ICNN_MetaPicker_Curated_STEAD_MATLAB\data\csv_stead_filtered\stead_event_01488.csv,83d167526895f760814d689506d51b1f7e180d3125215b7388e7caa6cdcd1a19
C:\Drive E\ICNN_MetaPicker_Curated_STEAD_MATLAB\data\csv_stead_filtered\stead_event_01489.csv,8099f68d7d0069fbe3e3aa74e430d7561de101aa07315758a9b0dda40cff4a60
C:\Drive E\ICNN_MetaPicker_Curated_STEAD_MATLAB\data\csv_stead_filtered\stead_event_01490.csv,a023ce77a318886d5adb6f5e90c90f9d70d098f641aa5196fe767396f71d802b
C:\Drive E\ICNN_MetaPicker_Curated_STEAD_MATLAB\data\csv_stead_filtered\stead_event_01491.csv,36a0f86841a3f781096c3abf8dc2ec5d9cfeb4399629f2439c4023948de22519
C:\Drive E\ICNN_MetaPicker_Curated_STEAD_MATLAB\data\csv_stead_filtered\stead_event_01492.csv,c0a167e6fe269cf2256e2572e4e043db6ad05990eedd189289c9f7a556619711
C:\Drive E\ICNN_MetaPicker_Curated_STEAD_MATLAB\data\csv_stead_filtered\stead_event_01493.csv,d76c97ef75124c8943f3b4657d134bc7307f2a3a5d3f51896a024454a35d83ef
C:\Drive E\ICNN_MetaPicker_Curated_STEAD_MATLAB\data\csv_stead_filtered\stead_event_01494.csv,098082011577684e28bdb16b2c2b74ebf7c6976dcb4e126761fb741c1ea081a4
C:\Drive E\ICNN_MetaPicker_Curated_STEAD_MATLAB\data\csv_stead_filtered\stead_event_01495.csv,96b71d0f30ca12e94465aafd06961bae00cb2d30db258240b1ad09d50724e9db
C:\Drive E\ICNN_MetaPicker_Curated_STEAD_MATLAB\data\csv_stead_filtered\stead_event_01496.csv,38b87699e3e76a6457479ed07caabbb0393855328a014bc38be04df9d62fa755
C:\Drive E\ICNN_MetaPicker_Curated_STEAD_MATLAB\data\csv_stead_filtered\stead_event_01497.csv,a80232121f95a60fe901422e2498eff56f8bbb170ccbe8fb73c9be3389f695d3
C:\Drive E\ICNN_MetaPicker_Curated_STEAD_MATLAB\data\csv_stead_filtered\stead_event_01498.csv,3cc354c459c2940137f1b904d3e904dbafe63b18e10f470680c2331bcc14e077
C:\Drive E\ICNN_MetaPicker_Curated_STEAD_MATLAB\data\csv_stead_filtered\stead_event_01499.csv,df7b106d507935eaa7b2d2a691cda6680a433325ee3616a377e3517e823d4698
C:\Drive E\ICNN_MetaPicker_Curated_STEAD_MATLAB\data\csv_stead_filtered\stead_event_01500.csv,42881d6a9b817a4f326840b208bf41f5da846cfcee435d17416891ee80d642f0
C:\Drive E\ICNN_MetaPicker_Curated_STEAD_MATLAB\data\csv_stead_filtered\stead_event_01501.csv,a2f13a50f279a5c66c01c0677b1dea5309246e3bcc9c4ac58a2af5528b4fee58
C:\Drive E\ICNN_MetaPicker_Curated_STEAD_MATLAB\data\csv_stead_filtered\stead_event_01502.csv,374ebf32e2c73fabb579f46c931902affd9aca03150f4fce59c0a3b6e4993bb5
C:\Drive E\ICNN_MetaPicker_Curated_STEAD_MATLAB\data\csv_stead_filtered\stead_event_01503.csv,2a6a476daf1c9597df03f533d754dd4042f67645bd644afc696a2b437fe3c13e
C:\Drive E\ICNN_MetaPicker_Curated_STEAD_MATLAB\data\csv_stead_filtered\stead_event_01504.csv,5daedb96d621ce31f90639a72abbc344e909d7607ecb92ca4213c61c05c537d2
C:\Drive E\ICNN_MetaPicker_Curated_STEAD_MATLAB\data\csv_stead_filtered\stead_event_01505.csv,5ad39d5811bee5a5697ec05415eda19bacafb487adfb4ab4cd9702e27c0034bb
C:\Drive E\ICNN_MetaPicker_Curated_STEAD_MATLAB\data\csv_stead_filtered\stead_event_01506.csv,c99517353e738acfecb7e79fe5db8a456d9166c8eec019e6355a8f5e760f6755
C:\Drive E\ICNN_MetaPicker_Curated_STEAD_MATLAB\data\csv_stead_filtered\stead_event_01507.csv,e2f1bf23646019a5ca3441884c45673cae1c1c1313c853a4accf298148feada9
C:\Drive E\ICNN_MetaPicker_Curated_STEAD_MATLAB\data\csv_stead_filtered\stead_event_01508.csv,d19342d1b6dd048d3addf4e1164d59d78f79dbedd38a673c74dec5ff98e2c4cb
C:\Drive E\ICNN_MetaPicker_Curated_STEAD_MATLAB\data\csv_stead_filtered\stead_event_01509.csv,c9e627712ee855b90bd7994f10bbcef7e80060209dcfb4ed42ff38d0695c1de2
C:\Drive E\ICNN_MetaPicker_Curated_STEAD_MATLAB\data\csv_stead_filtered\stead_event_01510.csv,9c4e4780e3ef91eaaf260850b1ecaca51b47b24326d0dd74bd108cf22ac54b27
C:\Drive E\ICNN_MetaPicker_Curated_STEAD_MATLAB\data\csv_stead_filtered\stead_event_01511.csv,00e7f0ced183d40af06b2a24a7ef92b27badf241d20f9df6413ca704fb8b05b5
C:\Drive E\ICNN_MetaPicker_Curated_STEAD_MATLAB\data\csv_stead_filtered\stead_event_01512.csv,33db7e68007bc9970bf60ca78b679fb8dc215ce4f2206890b1b6abe8632e657e
C:\Drive E\ICNN_MetaPicker_Curated_STEAD_MATLAB\data\csv_stead_filtered\stead_event_01513.csv,51aaa8f79c8266ba6787d3a6d0f6e3a03f903dd80c594fdc00025ec74a859906
C:\Drive E\ICNN_MetaPicker_Curated_STEAD_MATLAB\data\csv_stead_filtered\stead_event_01514.csv,1e3b064e5dd9ee959ac2cc864c277505d1a3f1f0c2b502910e08c68a4527d6ab
C:\Drive E\ICNN_MetaPicker_Curated_STEAD_MATLAB\data\csv_stead_filtered\stead_event_01515.csv,8f3632990c97cae40cc2a314fd0b94a6a18cd65efc332a46ce2f783e16683a7f
C:\Drive E\ICNN_MetaPicker_Curated_STEAD_MATLAB\data\csv_stead_filtered\stead_event_01516.csv,8b28b8d9a8aa3b48e9fbcaeb215611e632deba72931a64901dcd9233847e1649
C:\Drive E\ICNN_MetaPicker_Curated_STEAD_MATLAB\data\csv_stead_filtered\stead_event_01517.csv,5718e4b7d31234ed2b59b013aa62697316f0c479928a295cd4d3e65cc5a4822c
C:\Drive E\ICNN_MetaPicker_Curated_STEAD_MATLAB\data\csv_stead_filtered\stead_event_01518.csv,6f897903c357e4ba4f0b4bea7c70eae655617fab929895880e4724e40d053e37
C:\Drive E\ICNN_MetaPicker_Curated_STEAD_MATLAB\data\csv_stead_filtered\stead_event_01519.csv,f3b045b0fed4b2f572171a41090f1176466ed8748eee1d326b361eb155982cb4
C:\Drive E\ICNN_MetaPicker_Curated_STEAD_MATLAB\data\csv_stead_filtered\stead_event_01520.csv,06f7857368d76464e90da1b7d5d1677e08e1f3e5c18103fb73e8dbadbbc633a4
C:\Drive E\ICNN_MetaPicker_Curated_STEAD_MATLAB\data\csv_stead_filtered\stead_event_01521.csv,2e1a9ca81d2aa8657fb239b908e040f968983f16061557ec52641bd6b78e735e
C:\Drive E\ICNN_MetaPicker_Curated_STEAD_MATLAB\data\csv_stead_filtered\stead_event_01522.csv,b058a61c55caa92800f649da48ec9fdf6b299fe50286c4a172a52514f31a3b11
C:\Drive E\ICNN_MetaPicker_Curated_STEAD_MATLAB\data\csv_stead_filtered\stead_event_01523.csv,0eeddd33dd1f20db1497c8272847147b6ad8302e5df66a96c1082d9d2d470045
C:\Drive E\ICNN_MetaPicker_Curated_STEAD_MATLAB\data\csv_stead_filtered\stead_event_01524.csv,8e89ca649eacd6c5bfc19c3a6f9be22c1555fd7e25faed5233a685ef1139db86
C:\Drive E\ICNN_MetaPicker_Curated_STEAD_MATLAB\data\csv_stead_filtered\stead_event_01525.csv,7660f3ece7a1fccc03fd29690bb11dba47459b1a7d20368380b52804d5c54916
C:\Drive E\ICNN_MetaPicker_Curated_STEAD_MATLAB\data\csv_stead_filtered\stead_event_01526.csv,f1896e11483fd55d16f09fcfff3138f4ddc5884712858c64bff363d87c853b0b
C:\Drive E\ICNN_MetaPicker_Curated_STEAD_MATLAB\data\csv_stead_filtered\stead_event_01527.csv,1621abb6be8348ce1b677aa05425f5f8f08bfcbfb8d147bd7f3edbd4bd47c7b1
C:\Drive E\ICNN_MetaPicker_Curated_STEAD_MATLAB\data\csv_stead_filtered\stead_event_01528.csv,d017d6f54a19543b221f4dbc9a253ee038adf20cd3943813d5cefccb19843e41
C:\Drive E\ICNN_MetaPicker_Curated_STEAD_MATLAB\data\csv_stead_filtered\stead_event_01529.csv,23c5c0ff614ca8b5c3a95b2560929bd8d9314ae71c5a0efb280132ed9abd260b
C:\Drive E\ICNN_MetaPicker_Curated_STEAD_MATLAB\data\csv_stead_filtered\stead_event_01530.csv,db1709c691b72ea18051aed6ae177dc326ecf83d94b696db45a85013ecbed6eb
C:\Drive E\ICNN_MetaPicker_Curated_STEAD_MATLAB\data\csv_stead_filtered\stead_event_01531.csv,9c38781d3145dbedc172aa336c96e3821ec1b96b63c98965d15e49c6ad034bb5
C:\Drive E\ICNN_MetaPicker_Curated_STEAD_MATLAB\data\csv_stead_filtered\stead_event_01532.csv,886709892d135c51553b6e51313db7c626a6c2213ad96665e378a9b07aa6735c
C:\Drive E\ICNN_MetaPicker_Curated_STEAD_MATLAB\data\csv_stead_filtered\stead_event_01533.csv,648e094ca1773562f4722c76d245eb8e15d64a2fe1e00b84ddb1e2c471ef8d78
C:\Drive E\ICNN_MetaPicker_Curated_STEAD_MATLAB\data\csv_stead_filtered\stead_event_01534.csv,1f3721c339eab2b62ef2c3d5e3ae5b38eff29a646ef4a4bcd8469556dc10febf
C:\Drive E\ICNN_MetaPicker_Curated_STEAD_MATLAB\data\csv_stead_filtered\stead_event_01535.csv,fc2c046189f46b06b1304638ff8191b83ab8f052c9d9de624f2537dede6b95c7
C:\Drive E\ICNN_MetaPicker_Curated_STEAD_MATLAB\data\csv_stead_filtered\stead_event_01536.csv,35eb1ebec6ff8135d9585b06de1890dce78e9d3bfb0ff3f7c20f4cae3e13c915
C:\Drive E\ICNN_MetaPicker_Curated_STEAD_MATLAB\data\csv_stead_filtered\stead_event_01537.csv,ba3e48904ce376fb6a86ad4e16de94adde784f76a507ada5602641695d565d52
C:\Drive E\ICNN_MetaPicker_Curated_STEAD_MATLAB\data\csv_stead_filtered\stead_event_01538.csv,5d2ae112d12a5b38a53441cc2daf3081e66f4964b1fea11cc4e7d77cb574cdbd
C:\Drive E\ICNN_MetaPicker_Curated_STEAD_MATLAB\data\csv_stead_filtered\stead_event_01539.csv,2d81ef01f54c3843519546713a001dd0d88adf40c3b7f941972ea496bbdcc665
C:\Drive E\ICNN_MetaPicker_Curated_STEAD_MATLAB\data\csv_stead_filtered\stead_event_01540.csv,d0d9810662ac7382d37a9a9c4dafb1c6d01146a1eef26454541399f4a988afcf
C:\Drive E\ICNN_MetaPicker_Curated_STEAD_MATLAB\data\csv_stead_filtered\stead_event_01541.csv,c9f8870ff81d297925a203fe4e72292a469242b0c889d96232545fb6c6ba6ad8
C:\Drive E\ICNN_MetaPicker_Curated_STEAD_MATLAB\data\csv_stead_filtered\stead_event_01542.csv,2804048ba41a1d9e4f47513fd52723c76cc3d1953fb2e4c8322b2424c6f7968f
C:\Drive E\ICNN_MetaPicker_Curated_STEAD_MATLAB\data\csv_stead_filtered\stead_event_01543.csv,d1e1eaed4fcf029527ed69fb203b6c4695fd2ed1618c76200fc515f476ea7967
C:\Drive E\ICNN_MetaPicker_Curated_STEAD_MATLAB\data\csv_stead_filtered\stead_event_01544.csv,cfb18f3d35f5ac93f868434b3caf14cf79b28e7dbb61ff9d9c7ea8c2376074ef
C:\Drive E\ICNN_MetaPicker_Curated_STEAD_MATLAB\data\csv_stead_filtered\stead_event_01545.csv,25b9e1906abc6e9da9b79af799d8e2d88e92c131b3e31b938d84fc2fdd5b920f
C:\Drive E\ICNN_MetaPicker_Curated_STEAD_MATLAB\data\csv_stead_filtered\stead_event_01546.csv,df01d91886084a441654956e9029c1b75f4237792941f51d47f9077d63df78a2
C:\Drive E\ICNN_MetaPicker_Curated_STEAD_MATLAB\data\csv_stead_filtered\stead_event_01547.csv,485206b58c5e9cc2e71e559937d33ce8c374be7d16853048a0d605c4e01323d0
C:\Drive E\ICNN_MetaPicker_Curated_STEAD_MATLAB\data\csv_stead_filtered\stead_event_01548.csv,b439d7fa999d16696eb2b305a64ae5c5e9d67c460550a6ad3186fb42ed5448d0
C:\Drive E\ICNN_MetaPicker_Curated_STEAD_MATLAB\data\csv_stead_filtered\stead_event_01549.csv,0d55f2d207b6ebb3ad06cc693d1f7c23614a731a2c63e03668ed444067edd1d5
C:\Drive E\ICNN_MetaPicker_Curated_STEAD_MATLAB\data\csv_stead_filtered\stead_event_01550.csv,57079d8040bebc7472e6ae1400693b79f7dd864582ce0ced582f754561b6988a
C:\Drive E\ICNN_MetaPicker_Curated_STEAD_MATLAB\data\csv_stead_filtered\stead_event_01551.csv,2810a6a6f37004983c69d5ed22e66d98d059a35a1b7d4c844cff2923bc1b74c5
C:\Drive E\ICNN_MetaPicker_Curated_STEAD_MATLAB\data\csv_stead_filtered\stead_event_01552.csv,627ec9123945ef14fa8ff2aca78e793e009be8976b8379bafc96462d1c3df656
C:\Drive E\ICNN_MetaPicker_Curated_STEAD_MATLAB\data\csv_stead_filtered\stead_event_01553.csv,249af1beaeddd72abdd368fcf93739160b3baaf7c4fa6c7e9f12d24fe587f356
C:\Drive E\ICNN_MetaPicker_Curated_STEAD_MATLAB\data\csv_stead_filtered\stead_event_01554.csv,699579b898aae17aeeaf3a0bd15aad0402262f4b5932b08485466448a8a1fc21
C:\Drive E\ICNN_MetaPicker_Curated_STEAD_MATLAB\data\csv_stead_filtered\stead_event_01555.csv,c7ae4a72e3299da73291e316590f0a2c78aed2908bf8b93d4eab082b54795a1b
C:\Drive E\ICNN_MetaPicker_Curated_STEAD_MATLAB\data\csv_stead_filtered\stead_event_01556.csv,329c206995985fac9f7f995a1efdbb1c4370f53c84448fb186de2f31ec11d722
C:\Drive E\ICNN_MetaPicker_Curated_STEAD_MATLAB\data\csv_stead_filtered\stead_event_01557.csv,66698a242e65243a281330738bf219eb94932c0604c590720c9bb767ff014332
C:\Drive E\ICNN_MetaPicker_Curated_STEAD_MATLAB\data\csv_stead_filtered\stead_event_01558.csv,5303e35ed3e666e42b0f3190a6c8e12e6e6e4f3fd80e3db0b953086781628121
C:\Drive E\ICNN_MetaPicker_Curated_STEAD_MATLAB\data\csv_stead_filtered\stead_event_01559.csv,29d51d3998e29f6ad943dffa70217115b65130765cdd769541224d5f9a4c6c96
C:\Drive E\ICNN_MetaPicker_Curated_STEAD_MATLAB\data\csv_stead_filtered\stead_event_01560.csv,ff75ec9526730fce7e6fe111d0bae9cd455210739ded2c5ce6517f1c99d7cb43
C:\Drive E\ICNN_MetaPicker_Curated_STEAD_MATLAB\data\csv_stead_filtered\stead_event_01561.csv,84768e8c47331b38567f603d17bf919dc58a7515384afbee871c8e360e2e63b3
C:\Drive E\ICNN_MetaPicker_Curated_STEAD_MATLAB\data\csv_stead_filtered\stead_event_01562.csv,56e9d47cb4ec69d758663c5cfa5416816fe64f1fcfc547d39ac664f325251994
C:\Drive E\ICNN_MetaPicker_Curated_STEAD_MATLAB\data\csv_stead_filtered\stead_event_01563.csv,391abd65bfd8b5b0d2b68388059a6489876a6fcfaddadd5bb21a9ccf3c501935
C:\Drive E\ICNN_MetaPicker_Curated_STEAD_MATLAB\data\csv_stead_filtered\stead_event_01564.csv,3b8b9424884db5054cfc0856c5cbb2436b948e80c6211558b7b935f692683934
C:\Drive E\ICNN_MetaPicker_Curated_STEAD_MATLAB\data\csv_stead_filtered\stead_event_01565.csv,9c6cb72d1e6e5365a26419bcc2bb316d6772ffa46c40bece9d33ab63b26d6b53
C:\Drive E\ICNN_MetaPicker_Curated_STEAD_MATLAB\data\csv_stead_filtered\stead_event_01566.csv,5fc5c528f41d0524b052d2401e226833d1f2199a88edfbe280e4784ca839a837
C:\Drive E\ICNN_MetaPicker_Curated_STEAD_MATLAB\data\csv_stead_filtered\stead_event_01567.csv,a6e28ecc6590056ad192f6330fd278198e12261c97ef20c04eb92cba4bb695b1
C:\Drive E\ICNN_MetaPicker_Curated_STEAD_MATLAB\data\csv_stead_filtered\stead_event_01568.csv,1638e6265e3f2aab9b7f29c59949e26c42198f467e7733070987a19b06cdb575
C:\Drive E\ICNN_MetaPicker_Curated_STEAD_MATLAB\data\csv_stead_filtered\stead_event_01569.csv,db71ff54a3b9e9bde6571aacb1ae3c9245469515e4948acf1f076cd9b27f32ef
C:\Drive E\ICNN_MetaPicker_Curated_STEAD_MATLAB\data\csv_stead_filtered\stead_event_01570.csv,5c24d6f6175d1c3df9a5d32c905b0fe86f4477b45668eaa149dcb5d7fab6744b
C:\Drive E\ICNN_MetaPicker_Curated_STEAD_MATLAB\data\csv_stead_filtered\stead_event_01571.csv,e4968a7712bcf86af6d3f91269466c41bd06a1b1c01ec8f67e7409905827d438
C:\Drive E\ICNN_MetaPicker_Curated_STEAD_MATLAB\data\csv_stead_filtered\stead_event_01572.csv,f2197ebbd4798f3db18a65ca2cdbc4284acf0e5fbea1dc29b1cfa34b76ee2909
C:\Drive E\ICNN_MetaPicker_Curated_STEAD_MATLAB\data\csv_stead_filtered\stead_event_01573.csv,930544f86b6b54d871a15ed9af1a0e5d6b09235706a0b4e61b8fb35ca0b0ed49
C:\Drive E\ICNN_MetaPicker_Curated_STEAD_MATLAB\data\csv_stead_filtered\stead_event_01574.csv,076595e299bb0e8bf98c32155b7c7ba7d272f84e2d40b011a348f154bc010046
C:\Drive E\ICNN_MetaPicker_Curated_STEAD_MATLAB\data\csv_stead_filtered\stead_event_01575.csv,6d9a5b70b2e172dd33ef086f6d42fffb5300d1cbf68786343d0894bbaf673592
C:\Drive E\ICNN_MetaPicker_Curated_STEAD_MATLAB\data\csv_stead_filtered\stead_event_01576.csv,7e6b4f306e16bac257d72cc6d8cebc3c4f427c5195ce62a6cc67abd3b8b4a030
C:\Drive E\ICNN_MetaPicker_Curated_STEAD_MATLAB\data\csv_stead_filtered\stead_event_01577.csv,ac51940deac56bc3e2be583a8d4294b8eac8e6c4e98b46c0150984e5987c1895
C:\Drive E\ICNN_MetaPicker_Curated_STEAD_MATLAB\data\csv_stead_filtered\stead_event_01578.csv,ba8c5c49f76b6e538ac530c28c328699538c68738435949a301fb8af211e8709
C:\Drive E\ICNN_MetaPicker_Curated_STEAD_MATLAB\data\csv_stead_filtered\stead_event_01579.csv,f4ca2209f50c2865a3319872c2af61e0fc053e82e15eb5e514a6a86d3a5e9497
C:\Drive E\ICNN_MetaPicker_Curated_STEAD_MATLAB\data\csv_stead_filtered\stead_event_01580.csv,ecd74760c46ab95bb4e41e72919c04f935a66b3867e65455c1486e1988404d2e
C:\Drive E\ICNN_MetaPicker_Curated_STEAD_MATLAB\data\csv_stead_filtered\stead_event_01581.csv,75fdb63316d1b51c017cd0acbeb812892ec40dc3aed4c5200b8081b86ec3ea84
C:\Drive E\ICNN_MetaPicker_Curated_STEAD_MATLAB\data\csv_stead_filtered\stead_event_01582.csv,101e117520aa1ea02987fb164140323223b9b861c89cbe4da415bde7e6e425d5
C:\Drive E\ICNN_MetaPicker_Curated_STEAD_MATLAB\data\csv_stead_filtered\stead_event_01583.csv,86eaa5360795c6168e481d7cbef04f81597aa15987cef8d264ad1a2b8769e0ea
C:\Drive E\ICNN_MetaPicker_Curated_STEAD_MATLAB\data\csv_stead_filtered\stead_event_01584.csv,709cafdbd2d1c2a1cfac146acb7133ec46a57e10918492a18e1ba3124588bd2d
C:\Drive E\ICNN_MetaPicker_Curated_STEAD_MATLAB\data\csv_stead_filtered\stead_event_01585.csv,00472d429aa328369af448abdb03c1a0a1f0b991aeeb3fe8ed9a8ab76ecc9ab6
C:\Drive E\ICNN_MetaPicker_Curated_STEAD_MATLAB\data\csv_stead_filtered\stead_event_01586.csv,78cc3e18f51e8a944a2d5eb988df04eb0aa1f59e70bca24499da2210620d74c1
C:\Drive E\ICNN_MetaPicker_Curated_STEAD_MATLAB\data\csv_stead_filtered\stead_event_01587.csv,695eb9421cf4b044fa9ee312ced1b5935549c9db302c5bebc138ea67717a9695
C:\Drive E\ICNN_MetaPicker_Curated_STEAD_MATLAB\data\csv_stead_filtered\stead_event_01588.csv,cd0e75256fb244c7f7a2ce4f3fadcbb68dfdf290ed1c36d0eb170764e53b9196
C:\Drive E\ICNN_MetaPicker_Curated_STEAD_MATLAB\data\csv_stead_filtered\stead_event_01589.csv,6a1e1b4c031761d3605b7af7088dc55268a2dba62ff4edb348987ccd06b5206c
C:\Drive E\ICNN_MetaPicker_Curated_STEAD_MATLAB\data\csv_stead_filtered\stead_event_01590.csv,6e56d01ddf9566fb824985fb7f3712e20e55a15c53424f72f7f657f097eb67ed
C:\Drive E\ICNN_MetaPicker_Curated_STEAD_MATLAB\data\csv_stead_filtered\stead_event_01591.csv,fe662194d7130e0f0cae26d3c119e04e56869698b1bb3076956c75ecc54b53c9
C:\Drive E\ICNN_MetaPicker_Curated_STEAD_MATLAB\data\csv_stead_filtered\stead_event_01592.csv,6fad91fe5e59112c2f554f70888c9e9ce3fed55c9c082b275e19eabb159a3dd8
C:\Drive E\ICNN_MetaPicker_Curated_STEAD_MATLAB\data\csv_stead_filtered\stead_event_01593.csv,e5ad675a92bc588564bbac21c91f2cdd348a15c3f419b64e6f03229005879632
C:\Drive E\ICNN_MetaPicker_Curated_STEAD_MATLAB\data\csv_stead_filtered\stead_event_01594.csv,6d0c6c65411bcb460a6c2c748da2fd695310aaae76f4b182f63547ae17f97e12
C:\Drive E\ICNN_MetaPicker_Curated_STEAD_MATLAB\data\csv_stead_filtered\stead_event_01595.csv,c6762efe1d84a7f571bfefa5872f742d5cf6b7c1e8fda133281e036713b66910
C:\Drive E\ICNN_MetaPicker_Curated_STEAD_MATLAB\data\csv_stead_filtered\stead_event_01596.csv,d2b5586139d680695379004493436a15508d34e1e30eecfc4e1fa370c6a3b6a1
C:\Drive E\ICNN_MetaPicker_Curated_STEAD_MATLAB\data\csv_stead_filtered\stead_event_01597.csv,9d027772cba8668fea9a425370b95b23cb9aeb7177650b7aa85a8d560c472add
C:\Drive E\ICNN_MetaPicker_Curated_STEAD_MATLAB\data\csv_stead_filtered\stead_event_01598.csv,5c0ea62678252ed9dfc494fd8a464f658a8872ecda0a5eee7cf434ef51f7ac17
C:\Drive E\ICNN_MetaPicker_Curated_STEAD_MATLAB\data\csv_stead_filtered\stead_event_01599.csv,50540c38673e79f20202f25182b079dcc34cb700aaaaff6cdd047d02b8d057fc
C:\Drive E\ICNN_MetaPicker_Curated_STEAD_MATLAB\data\csv_stead_filtered\stead_event_01600.csv,074124f4c452bf65019ac03d6c80bd0e509cfc32749c576bf1ec27c473d75138
C:\Drive E\ICNN_MetaPicker_Curated_STEAD_MATLAB\data\csv_stead_filtered\stead_event_01601.csv,cc8f28e91c7c0973a25e72b21f95e0865511464f2b66518a8f67e98e692bb66c
C:\Drive E\ICNN_MetaPicker_Curated_STEAD_MATLAB\data\csv_stead_filtered\stead_event_01602.csv,14060e4464390a2c32858e9a9192568aa8964bc14ff217c68a7ccb88c00b6020
C:\Drive E\ICNN_MetaPicker_Curated_STEAD_MATLAB\data\csv_stead_filtered\stead_event_01603.csv,2c7700be8a7664b3661ab3277389625b4af375785fbef6f47859ea540c73b16b
C:\Drive E\ICNN_MetaPicker_Curated_STEAD_MATLAB\data\csv_stead_filtered\stead_event_01604.csv,f7c08f66e59c6d53b614bb97e8b15e5a0aec52944045cc608abdcac63f142552
C:\Drive E\ICNN_MetaPicker_Curated_STEAD_MATLAB\data\csv_stead_filtered\stead_event_01605.csv,69230bc1a3d9dcb2f2257fcfd9bd82e611fe39e00731d0ebc36321ad53ec0955
C:\Drive E\ICNN_MetaPicker_Curated_STEAD_MATLAB\data\csv_stead_filtered\stead_event_01606.csv,4bae50b10b7cc6edfa4036151c4e48b98840d3645567d4219f6347ec4378c2c2
C:\Drive E\ICNN_MetaPicker_Curated_STEAD_MATLAB\data\csv_stead_filtered\stead_event_01607.csv,464f68f1f0188a0304e3b3a045a2d8dcc7c12c315a523f9b7db5725e5c5e5bf0
C:\Drive E\ICNN_MetaPicker_Curated_STEAD_MATLAB\data\csv_stead_filtered\stead_event_01608.csv,6616f77394a8835097111328a31b191c25f1d0a6b0acf322e78d75643fe56000
C:\Drive E\ICNN_MetaPicker_Curated_STEAD_MATLAB\data\csv_stead_filtered\stead_event_01609.csv,823577d90e65716dc765cb219a4346bc48b870532c60ed0435c101fff2390302
C:\Drive E\ICNN_MetaPicker_Curated_STEAD_MATLAB\data\csv_stead_filtered\stead_event_01610.csv,2111cadfdfbb038b6545196ae0fc061c7a62ea12e831bc602843e374c96afa42
C:\Drive E\ICNN_MetaPicker_Curated_STEAD_MATLAB\data\csv_stead_filtered\stead_event_01611.csv,a37f16f49257885a1caa0ea9c587115a3e5a3b4253e8adc74ad54805360d3cb2
C:\Drive E\ICNN_MetaPicker_Curated_STEAD_MATLAB\data\csv_stead_filtered\stead_event_01612.csv,374ff4aeda42eeddb476ab43e6bcb904664c91373783a5223e719bbd23f2e807
C:\Drive E\ICNN_MetaPicker_Curated_STEAD_MATLAB\data\csv_stead_filtered\stead_event_01613.csv,78fb434cf621723fbf827e45b57d1a72a5b0be9cb26342add08a05023eabf8c7
C:\Drive E\ICNN_MetaPicker_Curated_STEAD_MATLAB\data\csv_stead_filtered\stead_event_01614.csv,50a62a1ac3d71ae9798b28b1e238ea10bd71d4adea314248e4a5ad4431b28c6b
C:\Drive E\ICNN_MetaPicker_Curated_STEAD_MATLAB\data\csv_stead_filtered\stead_event_01615.csv,e84bcf9647309ae7137656404cff67f287aa891776379dd53a5ee777ca6c7733
C:\Drive E\ICNN_MetaPicker_Curated_STEAD_MATLAB\data\csv_stead_filtered\stead_event_01616.csv,f98fb9d36e2ff4fa1d68c16bc4199c50fa21c1c53c50499f7a5305f4aa2c4f47
C:\Drive E\ICNN_MetaPicker_Curated_STEAD_MATLAB\data\csv_stead_filtered\stead_event_01617.csv,5a1425cf248bc9124a58fa5be0807d78dbfcedc8061c594977e77cf1ebbb2dc3
C:\Drive E\ICNN_MetaPicker_Curated_STEAD_MATLAB\data\csv_stead_filtered\stead_event_01618.csv,cc817cd9e4f3d3a05c9d606ecc3aa776e9317907970148ad1b4875d8fbc3559f
C:\Drive E\ICNN_MetaPicker_Curated_STEAD_MATLAB\data\csv_stead_filtered\stead_event_01619.csv,630fae49acf8d2146390c36e53656665aecfad55bf39b4c4a090f44e41aa1555
C:\Drive E\ICNN_MetaPicker_Curated_STEAD_MATLAB\data\csv_stead_filtered\stead_event_01620.csv,d6739d5243ef943ed7002ba87117770172d567bf0eb49406a3eda5df547b419d
C:\Drive E\ICNN_MetaPicker_Curated_STEAD_MATLAB\data\csv_stead_filtered\stead_event_01621.csv,0d1868c574063542ee3ce9afb8f068f9bdd4dfb58c2653e4315915a7d6f60d61
C:\Drive E\ICNN_MetaPicker_Curated_STEAD_MATLAB\data\csv_stead_filtered\stead_event_01622.csv,1df5ea6c0a37fdce3ac000e0e0c8e9ce1d882f95510181fbc7b85c063aa30cd4
C:\Drive E\ICNN_MetaPicker_Curated_STEAD_MATLAB\data\csv_stead_filtered\stead_event_01623.csv,9efcaf772e943eb229d43a61123ec9610610fcde9607e3a30bef43492cd662d1
C:\Drive E\ICNN_MetaPicker_Curated_STEAD_MATLAB\data\csv_stead_filtered\stead_event_01624.csv,056fdec443ae40cd2cb0e080d3e1dc24120286fdac5464e6377f91162b5a2a5f
C:\Drive E\ICNN_MetaPicker_Curated_STEAD_MATLAB\data\csv_stead_filtered\stead_event_01625.csv,a8b2ba7b78b155678569631b4b16d735b99008b08fb2a6c69a81ce681430d595
C:\Drive E\ICNN_MetaPicker_Curated_STEAD_MATLAB\data\csv_stead_filtered\stead_event_01626.csv,990c2a028f78e1c72a40efd1d5e7ef5840a66349f031fa6b67e0fc45d99a6d0a
C:\Drive E\ICNN_MetaPicker_Curated_STEAD_MATLAB\data\csv_stead_filtered\stead_event_01627.csv,4a57288a58ab39b23d1822cbc349f33a8afc62b3dd3e4d93e705d4c666b43364
C:\Drive E\ICNN_MetaPicker_Curated_STEAD_MATLAB\data\csv_stead_filtered\stead_event_01628.csv,cd23a8db6e01880b11445e427bb25a86c5831ea70d9ca6ed32b089bf2d74271e
C:\Drive E\ICNN_MetaPicker_Curated_STEAD_MATLAB\data\csv_stead_filtered\stead_event_01629.csv,d6f6bab0c8eb1b313bcb80e53d58f427604d2b48d51e2ce99e4646bacaf065b8
C:\Drive E\ICNN_MetaPicker_Curated_STEAD_MATLAB\data\csv_stead_filtered\stead_event_01630.csv,a6790d300d692fe3b834efb17ee0e95b37e6562d02b462925d1533b2a1d18db5
C:\Drive E\ICNN_MetaPicker_Curated_STEAD_MATLAB\data\csv_stead_filtered\stead_event_01631.csv,162e13c053fbc7b6805f8d196b4d401732cfcbd4f43351a193bbd0e8d0bae130
C:\Drive E\ICNN_MetaPicker_Curated_STEAD_MATLAB\data\csv_stead_filtered\stead_event_01632.csv,c7deb36e35f970f241a3a3ce1cc1332bfe5682d5226210f8f764c9ac2aa3c57c
C:\Drive E\ICNN_MetaPicker_Curated_STEAD_MATLAB\data\csv_stead_filtered\stead_event_01633.csv,4a6f8316534d57eac9e68406329d9d8ebbe2e8d083a3ccc19743a32860a118db
C:\Drive E\ICNN_MetaPicker_Curated_STEAD_MATLAB\data\csv_stead_filtered\stead_event_01634.csv,2ee6d77e9fb18f7331d31ce6e55064333b9043792f86c5aa83bfd8b92d2cf4fd
C:\Drive E\ICNN_MetaPicker_Curated_STEAD_MATLAB\data\csv_stead_filtered\stead_event_01635.csv,6b389fd9ea5c409e7f38eff83fe7144336285fdad692deb32c6b799c355a721d
C:\Drive E\ICNN_MetaPicker_Curated_STEAD_MATLAB\data\csv_stead_filtered\stead_event_01636.csv,b5f9bc6ba5e71c473c8d4242dfb8c9c0d20fa5bf2e9c3f7634b7a4d0a845222a
C:\Drive E\ICNN_MetaPicker_Curated_STEAD_MATLAB\data\csv_stead_filtered\stead_event_01637.csv,2d58b76ddbff42f1a446f64da5049d4409ae16065ac55d4ee0167b4f2909ad41
C:\Drive E\ICNN_MetaPicker_Curated_STEAD_MATLAB\data\csv_stead_filtered\stead_event_01638.csv,1e34a121c67b2f994cc40bee419a38d81579418881367b5c9517f931f65a6c5a
C:\Drive E\ICNN_MetaPicker_Curated_STEAD_MATLAB\data\csv_stead_filtered\stead_event_01639.csv,3c97c82da31dacecf8d6d7990dacf4392f3c4b663bc1162db6fddec441c891d4
C:\Drive E\ICNN_MetaPicker_Curated_STEAD_MATLAB\data\csv_stead_filtered\stead_event_01640.csv,53d3132913c2c929a76a6c5cdc9140fd91155e586916fb783e2a3a9206b00a2d
C:\Drive E\ICNN_MetaPicker_Curated_STEAD_MATLAB\data\csv_stead_filtered\stead_event_01641.csv,3a78e26d802f8ffb167dcf1b575835abc9266c1d3f7150b15a1909f78c022f08
C:\Drive E\ICNN_MetaPicker_Curated_STEAD_MATLAB\data\csv_stead_filtered\stead_event_01642.csv,6c898a09b0e7dbe15c00672a93fca650153eae62f5c5d04ab2d8bcf7ad90bc42
C:\Drive E\ICNN_MetaPicker_Curated_STEAD_MATLAB\data\csv_stead_filtered\stead_event_01643.csv,2ded349306573adef776270635abf5832d1891a15e1d44bcc6237cdcfbb0b4e3
C:\Drive E\ICNN_MetaPicker_Curated_STEAD_MATLAB\data\csv_stead_filtered\stead_event_01644.csv,8749c4359da1b5ebd13b8422c34940d299731e4fde8e72b8844e13dd6625d2d3
C:\Drive E\ICNN_MetaPicker_Curated_STEAD_MATLAB\data\csv_stead_filtered\stead_event_01645.csv,f2c1d9f40703a61f836fa2b62e5a48465cb7990ef731d079269685c25b0fbd6e
C:\Drive E\ICNN_MetaPicker_Curated_STEAD_MATLAB\data\csv_stead_filtered\stead_event_01646.csv,a358bd7902bb64a45ab338073627ab864d35cb88a46f5748872ee7cd7832a235
C:\Drive E\ICNN_MetaPicker_Curated_STEAD_MATLAB\data\csv_stead_filtered\stead_event_01647.csv,55c418ed7fca3f1fc371cfaa1956b227d44b0c31ad24fa4666a8d2890b297ea2
C:\Drive E\ICNN_MetaPicker_Curated_STEAD_MATLAB\data\csv_stead_filtered\stead_event_01648.csv,ae06e0aea751bdf05b4d2c5828836e17cb9cbc76b12d8905a1efbc0262a88485
C:\Drive E\ICNN_MetaPicker_Curated_STEAD_MATLAB\data\csv_stead_filtered\stead_event_01649.csv,d0a3bf926aa570b52e3a7563562ef84411857f7203dbd5114f513932ee7d596b
C:\Drive E\ICNN_MetaPicker_Curated_STEAD_MATLAB\data\csv_stead_filtered\stead_event_01650.csv,5eb1be9db08864082dfe61243050cd8aa7054523eb268d28cbfb23c4e9e4a1f9
C:\Drive E\ICNN_MetaPicker_Curated_STEAD_MATLAB\data\csv_stead_filtered\stead_event_01651.csv,44d1e27fd6d4eea04d198b2ea0caf39cec9061f8abedee4dd34fe2605fba2be5
C:\Drive E\ICNN_MetaPicker_Curated_STEAD_MATLAB\data\csv_stead_filtered\stead_event_01652.csv,6972a54ef1f3c167b22146e9d7956b25ae4748c42b682370d21464ee724a0b45
C:\Drive E\ICNN_MetaPicker_Curated_STEAD_MATLAB\data\csv_stead_filtered\stead_event_01653.csv,ed82862e4675d5a2b5dead3f74eb8503e27524a6d6ed5091ae463187690bc806
C:\Drive E\ICNN_MetaPicker_Curated_STEAD_MATLAB\data\csv_stead_filtered\stead_event_01654.csv,aab6fae40c32d24a6df1dc78f686e555ff8080aa5d2ede65ab88a2cc6dad29de
C:\Drive E\ICNN_MetaPicker_Curated_STEAD_MATLAB\data\csv_stead_filtered\stead_event_01655.csv,8ca24d65e68b866acc19bddb0979ae229742eddf35436ed1373cd72c5e4b4b87
C:\Drive E\ICNN_MetaPicker_Curated_STEAD_MATLAB\data\csv_stead_filtered\stead_event_01656.csv,dfc58ce4d96bb5a9b847d1ae52ab3f5b2a03a4f53a9e0c4ba9b348a557181dcc
C:\Drive E\ICNN_MetaPicker_Curated_STEAD_MATLAB\data\csv_stead_filtered\stead_event_01657.csv,2ac37a8349e2ca7e8120c2ecb154405acd2ffa499a97db99ecd0ac706917d486
C:\Drive E\ICNN_MetaPicker_Curated_STEAD_MATLAB\data\csv_stead_filtered\stead_event_01658.csv,996211dff22f2a10372a186835fdadce83eb524ee4946bdf4bbcf90834e27c02
C:\Drive E\ICNN_MetaPicker_Curated_STEAD_MATLAB\data\csv_stead_filtered\stead_event_01659.csv,af6e2b6505caded8cebbbb1e998290f73886361dc154c701546546471fdd99c7
C:\Drive E\ICNN_MetaPicker_Curated_STEAD_MATLAB\data\csv_stead_filtered\stead_event_01660.csv,45d3171769dceab8a0c3200b8ff94f618821142e16b46f39372dd974dba403f9
C:\Drive E\ICNN_MetaPicker_Curated_STEAD_MATLAB\data\csv_stead_filtered\stead_event_01661.csv,1837275d087c59316c4aa0e38cf60e1f97e0ce44c1cdc27d00793525adb0df33
C:\Drive E\ICNN_MetaPicker_Curated_STEAD_MATLAB\data\csv_stead_filtered\stead_event_01662.csv,8db24eb1d0c185b6c9a5c10968d7336efa0def9950406c62f1ef176aad7aee1d
C:\Drive E\ICNN_MetaPicker_Curated_STEAD_MATLAB\data\csv_stead_filtered\stead_event_01663.csv,13dd1a0cb6ad393cfa6d30be6782e8622a1371bda6d7a30caeca45341e470503
C:\Drive E\ICNN_MetaPicker_Curated_STEAD_MATLAB\data\csv_stead_filtered\stead_event_01664.csv,e7896997275d75732063f3e2d9d5eac2788a66249599d7ec05a4949dc11715fd
C:\Drive E\ICNN_MetaPicker_Curated_STEAD_MATLAB\data\csv_stead_filtered\stead_event_01665.csv,badc800c68f89658c614074c9f5c7ba7d70ab26130326b998a6074111f2e39ac
C:\Drive E\ICNN_MetaPicker_Curated_STEAD_MATLAB\data\csv_stead_filtered\stead_event_01666.csv,ab28373f1b4fb94da2c0e49d562c02bd3507e6b6085b00f05aa709150ff3f26f
C:\Drive E\ICNN_MetaPicker_Curated_STEAD_MATLAB\data\csv_stead_filtered\stead_event_01667.csv,0d3273aa46c20afc04980fcd4ccf78a878539395c83eb190e72e6a26f27193b4
C:\Drive E\ICNN_MetaPicker_Curated_STEAD_MATLAB\data\csv_stead_filtered\stead_event_01668.csv,befce87fc2d6a877b4e584f65661b4109a5ca99e29affcdf67fb2731f23537a9
C:\Drive E\ICNN_MetaPicker_Curated_STEAD_MATLAB\data\csv_stead_filtered\stead_event_01669.csv,0747623eec112fa1a685ded56aa7df8b574e49549659a5ebc8f7798c1b6d8b37
C:\Drive E\ICNN_MetaPicker_Curated_STEAD_MATLAB\data\csv_stead_filtered\stead_event_01670.csv,c32e79b840c4e325be16c5e59aace2cc00ab24234c77b6416d5375dc4c870a37
C:\Drive E\ICNN_MetaPicker_Curated_STEAD_MATLAB\data\csv_stead_filtered\stead_event_01671.csv,d269e20d8425f3a5eb76a68d0748086615e60bd1e0a96660923fbabffee7cfa6
C:\Drive E\ICNN_MetaPicker_Curated_STEAD_MATLAB\data\csv_stead_filtered\stead_event_01672.csv,98801f171538cb1a8eb2c77df8919ee3c2a083d7525acb249b7890042f8311cc
C:\Drive E\ICNN_MetaPicker_Curated_STEAD_MATLAB\data\csv_stead_filtered\stead_event_01673.csv,5b0284270bc9d45b1b458f7c362540171a11f3c36431834cfbe1e3bda175ace4
C:\Drive E\ICNN_MetaPicker_Curated_STEAD_MATLAB\data\csv_stead_filtered\stead_event_01674.csv,796b2d7f7673a60baa5aeda468c308f5e0b9bbd6a460c7896000bc09d3953dde
C:\Drive E\ICNN_MetaPicker_Curated_STEAD_MATLAB\data\csv_stead_filtered\stead_event_01675.csv,031a3f3a77a321a58e2062c5d401ea277abd16fb4ce5a76da95d328f37de4e1a
C:\Drive E\ICNN_MetaPicker_Curated_STEAD_MATLAB\data\csv_stead_filtered\stead_event_01676.csv,3e237eaaceb05ce57266f1fdcb1676bc4f7a4ad5d9bc8f126021e1b8e2861559
C:\Drive E\ICNN_MetaPicker_Curated_STEAD_MATLAB\data\csv_stead_filtered\stead_event_01677.csv,98aa7f10ef08a88a86ab18453f35fbace1c3e6c1e0582b8fe626d3a6e1b77f41
C:\Drive E\ICNN_MetaPicker_Curated_STEAD_MATLAB\data\csv_stead_filtered\stead_event_01678.csv,c8b52d5cea727b09ea0a703c98e535865122d4b68c4cd57f87235bda4b1aa562
C:\Drive E\ICNN_MetaPicker_Curated_STEAD_MATLAB\data\csv_stead_filtered\stead_event_01679.csv,01e9334c0ee6b58e7ffc812b74779bae061b6a24c0ce8d352d4145e52c0208c5
C:\Drive E\ICNN_MetaPicker_Curated_STEAD_MATLAB\data\csv_stead_filtered\stead_event_01680.csv,f55d2d3ade3416940896db3604c3358ea1999144484ef1adabf7c22e208c3da7
C:\Drive E\ICNN_MetaPicker_Curated_STEAD_MATLAB\data\csv_stead_filtered\stead_event_01681.csv,d536882b1a2648d977a2d462d11833bf279bc07af1d9aeab24f75e30631374c4
C:\Drive E\ICNN_MetaPicker_Curated_STEAD_MATLAB\data\csv_stead_filtered\stead_event_01682.csv,a95ca72c5d73213591cdaa1d241d39106f9284352580f600149143f3af9704e8
C:\Drive E\ICNN_MetaPicker_Curated_STEAD_MATLAB\data\csv_stead_filtered\stead_event_01683.csv,ebe5bdef20f1190c3855fcfb6d06cd842237eb4edfd849a1218fea0e2da4a2ba
C:\Drive E\ICNN_MetaPicker_Curated_STEAD_MATLAB\data\csv_stead_filtered\stead_event_01684.csv,7537912a5d325475950da9e25f34224d68e97edb3a7022d6dae19901a427efb1
C:\Drive E\ICNN_MetaPicker_Curated_STEAD_MATLAB\data\csv_stead_filtered\stead_event_01685.csv,0a9b71d07d6551c574d488dc1329b78015a8e310146bfa22386b0a173360af04
C:\Drive E\ICNN_MetaPicker_Curated_STEAD_MATLAB\data\csv_stead_filtered\stead_event_01686.csv,57cd6bb67e0eaea775adcd40f0b6aef7a703fdd0fc33cf130456d77b77bc112f
C:\Drive E\ICNN_MetaPicker_Curated_STEAD_MATLAB\data\csv_stead_filtered\stead_event_01687.csv,d4b5b06ffff81983c150b76412489d4b15c8f0cf34a93daf54d7eeab98f5fb68
C:\Drive E\ICNN_MetaPicker_Curated_STEAD_MATLAB\data\csv_stead_filtered\stead_event_01688.csv,f7e7cd8bf17977ed5b48d4485421e1976c856b896274db0805d3fb49901baa58
C:\Drive E\ICNN_MetaPicker_Curated_STEAD_MATLAB\data\csv_stead_filtered\stead_event_01689.csv,fc7e2803480ad5814838f743350e5bbfe44b85d5b3e58fe07c3af1768bfc6116
C:\Drive E\ICNN_MetaPicker_Curated_STEAD_MATLAB\data\csv_stead_filtered\stead_event_01690.csv,949738b5f2b38e08abbe21093172e3595ad5eb0c9e89238bb7ba9d3b0c0ad06e
C:\Drive E\ICNN_MetaPicker_Curated_STEAD_MATLAB\data\csv_stead_filtered\stead_event_01691.csv,0964ec95d9d8ef04aa7a5762a0a4a9143e9d388de177cfce883ef89946077a35
C:\Drive E\ICNN_MetaPicker_Curated_STEAD_MATLAB\data\csv_stead_filtered\stead_event_01692.csv,385bce46c7c91ab85ced414f3b0553cd0589722d6460be1d37adb83f7a8d4228
C:\Drive E\ICNN_MetaPicker_Curated_STEAD_MATLAB\data\csv_stead_filtered\stead_event_01693.csv,4b0e7a13cd383b0ad771507f0bae1ca26fdc78ee13b48b082d20df5c09e6dcc1
C:\Drive E\ICNN_MetaPicker_Curated_STEAD_MATLAB\data\csv_stead_filtered\stead_event_01694.csv,8fea64769e205e8048df630b1a467bd99ab601a3cad8f9695c67d466b9cbbfe2
C:\Drive E\ICNN_MetaPicker_Curated_STEAD_MATLAB\data\csv_stead_filtered\stead_event_01695.csv,4d753c2c391d062304d99e6161279c0d9b3a7fcee0bea3a4c4883fa8deb795d6
C:\Drive E\ICNN_MetaPicker_Curated_STEAD_MATLAB\data\csv_stead_filtered\stead_event_01696.csv,4debb0417e8f906a348a70163be5a409673a0682db37cf18f14ed531077b1445
C:\Drive E\ICNN_MetaPicker_Curated_STEAD_MATLAB\data\csv_stead_filtered\stead_event_01697.csv,af1fcc6893fc9ac2ad990de094625a34ee5a659a496d17193f106a686e7d327b
C:\Drive E\ICNN_MetaPicker_Curated_STEAD_MATLAB\data\csv_stead_filtered\stead_event_01698.csv,5a2530aa3e88a50f0b03416ead54ccc9a8d2df88b433497ca5962e587cace458
C:\Drive E\ICNN_MetaPicker_Curated_STEAD_MATLAB\data\csv_stead_filtered\stead_event_01699.csv,8e3e791023a0ccf70a49c95bb8b507a0191556cce3d941406904ab4ba2664422
C:\Drive E\ICNN_MetaPicker_Curated_STEAD_MATLAB\data\csv_stead_filtered\stead_event_01700.csv,b8e5c5b9b3c10b844db65a18a2c1d86ed7561c7950f8b29cd28541b54c3156b0
C:\Drive E\ICNN_MetaPicker_Curated_STEAD_MATLAB\data\csv_stead_filtered\stead_event_01701.csv,019fa4ff6f4573983738b7ad5f50123f57a8ddc61beebaad92bc82a7e00c5e8a
C:\Drive E\ICNN_MetaPicker_Curated_STEAD_MATLAB\data\csv_stead_filtered\stead_event_01702.csv,8e67f889bb78c50b92125afccec85e3f5ac348f1f77b3dd46297bf7f0b11324d
C:\Drive E\ICNN_MetaPicker_Curated_STEAD_MATLAB\data\csv_stead_filtered\stead_event_01703.csv,90fad9b86dcbf29490d974805393a945560bf0cdd9f3be39e53cc7c056fe79a5
C:\Drive E\ICNN_MetaPicker_Curated_STEAD_MATLAB\data\csv_stead_filtered\stead_event_01704.csv,427d057f63b298ceca075ccb6d639910168d880e0b55dc718c69dad0098f5e87
C:\Drive E\ICNN_MetaPicker_Curated_STEAD_MATLAB\data\csv_stead_filtered\stead_event_01705.csv,00b1404c9fb8ff3d097c5bc1b36e282e3ece8698a92f04247db69378097f079a
C:\Drive E\ICNN_MetaPicker_Curated_STEAD_MATLAB\data\csv_stead_filtered\stead_event_01706.csv,fb6b38bab8b9354ac1b130f7168fa984a7c35688040069212b3e380c8a7e2ac0
C:\Drive E\ICNN_MetaPicker_Curated_STEAD_MATLAB\data\csv_stead_filtered\stead_event_01707.csv,acf0e520f7ccaa918850088e84cfc2c43b544c4c62c5f108b16b321a66db9db4
C:\Drive E\ICNN_MetaPicker_Curated_STEAD_MATLAB\data\csv_stead_filtered\stead_event_01708.csv,8e3ab981b78f20a99ff39e99d75c5a64d787831604f4094cb28af30968431a87
C:\Drive E\ICNN_MetaPicker_Curated_STEAD_MATLAB\data\csv_stead_filtered\stead_event_01709.csv,6d1dc1320a26a751bfc51c072835944623feac9fc80554f44c32fce7e114f016
C:\Drive E\ICNN_MetaPicker_Curated_STEAD_MATLAB\data\csv_stead_filtered\stead_event_01710.csv,10eb7290a106410d7fab2ea7769ce02a609f8bc2863e54a0ef31cb04cf74ca2d
C:\Drive E\ICNN_MetaPicker_Curated_STEAD_MATLAB\data\csv_stead_filtered\stead_event_01711.csv,9964594e1b0a8f3173289ef7136943f07f13941405034c7e2867a3a01372f3ba
C:\Drive E\ICNN_MetaPicker_Curated_STEAD_MATLAB\data\csv_stead_filtered\stead_event_01712.csv,e2c6c54489a1e1c85e995900dfaf7983c039d6fb86dca06deeb9f85edbf64cbc
C:\Drive E\ICNN_MetaPicker_Curated_STEAD_MATLAB\data\csv_stead_filtered\stead_event_01713.csv,d6b6ed7074bcd216301b06a6fd5b23b6313414ff6a3030140713a28ddf6670c0
C:\Drive E\ICNN_MetaPicker_Curated_STEAD_MATLAB\data\csv_stead_filtered\stead_event_01714.csv,b059331c4414a84cc6390c6488a9bb81a769aa8d547b47981517f8f3fc13bba0
C:\Drive E\ICNN_MetaPicker_Curated_STEAD_MATLAB\data\csv_stead_filtered\stead_event_01715.csv,3bb8ff1b5cf8acb7b0f4cf1a8b9dd4819531291f4e94c50b01789a81a7b4a13f
C:\Drive E\ICNN_MetaPicker_Curated_STEAD_MATLAB\data\csv_stead_filtered\stead_event_01716.csv,0ba8813927532f2526888855b61b3d4484262c5133a15afa535c603c6721e94c
C:\Drive E\ICNN_MetaPicker_Curated_STEAD_MATLAB\data\csv_stead_filtered\stead_event_01717.csv,e255d8fad9dcc0767720cc4b023c0adacc949aff07684a04ff6fd87ab1c44be6
C:\Drive E\ICNN_MetaPicker_Curated_STEAD_MATLAB\data\csv_stead_filtered\stead_event_01718.csv,85ba5c6c91e4fe815d6e8b8e3ba7b6e3a5ba5b2c4df95ef7aec36401d323db08
C:\Drive E\ICNN_MetaPicker_Curated_STEAD_MATLAB\data\csv_stead_filtered\stead_event_01719.csv,5d00d92ff7c63b54129160274e889f1c4c0428a48f0d991bbd7c74e57fe1f502
C:\Drive E\ICNN_MetaPicker_Curated_STEAD_MATLAB\data\csv_stead_filtered\stead_event_01720.csv,daa884e9acac100eb19306d272056deb4293cfe6bb3bd548c53f8f0400af333c
C:\Drive E\ICNN_MetaPicker_Curated_STEAD_MATLAB\data\csv_stead_filtered\stead_event_01721.csv,e60c736af39988b7b1acf3b4f10270bdbc69962b068291af8511bc5706e9f0b8
C:\Drive E\ICNN_MetaPicker_Curated_STEAD_MATLAB\data\csv_stead_filtered\stead_event_01722.csv,ec845a8572ac9e9c09fe1f2eccd3123cb8c8d3e76b59217c7b3b4cfff3614617
C:\Drive E\ICNN_MetaPicker_Curated_STEAD_MATLAB\data\csv_stead_filtered\stead_event_01723.csv,ff6bbf89f7be3e07934b4d8e99dd0b0e9198f7cac7db9a8da4cc5aa8a4345938
C:\Drive E\ICNN_MetaPicker_Curated_STEAD_MATLAB\data\csv_stead_filtered\stead_event_01724.csv,f205bc22568e3d7ca737202ebd0828dc91ae31720fa32c74aaffa18a45d12809
C:\Drive E\ICNN_MetaPicker_Curated_STEAD_MATLAB\data\csv_stead_filtered\stead_event_01725.csv,f089feefc25e0717537dfa8582d27d50f8ef2ef60e4830a7e26f0455d4afcd70
C:\Drive E\ICNN_MetaPicker_Curated_STEAD_MATLAB\data\csv_stead_filtered\stead_event_01726.csv,3bab04c57633fbb9f466258791c72c9a52d06650d6e3abed458935308336de4a
C:\Drive E\ICNN_MetaPicker_Curated_STEAD_MATLAB\data\csv_stead_filtered\stead_event_01727.csv,b6f95d96e3bb8a761b92b98062ff3c0b7a634d529f1bc709a11c6694924975b4
C:\Drive E\ICNN_MetaPicker_Curated_STEAD_MATLAB\data\csv_stead_filtered\stead_event_01728.csv,e9a12e16ce4ca5fe69065abed3de5f05ad8f9c04dbdfc2e9fdb9c15911520e9d
C:\Drive E\ICNN_MetaPicker_Curated_STEAD_MATLAB\data\csv_stead_filtered\stead_event_01729.csv,83cb5c9c97c1db60f01cf24a10ce0d6c8ca2cff5cda12102eb5881c0e4aae1ac
C:\Drive E\ICNN_MetaPicker_Curated_STEAD_MATLAB\data\csv_stead_filtered\stead_event_01730.csv,7f5f3d7188af8ac665026e257a236f9155c4ff2caa87c2a384f82e5bbe96aa51
C:\Drive E\ICNN_MetaPicker_Curated_STEAD_MATLAB\data\csv_stead_filtered\stead_event_01731.csv,a33a72c81b554c21f30c125ec2d899db9efa22c1046fa1757faf5b1c08d65ac2
C:\Drive E\ICNN_MetaPicker_Curated_STEAD_MATLAB\data\csv_stead_filtered\stead_event_01732.csv,ef98354abf094ba7d5cb6eb038aea569438dce663689a07660f86e536789e7c9
C:\Drive E\ICNN_MetaPicker_Curated_STEAD_MATLAB\data\csv_stead_filtered\stead_event_01733.csv,1123be291bb98e834ff8251f18596a85b8458ce2cbd9e7a07f04007e9a32147a
C:\Drive E\ICNN_MetaPicker_Curated_STEAD_MATLAB\data\csv_stead_filtered\stead_event_01734.csv,53e57045881cbc3d3b570f3bdf259e50a096022a093408ba4fc702c37a385dad
C:\Drive E\ICNN_MetaPicker_Curated_STEAD_MATLAB\data\csv_stead_filtered\stead_event_01735.csv,39c430ba26485b84c9a40791b882f613b1719a88f3b3d00b96b377fd4fa19e3f
C:\Drive E\ICNN_MetaPicker_Curated_STEAD_MATLAB\data\csv_stead_filtered\stead_event_01736.csv,4358fff4ee4be51b8c2cf7a793aac6011768a6b87e6fecab2f2cbdfa396ab023
C:\Drive E\ICNN_MetaPicker_Curated_STEAD_MATLAB\data\csv_stead_filtered\stead_event_01737.csv,ff7603d7a9be12473e8e27b1645c25b1a5905e1f2ce288d9ab75e53518cffe95
C:\Drive E\ICNN_MetaPicker_Curated_STEAD_MATLAB\data\csv_stead_filtered\stead_event_01738.csv,c8fd82e497988b7b0e6f3c99f5eb514bb21ba79c0401e19bad80479c62151796
C:\Drive E\ICNN_MetaPicker_Curated_STEAD_MATLAB\data\csv_stead_filtered\stead_event_01739.csv,3aa2e4516ea2e9f0fd1f782e53847a30c86ba88cc56b08439927d72898d108f9
C:\Drive E\ICNN_MetaPicker_Curated_STEAD_MATLAB\data\csv_stead_filtered\stead_event_01740.csv,7b129d2bc42deb2c554ee10c40ce4392d5f89317ef41813c1bfb65b77cacb55d
C:\Drive E\ICNN_MetaPicker_Curated_STEAD_MATLAB\data\csv_stead_filtered\stead_event_01741.csv,c718c010027fa88346ef49ebf7d504ce7979fe3b5791c5397fa6c8bc2180f2b5
C:\Drive E\ICNN_MetaPicker_Curated_STEAD_MATLAB\data\csv_stead_filtered\stead_event_01742.csv,39f0d80df1809a0bf1b9661cf84c4e068756250e5f406b7045aa488e3397fe7f
C:\Drive E\ICNN_MetaPicker_Curated_STEAD_MATLAB\data\csv_stead_filtered\stead_event_01743.csv,e6f05e29be79a67e6291c4ba35be4053be42c4c41b86d3c085b9fc28f2c9ba5f
C:\Drive E\ICNN_MetaPicker_Curated_STEAD_MATLAB\data\csv_stead_filtered\stead_event_01744.csv,8f02bb0aee01a0370b9a0463d2fa7fc876b4ba7d2effc6b511abb23057c04d85
C:\Drive E\ICNN_MetaPicker_Curated_STEAD_MATLAB\data\csv_stead_filtered\stead_event_01745.csv,209cebf165b28076eea6dec6bf6d130e3a3570dc7c5fa98e96768dfcf05c7258
C:\Drive E\ICNN_MetaPicker_Curated_STEAD_MATLAB\data\csv_stead_filtered\stead_event_01746.csv,77b070ee198ed2a8e36ed1939d0eb92ca6b99b2289d7f3cedce1934c33e1e459
C:\Drive E\ICNN_MetaPicker_Curated_STEAD_MATLAB\data\csv_stead_filtered\stead_event_01747.csv,1bd72224446698926874e7a4900981b9d6086df7ee4b32d8cd9e2d1d226226a4
C:\Drive E\ICNN_MetaPicker_Curated_STEAD_MATLAB\data\csv_stead_filtered\stead_event_01748.csv,3b5c1f7f0e367ee32c1d0caa448478a58f012c02000971e404f56973cb51e31c
C:\Drive E\ICNN_MetaPicker_Curated_STEAD_MATLAB\data\csv_stead_filtered\stead_event_01749.csv,30660b896b9506e533714dfbd84b00020c220dbaedc0d0276384b34dae0abcfc
C:\Drive E\ICNN_MetaPicker_Curated_STEAD_MATLAB\data\csv_stead_filtered\stead_event_01750.csv,6914680ea5edb9db7323d0722289b0b8bdc3ede460527025259250c9daa63877
C:\Drive E\ICNN_MetaPicker_Curated_STEAD_MATLAB\data\csv_stead_filtered\stead_event_01751.csv,b78eadb7fc2a93fc416eb455a92eb02a95b516869afa12c28aaa086d4231e1d5
C:\Drive E\ICNN_MetaPicker_Curated_STEAD_MATLAB\data\csv_stead_filtered\stead_event_01752.csv,77f79ac11c67a157ac97d1bb05209533d72c64004acfc37df8e364ec7b70ce96
C:\Drive E\ICNN_MetaPicker_Curated_STEAD_MATLAB\data\csv_stead_filtered\stead_event_01753.csv,68af95c0ab044e5161df0c5aeac7625a1f20a7a9ec191fb4e748c3952f66eb15
C:\Drive E\ICNN_MetaPicker_Curated_STEAD_MATLAB\data\csv_stead_filtered\stead_event_01754.csv,17e9f01d0b7c4b9b4b6d17bbe741dce1f32f3de51f65a8d34701280695502851
C:\Drive E\ICNN_MetaPicker_Curated_STEAD_MATLAB\data\csv_stead_filtered\stead_event_01755.csv,cf8945118b984bb1ca5dbac9ecb368c2cc1a8c2da9adef013a1f15af95c761b7
C:\Drive E\ICNN_MetaPicker_Curated_STEAD_MATLAB\data\csv_stead_filtered\stead_event_01756.csv,4aad4d79d78d5d537496f69d341c749d498b4cc787ce8565175309f202c066ec
C:\Drive E\ICNN_MetaPicker_Curated_STEAD_MATLAB\data\csv_stead_filtered\stead_event_01757.csv,ddb2a7a1c80efeac89def31a3ae7b9dfcb6c65757ed08d645a9308f082627768
C:\Drive E\ICNN_MetaPicker_Curated_STEAD_MATLAB\data\csv_stead_filtered\stead_event_01758.csv,fafd980526987c4db32a78c0eb1900f098fc4dd0366a155de22a3cec6c575144
C:\Drive E\ICNN_MetaPicker_Curated_STEAD_MATLAB\data\csv_stead_filtered\stead_event_01759.csv,6b11417f44f1d3ea9f4f12d2aa7ba3fe1e2d3c71f9fa869ffb228a39251776b0
C:\Drive E\ICNN_MetaPicker_Curated_STEAD_MATLAB\data\csv_stead_filtered\stead_event_01760.csv,9de1f22a4d937a0ebfe9f2ddccb360e138dbc5cb373e036678fb1213c712ac94
C:\Drive E\ICNN_MetaPicker_Curated_STEAD_MATLAB\data\csv_stead_filtered\stead_event_01761.csv,36dd3e0f7bc55293a8f6149ca9818e81d2cfdd97676042f41db39230001c2a54
C:\Drive E\ICNN_MetaPicker_Curated_STEAD_MATLAB\data\csv_stead_filtered\stead_event_01762.csv,bed5e070d857c1d53fdbcb80eaea78ec8e0201863d713af381ee76d42fb5ac69
C:\Drive E\ICNN_MetaPicker_Curated_STEAD_MATLAB\data\csv_stead_filtered\stead_event_01763.csv,ffeada398ad7dd163823adc1ffb6b0f5f6c69e2994729702da37f08e9c6e4744
C:\Drive E\ICNN_MetaPicker_Curated_STEAD_MATLAB\data\csv_stead_filtered\stead_event_01764.csv,4672b836dc22b69fbb38b35078eb53105bc45f8cfb68237efc0ba86fb5640a4b
C:\Drive E\ICNN_MetaPicker_Curated_STEAD_MATLAB\data\csv_stead_filtered\stead_event_01765.csv,d0d83f33f6353ec041f2283255b092941467ce0cf827ec45f4015ef681f7729a
C:\Drive E\ICNN_MetaPicker_Curated_STEAD_MATLAB\data\csv_stead_filtered\stead_event_01766.csv,7a4c5060e1d4a1ad46696bac8a8c41f2a0378eda2a09699783683f0f16db3059
C:\Drive E\ICNN_MetaPicker_Curated_STEAD_MATLAB\data\csv_stead_filtered\stead_event_01767.csv,790400662395cc855b154dc672b74b6073d6cb212bf6c7ad7069c8a888348846
C:\Drive E\ICNN_MetaPicker_Curated_STEAD_MATLAB\data\csv_stead_filtered\stead_event_01768.csv,4c30d75becbe63ac80ad7ab731ba7ae7cdd5287228058ec837c17ad4b6ff20ee
C:\Drive E\ICNN_MetaPicker_Curated_STEAD_MATLAB\data\csv_stead_filtered\stead_event_01769.csv,d0c1dea4f632131b0efeb06420c8e9d7b0c320fd403f7e45a31365d9df2ae830
C:\Drive E\ICNN_MetaPicker_Curated_STEAD_MATLAB\data\csv_stead_filtered\stead_event_01770.csv,046c2b2c3586dd47a04ebe88279ac56bf34e399cb96bea2250f4f9bc2c41616e
C:\Drive E\ICNN_MetaPicker_Curated_STEAD_MATLAB\data\csv_stead_filtered\stead_event_01771.csv,14716ab636ec6ec1ad527b1d0f455be469bd318ea2ac07c4fe5b35e88f2575cc
C:\Drive E\ICNN_MetaPicker_Curated_STEAD_MATLAB\data\csv_stead_filtered\stead_event_01772.csv,1dbfed8f922f4517e3f47461b2bea910f447f256d301277796836ed722b11547
C:\Drive E\ICNN_MetaPicker_Curated_STEAD_MATLAB\data\csv_stead_filtered\stead_event_01773.csv,90ef96909b46ef00f35ba7439ebb8f65c121b549f9cc6369464e67fdd8bedeca
C:\Drive E\ICNN_MetaPicker_Curated_STEAD_MATLAB\data\csv_stead_filtered\stead_event_01774.csv,2ee92f61b2c5a91c3b46cf5a07cfa751f58b00c30fe227ac41cd89414aa06366
C:\Drive E\ICNN_MetaPicker_Curated_STEAD_MATLAB\data\csv_stead_filtered\stead_event_01775.csv,c8ce0ba0b461befebfe5b09f44eb829446959e8f2bdd4cdefa97c69c0d695e29
C:\Drive E\ICNN_MetaPicker_Curated_STEAD_MATLAB\data\csv_stead_filtered\stead_event_01776.csv,2a0b2219265ae33ae3c48ac7903b25d9cd72dcdbc15158383e1bb9985edd8376
C:\Drive E\ICNN_MetaPicker_Curated_STEAD_MATLAB\data\csv_stead_filtered\stead_event_01777.csv,1e15b7d92d5c4ac86f60d15b5ba7da6cf8141dd731f04e14d181024400be47bb
C:\Drive E\ICNN_MetaPicker_Curated_STEAD_MATLAB\data\csv_stead_filtered\stead_event_01778.csv,414ded5286f3e4673fbb3d752c950852bad30f23308958a720cb99c055b0d087
C:\Drive E\ICNN_MetaPicker_Curated_STEAD_MATLAB\data\csv_stead_filtered\stead_event_01779.csv,66c7f170be1ad98f654f26f7afd4496d5a9e137a50d0d0a01ebe3eeeff5f8e90
C:\Drive E\ICNN_MetaPicker_Curated_STEAD_MATLAB\data\csv_stead_filtered\stead_event_01780.csv,95e4403db6603788ddd3ee4688034579bddbdaef55998c973339777f161ad93f
C:\Drive E\ICNN_MetaPicker_Curated_STEAD_MATLAB\data\csv_stead_filtered\stead_event_01781.csv,e6e159e16ff1af771bac08d04a163b6c8d22d09c0425cecdfe53cd30cb64be14
C:\Drive E\ICNN_MetaPicker_Curated_STEAD_MATLAB\data\csv_stead_filtered\stead_event_01782.csv,589fd516e14adcc75123f0957cf96d518a3defeb62b4e15c71e26facbbb11aae
C:\Drive E\ICNN_MetaPicker_Curated_STEAD_MATLAB\data\csv_stead_filtered\stead_event_01783.csv,c24d2c8d50866c6a367311c92bd251cecd81c57097ab3ecf9035695d84d43711
C:\Drive E\ICNN_MetaPicker_Curated_STEAD_MATLAB\data\csv_stead_filtered\stead_event_01784.csv,5fae5f54d6803f091d0b7d165048b618338eff46bf20a41fc120683d984cdddc
C:\Drive E\ICNN_MetaPicker_Curated_STEAD_MATLAB\data\csv_stead_filtered\stead_event_01785.csv,47105717ee28d29318bdf24618cd0838c93845cdda6b9a311111f216e28dd29e
C:\Drive E\ICNN_MetaPicker_Curated_STEAD_MATLAB\data\csv_stead_filtered\stead_event_01786.csv,40f7f625cb8c62a7ac7cc74c8b4047e388a8088e8f5b59a94d3a6231cc581e2b
C:\Drive E\ICNN_MetaPicker_Curated_STEAD_MATLAB\data\csv_stead_filtered\stead_event_01787.csv,12cf77cc246096643ef36fc8b44a9776af2eb69944392c3eb8819443f44598fa
C:\Drive E\ICNN_MetaPicker_Curated_STEAD_MATLAB\data\csv_stead_filtered\stead_event_01788.csv,2a08ff05977cc0cd22d842c3c1ccbf8194845f2c9f88c47d4b70a168f46afbff
C:\Drive E\ICNN_MetaPicker_Curated_STEAD_MATLAB\data\csv_stead_filtered\stead_event_01789.csv,fb0e371d1e3cf851e725df0afbbaa150b8105fde4e0daf77df5aa7a32ef0f34e
C:\Drive E\ICNN_MetaPicker_Curated_STEAD_MATLAB\data\csv_stead_filtered\stead_event_01790.csv,fa4d75b06c249852e3c242b818e28ace3c6f82f8b730342041ab335ea2b9964d
C:\Drive E\ICNN_MetaPicker_Curated_STEAD_MATLAB\data\csv_stead_filtered\stead_event_01791.csv,053f90033bedabf398736085d47be6b49ab4d4a59127725ef54a3b60c3a73208
C:\Drive E\ICNN_MetaPicker_Curated_STEAD_MATLAB\data\csv_stead_filtered\stead_event_01792.csv,c7971d3b7d054dd4636f314998ff9953b140576d5d3c21616f9a5d774d456002
C:\Drive E\ICNN_MetaPicker_Curated_STEAD_MATLAB\data\csv_stead_filtered\stead_event_01793.csv,fe77fc80cc72b75776c53f8aa485b8e0916259b09e5a786ca36714e0497d2fcd
C:\Drive E\ICNN_MetaPicker_Curated_STEAD_MATLAB\data\csv_stead_filtered\stead_event_01794.csv,ebde1233ae2f1bb76cf47de0a3fd926ccbd8c8b28cd882ca6076561ba93d8365
C:\Drive E\ICNN_MetaPicker_Curated_STEAD_MATLAB\data\csv_stead_filtered\stead_event_01795.csv,eedb4cc97256f0dc35e8d21180ed1f6459052d18c8d79524b2a29dd1d407e717
C:\Drive E\ICNN_MetaPicker_Curated_STEAD_MATLAB\data\csv_stead_filtered\stead_event_01796.csv,1610771811045441262137044332d7af1a4b985eb435b91975aac7c52ef981b4
C:\Drive E\ICNN_MetaPicker_Curated_STEAD_MATLAB\data\csv_stead_filtered\stead_event_01797.csv,499c158929a599f6ae867281fbfab5d093cc742c64f686dcaea50df5908871db
C:\Drive E\ICNN_MetaPicker_Curated_STEAD_MATLAB\data\csv_stead_filtered\stead_event_01798.csv,fa33a84d1572c43da974c6bfd2487e6e1423ef2caa658f21455389455b7a8aea
C:\Drive E\ICNN_MetaPicker_Curated_STEAD_MATLAB\data\csv_stead_filtered\stead_event_01799.csv,3436acf03190d3eb59224c262fa4dd420513c764f42f7309de0c03ce43dcdf20
C:\Drive E\ICNN_MetaPicker_Curated_STEAD_MATLAB\data\csv_stead_filtered\stead_event_01800.csv,a18cec53b447c556430e7242d71219e2b28d4409dc420cbcae8afdd9257cddda
C:\Drive E\ICNN_MetaPicker_Curated_STEAD_MATLAB\data\csv_stead_filtered\stead_event_01801.csv,1aafa2e63b2d885e776fb3d384b708acba32d3cae28f81a961f79ed8b38b3583
C:\Drive E\ICNN_MetaPicker_Curated_STEAD_MATLAB\data\csv_stead_filtered\stead_event_01802.csv,5bb2f91cee635ddf1280f0adb176d70514c6a4429bce1841d6449a61217a9fa3
C:\Drive E\ICNN_MetaPicker_Curated_STEAD_MATLAB\data\csv_stead_filtered\stead_event_01803.csv,6fa876d68656db2baece81991bfdb8a0a504d355d53384159c6f1efc71b5c1d8
C:\Drive E\ICNN_MetaPicker_Curated_STEAD_MATLAB\data\csv_stead_filtered\stead_event_01804.csv,f6a7a925b6af29a81749023325238aec43f1508a90fe0809d3022fad39a7b5d2
C:\Drive E\ICNN_MetaPicker_Curated_STEAD_MATLAB\data\csv_stead_filtered\stead_event_01805.csv,8bfd5d40faed935117446f6bf9ee2914eced336863d4d4807abf1ebdb7385d69
C:\Drive E\ICNN_MetaPicker_Curated_STEAD_MATLAB\data\csv_stead_filtered\stead_event_01806.csv,e32e2eb668b4c18f015a056c77216ac8d0964f23f27cb5a65e60dedff4525452
C:\Drive E\ICNN_MetaPicker_Curated_STEAD_MATLAB\data\csv_stead_filtered\stead_event_01807.csv,9e1d7f9fc509c71263e0b243722fd038913111ef54cf74bae636d34019fbf37f
C:\Drive E\ICNN_MetaPicker_Curated_STEAD_MATLAB\data\csv_stead_filtered\stead_event_01808.csv,df342307c861bb69169584c34e3ea67425a89363a3a1fe52658eaf4e8b316f11
C:\Drive E\ICNN_MetaPicker_Curated_STEAD_MATLAB\data\csv_stead_filtered\stead_event_01809.csv,a8177eaa23acd7e78dadc37f3dbfe8bfd889ef1413b78b3c8aefd89a2443ca34
C:\Drive E\ICNN_MetaPicker_Curated_STEAD_MATLAB\data\csv_stead_filtered\stead_event_01810.csv,686190ce1889edc7e9c4963ab09e6b1bf80c75d9506d52e72f490e88796535f7
C:\Drive E\ICNN_MetaPicker_Curated_STEAD_MATLAB\data\csv_stead_filtered\stead_event_01811.csv,0cb7b09b9a653ccbe705c9f4f4e96c7dd4a45a38c16b21c8b3ac350df5aa9c1f
C:\Drive E\ICNN_MetaPicker_Curated_STEAD_MATLAB\data\csv_stead_filtered\stead_event_01812.csv,f1bf4acb61dc6967ed1a31322f5bf9156038245160cefa5f524db20edd520b37
C:\Drive E\ICNN_MetaPicker_Curated_STEAD_MATLAB\data\csv_stead_filtered\stead_event_01813.csv,1bc47cc3653abc190866b5d61ffcb8161555a320c2e3cfda1231851011b2fa03
C:\Drive E\ICNN_MetaPicker_Curated_STEAD_MATLAB\data\csv_stead_filtered\stead_event_01814.csv,600cf4477ec3ac99fc6aca7201cef76596534eee1af57bfac440a2afe53d43c6
C:\Drive E\ICNN_MetaPicker_Curated_STEAD_MATLAB\data\csv_stead_filtered\stead_event_01815.csv,ee7cabe6137ba4b789f61bccbd6c404c6226a2ef39ccc58938b5d2f015db4a2a
C:\Drive E\ICNN_MetaPicker_Curated_STEAD_MATLAB\data\csv_stead_filtered\stead_event_01816.csv,6c3060cab4cdca0679ca86e0cf7c5cd1d16746106aaa324e92578bf09655fb7f
C:\Drive E\ICNN_MetaPicker_Curated_STEAD_MATLAB\data\csv_stead_filtered\stead_event_01817.csv,e9f7e5e630a4b54f0e688f0b7174348675462d4d1cbab5aeaa75b14972242f3c
C:\Drive E\ICNN_MetaPicker_Curated_STEAD_MATLAB\data\csv_stead_filtered\stead_event_01818.csv,18fbfbcb9f62a2981e25510fd6a75e2647966c942ce9d7cb4633da25b17d5659
C:\Drive E\ICNN_MetaPicker_Curated_STEAD_MATLAB\data\csv_stead_filtered\stead_event_01819.csv,3be4a412317b22a2a108d03a5a59d4867ad36a0eddcb13de33925b15adb22ab3
C:\Drive E\ICNN_MetaPicker_Curated_STEAD_MATLAB\data\csv_stead_filtered\stead_event_01820.csv,982e38bc66dc5b5c4965ecfacc14969cf99dc92e5919ba35183009611dbfb5d3
C:\Drive E\ICNN_MetaPicker_Curated_STEAD_MATLAB\data\csv_stead_filtered\stead_event_01821.csv,545ea83850b0ef99e651a8edb8684000d14e25e80e2ea5e2af28775bbdca5a09
C:\Drive E\ICNN_MetaPicker_Curated_STEAD_MATLAB\data\csv_stead_filtered\stead_event_01822.csv,c09c3d9fc6085bbd9fc8355eddb13c4257144c23efa3fb53af3bab8a01589b66
C:\Drive E\ICNN_MetaPicker_Curated_STEAD_MATLAB\data\csv_stead_filtered\stead_event_01823.csv,6aebac1ffe05917bc7d8ec5ca4f48efaa1df0bf319a73d6fbf69038fc40124ca
C:\Drive E\ICNN_MetaPicker_Curated_STEAD_MATLAB\data\csv_stead_filtered\stead_event_01824.csv,c01a556f699beb46238962131f10196d2b93b98ca807d76859bc6277ef43b50a
C:\Drive E\ICNN_MetaPicker_Curated_STEAD_MATLAB\data\csv_stead_filtered\stead_event_01825.csv,3e38676382fdbe47e440c6efef5e1996de48828036b45125cdc10a40d74e7760
C:\Drive E\ICNN_MetaPicker_Curated_STEAD_MATLAB\data\csv_stead_filtered\stead_event_01826.csv,ab683637fe9466b2210778c0e1fcb3c60fd09e77f06bdc0d6bf4dfba75b6a2b6
C:\Drive E\ICNN_MetaPicker_Curated_STEAD_MATLAB\data\csv_stead_filtered\stead_event_01827.csv,b21f57b4b33bd4225e5a9965c0a14cb09504f310a525e19e3d40072e42c9722a
C:\Drive E\ICNN_MetaPicker_Curated_STEAD_MATLAB\data\csv_stead_filtered\stead_event_01828.csv,cb325ad5fca39592d962ebcae1ca55dd422cdd31849ae7aed7f84f0934ee6e2b
C:\Drive E\ICNN_MetaPicker_Curated_STEAD_MATLAB\data\csv_stead_filtered\stead_event_01829.csv,dc12d18968775cdc607922304f39c76407a9d260b803c3ab43396a8155b6de44
C:\Drive E\ICNN_MetaPicker_Curated_STEAD_MATLAB\data\csv_stead_filtered\stead_event_01830.csv,f35abd9f9fb308bce4fb458d7f59faf3eca5ab8061d068b7019e0f759fd1e11f
C:\Drive E\ICNN_MetaPicker_Curated_STEAD_MATLAB\data\csv_stead_filtered\stead_event_01831.csv,f88e4792beb43931817438007b11c950cce1b858e7050562193ec316b0d89a8c
C:\Drive E\ICNN_MetaPicker_Curated_STEAD_MATLAB\data\csv_stead_filtered\stead_event_01832.csv,990604a594de0d9023362c535d92479ea3e766998c56ab119c495a2d4b818e85
C:\Drive E\ICNN_MetaPicker_Curated_STEAD_MATLAB\data\csv_stead_filtered\stead_event_01833.csv,86954a60055c49622a84313074d735609461121e4cb933695002a7c81caae497
C:\Drive E\ICNN_MetaPicker_Curated_STEAD_MATLAB\data\csv_stead_filtered\stead_event_01834.csv,948a4980f210dbd469bc968ad14e995aa837ef6414ffb69c368bdd45a1fc7058
C:\Drive E\ICNN_MetaPicker_Curated_STEAD_MATLAB\data\csv_stead_filtered\stead_event_01835.csv,32446817d1482dc8876cf783a5c93a05a6e25fbb4b4d76759edc885c0567f2db
C:\Drive E\ICNN_MetaPicker_Curated_STEAD_MATLAB\data\csv_stead_filtered\stead_event_01836.csv,778e3d202b2379022547ef759728d231e039597c66f8fd6c41ec94db6432ec79
C:\Drive E\ICNN_MetaPicker_Curated_STEAD_MATLAB\data\csv_stead_filtered\stead_event_01837.csv,302dd1ab3c7eeef483f45e466ac5a4d44623e594c55fb0a4c530d476feb01547
C:\Drive E\ICNN_MetaPicker_Curated_STEAD_MATLAB\data\csv_stead_filtered\stead_event_01838.csv,1a7165c7f9f2ba3f458ececda26b9e8501bf2787a7010f05542d7fdf8fcd8764
C:\Drive E\ICNN_MetaPicker_Curated_STEAD_MATLAB\data\csv_stead_filtered\stead_event_01839.csv,398c35139ac784ad4f25cd4279c9f710a576e8a540f06295ca862f997c456f77
C:\Drive E\ICNN_MetaPicker_Curated_STEAD_MATLAB\data\csv_stead_filtered\stead_event_01840.csv,581d16e9d3e51feb2412036d58669f8de281180a41174eb4e19a5c1d4e9a8662
C:\Drive E\ICNN_MetaPicker_Curated_STEAD_MATLAB\data\csv_stead_filtered\stead_event_01841.csv,d05c758720e5aea77ab7da87cb975279629249c75c8acca510fdca6305b60b3e
C:\Drive E\ICNN_MetaPicker_Curated_STEAD_MATLAB\data\csv_stead_filtered\stead_event_01842.csv,c3cff8d5285f10668441b1306523fc000902f143496dd3c4a0f2fb99d8f25368
C:\Drive E\ICNN_MetaPicker_Curated_STEAD_MATLAB\data\csv_stead_filtered\stead_event_01843.csv,86302218b1f7eaca9f69c7e732c3400d908a98aacdcbf59352bfffec59c93d7d
C:\Drive E\ICNN_MetaPicker_Curated_STEAD_MATLAB\data\csv_stead_filtered\stead_event_01844.csv,1f0ba47a20b38d85f320f4215c32fd95390414ad92acdd6356feb402b4ed9c5d
C:\Drive E\ICNN_MetaPicker_Curated_STEAD_MATLAB\data\csv_stead_filtered\stead_event_01845.csv,cb3c1c0cd3713d77889d68d19841fb8b2e2f7c3d48a0bbe6b248d26002162821
C:\Drive E\ICNN_MetaPicker_Curated_STEAD_MATLAB\data\csv_stead_filtered\stead_event_01846.csv,a5594f39cd8da0d6baddc63c8246332ec86c49203e085bd8f55ac30612ef5c03
C:\Drive E\ICNN_MetaPicker_Curated_STEAD_MATLAB\data\csv_stead_filtered\stead_event_01847.csv,ff3a73c132dc856a2e813cdd0e8aef72fcc78bb342c4fd35093de05c4ec1445f
C:\Drive E\ICNN_MetaPicker_Curated_STEAD_MATLAB\data\csv_stead_filtered\stead_event_01848.csv,e65effcdce8b46ff4c28e67cb3f17a800217299213c0969e7ebda3ec237140cf
C:\Drive E\ICNN_MetaPicker_Curated_STEAD_MATLAB\data\csv_stead_filtered\stead_event_01849.csv,7af39f55ed81d2d9d82f8613bfd075296cf8a56a585e3cf96e9e660e8d0091d4
C:\Drive E\ICNN_MetaPicker_Curated_STEAD_MATLAB\data\csv_stead_filtered\stead_event_01850.csv,9296641016dc1b313848db2cd04a0f994be973093bc03f9ed23bc6e4e8321242
C:\Drive E\ICNN_MetaPicker_Curated_STEAD_MATLAB\data\csv_stead_filtered\stead_event_01851.csv,2fd757340c2f2a36cd752fb8642425cdb0fb8a3c47446760a183f644c6f97a69
C:\Drive E\ICNN_MetaPicker_Curated_STEAD_MATLAB\data\csv_stead_filtered\stead_event_01852.csv,8f8ecce741a2f75ca28a7ea80ffe7320d964f65a5360ae73027c36f3947ba9d5
C:\Drive E\ICNN_MetaPicker_Curated_STEAD_MATLAB\data\csv_stead_filtered\stead_event_01853.csv,9b3b5566deb13a54eb87799fa57fc75b658f2677db04a22a7c5a9b5b81fe14a5
C:\Drive E\ICNN_MetaPicker_Curated_STEAD_MATLAB\data\csv_stead_filtered\stead_event_01854.csv,2f75a29ee1e3b7ac47df2ef415dc3d4b6130d4f2e1f5ed5b0e38d78ea39ae83e
C:\Drive E\ICNN_MetaPicker_Curated_STEAD_MATLAB\data\csv_stead_filtered\stead_event_01855.csv,0967b053a4755722b800d6f893189491c052b15ed1aa7bb672d160e4efd8f12a
C:\Drive E\ICNN_MetaPicker_Curated_STEAD_MATLAB\data\csv_stead_filtered\stead_event_01856.csv,471c4fea2c7a62118a88760d5df682b14d1a326a9ed97f1d163a4de1c17afb20
C:\Drive E\ICNN_MetaPicker_Curated_STEAD_MATLAB\data\csv_stead_filtered\stead_event_01857.csv,eb78ae699d4a60e73b95d48941e54b28866d99333bc318315ec920e998ae7a13
C:\Drive E\ICNN_MetaPicker_Curated_STEAD_MATLAB\data\csv_stead_filtered\stead_event_01858.csv,7b454069a9a649d5ac823b08454562a98aca4fcd6ca83570b7cf7e73df83fb16
C:\Drive E\ICNN_MetaPicker_Curated_STEAD_MATLAB\data\csv_stead_filtered\stead_event_01859.csv,dc7eafac3c1cfb128c8d421177ff6b3e6c5a193fd2986e045eaddd94d8a99e57
C:\Drive E\ICNN_MetaPicker_Curated_STEAD_MATLAB\data\csv_stead_filtered\stead_event_01860.csv,faadb3358937c40cdcca906f7490b2e6f34814a98244be53fcedd44a103090a0
C:\Drive E\ICNN_MetaPicker_Curated_STEAD_MATLAB\data\csv_stead_filtered\stead_event_01861.csv,6955c6daed0c03c1426d30cdd47fbcaf52d45d8cdf579e6fc25e7ff0aa90c490
C:\Drive E\ICNN_MetaPicker_Curated_STEAD_MATLAB\data\csv_stead_filtered\stead_event_01862.csv,da5082fcf93f49dc6c42ccad9ca719f9d3fd7420d6af42728230b18e30c0674e
C:\Drive E\ICNN_MetaPicker_Curated_STEAD_MATLAB\data\csv_stead_filtered\stead_event_01863.csv,9da0c6a346f739cfc7df552b0642b5e9cd2e7de64696394724f33b6b93392dc0
C:\Drive E\ICNN_MetaPicker_Curated_STEAD_MATLAB\data\csv_stead_filtered\stead_event_01864.csv,a223f24abea7edc224838839f6b7c52b7b66093901026d8b00e796f4132adbba
C:\Drive E\ICNN_MetaPicker_Curated_STEAD_MATLAB\data\csv_stead_filtered\stead_event_01865.csv,8a1f4172390d912a6552acf4a4b1ec3716cdc72e71496cc56da411822ebd976b
C:\Drive E\ICNN_MetaPicker_Curated_STEAD_MATLAB\data\csv_stead_filtered\stead_event_01866.csv,de175f47bf16e25344099c9e8487813ebb41347cbe3c4502b76fc45dd7702a1f
C:\Drive E\ICNN_MetaPicker_Curated_STEAD_MATLAB\data\csv_stead_filtered\stead_event_01867.csv,4382274c09dbeb65e9af9c3cc27a94c9b509768dfdd39b8b40611c7d29dab29e
C:\Drive E\ICNN_MetaPicker_Curated_STEAD_MATLAB\data\csv_stead_filtered\stead_event_01868.csv,c57406c70a1fa2fdb4578e3485ce561fd8d6fc4f69cc6f264f4a66404eecca57
C:\Drive E\ICNN_MetaPicker_Curated_STEAD_MATLAB\data\csv_stead_filtered\stead_event_01869.csv,f31dfc0884834b83678c29dff319e545a8256cd55d8cd827a3579560d2d7539c
C:\Drive E\ICNN_MetaPicker_Curated_STEAD_MATLAB\data\csv_stead_filtered\stead_event_01870.csv,9a16570bdf16b45bef3fa3d6317c267980d539a343762f7c7cf17faea39a2031
C:\Drive E\ICNN_MetaPicker_Curated_STEAD_MATLAB\data\csv_stead_filtered\stead_event_01871.csv,e02cce532b90754af4328a31148dd2e939fd8d7ac346f26be6322a90a0c05986
C:\Drive E\ICNN_MetaPicker_Curated_STEAD_MATLAB\data\csv_stead_filtered\stead_event_01872.csv,ca849f3a808edc6fec6f9faadc807ccc5b9568eee551e9585a6ae2a8dffd38cf
C:\Drive E\ICNN_MetaPicker_Curated_STEAD_MATLAB\data\csv_stead_filtered\stead_event_01873.csv,0b3ded7e3c5162bdd4accdcb1ac8a92a5f45c7350094f0cc70a0692fcf99e3e0
C:\Drive E\ICNN_MetaPicker_Curated_STEAD_MATLAB\data\csv_stead_filtered\stead_event_01874.csv,dc4b1a6a06645b56a9369eb5d6d26a24328cbe82ea7e63f0e2ca2155060dab30
C:\Drive E\ICNN_MetaPicker_Curated_STEAD_MATLAB\data\csv_stead_filtered\stead_event_01875.csv,aaf3b9cc11bfa019239910a757e4f2e6ff6599a445ee37954f7261a77dda2efb
C:\Drive E\ICNN_MetaPicker_Curated_STEAD_MATLAB\data\csv_stead_filtered\stead_event_01876.csv,448056bea20aaead309c10868a5fec0c06d883b93f6b5afbda86a24b0da36b43
C:\Drive E\ICNN_MetaPicker_Curated_STEAD_MATLAB\data\csv_stead_filtered\stead_event_01877.csv,915ecf14fc0ded8531c7b01b97e963d697b4d260f0d4095e65db2f9ead2c8e03
C:\Drive E\ICNN_MetaPicker_Curated_STEAD_MATLAB\data\csv_stead_filtered\stead_event_01878.csv,9633ee40599e9d4f146823e1f06cdbda801e1e3aa5ccfae4a1577bf4446459e4
C:\Drive E\ICNN_MetaPicker_Curated_STEAD_MATLAB\data\csv_stead_filtered\stead_event_01879.csv,74c0b1495de016bd75dc65bd3d2aee97babb74ea575efae348656c945cf61bf9
C:\Drive E\ICNN_MetaPicker_Curated_STEAD_MATLAB\data\csv_stead_filtered\stead_event_01880.csv,3a773fc3534cde1f84983ece1c73b72173fb64066f8bb48028ea7da74e2754fa
C:\Drive E\ICNN_MetaPicker_Curated_STEAD_MATLAB\data\csv_stead_filtered\stead_event_01881.csv,9de9bef13a561067928f54e1a513b9788ecb9e719e2a9753f9916e6b4c417c6f
C:\Drive E\ICNN_MetaPicker_Curated_STEAD_MATLAB\data\csv_stead_filtered\stead_event_01882.csv,ddae9cd395377847418ba574975cd5df8e581ffce956efc4d306341a734e7b9a
C:\Drive E\ICNN_MetaPicker_Curated_STEAD_MATLAB\data\csv_stead_filtered\stead_event_01883.csv,b358122a707b344d8a98f8b1b6b5c42f9ce75dff5ad1498f2fb1d96ec6a9c718
C:\Drive E\ICNN_MetaPicker_Curated_STEAD_MATLAB\data\csv_stead_filtered\stead_event_01884.csv,1462587a79549996f5b48c08fa779ce691189d3f570c0777f24828cd5072f02b
C:\Drive E\ICNN_MetaPicker_Curated_STEAD_MATLAB\data\csv_stead_filtered\stead_event_01885.csv,45e7691e8f6598b8a06af45ba7b58f15a1f5536f107bf58c7023fe4fedaff382
C:\Drive E\ICNN_MetaPicker_Curated_STEAD_MATLAB\data\csv_stead_filtered\stead_event_01886.csv,7ade0c46343fb366848b010566b4211a3a6c790831fc1665ff60913cba34fc36
C:\Drive E\ICNN_MetaPicker_Curated_STEAD_MATLAB\data\csv_stead_filtered\stead_event_01887.csv,7c7cb1d198187459e3d7802e5cde1de2eedd9803a3580e6a15eef05e283b428b
C:\Drive E\ICNN_MetaPicker_Curated_STEAD_MATLAB\data\csv_stead_filtered\stead_event_01888.csv,9acffaea11ba17b614da9fb551dd8c95be9d85db7fdd223f9d161e1a5b176dfd
C:\Drive E\ICNN_MetaPicker_Curated_STEAD_MATLAB\data\csv_stead_filtered\stead_event_01889.csv,ce1d2d52f9192b87328cc71b9fa03212196d38be39afd438044459fe4ca65f0d
C:\Drive E\ICNN_MetaPicker_Curated_STEAD_MATLAB\data\csv_stead_filtered\stead_event_01890.csv,486d776bd857d1949b7e5f81ad1c8dddf6d1d607ee17f02c2b494c0637c54aae
C:\Drive E\ICNN_MetaPicker_Curated_STEAD_MATLAB\data\csv_stead_filtered\stead_event_01891.csv,740ca12d422a77639dc32ba649b57571a676195d18a932b0ff582a7501a28c2d
C:\Drive E\ICNN_MetaPicker_Curated_STEAD_MATLAB\data\csv_stead_filtered\stead_event_01892.csv,4b93c7d5adfcba039f16a8aeaa1c866d0776e881aba9e4970bfdc3067322acfc
C:\Drive E\ICNN_MetaPicker_Curated_STEAD_MATLAB\data\csv_stead_filtered\stead_event_01893.csv,406d0be6ab2c88afaa08ab44f8f05d5b2ac041b41386223b444969427dc9c221
C:\Drive E\ICNN_MetaPicker_Curated_STEAD_MATLAB\data\csv_stead_filtered\stead_event_01894.csv,cada28bcfeba1a5d3cb48874481b0e7aa5e8065dd5aeab3e9be113763516cc2e
C:\Drive E\ICNN_MetaPicker_Curated_STEAD_MATLAB\data\csv_stead_filtered\stead_event_01895.csv,61685749672350898e2791a740813baf845b5c67f79581a4786b4e961f249ae2
C:\Drive E\ICNN_MetaPicker_Curated_STEAD_MATLAB\data\csv_stead_filtered\stead_event_01896.csv,e0d05554c4b372cbf96206cf5981143ca7ce5e02cae6d06917b3ab3a29a79a1e
C:\Drive E\ICNN_MetaPicker_Curated_STEAD_MATLAB\data\csv_stead_filtered\stead_event_01897.csv,f53c1a29d691364f21bde117b883fcb57274de12a1e1ce44bfed0c03430107dc
C:\Drive E\ICNN_MetaPicker_Curated_STEAD_MATLAB\data\csv_stead_filtered\stead_event_01898.csv,d3eaa20a909ebd7e311701674c076b22df1a7602a8b85748068a27c281c449a3
C:\Drive E\ICNN_MetaPicker_Curated_STEAD_MATLAB\data\csv_stead_filtered\stead_event_01899.csv,d29e6b7cb1d81a5ce89ebe1477f34e1057b0a947f08945a4081734fb100ffeb5
C:\Drive E\ICNN_MetaPicker_Curated_STEAD_MATLAB\data\csv_stead_filtered\stead_event_01900.csv,b15c68a6a2a7c0ef035cef65deba2c498a3c0f4c20fa6159b08f249e14fcf43c
C:\Drive E\ICNN_MetaPicker_Curated_STEAD_MATLAB\data\csv_stead_filtered\stead_event_01901.csv,91f3b98207269f4d901cc3fb0b8ac1e7aa30b772294a2506e506bb5c65c65745
C:\Drive E\ICNN_MetaPicker_Curated_STEAD_MATLAB\data\csv_stead_filtered\stead_event_01902.csv,8d343d97edf5b9ed5ba6fab937a7daf49454b57c263006fee0684c3204f8ad8f
C:\Drive E\ICNN_MetaPicker_Curated_STEAD_MATLAB\data\csv_stead_filtered\stead_event_01903.csv,03d6cd58ee1ffb2df40755d486bfad09832c967ec7c943d3e71cd380a2909912
C:\Drive E\ICNN_MetaPicker_Curated_STEAD_MATLAB\data\csv_stead_filtered\stead_event_01904.csv,70f67d0482838a13a703f9ff845834cb061777299095f9ee640f8fb701d81687
C:\Drive E\ICNN_MetaPicker_Curated_STEAD_MATLAB\data\csv_stead_filtered\stead_event_01905.csv,857778d1242fa88f8f7614c9eda609a3d5aec2fa8df5f9b73fe264a348ded328
C:\Drive E\ICNN_MetaPicker_Curated_STEAD_MATLAB\data\csv_stead_filtered\stead_event_01906.csv,779061f682c05c92281b74bef3581c44b015e7be27c0c6ccd0b1a1d8daf57247
C:\Drive E\ICNN_MetaPicker_Curated_STEAD_MATLAB\data\csv_stead_filtered\stead_event_01907.csv,721d52ff79a521577376c7702be0b0901b7b6a4d5cef0976992321bcc66368f6
C:\Drive E\ICNN_MetaPicker_Curated_STEAD_MATLAB\data\csv_stead_filtered\stead_event_01908.csv,ed86f9bac3a707eaad25b46a375f2b89780fd219d82d653b47d675da7caba1eb
C:\Drive E\ICNN_MetaPicker_Curated_STEAD_MATLAB\data\csv_stead_filtered\stead_event_01909.csv,fa09ec9db655685350864743acaa2ad21c5960ed65a3c1e6c10156c7b1129e93
C:\Drive E\ICNN_MetaPicker_Curated_STEAD_MATLAB\data\csv_stead_filtered\stead_event_01910.csv,9927908d3696d51354be9aeaba1a07eb743ef5c9376c8f4524a7a46421e43c89
C:\Drive E\ICNN_MetaPicker_Curated_STEAD_MATLAB\data\csv_stead_filtered\stead_event_01911.csv,55e2300aeff1b0068035367b8898551baf800cc43b714031775acbf0f7437071
C:\Drive E\ICNN_MetaPicker_Curated_STEAD_MATLAB\data\csv_stead_filtered\stead_event_01912.csv,3b5c94b469cd7084499861d1300e29b1c4a917d1fee538b6a1da6d48ce7ced71
C:\Drive E\ICNN_MetaPicker_Curated_STEAD_MATLAB\data\csv_stead_filtered\stead_event_01913.csv,bd78e978bcfdcaa52374bafc9e88fa4f4deb0961e76f22c5afa530cda99a5079
C:\Drive E\ICNN_MetaPicker_Curated_STEAD_MATLAB\data\csv_stead_filtered\stead_event_01914.csv,698381c7dca71d458c578d13e0edf4020a2d3101935b5d79f7d279840fde9bf2
C:\Drive E\ICNN_MetaPicker_Curated_STEAD_MATLAB\data\csv_stead_filtered\stead_event_01915.csv,8cfdcb5c38a3f43c01ab46a2ca8b382209dd64486c8b66f1ea017d3ce384a37c
C:\Drive E\ICNN_MetaPicker_Curated_STEAD_MATLAB\data\csv_stead_filtered\stead_event_01916.csv,be379c8fb2afcdf2b7289e6f4d5a9b85159ecdce2df63b69ac43b0113762f0fc
C:\Drive E\ICNN_MetaPicker_Curated_STEAD_MATLAB\data\csv_stead_filtered\stead_event_01917.csv,e1e26de4c1d7ac5e2415bd61d32764d0a09288c5f871ea06d5d3e31b2f2709fc
C:\Drive E\ICNN_MetaPicker_Curated_STEAD_MATLAB\data\csv_stead_filtered\stead_event_01918.csv,54e3f659fecd754d5aca41162dd47aa653c6496ede0d1856b50e7900d3770c58
C:\Drive E\ICNN_MetaPicker_Curated_STEAD_MATLAB\data\csv_stead_filtered\stead_event_01919.csv,92682f9795cd515eed12d824d50af9325be52e1e780fcfc76937fe74bc2937a8
C:\Drive E\ICNN_MetaPicker_Curated_STEAD_MATLAB\data\csv_stead_filtered\stead_event_01920.csv,f0b5198765b3cd603814e36409926afe905aea3965beac7ac024ca9d6d2795e1
C:\Drive E\ICNN_MetaPicker_Curated_STEAD_MATLAB\data\csv_stead_filtered\stead_event_01921.csv,96bdc7decc0f783d758a126731dfcfffecf510830cd4c25151eac760c026d0bd
C:\Drive E\ICNN_MetaPicker_Curated_STEAD_MATLAB\data\csv_stead_filtered\stead_event_01922.csv,31b9351ed6f2666c96a0031db421daed61dd2ff616a73196a4d5e6c5e17088d8
C:\Drive E\ICNN_MetaPicker_Curated_STEAD_MATLAB\data\csv_stead_filtered\stead_event_01923.csv,dee70fcc27dc4c91f9f2c94e1f1c13e3ee66612474ea643a34195114b74fd978
C:\Drive E\ICNN_MetaPicker_Curated_STEAD_MATLAB\data\csv_stead_filtered\stead_event_01924.csv,46a926fdc359c61c84beb1451381d18b94366aa941219d50cd7f1306e1ba9e59
C:\Drive E\ICNN_MetaPicker_Curated_STEAD_MATLAB\data\csv_stead_filtered\stead_event_01925.csv,5f5a0b77e74180af7703115d08ee075aa52debb870761b94fc41893b08ee0fae
C:\Drive E\ICNN_MetaPicker_Curated_STEAD_MATLAB\data\csv_stead_filtered\stead_event_01926.csv,53217e42dadaa7940179ff71ed82a816e11e4dc043cd5ca4bfc53245a64fa27b
C:\Drive E\ICNN_MetaPicker_Curated_STEAD_MATLAB\data\csv_stead_filtered\stead_event_01927.csv,dc8c8d053a4c826e328e2fadcaf392cfcc2bd7c2dc3aa92eaf78d43a15f81c93
C:\Drive E\ICNN_MetaPicker_Curated_STEAD_MATLAB\data\csv_stead_filtered\stead_event_01928.csv,4063a13060cf7b6fe4cb06b6e9c8a37553d5494ce99c37c9aadb0f1b44a9d51c
C:\Drive E\ICNN_MetaPicker_Curated_STEAD_MATLAB\data\csv_stead_filtered\stead_event_01929.csv,c82c4414527dea0e9eaa1d47fe178839f6bf9f73014cdddd91b60b03e1fc05eb
C:\Drive E\ICNN_MetaPicker_Curated_STEAD_MATLAB\data\csv_stead_filtered\stead_event_01930.csv,bfba7c70c157e82b9971042b15887e3944e9113ea856f9c0d1e6bc0e0d316b22
C:\Drive E\ICNN_MetaPicker_Curated_STEAD_MATLAB\data\csv_stead_filtered\stead_event_01931.csv,b7e90a0d07265d81dfca99a7c647e7c33aa7825c14727b120ded1de90f5d9b4b
C:\Drive E\ICNN_MetaPicker_Curated_STEAD_MATLAB\data\csv_stead_filtered\stead_event_01932.csv,6092221b056bba8a027b5d5dedca63a76fa6e32f26da6de4cea12417550c1bc7
C:\Drive E\ICNN_MetaPicker_Curated_STEAD_MATLAB\data\csv_stead_filtered\stead_event_01933.csv,156bb860e8bf0e4291b37e0eb731befbab3078a9c88fdb22a06f0f1ef232e106
C:\Drive E\ICNN_MetaPicker_Curated_STEAD_MATLAB\data\csv_stead_filtered\stead_event_01934.csv,c1408b996e54ac3e6b1400fb5b04059d1b17849dc0af1838d217df283545b334
C:\Drive E\ICNN_MetaPicker_Curated_STEAD_MATLAB\data\csv_stead_filtered\stead_event_01935.csv,20d07adf72a4d3873572ed7efbf89e8723639ca2c810b87c68e6dbfcbb61522a
C:\Drive E\ICNN_MetaPicker_Curated_STEAD_MATLAB\data\csv_stead_filtered\stead_event_01936.csv,9329f6b8ff72413ea4e3712026554d18f3b512b2aee568b0d2cbfc9ebf3002f0
C:\Drive E\ICNN_MetaPicker_Curated_STEAD_MATLAB\data\csv_stead_filtered\stead_event_01937.csv,a8ad60d995ca8282fd017fd6bc9789cb1cd145dd900bc70ceb5f21d6479e5d53
C:\Drive E\ICNN_MetaPicker_Curated_STEAD_MATLAB\data\csv_stead_filtered\stead_event_01938.csv,ba58c83c7cbef6266263fdca0a337c1213c52a2e93c97785fad79aa852c22648
C:\Drive E\ICNN_MetaPicker_Curated_STEAD_MATLAB\data\csv_stead_filtered\stead_event_01939.csv,ca2cac856f7b2aded8a7f212b30ff6001a4dae6ceda612b72a32e85ce7e23e83
C:\Drive E\ICNN_MetaPicker_Curated_STEAD_MATLAB\data\csv_stead_filtered\stead_event_01940.csv,de14ebdd5e72500b2e4f34b53be1e08adf54725e8f47b372ee5a0a20d6d20dec
C:\Drive E\ICNN_MetaPicker_Curated_STEAD_MATLAB\data\csv_stead_filtered\stead_event_01941.csv,5d485eb75eb459b679a125408704e9f5fb977b8e5fea163a1659f74aa1a92156
C:\Drive E\ICNN_MetaPicker_Curated_STEAD_MATLAB\data\csv_stead_filtered\stead_event_01942.csv,801582051887f43a5f7057a99b604b22e34f1a6ce59abddf213596ff06bf246a
C:\Drive E\ICNN_MetaPicker_Curated_STEAD_MATLAB\data\csv_stead_filtered\stead_event_01943.csv,4d3c30aca4a4c2f8109fc7d667984f6a2d1430defa954d952c36d75cf8df1c78
C:\Drive E\ICNN_MetaPicker_Curated_STEAD_MATLAB\data\csv_stead_filtered\stead_event_01944.csv,012d98ff3e89de923a3162f620470bd2d66674db508a88755dadfe9db15de84c
C:\Drive E\ICNN_MetaPicker_Curated_STEAD_MATLAB\data\csv_stead_filtered\stead_event_01945.csv,3af730be6d9247e8d06019978147c1a4e68a5b0bc23f1d587b5fc455bd0ac19d
C:\Drive E\ICNN_MetaPicker_Curated_STEAD_MATLAB\data\csv_stead_filtered\stead_event_01946.csv,a22f1ad71e2170943bcbbef65f9dea80e5e0ea09a4a8dcc41c33d28b01d7e439
C:\Drive E\ICNN_MetaPicker_Curated_STEAD_MATLAB\data\csv_stead_filtered\stead_event_01947.csv,afe40f00fcfda9c1097352f3b935cd6b0b9d165691bec499e648f317d2240706
C:\Drive E\ICNN_MetaPicker_Curated_STEAD_MATLAB\data\csv_stead_filtered\stead_event_01948.csv,9fb48fd71d9046ce7f4ee17550ab72c2d9068c2f4737f61db86a27f15335a745
C:\Drive E\ICNN_MetaPicker_Curated_STEAD_MATLAB\data\csv_stead_filtered\stead_event_01949.csv,e3aa3aad15081b5d549e34a8117189957ddf88e73aba8af8d2eccb5191b1d1f2
C:\Drive E\ICNN_MetaPicker_Curated_STEAD_MATLAB\data\csv_stead_filtered\stead_event_01950.csv,3624223488f5edb0554522621e277d323346ba183efaf911b01153c2c25591b4
C:\Drive E\ICNN_MetaPicker_Curated_STEAD_MATLAB\data\csv_stead_filtered\stead_event_01951.csv,56f4ea7a0f5d7711e3137565e551e4f83790cadb3c05118f8dde3049cd90e256
C:\Drive E\ICNN_MetaPicker_Curated_STEAD_MATLAB\data\csv_stead_filtered\stead_event_01952.csv,639a1e06ca8392f1ccea1f06f740014097a9d3d2a9bd836832a8e2d3417cf278
C:\Drive E\ICNN_MetaPicker_Curated_STEAD_MATLAB\data\csv_stead_filtered\stead_event_01953.csv,d9cb8e765d83e8f381d0f5cc59be02c3afd53f3e5b30a4e1185b9312f4c30b84
C:\Drive E\ICNN_MetaPicker_Curated_STEAD_MATLAB\data\csv_stead_filtered\stead_event_01954.csv,bfc29594beeec6a170be73bd75b6cef6e6744e0a9d140f30ca97427713b76f59
C:\Drive E\ICNN_MetaPicker_Curated_STEAD_MATLAB\data\csv_stead_filtered\stead_event_01955.csv,2842acd9f756e943dd2d028e33af3d4a87c58c426b2b9a30a2301f20d0ebf30d
C:\Drive E\ICNN_MetaPicker_Curated_STEAD_MATLAB\data\csv_stead_filtered\stead_event_01956.csv,98326b79d6b82f59eedd9e0a5d25ac0d369dc56c1ef456c1fae3fad6df962db7
C:\Drive E\ICNN_MetaPicker_Curated_STEAD_MATLAB\data\csv_stead_filtered\stead_event_01957.csv,178251a114fd19bc709369bc2ca88d26d3d6832432e58ed54062a38340a44e9f
C:\Drive E\ICNN_MetaPicker_Curated_STEAD_MATLAB\data\csv_stead_filtered\stead_event_01958.csv,d9ce7b0399177a825f7b5e8d35706ddb2e9acd770373a07ee303d378bf833876
C:\Drive E\ICNN_MetaPicker_Curated_STEAD_MATLAB\data\csv_stead_filtered\stead_event_01959.csv,8c94a12c9120a0e58a0531a4fd0c106ecbdd1a3cccaeccdd56e7638397b81e1d
C:\Drive E\ICNN_MetaPicker_Curated_STEAD_MATLAB\data\csv_stead_filtered\stead_event_01960.csv,a428dc66f71bcff622bf52eda232634a6aac5451102fb29e7720dd4b0b5952b1
C:\Drive E\ICNN_MetaPicker_Curated_STEAD_MATLAB\data\csv_stead_filtered\stead_event_01961.csv,edcaba8ed4159a830e0d6b5a15ccdd54b45f2e04ae22e7205861e00fdc20edce
C:\Drive E\ICNN_MetaPicker_Curated_STEAD_MATLAB\data\csv_stead_filtered\stead_event_01962.csv,85d43daddd5c088a24d1efabd67e1ed221c20540d46e0e8b8e94f38ae315b5f8
C:\Drive E\ICNN_MetaPicker_Curated_STEAD_MATLAB\data\csv_stead_filtered\stead_event_01963.csv,1c3a89603f13cfb310d80f8fd723108074a318a5bf76c0c220b344b7a3a3992e
C:\Drive E\ICNN_MetaPicker_Curated_STEAD_MATLAB\data\csv_stead_filtered\stead_event_01964.csv,12e873207731571c876e6c89a7583899559b71e7953431296ff59c5cef81d3a9
C:\Drive E\ICNN_MetaPicker_Curated_STEAD_MATLAB\data\csv_stead_filtered\stead_event_01965.csv,f43ba366a6c7ce24273f11fa20321f6537137674772743bdb963ede8bf5becb6
C:\Drive E\ICNN_MetaPicker_Curated_STEAD_MATLAB\data\csv_stead_filtered\stead_event_01966.csv,a27a36a1ecc2d44f1499ec899796c0e9325362e71c8653fe5f86d315230d8215
C:\Drive E\ICNN_MetaPicker_Curated_STEAD_MATLAB\data\csv_stead_filtered\stead_event_01967.csv,287ca21cfc038db7b58235017014efde1dcac56813f7c1a61aac3012348e99c9
C:\Drive E\ICNN_MetaPicker_Curated_STEAD_MATLAB\data\csv_stead_filtered\stead_event_01968.csv,e16c8a6bfd8c71ccd589b350088308cacc8eadd77efa5740327f0daf53f5793f
C:\Drive E\ICNN_MetaPicker_Curated_STEAD_MATLAB\data\csv_stead_filtered\stead_event_01969.csv,e80bb83472b100b791d8e2accd7d70e664f687aec93507c699f4ff5c51b65cea
C:\Drive E\ICNN_MetaPicker_Curated_STEAD_MATLAB\data\csv_stead_filtered\stead_event_01970.csv,8c77d060a228f6f305eca0a5609aaa577814d3a1fd13699928d1690b314524de
C:\Drive E\ICNN_MetaPicker_Curated_STEAD_MATLAB\data\csv_stead_filtered\stead_event_01971.csv,74f3fa09a8b6c7ba66a9e86407d61f4df22ec38e6bfc6a40b7352d061a20bbac
C:\Drive E\ICNN_MetaPicker_Curated_STEAD_MATLAB\data\csv_stead_filtered\stead_event_01972.csv,df70cabf2f63d7432fdbcbe7bce180db1a9b21ad390c6c9fa7b39bf3e9975f80
C:\Drive E\ICNN_MetaPicker_Curated_STEAD_MATLAB\data\csv_stead_filtered\stead_event_01973.csv,a81e200292d1b768aac4b14c62207a900861e54f9d16ca379c3c2fd4b3dde6fc
C:\Drive E\ICNN_MetaPicker_Curated_STEAD_MATLAB\data\csv_stead_filtered\stead_event_01974.csv,0960f882737e71873b12b13c617a690d97ea335052a2fe4a072e2a3026c1cd0f
C:\Drive E\ICNN_MetaPicker_Curated_STEAD_MATLAB\data\csv_stead_filtered\stead_event_01975.csv,2b6820ccda044fdfe8ea5e4b9164ce2db5006b2dad767e00109274bf66d17374
C:\Drive E\ICNN_MetaPicker_Curated_STEAD_MATLAB\data\csv_stead_filtered\stead_event_01976.csv,251751a4e467fd16305ed87cc41e643fa30d731008781dda1fd6d44700a65e8d
C:\Drive E\ICNN_MetaPicker_Curated_STEAD_MATLAB\data\csv_stead_filtered\stead_event_01977.csv,37a1301903319508b687f4b10d015e8d00869dd7d548447b2d0728fec24508fc
C:\Drive E\ICNN_MetaPicker_Curated_STEAD_MATLAB\data\csv_stead_filtered\stead_event_01978.csv,dcca4b6ed2289b76680459e55190920600c242812a29015362664ca2358694d6
C:\Drive E\ICNN_MetaPicker_Curated_STEAD_MATLAB\data\csv_stead_filtered\stead_event_01979.csv,62c1bce6d0559844083a140463d730419f115f1c2087e2e962628598fc7afcde
C:\Drive E\ICNN_MetaPicker_Curated_STEAD_MATLAB\data\csv_stead_filtered\stead_event_01980.csv,9ad2629b8ddd2425bb20f26e459cbc398cbd963cac5775944fc8672b94b3c762
C:\Drive E\ICNN_MetaPicker_Curated_STEAD_MATLAB\data\csv_stead_filtered\stead_event_01981.csv,d06a6f93e100f75d8b8441526dcc609b708caebdff34c203223f5d75152440db
C:\Drive E\ICNN_MetaPicker_Curated_STEAD_MATLAB\data\csv_stead_filtered\stead_event_01982.csv,efca7c99e90945ddea476f7e0516c9c01321469beb46692bcb9a426f4680a564
C:\Drive E\ICNN_MetaPicker_Curated_STEAD_MATLAB\data\csv_stead_filtered\stead_event_01983.csv,00cf7cccedda7f319279fca1aab394ea4f2646eb145dfa443090bd3312cf0ee0
C:\Drive E\ICNN_MetaPicker_Curated_STEAD_MATLAB\data\csv_stead_filtered\stead_event_01984.csv,4b1ba676831ced8706e4d9ef07ba387bd8fdd8ed715ea61eb90f333818d09a76
C:\Drive E\ICNN_MetaPicker_Curated_STEAD_MATLAB\data\csv_stead_filtered\stead_event_01985.csv,02aa9d2f64219c28844d6acfd4e6757a6c61b3dd913a366fcd735146a041eeca
C:\Drive E\ICNN_MetaPicker_Curated_STEAD_MATLAB\data\csv_stead_filtered\stead_event_01986.csv,e61cbc082f999d12171d0376a73b76c0180db7b70d62371150bbef4d89fa4085
C:\Drive E\ICNN_MetaPicker_Curated_STEAD_MATLAB\data\csv_stead_filtered\stead_event_01987.csv,52d6f0d3570a3d583c6f325b0e3954736db3857e35ca4c5860d18aa17b9820d4
C:\Drive E\ICNN_MetaPicker_Curated_STEAD_MATLAB\data\csv_stead_filtered\stead_event_01988.csv,da7c79a498647ff8589c02b21f533a010a8003f7451e09f57ffb9f3f40384f1f
C:\Drive E\ICNN_MetaPicker_Curated_STEAD_MATLAB\data\csv_stead_filtered\stead_event_01989.csv,15a452f6ac8e945027d4dcbb5df2a58f1033048f9bf5fa6d48c83e4fddcb0101
C:\Drive E\ICNN_MetaPicker_Curated_STEAD_MATLAB\data\csv_stead_filtered\stead_event_01990.csv,e1aaf70f52cb09acce8f8c87bd57474b38c9cebcc83e9fe19f55912011b6ef98
C:\Drive E\ICNN_MetaPicker_Curated_STEAD_MATLAB\data\csv_stead_filtered\stead_event_01991.csv,ff79b5d46af08da48fbdd80fec345e7965ea3ee33e7badfa0e92885c800190ff
C:\Drive E\ICNN_MetaPicker_Curated_STEAD_MATLAB\data\csv_stead_filtered\stead_event_01992.csv,f398ac6b93e51fd1b108d8de4dc01d17132ced86da2c94f9fa0c342ebc2303bb
C:\Drive E\ICNN_MetaPicker_Curated_STEAD_MATLAB\data\csv_stead_filtered\stead_event_01993.csv,8ed5f4c8d47655e49f3abaef2fcf72d9e62cde43371ff085e2faa6ea4a51c90b
C:\Drive E\ICNN_MetaPicker_Curated_STEAD_MATLAB\data\csv_stead_filtered\stead_event_01994.csv,790aa36c0973277efcd2cc5a5a8e7847f1688c438180c04c51d63858f1c0609d
C:\Drive E\ICNN_MetaPicker_Curated_STEAD_MATLAB\data\csv_stead_filtered\stead_event_01995.csv,e43df6a3172fdb34509aec70f08da30a664b7e3614197ee59d5ad568a1774620
C:\Drive E\ICNN_MetaPicker_Curated_STEAD_MATLAB\data\csv_stead_filtered\stead_event_01996.csv,a44ab6c8c0331d14389fd919a901723724cd74451b7d0d0bbc17cdd3b79ccd68
C:\Drive E\ICNN_MetaPicker_Curated_STEAD_MATLAB\data\csv_stead_filtered\stead_event_01997.csv,382fb222a0cf26bbb3e420bbd73633f8ada31d97b74d9eb285da62813a111f69
C:\Drive E\ICNN_MetaPicker_Curated_STEAD_MATLAB\data\csv_stead_filtered\stead_event_01998.csv,21fe32a13c1822a6107f8597ad6c8bf8db12d523836387a3f88b851394781d3d
C:\Drive E\ICNN_MetaPicker_Curated_STEAD_MATLAB\data\csv_stead_filtered\stead_event_01999.csv,f4ec02b9b9ab692f93a97eb23d73c5eebcd90a5ec454a195e7e4a9e261884201
C:\Drive E\ICNN_MetaPicker_Curated_STEAD_MATLAB\data\csv_stead_filtered\stead_event_02000.csv,39b23475971815fce9adf4078bea10676a28ebaaed7241b398a261e4babda8dc
C:\Drive E\ICNN_MetaPicker_Curated_STEAD_MATLAB\data\csv_stead_filtered\stead_event_02001.csv,c1827aeed117d2a2592ff33a7b53e850a0a467d1d0b1eff6f63bf2e34063bc81
C:\Drive E\ICNN_MetaPicker_Curated_STEAD_MATLAB\data\csv_stead_filtered\stead_event_02002.csv,aa9d7a82904b16f8649744d72470f615d310cdea2b7a798d387b91ff0806223f
C:\Drive E\ICNN_MetaPicker_Curated_STEAD_MATLAB\data\csv_stead_filtered\stead_event_02003.csv,fd60a2c8c493bc1596d864e5387982b5fd0733aa88d8510ab49adc328e9db602
C:\Drive E\ICNN_MetaPicker_Curated_STEAD_MATLAB\data\csv_stead_filtered\stead_event_02004.csv,e10eebe8b2de7b41ad1f1a77a7c1eed1e58114718df84da0cb640f6fae8e9865
C:\Drive E\ICNN_MetaPicker_Curated_STEAD_MATLAB\data\csv_stead_filtered\stead_event_02005.csv,2ab0c8a8501fe1133e9da26f6d9d562133d42b567024db400d700d7d58f52e65
C:\Drive E\ICNN_MetaPicker_Curated_STEAD_MATLAB\data\csv_stead_filtered\stead_event_02006.csv,b208a9b1199cacca5e8a3dafffcabd4aa43bae97553ca6e071513b15b17aed42
C:\Drive E\ICNN_MetaPicker_Curated_STEAD_MATLAB\data\csv_stead_filtered\stead_event_02007.csv,91fec716096e5bd11df94eddb5a9731c2f5e3857adfafa3b216ad05ae6634650
C:\Drive E\ICNN_MetaPicker_Curated_STEAD_MATLAB\data\csv_stead_filtered\stead_event_02008.csv,fa6f089303269aaf0728d708a109d6dd5f043c98682cae5d4a03bc787cd8a5e6
C:\Drive E\ICNN_MetaPicker_Curated_STEAD_MATLAB\data\csv_stead_filtered\stead_event_02009.csv,ba2895ad490661f40b1e7cd06add7e0fd0990011f6f701c34fda8715e1f5d4f5
C:\Drive E\ICNN_MetaPicker_Curated_STEAD_MATLAB\data\csv_stead_filtered\stead_event_02010.csv,4c283ceee1657b48ffeecde5fe25f90b57eeab0c766eb743abcc6358187ac2f9
C:\Drive E\ICNN_MetaPicker_Curated_STEAD_MATLAB\data\csv_stead_filtered\stead_event_02011.csv,9351f441ca4eb019ef31cc9304bc92220a6b75bb05588984e05aaefd2c84573d
C:\Drive E\ICNN_MetaPicker_Curated_STEAD_MATLAB\data\csv_stead_filtered\stead_event_02012.csv,bd54abbb6e77eb328457f89f20fdd79eb19c5199425e5518f4cfee4fe8e8677e
C:\Drive E\ICNN_MetaPicker_Curated_STEAD_MATLAB\data\csv_stead_filtered\stead_event_02013.csv,72f03044dd6e1080883c3f71a5a5f7202cebfbb438e00aaf8fd672fdd4b06c3b
C:\Drive E\ICNN_MetaPicker_Curated_STEAD_MATLAB\data\csv_stead_filtered\stead_event_02014.csv,1fa1393f0b082d740400854df7d47c4046adc380fd06d4e20b63c566796d34f9
C:\Drive E\ICNN_MetaPicker_Curated_STEAD_MATLAB\data\csv_stead_filtered\stead_event_02015.csv,f4a262f9b518be5b9bd22ed827cd71f0bc26cb059f0148c2a4d7abade6f6f097
C:\Drive E\ICNN_MetaPicker_Curated_STEAD_MATLAB\data\csv_stead_filtered\stead_event_02016.csv,50588454be9a372e4756d56d2702bf13c41b3fd1ef0268e70ed44b62de7e61d8
C:\Drive E\ICNN_MetaPicker_Curated_STEAD_MATLAB\data\csv_stead_filtered\stead_event_02017.csv,ea2cffb72cb7caf44b4000b4986d6b66188d9b0fd4ba5f1e768703271ca8eca9
C:\Drive E\ICNN_MetaPicker_Curated_STEAD_MATLAB\data\csv_stead_filtered\stead_event_02018.csv,20457c443478e9a8e28104381b8886beed975eacb011a9ea6dc1497e386d5205
C:\Drive E\ICNN_MetaPicker_Curated_STEAD_MATLAB\data\csv_stead_filtered\stead_event_02019.csv,21857371cc0f2fb68fe73a7ea73adb645b358a3c946868fe0879282ea93702d0
C:\Drive E\ICNN_MetaPicker_Curated_STEAD_MATLAB\data\csv_stead_filtered\stead_event_02020.csv,311a77c8556c7b6a6e43ff82d132c262c751b0dd2ded8040bcb14aa625bd9580
C:\Drive E\ICNN_MetaPicker_Curated_STEAD_MATLAB\data\csv_stead_filtered\stead_event_02021.csv,c6a0c8ee180ed037c3e8d96d457e81038b4d14169a5faeee02ff1f7f02dbb3de
C:\Drive E\ICNN_MetaPicker_Curated_STEAD_MATLAB\data\csv_stead_filtered\stead_event_02022.csv,bde85b908210aeb45110b86374a70bdcfdc47ef1c9c4983f7d4e9525e39b20bf
C:\Drive E\ICNN_MetaPicker_Curated_STEAD_MATLAB\data\csv_stead_filtered\stead_event_02023.csv,4a72c90b8ca806ce19cf16d0aefa96112a94ea3a10022df174dbe59891d55f54
C:\Drive E\ICNN_MetaPicker_Curated_STEAD_MATLAB\data\csv_stead_filtered\stead_event_02024.csv,447bdf817a068f5f0ba65d864a083ca157eba875892d75ecf091302337fe5c26
C:\Drive E\ICNN_MetaPicker_Curated_STEAD_MATLAB\data\csv_stead_filtered\stead_event_02025.csv,75d0f5de2f0da28453a5b4322426cc1bf875fceeabca5c9ae569417e9d349664
C:\Drive E\ICNN_MetaPicker_Curated_STEAD_MATLAB\data\csv_stead_filtered\stead_event_02026.csv,96d9bdd14fd64cae14ee663561078239d21d587807f1f4aa75b24fdc126adf09
C:\Drive E\ICNN_MetaPicker_Curated_STEAD_MATLAB\data\csv_stead_filtered\stead_event_02027.csv,78c81f4a2974c872fc61503f06ab762ba78016712d02e3e6677f1f46f95acf47
C:\Drive E\ICNN_MetaPicker_Curated_STEAD_MATLAB\data\csv_stead_filtered\stead_event_02028.csv,510722dc52a6a2c9bea547876514f6fbd80ea1afc003b8995c5c30e2716aa94e
C:\Drive E\ICNN_MetaPicker_Curated_STEAD_MATLAB\data\csv_stead_filtered\stead_event_02029.csv,525f44b35d09ecce6e3a114d3e57b2efe368867bbcdc3fcb415fc3de9d1bbe19
C:\Drive E\ICNN_MetaPicker_Curated_STEAD_MATLAB\data\csv_stead_filtered\stead_event_02030.csv,0ff67297cd65f4c0385d6a70960b0d07c52d9e87145f31e78eff846de2ef97e6
C:\Drive E\ICNN_MetaPicker_Curated_STEAD_MATLAB\data\csv_stead_filtered\stead_event_02031.csv,7fcefd380181188d601d50cdd4b200d0507954f81c31583e12932f48e54e2769
C:\Drive E\ICNN_MetaPicker_Curated_STEAD_MATLAB\data\csv_stead_filtered\stead_event_02032.csv,1bee4ae6edbd011c6b7e4f85c52e4764e2a07471553c15cafb01f07703f8db8a
C:\Drive E\ICNN_MetaPicker_Curated_STEAD_MATLAB\data\csv_stead_filtered\stead_event_02033.csv,b383c5b05e6c0e623b49cee6114ddffd50cb120002e04e62bdac87f45461b48c
C:\Drive E\ICNN_MetaPicker_Curated_STEAD_MATLAB\data\csv_stead_filtered\stead_event_02034.csv,b1355e6d2dfc6a79a451d2dc34db274ff88745231e8e6f7251891fb50471a273
C:\Drive E\ICNN_MetaPicker_Curated_STEAD_MATLAB\data\csv_stead_filtered\stead_event_02035.csv,93dbe8d00dc5d591a5dcf0e6c9f4fd8b149b63d3b031f3f9d10c235d677667f0
C:\Drive E\ICNN_MetaPicker_Curated_STEAD_MATLAB\data\csv_stead_filtered\stead_event_02036.csv,39e9882171a4f5cb7b2c273cd17989937eff6c35eaa9893d041ba6798947d8d5
C:\Drive E\ICNN_MetaPicker_Curated_STEAD_MATLAB\data\csv_stead_filtered\stead_event_02037.csv,a907b97c180c8dbef409324921f31b27429db43c29ba7e187d95ca5dce935390
C:\Drive E\ICNN_MetaPicker_Curated_STEAD_MATLAB\data\csv_stead_filtered\stead_event_02038.csv,3ba7868faa0dd82d98768691addc7f5d87ad7c6743817ab356e6329b5b7bccfd
C:\Drive E\ICNN_MetaPicker_Curated_STEAD_MATLAB\data\csv_stead_filtered\stead_event_02039.csv,6a365c9bcc7e77bc62412e30fd61ac56e88f415cdc259a54cc6d0f1c8bbcbe25
C:\Drive E\ICNN_MetaPicker_Curated_STEAD_MATLAB\data\csv_stead_filtered\stead_event_02040.csv,b27f7dba4b9200cb4c78385ff29d85d28004f5b9412b51ddff4901fefa0ea73e
C:\Drive E\ICNN_MetaPicker_Curated_STEAD_MATLAB\data\csv_stead_filtered\stead_event_02041.csv,83e95eb3172ed7dc9e89469b51fa7530efbe9c8070f5cd3af52563430fa668fc
C:\Drive E\ICNN_MetaPicker_Curated_STEAD_MATLAB\data\csv_stead_filtered\stead_event_02042.csv,5ba93ff04fb86419d870726b42c861e9aa3ac3f3857fc52c56981425e9c72edd
C:\Drive E\ICNN_MetaPicker_Curated_STEAD_MATLAB\data\csv_stead_filtered\stead_event_02043.csv,8b759dfff48e8c11ad468c90ad02303d2fe5785c7bad5698c353b2528276b145
C:\Drive E\ICNN_MetaPicker_Curated_STEAD_MATLAB\data\csv_stead_filtered\stead_event_02044.csv,63f1e83a7a1adcd6fec7c91fc7cc9d1efc1a2ad12d710e8483bde239bad5db35
C:\Drive E\ICNN_MetaPicker_Curated_STEAD_MATLAB\data\csv_stead_filtered\stead_event_02045.csv,87f3c592882252651f1f96c4289aa07e9a6daf3dba39b69cfdea23c60c1669d9
C:\Drive E\ICNN_MetaPicker_Curated_STEAD_MATLAB\data\csv_stead_filtered\stead_event_02046.csv,ec647abe1987552d2751a725970d070aba92b8d44a8c0137a3262e80d094c34d
C:\Drive E\ICNN_MetaPicker_Curated_STEAD_MATLAB\data\csv_stead_filtered\stead_event_02047.csv,4bff3e21d1d307479c17bacc0a7477d5bf1010e83c88e84104d8c1e5e930bac6
C:\Drive E\ICNN_MetaPicker_Curated_STEAD_MATLAB\data\csv_stead_filtered\stead_event_02048.csv,3313066b0e5558880a6ac23af06106100b43b09db8190a3fac09cac0428aa515
C:\Drive E\ICNN_MetaPicker_Curated_STEAD_MATLAB\data\csv_stead_filtered\stead_event_02049.csv,89277edc434476fbc81a704a2b3b4adc165b940fe8388ccfb6cb9b7419c893ea
C:\Drive E\ICNN_MetaPicker_Curated_STEAD_MATLAB\data\csv_stead_filtered\stead_event_02050.csv,4d181e928600b811803308a7defc2167173f69fc642b0610167d70237905f35f
C:\Drive E\ICNN_MetaPicker_Curated_STEAD_MATLAB\data\csv_stead_filtered\stead_event_02051.csv,f3ea1d9f5b221e74781c8b5ade68943425cda25e2a1dba297377077067bf6bdf
C:\Drive E\ICNN_MetaPicker_Curated_STEAD_MATLAB\data\csv_stead_filtered\stead_event_02052.csv,54e65ded48842ad666fa8f355f8d3f2b33e7ad33d32673768b9dcf180ba6cad7
C:\Drive E\ICNN_MetaPicker_Curated_STEAD_MATLAB\data\csv_stead_filtered\stead_event_02053.csv,28081df2f4859f61fb9c0023d68eb9c9c63f9505d61e14c295c7061ce6cadaff
C:\Drive E\ICNN_MetaPicker_Curated_STEAD_MATLAB\data\csv_stead_filtered\stead_event_02054.csv,c5f7809e7d3422d1bf5e3b568c4a08d0b650665a7844032aeb18fd7d067bf553
C:\Drive E\ICNN_MetaPicker_Curated_STEAD_MATLAB\data\csv_stead_filtered\stead_event_02055.csv,817208124c2cafd6b24ae6d3461e6c04c5d1720a969afc0248442e2615913b5d
C:\Drive E\ICNN_MetaPicker_Curated_STEAD_MATLAB\data\csv_stead_filtered\stead_event_02056.csv,c73c5e51f9ba16d7b2e63a7933bbe5917eb5ba869384352511fdab33f9333085
C:\Drive E\ICNN_MetaPicker_Curated_STEAD_MATLAB\data\csv_stead_filtered\stead_event_02057.csv,92302e69f4674745fa12d43c99f9d9b49f3dfc981ad03294ce40aeedabb8eda5
C:\Drive E\ICNN_MetaPicker_Curated_STEAD_MATLAB\data\csv_stead_filtered\stead_event_02058.csv,40f6b88b3d97c6e7ac68438341a60583842c3364d459ea3b05167bb674e61479
C:\Drive E\ICNN_MetaPicker_Curated_STEAD_MATLAB\data\csv_stead_filtered\stead_event_02059.csv,b95767f1c380b8ae847c58d6c836b6e8a351bf76fbbbf62e98cf9be2ed535001
C:\Drive E\ICNN_MetaPicker_Curated_STEAD_MATLAB\data\csv_stead_filtered\stead_event_02060.csv,3f0240d4b841b7e778ae4e0ae7774737350f6f25e0cd6d5cb163803df49b502b
C:\Drive E\ICNN_MetaPicker_Curated_STEAD_MATLAB\data\csv_stead_filtered\stead_event_02061.csv,4716c9e086313640f879c508b48c421925bef28556643683574862bbddac833a
C:\Drive E\ICNN_MetaPicker_Curated_STEAD_MATLAB\data\csv_stead_filtered\stead_event_02062.csv,9e48d4f9280eb7c522577d8a47fd1b7a09207e6bdaebd4dfda1a51aeb080f7db
C:\Drive E\ICNN_MetaPicker_Curated_STEAD_MATLAB\data\csv_stead_filtered\stead_event_02063.csv,97ee437ac36fc6333dd63051927cc53a912e62236cf29b991daa0ac7b91f3f51
C:\Drive E\ICNN_MetaPicker_Curated_STEAD_MATLAB\data\csv_stead_filtered\stead_event_02064.csv,a0af83843568f734a92f43c45f1695f63d8f4fdf5f2ef9e0fc2d55dce69af509
C:\Drive E\ICNN_MetaPicker_Curated_STEAD_MATLAB\data\csv_stead_filtered\stead_event_02065.csv,74ae115006b695d4f5b74c005c783e9f12a697930f3d8642b44f48f3269e1fa5
C:\Drive E\ICNN_MetaPicker_Curated_STEAD_MATLAB\data\csv_stead_filtered\stead_event_02066.csv,7ee4f79263f6559ed86c7cba7d004864e9d1ec1d926f5ec917dc64a76f0b3890
C:\Drive E\ICNN_MetaPicker_Curated_STEAD_MATLAB\data\csv_stead_filtered\stead_event_02067.csv,a10cdfdcb22e114d45b7b47aab68583fdc1d4a0cdd4a6c77d9265410a59cb714
C:\Drive E\ICNN_MetaPicker_Curated_STEAD_MATLAB\data\csv_stead_filtered\stead_event_02068.csv,2939d987022839ad387431f7e12b786fec74190d515ee38cea8239a6fed025b4
C:\Drive E\ICNN_MetaPicker_Curated_STEAD_MATLAB\data\csv_stead_filtered\stead_event_02069.csv,33021794ddfeea88a20fcd3e042ea2f02970a75bb755c329e87053282b929efc
C:\Drive E\ICNN_MetaPicker_Curated_STEAD_MATLAB\data\csv_stead_filtered\stead_event_02070.csv,e6be8d466c9535cb1d3373be5e87d407a6154ceb5c88809a9fc7422ca0d40528
C:\Drive E\ICNN_MetaPicker_Curated_STEAD_MATLAB\data\csv_stead_filtered\stead_event_02071.csv,15258ceb72bb58ed4a1c4b6fdbd7a770a9d209586ed67e715bff07e700a9a650
C:\Drive E\ICNN_MetaPicker_Curated_STEAD_MATLAB\data\csv_stead_filtered\stead_event_02072.csv,e5b4af89889740d3cd85ac75e6b19fee65b527ba6b89a39529e773ca3ed9ecda
C:\Drive E\ICNN_MetaPicker_Curated_STEAD_MATLAB\data\csv_stead_filtered\stead_event_02073.csv,86fbf81a1aed429aae079baeb0eaab39dc1dc80349bbd0462cad16d628ce9ae7
C:\Drive E\ICNN_MetaPicker_Curated_STEAD_MATLAB\data\csv_stead_filtered\stead_event_02074.csv,c753180eee5a62d7265da02dd9a9e9003adfefb008a9c241dfb034cad43fff4a
C:\Drive E\ICNN_MetaPicker_Curated_STEAD_MATLAB\data\csv_stead_filtered\stead_event_02075.csv,ac44bc4a6c2409bea747c2e55d102c70b6cbcfcc4d97a18cf688f221c5a1dd30
C:\Drive E\ICNN_MetaPicker_Curated_STEAD_MATLAB\data\csv_stead_filtered\stead_event_02076.csv,c85ea526166f5d33b20ab2aa9f0d9fd4223c7b25960076795694d08a4b04db9d
C:\Drive E\ICNN_MetaPicker_Curated_STEAD_MATLAB\data\csv_stead_filtered\stead_event_02077.csv,e0e11577b82622b4440ab14b3bfb0738cd5c73e4599a2ea7478dda55752f22fe
C:\Drive E\ICNN_MetaPicker_Curated_STEAD_MATLAB\data\csv_stead_filtered\stead_event_02078.csv,b5a836c0a5d205dc7fdfa7fa2ee15c73b8db15256ab8e088a5949ebb25423702
C:\Drive E\ICNN_MetaPicker_Curated_STEAD_MATLAB\data\csv_stead_filtered\stead_event_02079.csv,8dbdb4d5036bedd82ccf83591476aabc31d7bfa80c8ef27d78117caea4609969
C:\Drive E\ICNN_MetaPicker_Curated_STEAD_MATLAB\data\csv_stead_filtered\stead_event_02080.csv,2294d6b03c9fb9e03793873200e5b53afcb709d4535c9c318b9599345b8b30cb
C:\Drive E\ICNN_MetaPicker_Curated_STEAD_MATLAB\data\csv_stead_filtered\stead_event_02081.csv,7f2c28ee775070fcaccf24f4a7abc8d8fee32192e9cc77df1225fdaa9c1bd82c
C:\Drive E\ICNN_MetaPicker_Curated_STEAD_MATLAB\data\csv_stead_filtered\stead_event_02082.csv,5b758ab7b44c378d16cc86475546c5e27662e47e5de3576c47c8e0212fa0d987
C:\Drive E\ICNN_MetaPicker_Curated_STEAD_MATLAB\data\csv_stead_filtered\stead_event_02083.csv,a56dbb8299321b090e24042c3f70f91d2d99742103f8f7d53e0c387b7a8bd228
C:\Drive E\ICNN_MetaPicker_Curated_STEAD_MATLAB\data\csv_stead_filtered\stead_event_02084.csv,11f1fb7d0b48461d849f5d908d253e5a38ad8d5cabd833b31387eecaaef5aebc
C:\Drive E\ICNN_MetaPicker_Curated_STEAD_MATLAB\data\csv_stead_filtered\stead_event_02085.csv,08ecd90a43c25fad6bed039de35322032306e2e6f884f13beac0bce670ae3787
C:\Drive E\ICNN_MetaPicker_Curated_STEAD_MATLAB\data\csv_stead_filtered\stead_event_02086.csv,d85e0aa002573a6f46212fd774708f55384d85d70e30684b6cf19fa37eace5c9
C:\Drive E\ICNN_MetaPicker_Curated_STEAD_MATLAB\data\csv_stead_filtered\stead_event_02087.csv,4d1770533f38e4de7a4e85dfa05249e8be3bda6e078521194f97efd30681a846
C:\Drive E\ICNN_MetaPicker_Curated_STEAD_MATLAB\data\csv_stead_filtered\stead_event_02088.csv,eb479fea7d14b3143ae8739f898179a148e4d6cbfbd9ea91963326aba4b2c3f4
C:\Drive E\ICNN_MetaPicker_Curated_STEAD_MATLAB\data\csv_stead_filtered\stead_event_02089.csv,3ee480b1c41f7cd85081a214454b088bd0755dd4cb4b88b8026d780e41796a09
C:\Drive E\ICNN_MetaPicker_Curated_STEAD_MATLAB\data\csv_stead_filtered\stead_event_02090.csv,846941312f048d93e24f80e4855f96f4b2b50e7fca282165ac02effb39140876
C:\Drive E\ICNN_MetaPicker_Curated_STEAD_MATLAB\data\csv_stead_filtered\stead_event_02091.csv,4a1b6fcfb80dfdf572ae3cd4f15e1310233f9264dba1098b33c2b2f3f600a0d3
C:\Drive E\ICNN_MetaPicker_Curated_STEAD_MATLAB\data\csv_stead_filtered\stead_event_02092.csv,5b5443c3c691dca23dda844f87cff27fc8d2afd424e50a17aa412a9f8128649c
C:\Drive E\ICNN_MetaPicker_Curated_STEAD_MATLAB\data\csv_stead_filtered\stead_event_02093.csv,b9624bb7106ed51f9e5e279d83022c55504fec869ae3a4c347970e0eb45c4662
C:\Drive E\ICNN_MetaPicker_Curated_STEAD_MATLAB\data\csv_stead_filtered\stead_event_02094.csv,e946a01dfb6f383771d94169a72ef55617612c485b66c703f7ee2f248119d2d5
C:\Drive E\ICNN_MetaPicker_Curated_STEAD_MATLAB\data\csv_stead_filtered\stead_event_02095.csv,f86017fecf371f8cb930ab307d7e76befd144a471886c35626d392c2c170db34
C:\Drive E\ICNN_MetaPicker_Curated_STEAD_MATLAB\data\csv_stead_filtered\stead_event_02096.csv,06bd47098b55e863f23eadf446aeb1f94b2687577dbdb395fd1f6ef23df527c9
C:\Drive E\ICNN_MetaPicker_Curated_STEAD_MATLAB\data\csv_stead_filtered\stead_event_02097.csv,59bfef2753bfbc9c96b1a6d0a7b1ee3f57fbc42b813e049e7e2293b736e2e8b9
C:\Drive E\ICNN_MetaPicker_Curated_STEAD_MATLAB\data\csv_stead_filtered\stead_event_02098.csv,2f2115909a5edc944086895995a5de038a81db936153724ff964e774b3523d55
C:\Drive E\ICNN_MetaPicker_Curated_STEAD_MATLAB\data\csv_stead_filtered\stead_event_02099.csv,0810d5e6a5f39e24f1a8b575b57883a77443797b168f43c46bb8f92afc68ab27
C:\Drive E\ICNN_MetaPicker_Curated_STEAD_MATLAB\data\csv_stead_filtered\stead_event_02100.csv,82f3e6bba2a40682b49b9c615f7e49e8014382034680eba508ad9654cd0b1b5a
C:\Drive E\ICNN_MetaPicker_Curated_STEAD_MATLAB\data\csv_stead_filtered\stead_event_02101.csv,9acc4a4627184c165296689133d02a9eeb7875df8db9a611d67f5be859bb300b
C:\Drive E\ICNN_MetaPicker_Curated_STEAD_MATLAB\data\csv_stead_filtered\stead_event_02102.csv,3549bc2c77a98076da25927d4a598d3c8e371852bd7e63eeeb916f38d80db1b7
C:\Drive E\ICNN_MetaPicker_Curated_STEAD_MATLAB\data\csv_stead_filtered\stead_event_02103.csv,992235d4273a8f43d66e7a589dc5a093e7deeb03c3e4587feadc93720b371f89
C:\Drive E\ICNN_MetaPicker_Curated_STEAD_MATLAB\data\csv_stead_filtered\stead_event_02104.csv,f2bfceebf7b9cc892b10be593938c1f4e8c1d9c0fba6e0b6167cba81a68c95ec
C:\Drive E\ICNN_MetaPicker_Curated_STEAD_MATLAB\data\csv_stead_filtered\stead_event_02105.csv,ccdb38208de19427cd250ee8ba7fb583cc16a383f49b5c980e36c54935f11d5c
C:\Drive E\ICNN_MetaPicker_Curated_STEAD_MATLAB\data\csv_stead_filtered\stead_event_02106.csv,35f202e21cad888b52960ed8bb43dd5731bfc0c3d27edd648c6b0d721c232154
C:\Drive E\ICNN_MetaPicker_Curated_STEAD_MATLAB\data\csv_stead_filtered\stead_event_02107.csv,cd1e8c29cb1db912c998e2c8fe855210975af5ba503578fb4cb5e14cc740d48a
C:\Drive E\ICNN_MetaPicker_Curated_STEAD_MATLAB\data\csv_stead_filtered\stead_event_02108.csv,4efe91f625c977146b0ea7022996b66257ff32e1f727c578cd8fd05113085ac0
C:\Drive E\ICNN_MetaPicker_Curated_STEAD_MATLAB\data\csv_stead_filtered\stead_event_02109.csv,0134e39181e737797bf545009027460a138f8c10afc2e6c269842c24f7328731
C:\Drive E\ICNN_MetaPicker_Curated_STEAD_MATLAB\data\csv_stead_filtered\stead_event_02110.csv,9fc60dc8bdb471ce141160cfec83bcbb92ce31b34aea2c7177632fd7fb5b4400
C:\Drive E\ICNN_MetaPicker_Curated_STEAD_MATLAB\data\csv_stead_filtered\stead_event_02111.csv,a8edacd0c61510c3e9a30817a987e7660b102f8b4673c8b838d974ccc3e8bd75
C:\Drive E\ICNN_MetaPicker_Curated_STEAD_MATLAB\data\csv_stead_filtered\stead_event_02112.csv,9eb56d433d9dc05daedcb15b502915e40ff9ca7cd4672c3eadbde234f904be25
C:\Drive E\ICNN_MetaPicker_Curated_STEAD_MATLAB\data\csv_stead_filtered\stead_event_02113.csv,c7c78415446510bb6b896d5430b1449000b59903d18022f6f94878df3c624ad6
C:\Drive E\ICNN_MetaPicker_Curated_STEAD_MATLAB\data\csv_stead_filtered\stead_event_02114.csv,86d936c2872d6cb9a8ef184bad5d260ca469293c7323f30027e46928945bba37
C:\Drive E\ICNN_MetaPicker_Curated_STEAD_MATLAB\data\csv_stead_filtered\stead_event_02115.csv,896b8605183f51efd9b685bbaac5fc341e4b7897a006abefca2ccfc61f92314f
C:\Drive E\ICNN_MetaPicker_Curated_STEAD_MATLAB\data\csv_stead_filtered\stead_event_02116.csv,9bafafcf0ec60ff76969b2f5990176b1fd0ff20e8a01d42d9b45e9634f6dca37
C:\Drive E\ICNN_MetaPicker_Curated_STEAD_MATLAB\data\csv_stead_filtered\stead_event_02117.csv,2b0ccd78f1ac5b863fb5197ac38e9b9f613071eac291720a045a22c75c2cab62
C:\Drive E\ICNN_MetaPicker_Curated_STEAD_MATLAB\data\csv_stead_filtered\stead_event_02118.csv,5a665213177ae685e73efd546934d1c055518d0984b1521c348fef1bb8628766
C:\Drive E\ICNN_MetaPicker_Curated_STEAD_MATLAB\data\csv_stead_filtered\stead_event_02119.csv,5a1270a2b5efc4506ce0cfc5d0c48ed3986ad7406e545529cbc129395e5393f1
C:\Drive E\ICNN_MetaPicker_Curated_STEAD_MATLAB\data\csv_stead_filtered\stead_event_02120.csv,fea526bfbcd2c7632fa96c17d9cec93c6af99522e3a32442b1302cf1006e9d00
C:\Drive E\ICNN_MetaPicker_Curated_STEAD_MATLAB\data\csv_stead_filtered\stead_event_02121.csv,e55acc11c1a44ec158f8fb5a19b71de827533803896395e954bcd48d1a500b3b
C:\Drive E\ICNN_MetaPicker_Curated_STEAD_MATLAB\data\csv_stead_filtered\stead_event_02122.csv,f6d45bf75d53c330779ab46b2311119509bc021cdc88477915c3801ba9f5336d
C:\Drive E\ICNN_MetaPicker_Curated_STEAD_MATLAB\data\csv_stead_filtered\stead_event_02123.csv,a39e17ee66fab2353765b7ef290e6b0b867aaead2409e773439888ae46bd88e5
C:\Drive E\ICNN_MetaPicker_Curated_STEAD_MATLAB\data\csv_stead_filtered\stead_event_02124.csv,3ee636318a927898da5d6b3f2418cf9ee8362b2f9ce4703faed2da45b7ac70df
C:\Drive E\ICNN_MetaPicker_Curated_STEAD_MATLAB\data\csv_stead_filtered\stead_event_02125.csv,df145318766dd3cd8ba69a3f4bdec89f1edef847e9c8ee9a02db19c7adcbc4f4
C:\Drive E\ICNN_MetaPicker_Curated_STEAD_MATLAB\data\csv_stead_filtered\stead_event_02126.csv,31a20140f8ec4b326edd18efaa97ff0822b8b6bb832910857886fdf846f478b1
C:\Drive E\ICNN_MetaPicker_Curated_STEAD_MATLAB\data\csv_stead_filtered\stead_event_02127.csv,04490a004aaeafd7e0d3d837d73948043e0e430def5098f6253f005f78dd0e3d
C:\Drive E\ICNN_MetaPicker_Curated_STEAD_MATLAB\data\csv_stead_filtered\stead_event_02128.csv,ed254e78a14ba1684e6631282f29a21c1279f1fcf377ce2af55491bef19a8982
C:\Drive E\ICNN_MetaPicker_Curated_STEAD_MATLAB\data\csv_stead_filtered\stead_event_02129.csv,acb6dcca93c5dc5da85c2ba92cf52df9c286eefa49ec55a55cde176957fe9a48
C:\Drive E\ICNN_MetaPicker_Curated_STEAD_MATLAB\data\csv_stead_filtered\stead_event_02130.csv,8e2130cb7bcca8c336322bdf19e2b1679abb63b4b3db2ae2739073aca290393a
C:\Drive E\ICNN_MetaPicker_Curated_STEAD_MATLAB\data\csv_stead_filtered\stead_event_02131.csv,567f602fc510b6f8b3d3a1e7acb20ea0003328192bfa61f82e1f656847657ec0
C:\Drive E\ICNN_MetaPicker_Curated_STEAD_MATLAB\data\csv_stead_filtered\stead_event_02132.csv,f578ffc2ef11dabf1a40b6d461e4f2615e656684523deff011b50fb0c53de3e5
C:\Drive E\ICNN_MetaPicker_Curated_STEAD_MATLAB\data\csv_stead_filtered\stead_event_02133.csv,ff90201d39c15785c6119596d25fa91c91d97cce62688c038860b2eabebe6d75
C:\Drive E\ICNN_MetaPicker_Curated_STEAD_MATLAB\data\csv_stead_filtered\stead_event_02134.csv,a83a47b84d72faf86a6f7c98c90c6bbe62ab8c13d965b10b8c3ada1b467e4f8d
C:\Drive E\ICNN_MetaPicker_Curated_STEAD_MATLAB\data\csv_stead_filtered\stead_event_02135.csv,a8d96657f518a0bd5e249e362ec24fa70733047181b4d183451ce1dbfac9837b
C:\Drive E\ICNN_MetaPicker_Curated_STEAD_MATLAB\data\csv_stead_filtered\stead_event_02136.csv,533f6b56792554f74980e42d2ca32642979017a597a60677b5e8ee0447f634d7
C:\Drive E\ICNN_MetaPicker_Curated_STEAD_MATLAB\data\csv_stead_filtered\stead_event_02137.csv,e2a26bc4dc2e7829561cb568df93f74826d924b1eeff5c3dd314869cb5cde772
C:\Drive E\ICNN_MetaPicker_Curated_STEAD_MATLAB\data\csv_stead_filtered\stead_event_02138.csv,0aafa256bcfe42138718a131b0e9ed1ac3918ceb0ee57de15d51ad78a2f0ae78
C:\Drive E\ICNN_MetaPicker_Curated_STEAD_MATLAB\data\csv_stead_filtered\stead_event_02139.csv,54c8658207fd1d06a1f6d7a34521f602f792a1c59bcb092c5e5f4f45debbdcd8
C:\Drive E\ICNN_MetaPicker_Curated_STEAD_MATLAB\data\csv_stead_filtered\stead_event_02140.csv,41ff5e5168fd85dbe8d3eb2edc7b222f7a2d2066eb9bde54e690b00167917662
C:\Drive E\ICNN_MetaPicker_Curated_STEAD_MATLAB\data\csv_stead_filtered\stead_event_02141.csv,19616e368873a3dd806a3b30e21445d6a5d9b50cfda92383e00c9c4566caca5b
C:\Drive E\ICNN_MetaPicker_Curated_STEAD_MATLAB\data\csv_stead_filtered\stead_event_02142.csv,df9bd8deccb159b018d7c11eb7695d7dc310c1a007e757740261e78d1f2c16e7
C:\Drive E\ICNN_MetaPicker_Curated_STEAD_MATLAB\data\csv_stead_filtered\stead_event_02143.csv,174de430b67d226ed38f245eef86f240cec5097a99c5dc0e47d95a1899e52733
C:\Drive E\ICNN_MetaPicker_Curated_STEAD_MATLAB\data\csv_stead_filtered\stead_event_02144.csv,047129958968b138a20b972d5c8d78aa9835c8a68bffe2177c385465cfcc0f1b
C:\Drive E\ICNN_MetaPicker_Curated_STEAD_MATLAB\data\csv_stead_filtered\stead_event_02145.csv,8cb15abc328d6fed02f5ebe73da81b9da58fe747f7631262ee1c06bff5a4c01e
C:\Drive E\ICNN_MetaPicker_Curated_STEAD_MATLAB\data\csv_stead_filtered\stead_event_02146.csv,80d816467ac3f4e8d70f8f2afecd577fea21d3876541398503c60295a9df441f
C:\Drive E\ICNN_MetaPicker_Curated_STEAD_MATLAB\data\csv_stead_filtered\stead_event_02147.csv,2400637b7cd27c8351f80eb44e57759359a50989bd45fa5c0a2fa363c4480933
C:\Drive E\ICNN_MetaPicker_Curated_STEAD_MATLAB\data\csv_stead_filtered\stead_event_02148.csv,a5f62b16e273f39896f6c047695f3ebea1071107f3e6fe2f53483dc5f5291cef
C:\Drive E\ICNN_MetaPicker_Curated_STEAD_MATLAB\data\csv_stead_filtered\stead_event_02149.csv,b53951d8f2fe30efaff18d0826abdc51ce8d743486073cfd815f278071eacd92
C:\Drive E\ICNN_MetaPicker_Curated_STEAD_MATLAB\data\csv_stead_filtered\stead_event_02150.csv,3e796cd15bd1634a8b3c6132eaf7e9b922a266558976b903c11118ee9b0b0a12
C:\Drive E\ICNN_MetaPicker_Curated_STEAD_MATLAB\data\csv_stead_filtered\stead_event_02151.csv,975a07c323efa3c5400c61216bb088946b8978f5771eca6fc2b33dc7a265a965
C:\Drive E\ICNN_MetaPicker_Curated_STEAD_MATLAB\data\csv_stead_filtered\stead_event_02152.csv,412d3b56d1cf130808e76fedae9b57152544a1f77c2413188d108385f98a55ba
C:\Drive E\ICNN_MetaPicker_Curated_STEAD_MATLAB\data\csv_stead_filtered\stead_event_02153.csv,672f6e6707fa6366229a71de91d7462198401b9017a51c6fbc3e1c566adef867
C:\Drive E\ICNN_MetaPicker_Curated_STEAD_MATLAB\data\csv_stead_filtered\stead_event_02154.csv,f00155654a4ab84c74b09582b33d7156576a2c223da050b455106ddac53bcc80
C:\Drive E\ICNN_MetaPicker_Curated_STEAD_MATLAB\data\csv_stead_filtered\stead_event_02155.csv,a320b58ab30297cbbd6edecdbb2c95f79ea6c04379d966abfcfe3fc190461257
C:\Drive E\ICNN_MetaPicker_Curated_STEAD_MATLAB\data\csv_stead_filtered\stead_event_02156.csv,45b46b710b6aff2f0709ffdbbe1c857c256d4a0245613e05aae1d1cc31a44736
C:\Drive E\ICNN_MetaPicker_Curated_STEAD_MATLAB\data\csv_stead_filtered\stead_event_02157.csv,3efcbb3814f1d72b7a8c1c5f42219df394c90d7d1f4b08851ce498277d76f5b3
C:\Drive E\ICNN_MetaPicker_Curated_STEAD_MATLAB\data\csv_stead_filtered\stead_event_02158.csv,2f3fa668d5767c0943d167183af22344d9b9ad61e225e9c4c0001f2bdc4ef4d6
C:\Drive E\ICNN_MetaPicker_Curated_STEAD_MATLAB\data\csv_stead_filtered\stead_event_02159.csv,8b4785c301e5c8da89072e8e3c14b682d836d2b5588ddd240f95bc6ba7bbf686
C:\Drive E\ICNN_MetaPicker_Curated_STEAD_MATLAB\data\csv_stead_filtered\stead_event_02160.csv,c36ddd5aa22388a180fef0aef44b5e24572116ac8dc9fd1e9b1c8645d5f97f8c
C:\Drive E\ICNN_MetaPicker_Curated_STEAD_MATLAB\data\csv_stead_filtered\stead_event_02161.csv,46ea52cc9e1ceb363dcdfeaf23c717da4b5791ade399e81b922f8852f6485b15
C:\Drive E\ICNN_MetaPicker_Curated_STEAD_MATLAB\data\csv_stead_filtered\stead_event_02162.csv,f4e3ee6bf72485465b1b85000ff066ba41804f288e87e2142d05e0e46d19b407
C:\Drive E\ICNN_MetaPicker_Curated_STEAD_MATLAB\data\csv_stead_filtered\stead_event_02163.csv,f82d9e25465d1e13e0fb6d2b7ccda99ec9022640f51949db7ad5634abc6e3386
C:\Drive E\ICNN_MetaPicker_Curated_STEAD_MATLAB\data\csv_stead_filtered\stead_event_02164.csv,d670d235ee05c7c56ef265766a29b46abdd391434905324b3e9a904d567a24fa
C:\Drive E\ICNN_MetaPicker_Curated_STEAD_MATLAB\data\csv_stead_filtered\stead_event_02165.csv,51e4d0be1d5d6e205096c872ac2940d5276db0dab09936fcd048e58c7b750e6b
C:\Drive E\ICNN_MetaPicker_Curated_STEAD_MATLAB\data\csv_stead_filtered\stead_event_02166.csv,575a5038a8da5ff38839c5331012b5278a509ce7a297fddeb5a8cea0219df97f
C:\Drive E\ICNN_MetaPicker_Curated_STEAD_MATLAB\data\csv_stead_filtered\stead_event_02167.csv,03d5e78e94ba1c089a0cb207da2a114d7efcf5bc196918563ba89177d5c0938a
C:\Drive E\ICNN_MetaPicker_Curated_STEAD_MATLAB\data\csv_stead_filtered\stead_event_02168.csv,2f2fef12e16802bcaabb9f06152c833b86d7b92b7145ed25beac3e44eb594c31
C:\Drive E\ICNN_MetaPicker_Curated_STEAD_MATLAB\data\csv_stead_filtered\stead_event_02169.csv,8ba4b0d038ef3c1f40c84c1104ab08c0cb7a11ad2a1617c8c3097b67f800d1e4
C:\Drive E\ICNN_MetaPicker_Curated_STEAD_MATLAB\data\csv_stead_filtered\stead_event_02170.csv,8654ee4858d88c0a66dfc2a76c7f18b932a2143db0373a754cf931310cb2e2aa
C:\Drive E\ICNN_MetaPicker_Curated_STEAD_MATLAB\data\csv_stead_filtered\stead_event_02171.csv,1f0e6a226ae56b4bac203cd846650056837bd5a56bb87bd93ef7e9482c8290d6
C:\Drive E\ICNN_MetaPicker_Curated_STEAD_MATLAB\data\csv_stead_filtered\stead_event_02172.csv,b8b32202c349eaa4d7f862dc9c97e35fc45327d5b27979409724e03e6047d9ae
C:\Drive E\ICNN_MetaPicker_Curated_STEAD_MATLAB\data\csv_stead_filtered\stead_event_02173.csv,f89fe45915a4af0b3cd5850b360a609b80fe254ebad5be1d9659cf89b73b81e8
C:\Drive E\ICNN_MetaPicker_Curated_STEAD_MATLAB\data\csv_stead_filtered\stead_event_02174.csv,87e6db66b1bc9d37269753030011d3628ba718a598db4b15d43b52c0e989a141
C:\Drive E\ICNN_MetaPicker_Curated_STEAD_MATLAB\data\csv_stead_filtered\stead_event_02175.csv,5bb55a4cbfa85cd33b19683d4b7ba80b798a5d2b8340076f02465b49ed11669b
C:\Drive E\ICNN_MetaPicker_Curated_STEAD_MATLAB\data\csv_stead_filtered\stead_event_02176.csv,b3b83723d5b1a8b608034f45984322478f806254e4419886bedaeb25ee5bd348
C:\Drive E\ICNN_MetaPicker_Curated_STEAD_MATLAB\data\csv_stead_filtered\stead_event_02177.csv,dac9886c0409e9169c809b0cac2c987a7832693396a84cca519514a87a1a8c0f
C:\Drive E\ICNN_MetaPicker_Curated_STEAD_MATLAB\data\csv_stead_filtered\stead_event_02178.csv,e753b19062e2508c359aafbdf5c76f928282bdbf49ab3d2e211cb4b2fb552301
C:\Drive E\ICNN_MetaPicker_Curated_STEAD_MATLAB\data\csv_stead_filtered\stead_event_02179.csv,fbfe7928f8daf43bfc76704f9e51a24b29eb07c84e010059ed89822354d0e362
C:\Drive E\ICNN_MetaPicker_Curated_STEAD_MATLAB\data\csv_stead_filtered\stead_event_02180.csv,d6b668059d90de4214eb7189c536b14f81e5dd9508d06ecd59528427669019a9
C:\Drive E\ICNN_MetaPicker_Curated_STEAD_MATLAB\data\csv_stead_filtered\stead_event_02181.csv,0231440cee70d1dea7dc8e3dbd55c0205c6d957ccacf09024c1262ab8a2aae33
C:\Drive E\ICNN_MetaPicker_Curated_STEAD_MATLAB\data\csv_stead_filtered\stead_event_02182.csv,b2d29dd8b64bb4748778cd48c183389de59a7707673389d73cf8ca78665f11b6
C:\Drive E\ICNN_MetaPicker_Curated_STEAD_MATLAB\data\csv_stead_filtered\stead_event_02183.csv,d78f729745e96b64e9942beb97c6c86f27f27f61fe5f31350b132238545e57a6
C:\Drive E\ICNN_MetaPicker_Curated_STEAD_MATLAB\data\csv_stead_filtered\stead_event_02184.csv,5abcaf5cf18c665f07b5e77df2c93f7e78c5f9a73805c2bee2ffa2bcaa30327f
C:\Drive E\ICNN_MetaPicker_Curated_STEAD_MATLAB\data\csv_stead_filtered\stead_event_02185.csv,54de2c495ec049c303fdb57d560f16d0d0134075259616529d5138e5c0bb4e8e
C:\Drive E\ICNN_MetaPicker_Curated_STEAD_MATLAB\data\csv_stead_filtered\stead_event_02186.csv,84898c091afc3071e8ebad64566e08706418a420fdc22d839b0b846bb51dfdba
C:\Drive E\ICNN_MetaPicker_Curated_STEAD_MATLAB\data\csv_stead_filtered\stead_event_02187.csv,2f3d79fc92984d3c3b883a55c3c1728d0904b4234c43796618034da7a1d21cf4
C:\Drive E\ICNN_MetaPicker_Curated_STEAD_MATLAB\data\csv_stead_filtered\stead_event_02188.csv,7b00172691f121e8709b472e19650010c1002501b94ce15a7dc671a2024dbdfc
C:\Drive E\ICNN_MetaPicker_Curated_STEAD_MATLAB\data\csv_stead_filtered\stead_event_02189.csv,bca6033b01669932f9029735c01c297bbeb6c67d57f4f2eb4f15f02fbfb1e047
C:\Drive E\ICNN_MetaPicker_Curated_STEAD_MATLAB\data\csv_stead_filtered\stead_event_02190.csv,024ed9831f78fe20d7c209e52c5039410a84e34c9bdad58c3b8ddb6686852b26
C:\Drive E\ICNN_MetaPicker_Curated_STEAD_MATLAB\data\csv_stead_filtered\stead_event_02191.csv,37cb42277866b1d0c6540bc90d5d64a2ce5474bba99e3ceda1b7e6cfc0b9f14c
C:\Drive E\ICNN_MetaPicker_Curated_STEAD_MATLAB\data\csv_stead_filtered\stead_event_02192.csv,990aa83f5392a0ac55f66dc23346e864cbde8d7949c23094fdb701633de8754c
C:\Drive E\ICNN_MetaPicker_Curated_STEAD_MATLAB\data\csv_stead_filtered\stead_event_02193.csv,db8b707d4d8370fdb9cc5b776768360aa10cc41c6be895dd03772160fe562e02
C:\Drive E\ICNN_MetaPicker_Curated_STEAD_MATLAB\data\csv_stead_filtered\stead_event_02194.csv,130cd152db8fa267d9cca6f35d062361383dd14314b98a5f6d31555efd99489f
C:\Drive E\ICNN_MetaPicker_Curated_STEAD_MATLAB\data\csv_stead_filtered\stead_event_02195.csv,d3adf808833228263deffba3a82fab14fb2fdddb8ff63a18e214dcf021e4ba7c
C:\Drive E\ICNN_MetaPicker_Curated_STEAD_MATLAB\data\csv_stead_filtered\stead_event_02196.csv,b6d65e92dfe542e4049bbd8ef96c6f360d166c6d48aa867430e11304fe12f1f0
C:\Drive E\ICNN_MetaPicker_Curated_STEAD_MATLAB\data\csv_stead_filtered\stead_event_02197.csv,916f0b7e76fb9e00bc2718cd615812b2ae7cc3cae4ec3c9ceabf1fef59040da5
C:\Drive E\ICNN_MetaPicker_Curated_STEAD_MATLAB\data\csv_stead_filtered\stead_event_02198.csv,5e8d13c0e18d6b5acfc1ec6ecb7d003d6f65e94fd799a39c6548aacecd5d665b
C:\Drive E\ICNN_MetaPicker_Curated_STEAD_MATLAB\data\csv_stead_filtered\stead_event_02199.csv,941155b70ca694541ac14312f52cf3bd1753d6fac5b86709d7886d47a6b1e43a
C:\Drive E\ICNN_MetaPicker_Curated_STEAD_MATLAB\data\csv_stead_filtered\stead_event_02200.csv,f1d9b02b98d805c1d31590e42886dfd8210aa63fba04caf44c81cff40961e5ea
C:\Drive E\ICNN_MetaPicker_Curated_STEAD_MATLAB\data\csv_stead_filtered\stead_event_02201.csv,5c981e7acd0c216c7c133396075b883e950a6fbd104e1576083be60031a9ce2f
C:\Drive E\ICNN_MetaPicker_Curated_STEAD_MATLAB\data\csv_stead_filtered\stead_event_02202.csv,2815b152087844189a8646529e94341def13c541358a31a2de73e0717c74248f
C:\Drive E\ICNN_MetaPicker_Curated_STEAD_MATLAB\data\csv_stead_filtered\stead_event_02203.csv,543a1e168b513cd3566eee4a53f660ee6548433de5ad5ed12fcbf2b8f9af4a92
C:\Drive E\ICNN_MetaPicker_Curated_STEAD_MATLAB\data\csv_stead_filtered\stead_event_02204.csv,8275eab4a4b969b40193f92ffd3932d14f6ca2b70fcba5f9bab3cc4fb811fa7e
C:\Drive E\ICNN_MetaPicker_Curated_STEAD_MATLAB\data\csv_stead_filtered\stead_event_02205.csv,ed7b414c3c460e221e481c0a7ccbe86c0fcfc74cba182d8edb84c829e6aa045b
C:\Drive E\ICNN_MetaPicker_Curated_STEAD_MATLAB\data\csv_stead_filtered\stead_event_02206.csv,e6e2afc13c2554c12e74866b1a3a1be39f4319d94ef975a516e7b396d9f071de
C:\Drive E\ICNN_MetaPicker_Curated_STEAD_MATLAB\data\csv_stead_filtered\stead_event_02207.csv,99c5d0c52c973155aab48e999276c497634f0acc30b6070b1b0f33bcad0c6c09
C:\Drive E\ICNN_MetaPicker_Curated_STEAD_MATLAB\data\csv_stead_filtered\stead_event_02208.csv,2cdf843db306a2a2c2afb3c21950cbc63bf79882c7dce9d7d5ce66babbeef300
C:\Drive E\ICNN_MetaPicker_Curated_STEAD_MATLAB\data\csv_stead_filtered\stead_event_02209.csv,cd6605c1ce0223fa96684e1a5551c4f9ac336eb8dacb5adafbe7aa6d51697af9
C:\Drive E\ICNN_MetaPicker_Curated_STEAD_MATLAB\data\csv_stead_filtered\stead_event_02210.csv,9ce1db375e231a1e8ce4399f707c765746c2f187acc45362ecdd143759ab9e14
C:\Drive E\ICNN_MetaPicker_Curated_STEAD_MATLAB\data\csv_stead_filtered\stead_event_02211.csv,c1e102e98279299851eb51970bf773479d1a712ae252ad6bb98be78c78a8c530
C:\Drive E\ICNN_MetaPicker_Curated_STEAD_MATLAB\data\csv_stead_filtered\stead_event_02212.csv,2e993ec7c854d118aaffe43cf854469c4aef0b8ab5e90eb131f75073a1c800b0
C:\Drive E\ICNN_MetaPicker_Curated_STEAD_MATLAB\data\csv_stead_filtered\stead_event_02213.csv,6d336655437ae115b7ae569a84c8a0e045d5a75abe3514a04ac997233216df7a
C:\Drive E\ICNN_MetaPicker_Curated_STEAD_MATLAB\data\csv_stead_filtered\stead_event_02214.csv,113d95d352a12159a2f81c770215bf47f62300d933397c0d394abf55cda8d25a
C:\Drive E\ICNN_MetaPicker_Curated_STEAD_MATLAB\data\csv_stead_filtered\stead_event_02215.csv,62193c1ec7f128b4f88f525ff4bf37282274a6e6afd26b5e3dcc9b53999aaaf1
C:\Drive E\ICNN_MetaPicker_Curated_STEAD_MATLAB\data\csv_stead_filtered\stead_event_02216.csv,6cf66c15a7aacb1829c139ac1ed1fc08c564b62965a7843417752790de606650
C:\Drive E\ICNN_MetaPicker_Curated_STEAD_MATLAB\data\csv_stead_filtered\stead_event_02217.csv,f9974a8b8165a7f4cb933a6f31bfa7e5b7d2867e0636788cc07396495c9235d3
C:\Drive E\ICNN_MetaPicker_Curated_STEAD_MATLAB\data\csv_stead_filtered\stead_event_02218.csv,58cdf50bed56200e40ade95f96fefe83c5e5d8c007325eb46aae0cdebe42b6f9
C:\Drive E\ICNN_MetaPicker_Curated_STEAD_MATLAB\data\csv_stead_filtered\stead_event_02219.csv,60211d13ccf595436115e25e7b003a4209fbb1fb116f17fe55e697b5b3cf284f
C:\Drive E\ICNN_MetaPicker_Curated_STEAD_MATLAB\data\csv_stead_filtered\stead_event_02220.csv,cac068987e5f71f5c18a7f6f4f999c37b0d498904fdd87706baae2372fcf84b5
C:\Drive E\ICNN_MetaPicker_Curated_STEAD_MATLAB\data\csv_stead_filtered\stead_event_02221.csv,116dc7306dcc2d1c74248af68fd1bb24d875b47d13f7e3c3320f3c7f946d21b8
C:\Drive E\ICNN_MetaPicker_Curated_STEAD_MATLAB\data\csv_stead_filtered\stead_event_02222.csv,2c5f45cfb2f5ed76e289e160ad7f30e3b08a07e336970b8670d87d017eb8b8f7
C:\Drive E\ICNN_MetaPicker_Curated_STEAD_MATLAB\data\csv_stead_filtered\stead_event_02223.csv,2cef48914d405838f7845c5b9929f167d11cc3deb2e5e19cf0eb4d7f2715f994
C:\Drive E\ICNN_MetaPicker_Curated_STEAD_MATLAB\data\csv_stead_filtered\stead_event_02224.csv,428bca7bff07d15a2f21f3031af7aab05d2cfdcd1a4dd81f3ed19fede25835d5
C:\Drive E\ICNN_MetaPicker_Curated_STEAD_MATLAB\data\csv_stead_filtered\stead_event_02225.csv,84a205ea6b5cadcf7859ca62cd5a777580ac3cda3530683237355802471923a2
C:\Drive E\ICNN_MetaPicker_Curated_STEAD_MATLAB\data\csv_stead_filtered\stead_event_02226.csv,079ee069bbea8ebeb9ee4c606f670d836f46e2486aa772d6148f57555c58ffb9
C:\Drive E\ICNN_MetaPicker_Curated_STEAD_MATLAB\data\csv_stead_filtered\stead_event_02227.csv,18e26b86c1260814056e15130977188e841986cc659474c1c56b8d81e12b1c3e
C:\Drive E\ICNN_MetaPicker_Curated_STEAD_MATLAB\data\csv_stead_filtered\stead_event_02228.csv,00ad9642c296260544f7f8af327ead4b8c16a6eb18aa44690341f8a7be2da10d
C:\Drive E\ICNN_MetaPicker_Curated_STEAD_MATLAB\data\csv_stead_filtered\stead_event_02229.csv,f8c25d33ac4e47add13388efb6b244467ac9486d5054dedfa9ebee4769108a31
C:\Drive E\ICNN_MetaPicker_Curated_STEAD_MATLAB\data\csv_stead_filtered\stead_event_02230.csv,8c5b836dfb3a2ba9e014e9e3fa4202489c6c4976a2041bb54b7b11ef5523c113
C:\Drive E\ICNN_MetaPicker_Curated_STEAD_MATLAB\data\csv_stead_filtered\stead_event_02231.csv,646e03ac28d4c40f4bd2fc28d1b136a694cf47fee15bb372f012b646208a6d49
C:\Drive E\ICNN_MetaPicker_Curated_STEAD_MATLAB\data\csv_stead_filtered\stead_event_02232.csv,33877b7746942fc7a09546257ea09cc97415d06765fb135154d9e5ed1e17cd3a
C:\Drive E\ICNN_MetaPicker_Curated_STEAD_MATLAB\data\csv_stead_filtered\stead_event_02233.csv,b5b772e1f50cef435d762595dfc185c57e2a6bff553c36653aea7f717b946c24
C:\Drive E\ICNN_MetaPicker_Curated_STEAD_MATLAB\metadata\metadata_master_2234_final.xlsx,0fa2fb14faad580a1e27e399a7844fe7fc388b10d3cb5d9c2bcf487b4b160388
C:\Drive E\ICNN_MetaPicker_Curated_STEAD_MATLAB\results\splits\test_source_ids.csv,86d9838c0aa4bbd24bac5dec7b19fa7bfa24c9f974bdbf1d5c65ad436dc6bdac
C:\Drive E\ICNN_MetaPicker_Curated_STEAD_MATLAB\results\splits\train_source_ids.csv,bee86504639bd55eebd125e4f76f41f5aa680a0c5dd812d6d6a0f72e53c46014
C:\Drive E\ICNN_MetaPicker_Curated_STEAD_MATLAB\results\splits\val_source_ids.csv,581e3f702c7a2c76e503d08691d494bfaa847dda8b5f1cbb379ae5dae96dc042
