Method,MAE_ms_P,MedAE_ms_P,DetRate_P,OutlierRate_P,F1_50ms_P,F1_100ms_P,F1_200ms_P,MAE_ms_S,MedAE_ms_S,DetRate_S,OutlierRate_S,F1_50ms_S,F1_100ms_S,F1_200ms_S
Mean Ensemble,6383.31343283582,5580,1,0.967164179104478,0.0118694362017804,0.0177514792899408,0.0235988200589971,2201.22388059702,1270,1,0.6,0,0.00595238095238095,0.0235988200589971
Logistic Regression,226.925373134328,30.0000000000002,1,0.0119402985074627,0.784029038112523,0.883333333333333,0.954758190327613,5185.91591591592,4760,0.994029850746269,0.960960960960961,0,0,0.00595238095238095
I-CNN (proposed),176.44776119403,19.9999999999996,1,0.00895522388059702,0.848797250859107,0.931419457735247,0.962848297213622,1078.28947368421,165,0.907462686567164,0.161184210526316,0.333333333333333,0.507795100222717,0.651911468812877
