Method,EvalNote,MAE_ms_P,MedAE_ms_P,DetRate_P,OutlierRate_P,F1_50ms_P,F1_100ms_P,F1_200ms_P,MAE_ms_S,MedAE_ms_S,DetRate_S,OutlierRate_S,F1_50ms_S,F1_100ms_S,F1_200ms_S
Mean Ensemble (12-ch),Same evaluation as locked Full 3C. F1 definition audit pending.,246.44776119403,30.0000000000002,1,0.0149253731343284,0.77959927140255,0.883333333333333,0.949843260188088,4802.46200607903,4430,0.982089552238806,0.878419452887538,0.0294117647058824,0.0579710144927536,0.117977528089888
Weighted Mean (12-ch),Same evaluation as locked Full 3C. F1 definition audit pending.,246.44776119403,30.0000000000002,1,0.0149253731343284,0.77959927140255,0.883333333333333,0.949843260188088,4802.46200607903,4430,0.982089552238806,0.878419452887538,0.0294117647058824,0.0579710144927536,0.117977528089888
I-CNN (locked CSV),Same evaluation as locked Full 3C. F1 definition audit pending.,171.970149253731,19.9999999999996,1,0.00597014925373134,0.82661996497373,0.92109500805153,0.962848297213622,725.424242424242,70.0000000000003,0.985074626865672,0.096969696969697,0.574468085106383,0.745318352059925,0.832752613240418
I-CNN (inference),Same evaluation as locked Full 3C. F1 definition audit pending.,176.44776119403,19.9999999999996,1,0.00895522388059702,0.848797250859107,0.931419457735247,0.962848297213622,1078.28947368421,165,0.907462686567164,0.161184210526316,0.329177057356609,0.511111111111111,0.651911468812877
