Component,Experiment,N_total,N_detected,DetectionRate,MAE_ms,MedAE_ms,RMSE_ms,Bias_ms,STD_ms,P90_ms,P95_ms,P99_ms,OutlierRate_500ms,OutlierRate_1000ms,Skewness,Kurtosis
P,Full3C,335,335,1,171.970149253731,19.9999999999996,1839.29326141661,104.388059701492,1839.07556961513,140.000000000001,257.5,625.499999999992,0.0208955223880597,0.00597014925373134,17.4406203343385,315.890220368376
S,Full3C,335,330,0.985074626865672,725.424242424242,70.0000000000003,2376.30391638576,268.333333333333,2364.69073228865,755,5220,12348,0.145454545454545,0.096969696969697,1.8562184823241,25.3244963748295
