Component,Experiment,N_total,N_detected,DetectionRate,MAE_ms,MedAE_ms,RMSE_ms,Bias_ms,STD_ms,P90_ms,P95_ms,P99_ms,OutlierRate_500ms,OutlierRate_1000ms,Skewness,Kurtosis
P,Zonly,335,335,1,206.238805970149,19.9999999999996,1970.51300237713,142.89552238806,1968.26490609083,140,240,1526.49999999991,0.0208955223880597,0.00895522388059702,15.0693013319615,247.050797550031
S,Zonly,335,313,0.934328358208955,947.859424920128,219.999999999999,2310.17419090688,-15.079872204473,2313.82413441693,3090,4804,11690,0.293929712460064,0.156549520766773,-1.95546206435959,16.7633000703255
