"path","bytes","sha256"
"CG_REPOSITORY_CHECKLIST.md","2279","41330fdc3b03e0d0064313bf8a02c31150d517a2181c7ce39f98614cd6353d3a"
"COMPUTATIONAL_CONTRIBUTION.md","2396","e679d4a21ad95aff6b8fc872dcb940eb6852492df5bf3e051b0fad2a48541201"
"LICENSE","1217","48fdb973dc2f200efd6f657173dd9c457eb166fe1b6dad2101601eb200d8f0a1"
"README.md","3958","0c6ecd4ccc5aa1fec7f6c50742f58f7dea2fb662f26fc720e2de3da2511e37b0"
"TUTORIALS.md","3142","bbb91467473f7bbfcc9882a18feb57d0fa5e3a85b066582682c1522bde34f52e"
"USER_GUIDE.md","8559","9c1abf2f8cc9136830bbffec367717fdd4f0c3ae27203425ae2046d99dfea046"
"audit/Archive/ARCHIVED_SHA256_MANIFEST.csv","178761","9245656b932273bc2598940bb11e9463bc2b0df013ba19ce95e0737ae9ad6f70"
"audit/Archive/README.md","1059","e2a0d60a158df2acf72caef8f71a03c458e2325169ea534944d94d48b280affa"
"audit/Archive/archive_verification.json","528","8d5bf1abe2a50d1c5cfd1330c377847702d5d71042520e0d8ea72db08b618416"
"audit/Archive/availability_changes.json","3989","ec46f2f4208ee1aa279e2c849d6012161fcd4326c064c8ca777a604f9271d038"
"audit/Archive/layout_comparison.json","581","7abaa73773feb09147e9a6d70474e80919841050f962898ebba0c8c039743afe"
"audit/Archive/zenodo_description_replacement.txt","502","37eafc8c621c047d83bd2e46736e4dd7db3eeb3784d3b33c9b8980035d3cbc0a"
"audit/Archive/zenodo_record.json","6342","b456421b1f423e8fd0965254e78cb3a2a0b735e5df5844666ed22d7eaa9f7135"
"audit/ESI_20260925/final_content_checks.json","273","89ea1845e1c8adf83047076b690f5c9e207f80361f35ad7725121a0f837e51af"
"audit/ESI_20260925/layout_audit.json","293","21b306dd04ea40d67bb5038ce1146693b74844acc44995a50afed296a0eb6b86"
"audit/ESI_20260925/preservation_check.json","414","bd7312a34301abcd7a69af83ae6c9323b9bbc68c9091145036e59b4ab13682fa"
"audit/EditorialFinal/editorial_changes.json","14717","d96728a4e272941329163367a896163067e6dc1ee6ccef116cd35aa5d3a37120"
"audit/EditorialFinal/final_editorial_verification.json","1223","9b10c1ee3654ae6605f6c69f4b897e6a84698ba568517be747e673e72489f3ff"
"audit/EditorialFinal/layout_audit.json","884","c3f9b53665e9e75f436f979f8658344e62f235acfcec699ccd2d7d5015e296c1"
"audit/HistoricalRolesAndManual/analysis_input_hashes.csv","5721","7db2915b82f4e8680f18f67d6d86aa7c185f2146d5b6d2d88f49653cdfd6ffd3"
"audit/HistoricalRolesAndManual/current_csv_fingerprint_check.csv","370889","cd5449044c28f25103786bd9635527d64420f5b10acee6fc4c4d867e4c04e22f"
"audit/HistoricalRolesAndManual/current_csv_fingerprint_summary.json","211","89e2e582f9cb0ca7d5a16d9b196fe07b5446f1cb4374fe0e6dae5e2ff46ab714"
"audit/HistoricalRolesAndManual/fingerprint_all_matches.csv","332210","ba6880503e0bf705115fe034d3904bc54ad046613c2d84383f602b7a2e62c523"
"audit/HistoricalRolesAndManual/fingerprint_multiplicity.csv","309975","bc366bbf6830438f2381392f531f00af9d21a09e5531e3e44f3efb8ecd20c47d"
"audit/HistoricalRolesAndManual/fingerprint_summary.json","830","81f838b18073e9e9e2ecf3b8bdf6b07b3602e542c59e365f6d6871bfe941864c"
"audit/HistoricalRolesAndManual/paired_seed_S_differences.csv","3047","f71b953d2d30a7424d395188084bcba874ba82d428488713600c9297ca463935"
"audit/HistoricalRolesAndManual/record_role_matrix.csv","83","175238fc51363f4a792417ae2f6e7d0e266683399133ba8c368111eee0044b11"
"audit/HistoricalRolesAndManual/record_role_transitions.csv","180155","f98b7e3c7bfcccb2ddcbaa8e002873a264e102330878e16c1ddf7669a74aa024"
"audit/HistoricalRolesAndManual/reference_status_by_split.csv","791","01596254e0b7a2192375b64f38b2b80df2f109f9f8c27831b3d1c97bea875985"
"audit/HistoricalRolesAndManual/role_and_sensitivity_summary.json","1638","f60927e118a4684debe39c21d0d6943f018410a6dcf7789a83ff95025054c15c"
"audit/HistoricalRolesAndManual/sensitivity_paired_bootstrap_100ms.csv","16801","d572e558aabb30967e6325f7a96c87e43983adc7055ce528e6a67e69d934798e"
"audit/HistoricalRolesAndManual/sensitivity_per_fit.csv","337748","20abc9f1aff0682f54348c9d57b0cedfa5ea1edd99b8bc2ec954ed76cc1c2bca"
"audit/HistoricalRolesAndManual/sensitivity_summary.csv","92305","60fe5acbc9274b3c8212afe6fc2876d2edf90f852c087a7a90096224b9942b72"
"audit/HistoricalRolesAndManual/source_role_memberships.csv","58926","1a215ca26943b4f1e3abcaf38f08cc7b19ed3fbaee4ec8c56d5499ad6f26b2ed"
"audit/HistoricalRolesAndManual/source_role_nonexclusive_matrix.csv","82","99f85afd6526f5f6580717344ff750146b2c08f9bcdae3b54c869d6ccb2b1386"
"audit/HistoricalRolesAndManual/source_role_patterns_exclusive.csv","164","904febc10af46198d513fa458551a355e7cf050e96f0c4ad93b0a90998896f45"
"audit/HistoricalRolesAndManual/subset_sizes.csv","286","7a69f02a3b159ca5449c62a7d610b356ccfc83441b4fcd37d1e48034521d435e"
"audit/PriorNumericalReference/audited_input_hashes.csv","61693","cf0225ad4fe4cee2025e30de3fee042f2d4940fa0ce5773ada295cc2e65948a2"
"audit/PriorNumericalReference/checkpoint_hashes.csv","18544","a8cf0c9e3f7b09c12bab16cfa121564e1737fdb6d847dd918dc19ae3e15ac7fb"
"audit/PriorNumericalReference/checkpoint_source_audit.csv","12040","fba2a4eaa66db38700bed4ff8aecb99ba3659c90f3429a787a451d944cdfdc6b"
"audit/PriorNumericalReference/conditional_S.csv","795","cdce9f8eba9065db2dfac78484ac22c491efe0900e5bfe47ce8c0aeae867c438"
"audit/PriorNumericalReference/decoder_diagnostics.csv","175","3e04a57be7f4694ca732015337f50b9781655cc34ca9e847d1d49ddc7e600dfe"
"audit/PriorNumericalReference/expanded_paired_bootstrap.csv","1073","4f20ab19d3e07d9fefd35c14edd342acf8dbc71e522975d1ea250b7db11dc14d"
"audit/PriorNumericalReference/expanded_summary.csv","12954","3f31cfb05b96cdd47da5e12d9a50e7d23f5a94f142eb996fb98a4ef7f3bbf0d6"
"audit/PriorNumericalReference/label_provenance.json","1075","c2c5570295860b2312289d15fe341121b6c447857e24cac952774bcc24d57be3"
"audit/PriorNumericalReference/manifest_audit.json","70","4929ce955a556ee4f19eb2b4d7867df41e188cd8067424c6697cd35447073a91"
"audit/PriorNumericalReference/metric_audit.json","168","bf2ff412006c6f5f9a1115eefb9da814888928f58338c3640f0c6eae8ca85e57"
"audit/PriorNumericalReference/population.json","4507","d8fab2e45618e5093b8975cdce10394cb657a782ccd482f95161a20aed9bc74a"
"audit/PriorNumericalReference/recomputed_all_metrics.csv","293016","165918ce0c04c687332df9f05efbcfe3cb7f55556f104fa4b106c119fbb57361"
"audit/PriorNumericalReference/seed42_error_statistics.csv","607","b3f499d6d216e9d3e8ec6a3e7f954c5e04349f1f168ade391bfa8c66320829d8"
"audit/PriorNumericalReference/target_overlap.csv","90","513265bdc3b2621d8a24448f5088da3006f97039a00ddc1802e51cb2260dd098"
"audit/PriorNumericalReference/test_tensor_statistics.csv","1239","7d44ab1552e901b51d32020c64d8f4b22ef397b7f25f35ce5ace0fa7cba6b7c6"
"audit/PriorNumericalReference/within_base_summary.csv","22405","d68de329815dd7a7957f27518aca3d8b8d729bbcefbc0d01f393a274de0c9b1a"
"audit/PriorNumericalReference/zonly_cache_audit.csv","106","7814c4fd5f476b67162f3ddca7f3cbe2b84cb319d1d7f1440c092c402ed12ae9"
"audit/Replay/DOCUMENT_VERSION_NOTE.md","214","cf8b6aa04abe00c41d0d4a5f07eb9e965463e2f0da24bc30d6ccc5f1f4a0e339"
"audit/Replay/Logs/oof_Full3C_42.log","1594","10bd8114b53f1c7dfec38edf5a58fa770c61734b42d473df523ed4c0c5c28ff1"
"audit/Replay/Logs/oof_Full3C_43.log","1594","aa1146d28e94894de2d62c2e5c1f8cfd26fd6a8b711eccf438d1817b8ed406d8"
"audit/Replay/Logs/oof_Full3C_44.log","1594","e9e1660f29168be61d4c34eb94e7c0e388022f2c24b53f0e822f1721e88048a9"
"audit/Replay/Logs/oof_Zonly_42.log","1563","097f0604907cbf17390cf652139494c008e89f5110d3e7fe52afbe176a2b7e65"
"audit/Replay/Logs/oof_Zonly_43.log","1563","adb5e2b8210b4442da755430f54ab0e3b7a6e326c2b749325bf977b8c400655a"
"audit/Replay/Logs/oof_Zonly_44.log","1563","b3bc8f3b0ed924bc4936ce4d76c3ddf718c710a355432f361701e361b4455177"
"audit/Replay/Logs/phasenet_Full3C_42.log","650","752f11cfdb63bf335176fa40d59ed1ce7b5117f63d28bd7d31ed2a963cdf33ed"
"audit/Replay/Logs/phasenet_Zonly_42.log","636","0042774a67550f4830d3bc9ca0561bcf4fa8870e03e55588fa2b0d0ae4dad3c6"
"audit/Replay/Logs/test_Full3C_42.log","623","573103cfb5e29a9a4b7f7e92787373d6d7e40b0b5bb5f7c4f272924d405b0629"
"audit/Replay/Logs/test_Full3C_43.log","622","62e0eb85e8ab73ad76950a7cf7099c3ececbc4321cd98a195ef7cdfe52097e08"
"audit/Replay/Logs/test_Full3C_44.log","622","b71992fab3c5f906b1cbebe37401bbf9426beeaa827cf7786e73c35719c0d50c"
"audit/Replay/Logs/test_Zonly_42.log","608","434715dccee33754c731f2a23b638919f9460880d746dc8bdbd9c3bf05195c20"
"audit/Replay/Logs/test_Zonly_43.log","608","74068efd3bf6b45a0418cd9be541ada999ed33d91ad69ce3ccf10a15c3d2b959"
"audit/Replay/Logs/test_Zonly_44.log","608","eba4e275ef545dedebfb69ac53b3295b4af351922602b06ddd5204c3685993cf"
"audit/Replay/PerGroup/Full3C_base42/AIC_replayed.csv","37704","b3e37c7bb92f34ea61f40e8d21b2ff48abdf4e9233171d28bc9e66d798db1e32"
"audit/Replay/PerGroup/Full3C_base42/AIC_unconstrained_replayed.csv","37792","d45944e8769cb5a050564fd76df34c8e03d70e063f1eef8d104def5adff7b1dd"
"audit/Replay/PerGroup/Full3C_base42/CNN_replayed.csv","40337","db010fe79fecd8c8e7abe83b5affc8ff6ab0436b868ae64ef7535331959fc587"
"audit/Replay/PerGroup/Full3C_base42/CNN_unconstrained_replayed.csv","40444","10e537af8bc97b6591d91f84367471b460a2e21fec9e8da8d05616ddfc601a7c"
"audit/Replay/PerGroup/Full3C_base42/STA_replayed.csv","38571","b666187d6e05bf9d022bb1f174023d08b5eb1601935d2bd4265c37fe2f0e1dec"
"audit/Replay/PerGroup/Full3C_base42/STA_unconstrained_replayed.csv","38629","ea2314963f2601fac03b1d29f9f865cd22d147cb4ad754a360e30704509640ef"
"audit/Replay/PerGroup/Full3C_base42/TCN_replayed.csv","41195","e60196c95df053139ff5e18930f091d30165ad07de53783689c8b0a83b8a94b9"
"audit/Replay/PerGroup/Full3C_base42/TCN_unconstrained_replayed.csv","41335","60e685f9e8ed97b7a6ae1756907c2ea71829a07f8de7335c2df0dc7b7b75a46e"
"audit/Replay/PerGroup/Full3C_base42/full15ch_seed42_replayed.csv","41411","d4a3d50cdda0e71c871501214115c6b705d5dae7ffd74407b6e68258b4440a16"
"audit/Replay/PerGroup/Full3C_base42/full15ch_seed42_threshold_statistics.csv","65192","287ba88ac39f2f7fbc3cd5a0d91196dda6e6327a3fe6a2d54a13db3f5e9b6c3c"
"audit/Replay/PerGroup/Full3C_base42/full15ch_seed42_unconstrained_replayed.csv","41463","8c0ee8007867fc3db0debfb8bbf55dff280e49ce9c31eea5547520a5b537cadc"
"audit/Replay/PerGroup/Full3C_base42/full15ch_seed43_replayed.csv","41340","f664254a3b5cf8fa2e26b2c613fcf7cea7035e24a9980a7ffd85a253b11d1cdf"
"audit/Replay/PerGroup/Full3C_base42/full15ch_seed43_threshold_statistics.csv","65223","0ae98fa9643714177b0266a7ea643e509170d86779f3b54687b944ea8e07f938"
"audit/Replay/PerGroup/Full3C_base42/full15ch_seed43_unconstrained_replayed.csv","41424","be85b3ef46273517530e4adbc4f044a6c67b70a8f0a4120d15775583244234de"
"audit/Replay/PerGroup/Full3C_base42/full15ch_seed44_replayed.csv","41492","591bda22daf18c0d1dfc11695216d94326572822086702c68d9bd0bb1c1487b3"
"audit/Replay/PerGroup/Full3C_base42/full15ch_seed44_threshold_statistics.csv","65307","44108efc1e9dae09c20e8c67a8527f2991807b3da2fcf1190dcae85d68a80495"
"audit/Replay/PerGroup/Full3C_base42/full15ch_seed44_unconstrained_replayed.csv","41525","ad5144f356b28ff3a42cc7ad1fbe180a756e1559d8bb154f4ef784277e90fbb4"
"audit/Replay/PerGroup/Full3C_base42/loaded_models.csv","2849","14aa553fddbf90b341430e293517900e57040cec0afc09a612237ad57d940b5c"
"audit/Replay/PerGroup/Full3C_base42/logistic_seed42_replayed.csv","40092","15ab02ec7f4f443d1d87cee44d0595e9ae97879933c12224398235b74672113a"
"audit/Replay/PerGroup/Full3C_base42/logistic_seed42_unconstrained_replayed.csv","40973","69add18a36d2dee6a0b64afe409e40d0936986129cce53a1834c0e8a2b10f345"
"audit/Replay/PerGroup/Full3C_base42/mean_ensemble_replayed.csv","39394","17e7e0ffb6631ee0081fcaa56e4f06fa386ad25e6252b1cb7c34c27a7c998d81"
"audit/Replay/PerGroup/Full3C_base42/mean_ensemble_unconstrained_replayed.csv","39326","bd902053750c7020919e8a843faa5552fdb58b601012e82f6b6a86f2d5d58273"
"audit/Replay/PerGroup/Full3C_base42/nodilation_seed42_replayed.csv","41496","c6826be97d9c91f3e85714ad2ae37246c6982cc85fcf311f24880b66f97fc6b1"
"audit/Replay/PerGroup/Full3C_base42/nodilation_seed42_unconstrained_replayed.csv","41569","f958ed902c2f4a5634013f9f434b0dd68e2859656c7f5ae98bffc1647394a837"
"audit/Replay/PerGroup/Full3C_base42/nodilation_seed43_replayed.csv","41763","85e9949e4fad261350623e17f7db9c204da7ebc5b5ebc1febc48c9dde0b6ad3b"
"audit/Replay/PerGroup/Full3C_base42/nodilation_seed43_unconstrained_replayed.csv","41808","b3df8d66399b43bb74adf49fecfbc03c2036e21ada6d7434d54d560f62c0b9dd"
"audit/Replay/PerGroup/Full3C_base42/nodilation_seed44_replayed.csv","41377","b55d9d0d7d9ddd9dc6cab966e2871b561213d0d31ca22304afdee3096e336687"
"audit/Replay/PerGroup/Full3C_base42/nodilation_seed44_unconstrained_replayed.csv","41499","200316ed1b562f1727e2f9dde391606b95826d55945007fa0b7f431583754d8b"
"audit/Replay/PerGroup/Full3C_base42/prediction_replay_receipt.csv","2884","89e270d2ed7e1538ca60199696bf7bb18d7a075f71241cbd8e6175322423da35"
"audit/Replay/PerGroup/Full3C_base42/probonly12_seed42_replayed.csv","41732","0d416ac3544f3a494490f35ddf6552033bd1580f7f63cea2e62702615f384bb7"
"audit/Replay/PerGroup/Full3C_base42/probonly12_seed42_unconstrained_replayed.csv","41764","18cc95435b9d34908ea24ceb243a478dc6bf2d7317275fdb1dcb223a2bf963ce"
"audit/Replay/PerGroup/Full3C_base42/probonly12_seed43_replayed.csv","41715","d833cf7b24439cc582547e097bbed1cefed6b65181622855055a858d90453dc2"
"audit/Replay/PerGroup/Full3C_base42/probonly12_seed43_unconstrained_replayed.csv","41749","015342c9df92326ad859f177a600667c9da1c43a0970c972b354f552e85149c3"
"audit/Replay/PerGroup/Full3C_base42/probonly12_seed44_replayed.csv","41186","67a45665e5f5590ba62efc7a28a871ddc6930a959edac0f84180598a2b1c8e07"
"audit/Replay/PerGroup/Full3C_base42/probonly12_seed44_unconstrained_replayed.csv","41283","14e38095d5f5a3299fb828bee89b05fe56087503aceeb6ad85bf77603d6cb884"
"audit/Replay/PerGroup/Full3C_base42/test_tensor_replay.csv","6961","0bd9cb5a19fff06745a49cb2505f2bf8b0b7b7ad583f5c5875856f3a51cd4153"
"audit/Replay/PerGroup/Full3C_base42/waveonly3_seed42_replayed.csv","40995","96f9a858ba5f95262ca469416f22d33ac71b19583641fa8246218f82fdf59367"
"audit/Replay/PerGroup/Full3C_base42/waveonly3_seed42_unconstrained_replayed.csv","41184","2eee71ed1ec2e7390ae045c3d5adda561db746c671519c04b41789eace1d540f"
"audit/Replay/PerGroup/Full3C_base42/waveonly3_seed43_replayed.csv","41034","08f113dc6150a8ec01ddcaaf3c7d7ff9daa2e3e36d6b31bf5b554db7f4a2d1ae"
"audit/Replay/PerGroup/Full3C_base42/waveonly3_seed43_unconstrained_replayed.csv","41164","3515d58650e0073374aadf7005b689d1a2498cad82a2b4778f7e8ea48eb514eb"
"audit/Replay/PerGroup/Full3C_base42/waveonly3_seed44_replayed.csv","40908","fa7206b846445b594c87d96c3993d7c250bc39d2f18c115c21f4401a3663e905"
"audit/Replay/PerGroup/Full3C_base42/waveonly3_seed44_unconstrained_replayed.csv","41062","f22cd59534e81e4ecbc4aa963e57bc1e4f23c69230e6ad622a7c72fbcc351863"
"audit/Replay/PerGroup/Full3C_base42/weighted_ensemble_replayed.csv","40910","7a399e887f0046c768f75b791794f88cfde181cf5372739f2743fee7cd21f515"
"audit/Replay/PerGroup/Full3C_base42/weighted_ensemble_unconstrained_replayed.csv","40929","8be166943b938097f8a844e33f0fea6eb06c6a604efb1bdd18c2b3f67e59d16d"
"audit/Replay/PerGroup/Full3C_base43/AIC_replayed.csv","37704","b3e37c7bb92f34ea61f40e8d21b2ff48abdf4e9233171d28bc9e66d798db1e32"
"audit/Replay/PerGroup/Full3C_base43/AIC_unconstrained_replayed.csv","37792","d45944e8769cb5a050564fd76df34c8e03d70e063f1eef8d104def5adff7b1dd"
"audit/Replay/PerGroup/Full3C_base43/CNN_replayed.csv","40822","1295a2e48c0620b7c12b6663110163421dfbc03161f3dfbc6e949f5976f7d2eb"
"audit/Replay/PerGroup/Full3C_base43/CNN_unconstrained_replayed.csv","40928","adc0504fcb807158a51436bfd1c4ce176eb3cf23e1b03a076a941ce071e45a83"
"audit/Replay/PerGroup/Full3C_base43/STA_replayed.csv","38571","b666187d6e05bf9d022bb1f174023d08b5eb1601935d2bd4265c37fe2f0e1dec"
"audit/Replay/PerGroup/Full3C_base43/STA_unconstrained_replayed.csv","38629","ea2314963f2601fac03b1d29f9f865cd22d147cb4ad754a360e30704509640ef"
"audit/Replay/PerGroup/Full3C_base43/TCN_replayed.csv","40922","e315bfe54beb1d548d4353b517bde9b87d882799afef4412d6af9f2f52e8ebe4"
"audit/Replay/PerGroup/Full3C_base43/TCN_unconstrained_replayed.csv","41083","97b25fcc25a3dcb5b9ac89194ccc89ab8a771cfeb527b768a97020c41fe067f9"
"audit/Replay/PerGroup/Full3C_base43/full15ch_seed42_replayed.csv","41461","84b754f0a287e6865a0e6f84890480f0cbf19eb98f6b16266fbfb889cad3ed18"
"audit/Replay/PerGroup/Full3C_base43/full15ch_seed42_threshold_statistics.csv","65333","f07fd1340845b12729ad39906272dd6d2a189042ebb4010659a83c9447536a43"
"audit/Replay/PerGroup/Full3C_base43/full15ch_seed42_unconstrained_replayed.csv","41547","8a9a591100723776a6f79ddf5f1495168edf2cdf3033303b88def13f2530022e"
"audit/Replay/PerGroup/Full3C_base43/full15ch_seed43_replayed.csv","41313","f9b5d6677374a2f6d599747929a2ac23643d6ffda4fd44477b267aadc901401a"
"audit/Replay/PerGroup/Full3C_base43/full15ch_seed43_threshold_statistics.csv","65297","d99e1149c168056917b27a97810262b281fa5d5048c320592dd5744c79a68136"
"audit/Replay/PerGroup/Full3C_base43/full15ch_seed43_unconstrained_replayed.csv","41404","51d7c494dd04c5cfecd8789f8f225aec29c04911733b2363954e5e3a46ef8ca1"
"audit/Replay/PerGroup/Full3C_base43/full15ch_seed44_replayed.csv","41501","de94426fa302efd909ea2a1dfb9f40c6c447684ec460e2a5d36bf6c554f7594e"
"audit/Replay/PerGroup/Full3C_base43/full15ch_seed44_threshold_statistics.csv","65360","2b4dbf79c929f6290d33560738a1138c7959dce23394c67b79c0e1b06c6d2ef0"
"audit/Replay/PerGroup/Full3C_base43/full15ch_seed44_unconstrained_replayed.csv","41575","239d2af2a3aff5005568b00a62ae730f6100f88701d7aa2de42fa3fa83ed14bb"
"audit/Replay/PerGroup/Full3C_base43/loaded_models.csv","1029","db233a294bebbe631a0e96fafb47df0979505bdbc39d19b803a037ed7c4cc2fd"
"audit/Replay/PerGroup/Full3C_base43/mean_ensemble_replayed.csv","39407","4b0c6153527c30ee15f52f13ad4c78a575a0b7ecc5bf2f0c4a239bc9ff5d704d"
"audit/Replay/PerGroup/Full3C_base43/mean_ensemble_unconstrained_replayed.csv","39350","5f4b45d6eb5a279978d4791954c70b6bf8890cb4d390d299afcd07a48da81767"
"audit/Replay/PerGroup/Full3C_base43/prediction_replay_receipt.csv","1356","39ea38fed7cd2dbe4f35aefee9628b4711b9451b950e6369d3b41f30c637b2c9"
"audit/Replay/PerGroup/Full3C_base43/test_tensor_replay.csv","6961","0bd9cb5a19fff06745a49cb2505f2bf8b0b7b7ad583f5c5875856f3a51cd4153"
"audit/Replay/PerGroup/Full3C_base43/weighted_ensemble_replayed.csv","40942","629fca653f396b8a89be0404241175017c6421d2f0688c6e769927f26dbf51b2"
"audit/Replay/PerGroup/Full3C_base43/weighted_ensemble_unconstrained_replayed.csv","40970","992cb652235ac2c30455ae4a496508b0aa30e3c765d76210a8bb723d76e0bc1f"
"audit/Replay/PerGroup/Full3C_base44/AIC_replayed.csv","37704","b3e37c7bb92f34ea61f40e8d21b2ff48abdf4e9233171d28bc9e66d798db1e32"
"audit/Replay/PerGroup/Full3C_base44/AIC_unconstrained_replayed.csv","37792","d45944e8769cb5a050564fd76df34c8e03d70e063f1eef8d104def5adff7b1dd"
"audit/Replay/PerGroup/Full3C_base44/CNN_replayed.csv","40809","32cebf3f230a15d4ce330e40fdeb37b7f6ddd29734ae5fca239915c080534a14"
"audit/Replay/PerGroup/Full3C_base44/CNN_unconstrained_replayed.csv","40938","6e18f1e5c1aa4ce7835ca06e94d2c5511cedd1a9be72855e78d6ec2b77194c50"
"audit/Replay/PerGroup/Full3C_base44/STA_replayed.csv","38571","b666187d6e05bf9d022bb1f174023d08b5eb1601935d2bd4265c37fe2f0e1dec"
"audit/Replay/PerGroup/Full3C_base44/STA_unconstrained_replayed.csv","38629","ea2314963f2601fac03b1d29f9f865cd22d147cb4ad754a360e30704509640ef"
"audit/Replay/PerGroup/Full3C_base44/TCN_replayed.csv","41057","ae9bacc6b07c18c9cdf483deb6f4fa30fa077e2ece26b175d2cd4922dda37b90"
"audit/Replay/PerGroup/Full3C_base44/TCN_unconstrained_replayed.csv","41234","757c0238fce986d7bbec4c4b4df8db228f04c842433eacd10026dacb9c3e400f"
"audit/Replay/PerGroup/Full3C_base44/full15ch_seed42_replayed.csv","41406","2b19caeecbcbd797898f2d2284a9a8c0e6f9ba7a9eddeda7925178ead9de6d1e"
"audit/Replay/PerGroup/Full3C_base44/full15ch_seed42_threshold_statistics.csv","65290","6641d940861972122e4cdce0ea1d480e362c06b749ac8baf65ac7936026da354"
"audit/Replay/PerGroup/Full3C_base44/full15ch_seed42_unconstrained_replayed.csv","41457","06d64001f6a152c4981212f123965cc0eaa3ff15bbf2fe67edf9e9f92dc874bc"
"audit/Replay/PerGroup/Full3C_base44/full15ch_seed43_replayed.csv","41516","19afb49b8494ce4bb3b5b3d4de14c5e5ef6d9a85f49a50ff5ac6d4dd511f1a78"
"audit/Replay/PerGroup/Full3C_base44/full15ch_seed43_threshold_statistics.csv","65232","194706c41d3964f6069ccaf7b30a0684dc55668599bf968d3ddeb17e6929dcf8"
"audit/Replay/PerGroup/Full3C_base44/full15ch_seed43_unconstrained_replayed.csv","41632","627f57109f666a859eb1d79c7bdb31c239f9ac22ca309966112622bd4da803b0"
"audit/Replay/PerGroup/Full3C_base44/full15ch_seed44_replayed.csv","41451","ddce86cfdd889d7186d8bdb4a21bb291b54eca4f99f3d0662de72247045ac02b"
"audit/Replay/PerGroup/Full3C_base44/full15ch_seed44_threshold_statistics.csv","65317","26cd1dd041c16d9cd3d7b98adc190726d9116234ef9973de016aaea4ffdda953"
"audit/Replay/PerGroup/Full3C_base44/full15ch_seed44_unconstrained_replayed.csv","41485","dc6ededbe15a3cde91098ed6e9c9128d6e8cf13b690430264f7177f87c3beb87"
"audit/Replay/PerGroup/Full3C_base44/loaded_models.csv","1029","b006cb95c3363a7788f7277f7b202de25b2feb290d86274bb136c88d596ba4a2"
"audit/Replay/PerGroup/Full3C_base44/mean_ensemble_replayed.csv","39381","4ecc00f47df338cbfd13450a1e260e0b0095ef615b240e46610b1aac2d257f52"
"audit/Replay/PerGroup/Full3C_base44/mean_ensemble_unconstrained_replayed.csv","39297","02bd19fa86192be7df0cafc603d10aab2f6d4c14bad3744717cf534415cd8a91"
"audit/Replay/PerGroup/Full3C_base44/prediction_replay_receipt.csv","1352","dbb277221f2f6c0cd03525e143f39f397c6cb0392c769f4d16f544585b55d81d"
"audit/Replay/PerGroup/Full3C_base44/test_tensor_replay.csv","6961","0bd9cb5a19fff06745a49cb2505f2bf8b0b7b7ad583f5c5875856f3a51cd4153"
"audit/Replay/PerGroup/Full3C_base44/weighted_ensemble_replayed.csv","40965","fb48177382c1eaee958e738220cb70b5b63619c5766f3c5b1a08f8ae6699e593"
"audit/Replay/PerGroup/Full3C_base44/weighted_ensemble_unconstrained_replayed.csv","40984","0b9b5a666629700307436421d7458e4a945a4a6d68cd8b811faa9a3a7af61a70"
"audit/Replay/PerGroup/Full3C_phasenet/PhaseNetMatched_seed42_replayed.csv","41786","345c483b50d85fe05c2078e87fc07d1057ee6dce72b9f27f5ac24b7bab9690de"
"audit/Replay/PerGroup/Full3C_phasenet/PhaseNetMatched_seed42_threshold_statistics.csv","65165","49bddf8bd54510c46721606f5239518293f50fa583bba5b7399d800f05cdff61"
"audit/Replay/PerGroup/Full3C_phasenet/PhaseNetMatched_seed42_unconstrained_replayed.csv","41801","2570844daec6c4181e6361523ff13b6a62e8821147638929e25311df0d0b000f"
"audit/Replay/PerGroup/Full3C_phasenet/PhaseNetMatched_seed43_replayed.csv","38438","c54c3433a021503216b18f7ec55df9d993bc32d554e790d096778cfd702cf557"
"audit/Replay/PerGroup/Full3C_phasenet/PhaseNetMatched_seed43_threshold_statistics.csv","64550","706c83d6e88a3efc0d5c2654155701d9c876593df3269a0a0e5d4e0e09e69c04"
"audit/Replay/PerGroup/Full3C_phasenet/PhaseNetMatched_seed43_unconstrained_replayed.csv","38445","5b89b2c3c8bae2c7698024955b6eea9fd773a6729e5077fbd60bee0c9e8c4528"
"audit/Replay/PerGroup/Full3C_phasenet/PhaseNetMatched_seed44_replayed.csv","42544","b59898a6cbd839b54b6e7d20690176a6bd22b8515069f9f379fb7d0031cd171b"
"audit/Replay/PerGroup/Full3C_phasenet/PhaseNetMatched_seed44_threshold_statistics.csv","65185","91e68fb5d3c601a7c6690805854a5b24aa1e250e55a9d8cecc3e6a00ad74d79f"
"audit/Replay/PerGroup/Full3C_phasenet/PhaseNetMatched_seed44_unconstrained_replayed.csv","42583","8d6badc1ea12f7d056c2ee22800005833480b86a2eca622dc53af95832a0fc82"
"audit/Replay/PerGroup/Full3C_phasenet/loaded_models.csv","716","8678a584953e116237015657e525310d894dc52c95263cbed75bdb0486958170"
"audit/Replay/PerGroup/Full3C_phasenet/prediction_replay_receipt.csv","607","d298a257cd97eefe977026fc93996af02bac19d415f3d0aefe37bd31427ea765"
"audit/Replay/PerGroup/Full3C_phasenet/test_tensor_replay.csv","6961","0bd9cb5a19fff06745a49cb2505f2bf8b0b7b7ad583f5c5875856f3a51cd4153"
"audit/Replay/PerGroup/Zonly_base42/AIC_replayed.csv","37852","0ec2dfba28d39b524aca85b0011773425711477484b5154b7e52c030c0669bec"
"audit/Replay/PerGroup/Zonly_base42/AIC_unconstrained_replayed.csv","37796","bf140243a4a3475f8b88eb5b27642f8e5340540e2d7b3e7c6bd4f82e1ffc9c54"
"audit/Replay/PerGroup/Zonly_base42/CNN_replayed.csv","39601","10cdf36e004c4e9b711df9f275a8123dbb11441bc28cec368bef7fff6d544ff1"
"audit/Replay/PerGroup/Zonly_base42/CNN_unconstrained_replayed.csv","39709","4ddbdcde2505e5293b4d08ef373dd3d9764e9f5913d2cbcf9d9adc1ddd5d42a5"
"audit/Replay/PerGroup/Zonly_base42/STA_replayed.csv","38471","fee43af570cb81b9c2cc033484f3f8e93a3d1775beb509ead092a74e03acd687"
"audit/Replay/PerGroup/Zonly_base42/STA_unconstrained_replayed.csv","38384","8ebcd7673b06f23dae086b978b9033b8304081c61b73da4a4d263ffc18fc8e23"
"audit/Replay/PerGroup/Zonly_base42/TCN_replayed.csv","40244","aedd1a77a192891d2ee9ec72e5017919d40da826edfa7e6fc78d5b20754c5876"
"audit/Replay/PerGroup/Zonly_base42/TCN_unconstrained_replayed.csv","40389","db831e2a8407e0e223bfa3ca0b8197f8e768e487f9727d50efe15470d9e10606"
"audit/Replay/PerGroup/Zonly_base42/full15ch_seed42_replayed.csv","40580","d5f45d980385422fed41ab5325e5de6ddf0ec88dff59b840127ebce840771a8c"
"audit/Replay/PerGroup/Zonly_base42/full15ch_seed42_threshold_statistics.csv","65219","c963cddc7ee8d42c15d4dfbc9fb5a439e20e5f5f12983f30e9fb14258428f2d4"
"audit/Replay/PerGroup/Zonly_base42/full15ch_seed42_unconstrained_replayed.csv","40644","d2fec033b94fcc17c02365808da29b9921b7d857edfed39b7f8d8bd04d3dc196"
"audit/Replay/PerGroup/Zonly_base42/full15ch_seed43_replayed.csv","40766","dd29575638d512b7648c4ef3dc30ba418b37b1c955693357412e11e9617cbddf"
"audit/Replay/PerGroup/Zonly_base42/full15ch_seed43_threshold_statistics.csv","65193","5d2345e5e6f078853e698b3d773de2a6d727eeffba2dbb404df5331093e83815"
"audit/Replay/PerGroup/Zonly_base42/full15ch_seed43_unconstrained_replayed.csv","40869","813b8ada5d02a0b2a04b5783c11b3138324e6a00f2afef5f3aed8f1261cdac7f"
"audit/Replay/PerGroup/Zonly_base42/full15ch_seed44_replayed.csv","40785","aec9615e333e8aa9871d5cc1739c6c48e84e8517df675f390739da1e91ce46c4"
"audit/Replay/PerGroup/Zonly_base42/full15ch_seed44_threshold_statistics.csv","65282","222d41e16941db4712e3e4955d669634cd77dddc37d46d8ba953606a8d54d378"
"audit/Replay/PerGroup/Zonly_base42/full15ch_seed44_unconstrained_replayed.csv","40886","ba491e8277a005bdcdf24c859881b2187897bf86b9752c591165fbc37bcfe009"
"audit/Replay/PerGroup/Zonly_base42/loaded_models.csv","934","82c1e517e08938a9063ca007adb0c9ca003e840f3d5263e091199c3dc5d584cc"
"audit/Replay/PerGroup/Zonly_base42/mean_ensemble_replayed.csv","38842","374737bb36e1570d45b37bf4be87cb6140d5d16640e86b89f49df5a8eedbac72"
"audit/Replay/PerGroup/Zonly_base42/mean_ensemble_unconstrained_replayed.csv","38816","3e00781e5e08268008470a04941bc17f508cc900ae6b14bca69a4c6d1f006fa4"
"audit/Replay/PerGroup/Zonly_base42/prediction_replay_receipt.csv","1338","c969d3aa59cf68029c44f64fecf59ff8e8c69fc7a1f3711f0d13a5b7a2b90407"
"audit/Replay/PerGroup/Zonly_base42/test_tensor_replay.csv","6961","0bd9cb5a19fff06745a49cb2505f2bf8b0b7b7ad583f5c5875856f3a51cd4153"
"audit/Replay/PerGroup/Zonly_base42/weighted_ensemble_replayed.csv","39896","8dd7b0a26752f190c44ed0305fefb08f03e8fec77645755168c3fcb704bc1237"
"audit/Replay/PerGroup/Zonly_base42/weighted_ensemble_unconstrained_replayed.csv","39925","83758903896df73fda130b1a1e2f14d300fc3c08e94211042d673cb2087c0350"
"audit/Replay/PerGroup/Zonly_base43/AIC_replayed.csv","37852","0ec2dfba28d39b524aca85b0011773425711477484b5154b7e52c030c0669bec"
"audit/Replay/PerGroup/Zonly_base43/AIC_unconstrained_replayed.csv","37796","bf140243a4a3475f8b88eb5b27642f8e5340540e2d7b3e7c6bd4f82e1ffc9c54"
"audit/Replay/PerGroup/Zonly_base43/CNN_replayed.csv","39760","6a8e945076ae83364b26fab4f31018f9689e9019a9a70f22e34cb53289da3faa"
"audit/Replay/PerGroup/Zonly_base43/CNN_unconstrained_replayed.csv","39887","f03c216a8509f804175ca046aaca33b9baa2d31511b45f566ff906dcde8377f3"
"audit/Replay/PerGroup/Zonly_base43/STA_replayed.csv","38471","fee43af570cb81b9c2cc033484f3f8e93a3d1775beb509ead092a74e03acd687"
"audit/Replay/PerGroup/Zonly_base43/STA_unconstrained_replayed.csv","38384","8ebcd7673b06f23dae086b978b9033b8304081c61b73da4a4d263ffc18fc8e23"
"audit/Replay/PerGroup/Zonly_base43/TCN_replayed.csv","40171","b956ef2cb65582ebaa12c742ba66ab9fde9a7a6cd8ed7b28eac2b813fdef4948"
"audit/Replay/PerGroup/Zonly_base43/TCN_unconstrained_replayed.csv","40294","85e857015bf00fbae4e7df2c3e0df72e4adb6fb76a794babe6988bc023953221"
"audit/Replay/PerGroup/Zonly_base43/full15ch_seed42_replayed.csv","40584","2f9681f5e7fb685b1377ac9182049dd3bac3bec27bbcfb660a02a9092e0a313d"
"audit/Replay/PerGroup/Zonly_base43/full15ch_seed42_threshold_statistics.csv","65261","c2e8e710314756fdef8789850e7efab2fe5178f91b9a1c4ef86c4c30ef26b821"
"audit/Replay/PerGroup/Zonly_base43/full15ch_seed42_unconstrained_replayed.csv","40613","7581d1aa5fb2c0116ce6ee58b729c2b9a0e7b3df1df886a7e26f835f43fb15a0"
"audit/Replay/PerGroup/Zonly_base43/full15ch_seed43_replayed.csv","40969","d5e2930cef9537b9797d883a985cf86323b68a8eff8bc5f4f8c3de2389db8332"
"audit/Replay/PerGroup/Zonly_base43/full15ch_seed43_threshold_statistics.csv","65350","82ee0b5e27242c8a6bdabf407162b1ff4c399408c218e54ccb092dd7012ba85c"
"audit/Replay/PerGroup/Zonly_base43/full15ch_seed43_unconstrained_replayed.csv","41056","1c7e85866d34bc2873875ef595d9742bc32eee3f6e04ec510365f7c6dea15eac"
"audit/Replay/PerGroup/Zonly_base43/full15ch_seed44_replayed.csv","40805","db2de5a57d37fd4735c093907efec70189ca9902270865aeab730953a48156d2"
"audit/Replay/PerGroup/Zonly_base43/full15ch_seed44_threshold_statistics.csv","65223","1fb9b2aaaae697cee1c7790099545d14def80e11a20ecc32c6b90ef60d8655e7"
"audit/Replay/PerGroup/Zonly_base43/full15ch_seed44_unconstrained_replayed.csv","40881","3cdca7cafa67365eddc5bca71072819bb134db5c79402905b8d90514ddb4e295"
"audit/Replay/PerGroup/Zonly_base43/loaded_models.csv","1009","b238c6f4195399dbbe574640bd7c28a6ba96871f4bb9d26c9721329336503268"
"audit/Replay/PerGroup/Zonly_base43/mean_ensemble_replayed.csv","38857","bc5f29374c10f7dc2642142c52f9f5a8e7ddc1eaed5e147b5c0fc669720e28d5"
"audit/Replay/PerGroup/Zonly_base43/mean_ensemble_unconstrained_replayed.csv","38800","f977aa9e4e413944332ddba2fe1709884c3df899a7c4839bb913fbfa652599e0"
"audit/Replay/PerGroup/Zonly_base43/prediction_replay_receipt.csv","1338","cb46e5a5d294b6ef02e3cd8d5b4f32953767308cde16294d15f540190b96fdf0"
"audit/Replay/PerGroup/Zonly_base43/test_tensor_replay.csv","6961","0bd9cb5a19fff06745a49cb2505f2bf8b0b7b7ad583f5c5875856f3a51cd4153"
"audit/Replay/PerGroup/Zonly_base43/weighted_ensemble_replayed.csv","39950","71ac0a135cd1710fed68c4cf128cb21fdc838132a9fc08310a533cba5243c19e"
"audit/Replay/PerGroup/Zonly_base43/weighted_ensemble_unconstrained_replayed.csv","39960","bc1ce6b48e3637b10850a5bd304e54315488fd7b050dd11f7a6e47ef6bbc7670"
"audit/Replay/PerGroup/Zonly_base44/AIC_replayed.csv","37852","0ec2dfba28d39b524aca85b0011773425711477484b5154b7e52c030c0669bec"
"audit/Replay/PerGroup/Zonly_base44/AIC_unconstrained_replayed.csv","37796","bf140243a4a3475f8b88eb5b27642f8e5340540e2d7b3e7c6bd4f82e1ffc9c54"
"audit/Replay/PerGroup/Zonly_base44/CNN_replayed.csv","39908","6dc8888d531b7d8343ae98bcc351a172f96499bc385459e3bf1869063acdcc46"
"audit/Replay/PerGroup/Zonly_base44/CNN_unconstrained_replayed.csv","39979","c7713bd69b39473284f010be3dc43e659468866d224a531939f5842af2b8728d"
"audit/Replay/PerGroup/Zonly_base44/STA_replayed.csv","38471","fee43af570cb81b9c2cc033484f3f8e93a3d1775beb509ead092a74e03acd687"
"audit/Replay/PerGroup/Zonly_base44/STA_unconstrained_replayed.csv","38384","8ebcd7673b06f23dae086b978b9033b8304081c61b73da4a4d263ffc18fc8e23"
"audit/Replay/PerGroup/Zonly_base44/TCN_replayed.csv","40177","dbbfb2e9958bd42e897db656e49187f0340729fcf9658a50cd7fbde947f41ce6"
"audit/Replay/PerGroup/Zonly_base44/TCN_unconstrained_replayed.csv","40305","55e50ba1ab3454e9172c317044a2371205ada54a953917a2b89545f51e788e3c"
"audit/Replay/PerGroup/Zonly_base44/full15ch_seed42_replayed.csv","40855","23fd68ba31ace7a12084ddc3e90507b588fc6d08b1736b12c62f02e9212e224a"
"audit/Replay/PerGroup/Zonly_base44/full15ch_seed42_threshold_statistics.csv","65272","fb63e55b50c534460cdef9282cb35b51ac3e024a4a63fb71e286ba1707d85e7d"
"audit/Replay/PerGroup/Zonly_base44/full15ch_seed42_unconstrained_replayed.csv","40932","588f4c5a6f5456e352d0fa39c916117646b1a61e580062009c5bad5ac17bc76a"
"audit/Replay/PerGroup/Zonly_base44/full15ch_seed43_replayed.csv","40841","5bb66d5c1b6ffaa2207d1bba396ea572d3c77c6f929e53d9311309995de468ab"
"audit/Replay/PerGroup/Zonly_base44/full15ch_seed43_threshold_statistics.csv","65256","d4029d7d62f90629cef085c8f771e36279cc69d992022b5f59d78186471098ec"
"audit/Replay/PerGroup/Zonly_base44/full15ch_seed43_unconstrained_replayed.csv","40884","8237a1dbec43591fc2ba790e1bcb7ed925ae99a7b7d42fa4c1ed29c6a2089354"
"audit/Replay/PerGroup/Zonly_base44/full15ch_seed44_replayed.csv","40831","4d263da46781cdfefbbbbc2e64a06e76fb96bdb7d7deae1073698797be970bbd"
"audit/Replay/PerGroup/Zonly_base44/full15ch_seed44_threshold_statistics.csv","65266","6861dbe4b8a2ede4b5f27724ce55abdaa8f905423414e4b85e141270b2f77ea3"
"audit/Replay/PerGroup/Zonly_base44/full15ch_seed44_unconstrained_replayed.csv","40896","b11da8529292a1bb1bf60d94fc09ceed1f092cd9bbe785c12cf66088b05b86a5"
"audit/Replay/PerGroup/Zonly_base44/loaded_models.csv","1009","c0159821f9efcfc78d74b433642bc70fd1a8fd6700642b562c5f228c8fd46946"
"audit/Replay/PerGroup/Zonly_base44/mean_ensemble_replayed.csv","38781","e0494c19ae072a580fffeeda500ae610c4acef448587b1fe86ba891e36dea640"
"audit/Replay/PerGroup/Zonly_base44/mean_ensemble_unconstrained_replayed.csv","38764","4f9ee55775bd850dc48dfabadae59c7c6303c92171e2f6f274371b44a21ca58f"
"audit/Replay/PerGroup/Zonly_base44/prediction_replay_receipt.csv","1337","1013bdc2e999657fa9320c030b84d9c744394b26aad093f3d5513707e09bf08e"
"audit/Replay/PerGroup/Zonly_base44/test_tensor_replay.csv","6961","0bd9cb5a19fff06745a49cb2505f2bf8b0b7b7ad583f5c5875856f3a51cd4153"
"audit/Replay/PerGroup/Zonly_base44/weighted_ensemble_replayed.csv","39760","7909dab74fdea3684618db699433d067a0cda42126d7de2ca63664a6ba4976ae"
"audit/Replay/PerGroup/Zonly_base44/weighted_ensemble_unconstrained_replayed.csv","39768","f9784aac8820208064e380b75ea6f02939d2ffab537d7e7285523f0b0cb296cd"
"audit/Replay/PerGroup/Zonly_phasenet/PhaseNetMatched_seed42_replayed.csv","38630","a8a2167bb9c338ac149f76d4a76ca0b3cbf37dc96f4ca5c1180ecd09a4175aa3"
"audit/Replay/PerGroup/Zonly_phasenet/PhaseNetMatched_seed42_threshold_statistics.csv","64680","73c1c3ceca09a6be7563eb642637d1036df80ef29414a687a3d25fc4a6c62e72"
"audit/Replay/PerGroup/Zonly_phasenet/PhaseNetMatched_seed42_unconstrained_replayed.csv","38635","c42d9415c169c29e94cba271839458778cff61e17a2ffe71cf5127ac4b0e9368"
"audit/Replay/PerGroup/Zonly_phasenet/PhaseNetMatched_seed43_replayed.csv","42397","f1cf16afdf3f09d2c4a3f95a6d40ae9a20804ead6a5b926bccc4132edb9c1c0d"
"audit/Replay/PerGroup/Zonly_phasenet/PhaseNetMatched_seed43_threshold_statistics.csv","65253","6bf59174a96bac47413aaa5d4e1f765a7ebcd6362dacb2cd1771ae3ab0b59acc"
"audit/Replay/PerGroup/Zonly_phasenet/PhaseNetMatched_seed43_unconstrained_replayed.csv","42405","4583ba2f3ca68a90ad79656d3f8982908703d373187da9c83f596fb47435a31e"
"audit/Replay/PerGroup/Zonly_phasenet/PhaseNetMatched_seed44_replayed.csv","40368","5a19dd16d1fc31adb37d6b08d57357e3e102bed82f7dec1e441815e703b4d16c"
"audit/Replay/PerGroup/Zonly_phasenet/PhaseNetMatched_seed44_threshold_statistics.csv","65108","283d558c3b1c58d558fa2bbeb0b85dc7191e1c60de28e77eacc646b8036e2b76"
"audit/Replay/PerGroup/Zonly_phasenet/PhaseNetMatched_seed44_unconstrained_replayed.csv","40351","2e352ba1077765145a83b3515f8774c7c9c422ed4cfb10f3fe773311cc6f8bce"
"audit/Replay/PerGroup/Zonly_phasenet/loaded_models.csv","704","0e7402624cd9602bf6358653746fa41cf4a3d53ac71db8002c0a1294fc92ef1c"
"audit/Replay/PerGroup/Zonly_phasenet/prediction_replay_receipt.csv","601","b9c6ab1ccedeefb8172134915ebd84a2a8ac3fdc2db0444469c289b2b26ed669"
"audit/Replay/PerGroup/Zonly_phasenet/test_tensor_replay.csv","6961","0bd9cb5a19fff06745a49cb2505f2bf8b0b7b7ad583f5c5875856f3a51cd4153"
"audit/Replay/all_loaded_models.csv","20043","da9880343543525022b686b23c4852599e2d4c2dfefae76b1cb38bf3899db510"
"audit/Replay/all_oof_replay_receipts.csv","1046650","dfdae78e79f4dfb563406d7e98b7c8bdcc0af30cff2e1c1d58b05c60281fe43c"
"audit/Replay/all_prediction_replay_receipts.csv","10092","c6be9dfb2a7136a8d3da9cf4b337abbd1adb711986e81b4c1d65576ea9b76889"
"audit/Replay/all_test_tensor_replay_receipts.csv","68347","9cd7112afeeafa4b663833042cbbb92944aaeb05f0dda81d9dcbdf1a7e6a2710"
"audit/Replay/cache_io_optimization.json","407","160c350fab8dd3eb5ffeadb85cd01c7302ccfa1125a4ccc02c1d731210f8f215"
"audit/Replay/code_before_replay.csv","15837","37f66708cd6a12137a5c880e070d506dd03be25821d1b542296ece4cb0dc3e2a"
"audit/Replay/document_content_checks.json","989","2bfd8a6c56455868b984091af88e60c8937f94aa1a20b9c0c02acc203c09c61e"
"audit/Replay/final_content_verification.json","834","f0eed7c3be8e4e4aa7b1f085eb98a93add6d92cad930abc6984300f51cb48129"
"audit/Replay/layout_audit.json","324","b9eaa43a392928acafffb8a30cbbb5e6d8531a44f3db8906e80a34d379804780"
"audit/Replay/main_text_length.json","223","4115a2baf330671da5dc6b61c9f742cf68b846a66e6003f472d212585a53a7d5"
"audit/Replay/model_manifest.csv","20043","1fdad724e1e4cdef7a9788bd22d244ab6a9889050b755158796fc3e122b4aae9"
"audit/Replay/prior_audit_input_integrity.csv","67401","ae4a75d2f5a058646f268134f7b0d5ab350fabc109e15e35be265c53d7bdcaf3"
"audit/Replay/protocol_before_analysis.json","1417","f2a55a209a79e8b1da269f7f72767e2144b2108e5eae5e9534ac3239826e1094"
"audit/Replay/replay_verification.json","808","114027d22f56cfce273ed9098837ae13f1f7554ac1afbd858fb166e36cd965fd"
"audit/Replay/test_jobs.csv","14588","771eb54585070eeff102cdfc57f8976deed66c8a1c8a24507c753d636955dc66"
"audit/Replay/visual_qa_signoff.json","1120","6274d759214b768fa2e0f819c8652713927cec798cc4c6c6cd69b011b536e602"
"audit/station/input_hashes.csv","4592","db3632105865ddc2520429a77e7fd78cd30f31d77e8f7010318df061cfaa1b13"
"audit/station/sensitivity_paired_bootstrap_100ms.csv","10518","fa417975219f31f269584a6f1c116da4c17bac29af8473287efe61fbd99c69cc"
"audit/station/sensitivity_per_fit.csv","213740","ddf625dce59f34d72bd4d9c86cecde4eed7db90b90d11c5109182c228d0d4670"
"audit/station/sensitivity_summary.csv","57393","ac0fb55147f14a97224bd1ecad09a9fa32b8fbf9a48baa82b799abc98a0e4ac6"
"audit/station/station_key_intersections.csv","231","fb679643b786040fba1f51d137d55030c98b5a11be82febd7daf88354fb775ab"
"audit/station/station_subset_sizes.csv","157","6d7aedf55bbc023fb0ed190aee7ad97a0ca5928689f0636d35eb98836b4e97c2"
"audit/station/station_summary.json","922","a13ec5ec074f19e81217853760ec4695d0c635dc33066aa16755041a6d29256d"
"audit/station/test_station_membership.csv","15533","9f6ac0c588aa29f3902ead59f928fcc966cdb5a08e41dd0fcba10c2f34788f8c"
"audit/threshold/csv_precision_margin_check.json","195","c2f5c98482286a22907b195fd2975da9e94f7755b31813546f4123a1bf1fd80e"
"audit/threshold/primary_decoder_reconstruction_checks.csv","1045","0cf237c595ecc26783dc6708c3ed154651ec7d9de198718666c2273634da233f"
"audit/threshold/threshold_paired_bootstrap.csv","65000","a1cbe5875782ca2792e83a7956f668076fd16289eee6a87dcc106b4fc83ba362"
"audit/threshold/threshold_paired_seed_differences.csv","75383","86ab2b12fa22ce5eebd7ec3ee3813a58136622c2ef0d40ba01e6173d504b562e"
"audit/threshold/threshold_per_fit.csv","285848","59e010989fdef5841e9fda114c3dea20d169955cdd805c53b4d1f439476f7838"
"audit/threshold/threshold_range_summary.csv","2180","897d4e0e709610f8f2e351f21ec755f48ad643630176cf6a1e0648be7a035ec7"
"audit/threshold/threshold_summary.csv","68492","35dadb5c95cad1eb36fd1f1310e7cbf948199df2a013cfa624ddcb85617a76cb"
"audit/threshold/verification.json","386","ca6ac0969b5cb9374cca760b83aaff83633c58aa3e9120bb6a53db96453838a6"
"audit_execution_history/ExecutionHistory/replay_audit_v2_before_block_io.m","8286","181352bb5fc24afd5ca350a6b843393550dd8bcece8131f0754c8330b3d568b9"
"audit_execution_history/README.md","2535","9a8cb86b0d8442a35ed18f35515631f34588e875076901bf9c78e59d1828598b"
"audit_execution_history/SCOPE.md","387","d31e5165d1c94155bb577df37e16ece126392d73546e8df455d1e8c26c5080ab"
"audit_execution_history/audit_archive_fingerprints.py","7061","105fe05ff514b6f3b7a312bd81d97219ef7a19e5d279494c8aa28b67679c6b01"
"audit_execution_history/audit_full_v2.py","8780","1ce158a123ca997012308b304cbc1bae55fa1bf249e27a0dcba1632b866c538a"
"audit_execution_history/audit_input_identity.py","2280","2d169ef9a168e1ec3b292757333c901bebfd14ab6545825f33ad62e6fe03cca8"
"audit_execution_history/audit_interim_results_v2.py","8985","ac68a9990602c4950423f7c74ae73f5e3a7510969b4f416c875eb9c788738624"
"audit_execution_history/audit_recovered_splits.py","2061","ddb93d67e695247719b18579b5d9ce07b51feb88c544d03590481f11e809c76a"
"audit_execution_history/audit_roles_manual.py","11060","68eceebeb6265e1c48810b47f9d919cad1752ad251338ebf7ededb5eddd14197"
"audit_execution_history/audit_station_v2.py","2986","535ef81d4d66cfd4d53b4503ae1e4d15356e847450b28f1cc4bcef6bba131057"
"audit_execution_history/audit_threshold_v2.py","6964","8508a14483bb75212d3f2393e49f057f8fc826ce544c8afe83bbcafb9c01b32d"
"audit_execution_history/check_replay_documents.py","2808","3fc7266ae4a25a42a238d73dadea3a2b2340eede94f9e91f0115a3d84382bb16"
"audit_execution_history/check_threshold_margins.py","1000","bb8fead12e5cd855067469e69312f1e8b46bcedcc3addc762018b075ec274127"
"audit_execution_history/compact_replay_main.py","11303","112450815c0b450854532a78caf0a03d2eb7154109f64e05da9bb0ee302b4c09"
"audit_execution_history/export_v2_tensor_hashes.m","1351","d298382fd7449ce5cdafa89cfcf849cf3f462466032bfeeb1b01cc5876e8bebb"
"audit_execution_history/finalize_replay_audit.py","3507","0014938d0400e014e832a67d09a40f3aa93b8861486719be8b50f4c18cbed7f8"
"audit_execution_history/finish_oof_parallel.py","1933","21cd0dc8206e27c90849527e3af4518bdf2d4d78b35355d571c1769fb71b0897"
"audit_execution_history/integrate_replay_docs.py","31448","51b861089fc43a4ad2e9c99cbc321833d9a8e66cb2c8349e0016a0fac12bd871"
"audit_execution_history/plot_threshold_v2.py","3942","552dcb286e83813deae2a7bb39a890f8ddeb6f01cbe38a3adcc5edd6d461e910"
"audit_execution_history/polish_replay_main.py","648","e524469deb7673238f02b0dda2eefae3c2e0e986fd8880a0fa250a0a14536508"
"audit_execution_history/polish_replay_supp.py","1173","e319752cc3d4fbcece1afa444ac0f4f7e93dd36634b948130f61ec186912c434"
"audit_execution_history/prepare_replay_audit.py","3310","7668f8575926b2004e343fbce073ced595481287161a76224712812d36afe944"
"audit_execution_history/render_replay_qa.py","1603","8396a3c3bcc5e63c6f23a5f0d9d6188737a3fa552061e78cbbcdf34de4d24ca1"
"audit_execution_history/render_replay_word.ps1","536","a20cccd6ae4a7ae356a76ae18052a1810cb1e65d3a0010a8c9556f8a50070306"
"audit_execution_history/replay_audit_v2.m","8528","c649ea695d672b5ca6da607099a56acad9b0b8908712d9dd15ab356ed36dac76"
"audit_execution_history/report_replay_v2.py","7132","a69e8c6714da6349510885dc8302c4addbff499b77cf2e2d6bca54aea4d0dec9"
"audit_execution_history/resume_oof_replay.py","1943","436cafd9e8a56ab83519dd7fe9548a36c202465acc88cf21d373835059c79857"
"audit_execution_history/run_replay_audit.py","1478","5e7567f8b53ff394dbb053f711be7f08e9b1231b4b0f68b6611147d9abe697f3"
"audit_execution_history/smoke_public_v2.m","740","e41c3f9c505c5a135fd48d3427b501b535c34409eb4809963c29e9c2088e0dc9"
"demonstrate_contracts.py","2798","5df367af81b4f74ee78cb3c9e410ca76a3bc017ab4a427fe8edae2fd642cc0b8"
"documents/CG_Cover_Letter_ReplayVerified.docx","11758","01d4b7deb05100d87ab8d639bf504dbb6f56453135e02224d2f199963321178f"
"documents/CG_Highlights_ReplayVerified.docx","37711","4d87a30ff958d237b6a866cb0154bcd6bccae22c7bfe658aab1316ebf51f12e7"
"documents/CG_MainText_ReplayVerified.docx","8432855","8bd7b8406ebdfe116ff22cbdd88ab0d679b35b071c575c87fa29a8ddd84203d1"
"documents/CG_Supplementary_ReplayVerified.docx","4892280","2d9e3514f57562da2c37ee49846bb498d98bbe74304bbf2df09d4156f45ece44"
"documents/ESI_20260925/ADAPTATION_REPORT.md","2107","5e0fd6d4b29303d56b9c961380dc5c3bcc878787eaff3f1d5c4b1580098a18fa"
"documents/ESI_20260925/ESI_Cover_Letter.docx","11716","478cf96411115aba8b03baa8e31ed369b149bf5f42f2ab79c4d19d1f3238ca3f"
"documents/ESI_20260925/ESI_Highlights_Optional.docx","37693","d8fcc915337e780b84fc4cc80697812817b02a15b7172eae84cd2ebd815278f1"
"documents/ESI_20260925/ESI_MainText.docx","2927177","f0baee875da032cc4ae6a7a79b4f6be83184bae5a38e7bbcaf6c56f75781650c"
"documents/ESI_20260925/ESI_Supplementary_OnlineResource1.docx","1086989","57069515ad74f4a071d0b819c470578b098b8937e40416590ef1328cbac33749"
"documents/ESI_20260925/ESM_1.pdf","967364","834c70178ef7785e9a0c8b0b8afba5626d42d0f1b4f56d051d6ba7928657d31c"
"documents/ESI_20260925/README.md","1844","bcf53c29ff222b4f486b4748b5c7c4305dfb049bdf156d45612afc8bf0d69c46"
"documents/ESI_20260925/SUBMISSION_METADATA.txt","2051","8d5570834ccc8e76c0c2fca9fb852b7d942300670a7db15ae855137c7875b907"
"documents/ESI_20260925_Round2/Audit/content_preservation.json","214","9442cf7ab8acb6db889646b9517983cfcb33c727e2459fd79feb6ce5422c12e0"
"documents/ESI_20260925_Round2/Audit/final_content_checks.json","753","c100f6665190126f1502d827befe49146f0d9c7a8b44f5f14760dbe07215d728"
"documents/ESI_20260925_Round2/Audit/reference_metadata.json","26012","b0e32eda952b5f525a3ce9a06f4ddafb0cc574885a8bba4c8ed5290d941a8d7d"
"documents/ESI_20260925_Round2/Audit/revision_changes.json","71692","ece6bb7ed22bea3293924a89ff730e4ea8bd01e9358d1b4d0ee6a468107de17d"
"documents/ESI_20260925_Round2/Documents/ESI_Cover_Letter.docx","11810","df4f7010f90baf2c039b4799e0a19541efac718381404efb9dcc51ed95b05b03"
"documents/ESI_20260925_Round2/Documents/ESI_Highlights_Optional.docx","37684","765b46269b00f1d8b1e2f5036184f358260806955f07a7de7dcccc6345e4213b"
"documents/ESI_20260925_Round2/Documents/ESI_MainText.docx","3550174","520af43aab5b04c2ee19ca36695c2b721792ffa1b1af92b3c4472a3c81bfb856"
"documents/ESI_20260925_Round2/Documents/ESI_Supplementary_OnlineResource1.docx","2381898","8bce92264557c67dab10e32d8a2895cc25f3649e24a90d214d223aa2c999495a"
"documents/ESI_20260925_Round2/Documents/ESM_1.pdf","1810821","851bdcb59a90a19ba01e30eabc6e9c69a2a155fd5f0fe7a3e68455f4f2b4525c"
"documents/ESI_20260925_Round2/Figures/Fig01_Workflow.pdf","38493","10428dd463aaf2611831f2b55c09dbe0a43563b758826c1f6c8708d2dd9d7b9f"
"documents/ESI_20260925_Round2/Figures/Fig01_Workflow.png","699480","e20fe2887335625cf882ba8c47fb81f7fb150fc698567fbec57f1f94468c0cda"
"documents/ESI_20260925_Round2/Figures/Fig02.pdf","18621","0ae0f9b9764d30a494e9f624150dc95ecbef60b7f0b8b99c05d6566caef18f1a"
"documents/ESI_20260925_Round2/Figures/Fig02.png","234499","9c20e6a8b5d3fa6f1d1810e3977f2e4847e97e8288ba7ed20729d0e0284f6163"
"documents/ESI_20260925_Round2/Figures/Fig03.pdf","22748","7c11d4240997d27a0c0b87a8af195ba57944dcb3b9e047879949e9d337ffc050"
"documents/ESI_20260925_Round2/Figures/Fig03.png","365733","fb1af57e074f76aa77af24feef112549729815689b6e0d254db56e684b48a976"
"documents/ESI_20260925_Round2/Figures/Fig04.pdf","78702","0523b7623f4f3942c829b4aac65742b2672a54c96ac1fa76e00dab6ad454bef9"
"documents/ESI_20260925_Round2/Figures/Fig04.png","525510","b6916a4b7ab9132fda18c61fcb11a2497e467ab113d9a6e44198e20af4e8b309"
"documents/ESI_20260925_Round2/Figures/Fig05.pdf","15479","004a719b6c5a041d3da201d6baedd3d0d42b0717aa6d993f295e77919101fe27"
"documents/ESI_20260925_Round2/Figures/Fig05.png","188506","b8370565730952f332ec1a0f06cd33c5cc967fff7fb4989e9e7f1cbab2e2bb4e"
"documents/ESI_20260925_Round2/Figures/Fig06.pdf","15117","064e71798c653b3841d735f5ac73a2bffa9f479391377b879f6a01fdb8782a32"
"documents/ESI_20260925_Round2/Figures/Fig06.png","291928","7c610c66224ac969efe5982d0f0ede324094afbc86d8753f1357cc3cf812c283"
"documents/ESI_20260925_Round2/Figures/Fig07.pdf","266265","e98ac90ead2123f0242d35e646aaeaf5ad3450fd3dbc9e441849f89dfce52564"
"documents/ESI_20260925_Round2/Figures/Fig07.png","1839470","acc094aa9482e0cd88f0e998a27528e3cf28b8df20920e4ab9df44171a080a3c"
"documents/ESI_20260925_Round2/Figures/FigS01.pdf","79652","3a6fc891fd2b734d5bf81f77243caa6cdefd002edc615515f4d1fc32d321a2f4"
"documents/ESI_20260925_Round2/Figures/FigS01.png","292638","302e4a81407247a9b7e8091e14cdf92288237316514d7fc27fe660982ea571bb"
"documents/ESI_20260925_Round2/Figures/FigS02.pdf","21086","e694e3cb7c041422206805cf4d0756aee32d866a4cbf9ec9a0ffd7adfe57ad20"
"documents/ESI_20260925_Round2/Figures/FigS02.png","287807","b871412e6d5e0f51dc41197bff64335ae2f6a9f9fc6e65b255805413c8f98579"
"documents/ESI_20260925_Round2/Figures/FigS03.pdf","14284","6ec967fe1f1bd934ca8aa54de4fae241e454394cf6ee22e9b723aeee6c124202"
"documents/ESI_20260925_Round2/Figures/FigS03.png","221498","edf4e9b74b1f9d097de1eda10acae2dde2aaa750f65cc3d996b850f761993ae3"
"documents/ESI_20260925_Round2/Figures/FigS04.pdf","15738","d44684e3179c96bcd500349d1ce31a6ee9202ae5a35b41522d44e0e87c0c8de6"
"documents/ESI_20260925_Round2/Figures/FigS04.png","314152","ecf44d4b96324db5d360738270a1d0fc318cdc9246cec78fda1ef0f2a6bb1666"
"documents/ESI_20260925_Round2/Figures/FigS05.pdf","78702","0523b7623f4f3942c829b4aac65742b2672a54c96ac1fa76e00dab6ad454bef9"
"documents/ESI_20260925_Round2/Figures/FigS05.png","525510","b6916a4b7ab9132fda18c61fcb11a2497e467ab113d9a6e44198e20af4e8b309"
"documents/ESI_20260925_Round2/Figures/FigS06.pdf","20104","ab6d2ec67c3756dc21c3194c9c719f05021c62512fdb3860cb68bdc9ae253ea7"
"documents/ESI_20260925_Round2/Figures/FigS06.png","328937","b82dd5c4a34bfdfd010ad3465d9d81ff65adda52a53985ba5d304d36f9eff375"
"documents/ESI_20260925_Round2/Figures/FigS07.pdf","31422","d3bba1ff3feeaa2275e352f6b8756297a3ae3435e3aec55f8d6fc7a20c364b40"
"documents/ESI_20260925_Round2/Figures/FigS07.png","780537","eff9565a83c2ddfd0b6c9bfcfba0dd5c6f507a3481efde6aa58dce885f7135b7"
"documents/ESI_20260925_Round2/Figures/FigS08.pdf","14284","6ec967fe1f1bd934ca8aa54de4fae241e454394cf6ee22e9b723aeee6c124202"
"documents/ESI_20260925_Round2/Figures/FigS08.png","221498","edf4e9b74b1f9d097de1eda10acae2dde2aaa750f65cc3d996b850f761993ae3"
"documents/ESI_20260925_Round2/Figures/FigS09.pdf","22912","4386c146e155f2dad653de24d07800fa4e895e432d1201e1c8899f75aee13dee"
"documents/ESI_20260925_Round2/Figures/FigS09.png","343706","44aa0874f2fa90e29764b46fc244b309a7cd5eaf86b961051cd4caa136cecee8"
"documents/ESI_20260925_Round2/Figures/FigS10.pdf","31650","a15d93ca0b1b0be20fb64746121bb46b8df3d1d49c5d48c8447027b2512eb2b0"
"documents/ESI_20260925_Round2/Figures/FigS10.png","339529","f6b46a61284bb760d653cf6ae23aefb6ded35b671c435ec4812ed49d2be5be25"
"documents/ESI_20260925_Round2/Figures/FigS11.pdf","44084","8772fbf5a5285e53fcdeae3cf21527c41746ae13f9c8e45066b624c3892fc630"
"documents/ESI_20260925_Round2/Figures/FigS11.png","1327104","f14653e352a2ca926b071bb594ab2dd2d487a612f819be55e42ac1f9cd8e25b7"
"documents/ESI_20260925_Round2/Figures/FigS12.pdf","23474","d7b978fe245160fb5b066eb046fc82f4270a60347d3d3adb2ad3ed083e34c295"
"documents/ESI_20260925_Round2/Figures/FigS12.png","642871","4e90336622aeadfd82ee7e7b0cef78a3296f9fd8ce71dc9dc098eeba2d23c5d3"
"documents/ESI_20260925_Round2/Figures/FigS13.pdf","14360","841f0cd2fa9f494cf373f11f8ee46e10d50e7f666a92f127a50486ad42e61381"
"documents/ESI_20260925_Round2/Figures/FigS13.png","269413","6c672934b3609d47cb89c43bd120ab387ae36cb6959748fc61d5b74085132660"
"documents/ESI_20260925_Round2/Figures/FigS14.pdf","17522","dc803d5b3a1ca100135c665479dacc899e134661a5e97cf6879e040c22152c6d"
"documents/ESI_20260925_Round2/Figures/FigS14.png","440833","2141f971e41736a81571c2b3d30c44ab067ec088146e73d760aebe89e707f7fd"
"documents/ESI_20260925_Round2/README.md","1025","bef774f34009603774210ede08b1cfb395da13fa30461a063a0a29028aef843d"
"documents/ESI_20260925_Round2/README_UPLOAD_ESI.md","1411","e16c0fe781d69db9f1e5602e8d6001f79867b532deca255cfd624c6eedfd5669"
"documents/ESI_20260925_Round2/REVISION_REPORT.md","3982","54d2d12238baae2209c4172c74752668839dab1fb6ec29779984d2eceae47d8c"
"documents/ESI_20260925_Round2/Reconstruction/README.md","3471","9f0c25492e44499e746cbd91f14f4e877e45afef9a680836f32277de0b19c4c4"
"documents/ESI_20260925_Round2/Reconstruction/inputs/partition_membership.csv","139019","b0e20e24530bef804a4d07a40836eac5e7dc68743cdc1c8f06b17a687f4bb1fb"
"documents/ESI_20260925_Round2/Reconstruction/inputs/waveform_hashes.csv","332903","540b26cc1c747a2f35cc737788c0e6f61519838a1f832ab6f3c1b19a055a39be"
"documents/ESI_20260925_Round2/Reconstruction/receipts/records.csv","280813","50398ef72074146239ce94471f76c0d8227463de2f431d0f48eae3fd413ead31"
"documents/ESI_20260925_Round2/Reconstruction/receipts/safety_tests.json","181","ac111698e3919314655e807ceacde33497d2df7307c13eaaf4378ec95683b133"
"documents/ESI_20260925_Round2/Reconstruction/receipts/summary.json","637","cee4d5e0cd1f7087096361420e6e713bc7ed498e24795dc41e90021978c7f081"
"documents/ESI_20260925_Round2/Reconstruction/regenerate_retained_csv.py","4142","cf9dde2b06271653bce62701d8be46d94ce96ccc77ee25230370335cba338451"
"documents/ESI_20260925_Round2/Reconstruction/requirements-regeneration.txt","43","b81e1cf8ba02f6b07babba52350f508e293bcbc2d66536282c77aa138eaa8ceb"
"documents/ESI_20260925_Round2/SUBMISSION_METADATA.txt","2257","4e3af3f72f0968695db11f7c1ef23466d235a301a15bf72e7d49ed92f499a6df"
"documents/README.md","572","812653dbc1a24060b1895d709afaea0902c9ec2bead7fe07470a59b7279560a5"
"feature_hashes/Full3C_base42.csv","316692","5f9e75413d6a33b28ac7d7f51f494e1f5e361c1bcb835999140300b51e49a913"
"feature_hashes/Full3C_base43.csv","316692","fb0a6c0c9d8142410e0a572b2e5d0bb1e06600e25a5f8e187835682d9061f7e5"
"feature_hashes/Full3C_base44.csv","316692","0524fbff478ea18171ba021ab4c3b4fbed901852dcb86e643a0b3166785703e8"
"feature_hashes/Zonly_base42.csv","316692","77d9501de220de095c28ab3aa02c8d429e87fa4b121cd38dda7058aa58208b13"
"feature_hashes/Zonly_base43.csv","316692","360c009e71e53273fb27243e92916271771205dd357845088cd26de0c272ce5d"
"feature_hashes/Zonly_base44.csv","316692","c0e3078c3dfbc774ec79a2bf69fa35e26f5e3ceb02a370bd806dc5df5acce4ee"
"figures/S6_roles_manual_sensitivity.pdf","20104","ab6d2ec67c3756dc21c3194c9c719f05021c62512fdb3860cb68bdc9ae253ea7"
"figures/S6_roles_manual_sensitivity.png","328937","b82dd5c4a34bfdfd010ad3465d9d81ff65adda52a53985ba5d304d36f9eff375"
"figures/S7_threshold_sensitivity.pdf","31422","d3bba1ff3feeaa2275e352f6b8756297a3ae3435e3aec55f8d6fc7a20c364b40"
"figures/S7_threshold_sensitivity.png","780537","eff9565a83c2ddfd0b6c9bfcfba0dd5c6f507a3481efde6aa58dce885f7135b7"
"figures/main1.pdf","33181","d8c4baf33d02f25c1ddaddacf92f314ef1392a42796cb019f03f1d835707161c"
"figures/main1.png","526877","9692105e763c74f03ea9d1534905aefaa889026423539fe8fb58db2590761667"
"figures/main10.pdf","14360","841f0cd2fa9f494cf373f11f8ee46e10d50e7f666a92f127a50486ad42e61381"
"figures/main10.png","269413","6c672934b3609d47cb89c43bd120ab387ae36cb6959748fc61d5b74085132660"
"figures/main11.pdf","15479","004a719b6c5a041d3da201d6baedd3d0d42b0717aa6d993f295e77919101fe27"
"figures/main11.png","188506","b8370565730952f332ec1a0f06cd33c5cc967fff7fb4989e9e7f1cbab2e2bb4e"
"figures/main12.pdf","15117","064e71798c653b3841d735f5ac73a2bffa9f479391377b879f6a01fdb8782a32"
"figures/main12.png","291928","7c610c66224ac969efe5982d0f0ede324094afbc86d8753f1357cc3cf812c283"
"figures/main13.pdf","17522","dc803d5b3a1ca100135c665479dacc899e134661a5e97cf6879e040c22152c6d"
"figures/main13.png","440833","2141f971e41736a81571c2b3d30c44ab067ec088146e73d760aebe89e707f7fd"
"figures/main14.pdf","266265","e98ac90ead2123f0242d35e646aaeaf5ad3450fd3dbc9e441849f89dfce52564"
"figures/main14.png","1839470","acc094aa9482e0cd88f0e998a27528e3cf28b8df20920e4ab9df44171a080a3c"
"figures/main2.pdf","18621","0ae0f9b9764d30a494e9f624150dc95ecbef60b7f0b8b99c05d6566caef18f1a"
"figures/main2.png","234499","9c20e6a8b5d3fa6f1d1810e3977f2e4847e97e8288ba7ed20729d0e0284f6163"
"figures/main3.pdf","22748","7c11d4240997d27a0c0b87a8af195ba57944dcb3b9e047879949e9d337ffc050"
"figures/main3.png","365733","fb1af57e074f76aa77af24feef112549729815689b6e0d254db56e684b48a976"
"figures/main4.pdf","78702","0523b7623f4f3942c829b4aac65742b2672a54c96ac1fa76e00dab6ad454bef9"
"figures/main4.png","525510","b6916a4b7ab9132fda18c61fcb11a2497e467ab113d9a6e44198e20af4e8b309"
"figures/main5.pdf","14284","6ec967fe1f1bd934ca8aa54de4fae241e454394cf6ee22e9b723aeee6c124202"
"figures/main5.png","221498","edf4e9b74b1f9d097de1eda10acae2dde2aaa750f65cc3d996b850f761993ae3"
"figures/main6.pdf","22912","4386c146e155f2dad653de24d07800fa4e895e432d1201e1c8899f75aee13dee"
"figures/main6.png","343706","44aa0874f2fa90e29764b46fc244b309a7cd5eaf86b961051cd4caa136cecee8"
"figures/main7.pdf","31650","a15d93ca0b1b0be20fb64746121bb46b8df3d1d49c5d48c8447027b2512eb2b0"
"figures/main7.png","339529","f6b46a61284bb760d653cf6ae23aefb6ded35b671c435ec4812ed49d2be5be25"
"figures/main8.pdf","44084","8772fbf5a5285e53fcdeae3cf21527c41746ae13f9c8e45066b624c3892fc630"
"figures/main8.png","1327104","f14653e352a2ca926b071bb594ab2dd2d487a612f819be55e42ac1f9cd8e25b7"
"figures/main9.pdf","23474","d7b978fe245160fb5b066eb046fc82f4270a60347d3d3adb2ad3ed083e34c295"
"figures/main9.png","642871","4e90336622aeadfd82ee7e7b0cef78a3296f9fd8ce71dc9dc098eeba2d23c5d3"
"figures/supp1.pdf","79652","3a6fc891fd2b734d5bf81f77243caa6cdefd002edc615515f4d1fc32d321a2f4"
"figures/supp1.png","292638","302e4a81407247a9b7e8091e14cdf92288237316514d7fc27fe660982ea571bb"
"figures/supp2.pdf","21086","e694e3cb7c041422206805cf4d0756aee32d866a4cbf9ec9a0ffd7adfe57ad20"
"figures/supp2.png","287807","b871412e6d5e0f51dc41197bff64335ae2f6a9f9fc6e65b255805413c8f98579"
"figures/supp3.pdf","14284","6ec967fe1f1bd934ca8aa54de4fae241e454394cf6ee22e9b723aeee6c124202"
"figures/supp3.png","221498","edf4e9b74b1f9d097de1eda10acae2dde2aaa750f65cc3d996b850f761993ae3"
"figures/supp4.pdf","15738","d44684e3179c96bcd500349d1ce31a6ee9202ae5a35b41522d44e0e87c0c8de6"
"figures/supp4.png","314152","ecf44d4b96324db5d360738270a1d0fc318cdc9246cec78fda1ef0f2a6bb1666"
"figures/supp5.pdf","78702","0523b7623f4f3942c829b4aac65742b2672a54c96ac1fa76e00dab6ad454bef9"
"figures/supp5.png","525510","b6916a4b7ab9132fda18c61fcb11a2497e467ab113d9a6e44198e20af4e8b309"
"inputs/folds/inner_fold_1.csv","52358","dd42746c35fda7b2d96bb55d6430a01a66558ba8378b6fee3c8ed179e7dd8ec0"
"inputs/folds/inner_fold_2.csv","52378","826703e608976e785cd6818ce3f30e13a2dd0a5a5ed883c02000de2876bd8a8c"
"inputs/folds/inner_fold_3.csv","52310","ca0ffe04738f81465fec2e5db37423633e32c94654f10e1a0cf341002299cfa0"
"inputs/folds/inner_fold_4.csv","52381","d0df05eb7ea5e075ef3e2f0c49a62c00c6d7ccfa48b9af360e532fbbe4ed4a72"
"inputs/folds/inner_fold_5.csv","52420","742f86fabb497422ca89fdf6870dce31eab6a2ad478dcbeffcd28bc54044175c"
"inputs/metadata/metadata_verified.csv","1188015","f04e253f9a4e5ff3249a2ba08adde9edb3429d33f9fe247da270d93aeab6d4b3"
"inputs/partition_membership.csv","139019","b0e20e24530bef804a4d07a40836eac5e7dc68743cdc1c8f06b17a687f4bb1fb"
"inputs/protocol.json","2631","c31b9e9f1c988e5b5b06a565beaf0afd8abd444339db14a9b018ceaaa81f08ae"
"inputs/recovered_mapping_2234.csv","374986","9a7ff7ccd23af9eeb8c5bd3d4ee2d612df2eca6498aafb485780a5a315b62c00"
"inputs/results/splits/test_source_ids.csv","2425","fee9cf00c9b8a5ab08fcdf2dc74b6364cb340ddcaaddb0868d973320e7756016"
"inputs/results/splits/train_source_ids.csv","11246","5cda0e2ef1bc0f4a707295b53764998f6b0005938c6f3e46a916b961ab228e89"
"inputs/results/splits/val_source_ids.csv","2439","0b96e18858290ae38673640e80ec61b66889a2a4fe9ac90410f4961a5e34f77c"
"inputs/split_audit.json","1519","b6418eaa70ecd75aba6a03520758d0576388dbc8be69c8d128e7a0e0688725ca"
"inputs/waveform_hashes.csv","332903","540b26cc1c747a2f35cc737788c0e6f61519838a1f832ab6f3c1b19a055a39be"
"model_manifest.csv","17181","d3405a711198486fd1fbe30a367048dff29c104bf5e6a748944289a46ffebd2f"
"pipeline_contracts.py","2060","144bcb29376ad2475a99b21678bfc2f1ac84f2ec108ce878c4fa56c87a1c96c7"
"prepare_runtime.py","1614","3b00dc4f062491ffb30f82a2f9ce82095d23cc482f73ba3107e699c7ad9e0c94"
"provenance/code_copy_manifest.csv","17246","3ba1abf1c4945262f9a37138a175883a28532f7c97b899b4db5b91d10b195d32"
"provenance/comment_only_changes.patch","55280","b13ac785a3594775d7ea52839aadb19bd6eecdc1a93319ebe87bc9e22941f58b"
"replay_v2.m","9429","f600b4166f6505e4abbec8072fd801cc001d913fa8db1e0a255f351e6ddb3a12"
"requirements.txt","25","e69839d80be956d5b676b8bc1bd87f7693b8e28188d7638500f1877508f10e0a"
"results/strengthening/base_43/Full3C/Full3C/baselines/AIC_accepted_metrics.csv","888","e2783e5320473e553b1a763946f22ddc09b576d5560ac626da63d5d65ca00e19"
"results/strengthening/base_43/Full3C/Full3C/baselines/AIC_predictions.csv","37704","b3e37c7bb92f34ea61f40e8d21b2ff48abdf4e9233171d28bc9e66d798db1e32"
"results/strengthening/base_43/Full3C/Full3C/baselines/AIC_strict_metrics.csv","888","dcc20da02b0d92652882dd6c08fb602837312048e2c9ce6870d51a81992f4fbe"
"results/strengthening/base_43/Full3C/Full3C/baselines/AIC_unconstrained_metrics.csv","840","8aaff81c42932b866f1d6e57d470b36007496fc9ab659a33d2a2b3493dc6a985"
"results/strengthening/base_43/Full3C/Full3C/baselines/AIC_unconstrained_predictions.csv","37792","d45944e8769cb5a050564fd76df34c8e03d70e063f1eef8d104def5adff7b1dd"
"results/strengthening/base_43/Full3C/Full3C/baselines/CNN_accepted_metrics.csv","1110","bb282b05cdeb5dd44781cb51ed57dfbe549e35a5e8a5a18c6f05b8231b7db693"
"results/strengthening/base_43/Full3C/Full3C/baselines/CNN_predictions.csv","40822","1295a2e48c0620b7c12b6663110163421dfbc03161f3dfbc6e949f5976f7d2eb"
"results/strengthening/base_43/Full3C/Full3C/baselines/CNN_strict_metrics.csv","1132","58c8a4b02360ed0f9b2a41fc5aba5a313c7dea5351b1102ba7a7f8af77cdec60"
"results/strengthening/base_43/Full3C/Full3C/baselines/CNN_unconstrained_metrics.csv","1005","a0783cfd60f8dffb50706f14d6e6a8c4698752dd3b17dfa446722502f71d3b10"
"results/strengthening/base_43/Full3C/Full3C/baselines/CNN_unconstrained_predictions.csv","40928","adc0504fcb807158a51436bfd1c4ce176eb3cf23e1b03a076a941ce071e45a83"
"results/strengthening/base_43/Full3C/Full3C/baselines/STA_accepted_metrics.csv","1046","3935beaaa5ff156caa8872f8d33322ad9f0643e369e801e26053662caa2935f3"
"results/strengthening/base_43/Full3C/Full3C/baselines/STA_predictions.csv","38571","b666187d6e05bf9d022bb1f174023d08b5eb1601935d2bd4265c37fe2f0e1dec"
"results/strengthening/base_43/Full3C/Full3C/baselines/STA_strict_metrics.csv","1043","17daddcf617d24a0a248524982d755d10ba4cb667e6190b9b7f262acc2c0819d"
"results/strengthening/base_43/Full3C/Full3C/baselines/STA_unconstrained_metrics.csv","998","66fb1e9115b975be8bd28aa63bd9bc52c4248b79ce587253d163be6411de4ddf"
"results/strengthening/base_43/Full3C/Full3C/baselines/STA_unconstrained_predictions.csv","38629","ea2314963f2601fac03b1d29f9f865cd22d147cb4ad754a360e30704509640ef"
"results/strengthening/base_43/Full3C/Full3C/baselines/TCN_accepted_metrics.csv","1092","df7946a67f7d8669c05dac424644a0d625a235a18a737cbae73d429ea6a4ce37"
"results/strengthening/base_43/Full3C/Full3C/baselines/TCN_predictions.csv","40922","e315bfe54beb1d548d4353b517bde9b87d882799afef4412d6af9f2f52e8ebe4"
"results/strengthening/base_43/Full3C/Full3C/baselines/TCN_strict_metrics.csv","1121","0acfa677c7eb601f4635d3877373e85731b20a514b98bbd8211b2bd8017285e9"
"results/strengthening/base_43/Full3C/Full3C/baselines/TCN_unconstrained_metrics.csv","1119","8c948f3477dd2c50592eae92d8cc2e45df926e27018d60a3993101d1d0080d30"
"results/strengthening/base_43/Full3C/Full3C/baselines/TCN_unconstrained_predictions.csv","41083","97b25fcc25a3dcb5b9ac89194ccc89ab8a771cfeb527b768a97020c41fe067f9"
"results/strengthening/base_43/Full3C/Full3C/baselines/mean_ensemble_accepted_metrics.csv","1060","206c1de86fb6a8f8f9be60c0ea7413b4cb856a6b7947ad4f49546aa8256572e9"
"results/strengthening/base_43/Full3C/Full3C/baselines/mean_ensemble_predictions.csv","39407","4b0c6153527c30ee15f52f13ad4c78a575a0b7ecc5bf2f0c4a239bc9ff5d704d"
"results/strengthening/base_43/Full3C/Full3C/baselines/mean_ensemble_strict_metrics.csv","1126","a5f85d3a53ccacbc61c396ad2f96675ee0b4aec715d9f1afe2f88be32ad439b2"
"results/strengthening/base_43/Full3C/Full3C/baselines/mean_ensemble_unconstrained_metrics.csv","1029","2e731263d17402290a982ef12a01070ee78bb6d9e3497adc8c1fa17e4b290811"
"results/strengthening/base_43/Full3C/Full3C/baselines/mean_ensemble_unconstrained_predictions.csv","39350","5f4b45d6eb5a279978d4791954c70b6bf8890cb4d390d299afcd07a48da81767"
"results/strengthening/base_43/Full3C/Full3C/baselines/validation_weights.csv","369","b7cdceb4c0e4ad21c2d0e7598c05da40f3f641bd961af6d40f28949f77a0dc87"
"results/strengthening/base_43/Full3C/Full3C/baselines/validation_weights.mat","376","4ea66cb7984011433b75ab3e361821eae6e336acfd45ba2dc8e5733b88850583"
"results/strengthening/base_43/Full3C/Full3C/baselines/weighted_ensemble_accepted_metrics.csv","1115","94db1079e736214f51f14c5dfe13b8f423dc1faea0b77ff98447ebefea63b3aa"
"results/strengthening/base_43/Full3C/Full3C/baselines/weighted_ensemble_predictions.csv","40942","629fca653f396b8a89be0404241175017c6421d2f0688c6e769927f26dbf51b2"
"results/strengthening/base_43/Full3C/Full3C/baselines/weighted_ensemble_strict_metrics.csv","1141","cb2e2df9149fdd6f8eab424ad45afcb67e0387ec6bec027799a95a74b70a9ec9"
"results/strengthening/base_43/Full3C/Full3C/baselines/weighted_ensemble_unconstrained_metrics.csv","1114","e870979a4f349aebbcf3fb71e2f6d48d8684964a9360ddaa73ad62ec4cd7513d"
"results/strengthening/base_43/Full3C/Full3C/baselines/weighted_ensemble_unconstrained_predictions.csv","40970","992cb652235ac2c30455ae4a496508b0aa30e3c765d76210a8bb723d76e0bc1f"
"results/strengthening/base_43/Full3C/Full3C/evaluation/full15ch_seed42_accepted_metrics.csv","1164","b8583f1d7b9305c9d7e92d8faa416b959bb5beaa86c38d8de79bee8cd6f2a8f4"
"results/strengthening/base_43/Full3C/Full3C/evaluation/full15ch_seed42_predictions.csv","41461","84b754f0a287e6865a0e6f84890480f0cbf19eb98f6b16266fbfb889cad3ed18"
"results/strengthening/base_43/Full3C/Full3C/evaluation/full15ch_seed42_strict_metrics.csv","1150","b77e4c86ba42f0a42a28dca6558906b5eca16889c4fa3df66554fcb0de46e011"
"results/strengthening/base_43/Full3C/Full3C/evaluation/full15ch_seed42_unconstrained_metrics.csv","1161","83cd99339cafacf5947fd8191d552fea67122f7cfe1f1a6fd4183a2cc5457ebd"
"results/strengthening/base_43/Full3C/Full3C/evaluation/full15ch_seed42_unconstrained_predictions.csv","41547","8a9a591100723776a6f79ddf5f1495168edf2cdf3033303b88def13f2530022e"
"results/strengthening/base_43/Full3C/Full3C/evaluation/full15ch_seed43_accepted_metrics.csv","1162","c8ddead9c7d3d3f5d5b048f73d1a31160d18ad9963c2d9c5bfe30e1d5adaf317"
"results/strengthening/base_43/Full3C/Full3C/evaluation/full15ch_seed43_predictions.csv","41313","f9b5d6677374a2f6d599747929a2ac23643d6ffda4fd44477b267aadc901401a"
"results/strengthening/base_43/Full3C/Full3C/evaluation/full15ch_seed43_strict_metrics.csv","1157","a57d450bb7988653b77d9c72ee8013f1de76bb5e19e63de128200cbe88707303"
"results/strengthening/base_43/Full3C/Full3C/evaluation/full15ch_seed43_unconstrained_metrics.csv","1162","b9bff99533f936041f2365fd1a7225370e438f2cfaa6c39411f8e3dcf4cbc774"
"results/strengthening/base_43/Full3C/Full3C/evaluation/full15ch_seed43_unconstrained_predictions.csv","41404","51d7c494dd04c5cfecd8789f8f225aec29c04911733b2363954e5e3a46ef8ca1"
"results/strengthening/base_43/Full3C/Full3C/evaluation/full15ch_seed44_accepted_metrics.csv","1146","c976e2ed9dabaa4d2922b5774cda87f6622113247adeaf0fe9da669415fa97e6"
"results/strengthening/base_43/Full3C/Full3C/evaluation/full15ch_seed44_predictions.csv","41501","de94426fa302efd909ea2a1dfb9f40c6c447684ec460e2a5d36bf6c554f7594e"
"results/strengthening/base_43/Full3C/Full3C/evaluation/full15ch_seed44_strict_metrics.csv","1161","5ceaab1e51e95ba3ad531e47063d75b365843cd7a5bdac1570e2f051718a625b"
"results/strengthening/base_43/Full3C/Full3C/evaluation/full15ch_seed44_unconstrained_metrics.csv","1146","31c53b10f91b0797cb2073e69188d047638ec227cb6ae69ca6246550c0c4c5f0"
"results/strengthening/base_43/Full3C/Full3C/evaluation/full15ch_seed44_unconstrained_predictions.csv","41575","239d2af2a3aff5005568b00a62ae730f6100f88701d7aa2de42fa3fa83ed14bb"
"results/strengthening/base_43/Full3C/Full3C/oof_membership.csv","47865","428dc2c25386cc6396c621b5cead2ae0084a07c705be74b17ebf6435e09639d5"
"results/strengthening/base_43/Full3C/manifest.csv","367974","eebdadbfb158834633d707b0b251a371e58faa20505eb263ce65c81f22d5f724"
"results/strengthening/base_43/Full3C/models/Full3C/Full3C_CNN_fold0_seed43.mat","507743","587cac6f039f4848f5af2920f917dfb34763ebf8e9989f6fa5198c36a81426da"
"results/strengthening/base_43/Full3C/models/Full3C/Full3C_CNN_fold1_seed43.mat","469721","089b5afe1b47abd895d5076b72cd76e854c4eba798a3071f4a32c730412c6cbe"
"results/strengthening/base_43/Full3C/models/Full3C/Full3C_CNN_fold2_seed43.mat","469733","a7eac96d6452fa2c5de6bda3325f634321fb310157ca4a5fae9545275e08e46d"
"results/strengthening/base_43/Full3C/models/Full3C/Full3C_CNN_fold3_seed43.mat","470359","b72aa07191a1f8b34e4b9b203c2623bc241c14bc00fcd48555b5b45ecab01446"
"results/strengthening/base_43/Full3C/models/Full3C/Full3C_CNN_fold4_seed43.mat","472020","0ff77e34a82b9a1cd6f6f1ba6420b9a51bd40512da4bd5dd2902fa38331bf529"
"results/strengthening/base_43/Full3C/models/Full3C/Full3C_CNN_fold5_seed43.mat","471129","9190b3333caeb9e74909f7a0e50a559d91be92273043eeb4b1fac5c8fa2f2555"
"results/strengthening/base_43/Full3C/models/Full3C/Full3C_TCN_fold0_seed43.mat","572242","74a10d9b7702c78c898824c6acf19e36a9279b280e072e563b2ef5a113b27c23"
"results/strengthening/base_43/Full3C/models/Full3C/Full3C_TCN_fold1_seed43.mat","534145","a4d08797920aff7db6cebf2bfe520560014481a83293218fd97f1a06146675e0"
"results/strengthening/base_43/Full3C/models/Full3C/Full3C_TCN_fold2_seed43.mat","534203","16bc723032a57c10f9f34c075754b7013cef0d3536baebcbcce13ef289ae401f"
"results/strengthening/base_43/Full3C/models/Full3C/Full3C_TCN_fold3_seed43.mat","534840","a1b801dfc5efd5fa0eaec9c923105d9cb1d0604466291a465149d74969f4fb3c"
"results/strengthening/base_43/Full3C/models/Full3C/Full3C_TCN_fold4_seed43.mat","536512","ad180a9106a00085e75c7476901337b7ec9a4881494f42f486375614443173e3"
"results/strengthening/base_43/Full3C/models/Full3C/Full3C_TCN_fold5_seed43.mat","535438","e9e22b8687cb167c204c58df89cd7bf376f0f492f5aecd95a4fd80bdf765fe37"
"results/strengthening/base_43/Full3C/models/Full3C/Full3C_full15ch_fold-1_seed42.mat","997762","83b524d2b69c1cdeb386cf114b5c51d378519d70b77b8847bada76c5b608013e"
"results/strengthening/base_43/Full3C/models/Full3C/Full3C_full15ch_fold-1_seed43.mat","921625","e850d912e74191641347b60e01b21c0d152d49be2336ced58baff8aaaf30d9ca"
"results/strengthening/base_43/Full3C/models/Full3C/Full3C_full15ch_fold-1_seed44.mat","958032","16003338107b6c1bffb39d515a3e783add5e17735af8ed3273b4cc98ae938374"
"results/strengthening/base_43/Full3C/training_ledger.csv","862","e38ecf1ac131806b9542035ef51af25a82aecf5ada26ca27bd712f4a715ea781"
"results/strengthening/base_43/Full3C/training_plan.csv","675","785161e0cd669fd93e958fd635785393bfde56e055b573196f53703df5099895"
"results/strengthening/base_43/Zonly/Zonly/baselines/AIC_accepted_metrics.csv","840","b702144b13718d21ffaa330ffe7723590922477b95a6f03d9980c862e0e6355d"
"results/strengthening/base_43/Zonly/Zonly/baselines/AIC_predictions.csv","37852","0ec2dfba28d39b524aca85b0011773425711477484b5154b7e52c030c0669bec"
"results/strengthening/base_43/Zonly/Zonly/baselines/AIC_strict_metrics.csv","840","b702144b13718d21ffaa330ffe7723590922477b95a6f03d9980c862e0e6355d"
"results/strengthening/base_43/Zonly/Zonly/baselines/AIC_unconstrained_metrics.csv","837","237a260165b25c1715532769c4fbac420d9535b8b7fc14009ee36a9ba8182bb9"
"results/strengthening/base_43/Zonly/Zonly/baselines/AIC_unconstrained_predictions.csv","37796","bf140243a4a3475f8b88eb5b27642f8e5340540e2d7b3e7c6bd4f82e1ffc9c54"
"results/strengthening/base_43/Zonly/Zonly/baselines/CNN_accepted_metrics.csv","1102","1dc7a4fc1092f2e0d844c5ae42ec026debffdeb280825f305f52c5faaa97721a"
"results/strengthening/base_43/Zonly/Zonly/baselines/CNN_predictions.csv","39760","6a8e945076ae83364b26fab4f31018f9689e9019a9a70f22e34cb53289da3faa"
"results/strengthening/base_43/Zonly/Zonly/baselines/CNN_strict_metrics.csv","1149","8b87583457565ad8fc840788063693716249419b80b254eec032ecb97627dc17"
"results/strengthening/base_43/Zonly/Zonly/baselines/CNN_unconstrained_metrics.csv","1152","3fdb8591f799d3df4752ca607ceb4d44b9b2b666e553dcfcecc5e15f97c266ec"
"results/strengthening/base_43/Zonly/Zonly/baselines/CNN_unconstrained_predictions.csv","39887","f03c216a8509f804175ca046aaca33b9baa2d31511b45f566ff906dcde8377f3"
"results/strengthening/base_43/Zonly/Zonly/baselines/STA_accepted_metrics.csv","841","cd7b86f38f6b3a02aa8778a26624ad677cbb719d48d0689c01091de22a18e55d"
"results/strengthening/base_43/Zonly/Zonly/baselines/STA_predictions.csv","38471","fee43af570cb81b9c2cc033484f3f8e93a3d1775beb509ead092a74e03acd687"
"results/strengthening/base_43/Zonly/Zonly/baselines/STA_strict_metrics.csv","841","cd7b86f38f6b3a02aa8778a26624ad677cbb719d48d0689c01091de22a18e55d"
"results/strengthening/base_43/Zonly/Zonly/baselines/STA_unconstrained_metrics.csv","838","524ce56638e85d9e083362fab416fbdade8ae932b60852f40385c742b3173bf0"
"results/strengthening/base_43/Zonly/Zonly/baselines/STA_unconstrained_predictions.csv","38384","8ebcd7673b06f23dae086b978b9033b8304081c61b73da4a4d263ffc18fc8e23"
"results/strengthening/base_43/Zonly/Zonly/baselines/TCN_accepted_metrics.csv","1090","6a5061454ec915cd350ec57ea8a2c75ca54526bca3b8f938a035053e3cf36921"
"results/strengthening/base_43/Zonly/Zonly/baselines/TCN_predictions.csv","40171","b956ef2cb65582ebaa12c742ba66ab9fde9a7a6cd8ed7b28eac2b813fdef4948"
"results/strengthening/base_43/Zonly/Zonly/baselines/TCN_strict_metrics.csv","1024","977ebe95160822f4110a362d6d1fabcb4fc404f836959c8cf01de3891d3c6fe2"
"results/strengthening/base_43/Zonly/Zonly/baselines/TCN_unconstrained_metrics.csv","1148","3f88bb76140a137abcc4ed05799d262a669a376534adb1dfe1e4aa3c1ff9fd33"
"results/strengthening/base_43/Zonly/Zonly/baselines/TCN_unconstrained_predictions.csv","40294","85e857015bf00fbae4e7df2c3e0df72e4adb6fb76a794babe6988bc023953221"
"results/strengthening/base_43/Zonly/Zonly/baselines/mean_ensemble_accepted_metrics.csv","1044","c93fdf95ad8d2bfb0c715bacc0df371d99b425173c90e812431c038fd4102957"
"results/strengthening/base_43/Zonly/Zonly/baselines/mean_ensemble_predictions.csv","38857","bc5f29374c10f7dc2642142c52f9f5a8e7ddc1eaed5e147b5c0fc669720e28d5"
"results/strengthening/base_43/Zonly/Zonly/baselines/mean_ensemble_strict_metrics.csv","1026","ca949d53d0a538e4825ae2db224f5b792d2a0b6c9d358aa86e153558b104d853"
"results/strengthening/base_43/Zonly/Zonly/baselines/mean_ensemble_unconstrained_metrics.csv","879","fb3b6df984338737c2115a4e8513da391118c94c1759a410f68e3f0fe56ba203"
"results/strengthening/base_43/Zonly/Zonly/baselines/mean_ensemble_unconstrained_predictions.csv","38800","f977aa9e4e413944332ddba2fe1709884c3df899a7c4839bb913fbfa652599e0"
"results/strengthening/base_43/Zonly/Zonly/baselines/validation_weights.csv","335","3fdb66502acc80385923d4531ffcd654b6ffda418f53a05bdf29e39a641c59c5"
"results/strengthening/base_43/Zonly/Zonly/baselines/validation_weights.mat","359","342ece785785c3ad58c8191c47bfca61ed942bc2619934b0597611955f5e578a"
"results/strengthening/base_43/Zonly/Zonly/baselines/weighted_ensemble_accepted_metrics.csv","1054","dc87841c4faf144c39ef189443042f78e72e753faa06d51e48a8be6bcc33ecef"
"results/strengthening/base_43/Zonly/Zonly/baselines/weighted_ensemble_predictions.csv","39950","71ac0a135cd1710fed68c4cf128cb21fdc838132a9fc08310a533cba5243c19e"
"results/strengthening/base_43/Zonly/Zonly/baselines/weighted_ensemble_strict_metrics.csv","1152","4d510b137ec8c885e76c2299d42a6bb3870222a618044edfb863e895310443b1"
"results/strengthening/base_43/Zonly/Zonly/baselines/weighted_ensemble_unconstrained_metrics.csv","1106","6005ce32a79286d0275d926ae3de7db1f65bc2bffe931b33008f0a62509288f4"
"results/strengthening/base_43/Zonly/Zonly/baselines/weighted_ensemble_unconstrained_predictions.csv","39960","bc1ce6b48e3637b10850a5bd304e54315488fd7b050dd11f7a6e47ef6bbc7670"
"results/strengthening/base_43/Zonly/Zonly/evaluation/full15ch_seed42_accepted_metrics.csv","1111","59bbdd939bfdd899a47ae2631609774ff689779dbe796110a29904b0cede0fcf"
"results/strengthening/base_43/Zonly/Zonly/evaluation/full15ch_seed42_predictions.csv","40584","2f9681f5e7fb685b1377ac9182049dd3bac3bec27bbcfb660a02a9092e0a313d"
"results/strengthening/base_43/Zonly/Zonly/evaluation/full15ch_seed42_strict_metrics.csv","1110","8e1726fb7e2576ca5c637e015416e0a5bbe69e95d3ee9f8b21ed7bbdd989d850"
"results/strengthening/base_43/Zonly/Zonly/evaluation/full15ch_seed42_unconstrained_metrics.csv","1072","2198d2a874d27842c60e240e324948a801ab02a80c03df0504ee84bfa5e08e00"
"results/strengthening/base_43/Zonly/Zonly/evaluation/full15ch_seed42_unconstrained_predictions.csv","40613","7581d1aa5fb2c0116ce6ee58b729c2b9a0e7b3df1df886a7e26f835f43fb15a0"
"results/strengthening/base_43/Zonly/Zonly/evaluation/full15ch_seed43_accepted_metrics.csv","1102","d2bccd27e70585ee2f5b5157103a9e4979fddb878b160927c54591cf110be5e4"
"results/strengthening/base_43/Zonly/Zonly/evaluation/full15ch_seed43_predictions.csv","40969","d5e2930cef9537b9797d883a985cf86323b68a8eff8bc5f4f8c3de2389db8332"
"results/strengthening/base_43/Zonly/Zonly/evaluation/full15ch_seed43_strict_metrics.csv","1117","63a7fb490d22e5784ad31643b8415663e9838d4d46c78bb5da87db203aecea5d"
"results/strengthening/base_43/Zonly/Zonly/evaluation/full15ch_seed43_unconstrained_metrics.csv","1155","fd05655700da2d8a9c249997e51a487c159909eedf4e9a56e6b632fe459ea171"
"results/strengthening/base_43/Zonly/Zonly/evaluation/full15ch_seed43_unconstrained_predictions.csv","41056","1c7e85866d34bc2873875ef595d9742bc32eee3f6e04ec510365f7c6dea15eac"
"results/strengthening/base_43/Zonly/Zonly/evaluation/full15ch_seed44_accepted_metrics.csv","1106","0ccb6e0a8742c82658956b64c54f26a619950929db54e7992978e49bc8f0b450"
"results/strengthening/base_43/Zonly/Zonly/evaluation/full15ch_seed44_predictions.csv","40805","db2de5a57d37fd4735c093907efec70189ca9902270865aeab730953a48156d2"
"results/strengthening/base_43/Zonly/Zonly/evaluation/full15ch_seed44_strict_metrics.csv","1131","beb00931a160e63f385af853ccc339add157313d64d0612c85d853406928f3c8"
"results/strengthening/base_43/Zonly/Zonly/evaluation/full15ch_seed44_unconstrained_metrics.csv","1066","068894b7b245590f70d602acde50f4ecfd1b3a5c65fff6c532786ede8fae47be"
"results/strengthening/base_43/Zonly/Zonly/evaluation/full15ch_seed44_unconstrained_predictions.csv","40881","3cdca7cafa67365eddc5bca71072819bb134db5c79402905b8d90514ddb4e295"
"results/strengthening/base_43/Zonly/Zonly/oof_membership.csv","47865","428dc2c25386cc6396c621b5cead2ae0084a07c705be74b17ebf6435e09639d5"
"results/strengthening/base_43/Zonly/manifest.csv","367974","eebdadbfb158834633d707b0b251a371e58faa20505eb263ce65c81f22d5f724"
"results/strengthening/base_43/Zonly/models/Zonly/Zonly_CNN_fold0_seed43.mat","507533","eb71cf53449861e1b5a4157952f33f937155cea968468ea81896646e264d508f"
"results/strengthening/base_43/Zonly/models/Zonly/Zonly_CNN_fold1_seed43.mat","469582","471834cabb22dc4e1751d4999a73101117fd36099362aa986d95b61e510c5496"
"results/strengthening/base_43/Zonly/models/Zonly/Zonly_CNN_fold2_seed43.mat","469741","eee09ecc75c0297394db7ccc125611405264cde02cf18313075fb2b7a7a3b4ec"
"results/strengthening/base_43/Zonly/models/Zonly/Zonly_CNN_fold3_seed43.mat","467389","79da4f2217e4f32c1a2e9de101be49cff99d11332b2e0d41942b7248cc0db1f3"
"results/strengthening/base_43/Zonly/models/Zonly/Zonly_CNN_fold4_seed43.mat","471928","abf4e30447a3df46782d6beebd1cfa88438fe2ea554821a033a2823861c12a25"
"results/strengthening/base_43/Zonly/models/Zonly/Zonly_CNN_fold5_seed43.mat","470939","24b8b0ba5540f6addef5debdb16977323ba895cdee64ad4ec8595b605c869688"
"results/strengthening/base_43/Zonly/models/Zonly/Zonly_TCN_fold0_seed43.mat","564866","089dd4468a6136f00489a50b12b9d58ab3857968e8adacd89af0a5d0d1d2e30b"
"results/strengthening/base_43/Zonly/models/Zonly/Zonly_TCN_fold1_seed43.mat","533975","62f5202e81cce44c11308b8726fd7f1901f1cf9e5d54999595f0e0ab888d6eec"
"results/strengthening/base_43/Zonly/models/Zonly/Zonly_TCN_fold2_seed43.mat","534031","0b90008f6b0b5cbed06781463eeeb70bd77c233e840341a7f4101b8010598678"
"results/strengthening/base_43/Zonly/models/Zonly/Zonly_TCN_fold3_seed43.mat","525103","2ef02f120dbb1860646cac6be03dbe33f8afe6c676491ba943af3d69a3441be4"
"results/strengthening/base_43/Zonly/models/Zonly/Zonly_TCN_fold4_seed43.mat","536330","310f573ed0cbca0a804116463c2687f25d0c8ebc371b74abe839e03bd4107137"
"results/strengthening/base_43/Zonly/models/Zonly/Zonly_TCN_fold5_seed43.mat","535385","2fb36a8a1f38adc7022c933bd692515df334fd755e28fafc22c36f455eb008d8"
"results/strengthening/base_43/Zonly/models/Zonly/Zonly_full15ch_fold-1_seed42.mat","913584","2806924a58ab2e17f84e6f37c0b3e39c66ba713b48e78fab367b79d1763c3b41"
"results/strengthening/base_43/Zonly/models/Zonly/Zonly_full15ch_fold-1_seed43.mat","975171","9a18ae44a06d5d4a1062c7fec9f512d0f43dfc535e690e4f07c1319ed160aa48"
"results/strengthening/base_43/Zonly/models/Zonly/Zonly_full15ch_fold-1_seed44.mat","915997","f13f64c724f322c72f1959c24f53e381711f757dd0902304604c66495182f476"
"results/strengthening/base_43/Zonly/training_ledger.csv","833","6073a9dcb9a2a1c7da0f423fda6d25f24256cd909c3cad15121e8444f176f16e"
"results/strengthening/base_43/Zonly/training_plan.csv","645","6fa93dbadba9552cef936fd6dcae994a27aaa21bb49d3835e7213e5b1e912d4e"
"results/strengthening/base_44/Full3C/Full3C/baselines/AIC_accepted_metrics.csv","888","e2783e5320473e553b1a763946f22ddc09b576d5560ac626da63d5d65ca00e19"
"results/strengthening/base_44/Full3C/Full3C/baselines/AIC_predictions.csv","37704","b3e37c7bb92f34ea61f40e8d21b2ff48abdf4e9233171d28bc9e66d798db1e32"
"results/strengthening/base_44/Full3C/Full3C/baselines/AIC_strict_metrics.csv","888","dcc20da02b0d92652882dd6c08fb602837312048e2c9ce6870d51a81992f4fbe"
"results/strengthening/base_44/Full3C/Full3C/baselines/AIC_unconstrained_metrics.csv","840","8aaff81c42932b866f1d6e57d470b36007496fc9ab659a33d2a2b3493dc6a985"
"results/strengthening/base_44/Full3C/Full3C/baselines/AIC_unconstrained_predictions.csv","37792","d45944e8769cb5a050564fd76df34c8e03d70e063f1eef8d104def5adff7b1dd"
"results/strengthening/base_44/Full3C/Full3C/baselines/CNN_accepted_metrics.csv","1146","80d67e3702587957a100f366cba923ff5588d42789c3c4a2d58d211741a9bb00"
"results/strengthening/base_44/Full3C/Full3C/baselines/CNN_predictions.csv","40809","32cebf3f230a15d4ce330e40fdeb37b7f6ddd29734ae5fca239915c080534a14"
"results/strengthening/base_44/Full3C/Full3C/baselines/CNN_strict_metrics.csv","1153","4b7cdee699eb49c4b0225d49a17cb95566f33b7bf88fae2285058dfadf6b324f"
"results/strengthening/base_44/Full3C/Full3C/baselines/CNN_unconstrained_metrics.csv","1146","3eba3c57518c2e0a90e14dfb8cb3c24052e30b3d25176025d6586126d72a6d23"
"results/strengthening/base_44/Full3C/Full3C/baselines/CNN_unconstrained_predictions.csv","40938","6e18f1e5c1aa4ce7835ca06e94d2c5511cedd1a9be72855e78d6ec2b77194c50"
"results/strengthening/base_44/Full3C/Full3C/baselines/STA_accepted_metrics.csv","1046","3935beaaa5ff156caa8872f8d33322ad9f0643e369e801e26053662caa2935f3"
"results/strengthening/base_44/Full3C/Full3C/baselines/STA_predictions.csv","38571","b666187d6e05bf9d022bb1f174023d08b5eb1601935d2bd4265c37fe2f0e1dec"
"results/strengthening/base_44/Full3C/Full3C/baselines/STA_strict_metrics.csv","1043","17daddcf617d24a0a248524982d755d10ba4cb667e6190b9b7f262acc2c0819d"
"results/strengthening/base_44/Full3C/Full3C/baselines/STA_unconstrained_metrics.csv","998","66fb1e9115b975be8bd28aa63bd9bc52c4248b79ce587253d163be6411de4ddf"
"results/strengthening/base_44/Full3C/Full3C/baselines/STA_unconstrained_predictions.csv","38629","ea2314963f2601fac03b1d29f9f865cd22d147cb4ad754a360e30704509640ef"
"results/strengthening/base_44/Full3C/Full3C/baselines/TCN_accepted_metrics.csv","1165","817062e5ce71ee751eeb32d3b66fa572d4d64387efa4ba8ffa96da1580bca142"
"results/strengthening/base_44/Full3C/Full3C/baselines/TCN_predictions.csv","41057","ae9bacc6b07c18c9cdf483deb6f4fa30fa077e2ece26b175d2cd4922dda37b90"
"results/strengthening/base_44/Full3C/Full3C/baselines/TCN_strict_metrics.csv","1164","41444ac6f9a00fd9d11f27be447ed14c0487a85d85a12bddeb4b505894385160"
"results/strengthening/base_44/Full3C/Full3C/baselines/TCN_unconstrained_metrics.csv","1161","31fa16a9320d7463b913dd30609e028913fe82589e047d7ef26edc8650dbb0ec"
"results/strengthening/base_44/Full3C/Full3C/baselines/TCN_unconstrained_predictions.csv","41234","757c0238fce986d7bbec4c4b4df8db228f04c842433eacd10026dacb9c3e400f"
"results/strengthening/base_44/Full3C/Full3C/baselines/mean_ensemble_accepted_metrics.csv","1077","237b722086d79d568bbb1e08d156f4e312b141a71f9d6884b69ceaf56c5f89ee"
"results/strengthening/base_44/Full3C/Full3C/baselines/mean_ensemble_predictions.csv","39381","4ecc00f47df338cbfd13450a1e260e0b0095ef615b240e46610b1aac2d257f52"
"results/strengthening/base_44/Full3C/Full3C/baselines/mean_ensemble_strict_metrics.csv","1108","c037ebaf7293dbefc570852d7d810a05931eeb611a476a0bdb61e8402463c768"
"results/strengthening/base_44/Full3C/Full3C/baselines/mean_ensemble_unconstrained_metrics.csv","1026","278074f722447e09cc4dfa3c8a5218981b17f1a4941d9d21832bcdf776d33691"
"results/strengthening/base_44/Full3C/Full3C/baselines/mean_ensemble_unconstrained_predictions.csv","39297","02bd19fa86192be7df0cafc603d10aab2f6d4c14bad3744717cf534415cd8a91"
"results/strengthening/base_44/Full3C/Full3C/baselines/validation_weights.csv","369","eb97ccd83888196a626e6ba231814ac3d8b32528762af40d8276ecd3231891c7"
"results/strengthening/base_44/Full3C/Full3C/baselines/validation_weights.mat","376","e634ef8b27e7dcd7e2f0230abe23eb8fcfcc2e417fd81b1ccb927b7033d1cc94"
"results/strengthening/base_44/Full3C/Full3C/baselines/weighted_ensemble_accepted_metrics.csv","1117","206e7216f3b54868d2ff35bce5f18f49ec386e5545f071ae32a02acc84c1e4d5"
"results/strengthening/base_44/Full3C/Full3C/baselines/weighted_ensemble_predictions.csv","40965","fb48177382c1eaee958e738220cb70b5b63619c5766f3c5b1a08f8ae6699e593"
"results/strengthening/base_44/Full3C/Full3C/baselines/weighted_ensemble_strict_metrics.csv","1161","d10b3f565417ffdc80f0b6eba4f3fa24795d8c800c362d1b30b6c6825f64e1c2"
"results/strengthening/base_44/Full3C/Full3C/baselines/weighted_ensemble_unconstrained_metrics.csv","1116","836cb8963a7a45ed737002de62c28c665baab75f4d0d6054794e04f059e55a3a"
"results/strengthening/base_44/Full3C/Full3C/baselines/weighted_ensemble_unconstrained_predictions.csv","40984","0b9b5a666629700307436421d7458e4a945a4a6d68cd8b811faa9a3a7af61a70"
"results/strengthening/base_44/Full3C/Full3C/evaluation/full15ch_seed42_accepted_metrics.csv","1162","78d7172b6f930aabb2a8c652f1eee6395cf4e6986d39036a69c87e5a06df85b0"
"results/strengthening/base_44/Full3C/Full3C/evaluation/full15ch_seed42_predictions.csv","41406","2b19caeecbcbd797898f2d2284a9a8c0e6f9ba7a9eddeda7925178ead9de6d1e"
"results/strengthening/base_44/Full3C/Full3C/evaluation/full15ch_seed42_strict_metrics.csv","1015","572a6bc7787f7524653a9258f0691f6287f36199f5262c8256feb8e4fae0c64d"
"results/strengthening/base_44/Full3C/Full3C/evaluation/full15ch_seed42_unconstrained_metrics.csv","1161","0ba3b6944bc3d31bd46fe50bf2f2cbaac3dc8480a5ebfbebcd9aba47b328bb9c"
"results/strengthening/base_44/Full3C/Full3C/evaluation/full15ch_seed42_unconstrained_predictions.csv","41457","06d64001f6a152c4981212f123965cc0eaa3ff15bbf2fe67edf9e9f92dc874bc"
"results/strengthening/base_44/Full3C/Full3C/evaluation/full15ch_seed43_accepted_metrics.csv","1165","92e68269c71a9f6083a1005acbe520badaf9813919ee2fd070e62bf461b9b8dc"
"results/strengthening/base_44/Full3C/Full3C/evaluation/full15ch_seed43_predictions.csv","41516","19afb49b8494ce4bb3b5b3d4de14c5e5ef6d9a85f49a50ff5ac6d4dd511f1a78"
"results/strengthening/base_44/Full3C/Full3C/evaluation/full15ch_seed43_strict_metrics.csv","1163","e7b0ff397a67529aa84f533da3ee2b0967492948c9b1be94133bcd8ffc0a53de"
"results/strengthening/base_44/Full3C/Full3C/evaluation/full15ch_seed43_unconstrained_metrics.csv","1168","0330479dec47b2cd23822bab7446a29459d6c85c7525a0dd8dc69114d0d73bdd"
"results/strengthening/base_44/Full3C/Full3C/evaluation/full15ch_seed43_unconstrained_predictions.csv","41632","627f57109f666a859eb1d79c7bdb31c239f9ac22ca309966112622bd4da803b0"
"results/strengthening/base_44/Full3C/Full3C/evaluation/full15ch_seed44_accepted_metrics.csv","1117","1833fae47bce4282a0c288597c6bf9b94e2b443705157f19b5fe84ccd074eab6"
"results/strengthening/base_44/Full3C/Full3C/evaluation/full15ch_seed44_predictions.csv","41451","ddce86cfdd889d7186d8bdb4a21bb291b54eca4f99f3d0662de72247045ac02b"
"results/strengthening/base_44/Full3C/Full3C/evaluation/full15ch_seed44_strict_metrics.csv","1128","a0ca90c7a777c4a27178be109659e54395e453ac0155794d4f5605691b5b38b4"
"results/strengthening/base_44/Full3C/Full3C/evaluation/full15ch_seed44_unconstrained_metrics.csv","1071","c6650cd5dcd7b8f2dc6da939854b410ad1a1fb8268351e95732f9726cc1eebaf"
"results/strengthening/base_44/Full3C/Full3C/evaluation/full15ch_seed44_unconstrained_predictions.csv","41485","dc6ededbe15a3cde91098ed6e9c9128d6e8cf13b690430264f7177f87c3beb87"
"results/strengthening/base_44/Full3C/Full3C/oof_membership.csv","47865","428dc2c25386cc6396c621b5cead2ae0084a07c705be74b17ebf6435e09639d5"
"results/strengthening/base_44/Full3C/manifest.csv","367974","eebdadbfb158834633d707b0b251a371e58faa20505eb263ce65c81f22d5f724"
"results/strengthening/base_44/Full3C/models/Full3C/Full3C_CNN_fold0_seed44.mat","507654","022ad88b3a2aced7a6229f8b46e5e7740863cc89df4b1e8f4fa85be4ef8bf2de"
"results/strengthening/base_44/Full3C/models/Full3C/Full3C_CNN_fold1_seed44.mat","469714","0fe0c8086c5be1186d1177e032ed622f07d896c7f1c651d514b15c7c891ea143"
"results/strengthening/base_44/Full3C/models/Full3C/Full3C_CNN_fold2_seed44.mat","469798","aafaceb2b1f0232aa07b4f3a151622902045af5f2d8395e78d66efa45c6af2aa"
"results/strengthening/base_44/Full3C/models/Full3C/Full3C_CNN_fold3_seed44.mat","470456","4b101974ee535e35bd6e064f76246d9369966712f8d4674e5dbdc7a5d4bea2f9"
"results/strengthening/base_44/Full3C/models/Full3C/Full3C_CNN_fold4_seed44.mat","472003","3794cd621510075584b2340eb500dded58f303051ebb03779eef7330fefa6d07"
"results/strengthening/base_44/Full3C/models/Full3C/Full3C_CNN_fold5_seed44.mat","469830","96d3212341d6c23b87ca21f22248d77a9096e11f03031ddf87e570d84116faba"
"results/strengthening/base_44/Full3C/models/Full3C/Full3C_TCN_fold0_seed44.mat","572173","a56c84c82acdc5150480a17a90851b2dc2248e10ed6b1cdfe178e588c3589df5"
"results/strengthening/base_44/Full3C/models/Full3C/Full3C_TCN_fold1_seed44.mat","533979","ed491dac1ec8416eb7d755d0971bd3e4f65a92475f0c47ee3199f78b506b16cc"
"results/strengthening/base_44/Full3C/models/Full3C/Full3C_TCN_fold2_seed44.mat","534008","4442788f38ff74650eb56ddfcbf4223036355197fdf7da858c492366748fc941"
"results/strengthening/base_44/Full3C/models/Full3C/Full3C_TCN_fold3_seed44.mat","534770","9f6b2f4965f913e875dc3f236c5358367b16030a6162b004f0a466c4c2df35fe"
"results/strengthening/base_44/Full3C/models/Full3C/Full3C_TCN_fold4_seed44.mat","536395","d010a1ccb4042c65aada8191e883a3d162836526a50ab84dd1f07007716ad05b"
"results/strengthening/base_44/Full3C/models/Full3C/Full3C_TCN_fold5_seed44.mat","535310","9d1a0d4ed1b4b49820be000d64160b5c0335f840da6cc6f7dc6404a62da3d08b"
"results/strengthening/base_44/Full3C/models/Full3C/Full3C_full15ch_fold-1_seed42.mat","998220","191b2aa71c7828fd3987cae3ec2986e3775fcbf6c72870e501c6056b1ca070ea"
"results/strengthening/base_44/Full3C/models/Full3C/Full3C_full15ch_fold-1_seed43.mat","955568","93c546a646fdde3c66feb09f84dc1c0b84b4b70ea2dabe31e186711c69d532e9"
"results/strengthening/base_44/Full3C/models/Full3C/Full3C_full15ch_fold-1_seed44.mat","955448","ab2f09c6a4ef0ecde7d3a41719eff4ffa1b1195499dfff9adf6210423adefd70"
"results/strengthening/base_44/Full3C/training_ledger.csv","861","35e11cdfaf79a905579351d08da65f69451eb7e2f58dcad27ae36705f1d33c4a"
"results/strengthening/base_44/Full3C/training_plan.csv","675","c4e55b01ac0bdd8f6b0573a884a72dcef5eee9589e4595f16a34d36d672b6d3d"
"results/strengthening/base_44/Zonly/Zonly/baselines/AIC_accepted_metrics.csv","840","b702144b13718d21ffaa330ffe7723590922477b95a6f03d9980c862e0e6355d"
"results/strengthening/base_44/Zonly/Zonly/baselines/AIC_predictions.csv","37852","0ec2dfba28d39b524aca85b0011773425711477484b5154b7e52c030c0669bec"
"results/strengthening/base_44/Zonly/Zonly/baselines/AIC_strict_metrics.csv","840","b702144b13718d21ffaa330ffe7723590922477b95a6f03d9980c862e0e6355d"
"results/strengthening/base_44/Zonly/Zonly/baselines/AIC_unconstrained_metrics.csv","837","237a260165b25c1715532769c4fbac420d9535b8b7fc14009ee36a9ba8182bb9"
"results/strengthening/base_44/Zonly/Zonly/baselines/AIC_unconstrained_predictions.csv","37796","bf140243a4a3475f8b88eb5b27642f8e5340540e2d7b3e7c6bd4f82e1ffc9c54"
"results/strengthening/base_44/Zonly/Zonly/baselines/CNN_accepted_metrics.csv","1117","868a3a9789725b6114bc90d4c7ee30f433cbb861d93d74955f301cd855190d62"
"results/strengthening/base_44/Zonly/Zonly/baselines/CNN_predictions.csv","39908","6dc8888d531b7d8343ae98bcc351a172f96499bc385459e3bf1869063acdcc46"
"results/strengthening/base_44/Zonly/Zonly/baselines/CNN_strict_metrics.csv","1150","9cb8209267fe046be1ac3856a2a28cff65d93864877091fa7bf037e4b9f9b961"
"results/strengthening/base_44/Zonly/Zonly/baselines/CNN_unconstrained_metrics.csv","1114","cce1fe9b400eb76c495a6be0cb5966301dc13ce09d632e708e96e6915411d180"
"results/strengthening/base_44/Zonly/Zonly/baselines/CNN_unconstrained_predictions.csv","39979","c7713bd69b39473284f010be3dc43e659468866d224a531939f5842af2b8728d"
"results/strengthening/base_44/Zonly/Zonly/baselines/STA_accepted_metrics.csv","841","cd7b86f38f6b3a02aa8778a26624ad677cbb719d48d0689c01091de22a18e55d"
"results/strengthening/base_44/Zonly/Zonly/baselines/STA_predictions.csv","38471","fee43af570cb81b9c2cc033484f3f8e93a3d1775beb509ead092a74e03acd687"
"results/strengthening/base_44/Zonly/Zonly/baselines/STA_strict_metrics.csv","841","cd7b86f38f6b3a02aa8778a26624ad677cbb719d48d0689c01091de22a18e55d"
"results/strengthening/base_44/Zonly/Zonly/baselines/STA_unconstrained_metrics.csv","838","524ce56638e85d9e083362fab416fbdade8ae932b60852f40385c742b3173bf0"
"results/strengthening/base_44/Zonly/Zonly/baselines/STA_unconstrained_predictions.csv","38384","8ebcd7673b06f23dae086b978b9033b8304081c61b73da4a4d263ffc18fc8e23"
"results/strengthening/base_44/Zonly/Zonly/baselines/TCN_accepted_metrics.csv","1099","0494395b43805513d0b226d86ae6aaf986d6bcd6cf3673c71884751814614787"
"results/strengthening/base_44/Zonly/Zonly/baselines/TCN_predictions.csv","40177","dbbfb2e9958bd42e897db656e49187f0340729fcf9658a50cd7fbde947f41ce6"
"results/strengthening/base_44/Zonly/Zonly/baselines/TCN_strict_metrics.csv","1138","26692c26630598ee78e11a980135850b463a89c3b1da0f270055e2671a1693ea"
"results/strengthening/base_44/Zonly/Zonly/baselines/TCN_unconstrained_metrics.csv","1091","4c944cf6c67aa47c3e2f5ab0ea6b0a3365cab055c3c841480fe04b0ac29c3d03"
"results/strengthening/base_44/Zonly/Zonly/baselines/TCN_unconstrained_predictions.csv","40305","55e50ba1ab3454e9172c317044a2371205ada54a953917a2b89545f51e788e3c"
"results/strengthening/base_44/Zonly/Zonly/baselines/mean_ensemble_accepted_metrics.csv","1044","16cf334a9e41a7b046132836f9e7871f0d9e758c1fadeefa765d64a603285602"
"results/strengthening/base_44/Zonly/Zonly/baselines/mean_ensemble_predictions.csv","38781","e0494c19ae072a580fffeeda500ae610c4acef448587b1fe86ba891e36dea640"
"results/strengthening/base_44/Zonly/Zonly/baselines/mean_ensemble_strict_metrics.csv","1138","ec278a27849ee0f8bc909d064afdb32281ca62874f098d7b2e580cbac39a99ed"
"results/strengthening/base_44/Zonly/Zonly/baselines/mean_ensemble_unconstrained_metrics.csv","936","13340f95ccff8524b329a8f38ebdb6af23b4a4d861adbdc34d4808860b699744"
"results/strengthening/base_44/Zonly/Zonly/baselines/mean_ensemble_unconstrained_predictions.csv","38764","4f9ee55775bd850dc48dfabadae59c7c6303c92171e2f6f274371b44a21ca58f"
"results/strengthening/base_44/Zonly/Zonly/baselines/validation_weights.csv","335","5038e9598c7102c6cc8c2b09879a5b287e440e2b22319b2debff7f897fa2f9eb"
"results/strengthening/base_44/Zonly/Zonly/baselines/validation_weights.mat","357","ac438ecb89c0360d80d580cda4b98432b7ceedb9c31d3e80bdbfa12a275e43a2"
"results/strengthening/base_44/Zonly/Zonly/baselines/weighted_ensemble_accepted_metrics.csv","1014","fa003334040ee8d5137ee36327dc6f7337539483563157298403f97c7d758cae"
"results/strengthening/base_44/Zonly/Zonly/baselines/weighted_ensemble_predictions.csv","39760","7909dab74fdea3684618db699433d067a0cda42126d7de2ca63664a6ba4976ae"
"results/strengthening/base_44/Zonly/Zonly/baselines/weighted_ensemble_strict_metrics.csv","1011","06f1461244a898d9b7f2b2efd94672ab7198ccbe09bce30c2f77c279b02944b2"
"results/strengthening/base_44/Zonly/Zonly/baselines/weighted_ensemble_unconstrained_metrics.csv","1025","437917b8918fdbee7bed83f200535abbca1e1e1cc604ef591119b5db9838aab1"
"results/strengthening/base_44/Zonly/Zonly/baselines/weighted_ensemble_unconstrained_predictions.csv","39768","f9784aac8820208064e380b75ea6f02939d2ffab537d7e7285523f0b0cb296cd"
"results/strengthening/base_44/Zonly/Zonly/evaluation/full15ch_seed42_accepted_metrics.csv","1076","c190d2dd3e67736be627def1baf9e75f33280198777c2a8d2b930effeb8a2411"
"results/strengthening/base_44/Zonly/Zonly/evaluation/full15ch_seed42_predictions.csv","40855","23fd68ba31ace7a12084ddc3e90507b588fc6d08b1736b12c62f02e9212e224a"
"results/strengthening/base_44/Zonly/Zonly/evaluation/full15ch_seed42_strict_metrics.csv","1148","f64259f1920bb3fef7430b1dc5247c018014346b72cf2010791c16138e6f1f72"
"results/strengthening/base_44/Zonly/Zonly/evaluation/full15ch_seed42_unconstrained_metrics.csv","1121","12fb591bf81f8fa2b49435d828c316a6305d0409c1caeb0ea847b5f2431c15d9"
"results/strengthening/base_44/Zonly/Zonly/evaluation/full15ch_seed42_unconstrained_predictions.csv","40932","588f4c5a6f5456e352d0fa39c916117646b1a61e580062009c5bad5ac17bc76a"
"results/strengthening/base_44/Zonly/Zonly/evaluation/full15ch_seed43_accepted_metrics.csv","1117","3c1a19cbfd2644cf0b6ff02119f2b8e71946e8a6efef7420f440d50fa1cf4575"
"results/strengthening/base_44/Zonly/Zonly/evaluation/full15ch_seed43_predictions.csv","40841","5bb66d5c1b6ffaa2207d1bba396ea572d3c77c6f929e53d9311309995de468ab"
"results/strengthening/base_44/Zonly/Zonly/evaluation/full15ch_seed43_strict_metrics.csv","1139","187406ef1b1388818bb80152d3f7d2ce8e24f286251127d5db3de8ab3954fc53"
"results/strengthening/base_44/Zonly/Zonly/evaluation/full15ch_seed43_unconstrained_metrics.csv","1087","dcaec1ae2ef65d18fc440f46c5e12cf62f7b2343dac72e80e988f1455ed4d83f"
"results/strengthening/base_44/Zonly/Zonly/evaluation/full15ch_seed43_unconstrained_predictions.csv","40884","8237a1dbec43591fc2ba790e1bcb7ed925ae99a7b7d42fa4c1ed29c6a2089354"
"results/strengthening/base_44/Zonly/Zonly/evaluation/full15ch_seed44_accepted_metrics.csv","1151","dfaece330734ff6ada317020c03fec211566d1964a16d205d1d51fae83050c91"
"results/strengthening/base_44/Zonly/Zonly/evaluation/full15ch_seed44_predictions.csv","40831","4d263da46781cdfefbbbbc2e64a06e76fb96bdb7d7deae1073698797be970bbd"
"results/strengthening/base_44/Zonly/Zonly/evaluation/full15ch_seed44_strict_metrics.csv","1093","7e7f1bba7ed1e4dbd5f7a1f22c370c45321dea98f0cead2270196144ba6f08aa"
"results/strengthening/base_44/Zonly/Zonly/evaluation/full15ch_seed44_unconstrained_metrics.csv","1148","9dd7921f12db087315ee25f781f525b6237751b3fb7d840ab8031a8aa3ff0868"
"results/strengthening/base_44/Zonly/Zonly/evaluation/full15ch_seed44_unconstrained_predictions.csv","40896","b11da8529292a1bb1bf60d94fc09ceed1f092cd9bbe785c12cf66088b05b86a5"
"results/strengthening/base_44/Zonly/Zonly/oof_membership.csv","47865","428dc2c25386cc6396c621b5cead2ae0084a07c705be74b17ebf6435e09639d5"
"results/strengthening/base_44/Zonly/manifest.csv","367974","eebdadbfb158834633d707b0b251a371e58faa20505eb263ce65c81f22d5f724"
"results/strengthening/base_44/Zonly/models/Zonly/Zonly_CNN_fold0_seed44.mat","497948","f47e009a7ec778d11df6a9336ba4694e2da13ce1104c508c3361f3f6049cf62b"
"results/strengthening/base_44/Zonly/models/Zonly/Zonly_CNN_fold1_seed44.mat","469536","dd35c655623a66697f76fe49a401c00714fac68ca091afaf1bb22f99c7268ee7"
"results/strengthening/base_44/Zonly/models/Zonly/Zonly_CNN_fold2_seed44.mat","469667","eae9487ac8a47aa2c797a2f50dbf3f641eadcef505c8ac6198e1eb9d397dfb4e"
"results/strengthening/base_44/Zonly/models/Zonly/Zonly_CNN_fold3_seed44.mat","470298","80da65042e54bc531d4f4cc90fe54ff7f0dfa06b571831583168942f00c8313f"
"results/strengthening/base_44/Zonly/models/Zonly/Zonly_CNN_fold4_seed44.mat","471937","c4828032cef24c5c552893cf9f94aa7437908dbf4854fd496451c6c47107f89c"
"results/strengthening/base_44/Zonly/models/Zonly/Zonly_CNN_fold5_seed44.mat","470932","4ef7b1ce24a0841abcd6262b75845bbf0635d550782c9619943ce9e263608d9d"
"results/strengthening/base_44/Zonly/models/Zonly/Zonly_TCN_fold0_seed44.mat","571923","7c9c49b052105011a1d20dd3c5bf59aa4db471543a42a17f76d7b7cc1e1ecf87"
"results/strengthening/base_44/Zonly/models/Zonly/Zonly_TCN_fold1_seed44.mat","533867","e4bd4f907d36631248a3e8f1b56f975cd2cede38f862ded595c02a22d82760b9"
"results/strengthening/base_44/Zonly/models/Zonly/Zonly_TCN_fold2_seed44.mat","533941","d8f6547ba1958bba277bd370bfc114ecfd2495f0e89267c6719715c72a67bce9"
"results/strengthening/base_44/Zonly/models/Zonly/Zonly_TCN_fold3_seed44.mat","534718","c21de99dd1d5526c935cec4c58d837ebe768b1ff90ab7c1aed647adfd5f2a3d9"
"results/strengthening/base_44/Zonly/models/Zonly/Zonly_TCN_fold4_seed44.mat","536254","b6c74ae20e65a9574f1c093eef742255bc8851de51348360e63da69893162941"
"results/strengthening/base_44/Zonly/models/Zonly/Zonly_TCN_fold5_seed44.mat","535247","752c5382924e2dc8802efd2a2620123d8457dbca40d38cf85cffd0a05d326258"
"results/strengthening/base_44/Zonly/models/Zonly/Zonly_full15ch_fold-1_seed42.mat","923958","552b434767a218916089ea46f8c31ad7e53c990d410d248debb729e76e92ff5a"
"results/strengthening/base_44/Zonly/models/Zonly/Zonly_full15ch_fold-1_seed43.mat","926541","488252069953acbed76b8c1e99e4149f3d7c8a2f046fc4c345e61adc5381744f"
"results/strengthening/base_44/Zonly/models/Zonly/Zonly_full15ch_fold-1_seed44.mat","924183","d797632fd10b8da83888eb1e9fb9dcc9bfad4434f6a26337660efd4499f78bd9"
"results/strengthening/base_44/Zonly/training_ledger.csv","831","82ec484c6ed2bf54765ad88304b38ea7a6a9fb3f394658c3a8ba30a3553fdeca"
"results/strengthening/base_44/Zonly/training_plan.csv","645","878d8f9a33b632ad4e3cecd050a03f47a094facb7c3a7c8b0772a28627619d4c"
"results/strengthening/missing_evaluations.csv","9","5e7eb8f7a0c498d7c1d3b4f86000ac603f6bab48e5fe297ee7db463797d6b101"
"results/strengthening/paired_modes_base42_meta42.csv","1101","adf1b31681c2e5da84579da1df4a2007463f4967762394f92f0beb568a786f23"
"results/strengthening/paired_modes_base42_meta43.csv","1076","ce769505ac49a09e169f264385e068dc0137b7bb57879b8d3937baaa5a83eb6e"
"results/strengthening/paired_modes_base42_meta44.csv","1102","955e20e6456b14df9c5af8f4d17e2e834dbc561facf8b1839d922ccd1e2cf9f5"
"results/strengthening/paired_modes_base43_meta42.csv","1108","358f1bfaa9110304fcd8718838df560171cd5a4263c85aaa17fd0f95cf03d856"
"results/strengthening/paired_modes_base43_meta43.csv","1103","4c9d11aa5cb1cac2e819f62956145e01fb074097b07d19bd4dec578b1c58680a"
"results/strengthening/paired_modes_base43_meta44.csv","1106","b5b77c76ea317157383f10b5b75015467d13522747f4799922292bd5680cd3c8"
"results/strengthening/paired_modes_base44_meta42.csv","1067","49e093f0eec308ad82bbdcea67a89491e44ddafcf1e8b5aae80e24fd3f26308f"
"results/strengthening/paired_modes_base44_meta43.csv","1101","04b0b9fbcdef2cc116a622bfc57ce5cccea7ab3aeae74da324e6a6289848c721"
"results/strengthening/paired_modes_base44_meta44.csv","1105","fba1319f963649d197ea9f66802b57ecbbfe125d8ebf14bd5cc6164c8ff45647"
"results/strengthening/phasenet/Full3C/seed_42/Full3C/evaluation/PhaseNetMatched_seed42_accepted_metrics.csv","1064","82629e2eae83259594334ed67e4d621d85929b78fd82c5d9639b8714166bb2b4"
"results/strengthening/phasenet/Full3C/seed_42/Full3C/evaluation/PhaseNetMatched_seed42_predictions.csv","41786","345c483b50d85fe05c2078e87fc07d1057ee6dce72b9f27f5ac24b7bab9690de"
"results/strengthening/phasenet/Full3C/seed_42/Full3C/evaluation/PhaseNetMatched_seed42_strict_metrics.csv","1112","6b4d2aa32cd92c8bac50ae08d2d9468717e210b87211fe6ea7e5990a9c713f32"
"results/strengthening/phasenet/Full3C/seed_42/Full3C/evaluation/PhaseNetMatched_seed42_unconstrained_metrics.csv","1064","82629e2eae83259594334ed67e4d621d85929b78fd82c5d9639b8714166bb2b4"
"results/strengthening/phasenet/Full3C/seed_42/Full3C/evaluation/PhaseNetMatched_seed42_unconstrained_predictions.csv","41801","2570844daec6c4181e6361523ff13b6a62e8821147638929e25311df0d0b000f"
"results/strengthening/phasenet/Full3C/seed_42/manifest.csv","367974","eebdadbfb158834633d707b0b251a371e58faa20505eb263ce65c81f22d5f724"
"results/strengthening/phasenet/Full3C/seed_42/models/Full3C/Full3C_PhaseNetMatched_fold-1_seed42.mat","2103968","c8c8123b7be07644565016210b4ae1032312901590acd20b2798855b4efded0c"
"results/strengthening/phasenet/Full3C/seed_42/training_ledger.csv","112","8c7542541a37a475e29949906f72ef5d6194df9f60638579993f5a3b57f0905d"
"results/strengthening/phasenet/Full3C/seed_43/Full3C/evaluation/PhaseNetMatched_seed43_accepted_metrics.csv","1017","4c085c63999e4043ec58f0b59371fa25f1a631d0c5ee9e984e49a276e1481c4f"
"results/strengthening/phasenet/Full3C/seed_43/Full3C/evaluation/PhaseNetMatched_seed43_predictions.csv","38438","c54c3433a021503216b18f7ec55df9d993bc32d554e790d096778cfd702cf557"
"results/strengthening/phasenet/Full3C/seed_43/Full3C/evaluation/PhaseNetMatched_seed43_strict_metrics.csv","1056","120755546a7f26271d8d5c9f35d6b96217e26a27cf60a09ae6792e5dfd88003c"
"results/strengthening/phasenet/Full3C/seed_43/Full3C/evaluation/PhaseNetMatched_seed43_unconstrained_metrics.csv","1017","4c085c63999e4043ec58f0b59371fa25f1a631d0c5ee9e984e49a276e1481c4f"
"results/strengthening/phasenet/Full3C/seed_43/Full3C/evaluation/PhaseNetMatched_seed43_unconstrained_predictions.csv","38445","5b89b2c3c8bae2c7698024955b6eea9fd773a6729e5077fbd60bee0c9e8c4528"
"results/strengthening/phasenet/Full3C/seed_43/manifest.csv","367974","eebdadbfb158834633d707b0b251a371e58faa20505eb263ce65c81f22d5f724"
"results/strengthening/phasenet/Full3C/seed_43/models/Full3C/Full3C_PhaseNetMatched_fold-1_seed43.mat","2135578","2cc1cf0709e2e10b12777e9697a47cc2d043c3ec8af189d2faad5a9baccc9cba"
"results/strengthening/phasenet/Full3C/seed_43/training_ledger.csv","112","10b8bc548d94afc87383accf9abc7660044f9fd7d028377f3ca2b86e20a6836c"
"results/strengthening/phasenet/Full3C/seed_44/Full3C/evaluation/PhaseNetMatched_seed44_accepted_metrics.csv","1157","10fe5f2394a8c249c08bb2317a81250ef610dfbad091da0e7025c03d455f959a"
"results/strengthening/phasenet/Full3C/seed_44/Full3C/evaluation/PhaseNetMatched_seed44_predictions.csv","42544","b59898a6cbd839b54b6e7d20690176a6bd22b8515069f9f379fb7d0031cd171b"
"results/strengthening/phasenet/Full3C/seed_44/Full3C/evaluation/PhaseNetMatched_seed44_strict_metrics.csv","1160","3d8db612ae485f1e02f0c0f8714903f7492674460901a96995d43c19c825dc15"
"results/strengthening/phasenet/Full3C/seed_44/Full3C/evaluation/PhaseNetMatched_seed44_unconstrained_metrics.csv","1112","d02162ed440a83580d90473a26ba96955206b762903adb0e4bb57d96dd7161f4"
"results/strengthening/phasenet/Full3C/seed_44/Full3C/evaluation/PhaseNetMatched_seed44_unconstrained_predictions.csv","42583","8d6badc1ea12f7d056c2ee22800005833480b86a2eca622dc53af95832a0fc82"
"results/strengthening/phasenet/Full3C/seed_44/manifest.csv","367974","eebdadbfb158834633d707b0b251a371e58faa20505eb263ce65c81f22d5f724"
"results/strengthening/phasenet/Full3C/seed_44/models/Full3C/Full3C_PhaseNetMatched_fold-1_seed44.mat","2103023","bc2cadc3ab96bb03bd02c73787a9767cb8084effd99809e4290a7b5ba1ae6958"
"results/strengthening/phasenet/Full3C/seed_44/training_ledger.csv","112","6e964b41262f092cae19851b06fb60278df24853161d439d88211aea12770433"
"results/strengthening/phasenet/Zonly/seed_42/Zonly/evaluation/PhaseNetMatched_seed42_accepted_metrics.csv","980","67c96e7ed4c245b5e20c3cc628da0c4c86527dc61b28b6dd0faa9819dd2b9ea7"
"results/strengthening/phasenet/Zonly/seed_42/Zonly/evaluation/PhaseNetMatched_seed42_predictions.csv","38630","a8a2167bb9c338ac149f76d4a76ca0b3cbf37dc96f4ca5c1180ecd09a4175aa3"
"results/strengthening/phasenet/Zonly/seed_42/Zonly/evaluation/PhaseNetMatched_seed42_strict_metrics.csv","1097","825e66a5f14d9461df72f5ac6e81322fc24024358e1f09b2e1aaabb555ee8b68"
"results/strengthening/phasenet/Zonly/seed_42/Zonly/evaluation/PhaseNetMatched_seed42_unconstrained_metrics.csv","980","67c96e7ed4c245b5e20c3cc628da0c4c86527dc61b28b6dd0faa9819dd2b9ea7"
"results/strengthening/phasenet/Zonly/seed_42/Zonly/evaluation/PhaseNetMatched_seed42_unconstrained_predictions.csv","38635","c42d9415c169c29e94cba271839458778cff61e17a2ffe71cf5127ac4b0e9368"
"results/strengthening/phasenet/Zonly/seed_42/manifest.csv","367974","eebdadbfb158834633d707b0b251a371e58faa20505eb263ce65c81f22d5f724"
"results/strengthening/phasenet/Zonly/seed_42/models/Zonly/Zonly_PhaseNetMatched_fold-1_seed42.mat","2331528","942fc00bfe68f0bcfc7308a9f80ddf4e273a55cb4efc02af8b03f2ad15cecc64"
"results/strengthening/phasenet/Zonly/seed_42/training_ledger.csv","110","577cdc333aed976c3f6184438f6c58609a65fb0268704e05536334825e0d4ada"
"results/strengthening/phasenet/Zonly/seed_43/Zonly/evaluation/PhaseNetMatched_seed43_accepted_metrics.csv","1105","de2ab19d2689cefa12277a1b3c95750f0ecee7a640cf17f67872877efffa0d0b"
"results/strengthening/phasenet/Zonly/seed_43/Zonly/evaluation/PhaseNetMatched_seed43_predictions.csv","42397","f1cf16afdf3f09d2c4a3f95a6d40ae9a20804ead6a5b926bccc4132edb9c1c0d"
"results/strengthening/phasenet/Zonly/seed_43/Zonly/evaluation/PhaseNetMatched_seed43_strict_metrics.csv","1027","f13d926f7d54d89e48df47be4cfd3d61b52b7219b71a19a3600cb33d9ecc25e3"
"results/strengthening/phasenet/Zonly/seed_43/Zonly/evaluation/PhaseNetMatched_seed43_unconstrained_metrics.csv","1107","af6491a50f97aa4eefb8262c6b631f7ed0d7c79a3c265a912313b7c796fc5221"
"results/strengthening/phasenet/Zonly/seed_43/Zonly/evaluation/PhaseNetMatched_seed43_unconstrained_predictions.csv","42405","4583ba2f3ca68a90ad79656d3f8982908703d373187da9c83f596fb47435a31e"
"results/strengthening/phasenet/Zonly/seed_43/manifest.csv","367974","eebdadbfb158834633d707b0b251a371e58faa20505eb263ce65c81f22d5f724"
"results/strengthening/phasenet/Zonly/seed_43/models/Zonly/Zonly_PhaseNetMatched_fold-1_seed43.mat","2263366","455e45565b1a7dd87cb73787b4baaac97e9e1c730929cbd6043b143a192feba2"
"results/strengthening/phasenet/Zonly/seed_43/training_ledger.csv","109","d9e0614ea381f6a507c65838bc1f794551d7a90e3d3d6afbbcdd72642c5993a6"
"results/strengthening/phasenet/Zonly/seed_44/Zonly/evaluation/PhaseNetMatched_seed44_accepted_metrics.csv","1027","f8b00b355bf5f09364473dd3d9d5da4b2ae02b33a92954278bfa251c4b01f10f"
"results/strengthening/phasenet/Zonly/seed_44/Zonly/evaluation/PhaseNetMatched_seed44_predictions.csv","40368","5a19dd16d1fc31adb37d6b08d57357e3e102bed82f7dec1e441815e703b4d16c"
"results/strengthening/phasenet/Zonly/seed_44/Zonly/evaluation/PhaseNetMatched_seed44_strict_metrics.csv","1066","4c09733abd80695b299695ba910e7cd6175e9267a0bf915d703dbbac2c05cb26"
"results/strengthening/phasenet/Zonly/seed_44/Zonly/evaluation/PhaseNetMatched_seed44_unconstrained_metrics.csv","1027","f8b00b355bf5f09364473dd3d9d5da4b2ae02b33a92954278bfa251c4b01f10f"
"results/strengthening/phasenet/Zonly/seed_44/Zonly/evaluation/PhaseNetMatched_seed44_unconstrained_predictions.csv","40351","2e352ba1077765145a83b3515f8774c7c9c422ed4cfb10f3fe773311cc6f8bce"
"results/strengthening/phasenet/Zonly/seed_44/manifest.csv","367974","eebdadbfb158834633d707b0b251a371e58faa20505eb263ce65c81f22d5f724"
"results/strengthening/phasenet/Zonly/seed_44/models/Zonly/Zonly_PhaseNetMatched_fold-1_seed44.mat","2222795","50cfa94a1378cea246f8588a6f8634eddc545ab76a5de3b245a61b474d8c50ce"
"results/strengthening/phasenet/Zonly/seed_44/training_ledger.csv","110","e2fa083230913673b85ef47fdc875d37b2cca4a213d70a5ddcbde0aac5de2f70"
"results/strengthening/stack_meta_averages_within_base.csv","2596","a19f511a66ddbb5ce5cc64e24eb091a76c3da56b551e2e9e9584684c3a8196dd"
"results/strengthening/stack_minus_phasenet_Full3C_base42_meta42.csv","1111","28b583c78d518725e3ebae284139285c8d59ca5411a2dcc4bb39d03e5d9aee9d"
"results/strengthening/stack_minus_phasenet_Full3C_base42_meta43.csv","1098","999a3ac9664279b28afd0a6973d3b0690eaa8682fdff38336df1693cc5289d86"
"results/strengthening/stack_minus_phasenet_Full3C_base42_meta44.csv","1110","3fdb9790844179490252b48ae15b12dc82b4f04e4108bc220881dcb0d682502c"
"results/strengthening/stack_minus_phasenet_Full3C_base43_meta42.csv","1119","a760db8f35bc655136cd50fb8db253a7debb78e4d041642585918d0438087be0"
"results/strengthening/stack_minus_phasenet_Full3C_base43_meta43.csv","1119","252782dd48fb42dde9e3558ee9dc32eb14e80ac9f3cb727df13202f3f5617c46"
"results/strengthening/stack_minus_phasenet_Full3C_base43_meta44.csv","1117","a5d9f8fdb77eecfb69cfbfcf613ca2dacebdb900505fbb40efcbdc231de6d4e0"
"results/strengthening/stack_minus_phasenet_Full3C_base44_meta42.csv","1113","f59d67f210312afa54db3d905e14ce9164a5f954255d9283300570ce60112926"
"results/strengthening/stack_minus_phasenet_Full3C_base44_meta43.csv","1113","7667a9ddf4d41953f8deab42ec603d5044f607a8e869428450c704e65560aaf0"
"results/strengthening/stack_minus_phasenet_Full3C_base44_meta44.csv","1117","1ce611140f9d24a69fbfea79527152b988d368a4c2f93f344a187c5ab9964dbd"
"results/strengthening/stack_minus_phasenet_Zonly_base42_meta42.csv","1108","c73dd63d5483ef0c81e0733e07cc31207d2ed8bbed9438aae9f18bf1043c5df5"
"results/strengthening/stack_minus_phasenet_Zonly_base42_meta43.csv","1096","bcf66382ebe44e507d642b1850994c80dfb74566d923853b3c1b8a1b08209ad8"
"results/strengthening/stack_minus_phasenet_Zonly_base42_meta44.csv","1108","5df91ed703b7de9ffd7acbb0e1c4b41e3c520203f59d48202df733e26fd3c995"
"results/strengthening/stack_minus_phasenet_Zonly_base43_meta42.csv","1117","b742e314923e73250bc8ee09bc721b946c564dbdaf8ded5ae97aa24269cf42e4"
"results/strengthening/stack_minus_phasenet_Zonly_base43_meta43.csv","1112","7f05168a22356ea4cec7383c8dad973f22c5423a544a76113d7bde40d7eae7dd"
"results/strengthening/stack_minus_phasenet_Zonly_base43_meta44.csv","1112","9f1cee5109e0d0e07c698caf5981f2b7df626be79740df855c13b3d826521cbb"
"results/strengthening/stack_minus_phasenet_Zonly_base44_meta42.csv","1076","62862dc23cbb54110842f387354165ef47405ee6075ff9ea481fbe3b66158514"
"results/strengthening/stack_minus_phasenet_Zonly_base44_meta43.csv","1117","ba31e3d786a0ecfab4a47ab61e1192a64e3ff1c4bc1ea3b581d07c12e51d4b59"
"results/strengthening/stack_minus_phasenet_Zonly_base44_meta44.csv","1115","87c13338afaf96fc88913e72ceeebe4d4a9c203d80e34832efd7628bdae0f757"
"results/strengthening/strengthening_metrics.csv","26521","b2389612bca420c29adf7cce2f7016f808be033cdcd791cdc375663e58985592"
"results/strengthening/summary_input_hashes.csv","4433","d11b643b8e83541b3810e5a87c68848b364c0bed70b110e80953f8bf1102edb9"
"results/submission40/Full3C/baselines/AIC_accepted_metrics.csv","888","e2783e5320473e553b1a763946f22ddc09b576d5560ac626da63d5d65ca00e19"
"results/submission40/Full3C/baselines/AIC_predictions.csv","37704","b3e37c7bb92f34ea61f40e8d21b2ff48abdf4e9233171d28bc9e66d798db1e32"
"results/submission40/Full3C/baselines/AIC_strict_metrics.csv","888","dcc20da02b0d92652882dd6c08fb602837312048e2c9ce6870d51a81992f4fbe"
"results/submission40/Full3C/baselines/AIC_unconstrained_metrics.csv","840","8aaff81c42932b866f1d6e57d470b36007496fc9ab659a33d2a2b3493dc6a985"
"results/submission40/Full3C/baselines/AIC_unconstrained_predictions.csv","37792","d45944e8769cb5a050564fd76df34c8e03d70e063f1eef8d104def5adff7b1dd"
"results/submission40/Full3C/baselines/CNN_accepted_metrics.csv","1118","4c1338a179e837e7d0dbec7c5e28e47c7b74c4a228a9dc57ec061a15773dbd59"
"results/submission40/Full3C/baselines/CNN_predictions.csv","40337","db010fe79fecd8c8e7abe83b5affc8ff6ab0436b868ae64ef7535331959fc587"
"results/submission40/Full3C/baselines/CNN_strict_metrics.csv","1154","bb73edd7c2745d375abd989eced5509f2f6f94b33c6e16a79833341010e60b48"
"results/submission40/Full3C/baselines/CNN_unconstrained_metrics.csv","1108","ed0dbf4dcb52a245adfb42023e041c1f740d7c9fe29a983003dfa53a78d3605d"
"results/submission40/Full3C/baselines/CNN_unconstrained_predictions.csv","40444","10e537af8bc97b6591d91f84367471b460a2e21fec9e8da8d05616ddfc601a7c"
"results/submission40/Full3C/baselines/STA_accepted_metrics.csv","1046","3935beaaa5ff156caa8872f8d33322ad9f0643e369e801e26053662caa2935f3"
"results/submission40/Full3C/baselines/STA_predictions.csv","38571","b666187d6e05bf9d022bb1f174023d08b5eb1601935d2bd4265c37fe2f0e1dec"
"results/submission40/Full3C/baselines/STA_strict_metrics.csv","1043","17daddcf617d24a0a248524982d755d10ba4cb667e6190b9b7f262acc2c0819d"
"results/submission40/Full3C/baselines/STA_unconstrained_metrics.csv","998","66fb1e9115b975be8bd28aa63bd9bc52c4248b79ce587253d163be6411de4ddf"
"results/submission40/Full3C/baselines/STA_unconstrained_predictions.csv","38629","ea2314963f2601fac03b1d29f9f865cd22d147cb4ad754a360e30704509640ef"
"results/submission40/Full3C/baselines/TCN_accepted_metrics.csv","1163","48ba00cd362b88ebfc6f3fbb8ac2a6d5a8799baf54ac47c25eba8953790b7744"
"results/submission40/Full3C/baselines/TCN_predictions.csv","41195","e60196c95df053139ff5e18930f091d30165ad07de53783689c8b0a83b8a94b9"
"results/submission40/Full3C/baselines/TCN_strict_metrics.csv","1135","b854a3fbe708be5ab0410232c9a6b340a7805e1b831bb413e7c29142020921e8"
"results/submission40/Full3C/baselines/TCN_unconstrained_metrics.csv","1119","13b1c04ab780de1ce3f28c00f378ad8b9020be23350fd11e3638dbbac4c282aa"
"results/submission40/Full3C/baselines/TCN_unconstrained_predictions.csv","41335","60e685f9e8ed97b7a6ae1756907c2ea71829a07f8de7335c2df0dc7b7b75a46e"
"results/submission40/Full3C/baselines/mean_ensemble_accepted_metrics.csv","1077","02aa6ac17bd7596683d5cb4e95083cc6fd5dac278c454a4d2160a8039bbcd5dc"
"results/submission40/Full3C/baselines/mean_ensemble_predictions.csv","39394","17e7e0ffb6631ee0081fcaa56e4f06fa386ad25e6252b1cb7c34c27a7c998d81"
"results/submission40/Full3C/baselines/mean_ensemble_strict_metrics.csv","1109","78f87fcf3f4a9ba1af8ad9215ef9e8a5aa5d079cd5877c99af89da3018a5d02c"
"results/submission40/Full3C/baselines/mean_ensemble_unconstrained_metrics.csv","1032","168ebe4c94ac56ae2b22bbef103dd71b83edcda685f93a8af56c21b099089d2e"
"results/submission40/Full3C/baselines/mean_ensemble_unconstrained_predictions.csv","39326","bd902053750c7020919e8a843faa5552fdb58b601012e82f6b6a86f2d5d58273"
"results/submission40/Full3C/baselines/validation_weights.csv","369","d00711b05606a5b172e3584bebe2bdac9cff42a925912500f0e331b95d9f8008"
"results/submission40/Full3C/baselines/validation_weights.mat","376","33579d2818115e7a54e0bb2dd13aa3773443427d4217c09642c039c2c110c723"
"results/submission40/Full3C/baselines/weighted_ensemble_accepted_metrics.csv","1117","cc6c294a6236c0ecdc728ecbd2ecfe21acea157b0c4dacf599bd37044be8919c"
"results/submission40/Full3C/baselines/weighted_ensemble_predictions.csv","40910","7a399e887f0046c768f75b791794f88cfde181cf5372739f2743fee7cd21f515"
"results/submission40/Full3C/baselines/weighted_ensemble_strict_metrics.csv","1156","31597f55d3d2fa6ec7a761019e6f458535f210b62319f1a242fe6108fc20aff0"
"results/submission40/Full3C/baselines/weighted_ensemble_unconstrained_metrics.csv","1118","101db992d6a1d8d034ce0fe3e9e47e6aee2abd93d033362095286d847c02c0d6"
"results/submission40/Full3C/baselines/weighted_ensemble_unconstrained_predictions.csv","40929","8be166943b938097f8a844e33f0fea6eb06c6a604efb1bdd18c2b3f67e59d16d"
"results/submission40/Full3C/evaluation/full15ch_seed42_accepted_metrics.csv","1156","6e09c889e9087c39c1d614d64ad8c4330804f19226a20204cedc66d988a9a6f3"
"results/submission40/Full3C/evaluation/full15ch_seed42_predictions.csv","41411","d4a3d50cdda0e71c871501214115c6b705d5dae7ffd74407b6e68258b4440a16"
"results/submission40/Full3C/evaluation/full15ch_seed42_strict_metrics.csv","1147","4f4f2eaf7eb11093cca4b5a95659f4a255ea8358ba8eafe9d3bf42ee15d28bf7"
"results/submission40/Full3C/evaluation/full15ch_seed42_unconstrained_metrics.csv","1158","6f3bd6188150b1e577c0b121f62c3a45901f735913ed956c4d8d0e933d9244d2"
"results/submission40/Full3C/evaluation/full15ch_seed42_unconstrained_predictions.csv","41463","8c0ee8007867fc3db0debfb8bbf55dff280e49ce9c31eea5547520a5b537cadc"
"results/submission40/Full3C/evaluation/full15ch_seed43_accepted_metrics.csv","1059","2aba96db5e19aa6d18c32a75531f8193c6e567b805d686ba1821faba433334d9"
"results/submission40/Full3C/evaluation/full15ch_seed43_predictions.csv","41340","f664254a3b5cf8fa2e26b2c613fcf7cea7035e24a9980a7ffd85a253b11d1cdf"
"results/submission40/Full3C/evaluation/full15ch_seed43_strict_metrics.csv","1107","350cc2332cf78e89e6602583148120583c52387d5a3c8212698c542a5f429154"
"results/submission40/Full3C/evaluation/full15ch_seed43_unconstrained_metrics.csv","1149","4ffce7459daee57bb48f27847ecc6c513697d9c237b7f12e92e1e8ce91370005"
"results/submission40/Full3C/evaluation/full15ch_seed43_unconstrained_predictions.csv","41424","be85b3ef46273517530e4adbc4f044a6c67b70a8f0a4120d15775583244234de"
"results/submission40/Full3C/evaluation/full15ch_seed44_accepted_metrics.csv","1092","04bc7dbf7778a4e51f1990d865f759fd6f02ea108c02135b55461e1f2ceeb007"
"results/submission40/Full3C/evaluation/full15ch_seed44_predictions.csv","41492","591bda22daf18c0d1dfc11695216d94326572822086702c68d9bd0bb1c1487b3"
"results/submission40/Full3C/evaluation/full15ch_seed44_strict_metrics.csv","1143","3dffa4b65e7e2f570b3ae5b70c68f5158ae5f070bfc21a264866ef108ab53cb2"
"results/submission40/Full3C/evaluation/full15ch_seed44_unconstrained_metrics.csv","1133","fb9d86dc8de0120762ff2a38ca2cd14c592731af09b9376513e01b4c5a634fd3"
"results/submission40/Full3C/evaluation/full15ch_seed44_unconstrained_predictions.csv","41525","ad5144f356b28ff3a42cc7ad1fbe180a756e1559d8bb154f4ef784277e90fbb4"
"results/submission40/Full3C/evaluation/logistic_seed42_accepted_metrics.csv","1124","db4f2c766d6a26b7a37a31e4f19a025e2e6c355778d2e23a93f906bf91cedc8b"
"results/submission40/Full3C/evaluation/logistic_seed42_predictions.csv","40092","15ab02ec7f4f443d1d87cee44d0595e9ae97879933c12224398235b74672113a"
"results/submission40/Full3C/evaluation/logistic_seed42_strict_metrics.csv","1045","c74eaff77cbacfac592ad980d471eb4281e03e2b290942ca608fbc67c7e80ff9"
"results/submission40/Full3C/evaluation/logistic_seed42_unconstrained_metrics.csv","1054","b912a3303926878ff60a1177fd7fe70ff3ada64eae59ca5bd473f0b05c5ca7c6"
"results/submission40/Full3C/evaluation/logistic_seed42_unconstrained_predictions.csv","40973","69add18a36d2dee6a0b64afe409e40d0936986129cce53a1834c0e8a2b10f345"
"results/submission40/Full3C/evaluation/nodilation_seed42_accepted_metrics.csv","1064","fda2bd1c086715074b833521438d85b0d9c6034ea1f15f052cdcb9cd2e24b017"
"results/submission40/Full3C/evaluation/nodilation_seed42_predictions.csv","41496","c6826be97d9c91f3e85714ad2ae37246c6982cc85fcf311f24880b66f97fc6b1"
"results/submission40/Full3C/evaluation/nodilation_seed42_strict_metrics.csv","1145","389cae01957e7ee11750ee84f5eadb6e1a9ca1fde5cdf4a031b91e79221b5475"
"results/submission40/Full3C/evaluation/nodilation_seed42_unconstrained_metrics.csv","1151","7687366c917e22a8cafad20f67d60cd2bbc9fa5df38fbaef2527b427d6b97304"
"results/submission40/Full3C/evaluation/nodilation_seed42_unconstrained_predictions.csv","41569","f958ed902c2f4a5634013f9f434b0dd68e2859656c7f5ae98bffc1647394a837"
"results/submission40/Full3C/evaluation/nodilation_seed43_accepted_metrics.csv","1145","33e870ed2bad921149f1176fb89a678aba3da0b622faa5c3fdef331843a4b5a2"
"results/submission40/Full3C/evaluation/nodilation_seed43_predictions.csv","41763","85e9949e4fad261350623e17f7db9c204da7ebc5b5ebc1febc48c9dde0b6ad3b"
"results/submission40/Full3C/evaluation/nodilation_seed43_strict_metrics.csv","1131","89c07ba4a0c2c53785d7f6fbd080aae1314bea29b2b9a2eb82a74e8bda47fcc7"
"results/submission40/Full3C/evaluation/nodilation_seed43_unconstrained_metrics.csv","1162","8a37e274f0da1a72025f42aa3f8c6e39e9b61c1192f3f9804f407cfe006ef8f1"
"results/submission40/Full3C/evaluation/nodilation_seed43_unconstrained_predictions.csv","41808","b3df8d66399b43bb74adf49fecfbc03c2036e21ada6d7434d54d560f62c0b9dd"
"results/submission40/Full3C/evaluation/nodilation_seed44_accepted_metrics.csv","1101","9e09a1d7f63661cfc4f9bb90cec7e10687fa3250b032d893d542bce189a3182e"
"results/submission40/Full3C/evaluation/nodilation_seed44_predictions.csv","41377","b55d9d0d7d9ddd9dc6cab966e2871b561213d0d31ca22304afdee3096e336687"
"results/submission40/Full3C/evaluation/nodilation_seed44_strict_metrics.csv","1141","a2ba33fe2072d3ac0d751e78c758f94a30040a93a9d4db180752b04902c9b2fd"
"results/submission40/Full3C/evaluation/nodilation_seed44_unconstrained_metrics.csv","1103","bffceb936819ba71e26cf7f188cdffe14c302e5bb52971f0cb0d406949a81e57"
"results/submission40/Full3C/evaluation/nodilation_seed44_unconstrained_predictions.csv","41499","200316ed1b562f1727e2f9dde391606b95826d55945007fa0b7f431583754d8b"
"results/submission40/Full3C/evaluation/probonly12_seed42_accepted_metrics.csv","1166","218006920251afbe25f07e33dec302bf845935456b6b2258eebc8a3837f7e2b4"
"results/submission40/Full3C/evaluation/probonly12_seed42_predictions.csv","41732","0d416ac3544f3a494490f35ddf6552033bd1580f7f63cea2e62702615f384bb7"
"results/submission40/Full3C/evaluation/probonly12_seed42_strict_metrics.csv","1164","4cbc1bd2a6d6df2893e295b27e6de3b925f37ab8330438eaf23d280a18b422ee"
"results/submission40/Full3C/evaluation/probonly12_seed42_unconstrained_metrics.csv","1064","b46e01d37d7047c50f83a974aea58bf2d4921c1bb79191921a294e079880016f"
"results/submission40/Full3C/evaluation/probonly12_seed42_unconstrained_predictions.csv","41764","18cc95435b9d34908ea24ceb243a478dc6bf2d7317275fdb1dcb223a2bf963ce"
"results/submission40/Full3C/evaluation/probonly12_seed43_accepted_metrics.csv","1166","57d34a564d2122450fcd0b0133b24beaa1e344081fbfc0ef66126f779e4989f4"
"results/submission40/Full3C/evaluation/probonly12_seed43_predictions.csv","41715","d833cf7b24439cc582547e097bbed1cefed6b65181622855055a858d90453dc2"
"results/submission40/Full3C/evaluation/probonly12_seed43_strict_metrics.csv","1150","1d4710936857a442fc009b7177806338d5416e7d3caf5c705164d5c90a954fee"
"results/submission40/Full3C/evaluation/probonly12_seed43_unconstrained_metrics.csv","1073","a174646341128db17950ebc781345b810bf44af74c0d8723619b54dbca059bd2"
"results/submission40/Full3C/evaluation/probonly12_seed43_unconstrained_predictions.csv","41749","015342c9df92326ad859f177a600667c9da1c43a0970c972b354f552e85149c3"
"results/submission40/Full3C/evaluation/probonly12_seed44_accepted_metrics.csv","1106","aa47bc6d7815cfb1623705344f5d81a900d09e101263661e20d7fd57f854b954"
"results/submission40/Full3C/evaluation/probonly12_seed44_predictions.csv","41186","67a45665e5f5590ba62efc7a28a871ddc6930a959edac0f84180598a2b1c8e07"
"results/submission40/Full3C/evaluation/probonly12_seed44_strict_metrics.csv","1058","16553a6d90feeccb1d68a2d37a8f375c27d8e0f5c471e727e8b0a0f4b27e3515"
"results/submission40/Full3C/evaluation/probonly12_seed44_unconstrained_metrics.csv","1123","f2f3a0755add26f1b7dce93ce49aa364c7e6c89e24558423e4d3744cddd19846"
"results/submission40/Full3C/evaluation/probonly12_seed44_unconstrained_predictions.csv","41283","14e38095d5f5a3299fb828bee89b05fe56087503aceeb6ad85bf77603d6cb884"
"results/submission40/Full3C/evaluation/waveonly3_seed42_accepted_metrics.csv","1145","fcdba62a7c3fb119a8279b64766589a661157404b4735b88484b75ed4e398bd7"
"results/submission40/Full3C/evaluation/waveonly3_seed42_predictions.csv","40995","96f9a858ba5f95262ca469416f22d33ac71b19583641fa8246218f82fdf59367"
"results/submission40/Full3C/evaluation/waveonly3_seed42_strict_metrics.csv","1145","76ae8ff7362543725bc498b2f1454161e02cd832f082b1e685aad378fd7ef94e"
"results/submission40/Full3C/evaluation/waveonly3_seed42_unconstrained_metrics.csv","1115","05e5f53f778228d43976a964999540412dcea9621988814f781083b1d69d4c50"
"results/submission40/Full3C/evaluation/waveonly3_seed42_unconstrained_predictions.csv","41184","2eee71ed1ec2e7390ae045c3d5adda561db746c671519c04b41789eace1d540f"
"results/submission40/Full3C/evaluation/waveonly3_seed43_accepted_metrics.csv","1156","18d3a8bba9b7d54e6402a6c2b128b8115b13d83fc438a764888e2684fd2bf6ce"
"results/submission40/Full3C/evaluation/waveonly3_seed43_predictions.csv","41034","08f113dc6150a8ec01ddcaaf3c7d7ff9daa2e3e36d6b31bf5b554db7f4a2d1ae"
"results/submission40/Full3C/evaluation/waveonly3_seed43_strict_metrics.csv","1124","074fcdc5faebf9082a807c7f9650a816f65aa744b8150ec2d4513eaaa08948ae"
"results/submission40/Full3C/evaluation/waveonly3_seed43_unconstrained_metrics.csv","1157","cc47eabb943bd512dba0396a16c89602178b167a103b5bc99c97eb6b308c7be6"
"results/submission40/Full3C/evaluation/waveonly3_seed43_unconstrained_predictions.csv","41164","3515d58650e0073374aadf7005b689d1a2498cad82a2b4778f7e8ea48eb514eb"
"results/submission40/Full3C/evaluation/waveonly3_seed44_accepted_metrics.csv","1162","25afaacef13eb844d43aa3b59f89d5dd809c56edd65ceb107f6775fbad6ce523"
"results/submission40/Full3C/evaluation/waveonly3_seed44_predictions.csv","40908","fa7206b846445b594c87d96c3993d7c250bc39d2f18c115c21f4401a3663e905"
"results/submission40/Full3C/evaluation/waveonly3_seed44_strict_metrics.csv","1072","c2a888b5ebd677fdfae1b9c2548b5503a0640d6f9922fa9f887908a106c362e2"
"results/submission40/Full3C/evaluation/waveonly3_seed44_unconstrained_metrics.csv","1115","6fd6c596a292d4c54670eb932c0229b319bfd33a22658a73cd48d79dd19690d4"
"results/submission40/Full3C/evaluation/waveonly3_seed44_unconstrained_predictions.csv","41062","f22cd59534e81e4ecbc4aa963e57bc1e4f23c69230e6ad622a7c72fbcc351863"
"results/submission40/Full3C/oof_membership.csv","47865","428dc2c25386cc6396c621b5cead2ae0084a07c705be74b17ebf6435e09639d5"
"results/submission40/Zonly/baselines/AIC_accepted_metrics.csv","840","b702144b13718d21ffaa330ffe7723590922477b95a6f03d9980c862e0e6355d"
"results/submission40/Zonly/baselines/AIC_predictions.csv","37852","0ec2dfba28d39b524aca85b0011773425711477484b5154b7e52c030c0669bec"
"results/submission40/Zonly/baselines/AIC_strict_metrics.csv","840","b702144b13718d21ffaa330ffe7723590922477b95a6f03d9980c862e0e6355d"
"results/submission40/Zonly/baselines/AIC_unconstrained_metrics.csv","837","237a260165b25c1715532769c4fbac420d9535b8b7fc14009ee36a9ba8182bb9"
"results/submission40/Zonly/baselines/AIC_unconstrained_predictions.csv","37796","bf140243a4a3475f8b88eb5b27642f8e5340540e2d7b3e7c6bd4f82e1ffc9c54"
"results/submission40/Zonly/baselines/CNN_accepted_metrics.csv","1121","a4005d3180784cdfad5861ea4097cb1d8df602ae2b0a5324f72d21756ddfde6f"
"results/submission40/Zonly/baselines/CNN_predictions.csv","39601","10cdf36e004c4e9b711df9f275a8123dbb11441bc28cec368bef7fff6d544ff1"
"results/submission40/Zonly/baselines/CNN_strict_metrics.csv","1158","b0a71a2f89b7d3833344efb9f06ee6fd76ee0b2a4b765f351a3cd0495fc129b3"
"results/submission40/Zonly/baselines/CNN_unconstrained_metrics.csv","1054","811ef8704d9ad08ec877af9536a63f471daea8f97d779a2d2d91a699cd20b403"
"results/submission40/Zonly/baselines/CNN_unconstrained_predictions.csv","39709","4ddbdcde2505e5293b4d08ef373dd3d9764e9f5913d2cbcf9d9adc1ddd5d42a5"
"results/submission40/Zonly/baselines/STA_accepted_metrics.csv","841","cd7b86f38f6b3a02aa8778a26624ad677cbb719d48d0689c01091de22a18e55d"
"results/submission40/Zonly/baselines/STA_predictions.csv","38471","fee43af570cb81b9c2cc033484f3f8e93a3d1775beb509ead092a74e03acd687"
"results/submission40/Zonly/baselines/STA_strict_metrics.csv","841","cd7b86f38f6b3a02aa8778a26624ad677cbb719d48d0689c01091de22a18e55d"
"results/submission40/Zonly/baselines/STA_unconstrained_metrics.csv","838","524ce56638e85d9e083362fab416fbdade8ae932b60852f40385c742b3173bf0"
"results/submission40/Zonly/baselines/STA_unconstrained_predictions.csv","38384","8ebcd7673b06f23dae086b978b9033b8304081c61b73da4a4d263ffc18fc8e23"
"results/submission40/Zonly/baselines/TCN_accepted_metrics.csv","1153","f9a771c8469b984f18368f47c0f28bf90551a1f70d44b520b6ea8b6b20b67ece"
"results/submission40/Zonly/baselines/TCN_predictions.csv","40244","aedd1a77a192891d2ee9ec72e5017919d40da826edfa7e6fc78d5b20754c5876"
"results/submission40/Zonly/baselines/TCN_strict_metrics.csv","1113","6ddb8cd7756383518eaf9cbc2c177e2d886514a3bd3f164b5ea72666a3e32e05"
"results/submission40/Zonly/baselines/TCN_unconstrained_metrics.csv","1157","621f159d2cec06e72e4883685481743fd024c851aa0b41664107f29365511167"
"results/submission40/Zonly/baselines/TCN_unconstrained_predictions.csv","40389","db831e2a8407e0e223bfa3ca0b8197f8e768e487f9727d50efe15470d9e10606"
"results/submission40/Zonly/baselines/mean_ensemble_accepted_metrics.csv","936","2c73a54487bf01044f669824cff9e490a2b531b17cda953694f21ffd1c161347"
"results/submission40/Zonly/baselines/mean_ensemble_predictions.csv","38842","374737bb36e1570d45b37bf4be87cb6140d5d16640e86b89f49df5a8eedbac72"
"results/submission40/Zonly/baselines/mean_ensemble_strict_metrics.csv","974","23975a72a9ae01d0781d38e78b87eb844c30cf6ebfd07c6669cd452bde530561"
"results/submission40/Zonly/baselines/mean_ensemble_unconstrained_metrics.csv","936","6d38f36f705eea3323b827a11efae101e62aa1cbbef23a49b397e830be4498b9"
"results/submission40/Zonly/baselines/mean_ensemble_unconstrained_predictions.csv","38816","3e00781e5e08268008470a04941bc17f508cc900ae6b14bca69a4c6d1f006fa4"
"results/submission40/Zonly/baselines/validation_weights.csv","334","81af1df56f4057e68733cf5917032f1aa3b343e89cc5d59322018ac926f55d9e"
"results/submission40/Zonly/baselines/validation_weights.mat","361","de8c573e7127bc4188068c916e1be045564f3700a0bc3d42d948c40a0cd0b00c"
"results/submission40/Zonly/baselines/weighted_ensemble_accepted_metrics.csv","1051","7f222fc2cb7a45676f43799cf3fd0f15bd9fd09abb9d3def8c6e62b68f88d143"
"results/submission40/Zonly/baselines/weighted_ensemble_predictions.csv","39896","8dd7b0a26752f190c44ed0305fefb08f03e8fec77645755168c3fcb704bc1237"
"results/submission40/Zonly/baselines/weighted_ensemble_strict_metrics.csv","1156","36f6d8e035fa0806607f010ffe7e8e1af578ef9b4cfe1b55972222b2d521fd70"
"results/submission40/Zonly/baselines/weighted_ensemble_unconstrained_metrics.csv","1070","15c6678fc77c3115a68894927c17d67074097e687efee21078db396136b7c516"
"results/submission40/Zonly/baselines/weighted_ensemble_unconstrained_predictions.csv","39925","83758903896df73fda130b1a1e2f14d300fc3c08e94211042d673cb2087c0350"
"results/submission40/Zonly/evaluation/full15ch_seed42_accepted_metrics.csv","1071","f3cc4a39582967afd009a4b0784e3a10d1b911d0b3b53a0ab5a793b8cd698bd5"
"results/submission40/Zonly/evaluation/full15ch_seed42_predictions.csv","40580","d5f45d980385422fed41ab5325e5de6ddf0ec88dff59b840127ebce840771a8c"
"results/submission40/Zonly/evaluation/full15ch_seed42_strict_metrics.csv","1160","cfdc9f181dd5aa41eb477302ef4051cd4ac04bbed44903bc9858d75ce5224333"
"results/submission40/Zonly/evaluation/full15ch_seed42_unconstrained_metrics.csv","1107","66775a6807608b226e9f470ce796f4a07fa9f783f53251dee0506ed47991385f"
"results/submission40/Zonly/evaluation/full15ch_seed42_unconstrained_predictions.csv","40644","d2fec033b94fcc17c02365808da29b9921b7d857edfed39b7f8d8bd04d3dc196"
"results/submission40/Zonly/evaluation/full15ch_seed43_accepted_metrics.csv","1121","30e2dc68dcae7acbb263b0ba36b2e1fe3b5db67099676e66527ffe78f14ad9b2"
"results/submission40/Zonly/evaluation/full15ch_seed43_predictions.csv","40766","dd29575638d512b7648c4ef3dc30ba418b37b1c955693357412e11e9617cbddf"
"results/submission40/Zonly/evaluation/full15ch_seed43_strict_metrics.csv","1160","93231bc4ed04b842fdabc7783c4f14210299c42e6e5c38d95dd487b8aa627510"
"results/submission40/Zonly/evaluation/full15ch_seed43_unconstrained_metrics.csv","1107","4298465b505f60034427834101c179d1f539a2b90b8f2b0bc554d70ced4fcc32"
"results/submission40/Zonly/evaluation/full15ch_seed43_unconstrained_predictions.csv","40869","813b8ada5d02a0b2a04b5783c11b3138324e6a00f2afef5f3aed8f1261cdac7f"
"results/submission40/Zonly/evaluation/full15ch_seed44_accepted_metrics.csv","1108","0f7e9ae40192a0c8effc707d9ddd6190bcd1d5ae09db939b26eb7a220d57b831"
"results/submission40/Zonly/evaluation/full15ch_seed44_predictions.csv","40785","aec9615e333e8aa9871d5cc1739c6c48e84e8517df675f390739da1e91ce46c4"
"results/submission40/Zonly/evaluation/full15ch_seed44_strict_metrics.csv","1108","e58a8c985e8df1065b46740055ebc10cb1f6977e05d70153cf2f8b1c3090c05c"
"results/submission40/Zonly/evaluation/full15ch_seed44_unconstrained_metrics.csv","1107","c8eeec5ff40da780f4d79a7730eae03ac7b6ee1f553b88c1041aa68175c3617e"
"results/submission40/Zonly/evaluation/full15ch_seed44_unconstrained_predictions.csv","40886","ba491e8277a005bdcdf24c859881b2187897bf86b9752c591165fbc37bcfe009"
"results/submission40/Zonly/oof_membership.csv","47865","428dc2c25386cc6396c621b5cead2ae0084a07c705be74b17ebf6435e09639d5"
"results/submission40/manifest.csv","366437","b98a5c8b38ce723f089cd7f549f4e45ad2a69d7e9fe42f8e2ca654b96ecfb8b7"
"results/submission40/models/Full3C/Full3C_CNN_fold0_seed42.mat","507715","2efc4c4912cd92cd549521805fa6efd60fcd247f51b3da5707111eeaf97be574"
"results/submission40/models/Full3C/Full3C_CNN_fold1_seed42.mat","455228","f589ff79a453be61c43ada0707dd8f8990ff7cd644f0a477298ca1e678758efe"
"results/submission40/models/Full3C/Full3C_CNN_fold2_seed42.mat","469760","5b402b1bbd5ca4fb39bd76c2eff631ff5cda5554ca16b2d4922bddf1d59aa7c6"
"results/submission40/models/Full3C/Full3C_CNN_fold3_seed42.mat","470527","a35a09ef4d642fcaa71952adb4e0e9723f59eec17291879d1240feb4c49fa528"
"results/submission40/models/Full3C/Full3C_CNN_fold4_seed42.mat","472066","2fe5cdf0a40ea327e8f03072c48e02ceb6b55ced57d6f38897e6769e287d7494"
"results/submission40/models/Full3C/Full3C_CNN_fold5_seed42.mat","471051","cc3bd80f2d8f1c6ff93e2dd8d97617ad392c5030823b54e26bd3bf4252b7e7c3"
"results/submission40/models/Full3C/Full3C_TCN_fold0_seed42.mat","572228","100e2240040ff742f47b292bb7ab96e30225ea1bd4b7ce840558f088843e7ca4"
"results/submission40/models/Full3C/Full3C_TCN_fold1_seed42.mat","534115","64611a369ac581ccda4b9076841ecb25eb1b79908e5b972e60bd6b7ee74c5435"
"results/submission40/models/Full3C/Full3C_TCN_fold2_seed42.mat","534256","86d894b8e951e93d6fcb121860ac91a24e1e55f05ec72cd942e28efa20c2c007"
"results/submission40/models/Full3C/Full3C_TCN_fold3_seed42.mat","534918","89266676986ccc2facce6a05cf27734e232ba5eab2cdea51944ea630b73dbcad"
"results/submission40/models/Full3C/Full3C_TCN_fold4_seed42.mat","533130","f5f3be74aec5527ff60c0a9c918b5b67f8da7d82f86f440f9024acef9f3206a0"
"results/submission40/models/Full3C/Full3C_TCN_fold5_seed42.mat","535440","9f74024df0a571aa8ec13831a79d7e1dcf2a3e6519cf150409d8064dab9daad7"
"results/submission40/models/Full3C/Full3C_full15ch_fold-1_seed42.mat","972546","15133228971f8dc690043e05fec99a3c44682446c18ccce1d87b3a61c2d18e99"
"results/submission40/models/Full3C/Full3C_full15ch_fold-1_seed43.mat","955317","419a40b2616f3765839e489fae7f2ce1ffc4e1a90aa5012c08317b5a31408188"
"results/submission40/models/Full3C/Full3C_full15ch_fold-1_seed44.mat","955469","d43e6700b5de396ce9548318f073c63900156bf091a6eefef2cad7d94ca3030b"
"results/submission40/models/Full3C/Full3C_logistic_fold-1_seed42.mat","62598","541d86ed254a380da5f87785fa01f7585ba77e2b7e74cb442609a4bc70dd7611"
"results/submission40/models/Full3C/Full3C_nodilation_fold-1_seed42.mat","919053","47fb452390a22152d1729669e7e4f3504ed629481d6b27b21cae441129caed28"
"results/submission40/models/Full3C/Full3C_nodilation_fold-1_seed43.mat","956297","fa0cb1786ffaaafe336c16425e425a15aa6b1739b609959196c2b9842c9897b6"
"results/submission40/models/Full3C/Full3C_nodilation_fold-1_seed44.mat","927657","d2250636664ea21ca17296da3b9d4abe84966ed59b90c129818c97f59db5f34a"
"results/submission40/models/Full3C/Full3C_probonly12_fold-1_seed42.mat","950519","221eabaa9498ec4d240c914d0891743821b22ce1c9b53e621424efc1539161bf"
"results/submission40/models/Full3C/Full3C_probonly12_fold-1_seed43.mat","896969","5b5c7e6d73b38f38389f0635653dd682aae51fcfa6dcae5b127666371cb2d7eb"
"results/submission40/models/Full3C/Full3C_probonly12_fold-1_seed44.mat","915104","45ce392088d1037abe994c5f2044d2c4cb3b249701aac7684821246ccc61f904"
"results/submission40/models/Full3C/Full3C_waveonly3_fold-1_seed42.mat","961628","edccfdeb4ef9bd81cf68e03aa19c7a58a33de5780d7f25c742a9792dda7d62fa"
"results/submission40/models/Full3C/Full3C_waveonly3_fold-1_seed43.mat","959393","154cbd9b76d2858caa23518bc44b7c156c487e4ac2f8d2fcebe7d25f330b4aaf"
"results/submission40/models/Full3C/Full3C_waveonly3_fold-1_seed44.mat","951736","c2f632cb8fe1c098023881954c1b1bf3a9de2b81480a83f888d8031136d456f1"
"results/submission40/models/Zonly/Zonly_CNN_fold0_seed42.mat","507444","53e5411c9a7d85ea0751e08d466ae321677ee17e5174ad5adfad6ede9ce992a3"
"results/submission40/models/Zonly/Zonly_CNN_fold1_seed42.mat","455055","10ec6d1d14ca1f0e6a5ec470bc179b2b457dfd0190606ce2f4d3a54ebf35c342"
"results/submission40/models/Zonly/Zonly_CNN_fold2_seed42.mat","469697","5cec338962b6db39b5e725cdb0e661ef7e8a2c473b9aa7ad5005a51a665a0aba"
"results/submission40/models/Zonly/Zonly_CNN_fold3_seed42.mat","470333","8313e88b4c6c71ed5082560cdcc23b9972b278a05220f30071ff80ed56be2e43"
"results/submission40/models/Zonly/Zonly_CNN_fold4_seed42.mat","471980","fdbf454f4162cb0c674c033caf4f913e5b38b402f571b86273c1d394a09c935a"
"results/submission40/models/Zonly/Zonly_CNN_fold5_seed42.mat","471013","78f30abc926bc011e7e0ca02331c5d32393ff9fd7687586b62d64ef562e04390"
"results/submission40/models/Zonly/Zonly_TCN_fold0_seed42.mat","537290","369cb5e6996af7cceb0686587641e5910fee98180dcf17f64d7dc1bc9cd7e771"
"results/submission40/models/Zonly/Zonly_TCN_fold1_seed42.mat","533958","4791e0d0f9ff51cca49d07ec37bac727ca2065dc96a893e90e0d416953715881"
"results/submission40/models/Zonly/Zonly_TCN_fold2_seed42.mat","534039","c1056f154dff68538016d629b20e9eb5478e684cffd47359695fe862ec472563"
"results/submission40/models/Zonly/Zonly_TCN_fold3_seed42.mat","534804","cd4c632059872520f646af7978deb148daa691e9772dc39d2af06df7d45da5ed"
"results/submission40/models/Zonly/Zonly_TCN_fold4_seed42.mat","536352","9bca6d63bb9446a8715063103d57804d6e9a3ab652c58710ab7ff7869b0afa7e"
"results/submission40/models/Zonly/Zonly_TCN_fold5_seed42.mat","535355","73d5d1dc968bd6dc605663fd3d369d0278353dd6ce8c7ce23b950eab76754af6"
"results/submission40/models/Zonly/Zonly_full15ch_fold-1_seed42.mat","959718","3a9cc3f57426b98020b0aa09fdc5cab7b59cf1be28890c948f7b0a2a63bbe5a8"
"results/submission40/models/Zonly/Zonly_full15ch_fold-1_seed43.mat","972723","59b7ca9e3feff3f6979b781fa945db9de575a6b4554cccc952e0765a7e768875"
"results/submission40/models/Zonly/Zonly_full15ch_fold-1_seed44.mat","970038","b1eb047814a3c050bb69c53cc6b40e1c1b2a32e82c8f53dfa048f60a8b778818"
"results/submission40/multiseed_runs_clean.csv","17831","25d909330a80f43c2e702b174a59bdd4c5b6ac801d7cb45024da787a5cad972b"
"results/submission40/multiseed_summary_clean.csv","4581","06c45c6d1e75cb814b70f48217c3e463098830a1733072723eccbf25082ab45e"
"results/submission40/paired_source_cluster_seed42.csv","1101","adf1b31681c2e5da84579da1df4a2007463f4967762394f92f0beb568a786f23"
"results/submission40/paired_source_cluster_seed43.csv","1076","ce769505ac49a09e169f264385e068dc0137b7bb57879b8d3937baaa5a83eb6e"
"results/submission40/paired_source_cluster_seed44.csv","1102","955e20e6456b14df9c5af8f4d17e2e834dbc561facf8b1839d922ccd1e2cf9f5"
"results/submission40/training_ledger_40.csv","2433","054afad72a61f7a408218804d1ac64d67dcd679040f655ccf3ae56293a9bce16"
"results/submission40/training_plan_40.csv","1856","b9f95288773ebba67eec5829d9f1a878ecb6aa61ac6c7c1ca0348e87a60304ef"
"results/validation/strengthening_identity_roundtrip.csv","9626","c5ae1d553519e201aaec80705a96ab93cce0a5f1340eb0cf18336eec858288b1"
"results/validation/submission_identity_roundtrip.csv","9626","c5ae1d553519e201aaec80705a96ab93cce0a5f1340eb0cf18336eec858288b1"
"results/validation/tampered_protocol/folds/inner_fold_1.csv","52358","dd42746c35fda7b2d96bb55d6430a01a66558ba8378b6fee3c8ed179e7dd8ec0"
"results/validation/tampered_protocol/folds/inner_fold_2.csv","52378","826703e608976e785cd6818ce3f30e13a2dd0a5a5ed883c02000de2876bd8a8c"
"results/validation/tampered_protocol/folds/inner_fold_3.csv","52310","ca0ffe04738f81465fec2e5db37423633e32c94654f10e1a0cf341002299cfa0"
"results/validation/tampered_protocol/folds/inner_fold_4.csv","52381","d0df05eb7ea5e075ef3e2f0c49a62c00c6d7ccfa48b9af360e532fbbe4ed4a72"
"results/validation/tampered_protocol/folds/inner_fold_5.csv","52420","742f86fabb497422ca89fdf6870dce31eab6a2ad478dcbeffcd28bc54044175c"
"results/validation/tampered_protocol/metadata/metadata_verified.csv","1188015","f04e253f9a4e5ff3249a2ba08adde9edb3429d33f9fe247da270d93aeab6d4b3"
"results/validation/tampered_protocol/partition_membership.csv","139020","9c8fa71f78e9d1992de256e1e8beb2e5a91bcc782405252afb6820531c0bd0ed"
"results/validation/tampered_protocol/protocol.json","2631","c31b9e9f1c988e5b5b06a565beaf0afd8abd444339db14a9b018ceaaa81f08ae"
"results/validation/tampered_protocol/recovered_mapping_2234.csv","374986","9a7ff7ccd23af9eeb8c5bd3d4ee2d612df2eca6498aafb485780a5a315b62c00"
"results/validation/tampered_protocol/results/splits/test_source_ids.csv","2425","fee9cf00c9b8a5ab08fcdf2dc74b6364cb340ddcaaddb0868d973320e7756016"
"results/validation/tampered_protocol/results/splits/train_source_ids.csv","11246","5cda0e2ef1bc0f4a707295b53764998f6b0005938c6f3e46a916b961ab228e89"
"results/validation/tampered_protocol/results/splits/val_source_ids.csv","2439","0b96e18858290ae38673640e80ec61b66889a2a4fe9ac90410f4961a5e34f77c"
"results/validation/tampered_protocol/split_audit.json","1519","b6418eaa70ecd75aba6a03520758d0576388dbc8be69c8d128e7a0e0688725ca"
"results/validation/tampered_protocol/waveform_hashes.csv","332903","540b26cc1c747a2f35cc737788c0e6f61519838a1f832ab6f3c1b19a055a39be"
"results/validation/validation_report.json","838","18fdb22d07d991a2c835a0f8341691a50cb6549c550f88e644eaff02d8687580"
"test_jobs.csv","11780","3d7a12b226c1a2ce22bbc4d02c9ef06936a0d366e382367dd5d12666e87e667b"
"threshold_history.json","2040","bfe0086c6d2223ab7b35c8e3bc473fb7e9f0423db0819b21bdcb9352dd882caa"
"training/README.md","758","1d1f4cc07f4d7d4900e9cb09d8400293dac705ec4af1414379aedd8fc91d0116"
"training/prepare_verified_source.py","5966","fb667b478e818a23136105aa4e53f7a4453f0f363891e08c28693f5e73a07c61"
"training/requirements-source.txt","13","10c15aac265c81bc342ff09fc08510682971c81a4f24ff649cc0f7ae4f9bb278"
"training/run_verified.ps1","1929","70be69d67fc46d2e30a261f53ffb5bd649d41375f238ba767177d286d4058189"
"training/strengthening/clean/PhaseSkipCrop.m","489","f9558e7c64cd50bfe6d30379ec94a95a8cdcc7f63503d0276066a87580bb2fb7"
"training/strengthening/clean/assertDisjointSources.m","332","0852a8d228a0ea95ef0fab6e72a4281b740b00291fa611c89866f5a11b584245"
"training/strengthening/clean/assertRepresentation.m","417","4cd8f6b97113cde502ca724d1794403579cbed1f2d29b5ff84fed23348d1b4c8"
"training/strengthening/clean/augmentClean.m","178","4ab31e73d9899cfa3c09692d470064d534881900caf7a5af54281fdaebf027de"
"training/strengthening/clean/configureVerifiedInputs.m","476","5b2f7719b10efb1fd69362e1d0d31fefd0d65645e821b24af35a564224759c34"
"training/strengthening/clean/decodeClean.m","1474","73774ba8f47f9fa4a97f7c1248b46ae8cbb14f9b7b959b586efb69f6fc4a0275"
"training/strengthening/clean/ensembleCurves.m","358","dda01a1715d773d48b9c5aacb913da3d43487105873dfbf6324803266e91b750"
"training/strengthening/clean/evaluateClean.m","1066","bb4cb4b8d535964c726d2eddacb347ea00740aab82f06b2c83b200c8fc77d53d"
"training/strengthening/clean/exportBaselines.m","1138","7dbb92108b2c31cb4b8fb095a1f56db3fa60a25bf4f000c53b12d125f693e9fd"
"training/strengthening/clean/exportClean.m","789","0f9f3c09b40f76361ad4563f3ec9b9c35e355f93d132a1ee2e92f0b814201c7e"
"training/strengthening/clean/fitClean.m","2784","7c79e34d8ed5ff15055962803797da3e93b00cbc5bfac9d7e4d2c70597dc88bf"
"training/strengthening/clean/fitJob.m","1232","634394646d396f87dcd8ced5c6076e38457c06c659cb0c72e9646ce9dbe99d92"
"training/strengthening/clean/fitLogisticClean.m","2052","32e929dd161adae6ed909c8a9d28dd66d6cda656de3b869d6739b03703e7b02f"
"training/strengthening/clean/fitPhaseNetJob.m","1270","b0554ea13a34d8cfee75732d8969431e8bda97e81768f822a59a69bf3c0b4b3b"
"training/strengthening/clean/fitPhaseNetMatched.m","1927","8c262f017ba0f7edba4d11ba9a826b28df1e6ce37ce4c652028f55505025b8e4"
"training/strengthening/clean/innerSourceSplit.m","1428","3d412c6a9284ceb4544e11783cab4df867536dfc75a8265e8254ff1c8d20fb8e"
"training/strengthening/clean/loadFrozenSplit.m","553","7efbfe2034fb4045d432e60630e5d974836c2a777da877d1fd0af66391efdfcb"
"training/strengthening/clean/makeMeta.m","543","551e8dc0a29232afb049a7f8fa6b58ff9a5131fea0d73d98f934785914da2e4e"
"training/strengthening/clean/manifestClean.m","1643","de4fb8f7f2ef75901acc55ebfb59465d840c5b42d446d6b1bbfce96de74a31aa"
"training/strengthening/clean/pairedClusterCI.m","2002","36e14adafff04d8e9e6bb2461e2c06f0e9d876d15746974e4f25e62d332a97d2"
"training/strengthening/clean/phaseNetMatchedLayers.m","2111","a5cc3b4fda2deb5bfab522698dc9b04857498197a9d1962f2b38e20da3f9d331"
"training/strengthening/clean/predictCurves.m","842","1e414e469197e5ae1db45b7f960829dac1d0baf4632c27cf1911e6535a4de9c6"
"training/strengthening/clean/predictionTable.m","307","1ae0e149b74278bd26fc59d4152e01675722f032c6da980cbf001ae589d95e81"
"training/strengthening/clean/prepareMode.m","373","9fb8ac9efaf5cb34ef413c567300edd2e3ac3b643c4d03de4be96c351f858bd0"
"training/strengthening/clean/readVerifiedPredictions.m","727","18928b5c8b8dcbb2c492e2e9f7e91f5d330b797ff0b62181ac864ef76ccf0d67"
"training/strengthening/clean/sha256File.m","358","a3469f38e2180ae1f62d601d42ca860db13547728e0f083bdacc564de197855e"
"training/strengthening/clean/sourceFolds.m","596","a775271a724523d52643743c1e43013ee9ebb1d8ccc1545b901fb0ef3272a025"
"training/strengthening/clean/summarizeClean.m","1855","faf3fe33ed66c4478045a983bbd3cc993bb35e6f48ba2c8cb32eb67cc69dddde"
"training/strengthening/clean/trainingPlan40.m","825","8d5a75db17830b287fff8dd00837d168c435a891e9c52b2f15e35edfff22a164"
"training/strengthening/clean/verifiedProtocol.m","2031","f3003226849cd77199205a3a4c21ea2617f04cce7a6b88120fa5d3d126c67197"
"training/strengthening/clean/writeStrengtheningLedger.m","337","a10eee3d2e54ef07318e6eb07a7390366e446ed87dc0658cffe60399cce4ad38"
"training/strengthening/config/config_ICNN_MetaPicker.m","4101","6fbde1fc6bb6bc2d41fa12fe66327fec8dff917b2cf3fb360fe1c5c3298880c9"
"training/strengthening/run_phasenet_matched.m","2484","0f1418c365d21accbc6d4997d1cf0cb53f660f41ea92707a8abe43855ae604f5"
"training/strengthening/run_seed_repeat.m","8910","aa736dba5bfa533011d88c2ee18e6cc0c01bea0ebf2953fd8daa80ad968e566f"
"training/strengthening/run_strengthening.ps1","2316","1b46a0fca39f80113cac9503518d4bef5c19e8d140b59c77cda7f09b04ab82bf"
"training/strengthening/smoke_real_records.m","1082","dc304bb88ae4781c5243a89202e2395a947546aca9cb925d6adaac6168d60c69"
"training/strengthening/smoke_strengthening.m","1506","340ec446ccdb5dcda2400860b991f5f7e01bb4b888da4dc1b8779707d84eeca8"
"training/strengthening/src/augmentation/augmentTrainingWaveform.m","5256","33d51da4e77deec72ca8371bd7d551d2220cad65a22342f87e4556dc40682e2b"
"training/strengthening/src/base_pickers/runAICPicker.m","2478","ff358433aff8ef095281ab45794d131c7cb2bea1113327f55fc340a4fd5986de"
"training/strengthening/src/base_pickers/runSTALTAPicker.m","4156","c7fa58be74aa5a748a281b56e7637ad19e8d8f81f5d846d0f73d047d63bbbaeb"
"training/strengthening/src/data_loading/loadDatasetFromMetadata.m","3548","4d2efacf260e8725da9a216c35343bd2f489d7c2d44e89ca78a1b5573a5e4eb6"
"training/strengthening/src/data_loading/loadMetadataFromExcel.m","3588","fbbc4fa5542162a14fb4f094455dcfdb736b616bb2ed84c6fede851ef3127750"
"training/strengthening/src/data_loading/loadSingleSTEADCSV.m","1995","4bae1db569c9dc5ad4f8a73f9c579bdb8ed8dce37a0da1904d9d234fd15e02e7"
"training/strengthening/src/labeling/addGaussianLabels.m","200","052dbc5843cd36330b96f9c8600994493ec5f39ee9998e677dc7bc9c72233ece"
"training/strengthening/src/labeling/generateGaussianMasks.m","3139","b637ad5d444dddacc1fe687951340d696996fb34fb9787eafd063d1ca19f5d5e"
"training/strengthening/src/preprocessing/applyPreprocessing.m","755","2fae829b5f5e3765281196f75939acf08e056523f7b5ef39656a442245eff5c4"
"training/strengthening/src/preprocessing/buildEnhancedRepresentation.m","2393","224d0a6d75131032537f436baab26e179e844dccd581b5a908be34c78720246f"
"training/strengthening/src/preprocessing/conditionWaveform.m","3883","c2464340255da5ae74baa9da7f6eef45e47d0544e49cf9bec5bc2ca2718a347a"
"training/strengthening/summarize_strengthening.m","3761","26ba4058781c60e61942012e443ef05859c7bc3b4c8cb944a8c286aaf97db060"
"training/submission/clean/assertDisjointSources.m","332","0852a8d228a0ea95ef0fab6e72a4281b740b00291fa611c89866f5a11b584245"
"training/submission/clean/assertRepresentation.m","417","4cd8f6b97113cde502ca724d1794403579cbed1f2d29b5ff84fed23348d1b4c8"
"training/submission/clean/augmentClean.m","178","4ab31e73d9899cfa3c09692d470064d534881900caf7a5af54281fdaebf027de"
"training/submission/clean/configureVerifiedInputs.m","476","5b2f7719b10efb1fd69362e1d0d31fefd0d65645e821b24af35a564224759c34"
"training/submission/clean/decodeClean.m","1474","73774ba8f47f9fa4a97f7c1248b46ae8cbb14f9b7b959b586efb69f6fc4a0275"
"training/submission/clean/ensembleCurves.m","358","dda01a1715d773d48b9c5aacb913da3d43487105873dfbf6324803266e91b750"
"training/submission/clean/evaluateClean.m","1066","bb4cb4b8d535964c726d2eddacb347ea00740aab82f06b2c83b200c8fc77d53d"
"training/submission/clean/exportBaselines.m","1138","7dbb92108b2c31cb4b8fb095a1f56db3fa60a25bf4f000c53b12d125f693e9fd"
"training/submission/clean/exportClean.m","789","0f9f3c09b40f76361ad4563f3ec9b9c35e355f93d132a1ee2e92f0b814201c7e"
"training/submission/clean/fitClean.m","2784","7c79e34d8ed5ff15055962803797da3e93b00cbc5bfac9d7e4d2c70597dc88bf"
"training/submission/clean/fitJob.m","1232","634394646d396f87dcd8ced5c6076e38457c06c659cb0c72e9646ce9dbe99d92"
"training/submission/clean/fitLogisticClean.m","2052","32e929dd161adae6ed909c8a9d28dd66d6cda656de3b869d6739b03703e7b02f"
"training/submission/clean/innerSourceSplit.m","1428","3d412c6a9284ceb4544e11783cab4df867536dfc75a8265e8254ff1c8d20fb8e"
"training/submission/clean/loadFrozenSplit.m","553","7efbfe2034fb4045d432e60630e5d974836c2a777da877d1fd0af66391efdfcb"
"training/submission/clean/makeMeta.m","543","551e8dc0a29232afb049a7f8fa6b58ff9a5131fea0d73d98f934785914da2e4e"
"training/submission/clean/manifestClean.m","1643","de4fb8f7f2ef75901acc55ebfb59465d840c5b42d446d6b1bbfce96de74a31aa"
"training/submission/clean/pairedClusterCI.m","2002","36e14adafff04d8e9e6bb2461e2c06f0e9d876d15746974e4f25e62d332a97d2"
"training/submission/clean/predictCurves.m","842","1e414e469197e5ae1db45b7f960829dac1d0baf4632c27cf1911e6535a4de9c6"
"training/submission/clean/predictionTable.m","307","1ae0e149b74278bd26fc59d4152e01675722f032c6da980cbf001ae589d95e81"
"training/submission/clean/prepareMode.m","373","9fb8ac9efaf5cb34ef413c567300edd2e3ac3b643c4d03de4be96c351f858bd0"
"training/submission/clean/readVerifiedPredictions.m","727","18928b5c8b8dcbb2c492e2e9f7e91f5d330b797ff0b62181ac864ef76ccf0d67"
"training/submission/clean/sha256File.m","358","a3469f38e2180ae1f62d601d42ca860db13547728e0f083bdacc564de197855e"
"training/submission/clean/sourceFolds.m","596","a775271a724523d52643743c1e43013ee9ebb1d8ccc1545b901fb0ef3272a025"
"training/submission/clean/summarizeClean.m","1855","faf3fe33ed66c4478045a983bbd3cc993bb35e6f48ba2c8cb32eb67cc69dddde"
"training/submission/clean/trainingPlan40.m","825","8d5a75db17830b287fff8dd00837d168c435a891e9c52b2f15e35edfff22a164"
"training/submission/clean/verifiedProtocol.m","2031","f3003226849cd77199205a3a4c21ea2617f04cce7a6b88120fa5d3d126c67197"
"training/submission/config/config_ICNN_MetaPicker.m","4101","6fbde1fc6bb6bc2d41fa12fe66327fec8dff917b2cf3fb360fe1c5c3298880c9"
"training/submission/generate_clean_figures.m","846","517599a00ac177d22bf6af41d8cb6b024c0d2d84f6e7c377295aa4ed33a8befb"
"training/submission/run_submission40.m","8191","b0820838bd8dd28086f493ee47714f295141d1e4d1b899c6439a270a913e6c05"
"training/submission/src/augmentation/augmentTrainingWaveform.m","5256","33d51da4e77deec72ca8371bd7d551d2220cad65a22342f87e4556dc40682e2b"
"training/submission/src/base_pickers/runAICPicker.m","2478","ff358433aff8ef095281ab45794d131c7cb2bea1113327f55fc340a4fd5986de"
"training/submission/src/base_pickers/runSTALTAPicker.m","4156","c7fa58be74aa5a748a281b56e7637ad19e8d8f81f5d846d0f73d047d63bbbaeb"
"training/submission/src/data_loading/loadDatasetFromMetadata.m","3548","4d2efacf260e8725da9a216c35343bd2f489d7c2d44e89ca78a1b5573a5e4eb6"
"training/submission/src/data_loading/loadMetadataFromExcel.m","3588","fbbc4fa5542162a14fb4f094455dcfdb736b616bb2ed84c6fede851ef3127750"
"training/submission/src/data_loading/loadSingleSTEADCSV.m","1995","4bae1db569c9dc5ad4f8a73f9c579bdb8ed8dce37a0da1904d9d234fd15e02e7"
"training/submission/src/labeling/addGaussianLabels.m","200","052dbc5843cd36330b96f9c8600994493ec5f39ee9998e677dc7bc9c72233ece"
"training/submission/src/labeling/generateGaussianMasks.m","3139","b637ad5d444dddacc1fe687951340d696996fb34fb9787eafd063d1ca19f5d5e"
"training/submission/src/preprocessing/applyPreprocessing.m","755","2fae829b5f5e3765281196f75939acf08e056523f7b5ef39656a442245eff5c4"
"training/submission/src/preprocessing/buildEnhancedRepresentation.m","2393","224d0a6d75131032537f436baab26e179e844dccd581b5a908be34c78720246f"
"training/submission/src/preprocessing/conditionWaveform.m","3883","c2464340255da5ae74baa9da7f6eef45e47d0544e49cf9bec5bc2ca2718a347a"
"training/validate_source_protocol.m","4422","7a0f271426ac4a409b20952bd2c00bdde0add6a3c69b537baac09caeb6cacaa6"
"verification/cache_hash_export.log","375","48994e2234c67531d8a5e858d370b26516a53f6ab4d821b02ceafe1bd641ab5d"
"verification/numerical_check/receipt.json","154","a31b09e059d6d23b01c9e9528873f76cd436fcaa49a969e4aa2a50328c1b0e2f"
"verification/numerical_check/recomputed_metrics.csv","293016","165918ce0c04c687332df9f05efbcfe3cb7f55556f104fa4b106c119fbb57361"
"verification/portable_smoke.log","948","101e929047ee984f8c8fc6bdb30e0bef70b55b83ac4a7ad09294f837f5b44f37"
"verification/portable_smoke/Full3C_base42/AIC_replayed.csv","489","1a5816ccba5607b44c417f59eb5b103ee46ea487c48fdba32a6429557b6100e5"
"verification/portable_smoke/Full3C_base42/AIC_unconstrained_replayed.csv","485","439f974f9d0649f72efa3ac65c5962e821cef1bcbdc2e7a0332b67e89e7bfc0a"
"verification/portable_smoke/Full3C_base42/CNN_replayed.csv","451","8731428175f172728f1f76587b4fa74e948e83fd53fb7dd4087c187bae44b075"
"verification/portable_smoke/Full3C_base42/CNN_unconstrained_replayed.csv","453","5c56fe638ff8d49db725915c631620a6fb19797009528c9376375ee84341f0cb"
"verification/portable_smoke/Full3C_base42/STA_replayed.csv","488","cb5b52cb5ff3aee39feaba7b1bfe6237d4aa60798a00dba72c126afa1feb4cce"
"verification/portable_smoke/Full3C_base42/STA_unconstrained_replayed.csv","488","4d61eb95bec0918ca3914afbf75eb7f16cdc64e5db15e609197cfec3795016dd"
"verification/portable_smoke/Full3C_base42/TCN_replayed.csv","512","5bdd390361632581083f35dc7991902f3241d109840b0abf40872c3dbec2f8d6"
"verification/portable_smoke/Full3C_base42/TCN_unconstrained_replayed.csv","513","0fada7b79100b29a261827906cf65e25370642423728aa7cbae9fdf35fef6d92"
"verification/portable_smoke/Full3C_base42/full15ch_seed42_replayed.csv","481","fe285edbe7a2fc9bc8d0724732ef8c9d9ebc6e9984ac7e5d80c4cd76a5fc0ae0"
"verification/portable_smoke/Full3C_base42/full15ch_seed42_threshold_statistics.csv","755","0fb668b8e8940528ce605c0b75f7f7860bc037db7bd5110fdc41a2eec04cb2be"
"verification/portable_smoke/Full3C_base42/full15ch_seed42_unconstrained_replayed.csv","481","b7d9e7e1724ad0dafd68b9dcedcff2c005bb38831146c1d966074da75db55ed1"
"verification/portable_smoke/Full3C_base42/full15ch_seed43_replayed.csv","487","9be800adb49789505b78e7ab300b852cdcb5acc09a7c253e081e54b0d0687846"
"verification/portable_smoke/Full3C_base42/full15ch_seed43_threshold_statistics.csv","760","293fb94be471dff4c049e3f208b160b331a30b69320c0165ce1a452843f76103"
"verification/portable_smoke/Full3C_base42/full15ch_seed43_unconstrained_replayed.csv","487","52a963dd45874b30a9701953a7b00e4d39695ac390035b658235683a97081bef"
"verification/portable_smoke/Full3C_base42/full15ch_seed44_replayed.csv","480","e29b7fbe8296d7960af23edb364985694acf0295be795ed837f19eb4b8baf7e9"
"verification/portable_smoke/Full3C_base42/full15ch_seed44_threshold_statistics.csv","755","8dc6da64e19d6bfc491fafcff1aa9597150bf270e723c1cc23e23cffc4019995"
"verification/portable_smoke/Full3C_base42/full15ch_seed44_unconstrained_replayed.csv","481","e5d503bd9be7ff97cbc906ed8cca0c06c67801409c70eca07b4577f9a8f7884d"
"verification/portable_smoke/Full3C_base42/loaded_models.csv","4154","ab37a878c3c0642d3898bc3a01e1e1973f7e037c1fdae80919c2f054dd3ce5d8"
"verification/portable_smoke/Full3C_base42/logistic_seed42_replayed.csv","479","be701b6408b19d4c01876d8fae0e2f914b270f7ffb32d5b1712baafaa8a14ac0"
"verification/portable_smoke/Full3C_base42/logistic_seed42_unconstrained_replayed.csv","479","1b0eb050d73b8925ab8fe845771ab5b9103fa8cf7666ffa0a9a2f8d5b4cfd0f0"
"verification/portable_smoke/Full3C_base42/mean_ensemble_replayed.csv","470","e59e528c1944a07ba7d3cad852e153fe680ca9b1f0b8547acc969018b8146427"
"verification/portable_smoke/Full3C_base42/mean_ensemble_unconstrained_replayed.csv","470","1f2201159ca68ba05bf14096d1a955b90e4c6f2393bc878e1c9ff3e20e3be956"
"verification/portable_smoke/Full3C_base42/nodilation_seed42_replayed.csv","500","775e47beae56cf96cf955bccfc16156a39ff1fdf757164144438e7acda330b13"
"verification/portable_smoke/Full3C_base42/nodilation_seed42_unconstrained_replayed.csv","500","d8bbeb33d087f40781bc1914969ec7a43e5ad3132f45fa1e6a450108c248687d"
"verification/portable_smoke/Full3C_base42/nodilation_seed43_replayed.csv","500","3b7f901445ab29e73ed9e3d58eecc14161119e67932126c700b3f88c885c2e22"
"verification/portable_smoke/Full3C_base42/nodilation_seed43_unconstrained_replayed.csv","500","354026deb0c48056b0d3952f046168df991455fd5904ba4ba0a3002f78d8c2c6"
"verification/portable_smoke/Full3C_base42/nodilation_seed44_replayed.csv","500","6a87cae54ab7db95e3c53871271de93daaf82328b0dd731d9e47c5dd9d1643c0"
"verification/portable_smoke/Full3C_base42/nodilation_seed44_unconstrained_replayed.csv","500","d7b1c8ce51c07c1636c71833097495fc4ba9854f4905f0f9c435563c25bdcc8d"
"verification/portable_smoke/Full3C_base42/prediction_replay_receipt.csv","2798","6829f8300dfff6d5632a3b199b204e1503ba41d0bc17c1781ffec15bb00cce78"
"verification/portable_smoke/Full3C_base42/probonly12_seed42_replayed.csv","487","f5fb7bd5bc1dc440668ef502e64569d4f1b05c4562399103b354d04d25da99e7"
"verification/portable_smoke/Full3C_base42/probonly12_seed42_unconstrained_replayed.csv","487","8ad1985480584286b45be16e38dc91756771eb5fb2998be73c7ff32b96c4594b"
"verification/portable_smoke/Full3C_base42/probonly12_seed43_replayed.csv","497","d5d54d3a6e35be676320306da181d78717f94370f8bf03f23e77719e485b4c68"
"verification/portable_smoke/Full3C_base42/probonly12_seed43_unconstrained_replayed.csv","498","122388c192343ece38ab8a099813c5ad35643c8f64a6f58cf2d9b229af5e154e"
"verification/portable_smoke/Full3C_base42/probonly12_seed44_replayed.csv","485","4821a69d793446dd92be9f192bd908404bec9ce659a6bb6040ae93c0d1df1a25"
"verification/portable_smoke/Full3C_base42/probonly12_seed44_unconstrained_replayed.csv","486","b166909fd2bf3640ba7d3ec608accc2eeeda5bd979b850c8faa5c077d42b5fb4"
"verification/portable_smoke/Full3C_base42/test_tensor_replay.csv","93","47c10cfd8eeb047cf5e3cf60c045ed57706a8654a9082633fedcdd6545fd3916"
"verification/portable_smoke/Full3C_base42/waveonly3_seed42_replayed.csv","475","7044a4ee00873573d0c8ab7d619afcb4105e010acd350017dc0ff3a7506c1a1d"
"verification/portable_smoke/Full3C_base42/waveonly3_seed42_unconstrained_replayed.csv","475","a9ebc949713bca48f9220a42b23ddabd00774c6d61dd5be5bfe0a32def6e0d15"
"verification/portable_smoke/Full3C_base42/waveonly3_seed43_replayed.csv","481","faecc97d03406366ab33c0f461453db1943a4cb2709d2d177eccd07e391598fb"
"verification/portable_smoke/Full3C_base42/waveonly3_seed43_unconstrained_replayed.csv","480","4151443e4e8dec3a6529d066b468c76ebb56c07469a854b487bc2ec3bd103fe5"
"verification/portable_smoke/Full3C_base42/waveonly3_seed44_replayed.csv","493","9484d03d6eb14c9800a8efb175805b249a1bb10158504c5b3a24fb050acc275f"
"verification/portable_smoke/Full3C_base42/waveonly3_seed44_unconstrained_replayed.csv","493","78177545cc2bb6344bfd38a0b21784a30ae2cb45253c66df217962736d4fb1cf"
"verification/portable_smoke/Full3C_base42/weighted_ensemble_replayed.csv","481","58ffba76290d7eb390ed0b6239a1017f140f7f3dd8b1cac8fedaf9cb5cf419ac"
"verification/portable_smoke/Full3C_base42/weighted_ensemble_unconstrained_replayed.csv","481","5c1d75d90b2d387a2af69408d9f1f421a68987b8d2cf912b8ce501a9a7a1eef9"
"verification/portable_smoke/Full3C_base42_oof/loaded_models.csv","2658","e3088fcf42d7ec3aa014d756fc33b475c2c7951a3d03593eedb0e3d3de2a3e25"
"verification/portable_smoke/Full3C_base42_oof/oof_replay_receipt.csv","1058","a1e112596ba00a4a26e878bcb4e79f6a918805d19387059f2f6bca4906b2c5ef"
"verification/portable_smoke/Full3C_base43/AIC_replayed.csv","489","1a5816ccba5607b44c417f59eb5b103ee46ea487c48fdba32a6429557b6100e5"
"verification/portable_smoke/Full3C_base43/AIC_unconstrained_replayed.csv","485","439f974f9d0649f72efa3ac65c5962e821cef1bcbdc2e7a0332b67e89e7bfc0a"
"verification/portable_smoke/Full3C_base43/CNN_replayed.csv","478","a6981922c0a76dda9984cc2eca0fb8f5055759f38c240fc0f247e1d1915e94a2"
"verification/portable_smoke/Full3C_base43/CNN_unconstrained_replayed.csv","477","8bbfdfd9153ea6f0120675897fe08295747631bdf12cd21a17b8ad226da9fa3c"
"verification/portable_smoke/Full3C_base43/STA_replayed.csv","488","cb5b52cb5ff3aee39feaba7b1bfe6237d4aa60798a00dba72c126afa1feb4cce"
"verification/portable_smoke/Full3C_base43/STA_unconstrained_replayed.csv","488","4d61eb95bec0918ca3914afbf75eb7f16cdc64e5db15e609197cfec3795016dd"
"verification/portable_smoke/Full3C_base43/TCN_replayed.csv","494","4dc501a9ea2b0718fbbad14b8a9de5661f561bffc1ac6b582b4231b1449df5dd"
"verification/portable_smoke/Full3C_base43/TCN_unconstrained_replayed.csv","494","b708f5fd395fb7a014db3feec967c48210fcc6ffae0fd72e5e2dea3a94e011b4"
"verification/portable_smoke/Full3C_base43/full15ch_seed42_replayed.csv","499","a4744736733334bc2511a2553c326d258788ba32513cd98075ad1d26cc28ac36"
"verification/portable_smoke/Full3C_base43/full15ch_seed42_threshold_statistics.csv","758","eb4b7e63482ff8561b13e5d00c47c90e31be8b914c8994759bf24e5ae51aa767"
"verification/portable_smoke/Full3C_base43/full15ch_seed42_unconstrained_replayed.csv","499","69a320a9e8a471897d7f23c538312a3aa86e7b64473c4810f9c0adf732e5ce07"
"verification/portable_smoke/Full3C_base43/full15ch_seed43_replayed.csv","494","09572d9fb23b6f4e68eded32d43585b44d801e1797b8675611220ac3b3750a42"
"verification/portable_smoke/Full3C_base43/full15ch_seed43_threshold_statistics.csv","755","35ca582811272d2c58041b1d0639e569a618be6d005c74a07d10be16cbc40584"
"verification/portable_smoke/Full3C_base43/full15ch_seed43_unconstrained_replayed.csv","494","486d75ac1c4111d5252ff205b83cb2048d472a03a2601702920964a26f0ef366"
"verification/portable_smoke/Full3C_base43/full15ch_seed44_replayed.csv","498","55b745b13d888df9d5432ed4940a4c1dcedfd910e6c98e0d354557e12d5aee40"
"verification/portable_smoke/Full3C_base43/full15ch_seed44_threshold_statistics.csv","757","8d00a96bc4868d12874af743d7d77b5f9e050218f4703be5795c5b39a3ccba6d"
"verification/portable_smoke/Full3C_base43/full15ch_seed44_unconstrained_replayed.csv","498","a3cb95c0613d68175b4eec89907ab7bd1d199ae624317a8110d6a5dbdca05540"
"verification/portable_smoke/Full3C_base43/loaded_models.csv","1464","5a8db4af095b7234d03e4066c3fe067e62a37bf2d2c5486a7d33deb04ee6bf73"
"verification/portable_smoke/Full3C_base43/mean_ensemble_replayed.csv","490","bb038238a556d3e24ab3670228c71f275b1f9541ae100d396ea6ccfacf22e85b"
"verification/portable_smoke/Full3C_base43/mean_ensemble_unconstrained_replayed.csv","490","00172831496ad31fcbff019a166a5c175fea5033b5a94f0b78e628a2764aad0a"
"verification/portable_smoke/Full3C_base43/prediction_replay_receipt.csv","1314","3c2a5f8a97bb38911af8f6d8ddc4df05c965d37bf18307e58ffeccbbecf342a8"
"verification/portable_smoke/Full3C_base43/test_tensor_replay.csv","93","47c10cfd8eeb047cf5e3cf60c045ed57706a8654a9082633fedcdd6545fd3916"
"verification/portable_smoke/Full3C_base43/weighted_ensemble_replayed.csv","503","0e425335202c71e782a33d52453cbfb7a6aab1e6bd86fdb1a1c996dbfee96e98"
"verification/portable_smoke/Full3C_base43/weighted_ensemble_unconstrained_replayed.csv","502","c3610f61cb672dd1d40ddd1264f4b97d8e9810b0ac3fdf8b02e661ed8a2ba3c3"
"verification/portable_smoke/Full3C_base43_oof/loaded_models.csv","2818","abaf7bae32627089ce3cc14f327bd33b4e0e6b2d3933fafd2b4ca3d1abaeaccd"
"verification/portable_smoke/Full3C_base43_oof/oof_replay_receipt.csv","1058","8f73c2afb5d1450a8d188096397d24aad6321631d367aeada8f1638677750a16"
"verification/portable_smoke/Full3C_base44/AIC_replayed.csv","489","1a5816ccba5607b44c417f59eb5b103ee46ea487c48fdba32a6429557b6100e5"
"verification/portable_smoke/Full3C_base44/AIC_unconstrained_replayed.csv","485","439f974f9d0649f72efa3ac65c5962e821cef1bcbdc2e7a0332b67e89e7bfc0a"
"verification/portable_smoke/Full3C_base44/CNN_replayed.csv","471","888a7d88303e64fa79aa648ea306eab0c5ea1e31d6c6a1113a5f01875b09b90f"
"verification/portable_smoke/Full3C_base44/CNN_unconstrained_replayed.csv","471","e876addb6dc2a78eb787b45afc38f3bb51aaead9e9be92b270cbbc48cb7567fc"
"verification/portable_smoke/Full3C_base44/STA_replayed.csv","488","cb5b52cb5ff3aee39feaba7b1bfe6237d4aa60798a00dba72c126afa1feb4cce"
"verification/portable_smoke/Full3C_base44/STA_unconstrained_replayed.csv","488","4d61eb95bec0918ca3914afbf75eb7f16cdc64e5db15e609197cfec3795016dd"
"verification/portable_smoke/Full3C_base44/TCN_replayed.csv","491","b6a842c96981f8587cd1e85cc60a2b6a6cefcd9b82455aa7cbd78ee293c74d23"
"verification/portable_smoke/Full3C_base44/TCN_unconstrained_replayed.csv","491","468756790b671d5a4d08f58d90796063d188f1f241dcaaa9482d207d0431baa4"
"verification/portable_smoke/Full3C_base44/full15ch_seed42_replayed.csv","507","78197fd13d138e09bdf01dd211a4320dd0f73a02bca6738165d1f9055e9c6443"
"verification/portable_smoke/Full3C_base44/full15ch_seed42_threshold_statistics.csv","756","aafb5c9f76ec752cf2a08f32a6806f599a683571f717bbb5a1b4286e33679fb4"
"verification/portable_smoke/Full3C_base44/full15ch_seed42_unconstrained_replayed.csv","505","5eba6574436c3c27a20c4f3f527d5a55e424b8c7ca9b36497529874635e4b106"
"verification/portable_smoke/Full3C_base44/full15ch_seed43_replayed.csv","480","c41ae3dc8dda17703edb7aff2155544b5e2e969c4f3a35377d0eba53717d54be"
"verification/portable_smoke/Full3C_base44/full15ch_seed43_threshold_statistics.csv","756","da116ab621d813a7e1095f30fef708976a4f616e0b507bf39a62a247055fe066"
"verification/portable_smoke/Full3C_base44/full15ch_seed43_unconstrained_replayed.csv","480","473384879676ec153a38d425967c6779b756609ad99712ef538e11a4720e107f"
"verification/portable_smoke/Full3C_base44/full15ch_seed44_replayed.csv","506","dfecf143e04a5cf81262c5e606b78153cac65456f0882e2f3b8be98a55e21f9a"
"verification/portable_smoke/Full3C_base44/full15ch_seed44_threshold_statistics.csv","755","db6b67a1ec3c4ff0dfe4e7ff06a7a67142d1e6305432df0d396f5da98e3f51dd"
"verification/portable_smoke/Full3C_base44/full15ch_seed44_unconstrained_replayed.csv","507","537f8e44639b88b90ae2b626b6963bbaaee35fba9b6f1e31b759b3ce221bd413"
"verification/portable_smoke/Full3C_base44/loaded_models.csv","1464","b458305e63fcfdecddfd16b7b10cc2c7f47ba9ca39f39c3a2054bfbff86ae237"
"verification/portable_smoke/Full3C_base44/mean_ensemble_replayed.csv","450","0a89e84d38f72eba2aa9a9bf18f4b6e17c2fb38acc9bb9894b22875af6068428"
"verification/portable_smoke/Full3C_base44/mean_ensemble_unconstrained_replayed.csv","452","bccbbeb563130ce3d78dcb8c7d71e9362ba07d3216957e7184e83319963c1605"
"verification/portable_smoke/Full3C_base44/prediction_replay_receipt.csv","1315","8d36c5a26eac5abd8e7e7548c30b9109f31e5ddb6fdc1ab149ac358aa64a46d6"
"verification/portable_smoke/Full3C_base44/test_tensor_replay.csv","93","47c10cfd8eeb047cf5e3cf60c045ed57706a8654a9082633fedcdd6545fd3916"
"verification/portable_smoke/Full3C_base44/weighted_ensemble_replayed.csv","464","3b5e85bf6b1949c77fea82fad897014ef7d7580d37ac20f9d4203c04b5ef4ef3"
"verification/portable_smoke/Full3C_base44/weighted_ensemble_unconstrained_replayed.csv","464","1d332786f5d1626aae2336817242736adcca44743b3e58e159b9907e20fc3a16"
"verification/portable_smoke/Full3C_base44_oof/loaded_models.csv","2818","ae8c20a19606f49cbeb3f322e7627db74e1ffc6c2d2bb55e1e6e5f0b145f13c7"
"verification/portable_smoke/Full3C_base44_oof/oof_replay_receipt.csv","1058","1527a2420e615b360781d7d091bbb1e7a071950f389275cc77ce13829bc4a081"
"verification/portable_smoke/Full3C_phasenet/PhaseNetMatched_seed42_replayed.csv","445","be0c0b5cf991f10726b5089cd17791a535d4269d85e800367eaa04a54d29cf9b"
"verification/portable_smoke/Full3C_phasenet/PhaseNetMatched_seed42_threshold_statistics.csv","744","dd500da350794231b7ca18aeb6c3813cc2370490d31c28e4a0941ce2958bd4aa"
"verification/portable_smoke/Full3C_phasenet/PhaseNetMatched_seed42_unconstrained_replayed.csv","446","bcb62fd9232dc841069602e26276674954c9b2e77e07ea1a6c554a6a56611454"
"verification/portable_smoke/Full3C_phasenet/PhaseNetMatched_seed43_replayed.csv","468","c33992bccc80277b43fef8d1c6eb24483e7277ae439a18b126ec4bb15e43b085"
"verification/portable_smoke/Full3C_phasenet/PhaseNetMatched_seed43_threshold_statistics.csv","749","c6080cc574be4d0766a407d61d6deefc3e1c5b9fe1c893061e6ffe020d30436c"
"verification/portable_smoke/Full3C_phasenet/PhaseNetMatched_seed43_unconstrained_replayed.csv","469","5e6f3207d5950ac2700f7a1a7ff1aaf1c5d97a0ae8bfa281ad2c6c22ada3de49"
"verification/portable_smoke/Full3C_phasenet/PhaseNetMatched_seed44_replayed.csv","495","9cf818217c9090d09fcc1f26917606b7c3dd34622dd74f5d49ff738ef81d0d8a"
"verification/portable_smoke/Full3C_phasenet/PhaseNetMatched_seed44_threshold_statistics.csv","757","cd767c8cc648b2b6eeab18031e7bc13351190aac5323975d07b4a8807dc34cd1"
"verification/portable_smoke/Full3C_phasenet/PhaseNetMatched_seed44_unconstrained_replayed.csv","495","c1f3aeab2ec90da65c32514806606b3055a84d105e9607c8b3d70d5700a43669"
"verification/portable_smoke/Full3C_phasenet/loaded_models.csv","977","3f7d85d2831abeefd683a9e040fbd28885a9da838eb819b09b4017eb9ce2e808"
"verification/portable_smoke/Full3C_phasenet/prediction_replay_receipt.csv","591","c755d810f50b09dffbbff8429d31ce58eb330bae7644bb5ab5600695ad76d278"
"verification/portable_smoke/Full3C_phasenet/test_tensor_replay.csv","93","47c10cfd8eeb047cf5e3cf60c045ed57706a8654a9082633fedcdd6545fd3916"
"verification/portable_smoke/Zonly_base42/AIC_replayed.csv","491","583381a929939deb50b01fe701540beb5b1215824b0599d08a796893b67bbe12"
"verification/portable_smoke/Zonly_base42/AIC_unconstrained_replayed.csv","491","5fd6fafdccefb5c1ed5b5c502d075553d64825f87b134503ceca1cd51de6ad80"
"verification/portable_smoke/Zonly_base42/CNN_replayed.csv","456","f7e7d7b5592eadaf2a3d275539be23467ba11d297daec2e6fc70ac8583c92f40"
"verification/portable_smoke/Zonly_base42/CNN_unconstrained_replayed.csv","456","5a95d6643f22e8592f4c3551c1de0f651c92c3c80c2806258b235fc1fc637435"
"verification/portable_smoke/Zonly_base42/STA_replayed.csv","488","580a47359c0154328fa3a07007eda3d272ebefb016c0e221d93a1f708bd3f42e"
"verification/portable_smoke/Zonly_base42/STA_unconstrained_replayed.csv","488","e20a79367201fb1d70e0558c9ab8ffad1790fa47e1bb1caf2e011e44e59684b0"
"verification/portable_smoke/Zonly_base42/TCN_replayed.csv","474","ba56603dd55d51683c3b5d612075b47f5e75a14ada612de47e0ae044759fdcfa"
"verification/portable_smoke/Zonly_base42/TCN_unconstrained_replayed.csv","475","a4f6e2f50532c583745bc2ef64218c784390d277eec09fb0e91ce4070b893dca"
"verification/portable_smoke/Zonly_base42/full15ch_seed42_replayed.csv","487","498d2bd0ebc521d2da0a5cffbd0ea82a789dfb8fd3eb09cbcc9b933ccb2e876e"
"verification/portable_smoke/Zonly_base42/full15ch_seed42_threshold_statistics.csv","758","a100921a1c14cea539daa55eae7bb948ffaab566cfaa50122a587d346649fe56"
"verification/portable_smoke/Zonly_base42/full15ch_seed42_unconstrained_replayed.csv","488","0470b4ce70b6ca139957083fbcfd66d96115ea1d1bd701a56222961795e8b8c2"
"verification/portable_smoke/Zonly_base42/full15ch_seed43_replayed.csv","501","0288a1d319fe5ae3d82682803a55c233a8690825afcadf53bdf9ada98fe6ed38"
"verification/portable_smoke/Zonly_base42/full15ch_seed43_threshold_statistics.csv","762","a82a6a8e11ead2b23b250ed2afb76c93d0cdbf30534386341e16031861590930"
"verification/portable_smoke/Zonly_base42/full15ch_seed43_unconstrained_replayed.csv","500","05f2e06b65f8b9b70fe2c9e44c73703369fd4009f9a916e412cf35e8b8f02c2d"
"verification/portable_smoke/Zonly_base42/full15ch_seed44_replayed.csv","520","03fc07cd799fa4cf70bfd193cb67b0acab66ef1f1c8113846d1ce3426354ef5a"
"verification/portable_smoke/Zonly_base42/full15ch_seed44_threshold_statistics.csv","766","dd7418d2a7923a19a39f9d6bc78f14c95a57e32673dc1445a00c39bfcc0c93bd"
"verification/portable_smoke/Zonly_base42/full15ch_seed44_unconstrained_replayed.csv","520","0137adff1b58f0626f5d2e4551779596b7c1f33113971c331d150cca792df44a"
"verification/portable_smoke/Zonly_base42/loaded_models.csv","1369","5fae4b2065bb2f3d2cef0362977d02330a94e4d269562c9b1268d0c81b630021"
"verification/portable_smoke/Zonly_base42/mean_ensemble_replayed.csv","471","37dfef35d0fb7bd3b194a2f662cb709779e786c3c514b41673687c9c5c85e86c"
"verification/portable_smoke/Zonly_base42/mean_ensemble_unconstrained_replayed.csv","469","eee8705548122364f4de992d31b15b33b6bedc55a83865108515f44b609df622"
"verification/portable_smoke/Zonly_base42/prediction_replay_receipt.csv","1299","3dd79abe7599b47535cd249a79432d19492f5eb660c40d3271e0a79094aefcb6"
"verification/portable_smoke/Zonly_base42/test_tensor_replay.csv","93","47c10cfd8eeb047cf5e3cf60c045ed57706a8654a9082633fedcdd6545fd3916"
"verification/portable_smoke/Zonly_base42/weighted_ensemble_replayed.csv","456","5b0b9ea5a072386c62b6b6b1269d2c921df8243a090a886364e1d733f6260523"
"verification/portable_smoke/Zonly_base42/weighted_ensemble_unconstrained_replayed.csv","456","0ee6b0792ae6d9ae8fe950d204552cb889fcddc0ef924e4c3c21ea5d11f3cf15"
"verification/portable_smoke/Zonly_base42_oof/loaded_models.csv","2628","d29ec7532f478f8646d68c2f6cd6f936779e39e03fe643510957517e4dc32d1a"
"verification/portable_smoke/Zonly_base42_oof/oof_replay_receipt.csv","1058","c162b4ab3ea1d8a81f75d5c83e8db560ae591d34691e3e7f4fb71ef951a17f47"
"verification/portable_smoke/Zonly_base43/AIC_replayed.csv","491","583381a929939deb50b01fe701540beb5b1215824b0599d08a796893b67bbe12"
"verification/portable_smoke/Zonly_base43/AIC_unconstrained_replayed.csv","491","5fd6fafdccefb5c1ed5b5c502d075553d64825f87b134503ceca1cd51de6ad80"
"verification/portable_smoke/Zonly_base43/CNN_replayed.csv","474","e3d49eef74f11d783e92a8122a243cfadd8a4e21563c21759569535753ebef2a"
"verification/portable_smoke/Zonly_base43/CNN_unconstrained_replayed.csv","475","22e9e7a280120f30bf31151e934f9ea1aaf674e8ae9b10505aebf003515678f1"
"verification/portable_smoke/Zonly_base43/STA_replayed.csv","488","580a47359c0154328fa3a07007eda3d272ebefb016c0e221d93a1f708bd3f42e"
"verification/portable_smoke/Zonly_base43/STA_unconstrained_replayed.csv","488","e20a79367201fb1d70e0558c9ab8ffad1790fa47e1bb1caf2e011e44e59684b0"
"verification/portable_smoke/Zonly_base43/TCN_replayed.csv","471","4ecaa4b3f6a23d3fb0fe7e35d65436db2a880d42b4d407002698fe310754d7fb"
"verification/portable_smoke/Zonly_base43/TCN_unconstrained_replayed.csv","472","bfeb33f0c0ec6b7d4b0f43a6db4a7f69513bbaf5ec0d1bfd5ae45e2811ea2b11"
"verification/portable_smoke/Zonly_base43/full15ch_seed42_replayed.csv","474","1dc6f897a9a56308e4ee74064cd716a4fba08da97c6d63d32949166cecd71dd5"
"verification/portable_smoke/Zonly_base43/full15ch_seed42_threshold_statistics.csv","759","ac98ca7a05fcbb5ea3a7b686d93b9f4773dd3031f45fdb7a44c3b2f2ac5b4df6"
"verification/portable_smoke/Zonly_base43/full15ch_seed42_unconstrained_replayed.csv","471","6541d2a4516ca7030ba7117fc2c114d6fc5a0e893c94a9f4ed6e08c2df116864"
"verification/portable_smoke/Zonly_base43/full15ch_seed43_replayed.csv","487","54768291f5fe2355812d800ba34c85c403b36f546e638f8b0465684de72d84e4"
"verification/portable_smoke/Zonly_base43/full15ch_seed43_threshold_statistics.csv","757","66578ce7fd99daa6fcd3085a84d50c4fca58ba33ea9579a40ae4b99d193ce5c1"
"verification/portable_smoke/Zonly_base43/full15ch_seed43_unconstrained_replayed.csv","487","7b2aecefa52d94ba8439a477488ce1ddfb1eb097546c6786e1894c2a873982c2"
"verification/portable_smoke/Zonly_base43/full15ch_seed44_replayed.csv","492","8469975d2dd5488a2789dcfb906b3d02baafadf2ea2ba63c3a950863c37f1629"
"verification/portable_smoke/Zonly_base43/full15ch_seed44_threshold_statistics.csv","759","a9d45997b14e400ecdedb1b0f9535d0a49317c92d12c443b2fcead740c42fb80"
"verification/portable_smoke/Zonly_base43/full15ch_seed44_unconstrained_replayed.csv","493","43f43d3e090223594f87b162f713021e64e768597a3ec3e0e77ae873048bd573"
"verification/portable_smoke/Zonly_base43/loaded_models.csv","1444","254ae9ef9d05353c8f2581a34854f374b6fb062895c0600b7d880350d3b32d76"
"verification/portable_smoke/Zonly_base43/mean_ensemble_replayed.csv","472","c105a398e9e207ba9c53b659d954381d9d83505f727c8628475d25b263f0937b"
"verification/portable_smoke/Zonly_base43/mean_ensemble_unconstrained_replayed.csv","468","ddcc5415f0fa743d525d29e91a6e922ab5231de2b59a7f4b7202615fb6b38d63"
"verification/portable_smoke/Zonly_base43/prediction_replay_receipt.csv","1299","fa3145454509b111084775c96bfd600cbec9f3e74b5f79f1d829ffd84f31efee"
"verification/portable_smoke/Zonly_base43/test_tensor_replay.csv","93","47c10cfd8eeb047cf5e3cf60c045ed57706a8654a9082633fedcdd6545fd3916"
"verification/portable_smoke/Zonly_base43/weighted_ensemble_replayed.csv","456","fc4a5f6a5ba6d523ea62004d56cd720df71421ec30426ea220162a00c09061c8"
"verification/portable_smoke/Zonly_base43/weighted_ensemble_unconstrained_replayed.csv","455","3ed2a9024538e2a19ea07d67e33852c52629d0b8ed841ce0b68f03239a017cd8"
"verification/portable_smoke/Zonly_base43_oof/loaded_models.csv","2778","31c782d7600bbc5d1192ccf710f6cd6ad3aa35277d99163ca176350cacfc940c"
"verification/portable_smoke/Zonly_base43_oof/oof_replay_receipt.csv","1058","c5bbdeb636726f0c5019294c9e4a29121f16e40b82f31f5a3315cdf60f6faef6"
"verification/portable_smoke/Zonly_base44/AIC_replayed.csv","491","583381a929939deb50b01fe701540beb5b1215824b0599d08a796893b67bbe12"
"verification/portable_smoke/Zonly_base44/AIC_unconstrained_replayed.csv","491","5fd6fafdccefb5c1ed5b5c502d075553d64825f87b134503ceca1cd51de6ad80"
"verification/portable_smoke/Zonly_base44/CNN_replayed.csv","473","b00fb39384d3f06aa01d41515ac37257b8cfe587baa28c9cd49734aad942d505"
"verification/portable_smoke/Zonly_base44/CNN_unconstrained_replayed.csv","473","bb19c20fc72dbd70b7027bfdc33398f6aae978cee21ce93e0b0bce4831efc12c"
"verification/portable_smoke/Zonly_base44/STA_replayed.csv","488","580a47359c0154328fa3a07007eda3d272ebefb016c0e221d93a1f708bd3f42e"
"verification/portable_smoke/Zonly_base44/STA_unconstrained_replayed.csv","488","e20a79367201fb1d70e0558c9ab8ffad1790fa47e1bb1caf2e011e44e59684b0"
"verification/portable_smoke/Zonly_base44/TCN_replayed.csv","474","1a581de87127e9b47d632ed557d1a7d22dfb1a368b8e43b048d3eea58093c19c"
"verification/portable_smoke/Zonly_base44/TCN_unconstrained_replayed.csv","474","89a27fc045c1676cbce22716743d5daca978d39820d4d8e41f65890995af41e9"
"verification/portable_smoke/Zonly_base44/full15ch_seed42_replayed.csv","487","12accb4a4028f7a7a40be5df1c5dcb7085c2db8a17980dd8bf4104a184213d8b"
"verification/portable_smoke/Zonly_base44/full15ch_seed42_threshold_statistics.csv","752","45c0738816558bc6fe0f4104782e7c27ba7f55e33953266387207e3150a22776"
"verification/portable_smoke/Zonly_base44/full15ch_seed42_unconstrained_replayed.csv","487","b8d2fb596750f89629f07caa550caee4b9c91a9a72a90e9e38ba420925d77d75"
"verification/portable_smoke/Zonly_base44/full15ch_seed43_replayed.csv","487","bdaa03576e11a047864083462d9748207e6b8f0bddecdd7e239baeab477cf817"
"verification/portable_smoke/Zonly_base44/full15ch_seed43_threshold_statistics.csv","759","eedd6d5a938dc123f9951032822224620559d79e01886c7876088b83d1b0b842"
"verification/portable_smoke/Zonly_base44/full15ch_seed43_unconstrained_replayed.csv","486","5d3e40cb6899690c36f9a899534751df3b7dcd0a4f9adc837e13e0bb51ece960"
"verification/portable_smoke/Zonly_base44/full15ch_seed44_replayed.csv","505","e458037171c6f4d86a7be822c05c8c140925bbd68c88ae24d33366e4aa82f0d0"
"verification/portable_smoke/Zonly_base44/full15ch_seed44_threshold_statistics.csv","757","8a9bebd0176cf65b1df3ab3e6a8d5d14db5ac0957a04bf3d76ed22747050d0ed"
"verification/portable_smoke/Zonly_base44/full15ch_seed44_unconstrained_replayed.csv","506","fe7cfa65d43e86642301574ab2342a3152604a218640dfb6d54c3e1d8df6e042"
"verification/portable_smoke/Zonly_base44/loaded_models.csv","1444","ff7bbab33bc83c603dd0cc8a2d4bc328c6242dfc5718df75a1fe9ae7b982f733"
"verification/portable_smoke/Zonly_base44/mean_ensemble_replayed.csv","452","e7192bb16f5a48325fc114dff2ded70c4c26d84ade097ce91cea289d2131d89a"
"verification/portable_smoke/Zonly_base44/mean_ensemble_unconstrained_replayed.csv","450","8d84b39c103d54946ca4853ce31376aabbb7308c48a3a53500bf61049f345a6b"
"verification/portable_smoke/Zonly_base44/prediction_replay_receipt.csv","1299","522037d25a7bd49f68839d2298758a4d2890340cc66eb878317dfe793c255f55"
"verification/portable_smoke/Zonly_base44/test_tensor_replay.csv","93","47c10cfd8eeb047cf5e3cf60c045ed57706a8654a9082633fedcdd6545fd3916"
"verification/portable_smoke/Zonly_base44/weighted_ensemble_replayed.csv","455","42d2405573ed73ba26d5eab8c985bf949f1e9dc6660e40af78d6ab5c43b59921"
"verification/portable_smoke/Zonly_base44/weighted_ensemble_unconstrained_replayed.csv","455","482d791d18b41b418a704c9edb663b91137adc8ab502faaa92715f6b08b33ed4"
"verification/portable_smoke/Zonly_base44_oof/loaded_models.csv","2778","d4e23f2370c2777de2174d5d0389bc7de9e074be4fb754922a50e816a82bda48"
"verification/portable_smoke/Zonly_base44_oof/oof_replay_receipt.csv","1058","fed1d27c82d1dcdbd441204cf10f619de3864921e7ce6c157e6506f14f9b1178"
"verification/portable_smoke/Zonly_phasenet/PhaseNetMatched_seed42_replayed.csv","462","82e38d84df2f3952c5a42e11cc0d26814d63c7edfc948b26618a77accd5f698f"
"verification/portable_smoke/Zonly_phasenet/PhaseNetMatched_seed42_threshold_statistics.csv","754","87d0bff2b88d54c25c058f930c81e579cd0af0f193ffcd16be8dba8ad5d1e74b"
"verification/portable_smoke/Zonly_phasenet/PhaseNetMatched_seed42_unconstrained_replayed.csv","462","f13272c06cbd745ee3891de34e88721269a2463841a3a6d467779c25add8c2f9"
"verification/portable_smoke/Zonly_phasenet/PhaseNetMatched_seed43_replayed.csv","497","89036c9ca1cda16223377e8ea3082ca1e695e97939b64be0cd6e012e5c78ca85"
"verification/portable_smoke/Zonly_phasenet/PhaseNetMatched_seed43_threshold_statistics.csv","759","6fe147a798f16ed3ee776c2621007109509663aa3b4e08c9ac48520781f81cd1"
"verification/portable_smoke/Zonly_phasenet/PhaseNetMatched_seed43_unconstrained_replayed.csv","496","dbba9b5bfa3f2a2a202654bac89f81a4596e1b211a033b694da525d27b41de4d"
"verification/portable_smoke/Zonly_phasenet/PhaseNetMatched_seed44_replayed.csv","468","4ee08ca5afc782fe0704a61c12187111defa9c67830a0b09a93532e1970a6f30"
"verification/portable_smoke/Zonly_phasenet/PhaseNetMatched_seed44_threshold_statistics.csv","749","97ee9edf1dfc555562088408c7bc6ffb2ccd44556460842d7015962e8cc86827"
"verification/portable_smoke/Zonly_phasenet/PhaseNetMatched_seed44_unconstrained_replayed.csv","469","574a85c25c724a2d6edc1f6b8a1c473fabeaacbb3a90d4fab15a0e94d543091e"
"verification/portable_smoke/Zonly_phasenet/loaded_models.csv","965","c36eb29098410a6a42a93d8633948b5674a2125c661ba88af014c8e11e4b2577"
"verification/portable_smoke/Zonly_phasenet/prediction_replay_receipt.csv","589","b149b24fefd1ebad4245d14fb278a5582733ce66cf5f6f99eba75b7543de5fd6"
"verification/portable_smoke/Zonly_phasenet/test_tensor_replay.csv","93","47c10cfd8eeb047cf5e3cf60c045ed57706a8654a9082633fedcdd6545fd3916"
"verification/runtime_preparation_original_path.json","415","756b03267b7a0dbd772526d8503b3fcd576710b2c80f60c8122ef80e67154435"
"verification/summary.json","270","885604752ecbd18c94308677fc1be442bdf44bd251e350595b037670f2e866e3"
"verification/synthetic_check/contract_demo.json","1306","d3c55ce1eb8ca540bb9de3332d305de244cfb6bc90e75094e4e945372b6d934d"
"verify_numerics.py","3263","3ca33458dab601ab4803faca37583db69d3f59013bbaafbcda5ef8ed8cf3c78e"
"verify_package.py","719","b691af157b2b1f4c24dbf21c1082dd5d10311e47aa9d6ba84197fbde5780a860"
