Evaluation,Policy,Phase,Tolerance_ms,N,N_accepted,N_strict_detected,TP,FP,FN,Precision,Recall,F1,AcceptedCoverage,MAE_ms,MedAE_ms,RMSE_ms,OutlierRate1s
Full3C\baselines\AIC,accepted,P,50,335,335,335,120,215,215,0.3582089552238806,0.3582089552238806,0.3582089552238806,1.0,902.9253731343283,279.9999999999994,1833.2942374845425,0.21194029850746268
Full3C\baselines\AIC,accepted,P,100,335,335,335,139,196,196,0.41492537313432837,0.41492537313432837,0.41492537313432837,1.0,902.9253731343283,279.9999999999994,1833.2942374845425,0.21194029850746268
Full3C\baselines\AIC,accepted,P,200,335,335,335,156,179,179,0.46567164179104475,0.46567164179104475,0.46567164179104475,1.0,902.9253731343283,279.9999999999994,1833.2942374845425,0.21194029850746268
Full3C\baselines\AIC,accepted,S,50,335,313,310,0,313,335,0.0,0.0,0.0,0.9343283582089552,5468.753993610224,4890.0,6303.771222799332,0.9840255591054313
Full3C\baselines\AIC,accepted,S,100,335,313,310,1,312,334,0.003194888178913738,0.0029850746268656717,0.0030864197530864196,0.9343283582089552,5468.753993610224,4890.0,6303.771222799332,0.9840255591054313
Full3C\baselines\AIC,accepted,S,200,335,313,310,1,312,334,0.003194888178913738,0.0029850746268656717,0.0030864197530864196,0.9343283582089552,5468.753993610224,4890.0,6303.771222799332,0.9840255591054313
Full3C\baselines\AIC,strict,P,50,335,335,335,120,215,215,0.3582089552238806,0.3582089552238806,0.3582089552238806,1.0,902.9253731343283,279.9999999999994,1833.2942374845425,0.21194029850746268
Full3C\baselines\AIC,strict,P,100,335,335,335,139,196,196,0.41492537313432837,0.41492537313432837,0.41492537313432837,1.0,902.9253731343283,279.9999999999994,1833.2942374845425,0.21194029850746268
Full3C\baselines\AIC,strict,P,200,335,335,335,156,179,179,0.46567164179104475,0.46567164179104475,0.46567164179104475,1.0,902.9253731343283,279.9999999999994,1833.2942374845425,0.21194029850746268
Full3C\baselines\AIC,strict,S,50,335,310,310,0,310,335,0.0,0.0,0.0,0.9253731343283582,5466.064516129032,4880.0,6308.523573501121,0.9838709677419355
Full3C\baselines\AIC,strict,S,100,335,310,310,1,309,334,0.0032258064516129032,0.0029850746268656717,0.0031007751937984496,0.9253731343283582,5466.064516129032,4880.0,6308.523573501121,0.9838709677419355
Full3C\baselines\AIC,strict,S,200,335,310,310,1,309,334,0.0032258064516129032,0.0029850746268656717,0.0031007751937984496,0.9253731343283582,5466.064516129032,4880.0,6308.523573501121,0.9838709677419355
Full3C\baselines\AIC,unconstrained,P,50,335,335,335,120,215,215,0.3582089552238806,0.3582089552238806,0.3582089552238806,1.0,902.9253731343283,279.9999999999994,1833.2942374845425,0.21194029850746268
Full3C\baselines\AIC,unconstrained,P,100,335,335,335,139,196,196,0.41492537313432837,0.41492537313432837,0.41492537313432837,1.0,902.9253731343283,279.9999999999994,1833.2942374845425,0.21194029850746268
Full3C\baselines\AIC,unconstrained,P,200,335,335,335,156,179,179,0.46567164179104475,0.46567164179104475,0.46567164179104475,1.0,902.9253731343283,279.9999999999994,1833.2942374845425,0.21194029850746268
Full3C\baselines\AIC,unconstrained,S,50,335,335,335,0,335,335,0.0,0.0,0.0,1.0,5544.298507462687,4990.0,6390.317535847121,0.9880597014925373
Full3C\baselines\AIC,unconstrained,S,100,335,335,335,1,334,334,0.0029850746268656717,0.0029850746268656717,0.0029850746268656717,1.0,5544.298507462687,4990.0,6390.317535847121,0.9880597014925373
Full3C\baselines\AIC,unconstrained,S,200,335,335,335,1,334,334,0.0029850746268656717,0.0029850746268656717,0.0029850746268656717,1.0,5544.298507462687,4990.0,6390.317535847121,0.9880597014925373
Full3C\baselines\CNN,accepted,P,50,335,331,300,231,100,104,0.6978851963746223,0.6895522388059702,0.6936936936936937,0.9880597014925373,93.98791540785487,29.99999999999936,446.42081132659854,0.006042296072507553
Full3C\baselines\CNN,accepted,P,100,335,331,300,275,56,60,0.8308157099697885,0.8208955223880597,0.8258258258258259,0.9880597014925373,93.98791540785487,29.99999999999936,446.42081132659854,0.006042296072507553
Full3C\baselines\CNN,accepted,P,200,335,331,300,304,27,31,0.918429003021148,0.9074626865671642,0.9129129129129129,0.9880597014925373,93.98791540785487,29.99999999999936,446.42081132659854,0.006042296072507553
Full3C\baselines\CNN,accepted,S,50,335,282,188,94,188,241,0.3333333333333333,0.28059701492537314,0.3047001620745543,0.8417910447761194,870.2482269503546,140.00000000000057,1960.7202143256566,0.18439716312056736
Full3C\baselines\CNN,accepted,S,100,335,282,188,128,154,207,0.45390070921985815,0.382089552238806,0.41491085899513774,0.8417910447761194,870.2482269503546,140.00000000000057,1960.7202143256566,0.18439716312056736
Full3C\baselines\CNN,accepted,S,200,335,282,188,163,119,172,0.5780141843971631,0.48656716417910445,0.5283630470016207,0.8417910447761194,870.2482269503546,140.00000000000057,1960.7202143256566,0.18439716312056736
Full3C\baselines\CNN,strict,P,50,335,300,300,226,74,109,0.7533333333333333,0.6746268656716418,0.7118110236220473,0.8955223880597015,66.9999999999999,19.999999999999574,305.2889341809384,0.0033333333333333335
Full3C\baselines\CNN,strict,P,100,335,300,300,261,39,74,0.87,0.7791044776119403,0.8220472440944881,0.8955223880597015,66.9999999999999,19.999999999999574,305.2889341809384,0.0033333333333333335
Full3C\baselines\CNN,strict,P,200,335,300,300,283,17,52,0.9433333333333334,0.844776119402985,0.8913385826771654,0.8955223880597015,66.9999999999999,19.999999999999574,305.2889341809384,0.0033333333333333335
Full3C\baselines\CNN,strict,S,50,335,188,188,78,110,257,0.4148936170212766,0.23283582089552238,0.2982791586998088,0.5611940298507463,448.4574468085106,80.00000000000007,1356.4512915630178,0.07446808510638298
Full3C\baselines\CNN,strict,S,100,335,188,188,104,84,231,0.5531914893617021,0.31044776119402984,0.3977055449330784,0.5611940298507463,448.4574468085106,80.00000000000007,1356.4512915630178,0.07446808510638298
Full3C\baselines\CNN,strict,S,200,335,188,188,129,59,206,0.6861702127659575,0.3850746268656716,0.4933078393881453,0.5611940298507463,448.4574468085106,80.00000000000007,1356.4512915630178,0.07446808510638298
Full3C\baselines\CNN,unconstrained,P,50,335,331,300,231,100,104,0.6978851963746223,0.6895522388059702,0.6936936936936937,0.9880597014925373,93.98791540785487,29.99999999999936,446.42081132659854,0.006042296072507553
Full3C\baselines\CNN,unconstrained,P,100,335,331,300,275,56,60,0.8308157099697885,0.8208955223880597,0.8258258258258259,0.9880597014925373,93.98791540785487,29.99999999999936,446.42081132659854,0.006042296072507553
Full3C\baselines\CNN,unconstrained,P,200,335,331,300,304,27,31,0.918429003021148,0.9074626865671642,0.9129129129129129,0.9880597014925373,93.98791540785487,29.99999999999936,446.42081132659854,0.006042296072507553
Full3C\baselines\CNN,unconstrained,S,50,335,287,190,96,191,239,0.3344947735191638,0.2865671641791045,0.3086816720257235,0.8567164179104477,984.7038327526133,140.00000000000057,2236.7825480469455,0.1951219512195122
Full3C\baselines\CNN,unconstrained,S,100,335,287,190,130,157,205,0.4529616724738676,0.3880597014925373,0.4180064308681672,0.8567164179104477,984.7038327526133,140.00000000000057,2236.7825480469455,0.1951219512195122
Full3C\baselines\CNN,unconstrained,S,200,335,287,190,164,123,171,0.5714285714285714,0.48955223880597015,0.5273311897106109,0.8567164179104477,984.7038327526133,140.00000000000057,2236.7825480469455,0.1951219512195122
Full3C\baselines\mean_ensemble,accepted,P,50,335,335,333,231,104,104,0.6895522388059702,0.6895522388059702,0.6895522388059702,1.0,224.8358208955223,19.999999999999574,1977.228574500403,0.011940298507462687
Full3C\baselines\mean_ensemble,accepted,P,100,335,335,333,272,63,63,0.8119402985074626,0.8119402985074626,0.8119402985074626,1.0,224.8358208955223,19.999999999999574,1977.228574500403,0.011940298507462687
Full3C\baselines\mean_ensemble,accepted,P,200,335,335,333,304,31,31,0.9074626865671642,0.9074626865671642,0.9074626865671642,1.0,224.8358208955223,19.999999999999574,1977.228574500403,0.011940298507462687
Full3C\baselines\mean_ensemble,accepted,S,50,335,331,172,49,282,286,0.14803625377643503,0.14626865671641792,0.14714714714714713,0.9880597014925373,4142.356495468278,3840.0,5641.8887047778335,0.7129909365558912
Full3C\baselines\mean_ensemble,accepted,S,100,335,331,172,66,265,269,0.19939577039274925,0.19701492537313434,0.1981981981981982,0.9880597014925373,4142.356495468278,3840.0,5641.8887047778335,0.7129909365558912
Full3C\baselines\mean_ensemble,accepted,S,200,335,331,172,73,258,262,0.22054380664652568,0.21791044776119403,0.21921921921921922,0.9880597014925373,4142.356495468278,3840.0,5641.8887047778335,0.7129909365558912
Full3C\baselines\mean_ensemble,strict,P,50,335,333,333,231,102,104,0.6936936936936937,0.6895522388059702,0.6916167664670658,0.9940298507462687,88.01801801801793,19.999999999999574,337.7575760514932,0.006006006006006006
Full3C\baselines\mean_ensemble,strict,P,100,335,333,333,272,61,63,0.8168168168168168,0.8119402985074626,0.8143712574850299,0.9940298507462687,88.01801801801793,19.999999999999574,337.7575760514932,0.006006006006006006
Full3C\baselines\mean_ensemble,strict,P,200,335,333,333,304,29,31,0.9129129129129129,0.9074626865671642,0.9101796407185628,0.9940298507462687,88.01801801801793,19.999999999999574,337.7575760514932,0.006006006006006006
Full3C\baselines\mean_ensemble,strict,S,50,335,172,172,40,132,295,0.23255813953488372,0.11940298507462686,0.15779092702169625,0.5134328358208955,3845.639534883721,3725.0000000000005,5334.8338066134775,0.6337209302325582
Full3C\baselines\mean_ensemble,strict,S,100,335,172,172,49,123,286,0.28488372093023256,0.14626865671641792,0.1932938856015779,0.5134328358208955,3845.639534883721,3725.0000000000005,5334.8338066134775,0.6337209302325582
Full3C\baselines\mean_ensemble,strict,S,200,335,172,172,54,118,281,0.313953488372093,0.16119402985074627,0.21301775147928995,0.5134328358208955,3845.639534883721,3725.0000000000005,5334.8338066134775,0.6337209302325582
Full3C\baselines\mean_ensemble,unconstrained,P,50,335,335,333,231,104,104,0.6895522388059702,0.6895522388059702,0.6895522388059702,1.0,224.8358208955223,19.999999999999574,1977.228574500403,0.011940298507462687
Full3C\baselines\mean_ensemble,unconstrained,P,100,335,335,333,272,63,63,0.8119402985074626,0.8119402985074626,0.8119402985074626,1.0,224.8358208955223,19.999999999999574,1977.228574500403,0.011940298507462687
Full3C\baselines\mean_ensemble,unconstrained,P,200,335,335,333,304,31,31,0.9074626865671642,0.9074626865671642,0.9074626865671642,1.0,224.8358208955223,19.999999999999574,1977.228574500403,0.011940298507462687
Full3C\baselines\mean_ensemble,unconstrained,S,50,335,335,190,37,298,298,0.11044776119402985,0.11044776119402985,0.11044776119402985,1.0,4473.492537313433,4260.0,5814.110319384226,0.7791044776119403
Full3C\baselines\mean_ensemble,unconstrained,S,100,335,335,190,49,286,286,0.14626865671641792,0.14626865671641792,0.14626865671641792,1.0,4473.492537313433,4260.0,5814.110319384226,0.7791044776119403
Full3C\baselines\mean_ensemble,unconstrained,S,200,335,335,190,56,279,279,0.16716417910447762,0.16716417910447762,0.16716417910447762,1.0,4473.492537313433,4260.0,5814.110319384226,0.7791044776119403
Full3C\baselines\STA,accepted,P,50,335,335,335,79,256,256,0.23582089552238805,0.23582089552238805,0.23582089552238805,1.0,376.38805970149247,109.99999999999943,2431.442235234796,0.014925373134328358
Full3C\baselines\STA,accepted,P,100,335,335,335,162,173,173,0.4835820895522388,0.4835820895522388,0.4835820895522388,1.0,376.38805970149247,109.99999999999943,2431.442235234796,0.014925373134328358
Full3C\baselines\STA,accepted,P,200,335,335,335,265,70,70,0.7910447761194029,0.7910447761194029,0.7910447761194029,1.0,376.38805970149247,109.99999999999943,2431.442235234796,0.014925373134328358
Full3C\baselines\STA,accepted,S,50,335,326,324,1,325,334,0.003067484662576687,0.0029850746268656717,0.0030257186081694403,0.9731343283582089,4752.791411042945,4385.0,5970.51459076415,0.8773006134969326
Full3C\baselines\STA,accepted,S,100,335,326,324,5,321,330,0.015337423312883436,0.014925373134328358,0.015128593040847202,0.9731343283582089,4752.791411042945,4385.0,5970.51459076415,0.8773006134969326
Full3C\baselines\STA,accepted,S,200,335,326,324,20,306,315,0.06134969325153374,0.05970149253731343,0.060514372163388806,0.9731343283582089,4752.791411042945,4385.0,5970.51459076415,0.8773006134969326
Full3C\baselines\STA,strict,P,50,335,335,335,79,256,256,0.23582089552238805,0.23582089552238805,0.23582089552238805,1.0,376.38805970149247,109.99999999999943,2431.442235234796,0.014925373134328358
Full3C\baselines\STA,strict,P,100,335,335,335,162,173,173,0.4835820895522388,0.4835820895522388,0.4835820895522388,1.0,376.38805970149247,109.99999999999943,2431.442235234796,0.014925373134328358
Full3C\baselines\STA,strict,P,200,335,335,335,265,70,70,0.7910447761194029,0.7910447761194029,0.7910447761194029,1.0,376.38805970149247,109.99999999999943,2431.442235234796,0.014925373134328358
Full3C\baselines\STA,strict,S,50,335,324,324,1,323,334,0.0030864197530864196,0.0029850746268656717,0.0030349013657056147,0.9671641791044776,4768.179012345679,4390.0,5984.591609157224,0.8796296296296297
Full3C\baselines\STA,strict,S,100,335,324,324,5,319,330,0.015432098765432098,0.014925373134328358,0.015174506828528073,0.9671641791044776,4768.179012345679,4390.0,5984.591609157224,0.8796296296296297
Full3C\baselines\STA,strict,S,200,335,324,324,20,304,315,0.06172839506172839,0.05970149253731343,0.06069802731411229,0.9671641791044776,4768.179012345679,4390.0,5984.591609157224,0.8796296296296297
Full3C\baselines\STA,unconstrained,P,50,335,335,335,79,256,256,0.23582089552238805,0.23582089552238805,0.23582089552238805,1.0,376.38805970149247,109.99999999999943,2431.442235234796,0.014925373134328358
Full3C\baselines\STA,unconstrained,P,100,335,335,335,162,173,173,0.4835820895522388,0.4835820895522388,0.4835820895522388,1.0,376.38805970149247,109.99999999999943,2431.442235234796,0.014925373134328358
Full3C\baselines\STA,unconstrained,P,200,335,335,335,265,70,70,0.7910447761194029,0.7910447761194029,0.7910447761194029,1.0,376.38805970149247,109.99999999999943,2431.442235234796,0.014925373134328358
Full3C\baselines\STA,unconstrained,S,50,335,335,335,1,334,334,0.0029850746268656717,0.0029850746268656717,0.0029850746268656717,1.0,5065.313432835821,4500.0,6641.579204402987,0.8805970149253731
Full3C\baselines\STA,unconstrained,S,100,335,335,335,5,330,330,0.014925373134328358,0.014925373134328358,0.014925373134328358,1.0,5065.313432835821,4500.0,6641.579204402987,0.8805970149253731
Full3C\baselines\STA,unconstrained,S,200,335,335,335,21,314,314,0.0626865671641791,0.0626865671641791,0.0626865671641791,1.0,5065.313432835821,4500.0,6641.579204402987,0.8805970149253731
Full3C\baselines\TCN,accepted,P,50,335,332,327,239,93,96,0.7198795180722891,0.7134328358208956,0.7166416791604198,0.991044776119403,76.4156626506023,19.999999999999574,312.5830010255204,0.006024096385542169
Full3C\baselines\TCN,accepted,P,100,335,332,327,287,45,48,0.8644578313253012,0.8567164179104477,0.8605697151424287,0.991044776119403,76.4156626506023,19.999999999999574,312.5830010255204,0.006024096385542169
Full3C\baselines\TCN,accepted,P,200,335,332,327,309,23,26,0.9307228915662651,0.9223880597014925,0.9265367316341829,0.991044776119403,76.4156626506023,19.999999999999574,312.5830010255204,0.006024096385542169
Full3C\baselines\TCN,accepted,S,50,335,290,237,127,163,208,0.4379310344827586,0.37910447761194027,0.4064,0.8656716417910447,591.6206896551724,70.00000000000028,1893.0957131931668,0.1
Full3C\baselines\TCN,accepted,S,100,335,290,237,174,116,161,0.6,0.5194029850746269,0.5568,0.8656716417910447,591.6206896551724,70.00000000000028,1893.0957131931668,0.1
Full3C\baselines\TCN,accepted,S,200,335,290,237,202,88,133,0.696551724137931,0.6029850746268657,0.6464,0.8656716417910447,591.6206896551724,70.00000000000028,1893.0957131931668,0.1
Full3C\baselines\TCN,strict,P,50,335,327,327,238,89,97,0.72782874617737,0.7104477611940299,0.7190332326283988,0.9761194029850746,70.45871559633017,19.999999999999574,298.72716731040157,0.0030581039755351682
Full3C\baselines\TCN,strict,P,100,335,327,327,285,42,50,0.8715596330275229,0.8507462686567164,0.8610271903323263,0.9761194029850746,70.45871559633017,19.999999999999574,298.72716731040157,0.0030581039755351682
Full3C\baselines\TCN,strict,P,200,335,327,327,306,21,29,0.9357798165137615,0.9134328358208955,0.9244712990936556,0.9761194029850746,70.45871559633017,19.999999999999574,298.72716731040157,0.0030581039755351682
Full3C\baselines\TCN,strict,S,50,335,237,237,117,120,218,0.4936708860759494,0.3492537313432836,0.4090909090909091,0.7074626865671642,243.37552742616035,60.0000000000005,806.1221442141415,0.04219409282700422
Full3C\baselines\TCN,strict,S,100,335,237,237,157,80,178,0.6624472573839663,0.46865671641791046,0.548951048951049,0.7074626865671642,243.37552742616035,60.0000000000005,806.1221442141415,0.04219409282700422
Full3C\baselines\TCN,strict,S,200,335,237,237,183,54,152,0.7721518987341772,0.5462686567164179,0.6398601398601399,0.7074626865671642,243.37552742616035,60.0000000000005,806.1221442141415,0.04219409282700422
Full3C\baselines\TCN,unconstrained,P,50,335,332,327,239,93,96,0.7198795180722891,0.7134328358208956,0.7166416791604198,0.991044776119403,76.4156626506023,19.999999999999574,312.5830010255204,0.006024096385542169
Full3C\baselines\TCN,unconstrained,P,100,335,332,327,287,45,48,0.8644578313253012,0.8567164179104477,0.8605697151424287,0.991044776119403,76.4156626506023,19.999999999999574,312.5830010255204,0.006024096385542169
Full3C\baselines\TCN,unconstrained,P,200,335,332,327,309,23,26,0.9307228915662651,0.9223880597014925,0.9265367316341829,0.991044776119403,76.4156626506023,19.999999999999574,312.5830010255204,0.006024096385542169
Full3C\baselines\TCN,unconstrained,S,50,335,293,240,128,165,207,0.43686006825938567,0.382089552238806,0.40764331210191085,0.8746268656716418,600.4778156996587,70.00000000000028,1900.063049070658,0.10238907849829351
Full3C\baselines\TCN,unconstrained,S,100,335,293,240,176,117,159,0.6006825938566553,0.5253731343283582,0.5605095541401274,0.8746268656716418,600.4778156996587,70.00000000000028,1900.063049070658,0.10238907849829351
Full3C\baselines\TCN,unconstrained,S,200,335,293,240,204,89,131,0.6962457337883959,0.608955223880597,0.6496815286624203,0.8746268656716418,600.4778156996587,70.00000000000028,1900.063049070658,0.10238907849829351
Full3C\baselines\weighted_ensemble,accepted,P,50,335,335,323,240,95,95,0.7164179104477612,0.7164179104477612,0.7164179104477612,1.0,209.91044776119395,19.999999999999574,1970.707729528628,0.008955223880597015
Full3C\baselines\weighted_ensemble,accepted,P,100,335,335,323,284,51,51,0.8477611940298507,0.8477611940298507,0.8477611940298507,1.0,209.91044776119395,19.999999999999574,1970.707729528628,0.008955223880597015
Full3C\baselines\weighted_ensemble,accepted,P,200,335,335,323,309,26,26,0.9223880597014925,0.9223880597014925,0.9223880597014925,1.0,209.91044776119395,19.999999999999574,1970.707729528628,0.008955223880597015
Full3C\baselines\weighted_ensemble,accepted,S,50,335,270,186,114,156,221,0.4222222222222222,0.3402985074626866,0.3768595041322314,0.8059701492537313,466.40740740740745,80.00000000000007,1568.320285693748,0.07037037037037037
Full3C\baselines\weighted_ensemble,accepted,S,100,335,270,186,158,112,177,0.5851851851851851,0.4716417910447761,0.5223140495867769,0.8059701492537313,466.40740740740745,80.00000000000007,1568.320285693748,0.07037037037037037
Full3C\baselines\weighted_ensemble,accepted,S,200,335,270,186,189,81,146,0.7,0.564179104477612,0.6247933884297521,0.8059701492537313,466.40740740740745,80.00000000000007,1568.320285693748,0.07037037037037037
Full3C\baselines\weighted_ensemble,strict,P,50,335,323,323,237,86,98,0.7337461300309598,0.7074626865671642,0.7203647416413373,0.9641791044776119,71.20743034055718,19.999999999999574,300.15063297747713,0.0030959752321981426
Full3C\baselines\weighted_ensemble,strict,P,100,335,323,323,279,44,56,0.8637770897832817,0.8328358208955224,0.8480243161094225,0.9641791044776119,71.20743034055718,19.999999999999574,300.15063297747713,0.0030959752321981426
Full3C\baselines\weighted_ensemble,strict,P,200,335,323,323,302,21,33,0.934984520123839,0.9014925373134328,0.9179331306990881,0.9641791044776119,71.20743034055718,19.999999999999574,300.15063297747713,0.0030959752321981426
Full3C\baselines\weighted_ensemble,strict,S,50,335,186,186,97,89,238,0.521505376344086,0.28955223880597014,0.3723608445297505,0.5552238805970149,231.34408602150538,50.00000000000071,821.1410236038395,0.03225806451612903
Full3C\baselines\weighted_ensemble,strict,S,100,335,186,186,125,61,210,0.6720430107526881,0.373134328358209,0.4798464491362764,0.5552238805970149,231.34408602150538,50.00000000000071,821.1410236038395,0.03225806451612903
Full3C\baselines\weighted_ensemble,strict,S,200,335,186,186,147,39,188,0.7903225806451613,0.4388059701492537,0.564299424184261,0.5552238805970149,231.34408602150538,50.00000000000071,821.1410236038395,0.03225806451612903
Full3C\baselines\weighted_ensemble,unconstrained,P,50,335,335,323,240,95,95,0.7164179104477612,0.7164179104477612,0.7164179104477612,1.0,209.91044776119395,19.999999999999574,1970.707729528628,0.008955223880597015
Full3C\baselines\weighted_ensemble,unconstrained,P,100,335,335,323,284,51,51,0.8477611940298507,0.8477611940298507,0.8477611940298507,1.0,209.91044776119395,19.999999999999574,1970.707729528628,0.008955223880597015
Full3C\baselines\weighted_ensemble,unconstrained,P,200,335,335,323,309,26,26,0.9223880597014925,0.9223880597014925,0.9223880597014925,1.0,209.91044776119395,19.999999999999574,1970.707729528628,0.008955223880597015
Full3C\baselines\weighted_ensemble,unconstrained,S,50,335,272,187,115,157,220,0.4227941176470588,0.34328358208955223,0.37891268533772654,0.8119402985074626,493.6397058823529,80.00000000000007,1653.2784942083306,0.07352941176470588
Full3C\baselines\weighted_ensemble,unconstrained,S,100,335,272,187,159,113,176,0.5845588235294118,0.4746268656716418,0.5238879736408567,0.8119402985074626,493.6397058823529,80.00000000000007,1653.2784942083306,0.07352941176470588
Full3C\baselines\weighted_ensemble,unconstrained,S,200,335,272,187,191,81,144,0.7022058823529411,0.5701492537313433,0.6293245469522241,0.8119402985074626,493.6397058823529,80.00000000000007,1653.2784942083306,0.07352941176470588
Full3C\evaluation\full15ch_seed42,accepted,P,50,335,334,333,246,88,89,0.7365269461077845,0.7343283582089553,0.7354260089686099,0.9970149253731343,68.9520958083831,19.999999999999574,295.29899594476785,0.0029940119760479044
Full3C\evaluation\full15ch_seed42,accepted,P,100,335,334,333,292,42,43,0.874251497005988,0.8716417910447761,0.8729446935724963,0.9970149253731343,68.9520958083831,19.999999999999574,295.29899594476785,0.0029940119760479044
Full3C\evaluation\full15ch_seed42,accepted,P,200,335,334,333,313,21,22,0.937125748502994,0.9343283582089552,0.9357249626307922,0.9970149253731343,68.9520958083831,19.999999999999574,295.29899594476785,0.0029940119760479044
Full3C\evaluation\full15ch_seed42,accepted,S,50,335,330,319,145,185,190,0.4393939393939394,0.43283582089552236,0.43609022556390975,0.9850746268656716,610.030303030303,70.00000000000028,2063.3282175488544,0.07878787878787878
Full3C\evaluation\full15ch_seed42,accepted,S,100,335,330,319,194,136,141,0.5878787878787879,0.5791044776119403,0.5834586466165413,0.9850746268656716,610.030303030303,70.00000000000028,2063.3282175488544,0.07878787878787878
Full3C\evaluation\full15ch_seed42,accepted,S,200,335,330,319,238,92,97,0.7212121212121212,0.7104477611940299,0.7157894736842105,0.9850746268656716,610.030303030303,70.00000000000028,2063.3282175488544,0.07878787878787878
Full3C\evaluation\full15ch_seed42,strict,P,50,335,333,333,246,87,89,0.7387387387387387,0.7343283582089553,0.7365269461077845,0.9940298507462687,67.89789789789776,19.999999999999574,294.8451010846774,0.003003003003003003
Full3C\evaluation\full15ch_seed42,strict,P,100,335,333,333,292,41,43,0.8768768768768769,0.8716417910447761,0.874251497005988,0.9940298507462687,67.89789789789776,19.999999999999574,294.8451010846774,0.003003003003003003
Full3C\evaluation\full15ch_seed42,strict,P,200,335,333,333,313,20,22,0.93993993993994,0.9343283582089552,0.937125748502994,0.9940298507462687,67.89789789789776,19.999999999999574,294.8451010846774,0.003003003003003003
Full3C\evaluation\full15ch_seed42,strict,S,50,335,319,319,143,176,192,0.4482758620689655,0.42686567164179107,0.43730886850152906,0.9522388059701492,600.2194357366772,60.0000000000005,2072.093954006906,0.07523510971786834
Full3C\evaluation\full15ch_seed42,strict,S,100,335,319,319,191,128,144,0.5987460815047022,0.5701492537313433,0.5840978593272171,0.9522388059701492,600.2194357366772,60.0000000000005,2072.093954006906,0.07523510971786834
Full3C\evaluation\full15ch_seed42,strict,S,200,335,319,319,232,87,103,0.7272727272727273,0.6925373134328359,0.709480122324159,0.9522388059701492,600.2194357366772,60.0000000000005,2072.093954006906,0.07523510971786834
Full3C\evaluation\full15ch_seed42,unconstrained,P,50,335,334,333,246,88,89,0.7365269461077845,0.7343283582089553,0.7354260089686099,0.9970149253731343,68.9520958083831,19.999999999999574,295.29899594476785,0.0029940119760479044
Full3C\evaluation\full15ch_seed42,unconstrained,P,100,335,334,333,292,42,43,0.874251497005988,0.8716417910447761,0.8729446935724963,0.9970149253731343,68.9520958083831,19.999999999999574,295.29899594476785,0.0029940119760479044
Full3C\evaluation\full15ch_seed42,unconstrained,P,200,335,334,333,313,21,22,0.937125748502994,0.9343283582089552,0.9357249626307922,0.9970149253731343,68.9520958083831,19.999999999999574,295.29899594476785,0.0029940119760479044
Full3C\evaluation\full15ch_seed42,unconstrained,S,50,335,331,320,145,186,190,0.4380664652567976,0.43283582089552236,0.43543543543543545,0.9880597014925373,609.2447129909366,70.00000000000028,2060.2988666549268,0.07854984894259819
Full3C\evaluation\full15ch_seed42,unconstrained,S,100,335,331,320,194,137,141,0.5861027190332326,0.5791044776119403,0.5825825825825826,0.9880597014925373,609.2447129909366,70.00000000000028,2060.2988666549268,0.07854984894259819
Full3C\evaluation\full15ch_seed42,unconstrained,S,200,335,331,320,238,93,97,0.7190332326283988,0.7104477611940299,0.7147147147147147,0.9880597014925373,609.2447129909366,70.00000000000028,2060.2988666549268,0.07854984894259819
Full3C\evaluation\full15ch_seed43,accepted,P,50,335,334,334,248,86,87,0.7425149700598802,0.7402985074626866,0.7414050822122571,0.9970149253731343,68.35329341317355,19.999999999999574,294.31998147765296,0.0029940119760479044
Full3C\evaluation\full15ch_seed43,accepted,P,100,335,334,334,295,39,40,0.8832335329341318,0.8805970149253731,0.8819133034379671,0.9970149253731343,68.35329341317355,19.999999999999574,294.31998147765296,0.0029940119760479044
Full3C\evaluation\full15ch_seed43,accepted,P,200,335,334,334,313,21,22,0.937125748502994,0.9343283582089552,0.9357249626307922,0.9970149253731343,68.35329341317355,19.999999999999574,294.31998147765296,0.0029940119760479044
Full3C\evaluation\full15ch_seed43,accepted,S,50,335,331,324,149,182,186,0.4501510574018127,0.44477611940298506,0.44744744744744747,0.9880597014925373,691.3293051359517,70.00000000000028,2221.0513691245483,0.09365558912386707
Full3C\evaluation\full15ch_seed43,accepted,S,100,335,331,324,193,138,142,0.5830815709969789,0.5761194029850746,0.5795795795795796,0.9880597014925373,691.3293051359517,70.00000000000028,2221.0513691245483,0.09365558912386707
Full3C\evaluation\full15ch_seed43,accepted,S,200,335,331,324,236,95,99,0.7129909365558912,0.7044776119402985,0.7087087087087087,0.9880597014925373,691.3293051359517,70.00000000000028,2221.0513691245483,0.09365558912386707
Full3C\evaluation\full15ch_seed43,strict,P,50,335,334,334,248,86,87,0.7425149700598802,0.7402985074626866,0.7414050822122571,0.9970149253731343,68.35329341317355,19.999999999999574,294.31998147765296,0.0029940119760479044
Full3C\evaluation\full15ch_seed43,strict,P,100,335,334,334,295,39,40,0.8832335329341318,0.8805970149253731,0.8819133034379671,0.9970149253731343,68.35329341317355,19.999999999999574,294.31998147765296,0.0029940119760479044
Full3C\evaluation\full15ch_seed43,strict,P,200,335,334,334,313,21,22,0.937125748502994,0.9343283582089552,0.9357249626307922,0.9970149253731343,68.35329341317355,19.999999999999574,294.31998147765296,0.0029940119760479044
Full3C\evaluation\full15ch_seed43,strict,S,50,335,324,324,148,176,187,0.4567901234567901,0.4417910447761194,0.44916540212443096,0.9671641791044776,675.679012345679,70.00000000000028,2215.2773423893686,0.08950617283950617
Full3C\evaluation\full15ch_seed43,strict,S,100,335,324,324,192,132,143,0.5925925925925926,0.573134328358209,0.582701062215478,0.9671641791044776,675.679012345679,70.00000000000028,2215.2773423893686,0.08950617283950617
Full3C\evaluation\full15ch_seed43,strict,S,200,335,324,324,234,90,101,0.7222222222222222,0.6985074626865672,0.7101669195751138,0.9671641791044776,675.679012345679,70.00000000000028,2215.2773423893686,0.08950617283950617
Full3C\evaluation\full15ch_seed43,unconstrained,P,50,335,334,334,248,86,87,0.7425149700598802,0.7402985074626866,0.7414050822122571,0.9970149253731343,68.35329341317355,19.999999999999574,294.31998147765296,0.0029940119760479044
Full3C\evaluation\full15ch_seed43,unconstrained,P,100,335,334,334,295,39,40,0.8832335329341318,0.8805970149253731,0.8819133034379671,0.9970149253731343,68.35329341317355,19.999999999999574,294.31998147765296,0.0029940119760479044
Full3C\evaluation\full15ch_seed43,unconstrained,P,200,335,334,334,313,21,22,0.937125748502994,0.9343283582089552,0.9357249626307922,0.9970149253731343,68.35329341317355,19.999999999999574,294.31998147765296,0.0029940119760479044
Full3C\evaluation\full15ch_seed43,unconstrained,S,50,335,332,325,149,183,186,0.44879518072289154,0.44477611940298506,0.44677661169415295,0.991044776119403,690.3614457831326,70.00000000000028,2217.796855342316,0.09337349397590361
Full3C\evaluation\full15ch_seed43,unconstrained,S,100,335,332,325,193,139,142,0.5813253012048193,0.5761194029850746,0.5787106446776612,0.991044776119403,690.3614457831326,70.00000000000028,2217.796855342316,0.09337349397590361
Full3C\evaluation\full15ch_seed43,unconstrained,S,200,335,332,325,236,96,99,0.7108433734939759,0.7044776119402985,0.7076461769115442,0.991044776119403,690.3614457831326,70.00000000000028,2217.796855342316,0.09337349397590361
Full3C\evaluation\full15ch_seed44,accepted,P,50,335,334,334,240,94,95,0.718562874251497,0.7164179104477612,0.7174887892376681,0.9970149253731343,72.69461077844302,19.999999999999574,297.8073564519289,0.0029940119760479044
Full3C\evaluation\full15ch_seed44,accepted,P,100,335,334,334,284,50,51,0.8502994011976048,0.8477611940298507,0.8490284005979073,0.9970149253731343,72.69461077844302,19.999999999999574,297.8073564519289,0.0029940119760479044
Full3C\evaluation\full15ch_seed44,accepted,P,200,335,334,334,308,26,27,0.9221556886227545,0.9194029850746268,0.9207772795216741,0.9970149253731343,72.69461077844302,19.999999999999574,297.8073564519289,0.0029940119760479044
Full3C\evaluation\full15ch_seed44,accepted,S,50,335,328,309,142,186,193,0.4329268292682927,0.42388059701492536,0.42835595776772245,0.9791044776119403,670.5182926829268,80.00000000000007,2266.6790336224085,0.08536585365853659
Full3C\evaluation\full15ch_seed44,accepted,S,100,335,328,309,185,143,150,0.5640243902439024,0.5522388059701493,0.5580693815987934,0.9791044776119403,670.5182926829268,80.00000000000007,2266.6790336224085,0.08536585365853659
Full3C\evaluation\full15ch_seed44,accepted,S,200,335,328,309,228,100,107,0.6951219512195121,0.6805970149253732,0.6877828054298643,0.9791044776119403,670.5182926829268,80.00000000000007,2266.6790336224085,0.08536585365853659
Full3C\evaluation\full15ch_seed44,strict,P,50,335,334,334,240,94,95,0.718562874251497,0.7164179104477612,0.7174887892376681,0.9970149253731343,72.69461077844302,19.999999999999574,297.8073564519289,0.0029940119760479044
Full3C\evaluation\full15ch_seed44,strict,P,100,335,334,334,284,50,51,0.8502994011976048,0.8477611940298507,0.8490284005979073,0.9970149253731343,72.69461077844302,19.999999999999574,297.8073564519289,0.0029940119760479044
Full3C\evaluation\full15ch_seed44,strict,P,200,335,334,334,308,26,27,0.9221556886227545,0.9194029850746268,0.9207772795216741,0.9970149253731343,72.69461077844302,19.999999999999574,297.8073564519289,0.0029940119760479044
Full3C\evaluation\full15ch_seed44,strict,S,50,335,309,309,140,169,195,0.45307443365695793,0.417910447761194,0.43478260869565216,0.9223880597014925,591.8770226537217,70.00000000000028,2047.5010421973789,0.0744336569579288
Full3C\evaluation\full15ch_seed44,strict,S,100,335,309,309,182,127,153,0.5889967637540453,0.5432835820895522,0.5652173913043478,0.9223880597014925,591.8770226537217,70.00000000000028,2047.5010421973789,0.0744336569579288
Full3C\evaluation\full15ch_seed44,strict,S,200,335,309,309,221,88,114,0.7152103559870551,0.6597014925373135,0.6863354037267081,0.9223880597014925,591.8770226537217,70.00000000000028,2047.5010421973789,0.0744336569579288
Full3C\evaluation\full15ch_seed44,unconstrained,P,50,335,334,334,240,94,95,0.718562874251497,0.7164179104477612,0.7174887892376681,0.9970149253731343,72.69461077844302,19.999999999999574,297.8073564519289,0.0029940119760479044
Full3C\evaluation\full15ch_seed44,unconstrained,P,100,335,334,334,284,50,51,0.8502994011976048,0.8477611940298507,0.8490284005979073,0.9970149253731343,72.69461077844302,19.999999999999574,297.8073564519289,0.0029940119760479044
Full3C\evaluation\full15ch_seed44,unconstrained,P,200,335,334,334,308,26,27,0.9221556886227545,0.9194029850746268,0.9207772795216741,0.9970149253731343,72.69461077844302,19.999999999999574,297.8073564519289,0.0029940119760479044
Full3C\evaluation\full15ch_seed44,unconstrained,S,50,335,329,311,142,187,193,0.4316109422492401,0.42388059701492536,0.42771084337349397,0.982089552238806,711.1854103343466,80.00000000000007,2551.0351912728415,0.0851063829787234
Full3C\evaluation\full15ch_seed44,unconstrained,S,100,335,329,311,185,144,150,0.5623100303951368,0.5522388059701493,0.5572289156626506,0.982089552238806,711.1854103343466,80.00000000000007,2551.0351912728415,0.0851063829787234
Full3C\evaluation\full15ch_seed44,unconstrained,S,200,335,329,311,229,100,106,0.6960486322188449,0.6835820895522388,0.6897590361445783,0.982089552238806,711.1854103343466,80.00000000000007,2551.0351912728415,0.0851063829787234
Full3C\evaluation\logistic_seed42,accepted,P,50,335,305,285,227,78,108,0.7442622950819672,0.6776119402985075,0.709375,0.9104477611940298,74.6557377049179,19.999999999999574,342.36831858945493,0.006557377049180328
Full3C\evaluation\logistic_seed42,accepted,P,100,335,305,285,271,34,64,0.8885245901639345,0.808955223880597,0.846875,0.9104477611940298,74.6557377049179,19.999999999999574,342.36831858945493,0.006557377049180328
Full3C\evaluation\logistic_seed42,accepted,P,200,335,305,285,288,17,47,0.9442622950819672,0.8597014925373134,0.9,0.9104477611940298,74.6557377049179,19.999999999999574,342.36831858945493,0.006557377049180328
Full3C\evaluation\logistic_seed42,accepted,S,50,335,245,231,115,130,220,0.46938775510204084,0.34328358208955223,0.39655172413793105,0.7313432835820896,264.53061224489795,60.0000000000005,827.8053108388839,0.044897959183673466
Full3C\evaluation\logistic_seed42,accepted,S,100,335,245,231,156,89,179,0.636734693877551,0.46567164179104475,0.5379310344827586,0.7313432835820896,264.53061224489795,60.0000000000005,827.8053108388839,0.044897959183673466
Full3C\evaluation\logistic_seed42,accepted,S,200,335,245,231,185,60,150,0.7551020408163265,0.5522388059701493,0.6379310344827587,0.7313432835820896,264.53061224489795,60.0000000000005,827.8053108388839,0.044897959183673466
Full3C\evaluation\logistic_seed42,strict,P,50,335,285,285,217,68,118,0.7614035087719299,0.6477611940298508,0.7,0.8507462686567164,61.19298245614021,19.999999999999574,308.4960689561595,0.0035087719298245615
Full3C\evaluation\logistic_seed42,strict,P,100,335,285,285,258,27,77,0.9052631578947369,0.7701492537313432,0.832258064516129,0.8507462686567164,61.19298245614021,19.999999999999574,308.4960689561595,0.0035087719298245615
Full3C\evaluation\logistic_seed42,strict,P,200,335,285,285,272,13,63,0.9543859649122807,0.8119402985074626,0.8774193548387097,0.8507462686567164,61.19298245614021,19.999999999999574,308.4960689561595,0.0035087719298245615
Full3C\evaluation\logistic_seed42,strict,S,50,335,231,231,112,119,223,0.48484848484848486,0.33432835820895523,0.3957597173144876,0.6895522388059702,239.78354978354977,60.0000000000005,792.7466090417454,0.03896103896103896
Full3C\evaluation\logistic_seed42,strict,S,100,335,231,231,149,82,186,0.645021645021645,0.44477611940298506,0.5265017667844523,0.6895522388059702,239.78354978354977,60.0000000000005,792.7466090417454,0.03896103896103896
Full3C\evaluation\logistic_seed42,strict,S,200,335,231,231,177,54,158,0.7662337662337663,0.5283582089552239,0.6254416961130742,0.6895522388059702,239.78354978354977,60.0000000000005,792.7466090417454,0.03896103896103896
Full3C\evaluation\logistic_seed42,unconstrained,P,50,335,305,285,227,78,108,0.7442622950819672,0.6776119402985075,0.709375,0.9104477611940298,74.6557377049179,19.999999999999574,342.36831858945493,0.006557377049180328
Full3C\evaluation\logistic_seed42,unconstrained,P,100,335,305,285,271,34,64,0.8885245901639345,0.808955223880597,0.846875,0.9104477611940298,74.6557377049179,19.999999999999574,342.36831858945493,0.006557377049180328
Full3C\evaluation\logistic_seed42,unconstrained,P,200,335,305,285,288,17,47,0.9442622950819672,0.8597014925373134,0.9,0.9104477611940298,74.6557377049179,19.999999999999574,342.36831858945493,0.006557377049180328
Full3C\evaluation\logistic_seed42,unconstrained,S,50,335,255,240,118,137,217,0.4627450980392157,0.3522388059701492,0.4,0.7611940298507462,275.5686274509804,60.0000000000005,855.7242088246817,0.047058823529411764
Full3C\evaluation\logistic_seed42,unconstrained,S,100,335,255,240,162,93,173,0.6352941176470588,0.4835820895522388,0.5491525423728814,0.7611940298507462,275.5686274509804,60.0000000000005,855.7242088246817,0.047058823529411764
Full3C\evaluation\logistic_seed42,unconstrained,S,200,335,255,240,192,63,143,0.7529411764705882,0.573134328358209,0.6508474576271186,0.7611940298507462,275.5686274509804,60.0000000000005,855.7242088246817,0.047058823529411764
Full3C\evaluation\nodilation_seed42,accepted,P,50,335,334,332,251,83,84,0.7514970059880239,0.7492537313432835,0.750373692077728,0.9970149253731343,70.95808383233522,19.999999999999574,296.5439652956934,0.0029940119760479044
Full3C\evaluation\nodilation_seed42,accepted,P,100,335,334,332,292,42,43,0.874251497005988,0.8716417910447761,0.8729446935724963,0.9970149253731343,70.95808383233522,19.999999999999574,296.5439652956934,0.0029940119760479044
Full3C\evaluation\nodilation_seed42,accepted,P,200,335,334,332,310,24,25,0.9281437125748503,0.9253731343283582,0.9267563527653214,0.9970149253731343,70.95808383233522,19.999999999999574,296.5439652956934,0.0029940119760479044
Full3C\evaluation\nodilation_seed42,accepted,S,50,335,329,296,136,193,199,0.4133738601823708,0.4059701492537313,0.40963855421686746,0.982089552238806,928.0851063829788,80.00000000000007,2793.463821419663,0.12158054711246201
Full3C\evaluation\nodilation_seed42,accepted,S,100,335,329,296,193,136,142,0.5866261398176292,0.5761194029850746,0.5813253012048193,0.982089552238806,928.0851063829788,80.00000000000007,2793.463821419663,0.12158054711246201
Full3C\evaluation\nodilation_seed42,accepted,S,200,335,329,296,222,107,113,0.6747720364741642,0.6626865671641791,0.6686746987951807,0.982089552238806,928.0851063829788,80.00000000000007,2793.463821419663,0.12158054711246201
Full3C\evaluation\nodilation_seed42,strict,P,50,335,332,332,250,82,85,0.7530120481927711,0.746268656716418,0.7496251874062968,0.991044776119403,70.99397590361434,19.999999999999574,297.38671023044515,0.0030120481927710845
Full3C\evaluation\nodilation_seed42,strict,P,100,335,332,332,290,42,45,0.8734939759036144,0.8656716417910447,0.8695652173913043,0.991044776119403,70.99397590361434,19.999999999999574,297.38671023044515,0.0030120481927710845
Full3C\evaluation\nodilation_seed42,strict,P,200,335,332,332,308,24,27,0.927710843373494,0.9194029850746268,0.9235382308845578,0.991044776119403,70.99397590361434,19.999999999999574,297.38671023044515,0.0030120481927710845
Full3C\evaluation\nodilation_seed42,strict,S,50,335,296,296,132,164,203,0.44594594594594594,0.3940298507462687,0.4183835182250396,0.8835820895522388,729.527027027027,60.000000000001386,2325.8131388305374,0.09797297297297297
Full3C\evaluation\nodilation_seed42,strict,S,100,335,296,296,184,112,151,0.6216216216216216,0.5492537313432836,0.5832012678288431,0.8835820895522388,729.527027027027,60.000000000001386,2325.8131388305374,0.09797297297297297
Full3C\evaluation\nodilation_seed42,strict,S,200,335,296,296,210,86,125,0.7094594594594594,0.6268656716417911,0.6656101426307448,0.8835820895522388,729.527027027027,60.000000000001386,2325.8131388305374,0.09797297297297297
Full3C\evaluation\nodilation_seed42,unconstrained,P,50,335,334,332,251,83,84,0.7514970059880239,0.7492537313432835,0.750373692077728,0.9970149253731343,70.95808383233522,19.999999999999574,296.5439652956934,0.0029940119760479044
Full3C\evaluation\nodilation_seed42,unconstrained,P,100,335,334,332,292,42,43,0.874251497005988,0.8716417910447761,0.8729446935724963,0.9970149253731343,70.95808383233522,19.999999999999574,296.5439652956934,0.0029940119760479044
Full3C\evaluation\nodilation_seed42,unconstrained,P,200,335,334,332,310,24,25,0.9281437125748503,0.9253731343283582,0.9267563527653214,0.9970149253731343,70.95808383233522,19.999999999999574,296.5439652956934,0.0029940119760479044
Full3C\evaluation\nodilation_seed42,unconstrained,S,50,335,330,298,137,193,198,0.41515151515151516,0.408955223880597,0.4120300751879699,0.9850746268656716,1096.7878787878788,80.00000000000007,4185.864886553894,0.12121212121212122
Full3C\evaluation\nodilation_seed42,unconstrained,S,100,335,330,298,194,136,141,0.5878787878787879,0.5791044776119403,0.5834586466165413,0.9850746268656716,1096.7878787878788,80.00000000000007,4185.864886553894,0.12121212121212122
Full3C\evaluation\nodilation_seed42,unconstrained,S,200,335,330,298,223,107,112,0.6757575757575758,0.6656716417910448,0.6706766917293233,0.9850746268656716,1096.7878787878788,80.00000000000007,4185.864886553894,0.12121212121212122
Full3C\evaluation\nodilation_seed43,accepted,P,50,335,333,332,242,91,93,0.7267267267267268,0.7223880597014926,0.7245508982035929,0.9940298507462687,71.77177177177164,20.000000000000018,296.3207822715207,0.003003003003003003
Full3C\evaluation\nodilation_seed43,accepted,P,100,335,333,332,288,45,47,0.8648648648648649,0.8597014925373134,0.8622754491017964,0.9940298507462687,71.77177177177164,20.000000000000018,296.3207822715207,0.003003003003003003
Full3C\evaluation\nodilation_seed43,accepted,P,200,335,333,332,311,22,24,0.933933933933934,0.9283582089552239,0.9311377245508982,0.9940298507462687,71.77177177177164,20.000000000000018,296.3207822715207,0.003003003003003003
Full3C\evaluation\nodilation_seed43,accepted,S,50,335,332,306,131,201,204,0.39457831325301207,0.39104477611940297,0.39280359820089955,0.991044776119403,968.9156626506024,80.00000000000007,2908.8373862694757,0.13253012048192772
Full3C\evaluation\nodilation_seed43,accepted,S,100,335,332,306,187,145,148,0.5632530120481928,0.5582089552238806,0.56071964017991,0.991044776119403,968.9156626506024,80.00000000000007,2908.8373862694757,0.13253012048192772
Full3C\evaluation\nodilation_seed43,accepted,S,200,335,332,306,230,102,105,0.6927710843373494,0.6865671641791045,0.6896551724137931,0.991044776119403,968.9156626506024,80.00000000000007,2908.8373862694757,0.13253012048192772
Full3C\evaluation\nodilation_seed43,strict,P,50,335,332,332,242,90,93,0.7289156626506024,0.7223880597014926,0.7256371814092953,0.991044776119403,71.74698795180711,20.000000000000018,296.73423263802425,0.0030120481927710845
Full3C\evaluation\nodilation_seed43,strict,P,100,335,332,332,287,45,48,0.8644578313253012,0.8567164179104477,0.8605697151424287,0.991044776119403,71.74698795180711,20.000000000000018,296.73423263802425,0.0030120481927710845
Full3C\evaluation\nodilation_seed43,strict,P,200,335,332,332,310,22,25,0.9337349397590361,0.9253731343283582,0.9295352323838081,0.991044776119403,71.74698795180711,20.000000000000018,296.73423263802425,0.0030120481927710845
Full3C\evaluation\nodilation_seed43,strict,S,50,335,306,306,128,178,207,0.41830065359477125,0.382089552238806,0.3993759750390016,0.9134328358208955,707.2222222222222,70.00000000000028,2206.0114689881348,0.1111111111111111
Full3C\evaluation\nodilation_seed43,strict,S,100,335,306,306,180,126,155,0.5882352941176471,0.5373134328358209,0.5616224648985959,0.9134328358208955,707.2222222222222,70.00000000000028,2206.0114689881348,0.1111111111111111
Full3C\evaluation\nodilation_seed43,strict,S,200,335,306,306,221,85,114,0.7222222222222222,0.6597014925373135,0.6895475819032761,0.9134328358208955,707.2222222222222,70.00000000000028,2206.0114689881348,0.1111111111111111
Full3C\evaluation\nodilation_seed43,unconstrained,P,50,335,333,332,242,91,93,0.7267267267267268,0.7223880597014926,0.7245508982035929,0.9940298507462687,71.77177177177164,20.000000000000018,296.3207822715207,0.003003003003003003
Full3C\evaluation\nodilation_seed43,unconstrained,P,100,335,333,332,288,45,47,0.8648648648648649,0.8597014925373134,0.8622754491017964,0.9940298507462687,71.77177177177164,20.000000000000018,296.3207822715207,0.003003003003003003
Full3C\evaluation\nodilation_seed43,unconstrained,P,200,335,333,332,311,22,24,0.933933933933934,0.9283582089552239,0.9311377245508982,0.9940298507462687,71.77177177177164,20.000000000000018,296.3207822715207,0.003003003003003003
Full3C\evaluation\nodilation_seed43,unconstrained,S,50,335,334,311,133,201,202,0.39820359281437123,0.3970149253731343,0.3976083707025411,0.9970149253731343,1059.6706586826347,80.00000000000007,3384.9014438283334,0.1317365269461078
Full3C\evaluation\nodilation_seed43,unconstrained,S,100,335,334,311,189,145,146,0.5658682634730539,0.564179104477612,0.5650224215246636,0.9970149253731343,1059.6706586826347,80.00000000000007,3384.9014438283334,0.1317365269461078
Full3C\evaluation\nodilation_seed43,unconstrained,S,200,335,334,311,232,102,103,0.6946107784431138,0.6925373134328359,0.6935724962630793,0.9970149253731343,1059.6706586826347,80.00000000000007,3384.9014438283334,0.1317365269461078
Full3C\evaluation\nodilation_seed44,accepted,P,50,335,335,334,253,82,82,0.755223880597015,0.755223880597015,0.755223880597015,1.0,169.37313432835808,20.000000000000018,1825.8864949764302,0.005970149253731343
Full3C\evaluation\nodilation_seed44,accepted,P,100,335,335,334,290,45,45,0.8656716417910447,0.8656716417910447,0.8656716417910447,1.0,169.37313432835808,20.000000000000018,1825.8864949764302,0.005970149253731343
Full3C\evaluation\nodilation_seed44,accepted,P,200,335,335,334,312,23,23,0.9313432835820895,0.9313432835820895,0.9313432835820895,1.0,169.37313432835808,20.000000000000018,1825.8864949764302,0.005970149253731343
Full3C\evaluation\nodilation_seed44,accepted,S,50,335,328,312,140,188,195,0.4268292682926829,0.417910447761194,0.42232277526395173,0.9791044776119403,852.6219512195122,70.00000000000028,2623.4270548645186,0.10975609756097561
Full3C\evaluation\nodilation_seed44,accepted,S,100,335,328,312,195,133,140,0.5945121951219512,0.582089552238806,0.5882352941176471,0.9791044776119403,852.6219512195122,70.00000000000028,2623.4270548645186,0.10975609756097561
Full3C\evaluation\nodilation_seed44,accepted,S,200,335,328,312,228,100,107,0.6951219512195121,0.6805970149253732,0.6877828054298643,0.9791044776119403,852.6219512195122,70.00000000000028,2623.4270548645186,0.10975609756097561
Full3C\evaluation\nodilation_seed44,strict,P,50,335,334,334,253,81,82,0.7574850299401198,0.755223880597015,0.7563527653213752,0.9970149253731343,71.13772455089807,20.000000000000018,295.4910659561135,0.0029940119760479044
Full3C\evaluation\nodilation_seed44,strict,P,100,335,334,334,290,44,45,0.8682634730538922,0.8656716417910447,0.866965620328849,0.9970149253731343,71.13772455089807,20.000000000000018,295.4910659561135,0.0029940119760479044
Full3C\evaluation\nodilation_seed44,strict,P,200,335,334,334,312,22,23,0.9341317365269461,0.9313432835820895,0.9327354260089686,0.9970149253731343,71.13772455089807,20.000000000000018,295.4910659561135,0.0029940119760479044
Full3C\evaluation\nodilation_seed44,strict,S,50,335,312,312,137,175,198,0.4391025641025641,0.408955223880597,0.4234930448222566,0.9313432835820895,694.775641025641,69.99999999999851,2256.527071204093,0.09615384615384616
Full3C\evaluation\nodilation_seed44,strict,S,100,335,312,312,191,121,144,0.6121794871794872,0.5701492537313433,0.5904173106646059,0.9313432835820895,694.775641025641,69.99999999999851,2256.527071204093,0.09615384615384616
Full3C\evaluation\nodilation_seed44,strict,S,200,335,312,312,222,90,113,0.7115384615384616,0.6626865671641791,0.6862442040185471,0.9313432835820895,694.775641025641,69.99999999999851,2256.527071204093,0.09615384615384616
Full3C\evaluation\nodilation_seed44,unconstrained,P,50,335,335,334,253,82,82,0.755223880597015,0.755223880597015,0.755223880597015,1.0,169.37313432835808,20.000000000000018,1825.8864949764302,0.005970149253731343
Full3C\evaluation\nodilation_seed44,unconstrained,P,100,335,335,334,290,45,45,0.8656716417910447,0.8656716417910447,0.8656716417910447,1.0,169.37313432835808,20.000000000000018,1825.8864949764302,0.005970149253731343
Full3C\evaluation\nodilation_seed44,unconstrained,P,200,335,335,334,312,23,23,0.9313432835820895,0.9313432835820895,0.9313432835820895,1.0,169.37313432835808,20.000000000000018,1825.8864949764302,0.005970149253731343
Full3C\evaluation\nodilation_seed44,unconstrained,S,50,335,329,313,141,188,194,0.42857142857142855,0.4208955223880597,0.4246987951807229,0.982089552238806,992.09726443769,70.00000000000028,3424.752736620687,0.11246200607902736
Full3C\evaluation\nodilation_seed44,unconstrained,S,100,335,329,313,195,134,140,0.5927051671732523,0.582089552238806,0.5873493975903614,0.982089552238806,992.09726443769,70.00000000000028,3424.752736620687,0.11246200607902736
Full3C\evaluation\nodilation_seed44,unconstrained,S,200,335,329,313,228,101,107,0.6930091185410334,0.6805970149253732,0.6867469879518072,0.982089552238806,992.09726443769,70.00000000000028,3424.752736620687,0.11246200607902736
Full3C\evaluation\probonly12_seed42,accepted,P,50,335,333,333,235,98,100,0.7057057057057057,0.7014925373134329,0.7035928143712575,0.9940298507462687,73.60360360360349,29.99999999999936,297.9635586481714,0.003003003003003003
Full3C\evaluation\probonly12_seed42,accepted,P,100,335,333,333,286,47,49,0.8588588588588588,0.8537313432835821,0.8562874251497006,0.9940298507462687,73.60360360360349,29.99999999999936,297.9635586481714,0.003003003003003003
Full3C\evaluation\probonly12_seed42,accepted,P,200,335,333,333,311,22,24,0.933933933933934,0.9283582089552239,0.9311377245508982,0.9940298507462687,73.60360360360349,29.99999999999936,297.9635586481714,0.003003003003003003
Full3C\evaluation\probonly12_seed42,accepted,S,50,335,324,296,132,192,203,0.4074074074074074,0.3940298507462687,0.4006069802731411,0.9671641791044776,767.9012345679013,80.00000000000007,2735.6671382604327,0.08950617283950617
Full3C\evaluation\probonly12_seed42,accepted,S,100,335,324,296,188,136,147,0.5802469135802469,0.5611940298507463,0.5705614567526556,0.9671641791044776,767.9012345679013,80.00000000000007,2735.6671382604327,0.08950617283950617
Full3C\evaluation\probonly12_seed42,accepted,S,200,335,324,296,232,92,103,0.7160493827160493,0.6925373134328359,0.7040971168437026,0.9671641791044776,767.9012345679013,80.00000000000007,2735.6671382604327,0.08950617283950617
Full3C\evaluation\probonly12_seed42,strict,P,50,335,333,333,235,98,100,0.7057057057057057,0.7014925373134329,0.7035928143712575,0.9940298507462687,73.60360360360349,29.99999999999936,297.9635586481714,0.003003003003003003
Full3C\evaluation\probonly12_seed42,strict,P,100,335,333,333,286,47,49,0.8588588588588588,0.8537313432835821,0.8562874251497006,0.9940298507462687,73.60360360360349,29.99999999999936,297.9635586481714,0.003003003003003003
Full3C\evaluation\probonly12_seed42,strict,P,200,335,333,333,311,22,24,0.933933933933934,0.9283582089552239,0.9311377245508982,0.9940298507462687,73.60360360360349,29.99999999999936,297.9635586481714,0.003003003003003003
Full3C\evaluation\probonly12_seed42,strict,S,50,335,296,296,129,167,206,0.4358108108108108,0.3850746268656716,0.40887480190174325,0.8835820895522388,473.5472972972973,64.9999999999995,1732.2186406221701,0.06756756756756757
Full3C\evaluation\probonly12_seed42,strict,S,100,335,296,296,184,112,151,0.6216216216216216,0.5492537313432836,0.5832012678288431,0.8835820895522388,473.5472972972973,64.9999999999995,1732.2186406221701,0.06756756756756757
Full3C\evaluation\probonly12_seed42,strict,S,200,335,296,296,222,74,113,0.75,0.6626865671641791,0.7036450079239303,0.8835820895522388,473.5472972972973,64.9999999999995,1732.2186406221701,0.06756756756756757
Full3C\evaluation\probonly12_seed42,unconstrained,P,50,335,333,333,235,98,100,0.7057057057057057,0.7014925373134329,0.7035928143712575,0.9940298507462687,73.60360360360349,29.99999999999936,297.9635586481714,0.003003003003003003
Full3C\evaluation\probonly12_seed42,unconstrained,P,100,335,333,333,286,47,49,0.8588588588588588,0.8537313432835821,0.8562874251497006,0.9940298507462687,73.60360360360349,29.99999999999936,297.9635586481714,0.003003003003003003
Full3C\evaluation\probonly12_seed42,unconstrained,P,200,335,333,333,311,22,24,0.933933933933934,0.9283582089552239,0.9311377245508982,0.9940298507462687,73.60360360360349,29.99999999999936,297.9635586481714,0.003003003003003003
Full3C\evaluation\probonly12_seed42,unconstrained,S,50,335,326,298,133,193,202,0.40797546012269936,0.3970149253731343,0.40242057488653554,0.9731343283582089,764.4785276073619,80.00000000000007,2727.348652968048,0.08895705521472393
Full3C\evaluation\probonly12_seed42,unconstrained,S,100,335,326,298,189,137,146,0.5797546012269938,0.564179104477612,0.5718608169440242,0.9731343283582089,764.4785276073619,80.00000000000007,2727.348652968048,0.08895705521472393
Full3C\evaluation\probonly12_seed42,unconstrained,S,200,335,326,298,233,93,102,0.7147239263803681,0.6955223880597015,0.7049924357034796,0.9731343283582089,764.4785276073619,80.00000000000007,2727.348652968048,0.08895705521472393
Full3C\evaluation\probonly12_seed43,accepted,P,50,335,333,333,243,90,92,0.7297297297297297,0.7253731343283583,0.7275449101796407,0.9940298507462687,79.39939939939929,19.999999999999574,332.6840523359644,0.006006006006006006
Full3C\evaluation\probonly12_seed43,accepted,P,100,335,333,333,288,45,47,0.8648648648648649,0.8597014925373134,0.8622754491017964,0.9940298507462687,79.39939939939929,19.999999999999574,332.6840523359644,0.006006006006006006
Full3C\evaluation\probonly12_seed43,accepted,P,200,335,333,333,310,23,25,0.9309309309309309,0.9253731343283582,0.9281437125748503,0.9940298507462687,79.39939939939929,19.999999999999574,332.6840523359644,0.006006006006006006
Full3C\evaluation\probonly12_seed43,accepted,S,50,335,321,294,135,186,200,0.4205607476635514,0.40298507462686567,0.4115853658536585,0.9582089552238806,783.3021806853583,70.00000000000028,2745.309225102524,0.09034267912772585
Full3C\evaluation\probonly12_seed43,accepted,S,100,335,321,294,186,135,149,0.5794392523364486,0.5552238805970149,0.5670731707317073,0.9582089552238806,783.3021806853583,70.00000000000028,2745.309225102524,0.09034267912772585
Full3C\evaluation\probonly12_seed43,accepted,S,200,335,321,294,223,98,112,0.6947040498442367,0.6656716417910448,0.6798780487804879,0.9582089552238806,783.3021806853583,70.00000000000028,2745.309225102524,0.09034267912772585
Full3C\evaluation\probonly12_seed43,strict,P,50,335,333,333,243,90,92,0.7297297297297297,0.7253731343283583,0.7275449101796407,0.9940298507462687,79.39939939939929,19.999999999999574,332.6840523359644,0.006006006006006006
Full3C\evaluation\probonly12_seed43,strict,P,100,335,333,333,288,45,47,0.8648648648648649,0.8597014925373134,0.8622754491017964,0.9940298507462687,79.39939939939929,19.999999999999574,332.6840523359644,0.006006006006006006
Full3C\evaluation\probonly12_seed43,strict,P,200,335,333,333,310,23,25,0.9309309309309309,0.9253731343283582,0.9281437125748503,0.9940298507462687,79.39939939939929,19.999999999999574,332.6840523359644,0.006006006006006006
Full3C\evaluation\probonly12_seed43,strict,S,50,335,294,294,134,160,201,0.4557823129251701,0.4,0.4260731319554849,0.8776119402985074,579.3537414965987,60.0000000000005,2342.4495144807615,0.06462585034013606
Full3C\evaluation\probonly12_seed43,strict,S,100,335,294,294,184,110,151,0.6258503401360545,0.5492537313432836,0.5850556438791733,0.8776119402985074,579.3537414965987,60.0000000000005,2342.4495144807615,0.06462585034013606
Full3C\evaluation\probonly12_seed43,strict,S,200,335,294,294,217,77,118,0.7380952380952381,0.6477611940298508,0.6899841017488076,0.8776119402985074,579.3537414965987,60.0000000000005,2342.4495144807615,0.06462585034013606
Full3C\evaluation\probonly12_seed43,unconstrained,P,50,335,333,333,243,90,92,0.7297297297297297,0.7253731343283583,0.7275449101796407,0.9940298507462687,79.39939939939929,19.999999999999574,332.6840523359644,0.006006006006006006
Full3C\evaluation\probonly12_seed43,unconstrained,P,100,335,333,333,288,45,47,0.8648648648648649,0.8597014925373134,0.8622754491017964,0.9940298507462687,79.39939939939929,19.999999999999574,332.6840523359644,0.006006006006006006
Full3C\evaluation\probonly12_seed43,unconstrained,P,200,335,333,333,310,23,25,0.9309309309309309,0.9253731343283582,0.9281437125748503,0.9940298507462687,79.39939939939929,19.999999999999574,332.6840523359644,0.006006006006006006
Full3C\evaluation\probonly12_seed43,unconstrained,S,50,335,325,298,135,190,200,0.4153846153846154,0.40298507462686567,0.4090909090909091,0.9701492537313433,961.7538461538461,80.00000000000007,3515.8850510657617,0.09846153846153846
Full3C\evaluation\probonly12_seed43,unconstrained,S,100,335,325,298,186,139,149,0.5723076923076923,0.5552238805970149,0.5636363636363636,0.9701492537313433,961.7538461538461,80.00000000000007,3515.8850510657617,0.09846153846153846
Full3C\evaluation\probonly12_seed43,unconstrained,S,200,335,325,298,223,102,112,0.6861538461538461,0.6656716417910448,0.6757575757575758,0.9701492537313433,961.7538461538461,80.00000000000007,3515.8850510657617,0.09846153846153846
Full3C\evaluation\probonly12_seed44,accepted,P,50,335,333,333,243,90,92,0.7297297297297297,0.7253731343283583,0.7275449101796407,0.9940298507462687,69.72972972972963,19.999999999999574,296.4261602296067,0.003003003003003003
Full3C\evaluation\probonly12_seed44,accepted,P,100,335,333,333,293,40,42,0.8798798798798799,0.8746268656716418,0.8772455089820359,0.9940298507462687,69.72972972972963,19.999999999999574,296.4261602296067,0.003003003003003003
Full3C\evaluation\probonly12_seed44,accepted,P,200,335,333,333,311,22,24,0.933933933933934,0.9283582089552239,0.9311377245508982,0.9940298507462687,69.72972972972963,19.999999999999574,296.4261602296067,0.003003003003003003
Full3C\evaluation\probonly12_seed44,accepted,S,50,335,327,297,138,189,197,0.42201834862385323,0.41194029850746267,0.4169184290030212,0.9761194029850746,850.2752293577981,80.00000000000007,3008.7161861307245,0.09785932721712538
Full3C\evaluation\probonly12_seed44,accepted,S,100,335,327,297,187,140,148,0.5718654434250765,0.5582089552238806,0.5649546827794562,0.9761194029850746,850.2752293577981,80.00000000000007,3008.7161861307245,0.09785932721712538
Full3C\evaluation\probonly12_seed44,accepted,S,200,335,327,297,230,97,105,0.7033639143730887,0.6865671641791045,0.6948640483383686,0.9761194029850746,850.2752293577981,80.00000000000007,3008.7161861307245,0.09785932721712538
Full3C\evaluation\probonly12_seed44,strict,P,50,335,333,333,243,90,92,0.7297297297297297,0.7253731343283583,0.7275449101796407,0.9940298507462687,69.72972972972963,19.999999999999574,296.4261602296067,0.003003003003003003
Full3C\evaluation\probonly12_seed44,strict,P,100,335,333,333,293,40,42,0.8798798798798799,0.8746268656716418,0.8772455089820359,0.9940298507462687,69.72972972972963,19.999999999999574,296.4261602296067,0.003003003003003003
Full3C\evaluation\probonly12_seed44,strict,P,200,335,333,333,311,22,24,0.933933933933934,0.9283582089552239,0.9311377245508982,0.9940298507462687,69.72972972972963,19.999999999999574,296.4261602296067,0.003003003003003003
Full3C\evaluation\probonly12_seed44,strict,S,50,335,297,297,134,163,201,0.4511784511784512,0.4,0.4240506329113924,0.8865671641791045,566.8013468013468,70.00000000000028,2309.2081812262886,0.06397306397306397
Full3C\evaluation\probonly12_seed44,strict,S,100,335,297,297,181,116,154,0.6094276094276094,0.5402985074626866,0.5727848101265823,0.8865671641791045,566.8013468013468,70.00000000000028,2309.2081812262886,0.06397306397306397
Full3C\evaluation\probonly12_seed44,strict,S,200,335,297,297,221,76,114,0.7441077441077442,0.6597014925373135,0.6993670886075949,0.8865671641791045,566.8013468013468,70.00000000000028,2309.2081812262886,0.06397306397306397
Full3C\evaluation\probonly12_seed44,unconstrained,P,50,335,333,333,243,90,92,0.7297297297297297,0.7253731343283583,0.7275449101796407,0.9940298507462687,69.72972972972963,19.999999999999574,296.4261602296067,0.003003003003003003
Full3C\evaluation\probonly12_seed44,unconstrained,P,100,335,333,333,293,40,42,0.8798798798798799,0.8746268656716418,0.8772455089820359,0.9940298507462687,69.72972972972963,19.999999999999574,296.4261602296067,0.003003003003003003
Full3C\evaluation\probonly12_seed44,unconstrained,P,200,335,333,333,311,22,24,0.933933933933934,0.9283582089552239,0.9311377245508982,0.9940298507462687,69.72972972972963,19.999999999999574,296.4261602296067,0.003003003003003003
Full3C\evaluation\probonly12_seed44,unconstrained,S,50,335,330,299,139,191,196,0.4212121212121212,0.41492537313432837,0.4180451127819549,0.9850746268656716,920.7575757575758,80.00000000000007,3421.8467014880794,0.1
Full3C\evaluation\probonly12_seed44,unconstrained,S,100,335,330,299,188,142,147,0.5696969696969697,0.5611940298507463,0.5654135338345865,0.9850746268656716,920.7575757575758,80.00000000000007,3421.8467014880794,0.1
Full3C\evaluation\probonly12_seed44,unconstrained,S,200,335,330,299,231,99,104,0.7,0.6895522388059702,0.6947368421052632,0.9850746268656716,920.7575757575758,80.00000000000007,3421.8467014880794,0.1
Full3C\evaluation\waveonly3_seed42,accepted,P,50,335,330,326,233,97,102,0.706060606060606,0.6955223880597015,0.7007518796992481,0.9850746268656716,76.72727272727262,19.999999999999574,232.1532931387179,0.006060606060606061
Full3C\evaluation\waveonly3_seed42,accepted,P,100,335,330,326,278,52,57,0.8424242424242424,0.8298507462686567,0.8360902255639098,0.9850746268656716,76.72727272727262,19.999999999999574,232.1532931387179,0.006060606060606061
Full3C\evaluation\waveonly3_seed42,accepted,P,200,335,330,326,303,27,32,0.9181818181818182,0.9044776119402985,0.9112781954887218,0.9850746268656716,76.72727272727262,19.999999999999574,232.1532931387179,0.006060606060606061
Full3C\evaluation\waveonly3_seed42,accepted,S,50,335,330,324,120,210,215,0.36363636363636365,0.3582089552238806,0.3609022556390977,0.9850746268656716,974.8787878787879,89.99999999999986,2466.8131201404312,0.1787878787878788
Full3C\evaluation\waveonly3_seed42,accepted,S,100,335,330,324,176,154,159,0.5333333333333333,0.5253731343283582,0.5293233082706766,0.9850746268656716,974.8787878787879,89.99999999999986,2466.8131201404312,0.1787878787878788
Full3C\evaluation\waveonly3_seed42,accepted,S,200,335,330,324,211,119,124,0.6393939393939394,0.6298507462686567,0.6345864661654136,0.9850746268656716,974.8787878787879,89.99999999999986,2466.8131201404312,0.1787878787878788
Full3C\evaluation\waveonly3_seed42,strict,P,50,335,326,326,232,94,103,0.7116564417177914,0.6925373134328359,0.7019667170953101,0.9731343283582089,72.42331288343547,19.999999999999574,226.0334141105658,0.006134969325153374
Full3C\evaluation\waveonly3_seed42,strict,P,100,335,326,326,277,49,58,0.8496932515337423,0.826865671641791,0.8381240544629349,0.9731343283582089,72.42331288343547,19.999999999999574,226.0334141105658,0.006134969325153374
Full3C\evaluation\waveonly3_seed42,strict,P,200,335,326,326,302,24,33,0.9263803680981595,0.9014925373134328,0.913767019667171,0.9731343283582089,72.42331288343547,19.999999999999574,226.0334141105658,0.006134969325153374
Full3C\evaluation\waveonly3_seed42,strict,S,50,335,324,324,119,205,216,0.36728395061728397,0.35522388059701493,0.3611532625189681,0.9671641791044776,933.8888888888889,85.00000000000085,2390.9939046036593,0.17592592592592593
Full3C\evaluation\waveonly3_seed42,strict,S,100,335,324,324,175,149,160,0.5401234567901234,0.5223880597014925,0.5311077389984825,0.9671641791044776,933.8888888888889,85.00000000000085,2390.9939046036593,0.17592592592592593
Full3C\evaluation\waveonly3_seed42,strict,S,200,335,324,324,210,114,125,0.6481481481481481,0.6268656716417911,0.637329286798179,0.9671641791044776,933.8888888888889,85.00000000000085,2390.9939046036593,0.17592592592592593
Full3C\evaluation\waveonly3_seed42,unconstrained,P,50,335,330,326,233,97,102,0.706060606060606,0.6955223880597015,0.7007518796992481,0.9850746268656716,76.72727272727262,19.999999999999574,232.1532931387179,0.006060606060606061
Full3C\evaluation\waveonly3_seed42,unconstrained,P,100,335,330,326,278,52,57,0.8424242424242424,0.8298507462686567,0.8360902255639098,0.9850746268656716,76.72727272727262,19.999999999999574,232.1532931387179,0.006060606060606061
Full3C\evaluation\waveonly3_seed42,unconstrained,P,200,335,330,326,303,27,32,0.9181818181818182,0.9044776119402985,0.9112781954887218,0.9850746268656716,76.72727272727262,19.999999999999574,232.1532931387179,0.006060606060606061
Full3C\evaluation\waveonly3_seed42,unconstrained,S,50,335,335,329,121,214,214,0.3611940298507463,0.3611940298507463,0.3611940298507463,1.0,984.8955223880597,89.99999999999986,2468.212598792053,0.18208955223880596
Full3C\evaluation\waveonly3_seed42,unconstrained,S,100,335,335,329,179,156,156,0.5343283582089552,0.5343283582089552,0.5343283582089552,1.0,984.8955223880597,89.99999999999986,2468.212598792053,0.18208955223880596
Full3C\evaluation\waveonly3_seed42,unconstrained,S,200,335,335,329,214,121,121,0.6388059701492538,0.6388059701492538,0.6388059701492538,1.0,984.8955223880597,89.99999999999986,2468.212598792053,0.18208955223880596
Full3C\evaluation\waveonly3_seed43,accepted,P,50,335,331,322,228,103,107,0.6888217522658611,0.6805970149253732,0.6846846846846847,0.9880597014925373,97.7643504531721,19.999999999999574,497.2613821474845,0.006042296072507553
Full3C\evaluation\waveonly3_seed43,accepted,P,100,335,331,322,273,58,62,0.824773413897281,0.8149253731343283,0.8198198198198198,0.9880597014925373,97.7643504531721,19.999999999999574,497.2613821474845,0.006042296072507553
Full3C\evaluation\waveonly3_seed43,accepted,P,200,335,331,322,303,28,32,0.9154078549848943,0.9044776119402985,0.9099099099099099,0.9880597014925373,97.7643504531721,19.999999999999574,497.2613821474845,0.006042296072507553
Full3C\evaluation\waveonly3_seed43,accepted,S,50,335,331,329,123,208,212,0.3716012084592145,0.36716417910447763,0.36936936936936937,0.9880597014925373,963.7462235649547,80.00000000000007,2507.2391865094523,0.1661631419939577
Full3C\evaluation\waveonly3_seed43,accepted,S,100,335,331,329,188,143,147,0.56797583081571,0.5611940298507463,0.5645645645645646,0.9880597014925373,963.7462235649547,80.00000000000007,2507.2391865094523,0.1661631419939577
Full3C\evaluation\waveonly3_seed43,accepted,S,200,335,331,329,221,110,114,0.6676737160120846,0.6597014925373135,0.6636636636636637,0.9880597014925373,963.7462235649547,80.00000000000007,2507.2391865094523,0.1661631419939577
Full3C\evaluation\waveonly3_seed43,strict,P,50,335,322,322,225,97,110,0.6987577639751553,0.6716417910447762,0.684931506849315,0.9611940298507463,71.18012422360238,19.999999999999574,207.71008223210916,0.003105590062111801
Full3C\evaluation\waveonly3_seed43,strict,P,100,335,322,322,267,55,68,0.8291925465838509,0.7970149253731343,0.8127853881278538,0.9611940298507463,71.18012422360238,19.999999999999574,207.71008223210916,0.003105590062111801
Full3C\evaluation\waveonly3_seed43,strict,P,200,335,322,322,296,26,39,0.9192546583850931,0.8835820895522388,0.9010654490106544,0.9611940298507463,71.18012422360238,19.999999999999574,207.71008223210916,0.003105590062111801
Full3C\evaluation\waveonly3_seed43,strict,S,50,335,329,329,123,206,212,0.3738601823708207,0.36716417910447763,0.3704819277108434,0.982089552238806,924.3465045592706,80.00000000000007,2446.134659424226,0.16109422492401215
Full3C\evaluation\waveonly3_seed43,strict,S,100,335,329,329,188,141,147,0.5714285714285714,0.5611940298507463,0.5662650602409639,0.982089552238806,924.3465045592706,80.00000000000007,2446.134659424226,0.16109422492401215
Full3C\evaluation\waveonly3_seed43,strict,S,200,335,329,329,221,108,114,0.6717325227963525,0.6597014925373135,0.6656626506024096,0.982089552238806,924.3465045592706,80.00000000000007,2446.134659424226,0.16109422492401215
Full3C\evaluation\waveonly3_seed43,unconstrained,P,50,335,331,322,228,103,107,0.6888217522658611,0.6805970149253732,0.6846846846846847,0.9880597014925373,97.7643504531721,19.999999999999574,497.2613821474845,0.006042296072507553
Full3C\evaluation\waveonly3_seed43,unconstrained,P,100,335,331,322,273,58,62,0.824773413897281,0.8149253731343283,0.8198198198198198,0.9880597014925373,97.7643504531721,19.999999999999574,497.2613821474845,0.006042296072507553
Full3C\evaluation\waveonly3_seed43,unconstrained,P,200,335,331,322,303,28,32,0.9154078549848943,0.9044776119402985,0.9099099099099099,0.9880597014925373,97.7643504531721,19.999999999999574,497.2613821474845,0.006042296072507553
Full3C\evaluation\waveonly3_seed43,unconstrained,S,50,335,335,333,124,211,211,0.3701492537313433,0.3701492537313433,0.3701492537313433,1.0,982.5373134328358,80.00000000000007,2513.238084949731,0.17313432835820897
Full3C\evaluation\waveonly3_seed43,unconstrained,S,100,335,335,333,189,146,146,0.564179104477612,0.564179104477612,0.564179104477612,1.0,982.5373134328358,80.00000000000007,2513.238084949731,0.17313432835820897
Full3C\evaluation\waveonly3_seed43,unconstrained,S,200,335,335,333,222,113,113,0.6626865671641791,0.6626865671641791,0.6626865671641791,1.0,982.5373134328358,80.00000000000007,2513.238084949731,0.17313432835820897
Full3C\evaluation\waveonly3_seed44,accepted,P,50,335,328,323,227,101,108,0.6920731707317073,0.6776119402985075,0.6847662141779789,0.9791044776119403,208.9329268292682,19.999999999999574,2471.2641797957303,0.009146341463414634
Full3C\evaluation\waveonly3_seed44,accepted,P,100,335,328,323,278,50,57,0.8475609756097561,0.8298507462686567,0.8386123680241327,0.9791044776119403,208.9329268292682,19.999999999999574,2471.2641797957303,0.009146341463414634
Full3C\evaluation\waveonly3_seed44,accepted,P,200,335,328,323,301,27,34,0.9176829268292683,0.8985074626865671,0.9079939668174962,0.9791044776119403,208.9329268292682,19.999999999999574,2471.2641797957303,0.009146341463414634
Full3C\evaluation\waveonly3_seed44,accepted,S,50,335,327,322,113,214,222,0.345565749235474,0.3373134328358209,0.3413897280966767,0.9761194029850746,970.6422018348624,89.99999999999986,2617.7123098238008,0.1651376146788991
Full3C\evaluation\waveonly3_seed44,accepted,S,100,335,327,322,179,148,156,0.5474006116207951,0.5343283582089552,0.540785498489426,0.9761194029850746,970.6422018348624,89.99999999999986,2617.7123098238008,0.1651376146788991
Full3C\evaluation\waveonly3_seed44,accepted,S,200,335,327,322,212,115,123,0.6483180428134556,0.6328358208955224,0.6404833836858006,0.9761194029850746,970.6422018348624,89.99999999999986,2617.7123098238008,0.1651376146788991
Full3C\evaluation\waveonly3_seed44,strict,P,50,335,323,323,225,98,110,0.6965944272445821,0.6716417910447762,0.6838905775075987,0.9641791044776119,205.6656346749225,19.999999999999574,2488.3221372691137,0.006191950464396285
Full3C\evaluation\waveonly3_seed44,strict,P,100,335,323,323,275,48,60,0.8513931888544891,0.8208955223880597,0.8358662613981763,0.9641791044776119,205.6656346749225,19.999999999999574,2488.3221372691137,0.006191950464396285
Full3C\evaluation\waveonly3_seed44,strict,P,200,335,323,323,297,26,38,0.9195046439628483,0.8865671641791045,0.9027355623100304,0.9641791044776119,205.6656346749225,19.999999999999574,2488.3221372691137,0.006191950464396285
Full3C\evaluation\waveonly3_seed44,strict,S,50,335,322,322,112,210,223,0.34782608695652173,0.33432835820895523,0.3409436834094368,0.9611940298507463,968.2298136645962,89.99999999999986,2626.7726342509527,0.16459627329192547
Full3C\evaluation\waveonly3_seed44,strict,S,100,335,322,322,177,145,158,0.5496894409937888,0.5283582089552239,0.5388127853881278,0.9611940298507463,968.2298136645962,89.99999999999986,2626.7726342509527,0.16459627329192547
Full3C\evaluation\waveonly3_seed44,strict,S,200,335,322,322,210,112,125,0.6521739130434783,0.6268656716417911,0.639269406392694,0.9611940298507463,968.2298136645962,89.99999999999986,2626.7726342509527,0.16459627329192547
Full3C\evaluation\waveonly3_seed44,unconstrained,P,50,335,328,323,227,101,108,0.6920731707317073,0.6776119402985075,0.6847662141779789,0.9791044776119403,208.9329268292682,19.999999999999574,2471.2641797957303,0.009146341463414634
Full3C\evaluation\waveonly3_seed44,unconstrained,P,100,335,328,323,278,50,57,0.8475609756097561,0.8298507462686567,0.8386123680241327,0.9791044776119403,208.9329268292682,19.999999999999574,2471.2641797957303,0.009146341463414634
Full3C\evaluation\waveonly3_seed44,unconstrained,P,200,335,328,323,301,27,34,0.9176829268292683,0.8985074626865671,0.9079939668174962,0.9791044776119403,208.9329268292682,19.999999999999574,2471.2641797957303,0.009146341463414634
Full3C\evaluation\waveonly3_seed44,unconstrained,S,50,335,335,330,116,219,219,0.34626865671641793,0.34626865671641793,0.34626865671641793,1.0,1014.5074626865671,89.99999999999986,2711.58102253852,0.1701492537313433
Full3C\evaluation\waveonly3_seed44,unconstrained,S,100,335,335,330,183,152,152,0.5462686567164179,0.5462686567164179,0.5462686567164179,1.0,1014.5074626865671,89.99999999999986,2711.58102253852,0.1701492537313433
Full3C\evaluation\waveonly3_seed44,unconstrained,S,200,335,335,330,216,119,119,0.6447761194029851,0.6447761194029851,0.6447761194029851,1.0,1014.5074626865671,89.99999999999986,2711.58102253852,0.1701492537313433
Zonly\baselines\AIC,accepted,P,50,335,335,335,120,215,215,0.3582089552238806,0.3582089552238806,0.3582089552238806,1.0,902.9253731343283,279.9999999999994,1833.2942374845425,0.21194029850746268
Zonly\baselines\AIC,accepted,P,100,335,335,335,139,196,196,0.41492537313432837,0.41492537313432837,0.41492537313432837,1.0,902.9253731343283,279.9999999999994,1833.2942374845425,0.21194029850746268
Zonly\baselines\AIC,accepted,P,200,335,335,335,156,179,179,0.46567164179104475,0.46567164179104475,0.46567164179104475,1.0,902.9253731343283,279.9999999999994,1833.2942374845425,0.21194029850746268
Zonly\baselines\AIC,accepted,S,50,335,335,335,0,335,335,0.0,0.0,0.0,1.0,5559.134328358209,4900.0,6434.827834039645,0.9850746268656716
Zonly\baselines\AIC,accepted,S,100,335,335,335,0,335,335,0.0,0.0,0.0,1.0,5559.134328358209,4900.0,6434.827834039645,0.9850746268656716
Zonly\baselines\AIC,accepted,S,200,335,335,335,0,335,335,0.0,0.0,0.0,1.0,5559.134328358209,4900.0,6434.827834039645,0.9850746268656716
Zonly\baselines\AIC,strict,P,50,335,335,335,120,215,215,0.3582089552238806,0.3582089552238806,0.3582089552238806,1.0,902.9253731343283,279.9999999999994,1833.2942374845425,0.21194029850746268
Zonly\baselines\AIC,strict,P,100,335,335,335,139,196,196,0.41492537313432837,0.41492537313432837,0.41492537313432837,1.0,902.9253731343283,279.9999999999994,1833.2942374845425,0.21194029850746268
Zonly\baselines\AIC,strict,P,200,335,335,335,156,179,179,0.46567164179104475,0.46567164179104475,0.46567164179104475,1.0,902.9253731343283,279.9999999999994,1833.2942374845425,0.21194029850746268
Zonly\baselines\AIC,strict,S,50,335,335,335,0,335,335,0.0,0.0,0.0,1.0,5559.134328358209,4900.0,6434.827834039645,0.9850746268656716
Zonly\baselines\AIC,strict,S,100,335,335,335,0,335,335,0.0,0.0,0.0,1.0,5559.134328358209,4900.0,6434.827834039645,0.9850746268656716
Zonly\baselines\AIC,strict,S,200,335,335,335,0,335,335,0.0,0.0,0.0,1.0,5559.134328358209,4900.0,6434.827834039645,0.9850746268656716
Zonly\baselines\AIC,unconstrained,P,50,335,335,335,120,215,215,0.3582089552238806,0.3582089552238806,0.3582089552238806,1.0,902.9253731343283,279.9999999999994,1833.2942374845425,0.21194029850746268
Zonly\baselines\AIC,unconstrained,P,100,335,335,335,139,196,196,0.41492537313432837,0.41492537313432837,0.41492537313432837,1.0,902.9253731343283,279.9999999999994,1833.2942374845425,0.21194029850746268
Zonly\baselines\AIC,unconstrained,P,200,335,335,335,156,179,179,0.46567164179104475,0.46567164179104475,0.46567164179104475,1.0,902.9253731343283,279.9999999999994,1833.2942374845425,0.21194029850746268
Zonly\baselines\AIC,unconstrained,S,50,335,335,335,0,335,335,0.0,0.0,0.0,1.0,5640.626865671642,5000.0,6513.5450374756665,0.9880597014925373
Zonly\baselines\AIC,unconstrained,S,100,335,335,335,0,335,335,0.0,0.0,0.0,1.0,5640.626865671642,5000.0,6513.5450374756665,0.9880597014925373
Zonly\baselines\AIC,unconstrained,S,200,335,335,335,0,335,335,0.0,0.0,0.0,1.0,5640.626865671642,5000.0,6513.5450374756665,0.9880597014925373
Zonly\baselines\CNN,accepted,P,50,335,326,306,229,97,106,0.7024539877300614,0.6835820895522388,0.6928895612708018,0.9731343283582089,139.0490797546011,20.000000000000018,755.4247576146666,0.012269938650306749
Zonly\baselines\CNN,accepted,P,100,335,326,306,271,55,64,0.8312883435582822,0.808955223880597,0.8199697428139183,0.9731343283582089,139.0490797546011,20.000000000000018,755.4247576146666,0.012269938650306749
Zonly\baselines\CNN,accepted,P,200,335,326,306,296,30,39,0.9079754601226994,0.8835820895522388,0.8956127080181543,0.9731343283582089,139.0490797546011,20.000000000000018,755.4247576146666,0.012269938650306749
Zonly\baselines\CNN,accepted,S,50,335,167,46,34,133,301,0.20359281437125748,0.10149253731343283,0.13545816733067728,0.49850746268656715,1144.8502994011976,199.9999999999993,3045.048891970541,0.15568862275449102
Zonly\baselines\CNN,accepted,S,100,335,167,46,57,110,278,0.3413173652694611,0.1701492537313433,0.22709163346613545,0.49850746268656715,1144.8502994011976,199.9999999999993,3045.048891970541,0.15568862275449102
Zonly\baselines\CNN,accepted,S,200,335,167,46,85,82,250,0.5089820359281437,0.2537313432835821,0.3386454183266932,0.49850746268656715,1144.8502994011976,199.9999999999993,3045.048891970541,0.15568862275449102
Zonly\baselines\CNN,strict,P,50,335,306,306,227,79,108,0.7418300653594772,0.6776119402985075,0.7082683307332294,0.9134328358208955,99.73856209150316,19.999999999999574,535.3656132674951,0.00980392156862745
Zonly\baselines\CNN,strict,P,100,335,306,306,265,41,70,0.8660130718954249,0.7910447761194029,0.8268330733229329,0.9134328358208955,99.73856209150316,19.999999999999574,535.3656132674951,0.00980392156862745
Zonly\baselines\CNN,strict,P,200,335,306,306,287,19,48,0.9379084967320261,0.8567164179104477,0.8954758190327613,0.9134328358208955,99.73856209150316,19.999999999999574,535.3656132674951,0.00980392156862745
Zonly\baselines\CNN,strict,S,50,335,46,46,15,31,320,0.32608695652173914,0.04477611940298507,0.07874015748031496,0.1373134328358209,792.6086956521739,99.99999999999964,2878.9188792050877,0.06521739130434782
Zonly\baselines\CNN,strict,S,100,335,46,46,24,22,311,0.5217391304347826,0.07164179104477612,0.12598425196850394,0.1373134328358209,792.6086956521739,99.99999999999964,2878.9188792050877,0.06521739130434782
Zonly\baselines\CNN,strict,S,200,335,46,46,31,15,304,0.6739130434782609,0.09253731343283582,0.16272965879265092,0.1373134328358209,792.6086956521739,99.99999999999964,2878.9188792050877,0.06521739130434782
Zonly\baselines\CNN,unconstrained,P,50,335,326,306,229,97,106,0.7024539877300614,0.6835820895522388,0.6928895612708018,0.9731343283582089,139.0490797546011,20.000000000000018,755.4247576146666,0.012269938650306749
Zonly\baselines\CNN,unconstrained,P,100,335,326,306,271,55,64,0.8312883435582822,0.808955223880597,0.8199697428139183,0.9731343283582089,139.0490797546011,20.000000000000018,755.4247576146666,0.012269938650306749
Zonly\baselines\CNN,unconstrained,P,200,335,326,306,296,30,39,0.9079754601226994,0.8835820895522388,0.8956127080181543,0.9731343283582089,139.0490797546011,20.000000000000018,755.4247576146666,0.012269938650306749
Zonly\baselines\CNN,unconstrained,S,50,335,171,46,35,136,300,0.2046783625730994,0.1044776119402985,0.1383399209486166,0.5104477611940299,1279.9415204678362,199.9999999999993,3393.687552600911,0.16374269005847952
Zonly\baselines\CNN,unconstrained,S,100,335,171,46,58,113,277,0.3391812865497076,0.17313432835820897,0.22924901185770752,0.5104477611940299,1279.9415204678362,199.9999999999993,3393.687552600911,0.16374269005847952
Zonly\baselines\CNN,unconstrained,S,200,335,171,46,86,85,249,0.5029239766081871,0.25671641791044775,0.33992094861660077,0.5104477611940299,1279.9415204678362,199.9999999999993,3393.687552600911,0.16374269005847952
Zonly\baselines\mean_ensemble,accepted,P,50,335,335,331,231,104,104,0.6895522388059702,0.6895522388059702,0.6895522388059702,1.0,224.47761194029843,20.000000000000018,1977.4660402389993,0.011940298507462687
Zonly\baselines\mean_ensemble,accepted,P,100,335,335,331,278,57,57,0.8298507462686567,0.8298507462686567,0.8298507462686567,1.0,224.47761194029843,20.000000000000018,1977.4660402389993,0.011940298507462687
Zonly\baselines\mean_ensemble,accepted,P,200,335,335,331,304,31,31,0.9074626865671642,0.9074626865671642,0.9074626865671642,1.0,224.47761194029843,20.000000000000018,1977.4660402389993,0.011940298507462687
Zonly\baselines\mean_ensemble,accepted,S,50,335,332,132,8,324,327,0.024096385542168676,0.023880597014925373,0.0239880059970015,0.991044776119403,5183.734939759036,4700.000000000001,6291.0217627407,0.9397590361445783
Zonly\baselines\mean_ensemble,accepted,S,100,335,332,132,8,324,327,0.024096385542168676,0.023880597014925373,0.0239880059970015,0.991044776119403,5183.734939759036,4700.000000000001,6291.0217627407,0.9397590361445783
Zonly\baselines\mean_ensemble,accepted,S,200,335,332,132,9,323,326,0.02710843373493976,0.026865671641791045,0.026986506746626688,0.991044776119403,5183.734939759036,4700.000000000001,6291.0217627407,0.9397590361445783
Zonly\baselines\mean_ensemble,strict,P,50,335,331,331,231,100,104,0.6978851963746223,0.6895522388059702,0.6936936936936937,0.9880597014925373,85.40785498489414,19.999999999999574,337.93445797254293,0.006042296072507553
Zonly\baselines\mean_ensemble,strict,P,100,335,331,331,278,53,57,0.8398791540785498,0.8298507462686567,0.8348348348348348,0.9880597014925373,85.40785498489414,19.999999999999574,337.93445797254293,0.006042296072507553
Zonly\baselines\mean_ensemble,strict,P,200,335,331,331,304,27,31,0.918429003021148,0.9074626865671642,0.9129129129129129,0.9880597014925373,85.40785498489414,19.999999999999574,337.93445797254293,0.006042296072507553
Zonly\baselines\mean_ensemble,strict,S,50,335,132,132,3,129,332,0.022727272727272728,0.008955223880597015,0.01284796573875803,0.3940298507462687,5210.606060606061,5150.0,5799.082607698316,0.9621212121212122
Zonly\baselines\mean_ensemble,strict,S,100,335,132,132,3,129,332,0.022727272727272728,0.008955223880597015,0.01284796573875803,0.3940298507462687,5210.606060606061,5150.0,5799.082607698316,0.9621212121212122
Zonly\baselines\mean_ensemble,strict,S,200,335,132,132,3,129,332,0.022727272727272728,0.008955223880597015,0.01284796573875803,0.3940298507462687,5210.606060606061,5150.0,5799.082607698316,0.9621212121212122
Zonly\baselines\mean_ensemble,unconstrained,P,50,335,335,331,231,104,104,0.6895522388059702,0.6895522388059702,0.6895522388059702,1.0,224.47761194029843,20.000000000000018,1977.4660402389993,0.011940298507462687
Zonly\baselines\mean_ensemble,unconstrained,P,100,335,335,331,278,57,57,0.8298507462686567,0.8298507462686567,0.8298507462686567,1.0,224.47761194029843,20.000000000000018,1977.4660402389993,0.011940298507462687
Zonly\baselines\mean_ensemble,unconstrained,P,200,335,335,331,304,31,31,0.9074626865671642,0.9074626865671642,0.9074626865671642,1.0,224.47761194029843,20.000000000000018,1977.4660402389993,0.011940298507462687
Zonly\baselines\mean_ensemble,unconstrained,S,50,335,335,153,2,333,333,0.005970149253731343,0.005970149253731343,0.005970149253731343,1.0,5362.6567164179105,4859.999999999999,6319.516489156146,0.9641791044776119
Zonly\baselines\mean_ensemble,unconstrained,S,100,335,335,153,2,333,333,0.005970149253731343,0.005970149253731343,0.005970149253731343,1.0,5362.6567164179105,4859.999999999999,6319.516489156146,0.9641791044776119
Zonly\baselines\mean_ensemble,unconstrained,S,200,335,335,153,3,332,332,0.008955223880597015,0.008955223880597015,0.008955223880597015,1.0,5362.6567164179105,4859.999999999999,6319.516489156146,0.9641791044776119
Zonly\baselines\STA,accepted,P,50,335,335,335,79,256,256,0.23582089552238805,0.23582089552238805,0.23582089552238805,1.0,376.38805970149247,109.99999999999943,2431.442235234796,0.014925373134328358
Zonly\baselines\STA,accepted,P,100,335,335,335,162,173,173,0.4835820895522388,0.4835820895522388,0.4835820895522388,1.0,376.38805970149247,109.99999999999943,2431.442235234796,0.014925373134328358
Zonly\baselines\STA,accepted,P,200,335,335,335,265,70,70,0.7910447761194029,0.7910447761194029,0.7910447761194029,1.0,376.38805970149247,109.99999999999943,2431.442235234796,0.014925373134328358
Zonly\baselines\STA,accepted,S,50,335,335,335,0,335,335,0.0,0.0,0.0,1.0,5257.9701492537315,4729.999999999999,6380.410083671809,0.9641791044776119
Zonly\baselines\STA,accepted,S,100,335,335,335,0,335,335,0.0,0.0,0.0,1.0,5257.9701492537315,4729.999999999999,6380.410083671809,0.9641791044776119
Zonly\baselines\STA,accepted,S,200,335,335,335,0,335,335,0.0,0.0,0.0,1.0,5257.9701492537315,4729.999999999999,6380.410083671809,0.9641791044776119
Zonly\baselines\STA,strict,P,50,335,335,335,79,256,256,0.23582089552238805,0.23582089552238805,0.23582089552238805,1.0,376.38805970149247,109.99999999999943,2431.442235234796,0.014925373134328358
Zonly\baselines\STA,strict,P,100,335,335,335,162,173,173,0.4835820895522388,0.4835820895522388,0.4835820895522388,1.0,376.38805970149247,109.99999999999943,2431.442235234796,0.014925373134328358
Zonly\baselines\STA,strict,P,200,335,335,335,265,70,70,0.7910447761194029,0.7910447761194029,0.7910447761194029,1.0,376.38805970149247,109.99999999999943,2431.442235234796,0.014925373134328358
Zonly\baselines\STA,strict,S,50,335,335,335,0,335,335,0.0,0.0,0.0,1.0,5257.9701492537315,4729.999999999999,6380.410083671809,0.9641791044776119
Zonly\baselines\STA,strict,S,100,335,335,335,0,335,335,0.0,0.0,0.0,1.0,5257.9701492537315,4729.999999999999,6380.410083671809,0.9641791044776119
Zonly\baselines\STA,strict,S,200,335,335,335,0,335,335,0.0,0.0,0.0,1.0,5257.9701492537315,4729.999999999999,6380.410083671809,0.9641791044776119
Zonly\baselines\STA,unconstrained,P,50,335,335,335,79,256,256,0.23582089552238805,0.23582089552238805,0.23582089552238805,1.0,376.38805970149247,109.99999999999943,2431.442235234796,0.014925373134328358
Zonly\baselines\STA,unconstrained,P,100,335,335,335,162,173,173,0.4835820895522388,0.4835820895522388,0.4835820895522388,1.0,376.38805970149247,109.99999999999943,2431.442235234796,0.014925373134328358
Zonly\baselines\STA,unconstrained,P,200,335,335,335,265,70,70,0.7910447761194029,0.7910447761194029,0.7910447761194029,1.0,376.38805970149247,109.99999999999943,2431.442235234796,0.014925373134328358
Zonly\baselines\STA,unconstrained,S,50,335,335,335,0,335,335,0.0,0.0,0.0,1.0,5356.179104477612,4830.0,6458.650337268962,0.9671641791044776
Zonly\baselines\STA,unconstrained,S,100,335,335,335,0,335,335,0.0,0.0,0.0,1.0,5356.179104477612,4830.0,6458.650337268962,0.9671641791044776
Zonly\baselines\STA,unconstrained,S,200,335,335,335,0,335,335,0.0,0.0,0.0,1.0,5356.179104477612,4830.0,6458.650337268962,0.9671641791044776
Zonly\baselines\TCN,accepted,P,50,335,333,329,236,97,99,0.7087087087087087,0.7044776119402985,0.7065868263473054,0.9940298507462687,85.07507507507499,19.999999999999574,389.3727149032288,0.006006006006006006
Zonly\baselines\TCN,accepted,P,100,335,333,329,287,46,48,0.8618618618618619,0.8567164179104477,0.8592814371257484,0.9940298507462687,85.07507507507499,19.999999999999574,389.3727149032288,0.006006006006006006
Zonly\baselines\TCN,accepted,P,200,335,333,329,311,22,24,0.933933933933934,0.9283582089552239,0.9311377245508982,0.9940298507462687,85.07507507507499,19.999999999999574,389.3727149032288,0.006006006006006006
Zonly\baselines\TCN,accepted,S,50,335,228,114,51,177,284,0.2236842105263158,0.15223880597014924,0.1811722912966252,0.6805970149253732,932.6754385964912,190.00000000000128,2506.396641157783,0.12719298245614036
Zonly\baselines\TCN,accepted,S,100,335,228,114,84,144,251,0.3684210526315789,0.2507462686567164,0.2984014209591474,0.6805970149253732,932.6754385964912,190.00000000000128,2506.396641157783,0.12719298245614036
Zonly\baselines\TCN,accepted,S,200,335,228,114,119,109,216,0.5219298245614035,0.35522388059701493,0.4227353463587922,0.6805970149253732,932.6754385964912,190.00000000000128,2506.396641157783,0.12719298245614036
Zonly\baselines\TCN,strict,P,50,335,329,329,235,94,100,0.7142857142857143,0.7014925373134329,0.7078313253012049,0.982089552238806,71.12462006079018,19.999999999999574,298.2491971265407,0.00303951367781155
Zonly\baselines\TCN,strict,P,100,335,329,329,285,44,50,0.8662613981762918,0.8507462686567164,0.858433734939759,0.982089552238806,71.12462006079018,19.999999999999574,298.2491971265407,0.00303951367781155
Zonly\baselines\TCN,strict,P,200,335,329,329,309,20,26,0.939209726443769,0.9223880597014925,0.9307228915662651,0.982089552238806,71.12462006079018,19.999999999999574,298.2491971265407,0.00303951367781155
Zonly\baselines\TCN,strict,S,50,335,114,114,38,76,297,0.3333333333333333,0.11343283582089553,0.16926503340757237,0.3402985074626866,357.4561403508772,95.00000000000064,1158.2439066830532,0.03508771929824561
Zonly\baselines\TCN,strict,S,100,335,114,114,62,52,273,0.543859649122807,0.18507462686567164,0.27616926503340755,0.3402985074626866,357.4561403508772,95.00000000000064,1158.2439066830532,0.03508771929824561
Zonly\baselines\TCN,strict,S,200,335,114,114,81,33,254,0.7105263157894737,0.2417910447761194,0.36080178173719374,0.3402985074626866,357.4561403508772,95.00000000000064,1158.2439066830532,0.03508771929824561
Zonly\baselines\TCN,unconstrained,P,50,335,333,329,236,97,99,0.7087087087087087,0.7044776119402985,0.7065868263473054,0.9940298507462687,85.07507507507499,19.999999999999574,389.3727149032288,0.006006006006006006
Zonly\baselines\TCN,unconstrained,P,100,335,333,329,287,46,48,0.8618618618618619,0.8567164179104477,0.8592814371257484,0.9940298507462687,85.07507507507499,19.999999999999574,389.3727149032288,0.006006006006006006
Zonly\baselines\TCN,unconstrained,P,200,335,333,329,311,22,24,0.933933933933934,0.9283582089552239,0.9311377245508982,0.9940298507462687,85.07507507507499,19.999999999999574,389.3727149032288,0.006006006006006006
Zonly\baselines\TCN,unconstrained,S,50,335,230,116,52,178,283,0.22608695652173913,0.15522388059701492,0.184070796460177,0.6865671641791045,925.7826086956521,189.9999999999995,2497.4328558672437,0.12608695652173912
Zonly\baselines\TCN,unconstrained,S,100,335,230,116,85,145,250,0.3695652173913043,0.2537313432835821,0.3008849557522124,0.6865671641791045,925.7826086956521,189.9999999999995,2497.4328558672437,0.12608695652173912
Zonly\baselines\TCN,unconstrained,S,200,335,230,116,121,109,214,0.5260869565217391,0.3611940298507463,0.4283185840707965,0.6865671641791045,925.7826086956521,189.9999999999995,2497.4328558672437,0.12608695652173912
Zonly\baselines\weighted_ensemble,accepted,P,50,335,335,330,240,95,95,0.7164179104477612,0.7164179104477612,0.7164179104477612,1.0,216.80597014925365,19.999999999999574,1976.3750172867556,0.011940298507462687
Zonly\baselines\weighted_ensemble,accepted,P,100,335,335,330,288,47,47,0.8597014925373134,0.8597014925373134,0.8597014925373134,1.0,216.80597014925365,19.999999999999574,1976.3750172867556,0.011940298507462687
Zonly\baselines\weighted_ensemble,accepted,P,200,335,335,330,309,26,26,0.9223880597014925,0.9223880597014925,0.9223880597014925,1.0,216.80597014925365,19.999999999999574,1976.3750172867556,0.011940298507462687
Zonly\baselines\weighted_ensemble,accepted,S,50,335,182,73,47,135,288,0.25824175824175827,0.14029850746268657,0.18181818181818182,0.5432835820895522,767.967032967033,160.00000000000014,1976.3367989432224,0.11538461538461539
Zonly\baselines\weighted_ensemble,accepted,S,100,335,182,73,70,112,265,0.38461538461538464,0.208955223880597,0.27079303675048355,0.5432835820895522,767.967032967033,160.00000000000014,1976.3367989432224,0.11538461538461539
Zonly\baselines\weighted_ensemble,accepted,S,200,335,182,73,99,83,236,0.5439560439560439,0.2955223880597015,0.3829787234042553,0.5432835820895522,767.967032967033,160.00000000000014,1976.3367989432224,0.11538461538461539
Zonly\baselines\weighted_ensemble,strict,P,50,335,330,330,237,93,98,0.7181818181818181,0.7074626865671642,0.7127819548872181,0.9850746268656716,80.3939393939393,19.999999999999574,334.18965763878344,0.006060606060606061
Zonly\baselines\weighted_ensemble,strict,P,100,335,330,330,285,45,50,0.8636363636363636,0.8507462686567164,0.8571428571428571,0.9850746268656716,80.3939393939393,19.999999999999574,334.18965763878344,0.006060606060606061
Zonly\baselines\weighted_ensemble,strict,P,200,335,330,330,306,24,29,0.9272727272727272,0.9134328358208955,0.9203007518796993,0.9850746268656716,80.3939393939393,19.999999999999574,334.18965763878344,0.006060606060606061
Zonly\baselines\weighted_ensemble,strict,S,50,335,73,73,27,46,308,0.3698630136986301,0.08059701492537313,0.1323529411764706,0.21791044776119403,310.958904109589,89.99999999999986,966.8222202036172,0.0273972602739726
Zonly\baselines\weighted_ensemble,strict,S,100,335,73,73,39,34,296,0.5342465753424658,0.11641791044776119,0.19117647058823528,0.21791044776119403,310.958904109589,89.99999999999986,966.8222202036172,0.0273972602739726
Zonly\baselines\weighted_ensemble,strict,S,200,335,73,73,52,21,283,0.7123287671232876,0.15522388059701492,0.2549019607843137,0.21791044776119403,310.958904109589,89.99999999999986,966.8222202036172,0.0273972602739726
Zonly\baselines\weighted_ensemble,unconstrained,P,50,335,335,330,240,95,95,0.7164179104477612,0.7164179104477612,0.7164179104477612,1.0,216.80597014925365,19.999999999999574,1976.3750172867556,0.011940298507462687
Zonly\baselines\weighted_ensemble,unconstrained,P,100,335,335,330,288,47,47,0.8597014925373134,0.8597014925373134,0.8597014925373134,1.0,216.80597014925365,19.999999999999574,1976.3750172867556,0.011940298507462687
Zonly\baselines\weighted_ensemble,unconstrained,P,200,335,335,330,309,26,26,0.9223880597014925,0.9223880597014925,0.9223880597014925,1.0,216.80597014925365,19.999999999999574,1976.3750172867556,0.011940298507462687
Zonly\baselines\weighted_ensemble,unconstrained,S,50,335,183,75,48,135,287,0.26229508196721313,0.14328358208955225,0.18532818532818532,0.5462686567164179,810.5464480874317,160.00000000000014,2161.94748777363,0.11475409836065574
Zonly\baselines\weighted_ensemble,unconstrained,S,100,335,183,75,71,112,264,0.3879781420765027,0.21194029850746268,0.27413127413127414,0.5462686567164179,810.5464480874317,160.00000000000014,2161.94748777363,0.11475409836065574
Zonly\baselines\weighted_ensemble,unconstrained,S,200,335,183,75,101,82,234,0.5519125683060109,0.30149253731343284,0.38996138996138996,0.5462686567164179,810.5464480874317,160.00000000000014,2161.94748777363,0.11475409836065574
Zonly\evaluation\full15ch_seed42,accepted,P,50,335,334,333,247,87,88,0.7395209580838323,0.7373134328358208,0.7384155455904334,0.9970149253731343,106.22754491017953,19.999999999999574,743.0963703106497,0.005988023952095809
Zonly\evaluation\full15ch_seed42,accepted,P,100,335,334,333,289,45,46,0.8652694610778443,0.8626865671641791,0.8639760837070254,0.9970149253731343,106.22754491017953,19.999999999999574,743.0963703106497,0.005988023952095809
Zonly\evaluation\full15ch_seed42,accepted,P,200,335,334,333,313,21,22,0.937125748502994,0.9343283582089552,0.9357249626307922,0.9970149253731343,106.22754491017953,19.999999999999574,743.0963703106497,0.005988023952095809
Zonly\evaluation\full15ch_seed42,accepted,S,50,335,316,265,67,249,268,0.2120253164556962,0.2,0.20583717357910905,0.9432835820895522,903.006329113924,210.00000000000085,2235.466351821602,0.1550632911392405
Zonly\evaluation\full15ch_seed42,accepted,S,100,335,316,265,106,210,229,0.33544303797468356,0.3164179104477612,0.32565284178187404,0.9432835820895522,903.006329113924,210.00000000000085,2235.466351821602,0.1550632911392405
Zonly\evaluation\full15ch_seed42,accepted,S,200,335,316,265,154,162,181,0.4873417721518987,0.4597014925373134,0.4731182795698925,0.9432835820895522,903.006329113924,210.00000000000085,2235.466351821602,0.1550632911392405
Zonly\evaluation\full15ch_seed42,strict,P,50,335,333,333,247,86,88,0.7417417417417418,0.7373134328358208,0.7395209580838323,0.9940298507462687,69.12912912912903,19.999999999999574,296.0226839778152,0.003003003003003003
Zonly\evaluation\full15ch_seed42,strict,P,100,335,333,333,289,44,46,0.8678678678678678,0.8626865671641791,0.8652694610778443,0.9940298507462687,69.12912912912903,19.999999999999574,296.0226839778152,0.003003003003003003
Zonly\evaluation\full15ch_seed42,strict,P,200,335,333,333,313,20,22,0.93993993993994,0.9343283582089552,0.937125748502994,0.9940298507462687,69.12912912912903,19.999999999999574,296.0226839778152,0.003003003003003003
Zonly\evaluation\full15ch_seed42,strict,S,50,335,265,265,63,202,272,0.23773584905660378,0.1880597014925373,0.21,0.7910447761194029,588.3396226415094,179.99999999999972,1511.7655553489844,0.1018867924528302
Zonly\evaluation\full15ch_seed42,strict,S,100,335,265,265,100,165,235,0.37735849056603776,0.29850746268656714,0.3333333333333333,0.7910447761194029,588.3396226415094,179.99999999999972,1511.7655553489844,0.1018867924528302
Zonly\evaluation\full15ch_seed42,strict,S,200,335,265,265,141,124,194,0.5320754716981132,0.4208955223880597,0.47,0.7910447761194029,588.3396226415094,179.99999999999972,1511.7655553489844,0.1018867924528302
Zonly\evaluation\full15ch_seed42,unconstrained,P,50,335,334,333,247,87,88,0.7395209580838323,0.7373134328358208,0.7384155455904334,0.9970149253731343,106.22754491017953,19.999999999999574,743.0963703106497,0.005988023952095809
Zonly\evaluation\full15ch_seed42,unconstrained,P,100,335,334,333,289,45,46,0.8652694610778443,0.8626865671641791,0.8639760837070254,0.9970149253731343,106.22754491017953,19.999999999999574,743.0963703106497,0.005988023952095809
Zonly\evaluation\full15ch_seed42,unconstrained,P,200,335,334,333,313,21,22,0.937125748502994,0.9343283582089552,0.9357249626307922,0.9970149253731343,106.22754491017953,19.999999999999574,743.0963703106497,0.005988023952095809
Zonly\evaluation\full15ch_seed42,unconstrained,S,50,335,317,266,67,250,268,0.2113564668769716,0.2,0.20552147239263804,0.9462686567164179,900.5678233438485,210.00000000000085,2231.949537550154,0.15457413249211358
Zonly\evaluation\full15ch_seed42,unconstrained,S,100,335,317,266,106,211,229,0.334384858044164,0.3164179104477612,0.32515337423312884,0.9462686567164179,900.5678233438485,210.00000000000085,2231.949537550154,0.15457413249211358
Zonly\evaluation\full15ch_seed42,unconstrained,S,200,335,317,266,155,162,180,0.4889589905362776,0.4626865671641791,0.4754601226993865,0.9462686567164179,900.5678233438485,210.00000000000085,2231.949537550154,0.15457413249211358
Zonly\evaluation\full15ch_seed43,accepted,P,50,335,333,333,247,86,88,0.7417417417417418,0.7373134328358208,0.7395209580838323,0.9940298507462687,69.2792792792792,20.000000000000018,295.8293680739203,0.003003003003003003
Zonly\evaluation\full15ch_seed43,accepted,P,100,335,333,333,289,44,46,0.8678678678678678,0.8626865671641791,0.8652694610778443,0.9940298507462687,69.2792792792792,20.000000000000018,295.8293680739203,0.003003003003003003
Zonly\evaluation\full15ch_seed43,accepted,P,200,335,333,333,314,19,21,0.9429429429429429,0.9373134328358209,0.9401197604790419,0.9940298507462687,69.2792792792792,20.000000000000018,295.8293680739203,0.003003003003003003
Zonly\evaluation\full15ch_seed43,accepted,S,50,335,302,242,57,245,278,0.18874172185430463,0.1701492537313433,0.17896389324960754,0.9014925373134328,1019.3377483443709,214.99999999999986,2666.379220158934,0.15562913907284767
Zonly\evaluation\full15ch_seed43,accepted,S,100,335,302,242,107,195,228,0.3543046357615894,0.3194029850746269,0.3359497645211931,0.9014925373134328,1019.3377483443709,214.99999999999986,2666.379220158934,0.15562913907284767
Zonly\evaluation\full15ch_seed43,accepted,S,200,335,302,242,149,153,186,0.49337748344370863,0.44477611940298506,0.46781789638932497,0.9014925373134328,1019.3377483443709,214.99999999999986,2666.379220158934,0.15562913907284767
Zonly\evaluation\full15ch_seed43,strict,P,50,335,333,333,247,86,88,0.7417417417417418,0.7373134328358208,0.7395209580838323,0.9940298507462687,69.2792792792792,20.000000000000018,295.8293680739203,0.003003003003003003
Zonly\evaluation\full15ch_seed43,strict,P,100,335,333,333,289,44,46,0.8678678678678678,0.8626865671641791,0.8652694610778443,0.9940298507462687,69.2792792792792,20.000000000000018,295.8293680739203,0.003003003003003003
Zonly\evaluation\full15ch_seed43,strict,P,200,335,333,333,314,19,21,0.9429429429429429,0.9373134328358209,0.9401197604790419,0.9940298507462687,69.2792792792792,20.000000000000018,295.8293680739203,0.003003003003003003
Zonly\evaluation\full15ch_seed43,strict,S,50,335,242,242,53,189,282,0.2190082644628099,0.1582089552238806,0.18370883882149047,0.7223880597014926,672.1900826446282,150.00000000000034,1896.5036338108746,0.09504132231404959
Zonly\evaluation\full15ch_seed43,strict,S,100,335,242,242,98,144,237,0.4049586776859504,0.29253731343283584,0.3396880415944541,0.7223880597014926,672.1900826446282,150.00000000000034,1896.5036338108746,0.09504132231404959
Zonly\evaluation\full15ch_seed43,strict,S,200,335,242,242,132,110,203,0.5454545454545454,0.3940298507462687,0.45753899480069327,0.7223880597014926,672.1900826446282,150.00000000000034,1896.5036338108746,0.09504132231404959
Zonly\evaluation\full15ch_seed43,unconstrained,P,50,335,333,333,247,86,88,0.7417417417417418,0.7373134328358208,0.7395209580838323,0.9940298507462687,69.2792792792792,20.000000000000018,295.8293680739203,0.003003003003003003
Zonly\evaluation\full15ch_seed43,unconstrained,P,100,335,333,333,289,44,46,0.8678678678678678,0.8626865671641791,0.8652694610778443,0.9940298507462687,69.2792792792792,20.000000000000018,295.8293680739203,0.003003003003003003
Zonly\evaluation\full15ch_seed43,unconstrained,P,200,335,333,333,314,19,21,0.9429429429429429,0.9373134328358209,0.9401197604790419,0.9940298507462687,69.2792792792792,20.000000000000018,295.8293680739203,0.003003003003003003
Zonly\evaluation\full15ch_seed43,unconstrained,S,50,335,304,244,57,247,278,0.1875,0.1701492537313433,0.1784037558685446,0.9074626865671642,1024.1118421052631,214.99999999999986,2664.6622058063253,0.15789473684210525
Zonly\evaluation\full15ch_seed43,unconstrained,S,100,335,304,244,107,197,228,0.3519736842105263,0.3194029850746269,0.3348982785602504,0.9074626865671642,1024.1118421052631,214.99999999999986,2664.6622058063253,0.15789473684210525
Zonly\evaluation\full15ch_seed43,unconstrained,S,200,335,304,244,150,154,185,0.4934210526315789,0.44776119402985076,0.4694835680751174,0.9074626865671642,1024.1118421052631,214.99999999999986,2664.6622058063253,0.15789473684210525
Zonly\evaluation\full15ch_seed44,accepted,P,50,335,334,333,246,88,89,0.7365269461077845,0.7343283582089553,0.7354260089686099,0.9970149253731343,109.64071856287414,29.99999999999936,748.7482568232185,0.005988023952095809
Zonly\evaluation\full15ch_seed44,accepted,P,100,335,334,333,291,43,44,0.8712574850299402,0.8686567164179104,0.8699551569506726,0.9970149253731343,109.64071856287414,29.99999999999936,748.7482568232185,0.005988023952095809
Zonly\evaluation\full15ch_seed44,accepted,P,200,335,334,333,311,23,24,0.9311377245508982,0.9283582089552239,0.929745889387145,0.9970149253731343,109.64071856287414,29.99999999999936,748.7482568232185,0.005988023952095809
Zonly\evaluation\full15ch_seed44,accepted,S,50,335,307,255,58,249,277,0.18892508143322476,0.17313432835820897,0.1806853582554517,0.9164179104477612,995.1465798045602,220.00000000000063,2359.313721781192,0.17263843648208468
Zonly\evaluation\full15ch_seed44,accepted,S,100,335,307,255,105,202,230,0.34201954397394135,0.31343283582089554,0.32710280373831774,0.9164179104477612,995.1465798045602,220.00000000000063,2359.313721781192,0.17263843648208468
Zonly\evaluation\full15ch_seed44,accepted,S,200,335,307,255,148,159,187,0.4820846905537459,0.4417910447761194,0.46105919003115264,0.9164179104477612,995.1465798045602,220.00000000000063,2359.313721781192,0.17263843648208468
Zonly\evaluation\full15ch_seed44,strict,P,50,335,333,333,246,87,89,0.7387387387387387,0.7343283582089553,0.7365269461077845,0.9940298507462687,72.28228228228217,29.99999999999936,298.87627377733924,0.003003003003003003
Zonly\evaluation\full15ch_seed44,strict,P,100,335,333,333,291,42,44,0.8738738738738738,0.8686567164179104,0.8712574850299402,0.9940298507462687,72.28228228228217,29.99999999999936,298.87627377733924,0.003003003003003003
Zonly\evaluation\full15ch_seed44,strict,P,200,335,333,333,311,22,24,0.933933933933934,0.9283582089552239,0.9311377245508982,0.9940298507462687,72.28228228228217,29.99999999999936,298.87627377733924,0.003003003003003003
Zonly\evaluation\full15ch_seed44,strict,S,50,335,255,255,57,198,278,0.2235294117647059,0.1701492537313433,0.19322033898305085,0.7611940298507462,703.7647058823529,180.00000000000148,1790.578830719164,0.10980392156862745
Zonly\evaluation\full15ch_seed44,strict,S,100,335,255,255,98,157,237,0.3843137254901961,0.29253731343283584,0.33220338983050846,0.7611940298507462,703.7647058823529,180.00000000000148,1790.578830719164,0.10980392156862745
Zonly\evaluation\full15ch_seed44,strict,S,200,335,255,255,134,121,201,0.5254901960784314,0.4,0.4542372881355932,0.7611940298507462,703.7647058823529,180.00000000000148,1790.578830719164,0.10980392156862745
Zonly\evaluation\full15ch_seed44,unconstrained,P,50,335,334,333,246,88,89,0.7365269461077845,0.7343283582089553,0.7354260089686099,0.9970149253731343,109.64071856287414,29.99999999999936,748.7482568232185,0.005988023952095809
Zonly\evaluation\full15ch_seed44,unconstrained,P,100,335,334,333,291,43,44,0.8712574850299402,0.8686567164179104,0.8699551569506726,0.9970149253731343,109.64071856287414,29.99999999999936,748.7482568232185,0.005988023952095809
Zonly\evaluation\full15ch_seed44,unconstrained,P,200,335,334,333,311,23,24,0.9311377245508982,0.9283582089552239,0.929745889387145,0.9970149253731343,109.64071856287414,29.99999999999936,748.7482568232185,0.005988023952095809
Zonly\evaluation\full15ch_seed44,unconstrained,S,50,335,308,256,58,250,277,0.18831168831168832,0.17313432835820897,0.18040435458786935,0.9194029850746268,1017.6948051948052,220.00000000000017,2458.752521308105,0.17207792207792208
Zonly\evaluation\full15ch_seed44,unconstrained,S,100,335,308,256,105,203,230,0.3409090909090909,0.31343283582089554,0.3265940902021773,0.9194029850746268,1017.6948051948052,220.00000000000017,2458.752521308105,0.17207792207792208
Zonly\evaluation\full15ch_seed44,unconstrained,S,200,335,308,256,149,159,186,0.4837662337662338,0.44477611940298506,0.463452566096423,0.9194029850746268,1017.6948051948052,220.00000000000017,2458.752521308105,0.17207792207792208
