Iteration,Epoch,LearnRate,Loss
1,1,0.0005,0.603160262107849
2,1,0.0005,0.567993342876434
3,1,0.0005,0.539961934089661
4,1,0.0005,0.525057852268219
5,1,0.0005,0.513548672199249
6,1,0.0005,0.496038198471069
7,1,0.0005,0.476067781448364
8,1,0.0005,0.461942613124847
9,1,0.0005,0.442822337150574
10,1,0.0005,0.435413032770157
11,1,0.0005,0.432625651359558
12,1,0.0005,0.419701159000397
13,1,0.0005,0.411303222179413
14,1,0.0005,0.399562329053879
15,1,0.0005,0.391165852546692
16,1,0.0005,0.381560981273651
17,1,0.0005,0.366054445505142
18,1,0.0005,0.355632483959198
19,1,0.0005,0.35985392332077
20,1,0.0005,0.344599783420563
21,1,0.0005,0.343337208032608
22,1,0.0005,0.331913501024246
23,1,0.0005,0.329545795917511
24,1,0.0005,0.318266779184341
25,1,0.0005,0.312020480632782
26,1,0.0005,0.31057608127594
27,1,0.0005,0.292099922895432
28,1,0.0005,0.301194369792938
29,1,0.0005,0.279699265956879
30,1,0.0005,0.278932690620422
31,1,0.0005,0.274200737476349
32,1,0.0005,0.268064647912979
33,1,0.0005,0.259115397930145
34,1,0.0005,0.255126863718033
35,1,0.0005,0.238860622048378
36,1,0.0005,0.232978880405426
37,1,0.0005,0.226044028997421
38,1,0.0005,0.229098528623581
39,1,0.0005,0.225171983242035
40,1,0.0005,0.209809511899948
41,1,0.0005,0.202093347907066
42,1,0.0005,0.195507988333702
43,1,0.0005,0.195550531148911
44,1,0.0005,0.189978197216988
45,1,0.0005,0.179242104291916
46,1,0.0005,0.18118143081665
47,1,0.0005,0.171640709042549
48,1,0.0005,0.170421704649925
49,1,0.0005,0.174634009599686
50,1,0.0005,0.162942215800285
51,1,0.0005,0.161584511399269
52,1,0.0005,0.159204199910164
53,1,0.0005,0.161509647965431
54,1,0.0005,0.146271824836731
55,1,0.0005,0.141557604074478
56,1,0.0005,0.144978702068329
57,1,0.0005,0.136824041604996
58,1,0.0005,0.136418268084526
59,1,0.0005,0.137619808316231
60,1,0.0005,0.134516939520836
61,1,0.0005,0.1352818608284
62,1,0.0005,0.126854166388512
63,1,0.0005,0.122192516922951
64,1,0.0005,0.120494946837425
65,1,0.0005,0.120282188057899
66,1,0.0005,0.115696363151073
67,1,0.0005,0.115664660930634
68,1,0.0005,0.110879465937614
69,1,0.0005,0.112070314586163
70,1,0.0005,0.112189754843712
71,1,0.0005,0.110907144844532
72,1,0.0005,0.108099117875099
73,1,0.0005,0.105319485068321
74,1,0.0005,0.108125232160091
75,1,0.0005,0.0996363312005997
76,1,0.0005,0.1006128937006
77,1,0.0005,0.0975107923150063
78,1,0.0005,0.0953101292252541
79,1,0.0005,0.0951890274882317
80,1,0.0005,0.0933375209569931
81,1,0.0005,0.0910762920975685
82,1,0.0005,0.0937167257070541
83,1,0.0005,0.0873769745230675
84,1,0.0005,0.0873037725687027
85,1,0.0005,0.0870961397886276
86,1,0.0005,0.0896731987595558
87,1,0.0005,0.0849083736538887
88,1,0.0005,0.0884021520614624
89,1,0.0005,0.0812226086854935
90,1,0.0005,0.0878670364618301
91,1,0.0005,0.0850055739283562
92,1,0.0005,0.0873153582215309
93,1,0.0005,0.0775386765599251
94,1,0.0005,0.0826867744326591
95,1,0.0005,0.0766022354364395
96,1,0.0005,0.0804791003465652
97,1,0.0005,0.0757498443126678
98,1,0.0005,0.0757441967725754
99,1,0.0005,0.0730041265487671
100,1,0.0005,0.0830502957105637
101,1,0.0005,0.0736927911639214
102,1,0.0005,0.0798493176698685
103,1,0.0005,0.0741260349750519
104,1,0.0005,0.0757457390427589
105,1,0.0005,0.0654717534780502
106,1,0.0005,0.0697414129972458
107,1,0.0005,0.069120928645134
108,1,0.0005,0.0712041705846786
109,1,0.0005,0.0697508528828621
110,1,0.0005,0.0682403594255447
111,1,0.0005,0.0663418546319008
112,1,0.0005,0.0668296366930008
113,1,0.0005,0.0667938217520714
114,1,0.0005,0.0657898485660553
115,1,0.0005,0.0651528388261795
116,1,0.0005,0.0657748579978943
117,1,0.0005,0.0634363666176796
118,1,0.0005,0.0613669976592064
119,1,0.0005,0.0600527338683605
120,1,0.0005,0.0621856525540352
121,1,0.0005,0.066053569316864
122,1,0.0005,0.0641630589962006
123,1,0.0005,0.0607480220496655
124,1,0.0005,0.0608476139605045
125,1,0.0005,0.0637243017554283
126,1,0.0005,0.0580430701375008
127,1,0.0005,0.0588940978050232
128,1,0.0005,0.0587406530976295
129,1,0.0005,0.0631799548864365
130,1,0.0005,0.056583546102047
131,1,0.0005,0.0553113520145416
132,1,0.0005,0.0620258077979088
133,1,0.0005,0.0605035908520222
134,1,0.0005,0.0550017990171909
135,1,0.0005,0.0544287674129009
136,1,0.0005,0.0543365105986595
137,1,0.0005,0.0586430802941322
138,1,0.0005,0.0530999451875687
139,1,0.0005,0.0515955649316311
140,1,0.0005,0.056802473962307
141,1,0.0005,0.0571703389286995
142,1,0.0005,0.060109868645668
143,1,0.0005,0.0501701161265373
144,1,0.0005,0.0584234967827797
145,1,0.0005,0.052172128111124
146,1,0.0005,0.0535583384335041
147,1,0.0005,0.0536791794002056
148,1,0.0005,0.0505628660321236
149,1,0.0005,0.0517583154141903
150,1,0.0005,0.0511754304170609
151,1,0.0005,0.0556862540543079
152,1,0.0005,0.0464710295200348
153,1,0.0005,0.0496370866894722
154,1,0.0005,0.0500085763633251
155,1,0.0005,0.0471760258078575
156,1,0.0005,0.0466050580143929
157,1,0.0005,0.0453374572098255
158,1,0.0005,0.0455423183739185
159,1,0.0005,0.0416152365505695
160,1,0.0005,0.0458890981972218
161,1,0.0005,0.0494994409382343
162,1,0.0005,0.0506425425410271
163,1,0.0005,0.0518086701631546
164,1,0.0005,0.0449229516088963
165,1,0.0005,0.0472496710717678
166,1,0.0005,0.0523212030529976
167,1,0.0005,0.0435821115970612
168,1,0.0005,0.048366941511631
169,1,0.0005,0.045325692743063
170,1,0.0005,0.0432880558073521
171,1,0.0005,0.0479206331074238
172,1,0.0005,0.0421847961843014
173,1,0.0005,0.0512715205550194
174,1,0.0005,0.0491338111460209
175,1,0.0005,0.0473833829164505
176,1,0.0005,0.047891229391098
177,1,0.0005,0.0394667722284794
178,1,0.0005,0.0404195711016655
179,1,0.0005,0.0402775183320045
180,1,0.0005,0.048406396061182
181,1,0.0005,0.0439489185810089
182,1,0.0005,0.0562093816697598
183,1,0.0005,0.0417009927332401
184,1,0.0005,0.0464134626090527
185,1,0.0005,0.0421616807579994
186,1,0.0005,0.0453092642128468
187,1,0.0005,0.0443979762494564
188,1,0.0005,0.0450883284211159
189,1,0.0005,0.0398207381367683
190,1,0.0005,0.0399187579751015
191,1,0.0005,0.0436063595116138
192,1,0.0005,0.039801687002182
193,1,0.0005,0.0411529541015625
194,1,0.0005,0.04322350025177
195,2,0.0005,0.0449389182031155
196,2,0.0005,0.0378193818032742
197,2,0.0005,0.0423049181699753
198,2,0.0005,0.0462586805224419
199,2,0.0005,0.0396949909627438
200,2,0.0005,0.0417775511741638
201,2,0.0005,0.0418360643088818
202,2,0.0005,0.0426645837724209
203,2,0.0005,0.0469404757022858
204,2,0.0005,0.0400760062038898
205,2,0.0005,0.0454887710511684
206,2,0.0005,0.0394335202872753
207,2,0.0005,0.0439436584711075
208,2,0.0005,0.0401041246950626
209,2,0.0005,0.0440961830317974
210,2,0.0005,0.0419870801270008
211,2,0.0005,0.0421055443584919
212,2,0.0005,0.0361069738864899
213,2,0.0005,0.0445291101932526
214,2,0.0005,0.0435796007514
215,2,0.0005,0.0450383499264717
216,2,0.0005,0.0375776849687099
217,2,0.0005,0.0375818535685539
218,2,0.0005,0.0404586046934128
219,2,0.0005,0.0429403781890869
220,2,0.0005,0.0432700291275978
221,2,0.0005,0.0392338372766972
222,2,0.0005,0.0404969528317451
223,2,0.0005,0.0385902486741543
224,2,0.0005,0.0439890287816525
225,2,0.0005,0.0441395416855812
226,2,0.0005,0.0421965271234512
227,2,0.0005,0.0367585867643356
228,2,0.0005,0.0378506109118462
229,2,0.0005,0.0459336638450623
230,2,0.0005,0.0377459898591042
231,2,0.0005,0.0365532264113426
232,2,0.0005,0.0359131991863251
233,2,0.0005,0.0403319075703621
234,2,0.0005,0.0387327633798122
235,2,0.0005,0.0375550016760826
236,2,0.0005,0.0349418930709362
237,2,0.0005,0.0366669781506062
238,2,0.0005,0.038983415812254
239,2,0.0005,0.0425385273993015
240,2,0.0005,0.0303398538380861
241,2,0.0005,0.0363755077123642
242,2,0.0005,0.0354841835796833
243,2,0.0005,0.0405760183930397
244,2,0.0005,0.0411479659378529
245,2,0.0005,0.0358201786875725
246,2,0.0005,0.0366844832897186
247,2,0.0005,0.0360989905893803
248,2,0.0005,0.0335642993450165
249,2,0.0005,0.0374797210097313
250,2,0.0005,0.0386819578707218
251,2,0.0005,0.0399823784828186
252,2,0.0005,0.0389780104160309
253,2,0.0005,0.0399103835225105
254,2,0.0005,0.0306556671857834
255,2,0.0005,0.0383354425430298
256,2,0.0005,0.0297455210238695
257,2,0.0005,0.0401035621762276
258,2,0.0005,0.0354849956929684
259,2,0.0005,0.0346021056175232
260,2,0.0005,0.0295398961752653
261,2,0.0005,0.0377300605177879
262,2,0.0005,0.0358062610030174
263,2,0.0005,0.0357220657169819
264,2,0.0005,0.0391721650958061
265,2,0.0005,0.0355945192277431
266,2,0.0005,0.0360878370702267
267,2,0.0005,0.04222521930933
268,2,0.0005,0.0342557281255722
269,2,0.0005,0.0349616371095181
270,2,0.0005,0.0347313061356544
271,2,0.0005,0.0340436995029449
272,2,0.0005,0.0297488253563643
273,2,0.0005,0.0383837297558784
274,2,0.0005,0.0324084199965
275,2,0.0005,0.0328446924686432
276,2,0.0005,0.0328446589410305
277,2,0.0005,0.0307984612882137
278,2,0.0005,0.0362854115664959
279,2,0.0005,0.0315334275364876
280,2,0.0005,0.0378659255802631
281,2,0.0005,0.037207093089819
282,2,0.0005,0.0366697646677494
283,2,0.0005,0.0345368087291718
284,2,0.0005,0.0346224792301655
285,2,0.0005,0.0287207309156656
286,2,0.0005,0.0310307536274195
287,2,0.0005,0.0323391258716583
288,2,0.0005,0.03305883705616
289,2,0.0005,0.0371579974889755
290,2,0.0005,0.0291340183466673
291,2,0.0005,0.0315624810755253
292,2,0.0005,0.0359473899006844
293,2,0.0005,0.0340270958840847
294,2,0.0005,0.0327619910240173
295,2,0.0005,0.0321709290146828
296,2,0.0005,0.0407612137496471
297,2,0.0005,0.027616236358881
298,2,0.0005,0.0326399207115173
299,2,0.0005,0.0379066169261932
300,2,0.0005,0.0302043110132217
301,2,0.0005,0.0355365499854088
302,2,0.0005,0.0324795693159103
303,2,0.0005,0.0328797064721584
304,2,0.0005,0.0320434533059597
305,2,0.0005,0.0306740216910839
306,2,0.0005,0.0285237282514572
307,2,0.0005,0.0352642498910427
308,2,0.0005,0.0293176863342524
309,2,0.0005,0.0342102646827698
310,2,0.0005,0.0372037291526794
311,2,0.0005,0.0347550623118877
312,2,0.0005,0.0312939509749413
313,2,0.0005,0.030745804309845
314,2,0.0005,0.0317034646868706
315,2,0.0005,0.035424318164587
316,2,0.0005,0.0324176140129566
317,2,0.0005,0.0336481370031834
318,2,0.0005,0.0380749888718128
319,2,0.0005,0.0320868827402592
320,2,0.0005,0.0317001529037952
321,2,0.0005,0.0303540118038654
322,2,0.0005,0.0385097004473209
323,2,0.0005,0.0337944403290749
324,2,0.0005,0.0291262567043304
325,2,0.0005,0.0318774506449699
326,2,0.0005,0.0341465622186661
327,2,0.0005,0.0372690930962563
328,2,0.0005,0.0324684642255306
329,2,0.0005,0.0317046791315079
330,2,0.0005,0.0366212166845798
331,2,0.0005,0.030327906832099
332,2,0.0005,0.0302815604954958
333,2,0.0005,0.0325577929615974
334,2,0.0005,0.0335938967764378
335,2,0.0005,0.0306397043168545
336,2,0.0005,0.030839990824461
337,2,0.0005,0.0348653830587864
338,2,0.0005,0.0297642704099417
339,2,0.0005,0.0341422148048878
340,2,0.0005,0.0283536091446877
341,2,0.0005,0.0296063460409641
342,2,0.0005,0.0303805321455002
343,2,0.0005,0.0310461223125458
344,2,0.0005,0.0273113455623388
345,2,0.0005,0.033826544880867
346,2,0.0005,0.0280303806066513
347,2,0.0005,0.0291714146733284
348,2,0.0005,0.0388049222528934
349,2,0.0005,0.0298686195164919
350,2,0.0005,0.0335225611925125
351,2,0.0005,0.0332108810544014
352,2,0.0005,0.0260375943034887
353,2,0.0005,0.0283822659403086
354,2,0.0005,0.0319433100521564
355,2,0.0005,0.0276893079280853
356,2,0.0005,0.0327295660972595
357,2,0.0005,0.0379858799278736
358,2,0.0005,0.0370472520589828
359,2,0.0005,0.0257201306521893
360,2,0.0005,0.0351189747452736
361,2,0.0005,0.0318453684449196
362,2,0.0005,0.0267357379198074
363,2,0.0005,0.0276688616722822
364,2,0.0005,0.0260407514870167
365,2,0.0005,0.0344519577920437
366,2,0.0005,0.0308698043227196
367,2,0.0005,0.0259317141026258
368,2,0.0005,0.0332409329712391
369,2,0.0005,0.0321205966174603
370,2,0.0005,0.0314122587442398
371,2,0.0005,0.0338746048510075
372,2,0.0005,0.0372184924781322
373,2,0.0005,0.0258670151233673
374,2,0.0005,0.0248250756412745
375,2,0.0005,0.0254438333213329
376,2,0.0005,0.0277859345078468
377,2,0.0005,0.0348958298563957
378,2,0.0005,0.026370070874691
379,2,0.0005,0.0310735758394003
380,2,0.0005,0.0366513878107071
381,2,0.0005,0.038359347730875
382,2,0.0005,0.0319709815084934
383,2,0.0005,0.0356348566710949
384,2,0.0005,0.0291653852909803
385,2,0.0005,0.0323855392634869
386,2,0.0005,0.02735435962677
387,2,0.0005,0.0299379248172045
388,2,0.0005,0.0282838176935911
389,3,0.0005,0.0310433637350798
390,3,0.0005,0.0281308311969042
391,3,0.0005,0.0345651917159557
392,3,0.0005,0.0255544111132622
393,3,0.0005,0.0323283821344376
394,3,0.0005,0.0369364023208618
395,3,0.0005,0.0286340210586786
396,3,0.0005,0.0273781307041645
397,3,0.0005,0.0293616149574518
398,3,0.0005,0.030496446415782
399,3,0.0005,0.0270559135824442
400,3,0.0005,0.0275404416024685
401,3,0.0005,0.0284070633351803
402,3,0.0005,0.0269028265029192
403,3,0.0005,0.0338818654417992
404,3,0.0005,0.0268187094479799
405,3,0.0005,0.0289397072046995
406,3,0.0005,0.0333607159554958
407,3,0.0005,0.0277181100100279
408,3,0.0005,0.0276227723807096
409,3,0.0005,0.0230749770998955
410,3,0.0005,0.0336884707212448
411,3,0.0005,0.0279539227485657
412,3,0.0005,0.0275477878749371
413,3,0.0005,0.0266099274158478
414,3,0.0005,0.0299396645277739
415,3,0.0005,0.021293293684721
416,3,0.0005,0.0273797884583473
417,3,0.0005,0.0216742791235447
418,3,0.0005,0.0313161984086037
419,3,0.0005,0.029809819534421
420,3,0.0005,0.027965659275651
421,3,0.0005,0.030191607773304
422,3,0.0005,0.0286616217344999
423,3,0.0005,0.0290491133928299
424,3,0.0005,0.0307267531752586
425,3,0.0005,0.0287215858697891
426,3,0.0005,0.027286671102047
427,3,0.0005,0.0317007787525654
428,3,0.0005,0.0235203877091408
429,3,0.0005,0.0339593179523945
430,3,0.0005,0.0284470655024052
431,3,0.0005,0.0322090908885002
432,3,0.0005,0.0331849381327629
433,3,0.0005,0.0294987205415964
434,3,0.0005,0.0256045311689377
435,3,0.0005,0.0350786373019218
436,3,0.0005,0.0349269472062588
437,3,0.0005,0.027500506490469
438,3,0.0005,0.0323958173394203
439,3,0.0005,0.0345095098018646
440,3,0.0005,0.0307596940547228
441,3,0.0005,0.0319765768945217
442,3,0.0005,0.0344375744462013
443,3,0.0005,0.0249221604317427
444,3,0.0005,0.0270418617874384
445,3,0.0005,0.0267241392284632
446,3,0.0005,0.0232239551842213
447,3,0.0005,0.0309427548199892
448,3,0.0005,0.0327381864190102
449,3,0.0005,0.0337382517755032
450,3,0.0005,0.0358185134828091
451,3,0.0005,0.0363288074731827
452,3,0.0005,0.0282066222280264
453,3,0.0005,0.0255553107708693
454,3,0.0005,0.0247184541076422
455,3,0.0005,0.0281496401876211
456,3,0.0005,0.0321787483990192
457,3,0.0005,0.0275706183165312
458,3,0.0005,0.0288885291665792
459,3,0.0005,0.0298625156283379
460,3,0.0005,0.0252373740077019
461,3,0.0005,0.0312033798545599
462,3,0.0005,0.0293828472495079
463,3,0.0005,0.0271379947662354
464,3,0.0005,0.0294465646147728
465,3,0.0005,0.0287798382341862
466,3,0.0005,0.0340300612151623
467,3,0.0005,0.0307807307690382
468,3,0.0005,0.0286656841635704
469,3,0.0005,0.0323755815625191
470,3,0.0005,0.0265746638178825
471,3,0.0005,0.0276312585920095
472,3,0.0005,0.0324948281049728
473,3,0.0005,0.027014447376132
474,3,0.0005,0.0284942630678415
475,3,0.0005,0.0303316675126553
476,3,0.0005,0.0231329444795847
477,3,0.0005,0.0265446174889803
478,3,0.0005,0.0311415549367666
479,3,0.0005,0.0297173541039228
480,3,0.0005,0.0265940092504025
481,3,0.0005,0.0327952727675438
482,3,0.0005,0.0252591725438833
483,3,0.0005,0.0366821363568306
484,3,0.0005,0.0231863092631102
485,3,0.0005,0.0271152872592211
486,3,0.0005,0.0322712436318398
487,3,0.0005,0.0285398587584496
488,3,0.0005,0.0287551023066044
489,3,0.0005,0.031474057585001
490,3,0.0005,0.0270522106438875
491,3,0.0005,0.0235526077449322
492,3,0.0005,0.0257879011332989
493,3,0.0005,0.0238663032650948
494,3,0.0005,0.0309845078736544
495,3,0.0005,0.0233118049800396
496,3,0.0005,0.029374998062849
497,3,0.0005,0.0277362056076527
498,3,0.0005,0.0289209466427565
499,3,0.0005,0.0281575340777636
500,3,0.0005,0.0263853762298822
501,3,0.0005,0.0256018470972776
502,3,0.0005,0.0254442729055882
503,3,0.0005,0.0246020536869764
504,3,0.0005,0.0334191173315048
505,3,0.0005,0.0283981040120125
506,3,0.0005,0.0343221798539162
507,3,0.0005,0.0339548029005527
508,3,0.0005,0.0276618395000696
509,3,0.0005,0.0258873663842678
510,3,0.0005,0.0277741979807615
511,3,0.0005,0.0335749462246895
512,3,0.0005,0.0289461128413677
513,3,0.0005,0.0266283545643091
514,3,0.0005,0.0243293680250645
515,3,0.0005,0.0310678146779537
516,3,0.0005,0.0290135499089956
517,3,0.0005,0.0257841497659683
518,3,0.0005,0.0259998366236687
519,3,0.0005,0.0270093567669392
520,3,0.0005,0.0266562197357416
521,3,0.0005,0.0259514432400465
522,3,0.0005,0.0306680928915739
523,3,0.0005,0.0283609088510275
524,3,0.0005,0.0342025868594646
525,3,0.0005,0.0306511949747801
526,3,0.0005,0.0264936424791813
527,3,0.0005,0.0227505192160606
528,3,0.0005,0.0258741434663534
529,3,0.0005,0.0291215851902962
530,3,0.0005,0.0226844027638435
531,3,0.0005,0.028840059414506
532,3,0.0005,0.0280003882944584
533,3,0.0005,0.0232179369777441
534,3,0.0005,0.0239270254969597
535,3,0.0005,0.0269499719142914
536,3,0.0005,0.0296903476119041
537,3,0.0005,0.0325240157544613
538,3,0.0005,0.0283394325524569
539,3,0.0005,0.0275971442461014
540,3,0.0005,0.0271080043166876
541,3,0.0005,0.0217053778469563
542,3,0.0005,0.0223755091428757
543,3,0.0005,0.0331773087382317
544,3,0.0005,0.02159708365798
545,3,0.0005,0.0355767942965031
546,3,0.0005,0.0257581789046526
547,3,0.0005,0.024037279188633
548,3,0.0005,0.0236569307744503
549,3,0.0005,0.0242525916546583
550,3,0.0005,0.0251629315316677
551,3,0.0005,0.0302139353007078
552,3,0.0005,0.020590215921402
553,3,0.0005,0.0290051735937595
554,3,0.0005,0.0245117358863354
555,3,0.0005,0.0346399582922459
556,3,0.0005,0.0318885110318661
557,3,0.0005,0.0218628942966461
558,3,0.0005,0.026456817984581
559,3,0.0005,0.0232586748898029
560,3,0.0005,0.035591434687376
561,3,0.0005,0.0237132739275694
562,3,0.0005,0.0296302996575832
563,3,0.0005,0.0306943692266941
564,3,0.0005,0.0256373472511768
565,3,0.0005,0.0296379774808884
566,3,0.0005,0.0269008502364159
567,3,0.0005,0.0285260360687971
568,3,0.0005,0.0262346900999546
569,3,0.0005,0.018283300101757
570,3,0.0005,0.0265132393687963
571,3,0.0005,0.0274848509579897
572,3,0.0005,0.0257925484329462
573,3,0.0005,0.0266638994216919
574,3,0.0005,0.025194363668561
575,3,0.0005,0.0262076519429684
576,3,0.0005,0.0302489250898361
577,3,0.0005,0.0281024239957333
578,3,0.0005,0.0253637004643679
579,3,0.0005,0.02534812502563
580,3,0.0005,0.0276971999555826
581,3,0.0005,0.0262331459671259
582,3,0.0005,0.0248549617826939
583,4,0.0005,0.0284123104065657
584,4,0.0005,0.0310561042279005
585,4,0.0005,0.0261172689497471
586,4,0.0005,0.0310252923518419
587,4,0.0005,0.0282091554254293
588,4,0.0005,0.0284223482012749
589,4,0.0005,0.0258081387728453
590,4,0.0005,0.0304185263812542
591,4,0.0005,0.0217561591416597
592,4,0.0005,0.0269742533564568
593,4,0.0005,0.0287712216377258
594,4,0.0005,0.0275576803833246
595,4,0.0005,0.0275816116482019
596,4,0.0005,0.0297161247581244
597,4,0.0005,0.0303694922477007
598,4,0.0005,0.0285275336354971
599,4,0.0005,0.0213257819414139
600,4,0.0005,0.0301922354847193
601,4,0.0005,0.0272394400089979
602,4,0.0005,0.023823069408536
603,4,0.0005,0.029200442135334
604,4,0.0005,0.0264478474855423
605,4,0.0005,0.0284857358783484
606,4,0.0005,0.0260177794843912
607,4,0.0005,0.0244685746729374
608,4,0.0005,0.0288741420954466
609,4,0.0005,0.0268133450299501
610,4,0.0005,0.0231364015489817
611,4,0.0005,0.0283964369446039
612,4,0.0005,0.0274676103144884
613,4,0.0005,0.0291529111564159
614,4,0.0005,0.0280639547854662
615,4,0.0005,0.0271745529025793
616,4,0.0005,0.023982010781765
617,4,0.0005,0.0273568220436573
618,4,0.0005,0.0292564667761326
619,4,0.0005,0.0261807106435299
620,4,0.0005,0.025392010807991
621,4,0.0005,0.0186613574624062
622,4,0.0005,0.0250599291175604
623,4,0.0005,0.0284053962677717
624,4,0.0005,0.0235953442752361
625,4,0.0005,0.028003353625536
626,4,0.0005,0.0256884843111038
627,4,0.0005,0.0234069135040045
628,4,0.0005,0.0254253968596458
629,4,0.0005,0.0314386300742626
630,4,0.0005,0.0285665430128574
631,4,0.0005,0.0247594453394413
632,4,0.0005,0.0217612311244011
633,4,0.0005,0.0330020934343338
634,4,0.0005,0.0225636400282383
635,4,0.0005,0.0240814313292503
636,4,0.0005,0.0214015357196331
637,4,0.0005,0.0251958090811968
638,4,0.0005,0.0278055854141712
639,4,0.0005,0.0289361998438835
640,4,0.0005,0.0271344557404518
641,4,0.0005,0.0245459154248238
642,4,0.0005,0.0290667284280062
643,4,0.0005,0.0275506004691124
644,4,0.0005,0.0249870866537094
645,4,0.0005,0.0280299615114927
646,4,0.0005,0.0281758569180965
647,4,0.0005,0.0276051834225655
648,4,0.0005,0.0270117186009884
649,4,0.0005,0.0270650666207075
650,4,0.0005,0.0256325304508209
651,4,0.0005,0.0239867474883795
652,4,0.0005,0.029974527657032
653,4,0.0005,0.0251535698771477
654,4,0.0005,0.0263510290533304
655,4,0.0005,0.0213110484182835
656,4,0.0005,0.0262164883315563
657,4,0.0005,0.0253581646829844
658,4,0.0005,0.0228566266596317
659,4,0.0005,0.0211380980908871
660,4,0.0005,0.0200068280100822
661,4,0.0005,0.0254394728690386
662,4,0.0005,0.022672763094306
663,4,0.0005,0.02290497161448
664,4,0.0005,0.0268938429653645
665,4,0.0005,0.0251144077628851
666,4,0.0005,0.0255516692996025
667,4,0.0005,0.0195861086249352
668,4,0.0005,0.0231344755738974
669,4,0.0005,0.0262789148837328
670,4,0.0005,0.0190187189728022
671,4,0.0005,0.0329216606914997
672,4,0.0005,0.0311860889196396
673,4,0.0005,0.021664883941412
674,4,0.0005,0.0236816126853228
675,4,0.0005,0.0252324119210243
676,4,0.0005,0.021740073338151
677,4,0.0005,0.0258236918598413
678,4,0.0005,0.0244215112179518
679,4,0.0005,0.0233095549046993
680,4,0.0005,0.0310294982045889
681,4,0.0005,0.0254958644509315
682,4,0.0005,0.027917493134737
683,4,0.0005,0.0241582132875919
684,4,0.0005,0.0206230282783508
685,4,0.0005,0.0233176853507757
686,4,0.0005,0.0207529962062836
687,4,0.0005,0.0237474534660578
688,4,0.0005,0.024378189817071
689,4,0.0005,0.0299104657024145
690,4,0.0005,0.0286762304604053
691,4,0.0005,0.0318023897707462
692,4,0.0005,0.0291461739689112
693,4,0.0005,0.0229357909411192
694,4,0.0005,0.0298945568501949
695,4,0.0005,0.026935575529933
696,4,0.0005,0.0284897238016129
697,4,0.0005,0.023958507925272
698,4,0.0005,0.0286425221711397
699,4,0.0005,0.0288681797683239
700,4,0.0005,0.0204964932054281
701,4,0.0005,0.0269148983061314
702,4,0.0005,0.0200947392731905
703,4,0.0005,0.0310145821422338
704,4,0.0005,0.0223814826458693
705,4,0.0005,0.0223330836743116
706,4,0.0005,0.0233843401074409
707,4,0.0005,0.0258990377187729
708,4,0.0005,0.0271481964737177
709,4,0.0005,0.0275695901364088
710,4,0.0005,0.0280245505273342
711,4,0.0005,0.0282680261880159
712,4,0.0005,0.0275862142443657
713,4,0.0005,0.0292467977851629
714,4,0.0005,0.0231352746486664
715,4,0.0005,0.0229019317775965
716,4,0.0005,0.027959456667304
717,4,0.0005,0.0242463145405054
718,4,0.0005,0.02018410153687
719,4,0.0005,0.0218833852559328
720,4,0.0005,0.0235333703458309
721,4,0.0005,0.0304199438542128
722,4,0.0005,0.0312587097287178
723,4,0.0005,0.0251320414245129
724,4,0.0005,0.035075020045042
725,4,0.0005,0.029205784201622
726,4,0.0005,0.0263048857450485
727,4,0.0005,0.0212662909179926
728,4,0.0005,0.023846011608839
729,4,0.0005,0.0243667531758547
730,4,0.0005,0.0277072340250015
731,4,0.0005,0.0229890290647745
732,4,0.0005,0.0239967200905085
733,4,0.0005,0.0281045883893967
734,4,0.0005,0.0257216077297926
735,4,0.0005,0.029481865465641
736,4,0.0005,0.0228000953793526
737,4,0.0005,0.0229075290262699
738,4,0.0005,0.0261772181838751
739,4,0.0005,0.0271820910274982
740,4,0.0005,0.0317728966474533
741,4,0.0005,0.0228336229920387
742,4,0.0005,0.0263785570859909
743,4,0.0005,0.0243947822600603
744,4,0.0005,0.0192764773964882
745,4,0.0005,0.022528862580657
746,4,0.0005,0.0309437401592731
747,4,0.0005,0.0234117582440376
748,4,0.0005,0.0239105802029371
749,4,0.0005,0.0228095483034849
750,4,0.0005,0.027159983292222
751,4,0.0005,0.0242614969611168
752,4,0.0005,0.0307274982333183
753,4,0.0005,0.0247546993196011
754,4,0.0005,0.0225192233920097
755,4,0.0005,0.0234065316617489
756,4,0.0005,0.0312927663326263
757,4,0.0005,0.0294139664620161
758,4,0.0005,0.0233470629900694
759,4,0.0005,0.0295897703617811
760,4,0.0005,0.0268698427826166
761,4,0.0005,0.0278632659465075
762,4,0.0005,0.0236569624394178
763,4,0.0005,0.027380533516407
764,4,0.0005,0.0277670435607433
765,4,0.0005,0.0297337137162685
766,4,0.0005,0.0293062813580036
767,4,0.0005,0.0233685523271561
768,4,0.0005,0.0313813388347626
769,4,0.0005,0.0262569915503263
770,4,0.0005,0.0263189822435379
771,4,0.0005,0.0208540018647909
772,4,0.0005,0.0229183342307806
773,4,0.0005,0.0265378970652819
774,4,0.0005,0.0229156091809273
775,4,0.0005,0.0265575461089611
776,4,0.0005,0.0283824540674686
777,5,0.0005,0.0287390816956758
778,5,0.0005,0.0223860591650009
779,5,0.0005,0.0261144265532494
780,5,0.0005,0.0267853680998087
781,5,0.0005,0.0279832873493433
782,5,0.0005,0.0232409965246916
783,5,0.0005,0.0266308356076479
784,5,0.0005,0.0273891109973192
785,5,0.0005,0.0260971114039421
786,5,0.0005,0.0200978871434927
787,5,0.0005,0.0306429769843817
788,5,0.0005,0.0281394366174936
789,5,0.0005,0.026792461052537
790,5,0.0005,0.0211212951689959
791,5,0.0005,0.0288721993565559
792,5,0.0005,0.0241609327495098
793,5,0.0005,0.0243525598198175
794,5,0.0005,0.0264653526246548
795,5,0.0005,0.0232690703123808
796,5,0.0005,0.0250797756016254
797,5,0.0005,0.0240230485796928
798,5,0.0005,0.0266243126243353
799,5,0.0005,0.0237073190510273
800,5,0.0005,0.030524680390954
801,5,0.0005,0.0234159678220749
802,5,0.0005,0.0285734944045544
803,5,0.0005,0.0260528661310673
804,5,0.0005,0.0243270620703697
805,5,0.0005,0.0294404067099094
806,5,0.0005,0.0224050302058458
807,5,0.0005,0.019361037760973
808,5,0.0005,0.0257267337292433
809,5,0.0005,0.0278676357120275
810,5,0.0005,0.0251813735812902
811,5,0.0005,0.0274095796048641
812,5,0.0005,0.0223475322127342
813,5,0.0005,0.0234190970659256
814,5,0.0005,0.0264539085328579
815,5,0.0005,0.0241829827427864
816,5,0.0005,0.0248729959130287
817,5,0.0005,0.02689721994102
818,5,0.0005,0.0285856556147337
819,5,0.0005,0.0253348164260387
820,5,0.0005,0.0240988060832024
821,5,0.0005,0.0268230158835649
822,5,0.0005,0.0336845889687538
823,5,0.0005,0.0233847070485353
824,5,0.0005,0.0282578803598881
825,5,0.0005,0.0241436902433634
826,5,0.0005,0.0199114959686995
827,5,0.0005,0.0252233482897282
828,5,0.0005,0.0232494082301855
829,5,0.0005,0.0188855342566967
830,5,0.0005,0.03173753246665
831,5,0.0005,0.0211454313248396
832,5,0.0005,0.0263952743262053
833,5,0.0005,0.0279423911124468
834,5,0.0005,0.0183789078146219
835,5,0.0005,0.0266839023679495
836,5,0.0005,0.0210266206413507
837,5,0.0005,0.0278646349906921
838,5,0.0005,0.0236890483647585
839,5,0.0005,0.0233129654079676
840,5,0.0005,0.0195157285779715
841,5,0.0005,0.0302299465984106
842,5,0.0005,0.0215616934001446
843,5,0.0005,0.0202024709433317
844,5,0.0005,0.0234183575958014
845,5,0.0005,0.0195397324860096
846,5,0.0005,0.0255146380513906
847,5,0.0005,0.022331427782774
848,5,0.0005,0.0219279173761606
849,5,0.0005,0.0313977524638176
850,5,0.0005,0.0218851808458567
851,5,0.0005,0.0244282297790051
852,5,0.0005,0.026697201654315
853,5,0.0005,0.0315578728914261
854,5,0.0005,0.0307246651500463
855,5,0.0005,0.0247247535735369
856,5,0.0005,0.0259005334228277
857,5,0.0005,0.0313114859163761
858,5,0.0005,0.0277234930545092
859,5,0.0005,0.0219445563852787
860,5,0.0005,0.0276577100157738
861,5,0.0005,0.0241577681154013
862,5,0.0005,0.020437479019165
863,5,0.0005,0.0264611020684242
864,5,0.0005,0.0245058592408895
865,5,0.0005,0.0293307546526194
866,5,0.0005,0.0220058113336563
867,5,0.0005,0.0293628796935081
868,5,0.0005,0.0232403464615345
869,5,0.0005,0.023739293217659
870,5,0.0005,0.0222028307616711
871,5,0.0005,0.0269730128347874
872,5,0.0005,0.0211225543171167
873,5,0.0005,0.0217510405927896
874,5,0.0005,0.0242686811834574
875,5,0.0005,0.0234274752438068
876,5,0.0005,0.0238020047545433
877,5,0.0005,0.0350439175963402
878,5,0.0005,0.018522571772337
879,5,0.0005,0.0229104515165091
880,5,0.0005,0.0247048418968916
881,5,0.0005,0.0324408151209354
882,5,0.0005,0.020763898268342
883,5,0.0005,0.0274014137685299
884,5,0.0005,0.0370508134365082
885,5,0.0005,0.023679006844759
886,5,0.0005,0.0278730057179928
887,5,0.0005,0.0218406263738871
888,5,0.0005,0.0243455916643143
889,5,0.0005,0.0162846110761166
890,5,0.0005,0.026449890807271
891,5,0.0005,0.0220021698623896
892,5,0.0005,0.0161973349750042
893,5,0.0005,0.0259907077997923
894,5,0.0005,0.0366389378905296
895,5,0.0005,0.0282993596047163
896,5,0.0005,0.0264679417014122
897,5,0.0005,0.0285990070551634
898,5,0.0005,0.0236243903636932
899,5,0.0005,0.0210724398493767
900,5,0.0005,0.0258739236742258
901,5,0.0005,0.0267223604023457
902,5,0.0005,0.0209352187812328
903,5,0.0005,0.0193643514066935
904,5,0.0005,0.0162783078849316
905,5,0.0005,0.0258402451872826
906,5,0.0005,0.0172786898910999
907,5,0.0005,0.0317917577922344
908,5,0.0005,0.024832759052515
909,5,0.0005,0.0235152840614319
910,5,0.0005,0.0284673050045967
911,5,0.0005,0.030978636816144
912,5,0.0005,0.0251474026590586
913,5,0.0005,0.0231790337711573
914,5,0.0005,0.0261224694550037
915,5,0.0005,0.0190139189362526
916,5,0.0005,0.0301696117967367
917,5,0.0005,0.0197108518332243
918,5,0.0005,0.018893638625741
919,5,0.0005,0.0333717130124569
920,5,0.0005,0.0264752805233002
921,5,0.0005,0.028257817029953
922,5,0.0005,0.0265653561800718
923,5,0.0005,0.0235189218074083
924,5,0.0005,0.0263553466647863
925,5,0.0005,0.0253390483558178
926,5,0.0005,0.0268264636397362
927,5,0.0005,0.0231602471321821
928,5,0.0005,0.0256819762289524
929,5,0.0005,0.0268614646047354
930,5,0.0005,0.0252570286393166
931,5,0.0005,0.025834996253252
932,5,0.0005,0.0284414477646351
933,5,0.0005,0.0259957257658243
934,5,0.0005,0.0226906500756741
935,5,0.0005,0.0291655268520117
936,5,0.0005,0.0187319722026587
937,5,0.0005,0.0243072491139174
938,5,0.0005,0.0262450184673071
939,5,0.0005,0.0255615077912807
940,5,0.0005,0.0282716453075409
941,5,0.0005,0.0235880762338638
942,5,0.0005,0.0178354233503342
943,5,0.0005,0.0187301021069288
944,5,0.0005,0.0255858171731234
945,5,0.0005,0.0242406968027353
946,5,0.0005,0.0203680451959372
947,5,0.0005,0.0190872363746166
948,5,0.0005,0.0221140496432781
949,5,0.0005,0.0263362359255552
950,5,0.0005,0.0275641679763794
951,5,0.0005,0.0290770623832941
952,5,0.0005,0.0232367962598801
953,5,0.0005,0.0306576546281576
954,5,0.0005,0.0249710157513618
955,5,0.0005,0.0211430303752422
956,5,0.0005,0.0208881199359894
957,5,0.0005,0.0177405159920454
958,5,0.0005,0.0210617315024137
959,5,0.0005,0.0190316140651703
960,5,0.0005,0.0277769044041634
961,5,0.0005,0.021513307467103
962,5,0.0005,0.0210687108337879
963,5,0.0005,0.022108418866992
964,5,0.0005,0.0188153311610222
965,5,0.0005,0.0212255790829659
966,5,0.0005,0.025809969753027
967,5,0.0005,0.0251830220222473
968,5,0.0005,0.0266038682311773
969,5,0.0005,0.0212166253477335
970,5,0.0005,0.0222208090126514
971,6,0.0005,0.0244846567511559
972,6,0.0005,0.0235673114657402
973,6,0.0005,0.0253016911447048
974,6,0.0005,0.0258489027619362
975,6,0.0005,0.0250919852405787
976,6,0.0005,0.0245284605771303
977,6,0.0005,0.0281219501048326
978,6,0.0005,0.0258810352534056
979,6,0.0005,0.0276996046304703
980,6,0.0005,0.0247906055301428
981,6,0.0005,0.0201359931379557
982,6,0.0005,0.0308838076889515
983,6,0.0005,0.0206227041780949
984,6,0.0005,0.0199411436915398
985,6,0.0005,0.0290408842265606
986,6,0.0005,0.0310904812067747
987,6,0.0005,0.0203367695212364
988,6,0.0005,0.0212658178061247
989,6,0.0005,0.0176862087100744
990,6,0.0005,0.0318540073931217
991,6,0.0005,0.0212804302573204
992,6,0.0005,0.0263072568923235
993,6,0.0005,0.0218040440231562
994,6,0.0005,0.0226728823035955
995,6,0.0005,0.0224529523402452
996,6,0.0005,0.0304904151707888
997,6,0.0005,0.0210951659828424
998,6,0.0005,0.0201304443180561
999,6,0.0005,0.0266577303409576
1000,6,0.0005,0.0194294657558203
1001,6,0.0005,0.0187914054840803
1002,6,0.0005,0.0331905223429203
1003,6,0.0005,0.0272855404764414
1004,6,0.0005,0.030758872628212
1005,6,0.0005,0.0250970479100943
1006,6,0.0005,0.0217943768948317
1007,6,0.0005,0.0291521027684212
1008,6,0.0005,0.0245309732854366
1009,6,0.0005,0.0241266861557961
1010,6,0.0005,0.0220191590487957
1011,6,0.0005,0.0239581018686295
1012,6,0.0005,0.0184857994318008
1013,6,0.0005,0.0308176595717669
1014,6,0.0005,0.0294393338263035
1015,6,0.0005,0.0245220903307199
1016,6,0.0005,0.0255481321364641
1017,6,0.0005,0.0273380540311337
1018,6,0.0005,0.0269909258931875
1019,6,0.0005,0.0209949780255556
1020,6,0.0005,0.0195180419832468
1021,6,0.0005,0.0228086654096842
1022,6,0.0005,0.0322819389402866
1023,6,0.0005,0.0257077552378178
1024,6,0.0005,0.0236713159829378
1025,6,0.0005,0.0219581238925457
1026,6,0.0005,0.0229127574712038
1027,6,0.0005,0.0199244786053896
1028,6,0.0005,0.0210525300353765
1029,6,0.0005,0.0324612408876419
1030,6,0.0005,0.0275419838726521
1031,6,0.0005,0.0262066219002008
1032,6,0.0005,0.0195336919277906
1033,6,0.0005,0.0213627070188522
1034,6,0.0005,0.0233083851635456
1035,6,0.0005,0.0250448882579803
1036,6,0.0005,0.0284300539642572
1037,6,0.0005,0.0214053932577372
1038,6,0.0005,0.0206668358296156
1039,6,0.0005,0.022174172103405
1040,6,0.0005,0.0234054978936911
1041,6,0.0005,0.0275720003992319
1042,6,0.0005,0.0217257458716631
1043,6,0.0005,0.0232430137693882
1044,6,0.0005,0.0250292122364044
1045,6,0.0005,0.0225382633507252
1046,6,0.0005,0.0221968945115805
1047,6,0.0005,0.0188513118773699
1048,6,0.0005,0.0231621451675892
1049,6,0.0005,0.0164828207343817
1050,6,0.0005,0.0325912162661552
1051,6,0.0005,0.0196488071233034
1052,6,0.0005,0.0206251312047243
1053,6,0.0005,0.0257693883031607
1054,6,0.0005,0.0335392318665981
1055,6,0.0005,0.0213669314980507
1056,6,0.0005,0.0260754600167274
1057,6,0.0005,0.0195068828761578
1058,6,0.0005,0.0239144675433636
1059,6,0.0005,0.0231580045074224
1060,6,0.0005,0.0323744900524616
1061,6,0.0005,0.0237670037895441
1062,6,0.0005,0.0285747777670622
1063,6,0.0005,0.0182715281844139
1064,6,0.0005,0.0281706601381302
1065,6,0.0005,0.0201914068311453
1066,6,0.0005,0.0276232678443193
1067,6,0.0005,0.0196608379483223
1068,6,0.0005,0.0239921491593122
1069,6,0.0005,0.0259547773748636
1070,6,0.0005,0.0185704752802849
1071,6,0.0005,0.0211229771375656
1072,6,0.0005,0.0204649306833744
1073,6,0.0005,0.019276449456811
1074,6,0.0005,0.0283725578337908
1075,6,0.0005,0.0262342635542154
1076,6,0.0005,0.0219010189175606
1077,6,0.0005,0.0249603874981403
1078,6,0.0005,0.0261336546391249
1079,6,0.0005,0.0188401434570551
1080,6,0.0005,0.0252179112285376
1081,6,0.0005,0.022677218541503
1082,6,0.0005,0.0209780801087618
1083,6,0.0005,0.0209468845278025
1084,6,0.0005,0.0238019973039627
1085,6,0.0005,0.0324165634810925
1086,6,0.0005,0.0335165970027447
1087,6,0.0005,0.0271147899329662
1088,6,0.0005,0.0172852110117674
1089,6,0.0005,0.0229826867580414
1090,6,0.0005,0.025305550545454
1091,6,0.0005,0.0259178131818771
1092,6,0.0005,0.0300588887184858
1093,6,0.0005,0.0247175060212612
1094,6,0.0005,0.0273556001484394
1095,6,0.0005,0.0253141634166241
1096,6,0.0005,0.0263894014060497
1097,6,0.0005,0.0208141803741455
1098,6,0.0005,0.0192802492529154
1099,6,0.0005,0.0212152097374201
1100,6,0.0005,0.0199741460382938
1101,6,0.0005,0.0212579276412725
1102,6,0.0005,0.0236313100904226
1103,6,0.0005,0.0274887420237064
1104,6,0.0005,0.0246840305626392
1105,6,0.0005,0.0264721624553204
1106,6,0.0005,0.0173160284757614
1107,6,0.0005,0.0226230695843697
1108,6,0.0005,0.0181497558951378
1109,6,0.0005,0.0233755614608526
1110,6,0.0005,0.0221071038395166
1111,6,0.0005,0.023137740790844
1112,6,0.0005,0.0275802426040173
1113,6,0.0005,0.0271924417465925
1114,6,0.0005,0.0158811081200838
1115,6,0.0005,0.0269235149025917
1116,6,0.0005,0.0294234845787287
1117,6,0.0005,0.0253919754177332
1118,6,0.0005,0.0243593268096447
1119,6,0.0005,0.0288579761981964
1120,6,0.0005,0.026613611727953
1121,6,0.0005,0.025274658575654
1122,6,0.0005,0.0249904785305262
1123,6,0.0005,0.0261200834065676
1124,6,0.0005,0.021061884239316
1125,6,0.0005,0.0229753572493792
1126,6,0.0005,0.0239263642579317
1127,6,0.0005,0.0285643581300974
1128,6,0.0005,0.0205298941582441
1129,6,0.0005,0.0184424966573715
1130,6,0.0005,0.0265950784087181
1131,6,0.0005,0.0249400716274977
1132,6,0.0005,0.028448473662138
1133,6,0.0005,0.0300378873944283
1134,6,0.0005,0.0226474888622761
1135,6,0.0005,0.0202615596354008
1136,6,0.0005,0.0197181403636932
1137,6,0.0005,0.02807985432446
1138,6,0.0005,0.027462312951684
1139,6,0.0005,0.0206143297255039
1140,6,0.0005,0.0155854783952236
1141,6,0.0005,0.0233254097402096
1142,6,0.0005,0.0224870163947344
1143,6,0.0005,0.0251264162361622
1144,6,0.0005,0.0244143698364496
1145,6,0.0005,0.0237309597432613
1146,6,0.0005,0.0201463773846626
1147,6,0.0005,0.0211482420563698
1148,6,0.0005,0.0183385852724314
1149,6,0.0005,0.0232893507927656
1150,6,0.0005,0.0245502144098282
1151,6,0.0005,0.0280112307518721
1152,6,0.0005,0.031581737101078
1153,6,0.0005,0.0237034130841494
1154,6,0.0005,0.0317521952092648
1155,6,0.0005,0.0230700932443142
1156,6,0.0005,0.0205429252237082
1157,6,0.0005,0.0184274017810822
1158,6,0.0005,0.0204978249967098
1159,6,0.0005,0.0256123021245003
1160,6,0.0005,0.0236719101667404
1161,6,0.0005,0.0202646218240261
1162,6,0.0005,0.0201305504888296
1163,6,0.0005,0.0234780330210924
1164,6,0.0005,0.022478437051177
1165,7,0.0005,0.0222614221274853
1166,7,0.0005,0.0269097052514553
1167,7,0.0005,0.020844180136919
1168,7,0.0005,0.0243899077177048
1169,7,0.0005,0.0259810872375965
1170,7,0.0005,0.0226785074919462
1171,7,0.0005,0.022446047514677
1172,7,0.0005,0.0241185985505581
1173,7,0.0005,0.0199214294552803
1174,7,0.0005,0.02267761901021
1175,7,0.0005,0.0267734508961439
1176,7,0.0005,0.0287661589682102
1177,7,0.0005,0.0198017228394747
1178,7,0.0005,0.0254577044397593
1179,7,0.0005,0.0252540223300457
1180,7,0.0005,0.0221941098570824
1181,7,0.0005,0.0216926094144583
1182,7,0.0005,0.0189610179513693
1183,7,0.0005,0.0248414985835552
1184,7,0.0005,0.0256252754479647
1185,7,0.0005,0.0269555225968361
1186,7,0.0005,0.0247536338865757
1187,7,0.0005,0.0234846547245979
1188,7,0.0005,0.0285941231995821
1189,7,0.0005,0.0179624762386084
1190,7,0.0005,0.0230600275099277
1191,7,0.0005,0.0216773562133312
1192,7,0.0005,0.0239304918795824
1193,7,0.0005,0.0227035582065582
1194,7,0.0005,0.0279692281037569
1195,7,0.0005,0.0170257855206728
1196,7,0.0005,0.0226025283336639
1197,7,0.0005,0.023090448230505
1198,7,0.0005,0.0261620450764894
1199,7,0.0005,0.0185187738388777
1200,7,0.0005,0.0218279920518398
1201,7,0.0005,0.016445791348815
1202,7,0.0005,0.0239762011915445
1203,7,0.0005,0.0197933856397867
1204,7,0.0005,0.0285968482494354
1205,7,0.0005,0.023156151175499
1206,7,0.0005,0.0220908261835575
1207,7,0.0005,0.0279437489807606
1208,7,0.0005,0.0232224985957146
1209,7,0.0005,0.0213552173227072
1210,7,0.0005,0.0280257817357779
1211,7,0.0005,0.0244878362864256
1212,7,0.0005,0.0241218227893114
1213,7,0.0005,0.0256904177367687
1214,7,0.0005,0.0225764010101557
1215,7,0.0005,0.0186133924871683
1216,7,0.0005,0.0266583152115345
1217,7,0.0005,0.0246916171163321
1218,7,0.0005,0.0191001165658236
1219,7,0.0005,0.0316476076841354
1220,7,0.0005,0.0259642377495766
1221,7,0.0005,0.0318035781383514
1222,7,0.0005,0.0272776111960411
1223,7,0.0005,0.0220371652394533
1224,7,0.0005,0.0219414420425892
1225,7,0.0005,0.0247320514172316
1226,7,0.0005,0.0237682834267616
1227,7,0.0005,0.0266886781901121
1228,7,0.0005,0.0232414808124304
1229,7,0.0005,0.0175257436931133
1230,7,0.0005,0.0271739102900028
1231,7,0.0005,0.0179978888481855
1232,7,0.0005,0.0234044436365366
1233,7,0.0005,0.0209669638425112
1234,7,0.0005,0.0223050862550735
1235,7,0.0005,0.0256186556071043
1236,7,0.0005,0.0204838048666716
1237,7,0.0005,0.0220913719385862
1238,7,0.0005,0.0180698037147522
1239,7,0.0005,0.0182511229068041
1240,7,0.0005,0.0210181754082441
1241,7,0.0005,0.0236100442707539
1242,7,0.0005,0.02324054017663
1243,7,0.0005,0.0235696826130152
1244,7,0.0005,0.0210700370371342
1245,7,0.0005,0.0235882364213467
1246,7,0.0005,0.0191671475768089
1247,7,0.0005,0.0211217720061541
1248,7,0.0005,0.0256663411855698
1249,7,0.0005,0.0221187379211187
1250,7,0.0005,0.0249250307679176
1251,7,0.0005,0.0255288127809763
1252,7,0.0005,0.0304637290537357
1253,7,0.0005,0.0220365822315216
1254,7,0.0005,0.0217684805393219
1255,7,0.0005,0.0248667187988758
1256,7,0.0005,0.0297349579632282
1257,7,0.0005,0.0253227520734072
1258,7,0.0005,0.0195151977241039
1259,7,0.0005,0.0218431577086449
1260,7,0.0005,0.0293901525437832
1261,7,0.0005,0.0185935609042645
1262,7,0.0005,0.0199259556829929
1263,7,0.0005,0.0216125920414925
1264,7,0.0005,0.0268166419118643
1265,7,0.0005,0.0260119736194611
1266,7,0.0005,0.0254895519465208
1267,7,0.0005,0.0268694031983614
1268,7,0.0005,0.0244483202695847
1269,7,0.0005,0.0230329968035221
1270,7,0.0005,0.0252919010818005
1271,7,0.0005,0.0223779622465372
1272,7,0.0005,0.0227134805172682
1273,7,0.0005,0.0312524177134037
1274,7,0.0005,0.0189488213509321
1275,7,0.0005,0.0199461039155722
1276,7,0.0005,0.0264965537935495
1277,7,0.0005,0.0193611700087786
1278,7,0.0005,0.0228772405534983
1279,7,0.0005,0.0216669291257858
1280,7,0.0005,0.0162975341081619
1281,7,0.0005,0.0178369618952274
1282,7,0.0005,0.0219055935740471
1283,7,0.0005,0.0288821924477816
1284,7,0.0005,0.0279682446271181
1285,7,0.0005,0.0277854986488819
1286,7,0.0005,0.0231789071112871
1287,7,0.0005,0.0211366880685091
1288,7,0.0005,0.0241697188466787
1289,7,0.0005,0.0174838937819004
1290,7,0.0005,0.0206914413720369
1291,7,0.0005,0.0303744431585073
1292,7,0.0005,0.0206743665039539
1293,7,0.0005,0.0194427371025085
1294,7,0.0005,0.0242210309952497
1295,7,0.0005,0.0209979005157948
1296,7,0.0005,0.0220489148050547
1297,7,0.0005,0.0232423637062311
1298,7,0.0005,0.023351639509201
1299,7,0.0005,0.0233449377119541
1300,7,0.0005,0.0261394251137972
1301,7,0.0005,0.0260290037840605
1302,7,0.0005,0.0271162539720535
1303,7,0.0005,0.0239832736551762
1304,7,0.0005,0.0292986035346985
1305,7,0.0005,0.0208606272935867
1306,7,0.0005,0.0238963142037392
1307,7,0.0005,0.0254975985735655
1308,7,0.0005,0.0301855187863111
1309,7,0.0005,0.0254511293023825
1310,7,0.0005,0.0222114026546478
1311,7,0.0005,0.0251748785376549
1312,7,0.0005,0.0205449145287275
1313,7,0.0005,0.0271091796457767
1314,7,0.0005,0.0255255922675133
1315,7,0.0005,0.0208632946014404
1316,7,0.0005,0.0290461294353008
1317,7,0.0005,0.0231550727039576
1318,7,0.0005,0.0252340417355299
1319,7,0.0005,0.0269800890237093
1320,7,0.0005,0.0186997074633837
1321,7,0.0005,0.0254691410809755
1322,7,0.0005,0.0219942070543766
1323,7,0.0005,0.0224991422146559
1324,7,0.0005,0.0239215511828661
1325,7,0.0005,0.0324545465409756
1326,7,0.0005,0.0212126281112432
1327,7,0.0005,0.0201911553740501
1328,7,0.0005,0.0255694966763258
1329,7,0.0005,0.0264773033559322
1330,7,0.0005,0.0263696499168873
1331,7,0.0005,0.0182243175804615
1332,7,0.0005,0.0209033731371164
1333,7,0.0005,0.0217137914150953
1334,7,0.0005,0.0198840629309416
1335,7,0.0005,0.0224281158298254
1336,7,0.0005,0.0178751572966576
1337,7,0.0005,0.0297820530831814
1338,7,0.0005,0.0221115779131651
1339,7,0.0005,0.0236448738723993
1340,7,0.0005,0.0196098275482655
1341,7,0.0005,0.0240180250257254
1342,7,0.0005,0.0237664561718702
1343,7,0.0005,0.0268853455781937
1344,7,0.0005,0.0218473020941019
1345,7,0.0005,0.0217748824506998
1346,7,0.0005,0.0291373264044523
1347,7,0.0005,0.0134193766862154
1348,7,0.0005,0.0274648740887642
1349,7,0.0005,0.0239318776875734
1350,7,0.0005,0.021322401240468
1351,7,0.0005,0.0239632539451122
1352,7,0.0005,0.0269474033266306
1353,7,0.0005,0.0287495274096727
1354,7,0.0005,0.0255582816898823
1355,7,0.0005,0.0272124372422695
1356,7,0.0005,0.0249605383723974
1357,7,0.0005,0.0266622509807348
1358,7,0.0005,0.0265965405851603
1359,8,0.0005,0.0258006155490875
1360,8,0.0005,0.0128980660811067
1361,8,0.0005,0.0240039248019457
1362,8,0.0005,0.0226419176906347
1363,8,0.0005,0.020800456404686
1364,8,0.0005,0.0239733476191759
1365,8,0.0005,0.0245441365987062
1366,8,0.0005,0.0277017969638109
1367,8,0.0005,0.0255283173173666
1368,8,0.0005,0.0239375457167625
1369,8,0.0005,0.0255210287868977
1370,8,0.0005,0.0217585545033216
1371,8,0.0005,0.0242335461080074
1372,8,0.0005,0.0238378532230854
1373,8,0.0005,0.0219343025237322
1374,8,0.0005,0.0255200322717428
1375,8,0.0005,0.0225677769631147
1376,8,0.0005,0.0304298810660839
1377,8,0.0005,0.0243814866989851
1378,8,0.0005,0.028714906424284
1379,8,0.0005,0.023313207551837
1380,8,0.0005,0.0285284016281366
1381,8,0.0005,0.0319510474801064
1382,8,0.0005,0.0313109420239925
1383,8,0.0005,0.0193982664495707
1384,8,0.0005,0.0205834060907364
1385,8,0.0005,0.019861463457346
1386,8,0.0005,0.021633293479681
1387,8,0.0005,0.0199485439807177
1388,8,0.0005,0.0200011469423771
1389,8,0.0005,0.0241085365414619
1390,8,0.0005,0.0282281655818224
1391,8,0.0005,0.020597854629159
1392,8,0.0005,0.0213955137878656
1393,8,0.0005,0.0212898310273886
1394,8,0.0005,0.0222514141350985
1395,8,0.0005,0.0210950579494238
1396,8,0.0005,0.023964911699295
1397,8,0.0005,0.0171420015394688
1398,8,0.0005,0.0198523532599211
1399,8,0.0005,0.0266859158873558
1400,8,0.0005,0.0230929683893919
1401,8,0.0005,0.018910326063633
1402,8,0.0005,0.0224630106240511
1403,8,0.0005,0.0189803875982761
1404,8,0.0005,0.0245626401156187
1405,8,0.0005,0.0228896196931601
1406,8,0.0005,0.0227880422025919
1407,8,0.0005,0.0278526227921247
1408,8,0.0005,0.0275837741792202
1409,8,0.0005,0.0302082002162933
1410,8,0.0005,0.0258494727313519
1411,8,0.0005,0.0206062532961369
1412,8,0.0005,0.0186708252876997
1413,8,0.0005,0.0207969360053539
1414,8,0.0005,0.0278790127485991
1415,8,0.0005,0.0246212743222713
1416,8,0.0005,0.0210797991603613
1417,8,0.0005,0.0204995851963758
1418,8,0.0005,0.0204694382846355
1419,8,0.0005,0.0201245620846748
1420,8,0.0005,0.0215819887816906
1421,8,0.0005,0.0187431760132313
1422,8,0.0005,0.0193018652498722
1423,8,0.0005,0.0209857746958733
1424,8,0.0005,0.0228391401469707
1425,8,0.0005,0.0197446625679731
1426,8,0.0005,0.0194149725139141
1427,8,0.0005,0.0272829178720713
1428,8,0.0005,0.0279028303921223
1429,8,0.0005,0.0233536511659622
1430,8,0.0005,0.0234573520720005
1431,8,0.0005,0.0211672782897949
1432,8,0.0005,0.0284641366451979
1433,8,0.0005,0.0271398909389973
1434,8,0.0005,0.0287326071411371
1435,8,0.0005,0.0208517741411924
1436,8,0.0005,0.022119328379631
1437,8,0.0005,0.0255472436547279
1438,8,0.0005,0.0263042077422142
1439,8,0.0005,0.0197497066110373
1440,8,0.0005,0.0237671434879303
1441,8,0.0005,0.0273333080112934
1442,8,0.0005,0.0236870981752872
1443,8,0.0005,0.0313136167824268
1444,8,0.0005,0.0201910305768251
1445,8,0.0005,0.0259840209037066
1446,8,0.0005,0.0210262574255466
1447,8,0.0005,0.021913131698966
1448,8,0.0005,0.01905189268291
1449,8,0.0005,0.0192981231957674
1450,8,0.0005,0.0217670518904924
1451,8,0.0005,0.0208282172679901
1452,8,0.0005,0.023699089884758
1453,8,0.0005,0.0290513560175896
1454,8,0.0005,0.0240583475679159
1455,8,0.0005,0.0325530990958214
1456,8,0.0005,0.0236532259732485
1457,8,0.0005,0.0207499396055937
1458,8,0.0005,0.0228460431098938
1459,8,0.0005,0.0196325052529573
1460,8,0.0005,0.0213885828852654
1461,8,0.0005,0.0198513120412827
1462,8,0.0005,0.0280827842652798
1463,8,0.0005,0.0217517334967852
1464,8,0.0005,0.0253467336297035
1465,8,0.0005,0.0206416118890047
1466,8,0.0005,0.0253386814147234
1467,8,0.0005,0.0193088818341494
1468,8,0.0005,0.0257348194718361
1469,8,0.0005,0.0272803418338299
1470,8,0.0005,0.0253314636647701
1471,8,0.0005,0.0234571229666471
1472,8,0.0005,0.0258179120719433
1473,8,0.0005,0.0231423266232014
1474,8,0.0005,0.016509722918272
1475,8,0.0005,0.0201819818466902
1476,8,0.0005,0.021899838000536
1477,8,0.0005,0.0207807309925556
1478,8,0.0005,0.0208295192569494
1479,8,0.0005,0.0190611220896244
1480,8,0.0005,0.0249185636639595
1481,8,0.0005,0.0242180842906237
1482,8,0.0005,0.0242508426308632
1483,8,0.0005,0.0220317412167788
1484,8,0.0005,0.0236401986330748
1485,8,0.0005,0.0141320498660207
1486,8,0.0005,0.0263571850955486
1487,8,0.0005,0.0186454523354769
1488,8,0.0005,0.0239391699433327
1489,8,0.0005,0.0256886519491673
1490,8,0.0005,0.020176324993372
1491,8,0.0005,0.0209996979683638
1492,8,0.0005,0.0158032197505236
1493,8,0.0005,0.0251625031232834
1494,8,0.0005,0.0174950584769249
1495,8,0.0005,0.022072846069932
1496,8,0.0005,0.0309612099081278
1497,8,0.0005,0.0239691417664289
1498,8,0.0005,0.0222706478089094
1499,8,0.0005,0.0218882821500301
1500,8,0.0005,0.0235681459307671
1501,8,0.0005,0.0214014910161495
1502,8,0.0005,0.0243814438581467
1503,8,0.0005,0.0191302578896284
1504,8,0.0005,0.0160209983587265
1505,8,0.0005,0.0223861616104841
1506,8,0.0005,0.0264548156410456
1507,8,0.0005,0.0247121676802635
1508,8,0.0005,0.0227134544402361
1509,8,0.0005,0.0252924580127001
1510,8,0.0005,0.0252186860889196
1511,8,0.0005,0.0251445360481739
1512,8,0.0005,0.0185605473816395
1513,8,0.0005,0.0234732590615749
1514,8,0.0005,0.0228770468384027
1515,8,0.0005,0.0252102259546518
1516,8,0.0005,0.0253481771796942
1517,8,0.0005,0.0228712558746338
1518,8,0.0005,0.021173894405365
1519,8,0.0005,0.0237299501895905
1520,8,0.0005,0.0266272127628326
1521,8,0.0005,0.0260811056941748
1522,8,0.0005,0.0220969766378403
1523,8,0.0005,0.0309770610183477
1524,8,0.0005,0.0296163912862539
1525,8,0.0005,0.0202982779592276
1526,8,0.0005,0.0253632515668869
1527,8,0.0005,0.0185720920562744
1528,8,0.0005,0.0263726375997066
1529,8,0.0005,0.0210176464170218
1530,8,0.0005,0.0186856687068939
1531,8,0.0005,0.022470174357295
1532,8,0.0005,0.024624390527606
1533,8,0.0005,0.0250856000930071
1534,8,0.0005,0.0203954111784697
1535,8,0.0005,0.021939255297184
1536,8,0.0005,0.0253604575991631
1537,8,0.0005,0.0273737721145153
1538,8,0.0005,0.0245443116873503
1539,8,0.0005,0.0280256140977144
1540,8,0.0005,0.0266329701989889
1541,8,0.0005,0.0279134996235371
1542,8,0.0005,0.0244016349315643
1543,8,0.0005,0.0229375399649143
1544,8,0.0005,0.0233711693435907
1545,8,0.0005,0.0218471381813288
1546,8,0.0005,0.0188094340264797
1547,8,0.0005,0.0262397415935993
1548,8,0.0005,0.0184454899281263
1549,8,0.0005,0.024811889976263
1550,8,0.0005,0.0206996835768223
1551,8,0.0005,0.0211249720305204
1552,8,0.0005,0.0222814567387104
1553,9,0.0005,0.0191904343664646
1554,9,0.0005,0.0183017253875732
1555,9,0.0005,0.0244362894445658
1556,9,0.0005,0.0260362289845943
1557,9,0.0005,0.018547834828496
1558,9,0.0005,0.0177402552217245
1559,9,0.0005,0.0228813216090202
1560,9,0.0005,0.0251358337700367
1561,9,0.0005,0.027255529537797
1562,9,0.0005,0.0188560131937265
1563,9,0.0005,0.0211561862379313
1564,9,0.0005,0.028221357613802
1565,9,0.0005,0.0203457251191139
1566,9,0.0005,0.0220489725470543
1567,9,0.0005,0.0243620779365301
1568,9,0.0005,0.0258631557226181
1569,9,0.0005,0.0195180047303438
1570,9,0.0005,0.0247272290289402
1571,9,0.0005,0.019397797062993
1572,9,0.0005,0.0244557037949562
1573,9,0.0005,0.0214028023183346
1574,9,0.0005,0.0223563238978386
1575,9,0.0005,0.0206158999353647
1576,9,0.0005,0.0173662193119526
1577,9,0.0005,0.0204773377627134
1578,9,0.0005,0.0176780708134174
1579,9,0.0005,0.0264043230563402
1580,9,0.0005,0.0214982982724905
1581,9,0.0005,0.0250235740095377
1582,9,0.0005,0.0209080185741186
1583,9,0.0005,0.0184641275554895
1584,9,0.0005,0.0219505149871111
1585,9,0.0005,0.026528624817729
1586,9,0.0005,0.0272028017789125
1587,9,0.0005,0.0215661842375994
1588,9,0.0005,0.0181383434683084
1589,9,0.0005,0.0206194818019867
1590,9,0.0005,0.0189046151936054
1591,9,0.0005,0.0183134991675615
1592,9,0.0005,0.0247790981084108
1593,9,0.0005,0.0213352311402559
1594,9,0.0005,0.0240856781601906
1595,9,0.0005,0.0238782037049532
1596,9,0.0005,0.0268870387226343
1597,9,0.0005,0.0217869039624929
1598,9,0.0005,0.0240630898624659
1599,9,0.0005,0.0195866543799639
1600,9,0.0005,0.0236344486474991
1601,9,0.0005,0.0262258648872375
1602,9,0.0005,0.0197665244340897
1603,9,0.0005,0.0280129574239254
1604,9,0.0005,0.0270378179848194
1605,9,0.0005,0.0265893246978521
1606,9,0.0005,0.0279161501675844
1607,9,0.0005,0.0219350717961788
1608,9,0.0005,0.0220217537134886
1609,9,0.0005,0.0231377352029085
1610,9,0.0005,0.0221484582871199
1611,9,0.0005,0.0270821284502745
1612,9,0.0005,0.0200009401887655
1613,9,0.0005,0.0214969795197248
1614,9,0.0005,0.0285522229969501
1615,9,0.0005,0.0230752266943455
1616,9,0.0005,0.0213261917233467
1617,9,0.0005,0.020818879827857
1618,9,0.0005,0.0202307831496
1619,9,0.0005,0.0222768504172564
1620,9,0.0005,0.0185967274010181
1621,9,0.0005,0.0227305851876736
1622,9,0.0005,0.0221951771527529
1623,9,0.0005,0.0270863398909569
1624,9,0.0005,0.0197406522929668
1625,9,0.0005,0.0208141915500164
1626,9,0.0005,0.0221230182796717
1627,9,0.0005,0.0271287746727467
1628,9,0.0005,0.0234312638640404
1629,9,0.0005,0.0176249817013741
1630,9,0.0005,0.0253989789634943
1631,9,0.0005,0.0263863168656826
1632,9,0.0005,0.0350152067840099
1633,9,0.0005,0.022796893492341
1634,9,0.0005,0.0250623114407063
1635,9,0.0005,0.0220495443791151
1636,9,0.0005,0.0257712379097939
1637,9,0.0005,0.0302664879709482
1638,9,0.0005,0.0175990834832191
1639,9,0.0005,0.0213881004601717
1640,9,0.0005,0.0246633943170309
1641,9,0.0005,0.021768968552351
1642,9,0.0005,0.0223664809018373
1643,9,0.0005,0.0307156499475241
1644,9,0.0005,0.0204897113144398
1645,9,0.0005,0.0269851107150316
1646,9,0.0005,0.0201588850468397
1647,9,0.0005,0.0191048793494701
1648,9,0.0005,0.0180784370750189
1649,9,0.0005,0.0209795199334621
1650,9,0.0005,0.0250700116157532
1651,9,0.0005,0.0219080336391926
1652,9,0.0005,0.0260457899421453
1653,9,0.0005,0.0275883097201586
1654,9,0.0005,0.0200970340520144
1655,9,0.0005,0.0208701062947512
1656,9,0.0005,0.0294218845665455
1657,9,0.0005,0.0225934404879808
1658,9,0.0005,0.0288874972611666
1659,9,0.0005,0.0258741453289986
1660,9,0.0005,0.0193010233342648
1661,9,0.0005,0.0259186625480652
1662,9,0.0005,0.0315663442015648
1663,9,0.0005,0.0175210908055305
1664,9,0.0005,0.0234257485717535
1665,9,0.0005,0.0259246826171875
1666,9,0.0005,0.0238150078803301
1667,9,0.0005,0.0243691001087427
1668,9,0.0005,0.0280515588819981
1669,9,0.0005,0.0236802063882351
1670,9,0.0005,0.0202286671847105
1671,9,0.0005,0.0250212028622627
1672,9,0.0005,0.0308092329651117
1673,9,0.0005,0.0207606162875891
1674,9,0.0005,0.0234344322234392
1675,9,0.0005,0.017783559858799
1676,9,0.0005,0.029782097786665
1677,9,0.0005,0.0199292544275522
1678,9,0.0005,0.0176554657518864
1679,9,0.0005,0.0255164485424757
1680,9,0.0005,0.0285589825361967
1681,9,0.0005,0.0238677933812141
1682,9,0.0005,0.0198640767484903
1683,9,0.0005,0.0189254377037287
1684,9,0.0005,0.0239454787224531
1685,9,0.0005,0.0274597704410553
1686,9,0.0005,0.0210492815822363
1687,9,0.0005,0.0163597036153078
1688,9,0.0005,0.0257799867540598
1689,9,0.0005,0.0239727068692446
1690,9,0.0005,0.0231120940297842
1691,9,0.0005,0.0280202198773623
1692,9,0.0005,0.0189643818885088
1693,9,0.0005,0.0205540843307972
1694,9,0.0005,0.0216514132916927
1695,9,0.0005,0.0220526959747076
1696,9,0.0005,0.0232584178447723
1697,9,0.0005,0.0253024771809578
1698,9,0.0005,0.0191417168825865
1699,9,0.0005,0.0198633838444948
1700,9,0.0005,0.0217301305383444
1701,9,0.0005,0.0183160081505775
1702,9,0.0005,0.0267940107733011
1703,9,0.0005,0.0231967978179455
1704,9,0.0005,0.020507799461484
1705,9,0.0005,0.0248319525271654
1706,9,0.0005,0.0172779802232981
1707,9,0.0005,0.0261233132332563
1708,9,0.0005,0.0272564459592104
1709,9,0.0005,0.0194299761205912
1710,9,0.0005,0.0188378151506186
1711,9,0.0005,0.0278223752975464
1712,9,0.0005,0.0235720816999674
1713,9,0.0005,0.0192957334220409
1714,9,0.0005,0.0308491010218859
1715,9,0.0005,0.0190124288201332
1716,9,0.0005,0.0224203392863274
1717,9,0.0005,0.0225522629916668
1718,9,0.0005,0.025026835501194
1719,9,0.0005,0.0298086702823639
1720,9,0.0005,0.0182568822056055
1721,9,0.0005,0.0180919449776411
1722,9,0.0005,0.0250930842012167
1723,9,0.0005,0.0244878642261028
1724,9,0.0005,0.02348099835217
1725,9,0.0005,0.0264841411262751
1726,9,0.0005,0.0185574442148209
1727,9,0.0005,0.0176929756999016
1728,9,0.0005,0.0254235416650772
1729,9,0.0005,0.0179729871451855
1730,9,0.0005,0.0233389213681221
1731,9,0.0005,0.0323551259934902
1732,9,0.0005,0.0219581704586744
1733,9,0.0005,0.0219515766948462
1734,9,0.0005,0.0205359403043985
1735,9,0.0005,0.0222421139478683
1736,9,0.0005,0.0230711009353399
1737,9,0.0005,0.0179670546203852
1738,9,0.0005,0.020909758284688
1739,9,0.0005,0.0195177160203457
1740,9,0.0005,0.0258160494267941
1741,9,0.0005,0.0246355663985014
1742,9,0.0005,0.0231363698840141
1743,9,0.0005,0.0203417669981718
1744,9,0.0005,0.0197485014796257
1745,9,0.0005,0.0229591019451618
1746,9,0.0005,0.0271872580051422
1747,10,0.0005,0.0266775749623775
1748,10,0.0005,0.0201972313225269
1749,10,0.0005,0.0242700502276421
1750,10,0.0005,0.029059199616313
1751,10,0.0005,0.0197761859744787
1752,10,0.0005,0.0217474866658449
1753,10,0.0005,0.0184794161468744
1754,10,0.0005,0.0232072863727808
1755,10,0.0005,0.0226610582321882
1756,10,0.0005,0.0230807773768902
1757,10,0.0005,0.020684789866209
1758,10,0.0005,0.0193405244499445
1759,10,0.0005,0.0249247923493385
1760,10,0.0005,0.027213903144002
1761,10,0.0005,0.0178714990615845
1762,10,0.0005,0.0248862076550722
1763,10,0.0005,0.0217700302600861
1764,10,0.0005,0.0254822559654713
1765,10,0.0005,0.0228796619921923
1766,10,0.0005,0.0219696350395679
1767,10,0.0005,0.0220476090908051
1768,10,0.0005,0.025833847001195
1769,10,0.0005,0.0321979001164436
1770,10,0.0005,0.0244649332016706
1771,10,0.0005,0.0236951652914286
1772,10,0.0005,0.0244466885924339
1773,10,0.0005,0.0198493376374245
1774,10,0.0005,0.0167717598378658
1775,10,0.0005,0.0215605106204748
1776,10,0.0005,0.0238312985748053
1777,10,0.0005,0.0202681347727776
1778,10,0.0005,0.0196708030998707
1779,10,0.0005,0.0189349334686995
1780,10,0.0005,0.0258522592484951
1781,10,0.0005,0.0270310584455729
1782,10,0.0005,0.0200208071619272
1783,10,0.0005,0.0254582539200783
1784,10,0.0005,0.0203428119421005
1785,10,0.0005,0.0234545134007931
1786,10,0.0005,0.0238593872636557
1787,10,0.0005,0.0170984007418156
1788,10,0.0005,0.0220088865607977
1789,10,0.0005,0.0204708874225616
1790,10,0.0005,0.0244728904217482
1791,10,0.0005,0.0260804817080498
1792,10,0.0005,0.0181785896420479
1793,10,0.0005,0.0215037707239389
1794,10,0.0005,0.0283479616045952
1795,10,0.0005,0.0177981853485107
1796,10,0.0005,0.0172508396208286
1797,10,0.0005,0.0289188660681248
1798,10,0.0005,0.0247335508465767
1799,10,0.0005,0.021480068564415
1800,10,0.0005,0.0243828650563955
1801,10,0.0005,0.031611792743206
1802,10,0.0005,0.0239475686103106
1803,10,0.0005,0.0185960214585066
1804,10,0.0005,0.02271075733006
1805,10,0.0005,0.0189291909337044
1806,10,0.0005,0.0248320437967777
1807,10,0.0005,0.0195257104933262
1808,10,0.0005,0.0228275991976261
1809,10,0.0005,0.0217665638774633
1810,10,0.0005,0.0201420914381742
1811,10,0.0005,0.0187535788863897
1812,10,0.0005,0.0208910908550024
1813,10,0.0005,0.0194344725459814
1814,10,0.0005,0.0226486381143332
1815,10,0.0005,0.0186710953712463
1816,10,0.0005,0.0226136427372694
1817,10,0.0005,0.0223153997212648
1818,10,0.0005,0.0218667350709438
1819,10,0.0005,0.0310770645737648
1820,10,0.0005,0.0189151577651501
1821,10,0.0005,0.0209690351039171
1822,10,0.0005,0.0183133948594332
1823,10,0.0005,0.019318325445056
1824,10,0.0005,0.0216871295124292
1825,10,0.0005,0.0186949726194143
1826,10,0.0005,0.0247246660292149
1827,10,0.0005,0.0221981070935726
1828,10,0.0005,0.0246725231409073
1829,10,0.0005,0.0204973369836807
1830,10,0.0005,0.0177311040461063
1831,10,0.0005,0.0223003160208464
1832,10,0.0005,0.0254451539367437
1833,10,0.0005,0.0213405564427376
1834,10,0.0005,0.0165053829550743
1835,10,0.0005,0.0187653098255396
1836,10,0.0005,0.0182973761111498
1837,10,0.0005,0.0203024484217167
1838,10,0.0005,0.0237703248858452
1839,10,0.0005,0.0272896736860275
1840,10,0.0005,0.0203173793852329
1841,10,0.0005,0.0174973681569099
1842,10,0.0005,0.0210927687585354
1843,10,0.0005,0.0200667772442102
1844,10,0.0005,0.0212952643632889
1845,10,0.0005,0.0231911595910788
1846,10,0.0005,0.0289455335587263
1847,10,0.0005,0.0254197735339403
1848,10,0.0005,0.0205959919840097
1849,10,0.0005,0.0272833053022623
1850,10,0.0005,0.0207412447780371
1851,10,0.0005,0.0250672809779644
1852,10,0.0005,0.0246068574488163
1853,10,0.0005,0.0182107463479042
1854,10,0.0005,0.0262997541576624
1855,10,0.0005,0.024133387953043
1856,10,0.0005,0.0250498987734318
1857,10,0.0005,0.024025522172451
1858,10,0.0005,0.0232177209109068
1859,10,0.0005,0.0191225707530975
1860,10,0.0005,0.021734306588769
1861,10,0.0005,0.0241193696856499
1862,10,0.0005,0.0225936286151409
1863,10,0.0005,0.0289573036134243
1864,10,0.0005,0.0234178621321917
1865,10,0.0005,0.0166304633021355
1866,10,0.0005,0.0181951932609081
1867,10,0.0005,0.0186091810464859
1868,10,0.0005,0.0311534199863672
1869,10,0.0005,0.0254495944827795
1870,10,0.0005,0.0188494455069304
1871,10,0.0005,0.0200741682201624
1872,10,0.0005,0.0216705929487944
1873,10,0.0005,0.0236047953367233
1874,10,0.0005,0.0247550904750824
1875,10,0.0005,0.024712648242712
1876,10,0.0005,0.020927045494318
1877,10,0.0005,0.0172981135547161
1878,10,0.0005,0.0203126911073923
1879,10,0.0005,0.0220491606742144
1880,10,0.0005,0.0209277532994747
1881,10,0.0005,0.0218180138617754
1882,10,0.0005,0.0213896762579679
1883,10,0.0005,0.0259366147220135
1884,10,0.0005,0.0246535260230303
1885,10,0.0005,0.0253933314234018
1886,10,0.0005,0.0234841108322144
1887,10,0.0005,0.0214865487068892
1888,10,0.0005,0.0234361346811056
1889,10,0.0005,0.0233666021376848
1890,10,0.0005,0.024959109723568
1891,10,0.0005,0.0233870856463909
1892,10,0.0005,0.0223070736974478
1893,10,0.0005,0.0256775133311749
1894,10,0.0005,0.0192422848194838
1895,10,0.0005,0.0265437290072441
1896,10,0.0005,0.0273298192769289
1897,10,0.0005,0.0282874964177608
1898,10,0.0005,0.0204813629388809
1899,10,0.0005,0.0217312574386597
1900,10,0.0005,0.0197216868400574
1901,10,0.0005,0.0225458890199661
1902,10,0.0005,0.0258255414664745
1903,10,0.0005,0.0254225395619869
1904,10,0.0005,0.025666955858469
1905,10,0.0005,0.020646458491683
1906,10,0.0005,0.0277486704289913
1907,10,0.0005,0.0249689966440201
1908,10,0.0005,0.0205624923110008
1909,10,0.0005,0.0193020291626453
1910,10,0.0005,0.0214379392564297
1911,10,0.0005,0.0209013111889362
1912,10,0.0005,0.0184083133935928
1913,10,0.0005,0.0200549401342869
1914,10,0.0005,0.0217192936688662
1915,10,0.0005,0.0246156696230173
1916,10,0.0005,0.0301412362605333
1917,10,0.0005,0.0232994146645069
1918,10,0.0005,0.0234122890979052
1919,10,0.0005,0.0262717008590698
1920,10,0.0005,0.0260501988232136
1921,10,0.0005,0.0210509561002254
1922,10,0.0005,0.0237240195274353
1923,10,0.0005,0.0299521666020155
1924,10,0.0005,0.0232103783637285
1925,10,0.0005,0.0227218735963106
1926,10,0.0005,0.0238037873059511
1927,10,0.0005,0.020492373034358
1928,10,0.0005,0.0267599262297153
1929,10,0.0005,0.0295497812330723
1930,10,0.0005,0.0206436943262815
1931,10,0.0005,0.0254372041672468
1932,10,0.0005,0.0275997184216976
1933,10,0.0005,0.0218814145773649
1934,10,0.0005,0.0167286973446608
1935,10,0.0005,0.0203948952257633
1936,10,0.0005,0.0227189250290394
1937,10,0.0005,0.0187732465565205
1938,10,0.0005,0.0215966906398535
1939,10,0.0005,0.0288868974894285
1940,10,0.0005,0.0158718395978212
1941,11,0.0005,0.0206978321075439
1942,11,0.0005,0.0294173788279295
1943,11,0.0005,0.0328376740217209
1944,11,0.0005,0.0265285801142454
1945,11,0.0005,0.0204713698476553
1946,11,0.0005,0.0259177349507809
1947,11,0.0005,0.0250533297657967
1948,11,0.0005,0.0165717527270317
1949,11,0.0005,0.0167301017791033
1950,11,0.0005,0.0197089351713657
1951,11,0.0005,0.0211712475866079
1952,11,0.0005,0.0238985680043697
1953,11,0.0005,0.027854448184371
1954,11,0.0005,0.0285593569278717
1955,11,0.0005,0.0232148114591837
1956,11,0.0005,0.0202235840260983
1957,11,0.0005,0.0230563208460808
1958,11,0.0005,0.0242281705141068
1959,11,0.0005,0.021721925586462
1960,11,0.0005,0.0270357616245747
1961,11,0.0005,0.0181179586797953
1962,11,0.0005,0.023697217926383
1963,11,0.0005,0.0181047040969133
1964,11,0.0005,0.0188638847321272
1965,11,0.0005,0.0193682741373777
1966,11,0.0005,0.02347357198596
1967,11,0.0005,0.0197415966540575
1968,11,0.0005,0.0201083701103926
1969,11,0.0005,0.0220793560147285
1970,11,0.0005,0.0282330084592104
1971,11,0.0005,0.021171698346734
1972,11,0.0005,0.0179354976862669
1973,11,0.0005,0.0243041440844536
1974,11,0.0005,0.0179960411041975
1975,11,0.0005,0.0230326950550079
1976,11,0.0005,0.0284193474799395
1977,11,0.0005,0.0211551301181316
1978,11,0.0005,0.0134822325780988
1979,11,0.0005,0.0207579415291548
1980,11,0.0005,0.0200853571295738
1981,11,0.0005,0.0234979242086411
1982,11,0.0005,0.0244158953428268
1983,11,0.0005,0.0268373787403107
1984,11,0.0005,0.0193998850882053
1985,11,0.0005,0.0215187631547451
1986,11,0.0005,0.0174145456403494
1987,11,0.0005,0.0258998610079288
1988,11,0.0005,0.015957023948431
1989,11,0.0005,0.0205526016652584
1990,11,0.0005,0.0236894153058529
1991,11,0.0005,0.0251597259193659
1992,11,0.0005,0.0251049399375916
1993,11,0.0005,0.0287107806652784
1994,11,0.0005,0.0212338324636221
1995,11,0.0005,0.0211467780172825
1996,11,0.0005,0.0245595201849937
1997,11,0.0005,0.0270930882543325
1998,11,0.0005,0.028485307469964
1999,11,0.0005,0.0199933666735888
2000,11,0.0005,0.0254214983433485
2001,11,0.0005,0.0214139148592949
2002,11,0.0005,0.0287691168487072
2003,11,0.0005,0.018578065559268
2004,11,0.0005,0.0193414911627769
2005,11,0.0005,0.0276804249733686
2006,11,0.0005,0.0231159664690495
2007,11,0.0005,0.0177594348788261
2008,11,0.0005,0.0174997039139271
2009,11,0.0005,0.0213516056537628
2010,11,0.0005,0.0171562097966671
2011,11,0.0005,0.0266414079815149
2012,11,0.0005,0.0228322502225637
2013,11,0.0005,0.0249710660427809
2014,11,0.0005,0.018324064090848
2015,11,0.0005,0.024122441187501
2016,11,0.0005,0.0205499492585659
2017,11,0.0005,0.0311752166599035
2018,11,0.0005,0.017906567081809
2019,11,0.0005,0.0208466928452253
2020,11,0.0005,0.0239787772297859
2021,11,0.0005,0.0232861451804638
2022,11,0.0005,0.0214430820196867
2023,11,0.0005,0.0204110778868198
2024,11,0.0005,0.0206383187323809
2025,11,0.0005,0.0202922783792019
2026,11,0.0005,0.0214496925473213
2027,11,0.0005,0.023104652762413
2028,11,0.0005,0.0228025764226913
2029,11,0.0005,0.0225769598037004
2030,11,0.0005,0.0240455120801926
2031,11,0.0005,0.0173711813986301
2032,11,0.0005,0.0212576035410166
2033,11,0.0005,0.0233848188072443
2034,11,0.0005,0.0206543430685997
2035,11,0.0005,0.0221898984164
2036,11,0.0005,0.0289044342935085
2037,11,0.0005,0.0226199179887772
2038,11,0.0005,0.0178315676748753
2039,11,0.0005,0.0283084232360125
2040,11,0.0005,0.0247699934989214
2041,11,0.0005,0.0243459176272154
2042,11,0.0005,0.0315840318799019
2043,11,0.0005,0.0204679518938065
2044,11,0.0005,0.0227397792041302
2045,11,0.0005,0.0217780582606792
2046,11,0.0005,0.0195029806345701
2047,11,0.0005,0.0161046758294106
2048,11,0.0005,0.0177580732852221
2049,11,0.0005,0.0257907453924417
2050,11,0.0005,0.0205629430711269
2051,11,0.0005,0.025391761213541
2052,11,0.0005,0.0266571678221226
2053,11,0.0005,0.0146315926685929
2054,11,0.0005,0.0204267501831055
2055,11,0.0005,0.0196941755712032
2056,11,0.0005,0.0177116356790066
2057,11,0.0005,0.020552821457386
2058,11,0.0005,0.0238488409668207
2059,11,0.0005,0.0252515003085136
2060,11,0.0005,0.0206177774816751
2061,11,0.0005,0.0215899869799614
2062,11,0.0005,0.0211641993373632
2063,11,0.0005,0.0278979185968637
2064,11,0.0005,0.024094233289361
2065,11,0.0005,0.0218500718474388
2066,11,0.0005,0.0209978464990854
2067,11,0.0005,0.0222553871572018
2068,11,0.0005,0.0185494124889374
2069,11,0.0005,0.0275775752961636
2070,11,0.0005,0.0212370026856661
2071,11,0.0005,0.0211709775030613
2072,11,0.0005,0.0274533927440643
2073,11,0.0005,0.020624615252018
2074,11,0.0005,0.0269595589488745
2075,11,0.0005,0.0187324956059456
2076,11,0.0005,0.0179154258221388
2077,11,0.0005,0.0219810325652361
2078,11,0.0005,0.0180006772279739
2079,11,0.0005,0.0266742277890444
2080,11,0.0005,0.0220676735043526
2081,11,0.0005,0.0245247930288315
2082,11,0.0005,0.0187930781394243
2083,11,0.0005,0.0210204590111971
2084,11,0.0005,0.0257436148822308
2085,11,0.0005,0.0239767599850893
2086,11,0.0005,0.0231142528355122
2087,11,0.0005,0.0244830343872309
2088,11,0.0005,0.022353271022439
2089,11,0.0005,0.0283410344272852
2090,11,0.0005,0.0288747809827328
2091,11,0.0005,0.0294321160763502
2092,11,0.0005,0.0221138969063759
2093,11,0.0005,0.0302112884819508
2094,11,0.0005,0.0206488538533449
2095,11,0.0005,0.0233691073954105
2096,11,0.0005,0.0231587123125792
2097,11,0.0005,0.0236488059163094
2098,11,0.0005,0.0275268331170082
2099,11,0.0005,0.0277491919696331
2100,11,0.0005,0.0234154257923365
2101,11,0.0005,0.0208111554384232
2102,11,0.0005,0.0234098024666309
2103,11,0.0005,0.0236737672239542
2104,11,0.0005,0.0233092848211527
2105,11,0.0005,0.0191555954515934
2106,11,0.0005,0.021962707862258
2107,11,0.0005,0.0247154980897903
2108,11,0.0005,0.0277174301445484
2109,11,0.0005,0.0161502752453089
2110,11,0.0005,0.019239904358983
2111,11,0.0005,0.0224385317414999
2112,11,0.0005,0.0211207550019026
2113,11,0.0005,0.0302353128790855
2114,11,0.0005,0.0190979465842247
2115,11,0.0005,0.0223637372255325
2116,11,0.0005,0.0201680082827806
2117,11,0.0005,0.0217527970671654
2118,11,0.0005,0.0206300001591444
2119,11,0.0005,0.0263744629919529
2120,11,0.0005,0.0167622081935406
2121,11,0.0005,0.0235555116087198
2122,11,0.0005,0.0233996175229549
2123,11,0.0005,0.0195979531854391
2124,11,0.0005,0.0262334868311882
2125,11,0.0005,0.0195174217224121
2126,11,0.0005,0.0294112395495176
2127,11,0.0005,0.0182546954602003
2128,11,0.0005,0.026427311822772
2129,11,0.0005,0.0253809709101915
2130,11,0.0005,0.0283393636345863
2131,11,0.0005,0.0220318883657455
2132,11,0.0005,0.0202028304338455
2133,11,0.0005,0.0216944050043821
2134,11,0.0005,0.0216680243611336
2135,12,0.0005,0.0215016026049852
2136,12,0.0005,0.0238537974655628
2137,12,0.0005,0.0234345439821482
2138,12,0.0005,0.021314462646842
2139,12,0.0005,0.0223231967538595
2140,12,0.0005,0.0260139871388674
2141,12,0.0005,0.031657587736845
2142,12,0.0005,0.0231696702539921
2143,12,0.0005,0.0216500908136368
2144,12,0.0005,0.022970799356699
2145,12,0.0005,0.0181505475193262
2146,12,0.0005,0.0217423774302006
2147,12,0.0005,0.0283986646682024
2148,12,0.0005,0.0269967820495367
2149,12,0.0005,0.0182485394179821
2150,12,0.0005,0.0227884575724602
2151,12,0.0005,0.027266776189208
2152,12,0.0005,0.0150676360353827
2153,12,0.0005,0.0220752693712711
2154,12,0.0005,0.0209030732512474
2155,12,0.0005,0.0168267153203487
2156,12,0.0005,0.0234343614429235
2157,12,0.0005,0.0248443987220526
2158,12,0.0005,0.0209921114146709
2159,12,0.0005,0.0256095957010984
2160,12,0.0005,0.0248573515564203
2161,12,0.0005,0.020564554259181
2162,12,0.0005,0.0208792649209499
2163,12,0.0005,0.0218454878777266
2164,12,0.0005,0.016285864636302
2165,12,0.0005,0.0214222837239504
2166,12,0.0005,0.0200448054820299
2167,12,0.0005,0.0307067316025496
2168,12,0.0005,0.0230155512690544
2169,12,0.0005,0.0196548085659742
2170,12,0.0005,0.0251791793853045
2171,12,0.0005,0.0205063000321388
2172,12,0.0005,0.0228030905127525
2173,12,0.0005,0.022681962698698
2174,12,0.0005,0.0188308525830507
2175,12,0.0005,0.0285364128649235
2176,12,0.0005,0.021389139816165
2177,12,0.0005,0.0186830200254917
2178,12,0.0005,0.0260156933218241
2179,12,0.0005,0.0224426593631506
2180,12,0.0005,0.0170043278485537
2181,12,0.0005,0.0258935336023569
2182,12,0.0005,0.0237895306199789
2183,12,0.0005,0.017583480104804
2184,12,0.0005,0.023931248113513
2185,12,0.0005,0.0194584727287292
2186,12,0.0005,0.028095468878746
2187,12,0.0005,0.0232174284756184
2188,12,0.0005,0.0278408285230398
2189,12,0.0005,0.0232148561626673
2190,12,0.0005,0.0306978523731232
2191,12,0.0005,0.0171102844178677
2192,12,0.0005,0.0349750965833664
2193,12,0.0005,0.021641431376338
2194,12,0.0005,0.021471232175827
2195,12,0.0005,0.0182829983532429
2196,12,0.0005,0.0243538841605186
2197,12,0.0005,0.0261563789099455
2198,12,0.0005,0.0188686735928059
2199,12,0.0005,0.0147340670228004
2200,12,0.0005,0.0234674103558064
2201,12,0.0005,0.0182032007724047
2202,12,0.0005,0.0263673774898052
2203,12,0.0005,0.0171378776431084
2204,12,0.0005,0.022948918864131
2205,12,0.0005,0.0217338763177395
2206,12,0.0005,0.0217490252107382
2207,12,0.0005,0.0260485857725143
2208,12,0.0005,0.0176367033272982
2209,12,0.0005,0.0205747913569212
2210,12,0.0005,0.0222095083445311
2211,12,0.0005,0.0173407830297947
2212,12,0.0005,0.0267687533050776
2213,12,0.0005,0.027406407520175
2214,12,0.0005,0.0327035561203957
2215,12,0.0005,0.0187658555805683
2216,12,0.0005,0.026126166805625
2217,12,0.0005,0.0185050833970308
2218,12,0.0005,0.01931332051754
2219,12,0.0005,0.0189596340060234
2220,12,0.0005,0.0280828475952148
2221,12,0.0005,0.027615824714303
2222,12,0.0005,0.0160208810120821
2223,12,0.0005,0.0249045714735985
2224,12,0.0005,0.022344758734107
2225,12,0.0005,0.019212257117033
2226,12,0.0005,0.0200182031840086
2227,12,0.0005,0.0172045174986124
2228,12,0.0005,0.0254807993769646
2229,12,0.0005,0.0210612677037716
2230,12,0.0005,0.02277503721416
2231,12,0.0005,0.0251695476472378
2232,12,0.0005,0.0315340496599674
2233,12,0.0005,0.0227873716503382
2234,12,0.0005,0.0274113584309816
2235,12,0.0005,0.0184495784342289
2236,12,0.0005,0.0259449388831854
2237,12,0.0005,0.0236115790903568
2238,12,0.0005,0.0226629227399826
2239,12,0.0005,0.0233690422028303
2240,12,0.0005,0.0228861626237631
2241,12,0.0005,0.0243827365338802
2242,12,0.0005,0.0171229429543018
2243,12,0.0005,0.0206017140299082
2244,12,0.0005,0.0208868961781263
2245,12,0.0005,0.0182306431233883
2246,12,0.0005,0.0281858425587416
2247,12,0.0005,0.0212864335626364
2248,12,0.0005,0.0257506314665079
2249,12,0.0005,0.0210195742547512
2250,12,0.0005,0.0237769167870283
2251,12,0.0005,0.0246489774435759
2252,12,0.0005,0.0232022199779749
2253,12,0.0005,0.0212000887840986
2254,12,0.0005,0.0196674019098282
2255,12,0.0005,0.0306184645742178
2256,12,0.0005,0.0158382896333933
2257,12,0.0005,0.0229407697916031
2258,12,0.0005,0.0208194497972727
2259,12,0.0005,0.018929198384285
2260,12,0.0005,0.0167697072029114
2261,12,0.0005,0.0224343035370111
2262,12,0.0005,0.0220906473696232
2263,12,0.0005,0.0171127840876579
2264,12,0.0005,0.0204991977661848
2265,12,0.0005,0.025227177888155
2266,12,0.0005,0.0257294736802578
2267,12,0.0005,0.0195972751826048
2268,12,0.0005,0.0204121768474579
2269,12,0.0005,0.0215146020054817
2270,12,0.0005,0.0198423452675343
2271,12,0.0005,0.0258127059787512
2272,12,0.0005,0.016945032402873
2273,12,0.0005,0.0133920609951019
2274,12,0.0005,0.0174943450838327
2275,12,0.0005,0.0189612619578838
2276,12,0.0005,0.0265193581581116
2277,12,0.0005,0.0205457210540771
2278,12,0.0005,0.0238055139780045
2279,12,0.0005,0.0210202094167471
2280,12,0.0005,0.0268436260521412
2281,12,0.0005,0.0193479135632515
2282,12,0.0005,0.0208143182098866
2283,12,0.0005,0.0216687060892582
2284,12,0.0005,0.0179558582603931
2285,12,0.0005,0.0192542970180511
2286,12,0.0005,0.0201605334877968
2287,12,0.0005,0.0248324126005173
2288,12,0.0005,0.0160598997026682
2289,12,0.0005,0.023947536945343
2290,12,0.0005,0.025868397206068
2291,12,0.0005,0.0187818091362715
2292,12,0.0005,0.023171117529273
2293,12,0.0005,0.0262502077966928
2294,12,0.0005,0.0323564521968365
2295,12,0.0005,0.0242473017424345
2296,12,0.0005,0.0210580006241798
2297,12,0.0005,0.0262503810226917
2298,12,0.0005,0.029933275654912
2299,12,0.0005,0.0213635638356209
2300,12,0.0005,0.0186102725565434
2301,12,0.0005,0.0206252858042717
2302,12,0.0005,0.0173073690384626
2303,12,0.0005,0.0200915336608887
2304,12,0.0005,0.0168294329196215
2305,12,0.0005,0.0207896027714014
2306,12,0.0005,0.0190905574709177
2307,12,0.0005,0.0254966616630554
2308,12,0.0005,0.026506882160902
2309,12,0.0005,0.0180829036980867
2310,12,0.0005,0.0204201377928257
2311,12,0.0005,0.0217619556933641
2312,12,0.0005,0.0259644500911236
2313,12,0.0005,0.0229822713881731
2314,12,0.0005,0.0253553446382284
2315,12,0.0005,0.0236320085823536
2316,12,0.0005,0.0256891548633575
2317,12,0.0005,0.0275763273239136
2318,12,0.0005,0.0205037221312523
2319,12,0.0005,0.0214250199496746
2320,12,0.0005,0.0235152505338192
2321,12,0.0005,0.0268279779702425
2322,12,0.0005,0.0214259829372168
2323,12,0.0005,0.0247983653098345
2324,12,0.0005,0.020677337422967
2325,12,0.0005,0.0229643229395151
2326,12,0.0005,0.0183752700686455
2327,12,0.0005,0.0215611886233091
2328,12,0.0005,0.02481784299016
2329,13,0.0005,0.0229761730879545
2330,13,0.0005,0.0226911026984453
2331,13,0.0005,0.019630566239357
2332,13,0.0005,0.0238368678838015
2333,13,0.0005,0.0265663657337427
2334,13,0.0005,0.0216462556272745
2335,13,0.0005,0.0227265097200871
2336,13,0.0005,0.0222240779548883
2337,13,0.0005,0.0174614749848843
2338,13,0.0005,0.0184623915702105
2339,13,0.0005,0.0190742556005716
2340,13,0.0005,0.0270365327596664
2341,13,0.0005,0.0174476895481348
2342,13,0.0005,0.0321789346635342
2343,13,0.0005,0.0176677014678717
2344,13,0.0005,0.019109008833766
2345,13,0.0005,0.0277157612144947
2346,13,0.0005,0.0219858940690756
2347,13,0.0005,0.0191857293248177
2348,13,0.0005,0.0224307179450989
2349,13,0.0005,0.022517392411828
2350,13,0.0005,0.0254850964993238
2351,13,0.0005,0.0214407555758953
2352,13,0.0005,0.0209343638271093
2353,13,0.0005,0.0239890720695257
2354,13,0.0005,0.0222536474466324
2355,13,0.0005,0.015288982540369
2356,13,0.0005,0.0196030344814062
2357,13,0.0005,0.0198061782866716
2358,13,0.0005,0.0168679114431143
2359,13,0.0005,0.019302561879158
2360,13,0.0005,0.0262828040868044
2361,13,0.0005,0.0266942605376244
2362,13,0.0005,0.0192088130861521
2363,13,0.0005,0.0220658667385578
2364,13,0.0005,0.0249774679541588
2365,13,0.0005,0.0238193646073341
2366,13,0.0005,0.0306968409568071
2367,13,0.0005,0.013262115418911
2368,13,0.0005,0.0213120337575674
2369,13,0.0005,0.0238371379673481
2370,13,0.0005,0.021820604801178
2371,13,0.0005,0.01974774338305
2372,13,0.0005,0.0195433087646961
2373,13,0.0005,0.0193463675677776
2374,13,0.0005,0.0217033084481955
2375,13,0.0005,0.0179551094770432
2376,13,0.0005,0.0244345143437386
2377,13,0.0005,0.0199590343981981
2378,13,0.0005,0.0200797319412231
2379,13,0.0005,0.0265798140317202
2380,13,0.0005,0.0284454859793186
2381,13,0.0005,0.0205968767404556
2382,13,0.0005,0.0261742155998945
2383,13,0.0005,0.0259518530219793
2384,13,0.0005,0.028019841760397
2385,13,0.0005,0.0188402384519577
2386,13,0.0005,0.0246286112815142
2387,13,0.0005,0.0252107549458742
2388,13,0.0005,0.0247254688292742
2389,13,0.0005,0.0252887140959501
2390,13,0.0005,0.0218049287796021
2391,13,0.0005,0.0194532983005047
2392,13,0.0005,0.022669417783618
2393,13,0.0005,0.0228418353945017
2394,13,0.0005,0.022175682708621
2395,13,0.0005,0.020904490724206
2396,13,0.0005,0.0180910304188728
2397,13,0.0005,0.0249823145568371
2398,13,0.0005,0.0251697022467852
2399,13,0.0005,0.0211550053209066
2400,13,0.0005,0.0210130754858255
2401,13,0.0005,0.0202544704079628
2402,13,0.0005,0.0192560404539108
2403,13,0.0005,0.0209436882287264
2404,13,0.0005,0.0197791866958141
2405,13,0.0005,0.0226858723908663
2406,13,0.0005,0.0220363009721041
2407,13,0.0005,0.0196303147822618
2408,13,0.0005,0.0317296050488949
2409,13,0.0005,0.0200608149170876
2410,13,0.0005,0.0206452831625938
2411,13,0.0005,0.0221513044089079
2412,13,0.0005,0.0245115533471107
2413,13,0.0005,0.024688608944416
2414,13,0.0005,0.0142350615933537
2415,13,0.0005,0.0236150417476892
2416,13,0.0005,0.0190287046134472
2417,13,0.0005,0.0205940064042807
2418,13,0.0005,0.0216164905577898
2419,13,0.0005,0.024703262373805
2420,13,0.0005,0.0252703092992306
2421,13,0.0005,0.0239660143852234
2422,13,0.0005,0.0182558726519346
2423,13,0.0005,0.0223393421620131
2424,13,0.0005,0.0185788460075855
2425,13,0.0005,0.018040370196104
2426,13,0.0005,0.0248115975409746
2427,13,0.0005,0.0231578070670366
2428,13,0.0005,0.0245497841387987
2429,13,0.0005,0.0234043356031179
2430,13,0.0005,0.0252497121691704
2431,13,0.0005,0.0251836273819208
2432,13,0.0005,0.0204953886568546
2433,13,0.0005,0.0224449820816517
2434,13,0.0005,0.0230494886636734
2435,13,0.0005,0.0228425096720457
2436,13,0.0005,0.0302611384540796
2437,13,0.0005,0.0263851806521416
2438,13,0.0005,0.0273169968277216
2439,13,0.0005,0.0199132151901722
2440,13,0.0005,0.0240860525518656
2441,13,0.0005,0.0272791367024183
2442,13,0.0005,0.0262697376310825
2443,13,0.0005,0.0308068413287401
2444,13,0.0005,0.0304127931594849
2445,13,0.0005,0.0225378312170506
2446,13,0.0005,0.0186355039477348
2447,13,0.0005,0.0180117599666119
2448,13,0.0005,0.018577866256237
2449,13,0.0005,0.0224133040755987
2450,13,0.0005,0.0178385470062494
2451,13,0.0005,0.0181605722755194
2452,13,0.0005,0.0312585830688477
2453,13,0.0005,0.0221046451479197
2454,13,0.0005,0.025374474003911
2455,13,0.0005,0.0240769349038601
2456,13,0.0005,0.0267488583922386
2457,13,0.0005,0.0246420241892338
2458,13,0.0005,0.0251920241862535
2459,13,0.0005,0.0200726296752691
2460,13,0.0005,0.0248967409133911
2461,13,0.0005,0.0212325230240822
2462,13,0.0005,0.0230534486472607
2463,13,0.0005,0.0186888799071312
2464,13,0.0005,0.0182279963046312
2465,13,0.0005,0.0218697413802147
2466,13,0.0005,0.0293622445315123
2467,13,0.0005,0.0200778115540743
2468,13,0.0005,0.0220120642334223
2469,13,0.0005,0.0164385549724102
2470,13,0.0005,0.0199475660920143
2471,13,0.0005,0.0204454213380814
2472,13,0.0005,0.0264186225831509
2473,13,0.0005,0.022738428786397
2474,13,0.0005,0.0180518161505461
2475,13,0.0005,0.0239934455603361
2476,13,0.0005,0.0214897282421589
2477,13,0.0005,0.0242400225251913
2478,13,0.0005,0.0233396533876657
2479,13,0.0005,0.0185892190784216
2480,13,0.0005,0.0223679728806019
2481,13,0.0005,0.0236289519816637
2482,13,0.0005,0.0201747715473175
2483,13,0.0005,0.019940197467804
2484,13,0.0005,0.0175457447767258
2485,13,0.0005,0.0212101768702269
2486,13,0.0005,0.0287061762064695
2487,13,0.0005,0.0167597308754921
2488,13,0.0005,0.0254514627158642
2489,13,0.0005,0.0208247974514961
2490,13,0.0005,0.0197503212839365
2491,13,0.0005,0.0270102079957724
2492,13,0.0005,0.0218841154128313
2493,13,0.0005,0.0188051760196686
2494,13,0.0005,0.017998393625021
2495,13,0.0005,0.0180658753961325
2496,13,0.0005,0.0280028730630875
2497,13,0.0005,0.0262115877121687
2498,13,0.0005,0.0165126156061888
2499,13,0.0005,0.0212527308613062
2500,13,0.0005,0.0270210579037666
2501,13,0.0005,0.0191849358379841
2502,13,0.0005,0.0238804556429386
2503,13,0.0005,0.0170101169496775
2504,13,0.0005,0.0188062693923712
2505,13,0.0005,0.0192439090460539
2506,13,0.0005,0.0222892332822084
2507,13,0.0005,0.0237944182008505
2508,13,0.0005,0.0234998185187578
2509,13,0.0005,0.0169799383729696
2510,13,0.0005,0.0220318604260683
2511,13,0.0005,0.0263698678463697
2512,13,0.0005,0.0240541454404593
2513,13,0.0005,0.0220028255134821
2514,13,0.0005,0.0207253806293011
2515,13,0.0005,0.0229041799902916
2516,13,0.0005,0.0190066639333963
2517,13,0.0005,0.0211317297071218
2518,13,0.0005,0.0321467183530331
2519,13,0.0005,0.0171240158379078
2520,13,0.0005,0.0174983311444521
2521,13,0.0005,0.021387591958046
2522,13,0.0005,0.0244178622961044
2523,14,0.0005,0.0243770908564329
2524,14,0.0005,0.020528657361865
2525,14,0.0005,0.0254162196069956
2526,14,0.0005,0.0192750990390778
2527,14,0.0005,0.030003534629941
2528,14,0.0005,0.0253554005175829
2529,14,0.0005,0.0268607120960951
2530,14,0.0005,0.0356750600039959
2531,14,0.0005,0.0213950164616108
2532,14,0.0005,0.0222540441900492
2533,14,0.0005,0.0221343897283077
2534,14,0.0005,0.0218420773744583
2535,14,0.0005,0.0193543303757906
2536,14,0.0005,0.0245061311870813
2537,14,0.0005,0.0277583319693804
2538,14,0.0005,0.0231810193508863
2539,14,0.0005,0.0193272344768047
2540,14,0.0005,0.0228626374155283
2541,14,0.0005,0.0220917761325836
2542,14,0.0005,0.0215672478079796
2543,14,0.0005,0.0241014156490564
2544,14,0.0005,0.0275335386395454
2545,14,0.0005,0.0190315116196871
2546,14,0.0005,0.0250114295631647
2547,14,0.0005,0.0144739393144846
2548,14,0.0005,0.0183181762695312
2549,14,0.0005,0.0252862591296434
2550,14,0.0005,0.0281572192907333
2551,14,0.0005,0.0191973652690649
2552,14,0.0005,0.0204384755343199
2553,14,0.0005,0.024360615760088
2554,14,0.0005,0.0212827194482088
2555,14,0.0005,0.0202900730073452
2556,14,0.0005,0.0315358825027943
2557,14,0.0005,0.0243143457919359
2558,14,0.0005,0.0194617286324501
2559,14,0.0005,0.0260633155703545
2560,14,0.0005,0.0219009481370449
2561,14,0.0005,0.0220678430050611
2562,14,0.0005,0.0196623019874096
2563,14,0.0005,0.0172501783818007
2564,14,0.0005,0.0186734478920698
2565,14,0.0005,0.0301323588937521
2566,14,0.0005,0.0212742667645216
2567,14,0.0005,0.0226070806384087
2568,14,0.0005,0.0155563950538635
2569,14,0.0005,0.020918058231473
2570,14,0.0005,0.0202915575355291
2571,14,0.0005,0.0173462759703398
2572,14,0.0005,0.027485778555274
2573,14,0.0005,0.0202003419399261
2574,14,0.0005,0.0274333730340004
2575,14,0.0005,0.0189332105219364
2576,14,0.0005,0.0222559310495853
2577,14,0.0005,0.0290506314486265
2578,14,0.0005,0.0320828035473824
2579,14,0.0005,0.021792808547616
2580,14,0.0005,0.0232490263879299
2581,14,0.0005,0.0232514757663012
2582,14,0.0005,0.0261250790208578
2583,14,0.0005,0.0265467297285795
2584,14,0.0005,0.0190526526421309
2585,14,0.0005,0.0209138877689838
2586,14,0.0005,0.023669209331274
2587,14,0.0005,0.0196522530168295
2588,14,0.0005,0.0299128536134958
2589,14,0.0005,0.0198500044643879
2590,14,0.0005,0.0218587573617697
2591,14,0.0005,0.0208145286887884
2592,14,0.0005,0.0216595772653818
2593,14,0.0005,0.0251807682216167
2594,14,0.0005,0.022173972800374
2595,14,0.0005,0.0215869955718517
2596,14,0.0005,0.0231858715415001
2597,14,0.0005,0.0266332495957613
2598,14,0.0005,0.0243639890104532
2599,14,0.0005,0.0174303371459246
2600,14,0.0005,0.0185642242431641
2601,14,0.0005,0.0251361355185509
2602,14,0.0005,0.0187092665582895
2603,14,0.0005,0.0215158332139254
2604,14,0.0005,0.0185092128813267
2605,14,0.0005,0.0180409923195839
2606,14,0.0005,0.0210289657115936
2607,14,0.0005,0.0252577848732471
2608,14,0.0005,0.0158837325870991
2609,14,0.0005,0.021858312189579
2610,14,0.0005,0.0236368719488382
2611,14,0.0005,0.0176399350166321
2612,14,0.0005,0.0195756964385509
2613,14,0.0005,0.0281059239059687
2614,14,0.0005,0.0287624709308147
2615,14,0.0005,0.0190073419362307
2616,14,0.0005,0.0212598759680986
2617,14,0.0005,0.0195393599569798
2618,14,0.0005,0.0195230543613434
2619,14,0.0005,0.0185032691806555
2620,14,0.0005,0.017356138676405
2621,14,0.0005,0.0202553179115057
2622,14,0.0005,0.0222393218427896
2623,14,0.0005,0.0195400100201368
2624,14,0.0005,0.0225360281765461
2625,14,0.0005,0.0288469437509775
2626,14,0.0005,0.0170207042247057
2627,14,0.0005,0.0215436853468418
2628,14,0.0005,0.021142827346921
2629,14,0.0005,0.0265734661370516
2630,14,0.0005,0.0278716683387756
2631,14,0.0005,0.0266032926738262
2632,14,0.0005,0.0264796726405621
2633,14,0.0005,0.0240917392075062
2634,14,0.0005,0.0263649374246597
2635,14,0.0005,0.0228341035544872
2636,14,0.0005,0.0212670806795359
2637,14,0.0005,0.0295284204185009
2638,14,0.0005,0.0206563975661993
2639,14,0.0005,0.0192055683583021
2640,14,0.0005,0.0224699806421995
2641,14,0.0005,0.0160931721329689
2642,14,0.0005,0.0288301575928926
2643,14,0.0005,0.0212329588830471
2644,14,0.0005,0.026937598362565
2645,14,0.0005,0.0195853505283594
2646,14,0.0005,0.0263635274022818
2647,14,0.0005,0.0144224679097533
2648,14,0.0005,0.0209561381489038
2649,14,0.0005,0.0217515360563993
2650,14,0.0005,0.0269214473664761
2651,14,0.0005,0.0218298956751823
2652,14,0.0005,0.0205421466380358
2653,14,0.0005,0.0242732036858797
2654,14,0.0005,0.0207544881850481
2655,14,0.0005,0.0230859406292439
2656,14,0.0005,0.017978036776185
2657,14,0.0005,0.023096576333046
2658,14,0.0005,0.0199565608054399
2659,14,0.0005,0.0177897270768881
2660,14,0.0005,0.0269209258258343
2661,14,0.0005,0.0223854426294565
2662,14,0.0005,0.0155446231365204
2663,14,0.0005,0.0241796132177114
2664,14,0.0005,0.0194045230746269
2665,14,0.0005,0.017051761969924
2666,14,0.0005,0.0277183372527361
2667,14,0.0005,0.0269446484744549
2668,14,0.0005,0.0172461159527302
2669,14,0.0005,0.0298719983547926
2670,14,0.0005,0.0212474744766951
2671,14,0.0005,0.0276094265282154
2672,14,0.0005,0.0228447820991278
2673,14,0.0005,0.0275159422308207
2674,14,0.0005,0.0193400848656893
2675,14,0.0005,0.0216712467372417
2676,14,0.0005,0.0217565260827541
2677,14,0.0005,0.0255255680531263
2678,14,0.0005,0.0226701553910971
2679,14,0.0005,0.0203358791768551
2680,14,0.0005,0.0247690193355083
2681,14,0.0005,0.0175157096236944
2682,14,0.0005,0.0165371745824814
2683,14,0.0005,0.0230175852775574
2684,14,0.0005,0.0242053866386414
2685,14,0.0005,0.0184182524681091
2686,14,0.0005,0.0220230352133512
2687,14,0.0005,0.0254123732447624
2688,14,0.0005,0.0165915545076132
2689,14,0.0005,0.0251585897058249
2690,14,0.0005,0.0186790656298399
2691,14,0.0005,0.0235763173550367
2692,14,0.0005,0.0186706930398941
2693,14,0.0005,0.0237903725355864
2694,14,0.0005,0.0221482999622822
2695,14,0.0005,0.0205437894910574
2696,14,0.0005,0.0203860905021429
2697,14,0.0005,0.0224753078073263
2698,14,0.0005,0.0150759229436517
2699,14,0.0005,0.0227159075438976
2700,14,0.0005,0.0176026895642281
2701,14,0.0005,0.0269800871610641
2702,14,0.0005,0.0165935698896646
2703,14,0.0005,0.019214341416955
2704,14,0.0005,0.0187886208295822
2705,14,0.0005,0.0178767610341311
2706,14,0.0005,0.0224631577730179
2707,14,0.0005,0.0221938956528902
2708,14,0.0005,0.0187839511781931
2709,14,0.0005,0.0275879800319672
2710,14,0.0005,0.0236980989575386
2711,14,0.0005,0.0265942681580782
2712,14,0.0005,0.0170362591743469
2713,14,0.0005,0.0170650109648705
2714,14,0.0005,0.0244845394045115
2715,14,0.0005,0.0191289819777012
2716,14,0.0005,0.0187330786138773
2717,15,0.0005,0.0233590546995401
2718,15,0.0005,0.0147021319717169
2719,15,0.0005,0.0320172868669033
2720,15,0.0005,0.0241181086748838
2721,15,0.0005,0.0200093351304531
2722,15,0.0005,0.0234667807817459
2723,15,0.0005,0.0193018727004528
2724,15,0.0005,0.0220183469355106
2725,15,0.0005,0.0191549267619848
2726,15,0.0005,0.0242062658071518
2727,15,0.0005,0.0303736962378025
2728,15,0.0005,0.0155996764078736
2729,15,0.0005,0.0259026102721691
2730,15,0.0005,0.0242589190602303
2731,15,0.0005,0.0229319743812084
2732,15,0.0005,0.0310828220099211
2733,15,0.0005,0.0189380627125502
2734,15,0.0005,0.0208207927644253
2735,15,0.0005,0.0316895730793476
2736,15,0.0005,0.0225011650472879
2737,15,0.0005,0.0225472003221512
2738,15,0.0005,0.0244429912418127
2739,15,0.0005,0.0206132680177689
2740,15,0.0005,0.0194236841052771
2741,15,0.0005,0.0243596397340298
2742,15,0.0005,0.0236854963004589
2743,15,0.0005,0.0192082058638334
2744,15,0.0005,0.0210009198635817
2745,15,0.0005,0.0222026444971561
2746,15,0.0005,0.0206693857908249
2747,15,0.0005,0.0205455459654331
2748,15,0.0005,0.0207792390137911
2749,15,0.0005,0.0204275026917458
2750,15,0.0005,0.0193015187978745
2751,15,0.0005,0.0181254297494888
2752,15,0.0005,0.0221076589077711
2753,15,0.0005,0.0245805084705353
2754,15,0.0005,0.0234550703316927
2755,15,0.0005,0.0231050569564104
2756,15,0.0005,0.0229473188519478
2757,15,0.0005,0.0167161449790001
2758,15,0.0005,0.0172548536211252
2759,15,0.0005,0.0230762809514999
2760,15,0.0005,0.0204095654189587
2761,15,0.0005,0.0230574570596218
2762,15,0.0005,0.0226741563528776
2763,15,0.0005,0.0230673756450415
2764,15,0.0005,0.0220193080604076
2765,15,0.0005,0.025484312325716
2766,15,0.0005,0.0226864106953144
2767,15,0.0005,0.0183515083044767
2768,15,0.0005,0.0219041872769594
2769,15,0.0005,0.0195357352495193
2770,15,0.0005,0.0167135559022427
2771,15,0.0005,0.0200631897896528
2772,15,0.0005,0.0152179887518287
2773,15,0.0005,0.0275357086211443
2774,15,0.0005,0.0198962893337011
2775,15,0.0005,0.0180677529424429
2776,15,0.0005,0.0214661657810211
2777,15,0.0005,0.0200015902519226
2778,15,0.0005,0.024596193805337
2779,15,0.0005,0.0239654053002596
2780,15,0.0005,0.0192488171160221
2781,15,0.0005,0.0200201738625765
2782,15,0.0005,0.0247064381837845
2783,15,0.0005,0.0173144266009331
2784,15,0.0005,0.016684778034687
2785,15,0.0005,0.0219322424381971
2786,15,0.0005,0.0245013702660799
2787,15,0.0005,0.0249544661492109
2788,15,0.0005,0.0234687365591526
2789,15,0.0005,0.0240133516490459
2790,15,0.0005,0.019314331933856
2791,15,0.0005,0.021161213517189
2792,15,0.0005,0.0187623500823975
2793,15,0.0005,0.0168187040835619
2794,15,0.0005,0.0229083206504583
2795,15,0.0005,0.0195979084819555
2796,15,0.0005,0.0165329594165087
2797,15,0.0005,0.0194289367645979
2798,15,0.0005,0.0151623990386724
2799,15,0.0005,0.023226534947753
2800,15,0.0005,0.0216266047209501
2801,15,0.0005,0.0216744542121887
2802,15,0.0005,0.0244847889989614
2803,15,0.0005,0.0272124893963337
2804,15,0.0005,0.0219220370054245
2805,15,0.0005,0.019957335665822
2806,15,0.0005,0.024828577414155
2807,15,0.0005,0.0292692519724369
2808,15,0.0005,0.028444979339838
2809,15,0.0005,0.0217683520168066
2810,15,0.0005,0.020408658310771
2811,15,0.0005,0.0220031552016735
2812,15,0.0005,0.0221132095903158
2813,15,0.0005,0.026601055637002
2814,15,0.0005,0.019064100459218
2815,15,0.0005,0.0252887066453695
2816,15,0.0005,0.027032857760787
2817,15,0.0005,0.0202086046338081
2818,15,0.0005,0.0218244101852179
2819,15,0.0005,0.0227627251297235
2820,15,0.0005,0.0272478051483631
2821,15,0.0005,0.036828875541687
2822,15,0.0005,0.0220334455370903
2823,15,0.0005,0.0227264650166035
2824,15,0.0005,0.0265068896114826
2825,15,0.0005,0.0231959987431765
2826,15,0.0005,0.0197455678135157
2827,15,0.0005,0.0181063134223223
2828,15,0.0005,0.0220909621566534
2829,15,0.0005,0.0216986015439034
2830,15,0.0005,0.0197521634399891
2831,15,0.0005,0.0177843756973743
2832,15,0.0005,0.0220376309007406
2833,15,0.0005,0.022100979462266
2834,15,0.0005,0.0166951566934586
2835,15,0.0005,0.0244383960962296
2836,15,0.0005,0.0220677591860294
2837,15,0.0005,0.0180249456316233
2838,15,0.0005,0.0238520540297031
2839,15,0.0005,0.0224086549133062
2840,15,0.0005,0.0251192934811115
2841,15,0.0005,0.0177576597779989
2842,15,0.0005,0.023481635376811
2843,15,0.0005,0.0254306737333536
2844,15,0.0005,0.0257423911243677
2845,15,0.0005,0.0174205340445042
2846,15,0.0005,0.0214686077088118
2847,15,0.0005,0.0253379363566637
2848,15,0.0005,0.018420597538352
2849,15,0.0005,0.0198969561606646
2850,15,0.0005,0.0239580813795328
2851,15,0.0005,0.0218978300690651
2852,15,0.0005,0.0205417592078447
2853,15,0.0005,0.0170801337808371
2854,15,0.0005,0.0281026847660542
2855,15,0.0005,0.0223073121160269
2856,15,0.0005,0.0212954767048359
2857,15,0.0005,0.0262099094688892
2858,15,0.0005,0.0273131001740694
2859,15,0.0005,0.0244289245456457
2860,15,0.0005,0.0239872392266989
2861,15,0.0005,0.0229932833462954
2862,15,0.0005,0.0238906368613243
2863,15,0.0005,0.0239118859171867
2864,15,0.0005,0.0214061811566353
2865,15,0.0005,0.0303978584706783
2866,15,0.0005,0.0164382979273796
2867,15,0.0005,0.0191235244274139
2868,15,0.0005,0.0226397048681974
2869,15,0.0005,0.0200068280100822
2870,15,0.0005,0.0224813614040613
2871,15,0.0005,0.0197729039937258
2872,15,0.0005,0.0253957603126764
2873,15,0.0005,0.0213176812976599
2874,15,0.0005,0.0172277130186558
2875,15,0.0005,0.021162323653698
2876,15,0.0005,0.0259127095341682
2877,15,0.0005,0.0242767967283726
2878,15,0.0005,0.0209920648485422
2879,15,0.0005,0.0155885210260749
2880,15,0.0005,0.0168358385562897
2881,15,0.0005,0.0243797209113836
2882,15,0.0005,0.0290380958467722
2883,15,0.0005,0.0219276938587427
2884,15,0.0005,0.022951390594244
2885,15,0.0005,0.0192486196756363
2886,15,0.0005,0.0220599267631769
2887,15,0.0005,0.0190658234059811
2888,15,0.0005,0.0231577511876822
2889,15,0.0005,0.0237455926835537
2890,15,0.0005,0.0269674267619848
2891,15,0.0005,0.0253510791808367
2892,15,0.0005,0.02236507833004
2893,15,0.0005,0.0195863824337721
2894,15,0.0005,0.0248407982289791
2895,15,0.0005,0.0292173493653536
2896,15,0.0005,0.0177109651267529
2897,15,0.0005,0.0206517428159714
2898,15,0.0005,0.0174129623919725
2899,15,0.0005,0.0206005815416574
2900,15,0.0005,0.024651512503624
2901,15,0.0005,0.0187694579362869
2902,15,0.0005,0.0162212457507849
2903,15,0.0005,0.0254180263727903
2904,15,0.0005,0.0163490530103445
2905,15,0.0005,0.0313133150339127
2906,15,0.0005,0.0226900782436132
2907,15,0.0005,0.0206861272454262
2908,15,0.0005,0.0253494437783957
2909,15,0.0005,0.0225984696298838
2910,15,0.0005,0.0233584996312857
2911,16,0.0005,0.0236116331070662
2912,16,0.0005,0.0222220961004496
2913,16,0.0005,0.0219910498708487
2914,16,0.0005,0.0212655626237392
2915,16,0.0005,0.0257255453616381
2916,16,0.0005,0.0253753513097763
2917,16,0.0005,0.022375239059329
2918,16,0.0005,0.0223025213927031
2919,16,0.0005,0.0221104249358177
2920,16,0.0005,0.0171847138553858
2921,16,0.0005,0.0206711627542973
2922,16,0.0005,0.0302102360874414
2923,16,0.0005,0.0194707307964563
2924,16,0.0005,0.0275993887335062
2925,16,0.0005,0.0322241894900799
2926,16,0.0005,0.0158126931637526
2927,16,0.0005,0.0217927470803261
2928,16,0.0005,0.0227459687739611
2929,16,0.0005,0.0225414354354143
2930,16,0.0005,0.0193813350051641
2931,16,0.0005,0.023678332567215
2932,16,0.0005,0.0224081985652447
2933,16,0.0005,0.0211170539259911
2934,16,0.0005,0.0261558331549168
2935,16,0.0005,0.0231224335730076
2936,16,0.0005,0.0218478925526142
2937,16,0.0005,0.0194335728883743
2938,16,0.0005,0.019974697381258
2939,16,0.0005,0.0227409228682518
2940,16,0.0005,0.0208878312259912
2941,16,0.0005,0.0237984489649534
2942,16,0.0005,0.0322740860283375
2943,16,0.0005,0.0202061999589205
2944,16,0.0005,0.0248088072985411
2945,16,0.0005,0.0225254893302917
2946,16,0.0005,0.0182736907154322
2947,16,0.0005,0.0258852429687977
2948,16,0.0005,0.0241788327693939
2949,16,0.0005,0.0194445885717869
2950,16,0.0005,0.0194739010185003
2951,16,0.0005,0.0240074153989553
2952,16,0.0005,0.0196998994797468
2953,16,0.0005,0.018708623945713
2954,16,0.0005,0.0201246161013842
2955,16,0.0005,0.0179362799972296
2956,16,0.0005,0.0153156407177448
2957,16,0.0005,0.0297651551663876
2958,16,0.0005,0.0182240568101406
2959,16,0.0005,0.0224112290889025
2960,16,0.0005,0.0260363109409809
2961,16,0.0005,0.0221169199794531
2962,16,0.0005,0.0188694000244141
2963,16,0.0005,0.0218460597097874
2964,16,0.0005,0.0240292884409428
2965,16,0.0005,0.0239033848047256
2966,16,0.0005,0.0264007691293955
2967,16,0.0005,0.0164772178977728
2968,16,0.0005,0.0218798443675041
2969,16,0.0005,0.0204450357705355
2970,16,0.0005,0.0246250592172146
2971,16,0.0005,0.0275844596326351
2972,16,0.0005,0.0183205101639032
2973,16,0.0005,0.0202440936118364
2974,16,0.0005,0.0177036914974451
2975,16,0.0005,0.0219767149537802
2976,16,0.0005,0.0205590520054102
2977,16,0.0005,0.0199542939662933
2978,16,0.0005,0.0216339565813541
2979,16,0.0005,0.0185876488685608
2980,16,0.0005,0.0202541444450617
2981,16,0.0005,0.0231105163693428
2982,16,0.0005,0.0214266255497932
2983,16,0.0005,0.0291309580206871
2984,16,0.0005,0.019240802153945
2985,16,0.0005,0.0226194337010384
2986,16,0.0005,0.0200888700783253
2987,16,0.0005,0.0205138344317675
2988,16,0.0005,0.0305712465196848
2989,16,0.0005,0.0211387816816568
2990,16,0.0005,0.019265515729785
2991,16,0.0005,0.0194084011018276
2992,16,0.0005,0.0305124055594206
2993,16,0.0005,0.0231878533959389
2994,16,0.0005,0.0215799883008003
2995,16,0.0005,0.0153864901512861
2996,16,0.0005,0.0234057009220123
2997,16,0.0005,0.0228945519775152
2998,16,0.0005,0.023000430315733
2999,16,0.0005,0.0247242152690887
3000,16,0.0005,0.0220176614820957
3001,16,0.0005,0.0209668688476086
3002,16,0.0005,0.0202215146273375
3003,16,0.0005,0.0166199710220098
3004,16,0.0005,0.0159139614552259
3005,16,0.0005,0.0239756796509027
3006,16,0.0005,0.0240380298346281
3007,16,0.0005,0.0221212673932314
3008,16,0.0005,0.0167316924780607
3009,16,0.0005,0.0230998005717993
3010,16,0.0005,0.0293144937604666
3011,16,0.0005,0.0199721939861774
3012,16,0.0005,0.0203641727566719
3013,16,0.0005,0.0263200234621763
3014,16,0.0005,0.0184150114655495
3015,16,0.0005,0.0203921981155872
3016,16,0.0005,0.025069709867239
3017,16,0.0005,0.0212550740689039
3018,16,0.0005,0.0216915402561426
3019,16,0.0005,0.0232619810849428
3020,16,0.0005,0.0229521095752716
3021,16,0.0005,0.0226621683686972
3022,16,0.0005,0.0326016992330551
3023,16,0.0005,0.0214636493474245
3024,16,0.0005,0.022500392049551
3025,16,0.0005,0.0248277299106121
3026,16,0.0005,0.0219433270394802
3027,16,0.0005,0.0157878510653973
3028,16,0.0005,0.0253681261092424
3029,16,0.0005,0.022082231938839
3030,16,0.0005,0.0237777065485716
3031,16,0.0005,0.0184528008103371
3032,16,0.0005,0.0242852680385113
3033,16,0.0005,0.0279685892164707
3034,16,0.0005,0.0193743761628866
3035,16,0.0005,0.0195501167327166
3036,16,0.0005,0.0229598842561245
3037,16,0.0005,0.018980460241437
3038,16,0.0005,0.0209650304168463
3039,16,0.0005,0.0253939963877201
3040,16,0.0005,0.0207027792930603
3041,16,0.0005,0.0277498755604029
3042,16,0.0005,0.0199471414089203
3043,16,0.0005,0.0189036726951599
3044,16,0.0005,0.0191672910004854
3045,16,0.0005,0.0208086930215359
3046,16,0.0005,0.0199163034558296
3047,16,0.0005,0.0201928075402975
3048,16,0.0005,0.0200610067695379
3049,16,0.0005,0.0320085883140564
3050,16,0.0005,0.0272412337362766
3051,16,0.0005,0.0215099062770605
3052,16,0.0005,0.0226676557213068
3053,16,0.0005,0.0246002916246653
3054,16,0.0005,0.0222337730228901
3055,16,0.0005,0.0264708735048771
3056,16,0.0005,0.0200841557234526
3057,16,0.0005,0.022979324683547
3058,16,0.0005,0.0214140880852938
3059,16,0.0005,0.0237877275794744
3060,16,0.0005,0.0179547537118196
3061,16,0.0005,0.0202995128929615
3062,16,0.0005,0.0186944995075464
3063,16,0.0005,0.0188894346356392
3064,16,0.0005,0.02105045132339
3065,16,0.0005,0.0166594479233027
3066,16,0.0005,0.0179986972361803
3067,16,0.0005,0.0259315762668848
3068,16,0.0005,0.0165711697191
3069,16,0.0005,0.0210917331278324
3070,16,0.0005,0.01982681453228
3071,16,0.0005,0.0176101513206959
3072,16,0.0005,0.0218107346445322
3073,16,0.0005,0.0174620393663645
3074,16,0.0005,0.0265965163707733
3075,16,0.0005,0.0243901181966066
3076,16,0.0005,0.0173974744975567
3077,16,0.0005,0.0198577288538218
3078,16,0.0005,0.0264042280614376
3079,16,0.0005,0.022576542571187
3080,16,0.0005,0.0182479023933411
3081,16,0.0005,0.019856046885252
3082,16,0.0005,0.0270888265222311
3083,16,0.0005,0.0168588757514954
3084,16,0.0005,0.0267978888005018
3085,16,0.0005,0.0215492323040962
3086,16,0.0005,0.024746086448431
3087,16,0.0005,0.0188058502972126
3088,16,0.0005,0.0243864618241787
3089,16,0.0005,0.0255951564759016
3090,16,0.0005,0.0252897907048464
3091,16,0.0005,0.0228980556130409
3092,16,0.0005,0.0229148920625448
3093,16,0.0005,0.0224736016243696
3094,16,0.0005,0.0227759350091219
3095,16,0.0005,0.0214703064411879
3096,16,0.0005,0.0214561559259892
3097,16,0.0005,0.0282688960433006
3098,16,0.0005,0.0222791079431772
3099,16,0.0005,0.0199964847415686
3100,16,0.0005,0.0237395707517862
3101,16,0.0005,0.0193917546421289
3102,16,0.0005,0.0170005466789007
3103,16,0.0005,0.0234652310609818
3104,16,0.0005,0.0228167157620192
3105,17,0.0005,0.0237013176083565
3106,17,0.0005,0.0147179206833243
3107,17,0.0005,0.021782087162137
3108,17,0.0005,0.0205672681331635
3109,17,0.0005,0.0228051152080297
3110,17,0.0005,0.019617510959506
3111,17,0.0005,0.0218172278255224
3112,17,0.0005,0.0185593385249376
3113,17,0.0005,0.0172727946192026
3114,17,0.0005,0.0188665110617876
3115,17,0.0005,0.0215807911008596
3116,17,0.0005,0.0209497511386871
3117,17,0.0005,0.020868856459856
3118,17,0.0005,0.0189239662140608
3119,17,0.0005,0.0199022758752108
3120,17,0.0005,0.0228931903839111
3121,17,0.0005,0.0183664131909609
3122,17,0.0005,0.0203980263322592
3123,17,0.0005,0.0216277372092009
3124,17,0.0005,0.0266318824142218
3125,17,0.0005,0.0207840576767921
3126,17,0.0005,0.0208939034491777
3127,17,0.0005,0.0194889400154352
3128,17,0.0005,0.0249621067196131
3129,17,0.0005,0.0239956621080637
3130,17,0.0005,0.0193000119179487
3131,17,0.0005,0.0229414273053408
3132,17,0.0005,0.0216505639255047
3133,17,0.0005,0.0216062311083078
3134,17,0.0005,0.0185813177376986
3135,17,0.0005,0.0214898269623518
3136,17,0.0005,0.0215013045817614
3137,17,0.0005,0.019334077835083
3138,17,0.0005,0.0223304871469736
3139,17,0.0005,0.0266662389039993
3140,17,0.0005,0.0183406472206116
3141,17,0.0005,0.0242882203310728
3142,17,0.0005,0.0202434752136469
3143,17,0.0005,0.0169432200491428
3144,17,0.0005,0.0240362659096718
3145,17,0.0005,0.0230186227709055
3146,17,0.0005,0.0255071893334389
3147,17,0.0005,0.028058934956789
3148,17,0.0005,0.0209739524871111
3149,17,0.0005,0.0230407491326332
3150,17,0.0005,0.0189171731472015
3151,17,0.0005,0.0216138400137424
3152,17,0.0005,0.0189544558525085
3153,17,0.0005,0.0201945044100285
3154,17,0.0005,0.0213206186890602
3155,17,0.0005,0.0236704610288143
3156,17,0.0005,0.0207024049013853
3157,17,0.0005,0.0248534083366394
3158,17,0.0005,0.0192962642759085
3159,17,0.0005,0.0220187604427338
3160,17,0.0005,0.020312687382102
3161,17,0.0005,0.0225293599069118
3162,17,0.0005,0.0221530590206385
3163,17,0.0005,0.0171983763575554
3164,17,0.0005,0.0254742838442326
3165,17,0.0005,0.0183296352624893
3166,17,0.0005,0.0287588723003864
3167,17,0.0005,0.021045558154583
3168,17,0.0005,0.0265771374106407
3169,17,0.0005,0.0239241924136877
3170,17,0.0005,0.0155530357733369
3171,17,0.0005,0.0171497650444508
3172,17,0.0005,0.0240740962326527
3173,17,0.0005,0.0194942615926266
3174,17,0.0005,0.0227694120258093
3175,17,0.0005,0.0238541569560766
3176,17,0.0005,0.0221522748470306
3177,17,0.0005,0.0213988441973925
3178,17,0.0005,0.0173445772379637
3179,17,0.0005,0.0250510834157467
3180,17,0.0005,0.0202274192124605
3181,17,0.0005,0.0211776215583086
3182,17,0.0005,0.0147956293076277
3183,17,0.0005,0.0220725499093533
3184,17,0.0005,0.0277358703315258
3185,17,0.0005,0.0176855996251106
3186,17,0.0005,0.0204664058983326
3187,17,0.0005,0.016711687669158
3188,17,0.0005,0.0238681733608246
3189,17,0.0005,0.02264004945755
3190,17,0.0005,0.0291967950761318
3191,17,0.0005,0.0221312567591667
3192,17,0.0005,0.0217698737978935
3193,17,0.0005,0.0237820390611887
3194,17,0.0005,0.0161522962152958
3195,17,0.0005,0.0245105586946011
3196,17,0.0005,0.0151859614998102
3197,17,0.0005,0.0243505965918303
3198,17,0.0005,0.0206187069416046
3199,17,0.0005,0.0222308747470379
3200,17,0.0005,0.0257369130849838
3201,17,0.0005,0.0235621184110641
3202,17,0.0005,0.0269471444189548
3203,17,0.0005,0.0191238131374121
3204,17,0.0005,0.0237395036965609
3205,17,0.0005,0.0224711578339338
3206,17,0.0005,0.0308743230998516
3207,17,0.0005,0.0243551656603813
3208,17,0.0005,0.0246249698102474
3209,17,0.0005,0.0221088696271181
3210,17,0.0005,0.0222591962665319
3211,17,0.0005,0.0227203145623207
3212,17,0.0005,0.0251852851361036
3213,17,0.0005,0.0172924660146236
3214,17,0.0005,0.0215316135436296
3215,17,0.0005,0.0233742035925388
3216,17,0.0005,0.029225567355752
3217,17,0.0005,0.0244176108390093
3218,17,0.0005,0.0269923806190491
3219,17,0.0005,0.0199188869446516
3220,17,0.0005,0.0193781238049269
3221,17,0.0005,0.0251488294452429
3222,17,0.0005,0.0212023984640837
3223,17,0.0005,0.0208752248436213
3224,17,0.0005,0.0194717794656754
3225,17,0.0005,0.0187324788421392
3226,17,0.0005,0.0190143585205078
3227,17,0.0005,0.0224728044122458
3228,17,0.0005,0.0234834421426058
3229,17,0.0005,0.0198159478604794
3230,17,0.0005,0.0196087975054979
3231,17,0.0005,0.019459730014205
3232,17,0.0005,0.0348055474460125
3233,17,0.0005,0.0154005531221628
3234,17,0.0005,0.0176276080310345
3235,17,0.0005,0.022289901971817
3236,17,0.0005,0.0247639417648315
3237,17,0.0005,0.0208605565130711
3238,17,0.0005,0.0302175413817167
3239,17,0.0005,0.0197221878916025
3240,17,0.0005,0.0259251706302166
3241,17,0.0005,0.0222999062389135
3242,17,0.0005,0.0214660670608282
3243,17,0.0005,0.0216950308531523
3244,17,0.0005,0.0247802790254354
3245,17,0.0005,0.0192323625087738
3246,17,0.0005,0.0158399194478989
3247,17,0.0005,0.0194325521588326
3248,17,0.0005,0.0200591944158077
3249,17,0.0005,0.0227090790867805
3250,17,0.0005,0.0218748226761818
3251,17,0.0005,0.0204620212316513
3252,17,0.0005,0.0179212242364883
3253,17,0.0005,0.0192225892096758
3254,17,0.0005,0.0182530805468559
3255,17,0.0005,0.0218861270695925
3256,17,0.0005,0.0239958856254816
3257,17,0.0005,0.0222722496837378
3258,17,0.0005,0.0201797224581242
3259,17,0.0005,0.0235443264245987
3260,17,0.0005,0.0225565358996391
3261,17,0.0005,0.0219423286616802
3262,17,0.0005,0.0244851894676685
3263,17,0.0005,0.0219296794384718
3264,17,0.0005,0.0291651505976915
3265,17,0.0005,0.0205574352294207
3266,17,0.0005,0.0224100984632969
3267,17,0.0005,0.02264897339046
3268,17,0.0005,0.0308635346591473
3269,17,0.0005,0.023614214733243
3270,17,0.0005,0.0211120527237654
3271,17,0.0005,0.020879914984107
3272,17,0.0005,0.0216994173824787
3273,17,0.0005,0.0264107286930084
3274,17,0.0005,0.0212854389101267
3275,17,0.0005,0.0235777460038662
3276,17,0.0005,0.0273881070315838
3277,17,0.0005,0.0207975469529629
3278,17,0.0005,0.0277578737586737
3279,17,0.0005,0.0197477824985981
3280,17,0.0005,0.0207430422306061
3281,17,0.0005,0.0253605805337429
3282,17,0.0005,0.01996791921556
3283,17,0.0005,0.0307149980217218
3284,17,0.0005,0.0215863641351461
3285,17,0.0005,0.0257131699472666
3286,17,0.0005,0.0171301178634167
3287,17,0.0005,0.0218611788004637
3288,17,0.0005,0.0251240488141775
3289,17,0.0005,0.0255786515772343
3290,17,0.0005,0.0213159509003162
3291,17,0.0005,0.0195188783109188
3292,17,0.0005,0.0253460332751274
3293,17,0.0005,0.0219923909753561
3294,17,0.0005,0.0210550166666508
3295,17,0.0005,0.0320583395659924
3296,17,0.0005,0.0268293507397175
3297,17,0.0005,0.0185233596712351
3298,17,0.0005,0.0237088054418564
3299,18,0.0005,0.0212403796613216
3300,18,0.0005,0.017157781869173
3301,18,0.0005,0.022074356675148
3302,18,0.0005,0.0182718280702829
3303,18,0.0005,0.0201620310544968
3304,18,0.0005,0.0257471092045307
3305,18,0.0005,0.0168394818902016
3306,18,0.0005,0.0248312447220087
3307,18,0.0005,0.0249360091984272
3308,18,0.0005,0.0184235200285912
3309,18,0.0005,0.0198078472167253
3310,18,0.0005,0.0247381236404181
3311,18,0.0005,0.0230375397950411
3312,18,0.0005,0.0229608435183764
3313,18,0.0005,0.0264829806983471
3314,18,0.0005,0.0224737878888845
3315,18,0.0005,0.0203508716076612
3316,18,0.0005,0.0211732648313046
3317,18,0.0005,0.019989151507616
3318,18,0.0005,0.0255650170147419
3319,18,0.0005,0.020041111856699
3320,18,0.0005,0.0160013232380152
3321,18,0.0005,0.0242577828466892
3322,18,0.0005,0.0182431023567915
3323,18,0.0005,0.026203628629446
3324,18,0.0005,0.0218555051833391
3325,18,0.0005,0.0265625026077032
3326,18,0.0005,0.0171010810881853
3327,18,0.0005,0.0207530483603477
3328,18,0.0005,0.0189437847584486
3329,18,0.0005,0.0256866589188576
3330,18,0.0005,0.0200908575206995
3331,18,0.0005,0.0299582798033953
3332,18,0.0005,0.0216291826218367
3333,18,0.0005,0.0277396384626627
3334,18,0.0005,0.0219101887196302
3335,18,0.0005,0.026499941945076
3336,18,0.0005,0.0239162296056747
3337,18,0.0005,0.0186366327106953
3338,18,0.0005,0.0167440269142389
3339,18,0.0005,0.0244044773280621
3340,18,0.0005,0.0154840024188161
3341,18,0.0005,0.0216128341853619
3342,18,0.0005,0.0275761280208826
3343,18,0.0005,0.0261672902852297
3344,18,0.0005,0.0203830674290657
3345,18,0.0005,0.0171452034264803
3346,18,0.0005,0.0224942620843649
3347,18,0.0005,0.0222192034125328
3348,18,0.0005,0.0201209951192141
3349,18,0.0005,0.0264473538845778
3350,18,0.0005,0.0213003680109978
3351,18,0.0005,0.0281273759901524
3352,18,0.0005,0.0255972780287266
3353,18,0.0005,0.0212213490158319
3354,18,0.0005,0.0187351182103157
3355,18,0.0005,0.021106144413352
3356,18,0.0005,0.0199032332748175
3357,18,0.0005,0.0302875153720379
3358,18,0.0005,0.0189310312271118
3359,18,0.0005,0.0238064397126436
3360,18,0.0005,0.0202301442623138
3361,18,0.0005,0.0201744381338358
3362,18,0.0005,0.0242949016392231
3363,18,0.0005,0.0185499582439661
3364,18,0.0005,0.0212621912360191
3365,18,0.0005,0.0215766225010157
3366,18,0.0005,0.0204042829573154
3367,18,0.0005,0.0214633252471685
3368,18,0.0005,0.0172467026859522
3369,18,0.0005,0.0261748638004065
3370,18,0.0005,0.0198185313493013
3371,18,0.0005,0.0253586713224649
3372,18,0.0005,0.0225817244499922
3373,18,0.0005,0.0190578401088715
3374,18,0.0005,0.0268243197351694
3375,18,0.0005,0.021654024720192
3376,18,0.0005,0.0321651920676231
3377,18,0.0005,0.0230487771332264
3378,18,0.0005,0.0192872416228056
3379,18,0.0005,0.0220212154090405
3380,18,0.0005,0.0283916871994734
3381,18,0.0005,0.0190302971750498
3382,18,0.0005,0.0204242393374443
3383,18,0.0005,0.0236958134919405
3384,18,0.0005,0.021637100726366
3385,18,0.0005,0.0237885992974043
3386,18,0.0005,0.0181921236217022
3387,18,0.0005,0.0227377619594336
3388,18,0.0005,0.0264842957258224
3389,18,0.0005,0.0208078790456057
3390,18,0.0005,0.0202275980263948
3391,18,0.0005,0.0201288778334856
3392,18,0.0005,0.0212216228246689
3393,18,0.0005,0.0249901860952377
3394,18,0.0005,0.0203640908002853
3395,18,0.0005,0.0204830765724182
3396,18,0.0005,0.0185923427343369
3397,18,0.0005,0.0181037578731775
3398,18,0.0005,0.0270022079348564
3399,18,0.0005,0.0292377769947052
3400,18,0.0005,0.0219038464128971
3401,18,0.0005,0.0217389091849327
3402,18,0.0005,0.0209400337189436
3403,18,0.0005,0.0197241678833961
3404,18,0.0005,0.0297025199979544
3405,18,0.0005,0.0227312110364437
3406,18,0.0005,0.0205649174749851
3407,18,0.0005,0.0230739898979664
3408,18,0.0005,0.023281641304493
3409,18,0.0005,0.0173659417778254
3410,18,0.0005,0.0277237445116043
3411,18,0.0005,0.0262885112315416
3412,18,0.0005,0.0173271540552378
3413,18,0.0005,0.0286010280251503
3414,18,0.0005,0.0226845555007458
3415,18,0.0005,0.0212303437292576
3416,18,0.0005,0.0185756832361221
3417,18,0.0005,0.0257049668580294
3418,18,0.0005,0.0293002091348171
3419,18,0.0005,0.0282360222190619
3420,18,0.0005,0.0271368976682425
3421,18,0.0005,0.0192472506314516
3422,18,0.0005,0.0195228774100542
3423,18,0.0005,0.0219525881111622
3424,18,0.0005,0.0193901415914297
3425,18,0.0005,0.0186623390763998
3426,18,0.0005,0.0206164680421352
3427,18,0.0005,0.0235279649496078
3428,18,0.0005,0.0223118737339973
3429,18,0.0005,0.0195464435964823
3430,18,0.0005,0.0177237987518311
3431,18,0.0005,0.0197460018098354
3432,18,0.0005,0.0223360154777765
3433,18,0.0005,0.0176343936473131
3434,18,0.0005,0.022492902353406
3435,18,0.0005,0.0195690207183361
3436,18,0.0005,0.0228231102228165
3437,18,0.0005,0.0205635968595743
3438,18,0.0005,0.027999384328723
3439,18,0.0005,0.0211956016719341
3440,18,0.0005,0.0174504742026329
3441,18,0.0005,0.0242363642901182
3442,18,0.0005,0.0237049348652363
3443,18,0.0005,0.0208782143890858
3444,18,0.0005,0.0211880207061768
3445,18,0.0005,0.0205046031624079
3446,18,0.0005,0.0202144552022219
3447,18,0.0005,0.0202962197363377
3448,18,0.0005,0.0233227331191301
3449,18,0.0005,0.0202175006270409
3450,18,0.0005,0.0178098827600479
3451,18,0.0005,0.0197304263710976
3452,18,0.0005,0.0185865592211485
3453,18,0.0005,0.0210672318935394
3454,18,0.0005,0.026113161817193
3455,18,0.0005,0.0204639248549938
3456,18,0.0005,0.0186764504760504
3457,18,0.0005,0.0190342701971531
3458,18,0.0005,0.0214489288628101
3459,18,0.0005,0.0241669435054064
3460,18,0.0005,0.0252607725560665
3461,18,0.0005,0.0177598372101784
3462,18,0.0005,0.021465303376317
3463,18,0.0005,0.0183058753609657
3464,18,0.0005,0.01990588568151
3465,18,0.0005,0.0178147330880165
3466,18,0.0005,0.0210530404001474
3467,18,0.0005,0.0234524887055159
3468,18,0.0005,0.0178158562630415
3469,18,0.0005,0.0174057446420193
3470,18,0.0005,0.0235747098922729
3471,18,0.0005,0.0174758918583393
3472,18,0.0005,0.0248469766229391
3473,18,0.0005,0.0166274756193161
3474,18,0.0005,0.0228098016232252
3475,18,0.0005,0.022903086617589
3476,18,0.0005,0.0208796598017216
3477,18,0.0005,0.0188116654753685
3478,18,0.0005,0.0164791867136955
3479,18,0.0005,0.0231289155781269
3480,18,0.0005,0.0224968157708645
3481,18,0.0005,0.0239266809076071
3482,18,0.0005,0.0185978785157204
3483,18,0.0005,0.0184672325849533
3484,18,0.0005,0.0257376842200756
3485,18,0.0005,0.0227064546197653
3486,18,0.0005,0.0220874566584826
3487,18,0.0005,0.0244222395122051
3488,18,0.0005,0.0254203714430332
3489,18,0.0005,0.0183468293398619
3490,18,0.0005,0.0247054044157267
3491,18,0.0005,0.0206213165074587
3492,18,0.0005,0.0280169025063515
3493,19,0.0005,0.0179909951984882
3494,19,0.0005,0.0218215323984623
3495,19,0.0005,0.0181241985410452
3496,19,0.0005,0.0228180103003979
3497,19,0.0005,0.0217477027326822
3498,19,0.0005,0.0222660321742296
3499,19,0.0005,0.021545484662056
3500,19,0.0005,0.01693513430655
3501,19,0.0005,0.0158686153590679
3502,19,0.0005,0.0183034539222717
3503,19,0.0005,0.0231195073574781
3504,19,0.0005,0.0236982572823763
3505,19,0.0005,0.0146912168711424
3506,19,0.0005,0.0194068606942892
3507,19,0.0005,0.0294261518865824
3508,19,0.0005,0.0254701338708401
3509,19,0.0005,0.0244384612888098
3510,19,0.0005,0.0205435212701559
3511,19,0.0005,0.0230521056801081
3512,19,0.0005,0.0229648109525442
3513,19,0.0005,0.0233470480889082
3514,19,0.0005,0.0152812730520964
3515,19,0.0005,0.017976738512516
3516,19,0.0005,0.019713019952178
3517,19,0.0005,0.0252064522355795
3518,19,0.0005,0.0284929350018501
3519,19,0.0005,0.0160492546856403
3520,19,0.0005,0.0262229815125465
3521,19,0.0005,0.0223634820431471
3522,19,0.0005,0.0213833395391703
3523,19,0.0005,0.018556609749794
3524,19,0.0005,0.0226057693362236
3525,19,0.0005,0.0233459752053022
3526,19,0.0005,0.0192433744668961
3527,19,0.0005,0.0212562046945095
3528,19,0.0005,0.0212905555963516
3529,19,0.0005,0.0253880489617586
3530,19,0.0005,0.023069841787219
3531,19,0.0005,0.0233051329851151
3532,19,0.0005,0.0260888729244471
3533,19,0.0005,0.0237925890833139
3534,19,0.0005,0.0227492339909077
3535,19,0.0005,0.0234018880873919
3536,19,0.0005,0.0204725470393896
3537,19,0.0005,0.0143748419359326
3538,19,0.0005,0.0228629857301712
3539,19,0.0005,0.017368258908391
3540,19,0.0005,0.030017526820302
3541,19,0.0005,0.0142947277054191
3542,19,0.0005,0.0184476338326931
3543,19,0.0005,0.0258124601095915
3544,19,0.0005,0.0180948581546545
3545,19,0.0005,0.0261444617062807
3546,19,0.0005,0.0238021016120911
3547,19,0.0005,0.0237432103604078
3548,19,0.0005,0.0172690656036139
3549,19,0.0005,0.020419042557478
3550,19,0.0005,0.0180655289441347
3551,19,0.0005,0.0178309641778469
3552,19,0.0005,0.0216237623244524
3553,19,0.0005,0.0256411284208298
3554,19,0.0005,0.0212387461215258
3555,19,0.0005,0.0294267702847719
3556,19,0.0005,0.0151901915669441
3557,19,0.0005,0.0236582923680544
3558,19,0.0005,0.0210685711354017
3559,19,0.0005,0.0226480606943369
3560,19,0.0005,0.0192264914512634
3561,19,0.0005,0.0226775407791138
3562,19,0.0005,0.0222149640321732
3563,19,0.0005,0.0239684507250786
3564,19,0.0005,0.0234480109065771
3565,19,0.0005,0.0180561263114214
3566,19,0.0005,0.021231098100543
3567,19,0.0005,0.0268119480460882
3568,19,0.0005,0.0208094716072083
3569,19,0.0005,0.0248252619057894
3570,19,0.0005,0.02021767757833
3571,19,0.0005,0.0184170231223106
3572,19,0.0005,0.0186649262905121
3573,19,0.0005,0.0203920993953943
3574,19,0.0005,0.0172192361205816
3575,19,0.0005,0.0194333512336016
3576,19,0.0005,0.0240999907255173
3577,19,0.0005,0.0189173761755228
3578,19,0.0005,0.0222490951418877
3579,19,0.0005,0.0236181747168303
3580,19,0.0005,0.0240618214011192
3581,19,0.0005,0.0187376197427511
3582,19,0.0005,0.0235035978257656
3583,19,0.0005,0.0256494265049696
3584,19,0.0005,0.0173520017415285
3585,19,0.0005,0.0175748988986015
3586,19,0.0005,0.0235038381069899
3587,19,0.0005,0.0203080270439386
3588,19,0.0005,0.0223981253802776
3589,19,0.0005,0.0256521981209517
3590,19,0.0005,0.0208251196891069
3591,19,0.0005,0.0278950855135918
3592,19,0.0005,0.0206029806286097
3593,19,0.0005,0.0240002442151308
3594,19,0.0005,0.0191648490726948
3595,19,0.0005,0.0255463644862175
3596,19,0.0005,0.0252320691943169
3597,19,0.0005,0.0239497013390064
3598,19,0.0005,0.022480072453618
3599,19,0.0005,0.0237853806465864
3600,19,0.0005,0.0189054366201162
3601,19,0.0005,0.0166181456297636
3602,19,0.0005,0.0217592995613813
3603,19,0.0005,0.0293318331241608
3604,19,0.0005,0.0156672857701778
3605,19,0.0005,0.0196134690195322
3606,19,0.0005,0.0215145815163851
3607,19,0.0005,0.0201896298676729
3608,19,0.0005,0.0272931288927794
3609,19,0.0005,0.0271358229219913
3610,19,0.0005,0.0188991334289312
3611,19,0.0005,0.0184004101902246
3612,19,0.0005,0.0203721318393946
3613,19,0.0005,0.0235277395695448
3614,19,0.0005,0.0157501418143511
3615,19,0.0005,0.0242237187922001
3616,19,0.0005,0.0337479934096336
3617,19,0.0005,0.0190839413553476
3618,19,0.0005,0.0223271399736404
3619,19,0.0005,0.0207261499017477
3620,19,0.0005,0.0185549426823854
3621,19,0.0005,0.0192680265754461
3622,19,0.0005,0.0189600717276335
3623,19,0.0005,0.0143904788419604
3624,19,0.0005,0.0227643921971321
3625,19,0.0005,0.0189917329698801
3626,19,0.0005,0.0223090592771769
3627,19,0.0005,0.0202630497515202
3628,19,0.0005,0.0214340947568417
3629,19,0.0005,0.0280671287328005
3630,19,0.0005,0.0178920365869999
3631,19,0.0005,0.0241162851452827
3632,19,0.0005,0.0164988860487938
3633,19,0.0005,0.0209591630846262
3634,19,0.0005,0.0221280213445425
3635,19,0.0005,0.0225673150271177
3636,19,0.0005,0.0260350368916988
3637,19,0.0005,0.0247954186052084
3638,19,0.0005,0.025350384414196
3639,19,0.0005,0.0197456534951925
3640,19,0.0005,0.0178151354193687
3641,19,0.0005,0.0284525733441114
3642,19,0.0005,0.0226851459592581
3643,19,0.0005,0.0217214990407228
3644,19,0.0005,0.0270071569830179
3645,19,0.0005,0.0205448511987925
3646,19,0.0005,0.0244740471243858
3647,19,0.0005,0.0196259710937738
3648,19,0.0005,0.0189563874155283
3649,19,0.0005,0.018833139911294
3650,19,0.0005,0.0236505940556526
3651,19,0.0005,0.0212258044630289
3652,19,0.0005,0.0256648026406765
3653,19,0.0005,0.0159375667572021
3654,19,0.0005,0.0211175698786974
3655,19,0.0005,0.0197055712342262
3656,19,0.0005,0.0223681386560202
3657,19,0.0005,0.0244378075003624
3658,19,0.0005,0.0214116126298904
3659,19,0.0005,0.0298789665102959
3660,19,0.0005,0.0194910857826471
3661,19,0.0005,0.0251485612243414
3662,19,0.0005,0.0285510718822479
3663,19,0.0005,0.0239740274846554
3664,19,0.0005,0.0207577459514141
3665,19,0.0005,0.0218610130250454
3666,19,0.0005,0.0245789829641581
3667,19,0.0005,0.025823162868619
3668,19,0.0005,0.019133809953928
3669,19,0.0005,0.0201964676380157
3670,19,0.0005,0.0157835278660059
3671,19,0.0005,0.0242576729506254
3672,19,0.0005,0.0204933229833841
3673,19,0.0005,0.0230593178421259
3674,19,0.0005,0.0213998164981604
3675,19,0.0005,0.0142874103039503
3676,19,0.0005,0.0209774076938629
3677,19,0.0005,0.0235975086688995
3678,19,0.0005,0.0205031502991915
3679,19,0.0005,0.0254617463797331
3680,19,0.0005,0.0284315161406994
3681,19,0.0005,0.0213213320821524
3682,19,0.0005,0.0194666441529989
3683,19,0.0005,0.0295303463935852
3684,19,0.0005,0.0303994137793779
3685,19,0.0005,0.023297019302845
3686,19,0.0005,0.0198205262422562
3687,20,0.0005,0.0219434518367052
3688,20,0.0005,0.0187144484370947
3689,20,0.0005,0.0236255899071693
3690,20,0.0005,0.020792443305254
3691,20,0.0005,0.0240876637399197
3692,20,0.0005,0.0215392485260963
3693,20,0.0005,0.0162811428308487
3694,20,0.0005,0.0316868275403976
3695,20,0.0005,0.0178180504590273
3696,20,0.0005,0.0241953283548355
3697,20,0.0005,0.0198277533054352
3698,20,0.0005,0.0216596927493811
3699,20,0.0005,0.0226829964667559
3700,20,0.0005,0.0176810622215271
3701,20,0.0005,0.0233819037675858
3702,20,0.0005,0.0159364882856607
3703,20,0.0005,0.0274105817079544
3704,20,0.0005,0.0279209520667791
3705,20,0.0005,0.0209216605871916
3706,20,0.0005,0.0300038661807775
3707,20,0.0005,0.0197379067540169
3708,20,0.0005,0.0212825983762741
3709,20,0.0005,0.0162960756570101
3710,20,0.0005,0.022290239110589
3711,20,0.0005,0.0218283887952566
3712,20,0.0005,0.0183301195502281
3713,20,0.0005,0.0241753701120615
3714,20,0.0005,0.0218372475355864
3715,20,0.0005,0.0205592084676027
3716,20,0.0005,0.0264068953692913
3717,20,0.0005,0.021153511479497
3718,20,0.0005,0.0160123091191053
3719,20,0.0005,0.0213012713938951
3720,20,0.0005,0.0230156127363443
3721,20,0.0005,0.015532910823822
3722,20,0.0005,0.0252522677183151
3723,20,0.0005,0.0226018372923136
3724,20,0.0005,0.0267455987632275
3725,20,0.0005,0.0265333838760853
3726,20,0.0005,0.0150287616997957
3727,20,0.0005,0.0212498232722282
3728,20,0.0005,0.0271702762693167
3729,20,0.0005,0.0171301010996103
3730,20,0.0005,0.0268847402185202
3731,20,0.0005,0.0231612455099821
3732,20,0.0005,0.0281884260475636
3733,20,0.0005,0.0195320304483175
3734,20,0.0005,0.0188743658363819
3735,20,0.0005,0.0312777273356915
3736,20,0.0005,0.0184837076812983
3737,20,0.0005,0.0201019141823053
3738,20,0.0005,0.0240567363798618
3739,20,0.0005,0.0158022604882717
3740,20,0.0005,0.0254106856882572
3741,20,0.0005,0.0225598961114883
3742,20,0.0005,0.0231633223593235
3743,20,0.0005,0.0177762769162655
3744,20,0.0005,0.0195565801113844
3745,20,0.0005,0.0245320275425911
3746,20,0.0005,0.0250521600246429
3747,20,0.0005,0.0187492519617081
3748,20,0.0005,0.0218679867684841
3749,20,0.0005,0.0209004711359739
3750,20,0.0005,0.0245537180453539
3751,20,0.0005,0.0213668420910835
3752,20,0.0005,0.0241566207259893
3753,20,0.0005,0.0222015101462603
3754,20,0.0005,0.0221335627138615
3755,20,0.0005,0.0201455000787973
3756,20,0.0005,0.0276822745800018
3757,20,0.0005,0.0188378393650055
3758,20,0.0005,0.0250871889293194
3759,20,0.0005,0.0260712653398514
3760,20,0.0005,0.0229972973465919
3761,20,0.0005,0.0197247508913279
3762,20,0.0005,0.0247251130640507
3763,20,0.0005,0.0245207231491804
3764,20,0.0005,0.0201208405196667
3765,20,0.0005,0.019044442102313
3766,20,0.0005,0.014495337381959
3767,20,0.0005,0.0282582342624664
3768,20,0.0005,0.0235401708632708
3769,20,0.0005,0.0153979165479541
3770,20,0.0005,0.0234525222331285
3771,20,0.0005,0.0254462640732527
3772,20,0.0005,0.0200156271457672
3773,20,0.0005,0.0223498567938805
3774,20,0.0005,0.017854131758213
3775,20,0.0005,0.0230674836784601
3776,20,0.0005,0.0226872693747282
3777,20,0.0005,0.0214728079736233
3778,20,0.0005,0.0242804177105427
3779,20,0.0005,0.0213696695864201
3780,20,0.0005,0.0189549904316664
3781,20,0.0005,0.0261383466422558
3782,20,0.0005,0.0230465158820152
3783,20,0.0005,0.0255759377032518
3784,20,0.0005,0.0228078439831734
3785,20,0.0005,0.0159441214054823
3786,20,0.0005,0.0195664335042238
3787,20,0.0005,0.0216192025691271
3788,20,0.0005,0.0206621736288071
3789,20,0.0005,0.0199381448328495
3790,20,0.0005,0.0221680365502834
3791,20,0.0005,0.0222057085484266
3792,20,0.0005,0.0171367041766644
3793,20,0.0005,0.0165071543306112
3794,20,0.0005,0.0235615838319063
3795,20,0.0005,0.02060791477561
3796,20,0.0005,0.0189719814807177
3797,20,0.0005,0.0203370917588472
3798,20,0.0005,0.019237607717514
3799,20,0.0005,0.0229193009436131
3800,20,0.0005,0.023356307297945
3801,20,0.0005,0.0197899788618088
3802,20,0.0005,0.021873502060771
3803,20,0.0005,0.0231436491012573
3804,20,0.0005,0.020913902670145
3805,20,0.0005,0.0271690003573895
3806,20,0.0005,0.0242457929998636
3807,20,0.0005,0.024016086012125
3808,20,0.0005,0.0187720395624638
3809,20,0.0005,0.0240880455821753
3810,20,0.0005,0.0203287191689014
3811,20,0.0005,0.0199132617563009
3812,20,0.0005,0.0171365924179554
3813,20,0.0005,0.0217971187084913
3814,20,0.0005,0.021453931927681
3815,20,0.0005,0.0201696176081896
3816,20,0.0005,0.0224939212203026
3817,20,0.0005,0.0296475980430841
3818,20,0.0005,0.019006509333849
3819,20,0.0005,0.0240493416786194
3820,20,0.0005,0.0149608217179775
3821,20,0.0005,0.0183380078524351
3822,20,0.0005,0.0215325858443975
3823,20,0.0005,0.0221897792071104
3824,20,0.0005,0.0214385837316513
3825,20,0.0005,0.0219224505126476
3826,20,0.0005,0.017255924642086
3827,20,0.0005,0.0190667044371367
3828,20,0.0005,0.0199256110936403
3829,20,0.0005,0.0279065426439047
3830,20,0.0005,0.0221528653055429
3831,20,0.0005,0.0196961220353842
3832,20,0.0005,0.0215619690716267
3833,20,0.0005,0.0258233472704887
3834,20,0.0005,0.0236545614898205
3835,20,0.0005,0.0209395792335272
3836,20,0.0005,0.0231832303106785
3837,20,0.0005,0.0190307293087244
3838,20,0.0005,0.0192883219569921
3839,20,0.0005,0.0159993302077055
3840,20,0.0005,0.0207464583218098
3841,20,0.0005,0.0279362127184868
3842,20,0.0005,0.0212651249021292
3843,20,0.0005,0.0313328914344311
3844,20,0.0005,0.0251087602227926
3845,20,0.0005,0.0216757450252771
3846,20,0.0005,0.0201596263796091
3847,20,0.0005,0.0180113147944212
3848,20,0.0005,0.0191631428897381
3849,20,0.0005,0.0221733059734106
3850,20,0.0005,0.0216983575373888
3851,20,0.0005,0.0196016412228346
3852,20,0.0005,0.0178998690098524
3853,20,0.0005,0.0234536565840244
3854,20,0.0005,0.020136971026659
3855,20,0.0005,0.0228717811405659
3856,20,0.0005,0.0217013172805309
3857,20,0.0005,0.0182801447808743
3858,20,0.0005,0.0286950077861547
3859,20,0.0005,0.0164948217570782
3860,20,0.0005,0.026056295260787
3861,20,0.0005,0.0203181002289057
3862,20,0.0005,0.0203485582023859
3863,20,0.0005,0.0205720718950033
3864,20,0.0005,0.0215682275593281
3865,20,0.0005,0.0269506741315126
3866,20,0.0005,0.0250296778976917
3867,20,0.0005,0.0216540917754173
3868,20,0.0005,0.0177704151719809
3869,20,0.0005,0.0244309734553099
3870,20,0.0005,0.0218068901449442
3871,20,0.0005,0.0272432714700699
3872,20,0.0005,0.0235425848513842
3873,20,0.0005,0.0208125729113817
3874,20,0.0005,0.0206240303814411
3875,20,0.0005,0.0173801071941853
3876,20,0.0005,0.0217402540147305
3877,20,0.0005,0.0255878753960133
3878,20,0.0005,0.0228191688656807
3879,20,0.0005,0.0237742811441422
3880,20,0.0005,0.0227568820118904
3881,21,0.00025,0.0208388287574053
3882,21,0.00025,0.0197613760828972
3883,21,0.00025,0.0224045943468809
3884,21,0.00025,0.0206362884491682
3885,21,0.00025,0.0194983799010515
3886,21,0.00025,0.0196589902043343
3887,21,0.00025,0.0215211864560843
3888,21,0.00025,0.016894431784749
3889,21,0.00025,0.0247937869280577
3890,21,0.00025,0.0240613576024771
3891,21,0.00025,0.020316157490015
3892,21,0.00025,0.0169521272182465
3893,21,0.00025,0.0210677515715361
3894,21,0.00025,0.0217756126075983
3895,21,0.00025,0.0209351908415556
3896,21,0.00025,0.0201793685555458
3897,21,0.00025,0.0217245314270258
3898,21,0.00025,0.01856804266572
3899,21,0.00025,0.0246448814868927
3900,21,0.00025,0.0192058645188808
3901,21,0.00025,0.0222269743680954
3902,21,0.00025,0.0221978090703487
3903,21,0.00025,0.0229617264121771
3904,21,0.00025,0.0175793170928955
3905,21,0.00025,0.0241784751415253
3906,21,0.00025,0.0231035072356462
3907,21,0.00025,0.0246551632881165
3908,21,0.00025,0.018429072573781
3909,21,0.00025,0.020851606503129
3910,21,0.00025,0.0197899714112282
3911,21,0.00025,0.0265605207532644
3912,21,0.00025,0.0149409202858806
3913,21,0.00025,0.0198821984231472
3914,21,0.00025,0.0245822016149759
3915,21,0.00025,0.0225683283060789
3916,21,0.00025,0.024665517732501
3917,21,0.00025,0.0185508243739605
3918,21,0.00025,0.0168584119528532
3919,21,0.00025,0.0142242927104235
3920,21,0.00025,0.0248611681163311
3921,21,0.00025,0.0240399427711964
3922,21,0.00025,0.023440595716238
3923,21,0.00025,0.0173030588775873
3924,21,0.00025,0.0178220309317112
3925,21,0.00025,0.0164157841354609
3926,21,0.00025,0.0201135687530041
3927,21,0.00025,0.018658509477973
3928,21,0.00025,0.0222571343183517
3929,21,0.00025,0.022973358631134
3930,21,0.00025,0.025253914296627
3931,21,0.00025,0.0151622788980603
3932,21,0.00025,0.020456587895751
3933,21,0.00025,0.0247969664633274
3934,21,0.00025,0.0194796528667212
3935,21,0.00025,0.0224227569997311
3936,21,0.00025,0.01772834174335
3937,21,0.00025,0.0273097883909941
3938,21,0.00025,0.0154337072744966
3939,21,0.00025,0.0225939080119133
3940,21,0.00025,0.0253230091184378
3941,21,0.00025,0.0243653301149607
3942,21,0.00025,0.0197376906871796
3943,21,0.00025,0.0213395468890667
3944,21,0.00025,0.0150167290121317
3945,21,0.00025,0.0281776525080204
3946,21,0.00025,0.0202969200909138
3947,21,0.00025,0.0215038247406483
3948,21,0.00025,0.023687869310379
3949,21,0.00025,0.0179735776036978
3950,21,0.00025,0.0236414559185505
3951,21,0.00025,0.0182217992842197
3952,21,0.00025,0.0187753569334745
3953,21,0.00025,0.0196575354784727
3954,21,0.00025,0.0243296250700951
3955,21,0.00025,0.020309466868639
3956,21,0.00025,0.0197892785072327
3957,21,0.00025,0.0270219650119543
3958,21,0.00025,0.0245206989347935
3959,21,0.00025,0.01549491006881
3960,21,0.00025,0.023268261924386
3961,21,0.00025,0.0267315860837698
3962,21,0.00025,0.0198125783354044
3963,21,0.00025,0.0148650445044041
3964,21,0.00025,0.0289480742067099
3965,21,0.00025,0.0240736231207848
3966,21,0.00025,0.0211770739406347
3967,21,0.00025,0.0217025969177485
3968,21,0.00025,0.0248909406363964
3969,21,0.00025,0.0180554948747158
3970,21,0.00025,0.0197688210755587
3971,21,0.00025,0.0231987703591585
3972,21,0.00025,0.0180034898221493
3973,21,0.00025,0.0224398095160723
3974,21,0.00025,0.0193214267492294
3975,21,0.00025,0.022404108196497
3976,21,0.00025,0.0247414316982031
3977,21,0.00025,0.0167643502354622
3978,21,0.00025,0.0183609649538994
3979,21,0.00025,0.017059164121747
3980,21,0.00025,0.0158489122986794
3981,21,0.00025,0.0221830643713474
3982,21,0.00025,0.0221547950059175
3983,21,0.00025,0.0226416774094105
3984,21,0.00025,0.0233823768794537
3985,21,0.00025,0.0170004311949015
3986,21,0.00025,0.0217817593365908
3987,21,0.00025,0.0157242119312286
3988,21,0.00025,0.0225772857666016
3989,21,0.00025,0.016749182716012
3990,21,0.00025,0.023121764883399
3991,21,0.00025,0.0214234348386526
3992,21,0.00025,0.0173575077205896
3993,21,0.00025,0.0246770884841681
3994,21,0.00025,0.024884857237339
3995,21,0.00025,0.0268609561026096
3996,21,0.00025,0.0199426263570786
3997,21,0.00025,0.0193445216864347
3998,21,0.00025,0.0167623572051525
3999,21,0.00025,0.026432178914547
4000,21,0.00025,0.0194638539105654
4001,21,0.00025,0.0249420572072268
4002,21,0.00025,0.0255107041448355
4003,21,0.00025,0.0186387244611979
4004,21,0.00025,0.0216304566711187
4005,21,0.00025,0.0220647864043713
4006,21,0.00025,0.0194484870880842
4007,21,0.00025,0.0268736872822046
4008,21,0.00025,0.0210821740329266
4009,21,0.00025,0.0179289132356644
4010,21,0.00025,0.0166672095656395
4011,21,0.00025,0.0240612532943487
4012,21,0.00025,0.0207399222999811
4013,21,0.00025,0.0212730094790459
4014,21,0.00025,0.0218614153563976
4015,21,0.00025,0.0208014864474535
4016,21,0.00025,0.0215825065970421
4017,21,0.00025,0.0262576099485159
4018,21,0.00025,0.0295068360865116
4019,21,0.00025,0.0201419368386269
4020,21,0.00025,0.0215929467231035
4021,21,0.00025,0.0261112675070763
4022,21,0.00025,0.01783262565732
4023,21,0.00025,0.0170184895396233
4024,21,0.00025,0.0257160291075706
4025,21,0.00025,0.0196415856480598
4026,21,0.00025,0.0222210232168436
4027,21,0.00025,0.0241903234273195
4028,21,0.00025,0.0300864670425653
4029,21,0.00025,0.0277042258530855
4030,21,0.00025,0.0199330747127533
4031,21,0.00025,0.0287595018744469
4032,21,0.00025,0.0231192447245121
4033,21,0.00025,0.0236516930162907
4034,21,0.00025,0.0262652952224016
4035,21,0.00025,0.0187060255557299
4036,21,0.00025,0.0254970472306013
4037,21,0.00025,0.0231662336736917
4038,21,0.00025,0.0216653756797314
4039,21,0.00025,0.0199391227215528
4040,21,0.00025,0.0181399416178465
4041,21,0.00025,0.0309403948485851
4042,21,0.00025,0.0198359992355108
4043,21,0.00025,0.0152463363483548
4044,21,0.00025,0.022774014621973
4045,21,0.00025,0.0278685688972473
4046,21,0.00025,0.0223393104970455
4047,21,0.00025,0.0234394073486328
4048,21,0.00025,0.0170843824744225
4049,21,0.00025,0.0189577527344227
4050,21,0.00025,0.0215884111821651
4051,21,0.00025,0.0251711346209049
4052,21,0.00025,0.0256484188139439
4053,21,0.00025,0.0203015450388193
4054,21,0.00025,0.0174421053379774
4055,21,0.00025,0.0217239838093519
4056,21,0.00025,0.0177029687911272
4057,21,0.00025,0.0272098053246737
4058,21,0.00025,0.0164769273251295
4059,21,0.00025,0.0188080370426178
4060,21,0.00025,0.0186420492827892
4061,21,0.00025,0.0186700876802206
4062,21,0.00025,0.0262465719133615
4063,21,0.00025,0.0206331051886082
4064,21,0.00025,0.0211732946336269
4065,21,0.00025,0.017572270706296
4066,21,0.00025,0.0301197860389948
4067,21,0.00025,0.0165759548544884
4068,21,0.00025,0.0234388094395399
4069,21,0.00025,0.0240428242832422
4070,21,0.00025,0.0201830267906189
4071,21,0.00025,0.0146306976675987
4072,21,0.00025,0.019865108653903
4073,21,0.00025,0.019843190908432
4074,21,0.00025,0.0264355726540089
4075,22,0.00025,0.0216432139277458
4076,22,0.00025,0.0191790293902159
4077,22,0.00025,0.0186128187924623
4078,22,0.00025,0.029632955789566
4079,22,0.00025,0.0192492231726646
4080,22,0.00025,0.0202705897390842
4081,22,0.00025,0.025590056553483
4082,22,0.00025,0.0160880032926798
4083,22,0.00025,0.0229094065725803
4084,22,0.00025,0.0202309731394053
4085,22,0.00025,0.0204992480576038
4086,22,0.00025,0.0178700406104326
4087,22,0.00025,0.0176315400749445
4088,22,0.00025,0.0211516618728638
4089,22,0.00025,0.0184725746512413
4090,22,0.00025,0.0223004091531038
4091,22,0.00025,0.0180884469300508
4092,22,0.00025,0.0201362352818251
4093,22,0.00025,0.0225611794739962
4094,22,0.00025,0.0191084500402212
4095,22,0.00025,0.0157763417810202
4096,22,0.00025,0.024920804426074
4097,22,0.00025,0.0191474258899689
4098,22,0.00025,0.0172196663916111
4099,22,0.00025,0.0254172421991825
4100,22,0.00025,0.0141286142170429
4101,22,0.00025,0.0206620059907436
4102,22,0.00025,0.0216688122600317
4103,22,0.00025,0.0194556433707476
4104,22,0.00025,0.0181275922805071
4105,22,0.00025,0.0177940260618925
4106,22,0.00025,0.0248346254229546
4107,22,0.00025,0.0185062102973461
4108,22,0.00025,0.0149390008300543
4109,22,0.00025,0.017133641988039
4110,22,0.00025,0.0156492702662945
4111,22,0.00025,0.0194471292197704
4112,22,0.00025,0.0249695312231779
4113,22,0.00025,0.021920258179307
4114,22,0.00025,0.0151930907741189
4115,22,0.00025,0.020349221304059
4116,22,0.00025,0.0260812863707542
4117,22,0.00025,0.0215498395264149
4118,22,0.00025,0.0231527481228113
4119,22,0.00025,0.0194925237447023
4120,22,0.00025,0.0218691322952509
4121,22,0.00025,0.0148315047845244
4122,22,0.00025,0.0193482935428619
4123,22,0.00025,0.021201204508543
4124,22,0.00025,0.0203100554645061
4125,22,0.00025,0.0198633428663015
4126,22,0.00025,0.0194539614021778
4127,22,0.00025,0.0156410448253155
4128,22,0.00025,0.0218858495354652
4129,22,0.00025,0.0154288969933987
4130,22,0.00025,0.0158482175320387
4131,22,0.00025,0.0184511113911867
4132,22,0.00025,0.0246519148349762
4133,22,0.00025,0.0220363009721041
4134,22,0.00025,0.0169037468731403
4135,22,0.00025,0.02187904343009
4136,22,0.00025,0.0229295268654823
4137,22,0.00025,0.0200161039829254
4138,22,0.00025,0.0274041779339314
4139,22,0.00025,0.0231632720679045
4140,22,0.00025,0.0279558952897787
4141,22,0.00025,0.0233076773583889
4142,22,0.00025,0.0263645276427269
4143,22,0.00025,0.022941630333662
4144,22,0.00025,0.0183744188398123
4145,22,0.00025,0.0295967627316713
4146,22,0.00025,0.0202496014535427
4147,22,0.00025,0.0184557307511568
4148,22,0.00025,0.0223712027072906
4149,22,0.00025,0.0174560956656933
4150,22,0.00025,0.0202248953282833
4151,22,0.00025,0.0224110316485167
4152,22,0.00025,0.0213562082499266
4153,22,0.00025,0.0204546097666025
4154,22,0.00025,0.0166086181998253
4155,22,0.00025,0.0226739495992661
4156,22,0.00025,0.022462286055088
4157,22,0.00025,0.0248753856867552
4158,22,0.00025,0.0149844260886312
4159,22,0.00025,0.0317597687244415
4160,22,0.00025,0.0234530530869961
4161,22,0.00025,0.0188639052212238
4162,22,0.00025,0.0283272750675678
4163,22,0.00025,0.0251068137586117
4164,22,0.00025,0.0278437118977308
4165,22,0.00025,0.0213062558323145
4166,22,0.00025,0.0190182067453861
4167,22,0.00025,0.0191717725247145
4168,22,0.00025,0.019399793818593
4169,22,0.00025,0.0186663791537285
4170,22,0.00025,0.015441196039319
4171,22,0.00025,0.0152078727260232
4172,22,0.00025,0.0173505153506994
4173,22,0.00025,0.0251590758562088
4174,22,0.00025,0.0205501858144999
4175,22,0.00025,0.0213207881897688
4176,22,0.00025,0.0219731647521257
4177,22,0.00025,0.0174500979483128
4178,22,0.00025,0.019523847848177
4179,22,0.00025,0.0196244958788157
4180,22,0.00025,0.0201587658375502
4181,22,0.00025,0.0327019356191158
4182,22,0.00025,0.0218770746141672
4183,22,0.00025,0.0249021202325821
4184,22,0.00025,0.0198416989296675
4185,22,0.00025,0.027217073366046
4186,22,0.00025,0.0235026124864817
4187,22,0.00025,0.0184335000813007
4188,22,0.00025,0.0185936223715544
4189,22,0.00025,0.0216872617602348
4190,22,0.00025,0.0232329536229372
4191,22,0.00025,0.0228285249322653
4192,22,0.00025,0.0173780675977468
4193,22,0.00025,0.0224288757890463
4194,22,0.00025,0.0229197945445776
4195,22,0.00025,0.0186761748045683
4196,22,0.00025,0.0202113054692745
4197,22,0.00025,0.0212524980306625
4198,22,0.00025,0.0198629386723042
4199,22,0.00025,0.0219268258661032
4200,22,0.00025,0.0253503769636154
4201,22,0.00025,0.0180315598845482
4202,22,0.00025,0.021590881049633
4203,22,0.00025,0.0263281352818012
4204,22,0.00025,0.0219053346663713
4205,22,0.00025,0.022731389850378
4206,22,0.00025,0.0260642059147358
4207,22,0.00025,0.0174109824001789
4208,22,0.00025,0.0215175189077854
4209,22,0.00025,0.0226748045533895
4210,22,0.00025,0.0237806551158428
4211,22,0.00025,0.020659850910306
4212,22,0.00025,0.0180823467671871
4213,22,0.00025,0.0234949439764023
4214,22,0.00025,0.0170258171856403
4215,22,0.00025,0.0198406986892223
4216,22,0.00025,0.0287756323814392
4217,22,0.00025,0.0241977255791426
4218,22,0.00025,0.0320274494588375
4219,22,0.00025,0.0264073368161917
4220,22,0.00025,0.0182863380759954
4221,22,0.00025,0.0279150754213333
4222,22,0.00025,0.0254611056298018
4223,22,0.00025,0.0241307560354471
4224,22,0.00025,0.0215118229389191
4225,22,0.00025,0.0243194904178381
4226,22,0.00025,0.0244793631136417
4227,22,0.00025,0.0277125015854836
4228,22,0.00025,0.0215134583413601
4229,22,0.00025,0.0223447997123003
4230,22,0.00025,0.0221064072102308
4231,22,0.00025,0.0126825468614697
4232,22,0.00025,0.0249569099396467
4233,22,0.00025,0.0185620710253716
4234,22,0.00025,0.0213517993688583
4235,22,0.00025,0.0248842313885689
4236,22,0.00025,0.018006781116128
4237,22,0.00025,0.0223446507006884
4238,22,0.00025,0.0215242765843868
4239,22,0.00025,0.0234469100832939
4240,22,0.00025,0.0259420722723007
4241,22,0.00025,0.0228710919618607
4242,22,0.00025,0.0218216702342033
4243,22,0.00025,0.0164128765463829
4244,22,0.00025,0.0280837528407574
4245,22,0.00025,0.0211803466081619
4246,22,0.00025,0.0123620694503188
4247,22,0.00025,0.0198446847498417
4248,22,0.00025,0.0208188779652119
4249,22,0.00025,0.0226002987474203
4250,22,0.00025,0.023857768625021
4251,22,0.00025,0.0221358854323626
4252,22,0.00025,0.0181541219353676
4253,22,0.00025,0.0193168073892593
4254,22,0.00025,0.0309318955987692
4255,22,0.00025,0.0241564102470875
4256,22,0.00025,0.0228042025119066
4257,22,0.00025,0.0207451824098825
4258,22,0.00025,0.0218084547668695
4259,22,0.00025,0.0255523324012756
4260,22,0.00025,0.0269752983003855
4261,22,0.00025,0.0160849560052156
4262,22,0.00025,0.0204315278679132
4263,22,0.00025,0.0236069336533546
4264,22,0.00025,0.0226630661636591
4265,22,0.00025,0.0162482801824808
4266,22,0.00025,0.0163952652364969
4267,22,0.00025,0.015333766117692
4268,22,0.00025,0.0276050940155983
4269,23,0.00025,0.0206473469734192
4270,23,0.00025,0.0223480835556984
4271,23,0.00025,0.0164857301861048
4272,23,0.00025,0.0222138743847609
4273,23,0.00025,0.0206792876124382
4274,23,0.00025,0.0163271203637123
4275,23,0.00025,0.023747444152832
4276,23,0.00025,0.0179115254431963
4277,23,0.00025,0.0190630704164505
4278,23,0.00025,0.022821756079793
4279,23,0.00025,0.0187868792563677
4280,23,0.00025,0.0194461066275835
4281,23,0.00025,0.0235162042081356
4282,23,0.00025,0.0210675969719887
4283,23,0.00025,0.0220651607960463
4284,23,0.00025,0.0213736798614264
4285,23,0.00025,0.0248241722583771
4286,23,0.00025,0.0205085184425116
4287,23,0.00025,0.0239225532859564
4288,23,0.00025,0.0216371156275272
4289,23,0.00025,0.0184214413166046
4290,23,0.00025,0.0201284773647785
4291,23,0.00025,0.0207132790237665
4292,23,0.00025,0.0211570933461189
4293,23,0.00025,0.0171804893761873
4294,23,0.00025,0.0215066969394684
4295,23,0.00025,0.021174781024456
4296,23,0.00025,0.0251278840005398
4297,23,0.00025,0.0221552196890116
4298,23,0.00025,0.0270468983799219
4299,23,0.00025,0.0168787464499474
4300,23,0.00025,0.0223314817994833
4301,23,0.00025,0.0253811180591583
4302,23,0.00025,0.0210195574909449
4303,23,0.00025,0.0164202246814966
4304,23,0.00025,0.0208670906722546
4305,23,0.00025,0.0237319469451904
4306,23,0.00025,0.0235574673861265
4307,23,0.00025,0.0218876618891954
4308,23,0.00025,0.0257139671593904
4309,23,0.00025,0.0176457781344652
4310,23,0.00025,0.0202380046248436
4311,23,0.00025,0.0187248159199953
4312,23,0.00025,0.0244157481938601
4313,23,0.00025,0.0290534161031246
4314,23,0.00025,0.0169040262699127
4315,23,0.00025,0.0162244290113449
4316,23,0.00025,0.0269430186599493
4317,23,0.00025,0.0190620627254248
4318,23,0.00025,0.0167724043130875
4319,23,0.00025,0.0229726061224937
4320,23,0.00025,0.0243111606687307
4321,23,0.00025,0.0224523674696684
4322,23,0.00025,0.0247815418988466
4323,23,0.00025,0.017242169007659
4324,23,0.00025,0.0231260731816292
4325,23,0.00025,0.0189095661044121
4326,23,0.00025,0.0210172384977341
4327,23,0.00025,0.0161607880145311
4328,23,0.00025,0.0181142967194319
4329,23,0.00025,0.0233514867722988
4330,23,0.00025,0.0200770944356918
4331,23,0.00025,0.0215946417301893
4332,23,0.00025,0.021688824519515
4333,23,0.00025,0.0209738221019506
4334,23,0.00025,0.0202767085283995
4335,23,0.00025,0.0193707831203938
4336,23,0.00025,0.0212502740323544
4337,23,0.00025,0.0161751285195351
4338,23,0.00025,0.0203877110034227
4339,23,0.00025,0.0205671619623899
4340,23,0.00025,0.0185066163539886
4341,23,0.00025,0.021646237000823
4342,23,0.00025,0.0191708356142044
4343,23,0.00025,0.0179793238639832
4344,23,0.00025,0.0163806993514299
4345,23,0.00025,0.0196921154856682
4346,23,0.00025,0.0244354344904423
4347,23,0.00025,0.0238245464861393
4348,23,0.00025,0.0188156720250845
4349,23,0.00025,0.0212023053318262
4350,23,0.00025,0.0174449197947979
4351,23,0.00025,0.0230690911412239
4352,23,0.00025,0.0157361589372158
4353,23,0.00025,0.0154936509206891
4354,23,0.00025,0.0194031018763781
4355,23,0.00025,0.026710057631135
4356,23,0.00025,0.0255449954420328
4357,23,0.00025,0.0189053602516651
4358,23,0.00025,0.0207777600735426
4359,23,0.00025,0.0227372758090496
4360,23,0.00025,0.0157804917544127
4361,23,0.00025,0.0224185716360807
4362,23,0.00025,0.0229332689195871
4363,23,0.00025,0.0217488538473845
4364,23,0.00025,0.0198188200592995
4365,23,0.00025,0.0197598915547132
4366,23,0.00025,0.0277409981936216
4367,23,0.00025,0.0226126182824373
4368,23,0.00025,0.0211560800671577
4369,23,0.00025,0.0239441599696875
4370,23,0.00025,0.0229198355227709
4371,23,0.00025,0.0175076108425856
4372,23,0.00025,0.0199109222739935
4373,23,0.00025,0.0188410393893719
4374,23,0.00025,0.0220028813928366
4375,23,0.00025,0.0201545376330614
4376,23,0.00025,0.022685693576932
4377,23,0.00025,0.0203844495117664
4378,23,0.00025,0.0157811604440212
4379,23,0.00025,0.0255171563476324
4380,23,0.00025,0.0154100274667144
4381,23,0.00025,0.0210800748318434
4382,23,0.00025,0.0224719159305096
4383,23,0.00025,0.0203039534389973
4384,23,0.00025,0.0253318380564451
4385,23,0.00025,0.0286252871155739
4386,23,0.00025,0.0224212817847729
4387,23,0.00025,0.0178775694221258
4388,23,0.00025,0.0169916246086359
4389,23,0.00025,0.0249545443803072
4390,23,0.00025,0.0197478197515011
4391,23,0.00025,0.0261321049183607
4392,23,0.00025,0.0215500388294458
4393,23,0.00025,0.0203512441366911
4394,23,0.00025,0.0185562372207642
4395,23,0.00025,0.019898371770978
4396,23,0.00025,0.0234634596854448
4397,23,0.00025,0.0198603887110949
4398,23,0.00025,0.0185526609420776
4399,23,0.00025,0.021458126604557
4400,23,0.00025,0.0237838588654995
4401,23,0.00025,0.0229906588792801
4402,23,0.00025,0.0219267904758453
4403,23,0.00025,0.0209184046834707
4404,23,0.00025,0.0252610985189676
4405,23,0.00025,0.025610476732254
4406,23,0.00025,0.0230912789702415
4407,23,0.00025,0.020313186571002
4408,23,0.00025,0.0190632622689009
4409,23,0.00025,0.0178727637976408
4410,23,0.00025,0.0271870922297239
4411,23,0.00025,0.0192400962114334
4412,23,0.00025,0.0236948300153017
4413,23,0.00025,0.0254676267504692
4414,23,0.00025,0.0221310835331678
4415,23,0.00025,0.0192764401435852
4416,23,0.00025,0.0229163132607937
4417,23,0.00025,0.017418384552002
4418,23,0.00025,0.0163587983697653
4419,23,0.00025,0.0183543860912323
4420,23,0.00025,0.0250030066817999
4421,23,0.00025,0.0186170637607574
4422,23,0.00025,0.0203326158225536
4423,23,0.00025,0.0233151633292437
4424,23,0.00025,0.0141928847879171
4425,23,0.00025,0.0237187761813402
4426,23,0.00025,0.0171995665878057
4427,23,0.00025,0.0239981431514025
4428,23,0.00025,0.0172524750232697
4429,23,0.00025,0.0229567941278219
4430,23,0.00025,0.0189041644334793
4431,23,0.00025,0.0173072852194309
4432,23,0.00025,0.0244402308017015
4433,23,0.00025,0.0201227273792028
4434,23,0.00025,0.0225160159170628
4435,23,0.00025,0.0248417146503925
4436,23,0.00025,0.0239485707134008
4437,23,0.00025,0.0195426642894745
4438,23,0.00025,0.0204925164580345
4439,23,0.00025,0.023077854886651
4440,23,0.00025,0.0233064033091068
4441,23,0.00025,0.0279032438993454
4442,23,0.00025,0.0223498400300741
4443,23,0.00025,0.0249896980822086
4444,23,0.00025,0.0207555703818798
4445,23,0.00025,0.0243907552212477
4446,23,0.00025,0.0236006695777178
4447,23,0.00025,0.023340217769146
4448,23,0.00025,0.0229548458009958
4449,23,0.00025,0.0196043718606234
4450,23,0.00025,0.020209789276123
4451,23,0.00025,0.0216919928789139
4452,23,0.00025,0.0209310613572598
4453,23,0.00025,0.0202725119888783
4454,23,0.00025,0.0276335552334785
4455,23,0.00025,0.0225522350519896
4456,23,0.00025,0.0191392600536346
4457,23,0.00025,0.0218141283839941
4458,23,0.00025,0.0225632302463055
4459,23,0.00025,0.0254978612065315
4460,23,0.00025,0.0220634564757347
4461,23,0.00025,0.0199421849101782
4462,23,0.00025,0.0187504012137651
4463,24,0.00025,0.0210835449397564
4464,24,0.00025,0.0197586175054312
4465,24,0.00025,0.0197098031640053
4466,24,0.00025,0.0220584459602833
4467,24,0.00025,0.0183888766914606
4468,24,0.00025,0.0170212667435408
4469,24,0.00025,0.0212676078081131
4470,24,0.00025,0.020741805434227
4471,24,0.00025,0.0283571574836969
4472,24,0.00025,0.0178197864443064
4473,24,0.00025,0.0182328652590513
4474,24,0.00025,0.0200235955417156
4475,24,0.00025,0.0187270976603031
4476,24,0.00025,0.0221103075891733
4477,24,0.00025,0.0278291516005993
4478,24,0.00025,0.0232543461024761
4479,24,0.00025,0.0209242850542068
4480,24,0.00025,0.0185841489583254
4481,24,0.00025,0.0200848672538996
4482,24,0.00025,0.0220415145158768
4483,24,0.00025,0.020509161055088
4484,24,0.00025,0.0228831972926855
4485,24,0.00025,0.0206952746957541
4486,24,0.00025,0.0218973010778427
4487,24,0.00025,0.0227207709103823
4488,24,0.00025,0.0249985791742802
4489,24,0.00025,0.0210332460701466
4490,24,0.00025,0.0217056628316641
4491,24,0.00025,0.0230126921087503
4492,24,0.00025,0.0221200361847878
4493,24,0.00025,0.0268527939915657
4494,24,0.00025,0.023052953183651
4495,24,0.00025,0.0222511477768421
4496,24,0.00025,0.0234874375164509
4497,24,0.00025,0.0241273622959852
4498,24,0.00025,0.0189811270684004
4499,24,0.00025,0.0197625495493412
4500,24,0.00025,0.0196797959506512
4501,24,0.00025,0.0200538709759712
4502,24,0.00025,0.0236523952335119
4503,24,0.00025,0.0204583946615458
4504,24,0.00025,0.0240534152835608
4505,24,0.00025,0.0261188931763172
4506,24,0.00025,0.0181283410638571
4507,24,0.00025,0.0227798894047737
4508,24,0.00025,0.0228362530469894
4509,24,0.00025,0.0161204431205988
4510,24,0.00025,0.0194088965654373
4511,24,0.00025,0.0197505243122578
4512,24,0.00025,0.0176272708922625
4513,24,0.00025,0.0162094924598932
4514,24,0.00025,0.0215728878974915
4515,24,0.00025,0.020267141982913
4516,24,0.00025,0.0220718234777451
4517,24,0.00025,0.0243789087980986
4518,24,0.00025,0.0221941247582436
4519,24,0.00025,0.0228894632309675
4520,24,0.00025,0.0208108779042959
4521,24,0.00025,0.0184652917087078
4522,24,0.00025,0.016349870711565
4523,24,0.00025,0.0201725736260414
4524,24,0.00025,0.0175555404275656
4525,24,0.00025,0.0234419293701649
4526,24,0.00025,0.0160522125661373
4527,24,0.00025,0.0231550671160221
4528,24,0.00025,0.017087759450078
4529,24,0.00025,0.0265582241117954
4530,24,0.00025,0.0171885192394257
4531,24,0.00025,0.0206888411194086
4532,24,0.00025,0.0225926749408245
4533,24,0.00025,0.0186399705708027
4534,24,0.00025,0.0224947072565556
4535,24,0.00025,0.0216041635721922
4536,24,0.00025,0.0222404282540083
4537,24,0.00025,0.0161772165447474
4538,24,0.00025,0.0238869749009609
4539,24,0.00025,0.0231239758431911
4540,24,0.00025,0.0227927938103676
4541,24,0.00025,0.025706285610795
4542,24,0.00025,0.020943371579051
4543,24,0.00025,0.0174578223377466
4544,24,0.00025,0.0191855262964964
4545,24,0.00025,0.0161105655133724
4546,24,0.00025,0.0215598661452532
4547,24,0.00025,0.0168539267033339
4548,24,0.00025,0.0174374729394913
4549,24,0.00025,0.0186790768057108
4550,24,0.00025,0.0211563892662525
4551,24,0.00025,0.0247335284948349
4552,24,0.00025,0.0223541315644979
4553,24,0.00025,0.0236159712076187
4554,24,0.00025,0.0213174633681774
4555,24,0.00025,0.0208411756902933
4556,24,0.00025,0.0240847300738096
4557,24,0.00025,0.015988428145647
4558,24,0.00025,0.0226210039108992
4559,24,0.00025,0.0177205223590136
4560,24,0.00025,0.0212563555687666
4561,24,0.00025,0.0162065606564283
4562,24,0.00025,0.0230531208217144
4563,24,0.00025,0.0246939212083817
4564,24,0.00025,0.020413052290678
4565,24,0.00025,0.0163053423166275
4566,24,0.00025,0.029416611418128
4567,24,0.00025,0.0261311996728182
4568,24,0.00025,0.0285344831645489
4569,24,0.00025,0.020487142726779
4570,24,0.00025,0.0227750949561596
4571,24,0.00025,0.0218981951475143
4572,24,0.00025,0.0214983951300383
4573,24,0.00025,0.0203254669904709
4574,24,0.00025,0.0185183323919773
4575,24,0.00025,0.0220588427037001
4576,24,0.00025,0.0195945464074612
4577,24,0.00025,0.0208222568035126
4578,24,0.00025,0.0210733320564032
4579,24,0.00025,0.0234741177409887
4580,24,0.00025,0.0219060219824314
4581,24,0.00025,0.0252361837774515
4582,24,0.00025,0.018082657828927
4583,24,0.00025,0.0262273121625185
4584,24,0.00025,0.0212184172123671
4585,24,0.00025,0.0219045430421829
4586,24,0.00025,0.0178837776184082
4587,24,0.00025,0.0171397794038057
4588,24,0.00025,0.0258596371859312
4589,24,0.00025,0.0252546742558479
4590,24,0.00025,0.0225372314453125
4591,24,0.00025,0.0213975682854652
4592,24,0.00025,0.0196067355573177
4593,24,0.00025,0.0252620857208967
4594,24,0.00025,0.0193438157439232
4595,24,0.00025,0.0198802277445793
4596,24,0.00025,0.0179409440606833
4597,24,0.00025,0.0230542756617069
4598,24,0.00025,0.0246799103915691
4599,24,0.00025,0.0235818382352591
4600,24,0.00025,0.0201872866600752
4601,24,0.00025,0.0222896635532379
4602,24,0.00025,0.0195656232535839
4603,24,0.00025,0.0191042646765709
4604,24,0.00025,0.0207536853849888
4605,24,0.00025,0.0207995790988207
4606,24,0.00025,0.0246731229126453
4607,24,0.00025,0.0177899990230799
4608,24,0.00025,0.0233878809958696
4609,24,0.00025,0.0246737878769636
4610,24,0.00025,0.020258329808712
4611,24,0.00025,0.0205165706574917
4612,24,0.00025,0.0240267105400562
4613,24,0.00025,0.0180001687258482
4614,24,0.00025,0.0177193526178598
4615,24,0.00025,0.0204116329550743
4616,24,0.00025,0.0181543249636889
4617,24,0.00025,0.0197487492114305
4618,24,0.00025,0.0151610802859068
4619,24,0.00025,0.0259461440145969
4620,24,0.00025,0.0194422453641891
4621,24,0.00025,0.0256018973886967
4622,24,0.00025,0.0226732455193996
4623,24,0.00025,0.0198040790855885
4624,24,0.00025,0.0235795397311449
4625,24,0.00025,0.0203991513699293
4626,24,0.00025,0.0224210247397423
4627,24,0.00025,0.0208287909626961
4628,24,0.00025,0.0211884174495935
4629,24,0.00025,0.0192294381558895
4630,24,0.00025,0.0188103839755058
4631,24,0.00025,0.022707199677825
4632,24,0.00025,0.021667318418622
4633,24,0.00025,0.0215207654982805
4634,24,0.00025,0.0282320529222488
4635,24,0.00025,0.0187936816364527
4636,24,0.00025,0.020931551232934
4637,24,0.00025,0.0138780316337943
4638,24,0.00025,0.0226952284574509
4639,24,0.00025,0.0157146155834198
4640,24,0.00025,0.0167723558843136
4641,24,0.00025,0.0227054283022881
4642,24,0.00025,0.0221180804073811
4643,24,0.00025,0.0249048136174679
4644,24,0.00025,0.0182610098272562
4645,24,0.00025,0.018483828753233
4646,24,0.00025,0.0207635890692472
4647,24,0.00025,0.0205043107271194
4648,24,0.00025,0.0178452953696251
4649,24,0.00025,0.0225794725120068
4650,24,0.00025,0.0228170640766621
4651,24,0.00025,0.0191481914371252
4652,24,0.00025,0.0235004518181086
4653,24,0.00025,0.0214624498039484
4654,24,0.00025,0.0211339145898819
4655,24,0.00025,0.0247398689389229
4656,24,0.00025,0.0228686649352312
4657,25,0.00025,0.0222940184175968
4658,25,0.00025,0.0204082354903221
4659,25,0.00025,0.0186420995742083
4660,25,0.00025,0.0277989115566015
4661,25,0.00025,0.0219122115522623
4662,25,0.00025,0.0230359565466642
4663,25,0.00025,0.0275169033557177
4664,25,0.00025,0.0200055707246065
4665,25,0.00025,0.0218811314553022
4666,25,0.00025,0.0194209348410368
4667,25,0.00025,0.0166558641940355
4668,25,0.00025,0.0161132831126451
4669,25,0.00025,0.0175642482936382
4670,25,0.00025,0.0231576133519411
4671,25,0.00025,0.0204430446028709
4672,25,0.00025,0.0198486689478159
4673,25,0.00025,0.0193320736289024
4674,25,0.00025,0.022003410384059
4675,25,0.00025,0.0238744094967842
4676,25,0.00025,0.0207414049655199
4677,25,0.00025,0.0217463988810778
4678,25,0.00025,0.0216240156441927
4679,25,0.00025,0.0262783020734787
4680,25,0.00025,0.0230948682874441
4681,25,0.00025,0.0200122687965631
4682,25,0.00025,0.0248450729995966
4683,25,0.00025,0.0208131112158298
4684,25,0.00025,0.0185645427554846
4685,25,0.00025,0.024945480749011
4686,25,0.00025,0.0200554709881544
4687,25,0.00025,0.0224254000931978
4688,25,0.00025,0.0167794041335583
4689,25,0.00025,0.0278872903436422
4690,25,0.00025,0.0244362987577915
4691,25,0.00025,0.022316912189126
4692,25,0.00025,0.0196057967841625
4693,25,0.00025,0.017939742654562
4694,25,0.00025,0.0232439804822206
4695,25,0.00025,0.0204772725701332
4696,25,0.00025,0.0214981157332659
4697,25,0.00025,0.023425092920661
4698,25,0.00025,0.022189537063241
4699,25,0.00025,0.0199846047908068
4700,25,0.00025,0.0277648624032736
4701,25,0.00025,0.0158852301537991
4702,25,0.00025,0.0265233162790537
4703,25,0.00025,0.0137314181774855
4704,25,0.00025,0.0242771580815315
4705,25,0.00025,0.0155241824686527
4706,25,0.00025,0.0176333636045456
4707,25,0.00025,0.0213381238281727
4708,25,0.00025,0.0194781348109245
4709,25,0.00025,0.0231506042182446
4710,25,0.00025,0.0229858960956335
4711,25,0.00025,0.01781808398664
4712,25,0.00025,0.0238196589052677
4713,25,0.00025,0.0254024229943752
4714,25,0.00025,0.0227316990494728
4715,25,0.00025,0.0195928867906332
4716,25,0.00025,0.0220867954194546
4717,25,0.00025,0.0245570354163647
4718,25,0.00025,0.0253171417862177
4719,25,0.00025,0.0187918618321419
4720,25,0.00025,0.0213215127587318
4721,25,0.00025,0.0206767935305834
4722,25,0.00025,0.0188860036432743
4723,25,0.00025,0.027409128844738
4724,25,0.00025,0.0176278781145811
4725,25,0.00025,0.0220837071537971
4726,25,0.00025,0.0251863691955805
4727,25,0.00025,0.0173459947109222
4728,25,0.00025,0.0189885515719652
4729,25,0.00025,0.0179320126771927
4730,25,0.00025,0.0177204161882401
4731,25,0.00025,0.0172702483832836
4732,25,0.00025,0.0206069611012936
4733,25,0.00025,0.0222514029592276
4734,25,0.00025,0.0212777871638536
4735,25,0.00025,0.0242804065346718
4736,25,0.00025,0.0196869857609272
4737,25,0.00025,0.0182936601340771
4738,25,0.00025,0.0175307299941778
4739,25,0.00025,0.0188593715429306
4740,25,0.00025,0.0175795312970877
4741,25,0.00025,0.0222976617515087
4742,25,0.00025,0.0244171470403671
4743,25,0.00025,0.0201411619782448
4744,25,0.00025,0.0176284033805132
4745,25,0.00025,0.0186401531100273
4746,25,0.00025,0.021167965605855
4747,25,0.00025,0.0232851859182119
4748,25,0.00025,0.0188481621444225
4749,25,0.00025,0.0210732463747263
4750,25,0.00025,0.021118525415659
4751,25,0.00025,0.0242285020649433
4752,25,0.00025,0.0200011171400547
4753,25,0.00025,0.0165739376097918
4754,25,0.00025,0.0220973584800959
4755,25,0.00025,0.025321502238512
4756,25,0.00025,0.0242490582168102
4757,25,0.00025,0.0223477613180876
4758,25,0.00025,0.0240963939577341
4759,25,0.00025,0.0166467949748039
4760,25,0.00025,0.0244610793888569
4761,25,0.00025,0.0164834335446358
4762,25,0.00025,0.0194281879812479
4763,25,0.00025,0.0236841812729836
4764,25,0.00025,0.020294189453125
4765,25,0.00025,0.018811758607626
4766,25,0.00025,0.0248160324990749
4767,25,0.00025,0.028614142909646
4768,25,0.00025,0.019084895029664
4769,25,0.00025,0.0207711942493916
4770,25,0.00025,0.0229775831103325
4771,25,0.00025,0.0178746543824673
4772,25,0.00025,0.0223707966506481
4773,25,0.00025,0.0218647215515375
4774,25,0.00025,0.0234694108366966
4775,25,0.00025,0.0224548596888781
4776,25,0.00025,0.0196592081338167
4777,25,0.00025,0.014532458037138
4778,25,0.00025,0.021055368706584
4779,25,0.00025,0.0244784690439701
4780,25,0.00025,0.0184278823435307
4781,25,0.00025,0.0201181434094906
4782,25,0.00025,0.0199613831937313
4783,25,0.00025,0.0152531918138266
4784,25,0.00025,0.0212142094969749
4785,25,0.00025,0.0152711728587747
4786,25,0.00025,0.0192990489304066
4787,25,0.00025,0.0257820300757885
4788,25,0.00025,0.0202689580619335
4789,25,0.00025,0.0207026079297066
4790,25,0.00025,0.0160387400537729
4791,25,0.00025,0.0253225658088923
4792,25,0.00025,0.0126331159844995
4793,25,0.00025,0.0236905459314585
4794,25,0.00025,0.0200328007340431
4795,25,0.00025,0.0252896603196859
4796,25,0.00025,0.0184777826070786
4797,25,0.00025,0.0209605637937784
4798,25,0.00025,0.0227212477475405
4799,25,0.00025,0.0185429621487856
4800,25,0.00025,0.0220739636570215
4801,25,0.00025,0.0217476226389408
4802,25,0.00025,0.0241791736334562
4803,25,0.00025,0.0273408386856318
4804,25,0.00025,0.0190020930022001
4805,25,0.00025,0.0247897636145353
4806,25,0.00025,0.0229505281895399
4807,25,0.00025,0.0225764159113169
4808,25,0.00025,0.0155145851895213
4809,25,0.00025,0.0214848052710295
4810,25,0.00025,0.0234982427209616
4811,25,0.00025,0.0200210455805063
4812,25,0.00025,0.0207410920411348
4813,25,0.00025,0.0188389327377081
4814,25,0.00025,0.0136344628408551
4815,25,0.00025,0.0218365546315908
4816,25,0.00025,0.0210916474461555
4817,25,0.00025,0.0230005141347647
4818,25,0.00025,0.0162331964820623
4819,25,0.00025,0.0196451582014561
4820,25,0.00025,0.0188919100910425
4821,25,0.00025,0.0257421974092722
4822,25,0.00025,0.0239538140594959
4823,25,0.00025,0.0177376940846443
4824,25,0.00025,0.0226820223033428
4825,25,0.00025,0.0261839311569929
4826,25,0.00025,0.0231402516365051
4827,25,0.00025,0.0204731654375792
4828,25,0.00025,0.026025028899312
4829,25,0.00025,0.0193832982331514
4830,25,0.00025,0.0217937249690294
4831,25,0.00025,0.0214119330048561
4832,25,0.00025,0.0218867976218462
4833,25,0.00025,0.0201914869248867
4834,25,0.00025,0.0266388859599829
4835,25,0.00025,0.0198708344250917
4836,25,0.00025,0.0174459479749203
4837,25,0.00025,0.0241375509649515
4838,25,0.00025,0.0164705459028482
4839,25,0.00025,0.021129297092557
4840,25,0.00025,0.016888439655304
4841,25,0.00025,0.0201622992753983
4842,25,0.00025,0.0181095562875271
4843,25,0.00025,0.0256856884807348
4844,25,0.00025,0.024834493175149
4845,25,0.00025,0.0223652292042971
4846,25,0.00025,0.0203979257494211
4847,25,0.00025,0.0184074845165014
4848,25,0.00025,0.024449035525322
4849,25,0.00025,0.018612515181303
4850,25,0.00025,0.0223838426172733
4851,26,0.00025,0.0204497706145048
4852,26,0.00025,0.0203606802970171
4853,26,0.00025,0.0179830901324749
4854,26,0.00025,0.0321682803332806
4855,26,0.00025,0.0282815955579281
4856,26,0.00025,0.0171228498220444
4857,26,0.00025,0.0206676311790943
4858,26,0.00025,0.0242453794926405
4859,26,0.00025,0.0172125417739153
4860,26,0.00025,0.0234871599823236
4861,26,0.00025,0.0231048054993153
4862,26,0.00025,0.0235191956162453
4863,26,0.00025,0.0217876695096493
4864,26,0.00025,0.0254846550524235
4865,26,0.00025,0.0191484428942204
4866,26,0.00025,0.0192453842610121
4867,26,0.00025,0.0213643182069063
4868,26,0.00025,0.0165385790169239
4869,26,0.00025,0.024702288210392
4870,26,0.00025,0.0211710892617702
4871,26,0.00025,0.0207588132470846
4872,26,0.00025,0.0205987505614758
4873,26,0.00025,0.0225337091833353
4874,26,0.00025,0.0257030241191387
4875,26,0.00025,0.0225296448916197
4876,26,0.00025,0.0167767610400915
4877,26,0.00025,0.0153658203780651
4878,26,0.00025,0.0171941630542278
4879,26,0.00025,0.0213360749185085
4880,26,0.00025,0.0184360425919294
4881,26,0.00025,0.017388790845871
4882,26,0.00025,0.0202210769057274
4883,26,0.00025,0.0176886543631554
4884,26,0.00025,0.0176312066614628
4885,26,0.00025,0.0206185933202505
4886,26,0.00025,0.0176067408174276
4887,26,0.00025,0.0189294517040253
4888,26,0.00025,0.0203232318162918
4889,26,0.00025,0.0293308850377798
4890,26,0.00025,0.0188973024487495
4891,26,0.00025,0.02578030154109
4892,26,0.00025,0.0177110526710749
4893,26,0.00025,0.0181666593998671
4894,26,0.00025,0.0189128052443266
4895,26,0.00025,0.0204253774136305
4896,26,0.00025,0.0216059107333422
4897,26,0.00025,0.0209614112973213
4898,26,0.00025,0.0263673271983862
4899,26,0.00025,0.0201054830104113
4900,26,0.00025,0.0175478123128414
4901,26,0.00025,0.0295491442084312
4902,26,0.00025,0.0235655512660742
4903,26,0.00025,0.0254488978534937
4904,26,0.00025,0.0197603069245815
4905,26,0.00025,0.0219052378088236
4906,26,0.00025,0.01956432685256
4907,26,0.00025,0.0197881907224655
4908,26,0.00025,0.0213966947048903
4909,26,0.00025,0.0221605282276869
4910,26,0.00025,0.0237083211541176
4911,26,0.00025,0.0286338217556477
4912,26,0.00025,0.0197808090597391
4913,26,0.00025,0.0239391140639782
4914,26,0.00025,0.023301811888814
4915,26,0.00025,0.0139963319525123
4916,26,0.00025,0.0178681053221226
4917,26,0.00025,0.0203492324799299
4918,26,0.00025,0.0175539199262857
4919,26,0.00025,0.0208661202341318
4920,26,0.00025,0.0222747810184956
4921,26,0.00025,0.0191449318081141
4922,26,0.00025,0.0175963342189789
4923,26,0.00025,0.0232216231524944
4924,26,0.00025,0.0192377120256424
4925,26,0.00025,0.0176205933094025
4926,26,0.00025,0.0205322485417128
4927,26,0.00025,0.0261648111045361
4928,26,0.00025,0.0194848831743002
4929,26,0.00025,0.0145302172750235
4930,26,0.00025,0.0212390962988138
4931,26,0.00025,0.0221019871532917
4932,26,0.00025,0.0238411705940962
4933,26,0.00025,0.0238272044807673
4934,26,0.00025,0.0216832421720028
4935,26,0.00025,0.0199163071811199
4936,26,0.00025,0.0216261260211468
4937,26,0.00025,0.0203591398894787
4938,26,0.00025,0.0226437728852034
4939,26,0.00025,0.0267247390002012
4940,26,0.00025,0.0256731752306223
4941,26,0.00025,0.0191175490617752
4942,26,0.00025,0.019658274948597
4943,26,0.00025,0.0220441184937954
4944,26,0.00025,0.0196757167577744
4945,26,0.00025,0.0263968147337437
4946,26,0.00025,0.0293519180268049
4947,26,0.00025,0.0171949174255133
4948,26,0.00025,0.0151575496420264
4949,26,0.00025,0.0275180712342262
4950,26,0.00025,0.0209579989314079
4951,26,0.00025,0.0209236089140177
4952,26,0.00025,0.024852717295289
4953,26,0.00025,0.0153312729671597
4954,26,0.00025,0.018054747954011
4955,26,0.00025,0.0240477193146944
4956,26,0.00025,0.0251613557338715
4957,26,0.00025,0.023801039904356
4958,26,0.00025,0.0205166582018137
4959,26,0.00025,0.020168686285615
4960,26,0.00025,0.0181869901716709
4961,26,0.00025,0.0148277534171939
4962,26,0.00025,0.0203850418329239
4963,26,0.00025,0.0180374998599291
4964,26,0.00025,0.0165862049907446
4965,26,0.00025,0.0271218921989202
4966,26,0.00025,0.0227976217865944
4967,26,0.00025,0.0197599623352289
4968,26,0.00025,0.0248867589980364
4969,26,0.00025,0.0186019111424685
4970,26,0.00025,0.0192888472229242
4971,26,0.00025,0.0176197439432144
4972,26,0.00025,0.0212353281676769
4973,26,0.00025,0.0189960170537233
4974,26,0.00025,0.0157973803579807
4975,26,0.00025,0.0182684063911438
4976,26,0.00025,0.0223620347678661
4977,26,0.00025,0.0187845528125763
4978,26,0.00025,0.026044387370348
4979,26,0.00025,0.0261050518602133
4980,26,0.00025,0.0259404890239239
4981,26,0.00025,0.0178731996566057
4982,26,0.00025,0.0189697258174419
4983,26,0.00025,0.017903720960021
4984,26,0.00025,0.0254659224301577
4985,26,0.00025,0.0148484176024795
4986,26,0.00025,0.0162578243762255
4987,26,0.00025,0.0179854370653629
4988,26,0.00025,0.0159468948841095
4989,26,0.00025,0.0160656794905663
4990,26,0.00025,0.0203104987740517
4991,26,0.00025,0.0214712806046009
4992,26,0.00025,0.018630426377058
4993,26,0.00025,0.0206031110137701
4994,26,0.00025,0.0206471886485815
4995,26,0.00025,0.015642112120986
4996,26,0.00025,0.0238509904593229
4997,26,0.00025,0.0138675458729267
4998,26,0.00025,0.0244771726429462
4999,26,0.00025,0.0267899595201015
5000,26,0.00025,0.0146736605092883
5001,26,0.00025,0.0263904947787523
5002,26,0.00025,0.0215152613818645
5003,26,0.00025,0.0162676442414522
5004,26,0.00025,0.0219035241752863
5005,26,0.00025,0.0217759925872087
5006,26,0.00025,0.0236832182854414
5007,26,0.00025,0.0209293905645609
5008,26,0.00025,0.0192754045128822
5009,26,0.00025,0.024938328191638
5010,26,0.00025,0.0222351737320423
5011,26,0.00025,0.0217099022120237
5012,26,0.00025,0.022575605660677
5013,26,0.00025,0.0260464958846569
5014,26,0.00025,0.0197857096791267
5015,26,0.00025,0.019073985517025
5016,26,0.00025,0.026629226282239
5017,26,0.00025,0.0199464131146669
5018,26,0.00025,0.0195671580731869
5019,26,0.00025,0.0279754418879747
5020,26,0.00025,0.0179294757544994
5021,26,0.00025,0.0175575949251652
5022,26,0.00025,0.0234521608799696
5023,26,0.00025,0.0202483497560024
5024,26,0.00025,0.0223760660737753
5025,26,0.00025,0.0182459522038698
5026,26,0.00025,0.02026885189116
5027,26,0.00025,0.0324047096073627
5028,26,0.00025,0.0168696977198124
5029,26,0.00025,0.0186241567134857
5030,26,0.00025,0.0177930351346731
5031,26,0.00025,0.0242156963795424
5032,26,0.00025,0.0196814779192209
5033,26,0.00025,0.0197488851845264
5034,26,0.00025,0.022867975756526
5035,26,0.00025,0.0179701652377844
5036,26,0.00025,0.023423919454217
5037,26,0.00025,0.0202463492751122
5038,26,0.00025,0.016552934423089
5039,26,0.00025,0.0203150846064091
5040,26,0.00025,0.0165842790156603
5041,26,0.00025,0.0258023850619793
5042,26,0.00025,0.0278995353728533
5043,26,0.00025,0.0194759741425514
5044,26,0.00025,0.0178109053522348
5045,27,0.00025,0.0222642868757248
5046,27,0.00025,0.0200994070619345
5047,27,0.00025,0.0202519726008177
5048,27,0.00025,0.0215105358511209
5049,27,0.00025,0.0162876546382904
5050,27,0.00025,0.0201049130409956
5051,27,0.00025,0.0245606694370508
5052,27,0.00025,0.0184092745184898
5053,27,0.00025,0.0216197408735752
5054,27,0.00025,0.0210108365863562
5055,27,0.00025,0.0210162829607725
5056,27,0.00025,0.0221168845891953
5057,27,0.00025,0.0234857462346554
5058,27,0.00025,0.0223362445831299
5059,27,0.00025,0.0215165708214045
5060,27,0.00025,0.0193464700132608
5061,27,0.00025,0.0201972238719463
5062,27,0.00025,0.0160501040518284
5063,27,0.00025,0.0260809902101755
5064,27,0.00025,0.0239318944513798
5065,27,0.00025,0.0229191742837429
5066,27,0.00025,0.0270706173032522
5067,27,0.00025,0.0192629750818014
5068,27,0.00025,0.0221000257879496
5069,27,0.00025,0.0166860315948725
5070,27,0.00025,0.0210337862372398
5071,27,0.00025,0.0249462146311998
5072,27,0.00025,0.0244229193776846
5073,27,0.00025,0.0215632598847151
5074,27,0.00025,0.0263312589377165
5075,27,0.00025,0.0161133278161287
5076,27,0.00025,0.0203175954520702
5077,27,0.00025,0.0212007407099009
5078,27,0.00025,0.0248728264123201
5079,27,0.00025,0.0267928279936314
5080,27,0.00025,0.0190979074686766
5081,27,0.00025,0.0183498114347458
5082,27,0.00025,0.0212753862142563
5083,27,0.00025,0.0198011249303818
5084,27,0.00025,0.0264620687812567
5085,27,0.00025,0.0267157815396786
5086,27,0.00025,0.0231015346944332
5087,27,0.00025,0.0193812120705843
5088,27,0.00025,0.0192183163017035
5089,27,0.00025,0.0180735904723406
5090,27,0.00025,0.0199785977602005
5091,27,0.00025,0.0177144296467304
5092,27,0.00025,0.0153964795172215
5093,27,0.00025,0.0198697876185179
5094,27,0.00025,0.0198361594229937
5095,27,0.00025,0.0211017895489931
5096,27,0.00025,0.0221811812371016
5097,27,0.00025,0.0215662848204374
5098,27,0.00025,0.0183456093072891
5099,27,0.00025,0.0245806332677603
5100,27,0.00025,0.0292527228593826
5101,27,0.00025,0.0243616607040167
5102,27,0.00025,0.0219059530645609
5103,27,0.00025,0.0283403303474188
5104,27,0.00025,0.0163040719926357
5105,27,0.00025,0.0217573828995228
5106,27,0.00025,0.0137585699558258
5107,27,0.00025,0.0237468462437391
5108,27,0.00025,0.0172816943377256
5109,27,0.00025,0.0239791329950094
5110,27,0.00025,0.0198693461716175
5111,27,0.00025,0.0212231427431107
5112,27,0.00025,0.0245659984648228
5113,27,0.00025,0.020069582387805
5114,27,0.00025,0.0207433588802814
5115,27,0.00025,0.0198747627437115
5116,27,0.00025,0.0300996657460928
5117,27,0.00025,0.0144749842584133
5118,27,0.00025,0.0152632053941488
5119,27,0.00025,0.0190655682235956
5120,27,0.00025,0.0236587449908257
5121,27,0.00025,0.0196683499962091
5122,27,0.00025,0.026551304385066
5123,27,0.00025,0.0227308422327042
5124,27,0.00025,0.0197750143706799
5125,27,0.00025,0.0218133013695478
5126,27,0.00025,0.0262586828321218
5127,27,0.00025,0.0232760291546583
5128,27,0.00025,0.0239024478942156
5129,27,0.00025,0.0163500513881445
5130,27,0.00025,0.0179333426058292
5131,27,0.00025,0.0200361106544733
5132,27,0.00025,0.0199579019099474
5133,27,0.00025,0.0268444493412971
5134,27,0.00025,0.0224695410579443
5135,27,0.00025,0.02074427716434
5136,27,0.00025,0.0171795468777418
5137,27,0.00025,0.0212668143212795
5138,27,0.00025,0.0169775206595659
5139,27,0.00025,0.0292965285480022
5140,27,0.00025,0.0185790043324232
5141,27,0.00025,0.0300259422510862
5142,27,0.00025,0.0201871450990438
5143,27,0.00025,0.019214840605855
5144,27,0.00025,0.0168675966560841
5145,27,0.00025,0.0155139351263642
5146,27,0.00025,0.0175480302423239
5147,27,0.00025,0.0183836687356234
5148,27,0.00025,0.0219969023019075
5149,27,0.00025,0.0205359440296888
5150,27,0.00025,0.023760050535202
5151,27,0.00025,0.0229777060449123
5152,27,0.00025,0.0209883879870176
5153,27,0.00025,0.0248079039156437
5154,27,0.00025,0.0197084881365299
5155,27,0.00025,0.0233240127563477
5156,27,0.00025,0.0186000242829323
5157,27,0.00025,0.0231473203748465
5158,27,0.00025,0.0165347158908844
5159,27,0.00025,0.0246266219764948
5160,27,0.00025,0.0174882989376783
5161,27,0.00025,0.0163511428982019
5162,27,0.00025,0.0163842048496008
5163,27,0.00025,0.0182463321834803
5164,27,0.00025,0.018974682316184
5165,27,0.00025,0.0174591187387705
5166,27,0.00025,0.0274542216211557
5167,27,0.00025,0.019678458571434
5168,27,0.00025,0.016234815120697
5169,27,0.00025,0.0287513751536608
5170,27,0.00025,0.0189957264810801
5171,27,0.00025,0.0180010851472616
5172,27,0.00025,0.0239194966852665
5173,27,0.00025,0.024134898558259
5174,27,0.00025,0.0173575878143311
5175,27,0.00025,0.0205657072365284
5176,27,0.00025,0.0195789840072393
5177,27,0.00025,0.0174648482352495
5178,27,0.00025,0.0256993975490332
5179,27,0.00025,0.0264399237930775
5180,27,0.00025,0.02011963352561
5181,27,0.00025,0.0146877896040678
5182,27,0.00025,0.0209966413676739
5183,27,0.00025,0.0191994030028582
5184,27,0.00025,0.0240382719784975
5185,27,0.00025,0.0180915258824825
5186,27,0.00025,0.0231886599212885
5187,27,0.00025,0.0182861052453518
5188,27,0.00025,0.0232431534677744
5189,27,0.00025,0.0217640940099955
5190,27,0.00025,0.018170315772295
5191,27,0.00025,0.0175182744860649
5192,27,0.00025,0.0247950293123722
5193,27,0.00025,0.0208259355276823
5194,27,0.00025,0.0171156041324139
5195,27,0.00025,0.0241201985627413
5196,27,0.00025,0.0162181295454502
5197,27,0.00025,0.0249357018619776
5198,27,0.00025,0.0227736085653305
5199,27,0.00025,0.0209558717906475
5200,27,0.00025,0.0254300367087126
5201,27,0.00025,0.0266230180859566
5202,27,0.00025,0.0201325714588165
5203,27,0.00025,0.0163605511188507
5204,27,0.00025,0.0201324950903654
5205,27,0.00025,0.0236496962606907
5206,27,0.00025,0.018250223249197
5207,27,0.00025,0.0210253093391657
5208,27,0.00025,0.0246275179088116
5209,27,0.00025,0.0187599156051874
5210,27,0.00025,0.0200707372277975
5211,27,0.00025,0.0160139091312885
5212,27,0.00025,0.028635123744607
5213,27,0.00025,0.0206136982887983
5214,27,0.00025,0.0183110255748034
5215,27,0.00025,0.0219995733350515
5216,27,0.00025,0.0162070356309414
5217,27,0.00025,0.0200172085314989
5218,27,0.00025,0.0184735767543316
5219,27,0.00025,0.0184551067650318
5220,27,0.00025,0.0177766773849726
5221,27,0.00025,0.0268040057271719
5222,27,0.00025,0.020552184432745
5223,27,0.00025,0.0210170056670904
5224,27,0.00025,0.0172576494514942
5225,27,0.00025,0.0195090807974339
5226,27,0.00025,0.0194242503494024
5227,27,0.00025,0.0203829798847437
5228,27,0.00025,0.0208649672567844
5229,27,0.00025,0.0250389147549868
5230,27,0.00025,0.0220311153680086
5231,27,0.00025,0.0158760100603104
5232,27,0.00025,0.0201101880520582
5233,27,0.00025,0.0218347925692797
5234,27,0.00025,0.0200371872633696
5235,27,0.00025,0.0229956191033125
5236,27,0.00025,0.0239729713648558
5237,27,0.00025,0.0245749223977327
5238,27,0.00025,0.0263652577996254
5239,28,0.00025,0.0213078390806913
5240,28,0.00025,0.0148834167048335
5241,28,0.00025,0.0179119966924191
5242,28,0.00025,0.0205238126218319
5243,28,0.00025,0.0228229872882366
5244,28,0.00025,0.018733149394393
5245,28,0.00025,0.0164283327758312
5246,28,0.00025,0.0308096259832382
5247,28,0.00025,0.0181966610252857
5248,28,0.00025,0.0177146084606647
5249,28,0.00025,0.0242554396390915
5250,28,0.00025,0.0254288204014301
5251,28,0.00025,0.0173063576221466
5252,28,0.00025,0.0167835298925638
5253,28,0.00025,0.0252538602799177
5254,28,0.00025,0.0191137194633484
5255,28,0.00025,0.0206418670713902
5256,28,0.00025,0.020783668383956
5257,28,0.00025,0.0182113982737064
5258,28,0.00025,0.0181082747876644
5259,28,0.00025,0.0179581604897976
5260,28,0.00025,0.0197243802249432
5261,28,0.00025,0.0180971659719944
5262,28,0.00025,0.0202554054558277
5263,28,0.00025,0.0250076930969954
5264,28,0.00025,0.021533040329814
5265,28,0.00025,0.0192833244800568
5266,28,0.00025,0.0211714394390583
5267,28,0.00025,0.0204369034618139
5268,28,0.00025,0.0207078959792852
5269,28,0.00025,0.0172096155583858
5270,28,0.00025,0.0207975953817368
5271,28,0.00025,0.025151863694191
5272,28,0.00025,0.0280219726264477
5273,28,0.00025,0.0221001617610455
5274,28,0.00025,0.023844163864851
5275,28,0.00025,0.022693207487464
5276,28,0.00025,0.0170544572174549
5277,28,0.00025,0.0207095574587584
5278,28,0.00025,0.018302658572793
5279,28,0.00025,0.022393811494112
5280,28,0.00025,0.0253972373902798
5281,28,0.00025,0.0219268463551998
5282,28,0.00025,0.024848323315382
5283,28,0.00025,0.0182353165000677
5284,28,0.00025,0.0197527091950178
5285,28,0.00025,0.0229888465255499
5286,28,0.00025,0.0216079987585545
5287,28,0.00025,0.0229647438973188
5288,28,0.00025,0.0232190880924463
5289,28,0.00025,0.0147794643417001
5290,28,0.00025,0.0178013201802969
5291,28,0.00025,0.0173520389944315
5292,28,0.00025,0.0198605973273516
5293,28,0.00025,0.0244981646537781
5294,28,0.00025,0.022467503324151
5295,28,0.00025,0.0271302089095116
5296,28,0.00025,0.0227988176047802
5297,28,0.00025,0.0214356519281864
5298,28,0.00025,0.0201264750212431
5299,28,0.00025,0.022369097918272
5300,28,0.00025,0.0221533328294754
5301,28,0.00025,0.0202985778450966
5302,28,0.00025,0.0202870555222034
5303,28,0.00025,0.0223217625170946
5304,28,0.00025,0.023296857252717
5305,28,0.00025,0.0177897866815329
5306,28,0.00025,0.0240159630775452
5307,28,0.00025,0.0259253028780222
5308,28,0.00025,0.0188521165400743
5309,28,0.00025,0.0182592310011387
5310,28,0.00025,0.0166188757866621
5311,28,0.00025,0.0157672762870789
5312,28,0.00025,0.0200470145791769
5313,28,0.00025,0.0188715755939484
5314,28,0.00025,0.0195363089442253
5315,28,0.00025,0.0228449702262878
5316,28,0.00025,0.0207198075950146
5317,28,0.00025,0.0220811199396849
5318,28,0.00025,0.0197022259235382
5319,28,0.00025,0.0228628516197205
5320,28,0.00025,0.0256893690675497
5321,28,0.00025,0.0200452022254467
5322,28,0.00025,0.0182620380073786
5323,28,0.00025,0.0189641248434782
5324,28,0.00025,0.0161742009222507
5325,28,0.00025,0.0177654437720776
5326,28,0.00025,0.0208964589983225
5327,28,0.00025,0.0216095633804798
5328,28,0.00025,0.0222446229308844
5329,28,0.00025,0.0166177470237017
5330,28,0.00025,0.0184081476181746
5331,28,0.00025,0.0198943596333265
5332,28,0.00025,0.0181829575449228
5333,28,0.00025,0.0211872402578592
5334,28,0.00025,0.0200689118355513
5335,28,0.00025,0.0184611063450575
5336,28,0.00025,0.0145339965820312
5337,28,0.00025,0.0233966521918774
5338,28,0.00025,0.0237576421350241
5339,28,0.00025,0.0170982498675585
5340,28,0.00025,0.0243898518383503
5341,28,0.00025,0.022979237139225
5342,28,0.00025,0.0313234366476536
5343,28,0.00025,0.0185208972543478
5344,28,0.00025,0.0291306339204311
5345,28,0.00025,0.0275784227997065
5346,28,0.00025,0.013094836845994
5347,28,0.00025,0.0185210239142179
5348,28,0.00025,0.019768388941884
5349,28,0.00025,0.0174037609249353
5350,28,0.00025,0.0175829119980335
5351,28,0.00025,0.0151210222393274
5352,28,0.00025,0.0189387202262878
5353,28,0.00025,0.0233020354062319
5354,28,0.00025,0.0197263192385435
5355,28,0.00025,0.0218799877911806
5356,28,0.00025,0.0275364201515913
5357,28,0.00025,0.0198744311928749
5358,28,0.00025,0.0150797655805945
5359,28,0.00025,0.0225962176918983
5360,28,0.00025,0.0200344454497099
5361,28,0.00025,0.018608408048749
5362,28,0.00025,0.0212937574833632
5363,28,0.00025,0.0177392326295376
5364,28,0.00025,0.0254679769277573
5365,28,0.00025,0.022036524489522
5366,28,0.00025,0.0268622692674398
5367,28,0.00025,0.0192360337823629
5368,28,0.00025,0.026180524379015
5369,28,0.00025,0.0228269677609205
5370,28,0.00025,0.0196432527154684
5371,28,0.00025,0.0221393126994371
5372,28,0.00025,0.028662484139204
5373,28,0.00025,0.0181025117635727
5374,28,0.00025,0.0191690661013126
5375,28,0.00025,0.020199429243803
5376,28,0.00025,0.0256769303232431
5377,28,0.00025,0.0268766283988953
5378,28,0.00025,0.0178945027291775
5379,28,0.00025,0.0208515897393227
5380,28,0.00025,0.0263464581221342
5381,28,0.00025,0.0164832100272179
5382,28,0.00025,0.0224951356649399
5383,28,0.00025,0.0202941987663507
5384,28,0.00025,0.0180571638047695
5385,28,0.00025,0.0153696984052658
5386,28,0.00025,0.0282522458583117
5387,28,0.00025,0.0197209622710943
5388,28,0.00025,0.0264836605638266
5389,28,0.00025,0.0240828078240156
5390,28,0.00025,0.0232621934264898
5391,28,0.00025,0.0168942585587502
5392,28,0.00025,0.0250010099261999
5393,28,0.00025,0.0214852448552847
5394,28,0.00025,0.0190942659974098
5395,28,0.00025,0.0238100029528141
5396,28,0.00025,0.018335048109293
5397,28,0.00025,0.0253617595881224
5398,28,0.00025,0.0241529569029808
5399,28,0.00025,0.0266695581376553
5400,28,0.00025,0.0196991544216871
5401,28,0.00025,0.0246096905320883
5402,28,0.00025,0.0185918640345335
5403,28,0.00025,0.0165569484233856
5404,28,0.00025,0.01869204826653
5405,28,0.00025,0.0229668226093054
5406,28,0.00025,0.020821463316679
5407,28,0.00025,0.0200084932148457
5408,28,0.00025,0.0290001761168242
5409,28,0.00025,0.0234180111438036
5410,28,0.00025,0.0261130165308714
5411,28,0.00025,0.0212366189807653
5412,28,0.00025,0.0193515364080667
5413,28,0.00025,0.0194825306534767
5414,28,0.00025,0.0228598788380623
5415,28,0.00025,0.0214189495891333
5416,28,0.00025,0.0194016937166452
5417,28,0.00025,0.0224942471832037
5418,28,0.00025,0.0233599785715342
5419,28,0.00025,0.0238851420581341
5420,28,0.00025,0.0187835954129696
5421,28,0.00025,0.0266822911798954
5422,28,0.00025,0.0212524216622114
5423,28,0.00025,0.0182507392019033
5424,28,0.00025,0.0174680817872286
5425,28,0.00025,0.0195957701653242
5426,28,0.00025,0.0199801083654165
5427,28,0.00025,0.0162004437297583
5428,28,0.00025,0.0170900281518698
5429,28,0.00025,0.0164161361753941
5430,28,0.00025,0.0171140115708113
5431,28,0.00025,0.0226159058511257
5432,28,0.00025,0.0181730594485998
5433,29,0.00025,0.0186373423784971
5434,29,0.00025,0.0197797529399395
5435,29,0.00025,0.0211621131747961
5436,29,0.00025,0.0167273562401533
5437,29,0.00025,0.0204279627650976
5438,29,0.00025,0.0215432029217482
5439,29,0.00025,0.0226099118590355
5440,29,0.00025,0.0214480888098478
5441,29,0.00025,0.0258176326751709
5442,29,0.00025,0.0164361037313938
5443,29,0.00025,0.0188801176846027
5444,29,0.00025,0.0218895822763443
5445,29,0.00025,0.0284038037061691
5446,29,0.00025,0.0163868684321642
5447,29,0.00025,0.0167095512151718
5448,29,0.00025,0.0190954841673374
5449,29,0.00025,0.0224780943244696
5450,29,0.00025,0.0212914850562811
5451,29,0.00025,0.016657093539834
5452,29,0.00025,0.0165410339832306
5453,29,0.00025,0.0255070924758911
5454,29,0.00025,0.0202416777610779
5455,29,0.00025,0.0219324752688408
5456,29,0.00025,0.0202804710716009
5457,29,0.00025,0.0195982232689857
5458,29,0.00025,0.0186709016561508
5459,29,0.00025,0.0214737802743912
5460,29,0.00025,0.02241475507617
5461,29,0.00025,0.0172836259007454
5462,29,0.00025,0.01791687682271
5463,29,0.00025,0.0249059274792671
5464,29,0.00025,0.0210346858948469
5465,29,0.00025,0.0218941569328308
5466,29,0.00025,0.0211787447333336
5467,29,0.00025,0.0204128324985504
5468,29,0.00025,0.0193926505744457
5469,29,0.00025,0.0174852162599564
5470,29,0.00025,0.0265692360699177
5471,29,0.00025,0.0182721018791199
5472,29,0.00025,0.0227857567369938
5473,29,0.00025,0.0223894454538822
5474,29,0.00025,0.02062021009624
5475,29,0.00025,0.0205902308225632
5476,29,0.00025,0.0184836126863956
5477,29,0.00025,0.0232833027839661
5478,29,0.00025,0.0156959183514118
5479,29,0.00025,0.0321034863591194
5480,29,0.00025,0.0216553881764412
5481,29,0.00025,0.0223992560058832
5482,29,0.00025,0.0208870805799961
5483,29,0.00025,0.0226716455072165
5484,29,0.00025,0.0202797930687666
5485,29,0.00025,0.024866933003068
5486,29,0.00025,0.021749809384346
5487,29,0.00025,0.0158254224807024
5488,29,0.00025,0.0207104906439781
5489,29,0.00025,0.0185974165797234
5490,29,0.00025,0.0222840737551451
5491,29,0.00025,0.0258172601461411
5492,29,0.00025,0.0204097628593445
5493,29,0.00025,0.0160503890365362
5494,29,0.00025,0.0223522745072842
5495,29,0.00025,0.020349495112896
5496,29,0.00025,0.0223959051072598
5497,29,0.00025,0.0258438289165497
5498,29,0.00025,0.0210309643298388
5499,29,0.00025,0.0216834060847759
5500,29,0.00025,0.0205894112586975
5501,29,0.00025,0.0174383092671633
5502,29,0.00025,0.0242854058742523
5503,29,0.00025,0.0218768790364265
5504,29,0.00025,0.0199078805744648
5505,29,0.00025,0.0216380283236504
5506,29,0.00025,0.0233296118676662
5507,29,0.00025,0.0197567641735077
5508,29,0.00025,0.0174953825771809
5509,29,0.00025,0.0160780623555183
5510,29,0.00025,0.0155630186200142
5511,29,0.00025,0.0191877465695143
5512,29,0.00025,0.0188765525817871
5513,29,0.00025,0.0176079384982586
5514,29,0.00025,0.0247584022581577
5515,29,0.00025,0.0236125867813826
5516,29,0.00025,0.0241029094904661
5517,29,0.00025,0.0245683491230011
5518,29,0.00025,0.021489541977644
5519,29,0.00025,0.023608373478055
5520,29,0.00025,0.0213184300810099
5521,29,0.00025,0.0184358563274145
5522,29,0.00025,0.0221277177333832
5523,29,0.00025,0.0212019048631191
5524,29,0.00025,0.0201153457164764
5525,29,0.00025,0.0231499169021845
5526,29,0.00025,0.0171854794025421
5527,29,0.00025,0.0304421409964561
5528,29,0.00025,0.0180154163390398
5529,29,0.00025,0.0210202820599079
5530,29,0.00025,0.0177742075175047
5531,29,0.00025,0.0248778965324163
5532,29,0.00025,0.0215876437723637
5533,29,0.00025,0.017158130183816
5534,29,0.00025,0.02742606587708
5535,29,0.00025,0.0182167515158653
5536,29,0.00025,0.0168218184262514
5537,29,0.00025,0.0240155104547739
5538,29,0.00025,0.0207629799842834
5539,29,0.00025,0.0269619897007942
5540,29,0.00025,0.0176380593329668
5541,29,0.00025,0.0250981897115707
5542,29,0.00025,0.0189706031233072
5543,29,0.00025,0.021312527358532
5544,29,0.00025,0.0259328074753284
5545,29,0.00025,0.0207763519138098
5546,29,0.00025,0.0198306925594807
5547,29,0.00025,0.019039386883378
5548,29,0.00025,0.0175638608634472
5549,29,0.00025,0.0254601389169693
5550,29,0.00025,0.0227116830646992
5551,29,0.00025,0.0248674266040325
5552,29,0.00025,0.0213878322392702
5553,29,0.00025,0.0175852905958891
5554,29,0.00025,0.0183063857257366
5555,29,0.00025,0.0216286536306143
5556,29,0.00025,0.0161290597170591
5557,29,0.00025,0.0246680062264204
5558,29,0.00025,0.0177701078355312
5559,29,0.00025,0.0225442945957184
5560,29,0.00025,0.0195373184978962
5561,29,0.00025,0.0183483920991421
5562,29,0.00025,0.019819300621748
5563,29,0.00025,0.0240729730576277
5564,29,0.00025,0.0237678457051516
5565,29,0.00025,0.0217962246388197
5566,29,0.00025,0.0245344433933496
5567,29,0.00025,0.0157899390906096
5568,29,0.00025,0.0225809384137392
5569,29,0.00025,0.0157582405954599
5570,29,0.00025,0.015285175293684
5571,29,0.00025,0.0167327187955379
5572,29,0.00025,0.0164256207644939
5573,29,0.00025,0.0167117603123188
5574,29,0.00025,0.0216319002211094
5575,29,0.00025,0.0242005940526724
5576,29,0.00025,0.0260485764592886
5577,29,0.00025,0.0179606378078461
5578,29,0.00025,0.0249285753816366
5579,29,0.00025,0.0296036247164011
5580,29,0.00025,0.0201392527669668
5581,29,0.00025,0.0172075852751732
5582,29,0.00025,0.0164076648652554
5583,29,0.00025,0.0244921129196882
5584,29,0.00025,0.0226929951459169
5585,29,0.00025,0.0261448491364717
5586,29,0.00025,0.0165778528898954
5587,29,0.00025,0.0203551556915045
5588,29,0.00025,0.0207430403679609
5589,29,0.00025,0.0186863429844379
5590,29,0.00025,0.0220834221690893
5591,29,0.00025,0.0227212067693472
5592,29,0.00025,0.0170347038656473
5593,29,0.00025,0.0207895915955305
5594,29,0.00025,0.0216588750481606
5595,29,0.00025,0.0216330178081989
5596,29,0.00025,0.0200607683509588
5597,29,0.00025,0.027082946151495
5598,29,0.00025,0.0231464672833681
5599,29,0.00025,0.0183866564184427
5600,29,0.00025,0.0182708073407412
5601,29,0.00025,0.015649076551199
5602,29,0.00025,0.0174472685903311
5603,29,0.00025,0.0206247661262751
5604,29,0.00025,0.0253066681325436
5605,29,0.00025,0.0194977782666683
5606,29,0.00025,0.0230388417840004
5607,29,0.00025,0.0190654564648867
5608,29,0.00025,0.029069397598505
5609,29,0.00025,0.0263672210276127
5610,29,0.00025,0.0233189817517996
5611,29,0.00025,0.0195473991334438
5612,29,0.00025,0.0237111672759056
5613,29,0.00025,0.021570235490799
5614,29,0.00025,0.0187610276043415
5615,29,0.00025,0.017807612195611
5616,29,0.00025,0.0220361202955246
5617,29,0.00025,0.0225536227226257
5618,29,0.00025,0.0254804920405149
5619,29,0.00025,0.0221213027834892
5620,29,0.00025,0.0212534330785275
5621,29,0.00025,0.0199624337255955
5622,29,0.00025,0.0244796089828014
5623,29,0.00025,0.0172956045717001
5624,29,0.00025,0.0178254004567862
5625,29,0.00025,0.0153984501957893
5626,29,0.00025,0.0188199989497662
5627,30,0.00025,0.0204285271465778
5628,30,0.00025,0.0218362882733345
5629,30,0.00025,0.0209504123777151
5630,30,0.00025,0.0179158616811037
5631,30,0.00025,0.0151725588366389
5632,30,0.00025,0.0214334148913622
5633,30,0.00025,0.0203373786062002
5634,30,0.00025,0.0167250446975231
5635,30,0.00025,0.0249865166842937
5636,30,0.00025,0.0203394386917353
5637,30,0.00025,0.0174430515617132
5638,30,0.00025,0.0227723550051451
5639,30,0.00025,0.0191884636878967
5640,30,0.00025,0.0183239560574293
5641,30,0.00025,0.0219307858496904
5642,30,0.00025,0.0165664106607437
5643,30,0.00025,0.0188336838036776
5644,30,0.00025,0.0196560118347406
5645,30,0.00025,0.0235391948372126
5646,30,0.00025,0.0180471837520599
5647,30,0.00025,0.025688236579299
5648,30,0.00025,0.0187449287623167
5649,30,0.00025,0.0261723268777132
5650,30,0.00025,0.023914685472846
5651,30,0.00025,0.0204627402126789
5652,30,0.00025,0.0214808061718941
5653,30,0.00025,0.0244929548352957
5654,30,0.00025,0.0193495210260153
5655,30,0.00025,0.0176358167082071
5656,30,0.00025,0.0210310649126768
5657,30,0.00025,0.0220169425010681
5658,30,0.00025,0.0145763587206602
5659,30,0.00025,0.0193025693297386
5660,30,0.00025,0.0135080367326736
5661,30,0.00025,0.0199260711669922
5662,30,0.00025,0.0200463999062777
5663,30,0.00025,0.0213243011385202
5664,30,0.00025,0.0203738119453192
5665,30,0.00025,0.0243801176548004
5666,30,0.00025,0.0214787218719721
5667,30,0.00025,0.0159050561487675
5668,30,0.00025,0.0189378205686808
5669,30,0.00025,0.0202903039753437
5670,30,0.00025,0.0233575701713562
5671,30,0.00025,0.024025758728385
5672,30,0.00025,0.0229226853698492
5673,30,0.00025,0.0155702233314514
5674,30,0.00025,0.0170042049139738
5675,30,0.00025,0.0190791375935078
5676,30,0.00025,0.0272639077156782
5677,30,0.00025,0.0170670691877604
5678,30,0.00025,0.0209376979619265
5679,30,0.00025,0.0205326564610004
5680,30,0.00025,0.0155286965891719
5681,30,0.00025,0.0213710833340883
5682,30,0.00025,0.0239380821585655
5683,30,0.00025,0.0182434394955635
5684,30,0.00025,0.0248011499643326
5685,30,0.00025,0.0172951780259609
5686,30,0.00025,0.0203769449144602
5687,30,0.00025,0.0162342190742493
5688,30,0.00025,0.0226574521511793
5689,30,0.00025,0.0210011806339025
5690,30,0.00025,0.0295525249093771
5691,30,0.00025,0.0227205585688353
5692,30,0.00025,0.0167456362396479
5693,30,0.00025,0.0249829310923815
5694,30,0.00025,0.017363341525197
5695,30,0.00025,0.0200312286615372
5696,30,0.00025,0.0197710227221251
5697,30,0.00025,0.0240812934935093
5698,30,0.00025,0.0185259748250246
5699,30,0.00025,0.0214373618364334
5700,30,0.00025,0.0190173853188753
5701,30,0.00025,0.0247102677822113
5702,30,0.00025,0.0200014412403107
5703,30,0.00025,0.0222516637295485
5704,30,0.00025,0.0180562008172274
5705,30,0.00025,0.0260436683893204
5706,30,0.00025,0.018569378182292
5707,30,0.00025,0.0214574504643679
5708,30,0.00025,0.0164694879204035
5709,30,0.00025,0.0190072003751993
5710,30,0.00025,0.0211860816925764
5711,30,0.00025,0.0189488213509321
5712,30,0.00025,0.0188647285103798
5713,30,0.00025,0.0192705821245909
5714,30,0.00025,0.01875957287848
5715,30,0.00025,0.0173945445567369
5716,30,0.00025,0.0275961272418499
5717,30,0.00025,0.0159969422966242
5718,30,0.00025,0.0194362606853247
5719,30,0.00025,0.0227121412754059
5720,30,0.00025,0.0171207394450903
5721,30,0.00025,0.0252594519406557
5722,30,0.00025,0.0214532800018787
5723,30,0.00025,0.0189817231148481
5724,30,0.00025,0.021391348913312
5725,30,0.00025,0.0232598520815372
5726,30,0.00025,0.0279483571648598
5727,30,0.00025,0.0273382365703583
5728,30,0.00025,0.0275030750781298
5729,30,0.00025,0.0194003935903311
5730,30,0.00025,0.0174850933253765
5731,30,0.00025,0.0216266047209501
5732,30,0.00025,0.0219020992517471
5733,30,0.00025,0.0222841016948223
5734,30,0.00025,0.0226705148816109
5735,30,0.00025,0.0226340480148792
5736,30,0.00025,0.0215704441070557
5737,30,0.00025,0.0241577252745628
5738,30,0.00025,0.0166367944329977
5739,30,0.00025,0.0249534733593464
5740,30,0.00025,0.0267518162727356
5741,30,0.00025,0.0208781566470861
5742,30,0.00025,0.0227878801524639
5743,30,0.00025,0.0256640650331974
5744,30,0.00025,0.0169802568852901
5745,30,0.00025,0.0217459164559841
5746,30,0.00025,0.0211623348295689
5747,30,0.00025,0.0237081330269575
5748,30,0.00025,0.0260832235217094
5749,30,0.00025,0.0211083777248859
5750,30,0.00025,0.0189214050769806
5751,30,0.00025,0.0220793765038252
5752,30,0.00025,0.0242871455848217
5753,30,0.00025,0.0177470091730356
5754,30,0.00025,0.0216126330196857
5755,30,0.00025,0.0243070088326931
5756,30,0.00025,0.0222234018146992
5757,30,0.00025,0.0239433590322733
5758,30,0.00025,0.0188103020191193
5759,30,0.00025,0.0232009943574667
5760,30,0.00025,0.016154894605279
5761,30,0.00025,0.022492527961731
5762,30,0.00025,0.0184812601655722
5763,30,0.00025,0.021921893581748
5764,30,0.00025,0.0204274002462626
5765,30,0.00025,0.0212598852813244
5766,30,0.00025,0.0189334228634834
5767,30,0.00025,0.0204904284328222
5768,30,0.00025,0.0174432639032602
5769,30,0.00025,0.0242993198335171
5770,30,0.00025,0.0145075628533959
5771,30,0.00025,0.0174483507871628
5772,30,0.00025,0.0197886545211077
5773,30,0.00025,0.0191564187407494
5774,30,0.00025,0.0214117765426636
5775,30,0.00025,0.0223039090633392
5776,30,0.00025,0.0217678751796484
5777,30,0.00025,0.0182000137865543
5778,30,0.00025,0.0193352811038494
5779,30,0.00025,0.0189703311771154
5780,30,0.00025,0.0280037485063076
5781,30,0.00025,0.0221551191061735
5782,30,0.00025,0.0178471710532904
5783,30,0.00025,0.0258119329810143
5784,30,0.00025,0.0210320744663477
5785,30,0.00025,0.0221910607069731
5786,30,0.00025,0.0221498385071754
5787,30,0.00025,0.0213867947459221
5788,30,0.00025,0.0195626746863127
5789,30,0.00025,0.024713771417737
5790,30,0.00025,0.023254033178091
5791,30,0.00025,0.0223855786025524
5792,30,0.00025,0.0180548466742039
5793,30,0.00025,0.0196622218936682
5794,30,0.00025,0.0194432009011507
5795,30,0.00025,0.0176476445049047
5796,30,0.00025,0.0265717189759016
5797,30,0.00025,0.0165929086506367
5798,30,0.00025,0.0176061745733023
5799,30,0.00025,0.0206406153738499
5800,30,0.00025,0.0182369202375412
5801,30,0.00025,0.0175134371966124
5802,30,0.00025,0.0284586362540722
5803,30,0.00025,0.0185095686465502
5804,30,0.00025,0.0179707240313292
5805,30,0.00025,0.0155000649392605
5806,30,0.00025,0.0170707162469625
5807,30,0.00025,0.0229317024350166
5808,30,0.00025,0.0175580680370331
5809,30,0.00025,0.024067759513855
5810,30,0.00025,0.0302885510027409
5811,30,0.00025,0.0179969351738691
5812,30,0.00025,0.0184687208384275
5813,30,0.00025,0.025866424664855
5814,30,0.00025,0.0222183410078287
5815,30,0.00025,0.0252749435603619
5816,30,0.00025,0.0214802473783493
5817,30,0.00025,0.0217144526541233
5818,30,0.00025,0.0193300619721413
5819,30,0.00025,0.0202664341777563
5820,30,0.00025,0.019481785595417
5821,31,0.00025,0.0200046561658382
5822,31,0.00025,0.0228842701762915
5823,31,0.00025,0.0228493101894855
5824,31,0.00025,0.0180643908679485
5825,31,0.00025,0.021793857216835
5826,31,0.00025,0.017986448481679
5827,31,0.00025,0.0180183798074722
5828,31,0.00025,0.0142438150942326
5829,31,0.00025,0.0165858455002308
5830,31,0.00025,0.0168584957718849
5831,31,0.00025,0.0190558228641748
5832,31,0.00025,0.0150723531842232
5833,31,0.00025,0.0205335281789303
5834,31,0.00025,0.0213821865618229
5835,31,0.00025,0.0178886875510216
5836,31,0.00025,0.0170184634625912
5837,31,0.00025,0.016174940392375
5838,31,0.00025,0.031196216121316
5839,31,0.00025,0.0221816133707762
5840,31,0.00025,0.0234438460320234
5841,31,0.00025,0.0217285584658384
5842,31,0.00025,0.022556995972991
5843,31,0.00025,0.0217335913330317
5844,31,0.00025,0.0234545692801476
5845,31,0.00025,0.019483907148242
5846,31,0.00025,0.0228810980916023
5847,31,0.00025,0.0200917851179838
5848,31,0.00025,0.0241598151624203
5849,31,0.00025,0.0177704207599163
5850,31,0.00025,0.0223407186567783
5851,31,0.00025,0.0142646431922913
5852,31,0.00025,0.0212562307715416
5853,31,0.00025,0.0207480378448963
5854,31,0.00025,0.0256107784807682
5855,31,0.00025,0.0257235430181026
5856,31,0.00025,0.0214856564998627
5857,31,0.00025,0.0156169179826975
5858,31,0.00025,0.0183915365487337
5859,31,0.00025,0.0142885064706206
5860,31,0.00025,0.0171684361994267
5861,31,0.00025,0.0219701901078224
5862,31,0.00025,0.0191101599484682
5863,31,0.00025,0.0258442237973213
5864,31,0.00025,0.0142395868897438
5865,31,0.00025,0.0213949866592884
5866,31,0.00025,0.0257366858422756
5867,31,0.00025,0.0197148080915213
5868,31,0.00025,0.014231757260859
5869,31,0.00025,0.0235672146081924
5870,31,0.00025,0.0181851331144571
5871,31,0.00025,0.019314656034112
5872,31,0.00025,0.0205536670982838
5873,31,0.00025,0.0206676032394171
5874,31,0.00025,0.0165824200958014
5875,31,0.00025,0.0192027650773525
5876,31,0.00025,0.0199178867042065
5877,31,0.00025,0.0157548431307077
5878,31,0.00025,0.019116098061204
5879,31,0.00025,0.0283684134483337
5880,31,0.00025,0.0213384609669447
5881,31,0.00025,0.0240164063870907
5882,31,0.00025,0.0197805743664503
5883,31,0.00025,0.0210221447050571
5884,31,0.00025,0.018435038626194
5885,31,0.00025,0.0198463890701532
5886,31,0.00025,0.0191146358847618
5887,31,0.00025,0.0172446873039007
5888,31,0.00025,0.0181632097810507
5889,31,0.00025,0.0166287180036306
5890,31,0.00025,0.0232567451894283
5891,31,0.00025,0.0174530036747456
5892,31,0.00025,0.0208689961582422
5893,31,0.00025,0.0168788600713015
5894,31,0.00025,0.0184171497821808
5895,31,0.00025,0.0194148700684309
5896,31,0.00025,0.0215484723448753
5897,31,0.00025,0.024468932300806
5898,31,0.00025,0.0197247657924891
5899,31,0.00025,0.0164646562188864
5900,31,0.00025,0.0183893889188766
5901,31,0.00025,0.019596628844738
5902,31,0.00025,0.0225376710295677
5903,31,0.00025,0.0192204583436251
5904,31,0.00025,0.018324114382267
5905,31,0.00025,0.0219397563487291
5906,31,0.00025,0.0192300174385309
5907,31,0.00025,0.0169519633054733
5908,31,0.00025,0.0256841704249382
5909,31,0.00025,0.0225350093096495
5910,31,0.00025,0.0212858282029629
5911,31,0.00025,0.0228062309324741
5912,31,0.00025,0.0243331175297499
5913,31,0.00025,0.0201689247041941
5914,31,0.00025,0.023733988404274
5915,31,0.00025,0.0190518368035555
5916,31,0.00025,0.0256147589534521
5917,31,0.00025,0.0210498906672001
5918,31,0.00025,0.0143725061789155
5919,31,0.00025,0.0220477655529976
5920,31,0.00025,0.0179046001285315
5921,31,0.00025,0.0212391261011362
5922,31,0.00025,0.0197956301271915
5923,31,0.00025,0.0227813739329576
5924,31,0.00025,0.0186366327106953
5925,31,0.00025,0.0231583788990974
5926,31,0.00025,0.0257809422910213
5927,31,0.00025,0.0253440830856562
5928,31,0.00025,0.0188358798623085
5929,31,0.00025,0.0210193898528814
5930,31,0.00025,0.0163765363395214
5931,31,0.00025,0.0239655300974846
5932,31,0.00025,0.0179401133209467
5933,31,0.00025,0.0214880667626858
5934,31,0.00025,0.0157525185495615
5935,31,0.00025,0.0189898125827312
5936,31,0.00025,0.0162035338580608
5937,31,0.00025,0.0190150998532772
5938,31,0.00025,0.0187369044870138
5939,31,0.00025,0.0189466811716557
5940,31,0.00025,0.0259807910770178
5941,31,0.00025,0.0220800172537565
5942,31,0.00025,0.0269781444221735
5943,31,0.00025,0.0246762856841087
5944,31,0.00025,0.0199221093207598
5945,31,0.00025,0.0221110619604588
5946,31,0.00025,0.0194335766136646
5947,31,0.00025,0.0167441572993994
5948,31,0.00025,0.0249327998608351
5949,31,0.00025,0.0192134287208319
5950,31,0.00025,0.0206866580992937
5951,31,0.00025,0.0152755538001657
5952,31,0.00025,0.0213286019861698
5953,31,0.00025,0.0204116813838482
5954,31,0.00025,0.0262649562209845
5955,31,0.00025,0.0205826759338379
5956,31,0.00025,0.025617778301239
5957,31,0.00025,0.022340988740325
5958,31,0.00025,0.0205352269113064
5959,31,0.00025,0.0176815968006849
5960,31,0.00025,0.0203329306095839
5961,31,0.00025,0.0189292505383492
5962,31,0.00025,0.0206488817930222
5963,31,0.00025,0.0187317039817572
5964,31,0.00025,0.0195251125842333
5965,31,0.00025,0.0235553234815598
5966,31,0.00025,0.0218887533992529
5967,31,0.00025,0.0197716616094112
5968,31,0.00025,0.0184405222535133
5969,31,0.00025,0.0287726055830717
5970,31,0.00025,0.0274909716099501
5971,31,0.00025,0.0321061201393604
5972,31,0.00025,0.0225140601396561
5973,31,0.00025,0.0257346797734499
5974,31,0.00025,0.0214392952620983
5975,31,0.00025,0.0249348040670156
5976,31,0.00025,0.0173707101494074
5977,31,0.00025,0.0184384137392044
5978,31,0.00025,0.0249868799000978
5979,31,0.00025,0.0294650439172983
5980,31,0.00025,0.0242419298738241
5981,31,0.00025,0.0202619154006243
5982,31,0.00025,0.023148437961936
5983,31,0.00025,0.0201401244848967
5984,31,0.00025,0.0205104164779186
5985,31,0.00025,0.0178364757448435
5986,31,0.00025,0.0204066950827837
5987,31,0.00025,0.0260666962713003
5988,31,0.00025,0.0190885402262211
5989,31,0.00025,0.0212780386209488
5990,31,0.00025,0.0173791013658047
5991,31,0.00025,0.027256291359663
5992,31,0.00025,0.027130514383316
5993,31,0.00025,0.0254376344382763
5994,31,0.00025,0.0252513121813536
5995,31,0.00025,0.0222565457224846
5996,31,0.00025,0.0211547054350376
5997,31,0.00025,0.0201106388121843
5998,31,0.00025,0.0187873207032681
5999,31,0.00025,0.0179946813732386
6000,31,0.00025,0.0237072352319956
6001,31,0.00025,0.0208909511566162
6002,31,0.00025,0.0259136706590652
6003,31,0.00025,0.0229957662522793
6004,31,0.00025,0.0222548060119152
6005,31,0.00025,0.0203111674636602
6006,31,0.00025,0.018250185996294
6007,31,0.00025,0.0214152671396732
6008,31,0.00025,0.0203354209661484
6009,31,0.00025,0.0210864264518023
6010,31,0.00025,0.0219502747058868
6011,31,0.00025,0.0216087717562914
6012,31,0.00025,0.0235956236720085
6013,31,0.00025,0.0176250487565994
6014,31,0.00025,0.0244650188833475
6015,32,0.00025,0.0212339647114277
6016,32,0.00025,0.0208498761057854
6017,32,0.00025,0.0243283417075872
6018,32,0.00025,0.0223871842026711
6019,32,0.00025,0.0175602845847607
6020,32,0.00025,0.0196794271469116
6021,32,0.00025,0.0205604117363691
6022,32,0.00025,0.0221653543412685
6023,32,0.00025,0.0172512736171484
6024,32,0.00025,0.0219520591199398
6025,32,0.00025,0.0199337471276522
6026,32,0.00025,0.0184685662388802
6027,32,0.00025,0.0155336605384946
6028,32,0.00025,0.0181278251111507
6029,32,0.00025,0.0245409421622753
6030,32,0.00025,0.0204117726534605
6031,32,0.00025,0.0203962177038193
6032,32,0.00025,0.0175336804240942
6033,32,0.00025,0.020930552855134
6034,32,0.00025,0.0156791228801012
6035,32,0.00025,0.0211641322821379
6036,32,0.00025,0.0173835903406143
6037,32,0.00025,0.0165600683540106
6038,32,0.00025,0.0240309424698353
6039,32,0.00025,0.0185629371553659
6040,32,0.00025,0.0211367849260569
6041,32,0.00025,0.0200122762471437
6042,32,0.00025,0.0195977985858917
6043,32,0.00025,0.0210654865950346
6044,32,0.00025,0.0202096719294786
6045,32,0.00025,0.0244883634150028
6046,32,0.00025,0.0218409020453691
6047,32,0.00025,0.0213299058377743
6048,32,0.00025,0.0217570066452026
6049,32,0.00025,0.0181460957974195
6050,32,0.00025,0.0178953185677528
6051,32,0.00025,0.0246887914836407
6052,32,0.00025,0.0205886941403151
6053,32,0.00025,0.0190199483186007
6054,32,0.00025,0.0309451576322317
6055,32,0.00025,0.016208479180932
6056,32,0.00025,0.0174459461122751
6057,32,0.00025,0.0237178597599268
6058,32,0.00025,0.0290560331195593
6059,32,0.00025,0.0190329365432262
6060,32,0.00025,0.0191804002970457
6061,32,0.00025,0.0222519785165787
6062,32,0.00025,0.0218884833157063
6063,32,0.00025,0.0173697732388973
6064,32,0.00025,0.024206792935729
6065,32,0.00025,0.0235658474266529
6066,32,0.00025,0.0201856344938278
6067,32,0.00025,0.0256898887455463
6068,32,0.00025,0.0235026702284813
6069,32,0.00025,0.020806435495615
6070,32,0.00025,0.0297857951372862
6071,32,0.00025,0.0174678415060043
6072,32,0.00025,0.0176822301000357
6073,32,0.00025,0.0197142250835896
6074,32,0.00025,0.0204878412187099
6075,32,0.00025,0.0205299854278564
6076,32,0.00025,0.0162789430469275
6077,32,0.00025,0.0247712507843971
6078,32,0.00025,0.0209882613271475
6079,32,0.00025,0.0197172109037638
6080,32,0.00025,0.0280062109231949
6081,32,0.00025,0.0220481101423502
6082,32,0.00025,0.0200127493590117
6083,32,0.00025,0.0206953044980764
6084,32,0.00025,0.0184408985078335
6085,32,0.00025,0.0238197166472673
6086,32,0.00025,0.01814841106534
6087,32,0.00025,0.0188364945352077
6088,32,0.00025,0.0195550434291363
6089,32,0.00025,0.0163483880460262
6090,32,0.00025,0.0217883177101612
6091,32,0.00025,0.0186399985104799
6092,32,0.00025,0.0191619545221329
6093,32,0.00025,0.0235299281775951
6094,32,0.00025,0.020101860165596
6095,32,0.00025,0.0252489652484655
6096,32,0.00025,0.0190595909953117
6097,32,0.00025,0.0196640975773335
6098,32,0.00025,0.0161862764507532
6099,32,0.00025,0.0204145573079586
6100,32,0.00025,0.0212194751948118
6101,32,0.00025,0.0155734838917851
6102,32,0.00025,0.0199154131114483
6103,32,0.00025,0.0200990997254848
6104,32,0.00025,0.0207257587462664
6105,32,0.00025,0.0237257871776819
6106,32,0.00025,0.0231837257742882
6107,32,0.00025,0.0225630160421133
6108,32,0.00025,0.0186734981834888
6109,32,0.00025,0.0297398939728737
6110,32,0.00025,0.0244554039090872
6111,32,0.00025,0.0218286085873842
6112,32,0.00025,0.0131313437595963
6113,32,0.00025,0.0239875037223101
6114,32,0.00025,0.0174051653593779
6115,32,0.00025,0.0179215744137764
6116,32,0.00025,0.0184239726513624
6117,32,0.00025,0.0221618711948395
6118,32,0.00025,0.0140052363276482
6119,32,0.00025,0.0174912381917238
6120,32,0.00025,0.0232557188719511
6121,32,0.00025,0.0178909823298454
6122,32,0.00025,0.0220103841274977
6123,32,0.00025,0.0212921742349863
6124,32,0.00025,0.0224793236702681
6125,32,0.00025,0.0290685631334782
6126,32,0.00025,0.0173198133707047
6127,32,0.00025,0.022546099498868
6128,32,0.00025,0.016336515545845
6129,32,0.00025,0.0207706168293953
6130,32,0.00025,0.0211380925029516
6131,32,0.00025,0.0263154171407223
6132,32,0.00025,0.0220119021832943
6133,32,0.00025,0.0228656549006701
6134,32,0.00025,0.0259622801095247
6135,32,0.00025,0.020618075504899
6136,32,0.00025,0.022024704143405
6137,32,0.00025,0.0204335767775774
6138,32,0.00025,0.0207170378416777
6139,32,0.00025,0.0189860295504332
6140,32,0.00025,0.0199949741363525
6141,32,0.00025,0.0190042499452829
6142,32,0.00025,0.0238534063100815
6143,32,0.00025,0.0215575415641069
6144,32,0.00025,0.0179415252059698
6145,32,0.00025,0.031196802854538
6146,32,0.00025,0.019023172557354
6147,32,0.00025,0.0163085777312517
6148,32,0.00025,0.0160104800015688
6149,32,0.00025,0.0224348735064268
6150,32,0.00025,0.0277911424636841
6151,32,0.00025,0.0230982434004545
6152,32,0.00025,0.0186145268380642
6153,32,0.00025,0.0156301409006119
6154,32,0.00025,0.0229178704321384
6155,32,0.00025,0.0192558355629444
6156,32,0.00025,0.0181938912719488
6157,32,0.00025,0.0151319978758693
6158,32,0.00025,0.0226593166589737
6159,32,0.00025,0.018684221431613
6160,32,0.00025,0.0230920538306236
6161,32,0.00025,0.0186008624732494
6162,32,0.00025,0.0211693029850721
6163,32,0.00025,0.0294778347015381
6164,32,0.00025,0.0228489357978106
6165,32,0.00025,0.0180315971374512
6166,32,0.00025,0.0159693844616413
6167,32,0.00025,0.0193966347724199
6168,32,0.00025,0.0170623138546944
6169,32,0.00025,0.023968368768692
6170,32,0.00025,0.0203606393188238
6171,32,0.00025,0.0169077944010496
6172,32,0.00025,0.022470885887742
6173,32,0.00025,0.0202008634805679
6174,32,0.00025,0.0214651506394148
6175,32,0.00025,0.0183804668486118
6176,32,0.00025,0.0192228294909
6177,32,0.00025,0.0240120347589254
6178,32,0.00025,0.0223106388002634
6179,32,0.00025,0.019645307213068
6180,32,0.00025,0.0262016151100397
6181,32,0.00025,0.0174588747322559
6182,32,0.00025,0.0213781837373972
6183,32,0.00025,0.0235172305256128
6184,32,0.00025,0.0171757694333792
6185,32,0.00025,0.0292771831154823
6186,32,0.00025,0.0198722518980503
6187,32,0.00025,0.0216547977179289
6188,32,0.00025,0.021172134205699
6189,32,0.00025,0.0173874814063311
6190,32,0.00025,0.0245154369622469
6191,32,0.00025,0.019339120015502
6192,32,0.00025,0.0199530553072691
6193,32,0.00025,0.028612406924367
6194,32,0.00025,0.0156600195914507
6195,32,0.00025,0.0215603709220886
6196,32,0.00025,0.0232283435761929
6197,32,0.00025,0.0222737584263086
6198,32,0.00025,0.0181255657225847
6199,32,0.00025,0.0165681447833776
6200,32,0.00025,0.0264671929180622
6201,32,0.00025,0.0264868345111609
6202,32,0.00025,0.01845807954669
6203,32,0.00025,0.0213517118245363
6204,32,0.00025,0.0149037409573793
6205,32,0.00025,0.0158390663564205
6206,32,0.00025,0.0172503888607025
6207,32,0.00025,0.0183241162449121
6208,32,0.00025,0.0216688178479671
6209,33,0.00025,0.0228275116533041
6210,33,0.00025,0.0177726410329342
6211,33,0.00025,0.0265499725937843
6212,33,0.00025,0.0186939090490341
6213,33,0.00025,0.0244630705565214
6214,33,0.00025,0.0203103367239237
6215,33,0.00025,0.0228096675127745
6216,33,0.00025,0.0246901605278254
6217,33,0.00025,0.0193459037691355
6218,33,0.00025,0.0179299972951412
6219,33,0.00025,0.0226216614246368
6220,33,0.00025,0.0258663222193718
6221,33,0.00025,0.0233064200729132
6222,33,0.00025,0.0215161480009556
6223,33,0.00025,0.0247053094208241
6224,33,0.00025,0.0229226350784302
6225,33,0.00025,0.022352198138833
6226,33,0.00025,0.0183570552617311
6227,33,0.00025,0.0235364809632301
6228,33,0.00025,0.0220899526029825
6229,33,0.00025,0.0177257601171732
6230,33,0.00025,0.0205036345869303
6231,33,0.00025,0.0192237924784422
6232,33,0.00025,0.0239008888602257
6233,33,0.00025,0.019921075552702
6234,33,0.00025,0.0206365529447794
6235,33,0.00025,0.0165660679340363
6236,33,0.00025,0.0158111453056335
6237,33,0.00025,0.0213717110455036
6238,33,0.00025,0.0170630980283022
6239,33,0.00025,0.0160784721374512
6240,33,0.00025,0.0164583530277014
6241,33,0.00025,0.022065132856369
6242,33,0.00025,0.0305595453828573
6243,33,0.00025,0.0191737916320562
6244,33,0.00025,0.0222871247678995
6245,33,0.00025,0.0128037575632334
6246,33,0.00025,0.0173281077295542
6247,33,0.00025,0.0202954821288586
6248,33,0.00025,0.0244899801909924
6249,33,0.00025,0.0278262067586184
6250,33,0.00025,0.018248051404953
6251,33,0.00025,0.017303179949522
6252,33,0.00025,0.0251874625682831
6253,33,0.00025,0.0219565145671368
6254,33,0.00025,0.0170425623655319
6255,33,0.00025,0.0191848427057266
6256,33,0.00025,0.019904799759388
6257,33,0.00025,0.0231253486126661
6258,33,0.00025,0.0185015294700861
6259,33,0.00025,0.0154335051774979
6260,33,0.00025,0.0191526301205158
6261,33,0.00025,0.0180782452225685
6262,33,0.00025,0.0197690837085247
6263,33,0.00025,0.0258031394332647
6264,33,0.00025,0.0212163664400578
6265,33,0.00025,0.0174915362149477
6266,33,0.00025,0.0200296863913536
6267,33,0.00025,0.0205150973051786
6268,33,0.00025,0.0221418049186468
6269,33,0.00025,0.020701639354229
6270,33,0.00025,0.0230978950858116
6271,33,0.00025,0.0204939935356379
6272,33,0.00025,0.0197742749005556
6273,33,0.00025,0.0175544675439596
6274,33,0.00025,0.0207202713936567
6275,33,0.00025,0.0164925083518028
6276,33,0.00025,0.0233120545744896
6277,33,0.00025,0.0196900404989719
6278,33,0.00025,0.0191760715097189
6279,33,0.00025,0.0247034728527069
6280,33,0.00025,0.0157596841454506
6281,33,0.00025,0.0179927814751863
6282,33,0.00025,0.0177186653017998
6283,33,0.00025,0.0235351491719484
6284,33,0.00025,0.0234201736748219
6285,33,0.00025,0.021129397675395
6286,33,0.00025,0.0319355055689812
6287,33,0.00025,0.0163208283483982
6288,33,0.00025,0.0235083997249603
6289,33,0.00025,0.0167286470532417
6290,33,0.00025,0.0173303876072168
6291,33,0.00025,0.0189514718949795
6292,33,0.00025,0.0186027735471725
6293,33,0.00025,0.0163076873868704
6294,33,0.00025,0.0204827673733234
6295,33,0.00025,0.0209214799106121
6296,33,0.00025,0.025080606341362
6297,33,0.00025,0.0187692083418369
6298,33,0.00025,0.015675550326705
6299,33,0.00025,0.0204789564013481
6300,33,0.00025,0.0148457605391741
6301,33,0.00025,0.0152538130059838
6302,33,0.00025,0.018703943118453
6303,33,0.00025,0.0222587306052446
6304,33,0.00025,0.0255563128739595
6305,33,0.00025,0.0236980058252811
6306,33,0.00025,0.0258235353976488
6307,33,0.00025,0.0206767674535513
6308,33,0.00025,0.0180330704897642
6309,33,0.00025,0.0212247036397457
6310,33,0.00025,0.0242987051606178
6311,33,0.00025,0.0167821180075407
6312,33,0.00025,0.0261912196874619
6313,33,0.00025,0.0226080100983381
6314,33,0.00025,0.0168197713792324
6315,33,0.00025,0.016778651624918
6316,33,0.00025,0.0160426143556833
6317,33,0.00025,0.0254749245941639
6318,33,0.00025,0.0216088630259037
6319,33,0.00025,0.0210151728242636
6320,33,0.00025,0.0180341061204672
6321,33,0.00025,0.0220601763576269
6322,33,0.00025,0.0202735848724842
6323,33,0.00025,0.0230453889816999
6324,33,0.00025,0.0174345672130585
6325,33,0.00025,0.0194073505699635
6326,33,0.00025,0.0230207517743111
6327,33,0.00025,0.0223309230059385
6328,33,0.00025,0.0174361132085323
6329,33,0.00025,0.0169788133352995
6330,33,0.00025,0.0193227306008339
6331,33,0.00025,0.0231298450380564
6332,33,0.00025,0.0154042551293969
6333,33,0.00025,0.0215160194784403
6334,33,0.00025,0.0156972650438547
6335,33,0.00025,0.0249868389219046
6336,33,0.00025,0.0185935664921999
6337,33,0.00025,0.0171258375048637
6338,33,0.00025,0.0210951808840036
6339,33,0.00025,0.0328056775033474
6340,33,0.00025,0.0220912992954254
6341,33,0.00025,0.0209864545613527
6342,33,0.00025,0.0191677063703537
6343,33,0.00025,0.0255037862807512
6344,33,0.00025,0.0233319606631994
6345,33,0.00025,0.0228179544210434
6346,33,0.00025,0.0196710769087076
6347,33,0.00025,0.0192041490226984
6348,33,0.00025,0.0212525073438883
6349,33,0.00025,0.0177831314504147
6350,33,0.00025,0.0181293338537216
6351,33,0.00025,0.0169476326555014
6352,33,0.00025,0.0137514173984528
6353,33,0.00025,0.0199680551886559
6354,33,0.00025,0.0249734185636044
6355,33,0.00025,0.019137017428875
6356,33,0.00025,0.024482499808073
6357,33,0.00025,0.0253089088946581
6358,33,0.00025,0.0256909411400557
6359,33,0.00025,0.0193342417478561
6360,33,0.00025,0.014138544909656
6361,33,0.00025,0.0248018801212311
6362,33,0.00025,0.01953468285501
6363,33,0.00025,0.0184205155819654
6364,33,0.00025,0.024754835292697
6365,33,0.00025,0.0212260987609625
6366,33,0.00025,0.0294160004705191
6367,33,0.00025,0.020258653908968
6368,33,0.00025,0.0250075776129961
6369,33,0.00025,0.0235358271747828
6370,33,0.00025,0.0204514656215906
6371,33,0.00025,0.0188027340918779
6372,33,0.00025,0.0233808290213346
6373,33,0.00025,0.0249599404633045
6374,33,0.00025,0.023480636999011
6375,33,0.00025,0.0183073151856661
6376,33,0.00025,0.0142959607765079
6377,33,0.00025,0.020427854731679
6378,33,0.00025,0.0225291270762682
6379,33,0.00025,0.0200107544660568
6380,33,0.00025,0.0199069920927286
6381,33,0.00025,0.0251969546079636
6382,33,0.00025,0.0223929770290852
6383,33,0.00025,0.0310394559055567
6384,33,0.00025,0.0187061559408903
6385,33,0.00025,0.0220942888408899
6386,33,0.00025,0.017836507409811
6387,33,0.00025,0.0151780042797327
6388,33,0.00025,0.0187324173748493
6389,33,0.00025,0.0217540003359318
6390,33,0.00025,0.0206085648387671
6391,33,0.00025,0.0226544719189405
6392,33,0.00025,0.0162231829017401
6393,33,0.00025,0.0157674979418516
6394,33,0.00025,0.0218551326543093
6395,33,0.00025,0.0226255003362894
6396,33,0.00025,0.0135725252330303
6397,33,0.00025,0.020113792270422
6398,33,0.00025,0.0252651106566191
6399,33,0.00025,0.0329269245266914
6400,33,0.00025,0.024023013189435
6401,33,0.00025,0.0219402946531773
6402,33,0.00025,0.0243082623928785
6403,34,0.00025,0.0179371237754822
6404,34,0.00025,0.0285956189036369
6405,34,0.00025,0.0184946320950985
6406,34,0.00025,0.0228428952395916
6407,34,0.00025,0.0230284836143255
6408,34,0.00025,0.023459630087018
6409,34,0.00025,0.0176923759281635
6410,34,0.00025,0.023308914154768
6411,34,0.00025,0.0223867520689964
6412,34,0.00025,0.0188867207616568
6413,34,0.00025,0.0168956965208054
6414,34,0.00025,0.0174716524779797
6415,34,0.00025,0.0215798038989305
6416,34,0.00025,0.0192860867828131
6417,34,0.00025,0.0244856793433428
6418,34,0.00025,0.0224929321557283
6419,34,0.00025,0.018627492710948
6420,34,0.00025,0.0199894402176142
6421,34,0.00025,0.0241268537938595
6422,34,0.00025,0.0205773580819368
6423,34,0.00025,0.0213966220617294
6424,34,0.00025,0.0157287772744894
6425,34,0.00025,0.0182675011456013
6426,34,0.00025,0.0222008619457483
6427,34,0.00025,0.0212070364505053
6428,34,0.00025,0.0217323210090399
6429,34,0.00025,0.0223400499671698
6430,34,0.00025,0.0194850116968155
6431,34,0.00025,0.0160594284534454
6432,34,0.00025,0.0188278313726187
6433,34,0.00025,0.0206135325133801
6434,34,0.00025,0.0252386275678873
6435,34,0.00025,0.018502626568079
6436,34,0.00025,0.0208163224160671
6437,34,0.00025,0.0224568080157042
6438,34,0.00025,0.0219534859061241
6439,34,0.00025,0.0247056446969509
6440,34,0.00025,0.0233818609267473
6441,34,0.00025,0.0199659876525402
6442,34,0.00025,0.0210051443427801
6443,34,0.00025,0.0257248766720295
6444,34,0.00025,0.019516734406352
6445,34,0.00025,0.0225226040929556
6446,34,0.00025,0.0172220598906279
6447,34,0.00025,0.0242700632661581
6448,34,0.00025,0.017405241727829
6449,34,0.00025,0.0250843968242407
6450,34,0.00025,0.0256707761436701
6451,34,0.00025,0.0245161801576614
6452,34,0.00025,0.0203972496092319
6453,34,0.00025,0.0191160589456558
6454,34,0.00025,0.0188063215464354
6455,34,0.00025,0.0320122949779034
6456,34,0.00025,0.0264823250472546
6457,34,0.00025,0.0163681786507368
6458,34,0.00025,0.0211119651794434
6459,34,0.00025,0.0168679878115654
6460,34,0.00025,0.0223539732396603
6461,34,0.00025,0.0213403087109327
6462,34,0.00025,0.013950215652585
6463,34,0.00025,0.0223892610520124
6464,34,0.00025,0.0187477581202984
6465,34,0.00025,0.0174689833074808
6466,34,0.00025,0.0163865722715855
6467,34,0.00025,0.016797736287117
6468,34,0.00025,0.0229001641273499
6469,34,0.00025,0.0259980019181967
6470,34,0.00025,0.023518331348896
6471,34,0.00025,0.0242269244045019
6472,34,0.00025,0.02438142336905
6473,34,0.00025,0.023715952411294
6474,34,0.00025,0.0235701985657215
6475,34,0.00025,0.0209378823637962
6476,34,0.00025,0.0226251780986786
6477,34,0.00025,0.0211923159658909
6478,34,0.00025,0.0162607580423355
6479,34,0.00025,0.0227766539901495
6480,34,0.00025,0.0218500159680843
6481,34,0.00025,0.0184974931180477
6482,34,0.00025,0.0196377988904715
6483,34,0.00025,0.0190456286072731
6484,34,0.00025,0.0201282799243927
6485,34,0.00025,0.0168438386172056
6486,34,0.00025,0.0183709021657705
6487,34,0.00025,0.0202383045107126
6488,34,0.00025,0.0253844112157822
6489,34,0.00025,0.0218830239027739
6490,34,0.00025,0.0226994957774878
6491,34,0.00025,0.0203797202557325
6492,34,0.00025,0.0172076523303986
6493,34,0.00025,0.0176345463842154
6494,34,0.00025,0.02128005027771
6495,34,0.00025,0.0232855230569839
6496,34,0.00025,0.0219996366649866
6497,34,0.00025,0.016289696097374
6498,34,0.00025,0.0158679485321045
6499,34,0.00025,0.0233425833284855
6500,34,0.00025,0.0142462896183133
6501,34,0.00025,0.0265469811856747
6502,34,0.00025,0.0169656071811914
6503,34,0.00025,0.0193095169961452
6504,34,0.00025,0.0213789194822311
6505,34,0.00025,0.0213130153715611
6506,34,0.00025,0.0152876190841198
6507,34,0.00025,0.0165604371577501
6508,34,0.00025,0.0183958504348993
6509,34,0.00025,0.0220424719154835
6510,34,0.00025,0.0157960001379251
6511,34,0.00025,0.0248979534953833
6512,34,0.00025,0.0231531038880348
6513,34,0.00025,0.0229495130479336
6514,34,0.00025,0.0216536559164524
6515,34,0.00025,0.0175637286156416
6516,34,0.00025,0.0228354725986719
6517,34,0.00025,0.0210976433008909
6518,34,0.00025,0.0217877849936485
6519,34,0.00025,0.0223679598420858
6520,34,0.00025,0.0157059319317341
6521,34,0.00025,0.0192276425659657
6522,34,0.00025,0.0220624264329672
6523,34,0.00025,0.0214501209557056
6524,34,0.00025,0.0166260041296482
6525,34,0.00025,0.0144057897850871
6526,34,0.00025,0.0225876774638891
6527,34,0.00025,0.0175454933196306
6528,34,0.00025,0.0157624650746584
6529,34,0.00025,0.0253942180424929
6530,34,0.00025,0.0241435058414936
6531,34,0.00025,0.014727633446455
6532,34,0.00025,0.0191415883600712
6533,34,0.00025,0.0217797085642815
6534,34,0.00025,0.0273666959255934
6535,34,0.00025,0.0206528194248676
6536,34,0.00025,0.0194259323179722
6537,34,0.00025,0.025449438020587
6538,34,0.00025,0.0246364995837212
6539,34,0.00025,0.0235801413655281
6540,34,0.00025,0.0235128961503506
6541,34,0.00025,0.0202920082956553
6542,34,0.00025,0.0220853686332703
6543,34,0.00025,0.0205209497362375
6544,34,0.00025,0.0150303114205599
6545,34,0.00025,0.0201480370014906
6546,34,0.00025,0.016815971583128
6547,34,0.00025,0.0275558196008205
6548,34,0.00025,0.0177155882120132
6549,34,0.00025,0.0237422045320272
6550,34,0.00025,0.0192537643015385
6551,34,0.00025,0.0205021854490042
6552,34,0.00025,0.0185182262212038
6553,34,0.00025,0.0220197979360819
6554,34,0.00025,0.0170402675867081
6555,34,0.00025,0.0200153216719627
6556,34,0.00025,0.0215802788734436
6557,34,0.00025,0.01788997836411
6558,34,0.00025,0.0203280672430992
6559,34,0.00025,0.0171265713870525
6560,34,0.00025,0.0199831128120422
6561,34,0.00025,0.0198185387998819
6562,34,0.00025,0.0215102434158325
6563,34,0.00025,0.0197803657501936
6564,34,0.00025,0.0208108108490705
6565,34,0.00025,0.0215421319007874
6566,34,0.00025,0.0221935100853443
6567,34,0.00025,0.0210033543407917
6568,34,0.00025,0.0185035951435566
6569,34,0.00025,0.0180626846849918
6570,34,0.00025,0.0247986987233162
6571,34,0.00025,0.0215912237763405
6572,34,0.00025,0.0190157145261765
6573,34,0.00025,0.0249163582921028
6574,34,0.00025,0.0226083658635616
6575,34,0.00025,0.017084626480937
6576,34,0.00025,0.0220289323478937
6577,34,0.00025,0.0189240537583828
6578,34,0.00025,0.0177616681903601
6579,34,0.00025,0.0190895814448595
6580,34,0.00025,0.0194805320352316
6581,34,0.00025,0.0183932166546583
6582,34,0.00025,0.0210249461233616
6583,34,0.00025,0.0221980661153793
6584,34,0.00025,0.0215177051723003
6585,34,0.00025,0.0159715786576271
6586,34,0.00025,0.0174064375460148
6587,34,0.00025,0.0276253744959831
6588,34,0.00025,0.0182945933192968
6589,34,0.00025,0.0265252385288477
6590,34,0.00025,0.0207110233604908
6591,34,0.00025,0.0271439086645842
6592,34,0.00025,0.0184999462217093
6593,34,0.00025,0.0178727824240923
6594,34,0.00025,0.0172677487134933
6595,34,0.00025,0.0213323943316936
6596,34,0.00025,0.0209075640887022
6597,35,0.00025,0.0172525532543659
6598,35,0.00025,0.0224244631826878
6599,35,0.00025,0.0150587689131498
6600,35,0.00025,0.0183342937380075
6601,35,0.00025,0.0189337301999331
6602,35,0.00025,0.026013633236289
6603,35,0.00025,0.0162809994071722
6604,35,0.00025,0.0199758000671864
6605,35,0.00025,0.0186509061604738
6606,35,0.00025,0.0205087121576071
6607,35,0.00025,0.0238809008151293
6608,35,0.00025,0.024982238188386
6609,35,0.00025,0.0163459256291389
6610,35,0.00025,0.0234344005584717
6611,35,0.00025,0.0200845692306757
6612,35,0.00025,0.0208526141941547
6613,35,0.00025,0.0167207736521959
6614,35,0.00025,0.0194687638431787
6615,35,0.00025,0.0267611239105463
6616,35,0.00025,0.0162398740649223
6617,35,0.00025,0.0187739990651608
6618,35,0.00025,0.0144536085426807
6619,35,0.00025,0.0213958434760571
6620,35,0.00025,0.0225273203104734
6621,35,0.00025,0.0213091559708118
6622,35,0.00025,0.0166204962879419
6623,35,0.00025,0.0175657290965319
6624,35,0.00025,0.0171283092349768
6625,35,0.00025,0.0230724364519119
6626,35,0.00025,0.0195241253823042
6627,35,0.00025,0.0208875387907028
6628,35,0.00025,0.0169396493583918
6629,35,0.00025,0.0187834445387125
6630,35,0.00025,0.0192460939288139
6631,35,0.00025,0.0240081381052732
6632,35,0.00025,0.0222646817564964
6633,35,0.00025,0.0163129959255457
6634,35,0.00025,0.0205611288547516
6635,35,0.00025,0.0204121880233288
6636,35,0.00025,0.0223309453576803
6637,35,0.00025,0.0203559398651123
6638,35,0.00025,0.0239850115031004
6639,35,0.00025,0.0198293961584568
6640,35,0.00025,0.0261823013424873
6641,35,0.00025,0.0180078968405724
6642,35,0.00025,0.0182033888995647
6643,35,0.00025,0.0192996971309185
6644,35,0.00025,0.0276758316904306
6645,35,0.00025,0.0198245588690042
6646,35,0.00025,0.0174771081656218
6647,35,0.00025,0.0240783542394638
6648,35,0.00025,0.0209138561040163
6649,35,0.00025,0.0189607292413712
6650,35,0.00025,0.0176905523985624
6651,35,0.00025,0.0201154500246048
6652,35,0.00025,0.0195037629455328
6653,35,0.00025,0.0253299307078123
6654,35,0.00025,0.0203256364911795
6655,35,0.00025,0.025954844430089
6656,35,0.00025,0.0182628389447927
6657,35,0.00025,0.021578386425972
6658,35,0.00025,0.0266087409108877
6659,35,0.00025,0.0153438644483685
6660,35,0.00025,0.0184836722910404
6661,35,0.00025,0.0211781747639179
6662,35,0.00025,0.0209615100175142
6663,35,0.00025,0.0229887180030346
6664,35,0.00025,0.014906938187778
6665,35,0.00025,0.0211562197655439
6666,35,0.00025,0.0247440878301859
6667,35,0.00025,0.0251877754926682
6668,35,0.00025,0.016005352139473
6669,35,0.00025,0.0207099672406912
6670,35,0.00025,0.0171184092760086
6671,35,0.00025,0.0198380872607231
6672,35,0.00025,0.0194747280329466
6673,35,0.00025,0.0182371251285076
6674,35,0.00025,0.0195971000939608
6675,35,0.00025,0.0250328723341227
6676,35,0.00025,0.017979497089982
6677,35,0.00025,0.0217626262456179
6678,35,0.00025,0.0183161664754152
6679,35,0.00025,0.0227247141301632
6680,35,0.00025,0.0151722906157374
6681,35,0.00025,0.0287258736789227
6682,35,0.00025,0.0256513543426991
6683,35,0.00025,0.0185604728758335
6684,35,0.00025,0.0217332076281309
6685,35,0.00025,0.0223407000303268
6686,35,0.00025,0.0231016930192709
6687,35,0.00025,0.0213682893663645
6688,35,0.00025,0.0252587236464024
6689,35,0.00025,0.0221483428031206
6690,35,0.00025,0.0157621633261442
6691,35,0.00025,0.0240646488964558
6692,35,0.00025,0.0152160404250026
6693,35,0.00025,0.0242105908691883
6694,35,0.00025,0.0197249725461006
6695,35,0.00025,0.0154806571081281
6696,35,0.00025,0.0236060079187155
6697,35,0.00025,0.0217172503471375
6698,35,0.00025,0.0226348601281643
6699,35,0.00025,0.0195707809180021
6700,35,0.00025,0.0184197518974543
6701,35,0.00025,0.020487679168582
6702,35,0.00025,0.020146656781435
6703,35,0.00025,0.0208751820027828
6704,35,0.00025,0.0180556084960699
6705,35,0.00025,0.0151691343635321
6706,35,0.00025,0.0248283334076405
6707,35,0.00025,0.0186976790428162
6708,35,0.00025,0.0200602877885103
6709,35,0.00025,0.0260813795030117
6710,35,0.00025,0.0193359851837158
6711,35,0.00025,0.0204087551683187
6712,35,0.00025,0.0286184214055538
6713,35,0.00025,0.0212086606770754
6714,35,0.00025,0.0237919837236404
6715,35,0.00025,0.0198620092123747
6716,35,0.00025,0.0227110218256712
6717,35,0.00025,0.027074471116066
6718,35,0.00025,0.023389121517539
6719,35,0.00025,0.0171797573566437
6720,35,0.00025,0.0158271268010139
6721,35,0.00025,0.0198698379099369
6722,35,0.00025,0.0179460793733597
6723,35,0.00025,0.0257201138883829
6724,35,0.00025,0.0253415927290916
6725,35,0.00025,0.0220064949244261
6726,35,0.00025,0.0229672156274319
6727,35,0.00025,0.022534416988492
6728,35,0.00025,0.0192593596875668
6729,35,0.00025,0.0261334665119648
6730,35,0.00025,0.021168801933527
6731,35,0.00025,0.0184857007116079
6732,35,0.00025,0.0252793282270432
6733,35,0.00025,0.0292886141687632
6734,35,0.00025,0.022367600351572
6735,35,0.00025,0.0194959547370672
6736,35,0.00025,0.0163553170859814
6737,35,0.00025,0.0191787406802177
6738,35,0.00025,0.0190801620483398
6739,35,0.00025,0.019275177270174
6740,35,0.00025,0.0184654574841261
6741,35,0.00025,0.0202010236680508
6742,35,0.00025,0.0199561063200235
6743,35,0.00025,0.0200341381132603
6744,35,0.00025,0.0170673150569201
6745,35,0.00025,0.0182025115936995
6746,35,0.00025,0.0191383976489305
6747,35,0.00025,0.0218914765864611
6748,35,0.00025,0.0216955151408911
6749,35,0.00025,0.0218362249433994
6750,35,0.00025,0.0233765505254269
6751,35,0.00025,0.0187646932899952
6752,35,0.00025,0.0190780851989985
6753,35,0.00025,0.0242137759923935
6754,35,0.00025,0.020779475569725
6755,35,0.00025,0.0229392312467098
6756,35,0.00025,0.017759894952178
6757,35,0.00025,0.0229576490819454
6758,35,0.00025,0.0183919928967953
6759,35,0.00025,0.0210829731076956
6760,35,0.00025,0.0174476988613605
6761,35,0.00025,0.0198480915278196
6762,35,0.00025,0.0271513648331165
6763,35,0.00025,0.0339302942156792
6764,35,0.00025,0.021228238940239
6765,35,0.00025,0.0288152229040861
6766,35,0.00025,0.0246498920023441
6767,35,0.00025,0.0167964100837708
6768,35,0.00025,0.016900947317481
6769,35,0.00025,0.0202847868204117
6770,35,0.00025,0.0227060802280903
6771,35,0.00025,0.0213445462286472
6772,35,0.00025,0.0202965643256903
6773,35,0.00025,0.0175541937351227
6774,35,0.00025,0.0171114075928926
6775,35,0.00025,0.0191183108836412
6776,35,0.00025,0.0195278972387314
6777,35,0.00025,0.0158953852951527
6778,35,0.00025,0.0208909474313259
6779,35,0.00025,0.0225769709795713
6780,35,0.00025,0.0193465482443571
6781,35,0.00025,0.0166754890233278
6782,35,0.00025,0.021224157884717
6783,35,0.00025,0.0164421647787094
6784,35,0.00025,0.0173689611256123
6785,35,0.00025,0.0312150474637747
6786,35,0.00025,0.0224350281059742
6787,35,0.00025,0.0192723963409662
6788,35,0.00025,0.0222527664154768
6789,35,0.00025,0.0214655995368958
6790,35,0.00025,0.0172981843352318
6791,36,0.00025,0.0221806205809116
6792,36,0.00025,0.0162513665854931
6793,36,0.00025,0.0185141749680042
6794,36,0.00025,0.0203791167587042
6795,36,0.00025,0.0191074591130018
6796,36,0.00025,0.0214397385716438
6797,36,0.00025,0.0198582429438829
6798,36,0.00025,0.0126745998859406
6799,36,0.00025,0.0194981079548597
6800,36,0.00025,0.0181938428431749
6801,36,0.00025,0.0195272788405418
6802,36,0.00025,0.0247898045927286
6803,36,0.00025,0.0217448230832815
6804,36,0.00025,0.0215198136866093
6805,36,0.00025,0.0293366927653551
6806,36,0.00025,0.0197088792920113
6807,36,0.00025,0.019428500905633
6808,36,0.00025,0.0194535683840513
6809,36,0.00025,0.0196831338107586
6810,36,0.00025,0.0221325606107712
6811,36,0.00025,0.0192732755094767
6812,36,0.00025,0.0214113853871822
6813,36,0.00025,0.0190336108207703
6814,36,0.00025,0.0217529628425837
6815,36,0.00025,0.020790746435523
6816,36,0.00025,0.014915301464498
6817,36,0.00025,0.0181345362216234
6818,36,0.00025,0.0178620535880327
6819,36,0.00025,0.0301009807735682
6820,36,0.00025,0.0244628880172968
6821,36,0.00025,0.0241553317755461
6822,36,0.00025,0.0204330235719681
6823,36,0.00025,0.016015350818634
6824,36,0.00025,0.0215087831020355
6825,36,0.00025,0.0138897122815251
6826,36,0.00025,0.0254451110959053
6827,36,0.00025,0.0192782245576382
6828,36,0.00025,0.0185703542083502
6829,36,0.00025,0.016905078664422
6830,36,0.00025,0.0116083975881338
6831,36,0.00025,0.0161162652075291
6832,36,0.00025,0.0229967348277569
6833,36,0.00025,0.0204817522317171
6834,36,0.00025,0.0161476153880358
6835,36,0.00025,0.018391165882349
6836,36,0.00025,0.0225282795727253
6837,36,0.00025,0.0183075033128262
6838,36,0.00025,0.0201539117842913
6839,36,0.00025,0.0181544031947851
6840,36,0.00025,0.0231239721179008
6841,36,0.00025,0.019512752071023
6842,36,0.00025,0.0177551917731762
6843,36,0.00025,0.0166055634617805
6844,36,0.00025,0.0195197686553001
6845,36,0.00025,0.0237434878945351
6846,36,0.00025,0.0263618119060993
6847,36,0.00025,0.0192816536873579
6848,36,0.00025,0.019158074632287
6849,36,0.00025,0.0254830252379179
6850,36,0.00025,0.0247243754565716
6851,36,0.00025,0.0186729058623314
6852,36,0.00025,0.0229450929909945
6853,36,0.00025,0.0233480297029018
6854,36,0.00025,0.0245955605059862
6855,36,0.00025,0.0241296160966158
6856,36,0.00025,0.0230538435280323
6857,36,0.00025,0.019763907417655
6858,36,0.00025,0.0190831292420626
6859,36,0.00025,0.0275294668972492
6860,36,0.00025,0.0220238082110882
6861,36,0.00025,0.0156743582338095
6862,36,0.00025,0.0219690296798944
6863,36,0.00025,0.0185743141919374
6864,36,0.00025,0.0220088977366686
6865,36,0.00025,0.019540261477232
6866,36,0.00025,0.0161574184894562
6867,36,0.00025,0.0192416999489069
6868,36,0.00025,0.0225523225963116
6869,36,0.00025,0.0191458109766245
6870,36,0.00025,0.0216909181326628
6871,36,0.00025,0.0198989138007164
6872,36,0.00025,0.0249381400644779
6873,36,0.00025,0.0207658652216196
6874,36,0.00025,0.0187627226114273
6875,36,0.00025,0.0176215637475252
6876,36,0.00025,0.0221645105630159
6877,36,0.00025,0.0263670291751623
6878,36,0.00025,0.0141431847587228
6879,36,0.00025,0.0238320156931877
6880,36,0.00025,0.0173937641084194
6881,36,0.00025,0.018156511709094
6882,36,0.00025,0.031465869396925
6883,36,0.00025,0.0191721767187119
6884,36,0.00025,0.0212894063442945
6885,36,0.00025,0.0247891265898943
6886,36,0.00025,0.0221405252814293
6887,36,0.00025,0.0234293602406979
6888,36,0.00025,0.0175965819507837
6889,36,0.00025,0.0200586207211018
6890,36,0.00025,0.0157703217118979
6891,36,0.00025,0.0228214841336012
6892,36,0.00025,0.0175843685865402
6893,36,0.00025,0.0159085839986801
6894,36,0.00025,0.0183745659887791
6895,36,0.00025,0.0245554037392139
6896,36,0.00025,0.0183194018900394
6897,36,0.00025,0.0230558197945356
6898,36,0.00025,0.0237487610429525
6899,36,0.00025,0.0183125771582127
6900,36,0.00025,0.0188782382756472
6901,36,0.00025,0.0129506178200245
6902,36,0.00025,0.0219993460923433
6903,36,0.00025,0.0148673476651311
6904,36,0.00025,0.0217811428010464
6905,36,0.00025,0.0207403134554625
6906,36,0.00025,0.0227892082184553
6907,36,0.00025,0.0242249146103859
6908,36,0.00025,0.0193911045789719
6909,36,0.00025,0.0180929321795702
6910,36,0.00025,0.0292695444077253
6911,36,0.00025,0.0289011653512716
6912,36,0.00025,0.0197922065854073
6913,36,0.00025,0.015620687045157
6914,36,0.00025,0.0171727035194635
6915,36,0.00025,0.0203367974609137
6916,36,0.00025,0.0166199170053005
6917,36,0.00025,0.0218401998281479
6918,36,0.00025,0.0159817542880774
6919,36,0.00025,0.0163935106247663
6920,36,0.00025,0.0226494781672955
6921,36,0.00025,0.0188559256494045
6922,36,0.00025,0.0191578213125467
6923,36,0.00025,0.0263625457882881
6924,36,0.00025,0.0159256663173437
6925,36,0.00025,0.0186150278896093
6926,36,0.00025,0.0183799602091312
6927,36,0.00025,0.0243155397474766
6928,36,0.00025,0.0226605348289013
6929,36,0.00025,0.0176089163869619
6930,36,0.00025,0.0246151965111494
6931,36,0.00025,0.0257624555379152
6932,36,0.00025,0.0218280255794525
6933,36,0.00025,0.0171563215553761
6934,36,0.00025,0.0227127484977245
6935,36,0.00025,0.0233912132680416
6936,36,0.00025,0.0186977237462997
6937,36,0.00025,0.0177690573036671
6938,36,0.00025,0.0241870246827602
6939,36,0.00025,0.0220401920378208
6940,36,0.00025,0.026853309944272
6941,36,0.00025,0.0222005620598793
6942,36,0.00025,0.0185520015656948
6943,36,0.00025,0.017877833917737
6944,36,0.00025,0.0217022001743317
6945,36,0.00025,0.0145867615938187
6946,36,0.00025,0.015918280929327
6947,36,0.00025,0.0154254427179694
6948,36,0.00025,0.0203300435096025
6949,36,0.00025,0.0212005581706762
6950,36,0.00025,0.0207779761403799
6951,36,0.00025,0.0199715048074722
6952,36,0.00025,0.018860787153244
6953,36,0.00025,0.020444318652153
6954,36,0.00025,0.0239913873374462
6955,36,0.00025,0.0278349071741104
6956,36,0.00025,0.0224681720137596
6957,36,0.00025,0.0184725672006607
6958,36,0.00025,0.0212582163512707
6959,36,0.00025,0.0202909484505653
6960,36,0.00025,0.0206466224044561
6961,36,0.00025,0.0218896251171827
6962,36,0.00025,0.0233146920800209
6963,36,0.00025,0.0179986860603094
6964,36,0.00025,0.0226165596395731
6965,36,0.00025,0.0177184473723173
6966,36,0.00025,0.0216334462165833
6967,36,0.00025,0.0190761499106884
6968,36,0.00025,0.0195037927478552
6969,36,0.00025,0.0268745440989733
6970,36,0.00025,0.0177779775112867
6971,36,0.00025,0.0234426446259022
6972,36,0.00025,0.0210258960723877
6973,36,0.00025,0.0203016102313995
6974,36,0.00025,0.0163191668689251
6975,36,0.00025,0.0256575085222721
6976,36,0.00025,0.0227697174996138
6977,36,0.00025,0.0242943335324526
6978,36,0.00025,0.0234122537076473
6979,36,0.00025,0.0231042988598347
6980,36,0.00025,0.0221721045672894
6981,36,0.00025,0.0182844549417496
6982,36,0.00025,0.0217144973576069
6983,36,0.00025,0.0219613574445248
6984,36,0.00025,0.0262060780078173
6985,37,0.00025,0.0264944043010473
6986,37,0.00025,0.0158002786338329
6987,37,0.00025,0.0197530742734671
6988,37,0.00025,0.0264363251626492
6989,37,0.00025,0.0168844200670719
6990,37,0.00025,0.0209518577903509
6991,37,0.00025,0.0158792287111282
6992,37,0.00025,0.0286927595734596
6993,37,0.00025,0.0177747253328562
6994,37,0.00025,0.0188048053532839
6995,37,0.00025,0.0249941423535347
6996,37,0.00025,0.0195962972939014
6997,37,0.00025,0.0198472030460835
6998,37,0.00025,0.0297211091965437
6999,37,0.00025,0.0182310976088047
7000,37,0.00025,0.0248611401766539
7001,37,0.00025,0.0148572502657771
7002,37,0.00025,0.0168555062264204
7003,37,0.00025,0.018213277682662
7004,37,0.00025,0.0200474765151739
7005,37,0.00025,0.0253821946680546
7006,37,0.00025,0.022530360147357
7007,37,0.00025,0.0247839745134115
7008,37,0.00025,0.0187236871570349
7009,37,0.00025,0.0229930467903614
7010,37,0.00025,0.0211226530373096
7011,37,0.00025,0.0220609605312347
7012,37,0.00025,0.0270403400063515
7013,37,0.00025,0.0203118845820427
7014,37,0.00025,0.0207756757736206
7015,37,0.00025,0.0185900013893843
7016,37,0.00025,0.0144806774333119
7017,37,0.00025,0.0211458932608366
7018,37,0.00025,0.0192105323076248
7019,37,0.00025,0.0217862240970135
7020,37,0.00025,0.0160285662859678
7021,37,0.00025,0.0178058911114931
7022,37,0.00025,0.0181962177157402
7023,37,0.00025,0.0238769818097353
7024,37,0.00025,0.0179995689541101
7025,37,0.00025,0.0191055480390787
7026,37,0.00025,0.0258155055344105
7027,37,0.00025,0.0160936396569014
7028,37,0.00025,0.0138309830799699
7029,37,0.00025,0.0155156431719661
7030,37,0.00025,0.021202590316534
7031,37,0.00025,0.0197720229625702
7032,37,0.00025,0.018998933956027
7033,37,0.00025,0.0256350804120302
7034,37,0.00025,0.0208533369004726
7035,37,0.00025,0.021959250792861
7036,37,0.00025,0.0205978378653526
7037,37,0.00025,0.0212595127522945
7038,37,0.00025,0.0193453691899776
7039,37,0.00025,0.0224018227308989
7040,37,0.00025,0.0253800805658102
7041,37,0.00025,0.0192029271274805
7042,37,0.00025,0.0207216218113899
7043,37,0.00025,0.0255041811615229
7044,37,0.00025,0.0253352355211973
7045,37,0.00025,0.0203585885465145
7046,37,0.00025,0.0268008448183537
7047,37,0.00025,0.0223805587738752
7048,37,0.00025,0.0246182307600975
7049,37,0.00025,0.0192663874477148
7050,37,0.00025,0.0187299586832523
7051,37,0.00025,0.0174505040049553
7052,37,0.00025,0.0162603966891766
7053,37,0.00025,0.0187466498464346
7054,37,0.00025,0.0208180956542492
7055,37,0.00025,0.0208387169986963
7056,37,0.00025,0.0241911467164755
7057,37,0.00025,0.0192533321678638
7058,37,0.00025,0.0240571331232786
7059,37,0.00025,0.0228187628090382
7060,37,0.00025,0.0233664270490408
7061,37,0.00025,0.0233783908188343
7062,37,0.00025,0.0177244301885366
7063,37,0.00025,0.0226071011275053
7064,37,0.00025,0.0161735825240612
7065,37,0.00025,0.0172509178519249
7066,37,0.00025,0.020018557086587
7067,37,0.00025,0.0220514293760061
7068,37,0.00025,0.0183400847017765
7069,37,0.00025,0.0272982846945524
7070,37,0.00025,0.0180144123733044
7071,37,0.00025,0.0192982833832502
7072,37,0.00025,0.0200584251433611
7073,37,0.00025,0.0170548632740974
7074,37,0.00025,0.0200085490942001
7075,37,0.00025,0.0226106736809015
7076,37,0.00025,0.021810682490468
7077,37,0.00025,0.0166607089340687
7078,37,0.00025,0.0172285344451666
7079,37,0.00025,0.020234726369381
7080,37,0.00025,0.0246988236904144
7081,37,0.00025,0.0183981154114008
7082,37,0.00025,0.0248217210173607
7083,37,0.00025,0.0189059227705002
7084,37,0.00025,0.0207971297204494
7085,37,0.00025,0.0226040296256542
7086,37,0.00025,0.0204162430018187
7087,37,0.00025,0.0189672168344259
7088,37,0.00025,0.0167468525469303
7089,37,0.00025,0.0157537087798119
7090,37,0.00025,0.0202406980097294
7091,37,0.00025,0.0171191990375519
7092,37,0.00025,0.0184668637812138
7093,37,0.00025,0.0221632942557335
7094,37,0.00025,0.0212653521448374
7095,37,0.00025,0.0195841304957867
7096,37,0.00025,0.0173175502568483
7097,37,0.00025,0.0174406729638577
7098,37,0.00025,0.01893568970263
7099,37,0.00025,0.0239371992647648
7100,37,0.00025,0.0188642051070929
7101,37,0.00025,0.0197725668549538
7102,37,0.00025,0.0191736873239279
7103,37,0.00025,0.0218356270343065
7104,37,0.00025,0.0223362632095814
7105,37,0.00025,0.0134584736078978
7106,37,0.00025,0.0209294818341732
7107,37,0.00025,0.0276465881615877
7108,37,0.00025,0.0229205898940563
7109,37,0.00025,0.0146104851737618
7110,37,0.00025,0.022075355052948
7111,37,0.00025,0.0164275243878365
7112,37,0.00025,0.0201477315276861
7113,37,0.00025,0.0200783517211676
7114,37,0.00025,0.0202873777598143
7115,37,0.00025,0.0222345776855946
7116,37,0.00025,0.0252158921211958
7117,37,0.00025,0.0197294484823942
7118,37,0.00025,0.0226116515696049
7119,37,0.00025,0.0203392934054136
7120,37,0.00025,0.0189111065119505
7121,37,0.00025,0.0218551531434059
7122,37,0.00025,0.0215765666216612
7123,37,0.00025,0.0207477547228336
7124,37,0.00025,0.0199462044984102
7125,37,0.00025,0.0250840280205011
7126,37,0.00025,0.0169326141476631
7127,37,0.00025,0.0217372328042984
7128,37,0.00025,0.0196755491197109
7129,37,0.00025,0.0179994143545628
7130,37,0.00025,0.0221479516476393
7131,37,0.00025,0.0178407207131386
7132,37,0.00025,0.0217519104480743
7133,37,0.00025,0.0167816821485758
7134,37,0.00025,0.0235439650714397
7135,37,0.00025,0.0215644221752882
7136,37,0.00025,0.0227209087461233
7137,37,0.00025,0.018206175416708
7138,37,0.00025,0.023001017048955
7139,37,0.00025,0.0210464186966419
7140,37,0.00025,0.0243061780929565
7141,37,0.00025,0.0131606562063098
7142,37,0.00025,0.0209017209708691
7143,37,0.00025,0.0248750261962414
7144,37,0.00025,0.0277611315250397
7145,37,0.00025,0.0212477091699839
7146,37,0.00025,0.0199539661407471
7147,37,0.00025,0.0221018269658089
7148,37,0.00025,0.0137765957042575
7149,37,0.00025,0.0144788548350334
7150,37,0.00025,0.0195951331406832
7151,37,0.00025,0.0168865062296391
7152,37,0.00025,0.0207779444754124
7153,37,0.00025,0.0193969421088696
7154,37,0.00025,0.0202641598880291
7155,37,0.00025,0.0222681015729904
7156,37,0.00025,0.025809433311224
7157,37,0.00025,0.0156837888062
7158,37,0.00025,0.0252553075551987
7159,37,0.00025,0.021503109484911
7160,37,0.00025,0.0222863163799047
7161,37,0.00025,0.0161547642201185
7162,37,0.00025,0.0162642225623131
7163,37,0.00025,0.0236387066543102
7164,37,0.00025,0.0207543782889843
7165,37,0.00025,0.0142183173447847
7166,37,0.00025,0.0175876338034868
7167,37,0.00025,0.0201251357793808
7168,37,0.00025,0.0231299977749586
7169,37,0.00025,0.023288881406188
7170,37,0.00025,0.0160081423819065
7171,37,0.00025,0.0202677007764578
7172,37,0.00025,0.0232866313308477
7173,37,0.00025,0.023215688765049
7174,37,0.00025,0.0245107877999544
7175,37,0.00025,0.0151887265965343
7176,37,0.00025,0.0281849317252636
7177,37,0.00025,0.013844127766788
7178,37,0.00025,0.0228211898356676
7179,38,0.00025,0.0182160120457411
7180,38,0.00025,0.0229781698435545
7181,38,0.00025,0.0183949079364538
7182,38,0.00025,0.0196212977170944
7183,38,0.00025,0.0240203961730003
7184,38,0.00025,0.0263256765902042
7185,38,0.00025,0.0187241248786449
7186,38,0.00025,0.0202014222741127
7187,38,0.00025,0.0222317632287741
7188,38,0.00025,0.0148468539118767
7189,38,0.00025,0.022320119664073
7190,38,0.00025,0.0198476072400808
7191,38,0.00025,0.019810413941741
7192,38,0.00025,0.0229160469025373
7193,38,0.00025,0.019669733941555
7194,38,0.00025,0.0241966024041176
7195,38,0.00025,0.0180746428668499
7196,38,0.00025,0.018255615606904
7197,38,0.00025,0.017101489007473
7198,38,0.00025,0.0168232806026936
7199,38,0.00025,0.0183946955949068
7200,38,0.00025,0.0226945523172617
7201,38,0.00025,0.018714377656579
7202,38,0.00025,0.0161029882729053
7203,38,0.00025,0.021090654656291
7204,38,0.00025,0.0179035533219576
7205,38,0.00025,0.0199098736047745
7206,38,0.00025,0.0188664775341749
7207,38,0.00025,0.0217578690499067
7208,38,0.00025,0.0163856968283653
7209,38,0.00025,0.0253686495125294
7210,38,0.00025,0.0241196062415838
7211,38,0.00025,0.0200528595596552
7212,38,0.00025,0.014226533472538
7213,38,0.00025,0.0240481495857239
7214,38,0.00025,0.023051330819726
7215,38,0.00025,0.0235655084252357
7216,38,0.00025,0.0184118188917637
7217,38,0.00025,0.0171503592282534
7218,38,0.00025,0.0197595804929733
7219,38,0.00025,0.0170063953846693
7220,38,0.00025,0.0215369258075953
7221,38,0.00025,0.0252203717827797
7222,38,0.00025,0.021879555657506
7223,38,0.00025,0.0177166871726513
7224,38,0.00025,0.0214619785547256
7225,38,0.00025,0.0218498986214399
7226,38,0.00025,0.017916277050972
7227,38,0.00025,0.0156335644423962
7228,38,0.00025,0.021172946318984
7229,38,0.00025,0.022287642583251
7230,38,0.00025,0.0204498656094074
7231,38,0.00025,0.0198661312460899
7232,38,0.00025,0.0186097323894501
7233,38,0.00025,0.0238511003553867
7234,38,0.00025,0.0232056248933077
7235,38,0.00025,0.0141377216205001
7236,38,0.00025,0.0196535307914019
7237,38,0.00025,0.020434970036149
7238,38,0.00025,0.0170069057494402
7239,38,0.00025,0.019410977140069
7240,38,0.00025,0.0167527049779892
7241,38,0.00025,0.0192017871886492
7242,38,0.00025,0.0185344330966473
7243,38,0.00025,0.0137769421562552
7244,38,0.00025,0.0232394766062498
7245,38,0.00025,0.0155261773616076
7246,38,0.00025,0.022890642285347
7247,38,0.00025,0.0209704861044884
7248,38,0.00025,0.0238877795636654
7249,38,0.00025,0.0182398967444897
7250,38,0.00025,0.0165340323001146
7251,38,0.00025,0.0213402602821589
7252,38,0.00025,0.0196985546499491
7253,38,0.00025,0.021544462069869
7254,38,0.00025,0.0213737580925226
7255,38,0.00025,0.0193091295659542
7256,38,0.00025,0.0224209874868393
7257,38,0.00025,0.0186955090612173
7258,38,0.00025,0.0166174471378326
7259,38,0.00025,0.0202532559633255
7260,38,0.00025,0.0180516056716442
7261,38,0.00025,0.0231267530471087
7262,38,0.00025,0.0248327124863863
7263,38,0.00025,0.0147220781072974
7264,38,0.00025,0.0180647782981396
7265,38,0.00025,0.0219699889421463
7266,38,0.00025,0.0188425276428461
7267,38,0.00025,0.019540399312973
7268,38,0.00025,0.0226929113268852
7269,38,0.00025,0.0207651387900114
7270,38,0.00025,0.0229751262813807
7271,38,0.00025,0.0218707732856274
7272,38,0.00025,0.0176878962665796
7273,38,0.00025,0.0234022699296474
7274,38,0.00025,0.0187630914151669
7275,38,0.00025,0.0207699984312057
7276,38,0.00025,0.02423445135355
7277,38,0.00025,0.0203398838639259
7278,38,0.00025,0.0233513209968805
7279,38,0.00025,0.0196672044694424
7280,38,0.00025,0.0200516227632761
7281,38,0.00025,0.0158960409462452
7282,38,0.00025,0.0256217047572136
7283,38,0.00025,0.0153011921793222
7284,38,0.00025,0.0147901205345988
7285,38,0.00025,0.018504910171032
7286,38,0.00025,0.0243053808808327
7287,38,0.00025,0.0228796489536762
7288,38,0.00025,0.0276918690651655
7289,38,0.00025,0.0152190383523703
7290,38,0.00025,0.0215115435421467
7291,38,0.00025,0.0201442614197731
7292,38,0.00025,0.020946066826582
7293,38,0.00025,0.0179913062602282
7294,38,0.00025,0.0259490441530943
7295,38,0.00025,0.0230384860187769
7296,38,0.00025,0.0213009957224131
7297,38,0.00025,0.0242728628218174
7298,38,0.00025,0.018887173384428
7299,38,0.00025,0.0239221639931202
7300,38,0.00025,0.0226751528680325
7301,38,0.00025,0.0198629777878523
7302,38,0.00025,0.0243297405540943
7303,38,0.00025,0.0213706810027361
7304,38,0.00025,0.0200587101280689
7305,38,0.00025,0.0243881866335869
7306,38,0.00025,0.0187334176152945
7307,38,0.00025,0.0202527604997158
7308,38,0.00025,0.0232900157570839
7309,38,0.00025,0.0238497667014599
7310,38,0.00025,0.0249309409409761
7311,38,0.00025,0.022858738899231
7312,38,0.00025,0.0246447678655386
7313,38,0.00025,0.024196095764637
7314,38,0.00025,0.0209646951407194
7315,38,0.00025,0.0167547315359116
7316,38,0.00025,0.0179938040673733
7317,38,0.00025,0.0213890969753265
7318,38,0.00025,0.0169906914234161
7319,38,0.00025,0.0202596914023161
7320,38,0.00025,0.0282852277159691
7321,38,0.00025,0.0209918580949306
7322,38,0.00025,0.0176468994468451
7323,38,0.00025,0.0195409115403891
7324,38,0.00025,0.0198963172733784
7325,38,0.00025,0.019338171929121
7326,38,0.00025,0.020295687019825
7327,38,0.00025,0.0213820096105337
7328,38,0.00025,0.0211492888629436
7329,38,0.00025,0.0197747237980366
7330,38,0.00025,0.0226315632462502
7331,38,0.00025,0.0218674261122942
7332,38,0.00025,0.021028520539403
7333,38,0.00025,0.0205523371696472
7334,38,0.00025,0.0180707983672619
7335,38,0.00025,0.0238552913069725
7336,38,0.00025,0.0179740376770496
7337,38,0.00025,0.0174931138753891
7338,38,0.00025,0.020748782902956
7339,38,0.00025,0.0197241231799126
7340,38,0.00025,0.0218616966158152
7341,38,0.00025,0.0234279446303844
7342,38,0.00025,0.0168819855898619
7343,38,0.00025,0.0136198541149497
7344,38,0.00025,0.0208530724048615
7345,38,0.00025,0.0267168506979942
7346,38,0.00025,0.019194358959794
7347,38,0.00025,0.0221977084875107
7348,38,0.00025,0.023194806650281
7349,38,0.00025,0.0199412927031517
7350,38,0.00025,0.0133687742054462
7351,38,0.00025,0.021812479943037
7352,38,0.00025,0.0193541496992111
7353,38,0.00025,0.0188746433705091
7354,38,0.00025,0.0176882613450289
7355,38,0.00025,0.02299022115767
7356,38,0.00025,0.0206936113536358
7357,38,0.00025,0.0262535586953163
7358,38,0.00025,0.0168788190931082
7359,38,0.00025,0.0208580885082483
7360,38,0.00025,0.0228815488517284
7361,38,0.00025,0.0287217814475298
7362,38,0.00025,0.0229803640395403
7363,38,0.00025,0.0147714084014297
7364,38,0.00025,0.020507862791419
7365,38,0.00025,0.0176026225090027
7366,38,0.00025,0.0308965984731913
7367,38,0.00025,0.0162652358412743
7368,38,0.00025,0.0267458166927099
7369,38,0.00025,0.0176065042614937
7370,38,0.00025,0.0201276987791061
7371,38,0.00025,0.0274399202316999
7372,38,0.00025,0.0255492944270372
7373,39,0.00025,0.0144946221262217
7374,39,0.00025,0.0259772371500731
7375,39,0.00025,0.0220612213015556
7376,39,0.00025,0.0172017198055983
7377,39,0.00025,0.0206981804221869
7378,39,0.00025,0.0240782517939806
7379,39,0.00025,0.0199152138084173
7380,39,0.00025,0.0192866418510675
7381,39,0.00025,0.0179474577307701
7382,39,0.00025,0.0208154451102018
7383,39,0.00025,0.016371363773942
7384,39,0.00025,0.0187590587884188
7385,39,0.00025,0.0187725443392992
7386,39,0.00025,0.0206484328955412
7387,39,0.00025,0.0258795488625765
7388,39,0.00025,0.0296664144843817
7389,39,0.00025,0.0212509743869305
7390,39,0.00025,0.021148145198822
7391,39,0.00025,0.020958686247468
7392,39,0.00025,0.0173804201185703
7393,39,0.00025,0.021721700206399
7394,39,0.00025,0.016645384952426
7395,39,0.00025,0.0209105778485537
7396,39,0.00025,0.021637512370944
7397,39,0.00025,0.0209859162569046
7398,39,0.00025,0.0189973227679729
7399,39,0.00025,0.0183897893875837
7400,39,0.00025,0.0160214100033045
7401,39,0.00025,0.0180542562156916
7402,39,0.00025,0.0188438147306442
7403,39,0.00025,0.0179838053882122
7404,39,0.00025,0.0175797585397959
7405,39,0.00025,0.0159569326788187
7406,39,0.00025,0.0235883388668299
7407,39,0.00025,0.0222709067165852
7408,39,0.00025,0.0231875069439411
7409,39,0.00025,0.022739339619875
7410,39,0.00025,0.0201573353260756
7411,39,0.00025,0.0176766831427813
7412,39,0.00025,0.0223695784807205
7413,39,0.00025,0.0194937344640493
7414,39,0.00025,0.0188315697014332
7415,39,0.00025,0.018622538074851
7416,39,0.00025,0.018600745126605
7417,39,0.00025,0.0186615604907274
7418,39,0.00025,0.0221778433769941
7419,39,0.00025,0.02371178381145
7420,39,0.00025,0.0216825045645237
7421,39,0.00025,0.0173830408602953
7422,39,0.00025,0.0223484300076962
7423,39,0.00025,0.0161070395261049
7424,39,0.00025,0.0171142797917128
7425,39,0.00025,0.0182881578803062
7426,39,0.00025,0.0185403600335121
7427,39,0.00025,0.0234731398522854
7428,39,0.00025,0.0184445213526487
7429,39,0.00025,0.0288044009357691
7430,39,0.00025,0.0194501169025898
7431,39,0.00025,0.0188422687351704
7432,39,0.00025,0.0188182350248098
7433,39,0.00025,0.0214645229279995
7434,39,0.00025,0.023760849609971
7435,39,0.00025,0.0181656666100025
7436,39,0.00025,0.0226137693971395
7437,39,0.00025,0.0229404475539923
7438,39,0.00025,0.0216330103576183
7439,39,0.00025,0.0187882781028748
7440,39,0.00025,0.0233338717371225
7441,39,0.00025,0.0342745706439018
7442,39,0.00025,0.0206303745508194
7443,39,0.00025,0.0215593464672565
7444,39,0.00025,0.0208786968141794
7445,39,0.00025,0.0190927945077419
7446,39,0.00025,0.0190697237849236
7447,39,0.00025,0.0193377714604139
7448,39,0.00025,0.0208478718996048
7449,39,0.00025,0.0181114915758371
7450,39,0.00025,0.0170617494732141
7451,39,0.00025,0.0251250844448805
7452,39,0.00025,0.0243695266544819
7453,39,0.00025,0.0182579029351473
7454,39,0.00025,0.0287316739559174
7455,39,0.00025,0.0212300978600979
7456,39,0.00025,0.020170358940959
7457,39,0.00025,0.0142917800694704
7458,39,0.00025,0.0187428202480078
7459,39,0.00025,0.0188366342335939
7460,39,0.00025,0.0218317005783319
7461,39,0.00025,0.0181503314524889
7462,39,0.00025,0.0224511623382568
7463,39,0.00025,0.0227094292640686
7464,39,0.00025,0.0165203586220741
7465,39,0.00025,0.0202792175114155
7466,39,0.00025,0.0156887527555227
7467,39,0.00025,0.0226096045225859
7468,39,0.00025,0.0205613803118467
7469,39,0.00025,0.0176804680377245
7470,39,0.00025,0.0204318556934595
7471,39,0.00025,0.020689720287919
7472,39,0.00025,0.020322497934103
7473,39,0.00025,0.0236702430993319
7474,39,0.00025,0.0216452889144421
7475,39,0.00025,0.0239575859159231
7476,39,0.00025,0.025994224473834
7477,39,0.00025,0.0257069375365973
7478,39,0.00025,0.0203016176819801
7479,39,0.00025,0.019396984949708
7480,39,0.00025,0.0260839108377695
7481,39,0.00025,0.0229598488658667
7482,39,0.00025,0.0157082322984934
7483,39,0.00025,0.0199518743902445
7484,39,0.00025,0.0206973068416119
7485,39,0.00025,0.0209533330053091
7486,39,0.00025,0.0188026167452335
7487,39,0.00025,0.0227137673646212
7488,39,0.00025,0.0187755413353443
7489,39,0.00025,0.0185380578041077
7490,39,0.00025,0.0189856309443712
7491,39,0.00025,0.0186967104673386
7492,39,0.00025,0.0224993582814932
7493,39,0.00025,0.022966967895627
7494,39,0.00025,0.0188641492277384
7495,39,0.00025,0.0188450925052166
7496,39,0.00025,0.0159069243818521
7497,39,0.00025,0.019909143447876
7498,39,0.00025,0.0192276164889336
7499,39,0.00025,0.0211979486048222
7500,39,0.00025,0.0197820998728275
7501,39,0.00025,0.0222091861069202
7502,39,0.00025,0.0187945626676083
7503,39,0.00025,0.0225538313388824
7504,39,0.00025,0.0187234412878752
7505,39,0.00025,0.0230519492179155
7506,39,0.00025,0.0208000633865595
7507,39,0.00025,0.0197659432888031
7508,39,0.00025,0.0194567050784826
7509,39,0.00025,0.0201122686266899
7510,39,0.00025,0.022279953584075
7511,39,0.00025,0.0271814353764057
7512,39,0.00025,0.0260544922202826
7513,39,0.00025,0.0205552466213703
7514,39,0.00025,0.0161016061902046
7515,39,0.00025,0.019218023866415
7516,39,0.00025,0.0232661888003349
7517,39,0.00025,0.0195073373615742
7518,39,0.00025,0.0128054199740291
7519,39,0.00025,0.0329842567443848
7520,39,0.00025,0.0211862474679947
7521,39,0.00025,0.0164358373731375
7522,39,0.00025,0.0201966967433691
7523,39,0.00025,0.0291746500879526
7524,39,0.00025,0.0225331224501133
7525,39,0.00025,0.0196739640086889
7526,39,0.00025,0.0204380434006453
7527,39,0.00025,0.0172127056866884
7528,39,0.00025,0.0205566883087158
7529,39,0.00025,0.0196758918464184
7530,39,0.00025,0.0198943745344877
7531,39,0.00025,0.0215830504894257
7532,39,0.00025,0.0240017212927341
7533,39,0.00025,0.0152645632624626
7534,39,0.00025,0.0229170210659504
7535,39,0.00025,0.0160164795815945
7536,39,0.00025,0.0127492686733603
7537,39,0.00025,0.0163521431386471
7538,39,0.00025,0.0169349703937769
7539,39,0.00025,0.0240868292748928
7540,39,0.00025,0.0218677241355181
7541,39,0.00025,0.0232751872390509
7542,39,0.00025,0.017383424565196
7543,39,0.00025,0.0218025110661983
7544,39,0.00025,0.0176791772246361
7545,39,0.00025,0.022419560700655
7546,39,0.00025,0.0213894583284855
7547,39,0.00025,0.0212366096675396
7548,39,0.00025,0.0233942028135061
7549,39,0.00025,0.0224660243839025
7550,39,0.00025,0.0212620459496975
7551,39,0.00025,0.0157868098467588
7552,39,0.00025,0.0208209976553917
7553,39,0.00025,0.0199091173708439
7554,39,0.00025,0.0225603505969048
7555,39,0.00025,0.0233088154345751
7556,39,0.00025,0.0204195957630873
7557,39,0.00025,0.0206933077424765
7558,39,0.00025,0.0174416564404964
7559,39,0.00025,0.0205274894833565
7560,39,0.00025,0.0221855193376541
7561,39,0.00025,0.02483194693923
7562,39,0.00025,0.0188306104391813
7563,39,0.00025,0.0184764787554741
7564,39,0.00025,0.0194637328386307
7565,39,0.00025,0.0249017737805843
7566,39,0.00025,0.017516054213047
7567,40,0.00025,0.0225346256047487
7568,40,0.00025,0.0233396105468273
7569,40,0.00025,0.0175057668238878
7570,40,0.00025,0.0176264028996229
7571,40,0.00025,0.024855462834239
7572,40,0.00025,0.0172658190131187
7573,40,0.00025,0.0208294801414013
7574,40,0.00025,0.0182103216648102
7575,40,0.00025,0.0245568584650755
7576,40,0.00025,0.0201615206897259
7577,40,0.00025,0.0243274476379156
7578,40,0.00025,0.0216775331646204
7579,40,0.00025,0.0211696811020374
7580,40,0.00025,0.0202054809778929
7581,40,0.00025,0.0159852206707001
7582,40,0.00025,0.0235399752855301
7583,40,0.00025,0.0201382245868444
7584,40,0.00025,0.0203088894486427
7585,40,0.00025,0.0174253638833761
7586,40,0.00025,0.0187525823712349
7587,40,0.00025,0.0248973295092583
7588,40,0.00025,0.020057937130332
7589,40,0.00025,0.0141222001984715
7590,40,0.00025,0.0161452870815992
7591,40,0.00025,0.0261898785829544
7592,40,0.00025,0.0134196318686008
7593,40,0.00025,0.0190223753452301
7594,40,0.00025,0.0218960326164961
7595,40,0.00025,0.0195452254265547
7596,40,0.00025,0.0177037976682186
7597,40,0.00025,0.0156970042735338
7598,40,0.00025,0.0174016561359167
7599,40,0.00025,0.0200429540127516
7600,40,0.00025,0.0200877841562033
7601,40,0.00025,0.0222603399306536
7602,40,0.00025,0.0207092333585024
7603,40,0.00025,0.0218233894556761
7604,40,0.00025,0.0198337845504284
7605,40,0.00025,0.0259284991770983
7606,40,0.00025,0.0214850585907698
7607,40,0.00025,0.0169774573296309
7608,40,0.00025,0.0205483175814152
7609,40,0.00025,0.0235592592507601
7610,40,0.00025,0.01928392611444
7611,40,0.00025,0.0192013904452324
7612,40,0.00025,0.0169338434934616
7613,40,0.00025,0.0167346820235252
7614,40,0.00025,0.0198771953582764
7615,40,0.00025,0.0223222803324461
7616,40,0.00025,0.0207088254392147
7617,40,0.00025,0.0207221210002899
7618,40,0.00025,0.0167413931339979
7619,40,0.00025,0.0211390648037195
7620,40,0.00025,0.0188087560236454
7621,40,0.00025,0.0184444896876812
7622,40,0.00025,0.0213119871914387
7623,40,0.00025,0.0159869454801083
7624,40,0.00025,0.0234057735651731
7625,40,0.00025,0.0171751789748669
7626,40,0.00025,0.0222281292080879
7627,40,0.00025,0.014782895334065
7628,40,0.00025,0.0191818177700043
7629,40,0.00025,0.0332934223115444
7630,40,0.00025,0.0157812405377626
7631,40,0.00025,0.0255902223289013
7632,40,0.00025,0.0172500479966402
7633,40,0.00025,0.015881622210145
7634,40,0.00025,0.0257340129464865
7635,40,0.00025,0.0234701987355947
7636,40,0.00025,0.0180857591331005
7637,40,0.00025,0.0166804064065218
7638,40,0.00025,0.0246887542307377
7639,40,0.00025,0.0183601286262274
7640,40,0.00025,0.0168707091361284
7641,40,0.00025,0.0189494621008635
7642,40,0.00025,0.0224876310676336
7643,40,0.00025,0.0223178248852491
7644,40,0.00025,0.0210061706602573
7645,40,0.00025,0.021434236317873
7646,40,0.00025,0.0236771423369646
7647,40,0.00025,0.016504630446434
7648,40,0.00025,0.0207603387534618
7649,40,0.00025,0.0219460558146238
7650,40,0.00025,0.0209218226373196
7651,40,0.00025,0.0208214372396469
7652,40,0.00025,0.0173661541193724
7653,40,0.00025,0.0234014075249434
7654,40,0.00025,0.0300726387649775
7655,40,0.00025,0.0177076943218708
7656,40,0.00025,0.0226980000734329
7657,40,0.00025,0.0166410785168409
7658,40,0.00025,0.0240547172725201
7659,40,0.00025,0.0233048852533102
7660,40,0.00025,0.0221284739673138
7661,40,0.00025,0.018581023439765
7662,40,0.00025,0.0171970184892416
7663,40,0.00025,0.0194962061941624
7664,40,0.00025,0.0177556667476892
7665,40,0.00025,0.0234925858676434
7666,40,0.00025,0.0173748824745417
7667,40,0.00025,0.0146393468603492
7668,40,0.00025,0.0307095386087894
7669,40,0.00025,0.0203944705426693
7670,40,0.00025,0.0187672469764948
7671,40,0.00025,0.0262662041932344
7672,40,0.00025,0.019820099696517
7673,40,0.00025,0.0212245061993599
7674,40,0.00025,0.0257460828870535
7675,40,0.00025,0.0233361441642046
7676,40,0.00025,0.021977785974741
7677,40,0.00025,0.0215392969548702
7678,40,0.00025,0.0167508497834206
7679,40,0.00025,0.0229066777974367
7680,40,0.00025,0.0221237186342478
7681,40,0.00025,0.0188423972576857
7682,40,0.00025,0.0246802847832441
7683,40,0.00025,0.0195082481950521
7684,40,0.00025,0.0229104366153479
7685,40,0.00025,0.0179280079901218
7686,40,0.00025,0.0192569345235825
7687,40,0.00025,0.020228948444128
7688,40,0.00025,0.019211133942008
7689,40,0.00025,0.0183117780834436
7690,40,0.00025,0.0189622882753611
7691,40,0.00025,0.0186996888369322
7692,40,0.00025,0.0149171017110348
7693,40,0.00025,0.021467549726367
7694,40,0.00025,0.02786048874259
7695,40,0.00025,0.0238680299371481
7696,40,0.00025,0.0226733852177858
7697,40,0.00025,0.0212910920381546
7698,40,0.00025,0.0254631191492081
7699,40,0.00025,0.0173037778586149
7700,40,0.00025,0.0157609358429909
7701,40,0.00025,0.028279073536396
7702,40,0.00025,0.0205974485725164
7703,40,0.00025,0.0266379453241825
7704,40,0.00025,0.0190792810171843
7705,40,0.00025,0.0231998283416033
7706,40,0.00025,0.0236818846315145
7707,40,0.00025,0.0166741795837879
7708,40,0.00025,0.0264224428683519
7709,40,0.00025,0.0193504113703966
7710,40,0.00025,0.0191315021365881
7711,40,0.00025,0.018774451687932
7712,40,0.00025,0.0210116766393185
7713,40,0.00025,0.0206222701817751
7714,40,0.00025,0.0192261077463627
7715,40,0.00025,0.0125772729516029
7716,40,0.00025,0.019523935392499
7717,40,0.00025,0.0223374143242836
7718,40,0.00025,0.0194333232939243
7719,40,0.00025,0.0194196924567223
7720,40,0.00025,0.0178293325006962
7721,40,0.00025,0.0235232543200254
7722,40,0.00025,0.0208882745355368
7723,40,0.00025,0.0176207944750786
7724,40,0.00025,0.0196128655225039
7725,40,0.00025,0.0231065656989813
7726,40,0.00025,0.0193631295114756
7727,40,0.00025,0.0204452872276306
7728,40,0.00025,0.0174764972180128
7729,40,0.00025,0.0171386115252972
7730,40,0.00025,0.0182462781667709
7731,40,0.00025,0.0212649255990982
7732,40,0.00025,0.0197987072169781
7733,40,0.00025,0.0156335458159447
7734,40,0.00025,0.0191759113222361
7735,40,0.00025,0.0222704652696848
7736,40,0.00025,0.0216871574521065
7737,40,0.00025,0.022340964525938
7738,40,0.00025,0.0210469607263803
7739,40,0.00025,0.0321510247886181
7740,40,0.00025,0.0209709294140339
7741,40,0.00025,0.0185138583183289
7742,40,0.00025,0.020453006029129
7743,40,0.00025,0.0195516441017389
7744,40,0.00025,0.0211826246231794
7745,40,0.00025,0.0175121445208788
7746,40,0.00025,0.0260547939687967
7747,40,0.00025,0.0187818668782711
7748,40,0.00025,0.0233444031327963
7749,40,0.00025,0.0172209441661835
7750,40,0.00025,0.0218657795339823
7751,40,0.00025,0.0158307477831841
7752,40,0.00025,0.0203419681638479
7753,40,0.00025,0.0186996012926102
7754,40,0.00025,0.017266696318984
7755,40,0.00025,0.0195360165089369
7756,40,0.00025,0.0230413787066936
7757,40,0.00025,0.0179042350500822
7758,40,0.00025,0.0167165938764811
7759,40,0.00025,0.0259740855544806
7760,40,0.00025,0.0234793201088905
7761,41,0.000125,0.0178165379911661
7762,41,0.000125,0.0185975320637226
7763,41,0.000125,0.0216837264597416
7764,41,0.000125,0.0188820008188486
7765,41,0.000125,0.018504161387682
7766,41,0.000125,0.0178016442805529
7767,41,0.000125,0.0253618471324444
7768,41,0.000125,0.0182490255683661
7769,41,0.000125,0.0148391770198941
7770,41,0.000125,0.0197808817028999
7771,41,0.000125,0.0220473129302263
7772,41,0.000125,0.0197506044059992
7773,41,0.000125,0.0146915791556239
7774,41,0.000125,0.0197383109480143
7775,41,0.000125,0.016739884391427
7776,41,0.000125,0.0198193173855543
7777,41,0.000125,0.0216456726193428
7778,41,0.000125,0.0152351884171367
7779,41,0.000125,0.01381825376302
7780,41,0.000125,0.0190819147974253
7781,41,0.000125,0.0211582407355309
7782,41,0.000125,0.0208754427731037
7783,41,0.000125,0.0183513816446066
7784,41,0.000125,0.0202650427818298
7785,41,0.000125,0.0186889600008726
7786,41,0.000125,0.0234909616410732
7787,41,0.000125,0.0198939219117165
7788,41,0.000125,0.018560504540801
7789,41,0.000125,0.0223186872899532
7790,41,0.000125,0.0186020154505968
7791,41,0.000125,0.0202794969081879
7792,41,0.000125,0.0200864300131798
7793,41,0.000125,0.0170757006853819
7794,41,0.000125,0.0216998998075724
7795,41,0.000125,0.0238366033881903
7796,41,0.000125,0.0196016393601894
7797,41,0.000125,0.0202953610569239
7798,41,0.000125,0.0229212138801813
7799,41,0.000125,0.0243602301925421
7800,41,0.000125,0.0230425130575895
7801,41,0.000125,0.0191574022173882
7802,41,0.000125,0.0209496915340424
7803,41,0.000125,0.022287068888545
7804,41,0.000125,0.0205803401768208
7805,41,0.000125,0.0168162770569324
7806,41,0.000125,0.0212187059223652
7807,41,0.000125,0.0172392725944519
7808,41,0.000125,0.0192768126726151
7809,41,0.000125,0.0179403480142355
7810,41,0.000125,0.0208487883210182
7811,41,0.000125,0.0240727886557579
7812,41,0.000125,0.0185937192291021
7813,41,0.000125,0.0206170063465834
7814,41,0.000125,0.0146501148119569
7815,41,0.000125,0.0188003964722157
7816,41,0.000125,0.0165730286389589
7817,41,0.000125,0.0203935410827398
7818,41,0.000125,0.0237553007900715
7819,41,0.000125,0.0167506709694862
7820,41,0.000125,0.0235687736421824
7821,41,0.000125,0.0256690699607134
7822,41,0.000125,0.0292713232338428
7823,41,0.000125,0.0242834016680717
7824,41,0.000125,0.0220880527049303
7825,41,0.000125,0.0214592963457108
7826,41,0.000125,0.0186416935175657
7827,41,0.000125,0.0246598459780216
7828,41,0.000125,0.0209494028240442
7829,41,0.000125,0.0223642569035292
7830,41,0.000125,0.0168913993984461
7831,41,0.000125,0.0212140493094921
7832,41,0.000125,0.0244159009307623
7833,41,0.000125,0.0182952899485826
7834,41,0.000125,0.0183626562356949
7835,41,0.000125,0.0241308640688658
7836,41,0.000125,0.0186213683336973
7837,41,0.000125,0.0216048918664455
7838,41,0.000125,0.0180478263646364
7839,41,0.000125,0.016016798093915
7840,41,0.000125,0.0196055322885513
7841,41,0.000125,0.0236554387956858
7842,41,0.000125,0.0243758019059896
7843,41,0.000125,0.0172703787684441
7844,41,0.000125,0.0240669883787632
7845,41,0.000125,0.0207464955747128
7846,41,0.000125,0.021822165697813
7847,41,0.000125,0.0196385364979506
7848,41,0.000125,0.0275133438408375
7849,41,0.000125,0.0236603748053312
7850,41,0.000125,0.0214006826281548
7851,41,0.000125,0.0238797962665558
7852,41,0.000125,0.0168872103095055
7853,41,0.000125,0.0255706030875444
7854,41,0.000125,0.0265247672796249
7855,41,0.000125,0.0171090718358755
7856,41,0.000125,0.0181951224803925
7857,41,0.000125,0.0259429048746824
7858,41,0.000125,0.0181642081588507
7859,41,0.000125,0.0163427535444498
7860,41,0.000125,0.0221335906535387
7861,41,0.000125,0.0209938213229179
7862,41,0.000125,0.0172386523336172
7863,41,0.000125,0.0215816516429186
7864,41,0.000125,0.0210944935679436
7865,41,0.000125,0.0200863424688578
7866,41,0.000125,0.0219819843769073
7867,41,0.000125,0.022597910836339
7868,41,0.000125,0.0171662848442793
7869,41,0.000125,0.0241400320082903
7870,41,0.000125,0.0228819139301777
7871,41,0.000125,0.0229950416833162
7872,41,0.000125,0.0131294643506408
7873,41,0.000125,0.0200820788741112
7874,41,0.000125,0.0233144331723452
7875,41,0.000125,0.0199898723512888
7876,41,0.000125,0.0177133791148663
7877,41,0.000125,0.0203247889876366
7878,41,0.000125,0.0163374245166779
7879,41,0.000125,0.0186932869255543
7880,41,0.000125,0.0148637183010578
7881,41,0.000125,0.0200930703431368
7882,41,0.000125,0.0259417574852705
7883,41,0.000125,0.0163188446313143
7884,41,0.000125,0.021994736045599
7885,41,0.000125,0.0202759671956301
7886,41,0.000125,0.0266343411058187
7887,41,0.000125,0.0190096646547318
7888,41,0.000125,0.0149179752916098
7889,41,0.000125,0.0171816851943731
7890,41,0.000125,0.0207291357219219
7891,41,0.000125,0.0211485587060452
7892,41,0.000125,0.0159985218197107
7893,41,0.000125,0.0181581564247608
7894,41,0.000125,0.0204946231096983
7895,41,0.000125,0.0237455945461988
7896,41,0.000125,0.0148933231830597
7897,41,0.000125,0.0240152515470982
7898,41,0.000125,0.0160197671502829
7899,41,0.000125,0.0196123421192169
7900,41,0.000125,0.0184972397983074
7901,41,0.000125,0.0215692929923534
7902,41,0.000125,0.0176775380969048
7903,41,0.000125,0.0200031511485577
7904,41,0.000125,0.0164524037390947
7905,41,0.000125,0.0228944327682257
7906,41,0.000125,0.0207464341074228
7907,41,0.000125,0.0215615406632423
7908,41,0.000125,0.0230105556547642
7909,41,0.000125,0.016067722812295
7910,41,0.000125,0.0177130494266748
7911,41,0.000125,0.0216978583484888
7912,41,0.000125,0.0226486101746559
7913,41,0.000125,0.0189249962568283
7914,41,0.000125,0.0169045198708773
7915,41,0.000125,0.0174000691622496
7916,41,0.000125,0.0160781536251307
7917,41,0.000125,0.0220228265970945
7918,41,0.000125,0.0197093263268471
7919,41,0.000125,0.0185161717236042
7920,41,0.000125,0.0239771530032158
7921,41,0.000125,0.0188189260661602
7922,41,0.000125,0.0263597164303064
7923,41,0.000125,0.0186566952615976
7924,41,0.000125,0.0178136732429266
7925,41,0.000125,0.0243274308741093
7926,41,0.000125,0.0176179762929678
7927,41,0.000125,0.0147266248241067
7928,41,0.000125,0.0183580238372087
7929,41,0.000125,0.020231869071722
7930,41,0.000125,0.0189526844769716
7931,41,0.000125,0.0212677977979183
7932,41,0.000125,0.0211340896785259
7933,41,0.000125,0.0253478083759546
7934,41,0.000125,0.012287737801671
7935,41,0.000125,0.0143001573160291
7936,41,0.000125,0.01622449234128
7937,41,0.000125,0.017176553606987
7938,41,0.000125,0.0183387771248817
7939,41,0.000125,0.0170102138072252
7940,41,0.000125,0.0208317805081606
7941,41,0.000125,0.0210516005754471
7942,41,0.000125,0.0204232223331928
7943,41,0.000125,0.025110799819231
7944,41,0.000125,0.0228644274175167
7945,41,0.000125,0.0243321023881435
7946,41,0.000125,0.0219203010201454
7947,41,0.000125,0.0226446073502302
7948,41,0.000125,0.0243982039391994
7949,41,0.000125,0.0164151694625616
7950,41,0.000125,0.0151267806068063
7951,41,0.000125,0.0204731170088053
7952,41,0.000125,0.0202093664556742
7953,41,0.000125,0.0211862660944462
7954,41,0.000125,0.0209784805774689
7955,42,0.000125,0.0186322778463364
7956,42,0.000125,0.0138596436008811
7957,42,0.000125,0.021181533113122
7958,42,0.000125,0.0158950835466385
7959,42,0.000125,0.0197550598531961
7960,42,0.000125,0.0202445555478334
7961,42,0.000125,0.0169201530516148
7962,42,0.000125,0.0190416537225246
7963,42,0.000125,0.0145896635949612
7964,42,0.000125,0.0186934377998114
7965,42,0.000125,0.0181321278214455
7966,42,0.000125,0.0184248890727758
7967,42,0.000125,0.0265993978828192
7968,42,0.000125,0.0222500693053007
7969,42,0.000125,0.0203000828623772
7970,42,0.000125,0.0214068684726954
7971,42,0.000125,0.0294141210615635
7972,42,0.000125,0.0165343470871449
7973,42,0.000125,0.0240553840994835
7974,42,0.000125,0.0166810490190983
7975,42,0.000125,0.0253923926502466
7976,42,0.000125,0.0131532112136483
7977,42,0.000125,0.0162170492112637
7978,42,0.000125,0.020072078332305
7979,42,0.000125,0.0209298823028803
7980,42,0.000125,0.0176443308591843
7981,42,0.000125,0.0185263436287642
7982,42,0.000125,0.021882176399231
7983,42,0.000125,0.017938481643796
7984,42,0.000125,0.0139458691701293
7985,42,0.000125,0.02002446167171
7986,42,0.000125,0.0157755110412836
7987,42,0.000125,0.0190275721251965
7988,42,0.000125,0.0186097584664822
7989,42,0.000125,0.0275953952223063
7990,42,0.000125,0.0147030428051949
7991,42,0.000125,0.0226547848433256
7992,42,0.000125,0.0224886927753687
7993,42,0.000125,0.0210224408656359
7994,42,0.000125,0.02693578787148
7995,42,0.000125,0.0175221674144268
7996,42,0.000125,0.0136116053909063
7997,42,0.000125,0.018552353605628
7998,42,0.000125,0.0184582900255919
7999,42,0.000125,0.0172489620745182
8000,42,0.000125,0.015484906733036
8001,42,0.000125,0.0160350129008293
8002,42,0.000125,0.0232696030288935
8003,42,0.000125,0.023773455992341
8004,42,0.000125,0.0159283727407455
8005,42,0.000125,0.0221140384674072
8006,42,0.000125,0.0184657461941242
8007,42,0.000125,0.0215050764381886
8008,42,0.000125,0.0176476463675499
8009,42,0.000125,0.0199018754065037
8010,42,0.000125,0.0243057701736689
8011,42,0.000125,0.0160933099687099
8012,42,0.000125,0.0228110756725073
8013,42,0.000125,0.0185843631625175
8014,42,0.000125,0.0231944229453802
8015,42,0.000125,0.0181723684072495
8016,42,0.000125,0.0207280497997999
8017,42,0.000125,0.0210376977920532
8018,42,0.000125,0.0198313891887665
8019,42,0.000125,0.0169001705944538
8020,42,0.000125,0.0164232440292835
8021,42,0.000125,0.0142734637483954
8022,42,0.000125,0.0197161994874477
8023,42,0.000125,0.0241236370056868
8024,42,0.000125,0.0219257920980453
8025,42,0.000125,0.0187055580317974
8026,42,0.000125,0.0200086105614901
8027,42,0.000125,0.020460857078433
8028,42,0.000125,0.0206438489258289
8029,42,0.000125,0.018599521368742
8030,42,0.000125,0.0211821030825377
8031,42,0.000125,0.0189815517514944
8032,42,0.000125,0.0228661596775055
8033,42,0.000125,0.0222608726471663
8034,42,0.000125,0.0184877477586269
8035,42,0.000125,0.0201097670942545
8036,42,0.000125,0.0192449223250151
8037,42,0.000125,0.0171452276408672
8038,42,0.000125,0.0183664374053478
8039,42,0.000125,0.0182301923632622
8040,42,0.000125,0.0229205172508955
8041,42,0.000125,0.0187784135341644
8042,42,0.000125,0.0231853704899549
8043,42,0.000125,0.0190397575497627
8044,42,0.000125,0.0206144172698259
8045,42,0.000125,0.023490933701396
8046,42,0.000125,0.0183120295405388
8047,42,0.000125,0.0169869363307953
8048,42,0.000125,0.0245891790837049
8049,42,0.000125,0.0275585129857063
8050,42,0.000125,0.0162235889583826
8051,42,0.000125,0.018003799021244
8052,42,0.000125,0.0216189976781607
8053,42,0.000125,0.024418480694294
8054,42,0.000125,0.0159238576889038
8055,42,0.000125,0.0175559278577566
8056,42,0.000125,0.0189433544874191
8057,42,0.000125,0.0167029220610857
8058,42,0.000125,0.0189372133463621
8059,42,0.000125,0.0283622406423092
8060,42,0.000125,0.024258466437459
8061,42,0.000125,0.0172015242278576
8062,42,0.000125,0.0244154278188944
8063,42,0.000125,0.0243127383291721
8064,42,0.000125,0.0191576741635799
8065,42,0.000125,0.0156283602118492
8066,42,0.000125,0.0235794503241777
8067,42,0.000125,0.0189781095832586
8068,42,0.000125,0.0161255896091461
8069,42,0.000125,0.0206303410232067
8070,42,0.000125,0.0156615786254406
8071,42,0.000125,0.0191975012421608
8072,42,0.000125,0.0200996734201908
8073,42,0.000125,0.0171657968312502
8074,42,0.000125,0.0216608736664057
8075,42,0.000125,0.0181836094707251
8076,42,0.000125,0.0302685499191284
8077,42,0.000125,0.0197582226246595
8078,42,0.000125,0.0233501605689526
8079,42,0.000125,0.0183045174926519
8080,42,0.000125,0.0190180223435163
8081,42,0.000125,0.016084648668766
8082,42,0.000125,0.0206425096839666
8083,42,0.000125,0.025051660835743
8084,42,0.000125,0.0194415394216776
8085,42,0.000125,0.0194282755255699
8086,42,0.000125,0.0204574633389711
8087,42,0.000125,0.0226716455072165
8088,42,0.000125,0.0205010268837214
8089,42,0.000125,0.0277149379253387
8090,42,0.000125,0.0226571653038263
8091,42,0.000125,0.0299852937459946
8092,42,0.000125,0.0268229097127914
8093,42,0.000125,0.0265963152050972
8094,42,0.000125,0.0200109109282494
8095,42,0.000125,0.021410197019577
8096,42,0.000125,0.017741035670042
8097,42,0.000125,0.0174228232353926
8098,42,0.000125,0.0197202321141958
8099,42,0.000125,0.0256057530641556
8100,42,0.000125,0.0210302136838436
8101,42,0.000125,0.018615759909153
8102,42,0.000125,0.0222519934177399
8103,42,0.000125,0.0174951646476984
8104,42,0.000125,0.0170663204044104
8105,42,0.000125,0.0184483751654625
8106,42,0.000125,0.0249971207231283
8107,42,0.000125,0.0178900938481092
8108,42,0.000125,0.0182474367320538
8109,42,0.000125,0.0186887793242931
8110,42,0.000125,0.0270225238054991
8111,42,0.000125,0.0254303533583879
8112,42,0.000125,0.0193769633769989
8113,42,0.000125,0.0214670486748219
8114,42,0.000125,0.0187432263046503
8115,42,0.000125,0.0182219706475735
8116,42,0.000125,0.0225244741886854
8117,42,0.000125,0.0195094496011734
8118,42,0.000125,0.0266151372343302
8119,42,0.000125,0.0235512852668762
8120,42,0.000125,0.0171756967902184
8121,42,0.000125,0.0151114575564861
8122,42,0.000125,0.0194059386849403
8123,42,0.000125,0.0214814860373735
8124,42,0.000125,0.0179608035832644
8125,42,0.000125,0.0168579593300819
8126,42,0.000125,0.0197070334106684
8127,42,0.000125,0.0172510389238596
8128,42,0.000125,0.0177266877144575
8129,42,0.000125,0.0258015263825655
8130,42,0.000125,0.0214940179139376
8131,42,0.000125,0.01529894862324
8132,42,0.000125,0.0217511523514986
8133,42,0.000125,0.0151514345780015
8134,42,0.000125,0.0181640777736902
8135,42,0.000125,0.0223633404821157
8136,42,0.000125,0.0198267716914415
8137,42,0.000125,0.0216664560139179
8138,42,0.000125,0.0151398768648505
8139,42,0.000125,0.0169293396174908
8140,42,0.000125,0.0219759829342365
8141,42,0.000125,0.0235972739756107
8142,42,0.000125,0.0190823450684547
8143,42,0.000125,0.0225881431251764
8144,42,0.000125,0.0168900825083256
8145,42,0.000125,0.0160337816923857
8146,42,0.000125,0.0198109857738018
8147,42,0.000125,0.0186194870620966
8148,42,0.000125,0.0184100512415171
8149,43,0.000125,0.0237909592688084
8150,43,0.000125,0.0194642189890146
8151,43,0.000125,0.0220769047737122
8152,43,0.000125,0.0190716367214918
8153,43,0.000125,0.0170127619057894
8154,43,0.000125,0.0148982768878341
8155,43,0.000125,0.0190501641482115
8156,43,0.000125,0.0225196909159422
8157,43,0.000125,0.0201292093843222
8158,43,0.000125,0.0162469148635864
8159,43,0.000125,0.0164457745850086
8160,43,0.000125,0.0217137038707733
8161,43,0.000125,0.0214938968420029
8162,43,0.000125,0.0174763519316912
8163,43,0.000125,0.020114092156291
8164,43,0.000125,0.0273673459887505
8165,43,0.000125,0.0165251903235912
8166,43,0.000125,0.016695037484169
8167,43,0.000125,0.0155341466888785
8168,43,0.000125,0.0192684270441532
8169,43,0.000125,0.0159203875809908
8170,43,0.000125,0.0166740603744984
8171,43,0.000125,0.0243207290768623
8172,43,0.000125,0.0177620574831963
8173,43,0.000125,0.0184948910027742
8174,43,0.000125,0.0247307922691107
8175,43,0.000125,0.0240203533321619
8176,43,0.000125,0.0180747415870428
8177,43,0.000125,0.0221531111747026
8178,43,0.000125,0.0236580409109592
8179,43,0.000125,0.0246920771896839
8180,43,0.000125,0.0132951447740197
8181,43,0.000125,0.0180340074002743
8182,43,0.000125,0.0198750495910645
8183,43,0.000125,0.0206357352435589
8184,43,0.000125,0.0219610519707203
8185,43,0.000125,0.0240926034748554
8186,43,0.000125,0.0240716300904751
8187,43,0.000125,0.0181808806955814
8188,43,0.000125,0.0213352404534817
8189,43,0.000125,0.0175571702420712
8190,43,0.000125,0.016626350581646
8191,43,0.000125,0.0192433726042509
8192,43,0.000125,0.0198839418590069
8193,43,0.000125,0.0203503016382456
8194,43,0.000125,0.0207848660647869
8195,43,0.000125,0.0182316247373819
8196,43,0.000125,0.0136776873841882
8197,43,0.000125,0.0212069973349571
8198,43,0.000125,0.0212623570114374
8199,43,0.000125,0.0208657998591661
8200,43,0.000125,0.0267253238707781
8201,43,0.000125,0.0190341547131538
8202,43,0.000125,0.0255913157016039
8203,43,0.000125,0.0210689641535282
8204,43,0.000125,0.0240801442414522
8205,43,0.000125,0.015447854064405
8206,43,0.000125,0.0219620540738106
8207,43,0.000125,0.0216748546808958
8208,43,0.000125,0.0196756366640329
8209,43,0.000125,0.0206790715456009
8210,43,0.000125,0.015978517010808
8211,43,0.000125,0.0175990406423807
8212,43,0.000125,0.0224625710397959
8213,43,0.000125,0.0168488044291735
8214,43,0.000125,0.0164553802460432
8215,43,0.000125,0.0242000557482243
8216,43,0.000125,0.0189650300890207
8217,43,0.000125,0.0147514613345265
8218,43,0.000125,0.0253580249845982
8219,43,0.000125,0.0176544226706028
8220,43,0.000125,0.0161742009222507
8221,43,0.000125,0.0244109835475683
8222,43,0.000125,0.0203128196299076
8223,43,0.000125,0.0187815017998219
8224,43,0.000125,0.0219405293464661
8225,43,0.000125,0.0195176973938942
8226,43,0.000125,0.0276256781071424
8227,43,0.000125,0.0253821555525064
8228,43,0.000125,0.0177931394428015
8229,43,0.000125,0.0206228233873844
8230,43,0.000125,0.0197940953075886
8231,43,0.000125,0.0205506384372711
8232,43,0.000125,0.0240186303853989
8233,43,0.000125,0.0179320964962244
8234,43,0.000125,0.0182313956320286
8235,43,0.000125,0.0213274620473385
8236,43,0.000125,0.0172297153621912
8237,43,0.000125,0.0210650768131018
8238,43,0.000125,0.021648483350873
8239,43,0.000125,0.02149847894907
8240,43,0.000125,0.0201616194099188
8241,43,0.000125,0.0197865273803473
8242,43,0.000125,0.0176163669675589
8243,43,0.000125,0.0228906255215406
8244,43,0.000125,0.0240645501762629
8245,43,0.000125,0.0172959752380848
8246,43,0.000125,0.017355527728796
8247,43,0.000125,0.0212662499397993
8248,43,0.000125,0.0233173035085201
8249,43,0.000125,0.0220856815576553
8250,43,0.000125,0.0209834016859531
8251,43,0.000125,0.0199051909148693
8252,43,0.000125,0.0220642741769552
8253,43,0.000125,0.0145566621795297
8254,43,0.000125,0.0196830276399851
8255,43,0.000125,0.0172823071479797
8256,43,0.000125,0.0270750373601913
8257,43,0.000125,0.0138905625790358
8258,43,0.000125,0.0185111034661531
8259,43,0.000125,0.0210967920720577
8260,43,0.000125,0.014716767705977
8261,43,0.000125,0.0201795808970928
8262,43,0.000125,0.0176615230739117
8263,43,0.000125,0.0228777769953012
8264,43,0.000125,0.0147384069859982
8265,43,0.000125,0.0181072428822517
8266,43,0.000125,0.0230202246457338
8267,43,0.000125,0.028745437040925
8268,43,0.000125,0.0215509496629238
8269,43,0.000125,0.0195529982447624
8270,43,0.000125,0.0177502483129501
8271,43,0.000125,0.020043320953846
8272,43,0.000125,0.0221211947500706
8273,43,0.000125,0.0204457063227892
8274,43,0.000125,0.0169585030525923
8275,43,0.000125,0.0172560177743435
8276,43,0.000125,0.0131779070943594
8277,43,0.000125,0.0181704107671976
8278,43,0.000125,0.0209669843316078
8279,43,0.000125,0.0188089162111282
8280,43,0.000125,0.0200380980968475
8281,43,0.000125,0.0249588470906019
8282,43,0.000125,0.0235422067344189
8283,43,0.000125,0.0227198656648397
8284,43,0.000125,0.0230582393705845
8285,43,0.000125,0.0152031183242798
8286,43,0.000125,0.0199422612786293
8287,43,0.000125,0.023008918389678
8288,43,0.000125,0.0192647781223059
8289,43,0.000125,0.0147933233529329
8290,43,0.000125,0.0221892185509205
8291,43,0.000125,0.0235372744500637
8292,43,0.000125,0.0202770885080099
8293,43,0.000125,0.0182377696037292
8294,43,0.000125,0.0230350214987993
8295,43,0.000125,0.0220698323100805
8296,43,0.000125,0.0162302255630493
8297,43,0.000125,0.0204124953597784
8298,43,0.000125,0.0206349305808544
8299,43,0.000125,0.0227851029485464
8300,43,0.000125,0.0156974196434021
8301,43,0.000125,0.0187362674623728
8302,43,0.000125,0.0223795119673014
8303,43,0.000125,0.0164373740553856
8304,43,0.000125,0.0218887533992529
8305,43,0.000125,0.0174905862659216
8306,43,0.000125,0.0170291382819414
8307,43,0.000125,0.0187403149902821
8308,43,0.000125,0.0179930478334427
8309,43,0.000125,0.0175901968032122
8310,43,0.000125,0.0177205856889486
8311,43,0.000125,0.0154947424307466
8312,43,0.000125,0.0224518068134785
8313,43,0.000125,0.0219624880701303
8314,43,0.000125,0.0225353818386793
8315,43,0.000125,0.0128390248864889
8316,43,0.000125,0.0233993250876665
8317,43,0.000125,0.0256575904786587
8318,43,0.000125,0.0220619551837444
8319,43,0.000125,0.0194059778004885
8320,43,0.000125,0.0278242062777281
8321,43,0.000125,0.0195491090416908
8322,43,0.000125,0.0220278315246105
8323,43,0.000125,0.0180515479296446
8324,43,0.000125,0.0165091678500175
8325,43,0.000125,0.0193249396979809
8326,43,0.000125,0.0157179329544306
8327,43,0.000125,0.0150950066745281
8328,43,0.000125,0.0217727068811655
8329,43,0.000125,0.0206463746726513
8330,43,0.000125,0.0201690215617418
8331,43,0.000125,0.02500238455832
8332,43,0.000125,0.0177590176463127
8333,43,0.000125,0.0150461448356509
8334,43,0.000125,0.0192709472030401
8335,43,0.000125,0.0157160069793463
8336,43,0.000125,0.0203728303313255
8337,43,0.000125,0.0163044463843107
8338,43,0.000125,0.02011339366436
8339,43,0.000125,0.0245546717196703
8340,43,0.000125,0.0173899810761213
8341,43,0.000125,0.0242953114211559
8342,43,0.000125,0.0184670798480511
8343,44,0.000125,0.0162177495658398
8344,44,0.000125,0.0180389434099197
8345,44,0.000125,0.0148127628490329
8346,44,0.000125,0.0273808930069208
8347,44,0.000125,0.0189423989504576
8348,44,0.000125,0.0191957503557205
8349,44,0.000125,0.0170451514422894
8350,44,0.000125,0.0188791304826736
8351,44,0.000125,0.020134724676609
8352,44,0.000125,0.0213428400456905
8353,44,0.000125,0.0155406063422561
8354,44,0.000125,0.0178741179406643
8355,44,0.000125,0.0154208289459348
8356,44,0.000125,0.0187663845717907
8357,44,0.000125,0.0207805447280407
8358,44,0.000125,0.0184022542089224
8359,44,0.000125,0.0235944408923388
8360,44,0.000125,0.0151935983449221
8361,44,0.000125,0.0227124430239201
8362,44,0.000125,0.0172636453062296
8363,44,0.000125,0.0154965221881866
8364,44,0.000125,0.0186648424714804
8365,44,0.000125,0.0184075944125652
8366,44,0.000125,0.0204438157379627
8367,44,0.000125,0.0163529198616743
8368,44,0.000125,0.0188474524766207
8369,44,0.000125,0.0217040609568357
8370,44,0.000125,0.0191388558596373
8371,44,0.000125,0.0197238530963659
8372,44,0.000125,0.0201325844973326
8373,44,0.000125,0.0226665809750557
8374,44,0.000125,0.0196378286927938
8375,44,0.000125,0.0222522132098675
8376,44,0.000125,0.0230360720306635
8377,44,0.000125,0.0137275122106075
8378,44,0.000125,0.0168073102831841
8379,44,0.000125,0.0222779214382172
8380,44,0.000125,0.0238790772855282
8381,44,0.000125,0.0230672881007195
8382,44,0.000125,0.0248507354408503
8383,44,0.000125,0.0191487558186054
8384,44,0.000125,0.0211805757135153
8385,44,0.000125,0.0179730001837015
8386,44,0.000125,0.0194876473397017
8387,44,0.000125,0.015700526535511
8388,44,0.000125,0.0198977217078209
8389,44,0.000125,0.0210733935236931
8390,44,0.000125,0.0217135362327099
8391,44,0.000125,0.0149135664105415
8392,44,0.000125,0.0229396820068359
8393,44,0.000125,0.0196455810219049
8394,44,0.000125,0.0224347207695246
8395,44,0.000125,0.0245595518499613
8396,44,0.000125,0.0180340670049191
8397,44,0.000125,0.0194038059562445
8398,44,0.000125,0.023002166301012
8399,44,0.000125,0.0165939778089523
8400,44,0.000125,0.0216499324887991
8401,44,0.000125,0.0234065297991037
8402,44,0.000125,0.0183787774294615
8403,44,0.000125,0.0189972221851349
8404,44,0.000125,0.0176595002412796
8405,44,0.000125,0.0185372736304998
8406,44,0.000125,0.0175530202686787
8407,44,0.000125,0.0219482164829969
8408,44,0.000125,0.0234803333878517
8409,44,0.000125,0.0230666790157557
8410,44,0.000125,0.0188264343887568
8411,44,0.000125,0.0176984630525112
8412,44,0.000125,0.0153683023527265
8413,44,0.000125,0.0205250810831785
8414,44,0.000125,0.0190023370087147
8415,44,0.000125,0.0191989708691835
8416,44,0.000125,0.0194137766957283
8417,44,0.000125,0.0163177214562893
8418,44,0.000125,0.0149374837055802
8419,44,0.000125,0.0170365422964096
8420,44,0.000125,0.0218924824148417
8421,44,0.000125,0.0201856978237629
8422,44,0.000125,0.0232114307582378
8423,44,0.000125,0.0168922804296017
8424,44,0.000125,0.0156509764492512
8425,44,0.000125,0.0197923444211483
8426,44,0.000125,0.017371391877532
8427,44,0.000125,0.0172337666153908
8428,44,0.000125,0.0142205115407705
8429,44,0.000125,0.0236402787268162
8430,44,0.000125,0.0192152820527554
8431,44,0.000125,0.0239302087575197
8432,44,0.000125,0.0216262843459845
8433,44,0.000125,0.0209475066512823
8434,44,0.000125,0.0198188610374928
8435,44,0.000125,0.0220594219863415
8436,44,0.000125,0.0172863807529211
8437,44,0.000125,0.0169149450957775
8438,44,0.000125,0.0202961303293705
8439,44,0.000125,0.0185570456087589
8440,44,0.000125,0.0220076702535152
8441,44,0.000125,0.0219365675002337
8442,44,0.000125,0.0165030602365732
8443,44,0.000125,0.0189461540430784
8444,44,0.000125,0.016995832324028
8445,44,0.000125,0.0229857079684734
8446,44,0.000125,0.0171538591384888
8447,44,0.000125,0.025143887847662
8448,44,0.000125,0.0190527215600014
8449,44,0.000125,0.0257346220314503
8450,44,0.000125,0.0223842319101095
8451,44,0.000125,0.022105859592557
8452,44,0.000125,0.0177111774682999
8453,44,0.000125,0.0240031518042088
8454,44,0.000125,0.0150302005931735
8455,44,0.000125,0.0173144601285458
8456,44,0.000125,0.0198182370513678
8457,44,0.000125,0.0179309621453285
8458,44,0.000125,0.0167051423341036
8459,44,0.000125,0.0211275294423103
8460,44,0.000125,0.0247595943510532
8461,44,0.000125,0.0266399160027504
8462,44,0.000125,0.0254745054990053
8463,44,0.000125,0.0212332997471094
8464,44,0.000125,0.0194716304540634
8465,44,0.000125,0.0158445276319981
8466,44,0.000125,0.0237377472221851
8467,44,0.000125,0.0209427308291197
8468,44,0.000125,0.0283835604786873
8469,44,0.000125,0.0188622307032347
8470,44,0.000125,0.0199243798851967
8471,44,0.000125,0.022565396502614
8472,44,0.000125,0.0245578289031982
8473,44,0.000125,0.0170588996261358
8474,44,0.000125,0.0190980322659016
8475,44,0.000125,0.0186046082526445
8476,44,0.000125,0.0207365769892931
8477,44,0.000125,0.0192483402788639
8478,44,0.000125,0.0242925994098186
8479,44,0.000125,0.0162283349782228
8480,44,0.000125,0.0207376219332218
8481,44,0.000125,0.0190756879746914
8482,44,0.000125,0.0246697794646025
8483,44,0.000125,0.0159480459988117
8484,44,0.000125,0.0216000434011221
8485,44,0.000125,0.0167418867349625
8486,44,0.000125,0.0184319019317627
8487,44,0.000125,0.0196350701153278
8488,44,0.000125,0.0147051811218262
8489,44,0.000125,0.0237113665789366
8490,44,0.000125,0.0260509308427572
8491,44,0.000125,0.0224225800484419
8492,44,0.000125,0.0176727715879679
8493,44,0.000125,0.016896465793252
8494,44,0.000125,0.0234709978103638
8495,44,0.000125,0.0160622112452984
8496,44,0.000125,0.0214452333748341
8497,44,0.000125,0.0163911283016205
8498,44,0.000125,0.0187330842018127
8499,44,0.000125,0.0184564217925072
8500,44,0.000125,0.0246998779475689
8501,44,0.000125,0.0185112338513136
8502,44,0.000125,0.017878009006381
8503,44,0.000125,0.0235069915652275
8504,44,0.000125,0.0181818008422852
8505,44,0.000125,0.0192616898566484
8506,44,0.000125,0.0169497355818748
8507,44,0.000125,0.0178214199841022
8508,44,0.000125,0.0210929904133081
8509,44,0.000125,0.0156946517527103
8510,44,0.000125,0.0198964662849903
8511,44,0.000125,0.0198893789201975
8512,44,0.000125,0.0185697712004185
8513,44,0.000125,0.0192726887762547
8514,44,0.000125,0.0286279171705246
8515,44,0.000125,0.0216491725295782
8516,44,0.000125,0.0200775675475597
8517,44,0.000125,0.0186751931905746
8518,44,0.000125,0.0256564635783434
8519,44,0.000125,0.0214307997375727
8520,44,0.000125,0.0172619763761759
8521,44,0.000125,0.0320884883403778
8522,44,0.000125,0.0174642950296402
8523,44,0.000125,0.0234431810677052
8524,44,0.000125,0.0189848374575377
8525,44,0.000125,0.0178119018673897
8526,44,0.000125,0.017896706238389
8527,44,0.000125,0.0179008264094591
8528,44,0.000125,0.0262768343091011
8529,44,0.000125,0.0194221846759319
8530,44,0.000125,0.0195912681519985
8531,44,0.000125,0.0212423875927925
8532,44,0.000125,0.0177947990596294
8533,44,0.000125,0.0176718980073929
8534,44,0.000125,0.0187748912721872
8535,44,0.000125,0.0212729386985302
8536,44,0.000125,0.0181610863655806
8537,45,0.000125,0.0191379655152559
8538,45,0.000125,0.0184329766780138
8539,45,0.000125,0.0177764687687159
8540,45,0.000125,0.0208018776029348
8541,45,0.000125,0.0278101060539484
8542,45,0.000125,0.0147151593118906
8543,45,0.000125,0.013963233679533
8544,45,0.000125,0.0210935994982719
8545,45,0.000125,0.0215397849678993
8546,45,0.000125,0.0177823007106781
8547,45,0.000125,0.0179747752845287
8548,45,0.000125,0.0174815710633993
8549,45,0.000125,0.019769337028265
8550,45,0.000125,0.0163151975721121
8551,45,0.000125,0.0186183452606201
8552,45,0.000125,0.0204805135726929
8553,45,0.000125,0.0196057129651308
8554,45,0.000125,0.0170002151280642
8555,45,0.000125,0.0187869742512703
8556,45,0.000125,0.0205724611878395
8557,45,0.000125,0.0215910766273737
8558,45,0.000125,0.0191133171319962
8559,45,0.000125,0.014464377425611
8560,45,0.000125,0.0284430347383022
8561,45,0.000125,0.0189236290752888
8562,45,0.000125,0.0180238466709852
8563,45,0.000125,0.0166511312127113
8564,45,0.000125,0.0191338490694761
8565,45,0.000125,0.0217764414846897
8566,45,0.000125,0.0184604302048683
8567,45,0.000125,0.0264476723968983
8568,45,0.000125,0.0198765806853771
8569,45,0.000125,0.0250710546970367
8570,45,0.000125,0.0203879196196795
8571,45,0.000125,0.02062270604074
8572,45,0.000125,0.0185606051236391
8573,45,0.000125,0.0178058501332998
8574,45,0.000125,0.0208504889160395
8575,45,0.000125,0.0184970870614052
8576,45,0.000125,0.0227598529309034
8577,45,0.000125,0.0182500388473272
8578,45,0.000125,0.0243531446903944
8579,45,0.000125,0.0205484423786402
8580,45,0.000125,0.0183981824666262
8581,45,0.000125,0.0155280511826277
8582,45,0.000125,0.021416861563921
8583,45,0.000125,0.0224996600300074
8584,45,0.000125,0.0214077029377222
8585,45,0.000125,0.0137056363746524
8586,45,0.000125,0.0220769420266151
8587,45,0.000125,0.0210476275533438
8588,45,0.000125,0.019465709105134
8589,45,0.000125,0.0218947120010853
8590,45,0.000125,0.0189317241311073
8591,45,0.000125,0.0242260377854109
8592,45,0.000125,0.0184940360486507
8593,45,0.000125,0.0220738630741835
8594,45,0.000125,0.0181075055152178
8595,45,0.000125,0.0193657223135233
8596,45,0.000125,0.0172112379223108
8597,45,0.000125,0.0215186104178429
8598,45,0.000125,0.0176796577870846
8599,45,0.000125,0.0180437751114368
8600,45,0.000125,0.0202398560941219
8601,45,0.000125,0.0148889645934105
8602,45,0.000125,0.0172953736037016
8603,45,0.000125,0.0197508297860622
8604,45,0.000125,0.0204904247075319
8605,45,0.000125,0.0174063332378864
8606,45,0.000125,0.0148811545222998
8607,45,0.000125,0.0256133023649454
8608,45,0.000125,0.0178560260683298
8609,45,0.000125,0.0181288048624992
8610,45,0.000125,0.0156103856861591
8611,45,0.000125,0.0249857679009438
8612,45,0.000125,0.0164494290947914
8613,45,0.000125,0.0248148031532764
8614,45,0.000125,0.0212898794561625
8615,45,0.000125,0.0227907113730907
8616,45,0.000125,0.0146263092756271
8617,45,0.000125,0.0226872358471155
8618,45,0.000125,0.018516393378377
8619,45,0.000125,0.0183736439794302
8620,45,0.000125,0.0200592707842588
8621,45,0.000125,0.0204494744539261
8622,45,0.000125,0.0150950495153666
8623,45,0.000125,0.0212386641651392
8624,45,0.000125,0.021755401045084
8625,45,0.000125,0.0204225666821003
8626,45,0.000125,0.0251307524740696
8627,45,0.000125,0.018432991579175
8628,45,0.000125,0.0169953554868698
8629,45,0.000125,0.0175988376140594
8630,45,0.000125,0.021058002486825
8631,45,0.000125,0.0188162755221128
8632,45,0.000125,0.0191824343055487
8633,45,0.000125,0.0231339670717716
8634,45,0.000125,0.013914474286139
8635,45,0.000125,0.0187548939138651
8636,45,0.000125,0.0205583591014147
8637,45,0.000125,0.0273783728480339
8638,45,0.000125,0.0216923728585243
8639,45,0.000125,0.0203401688486338
8640,45,0.000125,0.0162855610251427
8641,45,0.000125,0.0208542160689831
8642,45,0.000125,0.0165464878082275
8643,45,0.000125,0.0219921804964542
8644,45,0.000125,0.0201004054397345
8645,45,0.000125,0.0205876883119345
8646,45,0.000125,0.0209807474166155
8647,45,0.000125,0.0172114800661802
8648,45,0.000125,0.0193535033613443
8649,45,0.000125,0.0231459960341454
8650,45,0.000125,0.0167192723602057
8651,45,0.000125,0.0182749181985855
8652,45,0.000125,0.0262498147785664
8653,45,0.000125,0.0214062016457319
8654,45,0.000125,0.0161131639033556
8655,45,0.000125,0.0199335310608149
8656,45,0.000125,0.0167431924492121
8657,45,0.000125,0.0188920591026545
8658,45,0.000125,0.0172327291220427
8659,45,0.000125,0.0234120581299067
8660,45,0.000125,0.0262714810669422
8661,45,0.000125,0.0242315772920847
8662,45,0.000125,0.0163172446191311
8663,45,0.000125,0.023775190114975
8664,45,0.000125,0.0194287430495024
8665,45,0.000125,0.0179781541228294
8666,45,0.000125,0.019485292956233
8667,45,0.000125,0.0222881268709898
8668,45,0.000125,0.0142742982134223
8669,45,0.000125,0.0228984151035547
8670,45,0.000125,0.0155901554971933
8671,45,0.000125,0.0165801197290421
8672,45,0.000125,0.0190858226269484
8673,45,0.000125,0.0197321455925703
8674,45,0.000125,0.0190618447959423
8675,45,0.000125,0.0175473727285862
8676,45,0.000125,0.0225489549338818
8677,45,0.000125,0.019171018153429
8678,45,0.000125,0.0241984277963638
8679,45,0.000125,0.0216258950531483
8680,45,0.000125,0.0193594992160797
8681,45,0.000125,0.0200931113213301
8682,45,0.000125,0.0188762992620468
8683,45,0.000125,0.0232723169028759
8684,45,0.000125,0.0209153071045876
8685,45,0.000125,0.0231104232370853
8686,45,0.000125,0.0170512646436691
8687,45,0.000125,0.0175630897283554
8688,45,0.000125,0.0198159031569958
8689,45,0.000125,0.0211921725422144
8690,45,0.000125,0.0213098581880331
8691,45,0.000125,0.0223022643476725
8692,45,0.000125,0.0226185377687216
8693,45,0.000125,0.0150270275771618
8694,45,0.000125,0.0186660178005695
8695,45,0.000125,0.0157240256667137
8696,45,0.000125,0.0172077007591724
8697,45,0.000125,0.0179573968052864
8698,45,0.000125,0.0150602543726563
8699,45,0.000125,0.0215420834720135
8700,45,0.000125,0.0183965601027012
8701,45,0.000125,0.0242671966552734
8702,45,0.000125,0.0175176113843918
8703,45,0.000125,0.0305619202554226
8704,45,0.000125,0.0292865075170994
8705,45,0.000125,0.0203587133437395
8706,45,0.000125,0.0199530627578497
8707,45,0.000125,0.0189085397869349
8708,45,0.000125,0.0141288703307509
8709,45,0.000125,0.016979955136776
8710,45,0.000125,0.0179824288934469
8711,45,0.000125,0.0176916867494583
8712,45,0.000125,0.0195335671305656
8713,45,0.000125,0.0171309374272823
8714,45,0.000125,0.0242279712110758
8715,45,0.000125,0.0227733366191387
8716,45,0.000125,0.0200728345662355
8717,45,0.000125,0.0238908734172583
8718,45,0.000125,0.0204095058143139
8719,45,0.000125,0.0201983023434877
8720,45,0.000125,0.0197028089314699
8721,45,0.000125,0.0243380796164274
8722,45,0.000125,0.0227105095982552
8723,45,0.000125,0.0259480569511652
8724,45,0.000125,0.0161532256752253
8725,45,0.000125,0.0166619904339314
8726,45,0.000125,0.025053171440959
8727,45,0.000125,0.0161948055028915
8728,45,0.000125,0.0206326749175787
8729,45,0.000125,0.0146038206294179
8730,45,0.000125,0.0250630397349596
8731,46,0.000125,0.0171998720616102
8732,46,0.000125,0.0193598419427872
8733,46,0.000125,0.0218175556510687
8734,46,0.000125,0.0206955093890429
8735,46,0.000125,0.0194164551794529
8736,46,0.000125,0.0161014944314957
8737,46,0.000125,0.0234058685600758
8738,46,0.000125,0.0214611645787954
8739,46,0.000125,0.0245353579521179
8740,46,0.000125,0.0226779207587242
8741,46,0.000125,0.0169785711914301
8742,46,0.000125,0.0204768199473619
8743,46,0.000125,0.0184365808963776
8744,46,0.000125,0.0218529123812914
8745,46,0.000125,0.0194364245980978
8746,46,0.000125,0.0187273174524307
8747,46,0.000125,0.0195708721876144
8748,46,0.000125,0.0238413568586111
8749,46,0.000125,0.0198228601366282
8750,46,0.000125,0.0173710435628891
8751,46,0.000125,0.0150013593956828
8752,46,0.000125,0.016247158870101
8753,46,0.000125,0.0170668456703424
8754,46,0.000125,0.0189923103898764
8755,46,0.000125,0.014579770155251
8756,46,0.000125,0.0182495284825563
8757,46,0.000125,0.0257934629917145
8758,46,0.000125,0.020032424479723
8759,46,0.000125,0.0155879873782396
8760,46,0.000125,0.0199429430067539
8761,46,0.000125,0.0173550080507994
8762,46,0.000125,0.0174775328487158
8763,46,0.000125,0.0143259484320879
8764,46,0.000125,0.0161943696439266
8765,46,0.000125,0.0187509246170521
8766,46,0.000125,0.017878009006381
8767,46,0.000125,0.0171495713293552
8768,46,0.000125,0.0211486648768187
8769,46,0.000125,0.0223995205014944
8770,46,0.000125,0.0202927011996508
8771,46,0.000125,0.0181564670056105
8772,46,0.000125,0.0235118810087442
8773,46,0.000125,0.0207051336765289
8774,46,0.000125,0.0212755985558033
8775,46,0.000125,0.0165793672204018
8776,46,0.000125,0.0191040504723787
8777,46,0.000125,0.0200639124959707
8778,46,0.000125,0.0189207382500172
8779,46,0.000125,0.0216311383992434
8780,46,0.000125,0.0195111762732267
8781,46,0.000125,0.0188239607959986
8782,46,0.000125,0.0306272152811289
8783,46,0.000125,0.0161914899945259
8784,46,0.000125,0.0198349375277758
8785,46,0.000125,0.0222876146435738
8786,46,0.000125,0.022281052544713
8787,46,0.000125,0.0170642044395208
8788,46,0.000125,0.0167374014854431
8789,46,0.000125,0.0189278442412615
8790,46,0.000125,0.0204580910503864
8791,46,0.000125,0.0217224471271038
8792,46,0.000125,0.0218460075557232
8793,46,0.000125,0.0159490201622248
8794,46,0.000125,0.013577095232904
8795,46,0.000125,0.0224639009684324
8796,46,0.000125,0.0264947507530451
8797,46,0.000125,0.0234062802046537
8798,46,0.000125,0.016026446595788
8799,46,0.000125,0.0200565475970507
8800,46,0.000125,0.0181595142930746
8801,46,0.000125,0.016280859708786
8802,46,0.000125,0.0199521146714687
8803,46,0.000125,0.0151053890585899
8804,46,0.000125,0.023151708766818
8805,46,0.000125,0.0187234506011009
8806,46,0.000125,0.0255890879780054
8807,46,0.000125,0.0242314580827951
8808,46,0.000125,0.0189613960683346
8809,46,0.000125,0.019101046025753
8810,46,0.000125,0.0193232055753469
8811,46,0.000125,0.0195278972387314
8812,46,0.000125,0.0208700653165579
8813,46,0.000125,0.0188425146043301
8814,46,0.000125,0.0210761036723852
8815,46,0.000125,0.0253936033695936
8816,46,0.000125,0.0224138610064983
8817,46,0.000125,0.0230482127517462
8818,46,0.000125,0.0261133424937725
8819,46,0.000125,0.0163779798895121
8820,46,0.000125,0.0193975884467363
8821,46,0.000125,0.0240620747208595
8822,46,0.000125,0.0154616087675095
8823,46,0.000125,0.0225192941725254
8824,46,0.000125,0.0176519565284252
8825,46,0.000125,0.019552793353796
8826,46,0.000125,0.0166382733732462
8827,46,0.000125,0.0184895507991314
8828,46,0.000125,0.0203598421066999
8829,46,0.000125,0.0169743150472641
8830,46,0.000125,0.0179312452673912
8831,46,0.000125,0.0188865177333355
8832,46,0.000125,0.0236183982342482
8833,46,0.000125,0.0142286736518145
8834,46,0.000125,0.0185092985630035
8835,46,0.000125,0.0164203904569149
8836,46,0.000125,0.0247541125863791
8837,46,0.000125,0.0264895018190145
8838,46,0.000125,0.0258798822760582
8839,46,0.000125,0.0191758368164301
8840,46,0.000125,0.0190522316843271
8841,46,0.000125,0.0265380125492811
8842,46,0.000125,0.0184164512902498
8843,46,0.000125,0.0288967899978161
8844,46,0.000125,0.0210612006485462
8845,46,0.000125,0.01937036216259
8846,46,0.000125,0.0165689717978239
8847,46,0.000125,0.0173075553029776
8848,46,0.000125,0.0180544760078192
8849,46,0.000125,0.01714095659554
8850,46,0.000125,0.0165901575237513
8851,46,0.000125,0.0190661530941725
8852,46,0.000125,0.0245795231312513
8853,46,0.000125,0.0224316325038671
8854,46,0.000125,0.0175543241202831
8855,46,0.000125,0.023816267028451
8856,46,0.000125,0.0214032232761383
8857,46,0.000125,0.017157219350338
8858,46,0.000125,0.0254873856902122
8859,46,0.000125,0.022062748670578
8860,46,0.000125,0.0153004620224237
8861,46,0.000125,0.0239766165614128
8862,46,0.000125,0.024953493848443
8863,46,0.000125,0.0213098283857107
8864,46,0.000125,0.0179484132677317
8865,46,0.000125,0.0251884888857603
8866,46,0.000125,0.0191410984843969
8867,46,0.000125,0.0186590645462275
8868,46,0.000125,0.0192067213356495
8869,46,0.000125,0.0190042443573475
8870,46,0.000125,0.0253738276660442
8871,46,0.000125,0.0181687120348215
8872,46,0.000125,0.0199738461524248
8873,46,0.000125,0.0286900456994772
8874,46,0.000125,0.0190620552748442
8875,46,0.000125,0.01634656265378
8876,46,0.000125,0.016794927418232
8877,46,0.000125,0.0173193495720625
8878,46,0.000125,0.0211416482925415
8879,46,0.000125,0.0255292821675539
8880,46,0.000125,0.018485376611352
8881,46,0.000125,0.0247167814522982
8882,46,0.000125,0.0194895938038826
8883,46,0.000125,0.0194351356476545
8884,46,0.000125,0.0203289780765772
8885,46,0.000125,0.0184941962361336
8886,46,0.000125,0.0196659918874502
8887,46,0.000125,0.0231192465871572
8888,46,0.000125,0.015613061375916
8889,46,0.000125,0.0244041439145803
8890,46,0.000125,0.0174204539507627
8891,46,0.000125,0.0233939588069916
8892,46,0.000125,0.0241349413990974
8893,46,0.000125,0.0173748955130577
8894,46,0.000125,0.0194833669811487
8895,46,0.000125,0.0207363944500685
8896,46,0.000125,0.0183907207101583
8897,46,0.000125,0.0150060094892979
8898,46,0.000125,0.0196668226271868
8899,46,0.000125,0.0204263124614954
8900,46,0.000125,0.0274664741009474
8901,46,0.000125,0.0159874353557825
8902,46,0.000125,0.0226409994065762
8903,46,0.000125,0.0164389461278915
8904,46,0.000125,0.0159881021827459
8905,46,0.000125,0.0225246995687485
8906,46,0.000125,0.0171677507460117
8907,46,0.000125,0.0166322886943817
8908,46,0.000125,0.0188374258577824
8909,46,0.000125,0.0162593889981508
8910,46,0.000125,0.0170820578932762
8911,46,0.000125,0.0185157768428326
8912,46,0.000125,0.0154686802998185
8913,46,0.000125,0.0177377797663212
8914,46,0.000125,0.0184780973941088
8915,46,0.000125,0.0227984488010406
8916,46,0.000125,0.0171495918184519
8917,46,0.000125,0.0207511838525534
8918,46,0.000125,0.0218834783881903
8919,46,0.000125,0.0236954651772976
8920,46,0.000125,0.0159760657697916
8921,46,0.000125,0.0167357325553894
8922,46,0.000125,0.017377708107233
8923,46,0.000125,0.025076923891902
8924,46,0.000125,0.0201373100280762
8925,47,0.000125,0.0231910645961761
8926,47,0.000125,0.0154798431321979
8927,47,0.000125,0.0217493698000908
8928,47,0.000125,0.02100002579391
8929,47,0.000125,0.015053128823638
8930,47,0.000125,0.0175630915910006
8931,47,0.000125,0.0145426103845239
8932,47,0.000125,0.0242045409977436
8933,47,0.000125,0.0216118674725294
8934,47,0.000125,0.0171137861907482
8935,47,0.000125,0.0188827533274889
8936,47,0.000125,0.0213100984692574
8937,47,0.000125,0.0237223003059626
8938,47,0.000125,0.0212480742484331
8939,47,0.000125,0.0196467749774456
8940,47,0.000125,0.0204985216259956
8941,47,0.000125,0.0158687736839056
8942,47,0.000125,0.0214844457805157
8943,47,0.000125,0.0199992973357439
8944,47,0.000125,0.0214570797979832
8945,47,0.000125,0.0230590980499983
8946,47,0.000125,0.0188210643827915
8947,47,0.000125,0.0147821921855211
8948,47,0.000125,0.0174900852143764
8949,47,0.000125,0.0205239877104759
8950,47,0.000125,0.0167583357542753
8951,47,0.000125,0.0142572997137904
8952,47,0.000125,0.0218700859695673
8953,47,0.000125,0.0165590289980173
8954,47,0.000125,0.0197131149470806
8955,47,0.000125,0.0197483990341425
8956,47,0.000125,0.0206587966531515
8957,47,0.000125,0.0246976520866156
8958,47,0.000125,0.0196370165795088
8959,47,0.000125,0.0138258337974548
8960,47,0.000125,0.020291194319725
8961,47,0.000125,0.0249677486717701
8962,47,0.000125,0.019657963886857
8963,47,0.000125,0.0193029511719942
8964,47,0.000125,0.0162108447402716
8965,47,0.000125,0.0172393601387739
8966,47,0.000125,0.0196601469069719
8967,47,0.000125,0.0201118141412735
8968,47,0.000125,0.0223537981510162
8969,47,0.000125,0.0172115955501795
8970,47,0.000125,0.0226545818150043
8971,47,0.000125,0.0240323282778263
8972,47,0.000125,0.0191755183041096
8973,47,0.000125,0.0194214265793562
8974,47,0.000125,0.0230221636593342
8975,47,0.000125,0.0175275821238756
8976,47,0.000125,0.0230481792241335
8977,47,0.000125,0.0231969598680735
8978,47,0.000125,0.0239317733794451
8979,47,0.000125,0.022754168137908
8980,47,0.000125,0.0217998716980219
8981,47,0.000125,0.0233306940644979
8982,47,0.000125,0.0210574846714735
8983,47,0.000125,0.0178444180637598
8984,47,0.000125,0.0199242066591978
8985,47,0.000125,0.0243104193359613
8986,47,0.000125,0.0160833615809679
8987,47,0.000125,0.0184520501643419
8988,47,0.000125,0.0242320504039526
8989,47,0.000125,0.0247932989150286
8990,47,0.000125,0.0175268650054932
8991,47,0.000125,0.0235092137008905
8992,47,0.000125,0.02303147315979
8993,47,0.000125,0.0177056845277548
8994,47,0.000125,0.0192476063966751
8995,47,0.000125,0.0160822477191687
8996,47,0.000125,0.0177363641560078
8997,47,0.000125,0.0231233220547438
8998,47,0.000125,0.0224462207406759
8999,47,0.000125,0.0187609363347292
9000,47,0.000125,0.0175510682165623
9001,47,0.000125,0.0262887142598629
9002,47,0.000125,0.018590958788991
9003,47,0.000125,0.0206323191523552
9004,47,0.000125,0.0176676642149687
9005,47,0.000125,0.0297511070966721
9006,47,0.000125,0.0209066793322563
9007,47,0.000125,0.0207019802182913
9008,47,0.000125,0.0190651509910822
9009,47,0.000125,0.0226020030677319
9010,47,0.000125,0.0226418934762478
9011,47,0.000125,0.0208721347153187
9012,47,0.000125,0.0181029569357634
9013,47,0.000125,0.0148443970829248
9014,47,0.000125,0.0183545891195536
9015,47,0.000125,0.0173767171800137
9016,47,0.000125,0.0180647615343332
9017,47,0.000125,0.0167984403669834
9018,47,0.000125,0.0182512886822224
9019,47,0.000125,0.0185276493430138
9020,47,0.000125,0.0196089837700129
9021,47,0.000125,0.0188532341271639
9022,47,0.000125,0.0203931089490652
9023,47,0.000125,0.0225367564707994
9024,47,0.000125,0.0203176122158766
9025,47,0.000125,0.0186442602425814
9026,47,0.000125,0.0171645972877741
9027,47,0.000125,0.0175334848463535
9028,47,0.000125,0.0169245377182961
9029,47,0.000125,0.0196424480527639
9030,47,0.000125,0.0166497845202684
9031,47,0.000125,0.0225574597716331
9032,47,0.000125,0.0218995362520218
9033,47,0.000125,0.0197923872619867
9034,47,0.000125,0.0169458538293839
9035,47,0.000125,0.0172148738056421
9036,47,0.000125,0.0136974081397057
9037,47,0.000125,0.0202739238739014
9038,47,0.000125,0.0200634300708771
9039,47,0.000125,0.0166201740503311
9040,47,0.000125,0.0188612006604671
9041,47,0.000125,0.0237578507512808
9042,47,0.000125,0.0184262432157993
9043,47,0.000125,0.0204222034662962
9044,47,0.000125,0.0183864179998636
9045,47,0.000125,0.016527995467186
9046,47,0.000125,0.0209576208144426
9047,47,0.000125,0.0196201801300049
9048,47,0.000125,0.0243874918669462
9049,47,0.000125,0.0202477015554905
9050,47,0.000125,0.0238282009959221
9051,47,0.000125,0.0183807406574488
9052,47,0.000125,0.0182790793478489
9053,47,0.000125,0.0211965199559927
9054,47,0.000125,0.0288237500935793
9055,47,0.000125,0.0241840928792953
9056,47,0.000125,0.0196308717131615
9057,47,0.000125,0.0146350627765059
9058,47,0.000125,0.0168956592679024
9059,47,0.000125,0.0201445799320936
9060,47,0.000125,0.0164276473224163
9061,47,0.000125,0.0157276000827551
9062,47,0.000125,0.0211744513362646
9063,47,0.000125,0.0242766980081797
9064,47,0.000125,0.0181092396378517
9065,47,0.000125,0.0198989529162645
9066,47,0.000125,0.025389539077878
9067,47,0.000125,0.019749516621232
9068,47,0.000125,0.0222609099000692
9069,47,0.000125,0.0233628265559673
9070,47,0.000125,0.0211859401315451
9071,47,0.000125,0.0228540115058422
9072,47,0.000125,0.0237017702311277
9073,47,0.000125,0.0149783100932837
9074,47,0.000125,0.0193682760000229
9075,47,0.000125,0.0224243868142366
9076,47,0.000125,0.0218848958611488
9077,47,0.000125,0.0140409898012877
9078,47,0.000125,0.0151468273252249
9079,47,0.000125,0.0178964901715517
9080,47,0.000125,0.0189498197287321
9081,47,0.000125,0.0222144592553377
9082,47,0.000125,0.0205526705831289
9083,47,0.000125,0.0204960219562054
9084,47,0.000125,0.0192819982767105
9085,47,0.000125,0.0160412006080151
9086,47,0.000125,0.020139692351222
9087,47,0.000125,0.0155336782336235
9088,47,0.000125,0.0171647723764181
9089,47,0.000125,0.0206954423338175
9090,47,0.000125,0.0150834079831839
9091,47,0.000125,0.0187887512147427
9092,47,0.000125,0.0233121812343597
9093,47,0.000125,0.019519692286849
9094,47,0.000125,0.020266791805625
9095,47,0.000125,0.0190085228532553
9096,47,0.000125,0.0177374463528395
9097,47,0.000125,0.0198567155748606
9098,47,0.000125,0.017773911356926
9099,47,0.000125,0.0170210637152195
9100,47,0.000125,0.0183837339282036
9101,47,0.000125,0.0186275094747543
9102,47,0.000125,0.020181430503726
9103,47,0.000125,0.0291717126965523
9104,47,0.000125,0.0199387520551682
9105,47,0.000125,0.0151671255007386
9106,47,0.000125,0.0168634913861752
9107,47,0.000125,0.0158383529633284
9108,47,0.000125,0.0228424482047558
9109,47,0.000125,0.0178320780396461
9110,47,0.000125,0.0183792226016521
9111,47,0.000125,0.0180763956159353
9112,47,0.000125,0.0189262181520462
9113,47,0.000125,0.0207891240715981
9114,47,0.000125,0.0202978905290365
9115,47,0.000125,0.0264793522655964
9116,47,0.000125,0.0200539771467447
9117,47,0.000125,0.0191722996532917
9118,47,0.000125,0.0162123702466488
9119,48,0.000125,0.018235532566905
9120,48,0.000125,0.0201807152479887
9121,48,0.000125,0.0170202702283859
9122,48,0.000125,0.0187738891690969
9123,48,0.000125,0.0195340495556593
9124,48,0.000125,0.0167963020503521
9125,48,0.000125,0.0215871259570122
9126,48,0.000125,0.0200228784233332
9127,48,0.000125,0.0182508118450642
9128,48,0.000125,0.0199234038591385
9129,48,0.000125,0.0247006583958864
9130,48,0.000125,0.0201164651662111
9131,48,0.000125,0.0180137921124697
9132,48,0.000125,0.0241252966225147
9133,48,0.000125,0.0251501258462667
9134,48,0.000125,0.014631375670433
9135,48,0.000125,0.0200136303901672
9136,48,0.000125,0.0252766646444798
9137,48,0.000125,0.0214885994791985
9138,48,0.000125,0.0206545684486628
9139,48,0.000125,0.0214684903621674
9140,48,0.000125,0.0290186796337366
9141,48,0.000125,0.0179252680391073
9142,48,0.000125,0.0201793424785137
9143,48,0.000125,0.020285913720727
9144,48,0.000125,0.0193896200507879
9145,48,0.000125,0.0246336255222559
9146,48,0.000125,0.019606551155448
9147,48,0.000125,0.0152380587533116
9148,48,0.000125,0.0197885781526566
9149,48,0.000125,0.0151712419465184
9150,48,0.000125,0.0252180714160204
9151,48,0.000125,0.0171268712729216
9152,48,0.000125,0.025376096367836
9153,48,0.000125,0.0166882090270519
9154,48,0.000125,0.0153591623529792
9155,48,0.000125,0.0187068786472082
9156,48,0.000125,0.0216977596282959
9157,48,0.000125,0.018820071592927
9158,48,0.000125,0.0196428336203098
9159,48,0.000125,0.0183666367083788
9160,48,0.000125,0.02284568361938
9161,48,0.000125,0.0189612358808517
9162,48,0.000125,0.0176194738596678
9163,48,0.000125,0.017672335729003
9164,48,0.000125,0.0189406182616949
9165,48,0.000125,0.0201095715165138
9166,48,0.000125,0.0146415121853352
9167,48,0.000125,0.0200109295547009
9168,48,0.000125,0.0197886750102043
9169,48,0.000125,0.0215407200157642
9170,48,0.000125,0.0186077151447535
9171,48,0.000125,0.0171673409640789
9172,48,0.000125,0.0213797092437744
9173,48,0.000125,0.0188576895743608
9174,48,0.000125,0.0218578521162271
9175,48,0.000125,0.013696925714612
9176,48,0.000125,0.0178887974470854
9177,48,0.000125,0.0167738869786263
9178,48,0.000125,0.0169704388827085
9179,48,0.000125,0.0192006770521402
9180,48,0.000125,0.0195178557187319
9181,48,0.000125,0.0275986101478338
9182,48,0.000125,0.0175447296351194
9183,48,0.000125,0.0199577417224646
9184,48,0.000125,0.0185294207185507
9185,48,0.000125,0.0211763996630907
9186,48,0.000125,0.0204470679163933
9187,48,0.000125,0.0182101093232632
9188,48,0.000125,0.0253740288317204
9189,48,0.000125,0.0171689484268427
9190,48,0.000125,0.0175619665533304
9191,48,0.000125,0.0203701835125685
9192,48,0.000125,0.0193867087364197
9193,48,0.000125,0.0234564058482647
9194,48,0.000125,0.0218465346843004
9195,48,0.000125,0.0183965992182493
9196,48,0.000125,0.0169977303594351
9197,48,0.000125,0.0185620374977589
9198,48,0.000125,0.0168100465089083
9199,48,0.000125,0.0188580937683582
9200,48,0.000125,0.0213195998221636
9201,48,0.000125,0.0176995955407619
9202,48,0.000125,0.0247111544013023
9203,48,0.000125,0.0219279080629349
9204,48,0.000125,0.014912836253643
9205,48,0.000125,0.0210032127797604
9206,48,0.000125,0.0161378253251314
9207,48,0.000125,0.0210943482816219
9208,48,0.000125,0.0186413545161486
9209,48,0.000125,0.0206871908158064
9210,48,0.000125,0.0183340162038803
9211,48,0.000125,0.0185132920742035
9212,48,0.000125,0.0186079312115908
9213,48,0.000125,0.0221463851630688
9214,48,0.000125,0.0192279573529959
9215,48,0.000125,0.0144514134153724
9216,48,0.000125,0.0221281759440899
9217,48,0.000125,0.018479635939002
9218,48,0.000125,0.0231485925614834
9219,48,0.000125,0.0220818836241961
9220,48,0.000125,0.017331562936306
9221,48,0.000125,0.0180477891117334
9222,48,0.000125,0.0181187521666288
9223,48,0.000125,0.0381733663380146
9224,48,0.000125,0.0165916662663221
9225,48,0.000125,0.0177228506654501
9226,48,0.000125,0.0256191994994879
9227,48,0.000125,0.0220186188817024
9228,48,0.000125,0.019937900826335
9229,48,0.000125,0.0151566322892904
9230,48,0.000125,0.0196470711380243
9231,48,0.000125,0.0217140167951584
9232,48,0.000125,0.0139151513576508
9233,48,0.000125,0.0200253147631884
9234,48,0.000125,0.0164353083819151
9235,48,0.000125,0.0196696352213621
9236,48,0.000125,0.0189330615103245
9237,48,0.000125,0.0242486894130707
9238,48,0.000125,0.0145491641014814
9239,48,0.000125,0.0214551500976086
9240,48,0.000125,0.0232505649328232
9241,48,0.000125,0.0221735145896673
9242,48,0.000125,0.0179667770862579
9243,48,0.000125,0.0220720898360014
9244,48,0.000125,0.0173070318996906
9245,48,0.000125,0.0213136970996857
9246,48,0.000125,0.021875511854887
9247,48,0.000125,0.0205450318753719
9248,48,0.000125,0.0173681657761335
9249,48,0.000125,0.0198697503656149
9250,48,0.000125,0.0232229363173246
9251,48,0.000125,0.0159413684159517
9252,48,0.000125,0.0235489569604397
9253,48,0.000125,0.0196439251303673
9254,48,0.000125,0.0193872880190611
9255,48,0.000125,0.0265424270182848
9256,48,0.000125,0.0251914262771606
9257,48,0.000125,0.0154454167932272
9258,48,0.000125,0.0242084041237831
9259,48,0.000125,0.0193701647222042
9260,48,0.000125,0.0224878285080194
9261,48,0.000125,0.0182056128978729
9262,48,0.000125,0.0194420516490936
9263,48,0.000125,0.0152580793946981
9264,48,0.000125,0.0187346450984478
9265,48,0.000125,0.0219827443361282
9266,48,0.000125,0.019034506753087
9267,48,0.000125,0.0194919072091579
9268,48,0.000125,0.0186366271227598
9269,48,0.000125,0.0184172764420509
9270,48,0.000125,0.0205992143601179
9271,48,0.000125,0.0218409635126591
9272,48,0.000125,0.020229883491993
9273,48,0.000125,0.0190799981355667
9274,48,0.000125,0.0253115724772215
9275,48,0.000125,0.0198345556855202
9276,48,0.000125,0.0199043266475201
9277,48,0.000125,0.0222615133970976
9278,48,0.000125,0.0232111643999815
9279,48,0.000125,0.019723379984498
9280,48,0.000125,0.0207741502672434
9281,48,0.000125,0.0189686119556427
9282,48,0.000125,0.0204865541309118
9283,48,0.000125,0.0167403165251017
9284,48,0.000125,0.0183418244123459
9285,48,0.000125,0.0162490420043468
9286,48,0.000125,0.019337385892868
9287,48,0.000125,0.0176586471498013
9288,48,0.000125,0.0295433700084686
9289,48,0.000125,0.0193623658269644
9290,48,0.000125,0.0244977287948132
9291,48,0.000125,0.0203690472990274
9292,48,0.000125,0.0156888887286186
9293,48,0.000125,0.020491199567914
9294,48,0.000125,0.0211429856717587
9295,48,0.000125,0.018792700022459
9296,48,0.000125,0.0155697464942932
9297,48,0.000125,0.0234689489006996
9298,48,0.000125,0.0194529835134745
9299,48,0.000125,0.0142239453271031
9300,48,0.000125,0.0240419507026672
9301,48,0.000125,0.0181922856718302
9302,48,0.000125,0.0140159241855145
9303,48,0.000125,0.0203860141336918
9304,48,0.000125,0.0194561369717121
9305,48,0.000125,0.0178882088512182
9306,48,0.000125,0.0159341040998697
9307,48,0.000125,0.0194293297827244
9308,48,0.000125,0.0161225944757462
9309,48,0.000125,0.0185480490326881
9310,48,0.000125,0.0185804534703493
9311,48,0.000125,0.0151706533506513
9312,48,0.000125,0.0227535776793957
9313,49,0.000125,0.0178823452442884
9314,49,0.000125,0.018934378400445
9315,49,0.000125,0.0154672656208277
9316,49,0.000125,0.020592238754034
9317,49,0.000125,0.0241193920373917
9318,49,0.000125,0.0207339636981487
9319,49,0.000125,0.0204503778368235
9320,49,0.000125,0.0193700604140759
9321,49,0.000125,0.018886948004365
9322,49,0.000125,0.0189582593739033
9323,49,0.000125,0.01992117613554
9324,49,0.000125,0.0197220724076033
9325,49,0.000125,0.0177468564361334
9326,49,0.000125,0.0190479140728712
9327,49,0.000125,0.0208012945950031
9328,49,0.000125,0.0156640224158764
9329,49,0.000125,0.0145748751237988
9330,49,0.000125,0.0171297658234835
9331,49,0.000125,0.0143985981121659
9332,49,0.000125,0.0192246586084366
9333,49,0.000125,0.0163829158991575
9334,49,0.000125,0.0202922131866217
9335,49,0.000125,0.0327778831124306
9336,49,0.000125,0.0206584632396698
9337,49,0.000125,0.0270185451954603
9338,49,0.000125,0.0298787839710712
9339,49,0.000125,0.0146046616137028
9340,49,0.000125,0.0190232209861279
9341,49,0.000125,0.0199743416160345
9342,49,0.000125,0.0187621973454952
9343,49,0.000125,0.0167944990098476
9344,49,0.000125,0.0197815354913473
9345,49,0.000125,0.0212594736367464
9346,49,0.000125,0.0242453310638666
9347,49,0.000125,0.0188024360686541
9348,49,0.000125,0.0196488294750452
9349,49,0.000125,0.0220089610666037
9350,49,0.000125,0.0155108375474811
9351,49,0.000125,0.0183411780744791
9352,49,0.000125,0.0209326464682817
9353,49,0.000125,0.0188834145665169
9354,49,0.000125,0.0175033770501614
9355,49,0.000125,0.0195592045783997
9356,49,0.000125,0.013295485638082
9357,49,0.000125,0.0201559606939554
9358,49,0.000125,0.0208288468420506
9359,49,0.000125,0.021190432831645
9360,49,0.000125,0.0179337300360203
9361,49,0.000125,0.0245196837931871
9362,49,0.000125,0.0267110876739025
9363,49,0.000125,0.0194696988910437
9364,49,0.000125,0.0165458619594574
9365,49,0.000125,0.0190938767045736
9366,49,0.000125,0.0197637043893337
9367,49,0.000125,0.0207570474594831
9368,49,0.000125,0.0158299095928669
9369,49,0.000125,0.0196965038776398
9370,49,0.000125,0.015125828795135
9371,49,0.000125,0.0253532025963068
9372,49,0.000125,0.0184996426105499
9373,49,0.000125,0.023012911900878
9374,49,0.000125,0.0154290674254298
9375,49,0.000125,0.0150573141872883
9376,49,0.000125,0.0172625966370106
9377,49,0.000125,0.0181390568614006
9378,49,0.000125,0.0176326762884855
9379,49,0.000125,0.017254801467061
9380,49,0.000125,0.0290303248912096
9381,49,0.000125,0.0201044157147408
9382,49,0.000125,0.0217403545975685
9383,49,0.000125,0.017721077427268
9384,49,0.000125,0.017109664157033
9385,49,0.000125,0.0243708211928606
9386,49,0.000125,0.0178075637668371
9387,49,0.000125,0.0239315163344145
9388,49,0.000125,0.0233086980879307
9389,49,0.000125,0.0176347587257624
9390,49,0.000125,0.0189636908471584
9391,49,0.000125,0.0235042348504066
9392,49,0.000125,0.0192888751626015
9393,49,0.000125,0.0188226960599422
9394,49,0.000125,0.0242866035550833
9395,49,0.000125,0.0175023134797812
9396,49,0.000125,0.0148814711719751
9397,49,0.000125,0.0212438739836216
9398,49,0.000125,0.0212631952017546
9399,49,0.000125,0.0201704706996679
9400,49,0.000125,0.0220383759588003
9401,49,0.000125,0.0191313233226538
9402,49,0.000125,0.0199247673153877
9403,49,0.000125,0.0180251114070415
9404,49,0.000125,0.0183519124984741
9405,49,0.000125,0.0234145820140839
9406,49,0.000125,0.0157551262527704
9407,49,0.000125,0.0163771454244852
9408,49,0.000125,0.0230901539325714
9409,49,0.000125,0.0218240562826395
9410,49,0.000125,0.0175403319299221
9411,49,0.000125,0.0162048079073429
9412,49,0.000125,0.0191474221646786
9413,49,0.000125,0.0186454728245735
9414,49,0.000125,0.0197603702545166
9415,49,0.000125,0.0249664541333914
9416,49,0.000125,0.0211604684591293
9417,49,0.000125,0.016418594866991
9418,49,0.000125,0.0183754619210958
9419,49,0.000125,0.0165821667760611
9420,49,0.000125,0.0171361230313778
9421,49,0.000125,0.0177759304642677
9422,49,0.000125,0.0255468301475048
9423,49,0.000125,0.024026183411479
9424,49,0.000125,0.0199319012463093
9425,49,0.000125,0.0192330479621887
9426,49,0.000125,0.0185808036476374
9427,49,0.000125,0.0181861259043217
9428,49,0.000125,0.019446175545454
9429,49,0.000125,0.0206476412713528
9430,49,0.000125,0.0179530568420887
9431,49,0.000125,0.0159218590706587
9432,49,0.000125,0.0238704960793257
9433,49,0.000125,0.0248505305498838
9434,49,0.000125,0.023986192420125
9435,49,0.000125,0.0152759784832597
9436,49,0.000125,0.0220600254833698
9437,49,0.000125,0.0188647545874119
9438,49,0.000125,0.0221988596022129
9439,49,0.000125,0.0171051770448685
9440,49,0.000125,0.0193814244121313
9441,49,0.000125,0.0218188501894474
9442,49,0.000125,0.0203871950507164
9443,49,0.000125,0.0213167835026979
9444,49,0.000125,0.0207244567573071
9445,49,0.000125,0.0220516733825207
9446,49,0.000125,0.0222307834774256
9447,49,0.000125,0.0196645371615887
9448,49,0.000125,0.0207956545054913
9449,49,0.000125,0.0187245178967714
9450,49,0.000125,0.0183678939938545
9451,49,0.000125,0.0213024336844683
9452,49,0.000125,0.0178051311522722
9453,49,0.000125,0.0145927928388119
9454,49,0.000125,0.0180207490921021
9455,49,0.000125,0.0175993107259274
9456,49,0.000125,0.0152621623128653
9457,49,0.000125,0.0209695771336555
9458,49,0.000125,0.022727508097887
9459,49,0.000125,0.0213048532605171
9460,49,0.000125,0.023922810330987
9461,49,0.000125,0.0180881507694721
9462,49,0.000125,0.0128975436091423
9463,49,0.000125,0.0227018259465694
9464,49,0.000125,0.0181401707231998
9465,49,0.000125,0.027904724702239
9466,49,0.000125,0.0209266636520624
9467,49,0.000125,0.0196173954755068
9468,49,0.000125,0.0175800304859877
9469,49,0.000125,0.0207569003105164
9470,49,0.000125,0.0181397926062346
9471,49,0.000125,0.0218810886144638
9472,49,0.000125,0.0176660176366568
9473,49,0.000125,0.0171096138656139
9474,49,0.000125,0.0195368621498346
9475,49,0.000125,0.0240379609167576
9476,49,0.000125,0.0225933473557234
9477,49,0.000125,0.0171028114855289
9478,49,0.000125,0.0240084119141102
9479,49,0.000125,0.0187713410705328
9480,49,0.000125,0.0200013350695372
9481,49,0.000125,0.0230911020189524
9482,49,0.000125,0.0229170676320791
9483,49,0.000125,0.0257121548056602
9484,49,0.000125,0.0147253554314375
9485,49,0.000125,0.0231139399111271
9486,49,0.000125,0.019692363217473
9487,49,0.000125,0.0199392568320036
9488,49,0.000125,0.0177702605724335
9489,49,0.000125,0.0154717303812504
9490,49,0.000125,0.0178919024765491
9491,49,0.000125,0.0222849622368813
9492,49,0.000125,0.0208639111369848
9493,49,0.000125,0.0228105317801237
9494,49,0.000125,0.022602304816246
9495,49,0.000125,0.0198585726320744
9496,49,0.000125,0.0144390407949686
9497,49,0.000125,0.0189509652554989
9498,49,0.000125,0.0159653145819902
9499,49,0.000125,0.0228725541383028
9500,49,0.000125,0.016589330509305
9501,49,0.000125,0.0180597361177206
9502,49,0.000125,0.0236273650079966
9503,49,0.000125,0.0188804045319557
9504,49,0.000125,0.0128113711252809
9505,49,0.000125,0.0176153518259525
9506,49,0.000125,0.0144468154758215
9507,50,0.000125,0.0193443279713392
9508,50,0.000125,0.0242376886308193
9509,50,0.000125,0.0170474946498871
9510,50,0.000125,0.0157145485281944
9511,50,0.000125,0.0143156563863158
9512,50,0.000125,0.0205800347030163
9513,50,0.000125,0.0179497599601746
9514,50,0.000125,0.0155886523425579
9515,50,0.000125,0.0237519964575768
9516,50,0.000125,0.0180283766239882
9517,50,0.000125,0.0196613799780607
9518,50,0.000125,0.0221209954470396
9519,50,0.000125,0.0168504938483238
9520,50,0.000125,0.0171968787908554
9521,50,0.000125,0.0162187907844782
9522,50,0.000125,0.0182284563779831
9523,50,0.000125,0.0148050896823406
9524,50,0.000125,0.0191173702478409
9525,50,0.000125,0.0153333768248558
9526,50,0.000125,0.0193959157913923
9527,50,0.000125,0.0221673864871264
9528,50,0.000125,0.0170859824866056
9529,50,0.000125,0.0239244606345892
9530,50,0.000125,0.018770968541503
9531,50,0.000125,0.0224490873515606
9532,50,0.000125,0.0245460048317909
9533,50,0.000125,0.0198955256491899
9534,50,0.000125,0.019103305414319
9535,50,0.000125,0.0206803195178509
9536,50,0.000125,0.0179203823208809
9537,50,0.000125,0.0211349837481976
9538,50,0.000125,0.0155953066423535
9539,50,0.000125,0.0144370486959815
9540,50,0.000125,0.0189309697598219
9541,50,0.000125,0.0190282184630632
9542,50,0.000125,0.0235772151499987
9543,50,0.000125,0.0189729649573565
9544,50,0.000125,0.0181104969233274
9545,50,0.000125,0.0174679383635521
9546,50,0.000125,0.0248583722859621
9547,50,0.000125,0.0155179314315319
9548,50,0.000125,0.0180531069636345
9549,50,0.000125,0.0186665095388889
9550,50,0.000125,0.0248878803104162
9551,50,0.000125,0.0177765712141991
9552,50,0.000125,0.0149591201916337
9553,50,0.000125,0.0192048437893391
9554,50,0.000125,0.0218671206384897
9555,50,0.000125,0.0207974687218666
9556,50,0.000125,0.0213838014751673
9557,50,0.000125,0.0164018031209707
9558,50,0.000125,0.0205024071037769
9559,50,0.000125,0.0184218157082796
9560,50,0.000125,0.0194126274436712
9561,50,0.000125,0.0244464445859194
9562,50,0.000125,0.0241316482424736
9563,50,0.000125,0.0212979055941105
9564,50,0.000125,0.0190452579408884
9565,50,0.000125,0.0184730403125286
9566,50,0.000125,0.0239953566342592
9567,50,0.000125,0.0186700560152531
9568,50,0.000125,0.0193421505391598
9569,50,0.000125,0.0202227775007486
9570,50,0.000125,0.0176597721874714
9571,50,0.000125,0.0258676782250404
9572,50,0.000125,0.0164121128618717
9573,50,0.000125,0.0208581164479256
9574,50,0.000125,0.0188705399632454
9575,50,0.000125,0.0276455637067556
9576,50,0.000125,0.0164773799479008
9577,50,0.000125,0.0220187399536371
9578,50,0.000125,0.0220217313617468
9579,50,0.000125,0.0209357254207134
9580,50,0.000125,0.0208209715783596
9581,50,0.000125,0.0134580107405782
9582,50,0.000125,0.0217529404908419
9583,50,0.000125,0.0238417070358992
9584,50,0.000125,0.018530847504735
9585,50,0.000125,0.0186168104410172
9586,50,0.000125,0.0236043315380812
9587,50,0.000125,0.0194194000214338
9588,50,0.000125,0.0227468814700842
9589,50,0.000125,0.0199366323649883
9590,50,0.000125,0.0233915988355875
9591,50,0.000125,0.0160509757697582
9592,50,0.000125,0.0245075598359108
9593,50,0.000125,0.0141044389456511
9594,50,0.000125,0.0178654938936234
9595,50,0.000125,0.0193661209195852
9596,50,0.000125,0.0236586816608906
9597,50,0.000125,0.014320763759315
9598,50,0.000125,0.0181314796209335
9599,50,0.000125,0.0160861108452082
9600,50,0.000125,0.0212488025426865
9601,50,0.000125,0.0217980779707432
9602,50,0.000125,0.0225422363728285
9603,50,0.000125,0.0225792303681374
9604,50,0.000125,0.0188359227031469
9605,50,0.000125,0.0307670459151268
9606,50,0.000125,0.0216825380921364
9607,50,0.000125,0.0171587374061346
9608,50,0.000125,0.0212786477059126
9609,50,0.000125,0.0153090404346585
9610,50,0.000125,0.0171672906726599
9611,50,0.000125,0.0211662594228983
9612,50,0.000125,0.0185115747153759
9613,50,0.000125,0.0142178144305944
9614,50,0.000125,0.015280082821846
9615,50,0.000125,0.0153635265305638
9616,50,0.000125,0.0231947675347328
9617,50,0.000125,0.0186175517737865
9618,50,0.000125,0.0174451135098934
9619,50,0.000125,0.0159216988831758
9620,50,0.000125,0.0169802960008383
9621,50,0.000125,0.0164818856865168
9622,50,0.000125,0.0202391389757395
9623,50,0.000125,0.0178198665380478
9624,50,0.000125,0.0193106271326542
9625,50,0.000125,0.0176743883639574
9626,50,0.000125,0.0182072930037975
9627,50,0.000125,0.0219169594347477
9628,50,0.000125,0.0221204906702042
9629,50,0.000125,0.0215893909335136
9630,50,0.000125,0.0205908454954624
9631,50,0.000125,0.0191227328032255
9632,50,0.000125,0.0181807819753885
9633,50,0.000125,0.0217196829617023
9634,50,0.000125,0.0239364020526409
9635,50,0.000125,0.021544024348259
9636,50,0.000125,0.0200003106147051
9637,50,0.000125,0.0188224874436855
9638,50,0.000125,0.0238199532032013
9639,50,0.000125,0.0233973544090986
9640,50,0.000125,0.0222012102603912
9641,50,0.000125,0.0204316638410091
9642,50,0.000125,0.0181857813149691
9643,50,0.000125,0.0250246804207563
9644,50,0.000125,0.0211672596633434
9645,50,0.000125,0.0230981521308422
9646,50,0.000125,0.0226037241518497
9647,50,0.000125,0.0183417927473783
9648,50,0.000125,0.0137990154325962
9649,50,0.000125,0.026847880333662
9650,50,0.000125,0.0171607360243797
9651,50,0.000125,0.0228519532829523
9652,50,0.000125,0.0172580722719431
9653,50,0.000125,0.0157519821077585
9654,50,0.000125,0.0227306969463825
9655,50,0.000125,0.0189921241253614
9656,50,0.000125,0.0187616366893053
9657,50,0.000125,0.0254235323518515
9658,50,0.000125,0.0174743179231882
9659,50,0.000125,0.0196845214813948
9660,50,0.000125,0.0246551353484392
9661,50,0.000125,0.0201812069863081
9662,50,0.000125,0.0149146802723408
9663,50,0.000125,0.0173147432506084
9664,50,0.000125,0.0195404607802629
9665,50,0.000125,0.0223766658455133
9666,50,0.000125,0.0233414508402348
9667,50,0.000125,0.0237915869802237
9668,50,0.000125,0.0169359613209963
9669,50,0.000125,0.0224336236715317
9670,50,0.000125,0.0145641807466745
9671,50,0.000125,0.0178867653012276
9672,50,0.000125,0.0209474731236696
9673,50,0.000125,0.0149569818750024
9674,50,0.000125,0.0192695558071136
9675,50,0.000125,0.0205924399197102
9676,50,0.000125,0.0123244225978851
9677,50,0.000125,0.020617887377739
9678,50,0.000125,0.0193165447562933
9679,50,0.000125,0.0216463673859835
9680,50,0.000125,0.0220758132636547
9681,50,0.000125,0.021134315058589
9682,50,0.000125,0.023960929363966
9683,50,0.000125,0.0225232094526291
9684,50,0.000125,0.024634562432766
9685,50,0.000125,0.0151486331596971
9686,50,0.000125,0.0187772233039141
9687,50,0.000125,0.0232578478753567
9688,50,0.000125,0.0161473955959082
9689,50,0.000125,0.0207263976335526
9690,50,0.000125,0.0176800340414047
9691,50,0.000125,0.01707031019032
9692,50,0.000125,0.0205222200602293
9693,50,0.000125,0.0178541559726
9694,50,0.000125,0.0214096587151289
9695,50,0.000125,0.0173647552728653
9696,50,0.000125,0.0225577410310507
9697,50,0.000125,0.0204927362501621
9698,50,0.000125,0.0213157366961241
9699,50,0.000125,0.0179540533572435
9700,50,0.000125,0.0139682563021779
