peak_threshold,quality_threshold,max_SP_seconds,Policy,Phase,Tolerance_ms,Method,Mode,BaseSeed,MetaSeed,N,N_accepted,TP,F1,Coverage,MAE_ms
0.2,2,20,accepted,P,100,Stack,Full3C,43,42,330,328,275,0.8358662613981763,0.9939393939393939,130.1219512195121
0.2,2,20,accepted,P,100,Stack,Full3C,43,43,330,329,274,0.8315629742033384,0.996969696969697,128.6930091185409
0.2,2,20,accepted,P,100,Stack,Full3C,43,44,330,328,272,0.8267477203647416,0.9939393939393939,131.92073170731697
0.2,2,20,accepted,P,100,Stack,Zonly,43,42,330,330,269,0.8151515151515152,1.0,328.3030303030302
0.2,2,20,accepted,P,100,Stack,Zonly,43,43,330,327,267,0.8127853881278538,0.990909090909091,130.4281345565748
0.2,2,20,accepted,P,100,Stack,Zonly,43,44,330,330,268,0.8121212121212121,1.0,314.9393939393938
0.2,2,20,accepted,P,100,Stack,Full3C,44,42,330,329,270,0.8194233687405159,0.996969696969697,107.32522796352572
0.2,2,20,accepted,P,100,Stack,Full3C,44,43,330,327,270,0.821917808219178,0.990909090909091,105.38226299694179
0.2,2,20,accepted,P,100,Stack,Full3C,44,44,330,330,268,0.8121212121212121,1.0,354.4242424242423
0.2,2,20,accepted,P,100,Stack,Zonly,44,42,330,327,269,0.8188736681887366,0.990909090909091,128.56269113149833
0.2,2,20,accepted,P,100,Stack,Zonly,44,43,330,330,271,0.8212121212121212,1.0,351.81818181818176
0.2,2,20,accepted,P,100,Stack,Zonly,44,44,330,329,270,0.8194233687405159,0.996969696969697,165.288753799392
0.2,2,20,accepted,P,100,PhaseNetMatched,Full3C,42,,330,330,324,0.9818181818181818,1.0,41.09090909090887
0.2,2,20,accepted,P,100,PhaseNetMatched,Full3C,43,,330,330,325,0.9848484848484849,1.0,28.33333333333328
0.2,2,20,accepted,P,100,PhaseNetMatched,Full3C,44,,330,329,324,0.9833080424886191,0.996969696969697,33.98176291793293
0.2,2,20,accepted,P,100,PhaseNetMatched,Zonly,42,,330,330,326,0.9878787878787879,1.0,21.48484848484837
0.2,2,20,accepted,P,100,PhaseNetMatched,Zonly,43,,330,329,324,0.9833080424886191,0.996969696969697,26.504559270516463
0.2,2,20,accepted,P,100,PhaseNetMatched,Zonly,44,,330,330,323,0.9787878787878788,1.0,28.939393939393817
0.2,2,20,accepted,P,100,Stack,Full3C,42,42,330,328,276,0.8389057750759878,0.9939393939393939,127.07317073170718
0.2,2,20,accepted,P,100,Stack,Full3C,42,43,330,329,271,0.8224582701062215,0.996969696969697,130.9422492401215
0.2,2,20,accepted,P,100,Stack,Full3C,42,44,330,330,271,0.8212121212121212,1.0,291.84848484848476
0.2,2,20,accepted,P,100,Stack,Zonly,42,42,330,328,264,0.8024316109422492,0.9939393939393939,169.54268292682917
0.2,2,20,accepted,P,100,Stack,Zonly,42,43,330,327,265,0.806697108066971,0.990909090909091,137.73700305810385
0.2,2,20,accepted,P,100,Stack,Zonly,42,44,330,329,266,0.8072837632776935,0.996969696969697,172.03647416413364
0.2,2,20,accepted,S,100,Stack,Full3C,43,42,330,326,187,0.5701219512195121,0.9878787878787879,561.3496932515337
0.2,2,20,accepted,S,100,Stack,Full3C,43,43,330,329,186,0.5644916540212443,0.996969696969697,654.6200607902736
0.2,2,20,accepted,S,100,Stack,Full3C,43,44,330,328,187,0.5683890577507599,0.9939393939393939,595.4573170731708
0.2,2,20,accepted,S,100,Stack,Zonly,43,42,330,321,84,0.25806451612903225,0.9727272727272728,1215.576323987539
0.2,2,20,accepted,S,100,Stack,Zonly,43,43,330,315,80,0.24806201550387597,0.9545454545454546,1116.4444444444443
0.2,2,20,accepted,S,100,Stack,Zonly,43,44,330,313,79,0.24572317262830481,0.9484848484848485,1231.85303514377
0.2,2,20,accepted,S,100,Stack,Full3C,44,42,330,328,180,0.547112462006079,0.9939393939393939,542.469512195122
0.2,2,20,accepted,S,100,Stack,Full3C,44,43,330,326,184,0.5609756097560976,0.9878787878787879,602.8527607361963
0.2,2,20,accepted,S,100,Stack,Full3C,44,44,330,328,175,0.5319148936170213,0.9939393939393939,687.8353658536586
0.2,2,20,accepted,S,100,Stack,Zonly,44,42,330,325,94,0.2870229007633588,0.9848484848484849,1064.553846153846
0.2,2,20,accepted,S,100,Stack,Zonly,44,43,330,322,86,0.26380368098159507,0.9757575757575757,1073.2919254658384
0.2,2,20,accepted,S,100,Stack,Zonly,44,44,330,328,87,0.26443768996960487,0.9939393939393939,1032.408536585366
0.2,2,20,accepted,S,100,PhaseNetMatched,Full3C,42,,330,330,191,0.5787878787878787,1.0,179.54545454545453
0.2,2,20,accepted,S,100,PhaseNetMatched,Full3C,43,,330,325,203,0.6198473282442748,0.9848484848484849,163.99999999999997
0.2,2,20,accepted,S,100,PhaseNetMatched,Full3C,44,,330,329,184,0.5584218512898331,0.996969696969697,166.80851063829783
0.2,2,20,accepted,S,100,PhaseNetMatched,Zonly,42,,330,330,97,0.29393939393939394,1.0,602.4242424242424
0.2,2,20,accepted,S,100,PhaseNetMatched,Zonly,43,,330,328,105,0.3191489361702128,0.9939393939393939,441.28048780487813
0.2,2,20,accepted,S,100,PhaseNetMatched,Zonly,44,,330,330,94,0.28484848484848485,1.0,468.48484848484867
0.2,2,20,accepted,S,100,Stack,Full3C,42,42,330,328,181,0.5501519756838906,0.9939393939393939,517.7134146341464
0.2,2,20,accepted,S,100,Stack,Full3C,42,43,330,324,175,0.5351681957186545,0.9818181818181818,654.7530864197531
0.2,2,20,accepted,S,100,Stack,Full3C,42,44,330,324,178,0.5443425076452599,0.9818181818181818,518.3024691358024
0.2,2,20,accepted,S,100,Stack,Zonly,42,42,330,325,92,0.28091603053435116,0.9848484848484849,1125.2
0.2,2,20,accepted,S,100,Stack,Zonly,42,43,330,320,92,0.28307692307692306,0.9696969696969697,1259.9375
0.2,2,20,accepted,S,100,Stack,Zonly,42,44,330,317,91,0.28129829984544047,0.9606060606060606,1181.955835962145
0.2,2,20,strict,P,100,Stack,Full3C,43,42,330,324,275,0.8409785932721713,0.9818181818181818,128.0864197530863
0.2,2,20,strict,P,100,Stack,Full3C,43,43,330,325,272,0.8305343511450382,0.9848484848484849,127.16923076923064
0.2,2,20,strict,P,100,Stack,Full3C,43,44,330,326,272,0.8292682926829268,0.9878787878787879,130.18404907975446
0.2,2,20,strict,P,100,Stack,Zonly,43,42,330,329,268,0.8133535660091047,0.996969696969697,329.14893617021266
0.2,2,20,strict,P,100,Stack,Zonly,43,43,330,323,265,0.8116385911179173,0.9787878787878788,129.1021671826624
0.2,2,20,strict,P,100,Stack,Zonly,43,44,330,325,267,0.815267175572519,0.9848484848484849,129.63076923076915
0.2,2,20,strict,P,100,Stack,Full3C,44,42,330,325,269,0.8213740458015267,0.9848484848484849,104.09230769230759
0.2,2,20,strict,P,100,Stack,Full3C,44,43,330,322,270,0.8282208588957055,0.9757575757575757,101.27329192546573
0.2,2,20,strict,P,100,Stack,Full3C,44,44,330,328,268,0.8145896656534954,0.9939393939393939,166.95121951219505
0.2,2,20,strict,P,100,Stack,Zonly,44,42,330,324,267,0.8165137614678899,0.9818181818181818,127.93209876543196
0.2,2,20,strict,P,100,Stack,Zonly,44,43,330,327,271,0.8249619482496194,0.990909090909091,189.81651376146775
0.2,2,20,strict,P,100,Stack,Zonly,44,44,330,326,269,0.8201219512195121,0.9878787878787879,159.90797546012257
0.2,2,20,strict,P,100,PhaseNetMatched,Full3C,42,,330,330,324,0.9818181818181818,1.0,41.09090909090887
0.2,2,20,strict,P,100,PhaseNetMatched,Full3C,43,,330,330,325,0.9848484848484849,1.0,28.33333333333328
0.2,2,20,strict,P,100,PhaseNetMatched,Full3C,44,,330,329,324,0.9833080424886191,0.996969696969697,33.98176291793293
0.2,2,20,strict,P,100,PhaseNetMatched,Zonly,42,,330,330,326,0.9878787878787879,1.0,21.48484848484837
0.2,2,20,strict,P,100,PhaseNetMatched,Zonly,43,,330,329,324,0.9833080424886191,0.996969696969697,26.504559270516463
0.2,2,20,strict,P,100,PhaseNetMatched,Zonly,44,,330,329,323,0.9802731411229135,0.996969696969697,25.805471124619938
0.2,2,20,strict,P,100,Stack,Full3C,42,42,330,325,276,0.8427480916030534,0.9848484848484849,126.15384615384602
0.2,2,20,strict,P,100,Stack,Full3C,42,43,330,323,271,0.8300153139356815,0.9787878787878788,127.02786377708969
0.2,2,20,strict,P,100,Stack,Full3C,42,44,330,329,271,0.8224582701062215,0.996969696969697,291.88449848024305
0.2,2,20,strict,P,100,Stack,Zonly,42,42,330,328,264,0.8024316109422492,0.9939393939393939,169.54268292682917
0.2,2,20,strict,P,100,Stack,Zonly,42,43,330,323,264,0.8085758039816233,0.9787878787878788,132.01238390092865
0.2,2,20,strict,P,100,Stack,Zonly,42,44,330,324,264,0.8073394495412844,0.9818181818181818,133.36419753086412
0.2,2,20,strict,S,100,Stack,Full3C,43,42,330,319,185,0.5701078582434514,0.9666666666666667,471.56739811912206
0.2,2,20,strict,S,100,Stack,Full3C,43,43,330,322,186,0.5705521472392638,0.9757575757575757,607.5776397515529
0.2,2,20,strict,S,100,Stack,Full3C,43,44,330,323,186,0.5696784073506891,0.9787878787878788,555.3250773993808
0.2,2,20,strict,S,100,Stack,Zonly,43,42,330,298,79,0.2515923566878981,0.9030303030303031,1186.275167785235
0.2,2,20,strict,S,100,Stack,Zonly,43,43,330,282,76,0.24836601307189543,0.8545454545454545,1083.7943262411347
0.2,2,20,strict,S,100,Stack,Zonly,43,44,330,270,76,0.25333333333333335,0.8181818181818182,1086.3703703703704
0.2,2,20,strict,S,100,Stack,Full3C,44,42,330,327,179,0.5449010654490106,0.990909090909091,543.8226299694189
0.2,2,20,strict,S,100,Stack,Full3C,44,43,330,320,183,0.563076923076923,0.9696969696969697,567.5937499999999
0.2,2,20,strict,S,100,Stack,Full3C,44,44,330,325,175,0.5343511450381679,0.9848484848484849,643.4769230769231
0.2,2,20,strict,S,100,Stack,Zonly,44,42,330,293,90,0.28892455858747995,0.8878787878787879,954.9146757679181
0.2,2,20,strict,S,100,Stack,Zonly,44,43,330,291,83,0.2673107890499195,0.8818181818181818,974.9828178694158
0.2,2,20,strict,S,100,Stack,Zonly,44,44,330,298,83,0.2643312101910828,0.9030303030303031,986.1744966442953
0.2,2,20,strict,S,100,PhaseNetMatched,Full3C,42,,330,329,191,0.5796661608497724,0.996969696969697,177.62917933130697
0.2,2,20,strict,S,100,PhaseNetMatched,Full3C,43,,330,325,203,0.6198473282442748,0.9848484848484849,163.99999999999997
0.2,2,20,strict,S,100,PhaseNetMatched,Full3C,44,,330,328,184,0.5592705167173252,0.9939393939393939,165.85365853658533
0.2,2,20,strict,S,100,PhaseNetMatched,Zonly,42,,330,330,97,0.29393939393939394,1.0,602.4242424242424
0.2,2,20,strict,S,100,PhaseNetMatched,Zonly,43,,330,325,104,0.31755725190839695,0.9848484848484849,421.78461538461545
0.2,2,20,strict,S,100,PhaseNetMatched,Zonly,44,,330,330,94,0.28484848484848485,1.0,468.48484848484867
0.2,2,20,strict,S,100,Stack,Full3C,42,42,330,322,181,0.5552147239263804,0.9757575757575757,492.17391304347825
0.2,2,20,strict,S,100,Stack,Full3C,42,43,330,321,173,0.5314900153609831,0.9727272727272728,659.2523364485982
0.2,2,20,strict,S,100,Stack,Full3C,42,44,330,321,178,0.5468509984639017,0.9727272727272728,510.7165109034268
0.2,2,20,strict,S,100,Stack,Zonly,42,42,330,298,88,0.2802547770700637,0.9030303030303031,1114.1610738255033
0.2,2,20,strict,S,100,Stack,Zonly,42,43,330,280,84,0.2754098360655738,0.8484848484848485,1179.75
0.2,2,20,strict,S,100,Stack,Zonly,42,44,330,254,83,0.2842465753424658,0.7696969696969697,994.8425196850394
0.2,2,30,accepted,P,100,Stack,Full3C,43,42,330,328,275,0.8358662613981763,0.9939393939393939,130.1219512195121
0.2,2,30,accepted,P,100,Stack,Full3C,43,43,330,329,274,0.8315629742033384,0.996969696969697,128.6930091185409
0.2,2,30,accepted,P,100,Stack,Full3C,43,44,330,328,272,0.8267477203647416,0.9939393939393939,131.92073170731697
0.2,2,30,accepted,P,100,Stack,Zonly,43,42,330,330,269,0.8151515151515152,1.0,328.3030303030302
0.2,2,30,accepted,P,100,Stack,Zonly,43,43,330,327,267,0.8127853881278538,0.990909090909091,130.4281345565748
0.2,2,30,accepted,P,100,Stack,Zonly,43,44,330,330,268,0.8121212121212121,1.0,314.9393939393938
0.2,2,30,accepted,P,100,Stack,Full3C,44,42,330,329,270,0.8194233687405159,0.996969696969697,107.32522796352572
0.2,2,30,accepted,P,100,Stack,Full3C,44,43,330,327,270,0.821917808219178,0.990909090909091,105.38226299694179
0.2,2,30,accepted,P,100,Stack,Full3C,44,44,330,330,268,0.8121212121212121,1.0,354.4242424242423
0.2,2,30,accepted,P,100,Stack,Zonly,44,42,330,327,269,0.8188736681887366,0.990909090909091,128.56269113149833
0.2,2,30,accepted,P,100,Stack,Zonly,44,43,330,330,271,0.8212121212121212,1.0,351.81818181818176
0.2,2,30,accepted,P,100,Stack,Zonly,44,44,330,329,270,0.8194233687405159,0.996969696969697,165.288753799392
0.2,2,30,accepted,P,100,PhaseNetMatched,Full3C,42,,330,330,324,0.9818181818181818,1.0,41.09090909090887
0.2,2,30,accepted,P,100,PhaseNetMatched,Full3C,43,,330,330,325,0.9848484848484849,1.0,28.33333333333328
0.2,2,30,accepted,P,100,PhaseNetMatched,Full3C,44,,330,329,324,0.9833080424886191,0.996969696969697,33.98176291793293
0.2,2,30,accepted,P,100,PhaseNetMatched,Zonly,42,,330,330,326,0.9878787878787879,1.0,21.48484848484837
0.2,2,30,accepted,P,100,PhaseNetMatched,Zonly,43,,330,329,324,0.9833080424886191,0.996969696969697,26.504559270516463
0.2,2,30,accepted,P,100,PhaseNetMatched,Zonly,44,,330,330,323,0.9787878787878788,1.0,28.939393939393817
0.2,2,30,accepted,P,100,Stack,Full3C,42,42,330,328,276,0.8389057750759878,0.9939393939393939,127.07317073170718
0.2,2,30,accepted,P,100,Stack,Full3C,42,43,330,329,271,0.8224582701062215,0.996969696969697,130.9422492401215
0.2,2,30,accepted,P,100,Stack,Full3C,42,44,330,330,271,0.8212121212121212,1.0,291.84848484848476
0.2,2,30,accepted,P,100,Stack,Zonly,42,42,330,328,264,0.8024316109422492,0.9939393939393939,169.54268292682917
0.2,2,30,accepted,P,100,Stack,Zonly,42,43,330,327,265,0.806697108066971,0.990909090909091,137.73700305810385
0.2,2,30,accepted,P,100,Stack,Zonly,42,44,330,329,266,0.8072837632776935,0.996969696969697,172.03647416413364
0.2,2,30,accepted,S,100,Stack,Full3C,43,42,330,326,187,0.5701219512195121,0.9878787878787879,587.6687116564417
0.2,2,30,accepted,S,100,Stack,Full3C,43,43,330,329,186,0.5644916540212443,0.996969696969697,790.3951367781156
0.2,2,30,accepted,S,100,Stack,Full3C,43,44,330,328,187,0.5683890577507599,0.9939393939393939,666.6463414634146
0.2,2,30,accepted,S,100,Stack,Zonly,43,42,330,321,84,0.25806451612903225,0.9727272727272728,1380.7165109034268
0.2,2,30,accepted,S,100,Stack,Zonly,43,43,330,315,80,0.24806201550387597,0.9545454545454546,1284.7936507936508
0.2,2,30,accepted,S,100,Stack,Zonly,43,44,330,313,79,0.24572317262830481,0.9484848484848485,1401.3418530351437
0.2,2,30,accepted,S,100,Stack,Full3C,44,42,330,328,180,0.547112462006079,0.9939393939393939,562.560975609756
0.2,2,30,accepted,S,100,Stack,Full3C,44,43,330,326,183,0.5579268292682927,0.9878787878787879,727.4539877300614
0.2,2,30,accepted,S,100,Stack,Full3C,44,44,330,328,175,0.5319148936170213,0.9939393939393939,759.0853658536586
0.2,2,30,accepted,S,100,Stack,Zonly,44,42,330,325,94,0.2870229007633588,0.9848484848484849,1064.553846153846
0.2,2,30,accepted,S,100,Stack,Zonly,44,43,330,322,86,0.26380368098159507,0.9757575757575757,1073.2919254658384
0.2,2,30,accepted,S,100,Stack,Zonly,44,44,330,328,87,0.26443768996960487,0.9939393939393939,1032.408536585366
0.2,2,30,accepted,S,100,PhaseNetMatched,Full3C,42,,330,330,191,0.5787878787878787,1.0,179.54545454545453
0.2,2,30,accepted,S,100,PhaseNetMatched,Full3C,43,,330,325,203,0.6198473282442748,0.9848484848484849,163.99999999999997
0.2,2,30,accepted,S,100,PhaseNetMatched,Full3C,44,,330,329,184,0.5584218512898331,0.996969696969697,166.80851063829783
0.2,2,30,accepted,S,100,PhaseNetMatched,Zonly,42,,330,330,97,0.29393939393939394,1.0,602.4242424242424
0.2,2,30,accepted,S,100,PhaseNetMatched,Zonly,43,,330,328,105,0.3191489361702128,0.9939393939393939,441.28048780487813
0.2,2,30,accepted,S,100,PhaseNetMatched,Zonly,44,,330,330,94,0.28484848484848485,1.0,468.48484848484867
0.2,2,30,accepted,S,100,Stack,Full3C,42,42,330,328,181,0.5501519756838906,0.9939393939393939,593.9024390243902
0.2,2,30,accepted,S,100,Stack,Full3C,42,43,330,326,175,0.5335365853658537,0.9878787878787879,772.8220858895705
0.2,2,30,accepted,S,100,Stack,Full3C,42,44,330,325,178,0.5435114503816794,0.9848484848484849,613.5076923076922
0.2,2,30,accepted,S,100,Stack,Zonly,42,42,330,325,92,0.28091603053435116,0.9848484848484849,1167.3846153846155
0.2,2,30,accepted,S,100,Stack,Zonly,42,43,330,320,92,0.28307692307692306,0.9696969696969697,1259.9375
0.2,2,30,accepted,S,100,Stack,Zonly,42,44,330,317,91,0.28129829984544047,0.9606060606060606,1181.955835962145
0.2,2,30,strict,P,100,Stack,Full3C,43,42,330,324,275,0.8409785932721713,0.9818181818181818,128.0864197530863
0.2,2,30,strict,P,100,Stack,Full3C,43,43,330,325,272,0.8305343511450382,0.9848484848484849,127.16923076923064
0.2,2,30,strict,P,100,Stack,Full3C,43,44,330,326,272,0.8292682926829268,0.9878787878787879,130.18404907975446
0.2,2,30,strict,P,100,Stack,Zonly,43,42,330,329,268,0.8133535660091047,0.996969696969697,329.14893617021266
0.2,2,30,strict,P,100,Stack,Zonly,43,43,330,323,265,0.8116385911179173,0.9787878787878788,129.1021671826624
0.2,2,30,strict,P,100,Stack,Zonly,43,44,330,325,267,0.815267175572519,0.9848484848484849,129.63076923076915
0.2,2,30,strict,P,100,Stack,Full3C,44,42,330,325,269,0.8213740458015267,0.9848484848484849,104.09230769230759
0.2,2,30,strict,P,100,Stack,Full3C,44,43,330,322,270,0.8282208588957055,0.9757575757575757,101.27329192546573
0.2,2,30,strict,P,100,Stack,Full3C,44,44,330,328,268,0.8145896656534954,0.9939393939393939,166.95121951219505
0.2,2,30,strict,P,100,Stack,Zonly,44,42,330,324,267,0.8165137614678899,0.9818181818181818,127.93209876543196
0.2,2,30,strict,P,100,Stack,Zonly,44,43,330,327,271,0.8249619482496194,0.990909090909091,189.81651376146775
0.2,2,30,strict,P,100,Stack,Zonly,44,44,330,326,269,0.8201219512195121,0.9878787878787879,159.90797546012257
0.2,2,30,strict,P,100,PhaseNetMatched,Full3C,42,,330,330,324,0.9818181818181818,1.0,41.09090909090887
0.2,2,30,strict,P,100,PhaseNetMatched,Full3C,43,,330,330,325,0.9848484848484849,1.0,28.33333333333328
0.2,2,30,strict,P,100,PhaseNetMatched,Full3C,44,,330,329,324,0.9833080424886191,0.996969696969697,33.98176291793293
0.2,2,30,strict,P,100,PhaseNetMatched,Zonly,42,,330,330,326,0.9878787878787879,1.0,21.48484848484837
0.2,2,30,strict,P,100,PhaseNetMatched,Zonly,43,,330,329,324,0.9833080424886191,0.996969696969697,26.504559270516463
0.2,2,30,strict,P,100,PhaseNetMatched,Zonly,44,,330,329,323,0.9802731411229135,0.996969696969697,25.805471124619938
0.2,2,30,strict,P,100,Stack,Full3C,42,42,330,325,276,0.8427480916030534,0.9848484848484849,126.15384615384602
0.2,2,30,strict,P,100,Stack,Full3C,42,43,330,323,271,0.8300153139356815,0.9787878787878788,127.02786377708969
0.2,2,30,strict,P,100,Stack,Full3C,42,44,330,329,271,0.8224582701062215,0.996969696969697,291.88449848024305
0.2,2,30,strict,P,100,Stack,Zonly,42,42,330,328,264,0.8024316109422492,0.9939393939393939,169.54268292682917
0.2,2,30,strict,P,100,Stack,Zonly,42,43,330,323,264,0.8085758039816233,0.9787878787878788,132.01238390092865
0.2,2,30,strict,P,100,Stack,Zonly,42,44,330,324,264,0.8073394495412844,0.9818181818181818,133.36419753086412
0.2,2,30,strict,S,100,Stack,Full3C,43,42,330,319,185,0.5701078582434514,0.9666666666666667,471.56739811912206
0.2,2,30,strict,S,100,Stack,Full3C,43,43,330,323,186,0.5696784073506891,0.9787878787878788,700.1238390092878
0.2,2,30,strict,S,100,Stack,Full3C,43,44,330,324,186,0.5688073394495413,0.9818181818181818,638.8271604938271
0.2,2,30,strict,S,100,Stack,Zonly,43,42,330,298,79,0.2515923566878981,0.9030303030303031,1364.1610738255033
0.2,2,30,strict,S,100,Stack,Zonly,43,43,330,282,76,0.24836601307189543,0.8545454545454545,1271.8439716312057
0.2,2,30,strict,S,100,Stack,Zonly,43,44,330,270,76,0.25333333333333335,0.8181818181818182,1282.851851851852
0.2,2,30,strict,S,100,Stack,Full3C,44,42,330,327,179,0.5449010654490106,0.990909090909091,563.9755351681957
0.2,2,30,strict,S,100,Stack,Full3C,44,43,330,320,183,0.563076923076923,0.9696969696969697,567.5937499999999
0.2,2,30,strict,S,100,Stack,Full3C,44,44,330,326,175,0.5335365853658537,0.9878787878787879,723.5276073619632
0.2,2,30,strict,S,100,Stack,Zonly,44,42,330,293,90,0.28892455858747995,0.8878787878787879,954.9146757679181
0.2,2,30,strict,S,100,Stack,Zonly,44,43,330,291,83,0.2673107890499195,0.8818181818181818,974.9828178694158
0.2,2,30,strict,S,100,Stack,Zonly,44,44,330,298,83,0.2643312101910828,0.9030303030303031,986.1744966442953
0.2,2,30,strict,S,100,PhaseNetMatched,Full3C,42,,330,329,191,0.5796661608497724,0.996969696969697,177.62917933130697
0.2,2,30,strict,S,100,PhaseNetMatched,Full3C,43,,330,325,203,0.6198473282442748,0.9848484848484849,163.99999999999997
0.2,2,30,strict,S,100,PhaseNetMatched,Full3C,44,,330,328,184,0.5592705167173252,0.9939393939393939,165.85365853658533
0.2,2,30,strict,S,100,PhaseNetMatched,Zonly,42,,330,330,97,0.29393939393939394,1.0,602.4242424242424
0.2,2,30,strict,S,100,PhaseNetMatched,Zonly,43,,330,325,104,0.31755725190839695,0.9848484848484849,421.78461538461545
0.2,2,30,strict,S,100,PhaseNetMatched,Zonly,44,,330,330,94,0.28484848484848485,1.0,468.48484848484867
0.2,2,30,strict,S,100,Stack,Full3C,42,42,330,322,181,0.5552147239263804,0.9757575757575757,492.17391304347825
0.2,2,30,strict,S,100,Stack,Full3C,42,43,330,321,173,0.5314900153609831,0.9727272727272728,659.2523364485982
0.2,2,30,strict,S,100,Stack,Full3C,42,44,330,321,178,0.5468509984639017,0.9727272727272728,510.7165109034268
0.2,2,30,strict,S,100,Stack,Zonly,42,42,330,298,88,0.2802547770700637,0.9030303030303031,1160.1677852348994
0.2,2,30,strict,S,100,Stack,Zonly,42,43,330,280,84,0.2754098360655738,0.8484848484848485,1179.75
0.2,2,30,strict,S,100,Stack,Zonly,42,44,330,254,83,0.2842465753424658,0.7696969696969697,994.8425196850394
0.2,2,40,accepted,P,100,Stack,Full3C,43,42,330,328,275,0.8358662613981763,0.9939393939393939,130.1219512195121
0.2,2,40,accepted,P,100,Stack,Full3C,43,43,330,329,274,0.8315629742033384,0.996969696969697,128.6930091185409
0.2,2,40,accepted,P,100,Stack,Full3C,43,44,330,328,272,0.8267477203647416,0.9939393939393939,131.92073170731697
0.2,2,40,accepted,P,100,Stack,Zonly,43,42,330,330,269,0.8151515151515152,1.0,328.3030303030302
0.2,2,40,accepted,P,100,Stack,Zonly,43,43,330,327,267,0.8127853881278538,0.990909090909091,130.4281345565748
0.2,2,40,accepted,P,100,Stack,Zonly,43,44,330,330,268,0.8121212121212121,1.0,314.9393939393938
0.2,2,40,accepted,P,100,Stack,Full3C,44,42,330,329,270,0.8194233687405159,0.996969696969697,107.32522796352572
0.2,2,40,accepted,P,100,Stack,Full3C,44,43,330,327,270,0.821917808219178,0.990909090909091,105.38226299694179
0.2,2,40,accepted,P,100,Stack,Full3C,44,44,330,330,268,0.8121212121212121,1.0,354.4242424242423
0.2,2,40,accepted,P,100,Stack,Zonly,44,42,330,327,269,0.8188736681887366,0.990909090909091,128.56269113149833
0.2,2,40,accepted,P,100,Stack,Zonly,44,43,330,330,271,0.8212121212121212,1.0,351.81818181818176
0.2,2,40,accepted,P,100,Stack,Zonly,44,44,330,329,270,0.8194233687405159,0.996969696969697,165.288753799392
0.2,2,40,accepted,P,100,PhaseNetMatched,Full3C,42,,330,330,324,0.9818181818181818,1.0,41.09090909090887
0.2,2,40,accepted,P,100,PhaseNetMatched,Full3C,43,,330,330,325,0.9848484848484849,1.0,28.33333333333328
0.2,2,40,accepted,P,100,PhaseNetMatched,Full3C,44,,330,329,324,0.9833080424886191,0.996969696969697,33.98176291793293
0.2,2,40,accepted,P,100,PhaseNetMatched,Zonly,42,,330,330,326,0.9878787878787879,1.0,21.48484848484837
0.2,2,40,accepted,P,100,PhaseNetMatched,Zonly,43,,330,329,324,0.9833080424886191,0.996969696969697,26.504559270516463
0.2,2,40,accepted,P,100,PhaseNetMatched,Zonly,44,,330,330,323,0.9787878787878788,1.0,28.939393939393817
0.2,2,40,accepted,P,100,Stack,Full3C,42,42,330,328,276,0.8389057750759878,0.9939393939393939,127.07317073170718
0.2,2,40,accepted,P,100,Stack,Full3C,42,43,330,329,271,0.8224582701062215,0.996969696969697,130.9422492401215
0.2,2,40,accepted,P,100,Stack,Full3C,42,44,330,330,271,0.8212121212121212,1.0,291.84848484848476
0.2,2,40,accepted,P,100,Stack,Zonly,42,42,330,328,264,0.8024316109422492,0.9939393939393939,169.54268292682917
0.2,2,40,accepted,P,100,Stack,Zonly,42,43,330,327,265,0.806697108066971,0.990909090909091,137.73700305810385
0.2,2,40,accepted,P,100,Stack,Zonly,42,44,330,329,266,0.8072837632776935,0.996969696969697,172.03647416413364
0.2,2,40,accepted,S,100,Stack,Full3C,43,42,330,326,187,0.5701219512195121,0.9878787878787879,587.6687116564417
0.2,2,40,accepted,S,100,Stack,Full3C,43,43,330,329,186,0.5644916540212443,0.996969696969697,790.3951367781156
0.2,2,40,accepted,S,100,Stack,Full3C,43,44,330,328,187,0.5683890577507599,0.9939393939393939,666.6463414634146
0.2,2,40,accepted,S,100,Stack,Zonly,43,42,330,321,84,0.25806451612903225,0.9727272727272728,1380.7165109034268
0.2,2,40,accepted,S,100,Stack,Zonly,43,43,330,315,80,0.24806201550387597,0.9545454545454546,1284.7936507936508
0.2,2,40,accepted,S,100,Stack,Zonly,43,44,330,313,79,0.24572317262830481,0.9484848484848485,1401.3418530351437
0.2,2,40,accepted,S,100,Stack,Full3C,44,42,330,328,180,0.547112462006079,0.9939393939393939,562.560975609756
0.2,2,40,accepted,S,100,Stack,Full3C,44,43,330,326,183,0.5579268292682927,0.9878787878787879,727.4539877300614
0.2,2,40,accepted,S,100,Stack,Full3C,44,44,330,328,175,0.5319148936170213,0.9939393939393939,759.0853658536586
0.2,2,40,accepted,S,100,Stack,Zonly,44,42,330,325,94,0.2870229007633588,0.9848484848484849,1205.8461538461538
0.2,2,40,accepted,S,100,Stack,Zonly,44,43,330,322,86,0.26380368098159507,0.9757575757575757,1073.2919254658384
0.2,2,40,accepted,S,100,Stack,Zonly,44,44,330,328,87,0.26443768996960487,0.9939393939393939,1032.408536585366
0.2,2,40,accepted,S,100,PhaseNetMatched,Full3C,42,,330,330,191,0.5787878787878787,1.0,179.54545454545453
0.2,2,40,accepted,S,100,PhaseNetMatched,Full3C,43,,330,325,203,0.6198473282442748,0.9848484848484849,163.99999999999997
0.2,2,40,accepted,S,100,PhaseNetMatched,Full3C,44,,330,329,184,0.5584218512898331,0.996969696969697,166.80851063829783
0.2,2,40,accepted,S,100,PhaseNetMatched,Zonly,42,,330,330,97,0.29393939393939394,1.0,602.4242424242424
0.2,2,40,accepted,S,100,PhaseNetMatched,Zonly,43,,330,328,105,0.3191489361702128,0.9939393939393939,441.28048780487813
0.2,2,40,accepted,S,100,PhaseNetMatched,Zonly,44,,330,330,94,0.28484848484848485,1.0,468.48484848484867
0.2,2,40,accepted,S,100,Stack,Full3C,42,42,330,328,181,0.5501519756838906,0.9939393939393939,593.9024390243902
0.2,2,40,accepted,S,100,Stack,Full3C,42,43,330,326,175,0.5335365853658537,0.9878787878787879,772.8220858895705
0.2,2,40,accepted,S,100,Stack,Full3C,42,44,330,325,178,0.5435114503816794,0.9848484848484849,613.5076923076922
0.2,2,40,accepted,S,100,Stack,Zonly,42,42,330,325,91,0.2778625954198473,0.9848484848484849,1237.446153846154
0.2,2,40,accepted,S,100,Stack,Zonly,42,43,330,320,92,0.28307692307692306,0.9696969696969697,1259.9375
0.2,2,40,accepted,S,100,Stack,Zonly,42,44,330,317,91,0.28129829984544047,0.9606060606060606,1181.955835962145
0.2,2,40,strict,P,100,Stack,Full3C,43,42,330,324,275,0.8409785932721713,0.9818181818181818,128.0864197530863
0.2,2,40,strict,P,100,Stack,Full3C,43,43,330,325,272,0.8305343511450382,0.9848484848484849,127.16923076923064
0.2,2,40,strict,P,100,Stack,Full3C,43,44,330,326,272,0.8292682926829268,0.9878787878787879,130.18404907975446
0.2,2,40,strict,P,100,Stack,Zonly,43,42,330,329,268,0.8133535660091047,0.996969696969697,329.14893617021266
0.2,2,40,strict,P,100,Stack,Zonly,43,43,330,323,265,0.8116385911179173,0.9787878787878788,129.1021671826624
0.2,2,40,strict,P,100,Stack,Zonly,43,44,330,325,267,0.815267175572519,0.9848484848484849,129.63076923076915
0.2,2,40,strict,P,100,Stack,Full3C,44,42,330,325,269,0.8213740458015267,0.9848484848484849,104.09230769230759
0.2,2,40,strict,P,100,Stack,Full3C,44,43,330,322,270,0.8282208588957055,0.9757575757575757,101.27329192546573
0.2,2,40,strict,P,100,Stack,Full3C,44,44,330,328,268,0.8145896656534954,0.9939393939393939,166.95121951219505
0.2,2,40,strict,P,100,Stack,Zonly,44,42,330,324,267,0.8165137614678899,0.9818181818181818,127.93209876543196
0.2,2,40,strict,P,100,Stack,Zonly,44,43,330,327,271,0.8249619482496194,0.990909090909091,189.81651376146775
0.2,2,40,strict,P,100,Stack,Zonly,44,44,330,326,269,0.8201219512195121,0.9878787878787879,159.90797546012257
0.2,2,40,strict,P,100,PhaseNetMatched,Full3C,42,,330,330,324,0.9818181818181818,1.0,41.09090909090887
0.2,2,40,strict,P,100,PhaseNetMatched,Full3C,43,,330,330,325,0.9848484848484849,1.0,28.33333333333328
0.2,2,40,strict,P,100,PhaseNetMatched,Full3C,44,,330,329,324,0.9833080424886191,0.996969696969697,33.98176291793293
0.2,2,40,strict,P,100,PhaseNetMatched,Zonly,42,,330,330,326,0.9878787878787879,1.0,21.48484848484837
0.2,2,40,strict,P,100,PhaseNetMatched,Zonly,43,,330,329,324,0.9833080424886191,0.996969696969697,26.504559270516463
0.2,2,40,strict,P,100,PhaseNetMatched,Zonly,44,,330,329,323,0.9802731411229135,0.996969696969697,25.805471124619938
0.2,2,40,strict,P,100,Stack,Full3C,42,42,330,325,276,0.8427480916030534,0.9848484848484849,126.15384615384602
0.2,2,40,strict,P,100,Stack,Full3C,42,43,330,323,271,0.8300153139356815,0.9787878787878788,127.02786377708969
0.2,2,40,strict,P,100,Stack,Full3C,42,44,330,329,271,0.8224582701062215,0.996969696969697,291.88449848024305
0.2,2,40,strict,P,100,Stack,Zonly,42,42,330,328,264,0.8024316109422492,0.9939393939393939,169.54268292682917
0.2,2,40,strict,P,100,Stack,Zonly,42,43,330,323,264,0.8085758039816233,0.9787878787878788,132.01238390092865
0.2,2,40,strict,P,100,Stack,Zonly,42,44,330,324,264,0.8073394495412844,0.9818181818181818,133.36419753086412
0.2,2,40,strict,S,100,Stack,Full3C,43,42,330,319,185,0.5701078582434514,0.9666666666666667,471.56739811912206
0.2,2,40,strict,S,100,Stack,Full3C,43,43,330,323,186,0.5696784073506891,0.9787878787878788,700.1238390092878
0.2,2,40,strict,S,100,Stack,Full3C,43,44,330,324,186,0.5688073394495413,0.9818181818181818,638.8271604938271
0.2,2,40,strict,S,100,Stack,Zonly,43,42,330,298,79,0.2515923566878981,0.9030303030303031,1364.1610738255033
0.2,2,40,strict,S,100,Stack,Zonly,43,43,330,282,76,0.24836601307189543,0.8545454545454545,1271.8439716312057
0.2,2,40,strict,S,100,Stack,Zonly,43,44,330,270,76,0.25333333333333335,0.8181818181818182,1282.851851851852
0.2,2,40,strict,S,100,Stack,Full3C,44,42,330,327,179,0.5449010654490106,0.990909090909091,563.9755351681957
0.2,2,40,strict,S,100,Stack,Full3C,44,43,330,320,183,0.563076923076923,0.9696969696969697,567.5937499999999
0.2,2,40,strict,S,100,Stack,Full3C,44,44,330,326,175,0.5335365853658537,0.9878787878787879,723.5276073619632
0.2,2,40,strict,S,100,Stack,Zonly,44,42,330,293,90,0.28892455858747995,0.8878787878787879,954.9146757679181
0.2,2,40,strict,S,100,Stack,Zonly,44,43,330,291,83,0.2673107890499195,0.8818181818181818,974.9828178694158
0.2,2,40,strict,S,100,Stack,Zonly,44,44,330,298,83,0.2643312101910828,0.9030303030303031,986.1744966442953
0.2,2,40,strict,S,100,PhaseNetMatched,Full3C,42,,330,329,191,0.5796661608497724,0.996969696969697,177.62917933130697
0.2,2,40,strict,S,100,PhaseNetMatched,Full3C,43,,330,325,203,0.6198473282442748,0.9848484848484849,163.99999999999997
0.2,2,40,strict,S,100,PhaseNetMatched,Full3C,44,,330,328,184,0.5592705167173252,0.9939393939393939,165.85365853658533
0.2,2,40,strict,S,100,PhaseNetMatched,Zonly,42,,330,330,97,0.29393939393939394,1.0,602.4242424242424
0.2,2,40,strict,S,100,PhaseNetMatched,Zonly,43,,330,325,104,0.31755725190839695,0.9848484848484849,421.78461538461545
0.2,2,40,strict,S,100,PhaseNetMatched,Zonly,44,,330,330,94,0.28484848484848485,1.0,468.48484848484867
0.2,2,40,strict,S,100,Stack,Full3C,42,42,330,322,181,0.5552147239263804,0.9757575757575757,492.17391304347825
0.2,2,40,strict,S,100,Stack,Full3C,42,43,330,321,173,0.5314900153609831,0.9727272727272728,659.2523364485982
0.2,2,40,strict,S,100,Stack,Full3C,42,44,330,321,178,0.5468509984639017,0.9727272727272728,510.7165109034268
0.2,2,40,strict,S,100,Stack,Zonly,42,42,330,298,88,0.2802547770700637,0.9030303030303031,1160.1677852348994
0.2,2,40,strict,S,100,Stack,Zonly,42,43,330,280,84,0.2754098360655738,0.8484848484848485,1179.75
0.2,2,40,strict,S,100,Stack,Zonly,42,44,330,254,83,0.2842465753424658,0.7696969696969697,994.8425196850394
0.2,3,20,accepted,P,100,Stack,Full3C,43,42,330,328,275,0.8358662613981763,0.9939393939393939,130.1219512195121
0.2,3,20,accepted,P,100,Stack,Full3C,43,43,330,329,274,0.8315629742033384,0.996969696969697,128.6930091185409
0.2,3,20,accepted,P,100,Stack,Full3C,43,44,330,328,272,0.8267477203647416,0.9939393939393939,131.92073170731697
0.2,3,20,accepted,P,100,Stack,Zonly,43,42,330,330,269,0.8151515151515152,1.0,328.3030303030302
0.2,3,20,accepted,P,100,Stack,Zonly,43,43,330,327,267,0.8127853881278538,0.990909090909091,130.4281345565748
0.2,3,20,accepted,P,100,Stack,Zonly,43,44,330,330,268,0.8121212121212121,1.0,314.9393939393938
0.2,3,20,accepted,P,100,Stack,Full3C,44,42,330,329,270,0.8194233687405159,0.996969696969697,107.32522796352572
0.2,3,20,accepted,P,100,Stack,Full3C,44,43,330,327,270,0.821917808219178,0.990909090909091,105.38226299694179
0.2,3,20,accepted,P,100,Stack,Full3C,44,44,330,330,268,0.8121212121212121,1.0,354.4242424242423
0.2,3,20,accepted,P,100,Stack,Zonly,44,42,330,327,269,0.8188736681887366,0.990909090909091,128.56269113149833
0.2,3,20,accepted,P,100,Stack,Zonly,44,43,330,330,271,0.8212121212121212,1.0,351.81818181818176
0.2,3,20,accepted,P,100,Stack,Zonly,44,44,330,329,270,0.8194233687405159,0.996969696969697,165.288753799392
0.2,3,20,accepted,P,100,PhaseNetMatched,Full3C,42,,330,330,324,0.9818181818181818,1.0,41.09090909090887
0.2,3,20,accepted,P,100,PhaseNetMatched,Full3C,43,,330,330,325,0.9848484848484849,1.0,28.33333333333328
0.2,3,20,accepted,P,100,PhaseNetMatched,Full3C,44,,330,329,324,0.9833080424886191,0.996969696969697,33.98176291793293
0.2,3,20,accepted,P,100,PhaseNetMatched,Zonly,42,,330,330,326,0.9878787878787879,1.0,21.48484848484837
0.2,3,20,accepted,P,100,PhaseNetMatched,Zonly,43,,330,329,324,0.9833080424886191,0.996969696969697,26.504559270516463
0.2,3,20,accepted,P,100,PhaseNetMatched,Zonly,44,,330,330,323,0.9787878787878788,1.0,28.939393939393817
0.2,3,20,accepted,P,100,Stack,Full3C,42,42,330,328,276,0.8389057750759878,0.9939393939393939,127.07317073170718
0.2,3,20,accepted,P,100,Stack,Full3C,42,43,330,329,271,0.8224582701062215,0.996969696969697,130.9422492401215
0.2,3,20,accepted,P,100,Stack,Full3C,42,44,330,330,271,0.8212121212121212,1.0,291.84848484848476
0.2,3,20,accepted,P,100,Stack,Zonly,42,42,330,328,264,0.8024316109422492,0.9939393939393939,169.54268292682917
0.2,3,20,accepted,P,100,Stack,Zonly,42,43,330,327,265,0.806697108066971,0.990909090909091,137.73700305810385
0.2,3,20,accepted,P,100,Stack,Zonly,42,44,330,329,266,0.8072837632776935,0.996969696969697,172.03647416413364
0.2,3,20,accepted,S,100,Stack,Full3C,43,42,330,326,187,0.5701219512195121,0.9878787878787879,561.3496932515337
0.2,3,20,accepted,S,100,Stack,Full3C,43,43,330,329,186,0.5644916540212443,0.996969696969697,654.6200607902736
0.2,3,20,accepted,S,100,Stack,Full3C,43,44,330,328,187,0.5683890577507599,0.9939393939393939,595.4573170731708
0.2,3,20,accepted,S,100,Stack,Zonly,43,42,330,321,84,0.25806451612903225,0.9727272727272728,1215.576323987539
0.2,3,20,accepted,S,100,Stack,Zonly,43,43,330,315,80,0.24806201550387597,0.9545454545454546,1116.4444444444443
0.2,3,20,accepted,S,100,Stack,Zonly,43,44,330,313,79,0.24572317262830481,0.9484848484848485,1231.85303514377
0.2,3,20,accepted,S,100,Stack,Full3C,44,42,330,328,180,0.547112462006079,0.9939393939393939,542.469512195122
0.2,3,20,accepted,S,100,Stack,Full3C,44,43,330,326,184,0.5609756097560976,0.9878787878787879,602.8527607361963
0.2,3,20,accepted,S,100,Stack,Full3C,44,44,330,328,175,0.5319148936170213,0.9939393939393939,687.8353658536586
0.2,3,20,accepted,S,100,Stack,Zonly,44,42,330,325,94,0.2870229007633588,0.9848484848484849,1064.553846153846
0.2,3,20,accepted,S,100,Stack,Zonly,44,43,330,322,86,0.26380368098159507,0.9757575757575757,1073.2919254658384
0.2,3,20,accepted,S,100,Stack,Zonly,44,44,330,328,87,0.26443768996960487,0.9939393939393939,1032.408536585366
0.2,3,20,accepted,S,100,PhaseNetMatched,Full3C,42,,330,330,191,0.5787878787878787,1.0,179.54545454545453
0.2,3,20,accepted,S,100,PhaseNetMatched,Full3C,43,,330,325,203,0.6198473282442748,0.9848484848484849,163.99999999999997
0.2,3,20,accepted,S,100,PhaseNetMatched,Full3C,44,,330,329,184,0.5584218512898331,0.996969696969697,166.80851063829783
0.2,3,20,accepted,S,100,PhaseNetMatched,Zonly,42,,330,330,97,0.29393939393939394,1.0,602.4242424242424
0.2,3,20,accepted,S,100,PhaseNetMatched,Zonly,43,,330,328,105,0.3191489361702128,0.9939393939393939,441.28048780487813
0.2,3,20,accepted,S,100,PhaseNetMatched,Zonly,44,,330,330,94,0.28484848484848485,1.0,468.48484848484867
0.2,3,20,accepted,S,100,Stack,Full3C,42,42,330,328,181,0.5501519756838906,0.9939393939393939,517.7134146341464
0.2,3,20,accepted,S,100,Stack,Full3C,42,43,330,324,175,0.5351681957186545,0.9818181818181818,654.7530864197531
0.2,3,20,accepted,S,100,Stack,Full3C,42,44,330,324,178,0.5443425076452599,0.9818181818181818,518.3024691358024
0.2,3,20,accepted,S,100,Stack,Zonly,42,42,330,325,92,0.28091603053435116,0.9848484848484849,1125.2
0.2,3,20,accepted,S,100,Stack,Zonly,42,43,330,320,92,0.28307692307692306,0.9696969696969697,1259.9375
0.2,3,20,accepted,S,100,Stack,Zonly,42,44,330,317,91,0.28129829984544047,0.9606060606060606,1181.955835962145
0.2,3,20,strict,P,100,Stack,Full3C,43,42,330,324,275,0.8409785932721713,0.9818181818181818,128.0864197530863
0.2,3,20,strict,P,100,Stack,Full3C,43,43,330,325,272,0.8305343511450382,0.9848484848484849,127.16923076923064
0.2,3,20,strict,P,100,Stack,Full3C,43,44,330,326,272,0.8292682926829268,0.9878787878787879,130.18404907975446
0.2,3,20,strict,P,100,Stack,Zonly,43,42,330,329,268,0.8133535660091047,0.996969696969697,329.14893617021266
0.2,3,20,strict,P,100,Stack,Zonly,43,43,330,323,265,0.8116385911179173,0.9787878787878788,129.1021671826624
0.2,3,20,strict,P,100,Stack,Zonly,43,44,330,325,267,0.815267175572519,0.9848484848484849,129.63076923076915
0.2,3,20,strict,P,100,Stack,Full3C,44,42,330,325,269,0.8213740458015267,0.9848484848484849,104.09230769230759
0.2,3,20,strict,P,100,Stack,Full3C,44,43,330,322,270,0.8282208588957055,0.9757575757575757,101.27329192546573
0.2,3,20,strict,P,100,Stack,Full3C,44,44,330,328,268,0.8145896656534954,0.9939393939393939,166.95121951219505
0.2,3,20,strict,P,100,Stack,Zonly,44,42,330,324,267,0.8165137614678899,0.9818181818181818,127.93209876543196
0.2,3,20,strict,P,100,Stack,Zonly,44,43,330,327,271,0.8249619482496194,0.990909090909091,189.81651376146775
0.2,3,20,strict,P,100,Stack,Zonly,44,44,330,326,269,0.8201219512195121,0.9878787878787879,159.90797546012257
0.2,3,20,strict,P,100,PhaseNetMatched,Full3C,42,,330,330,324,0.9818181818181818,1.0,41.09090909090887
0.2,3,20,strict,P,100,PhaseNetMatched,Full3C,43,,330,330,325,0.9848484848484849,1.0,28.33333333333328
0.2,3,20,strict,P,100,PhaseNetMatched,Full3C,44,,330,329,324,0.9833080424886191,0.996969696969697,33.98176291793293
0.2,3,20,strict,P,100,PhaseNetMatched,Zonly,42,,330,330,326,0.9878787878787879,1.0,21.48484848484837
0.2,3,20,strict,P,100,PhaseNetMatched,Zonly,43,,330,329,324,0.9833080424886191,0.996969696969697,26.504559270516463
0.2,3,20,strict,P,100,PhaseNetMatched,Zonly,44,,330,329,323,0.9802731411229135,0.996969696969697,25.805471124619938
0.2,3,20,strict,P,100,Stack,Full3C,42,42,330,325,276,0.8427480916030534,0.9848484848484849,126.15384615384602
0.2,3,20,strict,P,100,Stack,Full3C,42,43,330,323,271,0.8300153139356815,0.9787878787878788,127.02786377708969
0.2,3,20,strict,P,100,Stack,Full3C,42,44,330,329,271,0.8224582701062215,0.996969696969697,291.88449848024305
0.2,3,20,strict,P,100,Stack,Zonly,42,42,330,328,264,0.8024316109422492,0.9939393939393939,169.54268292682917
0.2,3,20,strict,P,100,Stack,Zonly,42,43,330,323,264,0.8085758039816233,0.9787878787878788,132.01238390092865
0.2,3,20,strict,P,100,Stack,Zonly,42,44,330,324,264,0.8073394495412844,0.9818181818181818,133.36419753086412
0.2,3,20,strict,S,100,Stack,Full3C,43,42,330,319,185,0.5701078582434514,0.9666666666666667,471.56739811912206
0.2,3,20,strict,S,100,Stack,Full3C,43,43,330,322,186,0.5705521472392638,0.9757575757575757,607.5776397515529
0.2,3,20,strict,S,100,Stack,Full3C,43,44,330,323,186,0.5696784073506891,0.9787878787878788,555.3250773993808
0.2,3,20,strict,S,100,Stack,Zonly,43,42,330,298,79,0.2515923566878981,0.9030303030303031,1186.275167785235
0.2,3,20,strict,S,100,Stack,Zonly,43,43,330,282,76,0.24836601307189543,0.8545454545454545,1083.7943262411347
0.2,3,20,strict,S,100,Stack,Zonly,43,44,330,270,76,0.25333333333333335,0.8181818181818182,1086.3703703703704
0.2,3,20,strict,S,100,Stack,Full3C,44,42,330,327,179,0.5449010654490106,0.990909090909091,543.8226299694189
0.2,3,20,strict,S,100,Stack,Full3C,44,43,330,320,183,0.563076923076923,0.9696969696969697,567.5937499999999
0.2,3,20,strict,S,100,Stack,Full3C,44,44,330,325,175,0.5343511450381679,0.9848484848484849,643.4769230769231
0.2,3,20,strict,S,100,Stack,Zonly,44,42,330,293,90,0.28892455858747995,0.8878787878787879,954.9146757679181
0.2,3,20,strict,S,100,Stack,Zonly,44,43,330,291,83,0.2673107890499195,0.8818181818181818,974.9828178694158
0.2,3,20,strict,S,100,Stack,Zonly,44,44,330,298,83,0.2643312101910828,0.9030303030303031,986.1744966442953
0.2,3,20,strict,S,100,PhaseNetMatched,Full3C,42,,330,329,191,0.5796661608497724,0.996969696969697,177.62917933130697
0.2,3,20,strict,S,100,PhaseNetMatched,Full3C,43,,330,325,203,0.6198473282442748,0.9848484848484849,163.99999999999997
0.2,3,20,strict,S,100,PhaseNetMatched,Full3C,44,,330,328,184,0.5592705167173252,0.9939393939393939,165.85365853658533
0.2,3,20,strict,S,100,PhaseNetMatched,Zonly,42,,330,330,97,0.29393939393939394,1.0,602.4242424242424
0.2,3,20,strict,S,100,PhaseNetMatched,Zonly,43,,330,325,104,0.31755725190839695,0.9848484848484849,421.78461538461545
0.2,3,20,strict,S,100,PhaseNetMatched,Zonly,44,,330,330,94,0.28484848484848485,1.0,468.48484848484867
0.2,3,20,strict,S,100,Stack,Full3C,42,42,330,322,181,0.5552147239263804,0.9757575757575757,492.17391304347825
0.2,3,20,strict,S,100,Stack,Full3C,42,43,330,321,173,0.5314900153609831,0.9727272727272728,659.2523364485982
0.2,3,20,strict,S,100,Stack,Full3C,42,44,330,321,178,0.5468509984639017,0.9727272727272728,510.7165109034268
0.2,3,20,strict,S,100,Stack,Zonly,42,42,330,298,88,0.2802547770700637,0.9030303030303031,1114.1610738255033
0.2,3,20,strict,S,100,Stack,Zonly,42,43,330,280,84,0.2754098360655738,0.8484848484848485,1179.75
0.2,3,20,strict,S,100,Stack,Zonly,42,44,330,254,83,0.2842465753424658,0.7696969696969697,994.8425196850394
0.2,3,30,accepted,P,100,Stack,Full3C,43,42,330,328,275,0.8358662613981763,0.9939393939393939,130.1219512195121
0.2,3,30,accepted,P,100,Stack,Full3C,43,43,330,329,274,0.8315629742033384,0.996969696969697,128.6930091185409
0.2,3,30,accepted,P,100,Stack,Full3C,43,44,330,328,272,0.8267477203647416,0.9939393939393939,131.92073170731697
0.2,3,30,accepted,P,100,Stack,Zonly,43,42,330,330,269,0.8151515151515152,1.0,328.3030303030302
0.2,3,30,accepted,P,100,Stack,Zonly,43,43,330,327,267,0.8127853881278538,0.990909090909091,130.4281345565748
0.2,3,30,accepted,P,100,Stack,Zonly,43,44,330,330,268,0.8121212121212121,1.0,314.9393939393938
0.2,3,30,accepted,P,100,Stack,Full3C,44,42,330,329,270,0.8194233687405159,0.996969696969697,107.32522796352572
0.2,3,30,accepted,P,100,Stack,Full3C,44,43,330,327,270,0.821917808219178,0.990909090909091,105.38226299694179
0.2,3,30,accepted,P,100,Stack,Full3C,44,44,330,330,268,0.8121212121212121,1.0,354.4242424242423
0.2,3,30,accepted,P,100,Stack,Zonly,44,42,330,327,269,0.8188736681887366,0.990909090909091,128.56269113149833
0.2,3,30,accepted,P,100,Stack,Zonly,44,43,330,330,271,0.8212121212121212,1.0,351.81818181818176
0.2,3,30,accepted,P,100,Stack,Zonly,44,44,330,329,270,0.8194233687405159,0.996969696969697,165.288753799392
0.2,3,30,accepted,P,100,PhaseNetMatched,Full3C,42,,330,330,324,0.9818181818181818,1.0,41.09090909090887
0.2,3,30,accepted,P,100,PhaseNetMatched,Full3C,43,,330,330,325,0.9848484848484849,1.0,28.33333333333328
0.2,3,30,accepted,P,100,PhaseNetMatched,Full3C,44,,330,329,324,0.9833080424886191,0.996969696969697,33.98176291793293
0.2,3,30,accepted,P,100,PhaseNetMatched,Zonly,42,,330,330,326,0.9878787878787879,1.0,21.48484848484837
0.2,3,30,accepted,P,100,PhaseNetMatched,Zonly,43,,330,329,324,0.9833080424886191,0.996969696969697,26.504559270516463
0.2,3,30,accepted,P,100,PhaseNetMatched,Zonly,44,,330,330,323,0.9787878787878788,1.0,28.939393939393817
0.2,3,30,accepted,P,100,Stack,Full3C,42,42,330,328,276,0.8389057750759878,0.9939393939393939,127.07317073170718
0.2,3,30,accepted,P,100,Stack,Full3C,42,43,330,329,271,0.8224582701062215,0.996969696969697,130.9422492401215
0.2,3,30,accepted,P,100,Stack,Full3C,42,44,330,330,271,0.8212121212121212,1.0,291.84848484848476
0.2,3,30,accepted,P,100,Stack,Zonly,42,42,330,328,264,0.8024316109422492,0.9939393939393939,169.54268292682917
0.2,3,30,accepted,P,100,Stack,Zonly,42,43,330,327,265,0.806697108066971,0.990909090909091,137.73700305810385
0.2,3,30,accepted,P,100,Stack,Zonly,42,44,330,329,266,0.8072837632776935,0.996969696969697,172.03647416413364
0.2,3,30,accepted,S,100,Stack,Full3C,43,42,330,326,187,0.5701219512195121,0.9878787878787879,587.6687116564417
0.2,3,30,accepted,S,100,Stack,Full3C,43,43,330,329,186,0.5644916540212443,0.996969696969697,790.3951367781156
0.2,3,30,accepted,S,100,Stack,Full3C,43,44,330,328,187,0.5683890577507599,0.9939393939393939,666.6463414634146
0.2,3,30,accepted,S,100,Stack,Zonly,43,42,330,321,84,0.25806451612903225,0.9727272727272728,1380.7165109034268
0.2,3,30,accepted,S,100,Stack,Zonly,43,43,330,315,80,0.24806201550387597,0.9545454545454546,1284.7936507936508
0.2,3,30,accepted,S,100,Stack,Zonly,43,44,330,313,79,0.24572317262830481,0.9484848484848485,1401.3418530351437
0.2,3,30,accepted,S,100,Stack,Full3C,44,42,330,328,180,0.547112462006079,0.9939393939393939,562.560975609756
0.2,3,30,accepted,S,100,Stack,Full3C,44,43,330,326,183,0.5579268292682927,0.9878787878787879,727.4539877300614
0.2,3,30,accepted,S,100,Stack,Full3C,44,44,330,328,175,0.5319148936170213,0.9939393939393939,759.0853658536586
0.2,3,30,accepted,S,100,Stack,Zonly,44,42,330,325,94,0.2870229007633588,0.9848484848484849,1064.553846153846
0.2,3,30,accepted,S,100,Stack,Zonly,44,43,330,322,86,0.26380368098159507,0.9757575757575757,1073.2919254658384
0.2,3,30,accepted,S,100,Stack,Zonly,44,44,330,328,87,0.26443768996960487,0.9939393939393939,1032.408536585366
0.2,3,30,accepted,S,100,PhaseNetMatched,Full3C,42,,330,330,191,0.5787878787878787,1.0,179.54545454545453
0.2,3,30,accepted,S,100,PhaseNetMatched,Full3C,43,,330,325,203,0.6198473282442748,0.9848484848484849,163.99999999999997
0.2,3,30,accepted,S,100,PhaseNetMatched,Full3C,44,,330,329,184,0.5584218512898331,0.996969696969697,166.80851063829783
0.2,3,30,accepted,S,100,PhaseNetMatched,Zonly,42,,330,330,97,0.29393939393939394,1.0,602.4242424242424
0.2,3,30,accepted,S,100,PhaseNetMatched,Zonly,43,,330,328,105,0.3191489361702128,0.9939393939393939,441.28048780487813
0.2,3,30,accepted,S,100,PhaseNetMatched,Zonly,44,,330,330,94,0.28484848484848485,1.0,468.48484848484867
0.2,3,30,accepted,S,100,Stack,Full3C,42,42,330,328,181,0.5501519756838906,0.9939393939393939,593.9024390243902
0.2,3,30,accepted,S,100,Stack,Full3C,42,43,330,326,175,0.5335365853658537,0.9878787878787879,772.8220858895705
0.2,3,30,accepted,S,100,Stack,Full3C,42,44,330,325,178,0.5435114503816794,0.9848484848484849,613.5076923076922
0.2,3,30,accepted,S,100,Stack,Zonly,42,42,330,325,92,0.28091603053435116,0.9848484848484849,1167.3846153846155
0.2,3,30,accepted,S,100,Stack,Zonly,42,43,330,320,92,0.28307692307692306,0.9696969696969697,1259.9375
0.2,3,30,accepted,S,100,Stack,Zonly,42,44,330,317,91,0.28129829984544047,0.9606060606060606,1181.955835962145
0.2,3,30,strict,P,100,Stack,Full3C,43,42,330,324,275,0.8409785932721713,0.9818181818181818,128.0864197530863
0.2,3,30,strict,P,100,Stack,Full3C,43,43,330,325,272,0.8305343511450382,0.9848484848484849,127.16923076923064
0.2,3,30,strict,P,100,Stack,Full3C,43,44,330,326,272,0.8292682926829268,0.9878787878787879,130.18404907975446
0.2,3,30,strict,P,100,Stack,Zonly,43,42,330,329,268,0.8133535660091047,0.996969696969697,329.14893617021266
0.2,3,30,strict,P,100,Stack,Zonly,43,43,330,323,265,0.8116385911179173,0.9787878787878788,129.1021671826624
0.2,3,30,strict,P,100,Stack,Zonly,43,44,330,325,267,0.815267175572519,0.9848484848484849,129.63076923076915
0.2,3,30,strict,P,100,Stack,Full3C,44,42,330,325,269,0.8213740458015267,0.9848484848484849,104.09230769230759
0.2,3,30,strict,P,100,Stack,Full3C,44,43,330,322,270,0.8282208588957055,0.9757575757575757,101.27329192546573
0.2,3,30,strict,P,100,Stack,Full3C,44,44,330,328,268,0.8145896656534954,0.9939393939393939,166.95121951219505
0.2,3,30,strict,P,100,Stack,Zonly,44,42,330,324,267,0.8165137614678899,0.9818181818181818,127.93209876543196
0.2,3,30,strict,P,100,Stack,Zonly,44,43,330,327,271,0.8249619482496194,0.990909090909091,189.81651376146775
0.2,3,30,strict,P,100,Stack,Zonly,44,44,330,326,269,0.8201219512195121,0.9878787878787879,159.90797546012257
0.2,3,30,strict,P,100,PhaseNetMatched,Full3C,42,,330,330,324,0.9818181818181818,1.0,41.09090909090887
0.2,3,30,strict,P,100,PhaseNetMatched,Full3C,43,,330,330,325,0.9848484848484849,1.0,28.33333333333328
0.2,3,30,strict,P,100,PhaseNetMatched,Full3C,44,,330,329,324,0.9833080424886191,0.996969696969697,33.98176291793293
0.2,3,30,strict,P,100,PhaseNetMatched,Zonly,42,,330,330,326,0.9878787878787879,1.0,21.48484848484837
0.2,3,30,strict,P,100,PhaseNetMatched,Zonly,43,,330,329,324,0.9833080424886191,0.996969696969697,26.504559270516463
0.2,3,30,strict,P,100,PhaseNetMatched,Zonly,44,,330,329,323,0.9802731411229135,0.996969696969697,25.805471124619938
0.2,3,30,strict,P,100,Stack,Full3C,42,42,330,325,276,0.8427480916030534,0.9848484848484849,126.15384615384602
0.2,3,30,strict,P,100,Stack,Full3C,42,43,330,323,271,0.8300153139356815,0.9787878787878788,127.02786377708969
0.2,3,30,strict,P,100,Stack,Full3C,42,44,330,329,271,0.8224582701062215,0.996969696969697,291.88449848024305
0.2,3,30,strict,P,100,Stack,Zonly,42,42,330,328,264,0.8024316109422492,0.9939393939393939,169.54268292682917
0.2,3,30,strict,P,100,Stack,Zonly,42,43,330,323,264,0.8085758039816233,0.9787878787878788,132.01238390092865
0.2,3,30,strict,P,100,Stack,Zonly,42,44,330,324,264,0.8073394495412844,0.9818181818181818,133.36419753086412
0.2,3,30,strict,S,100,Stack,Full3C,43,42,330,319,185,0.5701078582434514,0.9666666666666667,471.56739811912206
0.2,3,30,strict,S,100,Stack,Full3C,43,43,330,323,186,0.5696784073506891,0.9787878787878788,700.1238390092878
0.2,3,30,strict,S,100,Stack,Full3C,43,44,330,324,186,0.5688073394495413,0.9818181818181818,638.8271604938271
0.2,3,30,strict,S,100,Stack,Zonly,43,42,330,298,79,0.2515923566878981,0.9030303030303031,1364.1610738255033
0.2,3,30,strict,S,100,Stack,Zonly,43,43,330,282,76,0.24836601307189543,0.8545454545454545,1271.8439716312057
0.2,3,30,strict,S,100,Stack,Zonly,43,44,330,270,76,0.25333333333333335,0.8181818181818182,1282.851851851852
0.2,3,30,strict,S,100,Stack,Full3C,44,42,330,327,179,0.5449010654490106,0.990909090909091,563.9755351681957
0.2,3,30,strict,S,100,Stack,Full3C,44,43,330,320,183,0.563076923076923,0.9696969696969697,567.5937499999999
0.2,3,30,strict,S,100,Stack,Full3C,44,44,330,326,175,0.5335365853658537,0.9878787878787879,723.5276073619632
0.2,3,30,strict,S,100,Stack,Zonly,44,42,330,293,90,0.28892455858747995,0.8878787878787879,954.9146757679181
0.2,3,30,strict,S,100,Stack,Zonly,44,43,330,291,83,0.2673107890499195,0.8818181818181818,974.9828178694158
0.2,3,30,strict,S,100,Stack,Zonly,44,44,330,298,83,0.2643312101910828,0.9030303030303031,986.1744966442953
0.2,3,30,strict,S,100,PhaseNetMatched,Full3C,42,,330,329,191,0.5796661608497724,0.996969696969697,177.62917933130697
0.2,3,30,strict,S,100,PhaseNetMatched,Full3C,43,,330,325,203,0.6198473282442748,0.9848484848484849,163.99999999999997
0.2,3,30,strict,S,100,PhaseNetMatched,Full3C,44,,330,328,184,0.5592705167173252,0.9939393939393939,165.85365853658533
0.2,3,30,strict,S,100,PhaseNetMatched,Zonly,42,,330,330,97,0.29393939393939394,1.0,602.4242424242424
0.2,3,30,strict,S,100,PhaseNetMatched,Zonly,43,,330,325,104,0.31755725190839695,0.9848484848484849,421.78461538461545
0.2,3,30,strict,S,100,PhaseNetMatched,Zonly,44,,330,330,94,0.28484848484848485,1.0,468.48484848484867
0.2,3,30,strict,S,100,Stack,Full3C,42,42,330,322,181,0.5552147239263804,0.9757575757575757,492.17391304347825
0.2,3,30,strict,S,100,Stack,Full3C,42,43,330,321,173,0.5314900153609831,0.9727272727272728,659.2523364485982
0.2,3,30,strict,S,100,Stack,Full3C,42,44,330,321,178,0.5468509984639017,0.9727272727272728,510.7165109034268
0.2,3,30,strict,S,100,Stack,Zonly,42,42,330,298,88,0.2802547770700637,0.9030303030303031,1160.1677852348994
0.2,3,30,strict,S,100,Stack,Zonly,42,43,330,280,84,0.2754098360655738,0.8484848484848485,1179.75
0.2,3,30,strict,S,100,Stack,Zonly,42,44,330,254,83,0.2842465753424658,0.7696969696969697,994.8425196850394
0.2,3,40,accepted,P,100,Stack,Full3C,43,42,330,328,275,0.8358662613981763,0.9939393939393939,130.1219512195121
0.2,3,40,accepted,P,100,Stack,Full3C,43,43,330,329,274,0.8315629742033384,0.996969696969697,128.6930091185409
0.2,3,40,accepted,P,100,Stack,Full3C,43,44,330,328,272,0.8267477203647416,0.9939393939393939,131.92073170731697
0.2,3,40,accepted,P,100,Stack,Zonly,43,42,330,330,269,0.8151515151515152,1.0,328.3030303030302
0.2,3,40,accepted,P,100,Stack,Zonly,43,43,330,327,267,0.8127853881278538,0.990909090909091,130.4281345565748
0.2,3,40,accepted,P,100,Stack,Zonly,43,44,330,330,268,0.8121212121212121,1.0,314.9393939393938
0.2,3,40,accepted,P,100,Stack,Full3C,44,42,330,329,270,0.8194233687405159,0.996969696969697,107.32522796352572
0.2,3,40,accepted,P,100,Stack,Full3C,44,43,330,327,270,0.821917808219178,0.990909090909091,105.38226299694179
0.2,3,40,accepted,P,100,Stack,Full3C,44,44,330,330,268,0.8121212121212121,1.0,354.4242424242423
0.2,3,40,accepted,P,100,Stack,Zonly,44,42,330,327,269,0.8188736681887366,0.990909090909091,128.56269113149833
0.2,3,40,accepted,P,100,Stack,Zonly,44,43,330,330,271,0.8212121212121212,1.0,351.81818181818176
0.2,3,40,accepted,P,100,Stack,Zonly,44,44,330,329,270,0.8194233687405159,0.996969696969697,165.288753799392
0.2,3,40,accepted,P,100,PhaseNetMatched,Full3C,42,,330,330,324,0.9818181818181818,1.0,41.09090909090887
0.2,3,40,accepted,P,100,PhaseNetMatched,Full3C,43,,330,330,325,0.9848484848484849,1.0,28.33333333333328
0.2,3,40,accepted,P,100,PhaseNetMatched,Full3C,44,,330,329,324,0.9833080424886191,0.996969696969697,33.98176291793293
0.2,3,40,accepted,P,100,PhaseNetMatched,Zonly,42,,330,330,326,0.9878787878787879,1.0,21.48484848484837
0.2,3,40,accepted,P,100,PhaseNetMatched,Zonly,43,,330,329,324,0.9833080424886191,0.996969696969697,26.504559270516463
0.2,3,40,accepted,P,100,PhaseNetMatched,Zonly,44,,330,330,323,0.9787878787878788,1.0,28.939393939393817
0.2,3,40,accepted,P,100,Stack,Full3C,42,42,330,328,276,0.8389057750759878,0.9939393939393939,127.07317073170718
0.2,3,40,accepted,P,100,Stack,Full3C,42,43,330,329,271,0.8224582701062215,0.996969696969697,130.9422492401215
0.2,3,40,accepted,P,100,Stack,Full3C,42,44,330,330,271,0.8212121212121212,1.0,291.84848484848476
0.2,3,40,accepted,P,100,Stack,Zonly,42,42,330,328,264,0.8024316109422492,0.9939393939393939,169.54268292682917
0.2,3,40,accepted,P,100,Stack,Zonly,42,43,330,327,265,0.806697108066971,0.990909090909091,137.73700305810385
0.2,3,40,accepted,P,100,Stack,Zonly,42,44,330,329,266,0.8072837632776935,0.996969696969697,172.03647416413364
0.2,3,40,accepted,S,100,Stack,Full3C,43,42,330,326,187,0.5701219512195121,0.9878787878787879,587.6687116564417
0.2,3,40,accepted,S,100,Stack,Full3C,43,43,330,329,186,0.5644916540212443,0.996969696969697,790.3951367781156
0.2,3,40,accepted,S,100,Stack,Full3C,43,44,330,328,187,0.5683890577507599,0.9939393939393939,666.6463414634146
0.2,3,40,accepted,S,100,Stack,Zonly,43,42,330,321,84,0.25806451612903225,0.9727272727272728,1380.7165109034268
0.2,3,40,accepted,S,100,Stack,Zonly,43,43,330,315,80,0.24806201550387597,0.9545454545454546,1284.7936507936508
0.2,3,40,accepted,S,100,Stack,Zonly,43,44,330,313,79,0.24572317262830481,0.9484848484848485,1401.3418530351437
0.2,3,40,accepted,S,100,Stack,Full3C,44,42,330,328,180,0.547112462006079,0.9939393939393939,562.560975609756
0.2,3,40,accepted,S,100,Stack,Full3C,44,43,330,326,183,0.5579268292682927,0.9878787878787879,727.4539877300614
0.2,3,40,accepted,S,100,Stack,Full3C,44,44,330,328,175,0.5319148936170213,0.9939393939393939,759.0853658536586
0.2,3,40,accepted,S,100,Stack,Zonly,44,42,330,325,94,0.2870229007633588,0.9848484848484849,1205.8461538461538
0.2,3,40,accepted,S,100,Stack,Zonly,44,43,330,322,86,0.26380368098159507,0.9757575757575757,1073.2919254658384
0.2,3,40,accepted,S,100,Stack,Zonly,44,44,330,328,87,0.26443768996960487,0.9939393939393939,1032.408536585366
0.2,3,40,accepted,S,100,PhaseNetMatched,Full3C,42,,330,330,191,0.5787878787878787,1.0,179.54545454545453
0.2,3,40,accepted,S,100,PhaseNetMatched,Full3C,43,,330,325,203,0.6198473282442748,0.9848484848484849,163.99999999999997
0.2,3,40,accepted,S,100,PhaseNetMatched,Full3C,44,,330,329,184,0.5584218512898331,0.996969696969697,166.80851063829783
0.2,3,40,accepted,S,100,PhaseNetMatched,Zonly,42,,330,330,97,0.29393939393939394,1.0,602.4242424242424
0.2,3,40,accepted,S,100,PhaseNetMatched,Zonly,43,,330,328,105,0.3191489361702128,0.9939393939393939,441.28048780487813
0.2,3,40,accepted,S,100,PhaseNetMatched,Zonly,44,,330,330,94,0.28484848484848485,1.0,468.48484848484867
0.2,3,40,accepted,S,100,Stack,Full3C,42,42,330,328,181,0.5501519756838906,0.9939393939393939,593.9024390243902
0.2,3,40,accepted,S,100,Stack,Full3C,42,43,330,326,175,0.5335365853658537,0.9878787878787879,772.8220858895705
0.2,3,40,accepted,S,100,Stack,Full3C,42,44,330,325,178,0.5435114503816794,0.9848484848484849,613.5076923076922
0.2,3,40,accepted,S,100,Stack,Zonly,42,42,330,325,91,0.2778625954198473,0.9848484848484849,1237.446153846154
0.2,3,40,accepted,S,100,Stack,Zonly,42,43,330,320,92,0.28307692307692306,0.9696969696969697,1259.9375
0.2,3,40,accepted,S,100,Stack,Zonly,42,44,330,317,91,0.28129829984544047,0.9606060606060606,1181.955835962145
0.2,3,40,strict,P,100,Stack,Full3C,43,42,330,324,275,0.8409785932721713,0.9818181818181818,128.0864197530863
0.2,3,40,strict,P,100,Stack,Full3C,43,43,330,325,272,0.8305343511450382,0.9848484848484849,127.16923076923064
0.2,3,40,strict,P,100,Stack,Full3C,43,44,330,326,272,0.8292682926829268,0.9878787878787879,130.18404907975446
0.2,3,40,strict,P,100,Stack,Zonly,43,42,330,329,268,0.8133535660091047,0.996969696969697,329.14893617021266
0.2,3,40,strict,P,100,Stack,Zonly,43,43,330,323,265,0.8116385911179173,0.9787878787878788,129.1021671826624
0.2,3,40,strict,P,100,Stack,Zonly,43,44,330,325,267,0.815267175572519,0.9848484848484849,129.63076923076915
0.2,3,40,strict,P,100,Stack,Full3C,44,42,330,325,269,0.8213740458015267,0.9848484848484849,104.09230769230759
0.2,3,40,strict,P,100,Stack,Full3C,44,43,330,322,270,0.8282208588957055,0.9757575757575757,101.27329192546573
0.2,3,40,strict,P,100,Stack,Full3C,44,44,330,328,268,0.8145896656534954,0.9939393939393939,166.95121951219505
0.2,3,40,strict,P,100,Stack,Zonly,44,42,330,324,267,0.8165137614678899,0.9818181818181818,127.93209876543196
0.2,3,40,strict,P,100,Stack,Zonly,44,43,330,327,271,0.8249619482496194,0.990909090909091,189.81651376146775
0.2,3,40,strict,P,100,Stack,Zonly,44,44,330,326,269,0.8201219512195121,0.9878787878787879,159.90797546012257
0.2,3,40,strict,P,100,PhaseNetMatched,Full3C,42,,330,330,324,0.9818181818181818,1.0,41.09090909090887
0.2,3,40,strict,P,100,PhaseNetMatched,Full3C,43,,330,330,325,0.9848484848484849,1.0,28.33333333333328
0.2,3,40,strict,P,100,PhaseNetMatched,Full3C,44,,330,329,324,0.9833080424886191,0.996969696969697,33.98176291793293
0.2,3,40,strict,P,100,PhaseNetMatched,Zonly,42,,330,330,326,0.9878787878787879,1.0,21.48484848484837
0.2,3,40,strict,P,100,PhaseNetMatched,Zonly,43,,330,329,324,0.9833080424886191,0.996969696969697,26.504559270516463
0.2,3,40,strict,P,100,PhaseNetMatched,Zonly,44,,330,329,323,0.9802731411229135,0.996969696969697,25.805471124619938
0.2,3,40,strict,P,100,Stack,Full3C,42,42,330,325,276,0.8427480916030534,0.9848484848484849,126.15384615384602
0.2,3,40,strict,P,100,Stack,Full3C,42,43,330,323,271,0.8300153139356815,0.9787878787878788,127.02786377708969
0.2,3,40,strict,P,100,Stack,Full3C,42,44,330,329,271,0.8224582701062215,0.996969696969697,291.88449848024305
0.2,3,40,strict,P,100,Stack,Zonly,42,42,330,328,264,0.8024316109422492,0.9939393939393939,169.54268292682917
0.2,3,40,strict,P,100,Stack,Zonly,42,43,330,323,264,0.8085758039816233,0.9787878787878788,132.01238390092865
0.2,3,40,strict,P,100,Stack,Zonly,42,44,330,324,264,0.8073394495412844,0.9818181818181818,133.36419753086412
0.2,3,40,strict,S,100,Stack,Full3C,43,42,330,319,185,0.5701078582434514,0.9666666666666667,471.56739811912206
0.2,3,40,strict,S,100,Stack,Full3C,43,43,330,323,186,0.5696784073506891,0.9787878787878788,700.1238390092878
0.2,3,40,strict,S,100,Stack,Full3C,43,44,330,324,186,0.5688073394495413,0.9818181818181818,638.8271604938271
0.2,3,40,strict,S,100,Stack,Zonly,43,42,330,298,79,0.2515923566878981,0.9030303030303031,1364.1610738255033
0.2,3,40,strict,S,100,Stack,Zonly,43,43,330,282,76,0.24836601307189543,0.8545454545454545,1271.8439716312057
0.2,3,40,strict,S,100,Stack,Zonly,43,44,330,270,76,0.25333333333333335,0.8181818181818182,1282.851851851852
0.2,3,40,strict,S,100,Stack,Full3C,44,42,330,327,179,0.5449010654490106,0.990909090909091,563.9755351681957
0.2,3,40,strict,S,100,Stack,Full3C,44,43,330,320,183,0.563076923076923,0.9696969696969697,567.5937499999999
0.2,3,40,strict,S,100,Stack,Full3C,44,44,330,326,175,0.5335365853658537,0.9878787878787879,723.5276073619632
0.2,3,40,strict,S,100,Stack,Zonly,44,42,330,293,90,0.28892455858747995,0.8878787878787879,954.9146757679181
0.2,3,40,strict,S,100,Stack,Zonly,44,43,330,291,83,0.2673107890499195,0.8818181818181818,974.9828178694158
0.2,3,40,strict,S,100,Stack,Zonly,44,44,330,298,83,0.2643312101910828,0.9030303030303031,986.1744966442953
0.2,3,40,strict,S,100,PhaseNetMatched,Full3C,42,,330,329,191,0.5796661608497724,0.996969696969697,177.62917933130697
0.2,3,40,strict,S,100,PhaseNetMatched,Full3C,43,,330,325,203,0.6198473282442748,0.9848484848484849,163.99999999999997
0.2,3,40,strict,S,100,PhaseNetMatched,Full3C,44,,330,328,184,0.5592705167173252,0.9939393939393939,165.85365853658533
0.2,3,40,strict,S,100,PhaseNetMatched,Zonly,42,,330,330,97,0.29393939393939394,1.0,602.4242424242424
0.2,3,40,strict,S,100,PhaseNetMatched,Zonly,43,,330,325,104,0.31755725190839695,0.9848484848484849,421.78461538461545
0.2,3,40,strict,S,100,PhaseNetMatched,Zonly,44,,330,330,94,0.28484848484848485,1.0,468.48484848484867
0.2,3,40,strict,S,100,Stack,Full3C,42,42,330,322,181,0.5552147239263804,0.9757575757575757,492.17391304347825
0.2,3,40,strict,S,100,Stack,Full3C,42,43,330,321,173,0.5314900153609831,0.9727272727272728,659.2523364485982
0.2,3,40,strict,S,100,Stack,Full3C,42,44,330,321,178,0.5468509984639017,0.9727272727272728,510.7165109034268
0.2,3,40,strict,S,100,Stack,Zonly,42,42,330,298,88,0.2802547770700637,0.9030303030303031,1160.1677852348994
0.2,3,40,strict,S,100,Stack,Zonly,42,43,330,280,84,0.2754098360655738,0.8484848484848485,1179.75
0.2,3,40,strict,S,100,Stack,Zonly,42,44,330,254,83,0.2842465753424658,0.7696969696969697,994.8425196850394
0.2,4,20,accepted,P,100,Stack,Full3C,43,42,330,328,275,0.8358662613981763,0.9939393939393939,130.1219512195121
0.2,4,20,accepted,P,100,Stack,Full3C,43,43,330,329,274,0.8315629742033384,0.996969696969697,128.6930091185409
0.2,4,20,accepted,P,100,Stack,Full3C,43,44,330,328,272,0.8267477203647416,0.9939393939393939,131.92073170731697
0.2,4,20,accepted,P,100,Stack,Zonly,43,42,330,330,269,0.8151515151515152,1.0,328.3030303030302
0.2,4,20,accepted,P,100,Stack,Zonly,43,43,330,327,267,0.8127853881278538,0.990909090909091,130.4281345565748
0.2,4,20,accepted,P,100,Stack,Zonly,43,44,330,330,268,0.8121212121212121,1.0,314.9393939393938
0.2,4,20,accepted,P,100,Stack,Full3C,44,42,330,329,270,0.8194233687405159,0.996969696969697,107.32522796352572
0.2,4,20,accepted,P,100,Stack,Full3C,44,43,330,327,270,0.821917808219178,0.990909090909091,105.38226299694179
0.2,4,20,accepted,P,100,Stack,Full3C,44,44,330,330,268,0.8121212121212121,1.0,354.4242424242423
0.2,4,20,accepted,P,100,Stack,Zonly,44,42,330,327,269,0.8188736681887366,0.990909090909091,128.56269113149833
0.2,4,20,accepted,P,100,Stack,Zonly,44,43,330,330,271,0.8212121212121212,1.0,351.81818181818176
0.2,4,20,accepted,P,100,Stack,Zonly,44,44,330,329,270,0.8194233687405159,0.996969696969697,165.288753799392
0.2,4,20,accepted,P,100,PhaseNetMatched,Full3C,42,,330,330,324,0.9818181818181818,1.0,41.09090909090887
0.2,4,20,accepted,P,100,PhaseNetMatched,Full3C,43,,330,330,325,0.9848484848484849,1.0,28.33333333333328
0.2,4,20,accepted,P,100,PhaseNetMatched,Full3C,44,,330,329,324,0.9833080424886191,0.996969696969697,33.98176291793293
0.2,4,20,accepted,P,100,PhaseNetMatched,Zonly,42,,330,330,326,0.9878787878787879,1.0,21.48484848484837
0.2,4,20,accepted,P,100,PhaseNetMatched,Zonly,43,,330,329,324,0.9833080424886191,0.996969696969697,26.504559270516463
0.2,4,20,accepted,P,100,PhaseNetMatched,Zonly,44,,330,330,323,0.9787878787878788,1.0,28.939393939393817
0.2,4,20,accepted,P,100,Stack,Full3C,42,42,330,328,276,0.8389057750759878,0.9939393939393939,127.07317073170718
0.2,4,20,accepted,P,100,Stack,Full3C,42,43,330,329,271,0.8224582701062215,0.996969696969697,130.9422492401215
0.2,4,20,accepted,P,100,Stack,Full3C,42,44,330,330,271,0.8212121212121212,1.0,291.84848484848476
0.2,4,20,accepted,P,100,Stack,Zonly,42,42,330,328,264,0.8024316109422492,0.9939393939393939,169.54268292682917
0.2,4,20,accepted,P,100,Stack,Zonly,42,43,330,327,265,0.806697108066971,0.990909090909091,137.73700305810385
0.2,4,20,accepted,P,100,Stack,Zonly,42,44,330,329,266,0.8072837632776935,0.996969696969697,172.03647416413364
0.2,4,20,accepted,S,100,Stack,Full3C,43,42,330,326,187,0.5701219512195121,0.9878787878787879,561.3496932515337
0.2,4,20,accepted,S,100,Stack,Full3C,43,43,330,329,186,0.5644916540212443,0.996969696969697,654.6200607902736
0.2,4,20,accepted,S,100,Stack,Full3C,43,44,330,328,187,0.5683890577507599,0.9939393939393939,595.4573170731708
0.2,4,20,accepted,S,100,Stack,Zonly,43,42,330,321,84,0.25806451612903225,0.9727272727272728,1215.576323987539
0.2,4,20,accepted,S,100,Stack,Zonly,43,43,330,315,80,0.24806201550387597,0.9545454545454546,1116.4444444444443
0.2,4,20,accepted,S,100,Stack,Zonly,43,44,330,313,79,0.24572317262830481,0.9484848484848485,1231.85303514377
0.2,4,20,accepted,S,100,Stack,Full3C,44,42,330,328,180,0.547112462006079,0.9939393939393939,542.469512195122
0.2,4,20,accepted,S,100,Stack,Full3C,44,43,330,326,184,0.5609756097560976,0.9878787878787879,602.8527607361963
0.2,4,20,accepted,S,100,Stack,Full3C,44,44,330,328,175,0.5319148936170213,0.9939393939393939,687.8353658536586
0.2,4,20,accepted,S,100,Stack,Zonly,44,42,330,325,94,0.2870229007633588,0.9848484848484849,1064.553846153846
0.2,4,20,accepted,S,100,Stack,Zonly,44,43,330,322,86,0.26380368098159507,0.9757575757575757,1073.2919254658384
0.2,4,20,accepted,S,100,Stack,Zonly,44,44,330,328,87,0.26443768996960487,0.9939393939393939,1032.408536585366
0.2,4,20,accepted,S,100,PhaseNetMatched,Full3C,42,,330,330,191,0.5787878787878787,1.0,179.54545454545453
0.2,4,20,accepted,S,100,PhaseNetMatched,Full3C,43,,330,325,203,0.6198473282442748,0.9848484848484849,163.99999999999997
0.2,4,20,accepted,S,100,PhaseNetMatched,Full3C,44,,330,329,184,0.5584218512898331,0.996969696969697,166.80851063829783
0.2,4,20,accepted,S,100,PhaseNetMatched,Zonly,42,,330,330,97,0.29393939393939394,1.0,602.4242424242424
0.2,4,20,accepted,S,100,PhaseNetMatched,Zonly,43,,330,328,105,0.3191489361702128,0.9939393939393939,441.28048780487813
0.2,4,20,accepted,S,100,PhaseNetMatched,Zonly,44,,330,330,94,0.28484848484848485,1.0,468.48484848484867
0.2,4,20,accepted,S,100,Stack,Full3C,42,42,330,328,181,0.5501519756838906,0.9939393939393939,517.7134146341464
0.2,4,20,accepted,S,100,Stack,Full3C,42,43,330,324,175,0.5351681957186545,0.9818181818181818,654.7530864197531
0.2,4,20,accepted,S,100,Stack,Full3C,42,44,330,324,178,0.5443425076452599,0.9818181818181818,518.3024691358024
0.2,4,20,accepted,S,100,Stack,Zonly,42,42,330,325,92,0.28091603053435116,0.9848484848484849,1125.2
0.2,4,20,accepted,S,100,Stack,Zonly,42,43,330,320,92,0.28307692307692306,0.9696969696969697,1259.9375
0.2,4,20,accepted,S,100,Stack,Zonly,42,44,330,317,91,0.28129829984544047,0.9606060606060606,1181.955835962145
0.2,4,20,strict,P,100,Stack,Full3C,43,42,330,324,275,0.8409785932721713,0.9818181818181818,128.0864197530863
0.2,4,20,strict,P,100,Stack,Full3C,43,43,330,325,272,0.8305343511450382,0.9848484848484849,127.16923076923064
0.2,4,20,strict,P,100,Stack,Full3C,43,44,330,326,272,0.8292682926829268,0.9878787878787879,130.18404907975446
0.2,4,20,strict,P,100,Stack,Zonly,43,42,330,329,268,0.8133535660091047,0.996969696969697,329.14893617021266
0.2,4,20,strict,P,100,Stack,Zonly,43,43,330,323,265,0.8116385911179173,0.9787878787878788,129.1021671826624
0.2,4,20,strict,P,100,Stack,Zonly,43,44,330,325,267,0.815267175572519,0.9848484848484849,129.63076923076915
0.2,4,20,strict,P,100,Stack,Full3C,44,42,330,325,269,0.8213740458015267,0.9848484848484849,104.09230769230759
0.2,4,20,strict,P,100,Stack,Full3C,44,43,330,322,270,0.8282208588957055,0.9757575757575757,101.27329192546573
0.2,4,20,strict,P,100,Stack,Full3C,44,44,330,328,268,0.8145896656534954,0.9939393939393939,166.95121951219505
0.2,4,20,strict,P,100,Stack,Zonly,44,42,330,324,267,0.8165137614678899,0.9818181818181818,127.93209876543196
0.2,4,20,strict,P,100,Stack,Zonly,44,43,330,327,271,0.8249619482496194,0.990909090909091,189.81651376146775
0.2,4,20,strict,P,100,Stack,Zonly,44,44,330,326,269,0.8201219512195121,0.9878787878787879,159.90797546012257
0.2,4,20,strict,P,100,PhaseNetMatched,Full3C,42,,330,330,324,0.9818181818181818,1.0,41.09090909090887
0.2,4,20,strict,P,100,PhaseNetMatched,Full3C,43,,330,330,325,0.9848484848484849,1.0,28.33333333333328
0.2,4,20,strict,P,100,PhaseNetMatched,Full3C,44,,330,329,324,0.9833080424886191,0.996969696969697,33.98176291793293
0.2,4,20,strict,P,100,PhaseNetMatched,Zonly,42,,330,330,326,0.9878787878787879,1.0,21.48484848484837
0.2,4,20,strict,P,100,PhaseNetMatched,Zonly,43,,330,329,324,0.9833080424886191,0.996969696969697,26.504559270516463
0.2,4,20,strict,P,100,PhaseNetMatched,Zonly,44,,330,329,323,0.9802731411229135,0.996969696969697,25.805471124619938
0.2,4,20,strict,P,100,Stack,Full3C,42,42,330,325,276,0.8427480916030534,0.9848484848484849,126.15384615384602
0.2,4,20,strict,P,100,Stack,Full3C,42,43,330,323,271,0.8300153139356815,0.9787878787878788,127.02786377708969
0.2,4,20,strict,P,100,Stack,Full3C,42,44,330,329,271,0.8224582701062215,0.996969696969697,291.88449848024305
0.2,4,20,strict,P,100,Stack,Zonly,42,42,330,328,264,0.8024316109422492,0.9939393939393939,169.54268292682917
0.2,4,20,strict,P,100,Stack,Zonly,42,43,330,323,264,0.8085758039816233,0.9787878787878788,132.01238390092865
0.2,4,20,strict,P,100,Stack,Zonly,42,44,330,324,264,0.8073394495412844,0.9818181818181818,133.36419753086412
0.2,4,20,strict,S,100,Stack,Full3C,43,42,330,319,185,0.5701078582434514,0.9666666666666667,471.56739811912206
0.2,4,20,strict,S,100,Stack,Full3C,43,43,330,322,186,0.5705521472392638,0.9757575757575757,607.5776397515529
0.2,4,20,strict,S,100,Stack,Full3C,43,44,330,323,186,0.5696784073506891,0.9787878787878788,555.3250773993808
0.2,4,20,strict,S,100,Stack,Zonly,43,42,330,294,79,0.2532051282051282,0.8909090909090909,1181.7687074829932
0.2,4,20,strict,S,100,Stack,Zonly,43,43,330,282,76,0.24836601307189543,0.8545454545454545,1083.7943262411347
0.2,4,20,strict,S,100,Stack,Zonly,43,44,330,270,76,0.25333333333333335,0.8181818181818182,1086.3703703703704
0.2,4,20,strict,S,100,Stack,Full3C,44,42,330,327,179,0.5449010654490106,0.990909090909091,543.8226299694189
0.2,4,20,strict,S,100,Stack,Full3C,44,43,330,320,183,0.563076923076923,0.9696969696969697,567.5937499999999
0.2,4,20,strict,S,100,Stack,Full3C,44,44,330,325,175,0.5343511450381679,0.9848484848484849,643.4769230769231
0.2,4,20,strict,S,100,Stack,Zonly,44,42,330,293,90,0.28892455858747995,0.8878787878787879,954.9146757679181
0.2,4,20,strict,S,100,Stack,Zonly,44,43,330,291,83,0.2673107890499195,0.8818181818181818,974.9828178694158
0.2,4,20,strict,S,100,Stack,Zonly,44,44,330,298,83,0.2643312101910828,0.9030303030303031,986.1744966442953
0.2,4,20,strict,S,100,PhaseNetMatched,Full3C,42,,330,329,191,0.5796661608497724,0.996969696969697,177.62917933130697
0.2,4,20,strict,S,100,PhaseNetMatched,Full3C,43,,330,325,203,0.6198473282442748,0.9848484848484849,163.99999999999997
0.2,4,20,strict,S,100,PhaseNetMatched,Full3C,44,,330,328,184,0.5592705167173252,0.9939393939393939,165.85365853658533
0.2,4,20,strict,S,100,PhaseNetMatched,Zonly,42,,330,330,97,0.29393939393939394,1.0,602.4242424242424
0.2,4,20,strict,S,100,PhaseNetMatched,Zonly,43,,330,325,104,0.31755725190839695,0.9848484848484849,421.78461538461545
0.2,4,20,strict,S,100,PhaseNetMatched,Zonly,44,,330,330,94,0.28484848484848485,1.0,468.48484848484867
0.2,4,20,strict,S,100,Stack,Full3C,42,42,330,322,181,0.5552147239263804,0.9757575757575757,492.17391304347825
0.2,4,20,strict,S,100,Stack,Full3C,42,43,330,321,173,0.5314900153609831,0.9727272727272728,659.2523364485982
0.2,4,20,strict,S,100,Stack,Full3C,42,44,330,321,178,0.5468509984639017,0.9727272727272728,510.7165109034268
0.2,4,20,strict,S,100,Stack,Zonly,42,42,330,298,88,0.2802547770700637,0.9030303030303031,1114.1610738255033
0.2,4,20,strict,S,100,Stack,Zonly,42,43,330,280,84,0.2754098360655738,0.8484848484848485,1179.75
0.2,4,20,strict,S,100,Stack,Zonly,42,44,330,253,83,0.2847341337907376,0.7666666666666667,969.4071146245059
0.2,4,30,accepted,P,100,Stack,Full3C,43,42,330,328,275,0.8358662613981763,0.9939393939393939,130.1219512195121
0.2,4,30,accepted,P,100,Stack,Full3C,43,43,330,329,274,0.8315629742033384,0.996969696969697,128.6930091185409
0.2,4,30,accepted,P,100,Stack,Full3C,43,44,330,328,272,0.8267477203647416,0.9939393939393939,131.92073170731697
0.2,4,30,accepted,P,100,Stack,Zonly,43,42,330,330,269,0.8151515151515152,1.0,328.3030303030302
0.2,4,30,accepted,P,100,Stack,Zonly,43,43,330,327,267,0.8127853881278538,0.990909090909091,130.4281345565748
0.2,4,30,accepted,P,100,Stack,Zonly,43,44,330,330,268,0.8121212121212121,1.0,314.9393939393938
0.2,4,30,accepted,P,100,Stack,Full3C,44,42,330,329,270,0.8194233687405159,0.996969696969697,107.32522796352572
0.2,4,30,accepted,P,100,Stack,Full3C,44,43,330,327,270,0.821917808219178,0.990909090909091,105.38226299694179
0.2,4,30,accepted,P,100,Stack,Full3C,44,44,330,330,268,0.8121212121212121,1.0,354.4242424242423
0.2,4,30,accepted,P,100,Stack,Zonly,44,42,330,327,269,0.8188736681887366,0.990909090909091,128.56269113149833
0.2,4,30,accepted,P,100,Stack,Zonly,44,43,330,330,271,0.8212121212121212,1.0,351.81818181818176
0.2,4,30,accepted,P,100,Stack,Zonly,44,44,330,329,270,0.8194233687405159,0.996969696969697,165.288753799392
0.2,4,30,accepted,P,100,PhaseNetMatched,Full3C,42,,330,330,324,0.9818181818181818,1.0,41.09090909090887
0.2,4,30,accepted,P,100,PhaseNetMatched,Full3C,43,,330,330,325,0.9848484848484849,1.0,28.33333333333328
0.2,4,30,accepted,P,100,PhaseNetMatched,Full3C,44,,330,329,324,0.9833080424886191,0.996969696969697,33.98176291793293
0.2,4,30,accepted,P,100,PhaseNetMatched,Zonly,42,,330,330,326,0.9878787878787879,1.0,21.48484848484837
0.2,4,30,accepted,P,100,PhaseNetMatched,Zonly,43,,330,329,324,0.9833080424886191,0.996969696969697,26.504559270516463
0.2,4,30,accepted,P,100,PhaseNetMatched,Zonly,44,,330,330,323,0.9787878787878788,1.0,28.939393939393817
0.2,4,30,accepted,P,100,Stack,Full3C,42,42,330,328,276,0.8389057750759878,0.9939393939393939,127.07317073170718
0.2,4,30,accepted,P,100,Stack,Full3C,42,43,330,329,271,0.8224582701062215,0.996969696969697,130.9422492401215
0.2,4,30,accepted,P,100,Stack,Full3C,42,44,330,330,271,0.8212121212121212,1.0,291.84848484848476
0.2,4,30,accepted,P,100,Stack,Zonly,42,42,330,328,264,0.8024316109422492,0.9939393939393939,169.54268292682917
0.2,4,30,accepted,P,100,Stack,Zonly,42,43,330,327,265,0.806697108066971,0.990909090909091,137.73700305810385
0.2,4,30,accepted,P,100,Stack,Zonly,42,44,330,329,266,0.8072837632776935,0.996969696969697,172.03647416413364
0.2,4,30,accepted,S,100,Stack,Full3C,43,42,330,326,187,0.5701219512195121,0.9878787878787879,587.6687116564417
0.2,4,30,accepted,S,100,Stack,Full3C,43,43,330,329,186,0.5644916540212443,0.996969696969697,790.3951367781156
0.2,4,30,accepted,S,100,Stack,Full3C,43,44,330,328,187,0.5683890577507599,0.9939393939393939,666.6463414634146
0.2,4,30,accepted,S,100,Stack,Zonly,43,42,330,321,84,0.25806451612903225,0.9727272727272728,1380.7165109034268
0.2,4,30,accepted,S,100,Stack,Zonly,43,43,330,315,80,0.24806201550387597,0.9545454545454546,1284.7936507936508
0.2,4,30,accepted,S,100,Stack,Zonly,43,44,330,313,79,0.24572317262830481,0.9484848484848485,1401.3418530351437
0.2,4,30,accepted,S,100,Stack,Full3C,44,42,330,328,180,0.547112462006079,0.9939393939393939,562.560975609756
0.2,4,30,accepted,S,100,Stack,Full3C,44,43,330,326,183,0.5579268292682927,0.9878787878787879,727.4539877300614
0.2,4,30,accepted,S,100,Stack,Full3C,44,44,330,328,175,0.5319148936170213,0.9939393939393939,759.0853658536586
0.2,4,30,accepted,S,100,Stack,Zonly,44,42,330,325,94,0.2870229007633588,0.9848484848484849,1064.553846153846
0.2,4,30,accepted,S,100,Stack,Zonly,44,43,330,322,86,0.26380368098159507,0.9757575757575757,1073.2919254658384
0.2,4,30,accepted,S,100,Stack,Zonly,44,44,330,328,87,0.26443768996960487,0.9939393939393939,1032.408536585366
0.2,4,30,accepted,S,100,PhaseNetMatched,Full3C,42,,330,330,191,0.5787878787878787,1.0,179.54545454545453
0.2,4,30,accepted,S,100,PhaseNetMatched,Full3C,43,,330,325,203,0.6198473282442748,0.9848484848484849,163.99999999999997
0.2,4,30,accepted,S,100,PhaseNetMatched,Full3C,44,,330,329,184,0.5584218512898331,0.996969696969697,166.80851063829783
0.2,4,30,accepted,S,100,PhaseNetMatched,Zonly,42,,330,330,97,0.29393939393939394,1.0,602.4242424242424
0.2,4,30,accepted,S,100,PhaseNetMatched,Zonly,43,,330,328,105,0.3191489361702128,0.9939393939393939,441.28048780487813
0.2,4,30,accepted,S,100,PhaseNetMatched,Zonly,44,,330,330,94,0.28484848484848485,1.0,468.48484848484867
0.2,4,30,accepted,S,100,Stack,Full3C,42,42,330,328,181,0.5501519756838906,0.9939393939393939,593.9024390243902
0.2,4,30,accepted,S,100,Stack,Full3C,42,43,330,326,175,0.5335365853658537,0.9878787878787879,772.8220858895705
0.2,4,30,accepted,S,100,Stack,Full3C,42,44,330,325,178,0.5435114503816794,0.9848484848484849,613.5076923076922
0.2,4,30,accepted,S,100,Stack,Zonly,42,42,330,325,92,0.28091603053435116,0.9848484848484849,1167.3846153846155
0.2,4,30,accepted,S,100,Stack,Zonly,42,43,330,320,92,0.28307692307692306,0.9696969696969697,1259.9375
0.2,4,30,accepted,S,100,Stack,Zonly,42,44,330,317,91,0.28129829984544047,0.9606060606060606,1181.955835962145
0.2,4,30,strict,P,100,Stack,Full3C,43,42,330,324,275,0.8409785932721713,0.9818181818181818,128.0864197530863
0.2,4,30,strict,P,100,Stack,Full3C,43,43,330,325,272,0.8305343511450382,0.9848484848484849,127.16923076923064
0.2,4,30,strict,P,100,Stack,Full3C,43,44,330,326,272,0.8292682926829268,0.9878787878787879,130.18404907975446
0.2,4,30,strict,P,100,Stack,Zonly,43,42,330,329,268,0.8133535660091047,0.996969696969697,329.14893617021266
0.2,4,30,strict,P,100,Stack,Zonly,43,43,330,323,265,0.8116385911179173,0.9787878787878788,129.1021671826624
0.2,4,30,strict,P,100,Stack,Zonly,43,44,330,325,267,0.815267175572519,0.9848484848484849,129.63076923076915
0.2,4,30,strict,P,100,Stack,Full3C,44,42,330,325,269,0.8213740458015267,0.9848484848484849,104.09230769230759
0.2,4,30,strict,P,100,Stack,Full3C,44,43,330,322,270,0.8282208588957055,0.9757575757575757,101.27329192546573
0.2,4,30,strict,P,100,Stack,Full3C,44,44,330,328,268,0.8145896656534954,0.9939393939393939,166.95121951219505
0.2,4,30,strict,P,100,Stack,Zonly,44,42,330,324,267,0.8165137614678899,0.9818181818181818,127.93209876543196
0.2,4,30,strict,P,100,Stack,Zonly,44,43,330,327,271,0.8249619482496194,0.990909090909091,189.81651376146775
0.2,4,30,strict,P,100,Stack,Zonly,44,44,330,326,269,0.8201219512195121,0.9878787878787879,159.90797546012257
0.2,4,30,strict,P,100,PhaseNetMatched,Full3C,42,,330,330,324,0.9818181818181818,1.0,41.09090909090887
0.2,4,30,strict,P,100,PhaseNetMatched,Full3C,43,,330,330,325,0.9848484848484849,1.0,28.33333333333328
0.2,4,30,strict,P,100,PhaseNetMatched,Full3C,44,,330,329,324,0.9833080424886191,0.996969696969697,33.98176291793293
0.2,4,30,strict,P,100,PhaseNetMatched,Zonly,42,,330,330,326,0.9878787878787879,1.0,21.48484848484837
0.2,4,30,strict,P,100,PhaseNetMatched,Zonly,43,,330,329,324,0.9833080424886191,0.996969696969697,26.504559270516463
0.2,4,30,strict,P,100,PhaseNetMatched,Zonly,44,,330,329,323,0.9802731411229135,0.996969696969697,25.805471124619938
0.2,4,30,strict,P,100,Stack,Full3C,42,42,330,325,276,0.8427480916030534,0.9848484848484849,126.15384615384602
0.2,4,30,strict,P,100,Stack,Full3C,42,43,330,323,271,0.8300153139356815,0.9787878787878788,127.02786377708969
0.2,4,30,strict,P,100,Stack,Full3C,42,44,330,329,271,0.8224582701062215,0.996969696969697,291.88449848024305
0.2,4,30,strict,P,100,Stack,Zonly,42,42,330,328,264,0.8024316109422492,0.9939393939393939,169.54268292682917
0.2,4,30,strict,P,100,Stack,Zonly,42,43,330,323,264,0.8085758039816233,0.9787878787878788,132.01238390092865
0.2,4,30,strict,P,100,Stack,Zonly,42,44,330,324,264,0.8073394495412844,0.9818181818181818,133.36419753086412
0.2,4,30,strict,S,100,Stack,Full3C,43,42,330,319,185,0.5701078582434514,0.9666666666666667,471.56739811912206
0.2,4,30,strict,S,100,Stack,Full3C,43,43,330,323,186,0.5696784073506891,0.9787878787878788,700.1238390092878
0.2,4,30,strict,S,100,Stack,Full3C,43,44,330,324,186,0.5688073394495413,0.9818181818181818,638.8271604938271
0.2,4,30,strict,S,100,Stack,Zonly,43,42,330,298,79,0.2515923566878981,0.9030303030303031,1364.1610738255033
0.2,4,30,strict,S,100,Stack,Zonly,43,43,330,282,76,0.24836601307189543,0.8545454545454545,1271.8439716312057
0.2,4,30,strict,S,100,Stack,Zonly,43,44,330,270,76,0.25333333333333335,0.8181818181818182,1282.851851851852
0.2,4,30,strict,S,100,Stack,Full3C,44,42,330,327,179,0.5449010654490106,0.990909090909091,563.9755351681957
0.2,4,30,strict,S,100,Stack,Full3C,44,43,330,320,183,0.563076923076923,0.9696969696969697,567.5937499999999
0.2,4,30,strict,S,100,Stack,Full3C,44,44,330,326,175,0.5335365853658537,0.9878787878787879,723.5276073619632
0.2,4,30,strict,S,100,Stack,Zonly,44,42,330,293,90,0.28892455858747995,0.8878787878787879,954.9146757679181
0.2,4,30,strict,S,100,Stack,Zonly,44,43,330,291,83,0.2673107890499195,0.8818181818181818,974.9828178694158
0.2,4,30,strict,S,100,Stack,Zonly,44,44,330,298,83,0.2643312101910828,0.9030303030303031,986.1744966442953
0.2,4,30,strict,S,100,PhaseNetMatched,Full3C,42,,330,329,191,0.5796661608497724,0.996969696969697,177.62917933130697
0.2,4,30,strict,S,100,PhaseNetMatched,Full3C,43,,330,325,203,0.6198473282442748,0.9848484848484849,163.99999999999997
0.2,4,30,strict,S,100,PhaseNetMatched,Full3C,44,,330,328,184,0.5592705167173252,0.9939393939393939,165.85365853658533
0.2,4,30,strict,S,100,PhaseNetMatched,Zonly,42,,330,330,97,0.29393939393939394,1.0,602.4242424242424
0.2,4,30,strict,S,100,PhaseNetMatched,Zonly,43,,330,325,104,0.31755725190839695,0.9848484848484849,421.78461538461545
0.2,4,30,strict,S,100,PhaseNetMatched,Zonly,44,,330,330,94,0.28484848484848485,1.0,468.48484848484867
0.2,4,30,strict,S,100,Stack,Full3C,42,42,330,322,181,0.5552147239263804,0.9757575757575757,492.17391304347825
0.2,4,30,strict,S,100,Stack,Full3C,42,43,330,321,173,0.5314900153609831,0.9727272727272728,659.2523364485982
0.2,4,30,strict,S,100,Stack,Full3C,42,44,330,321,178,0.5468509984639017,0.9727272727272728,510.7165109034268
0.2,4,30,strict,S,100,Stack,Zonly,42,42,330,298,88,0.2802547770700637,0.9030303030303031,1160.1677852348994
0.2,4,30,strict,S,100,Stack,Zonly,42,43,330,280,84,0.2754098360655738,0.8484848484848485,1179.75
0.2,4,30,strict,S,100,Stack,Zonly,42,44,330,254,83,0.2842465753424658,0.7696969696969697,994.8425196850394
0.2,4,40,accepted,P,100,Stack,Full3C,43,42,330,328,275,0.8358662613981763,0.9939393939393939,130.1219512195121
0.2,4,40,accepted,P,100,Stack,Full3C,43,43,330,329,274,0.8315629742033384,0.996969696969697,128.6930091185409
0.2,4,40,accepted,P,100,Stack,Full3C,43,44,330,328,272,0.8267477203647416,0.9939393939393939,131.92073170731697
0.2,4,40,accepted,P,100,Stack,Zonly,43,42,330,330,269,0.8151515151515152,1.0,328.3030303030302
0.2,4,40,accepted,P,100,Stack,Zonly,43,43,330,327,267,0.8127853881278538,0.990909090909091,130.4281345565748
0.2,4,40,accepted,P,100,Stack,Zonly,43,44,330,330,268,0.8121212121212121,1.0,314.9393939393938
0.2,4,40,accepted,P,100,Stack,Full3C,44,42,330,329,270,0.8194233687405159,0.996969696969697,107.32522796352572
0.2,4,40,accepted,P,100,Stack,Full3C,44,43,330,327,270,0.821917808219178,0.990909090909091,105.38226299694179
0.2,4,40,accepted,P,100,Stack,Full3C,44,44,330,330,268,0.8121212121212121,1.0,354.4242424242423
0.2,4,40,accepted,P,100,Stack,Zonly,44,42,330,327,269,0.8188736681887366,0.990909090909091,128.56269113149833
0.2,4,40,accepted,P,100,Stack,Zonly,44,43,330,330,271,0.8212121212121212,1.0,351.81818181818176
0.2,4,40,accepted,P,100,Stack,Zonly,44,44,330,329,270,0.8194233687405159,0.996969696969697,165.288753799392
0.2,4,40,accepted,P,100,PhaseNetMatched,Full3C,42,,330,330,324,0.9818181818181818,1.0,41.09090909090887
0.2,4,40,accepted,P,100,PhaseNetMatched,Full3C,43,,330,330,325,0.9848484848484849,1.0,28.33333333333328
0.2,4,40,accepted,P,100,PhaseNetMatched,Full3C,44,,330,329,324,0.9833080424886191,0.996969696969697,33.98176291793293
0.2,4,40,accepted,P,100,PhaseNetMatched,Zonly,42,,330,330,326,0.9878787878787879,1.0,21.48484848484837
0.2,4,40,accepted,P,100,PhaseNetMatched,Zonly,43,,330,329,324,0.9833080424886191,0.996969696969697,26.504559270516463
0.2,4,40,accepted,P,100,PhaseNetMatched,Zonly,44,,330,330,323,0.9787878787878788,1.0,28.939393939393817
0.2,4,40,accepted,P,100,Stack,Full3C,42,42,330,328,276,0.8389057750759878,0.9939393939393939,127.07317073170718
0.2,4,40,accepted,P,100,Stack,Full3C,42,43,330,329,271,0.8224582701062215,0.996969696969697,130.9422492401215
0.2,4,40,accepted,P,100,Stack,Full3C,42,44,330,330,271,0.8212121212121212,1.0,291.84848484848476
0.2,4,40,accepted,P,100,Stack,Zonly,42,42,330,328,264,0.8024316109422492,0.9939393939393939,169.54268292682917
0.2,4,40,accepted,P,100,Stack,Zonly,42,43,330,327,265,0.806697108066971,0.990909090909091,137.73700305810385
0.2,4,40,accepted,P,100,Stack,Zonly,42,44,330,329,266,0.8072837632776935,0.996969696969697,172.03647416413364
0.2,4,40,accepted,S,100,Stack,Full3C,43,42,330,326,187,0.5701219512195121,0.9878787878787879,587.6687116564417
0.2,4,40,accepted,S,100,Stack,Full3C,43,43,330,329,186,0.5644916540212443,0.996969696969697,790.3951367781156
0.2,4,40,accepted,S,100,Stack,Full3C,43,44,330,328,187,0.5683890577507599,0.9939393939393939,666.6463414634146
0.2,4,40,accepted,S,100,Stack,Zonly,43,42,330,321,84,0.25806451612903225,0.9727272727272728,1380.7165109034268
0.2,4,40,accepted,S,100,Stack,Zonly,43,43,330,315,80,0.24806201550387597,0.9545454545454546,1284.7936507936508
0.2,4,40,accepted,S,100,Stack,Zonly,43,44,330,313,79,0.24572317262830481,0.9484848484848485,1401.3418530351437
0.2,4,40,accepted,S,100,Stack,Full3C,44,42,330,328,180,0.547112462006079,0.9939393939393939,562.560975609756
0.2,4,40,accepted,S,100,Stack,Full3C,44,43,330,326,183,0.5579268292682927,0.9878787878787879,727.4539877300614
0.2,4,40,accepted,S,100,Stack,Full3C,44,44,330,328,175,0.5319148936170213,0.9939393939393939,759.0853658536586
0.2,4,40,accepted,S,100,Stack,Zonly,44,42,330,325,94,0.2870229007633588,0.9848484848484849,1205.8461538461538
0.2,4,40,accepted,S,100,Stack,Zonly,44,43,330,322,86,0.26380368098159507,0.9757575757575757,1073.2919254658384
0.2,4,40,accepted,S,100,Stack,Zonly,44,44,330,328,87,0.26443768996960487,0.9939393939393939,1032.408536585366
0.2,4,40,accepted,S,100,PhaseNetMatched,Full3C,42,,330,330,191,0.5787878787878787,1.0,179.54545454545453
0.2,4,40,accepted,S,100,PhaseNetMatched,Full3C,43,,330,325,203,0.6198473282442748,0.9848484848484849,163.99999999999997
0.2,4,40,accepted,S,100,PhaseNetMatched,Full3C,44,,330,329,184,0.5584218512898331,0.996969696969697,166.80851063829783
0.2,4,40,accepted,S,100,PhaseNetMatched,Zonly,42,,330,330,97,0.29393939393939394,1.0,602.4242424242424
0.2,4,40,accepted,S,100,PhaseNetMatched,Zonly,43,,330,328,105,0.3191489361702128,0.9939393939393939,441.28048780487813
0.2,4,40,accepted,S,100,PhaseNetMatched,Zonly,44,,330,330,94,0.28484848484848485,1.0,468.48484848484867
0.2,4,40,accepted,S,100,Stack,Full3C,42,42,330,328,181,0.5501519756838906,0.9939393939393939,593.9024390243902
0.2,4,40,accepted,S,100,Stack,Full3C,42,43,330,326,175,0.5335365853658537,0.9878787878787879,772.8220858895705
0.2,4,40,accepted,S,100,Stack,Full3C,42,44,330,325,178,0.5435114503816794,0.9848484848484849,613.5076923076922
0.2,4,40,accepted,S,100,Stack,Zonly,42,42,330,325,91,0.2778625954198473,0.9848484848484849,1237.446153846154
0.2,4,40,accepted,S,100,Stack,Zonly,42,43,330,320,92,0.28307692307692306,0.9696969696969697,1259.9375
0.2,4,40,accepted,S,100,Stack,Zonly,42,44,330,317,91,0.28129829984544047,0.9606060606060606,1181.955835962145
0.2,4,40,strict,P,100,Stack,Full3C,43,42,330,324,275,0.8409785932721713,0.9818181818181818,128.0864197530863
0.2,4,40,strict,P,100,Stack,Full3C,43,43,330,325,272,0.8305343511450382,0.9848484848484849,127.16923076923064
0.2,4,40,strict,P,100,Stack,Full3C,43,44,330,326,272,0.8292682926829268,0.9878787878787879,130.18404907975446
0.2,4,40,strict,P,100,Stack,Zonly,43,42,330,329,268,0.8133535660091047,0.996969696969697,329.14893617021266
0.2,4,40,strict,P,100,Stack,Zonly,43,43,330,323,265,0.8116385911179173,0.9787878787878788,129.1021671826624
0.2,4,40,strict,P,100,Stack,Zonly,43,44,330,325,267,0.815267175572519,0.9848484848484849,129.63076923076915
0.2,4,40,strict,P,100,Stack,Full3C,44,42,330,325,269,0.8213740458015267,0.9848484848484849,104.09230769230759
0.2,4,40,strict,P,100,Stack,Full3C,44,43,330,322,270,0.8282208588957055,0.9757575757575757,101.27329192546573
0.2,4,40,strict,P,100,Stack,Full3C,44,44,330,328,268,0.8145896656534954,0.9939393939393939,166.95121951219505
0.2,4,40,strict,P,100,Stack,Zonly,44,42,330,324,267,0.8165137614678899,0.9818181818181818,127.93209876543196
0.2,4,40,strict,P,100,Stack,Zonly,44,43,330,327,271,0.8249619482496194,0.990909090909091,189.81651376146775
0.2,4,40,strict,P,100,Stack,Zonly,44,44,330,326,269,0.8201219512195121,0.9878787878787879,159.90797546012257
0.2,4,40,strict,P,100,PhaseNetMatched,Full3C,42,,330,330,324,0.9818181818181818,1.0,41.09090909090887
0.2,4,40,strict,P,100,PhaseNetMatched,Full3C,43,,330,330,325,0.9848484848484849,1.0,28.33333333333328
0.2,4,40,strict,P,100,PhaseNetMatched,Full3C,44,,330,329,324,0.9833080424886191,0.996969696969697,33.98176291793293
0.2,4,40,strict,P,100,PhaseNetMatched,Zonly,42,,330,330,326,0.9878787878787879,1.0,21.48484848484837
0.2,4,40,strict,P,100,PhaseNetMatched,Zonly,43,,330,329,324,0.9833080424886191,0.996969696969697,26.504559270516463
0.2,4,40,strict,P,100,PhaseNetMatched,Zonly,44,,330,329,323,0.9802731411229135,0.996969696969697,25.805471124619938
0.2,4,40,strict,P,100,Stack,Full3C,42,42,330,325,276,0.8427480916030534,0.9848484848484849,126.15384615384602
0.2,4,40,strict,P,100,Stack,Full3C,42,43,330,323,271,0.8300153139356815,0.9787878787878788,127.02786377708969
0.2,4,40,strict,P,100,Stack,Full3C,42,44,330,329,271,0.8224582701062215,0.996969696969697,291.88449848024305
0.2,4,40,strict,P,100,Stack,Zonly,42,42,330,328,264,0.8024316109422492,0.9939393939393939,169.54268292682917
0.2,4,40,strict,P,100,Stack,Zonly,42,43,330,323,264,0.8085758039816233,0.9787878787878788,132.01238390092865
0.2,4,40,strict,P,100,Stack,Zonly,42,44,330,324,264,0.8073394495412844,0.9818181818181818,133.36419753086412
0.2,4,40,strict,S,100,Stack,Full3C,43,42,330,319,185,0.5701078582434514,0.9666666666666667,471.56739811912206
0.2,4,40,strict,S,100,Stack,Full3C,43,43,330,323,186,0.5696784073506891,0.9787878787878788,700.1238390092878
0.2,4,40,strict,S,100,Stack,Full3C,43,44,330,324,186,0.5688073394495413,0.9818181818181818,638.8271604938271
0.2,4,40,strict,S,100,Stack,Zonly,43,42,330,298,79,0.2515923566878981,0.9030303030303031,1364.1610738255033
0.2,4,40,strict,S,100,Stack,Zonly,43,43,330,282,76,0.24836601307189543,0.8545454545454545,1271.8439716312057
0.2,4,40,strict,S,100,Stack,Zonly,43,44,330,270,76,0.25333333333333335,0.8181818181818182,1282.851851851852
0.2,4,40,strict,S,100,Stack,Full3C,44,42,330,327,179,0.5449010654490106,0.990909090909091,563.9755351681957
0.2,4,40,strict,S,100,Stack,Full3C,44,43,330,320,183,0.563076923076923,0.9696969696969697,567.5937499999999
0.2,4,40,strict,S,100,Stack,Full3C,44,44,330,326,175,0.5335365853658537,0.9878787878787879,723.5276073619632
0.2,4,40,strict,S,100,Stack,Zonly,44,42,330,293,90,0.28892455858747995,0.8878787878787879,954.9146757679181
0.2,4,40,strict,S,100,Stack,Zonly,44,43,330,291,83,0.2673107890499195,0.8818181818181818,974.9828178694158
0.2,4,40,strict,S,100,Stack,Zonly,44,44,330,298,83,0.2643312101910828,0.9030303030303031,986.1744966442953
0.2,4,40,strict,S,100,PhaseNetMatched,Full3C,42,,330,329,191,0.5796661608497724,0.996969696969697,177.62917933130697
0.2,4,40,strict,S,100,PhaseNetMatched,Full3C,43,,330,325,203,0.6198473282442748,0.9848484848484849,163.99999999999997
0.2,4,40,strict,S,100,PhaseNetMatched,Full3C,44,,330,328,184,0.5592705167173252,0.9939393939393939,165.85365853658533
0.2,4,40,strict,S,100,PhaseNetMatched,Zonly,42,,330,330,97,0.29393939393939394,1.0,602.4242424242424
0.2,4,40,strict,S,100,PhaseNetMatched,Zonly,43,,330,325,104,0.31755725190839695,0.9848484848484849,421.78461538461545
0.2,4,40,strict,S,100,PhaseNetMatched,Zonly,44,,330,330,94,0.28484848484848485,1.0,468.48484848484867
0.2,4,40,strict,S,100,Stack,Full3C,42,42,330,322,181,0.5552147239263804,0.9757575757575757,492.17391304347825
0.2,4,40,strict,S,100,Stack,Full3C,42,43,330,321,173,0.5314900153609831,0.9727272727272728,659.2523364485982
0.2,4,40,strict,S,100,Stack,Full3C,42,44,330,321,178,0.5468509984639017,0.9727272727272728,510.7165109034268
0.2,4,40,strict,S,100,Stack,Zonly,42,42,330,298,88,0.2802547770700637,0.9030303030303031,1160.1677852348994
0.2,4,40,strict,S,100,Stack,Zonly,42,43,330,280,84,0.2754098360655738,0.8484848484848485,1179.75
0.2,4,40,strict,S,100,Stack,Zonly,42,44,330,254,83,0.2842465753424658,0.7696969696969697,994.8425196850394
0.3,2,20,accepted,P,100,Stack,Full3C,43,42,330,327,275,0.837138508371385,0.990909090909091,129.17431192660538
0.3,2,20,accepted,P,100,Stack,Full3C,43,43,330,325,272,0.8305343511450382,0.9848484848484849,127.16923076923064
0.3,2,20,accepted,P,100,Stack,Full3C,43,44,330,327,272,0.8280060882800608,0.990909090909091,131.89602446483167
0.3,2,20,accepted,P,100,Stack,Zonly,43,42,330,330,269,0.8151515151515152,1.0,328.3030303030302
0.3,2,20,accepted,P,100,Stack,Zonly,43,43,330,326,266,0.8109756097560976,0.9878787878787879,130.64417177914098
0.3,2,20,accepted,P,100,Stack,Zonly,43,44,330,325,267,0.815267175572519,0.9848484848484849,129.63076923076915
0.3,2,20,accepted,P,100,Stack,Full3C,44,42,330,327,269,0.8188736681887366,0.990909090909091,105.65749235473994
0.3,2,20,accepted,P,100,Stack,Full3C,44,43,330,324,270,0.8256880733944955,0.9818181818181818,102.96296296296285
0.3,2,20,accepted,P,100,Stack,Full3C,44,44,330,330,268,0.8121212121212121,1.0,354.4242424242423
0.3,2,20,accepted,P,100,Stack,Zonly,44,42,330,326,268,0.8170731707317073,0.9878787878787879,128.80368098159497
0.3,2,20,accepted,P,100,Stack,Zonly,44,43,330,329,271,0.8224582701062215,0.996969696969697,291.6717325227963
0.3,2,20,accepted,P,100,Stack,Zonly,44,44,330,327,270,0.821917808219178,0.990909090909091,159.6024464831803
0.3,2,20,accepted,P,100,PhaseNetMatched,Full3C,42,,330,330,324,0.9818181818181818,1.0,41.09090909090887
0.3,2,20,accepted,P,100,PhaseNetMatched,Full3C,43,,330,330,325,0.9848484848484849,1.0,28.33333333333328
0.3,2,20,accepted,P,100,PhaseNetMatched,Full3C,44,,330,329,324,0.9833080424886191,0.996969696969697,33.98176291793293
0.3,2,20,accepted,P,100,PhaseNetMatched,Zonly,42,,330,330,326,0.9878787878787879,1.0,21.48484848484837
0.3,2,20,accepted,P,100,PhaseNetMatched,Zonly,43,,330,329,324,0.9833080424886191,0.996969696969697,26.504559270516463
0.3,2,20,accepted,P,100,PhaseNetMatched,Zonly,44,,330,330,323,0.9787878787878788,1.0,28.939393939393817
0.3,2,20,accepted,P,100,Stack,Full3C,42,42,330,327,276,0.8401826484018264,0.990909090909091,126.97247706422004
0.3,2,20,accepted,P,100,Stack,Full3C,42,43,330,326,271,0.8262195121951219,0.9878787878787879,129.47852760736185
0.3,2,20,accepted,P,100,Stack,Full3C,42,44,330,329,271,0.8224582701062215,0.996969696969697,291.88449848024305
0.3,2,20,accepted,P,100,Stack,Zonly,42,42,330,328,264,0.8024316109422492,0.9939393939393939,169.54268292682917
0.3,2,20,accepted,P,100,Stack,Zonly,42,43,330,324,265,0.8103975535168195,0.9818181818181818,131.63580246913565
0.3,2,20,accepted,P,100,Stack,Zonly,42,44,330,326,264,0.8048780487804879,0.9878787878787879,134.87730061349683
0.3,2,20,accepted,S,100,Stack,Full3C,43,42,330,324,186,0.5688073394495413,0.9818181818181818,551.1728395061727
0.3,2,20,accepted,S,100,Stack,Full3C,43,43,330,324,185,0.5657492354740061,0.9818181818181818,597.7777777777778
0.3,2,20,accepted,S,100,Stack,Full3C,43,44,330,326,187,0.5701219512195121,0.9878787878787879,567.361963190184
0.3,2,20,accepted,S,100,Stack,Zonly,43,42,330,315,83,0.25736434108527134,0.9545454545454546,1218.2539682539682
0.3,2,20,accepted,S,100,Stack,Zonly,43,43,330,300,78,0.24761904761904763,0.9090909090909091,1083.7333333333333
0.3,2,20,accepted,S,100,Stack,Zonly,43,44,330,292,78,0.2508038585209003,0.8848484848484849,1169.7602739726028
0.3,2,20,accepted,S,100,Stack,Full3C,44,42,330,326,180,0.5487804878048781,0.9878787878787879,502.23926380368096
0.3,2,20,accepted,S,100,Stack,Full3C,44,43,330,320,183,0.563076923076923,0.9696969696969697,525.7812499999999
0.3,2,20,accepted,S,100,Stack,Full3C,44,44,330,325,175,0.5343511450381679,0.9848484848484849,643.4769230769231
0.3,2,20,accepted,S,100,Stack,Zonly,44,42,330,310,93,0.290625,0.9393939393939394,972.4193548387096
0.3,2,20,accepted,S,100,Stack,Zonly,44,43,330,308,84,0.26332288401253917,0.9333333333333333,1050.3246753246754
0.3,2,20,accepted,S,100,Stack,Zonly,44,44,330,318,85,0.2623456790123457,0.9636363636363636,994.6855345911949
0.3,2,20,accepted,S,100,PhaseNetMatched,Full3C,42,,330,330,191,0.5787878787878787,1.0,179.54545454545453
0.3,2,20,accepted,S,100,PhaseNetMatched,Full3C,43,,330,325,203,0.6198473282442748,0.9848484848484849,163.99999999999997
0.3,2,20,accepted,S,100,PhaseNetMatched,Full3C,44,,330,329,184,0.5584218512898331,0.996969696969697,166.80851063829783
0.3,2,20,accepted,S,100,PhaseNetMatched,Zonly,42,,330,330,97,0.29393939393939394,1.0,602.4242424242424
0.3,2,20,accepted,S,100,PhaseNetMatched,Zonly,43,,330,327,105,0.319634703196347,0.990909090909091,441.9877675840979
0.3,2,20,accepted,S,100,PhaseNetMatched,Zonly,44,,330,330,94,0.28484848484848485,1.0,468.48484848484867
0.3,2,20,accepted,S,100,Stack,Full3C,42,42,330,322,181,0.5552147239263804,0.9757575757575757,492.2049689440994
0.3,2,20,accepted,S,100,Stack,Full3C,42,43,330,320,174,0.5353846153846153,0.9696969696969697,617.625
0.3,2,20,accepted,S,100,Stack,Full3C,42,44,330,322,178,0.5460122699386503,0.9757575757575757,518.3229813664597
0.3,2,20,accepted,S,100,Stack,Zonly,42,42,330,315,90,0.27906976744186046,0.9545454545454546,1126.4761904761904
0.3,2,20,accepted,S,100,Stack,Zonly,42,43,330,292,87,0.2797427652733119,0.8848484848484849,1220.650684931507
0.3,2,20,accepted,S,100,Stack,Zonly,42,44,330,284,88,0.28664495114006516,0.8606060606060606,1150.5633802816901
0.3,2,20,strict,P,100,Stack,Full3C,43,42,330,321,274,0.8417818740399385,0.9727272727272728,125.6697819314641
0.3,2,20,strict,P,100,Stack,Full3C,43,43,330,322,271,0.8312883435582822,0.9757575757575757,126.36645962732905
0.3,2,20,strict,P,100,Stack,Full3C,43,44,330,323,271,0.8300153139356815,0.9787878787878788,129.16408668730637
0.3,2,20,strict,P,100,Stack,Zonly,43,42,330,326,267,0.8140243902439024,0.9878787878787879,292.0245398773005
0.3,2,20,strict,P,100,Stack,Zonly,43,43,330,323,265,0.8116385911179173,0.9787878787878788,129.1021671826624
0.3,2,20,strict,P,100,Stack,Zonly,43,44,330,322,266,0.8159509202453987,0.9757575757575757,128.35403726708063
0.3,2,20,strict,P,100,Stack,Full3C,44,42,330,322,269,0.8251533742331288,0.9757575757575757,102.32919254658376
0.3,2,20,strict,P,100,Stack,Full3C,44,43,330,322,270,0.8282208588957055,0.9757575757575757,101.27329192546573
0.3,2,20,strict,P,100,Stack,Full3C,44,44,330,325,268,0.8183206106870229,0.9848484848484849,104.79999999999991
0.3,2,20,strict,P,100,Stack,Zonly,44,42,330,318,266,0.8209876543209876,0.9636363636363636,102.83018867924517
0.3,2,20,strict,P,100,Stack,Zonly,44,43,330,324,271,0.8287461773700305,0.9818181818181818,127.7469135802468
0.3,2,20,strict,P,100,Stack,Zonly,44,44,330,322,268,0.8220858895705522,0.9757575757575757,151.89440993788807
0.3,2,20,strict,P,100,PhaseNetMatched,Full3C,42,,330,330,324,0.9818181818181818,1.0,41.09090909090887
0.3,2,20,strict,P,100,PhaseNetMatched,Full3C,43,,330,330,325,0.9848484848484849,1.0,28.33333333333328
0.3,2,20,strict,P,100,PhaseNetMatched,Full3C,44,,330,329,324,0.9833080424886191,0.996969696969697,33.98176291793293
0.3,2,20,strict,P,100,PhaseNetMatched,Zonly,42,,330,329,326,0.9893778452200304,0.996969696969697,18.510638297872223
0.3,2,20,strict,P,100,PhaseNetMatched,Zonly,43,,330,327,322,0.9802130898021308,0.990909090909091,26.51376146788965
0.3,2,20,strict,P,100,PhaseNetMatched,Zonly,44,,330,328,323,0.9817629179331308,0.9939393939393939,22.804878048780363
0.3,2,20,strict,P,100,Stack,Full3C,42,42,330,324,275,0.8409785932721713,0.9818181818181818,126.45061728395048
0.3,2,20,strict,P,100,Stack,Full3C,42,43,330,322,271,0.8312883435582822,0.9757575757575757,125.4968944099378
0.3,2,20,strict,P,100,Stack,Full3C,42,44,330,324,271,0.8287461773700305,0.9818181818181818,129.41358024691345
0.3,2,20,strict,P,100,Stack,Zonly,42,42,330,326,263,0.801829268292683,0.9878787878787879,168.49693251533728
0.3,2,20,strict,P,100,Stack,Zonly,42,43,330,321,263,0.8079877112135176,0.9727272727272728,132.33644859813072
0.3,2,20,strict,P,100,Stack,Zonly,42,44,330,322,262,0.803680981595092,0.9757575757575757,133.91304347826076
0.3,2,20,strict,S,100,Stack,Full3C,43,42,330,309,181,0.5665101721439749,0.9363636363636364,462.556634304207
0.3,2,20,strict,S,100,Stack,Full3C,43,43,330,306,181,0.5691823899371069,0.9272727272727272,577.843137254902
0.3,2,20,strict,S,100,Stack,Full3C,43,44,330,311,183,0.5709828393135725,0.9424242424242424,449.19614147909965
0.3,2,20,strict,S,100,Stack,Zonly,43,42,330,248,70,0.2422145328719723,0.7515151515151515,1026.8548387096773
0.3,2,20,strict,S,100,Stack,Zonly,43,43,330,242,70,0.24475524475524477,0.7333333333333333,1016.9421487603306
0.3,2,20,strict,S,100,Stack,Zonly,43,44,330,218,68,0.24817518248175183,0.6606060606060606,1040.5504587155963
0.3,2,20,strict,S,100,Stack,Full3C,44,42,330,320,178,0.5476923076923077,0.9696969696969697,445.6875
0.3,2,20,strict,S,100,Stack,Full3C,44,43,330,308,181,0.567398119122257,0.9333333333333333,480.97402597402595
0.3,2,20,strict,S,100,Stack,Full3C,44,44,330,315,175,0.5426356589147286,0.9545454545454546,497.3015873015873
0.3,2,20,strict,S,100,Stack,Zonly,44,42,330,252,80,0.27491408934707906,0.7636363636363637,974.9603174603175
0.3,2,20,strict,S,100,Stack,Zonly,44,43,330,245,75,0.2608695652173913,0.7424242424242424,861.5102040816327
0.3,2,20,strict,S,100,Stack,Zonly,44,44,330,256,77,0.2627986348122867,0.7757575757575758,844.1015625
0.3,2,20,strict,S,100,PhaseNetMatched,Full3C,42,,330,327,191,0.5814307458143074,0.990909090909091,176.42201834862382
0.3,2,20,strict,S,100,PhaseNetMatched,Full3C,43,,330,323,202,0.6186830015313936,0.9787878787878788,162.0433436532508
0.3,2,20,strict,S,100,PhaseNetMatched,Full3C,44,,330,326,183,0.5579268292682927,0.9878787878787879,163.9263803680981
0.3,2,20,strict,S,100,PhaseNetMatched,Zonly,42,,330,325,97,0.2961832061068702,0.9848484848484849,551.3846153846155
0.3,2,20,strict,S,100,PhaseNetMatched,Zonly,43,,330,320,103,0.3169230769230769,0.9696969696969697,413.84375
0.3,2,20,strict,S,100,PhaseNetMatched,Zonly,44,,330,324,94,0.2874617737003058,0.9818181818181818,438.858024691358
0.3,2,20,strict,S,100,Stack,Full3C,42,42,330,315,179,0.5550387596899224,0.9545454545454546,470.7936507936508
0.3,2,20,strict,S,100,Stack,Full3C,42,43,330,310,173,0.540625,0.9393939393939394,526.2258064516129
0.3,2,20,strict,S,100,Stack,Full3C,42,44,330,313,177,0.5505443234836703,0.9484848484848485,444.4408945686901
0.3,2,20,strict,S,100,Stack,Zonly,42,42,330,246,76,0.2638888888888889,0.7454545454545455,886.1788617886178
0.3,2,20,strict,S,100,Stack,Zonly,42,43,330,222,68,0.2463768115942029,0.6727272727272727,986.1711711711711
0.3,2,20,strict,S,100,Stack,Zonly,42,44,330,170,68,0.272,0.5151515151515151,687.0588235294116
0.3,2,30,accepted,P,100,Stack,Full3C,43,42,330,327,275,0.837138508371385,0.990909090909091,129.17431192660538
0.3,2,30,accepted,P,100,Stack,Full3C,43,43,330,325,272,0.8305343511450382,0.9848484848484849,127.16923076923064
0.3,2,30,accepted,P,100,Stack,Full3C,43,44,330,327,272,0.8280060882800608,0.990909090909091,131.89602446483167
0.3,2,30,accepted,P,100,Stack,Zonly,43,42,330,330,269,0.8151515151515152,1.0,328.3030303030302
0.3,2,30,accepted,P,100,Stack,Zonly,43,43,330,326,266,0.8109756097560976,0.9878787878787879,130.64417177914098
0.3,2,30,accepted,P,100,Stack,Zonly,43,44,330,325,267,0.815267175572519,0.9848484848484849,129.63076923076915
0.3,2,30,accepted,P,100,Stack,Full3C,44,42,330,327,269,0.8188736681887366,0.990909090909091,105.65749235473994
0.3,2,30,accepted,P,100,Stack,Full3C,44,43,330,324,270,0.8256880733944955,0.9818181818181818,102.96296296296285
0.3,2,30,accepted,P,100,Stack,Full3C,44,44,330,330,268,0.8121212121212121,1.0,354.4242424242423
0.3,2,30,accepted,P,100,Stack,Zonly,44,42,330,326,268,0.8170731707317073,0.9878787878787879,128.80368098159497
0.3,2,30,accepted,P,100,Stack,Zonly,44,43,330,329,271,0.8224582701062215,0.996969696969697,291.6717325227963
0.3,2,30,accepted,P,100,Stack,Zonly,44,44,330,327,270,0.821917808219178,0.990909090909091,159.6024464831803
0.3,2,30,accepted,P,100,PhaseNetMatched,Full3C,42,,330,330,324,0.9818181818181818,1.0,41.09090909090887
0.3,2,30,accepted,P,100,PhaseNetMatched,Full3C,43,,330,330,325,0.9848484848484849,1.0,28.33333333333328
0.3,2,30,accepted,P,100,PhaseNetMatched,Full3C,44,,330,329,324,0.9833080424886191,0.996969696969697,33.98176291793293
0.3,2,30,accepted,P,100,PhaseNetMatched,Zonly,42,,330,330,326,0.9878787878787879,1.0,21.48484848484837
0.3,2,30,accepted,P,100,PhaseNetMatched,Zonly,43,,330,329,324,0.9833080424886191,0.996969696969697,26.504559270516463
0.3,2,30,accepted,P,100,PhaseNetMatched,Zonly,44,,330,330,323,0.9787878787878788,1.0,28.939393939393817
0.3,2,30,accepted,P,100,Stack,Full3C,42,42,330,327,276,0.8401826484018264,0.990909090909091,126.97247706422004
0.3,2,30,accepted,P,100,Stack,Full3C,42,43,330,326,271,0.8262195121951219,0.9878787878787879,129.47852760736185
0.3,2,30,accepted,P,100,Stack,Full3C,42,44,330,329,271,0.8224582701062215,0.996969696969697,291.88449848024305
0.3,2,30,accepted,P,100,Stack,Zonly,42,42,330,328,264,0.8024316109422492,0.9939393939393939,169.54268292682917
0.3,2,30,accepted,P,100,Stack,Zonly,42,43,330,324,265,0.8103975535168195,0.9818181818181818,131.63580246913565
0.3,2,30,accepted,P,100,Stack,Zonly,42,44,330,326,264,0.8048780487804879,0.9878787878787879,134.87730061349683
0.3,2,30,accepted,S,100,Stack,Full3C,43,42,330,324,186,0.5688073394495413,0.9818181818181818,577.6543209876543
0.3,2,30,accepted,S,100,Stack,Full3C,43,43,330,324,185,0.5657492354740061,0.9818181818181818,735.6481481481482
0.3,2,30,accepted,S,100,Stack,Full3C,43,44,330,326,187,0.5701219512195121,0.9878787878787879,638.9877300613497
0.3,2,30,accepted,S,100,Stack,Zonly,43,42,330,315,83,0.25736434108527134,0.9545454545454546,1386.5396825396826
0.3,2,30,accepted,S,100,Stack,Zonly,43,43,330,300,78,0.24761904761904763,0.9090909090909091,1260.5
0.3,2,30,accepted,S,100,Stack,Zonly,43,44,330,292,78,0.2508038585209003,0.8848484848484849,1350.7876712328766
0.3,2,30,accepted,S,100,Stack,Full3C,44,42,330,326,180,0.5487804878048781,0.9878787878787879,522.4539877300614
0.3,2,30,accepted,S,100,Stack,Full3C,44,43,330,321,182,0.5591397849462365,0.9727272727272728,631.0280373831774
0.3,2,30,accepted,S,100,Stack,Full3C,44,44,330,326,175,0.5335365853658537,0.9878787878787879,723.5276073619632
0.3,2,30,accepted,S,100,Stack,Zonly,44,42,330,310,93,0.290625,0.9393939393939394,972.4193548387096
0.3,2,30,accepted,S,100,Stack,Zonly,44,43,330,308,84,0.26332288401253917,0.9333333333333333,1050.3246753246754
0.3,2,30,accepted,S,100,Stack,Zonly,44,44,330,318,85,0.2623456790123457,0.9636363636363636,994.6855345911949
0.3,2,30,accepted,S,100,PhaseNetMatched,Full3C,42,,330,330,191,0.5787878787878787,1.0,179.54545454545453
0.3,2,30,accepted,S,100,PhaseNetMatched,Full3C,43,,330,325,203,0.6198473282442748,0.9848484848484849,163.99999999999997
0.3,2,30,accepted,S,100,PhaseNetMatched,Full3C,44,,330,329,184,0.5584218512898331,0.996969696969697,166.80851063829783
0.3,2,30,accepted,S,100,PhaseNetMatched,Zonly,42,,330,330,97,0.29393939393939394,1.0,602.4242424242424
0.3,2,30,accepted,S,100,PhaseNetMatched,Zonly,43,,330,327,105,0.319634703196347,0.990909090909091,441.9877675840979
0.3,2,30,accepted,S,100,PhaseNetMatched,Zonly,44,,330,330,94,0.28484848484848485,1.0,468.48484848484867
0.3,2,30,accepted,S,100,Stack,Full3C,42,42,330,322,181,0.5552147239263804,0.9757575757575757,492.2049689440994
0.3,2,30,accepted,S,100,Stack,Full3C,42,43,330,320,174,0.5353846153846153,0.9696969696969697,617.625
0.3,2,30,accepted,S,100,Stack,Full3C,42,44,330,322,178,0.5460122699386503,0.9757575757575757,553.5093167701864
0.3,2,30,accepted,S,100,Stack,Zonly,42,42,330,315,90,0.27906976744186046,0.9545454545454546,1170.0
0.3,2,30,accepted,S,100,Stack,Zonly,42,43,330,292,87,0.2797427652733119,0.8848484848484849,1220.650684931507
0.3,2,30,accepted,S,100,Stack,Zonly,42,44,330,284,88,0.28664495114006516,0.8606060606060606,1150.5633802816901
0.3,2,30,strict,P,100,Stack,Full3C,43,42,330,321,274,0.8417818740399385,0.9727272727272728,125.6697819314641
0.3,2,30,strict,P,100,Stack,Full3C,43,43,330,322,271,0.8312883435582822,0.9757575757575757,126.36645962732905
0.3,2,30,strict,P,100,Stack,Full3C,43,44,330,323,271,0.8300153139356815,0.9787878787878788,129.16408668730637
0.3,2,30,strict,P,100,Stack,Zonly,43,42,330,326,267,0.8140243902439024,0.9878787878787879,292.0245398773005
0.3,2,30,strict,P,100,Stack,Zonly,43,43,330,323,265,0.8116385911179173,0.9787878787878788,129.1021671826624
0.3,2,30,strict,P,100,Stack,Zonly,43,44,330,322,266,0.8159509202453987,0.9757575757575757,128.35403726708063
0.3,2,30,strict,P,100,Stack,Full3C,44,42,330,322,269,0.8251533742331288,0.9757575757575757,102.32919254658376
0.3,2,30,strict,P,100,Stack,Full3C,44,43,330,322,270,0.8282208588957055,0.9757575757575757,101.27329192546573
0.3,2,30,strict,P,100,Stack,Full3C,44,44,330,325,268,0.8183206106870229,0.9848484848484849,104.79999999999991
0.3,2,30,strict,P,100,Stack,Zonly,44,42,330,318,266,0.8209876543209876,0.9636363636363636,102.83018867924517
0.3,2,30,strict,P,100,Stack,Zonly,44,43,330,324,271,0.8287461773700305,0.9818181818181818,127.7469135802468
0.3,2,30,strict,P,100,Stack,Zonly,44,44,330,322,268,0.8220858895705522,0.9757575757575757,151.89440993788807
0.3,2,30,strict,P,100,PhaseNetMatched,Full3C,42,,330,330,324,0.9818181818181818,1.0,41.09090909090887
0.3,2,30,strict,P,100,PhaseNetMatched,Full3C,43,,330,330,325,0.9848484848484849,1.0,28.33333333333328
0.3,2,30,strict,P,100,PhaseNetMatched,Full3C,44,,330,329,324,0.9833080424886191,0.996969696969697,33.98176291793293
0.3,2,30,strict,P,100,PhaseNetMatched,Zonly,42,,330,329,326,0.9893778452200304,0.996969696969697,18.510638297872223
0.3,2,30,strict,P,100,PhaseNetMatched,Zonly,43,,330,327,322,0.9802130898021308,0.990909090909091,26.51376146788965
0.3,2,30,strict,P,100,PhaseNetMatched,Zonly,44,,330,328,323,0.9817629179331308,0.9939393939393939,22.804878048780363
0.3,2,30,strict,P,100,Stack,Full3C,42,42,330,324,275,0.8409785932721713,0.9818181818181818,126.45061728395048
0.3,2,30,strict,P,100,Stack,Full3C,42,43,330,322,271,0.8312883435582822,0.9757575757575757,125.4968944099378
0.3,2,30,strict,P,100,Stack,Full3C,42,44,330,324,271,0.8287461773700305,0.9818181818181818,129.41358024691345
0.3,2,30,strict,P,100,Stack,Zonly,42,42,330,326,263,0.801829268292683,0.9878787878787879,168.49693251533728
0.3,2,30,strict,P,100,Stack,Zonly,42,43,330,321,263,0.8079877112135176,0.9727272727272728,132.33644859813072
0.3,2,30,strict,P,100,Stack,Zonly,42,44,330,322,262,0.803680981595092,0.9757575757575757,133.91304347826076
0.3,2,30,strict,S,100,Stack,Full3C,43,42,330,309,181,0.5665101721439749,0.9363636363636364,462.556634304207
0.3,2,30,strict,S,100,Stack,Full3C,43,43,330,307,181,0.5682888540031397,0.9303030303030303,624.0065146579805
0.3,2,30,strict,S,100,Stack,Full3C,43,44,330,312,183,0.5700934579439252,0.9454545454545454,494.4871794871795
0.3,2,30,strict,S,100,Stack,Zonly,43,42,330,249,70,0.24179620034542315,0.7545454545454545,1277.7911646586344
0.3,2,30,strict,S,100,Stack,Zonly,43,43,330,242,70,0.24475524475524477,0.7333333333333333,1236.0743801652893
0.3,2,30,strict,S,100,Stack,Zonly,43,44,330,220,68,0.24727272727272728,0.6666666666666666,1278.2272727272727
0.3,2,30,strict,S,100,Stack,Full3C,44,42,330,320,178,0.5476923076923077,0.9696969696969697,466.28125
0.3,2,30,strict,S,100,Stack,Full3C,44,43,330,308,181,0.567398119122257,0.9333333333333333,480.97402597402595
0.3,2,30,strict,S,100,Stack,Full3C,44,44,330,315,175,0.5426356589147286,0.9545454545454546,513.6825396825396
0.3,2,30,strict,S,100,Stack,Zonly,44,42,330,252,80,0.27491408934707906,0.7636363636363637,974.9603174603175
0.3,2,30,strict,S,100,Stack,Zonly,44,43,330,245,75,0.2608695652173913,0.7424242424242424,861.5102040816327
0.3,2,30,strict,S,100,Stack,Zonly,44,44,330,256,77,0.2627986348122867,0.7757575757575758,844.1015625
0.3,2,30,strict,S,100,PhaseNetMatched,Full3C,42,,330,327,191,0.5814307458143074,0.990909090909091,176.42201834862382
0.3,2,30,strict,S,100,PhaseNetMatched,Full3C,43,,330,323,202,0.6186830015313936,0.9787878787878788,162.0433436532508
0.3,2,30,strict,S,100,PhaseNetMatched,Full3C,44,,330,326,183,0.5579268292682927,0.9878787878787879,163.9263803680981
0.3,2,30,strict,S,100,PhaseNetMatched,Zonly,42,,330,325,97,0.2961832061068702,0.9848484848484849,551.3846153846155
0.3,2,30,strict,S,100,PhaseNetMatched,Zonly,43,,330,320,103,0.3169230769230769,0.9696969696969697,413.84375
0.3,2,30,strict,S,100,PhaseNetMatched,Zonly,44,,330,324,94,0.2874617737003058,0.9818181818181818,438.858024691358
0.3,2,30,strict,S,100,Stack,Full3C,42,42,330,315,179,0.5550387596899224,0.9545454545454546,470.7936507936508
0.3,2,30,strict,S,100,Stack,Full3C,42,43,330,310,173,0.540625,0.9393939393939394,526.2258064516129
0.3,2,30,strict,S,100,Stack,Full3C,42,44,330,313,177,0.5505443234836703,0.9484848484848485,444.4408945686901
0.3,2,30,strict,S,100,Stack,Zonly,42,42,330,247,76,0.2634315424610052,0.7484848484848485,940.6882591093117
0.3,2,30,strict,S,100,Stack,Zonly,42,43,330,222,68,0.2463768115942029,0.6727272727272727,986.1711711711711
0.3,2,30,strict,S,100,Stack,Zonly,42,44,330,170,68,0.272,0.5151515151515151,687.0588235294116
0.3,2,40,accepted,P,100,Stack,Full3C,43,42,330,327,275,0.837138508371385,0.990909090909091,129.17431192660538
0.3,2,40,accepted,P,100,Stack,Full3C,43,43,330,325,272,0.8305343511450382,0.9848484848484849,127.16923076923064
0.3,2,40,accepted,P,100,Stack,Full3C,43,44,330,327,272,0.8280060882800608,0.990909090909091,131.89602446483167
0.3,2,40,accepted,P,100,Stack,Zonly,43,42,330,330,269,0.8151515151515152,1.0,328.3030303030302
0.3,2,40,accepted,P,100,Stack,Zonly,43,43,330,326,266,0.8109756097560976,0.9878787878787879,130.64417177914098
0.3,2,40,accepted,P,100,Stack,Zonly,43,44,330,325,267,0.815267175572519,0.9848484848484849,129.63076923076915
0.3,2,40,accepted,P,100,Stack,Full3C,44,42,330,327,269,0.8188736681887366,0.990909090909091,105.65749235473994
0.3,2,40,accepted,P,100,Stack,Full3C,44,43,330,324,270,0.8256880733944955,0.9818181818181818,102.96296296296285
0.3,2,40,accepted,P,100,Stack,Full3C,44,44,330,330,268,0.8121212121212121,1.0,354.4242424242423
0.3,2,40,accepted,P,100,Stack,Zonly,44,42,330,326,268,0.8170731707317073,0.9878787878787879,128.80368098159497
0.3,2,40,accepted,P,100,Stack,Zonly,44,43,330,329,271,0.8224582701062215,0.996969696969697,291.6717325227963
0.3,2,40,accepted,P,100,Stack,Zonly,44,44,330,327,270,0.821917808219178,0.990909090909091,159.6024464831803
0.3,2,40,accepted,P,100,PhaseNetMatched,Full3C,42,,330,330,324,0.9818181818181818,1.0,41.09090909090887
0.3,2,40,accepted,P,100,PhaseNetMatched,Full3C,43,,330,330,325,0.9848484848484849,1.0,28.33333333333328
0.3,2,40,accepted,P,100,PhaseNetMatched,Full3C,44,,330,329,324,0.9833080424886191,0.996969696969697,33.98176291793293
0.3,2,40,accepted,P,100,PhaseNetMatched,Zonly,42,,330,330,326,0.9878787878787879,1.0,21.48484848484837
0.3,2,40,accepted,P,100,PhaseNetMatched,Zonly,43,,330,329,324,0.9833080424886191,0.996969696969697,26.504559270516463
0.3,2,40,accepted,P,100,PhaseNetMatched,Zonly,44,,330,330,323,0.9787878787878788,1.0,28.939393939393817
0.3,2,40,accepted,P,100,Stack,Full3C,42,42,330,327,276,0.8401826484018264,0.990909090909091,126.97247706422004
0.3,2,40,accepted,P,100,Stack,Full3C,42,43,330,326,271,0.8262195121951219,0.9878787878787879,129.47852760736185
0.3,2,40,accepted,P,100,Stack,Full3C,42,44,330,329,271,0.8224582701062215,0.996969696969697,291.88449848024305
0.3,2,40,accepted,P,100,Stack,Zonly,42,42,330,328,264,0.8024316109422492,0.9939393939393939,169.54268292682917
0.3,2,40,accepted,P,100,Stack,Zonly,42,43,330,324,265,0.8103975535168195,0.9818181818181818,131.63580246913565
0.3,2,40,accepted,P,100,Stack,Zonly,42,44,330,326,264,0.8048780487804879,0.9878787878787879,134.87730061349683
0.3,2,40,accepted,S,100,Stack,Full3C,43,42,330,324,186,0.5688073394495413,0.9818181818181818,577.6543209876543
0.3,2,40,accepted,S,100,Stack,Full3C,43,43,330,324,185,0.5657492354740061,0.9818181818181818,735.6481481481482
0.3,2,40,accepted,S,100,Stack,Full3C,43,44,330,326,187,0.5701219512195121,0.9878787878787879,638.9877300613497
0.3,2,40,accepted,S,100,Stack,Zonly,43,42,330,315,83,0.25736434108527134,0.9545454545454546,1386.5396825396826
0.3,2,40,accepted,S,100,Stack,Zonly,43,43,330,300,78,0.24761904761904763,0.9090909090909091,1260.5
0.3,2,40,accepted,S,100,Stack,Zonly,43,44,330,292,78,0.2508038585209003,0.8848484848484849,1350.7876712328766
0.3,2,40,accepted,S,100,Stack,Full3C,44,42,330,326,180,0.5487804878048781,0.9878787878787879,522.4539877300614
0.3,2,40,accepted,S,100,Stack,Full3C,44,43,330,321,182,0.5591397849462365,0.9727272727272728,631.0280373831774
0.3,2,40,accepted,S,100,Stack,Full3C,44,44,330,326,175,0.5335365853658537,0.9878787878787879,723.5276073619632
0.3,2,40,accepted,S,100,Stack,Zonly,44,42,330,310,93,0.290625,0.9393939393939394,972.4193548387096
0.3,2,40,accepted,S,100,Stack,Zonly,44,43,330,308,84,0.26332288401253917,0.9333333333333333,1050.3246753246754
0.3,2,40,accepted,S,100,Stack,Zonly,44,44,330,318,85,0.2623456790123457,0.9636363636363636,994.6855345911949
0.3,2,40,accepted,S,100,PhaseNetMatched,Full3C,42,,330,330,191,0.5787878787878787,1.0,179.54545454545453
0.3,2,40,accepted,S,100,PhaseNetMatched,Full3C,43,,330,325,203,0.6198473282442748,0.9848484848484849,163.99999999999997
0.3,2,40,accepted,S,100,PhaseNetMatched,Full3C,44,,330,329,184,0.5584218512898331,0.996969696969697,166.80851063829783
0.3,2,40,accepted,S,100,PhaseNetMatched,Zonly,42,,330,330,97,0.29393939393939394,1.0,602.4242424242424
0.3,2,40,accepted,S,100,PhaseNetMatched,Zonly,43,,330,327,105,0.319634703196347,0.990909090909091,441.9877675840979
0.3,2,40,accepted,S,100,PhaseNetMatched,Zonly,44,,330,330,94,0.28484848484848485,1.0,468.48484848484867
0.3,2,40,accepted,S,100,Stack,Full3C,42,42,330,322,181,0.5552147239263804,0.9757575757575757,492.2049689440994
0.3,2,40,accepted,S,100,Stack,Full3C,42,43,330,320,174,0.5353846153846153,0.9696969696969697,617.625
0.3,2,40,accepted,S,100,Stack,Full3C,42,44,330,322,178,0.5460122699386503,0.9757575757575757,553.5093167701864
0.3,2,40,accepted,S,100,Stack,Zonly,42,42,330,315,90,0.27906976744186046,0.9545454545454546,1170.0
0.3,2,40,accepted,S,100,Stack,Zonly,42,43,330,292,87,0.2797427652733119,0.8848484848484849,1220.650684931507
0.3,2,40,accepted,S,100,Stack,Zonly,42,44,330,284,88,0.28664495114006516,0.8606060606060606,1150.5633802816901
0.3,2,40,strict,P,100,Stack,Full3C,43,42,330,321,274,0.8417818740399385,0.9727272727272728,125.6697819314641
0.3,2,40,strict,P,100,Stack,Full3C,43,43,330,322,271,0.8312883435582822,0.9757575757575757,126.36645962732905
0.3,2,40,strict,P,100,Stack,Full3C,43,44,330,323,271,0.8300153139356815,0.9787878787878788,129.16408668730637
0.3,2,40,strict,P,100,Stack,Zonly,43,42,330,326,267,0.8140243902439024,0.9878787878787879,292.0245398773005
0.3,2,40,strict,P,100,Stack,Zonly,43,43,330,323,265,0.8116385911179173,0.9787878787878788,129.1021671826624
0.3,2,40,strict,P,100,Stack,Zonly,43,44,330,322,266,0.8159509202453987,0.9757575757575757,128.35403726708063
0.3,2,40,strict,P,100,Stack,Full3C,44,42,330,322,269,0.8251533742331288,0.9757575757575757,102.32919254658376
0.3,2,40,strict,P,100,Stack,Full3C,44,43,330,322,270,0.8282208588957055,0.9757575757575757,101.27329192546573
0.3,2,40,strict,P,100,Stack,Full3C,44,44,330,325,268,0.8183206106870229,0.9848484848484849,104.79999999999991
0.3,2,40,strict,P,100,Stack,Zonly,44,42,330,318,266,0.8209876543209876,0.9636363636363636,102.83018867924517
0.3,2,40,strict,P,100,Stack,Zonly,44,43,330,324,271,0.8287461773700305,0.9818181818181818,127.7469135802468
0.3,2,40,strict,P,100,Stack,Zonly,44,44,330,322,268,0.8220858895705522,0.9757575757575757,151.89440993788807
0.3,2,40,strict,P,100,PhaseNetMatched,Full3C,42,,330,330,324,0.9818181818181818,1.0,41.09090909090887
0.3,2,40,strict,P,100,PhaseNetMatched,Full3C,43,,330,330,325,0.9848484848484849,1.0,28.33333333333328
0.3,2,40,strict,P,100,PhaseNetMatched,Full3C,44,,330,329,324,0.9833080424886191,0.996969696969697,33.98176291793293
0.3,2,40,strict,P,100,PhaseNetMatched,Zonly,42,,330,329,326,0.9893778452200304,0.996969696969697,18.510638297872223
0.3,2,40,strict,P,100,PhaseNetMatched,Zonly,43,,330,327,322,0.9802130898021308,0.990909090909091,26.51376146788965
0.3,2,40,strict,P,100,PhaseNetMatched,Zonly,44,,330,328,323,0.9817629179331308,0.9939393939393939,22.804878048780363
0.3,2,40,strict,P,100,Stack,Full3C,42,42,330,324,275,0.8409785932721713,0.9818181818181818,126.45061728395048
0.3,2,40,strict,P,100,Stack,Full3C,42,43,330,322,271,0.8312883435582822,0.9757575757575757,125.4968944099378
0.3,2,40,strict,P,100,Stack,Full3C,42,44,330,324,271,0.8287461773700305,0.9818181818181818,129.41358024691345
0.3,2,40,strict,P,100,Stack,Zonly,42,42,330,326,263,0.801829268292683,0.9878787878787879,168.49693251533728
0.3,2,40,strict,P,100,Stack,Zonly,42,43,330,321,263,0.8079877112135176,0.9727272727272728,132.33644859813072
0.3,2,40,strict,P,100,Stack,Zonly,42,44,330,322,262,0.803680981595092,0.9757575757575757,133.91304347826076
0.3,2,40,strict,S,100,Stack,Full3C,43,42,330,309,181,0.5665101721439749,0.9363636363636364,462.556634304207
0.3,2,40,strict,S,100,Stack,Full3C,43,43,330,307,181,0.5682888540031397,0.9303030303030303,624.0065146579805
0.3,2,40,strict,S,100,Stack,Full3C,43,44,330,312,183,0.5700934579439252,0.9454545454545454,494.4871794871795
0.3,2,40,strict,S,100,Stack,Zonly,43,42,330,249,70,0.24179620034542315,0.7545454545454545,1277.7911646586344
0.3,2,40,strict,S,100,Stack,Zonly,43,43,330,242,70,0.24475524475524477,0.7333333333333333,1236.0743801652893
0.3,2,40,strict,S,100,Stack,Zonly,43,44,330,220,68,0.24727272727272728,0.6666666666666666,1278.2272727272727
0.3,2,40,strict,S,100,Stack,Full3C,44,42,330,320,178,0.5476923076923077,0.9696969696969697,466.28125
0.3,2,40,strict,S,100,Stack,Full3C,44,43,330,308,181,0.567398119122257,0.9333333333333333,480.97402597402595
0.3,2,40,strict,S,100,Stack,Full3C,44,44,330,315,175,0.5426356589147286,0.9545454545454546,513.6825396825396
0.3,2,40,strict,S,100,Stack,Zonly,44,42,330,252,80,0.27491408934707906,0.7636363636363637,974.9603174603175
0.3,2,40,strict,S,100,Stack,Zonly,44,43,330,245,75,0.2608695652173913,0.7424242424242424,861.5102040816327
0.3,2,40,strict,S,100,Stack,Zonly,44,44,330,256,77,0.2627986348122867,0.7757575757575758,844.1015625
0.3,2,40,strict,S,100,PhaseNetMatched,Full3C,42,,330,327,191,0.5814307458143074,0.990909090909091,176.42201834862382
0.3,2,40,strict,S,100,PhaseNetMatched,Full3C,43,,330,323,202,0.6186830015313936,0.9787878787878788,162.0433436532508
0.3,2,40,strict,S,100,PhaseNetMatched,Full3C,44,,330,326,183,0.5579268292682927,0.9878787878787879,163.9263803680981
0.3,2,40,strict,S,100,PhaseNetMatched,Zonly,42,,330,325,97,0.2961832061068702,0.9848484848484849,551.3846153846155
0.3,2,40,strict,S,100,PhaseNetMatched,Zonly,43,,330,320,103,0.3169230769230769,0.9696969696969697,413.84375
0.3,2,40,strict,S,100,PhaseNetMatched,Zonly,44,,330,324,94,0.2874617737003058,0.9818181818181818,438.858024691358
0.3,2,40,strict,S,100,Stack,Full3C,42,42,330,315,179,0.5550387596899224,0.9545454545454546,470.7936507936508
0.3,2,40,strict,S,100,Stack,Full3C,42,43,330,310,173,0.540625,0.9393939393939394,526.2258064516129
0.3,2,40,strict,S,100,Stack,Full3C,42,44,330,313,177,0.5505443234836703,0.9484848484848485,444.4408945686901
0.3,2,40,strict,S,100,Stack,Zonly,42,42,330,247,76,0.2634315424610052,0.7484848484848485,940.6882591093117
0.3,2,40,strict,S,100,Stack,Zonly,42,43,330,222,68,0.2463768115942029,0.6727272727272727,986.1711711711711
0.3,2,40,strict,S,100,Stack,Zonly,42,44,330,170,68,0.272,0.5151515151515151,687.0588235294116
0.3,3,20,accepted,P,100,Stack,Full3C,43,42,330,327,275,0.837138508371385,0.990909090909091,129.17431192660538
0.3,3,20,accepted,P,100,Stack,Full3C,43,43,330,325,272,0.8305343511450382,0.9848484848484849,127.16923076923064
0.3,3,20,accepted,P,100,Stack,Full3C,43,44,330,327,272,0.8280060882800608,0.990909090909091,131.89602446483167
0.3,3,20,accepted,P,100,Stack,Zonly,43,42,330,330,269,0.8151515151515152,1.0,328.3030303030302
0.3,3,20,accepted,P,100,Stack,Zonly,43,43,330,326,266,0.8109756097560976,0.9878787878787879,130.64417177914098
0.3,3,20,accepted,P,100,Stack,Zonly,43,44,330,325,267,0.815267175572519,0.9848484848484849,129.63076923076915
0.3,3,20,accepted,P,100,Stack,Full3C,44,42,330,327,269,0.8188736681887366,0.990909090909091,105.65749235473994
0.3,3,20,accepted,P,100,Stack,Full3C,44,43,330,324,270,0.8256880733944955,0.9818181818181818,102.96296296296285
0.3,3,20,accepted,P,100,Stack,Full3C,44,44,330,330,268,0.8121212121212121,1.0,354.4242424242423
0.3,3,20,accepted,P,100,Stack,Zonly,44,42,330,326,268,0.8170731707317073,0.9878787878787879,128.80368098159497
0.3,3,20,accepted,P,100,Stack,Zonly,44,43,330,329,271,0.8224582701062215,0.996969696969697,291.6717325227963
0.3,3,20,accepted,P,100,Stack,Zonly,44,44,330,327,270,0.821917808219178,0.990909090909091,159.6024464831803
0.3,3,20,accepted,P,100,PhaseNetMatched,Full3C,42,,330,330,324,0.9818181818181818,1.0,41.09090909090887
0.3,3,20,accepted,P,100,PhaseNetMatched,Full3C,43,,330,330,325,0.9848484848484849,1.0,28.33333333333328
0.3,3,20,accepted,P,100,PhaseNetMatched,Full3C,44,,330,329,324,0.9833080424886191,0.996969696969697,33.98176291793293
0.3,3,20,accepted,P,100,PhaseNetMatched,Zonly,42,,330,330,326,0.9878787878787879,1.0,21.48484848484837
0.3,3,20,accepted,P,100,PhaseNetMatched,Zonly,43,,330,329,324,0.9833080424886191,0.996969696969697,26.504559270516463
0.3,3,20,accepted,P,100,PhaseNetMatched,Zonly,44,,330,330,323,0.9787878787878788,1.0,28.939393939393817
0.3,3,20,accepted,P,100,Stack,Full3C,42,42,330,327,276,0.8401826484018264,0.990909090909091,126.97247706422004
0.3,3,20,accepted,P,100,Stack,Full3C,42,43,330,326,271,0.8262195121951219,0.9878787878787879,129.47852760736185
0.3,3,20,accepted,P,100,Stack,Full3C,42,44,330,329,271,0.8224582701062215,0.996969696969697,291.88449848024305
0.3,3,20,accepted,P,100,Stack,Zonly,42,42,330,328,264,0.8024316109422492,0.9939393939393939,169.54268292682917
0.3,3,20,accepted,P,100,Stack,Zonly,42,43,330,324,265,0.8103975535168195,0.9818181818181818,131.63580246913565
0.3,3,20,accepted,P,100,Stack,Zonly,42,44,330,326,264,0.8048780487804879,0.9878787878787879,134.87730061349683
0.3,3,20,accepted,S,100,Stack,Full3C,43,42,330,324,186,0.5688073394495413,0.9818181818181818,551.1728395061727
0.3,3,20,accepted,S,100,Stack,Full3C,43,43,330,324,185,0.5657492354740061,0.9818181818181818,597.7777777777778
0.3,3,20,accepted,S,100,Stack,Full3C,43,44,330,326,187,0.5701219512195121,0.9878787878787879,567.361963190184
0.3,3,20,accepted,S,100,Stack,Zonly,43,42,330,315,83,0.25736434108527134,0.9545454545454546,1218.2539682539682
0.3,3,20,accepted,S,100,Stack,Zonly,43,43,330,300,78,0.24761904761904763,0.9090909090909091,1083.7333333333333
0.3,3,20,accepted,S,100,Stack,Zonly,43,44,330,292,78,0.2508038585209003,0.8848484848484849,1169.7602739726028
0.3,3,20,accepted,S,100,Stack,Full3C,44,42,330,326,180,0.5487804878048781,0.9878787878787879,502.23926380368096
0.3,3,20,accepted,S,100,Stack,Full3C,44,43,330,320,183,0.563076923076923,0.9696969696969697,525.7812499999999
0.3,3,20,accepted,S,100,Stack,Full3C,44,44,330,325,175,0.5343511450381679,0.9848484848484849,643.4769230769231
0.3,3,20,accepted,S,100,Stack,Zonly,44,42,330,310,93,0.290625,0.9393939393939394,972.4193548387096
0.3,3,20,accepted,S,100,Stack,Zonly,44,43,330,308,84,0.26332288401253917,0.9333333333333333,1050.3246753246754
0.3,3,20,accepted,S,100,Stack,Zonly,44,44,330,318,85,0.2623456790123457,0.9636363636363636,994.6855345911949
0.3,3,20,accepted,S,100,PhaseNetMatched,Full3C,42,,330,330,191,0.5787878787878787,1.0,179.54545454545453
0.3,3,20,accepted,S,100,PhaseNetMatched,Full3C,43,,330,325,203,0.6198473282442748,0.9848484848484849,163.99999999999997
0.3,3,20,accepted,S,100,PhaseNetMatched,Full3C,44,,330,329,184,0.5584218512898331,0.996969696969697,166.80851063829783
0.3,3,20,accepted,S,100,PhaseNetMatched,Zonly,42,,330,330,97,0.29393939393939394,1.0,602.4242424242424
0.3,3,20,accepted,S,100,PhaseNetMatched,Zonly,43,,330,327,105,0.319634703196347,0.990909090909091,441.9877675840979
0.3,3,20,accepted,S,100,PhaseNetMatched,Zonly,44,,330,330,94,0.28484848484848485,1.0,468.48484848484867
0.3,3,20,accepted,S,100,Stack,Full3C,42,42,330,322,181,0.5552147239263804,0.9757575757575757,492.2049689440994
0.3,3,20,accepted,S,100,Stack,Full3C,42,43,330,320,174,0.5353846153846153,0.9696969696969697,617.625
0.3,3,20,accepted,S,100,Stack,Full3C,42,44,330,322,178,0.5460122699386503,0.9757575757575757,518.3229813664597
0.3,3,20,accepted,S,100,Stack,Zonly,42,42,330,315,90,0.27906976744186046,0.9545454545454546,1126.4761904761904
0.3,3,20,accepted,S,100,Stack,Zonly,42,43,330,292,87,0.2797427652733119,0.8848484848484849,1220.650684931507
0.3,3,20,accepted,S,100,Stack,Zonly,42,44,330,284,88,0.28664495114006516,0.8606060606060606,1150.5633802816901
0.3,3,20,strict,P,100,Stack,Full3C,43,42,330,321,274,0.8417818740399385,0.9727272727272728,125.6697819314641
0.3,3,20,strict,P,100,Stack,Full3C,43,43,330,322,271,0.8312883435582822,0.9757575757575757,126.36645962732905
0.3,3,20,strict,P,100,Stack,Full3C,43,44,330,323,271,0.8300153139356815,0.9787878787878788,129.16408668730637
0.3,3,20,strict,P,100,Stack,Zonly,43,42,330,326,267,0.8140243902439024,0.9878787878787879,292.0245398773005
0.3,3,20,strict,P,100,Stack,Zonly,43,43,330,323,265,0.8116385911179173,0.9787878787878788,129.1021671826624
0.3,3,20,strict,P,100,Stack,Zonly,43,44,330,322,266,0.8159509202453987,0.9757575757575757,128.35403726708063
0.3,3,20,strict,P,100,Stack,Full3C,44,42,330,322,269,0.8251533742331288,0.9757575757575757,102.32919254658376
0.3,3,20,strict,P,100,Stack,Full3C,44,43,330,322,270,0.8282208588957055,0.9757575757575757,101.27329192546573
0.3,3,20,strict,P,100,Stack,Full3C,44,44,330,325,268,0.8183206106870229,0.9848484848484849,104.79999999999991
0.3,3,20,strict,P,100,Stack,Zonly,44,42,330,318,266,0.8209876543209876,0.9636363636363636,102.83018867924517
0.3,3,20,strict,P,100,Stack,Zonly,44,43,330,324,271,0.8287461773700305,0.9818181818181818,127.7469135802468
0.3,3,20,strict,P,100,Stack,Zonly,44,44,330,322,268,0.8220858895705522,0.9757575757575757,151.89440993788807
0.3,3,20,strict,P,100,PhaseNetMatched,Full3C,42,,330,330,324,0.9818181818181818,1.0,41.09090909090887
0.3,3,20,strict,P,100,PhaseNetMatched,Full3C,43,,330,330,325,0.9848484848484849,1.0,28.33333333333328
0.3,3,20,strict,P,100,PhaseNetMatched,Full3C,44,,330,329,324,0.9833080424886191,0.996969696969697,33.98176291793293
0.3,3,20,strict,P,100,PhaseNetMatched,Zonly,42,,330,329,326,0.9893778452200304,0.996969696969697,18.510638297872223
0.3,3,20,strict,P,100,PhaseNetMatched,Zonly,43,,330,327,322,0.9802130898021308,0.990909090909091,26.51376146788965
0.3,3,20,strict,P,100,PhaseNetMatched,Zonly,44,,330,328,323,0.9817629179331308,0.9939393939393939,22.804878048780363
0.3,3,20,strict,P,100,Stack,Full3C,42,42,330,324,275,0.8409785932721713,0.9818181818181818,126.45061728395048
0.3,3,20,strict,P,100,Stack,Full3C,42,43,330,322,271,0.8312883435582822,0.9757575757575757,125.4968944099378
0.3,3,20,strict,P,100,Stack,Full3C,42,44,330,324,271,0.8287461773700305,0.9818181818181818,129.41358024691345
0.3,3,20,strict,P,100,Stack,Zonly,42,42,330,326,263,0.801829268292683,0.9878787878787879,168.49693251533728
0.3,3,20,strict,P,100,Stack,Zonly,42,43,330,321,263,0.8079877112135176,0.9727272727272728,132.33644859813072
0.3,3,20,strict,P,100,Stack,Zonly,42,44,330,322,262,0.803680981595092,0.9757575757575757,133.91304347826076
0.3,3,20,strict,S,100,Stack,Full3C,43,42,330,309,181,0.5665101721439749,0.9363636363636364,462.556634304207
0.3,3,20,strict,S,100,Stack,Full3C,43,43,330,306,181,0.5691823899371069,0.9272727272727272,577.843137254902
0.3,3,20,strict,S,100,Stack,Full3C,43,44,330,311,183,0.5709828393135725,0.9424242424242424,449.19614147909965
0.3,3,20,strict,S,100,Stack,Zonly,43,42,330,248,70,0.2422145328719723,0.7515151515151515,1026.8548387096773
0.3,3,20,strict,S,100,Stack,Zonly,43,43,330,242,70,0.24475524475524477,0.7333333333333333,1016.9421487603306
0.3,3,20,strict,S,100,Stack,Zonly,43,44,330,218,68,0.24817518248175183,0.6606060606060606,1040.5504587155963
0.3,3,20,strict,S,100,Stack,Full3C,44,42,330,320,178,0.5476923076923077,0.9696969696969697,445.6875
0.3,3,20,strict,S,100,Stack,Full3C,44,43,330,308,181,0.567398119122257,0.9333333333333333,480.97402597402595
0.3,3,20,strict,S,100,Stack,Full3C,44,44,330,315,175,0.5426356589147286,0.9545454545454546,497.3015873015873
0.3,3,20,strict,S,100,Stack,Zonly,44,42,330,252,80,0.27491408934707906,0.7636363636363637,974.9603174603175
0.3,3,20,strict,S,100,Stack,Zonly,44,43,330,245,75,0.2608695652173913,0.7424242424242424,861.5102040816327
0.3,3,20,strict,S,100,Stack,Zonly,44,44,330,256,77,0.2627986348122867,0.7757575757575758,844.1015625
0.3,3,20,strict,S,100,PhaseNetMatched,Full3C,42,,330,327,191,0.5814307458143074,0.990909090909091,176.42201834862382
0.3,3,20,strict,S,100,PhaseNetMatched,Full3C,43,,330,323,202,0.6186830015313936,0.9787878787878788,162.0433436532508
0.3,3,20,strict,S,100,PhaseNetMatched,Full3C,44,,330,326,183,0.5579268292682927,0.9878787878787879,163.9263803680981
0.3,3,20,strict,S,100,PhaseNetMatched,Zonly,42,,330,325,97,0.2961832061068702,0.9848484848484849,551.3846153846155
0.3,3,20,strict,S,100,PhaseNetMatched,Zonly,43,,330,320,103,0.3169230769230769,0.9696969696969697,413.84375
0.3,3,20,strict,S,100,PhaseNetMatched,Zonly,44,,330,324,94,0.2874617737003058,0.9818181818181818,438.858024691358
0.3,3,20,strict,S,100,Stack,Full3C,42,42,330,315,179,0.5550387596899224,0.9545454545454546,470.7936507936508
0.3,3,20,strict,S,100,Stack,Full3C,42,43,330,310,173,0.540625,0.9393939393939394,526.2258064516129
0.3,3,20,strict,S,100,Stack,Full3C,42,44,330,313,177,0.5505443234836703,0.9484848484848485,444.4408945686901
0.3,3,20,strict,S,100,Stack,Zonly,42,42,330,246,76,0.2638888888888889,0.7454545454545455,886.1788617886178
0.3,3,20,strict,S,100,Stack,Zonly,42,43,330,222,68,0.2463768115942029,0.6727272727272727,986.1711711711711
0.3,3,20,strict,S,100,Stack,Zonly,42,44,330,170,68,0.272,0.5151515151515151,687.0588235294116
0.3,3,30,accepted,P,100,Stack,Full3C,43,42,330,327,275,0.837138508371385,0.990909090909091,129.17431192660538
0.3,3,30,accepted,P,100,Stack,Full3C,43,43,330,325,272,0.8305343511450382,0.9848484848484849,127.16923076923064
0.3,3,30,accepted,P,100,Stack,Full3C,43,44,330,327,272,0.8280060882800608,0.990909090909091,131.89602446483167
0.3,3,30,accepted,P,100,Stack,Zonly,43,42,330,330,269,0.8151515151515152,1.0,328.3030303030302
0.3,3,30,accepted,P,100,Stack,Zonly,43,43,330,326,266,0.8109756097560976,0.9878787878787879,130.64417177914098
0.3,3,30,accepted,P,100,Stack,Zonly,43,44,330,325,267,0.815267175572519,0.9848484848484849,129.63076923076915
0.3,3,30,accepted,P,100,Stack,Full3C,44,42,330,327,269,0.8188736681887366,0.990909090909091,105.65749235473994
0.3,3,30,accepted,P,100,Stack,Full3C,44,43,330,324,270,0.8256880733944955,0.9818181818181818,102.96296296296285
0.3,3,30,accepted,P,100,Stack,Full3C,44,44,330,330,268,0.8121212121212121,1.0,354.4242424242423
0.3,3,30,accepted,P,100,Stack,Zonly,44,42,330,326,268,0.8170731707317073,0.9878787878787879,128.80368098159497
0.3,3,30,accepted,P,100,Stack,Zonly,44,43,330,329,271,0.8224582701062215,0.996969696969697,291.6717325227963
0.3,3,30,accepted,P,100,Stack,Zonly,44,44,330,327,270,0.821917808219178,0.990909090909091,159.6024464831803
0.3,3,30,accepted,P,100,PhaseNetMatched,Full3C,42,,330,330,324,0.9818181818181818,1.0,41.09090909090887
0.3,3,30,accepted,P,100,PhaseNetMatched,Full3C,43,,330,330,325,0.9848484848484849,1.0,28.33333333333328
0.3,3,30,accepted,P,100,PhaseNetMatched,Full3C,44,,330,329,324,0.9833080424886191,0.996969696969697,33.98176291793293
0.3,3,30,accepted,P,100,PhaseNetMatched,Zonly,42,,330,330,326,0.9878787878787879,1.0,21.48484848484837
0.3,3,30,accepted,P,100,PhaseNetMatched,Zonly,43,,330,329,324,0.9833080424886191,0.996969696969697,26.504559270516463
0.3,3,30,accepted,P,100,PhaseNetMatched,Zonly,44,,330,330,323,0.9787878787878788,1.0,28.939393939393817
0.3,3,30,accepted,P,100,Stack,Full3C,42,42,330,327,276,0.8401826484018264,0.990909090909091,126.97247706422004
0.3,3,30,accepted,P,100,Stack,Full3C,42,43,330,326,271,0.8262195121951219,0.9878787878787879,129.47852760736185
0.3,3,30,accepted,P,100,Stack,Full3C,42,44,330,329,271,0.8224582701062215,0.996969696969697,291.88449848024305
0.3,3,30,accepted,P,100,Stack,Zonly,42,42,330,328,264,0.8024316109422492,0.9939393939393939,169.54268292682917
0.3,3,30,accepted,P,100,Stack,Zonly,42,43,330,324,265,0.8103975535168195,0.9818181818181818,131.63580246913565
0.3,3,30,accepted,P,100,Stack,Zonly,42,44,330,326,264,0.8048780487804879,0.9878787878787879,134.87730061349683
0.3,3,30,accepted,S,100,Stack,Full3C,43,42,330,324,186,0.5688073394495413,0.9818181818181818,577.6543209876543
0.3,3,30,accepted,S,100,Stack,Full3C,43,43,330,324,185,0.5657492354740061,0.9818181818181818,735.6481481481482
0.3,3,30,accepted,S,100,Stack,Full3C,43,44,330,326,187,0.5701219512195121,0.9878787878787879,638.9877300613497
0.3,3,30,accepted,S,100,Stack,Zonly,43,42,330,315,83,0.25736434108527134,0.9545454545454546,1386.5396825396826
0.3,3,30,accepted,S,100,Stack,Zonly,43,43,330,300,78,0.24761904761904763,0.9090909090909091,1260.5
0.3,3,30,accepted,S,100,Stack,Zonly,43,44,330,292,78,0.2508038585209003,0.8848484848484849,1350.7876712328766
0.3,3,30,accepted,S,100,Stack,Full3C,44,42,330,326,180,0.5487804878048781,0.9878787878787879,522.4539877300614
0.3,3,30,accepted,S,100,Stack,Full3C,44,43,330,321,182,0.5591397849462365,0.9727272727272728,631.0280373831774
0.3,3,30,accepted,S,100,Stack,Full3C,44,44,330,326,175,0.5335365853658537,0.9878787878787879,723.5276073619632
0.3,3,30,accepted,S,100,Stack,Zonly,44,42,330,310,93,0.290625,0.9393939393939394,972.4193548387096
0.3,3,30,accepted,S,100,Stack,Zonly,44,43,330,308,84,0.26332288401253917,0.9333333333333333,1050.3246753246754
0.3,3,30,accepted,S,100,Stack,Zonly,44,44,330,318,85,0.2623456790123457,0.9636363636363636,994.6855345911949
0.3,3,30,accepted,S,100,PhaseNetMatched,Full3C,42,,330,330,191,0.5787878787878787,1.0,179.54545454545453
0.3,3,30,accepted,S,100,PhaseNetMatched,Full3C,43,,330,325,203,0.6198473282442748,0.9848484848484849,163.99999999999997
0.3,3,30,accepted,S,100,PhaseNetMatched,Full3C,44,,330,329,184,0.5584218512898331,0.996969696969697,166.80851063829783
0.3,3,30,accepted,S,100,PhaseNetMatched,Zonly,42,,330,330,97,0.29393939393939394,1.0,602.4242424242424
0.3,3,30,accepted,S,100,PhaseNetMatched,Zonly,43,,330,327,105,0.319634703196347,0.990909090909091,441.9877675840979
0.3,3,30,accepted,S,100,PhaseNetMatched,Zonly,44,,330,330,94,0.28484848484848485,1.0,468.48484848484867
0.3,3,30,accepted,S,100,Stack,Full3C,42,42,330,322,181,0.5552147239263804,0.9757575757575757,492.2049689440994
0.3,3,30,accepted,S,100,Stack,Full3C,42,43,330,320,174,0.5353846153846153,0.9696969696969697,617.625
0.3,3,30,accepted,S,100,Stack,Full3C,42,44,330,322,178,0.5460122699386503,0.9757575757575757,553.5093167701864
0.3,3,30,accepted,S,100,Stack,Zonly,42,42,330,315,90,0.27906976744186046,0.9545454545454546,1170.0
0.3,3,30,accepted,S,100,Stack,Zonly,42,43,330,292,87,0.2797427652733119,0.8848484848484849,1220.650684931507
0.3,3,30,accepted,S,100,Stack,Zonly,42,44,330,284,88,0.28664495114006516,0.8606060606060606,1150.5633802816901
0.3,3,30,strict,P,100,Stack,Full3C,43,42,330,321,274,0.8417818740399385,0.9727272727272728,125.6697819314641
0.3,3,30,strict,P,100,Stack,Full3C,43,43,330,322,271,0.8312883435582822,0.9757575757575757,126.36645962732905
0.3,3,30,strict,P,100,Stack,Full3C,43,44,330,323,271,0.8300153139356815,0.9787878787878788,129.16408668730637
0.3,3,30,strict,P,100,Stack,Zonly,43,42,330,326,267,0.8140243902439024,0.9878787878787879,292.0245398773005
0.3,3,30,strict,P,100,Stack,Zonly,43,43,330,323,265,0.8116385911179173,0.9787878787878788,129.1021671826624
0.3,3,30,strict,P,100,Stack,Zonly,43,44,330,322,266,0.8159509202453987,0.9757575757575757,128.35403726708063
0.3,3,30,strict,P,100,Stack,Full3C,44,42,330,322,269,0.8251533742331288,0.9757575757575757,102.32919254658376
0.3,3,30,strict,P,100,Stack,Full3C,44,43,330,322,270,0.8282208588957055,0.9757575757575757,101.27329192546573
0.3,3,30,strict,P,100,Stack,Full3C,44,44,330,325,268,0.8183206106870229,0.9848484848484849,104.79999999999991
0.3,3,30,strict,P,100,Stack,Zonly,44,42,330,318,266,0.8209876543209876,0.9636363636363636,102.83018867924517
0.3,3,30,strict,P,100,Stack,Zonly,44,43,330,324,271,0.8287461773700305,0.9818181818181818,127.7469135802468
0.3,3,30,strict,P,100,Stack,Zonly,44,44,330,322,268,0.8220858895705522,0.9757575757575757,151.89440993788807
0.3,3,30,strict,P,100,PhaseNetMatched,Full3C,42,,330,330,324,0.9818181818181818,1.0,41.09090909090887
0.3,3,30,strict,P,100,PhaseNetMatched,Full3C,43,,330,330,325,0.9848484848484849,1.0,28.33333333333328
0.3,3,30,strict,P,100,PhaseNetMatched,Full3C,44,,330,329,324,0.9833080424886191,0.996969696969697,33.98176291793293
0.3,3,30,strict,P,100,PhaseNetMatched,Zonly,42,,330,329,326,0.9893778452200304,0.996969696969697,18.510638297872223
0.3,3,30,strict,P,100,PhaseNetMatched,Zonly,43,,330,327,322,0.9802130898021308,0.990909090909091,26.51376146788965
0.3,3,30,strict,P,100,PhaseNetMatched,Zonly,44,,330,328,323,0.9817629179331308,0.9939393939393939,22.804878048780363
0.3,3,30,strict,P,100,Stack,Full3C,42,42,330,324,275,0.8409785932721713,0.9818181818181818,126.45061728395048
0.3,3,30,strict,P,100,Stack,Full3C,42,43,330,322,271,0.8312883435582822,0.9757575757575757,125.4968944099378
0.3,3,30,strict,P,100,Stack,Full3C,42,44,330,324,271,0.8287461773700305,0.9818181818181818,129.41358024691345
0.3,3,30,strict,P,100,Stack,Zonly,42,42,330,326,263,0.801829268292683,0.9878787878787879,168.49693251533728
0.3,3,30,strict,P,100,Stack,Zonly,42,43,330,321,263,0.8079877112135176,0.9727272727272728,132.33644859813072
0.3,3,30,strict,P,100,Stack,Zonly,42,44,330,322,262,0.803680981595092,0.9757575757575757,133.91304347826076
0.3,3,30,strict,S,100,Stack,Full3C,43,42,330,309,181,0.5665101721439749,0.9363636363636364,462.556634304207
0.3,3,30,strict,S,100,Stack,Full3C,43,43,330,307,181,0.5682888540031397,0.9303030303030303,624.0065146579805
0.3,3,30,strict,S,100,Stack,Full3C,43,44,330,312,183,0.5700934579439252,0.9454545454545454,494.4871794871795
0.3,3,30,strict,S,100,Stack,Zonly,43,42,330,249,70,0.24179620034542315,0.7545454545454545,1277.7911646586344
0.3,3,30,strict,S,100,Stack,Zonly,43,43,330,242,70,0.24475524475524477,0.7333333333333333,1236.0743801652893
0.3,3,30,strict,S,100,Stack,Zonly,43,44,330,220,68,0.24727272727272728,0.6666666666666666,1278.2272727272727
0.3,3,30,strict,S,100,Stack,Full3C,44,42,330,320,178,0.5476923076923077,0.9696969696969697,466.28125
0.3,3,30,strict,S,100,Stack,Full3C,44,43,330,308,181,0.567398119122257,0.9333333333333333,480.97402597402595
0.3,3,30,strict,S,100,Stack,Full3C,44,44,330,315,175,0.5426356589147286,0.9545454545454546,513.6825396825396
0.3,3,30,strict,S,100,Stack,Zonly,44,42,330,252,80,0.27491408934707906,0.7636363636363637,974.9603174603175
0.3,3,30,strict,S,100,Stack,Zonly,44,43,330,245,75,0.2608695652173913,0.7424242424242424,861.5102040816327
0.3,3,30,strict,S,100,Stack,Zonly,44,44,330,256,77,0.2627986348122867,0.7757575757575758,844.1015625
0.3,3,30,strict,S,100,PhaseNetMatched,Full3C,42,,330,327,191,0.5814307458143074,0.990909090909091,176.42201834862382
0.3,3,30,strict,S,100,PhaseNetMatched,Full3C,43,,330,323,202,0.6186830015313936,0.9787878787878788,162.0433436532508
0.3,3,30,strict,S,100,PhaseNetMatched,Full3C,44,,330,326,183,0.5579268292682927,0.9878787878787879,163.9263803680981
0.3,3,30,strict,S,100,PhaseNetMatched,Zonly,42,,330,325,97,0.2961832061068702,0.9848484848484849,551.3846153846155
0.3,3,30,strict,S,100,PhaseNetMatched,Zonly,43,,330,320,103,0.3169230769230769,0.9696969696969697,413.84375
0.3,3,30,strict,S,100,PhaseNetMatched,Zonly,44,,330,324,94,0.2874617737003058,0.9818181818181818,438.858024691358
0.3,3,30,strict,S,100,Stack,Full3C,42,42,330,315,179,0.5550387596899224,0.9545454545454546,470.7936507936508
0.3,3,30,strict,S,100,Stack,Full3C,42,43,330,310,173,0.540625,0.9393939393939394,526.2258064516129
0.3,3,30,strict,S,100,Stack,Full3C,42,44,330,313,177,0.5505443234836703,0.9484848484848485,444.4408945686901
0.3,3,30,strict,S,100,Stack,Zonly,42,42,330,247,76,0.2634315424610052,0.7484848484848485,940.6882591093117
0.3,3,30,strict,S,100,Stack,Zonly,42,43,330,222,68,0.2463768115942029,0.6727272727272727,986.1711711711711
0.3,3,30,strict,S,100,Stack,Zonly,42,44,330,170,68,0.272,0.5151515151515151,687.0588235294116
0.3,3,40,accepted,P,100,Stack,Full3C,43,42,330,327,275,0.837138508371385,0.990909090909091,129.17431192660538
0.3,3,40,accepted,P,100,Stack,Full3C,43,43,330,325,272,0.8305343511450382,0.9848484848484849,127.16923076923064
0.3,3,40,accepted,P,100,Stack,Full3C,43,44,330,327,272,0.8280060882800608,0.990909090909091,131.89602446483167
0.3,3,40,accepted,P,100,Stack,Zonly,43,42,330,330,269,0.8151515151515152,1.0,328.3030303030302
0.3,3,40,accepted,P,100,Stack,Zonly,43,43,330,326,266,0.8109756097560976,0.9878787878787879,130.64417177914098
0.3,3,40,accepted,P,100,Stack,Zonly,43,44,330,325,267,0.815267175572519,0.9848484848484849,129.63076923076915
0.3,3,40,accepted,P,100,Stack,Full3C,44,42,330,327,269,0.8188736681887366,0.990909090909091,105.65749235473994
0.3,3,40,accepted,P,100,Stack,Full3C,44,43,330,324,270,0.8256880733944955,0.9818181818181818,102.96296296296285
0.3,3,40,accepted,P,100,Stack,Full3C,44,44,330,330,268,0.8121212121212121,1.0,354.4242424242423
0.3,3,40,accepted,P,100,Stack,Zonly,44,42,330,326,268,0.8170731707317073,0.9878787878787879,128.80368098159497
0.3,3,40,accepted,P,100,Stack,Zonly,44,43,330,329,271,0.8224582701062215,0.996969696969697,291.6717325227963
0.3,3,40,accepted,P,100,Stack,Zonly,44,44,330,327,270,0.821917808219178,0.990909090909091,159.6024464831803
0.3,3,40,accepted,P,100,PhaseNetMatched,Full3C,42,,330,330,324,0.9818181818181818,1.0,41.09090909090887
0.3,3,40,accepted,P,100,PhaseNetMatched,Full3C,43,,330,330,325,0.9848484848484849,1.0,28.33333333333328
0.3,3,40,accepted,P,100,PhaseNetMatched,Full3C,44,,330,329,324,0.9833080424886191,0.996969696969697,33.98176291793293
0.3,3,40,accepted,P,100,PhaseNetMatched,Zonly,42,,330,330,326,0.9878787878787879,1.0,21.48484848484837
0.3,3,40,accepted,P,100,PhaseNetMatched,Zonly,43,,330,329,324,0.9833080424886191,0.996969696969697,26.504559270516463
0.3,3,40,accepted,P,100,PhaseNetMatched,Zonly,44,,330,330,323,0.9787878787878788,1.0,28.939393939393817
0.3,3,40,accepted,P,100,Stack,Full3C,42,42,330,327,276,0.8401826484018264,0.990909090909091,126.97247706422004
0.3,3,40,accepted,P,100,Stack,Full3C,42,43,330,326,271,0.8262195121951219,0.9878787878787879,129.47852760736185
0.3,3,40,accepted,P,100,Stack,Full3C,42,44,330,329,271,0.8224582701062215,0.996969696969697,291.88449848024305
0.3,3,40,accepted,P,100,Stack,Zonly,42,42,330,328,264,0.8024316109422492,0.9939393939393939,169.54268292682917
0.3,3,40,accepted,P,100,Stack,Zonly,42,43,330,324,265,0.8103975535168195,0.9818181818181818,131.63580246913565
0.3,3,40,accepted,P,100,Stack,Zonly,42,44,330,326,264,0.8048780487804879,0.9878787878787879,134.87730061349683
0.3,3,40,accepted,S,100,Stack,Full3C,43,42,330,324,186,0.5688073394495413,0.9818181818181818,577.6543209876543
0.3,3,40,accepted,S,100,Stack,Full3C,43,43,330,324,185,0.5657492354740061,0.9818181818181818,735.6481481481482
0.3,3,40,accepted,S,100,Stack,Full3C,43,44,330,326,187,0.5701219512195121,0.9878787878787879,638.9877300613497
0.3,3,40,accepted,S,100,Stack,Zonly,43,42,330,315,83,0.25736434108527134,0.9545454545454546,1386.5396825396826
0.3,3,40,accepted,S,100,Stack,Zonly,43,43,330,300,78,0.24761904761904763,0.9090909090909091,1260.5
0.3,3,40,accepted,S,100,Stack,Zonly,43,44,330,292,78,0.2508038585209003,0.8848484848484849,1350.7876712328766
0.3,3,40,accepted,S,100,Stack,Full3C,44,42,330,326,180,0.5487804878048781,0.9878787878787879,522.4539877300614
0.3,3,40,accepted,S,100,Stack,Full3C,44,43,330,321,182,0.5591397849462365,0.9727272727272728,631.0280373831774
0.3,3,40,accepted,S,100,Stack,Full3C,44,44,330,326,175,0.5335365853658537,0.9878787878787879,723.5276073619632
0.3,3,40,accepted,S,100,Stack,Zonly,44,42,330,310,93,0.290625,0.9393939393939394,972.4193548387096
0.3,3,40,accepted,S,100,Stack,Zonly,44,43,330,308,84,0.26332288401253917,0.9333333333333333,1050.3246753246754
0.3,3,40,accepted,S,100,Stack,Zonly,44,44,330,318,85,0.2623456790123457,0.9636363636363636,994.6855345911949
0.3,3,40,accepted,S,100,PhaseNetMatched,Full3C,42,,330,330,191,0.5787878787878787,1.0,179.54545454545453
0.3,3,40,accepted,S,100,PhaseNetMatched,Full3C,43,,330,325,203,0.6198473282442748,0.9848484848484849,163.99999999999997
0.3,3,40,accepted,S,100,PhaseNetMatched,Full3C,44,,330,329,184,0.5584218512898331,0.996969696969697,166.80851063829783
0.3,3,40,accepted,S,100,PhaseNetMatched,Zonly,42,,330,330,97,0.29393939393939394,1.0,602.4242424242424
0.3,3,40,accepted,S,100,PhaseNetMatched,Zonly,43,,330,327,105,0.319634703196347,0.990909090909091,441.9877675840979
0.3,3,40,accepted,S,100,PhaseNetMatched,Zonly,44,,330,330,94,0.28484848484848485,1.0,468.48484848484867
0.3,3,40,accepted,S,100,Stack,Full3C,42,42,330,322,181,0.5552147239263804,0.9757575757575757,492.2049689440994
0.3,3,40,accepted,S,100,Stack,Full3C,42,43,330,320,174,0.5353846153846153,0.9696969696969697,617.625
0.3,3,40,accepted,S,100,Stack,Full3C,42,44,330,322,178,0.5460122699386503,0.9757575757575757,553.5093167701864
0.3,3,40,accepted,S,100,Stack,Zonly,42,42,330,315,90,0.27906976744186046,0.9545454545454546,1170.0
0.3,3,40,accepted,S,100,Stack,Zonly,42,43,330,292,87,0.2797427652733119,0.8848484848484849,1220.650684931507
0.3,3,40,accepted,S,100,Stack,Zonly,42,44,330,284,88,0.28664495114006516,0.8606060606060606,1150.5633802816901
0.3,3,40,strict,P,100,Stack,Full3C,43,42,330,321,274,0.8417818740399385,0.9727272727272728,125.6697819314641
0.3,3,40,strict,P,100,Stack,Full3C,43,43,330,322,271,0.8312883435582822,0.9757575757575757,126.36645962732905
0.3,3,40,strict,P,100,Stack,Full3C,43,44,330,323,271,0.8300153139356815,0.9787878787878788,129.16408668730637
0.3,3,40,strict,P,100,Stack,Zonly,43,42,330,326,267,0.8140243902439024,0.9878787878787879,292.0245398773005
0.3,3,40,strict,P,100,Stack,Zonly,43,43,330,323,265,0.8116385911179173,0.9787878787878788,129.1021671826624
0.3,3,40,strict,P,100,Stack,Zonly,43,44,330,322,266,0.8159509202453987,0.9757575757575757,128.35403726708063
0.3,3,40,strict,P,100,Stack,Full3C,44,42,330,322,269,0.8251533742331288,0.9757575757575757,102.32919254658376
0.3,3,40,strict,P,100,Stack,Full3C,44,43,330,322,270,0.8282208588957055,0.9757575757575757,101.27329192546573
0.3,3,40,strict,P,100,Stack,Full3C,44,44,330,325,268,0.8183206106870229,0.9848484848484849,104.79999999999991
0.3,3,40,strict,P,100,Stack,Zonly,44,42,330,318,266,0.8209876543209876,0.9636363636363636,102.83018867924517
0.3,3,40,strict,P,100,Stack,Zonly,44,43,330,324,271,0.8287461773700305,0.9818181818181818,127.7469135802468
0.3,3,40,strict,P,100,Stack,Zonly,44,44,330,322,268,0.8220858895705522,0.9757575757575757,151.89440993788807
0.3,3,40,strict,P,100,PhaseNetMatched,Full3C,42,,330,330,324,0.9818181818181818,1.0,41.09090909090887
0.3,3,40,strict,P,100,PhaseNetMatched,Full3C,43,,330,330,325,0.9848484848484849,1.0,28.33333333333328
0.3,3,40,strict,P,100,PhaseNetMatched,Full3C,44,,330,329,324,0.9833080424886191,0.996969696969697,33.98176291793293
0.3,3,40,strict,P,100,PhaseNetMatched,Zonly,42,,330,329,326,0.9893778452200304,0.996969696969697,18.510638297872223
0.3,3,40,strict,P,100,PhaseNetMatched,Zonly,43,,330,327,322,0.9802130898021308,0.990909090909091,26.51376146788965
0.3,3,40,strict,P,100,PhaseNetMatched,Zonly,44,,330,328,323,0.9817629179331308,0.9939393939393939,22.804878048780363
0.3,3,40,strict,P,100,Stack,Full3C,42,42,330,324,275,0.8409785932721713,0.9818181818181818,126.45061728395048
0.3,3,40,strict,P,100,Stack,Full3C,42,43,330,322,271,0.8312883435582822,0.9757575757575757,125.4968944099378
0.3,3,40,strict,P,100,Stack,Full3C,42,44,330,324,271,0.8287461773700305,0.9818181818181818,129.41358024691345
0.3,3,40,strict,P,100,Stack,Zonly,42,42,330,326,263,0.801829268292683,0.9878787878787879,168.49693251533728
0.3,3,40,strict,P,100,Stack,Zonly,42,43,330,321,263,0.8079877112135176,0.9727272727272728,132.33644859813072
0.3,3,40,strict,P,100,Stack,Zonly,42,44,330,322,262,0.803680981595092,0.9757575757575757,133.91304347826076
0.3,3,40,strict,S,100,Stack,Full3C,43,42,330,309,181,0.5665101721439749,0.9363636363636364,462.556634304207
0.3,3,40,strict,S,100,Stack,Full3C,43,43,330,307,181,0.5682888540031397,0.9303030303030303,624.0065146579805
0.3,3,40,strict,S,100,Stack,Full3C,43,44,330,312,183,0.5700934579439252,0.9454545454545454,494.4871794871795
0.3,3,40,strict,S,100,Stack,Zonly,43,42,330,249,70,0.24179620034542315,0.7545454545454545,1277.7911646586344
0.3,3,40,strict,S,100,Stack,Zonly,43,43,330,242,70,0.24475524475524477,0.7333333333333333,1236.0743801652893
0.3,3,40,strict,S,100,Stack,Zonly,43,44,330,220,68,0.24727272727272728,0.6666666666666666,1278.2272727272727
0.3,3,40,strict,S,100,Stack,Full3C,44,42,330,320,178,0.5476923076923077,0.9696969696969697,466.28125
0.3,3,40,strict,S,100,Stack,Full3C,44,43,330,308,181,0.567398119122257,0.9333333333333333,480.97402597402595
0.3,3,40,strict,S,100,Stack,Full3C,44,44,330,315,175,0.5426356589147286,0.9545454545454546,513.6825396825396
0.3,3,40,strict,S,100,Stack,Zonly,44,42,330,252,80,0.27491408934707906,0.7636363636363637,974.9603174603175
0.3,3,40,strict,S,100,Stack,Zonly,44,43,330,245,75,0.2608695652173913,0.7424242424242424,861.5102040816327
0.3,3,40,strict,S,100,Stack,Zonly,44,44,330,256,77,0.2627986348122867,0.7757575757575758,844.1015625
0.3,3,40,strict,S,100,PhaseNetMatched,Full3C,42,,330,327,191,0.5814307458143074,0.990909090909091,176.42201834862382
0.3,3,40,strict,S,100,PhaseNetMatched,Full3C,43,,330,323,202,0.6186830015313936,0.9787878787878788,162.0433436532508
0.3,3,40,strict,S,100,PhaseNetMatched,Full3C,44,,330,326,183,0.5579268292682927,0.9878787878787879,163.9263803680981
0.3,3,40,strict,S,100,PhaseNetMatched,Zonly,42,,330,325,97,0.2961832061068702,0.9848484848484849,551.3846153846155
0.3,3,40,strict,S,100,PhaseNetMatched,Zonly,43,,330,320,103,0.3169230769230769,0.9696969696969697,413.84375
0.3,3,40,strict,S,100,PhaseNetMatched,Zonly,44,,330,324,94,0.2874617737003058,0.9818181818181818,438.858024691358
0.3,3,40,strict,S,100,Stack,Full3C,42,42,330,315,179,0.5550387596899224,0.9545454545454546,470.7936507936508
0.3,3,40,strict,S,100,Stack,Full3C,42,43,330,310,173,0.540625,0.9393939393939394,526.2258064516129
0.3,3,40,strict,S,100,Stack,Full3C,42,44,330,313,177,0.5505443234836703,0.9484848484848485,444.4408945686901
0.3,3,40,strict,S,100,Stack,Zonly,42,42,330,247,76,0.2634315424610052,0.7484848484848485,940.6882591093117
0.3,3,40,strict,S,100,Stack,Zonly,42,43,330,222,68,0.2463768115942029,0.6727272727272727,986.1711711711711
0.3,3,40,strict,S,100,Stack,Zonly,42,44,330,170,68,0.272,0.5151515151515151,687.0588235294116
0.3,4,20,accepted,P,100,Stack,Full3C,43,42,330,327,275,0.837138508371385,0.990909090909091,129.17431192660538
0.3,4,20,accepted,P,100,Stack,Full3C,43,43,330,325,272,0.8305343511450382,0.9848484848484849,127.16923076923064
0.3,4,20,accepted,P,100,Stack,Full3C,43,44,330,327,272,0.8280060882800608,0.990909090909091,131.89602446483167
0.3,4,20,accepted,P,100,Stack,Zonly,43,42,330,330,269,0.8151515151515152,1.0,328.3030303030302
0.3,4,20,accepted,P,100,Stack,Zonly,43,43,330,326,266,0.8109756097560976,0.9878787878787879,130.64417177914098
0.3,4,20,accepted,P,100,Stack,Zonly,43,44,330,325,267,0.815267175572519,0.9848484848484849,129.63076923076915
0.3,4,20,accepted,P,100,Stack,Full3C,44,42,330,327,269,0.8188736681887366,0.990909090909091,105.65749235473994
0.3,4,20,accepted,P,100,Stack,Full3C,44,43,330,324,270,0.8256880733944955,0.9818181818181818,102.96296296296285
0.3,4,20,accepted,P,100,Stack,Full3C,44,44,330,330,268,0.8121212121212121,1.0,354.4242424242423
0.3,4,20,accepted,P,100,Stack,Zonly,44,42,330,326,268,0.8170731707317073,0.9878787878787879,128.80368098159497
0.3,4,20,accepted,P,100,Stack,Zonly,44,43,330,329,271,0.8224582701062215,0.996969696969697,291.6717325227963
0.3,4,20,accepted,P,100,Stack,Zonly,44,44,330,327,270,0.821917808219178,0.990909090909091,159.6024464831803
0.3,4,20,accepted,P,100,PhaseNetMatched,Full3C,42,,330,330,324,0.9818181818181818,1.0,41.09090909090887
0.3,4,20,accepted,P,100,PhaseNetMatched,Full3C,43,,330,330,325,0.9848484848484849,1.0,28.33333333333328
0.3,4,20,accepted,P,100,PhaseNetMatched,Full3C,44,,330,329,324,0.9833080424886191,0.996969696969697,33.98176291793293
0.3,4,20,accepted,P,100,PhaseNetMatched,Zonly,42,,330,330,326,0.9878787878787879,1.0,21.48484848484837
0.3,4,20,accepted,P,100,PhaseNetMatched,Zonly,43,,330,329,324,0.9833080424886191,0.996969696969697,26.504559270516463
0.3,4,20,accepted,P,100,PhaseNetMatched,Zonly,44,,330,330,323,0.9787878787878788,1.0,28.939393939393817
0.3,4,20,accepted,P,100,Stack,Full3C,42,42,330,327,276,0.8401826484018264,0.990909090909091,126.97247706422004
0.3,4,20,accepted,P,100,Stack,Full3C,42,43,330,326,271,0.8262195121951219,0.9878787878787879,129.47852760736185
0.3,4,20,accepted,P,100,Stack,Full3C,42,44,330,329,271,0.8224582701062215,0.996969696969697,291.88449848024305
0.3,4,20,accepted,P,100,Stack,Zonly,42,42,330,328,264,0.8024316109422492,0.9939393939393939,169.54268292682917
0.3,4,20,accepted,P,100,Stack,Zonly,42,43,330,324,265,0.8103975535168195,0.9818181818181818,131.63580246913565
0.3,4,20,accepted,P,100,Stack,Zonly,42,44,330,326,264,0.8048780487804879,0.9878787878787879,134.87730061349683
0.3,4,20,accepted,S,100,Stack,Full3C,43,42,330,324,186,0.5688073394495413,0.9818181818181818,551.1728395061727
0.3,4,20,accepted,S,100,Stack,Full3C,43,43,330,324,185,0.5657492354740061,0.9818181818181818,597.7777777777778
0.3,4,20,accepted,S,100,Stack,Full3C,43,44,330,326,187,0.5701219512195121,0.9878787878787879,567.361963190184
0.3,4,20,accepted,S,100,Stack,Zonly,43,42,330,315,83,0.25736434108527134,0.9545454545454546,1218.2539682539682
0.3,4,20,accepted,S,100,Stack,Zonly,43,43,330,300,78,0.24761904761904763,0.9090909090909091,1083.7333333333333
0.3,4,20,accepted,S,100,Stack,Zonly,43,44,330,292,78,0.2508038585209003,0.8848484848484849,1169.7602739726028
0.3,4,20,accepted,S,100,Stack,Full3C,44,42,330,326,180,0.5487804878048781,0.9878787878787879,502.23926380368096
0.3,4,20,accepted,S,100,Stack,Full3C,44,43,330,320,183,0.563076923076923,0.9696969696969697,525.7812499999999
0.3,4,20,accepted,S,100,Stack,Full3C,44,44,330,325,175,0.5343511450381679,0.9848484848484849,643.4769230769231
0.3,4,20,accepted,S,100,Stack,Zonly,44,42,330,310,93,0.290625,0.9393939393939394,972.4193548387096
0.3,4,20,accepted,S,100,Stack,Zonly,44,43,330,308,84,0.26332288401253917,0.9333333333333333,1050.3246753246754
0.3,4,20,accepted,S,100,Stack,Zonly,44,44,330,318,85,0.2623456790123457,0.9636363636363636,994.6855345911949
0.3,4,20,accepted,S,100,PhaseNetMatched,Full3C,42,,330,330,191,0.5787878787878787,1.0,179.54545454545453
0.3,4,20,accepted,S,100,PhaseNetMatched,Full3C,43,,330,325,203,0.6198473282442748,0.9848484848484849,163.99999999999997
0.3,4,20,accepted,S,100,PhaseNetMatched,Full3C,44,,330,329,184,0.5584218512898331,0.996969696969697,166.80851063829783
0.3,4,20,accepted,S,100,PhaseNetMatched,Zonly,42,,330,330,97,0.29393939393939394,1.0,602.4242424242424
0.3,4,20,accepted,S,100,PhaseNetMatched,Zonly,43,,330,327,105,0.319634703196347,0.990909090909091,441.9877675840979
0.3,4,20,accepted,S,100,PhaseNetMatched,Zonly,44,,330,330,94,0.28484848484848485,1.0,468.48484848484867
0.3,4,20,accepted,S,100,Stack,Full3C,42,42,330,322,181,0.5552147239263804,0.9757575757575757,492.2049689440994
0.3,4,20,accepted,S,100,Stack,Full3C,42,43,330,320,174,0.5353846153846153,0.9696969696969697,617.625
0.3,4,20,accepted,S,100,Stack,Full3C,42,44,330,322,178,0.5460122699386503,0.9757575757575757,518.3229813664597
0.3,4,20,accepted,S,100,Stack,Zonly,42,42,330,315,90,0.27906976744186046,0.9545454545454546,1126.4761904761904
0.3,4,20,accepted,S,100,Stack,Zonly,42,43,330,292,87,0.2797427652733119,0.8848484848484849,1220.650684931507
0.3,4,20,accepted,S,100,Stack,Zonly,42,44,330,284,88,0.28664495114006516,0.8606060606060606,1150.5633802816901
0.3,4,20,strict,P,100,Stack,Full3C,43,42,330,321,274,0.8417818740399385,0.9727272727272728,125.6697819314641
0.3,4,20,strict,P,100,Stack,Full3C,43,43,330,322,271,0.8312883435582822,0.9757575757575757,126.36645962732905
0.3,4,20,strict,P,100,Stack,Full3C,43,44,330,323,271,0.8300153139356815,0.9787878787878788,129.16408668730637
0.3,4,20,strict,P,100,Stack,Zonly,43,42,330,326,267,0.8140243902439024,0.9878787878787879,292.0245398773005
0.3,4,20,strict,P,100,Stack,Zonly,43,43,330,323,265,0.8116385911179173,0.9787878787878788,129.1021671826624
0.3,4,20,strict,P,100,Stack,Zonly,43,44,330,322,266,0.8159509202453987,0.9757575757575757,128.35403726708063
0.3,4,20,strict,P,100,Stack,Full3C,44,42,330,322,269,0.8251533742331288,0.9757575757575757,102.32919254658376
0.3,4,20,strict,P,100,Stack,Full3C,44,43,330,322,270,0.8282208588957055,0.9757575757575757,101.27329192546573
0.3,4,20,strict,P,100,Stack,Full3C,44,44,330,325,268,0.8183206106870229,0.9848484848484849,104.79999999999991
0.3,4,20,strict,P,100,Stack,Zonly,44,42,330,318,266,0.8209876543209876,0.9636363636363636,102.83018867924517
0.3,4,20,strict,P,100,Stack,Zonly,44,43,330,324,271,0.8287461773700305,0.9818181818181818,127.7469135802468
0.3,4,20,strict,P,100,Stack,Zonly,44,44,330,322,268,0.8220858895705522,0.9757575757575757,151.89440993788807
0.3,4,20,strict,P,100,PhaseNetMatched,Full3C,42,,330,330,324,0.9818181818181818,1.0,41.09090909090887
0.3,4,20,strict,P,100,PhaseNetMatched,Full3C,43,,330,330,325,0.9848484848484849,1.0,28.33333333333328
0.3,4,20,strict,P,100,PhaseNetMatched,Full3C,44,,330,329,324,0.9833080424886191,0.996969696969697,33.98176291793293
0.3,4,20,strict,P,100,PhaseNetMatched,Zonly,42,,330,329,326,0.9893778452200304,0.996969696969697,18.510638297872223
0.3,4,20,strict,P,100,PhaseNetMatched,Zonly,43,,330,327,322,0.9802130898021308,0.990909090909091,26.51376146788965
0.3,4,20,strict,P,100,PhaseNetMatched,Zonly,44,,330,328,323,0.9817629179331308,0.9939393939393939,22.804878048780363
0.3,4,20,strict,P,100,Stack,Full3C,42,42,330,324,275,0.8409785932721713,0.9818181818181818,126.45061728395048
0.3,4,20,strict,P,100,Stack,Full3C,42,43,330,322,271,0.8312883435582822,0.9757575757575757,125.4968944099378
0.3,4,20,strict,P,100,Stack,Full3C,42,44,330,324,271,0.8287461773700305,0.9818181818181818,129.41358024691345
0.3,4,20,strict,P,100,Stack,Zonly,42,42,330,326,263,0.801829268292683,0.9878787878787879,168.49693251533728
0.3,4,20,strict,P,100,Stack,Zonly,42,43,330,321,263,0.8079877112135176,0.9727272727272728,132.33644859813072
0.3,4,20,strict,P,100,Stack,Zonly,42,44,330,322,262,0.803680981595092,0.9757575757575757,133.91304347826076
0.3,4,20,strict,S,100,Stack,Full3C,43,42,330,309,181,0.5665101721439749,0.9363636363636364,462.556634304207
0.3,4,20,strict,S,100,Stack,Full3C,43,43,330,306,181,0.5691823899371069,0.9272727272727272,577.843137254902
0.3,4,20,strict,S,100,Stack,Full3C,43,44,330,311,183,0.5709828393135725,0.9424242424242424,449.19614147909965
0.3,4,20,strict,S,100,Stack,Zonly,43,42,330,245,70,0.24347826086956523,0.7424242424242424,1016.5714285714286
0.3,4,20,strict,S,100,Stack,Zonly,43,43,330,242,70,0.24475524475524477,0.7333333333333333,1016.9421487603306
0.3,4,20,strict,S,100,Stack,Zonly,43,44,330,218,68,0.24817518248175183,0.6606060606060606,1040.5504587155963
0.3,4,20,strict,S,100,Stack,Full3C,44,42,330,320,178,0.5476923076923077,0.9696969696969697,445.6875
0.3,4,20,strict,S,100,Stack,Full3C,44,43,330,308,181,0.567398119122257,0.9333333333333333,480.97402597402595
0.3,4,20,strict,S,100,Stack,Full3C,44,44,330,315,175,0.5426356589147286,0.9545454545454546,497.3015873015873
0.3,4,20,strict,S,100,Stack,Zonly,44,42,330,252,80,0.27491408934707906,0.7636363636363637,974.9603174603175
0.3,4,20,strict,S,100,Stack,Zonly,44,43,330,245,75,0.2608695652173913,0.7424242424242424,861.5102040816327
0.3,4,20,strict,S,100,Stack,Zonly,44,44,330,256,77,0.2627986348122867,0.7757575757575758,844.1015625
0.3,4,20,strict,S,100,PhaseNetMatched,Full3C,42,,330,327,191,0.5814307458143074,0.990909090909091,176.42201834862382
0.3,4,20,strict,S,100,PhaseNetMatched,Full3C,43,,330,323,202,0.6186830015313936,0.9787878787878788,162.0433436532508
0.3,4,20,strict,S,100,PhaseNetMatched,Full3C,44,,330,326,183,0.5579268292682927,0.9878787878787879,163.9263803680981
0.3,4,20,strict,S,100,PhaseNetMatched,Zonly,42,,330,325,97,0.2961832061068702,0.9848484848484849,551.3846153846155
0.3,4,20,strict,S,100,PhaseNetMatched,Zonly,43,,330,320,103,0.3169230769230769,0.9696969696969697,413.84375
0.3,4,20,strict,S,100,PhaseNetMatched,Zonly,44,,330,324,94,0.2874617737003058,0.9818181818181818,438.858024691358
0.3,4,20,strict,S,100,Stack,Full3C,42,42,330,315,179,0.5550387596899224,0.9545454545454546,470.7936507936508
0.3,4,20,strict,S,100,Stack,Full3C,42,43,330,310,173,0.540625,0.9393939393939394,526.2258064516129
0.3,4,20,strict,S,100,Stack,Full3C,42,44,330,313,177,0.5505443234836703,0.9484848484848485,444.4408945686901
0.3,4,20,strict,S,100,Stack,Zonly,42,42,330,246,76,0.2638888888888889,0.7454545454545455,886.1788617886178
0.3,4,20,strict,S,100,Stack,Zonly,42,43,330,222,68,0.2463768115942029,0.6727272727272727,986.1711711711711
0.3,4,20,strict,S,100,Stack,Zonly,42,44,330,170,68,0.272,0.5151515151515151,687.0588235294116
0.3,4,30,accepted,P,100,Stack,Full3C,43,42,330,327,275,0.837138508371385,0.990909090909091,129.17431192660538
0.3,4,30,accepted,P,100,Stack,Full3C,43,43,330,325,272,0.8305343511450382,0.9848484848484849,127.16923076923064
0.3,4,30,accepted,P,100,Stack,Full3C,43,44,330,327,272,0.8280060882800608,0.990909090909091,131.89602446483167
0.3,4,30,accepted,P,100,Stack,Zonly,43,42,330,330,269,0.8151515151515152,1.0,328.3030303030302
0.3,4,30,accepted,P,100,Stack,Zonly,43,43,330,326,266,0.8109756097560976,0.9878787878787879,130.64417177914098
0.3,4,30,accepted,P,100,Stack,Zonly,43,44,330,325,267,0.815267175572519,0.9848484848484849,129.63076923076915
0.3,4,30,accepted,P,100,Stack,Full3C,44,42,330,327,269,0.8188736681887366,0.990909090909091,105.65749235473994
0.3,4,30,accepted,P,100,Stack,Full3C,44,43,330,324,270,0.8256880733944955,0.9818181818181818,102.96296296296285
0.3,4,30,accepted,P,100,Stack,Full3C,44,44,330,330,268,0.8121212121212121,1.0,354.4242424242423
0.3,4,30,accepted,P,100,Stack,Zonly,44,42,330,326,268,0.8170731707317073,0.9878787878787879,128.80368098159497
0.3,4,30,accepted,P,100,Stack,Zonly,44,43,330,329,271,0.8224582701062215,0.996969696969697,291.6717325227963
0.3,4,30,accepted,P,100,Stack,Zonly,44,44,330,327,270,0.821917808219178,0.990909090909091,159.6024464831803
0.3,4,30,accepted,P,100,PhaseNetMatched,Full3C,42,,330,330,324,0.9818181818181818,1.0,41.09090909090887
0.3,4,30,accepted,P,100,PhaseNetMatched,Full3C,43,,330,330,325,0.9848484848484849,1.0,28.33333333333328
0.3,4,30,accepted,P,100,PhaseNetMatched,Full3C,44,,330,329,324,0.9833080424886191,0.996969696969697,33.98176291793293
0.3,4,30,accepted,P,100,PhaseNetMatched,Zonly,42,,330,330,326,0.9878787878787879,1.0,21.48484848484837
0.3,4,30,accepted,P,100,PhaseNetMatched,Zonly,43,,330,329,324,0.9833080424886191,0.996969696969697,26.504559270516463
0.3,4,30,accepted,P,100,PhaseNetMatched,Zonly,44,,330,330,323,0.9787878787878788,1.0,28.939393939393817
0.3,4,30,accepted,P,100,Stack,Full3C,42,42,330,327,276,0.8401826484018264,0.990909090909091,126.97247706422004
0.3,4,30,accepted,P,100,Stack,Full3C,42,43,330,326,271,0.8262195121951219,0.9878787878787879,129.47852760736185
0.3,4,30,accepted,P,100,Stack,Full3C,42,44,330,329,271,0.8224582701062215,0.996969696969697,291.88449848024305
0.3,4,30,accepted,P,100,Stack,Zonly,42,42,330,328,264,0.8024316109422492,0.9939393939393939,169.54268292682917
0.3,4,30,accepted,P,100,Stack,Zonly,42,43,330,324,265,0.8103975535168195,0.9818181818181818,131.63580246913565
0.3,4,30,accepted,P,100,Stack,Zonly,42,44,330,326,264,0.8048780487804879,0.9878787878787879,134.87730061349683
0.3,4,30,accepted,S,100,Stack,Full3C,43,42,330,324,186,0.5688073394495413,0.9818181818181818,577.6543209876543
0.3,4,30,accepted,S,100,Stack,Full3C,43,43,330,324,185,0.5657492354740061,0.9818181818181818,735.6481481481482
0.3,4,30,accepted,S,100,Stack,Full3C,43,44,330,326,187,0.5701219512195121,0.9878787878787879,638.9877300613497
0.3,4,30,accepted,S,100,Stack,Zonly,43,42,330,315,83,0.25736434108527134,0.9545454545454546,1386.5396825396826
0.3,4,30,accepted,S,100,Stack,Zonly,43,43,330,300,78,0.24761904761904763,0.9090909090909091,1260.5
0.3,4,30,accepted,S,100,Stack,Zonly,43,44,330,292,78,0.2508038585209003,0.8848484848484849,1350.7876712328766
0.3,4,30,accepted,S,100,Stack,Full3C,44,42,330,326,180,0.5487804878048781,0.9878787878787879,522.4539877300614
0.3,4,30,accepted,S,100,Stack,Full3C,44,43,330,321,182,0.5591397849462365,0.9727272727272728,631.0280373831774
0.3,4,30,accepted,S,100,Stack,Full3C,44,44,330,326,175,0.5335365853658537,0.9878787878787879,723.5276073619632
0.3,4,30,accepted,S,100,Stack,Zonly,44,42,330,310,93,0.290625,0.9393939393939394,972.4193548387096
0.3,4,30,accepted,S,100,Stack,Zonly,44,43,330,308,84,0.26332288401253917,0.9333333333333333,1050.3246753246754
0.3,4,30,accepted,S,100,Stack,Zonly,44,44,330,318,85,0.2623456790123457,0.9636363636363636,994.6855345911949
0.3,4,30,accepted,S,100,PhaseNetMatched,Full3C,42,,330,330,191,0.5787878787878787,1.0,179.54545454545453
0.3,4,30,accepted,S,100,PhaseNetMatched,Full3C,43,,330,325,203,0.6198473282442748,0.9848484848484849,163.99999999999997
0.3,4,30,accepted,S,100,PhaseNetMatched,Full3C,44,,330,329,184,0.5584218512898331,0.996969696969697,166.80851063829783
0.3,4,30,accepted,S,100,PhaseNetMatched,Zonly,42,,330,330,97,0.29393939393939394,1.0,602.4242424242424
0.3,4,30,accepted,S,100,PhaseNetMatched,Zonly,43,,330,327,105,0.319634703196347,0.990909090909091,441.9877675840979
0.3,4,30,accepted,S,100,PhaseNetMatched,Zonly,44,,330,330,94,0.28484848484848485,1.0,468.48484848484867
0.3,4,30,accepted,S,100,Stack,Full3C,42,42,330,322,181,0.5552147239263804,0.9757575757575757,492.2049689440994
0.3,4,30,accepted,S,100,Stack,Full3C,42,43,330,320,174,0.5353846153846153,0.9696969696969697,617.625
0.3,4,30,accepted,S,100,Stack,Full3C,42,44,330,322,178,0.5460122699386503,0.9757575757575757,553.5093167701864
0.3,4,30,accepted,S,100,Stack,Zonly,42,42,330,315,90,0.27906976744186046,0.9545454545454546,1170.0
0.3,4,30,accepted,S,100,Stack,Zonly,42,43,330,292,87,0.2797427652733119,0.8848484848484849,1220.650684931507
0.3,4,30,accepted,S,100,Stack,Zonly,42,44,330,284,88,0.28664495114006516,0.8606060606060606,1150.5633802816901
0.3,4,30,strict,P,100,Stack,Full3C,43,42,330,321,274,0.8417818740399385,0.9727272727272728,125.6697819314641
0.3,4,30,strict,P,100,Stack,Full3C,43,43,330,322,271,0.8312883435582822,0.9757575757575757,126.36645962732905
0.3,4,30,strict,P,100,Stack,Full3C,43,44,330,323,271,0.8300153139356815,0.9787878787878788,129.16408668730637
0.3,4,30,strict,P,100,Stack,Zonly,43,42,330,326,267,0.8140243902439024,0.9878787878787879,292.0245398773005
0.3,4,30,strict,P,100,Stack,Zonly,43,43,330,323,265,0.8116385911179173,0.9787878787878788,129.1021671826624
0.3,4,30,strict,P,100,Stack,Zonly,43,44,330,322,266,0.8159509202453987,0.9757575757575757,128.35403726708063
0.3,4,30,strict,P,100,Stack,Full3C,44,42,330,322,269,0.8251533742331288,0.9757575757575757,102.32919254658376
0.3,4,30,strict,P,100,Stack,Full3C,44,43,330,322,270,0.8282208588957055,0.9757575757575757,101.27329192546573
0.3,4,30,strict,P,100,Stack,Full3C,44,44,330,325,268,0.8183206106870229,0.9848484848484849,104.79999999999991
0.3,4,30,strict,P,100,Stack,Zonly,44,42,330,318,266,0.8209876543209876,0.9636363636363636,102.83018867924517
0.3,4,30,strict,P,100,Stack,Zonly,44,43,330,324,271,0.8287461773700305,0.9818181818181818,127.7469135802468
0.3,4,30,strict,P,100,Stack,Zonly,44,44,330,322,268,0.8220858895705522,0.9757575757575757,151.89440993788807
0.3,4,30,strict,P,100,PhaseNetMatched,Full3C,42,,330,330,324,0.9818181818181818,1.0,41.09090909090887
0.3,4,30,strict,P,100,PhaseNetMatched,Full3C,43,,330,330,325,0.9848484848484849,1.0,28.33333333333328
0.3,4,30,strict,P,100,PhaseNetMatched,Full3C,44,,330,329,324,0.9833080424886191,0.996969696969697,33.98176291793293
0.3,4,30,strict,P,100,PhaseNetMatched,Zonly,42,,330,329,326,0.9893778452200304,0.996969696969697,18.510638297872223
0.3,4,30,strict,P,100,PhaseNetMatched,Zonly,43,,330,327,322,0.9802130898021308,0.990909090909091,26.51376146788965
0.3,4,30,strict,P,100,PhaseNetMatched,Zonly,44,,330,328,323,0.9817629179331308,0.9939393939393939,22.804878048780363
0.3,4,30,strict,P,100,Stack,Full3C,42,42,330,324,275,0.8409785932721713,0.9818181818181818,126.45061728395048
0.3,4,30,strict,P,100,Stack,Full3C,42,43,330,322,271,0.8312883435582822,0.9757575757575757,125.4968944099378
0.3,4,30,strict,P,100,Stack,Full3C,42,44,330,324,271,0.8287461773700305,0.9818181818181818,129.41358024691345
0.3,4,30,strict,P,100,Stack,Zonly,42,42,330,326,263,0.801829268292683,0.9878787878787879,168.49693251533728
0.3,4,30,strict,P,100,Stack,Zonly,42,43,330,321,263,0.8079877112135176,0.9727272727272728,132.33644859813072
0.3,4,30,strict,P,100,Stack,Zonly,42,44,330,322,262,0.803680981595092,0.9757575757575757,133.91304347826076
0.3,4,30,strict,S,100,Stack,Full3C,43,42,330,309,181,0.5665101721439749,0.9363636363636364,462.556634304207
0.3,4,30,strict,S,100,Stack,Full3C,43,43,330,307,181,0.5682888540031397,0.9303030303030303,624.0065146579805
0.3,4,30,strict,S,100,Stack,Full3C,43,44,330,312,183,0.5700934579439252,0.9454545454545454,494.4871794871795
0.3,4,30,strict,S,100,Stack,Zonly,43,42,330,249,70,0.24179620034542315,0.7545454545454545,1277.7911646586344
0.3,4,30,strict,S,100,Stack,Zonly,43,43,330,242,70,0.24475524475524477,0.7333333333333333,1236.0743801652893
0.3,4,30,strict,S,100,Stack,Zonly,43,44,330,220,68,0.24727272727272728,0.6666666666666666,1278.2272727272727
0.3,4,30,strict,S,100,Stack,Full3C,44,42,330,320,178,0.5476923076923077,0.9696969696969697,466.28125
0.3,4,30,strict,S,100,Stack,Full3C,44,43,330,308,181,0.567398119122257,0.9333333333333333,480.97402597402595
0.3,4,30,strict,S,100,Stack,Full3C,44,44,330,315,175,0.5426356589147286,0.9545454545454546,513.6825396825396
0.3,4,30,strict,S,100,Stack,Zonly,44,42,330,252,80,0.27491408934707906,0.7636363636363637,974.9603174603175
0.3,4,30,strict,S,100,Stack,Zonly,44,43,330,245,75,0.2608695652173913,0.7424242424242424,861.5102040816327
0.3,4,30,strict,S,100,Stack,Zonly,44,44,330,256,77,0.2627986348122867,0.7757575757575758,844.1015625
0.3,4,30,strict,S,100,PhaseNetMatched,Full3C,42,,330,327,191,0.5814307458143074,0.990909090909091,176.42201834862382
0.3,4,30,strict,S,100,PhaseNetMatched,Full3C,43,,330,323,202,0.6186830015313936,0.9787878787878788,162.0433436532508
0.3,4,30,strict,S,100,PhaseNetMatched,Full3C,44,,330,326,183,0.5579268292682927,0.9878787878787879,163.9263803680981
0.3,4,30,strict,S,100,PhaseNetMatched,Zonly,42,,330,325,97,0.2961832061068702,0.9848484848484849,551.3846153846155
0.3,4,30,strict,S,100,PhaseNetMatched,Zonly,43,,330,320,103,0.3169230769230769,0.9696969696969697,413.84375
0.3,4,30,strict,S,100,PhaseNetMatched,Zonly,44,,330,324,94,0.2874617737003058,0.9818181818181818,438.858024691358
0.3,4,30,strict,S,100,Stack,Full3C,42,42,330,315,179,0.5550387596899224,0.9545454545454546,470.7936507936508
0.3,4,30,strict,S,100,Stack,Full3C,42,43,330,310,173,0.540625,0.9393939393939394,526.2258064516129
0.3,4,30,strict,S,100,Stack,Full3C,42,44,330,313,177,0.5505443234836703,0.9484848484848485,444.4408945686901
0.3,4,30,strict,S,100,Stack,Zonly,42,42,330,247,76,0.2634315424610052,0.7484848484848485,940.6882591093117
0.3,4,30,strict,S,100,Stack,Zonly,42,43,330,222,68,0.2463768115942029,0.6727272727272727,986.1711711711711
0.3,4,30,strict,S,100,Stack,Zonly,42,44,330,170,68,0.272,0.5151515151515151,687.0588235294116
0.3,4,40,accepted,P,100,Stack,Full3C,43,42,330,327,275,0.837138508371385,0.990909090909091,129.17431192660538
0.3,4,40,accepted,P,100,Stack,Full3C,43,43,330,325,272,0.8305343511450382,0.9848484848484849,127.16923076923064
0.3,4,40,accepted,P,100,Stack,Full3C,43,44,330,327,272,0.8280060882800608,0.990909090909091,131.89602446483167
0.3,4,40,accepted,P,100,Stack,Zonly,43,42,330,330,269,0.8151515151515152,1.0,328.3030303030302
0.3,4,40,accepted,P,100,Stack,Zonly,43,43,330,326,266,0.8109756097560976,0.9878787878787879,130.64417177914098
0.3,4,40,accepted,P,100,Stack,Zonly,43,44,330,325,267,0.815267175572519,0.9848484848484849,129.63076923076915
0.3,4,40,accepted,P,100,Stack,Full3C,44,42,330,327,269,0.8188736681887366,0.990909090909091,105.65749235473994
0.3,4,40,accepted,P,100,Stack,Full3C,44,43,330,324,270,0.8256880733944955,0.9818181818181818,102.96296296296285
0.3,4,40,accepted,P,100,Stack,Full3C,44,44,330,330,268,0.8121212121212121,1.0,354.4242424242423
0.3,4,40,accepted,P,100,Stack,Zonly,44,42,330,326,268,0.8170731707317073,0.9878787878787879,128.80368098159497
0.3,4,40,accepted,P,100,Stack,Zonly,44,43,330,329,271,0.8224582701062215,0.996969696969697,291.6717325227963
0.3,4,40,accepted,P,100,Stack,Zonly,44,44,330,327,270,0.821917808219178,0.990909090909091,159.6024464831803
0.3,4,40,accepted,P,100,PhaseNetMatched,Full3C,42,,330,330,324,0.9818181818181818,1.0,41.09090909090887
0.3,4,40,accepted,P,100,PhaseNetMatched,Full3C,43,,330,330,325,0.9848484848484849,1.0,28.33333333333328
0.3,4,40,accepted,P,100,PhaseNetMatched,Full3C,44,,330,329,324,0.9833080424886191,0.996969696969697,33.98176291793293
0.3,4,40,accepted,P,100,PhaseNetMatched,Zonly,42,,330,330,326,0.9878787878787879,1.0,21.48484848484837
0.3,4,40,accepted,P,100,PhaseNetMatched,Zonly,43,,330,329,324,0.9833080424886191,0.996969696969697,26.504559270516463
0.3,4,40,accepted,P,100,PhaseNetMatched,Zonly,44,,330,330,323,0.9787878787878788,1.0,28.939393939393817
0.3,4,40,accepted,P,100,Stack,Full3C,42,42,330,327,276,0.8401826484018264,0.990909090909091,126.97247706422004
0.3,4,40,accepted,P,100,Stack,Full3C,42,43,330,326,271,0.8262195121951219,0.9878787878787879,129.47852760736185
0.3,4,40,accepted,P,100,Stack,Full3C,42,44,330,329,271,0.8224582701062215,0.996969696969697,291.88449848024305
0.3,4,40,accepted,P,100,Stack,Zonly,42,42,330,328,264,0.8024316109422492,0.9939393939393939,169.54268292682917
0.3,4,40,accepted,P,100,Stack,Zonly,42,43,330,324,265,0.8103975535168195,0.9818181818181818,131.63580246913565
0.3,4,40,accepted,P,100,Stack,Zonly,42,44,330,326,264,0.8048780487804879,0.9878787878787879,134.87730061349683
0.3,4,40,accepted,S,100,Stack,Full3C,43,42,330,324,186,0.5688073394495413,0.9818181818181818,577.6543209876543
0.3,4,40,accepted,S,100,Stack,Full3C,43,43,330,324,185,0.5657492354740061,0.9818181818181818,735.6481481481482
0.3,4,40,accepted,S,100,Stack,Full3C,43,44,330,326,187,0.5701219512195121,0.9878787878787879,638.9877300613497
0.3,4,40,accepted,S,100,Stack,Zonly,43,42,330,315,83,0.25736434108527134,0.9545454545454546,1386.5396825396826
0.3,4,40,accepted,S,100,Stack,Zonly,43,43,330,300,78,0.24761904761904763,0.9090909090909091,1260.5
0.3,4,40,accepted,S,100,Stack,Zonly,43,44,330,292,78,0.2508038585209003,0.8848484848484849,1350.7876712328766
0.3,4,40,accepted,S,100,Stack,Full3C,44,42,330,326,180,0.5487804878048781,0.9878787878787879,522.4539877300614
0.3,4,40,accepted,S,100,Stack,Full3C,44,43,330,321,182,0.5591397849462365,0.9727272727272728,631.0280373831774
0.3,4,40,accepted,S,100,Stack,Full3C,44,44,330,326,175,0.5335365853658537,0.9878787878787879,723.5276073619632
0.3,4,40,accepted,S,100,Stack,Zonly,44,42,330,310,93,0.290625,0.9393939393939394,972.4193548387096
0.3,4,40,accepted,S,100,Stack,Zonly,44,43,330,308,84,0.26332288401253917,0.9333333333333333,1050.3246753246754
0.3,4,40,accepted,S,100,Stack,Zonly,44,44,330,318,85,0.2623456790123457,0.9636363636363636,994.6855345911949
0.3,4,40,accepted,S,100,PhaseNetMatched,Full3C,42,,330,330,191,0.5787878787878787,1.0,179.54545454545453
0.3,4,40,accepted,S,100,PhaseNetMatched,Full3C,43,,330,325,203,0.6198473282442748,0.9848484848484849,163.99999999999997
0.3,4,40,accepted,S,100,PhaseNetMatched,Full3C,44,,330,329,184,0.5584218512898331,0.996969696969697,166.80851063829783
0.3,4,40,accepted,S,100,PhaseNetMatched,Zonly,42,,330,330,97,0.29393939393939394,1.0,602.4242424242424
0.3,4,40,accepted,S,100,PhaseNetMatched,Zonly,43,,330,327,105,0.319634703196347,0.990909090909091,441.9877675840979
0.3,4,40,accepted,S,100,PhaseNetMatched,Zonly,44,,330,330,94,0.28484848484848485,1.0,468.48484848484867
0.3,4,40,accepted,S,100,Stack,Full3C,42,42,330,322,181,0.5552147239263804,0.9757575757575757,492.2049689440994
0.3,4,40,accepted,S,100,Stack,Full3C,42,43,330,320,174,0.5353846153846153,0.9696969696969697,617.625
0.3,4,40,accepted,S,100,Stack,Full3C,42,44,330,322,178,0.5460122699386503,0.9757575757575757,553.5093167701864
0.3,4,40,accepted,S,100,Stack,Zonly,42,42,330,315,90,0.27906976744186046,0.9545454545454546,1170.0
0.3,4,40,accepted,S,100,Stack,Zonly,42,43,330,292,87,0.2797427652733119,0.8848484848484849,1220.650684931507
0.3,4,40,accepted,S,100,Stack,Zonly,42,44,330,284,88,0.28664495114006516,0.8606060606060606,1150.5633802816901
0.3,4,40,strict,P,100,Stack,Full3C,43,42,330,321,274,0.8417818740399385,0.9727272727272728,125.6697819314641
0.3,4,40,strict,P,100,Stack,Full3C,43,43,330,322,271,0.8312883435582822,0.9757575757575757,126.36645962732905
0.3,4,40,strict,P,100,Stack,Full3C,43,44,330,323,271,0.8300153139356815,0.9787878787878788,129.16408668730637
0.3,4,40,strict,P,100,Stack,Zonly,43,42,330,326,267,0.8140243902439024,0.9878787878787879,292.0245398773005
0.3,4,40,strict,P,100,Stack,Zonly,43,43,330,323,265,0.8116385911179173,0.9787878787878788,129.1021671826624
0.3,4,40,strict,P,100,Stack,Zonly,43,44,330,322,266,0.8159509202453987,0.9757575757575757,128.35403726708063
0.3,4,40,strict,P,100,Stack,Full3C,44,42,330,322,269,0.8251533742331288,0.9757575757575757,102.32919254658376
0.3,4,40,strict,P,100,Stack,Full3C,44,43,330,322,270,0.8282208588957055,0.9757575757575757,101.27329192546573
0.3,4,40,strict,P,100,Stack,Full3C,44,44,330,325,268,0.8183206106870229,0.9848484848484849,104.79999999999991
0.3,4,40,strict,P,100,Stack,Zonly,44,42,330,318,266,0.8209876543209876,0.9636363636363636,102.83018867924517
0.3,4,40,strict,P,100,Stack,Zonly,44,43,330,324,271,0.8287461773700305,0.9818181818181818,127.7469135802468
0.3,4,40,strict,P,100,Stack,Zonly,44,44,330,322,268,0.8220858895705522,0.9757575757575757,151.89440993788807
0.3,4,40,strict,P,100,PhaseNetMatched,Full3C,42,,330,330,324,0.9818181818181818,1.0,41.09090909090887
0.3,4,40,strict,P,100,PhaseNetMatched,Full3C,43,,330,330,325,0.9848484848484849,1.0,28.33333333333328
0.3,4,40,strict,P,100,PhaseNetMatched,Full3C,44,,330,329,324,0.9833080424886191,0.996969696969697,33.98176291793293
0.3,4,40,strict,P,100,PhaseNetMatched,Zonly,42,,330,329,326,0.9893778452200304,0.996969696969697,18.510638297872223
0.3,4,40,strict,P,100,PhaseNetMatched,Zonly,43,,330,327,322,0.9802130898021308,0.990909090909091,26.51376146788965
0.3,4,40,strict,P,100,PhaseNetMatched,Zonly,44,,330,328,323,0.9817629179331308,0.9939393939393939,22.804878048780363
0.3,4,40,strict,P,100,Stack,Full3C,42,42,330,324,275,0.8409785932721713,0.9818181818181818,126.45061728395048
0.3,4,40,strict,P,100,Stack,Full3C,42,43,330,322,271,0.8312883435582822,0.9757575757575757,125.4968944099378
0.3,4,40,strict,P,100,Stack,Full3C,42,44,330,324,271,0.8287461773700305,0.9818181818181818,129.41358024691345
0.3,4,40,strict,P,100,Stack,Zonly,42,42,330,326,263,0.801829268292683,0.9878787878787879,168.49693251533728
0.3,4,40,strict,P,100,Stack,Zonly,42,43,330,321,263,0.8079877112135176,0.9727272727272728,132.33644859813072
0.3,4,40,strict,P,100,Stack,Zonly,42,44,330,322,262,0.803680981595092,0.9757575757575757,133.91304347826076
0.3,4,40,strict,S,100,Stack,Full3C,43,42,330,309,181,0.5665101721439749,0.9363636363636364,462.556634304207
0.3,4,40,strict,S,100,Stack,Full3C,43,43,330,307,181,0.5682888540031397,0.9303030303030303,624.0065146579805
0.3,4,40,strict,S,100,Stack,Full3C,43,44,330,312,183,0.5700934579439252,0.9454545454545454,494.4871794871795
0.3,4,40,strict,S,100,Stack,Zonly,43,42,330,249,70,0.24179620034542315,0.7545454545454545,1277.7911646586344
0.3,4,40,strict,S,100,Stack,Zonly,43,43,330,242,70,0.24475524475524477,0.7333333333333333,1236.0743801652893
0.3,4,40,strict,S,100,Stack,Zonly,43,44,330,220,68,0.24727272727272728,0.6666666666666666,1278.2272727272727
0.3,4,40,strict,S,100,Stack,Full3C,44,42,330,320,178,0.5476923076923077,0.9696969696969697,466.28125
0.3,4,40,strict,S,100,Stack,Full3C,44,43,330,308,181,0.567398119122257,0.9333333333333333,480.97402597402595
0.3,4,40,strict,S,100,Stack,Full3C,44,44,330,315,175,0.5426356589147286,0.9545454545454546,513.6825396825396
0.3,4,40,strict,S,100,Stack,Zonly,44,42,330,252,80,0.27491408934707906,0.7636363636363637,974.9603174603175
0.3,4,40,strict,S,100,Stack,Zonly,44,43,330,245,75,0.2608695652173913,0.7424242424242424,861.5102040816327
0.3,4,40,strict,S,100,Stack,Zonly,44,44,330,256,77,0.2627986348122867,0.7757575757575758,844.1015625
0.3,4,40,strict,S,100,PhaseNetMatched,Full3C,42,,330,327,191,0.5814307458143074,0.990909090909091,176.42201834862382
0.3,4,40,strict,S,100,PhaseNetMatched,Full3C,43,,330,323,202,0.6186830015313936,0.9787878787878788,162.0433436532508
0.3,4,40,strict,S,100,PhaseNetMatched,Full3C,44,,330,326,183,0.5579268292682927,0.9878787878787879,163.9263803680981
0.3,4,40,strict,S,100,PhaseNetMatched,Zonly,42,,330,325,97,0.2961832061068702,0.9848484848484849,551.3846153846155
0.3,4,40,strict,S,100,PhaseNetMatched,Zonly,43,,330,320,103,0.3169230769230769,0.9696969696969697,413.84375
0.3,4,40,strict,S,100,PhaseNetMatched,Zonly,44,,330,324,94,0.2874617737003058,0.9818181818181818,438.858024691358
0.3,4,40,strict,S,100,Stack,Full3C,42,42,330,315,179,0.5550387596899224,0.9545454545454546,470.7936507936508
0.3,4,40,strict,S,100,Stack,Full3C,42,43,330,310,173,0.540625,0.9393939393939394,526.2258064516129
0.3,4,40,strict,S,100,Stack,Full3C,42,44,330,313,177,0.5505443234836703,0.9484848484848485,444.4408945686901
0.3,4,40,strict,S,100,Stack,Zonly,42,42,330,247,76,0.2634315424610052,0.7484848484848485,940.6882591093117
0.3,4,40,strict,S,100,Stack,Zonly,42,43,330,222,68,0.2463768115942029,0.6727272727272727,986.1711711711711
0.3,4,40,strict,S,100,Stack,Zonly,42,44,330,170,68,0.272,0.5151515151515151,687.0588235294116
0.4,2,20,accepted,P,100,Stack,Full3C,43,42,330,324,275,0.8409785932721713,0.9818181818181818,128.0864197530863
0.4,2,20,accepted,P,100,Stack,Full3C,43,43,330,325,272,0.8305343511450382,0.9848484848484849,127.16923076923064
0.4,2,20,accepted,P,100,Stack,Full3C,43,44,330,326,272,0.8292682926829268,0.9878787878787879,130.18404907975446
0.4,2,20,accepted,P,100,Stack,Zonly,43,42,330,329,268,0.8133535660091047,0.996969696969697,329.14893617021266
0.4,2,20,accepted,P,100,Stack,Zonly,43,43,330,323,265,0.8116385911179173,0.9787878787878788,129.1021671826624
0.4,2,20,accepted,P,100,Stack,Zonly,43,44,330,325,267,0.815267175572519,0.9848484848484849,129.63076923076915
0.4,2,20,accepted,P,100,Stack,Full3C,44,42,330,325,269,0.8213740458015267,0.9848484848484849,104.09230769230759
0.4,2,20,accepted,P,100,Stack,Full3C,44,43,330,322,270,0.8282208588957055,0.9757575757575757,101.27329192546573
0.4,2,20,accepted,P,100,Stack,Full3C,44,44,330,328,268,0.8145896656534954,0.9939393939393939,166.95121951219505
0.4,2,20,accepted,P,100,Stack,Zonly,44,42,330,324,267,0.8165137614678899,0.9818181818181818,127.93209876543196
0.4,2,20,accepted,P,100,Stack,Zonly,44,43,330,327,271,0.8249619482496194,0.990909090909091,189.81651376146775
0.4,2,20,accepted,P,100,Stack,Zonly,44,44,330,326,269,0.8201219512195121,0.9878787878787879,159.90797546012257
0.4,2,20,accepted,P,100,PhaseNetMatched,Full3C,42,,330,330,324,0.9818181818181818,1.0,41.09090909090887
0.4,2,20,accepted,P,100,PhaseNetMatched,Full3C,43,,330,330,325,0.9848484848484849,1.0,28.33333333333328
0.4,2,20,accepted,P,100,PhaseNetMatched,Full3C,44,,330,329,324,0.9833080424886191,0.996969696969697,33.98176291793293
0.4,2,20,accepted,P,100,PhaseNetMatched,Zonly,42,,330,330,326,0.9878787878787879,1.0,21.48484848484837
0.4,2,20,accepted,P,100,PhaseNetMatched,Zonly,43,,330,329,324,0.9833080424886191,0.996969696969697,26.504559270516463
0.4,2,20,accepted,P,100,PhaseNetMatched,Zonly,44,,330,329,323,0.9802731411229135,0.996969696969697,25.805471124619938
0.4,2,20,accepted,P,100,Stack,Full3C,42,42,330,325,276,0.8427480916030534,0.9848484848484849,126.15384615384602
0.4,2,20,accepted,P,100,Stack,Full3C,42,43,330,323,271,0.8300153139356815,0.9787878787878788,127.02786377708969
0.4,2,20,accepted,P,100,Stack,Full3C,42,44,330,329,271,0.8224582701062215,0.996969696969697,291.88449848024305
0.4,2,20,accepted,P,100,Stack,Zonly,42,42,330,328,264,0.8024316109422492,0.9939393939393939,169.54268292682917
0.4,2,20,accepted,P,100,Stack,Zonly,42,43,330,323,264,0.8085758039816233,0.9787878787878788,132.01238390092865
0.4,2,20,accepted,P,100,Stack,Zonly,42,44,330,324,264,0.8073394495412844,0.9818181818181818,133.36419753086412
0.4,2,20,accepted,S,100,Stack,Full3C,43,42,330,315,183,0.5674418604651162,0.9545454545454546,475.77777777777777
0.4,2,20,accepted,S,100,Stack,Full3C,43,43,330,318,185,0.5709876543209876,0.9636363636363636,569.559748427673
0.4,2,20,accepted,S,100,Stack,Full3C,43,44,330,321,185,0.5683563748079877,0.9727272727272728,540.0311526479751
0.4,2,20,accepted,S,100,Stack,Zonly,43,42,330,297,79,0.25199362041467305,0.9,1153.8383838383838
0.4,2,20,accepted,S,100,Stack,Zonly,43,43,330,279,76,0.24958949096880131,0.8454545454545455,1043.9068100358422
0.4,2,20,accepted,S,100,Stack,Zonly,43,44,330,267,75,0.25125628140703515,0.8090909090909091,1036.0674157303372
0.4,2,20,accepted,S,100,Stack,Full3C,44,42,330,323,178,0.5451761102603369,0.9787878787878788,505.75851393188856
0.4,2,20,accepted,S,100,Stack,Full3C,44,43,330,315,181,0.5612403100775194,0.9545454545454546,529.2698412698413
0.4,2,20,accepted,S,100,Stack,Full3C,44,44,330,324,175,0.5351681957186545,0.9818181818181818,557.3148148148148
0.4,2,20,accepted,S,100,Stack,Zonly,44,42,330,291,90,0.2898550724637681,0.8818181818181818,920.9621993127148
0.4,2,20,accepted,S,100,Stack,Zonly,44,43,330,291,83,0.2673107890499195,0.8818181818181818,974.9828178694158
0.4,2,20,accepted,S,100,Stack,Zonly,44,44,330,296,82,0.26198083067092653,0.896969696969697,991.6216216216217
0.4,2,20,accepted,S,100,PhaseNetMatched,Full3C,42,,330,329,191,0.5796661608497724,0.996969696969697,177.62917933130697
0.4,2,20,accepted,S,100,PhaseNetMatched,Full3C,43,,330,325,203,0.6198473282442748,0.9848484848484849,163.99999999999997
0.4,2,20,accepted,S,100,PhaseNetMatched,Full3C,44,,330,328,184,0.5592705167173252,0.9939393939393939,165.85365853658533
0.4,2,20,accepted,S,100,PhaseNetMatched,Zonly,42,,330,330,97,0.29393939393939394,1.0,602.4242424242424
0.4,2,20,accepted,S,100,PhaseNetMatched,Zonly,43,,330,325,104,0.31755725190839695,0.9848484848484849,421.78461538461545
0.4,2,20,accepted,S,100,PhaseNetMatched,Zonly,44,,330,329,94,0.2852807283763278,0.996969696969697,451.2158054711247
0.4,2,20,accepted,S,100,Stack,Full3C,42,42,330,319,180,0.5546995377503852,0.9666666666666667,494.1692789968652
0.4,2,20,accepted,S,100,Stack,Full3C,42,43,330,315,172,0.5333333333333333,0.9545454545454546,623.4603174603175
0.4,2,20,accepted,S,100,Stack,Full3C,42,44,330,320,178,0.5476923076923077,0.9696969696969697,509.75
0.4,2,20,accepted,S,100,Stack,Zonly,42,42,330,298,88,0.2802547770700637,0.9030303030303031,1114.1610738255033
0.4,2,20,accepted,S,100,Stack,Zonly,42,43,330,276,84,0.27722772277227725,0.8363636363636363,1123.2971014492753
0.4,2,20,accepted,S,100,Stack,Zonly,42,44,330,249,83,0.2867012089810017,0.7545454545454545,936.7871485943775
0.4,2,20,strict,P,100,Stack,Full3C,43,42,330,320,274,0.8430769230769231,0.9696969696969697,125.56249999999993
0.4,2,20,strict,P,100,Stack,Full3C,43,43,330,319,269,0.8289676425269645,0.9666666666666667,126.86520376175535
0.4,2,20,strict,P,100,Stack,Full3C,43,44,330,319,269,0.8289676425269645,0.9666666666666667,129.1849529780563
0.4,2,20,strict,P,100,Stack,Zonly,43,42,330,321,266,0.8172043010752689,0.9727272727272728,127.632398753894
0.4,2,20,strict,P,100,Stack,Zonly,43,43,330,320,262,0.8061538461538461,0.9696969696969697,130.03124999999986
0.4,2,20,strict,P,100,Stack,Zonly,43,44,330,319,265,0.8166409861325116,0.9666666666666667,128.33855799373032
0.4,2,20,strict,P,100,Stack,Full3C,44,42,330,319,266,0.8197226502311248,0.9666666666666667,102.9153605015673
0.4,2,20,strict,P,100,Stack,Full3C,44,43,330,321,269,0.82642089093702,0.9727272727272728,101.27725856697809
0.4,2,20,strict,P,100,Stack,Full3C,44,44,330,323,268,0.8208269525267994,0.9787878787878788,102.91021671826617
0.4,2,20,strict,P,100,Stack,Zonly,44,42,330,317,266,0.8222565687789799,0.9606060606060606,102.0820189274447
0.4,2,20,strict,P,100,Stack,Zonly,44,43,330,322,269,0.8251533742331288,0.9757575757575757,128.16770186335393
0.4,2,20,strict,P,100,Stack,Zonly,44,44,330,319,267,0.8228043143297381,0.9666666666666667,152.00626959247634
0.4,2,20,strict,P,100,PhaseNetMatched,Full3C,42,,330,330,324,0.9818181818181818,1.0,41.09090909090887
0.4,2,20,strict,P,100,PhaseNetMatched,Full3C,43,,330,330,325,0.9848484848484849,1.0,28.33333333333328
0.4,2,20,strict,P,100,PhaseNetMatched,Full3C,44,,330,328,323,0.9817629179331308,0.9939393939393939,33.99390243902419
0.4,2,20,strict,P,100,PhaseNetMatched,Zonly,42,,330,329,326,0.9893778452200304,0.996969696969697,18.510638297872223
0.4,2,20,strict,P,100,PhaseNetMatched,Zonly,43,,330,326,321,0.9786585365853658,0.9878787878787879,26.411042944785013
0.4,2,20,strict,P,100,PhaseNetMatched,Zonly,44,,330,328,323,0.9817629179331308,0.9939393939393939,22.804878048780363
0.4,2,20,strict,P,100,Stack,Full3C,42,42,330,322,275,0.843558282208589,0.9757575757575757,123.88198757763962
0.4,2,20,strict,P,100,Stack,Full3C,42,43,330,321,271,0.8325652841781874,0.9727272727272728,125.54517133956377
0.4,2,20,strict,P,100,Stack,Full3C,42,44,330,323,271,0.8300153139356815,0.9787878787878788,129.31888544891626
0.4,2,20,strict,P,100,Stack,Zonly,42,42,330,321,262,0.804915514592934,0.9727272727272728,130.37383177570084
0.4,2,20,strict,P,100,Stack,Zonly,42,43,330,321,263,0.8079877112135176,0.9727272727272728,132.33644859813072
0.4,2,20,strict,P,100,Stack,Zonly,42,44,330,320,260,0.8,0.9696969696969697,134.2499999999999
0.4,2,20,strict,S,100,Stack,Full3C,43,42,330,294,178,0.5705128205128205,0.8909090909090909,447.6870748299319
0.4,2,20,strict,S,100,Stack,Full3C,43,43,330,289,175,0.5654281098546042,0.8757575757575757,468.78892733564015
0.4,2,20,strict,S,100,Stack,Full3C,43,44,330,291,176,0.5668276972624798,0.8818181818181818,415.7731958762886
0.4,2,20,strict,S,100,Stack,Zonly,43,42,330,184,66,0.25680933852140075,0.5575757575757576,781.25
0.4,2,20,strict,S,100,Stack,Zonly,43,43,330,201,63,0.23728813559322035,0.6090909090909091,845.9203980099501
0.4,2,20,strict,S,100,Stack,Zonly,43,44,330,180,64,0.25098039215686274,0.5454545454545454,773.5555555555555
0.4,2,20,strict,S,100,Stack,Full3C,44,42,330,310,175,0.546875,0.9393939393939394,436.83870967741933
0.4,2,20,strict,S,100,Stack,Full3C,44,43,330,297,179,0.5709728867623605,0.9,423.1986531986531
0.4,2,20,strict,S,100,Stack,Full3C,44,44,330,305,174,0.5480314960629922,0.9242424242424242,436.327868852459
0.4,2,20,strict,S,100,Stack,Zonly,44,42,330,191,71,0.272552783109405,0.5787878787878787,647.3821989528795
0.4,2,20,strict,S,100,Stack,Zonly,44,43,330,182,68,0.265625,0.5515151515151515,570.8241758241758
0.4,2,20,strict,S,100,Stack,Zonly,44,44,330,212,73,0.2693726937269373,0.6424242424242425,577.0754716981132
0.4,2,20,strict,S,100,PhaseNetMatched,Full3C,42,,330,326,191,0.5823170731707317,0.9878787878787879,174.96932515337423
0.4,2,20,strict,S,100,PhaseNetMatched,Full3C,43,,330,320,199,0.6123076923076923,0.9696969696969697,162.99999999999997
0.4,2,20,strict,S,100,PhaseNetMatched,Full3C,44,,330,326,183,0.5579268292682927,0.9878787878787879,163.9263803680981
0.4,2,20,strict,S,100,PhaseNetMatched,Zonly,42,,330,313,95,0.2954898911353033,0.9484848484848485,453.38658146964855
0.4,2,20,strict,S,100,PhaseNetMatched,Zonly,43,,330,316,103,0.3188854489164087,0.9575757575757575,378.44936708860763
0.4,2,20,strict,S,100,PhaseNetMatched,Zonly,44,,330,305,92,0.28976377952755905,0.9242424242424242,346.6557377049181
0.4,2,20,strict,S,100,Stack,Full3C,42,42,330,306,178,0.559748427672956,0.9272727272727272,430.718954248366
0.4,2,20,strict,S,100,Stack,Full3C,42,43,330,303,170,0.5371248025276462,0.9181818181818182,531.3201320132014
0.4,2,20,strict,S,100,Stack,Full3C,42,44,330,309,177,0.5539906103286385,0.9363636363636364,447.02265372168284
0.4,2,20,strict,S,100,Stack,Zonly,42,42,330,175,63,0.2495049504950495,0.5303030303030303,583.1999999999999
0.4,2,20,strict,S,100,Stack,Zonly,42,43,330,159,62,0.25357873210633947,0.4818181818181818,683.7106918238993
0.4,2,20,strict,S,100,Stack,Zonly,42,44,330,114,53,0.23873873873873874,0.34545454545454546,460.08771929824553
0.4,2,30,accepted,P,100,Stack,Full3C,43,42,330,324,275,0.8409785932721713,0.9818181818181818,128.0864197530863
0.4,2,30,accepted,P,100,Stack,Full3C,43,43,330,325,272,0.8305343511450382,0.9848484848484849,127.16923076923064
0.4,2,30,accepted,P,100,Stack,Full3C,43,44,330,326,272,0.8292682926829268,0.9878787878787879,130.18404907975446
0.4,2,30,accepted,P,100,Stack,Zonly,43,42,330,329,268,0.8133535660091047,0.996969696969697,329.14893617021266
0.4,2,30,accepted,P,100,Stack,Zonly,43,43,330,323,265,0.8116385911179173,0.9787878787878788,129.1021671826624
0.4,2,30,accepted,P,100,Stack,Zonly,43,44,330,325,267,0.815267175572519,0.9848484848484849,129.63076923076915
0.4,2,30,accepted,P,100,Stack,Full3C,44,42,330,325,269,0.8213740458015267,0.9848484848484849,104.09230769230759
0.4,2,30,accepted,P,100,Stack,Full3C,44,43,330,322,270,0.8282208588957055,0.9757575757575757,101.27329192546573
0.4,2,30,accepted,P,100,Stack,Full3C,44,44,330,328,268,0.8145896656534954,0.9939393939393939,166.95121951219505
0.4,2,30,accepted,P,100,Stack,Zonly,44,42,330,324,267,0.8165137614678899,0.9818181818181818,127.93209876543196
0.4,2,30,accepted,P,100,Stack,Zonly,44,43,330,327,271,0.8249619482496194,0.990909090909091,189.81651376146775
0.4,2,30,accepted,P,100,Stack,Zonly,44,44,330,326,269,0.8201219512195121,0.9878787878787879,159.90797546012257
0.4,2,30,accepted,P,100,PhaseNetMatched,Full3C,42,,330,330,324,0.9818181818181818,1.0,41.09090909090887
0.4,2,30,accepted,P,100,PhaseNetMatched,Full3C,43,,330,330,325,0.9848484848484849,1.0,28.33333333333328
0.4,2,30,accepted,P,100,PhaseNetMatched,Full3C,44,,330,329,324,0.9833080424886191,0.996969696969697,33.98176291793293
0.4,2,30,accepted,P,100,PhaseNetMatched,Zonly,42,,330,330,326,0.9878787878787879,1.0,21.48484848484837
0.4,2,30,accepted,P,100,PhaseNetMatched,Zonly,43,,330,329,324,0.9833080424886191,0.996969696969697,26.504559270516463
0.4,2,30,accepted,P,100,PhaseNetMatched,Zonly,44,,330,329,323,0.9802731411229135,0.996969696969697,25.805471124619938
0.4,2,30,accepted,P,100,Stack,Full3C,42,42,330,325,276,0.8427480916030534,0.9848484848484849,126.15384615384602
0.4,2,30,accepted,P,100,Stack,Full3C,42,43,330,323,271,0.8300153139356815,0.9787878787878788,127.02786377708969
0.4,2,30,accepted,P,100,Stack,Full3C,42,44,330,329,271,0.8224582701062215,0.996969696969697,291.88449848024305
0.4,2,30,accepted,P,100,Stack,Zonly,42,42,330,328,264,0.8024316109422492,0.9939393939393939,169.54268292682917
0.4,2,30,accepted,P,100,Stack,Zonly,42,43,330,323,264,0.8085758039816233,0.9787878787878788,132.01238390092865
0.4,2,30,accepted,P,100,Stack,Zonly,42,44,330,324,264,0.8073394495412844,0.9818181818181818,133.36419753086412
0.4,2,30,accepted,S,100,Stack,Full3C,43,42,330,315,183,0.5674418604651162,0.9545454545454546,475.77777777777777
0.4,2,30,accepted,S,100,Stack,Full3C,43,43,330,319,185,0.5701078582434514,0.9666666666666667,663.385579937304
0.4,2,30,accepted,S,100,Stack,Full3C,43,44,330,322,185,0.5674846625766872,0.9757575757575757,624.0993788819876
0.4,2,30,accepted,S,100,Stack,Zonly,43,42,330,297,79,0.25199362041467305,0.9,1332.3232323232323
0.4,2,30,accepted,S,100,Stack,Zonly,43,43,330,279,76,0.24958949096880131,0.8454545454545455,1233.978494623656
0.4,2,30,accepted,S,100,Stack,Zonly,43,44,330,267,75,0.25125628140703515,0.8090909090909091,1234.0449438202247
0.4,2,30,accepted,S,100,Stack,Full3C,44,42,330,323,178,0.5451761102603369,0.9787878787878788,526.1609907120743
0.4,2,30,accepted,S,100,Stack,Full3C,44,43,330,315,181,0.5612403100775194,0.9545454545454546,529.2698412698413
0.4,2,30,accepted,S,100,Stack,Full3C,44,44,330,325,175,0.5343511450381679,0.9848484848484849,637.876923076923
0.4,2,30,accepted,S,100,Stack,Zonly,44,42,330,291,90,0.2898550724637681,0.8818181818181818,920.9621993127148
0.4,2,30,accepted,S,100,Stack,Zonly,44,43,330,291,83,0.2673107890499195,0.8818181818181818,974.9828178694158
0.4,2,30,accepted,S,100,Stack,Zonly,44,44,330,296,82,0.26198083067092653,0.896969696969697,991.6216216216217
0.4,2,30,accepted,S,100,PhaseNetMatched,Full3C,42,,330,329,191,0.5796661608497724,0.996969696969697,177.62917933130697
0.4,2,30,accepted,S,100,PhaseNetMatched,Full3C,43,,330,325,203,0.6198473282442748,0.9848484848484849,163.99999999999997
0.4,2,30,accepted,S,100,PhaseNetMatched,Full3C,44,,330,328,184,0.5592705167173252,0.9939393939393939,165.85365853658533
0.4,2,30,accepted,S,100,PhaseNetMatched,Zonly,42,,330,330,97,0.29393939393939394,1.0,602.4242424242424
0.4,2,30,accepted,S,100,PhaseNetMatched,Zonly,43,,330,325,104,0.31755725190839695,0.9848484848484849,421.78461538461545
0.4,2,30,accepted,S,100,PhaseNetMatched,Zonly,44,,330,329,94,0.2852807283763278,0.996969696969697,451.2158054711247
0.4,2,30,accepted,S,100,Stack,Full3C,42,42,330,319,180,0.5546995377503852,0.9666666666666667,494.1692789968652
0.4,2,30,accepted,S,100,Stack,Full3C,42,43,330,315,172,0.5333333333333333,0.9545454545454546,623.4603174603175
0.4,2,30,accepted,S,100,Stack,Full3C,42,44,330,320,178,0.5476923076923077,0.9696969696969697,509.75
0.4,2,30,accepted,S,100,Stack,Zonly,42,42,330,298,88,0.2802547770700637,0.9030303030303031,1160.1677852348994
0.4,2,30,accepted,S,100,Stack,Zonly,42,43,330,276,84,0.27722772277227725,0.8363636363636363,1123.2971014492753
0.4,2,30,accepted,S,100,Stack,Zonly,42,44,330,249,83,0.2867012089810017,0.7545454545454545,936.7871485943775
0.4,2,30,strict,P,100,Stack,Full3C,43,42,330,320,274,0.8430769230769231,0.9696969696969697,125.56249999999993
0.4,2,30,strict,P,100,Stack,Full3C,43,43,330,319,269,0.8289676425269645,0.9666666666666667,126.86520376175535
0.4,2,30,strict,P,100,Stack,Full3C,43,44,330,319,269,0.8289676425269645,0.9666666666666667,129.1849529780563
0.4,2,30,strict,P,100,Stack,Zonly,43,42,330,321,266,0.8172043010752689,0.9727272727272728,127.632398753894
0.4,2,30,strict,P,100,Stack,Zonly,43,43,330,320,262,0.8061538461538461,0.9696969696969697,130.03124999999986
0.4,2,30,strict,P,100,Stack,Zonly,43,44,330,319,265,0.8166409861325116,0.9666666666666667,128.33855799373032
0.4,2,30,strict,P,100,Stack,Full3C,44,42,330,319,266,0.8197226502311248,0.9666666666666667,102.9153605015673
0.4,2,30,strict,P,100,Stack,Full3C,44,43,330,321,269,0.82642089093702,0.9727272727272728,101.27725856697809
0.4,2,30,strict,P,100,Stack,Full3C,44,44,330,323,268,0.8208269525267994,0.9787878787878788,102.91021671826617
0.4,2,30,strict,P,100,Stack,Zonly,44,42,330,317,266,0.8222565687789799,0.9606060606060606,102.0820189274447
0.4,2,30,strict,P,100,Stack,Zonly,44,43,330,322,269,0.8251533742331288,0.9757575757575757,128.16770186335393
0.4,2,30,strict,P,100,Stack,Zonly,44,44,330,319,267,0.8228043143297381,0.9666666666666667,152.00626959247634
0.4,2,30,strict,P,100,PhaseNetMatched,Full3C,42,,330,330,324,0.9818181818181818,1.0,41.09090909090887
0.4,2,30,strict,P,100,PhaseNetMatched,Full3C,43,,330,330,325,0.9848484848484849,1.0,28.33333333333328
0.4,2,30,strict,P,100,PhaseNetMatched,Full3C,44,,330,328,323,0.9817629179331308,0.9939393939393939,33.99390243902419
0.4,2,30,strict,P,100,PhaseNetMatched,Zonly,42,,330,329,326,0.9893778452200304,0.996969696969697,18.510638297872223
0.4,2,30,strict,P,100,PhaseNetMatched,Zonly,43,,330,326,321,0.9786585365853658,0.9878787878787879,26.411042944785013
0.4,2,30,strict,P,100,PhaseNetMatched,Zonly,44,,330,328,323,0.9817629179331308,0.9939393939393939,22.804878048780363
0.4,2,30,strict,P,100,Stack,Full3C,42,42,330,322,275,0.843558282208589,0.9757575757575757,123.88198757763962
0.4,2,30,strict,P,100,Stack,Full3C,42,43,330,321,271,0.8325652841781874,0.9727272727272728,125.54517133956377
0.4,2,30,strict,P,100,Stack,Full3C,42,44,330,323,271,0.8300153139356815,0.9787878787878788,129.31888544891626
0.4,2,30,strict,P,100,Stack,Zonly,42,42,330,321,262,0.804915514592934,0.9727272727272728,130.37383177570084
0.4,2,30,strict,P,100,Stack,Zonly,42,43,330,321,263,0.8079877112135176,0.9727272727272728,132.33644859813072
0.4,2,30,strict,P,100,Stack,Zonly,42,44,330,320,260,0.8,0.9696969696969697,134.2499999999999
0.4,2,30,strict,S,100,Stack,Full3C,43,42,330,294,178,0.5705128205128205,0.8909090909090909,447.6870748299319
0.4,2,30,strict,S,100,Stack,Full3C,43,43,330,289,175,0.5654281098546042,0.8757575757575757,468.78892733564015
0.4,2,30,strict,S,100,Stack,Full3C,43,44,330,291,176,0.5668276972624798,0.8818181818181818,415.7731958762886
0.4,2,30,strict,S,100,Stack,Zonly,43,42,330,186,66,0.2558139534883721,0.5636363636363636,991.6129032258065
0.4,2,30,strict,S,100,Stack,Zonly,43,43,330,203,63,0.23639774859287055,0.6151515151515151,1105.270935960591
0.4,2,30,strict,S,100,Stack,Zonly,43,44,330,182,64,0.25,0.5515151515151515,988.7362637362637
0.4,2,30,strict,S,100,Stack,Full3C,44,42,330,310,175,0.546875,0.9393939393939394,458.0967741935484
0.4,2,30,strict,S,100,Stack,Full3C,44,43,330,297,179,0.5709728867623605,0.9,423.1986531986531
0.4,2,30,strict,S,100,Stack,Full3C,44,44,330,305,174,0.5480314960629922,0.9242424242424242,453.24590163934425
0.4,2,30,strict,S,100,Stack,Zonly,44,42,330,191,71,0.272552783109405,0.5787878787878787,647.3821989528795
0.4,2,30,strict,S,100,Stack,Zonly,44,43,330,182,68,0.265625,0.5515151515151515,570.8241758241758
0.4,2,30,strict,S,100,Stack,Zonly,44,44,330,212,73,0.2693726937269373,0.6424242424242425,577.0754716981132
0.4,2,30,strict,S,100,PhaseNetMatched,Full3C,42,,330,326,191,0.5823170731707317,0.9878787878787879,174.96932515337423
0.4,2,30,strict,S,100,PhaseNetMatched,Full3C,43,,330,320,199,0.6123076923076923,0.9696969696969697,162.99999999999997
0.4,2,30,strict,S,100,PhaseNetMatched,Full3C,44,,330,326,183,0.5579268292682927,0.9878787878787879,163.9263803680981
0.4,2,30,strict,S,100,PhaseNetMatched,Zonly,42,,330,313,95,0.2954898911353033,0.9484848484848485,453.38658146964855
0.4,2,30,strict,S,100,PhaseNetMatched,Zonly,43,,330,316,103,0.3188854489164087,0.9575757575757575,378.44936708860763
0.4,2,30,strict,S,100,PhaseNetMatched,Zonly,44,,330,305,92,0.28976377952755905,0.9242424242424242,346.6557377049181
0.4,2,30,strict,S,100,Stack,Full3C,42,42,330,306,178,0.559748427672956,0.9272727272727272,430.718954248366
0.4,2,30,strict,S,100,Stack,Full3C,42,43,330,303,170,0.5371248025276462,0.9181818181818182,531.3201320132014
0.4,2,30,strict,S,100,Stack,Full3C,42,44,330,309,177,0.5539906103286385,0.9363636363636364,447.02265372168284
0.4,2,30,strict,S,100,Stack,Zonly,42,42,330,175,63,0.2495049504950495,0.5303030303030303,583.1999999999999
0.4,2,30,strict,S,100,Stack,Zonly,42,43,330,159,62,0.25357873210633947,0.4818181818181818,683.7106918238993
0.4,2,30,strict,S,100,Stack,Zonly,42,44,330,114,53,0.23873873873873874,0.34545454545454546,460.08771929824553
0.4,2,40,accepted,P,100,Stack,Full3C,43,42,330,324,275,0.8409785932721713,0.9818181818181818,128.0864197530863
0.4,2,40,accepted,P,100,Stack,Full3C,43,43,330,325,272,0.8305343511450382,0.9848484848484849,127.16923076923064
0.4,2,40,accepted,P,100,Stack,Full3C,43,44,330,326,272,0.8292682926829268,0.9878787878787879,130.18404907975446
0.4,2,40,accepted,P,100,Stack,Zonly,43,42,330,329,268,0.8133535660091047,0.996969696969697,329.14893617021266
0.4,2,40,accepted,P,100,Stack,Zonly,43,43,330,323,265,0.8116385911179173,0.9787878787878788,129.1021671826624
0.4,2,40,accepted,P,100,Stack,Zonly,43,44,330,325,267,0.815267175572519,0.9848484848484849,129.63076923076915
0.4,2,40,accepted,P,100,Stack,Full3C,44,42,330,325,269,0.8213740458015267,0.9848484848484849,104.09230769230759
0.4,2,40,accepted,P,100,Stack,Full3C,44,43,330,322,270,0.8282208588957055,0.9757575757575757,101.27329192546573
0.4,2,40,accepted,P,100,Stack,Full3C,44,44,330,328,268,0.8145896656534954,0.9939393939393939,166.95121951219505
0.4,2,40,accepted,P,100,Stack,Zonly,44,42,330,324,267,0.8165137614678899,0.9818181818181818,127.93209876543196
0.4,2,40,accepted,P,100,Stack,Zonly,44,43,330,327,271,0.8249619482496194,0.990909090909091,189.81651376146775
0.4,2,40,accepted,P,100,Stack,Zonly,44,44,330,326,269,0.8201219512195121,0.9878787878787879,159.90797546012257
0.4,2,40,accepted,P,100,PhaseNetMatched,Full3C,42,,330,330,324,0.9818181818181818,1.0,41.09090909090887
0.4,2,40,accepted,P,100,PhaseNetMatched,Full3C,43,,330,330,325,0.9848484848484849,1.0,28.33333333333328
0.4,2,40,accepted,P,100,PhaseNetMatched,Full3C,44,,330,329,324,0.9833080424886191,0.996969696969697,33.98176291793293
0.4,2,40,accepted,P,100,PhaseNetMatched,Zonly,42,,330,330,326,0.9878787878787879,1.0,21.48484848484837
0.4,2,40,accepted,P,100,PhaseNetMatched,Zonly,43,,330,329,324,0.9833080424886191,0.996969696969697,26.504559270516463
0.4,2,40,accepted,P,100,PhaseNetMatched,Zonly,44,,330,329,323,0.9802731411229135,0.996969696969697,25.805471124619938
0.4,2,40,accepted,P,100,Stack,Full3C,42,42,330,325,276,0.8427480916030534,0.9848484848484849,126.15384615384602
0.4,2,40,accepted,P,100,Stack,Full3C,42,43,330,323,271,0.8300153139356815,0.9787878787878788,127.02786377708969
0.4,2,40,accepted,P,100,Stack,Full3C,42,44,330,329,271,0.8224582701062215,0.996969696969697,291.88449848024305
0.4,2,40,accepted,P,100,Stack,Zonly,42,42,330,328,264,0.8024316109422492,0.9939393939393939,169.54268292682917
0.4,2,40,accepted,P,100,Stack,Zonly,42,43,330,323,264,0.8085758039816233,0.9787878787878788,132.01238390092865
0.4,2,40,accepted,P,100,Stack,Zonly,42,44,330,324,264,0.8073394495412844,0.9818181818181818,133.36419753086412
0.4,2,40,accepted,S,100,Stack,Full3C,43,42,330,315,183,0.5674418604651162,0.9545454545454546,475.77777777777777
0.4,2,40,accepted,S,100,Stack,Full3C,43,43,330,319,185,0.5701078582434514,0.9666666666666667,663.385579937304
0.4,2,40,accepted,S,100,Stack,Full3C,43,44,330,322,185,0.5674846625766872,0.9757575757575757,624.0993788819876
0.4,2,40,accepted,S,100,Stack,Zonly,43,42,330,297,79,0.25199362041467305,0.9,1332.3232323232323
0.4,2,40,accepted,S,100,Stack,Zonly,43,43,330,279,76,0.24958949096880131,0.8454545454545455,1233.978494623656
0.4,2,40,accepted,S,100,Stack,Zonly,43,44,330,267,75,0.25125628140703515,0.8090909090909091,1234.0449438202247
0.4,2,40,accepted,S,100,Stack,Full3C,44,42,330,323,178,0.5451761102603369,0.9787878787878788,526.1609907120743
0.4,2,40,accepted,S,100,Stack,Full3C,44,43,330,315,181,0.5612403100775194,0.9545454545454546,529.2698412698413
0.4,2,40,accepted,S,100,Stack,Full3C,44,44,330,325,175,0.5343511450381679,0.9848484848484849,637.876923076923
0.4,2,40,accepted,S,100,Stack,Zonly,44,42,330,291,90,0.2898550724637681,0.8818181818181818,920.9621993127148
0.4,2,40,accepted,S,100,Stack,Zonly,44,43,330,291,83,0.2673107890499195,0.8818181818181818,974.9828178694158
0.4,2,40,accepted,S,100,Stack,Zonly,44,44,330,296,82,0.26198083067092653,0.896969696969697,991.6216216216217
0.4,2,40,accepted,S,100,PhaseNetMatched,Full3C,42,,330,329,191,0.5796661608497724,0.996969696969697,177.62917933130697
0.4,2,40,accepted,S,100,PhaseNetMatched,Full3C,43,,330,325,203,0.6198473282442748,0.9848484848484849,163.99999999999997
0.4,2,40,accepted,S,100,PhaseNetMatched,Full3C,44,,330,328,184,0.5592705167173252,0.9939393939393939,165.85365853658533
0.4,2,40,accepted,S,100,PhaseNetMatched,Zonly,42,,330,330,97,0.29393939393939394,1.0,602.4242424242424
0.4,2,40,accepted,S,100,PhaseNetMatched,Zonly,43,,330,325,104,0.31755725190839695,0.9848484848484849,421.78461538461545
0.4,2,40,accepted,S,100,PhaseNetMatched,Zonly,44,,330,329,94,0.2852807283763278,0.996969696969697,451.2158054711247
0.4,2,40,accepted,S,100,Stack,Full3C,42,42,330,319,180,0.5546995377503852,0.9666666666666667,494.1692789968652
0.4,2,40,accepted,S,100,Stack,Full3C,42,43,330,315,172,0.5333333333333333,0.9545454545454546,623.4603174603175
0.4,2,40,accepted,S,100,Stack,Full3C,42,44,330,320,178,0.5476923076923077,0.9696969696969697,509.75
0.4,2,40,accepted,S,100,Stack,Zonly,42,42,330,298,88,0.2802547770700637,0.9030303030303031,1160.1677852348994
0.4,2,40,accepted,S,100,Stack,Zonly,42,43,330,276,84,0.27722772277227725,0.8363636363636363,1123.2971014492753
0.4,2,40,accepted,S,100,Stack,Zonly,42,44,330,249,83,0.2867012089810017,0.7545454545454545,936.7871485943775
0.4,2,40,strict,P,100,Stack,Full3C,43,42,330,320,274,0.8430769230769231,0.9696969696969697,125.56249999999993
0.4,2,40,strict,P,100,Stack,Full3C,43,43,330,319,269,0.8289676425269645,0.9666666666666667,126.86520376175535
0.4,2,40,strict,P,100,Stack,Full3C,43,44,330,319,269,0.8289676425269645,0.9666666666666667,129.1849529780563
0.4,2,40,strict,P,100,Stack,Zonly,43,42,330,321,266,0.8172043010752689,0.9727272727272728,127.632398753894
0.4,2,40,strict,P,100,Stack,Zonly,43,43,330,320,262,0.8061538461538461,0.9696969696969697,130.03124999999986
0.4,2,40,strict,P,100,Stack,Zonly,43,44,330,319,265,0.8166409861325116,0.9666666666666667,128.33855799373032
0.4,2,40,strict,P,100,Stack,Full3C,44,42,330,319,266,0.8197226502311248,0.9666666666666667,102.9153605015673
0.4,2,40,strict,P,100,Stack,Full3C,44,43,330,321,269,0.82642089093702,0.9727272727272728,101.27725856697809
0.4,2,40,strict,P,100,Stack,Full3C,44,44,330,323,268,0.8208269525267994,0.9787878787878788,102.91021671826617
0.4,2,40,strict,P,100,Stack,Zonly,44,42,330,317,266,0.8222565687789799,0.9606060606060606,102.0820189274447
0.4,2,40,strict,P,100,Stack,Zonly,44,43,330,322,269,0.8251533742331288,0.9757575757575757,128.16770186335393
0.4,2,40,strict,P,100,Stack,Zonly,44,44,330,319,267,0.8228043143297381,0.9666666666666667,152.00626959247634
0.4,2,40,strict,P,100,PhaseNetMatched,Full3C,42,,330,330,324,0.9818181818181818,1.0,41.09090909090887
0.4,2,40,strict,P,100,PhaseNetMatched,Full3C,43,,330,330,325,0.9848484848484849,1.0,28.33333333333328
0.4,2,40,strict,P,100,PhaseNetMatched,Full3C,44,,330,328,323,0.9817629179331308,0.9939393939393939,33.99390243902419
0.4,2,40,strict,P,100,PhaseNetMatched,Zonly,42,,330,329,326,0.9893778452200304,0.996969696969697,18.510638297872223
0.4,2,40,strict,P,100,PhaseNetMatched,Zonly,43,,330,326,321,0.9786585365853658,0.9878787878787879,26.411042944785013
0.4,2,40,strict,P,100,PhaseNetMatched,Zonly,44,,330,328,323,0.9817629179331308,0.9939393939393939,22.804878048780363
0.4,2,40,strict,P,100,Stack,Full3C,42,42,330,322,275,0.843558282208589,0.9757575757575757,123.88198757763962
0.4,2,40,strict,P,100,Stack,Full3C,42,43,330,321,271,0.8325652841781874,0.9727272727272728,125.54517133956377
0.4,2,40,strict,P,100,Stack,Full3C,42,44,330,323,271,0.8300153139356815,0.9787878787878788,129.31888544891626
0.4,2,40,strict,P,100,Stack,Zonly,42,42,330,321,262,0.804915514592934,0.9727272727272728,130.37383177570084
0.4,2,40,strict,P,100,Stack,Zonly,42,43,330,321,263,0.8079877112135176,0.9727272727272728,132.33644859813072
0.4,2,40,strict,P,100,Stack,Zonly,42,44,330,320,260,0.8,0.9696969696969697,134.2499999999999
0.4,2,40,strict,S,100,Stack,Full3C,43,42,330,294,178,0.5705128205128205,0.8909090909090909,447.6870748299319
0.4,2,40,strict,S,100,Stack,Full3C,43,43,330,289,175,0.5654281098546042,0.8757575757575757,468.78892733564015
0.4,2,40,strict,S,100,Stack,Full3C,43,44,330,291,176,0.5668276972624798,0.8818181818181818,415.7731958762886
0.4,2,40,strict,S,100,Stack,Zonly,43,42,330,186,66,0.2558139534883721,0.5636363636363636,991.6129032258065
0.4,2,40,strict,S,100,Stack,Zonly,43,43,330,203,63,0.23639774859287055,0.6151515151515151,1105.270935960591
0.4,2,40,strict,S,100,Stack,Zonly,43,44,330,182,64,0.25,0.5515151515151515,988.7362637362637
0.4,2,40,strict,S,100,Stack,Full3C,44,42,330,310,175,0.546875,0.9393939393939394,458.0967741935484
0.4,2,40,strict,S,100,Stack,Full3C,44,43,330,297,179,0.5709728867623605,0.9,423.1986531986531
0.4,2,40,strict,S,100,Stack,Full3C,44,44,330,305,174,0.5480314960629922,0.9242424242424242,453.24590163934425
0.4,2,40,strict,S,100,Stack,Zonly,44,42,330,191,71,0.272552783109405,0.5787878787878787,647.3821989528795
0.4,2,40,strict,S,100,Stack,Zonly,44,43,330,182,68,0.265625,0.5515151515151515,570.8241758241758
0.4,2,40,strict,S,100,Stack,Zonly,44,44,330,212,73,0.2693726937269373,0.6424242424242425,577.0754716981132
0.4,2,40,strict,S,100,PhaseNetMatched,Full3C,42,,330,326,191,0.5823170731707317,0.9878787878787879,174.96932515337423
0.4,2,40,strict,S,100,PhaseNetMatched,Full3C,43,,330,320,199,0.6123076923076923,0.9696969696969697,162.99999999999997
0.4,2,40,strict,S,100,PhaseNetMatched,Full3C,44,,330,326,183,0.5579268292682927,0.9878787878787879,163.9263803680981
0.4,2,40,strict,S,100,PhaseNetMatched,Zonly,42,,330,313,95,0.2954898911353033,0.9484848484848485,453.38658146964855
0.4,2,40,strict,S,100,PhaseNetMatched,Zonly,43,,330,316,103,0.3188854489164087,0.9575757575757575,378.44936708860763
0.4,2,40,strict,S,100,PhaseNetMatched,Zonly,44,,330,305,92,0.28976377952755905,0.9242424242424242,346.6557377049181
0.4,2,40,strict,S,100,Stack,Full3C,42,42,330,306,178,0.559748427672956,0.9272727272727272,430.718954248366
0.4,2,40,strict,S,100,Stack,Full3C,42,43,330,303,170,0.5371248025276462,0.9181818181818182,531.3201320132014
0.4,2,40,strict,S,100,Stack,Full3C,42,44,330,309,177,0.5539906103286385,0.9363636363636364,447.02265372168284
0.4,2,40,strict,S,100,Stack,Zonly,42,42,330,175,63,0.2495049504950495,0.5303030303030303,583.1999999999999
0.4,2,40,strict,S,100,Stack,Zonly,42,43,330,159,62,0.25357873210633947,0.4818181818181818,683.7106918238993
0.4,2,40,strict,S,100,Stack,Zonly,42,44,330,114,53,0.23873873873873874,0.34545454545454546,460.08771929824553
0.4,3,20,accepted,P,100,Stack,Full3C,43,42,330,324,275,0.8409785932721713,0.9818181818181818,128.0864197530863
0.4,3,20,accepted,P,100,Stack,Full3C,43,43,330,325,272,0.8305343511450382,0.9848484848484849,127.16923076923064
0.4,3,20,accepted,P,100,Stack,Full3C,43,44,330,326,272,0.8292682926829268,0.9878787878787879,130.18404907975446
0.4,3,20,accepted,P,100,Stack,Zonly,43,42,330,329,268,0.8133535660091047,0.996969696969697,329.14893617021266
0.4,3,20,accepted,P,100,Stack,Zonly,43,43,330,323,265,0.8116385911179173,0.9787878787878788,129.1021671826624
0.4,3,20,accepted,P,100,Stack,Zonly,43,44,330,325,267,0.815267175572519,0.9848484848484849,129.63076923076915
0.4,3,20,accepted,P,100,Stack,Full3C,44,42,330,325,269,0.8213740458015267,0.9848484848484849,104.09230769230759
0.4,3,20,accepted,P,100,Stack,Full3C,44,43,330,322,270,0.8282208588957055,0.9757575757575757,101.27329192546573
0.4,3,20,accepted,P,100,Stack,Full3C,44,44,330,328,268,0.8145896656534954,0.9939393939393939,166.95121951219505
0.4,3,20,accepted,P,100,Stack,Zonly,44,42,330,324,267,0.8165137614678899,0.9818181818181818,127.93209876543196
0.4,3,20,accepted,P,100,Stack,Zonly,44,43,330,327,271,0.8249619482496194,0.990909090909091,189.81651376146775
0.4,3,20,accepted,P,100,Stack,Zonly,44,44,330,326,269,0.8201219512195121,0.9878787878787879,159.90797546012257
0.4,3,20,accepted,P,100,PhaseNetMatched,Full3C,42,,330,330,324,0.9818181818181818,1.0,41.09090909090887
0.4,3,20,accepted,P,100,PhaseNetMatched,Full3C,43,,330,330,325,0.9848484848484849,1.0,28.33333333333328
0.4,3,20,accepted,P,100,PhaseNetMatched,Full3C,44,,330,329,324,0.9833080424886191,0.996969696969697,33.98176291793293
0.4,3,20,accepted,P,100,PhaseNetMatched,Zonly,42,,330,330,326,0.9878787878787879,1.0,21.48484848484837
0.4,3,20,accepted,P,100,PhaseNetMatched,Zonly,43,,330,329,324,0.9833080424886191,0.996969696969697,26.504559270516463
0.4,3,20,accepted,P,100,PhaseNetMatched,Zonly,44,,330,329,323,0.9802731411229135,0.996969696969697,25.805471124619938
0.4,3,20,accepted,P,100,Stack,Full3C,42,42,330,325,276,0.8427480916030534,0.9848484848484849,126.15384615384602
0.4,3,20,accepted,P,100,Stack,Full3C,42,43,330,323,271,0.8300153139356815,0.9787878787878788,127.02786377708969
0.4,3,20,accepted,P,100,Stack,Full3C,42,44,330,329,271,0.8224582701062215,0.996969696969697,291.88449848024305
0.4,3,20,accepted,P,100,Stack,Zonly,42,42,330,328,264,0.8024316109422492,0.9939393939393939,169.54268292682917
0.4,3,20,accepted,P,100,Stack,Zonly,42,43,330,323,264,0.8085758039816233,0.9787878787878788,132.01238390092865
0.4,3,20,accepted,P,100,Stack,Zonly,42,44,330,324,264,0.8073394495412844,0.9818181818181818,133.36419753086412
0.4,3,20,accepted,S,100,Stack,Full3C,43,42,330,315,183,0.5674418604651162,0.9545454545454546,475.77777777777777
0.4,3,20,accepted,S,100,Stack,Full3C,43,43,330,318,185,0.5709876543209876,0.9636363636363636,569.559748427673
0.4,3,20,accepted,S,100,Stack,Full3C,43,44,330,321,185,0.5683563748079877,0.9727272727272728,540.0311526479751
0.4,3,20,accepted,S,100,Stack,Zonly,43,42,330,297,79,0.25199362041467305,0.9,1153.8383838383838
0.4,3,20,accepted,S,100,Stack,Zonly,43,43,330,279,76,0.24958949096880131,0.8454545454545455,1043.9068100358422
0.4,3,20,accepted,S,100,Stack,Zonly,43,44,330,267,75,0.25125628140703515,0.8090909090909091,1036.0674157303372
0.4,3,20,accepted,S,100,Stack,Full3C,44,42,330,323,178,0.5451761102603369,0.9787878787878788,505.75851393188856
0.4,3,20,accepted,S,100,Stack,Full3C,44,43,330,315,181,0.5612403100775194,0.9545454545454546,529.2698412698413
0.4,3,20,accepted,S,100,Stack,Full3C,44,44,330,324,175,0.5351681957186545,0.9818181818181818,557.3148148148148
0.4,3,20,accepted,S,100,Stack,Zonly,44,42,330,291,90,0.2898550724637681,0.8818181818181818,920.9621993127148
0.4,3,20,accepted,S,100,Stack,Zonly,44,43,330,291,83,0.2673107890499195,0.8818181818181818,974.9828178694158
0.4,3,20,accepted,S,100,Stack,Zonly,44,44,330,296,82,0.26198083067092653,0.896969696969697,991.6216216216217
0.4,3,20,accepted,S,100,PhaseNetMatched,Full3C,42,,330,329,191,0.5796661608497724,0.996969696969697,177.62917933130697
0.4,3,20,accepted,S,100,PhaseNetMatched,Full3C,43,,330,325,203,0.6198473282442748,0.9848484848484849,163.99999999999997
0.4,3,20,accepted,S,100,PhaseNetMatched,Full3C,44,,330,328,184,0.5592705167173252,0.9939393939393939,165.85365853658533
0.4,3,20,accepted,S,100,PhaseNetMatched,Zonly,42,,330,330,97,0.29393939393939394,1.0,602.4242424242424
0.4,3,20,accepted,S,100,PhaseNetMatched,Zonly,43,,330,325,104,0.31755725190839695,0.9848484848484849,421.78461538461545
0.4,3,20,accepted,S,100,PhaseNetMatched,Zonly,44,,330,329,94,0.2852807283763278,0.996969696969697,451.2158054711247
0.4,3,20,accepted,S,100,Stack,Full3C,42,42,330,319,180,0.5546995377503852,0.9666666666666667,494.1692789968652
0.4,3,20,accepted,S,100,Stack,Full3C,42,43,330,315,172,0.5333333333333333,0.9545454545454546,623.4603174603175
0.4,3,20,accepted,S,100,Stack,Full3C,42,44,330,320,178,0.5476923076923077,0.9696969696969697,509.75
0.4,3,20,accepted,S,100,Stack,Zonly,42,42,330,298,88,0.2802547770700637,0.9030303030303031,1114.1610738255033
0.4,3,20,accepted,S,100,Stack,Zonly,42,43,330,276,84,0.27722772277227725,0.8363636363636363,1123.2971014492753
0.4,3,20,accepted,S,100,Stack,Zonly,42,44,330,249,83,0.2867012089810017,0.7545454545454545,936.7871485943775
0.4,3,20,strict,P,100,Stack,Full3C,43,42,330,320,274,0.8430769230769231,0.9696969696969697,125.56249999999993
0.4,3,20,strict,P,100,Stack,Full3C,43,43,330,319,269,0.8289676425269645,0.9666666666666667,126.86520376175535
0.4,3,20,strict,P,100,Stack,Full3C,43,44,330,319,269,0.8289676425269645,0.9666666666666667,129.1849529780563
0.4,3,20,strict,P,100,Stack,Zonly,43,42,330,321,266,0.8172043010752689,0.9727272727272728,127.632398753894
0.4,3,20,strict,P,100,Stack,Zonly,43,43,330,320,262,0.8061538461538461,0.9696969696969697,130.03124999999986
0.4,3,20,strict,P,100,Stack,Zonly,43,44,330,319,265,0.8166409861325116,0.9666666666666667,128.33855799373032
0.4,3,20,strict,P,100,Stack,Full3C,44,42,330,319,266,0.8197226502311248,0.9666666666666667,102.9153605015673
0.4,3,20,strict,P,100,Stack,Full3C,44,43,330,321,269,0.82642089093702,0.9727272727272728,101.27725856697809
0.4,3,20,strict,P,100,Stack,Full3C,44,44,330,323,268,0.8208269525267994,0.9787878787878788,102.91021671826617
0.4,3,20,strict,P,100,Stack,Zonly,44,42,330,317,266,0.8222565687789799,0.9606060606060606,102.0820189274447
0.4,3,20,strict,P,100,Stack,Zonly,44,43,330,322,269,0.8251533742331288,0.9757575757575757,128.16770186335393
0.4,3,20,strict,P,100,Stack,Zonly,44,44,330,319,267,0.8228043143297381,0.9666666666666667,152.00626959247634
0.4,3,20,strict,P,100,PhaseNetMatched,Full3C,42,,330,330,324,0.9818181818181818,1.0,41.09090909090887
0.4,3,20,strict,P,100,PhaseNetMatched,Full3C,43,,330,330,325,0.9848484848484849,1.0,28.33333333333328
0.4,3,20,strict,P,100,PhaseNetMatched,Full3C,44,,330,328,323,0.9817629179331308,0.9939393939393939,33.99390243902419
0.4,3,20,strict,P,100,PhaseNetMatched,Zonly,42,,330,329,326,0.9893778452200304,0.996969696969697,18.510638297872223
0.4,3,20,strict,P,100,PhaseNetMatched,Zonly,43,,330,326,321,0.9786585365853658,0.9878787878787879,26.411042944785013
0.4,3,20,strict,P,100,PhaseNetMatched,Zonly,44,,330,328,323,0.9817629179331308,0.9939393939393939,22.804878048780363
0.4,3,20,strict,P,100,Stack,Full3C,42,42,330,322,275,0.843558282208589,0.9757575757575757,123.88198757763962
0.4,3,20,strict,P,100,Stack,Full3C,42,43,330,321,271,0.8325652841781874,0.9727272727272728,125.54517133956377
0.4,3,20,strict,P,100,Stack,Full3C,42,44,330,323,271,0.8300153139356815,0.9787878787878788,129.31888544891626
0.4,3,20,strict,P,100,Stack,Zonly,42,42,330,321,262,0.804915514592934,0.9727272727272728,130.37383177570084
0.4,3,20,strict,P,100,Stack,Zonly,42,43,330,321,263,0.8079877112135176,0.9727272727272728,132.33644859813072
0.4,3,20,strict,P,100,Stack,Zonly,42,44,330,320,260,0.8,0.9696969696969697,134.2499999999999
0.4,3,20,strict,S,100,Stack,Full3C,43,42,330,294,178,0.5705128205128205,0.8909090909090909,447.6870748299319
0.4,3,20,strict,S,100,Stack,Full3C,43,43,330,289,175,0.5654281098546042,0.8757575757575757,468.78892733564015
0.4,3,20,strict,S,100,Stack,Full3C,43,44,330,291,176,0.5668276972624798,0.8818181818181818,415.7731958762886
0.4,3,20,strict,S,100,Stack,Zonly,43,42,330,184,66,0.25680933852140075,0.5575757575757576,781.25
0.4,3,20,strict,S,100,Stack,Zonly,43,43,330,201,63,0.23728813559322035,0.6090909090909091,845.9203980099501
0.4,3,20,strict,S,100,Stack,Zonly,43,44,330,180,64,0.25098039215686274,0.5454545454545454,773.5555555555555
0.4,3,20,strict,S,100,Stack,Full3C,44,42,330,310,175,0.546875,0.9393939393939394,436.83870967741933
0.4,3,20,strict,S,100,Stack,Full3C,44,43,330,297,179,0.5709728867623605,0.9,423.1986531986531
0.4,3,20,strict,S,100,Stack,Full3C,44,44,330,305,174,0.5480314960629922,0.9242424242424242,436.327868852459
0.4,3,20,strict,S,100,Stack,Zonly,44,42,330,191,71,0.272552783109405,0.5787878787878787,647.3821989528795
0.4,3,20,strict,S,100,Stack,Zonly,44,43,330,182,68,0.265625,0.5515151515151515,570.8241758241758
0.4,3,20,strict,S,100,Stack,Zonly,44,44,330,212,73,0.2693726937269373,0.6424242424242425,577.0754716981132
0.4,3,20,strict,S,100,PhaseNetMatched,Full3C,42,,330,326,191,0.5823170731707317,0.9878787878787879,174.96932515337423
0.4,3,20,strict,S,100,PhaseNetMatched,Full3C,43,,330,320,199,0.6123076923076923,0.9696969696969697,162.99999999999997
0.4,3,20,strict,S,100,PhaseNetMatched,Full3C,44,,330,326,183,0.5579268292682927,0.9878787878787879,163.9263803680981
0.4,3,20,strict,S,100,PhaseNetMatched,Zonly,42,,330,313,95,0.2954898911353033,0.9484848484848485,453.38658146964855
0.4,3,20,strict,S,100,PhaseNetMatched,Zonly,43,,330,316,103,0.3188854489164087,0.9575757575757575,378.44936708860763
0.4,3,20,strict,S,100,PhaseNetMatched,Zonly,44,,330,305,92,0.28976377952755905,0.9242424242424242,346.6557377049181
0.4,3,20,strict,S,100,Stack,Full3C,42,42,330,306,178,0.559748427672956,0.9272727272727272,430.718954248366
0.4,3,20,strict,S,100,Stack,Full3C,42,43,330,303,170,0.5371248025276462,0.9181818181818182,531.3201320132014
0.4,3,20,strict,S,100,Stack,Full3C,42,44,330,309,177,0.5539906103286385,0.9363636363636364,447.02265372168284
0.4,3,20,strict,S,100,Stack,Zonly,42,42,330,175,63,0.2495049504950495,0.5303030303030303,583.1999999999999
0.4,3,20,strict,S,100,Stack,Zonly,42,43,330,159,62,0.25357873210633947,0.4818181818181818,683.7106918238993
0.4,3,20,strict,S,100,Stack,Zonly,42,44,330,114,53,0.23873873873873874,0.34545454545454546,460.08771929824553
0.4,3,30,accepted,P,100,Stack,Full3C,43,42,330,324,275,0.8409785932721713,0.9818181818181818,128.0864197530863
0.4,3,30,accepted,P,100,Stack,Full3C,43,43,330,325,272,0.8305343511450382,0.9848484848484849,127.16923076923064
0.4,3,30,accepted,P,100,Stack,Full3C,43,44,330,326,272,0.8292682926829268,0.9878787878787879,130.18404907975446
0.4,3,30,accepted,P,100,Stack,Zonly,43,42,330,329,268,0.8133535660091047,0.996969696969697,329.14893617021266
0.4,3,30,accepted,P,100,Stack,Zonly,43,43,330,323,265,0.8116385911179173,0.9787878787878788,129.1021671826624
0.4,3,30,accepted,P,100,Stack,Zonly,43,44,330,325,267,0.815267175572519,0.9848484848484849,129.63076923076915
0.4,3,30,accepted,P,100,Stack,Full3C,44,42,330,325,269,0.8213740458015267,0.9848484848484849,104.09230769230759
0.4,3,30,accepted,P,100,Stack,Full3C,44,43,330,322,270,0.8282208588957055,0.9757575757575757,101.27329192546573
0.4,3,30,accepted,P,100,Stack,Full3C,44,44,330,328,268,0.8145896656534954,0.9939393939393939,166.95121951219505
0.4,3,30,accepted,P,100,Stack,Zonly,44,42,330,324,267,0.8165137614678899,0.9818181818181818,127.93209876543196
0.4,3,30,accepted,P,100,Stack,Zonly,44,43,330,327,271,0.8249619482496194,0.990909090909091,189.81651376146775
0.4,3,30,accepted,P,100,Stack,Zonly,44,44,330,326,269,0.8201219512195121,0.9878787878787879,159.90797546012257
0.4,3,30,accepted,P,100,PhaseNetMatched,Full3C,42,,330,330,324,0.9818181818181818,1.0,41.09090909090887
0.4,3,30,accepted,P,100,PhaseNetMatched,Full3C,43,,330,330,325,0.9848484848484849,1.0,28.33333333333328
0.4,3,30,accepted,P,100,PhaseNetMatched,Full3C,44,,330,329,324,0.9833080424886191,0.996969696969697,33.98176291793293
0.4,3,30,accepted,P,100,PhaseNetMatched,Zonly,42,,330,330,326,0.9878787878787879,1.0,21.48484848484837
0.4,3,30,accepted,P,100,PhaseNetMatched,Zonly,43,,330,329,324,0.9833080424886191,0.996969696969697,26.504559270516463
0.4,3,30,accepted,P,100,PhaseNetMatched,Zonly,44,,330,329,323,0.9802731411229135,0.996969696969697,25.805471124619938
0.4,3,30,accepted,P,100,Stack,Full3C,42,42,330,325,276,0.8427480916030534,0.9848484848484849,126.15384615384602
0.4,3,30,accepted,P,100,Stack,Full3C,42,43,330,323,271,0.8300153139356815,0.9787878787878788,127.02786377708969
0.4,3,30,accepted,P,100,Stack,Full3C,42,44,330,329,271,0.8224582701062215,0.996969696969697,291.88449848024305
0.4,3,30,accepted,P,100,Stack,Zonly,42,42,330,328,264,0.8024316109422492,0.9939393939393939,169.54268292682917
0.4,3,30,accepted,P,100,Stack,Zonly,42,43,330,323,264,0.8085758039816233,0.9787878787878788,132.01238390092865
0.4,3,30,accepted,P,100,Stack,Zonly,42,44,330,324,264,0.8073394495412844,0.9818181818181818,133.36419753086412
0.4,3,30,accepted,S,100,Stack,Full3C,43,42,330,315,183,0.5674418604651162,0.9545454545454546,475.77777777777777
0.4,3,30,accepted,S,100,Stack,Full3C,43,43,330,319,185,0.5701078582434514,0.9666666666666667,663.385579937304
0.4,3,30,accepted,S,100,Stack,Full3C,43,44,330,322,185,0.5674846625766872,0.9757575757575757,624.0993788819876
0.4,3,30,accepted,S,100,Stack,Zonly,43,42,330,297,79,0.25199362041467305,0.9,1332.3232323232323
0.4,3,30,accepted,S,100,Stack,Zonly,43,43,330,279,76,0.24958949096880131,0.8454545454545455,1233.978494623656
0.4,3,30,accepted,S,100,Stack,Zonly,43,44,330,267,75,0.25125628140703515,0.8090909090909091,1234.0449438202247
0.4,3,30,accepted,S,100,Stack,Full3C,44,42,330,323,178,0.5451761102603369,0.9787878787878788,526.1609907120743
0.4,3,30,accepted,S,100,Stack,Full3C,44,43,330,315,181,0.5612403100775194,0.9545454545454546,529.2698412698413
0.4,3,30,accepted,S,100,Stack,Full3C,44,44,330,325,175,0.5343511450381679,0.9848484848484849,637.876923076923
0.4,3,30,accepted,S,100,Stack,Zonly,44,42,330,291,90,0.2898550724637681,0.8818181818181818,920.9621993127148
0.4,3,30,accepted,S,100,Stack,Zonly,44,43,330,291,83,0.2673107890499195,0.8818181818181818,974.9828178694158
0.4,3,30,accepted,S,100,Stack,Zonly,44,44,330,296,82,0.26198083067092653,0.896969696969697,991.6216216216217
0.4,3,30,accepted,S,100,PhaseNetMatched,Full3C,42,,330,329,191,0.5796661608497724,0.996969696969697,177.62917933130697
0.4,3,30,accepted,S,100,PhaseNetMatched,Full3C,43,,330,325,203,0.6198473282442748,0.9848484848484849,163.99999999999997
0.4,3,30,accepted,S,100,PhaseNetMatched,Full3C,44,,330,328,184,0.5592705167173252,0.9939393939393939,165.85365853658533
0.4,3,30,accepted,S,100,PhaseNetMatched,Zonly,42,,330,330,97,0.29393939393939394,1.0,602.4242424242424
0.4,3,30,accepted,S,100,PhaseNetMatched,Zonly,43,,330,325,104,0.31755725190839695,0.9848484848484849,421.78461538461545
0.4,3,30,accepted,S,100,PhaseNetMatched,Zonly,44,,330,329,94,0.2852807283763278,0.996969696969697,451.2158054711247
0.4,3,30,accepted,S,100,Stack,Full3C,42,42,330,319,180,0.5546995377503852,0.9666666666666667,494.1692789968652
0.4,3,30,accepted,S,100,Stack,Full3C,42,43,330,315,172,0.5333333333333333,0.9545454545454546,623.4603174603175
0.4,3,30,accepted,S,100,Stack,Full3C,42,44,330,320,178,0.5476923076923077,0.9696969696969697,509.75
0.4,3,30,accepted,S,100,Stack,Zonly,42,42,330,298,88,0.2802547770700637,0.9030303030303031,1160.1677852348994
0.4,3,30,accepted,S,100,Stack,Zonly,42,43,330,276,84,0.27722772277227725,0.8363636363636363,1123.2971014492753
0.4,3,30,accepted,S,100,Stack,Zonly,42,44,330,249,83,0.2867012089810017,0.7545454545454545,936.7871485943775
0.4,3,30,strict,P,100,Stack,Full3C,43,42,330,320,274,0.8430769230769231,0.9696969696969697,125.56249999999993
0.4,3,30,strict,P,100,Stack,Full3C,43,43,330,319,269,0.8289676425269645,0.9666666666666667,126.86520376175535
0.4,3,30,strict,P,100,Stack,Full3C,43,44,330,319,269,0.8289676425269645,0.9666666666666667,129.1849529780563
0.4,3,30,strict,P,100,Stack,Zonly,43,42,330,321,266,0.8172043010752689,0.9727272727272728,127.632398753894
0.4,3,30,strict,P,100,Stack,Zonly,43,43,330,320,262,0.8061538461538461,0.9696969696969697,130.03124999999986
0.4,3,30,strict,P,100,Stack,Zonly,43,44,330,319,265,0.8166409861325116,0.9666666666666667,128.33855799373032
0.4,3,30,strict,P,100,Stack,Full3C,44,42,330,319,266,0.8197226502311248,0.9666666666666667,102.9153605015673
0.4,3,30,strict,P,100,Stack,Full3C,44,43,330,321,269,0.82642089093702,0.9727272727272728,101.27725856697809
0.4,3,30,strict,P,100,Stack,Full3C,44,44,330,323,268,0.8208269525267994,0.9787878787878788,102.91021671826617
0.4,3,30,strict,P,100,Stack,Zonly,44,42,330,317,266,0.8222565687789799,0.9606060606060606,102.0820189274447
0.4,3,30,strict,P,100,Stack,Zonly,44,43,330,322,269,0.8251533742331288,0.9757575757575757,128.16770186335393
0.4,3,30,strict,P,100,Stack,Zonly,44,44,330,319,267,0.8228043143297381,0.9666666666666667,152.00626959247634
0.4,3,30,strict,P,100,PhaseNetMatched,Full3C,42,,330,330,324,0.9818181818181818,1.0,41.09090909090887
0.4,3,30,strict,P,100,PhaseNetMatched,Full3C,43,,330,330,325,0.9848484848484849,1.0,28.33333333333328
0.4,3,30,strict,P,100,PhaseNetMatched,Full3C,44,,330,328,323,0.9817629179331308,0.9939393939393939,33.99390243902419
0.4,3,30,strict,P,100,PhaseNetMatched,Zonly,42,,330,329,326,0.9893778452200304,0.996969696969697,18.510638297872223
0.4,3,30,strict,P,100,PhaseNetMatched,Zonly,43,,330,326,321,0.9786585365853658,0.9878787878787879,26.411042944785013
0.4,3,30,strict,P,100,PhaseNetMatched,Zonly,44,,330,328,323,0.9817629179331308,0.9939393939393939,22.804878048780363
0.4,3,30,strict,P,100,Stack,Full3C,42,42,330,322,275,0.843558282208589,0.9757575757575757,123.88198757763962
0.4,3,30,strict,P,100,Stack,Full3C,42,43,330,321,271,0.8325652841781874,0.9727272727272728,125.54517133956377
0.4,3,30,strict,P,100,Stack,Full3C,42,44,330,323,271,0.8300153139356815,0.9787878787878788,129.31888544891626
0.4,3,30,strict,P,100,Stack,Zonly,42,42,330,321,262,0.804915514592934,0.9727272727272728,130.37383177570084
0.4,3,30,strict,P,100,Stack,Zonly,42,43,330,321,263,0.8079877112135176,0.9727272727272728,132.33644859813072
0.4,3,30,strict,P,100,Stack,Zonly,42,44,330,320,260,0.8,0.9696969696969697,134.2499999999999
0.4,3,30,strict,S,100,Stack,Full3C,43,42,330,294,178,0.5705128205128205,0.8909090909090909,447.6870748299319
0.4,3,30,strict,S,100,Stack,Full3C,43,43,330,289,175,0.5654281098546042,0.8757575757575757,468.78892733564015
0.4,3,30,strict,S,100,Stack,Full3C,43,44,330,291,176,0.5668276972624798,0.8818181818181818,415.7731958762886
0.4,3,30,strict,S,100,Stack,Zonly,43,42,330,186,66,0.2558139534883721,0.5636363636363636,991.6129032258065
0.4,3,30,strict,S,100,Stack,Zonly,43,43,330,203,63,0.23639774859287055,0.6151515151515151,1105.270935960591
0.4,3,30,strict,S,100,Stack,Zonly,43,44,330,182,64,0.25,0.5515151515151515,988.7362637362637
0.4,3,30,strict,S,100,Stack,Full3C,44,42,330,310,175,0.546875,0.9393939393939394,458.0967741935484
0.4,3,30,strict,S,100,Stack,Full3C,44,43,330,297,179,0.5709728867623605,0.9,423.1986531986531
0.4,3,30,strict,S,100,Stack,Full3C,44,44,330,305,174,0.5480314960629922,0.9242424242424242,453.24590163934425
0.4,3,30,strict,S,100,Stack,Zonly,44,42,330,191,71,0.272552783109405,0.5787878787878787,647.3821989528795
0.4,3,30,strict,S,100,Stack,Zonly,44,43,330,182,68,0.265625,0.5515151515151515,570.8241758241758
0.4,3,30,strict,S,100,Stack,Zonly,44,44,330,212,73,0.2693726937269373,0.6424242424242425,577.0754716981132
0.4,3,30,strict,S,100,PhaseNetMatched,Full3C,42,,330,326,191,0.5823170731707317,0.9878787878787879,174.96932515337423
0.4,3,30,strict,S,100,PhaseNetMatched,Full3C,43,,330,320,199,0.6123076923076923,0.9696969696969697,162.99999999999997
0.4,3,30,strict,S,100,PhaseNetMatched,Full3C,44,,330,326,183,0.5579268292682927,0.9878787878787879,163.9263803680981
0.4,3,30,strict,S,100,PhaseNetMatched,Zonly,42,,330,313,95,0.2954898911353033,0.9484848484848485,453.38658146964855
0.4,3,30,strict,S,100,PhaseNetMatched,Zonly,43,,330,316,103,0.3188854489164087,0.9575757575757575,378.44936708860763
0.4,3,30,strict,S,100,PhaseNetMatched,Zonly,44,,330,305,92,0.28976377952755905,0.9242424242424242,346.6557377049181
0.4,3,30,strict,S,100,Stack,Full3C,42,42,330,306,178,0.559748427672956,0.9272727272727272,430.718954248366
0.4,3,30,strict,S,100,Stack,Full3C,42,43,330,303,170,0.5371248025276462,0.9181818181818182,531.3201320132014
0.4,3,30,strict,S,100,Stack,Full3C,42,44,330,309,177,0.5539906103286385,0.9363636363636364,447.02265372168284
0.4,3,30,strict,S,100,Stack,Zonly,42,42,330,175,63,0.2495049504950495,0.5303030303030303,583.1999999999999
0.4,3,30,strict,S,100,Stack,Zonly,42,43,330,159,62,0.25357873210633947,0.4818181818181818,683.7106918238993
0.4,3,30,strict,S,100,Stack,Zonly,42,44,330,114,53,0.23873873873873874,0.34545454545454546,460.08771929824553
0.4,3,40,accepted,P,100,Stack,Full3C,43,42,330,324,275,0.8409785932721713,0.9818181818181818,128.0864197530863
0.4,3,40,accepted,P,100,Stack,Full3C,43,43,330,325,272,0.8305343511450382,0.9848484848484849,127.16923076923064
0.4,3,40,accepted,P,100,Stack,Full3C,43,44,330,326,272,0.8292682926829268,0.9878787878787879,130.18404907975446
0.4,3,40,accepted,P,100,Stack,Zonly,43,42,330,329,268,0.8133535660091047,0.996969696969697,329.14893617021266
0.4,3,40,accepted,P,100,Stack,Zonly,43,43,330,323,265,0.8116385911179173,0.9787878787878788,129.1021671826624
0.4,3,40,accepted,P,100,Stack,Zonly,43,44,330,325,267,0.815267175572519,0.9848484848484849,129.63076923076915
0.4,3,40,accepted,P,100,Stack,Full3C,44,42,330,325,269,0.8213740458015267,0.9848484848484849,104.09230769230759
0.4,3,40,accepted,P,100,Stack,Full3C,44,43,330,322,270,0.8282208588957055,0.9757575757575757,101.27329192546573
0.4,3,40,accepted,P,100,Stack,Full3C,44,44,330,328,268,0.8145896656534954,0.9939393939393939,166.95121951219505
0.4,3,40,accepted,P,100,Stack,Zonly,44,42,330,324,267,0.8165137614678899,0.9818181818181818,127.93209876543196
0.4,3,40,accepted,P,100,Stack,Zonly,44,43,330,327,271,0.8249619482496194,0.990909090909091,189.81651376146775
0.4,3,40,accepted,P,100,Stack,Zonly,44,44,330,326,269,0.8201219512195121,0.9878787878787879,159.90797546012257
0.4,3,40,accepted,P,100,PhaseNetMatched,Full3C,42,,330,330,324,0.9818181818181818,1.0,41.09090909090887
0.4,3,40,accepted,P,100,PhaseNetMatched,Full3C,43,,330,330,325,0.9848484848484849,1.0,28.33333333333328
0.4,3,40,accepted,P,100,PhaseNetMatched,Full3C,44,,330,329,324,0.9833080424886191,0.996969696969697,33.98176291793293
0.4,3,40,accepted,P,100,PhaseNetMatched,Zonly,42,,330,330,326,0.9878787878787879,1.0,21.48484848484837
0.4,3,40,accepted,P,100,PhaseNetMatched,Zonly,43,,330,329,324,0.9833080424886191,0.996969696969697,26.504559270516463
0.4,3,40,accepted,P,100,PhaseNetMatched,Zonly,44,,330,329,323,0.9802731411229135,0.996969696969697,25.805471124619938
0.4,3,40,accepted,P,100,Stack,Full3C,42,42,330,325,276,0.8427480916030534,0.9848484848484849,126.15384615384602
0.4,3,40,accepted,P,100,Stack,Full3C,42,43,330,323,271,0.8300153139356815,0.9787878787878788,127.02786377708969
0.4,3,40,accepted,P,100,Stack,Full3C,42,44,330,329,271,0.8224582701062215,0.996969696969697,291.88449848024305
0.4,3,40,accepted,P,100,Stack,Zonly,42,42,330,328,264,0.8024316109422492,0.9939393939393939,169.54268292682917
0.4,3,40,accepted,P,100,Stack,Zonly,42,43,330,323,264,0.8085758039816233,0.9787878787878788,132.01238390092865
0.4,3,40,accepted,P,100,Stack,Zonly,42,44,330,324,264,0.8073394495412844,0.9818181818181818,133.36419753086412
0.4,3,40,accepted,S,100,Stack,Full3C,43,42,330,315,183,0.5674418604651162,0.9545454545454546,475.77777777777777
0.4,3,40,accepted,S,100,Stack,Full3C,43,43,330,319,185,0.5701078582434514,0.9666666666666667,663.385579937304
0.4,3,40,accepted,S,100,Stack,Full3C,43,44,330,322,185,0.5674846625766872,0.9757575757575757,624.0993788819876
0.4,3,40,accepted,S,100,Stack,Zonly,43,42,330,297,79,0.25199362041467305,0.9,1332.3232323232323
0.4,3,40,accepted,S,100,Stack,Zonly,43,43,330,279,76,0.24958949096880131,0.8454545454545455,1233.978494623656
0.4,3,40,accepted,S,100,Stack,Zonly,43,44,330,267,75,0.25125628140703515,0.8090909090909091,1234.0449438202247
0.4,3,40,accepted,S,100,Stack,Full3C,44,42,330,323,178,0.5451761102603369,0.9787878787878788,526.1609907120743
0.4,3,40,accepted,S,100,Stack,Full3C,44,43,330,315,181,0.5612403100775194,0.9545454545454546,529.2698412698413
0.4,3,40,accepted,S,100,Stack,Full3C,44,44,330,325,175,0.5343511450381679,0.9848484848484849,637.876923076923
0.4,3,40,accepted,S,100,Stack,Zonly,44,42,330,291,90,0.2898550724637681,0.8818181818181818,920.9621993127148
0.4,3,40,accepted,S,100,Stack,Zonly,44,43,330,291,83,0.2673107890499195,0.8818181818181818,974.9828178694158
0.4,3,40,accepted,S,100,Stack,Zonly,44,44,330,296,82,0.26198083067092653,0.896969696969697,991.6216216216217
0.4,3,40,accepted,S,100,PhaseNetMatched,Full3C,42,,330,329,191,0.5796661608497724,0.996969696969697,177.62917933130697
0.4,3,40,accepted,S,100,PhaseNetMatched,Full3C,43,,330,325,203,0.6198473282442748,0.9848484848484849,163.99999999999997
0.4,3,40,accepted,S,100,PhaseNetMatched,Full3C,44,,330,328,184,0.5592705167173252,0.9939393939393939,165.85365853658533
0.4,3,40,accepted,S,100,PhaseNetMatched,Zonly,42,,330,330,97,0.29393939393939394,1.0,602.4242424242424
0.4,3,40,accepted,S,100,PhaseNetMatched,Zonly,43,,330,325,104,0.31755725190839695,0.9848484848484849,421.78461538461545
0.4,3,40,accepted,S,100,PhaseNetMatched,Zonly,44,,330,329,94,0.2852807283763278,0.996969696969697,451.2158054711247
0.4,3,40,accepted,S,100,Stack,Full3C,42,42,330,319,180,0.5546995377503852,0.9666666666666667,494.1692789968652
0.4,3,40,accepted,S,100,Stack,Full3C,42,43,330,315,172,0.5333333333333333,0.9545454545454546,623.4603174603175
0.4,3,40,accepted,S,100,Stack,Full3C,42,44,330,320,178,0.5476923076923077,0.9696969696969697,509.75
0.4,3,40,accepted,S,100,Stack,Zonly,42,42,330,298,88,0.2802547770700637,0.9030303030303031,1160.1677852348994
0.4,3,40,accepted,S,100,Stack,Zonly,42,43,330,276,84,0.27722772277227725,0.8363636363636363,1123.2971014492753
0.4,3,40,accepted,S,100,Stack,Zonly,42,44,330,249,83,0.2867012089810017,0.7545454545454545,936.7871485943775
0.4,3,40,strict,P,100,Stack,Full3C,43,42,330,320,274,0.8430769230769231,0.9696969696969697,125.56249999999993
0.4,3,40,strict,P,100,Stack,Full3C,43,43,330,319,269,0.8289676425269645,0.9666666666666667,126.86520376175535
0.4,3,40,strict,P,100,Stack,Full3C,43,44,330,319,269,0.8289676425269645,0.9666666666666667,129.1849529780563
0.4,3,40,strict,P,100,Stack,Zonly,43,42,330,321,266,0.8172043010752689,0.9727272727272728,127.632398753894
0.4,3,40,strict,P,100,Stack,Zonly,43,43,330,320,262,0.8061538461538461,0.9696969696969697,130.03124999999986
0.4,3,40,strict,P,100,Stack,Zonly,43,44,330,319,265,0.8166409861325116,0.9666666666666667,128.33855799373032
0.4,3,40,strict,P,100,Stack,Full3C,44,42,330,319,266,0.8197226502311248,0.9666666666666667,102.9153605015673
0.4,3,40,strict,P,100,Stack,Full3C,44,43,330,321,269,0.82642089093702,0.9727272727272728,101.27725856697809
0.4,3,40,strict,P,100,Stack,Full3C,44,44,330,323,268,0.8208269525267994,0.9787878787878788,102.91021671826617
0.4,3,40,strict,P,100,Stack,Zonly,44,42,330,317,266,0.8222565687789799,0.9606060606060606,102.0820189274447
0.4,3,40,strict,P,100,Stack,Zonly,44,43,330,322,269,0.8251533742331288,0.9757575757575757,128.16770186335393
0.4,3,40,strict,P,100,Stack,Zonly,44,44,330,319,267,0.8228043143297381,0.9666666666666667,152.00626959247634
0.4,3,40,strict,P,100,PhaseNetMatched,Full3C,42,,330,330,324,0.9818181818181818,1.0,41.09090909090887
0.4,3,40,strict,P,100,PhaseNetMatched,Full3C,43,,330,330,325,0.9848484848484849,1.0,28.33333333333328
0.4,3,40,strict,P,100,PhaseNetMatched,Full3C,44,,330,328,323,0.9817629179331308,0.9939393939393939,33.99390243902419
0.4,3,40,strict,P,100,PhaseNetMatched,Zonly,42,,330,329,326,0.9893778452200304,0.996969696969697,18.510638297872223
0.4,3,40,strict,P,100,PhaseNetMatched,Zonly,43,,330,326,321,0.9786585365853658,0.9878787878787879,26.411042944785013
0.4,3,40,strict,P,100,PhaseNetMatched,Zonly,44,,330,328,323,0.9817629179331308,0.9939393939393939,22.804878048780363
0.4,3,40,strict,P,100,Stack,Full3C,42,42,330,322,275,0.843558282208589,0.9757575757575757,123.88198757763962
0.4,3,40,strict,P,100,Stack,Full3C,42,43,330,321,271,0.8325652841781874,0.9727272727272728,125.54517133956377
0.4,3,40,strict,P,100,Stack,Full3C,42,44,330,323,271,0.8300153139356815,0.9787878787878788,129.31888544891626
0.4,3,40,strict,P,100,Stack,Zonly,42,42,330,321,262,0.804915514592934,0.9727272727272728,130.37383177570084
0.4,3,40,strict,P,100,Stack,Zonly,42,43,330,321,263,0.8079877112135176,0.9727272727272728,132.33644859813072
0.4,3,40,strict,P,100,Stack,Zonly,42,44,330,320,260,0.8,0.9696969696969697,134.2499999999999
0.4,3,40,strict,S,100,Stack,Full3C,43,42,330,294,178,0.5705128205128205,0.8909090909090909,447.6870748299319
0.4,3,40,strict,S,100,Stack,Full3C,43,43,330,289,175,0.5654281098546042,0.8757575757575757,468.78892733564015
0.4,3,40,strict,S,100,Stack,Full3C,43,44,330,291,176,0.5668276972624798,0.8818181818181818,415.7731958762886
0.4,3,40,strict,S,100,Stack,Zonly,43,42,330,186,66,0.2558139534883721,0.5636363636363636,991.6129032258065
0.4,3,40,strict,S,100,Stack,Zonly,43,43,330,203,63,0.23639774859287055,0.6151515151515151,1105.270935960591
0.4,3,40,strict,S,100,Stack,Zonly,43,44,330,182,64,0.25,0.5515151515151515,988.7362637362637
0.4,3,40,strict,S,100,Stack,Full3C,44,42,330,310,175,0.546875,0.9393939393939394,458.0967741935484
0.4,3,40,strict,S,100,Stack,Full3C,44,43,330,297,179,0.5709728867623605,0.9,423.1986531986531
0.4,3,40,strict,S,100,Stack,Full3C,44,44,330,305,174,0.5480314960629922,0.9242424242424242,453.24590163934425
0.4,3,40,strict,S,100,Stack,Zonly,44,42,330,191,71,0.272552783109405,0.5787878787878787,647.3821989528795
0.4,3,40,strict,S,100,Stack,Zonly,44,43,330,182,68,0.265625,0.5515151515151515,570.8241758241758
0.4,3,40,strict,S,100,Stack,Zonly,44,44,330,212,73,0.2693726937269373,0.6424242424242425,577.0754716981132
0.4,3,40,strict,S,100,PhaseNetMatched,Full3C,42,,330,326,191,0.5823170731707317,0.9878787878787879,174.96932515337423
0.4,3,40,strict,S,100,PhaseNetMatched,Full3C,43,,330,320,199,0.6123076923076923,0.9696969696969697,162.99999999999997
0.4,3,40,strict,S,100,PhaseNetMatched,Full3C,44,,330,326,183,0.5579268292682927,0.9878787878787879,163.9263803680981
0.4,3,40,strict,S,100,PhaseNetMatched,Zonly,42,,330,313,95,0.2954898911353033,0.9484848484848485,453.38658146964855
0.4,3,40,strict,S,100,PhaseNetMatched,Zonly,43,,330,316,103,0.3188854489164087,0.9575757575757575,378.44936708860763
0.4,3,40,strict,S,100,PhaseNetMatched,Zonly,44,,330,305,92,0.28976377952755905,0.9242424242424242,346.6557377049181
0.4,3,40,strict,S,100,Stack,Full3C,42,42,330,306,178,0.559748427672956,0.9272727272727272,430.718954248366
0.4,3,40,strict,S,100,Stack,Full3C,42,43,330,303,170,0.5371248025276462,0.9181818181818182,531.3201320132014
0.4,3,40,strict,S,100,Stack,Full3C,42,44,330,309,177,0.5539906103286385,0.9363636363636364,447.02265372168284
0.4,3,40,strict,S,100,Stack,Zonly,42,42,330,175,63,0.2495049504950495,0.5303030303030303,583.1999999999999
0.4,3,40,strict,S,100,Stack,Zonly,42,43,330,159,62,0.25357873210633947,0.4818181818181818,683.7106918238993
0.4,3,40,strict,S,100,Stack,Zonly,42,44,330,114,53,0.23873873873873874,0.34545454545454546,460.08771929824553
0.4,4,20,accepted,P,100,Stack,Full3C,43,42,330,324,275,0.8409785932721713,0.9818181818181818,128.0864197530863
0.4,4,20,accepted,P,100,Stack,Full3C,43,43,330,325,272,0.8305343511450382,0.9848484848484849,127.16923076923064
0.4,4,20,accepted,P,100,Stack,Full3C,43,44,330,326,272,0.8292682926829268,0.9878787878787879,130.18404907975446
0.4,4,20,accepted,P,100,Stack,Zonly,43,42,330,329,268,0.8133535660091047,0.996969696969697,329.14893617021266
0.4,4,20,accepted,P,100,Stack,Zonly,43,43,330,323,265,0.8116385911179173,0.9787878787878788,129.1021671826624
0.4,4,20,accepted,P,100,Stack,Zonly,43,44,330,325,267,0.815267175572519,0.9848484848484849,129.63076923076915
0.4,4,20,accepted,P,100,Stack,Full3C,44,42,330,325,269,0.8213740458015267,0.9848484848484849,104.09230769230759
0.4,4,20,accepted,P,100,Stack,Full3C,44,43,330,322,270,0.8282208588957055,0.9757575757575757,101.27329192546573
0.4,4,20,accepted,P,100,Stack,Full3C,44,44,330,328,268,0.8145896656534954,0.9939393939393939,166.95121951219505
0.4,4,20,accepted,P,100,Stack,Zonly,44,42,330,324,267,0.8165137614678899,0.9818181818181818,127.93209876543196
0.4,4,20,accepted,P,100,Stack,Zonly,44,43,330,327,271,0.8249619482496194,0.990909090909091,189.81651376146775
0.4,4,20,accepted,P,100,Stack,Zonly,44,44,330,326,269,0.8201219512195121,0.9878787878787879,159.90797546012257
0.4,4,20,accepted,P,100,PhaseNetMatched,Full3C,42,,330,330,324,0.9818181818181818,1.0,41.09090909090887
0.4,4,20,accepted,P,100,PhaseNetMatched,Full3C,43,,330,330,325,0.9848484848484849,1.0,28.33333333333328
0.4,4,20,accepted,P,100,PhaseNetMatched,Full3C,44,,330,329,324,0.9833080424886191,0.996969696969697,33.98176291793293
0.4,4,20,accepted,P,100,PhaseNetMatched,Zonly,42,,330,330,326,0.9878787878787879,1.0,21.48484848484837
0.4,4,20,accepted,P,100,PhaseNetMatched,Zonly,43,,330,329,324,0.9833080424886191,0.996969696969697,26.504559270516463
0.4,4,20,accepted,P,100,PhaseNetMatched,Zonly,44,,330,329,323,0.9802731411229135,0.996969696969697,25.805471124619938
0.4,4,20,accepted,P,100,Stack,Full3C,42,42,330,325,276,0.8427480916030534,0.9848484848484849,126.15384615384602
0.4,4,20,accepted,P,100,Stack,Full3C,42,43,330,323,271,0.8300153139356815,0.9787878787878788,127.02786377708969
0.4,4,20,accepted,P,100,Stack,Full3C,42,44,330,329,271,0.8224582701062215,0.996969696969697,291.88449848024305
0.4,4,20,accepted,P,100,Stack,Zonly,42,42,330,328,264,0.8024316109422492,0.9939393939393939,169.54268292682917
0.4,4,20,accepted,P,100,Stack,Zonly,42,43,330,323,264,0.8085758039816233,0.9787878787878788,132.01238390092865
0.4,4,20,accepted,P,100,Stack,Zonly,42,44,330,324,264,0.8073394495412844,0.9818181818181818,133.36419753086412
0.4,4,20,accepted,S,100,Stack,Full3C,43,42,330,315,183,0.5674418604651162,0.9545454545454546,475.77777777777777
0.4,4,20,accepted,S,100,Stack,Full3C,43,43,330,318,185,0.5709876543209876,0.9636363636363636,569.559748427673
0.4,4,20,accepted,S,100,Stack,Full3C,43,44,330,321,185,0.5683563748079877,0.9727272727272728,540.0311526479751
0.4,4,20,accepted,S,100,Stack,Zonly,43,42,330,297,79,0.25199362041467305,0.9,1153.8383838383838
0.4,4,20,accepted,S,100,Stack,Zonly,43,43,330,279,76,0.24958949096880131,0.8454545454545455,1043.9068100358422
0.4,4,20,accepted,S,100,Stack,Zonly,43,44,330,267,75,0.25125628140703515,0.8090909090909091,1036.0674157303372
0.4,4,20,accepted,S,100,Stack,Full3C,44,42,330,323,178,0.5451761102603369,0.9787878787878788,505.75851393188856
0.4,4,20,accepted,S,100,Stack,Full3C,44,43,330,315,181,0.5612403100775194,0.9545454545454546,529.2698412698413
0.4,4,20,accepted,S,100,Stack,Full3C,44,44,330,324,175,0.5351681957186545,0.9818181818181818,557.3148148148148
0.4,4,20,accepted,S,100,Stack,Zonly,44,42,330,291,90,0.2898550724637681,0.8818181818181818,920.9621993127148
0.4,4,20,accepted,S,100,Stack,Zonly,44,43,330,291,83,0.2673107890499195,0.8818181818181818,974.9828178694158
0.4,4,20,accepted,S,100,Stack,Zonly,44,44,330,296,82,0.26198083067092653,0.896969696969697,991.6216216216217
0.4,4,20,accepted,S,100,PhaseNetMatched,Full3C,42,,330,329,191,0.5796661608497724,0.996969696969697,177.62917933130697
0.4,4,20,accepted,S,100,PhaseNetMatched,Full3C,43,,330,325,203,0.6198473282442748,0.9848484848484849,163.99999999999997
0.4,4,20,accepted,S,100,PhaseNetMatched,Full3C,44,,330,328,184,0.5592705167173252,0.9939393939393939,165.85365853658533
0.4,4,20,accepted,S,100,PhaseNetMatched,Zonly,42,,330,330,97,0.29393939393939394,1.0,602.4242424242424
0.4,4,20,accepted,S,100,PhaseNetMatched,Zonly,43,,330,325,104,0.31755725190839695,0.9848484848484849,421.78461538461545
0.4,4,20,accepted,S,100,PhaseNetMatched,Zonly,44,,330,329,94,0.2852807283763278,0.996969696969697,451.2158054711247
0.4,4,20,accepted,S,100,Stack,Full3C,42,42,330,319,180,0.5546995377503852,0.9666666666666667,494.1692789968652
0.4,4,20,accepted,S,100,Stack,Full3C,42,43,330,315,172,0.5333333333333333,0.9545454545454546,623.4603174603175
0.4,4,20,accepted,S,100,Stack,Full3C,42,44,330,320,178,0.5476923076923077,0.9696969696969697,509.75
0.4,4,20,accepted,S,100,Stack,Zonly,42,42,330,298,88,0.2802547770700637,0.9030303030303031,1114.1610738255033
0.4,4,20,accepted,S,100,Stack,Zonly,42,43,330,276,84,0.27722772277227725,0.8363636363636363,1123.2971014492753
0.4,4,20,accepted,S,100,Stack,Zonly,42,44,330,249,83,0.2867012089810017,0.7545454545454545,936.7871485943775
0.4,4,20,strict,P,100,Stack,Full3C,43,42,330,320,274,0.8430769230769231,0.9696969696969697,125.56249999999993
0.4,4,20,strict,P,100,Stack,Full3C,43,43,330,319,269,0.8289676425269645,0.9666666666666667,126.86520376175535
0.4,4,20,strict,P,100,Stack,Full3C,43,44,330,319,269,0.8289676425269645,0.9666666666666667,129.1849529780563
0.4,4,20,strict,P,100,Stack,Zonly,43,42,330,321,266,0.8172043010752689,0.9727272727272728,127.632398753894
0.4,4,20,strict,P,100,Stack,Zonly,43,43,330,320,262,0.8061538461538461,0.9696969696969697,130.03124999999986
0.4,4,20,strict,P,100,Stack,Zonly,43,44,330,319,265,0.8166409861325116,0.9666666666666667,128.33855799373032
0.4,4,20,strict,P,100,Stack,Full3C,44,42,330,319,266,0.8197226502311248,0.9666666666666667,102.9153605015673
0.4,4,20,strict,P,100,Stack,Full3C,44,43,330,321,269,0.82642089093702,0.9727272727272728,101.27725856697809
0.4,4,20,strict,P,100,Stack,Full3C,44,44,330,323,268,0.8208269525267994,0.9787878787878788,102.91021671826617
0.4,4,20,strict,P,100,Stack,Zonly,44,42,330,317,266,0.8222565687789799,0.9606060606060606,102.0820189274447
0.4,4,20,strict,P,100,Stack,Zonly,44,43,330,322,269,0.8251533742331288,0.9757575757575757,128.16770186335393
0.4,4,20,strict,P,100,Stack,Zonly,44,44,330,319,267,0.8228043143297381,0.9666666666666667,152.00626959247634
0.4,4,20,strict,P,100,PhaseNetMatched,Full3C,42,,330,330,324,0.9818181818181818,1.0,41.09090909090887
0.4,4,20,strict,P,100,PhaseNetMatched,Full3C,43,,330,330,325,0.9848484848484849,1.0,28.33333333333328
0.4,4,20,strict,P,100,PhaseNetMatched,Full3C,44,,330,328,323,0.9817629179331308,0.9939393939393939,33.99390243902419
0.4,4,20,strict,P,100,PhaseNetMatched,Zonly,42,,330,329,326,0.9893778452200304,0.996969696969697,18.510638297872223
0.4,4,20,strict,P,100,PhaseNetMatched,Zonly,43,,330,326,321,0.9786585365853658,0.9878787878787879,26.411042944785013
0.4,4,20,strict,P,100,PhaseNetMatched,Zonly,44,,330,328,323,0.9817629179331308,0.9939393939393939,22.804878048780363
0.4,4,20,strict,P,100,Stack,Full3C,42,42,330,322,275,0.843558282208589,0.9757575757575757,123.88198757763962
0.4,4,20,strict,P,100,Stack,Full3C,42,43,330,321,271,0.8325652841781874,0.9727272727272728,125.54517133956377
0.4,4,20,strict,P,100,Stack,Full3C,42,44,330,323,271,0.8300153139356815,0.9787878787878788,129.31888544891626
0.4,4,20,strict,P,100,Stack,Zonly,42,42,330,321,262,0.804915514592934,0.9727272727272728,130.37383177570084
0.4,4,20,strict,P,100,Stack,Zonly,42,43,330,321,263,0.8079877112135176,0.9727272727272728,132.33644859813072
0.4,4,20,strict,P,100,Stack,Zonly,42,44,330,320,260,0.8,0.9696969696969697,134.2499999999999
0.4,4,20,strict,S,100,Stack,Full3C,43,42,330,294,178,0.5705128205128205,0.8909090909090909,447.6870748299319
0.4,4,20,strict,S,100,Stack,Full3C,43,43,330,289,175,0.5654281098546042,0.8757575757575757,468.78892733564015
0.4,4,20,strict,S,100,Stack,Full3C,43,44,330,291,176,0.5668276972624798,0.8818181818181818,415.7731958762886
0.4,4,20,strict,S,100,Stack,Zonly,43,42,330,183,66,0.2573099415204678,0.5545454545454546,781.5846994535519
0.4,4,20,strict,S,100,Stack,Zonly,43,43,330,201,63,0.23728813559322035,0.6090909090909091,845.9203980099501
0.4,4,20,strict,S,100,Stack,Zonly,43,44,330,180,64,0.25098039215686274,0.5454545454545454,773.5555555555555
0.4,4,20,strict,S,100,Stack,Full3C,44,42,330,310,175,0.546875,0.9393939393939394,436.83870967741933
0.4,4,20,strict,S,100,Stack,Full3C,44,43,330,297,179,0.5709728867623605,0.9,423.1986531986531
0.4,4,20,strict,S,100,Stack,Full3C,44,44,330,305,174,0.5480314960629922,0.9242424242424242,436.327868852459
0.4,4,20,strict,S,100,Stack,Zonly,44,42,330,191,71,0.272552783109405,0.5787878787878787,647.3821989528795
0.4,4,20,strict,S,100,Stack,Zonly,44,43,330,182,68,0.265625,0.5515151515151515,570.8241758241758
0.4,4,20,strict,S,100,Stack,Zonly,44,44,330,212,73,0.2693726937269373,0.6424242424242425,577.0754716981132
0.4,4,20,strict,S,100,PhaseNetMatched,Full3C,42,,330,326,191,0.5823170731707317,0.9878787878787879,174.96932515337423
0.4,4,20,strict,S,100,PhaseNetMatched,Full3C,43,,330,320,199,0.6123076923076923,0.9696969696969697,162.99999999999997
0.4,4,20,strict,S,100,PhaseNetMatched,Full3C,44,,330,326,183,0.5579268292682927,0.9878787878787879,163.9263803680981
0.4,4,20,strict,S,100,PhaseNetMatched,Zonly,42,,330,313,95,0.2954898911353033,0.9484848484848485,453.38658146964855
0.4,4,20,strict,S,100,PhaseNetMatched,Zonly,43,,330,316,103,0.3188854489164087,0.9575757575757575,378.44936708860763
0.4,4,20,strict,S,100,PhaseNetMatched,Zonly,44,,330,305,92,0.28976377952755905,0.9242424242424242,346.6557377049181
0.4,4,20,strict,S,100,Stack,Full3C,42,42,330,306,178,0.559748427672956,0.9272727272727272,430.718954248366
0.4,4,20,strict,S,100,Stack,Full3C,42,43,330,303,170,0.5371248025276462,0.9181818181818182,531.3201320132014
0.4,4,20,strict,S,100,Stack,Full3C,42,44,330,309,177,0.5539906103286385,0.9363636363636364,447.02265372168284
0.4,4,20,strict,S,100,Stack,Zonly,42,42,330,175,63,0.2495049504950495,0.5303030303030303,583.1999999999999
0.4,4,20,strict,S,100,Stack,Zonly,42,43,330,159,62,0.25357873210633947,0.4818181818181818,683.7106918238993
0.4,4,20,strict,S,100,Stack,Zonly,42,44,330,114,53,0.23873873873873874,0.34545454545454546,460.08771929824553
0.4,4,30,accepted,P,100,Stack,Full3C,43,42,330,324,275,0.8409785932721713,0.9818181818181818,128.0864197530863
0.4,4,30,accepted,P,100,Stack,Full3C,43,43,330,325,272,0.8305343511450382,0.9848484848484849,127.16923076923064
0.4,4,30,accepted,P,100,Stack,Full3C,43,44,330,326,272,0.8292682926829268,0.9878787878787879,130.18404907975446
0.4,4,30,accepted,P,100,Stack,Zonly,43,42,330,329,268,0.8133535660091047,0.996969696969697,329.14893617021266
0.4,4,30,accepted,P,100,Stack,Zonly,43,43,330,323,265,0.8116385911179173,0.9787878787878788,129.1021671826624
0.4,4,30,accepted,P,100,Stack,Zonly,43,44,330,325,267,0.815267175572519,0.9848484848484849,129.63076923076915
0.4,4,30,accepted,P,100,Stack,Full3C,44,42,330,325,269,0.8213740458015267,0.9848484848484849,104.09230769230759
0.4,4,30,accepted,P,100,Stack,Full3C,44,43,330,322,270,0.8282208588957055,0.9757575757575757,101.27329192546573
0.4,4,30,accepted,P,100,Stack,Full3C,44,44,330,328,268,0.8145896656534954,0.9939393939393939,166.95121951219505
0.4,4,30,accepted,P,100,Stack,Zonly,44,42,330,324,267,0.8165137614678899,0.9818181818181818,127.93209876543196
0.4,4,30,accepted,P,100,Stack,Zonly,44,43,330,327,271,0.8249619482496194,0.990909090909091,189.81651376146775
0.4,4,30,accepted,P,100,Stack,Zonly,44,44,330,326,269,0.8201219512195121,0.9878787878787879,159.90797546012257
0.4,4,30,accepted,P,100,PhaseNetMatched,Full3C,42,,330,330,324,0.9818181818181818,1.0,41.09090909090887
0.4,4,30,accepted,P,100,PhaseNetMatched,Full3C,43,,330,330,325,0.9848484848484849,1.0,28.33333333333328
0.4,4,30,accepted,P,100,PhaseNetMatched,Full3C,44,,330,329,324,0.9833080424886191,0.996969696969697,33.98176291793293
0.4,4,30,accepted,P,100,PhaseNetMatched,Zonly,42,,330,330,326,0.9878787878787879,1.0,21.48484848484837
0.4,4,30,accepted,P,100,PhaseNetMatched,Zonly,43,,330,329,324,0.9833080424886191,0.996969696969697,26.504559270516463
0.4,4,30,accepted,P,100,PhaseNetMatched,Zonly,44,,330,329,323,0.9802731411229135,0.996969696969697,25.805471124619938
0.4,4,30,accepted,P,100,Stack,Full3C,42,42,330,325,276,0.8427480916030534,0.9848484848484849,126.15384615384602
0.4,4,30,accepted,P,100,Stack,Full3C,42,43,330,323,271,0.8300153139356815,0.9787878787878788,127.02786377708969
0.4,4,30,accepted,P,100,Stack,Full3C,42,44,330,329,271,0.8224582701062215,0.996969696969697,291.88449848024305
0.4,4,30,accepted,P,100,Stack,Zonly,42,42,330,328,264,0.8024316109422492,0.9939393939393939,169.54268292682917
0.4,4,30,accepted,P,100,Stack,Zonly,42,43,330,323,264,0.8085758039816233,0.9787878787878788,132.01238390092865
0.4,4,30,accepted,P,100,Stack,Zonly,42,44,330,324,264,0.8073394495412844,0.9818181818181818,133.36419753086412
0.4,4,30,accepted,S,100,Stack,Full3C,43,42,330,315,183,0.5674418604651162,0.9545454545454546,475.77777777777777
0.4,4,30,accepted,S,100,Stack,Full3C,43,43,330,319,185,0.5701078582434514,0.9666666666666667,663.385579937304
0.4,4,30,accepted,S,100,Stack,Full3C,43,44,330,322,185,0.5674846625766872,0.9757575757575757,624.0993788819876
0.4,4,30,accepted,S,100,Stack,Zonly,43,42,330,297,79,0.25199362041467305,0.9,1332.3232323232323
0.4,4,30,accepted,S,100,Stack,Zonly,43,43,330,279,76,0.24958949096880131,0.8454545454545455,1233.978494623656
0.4,4,30,accepted,S,100,Stack,Zonly,43,44,330,267,75,0.25125628140703515,0.8090909090909091,1234.0449438202247
0.4,4,30,accepted,S,100,Stack,Full3C,44,42,330,323,178,0.5451761102603369,0.9787878787878788,526.1609907120743
0.4,4,30,accepted,S,100,Stack,Full3C,44,43,330,315,181,0.5612403100775194,0.9545454545454546,529.2698412698413
0.4,4,30,accepted,S,100,Stack,Full3C,44,44,330,325,175,0.5343511450381679,0.9848484848484849,637.876923076923
0.4,4,30,accepted,S,100,Stack,Zonly,44,42,330,291,90,0.2898550724637681,0.8818181818181818,920.9621993127148
0.4,4,30,accepted,S,100,Stack,Zonly,44,43,330,291,83,0.2673107890499195,0.8818181818181818,974.9828178694158
0.4,4,30,accepted,S,100,Stack,Zonly,44,44,330,296,82,0.26198083067092653,0.896969696969697,991.6216216216217
0.4,4,30,accepted,S,100,PhaseNetMatched,Full3C,42,,330,329,191,0.5796661608497724,0.996969696969697,177.62917933130697
0.4,4,30,accepted,S,100,PhaseNetMatched,Full3C,43,,330,325,203,0.6198473282442748,0.9848484848484849,163.99999999999997
0.4,4,30,accepted,S,100,PhaseNetMatched,Full3C,44,,330,328,184,0.5592705167173252,0.9939393939393939,165.85365853658533
0.4,4,30,accepted,S,100,PhaseNetMatched,Zonly,42,,330,330,97,0.29393939393939394,1.0,602.4242424242424
0.4,4,30,accepted,S,100,PhaseNetMatched,Zonly,43,,330,325,104,0.31755725190839695,0.9848484848484849,421.78461538461545
0.4,4,30,accepted,S,100,PhaseNetMatched,Zonly,44,,330,329,94,0.2852807283763278,0.996969696969697,451.2158054711247
0.4,4,30,accepted,S,100,Stack,Full3C,42,42,330,319,180,0.5546995377503852,0.9666666666666667,494.1692789968652
0.4,4,30,accepted,S,100,Stack,Full3C,42,43,330,315,172,0.5333333333333333,0.9545454545454546,623.4603174603175
0.4,4,30,accepted,S,100,Stack,Full3C,42,44,330,320,178,0.5476923076923077,0.9696969696969697,509.75
0.4,4,30,accepted,S,100,Stack,Zonly,42,42,330,298,88,0.2802547770700637,0.9030303030303031,1160.1677852348994
0.4,4,30,accepted,S,100,Stack,Zonly,42,43,330,276,84,0.27722772277227725,0.8363636363636363,1123.2971014492753
0.4,4,30,accepted,S,100,Stack,Zonly,42,44,330,249,83,0.2867012089810017,0.7545454545454545,936.7871485943775
0.4,4,30,strict,P,100,Stack,Full3C,43,42,330,320,274,0.8430769230769231,0.9696969696969697,125.56249999999993
0.4,4,30,strict,P,100,Stack,Full3C,43,43,330,319,269,0.8289676425269645,0.9666666666666667,126.86520376175535
0.4,4,30,strict,P,100,Stack,Full3C,43,44,330,319,269,0.8289676425269645,0.9666666666666667,129.1849529780563
0.4,4,30,strict,P,100,Stack,Zonly,43,42,330,321,266,0.8172043010752689,0.9727272727272728,127.632398753894
0.4,4,30,strict,P,100,Stack,Zonly,43,43,330,320,262,0.8061538461538461,0.9696969696969697,130.03124999999986
0.4,4,30,strict,P,100,Stack,Zonly,43,44,330,319,265,0.8166409861325116,0.9666666666666667,128.33855799373032
0.4,4,30,strict,P,100,Stack,Full3C,44,42,330,319,266,0.8197226502311248,0.9666666666666667,102.9153605015673
0.4,4,30,strict,P,100,Stack,Full3C,44,43,330,321,269,0.82642089093702,0.9727272727272728,101.27725856697809
0.4,4,30,strict,P,100,Stack,Full3C,44,44,330,323,268,0.8208269525267994,0.9787878787878788,102.91021671826617
0.4,4,30,strict,P,100,Stack,Zonly,44,42,330,317,266,0.8222565687789799,0.9606060606060606,102.0820189274447
0.4,4,30,strict,P,100,Stack,Zonly,44,43,330,322,269,0.8251533742331288,0.9757575757575757,128.16770186335393
0.4,4,30,strict,P,100,Stack,Zonly,44,44,330,319,267,0.8228043143297381,0.9666666666666667,152.00626959247634
0.4,4,30,strict,P,100,PhaseNetMatched,Full3C,42,,330,330,324,0.9818181818181818,1.0,41.09090909090887
0.4,4,30,strict,P,100,PhaseNetMatched,Full3C,43,,330,330,325,0.9848484848484849,1.0,28.33333333333328
0.4,4,30,strict,P,100,PhaseNetMatched,Full3C,44,,330,328,323,0.9817629179331308,0.9939393939393939,33.99390243902419
0.4,4,30,strict,P,100,PhaseNetMatched,Zonly,42,,330,329,326,0.9893778452200304,0.996969696969697,18.510638297872223
0.4,4,30,strict,P,100,PhaseNetMatched,Zonly,43,,330,326,321,0.9786585365853658,0.9878787878787879,26.411042944785013
0.4,4,30,strict,P,100,PhaseNetMatched,Zonly,44,,330,328,323,0.9817629179331308,0.9939393939393939,22.804878048780363
0.4,4,30,strict,P,100,Stack,Full3C,42,42,330,322,275,0.843558282208589,0.9757575757575757,123.88198757763962
0.4,4,30,strict,P,100,Stack,Full3C,42,43,330,321,271,0.8325652841781874,0.9727272727272728,125.54517133956377
0.4,4,30,strict,P,100,Stack,Full3C,42,44,330,323,271,0.8300153139356815,0.9787878787878788,129.31888544891626
0.4,4,30,strict,P,100,Stack,Zonly,42,42,330,321,262,0.804915514592934,0.9727272727272728,130.37383177570084
0.4,4,30,strict,P,100,Stack,Zonly,42,43,330,321,263,0.8079877112135176,0.9727272727272728,132.33644859813072
0.4,4,30,strict,P,100,Stack,Zonly,42,44,330,320,260,0.8,0.9696969696969697,134.2499999999999
0.4,4,30,strict,S,100,Stack,Full3C,43,42,330,294,178,0.5705128205128205,0.8909090909090909,447.6870748299319
0.4,4,30,strict,S,100,Stack,Full3C,43,43,330,289,175,0.5654281098546042,0.8757575757575757,468.78892733564015
0.4,4,30,strict,S,100,Stack,Full3C,43,44,330,291,176,0.5668276972624798,0.8818181818181818,415.7731958762886
0.4,4,30,strict,S,100,Stack,Zonly,43,42,330,186,66,0.2558139534883721,0.5636363636363636,991.6129032258065
0.4,4,30,strict,S,100,Stack,Zonly,43,43,330,203,63,0.23639774859287055,0.6151515151515151,1105.270935960591
0.4,4,30,strict,S,100,Stack,Zonly,43,44,330,182,64,0.25,0.5515151515151515,988.7362637362637
0.4,4,30,strict,S,100,Stack,Full3C,44,42,330,310,175,0.546875,0.9393939393939394,458.0967741935484
0.4,4,30,strict,S,100,Stack,Full3C,44,43,330,297,179,0.5709728867623605,0.9,423.1986531986531
0.4,4,30,strict,S,100,Stack,Full3C,44,44,330,305,174,0.5480314960629922,0.9242424242424242,453.24590163934425
0.4,4,30,strict,S,100,Stack,Zonly,44,42,330,191,71,0.272552783109405,0.5787878787878787,647.3821989528795
0.4,4,30,strict,S,100,Stack,Zonly,44,43,330,182,68,0.265625,0.5515151515151515,570.8241758241758
0.4,4,30,strict,S,100,Stack,Zonly,44,44,330,212,73,0.2693726937269373,0.6424242424242425,577.0754716981132
0.4,4,30,strict,S,100,PhaseNetMatched,Full3C,42,,330,326,191,0.5823170731707317,0.9878787878787879,174.96932515337423
0.4,4,30,strict,S,100,PhaseNetMatched,Full3C,43,,330,320,199,0.6123076923076923,0.9696969696969697,162.99999999999997
0.4,4,30,strict,S,100,PhaseNetMatched,Full3C,44,,330,326,183,0.5579268292682927,0.9878787878787879,163.9263803680981
0.4,4,30,strict,S,100,PhaseNetMatched,Zonly,42,,330,313,95,0.2954898911353033,0.9484848484848485,453.38658146964855
0.4,4,30,strict,S,100,PhaseNetMatched,Zonly,43,,330,316,103,0.3188854489164087,0.9575757575757575,378.44936708860763
0.4,4,30,strict,S,100,PhaseNetMatched,Zonly,44,,330,305,92,0.28976377952755905,0.9242424242424242,346.6557377049181
0.4,4,30,strict,S,100,Stack,Full3C,42,42,330,306,178,0.559748427672956,0.9272727272727272,430.718954248366
0.4,4,30,strict,S,100,Stack,Full3C,42,43,330,303,170,0.5371248025276462,0.9181818181818182,531.3201320132014
0.4,4,30,strict,S,100,Stack,Full3C,42,44,330,309,177,0.5539906103286385,0.9363636363636364,447.02265372168284
0.4,4,30,strict,S,100,Stack,Zonly,42,42,330,175,63,0.2495049504950495,0.5303030303030303,583.1999999999999
0.4,4,30,strict,S,100,Stack,Zonly,42,43,330,159,62,0.25357873210633947,0.4818181818181818,683.7106918238993
0.4,4,30,strict,S,100,Stack,Zonly,42,44,330,114,53,0.23873873873873874,0.34545454545454546,460.08771929824553
0.4,4,40,accepted,P,100,Stack,Full3C,43,42,330,324,275,0.8409785932721713,0.9818181818181818,128.0864197530863
0.4,4,40,accepted,P,100,Stack,Full3C,43,43,330,325,272,0.8305343511450382,0.9848484848484849,127.16923076923064
0.4,4,40,accepted,P,100,Stack,Full3C,43,44,330,326,272,0.8292682926829268,0.9878787878787879,130.18404907975446
0.4,4,40,accepted,P,100,Stack,Zonly,43,42,330,329,268,0.8133535660091047,0.996969696969697,329.14893617021266
0.4,4,40,accepted,P,100,Stack,Zonly,43,43,330,323,265,0.8116385911179173,0.9787878787878788,129.1021671826624
0.4,4,40,accepted,P,100,Stack,Zonly,43,44,330,325,267,0.815267175572519,0.9848484848484849,129.63076923076915
0.4,4,40,accepted,P,100,Stack,Full3C,44,42,330,325,269,0.8213740458015267,0.9848484848484849,104.09230769230759
0.4,4,40,accepted,P,100,Stack,Full3C,44,43,330,322,270,0.8282208588957055,0.9757575757575757,101.27329192546573
0.4,4,40,accepted,P,100,Stack,Full3C,44,44,330,328,268,0.8145896656534954,0.9939393939393939,166.95121951219505
0.4,4,40,accepted,P,100,Stack,Zonly,44,42,330,324,267,0.8165137614678899,0.9818181818181818,127.93209876543196
0.4,4,40,accepted,P,100,Stack,Zonly,44,43,330,327,271,0.8249619482496194,0.990909090909091,189.81651376146775
0.4,4,40,accepted,P,100,Stack,Zonly,44,44,330,326,269,0.8201219512195121,0.9878787878787879,159.90797546012257
0.4,4,40,accepted,P,100,PhaseNetMatched,Full3C,42,,330,330,324,0.9818181818181818,1.0,41.09090909090887
0.4,4,40,accepted,P,100,PhaseNetMatched,Full3C,43,,330,330,325,0.9848484848484849,1.0,28.33333333333328
0.4,4,40,accepted,P,100,PhaseNetMatched,Full3C,44,,330,329,324,0.9833080424886191,0.996969696969697,33.98176291793293
0.4,4,40,accepted,P,100,PhaseNetMatched,Zonly,42,,330,330,326,0.9878787878787879,1.0,21.48484848484837
0.4,4,40,accepted,P,100,PhaseNetMatched,Zonly,43,,330,329,324,0.9833080424886191,0.996969696969697,26.504559270516463
0.4,4,40,accepted,P,100,PhaseNetMatched,Zonly,44,,330,329,323,0.9802731411229135,0.996969696969697,25.805471124619938
0.4,4,40,accepted,P,100,Stack,Full3C,42,42,330,325,276,0.8427480916030534,0.9848484848484849,126.15384615384602
0.4,4,40,accepted,P,100,Stack,Full3C,42,43,330,323,271,0.8300153139356815,0.9787878787878788,127.02786377708969
0.4,4,40,accepted,P,100,Stack,Full3C,42,44,330,329,271,0.8224582701062215,0.996969696969697,291.88449848024305
0.4,4,40,accepted,P,100,Stack,Zonly,42,42,330,328,264,0.8024316109422492,0.9939393939393939,169.54268292682917
0.4,4,40,accepted,P,100,Stack,Zonly,42,43,330,323,264,0.8085758039816233,0.9787878787878788,132.01238390092865
0.4,4,40,accepted,P,100,Stack,Zonly,42,44,330,324,264,0.8073394495412844,0.9818181818181818,133.36419753086412
0.4,4,40,accepted,S,100,Stack,Full3C,43,42,330,315,183,0.5674418604651162,0.9545454545454546,475.77777777777777
0.4,4,40,accepted,S,100,Stack,Full3C,43,43,330,319,185,0.5701078582434514,0.9666666666666667,663.385579937304
0.4,4,40,accepted,S,100,Stack,Full3C,43,44,330,322,185,0.5674846625766872,0.9757575757575757,624.0993788819876
0.4,4,40,accepted,S,100,Stack,Zonly,43,42,330,297,79,0.25199362041467305,0.9,1332.3232323232323
0.4,4,40,accepted,S,100,Stack,Zonly,43,43,330,279,76,0.24958949096880131,0.8454545454545455,1233.978494623656
0.4,4,40,accepted,S,100,Stack,Zonly,43,44,330,267,75,0.25125628140703515,0.8090909090909091,1234.0449438202247
0.4,4,40,accepted,S,100,Stack,Full3C,44,42,330,323,178,0.5451761102603369,0.9787878787878788,526.1609907120743
0.4,4,40,accepted,S,100,Stack,Full3C,44,43,330,315,181,0.5612403100775194,0.9545454545454546,529.2698412698413
0.4,4,40,accepted,S,100,Stack,Full3C,44,44,330,325,175,0.5343511450381679,0.9848484848484849,637.876923076923
0.4,4,40,accepted,S,100,Stack,Zonly,44,42,330,291,90,0.2898550724637681,0.8818181818181818,920.9621993127148
0.4,4,40,accepted,S,100,Stack,Zonly,44,43,330,291,83,0.2673107890499195,0.8818181818181818,974.9828178694158
0.4,4,40,accepted,S,100,Stack,Zonly,44,44,330,296,82,0.26198083067092653,0.896969696969697,991.6216216216217
0.4,4,40,accepted,S,100,PhaseNetMatched,Full3C,42,,330,329,191,0.5796661608497724,0.996969696969697,177.62917933130697
0.4,4,40,accepted,S,100,PhaseNetMatched,Full3C,43,,330,325,203,0.6198473282442748,0.9848484848484849,163.99999999999997
0.4,4,40,accepted,S,100,PhaseNetMatched,Full3C,44,,330,328,184,0.5592705167173252,0.9939393939393939,165.85365853658533
0.4,4,40,accepted,S,100,PhaseNetMatched,Zonly,42,,330,330,97,0.29393939393939394,1.0,602.4242424242424
0.4,4,40,accepted,S,100,PhaseNetMatched,Zonly,43,,330,325,104,0.31755725190839695,0.9848484848484849,421.78461538461545
0.4,4,40,accepted,S,100,PhaseNetMatched,Zonly,44,,330,329,94,0.2852807283763278,0.996969696969697,451.2158054711247
0.4,4,40,accepted,S,100,Stack,Full3C,42,42,330,319,180,0.5546995377503852,0.9666666666666667,494.1692789968652
0.4,4,40,accepted,S,100,Stack,Full3C,42,43,330,315,172,0.5333333333333333,0.9545454545454546,623.4603174603175
0.4,4,40,accepted,S,100,Stack,Full3C,42,44,330,320,178,0.5476923076923077,0.9696969696969697,509.75
0.4,4,40,accepted,S,100,Stack,Zonly,42,42,330,298,88,0.2802547770700637,0.9030303030303031,1160.1677852348994
0.4,4,40,accepted,S,100,Stack,Zonly,42,43,330,276,84,0.27722772277227725,0.8363636363636363,1123.2971014492753
0.4,4,40,accepted,S,100,Stack,Zonly,42,44,330,249,83,0.2867012089810017,0.7545454545454545,936.7871485943775
0.4,4,40,strict,P,100,Stack,Full3C,43,42,330,320,274,0.8430769230769231,0.9696969696969697,125.56249999999993
0.4,4,40,strict,P,100,Stack,Full3C,43,43,330,319,269,0.8289676425269645,0.9666666666666667,126.86520376175535
0.4,4,40,strict,P,100,Stack,Full3C,43,44,330,319,269,0.8289676425269645,0.9666666666666667,129.1849529780563
0.4,4,40,strict,P,100,Stack,Zonly,43,42,330,321,266,0.8172043010752689,0.9727272727272728,127.632398753894
0.4,4,40,strict,P,100,Stack,Zonly,43,43,330,320,262,0.8061538461538461,0.9696969696969697,130.03124999999986
0.4,4,40,strict,P,100,Stack,Zonly,43,44,330,319,265,0.8166409861325116,0.9666666666666667,128.33855799373032
0.4,4,40,strict,P,100,Stack,Full3C,44,42,330,319,266,0.8197226502311248,0.9666666666666667,102.9153605015673
0.4,4,40,strict,P,100,Stack,Full3C,44,43,330,321,269,0.82642089093702,0.9727272727272728,101.27725856697809
0.4,4,40,strict,P,100,Stack,Full3C,44,44,330,323,268,0.8208269525267994,0.9787878787878788,102.91021671826617
0.4,4,40,strict,P,100,Stack,Zonly,44,42,330,317,266,0.8222565687789799,0.9606060606060606,102.0820189274447
0.4,4,40,strict,P,100,Stack,Zonly,44,43,330,322,269,0.8251533742331288,0.9757575757575757,128.16770186335393
0.4,4,40,strict,P,100,Stack,Zonly,44,44,330,319,267,0.8228043143297381,0.9666666666666667,152.00626959247634
0.4,4,40,strict,P,100,PhaseNetMatched,Full3C,42,,330,330,324,0.9818181818181818,1.0,41.09090909090887
0.4,4,40,strict,P,100,PhaseNetMatched,Full3C,43,,330,330,325,0.9848484848484849,1.0,28.33333333333328
0.4,4,40,strict,P,100,PhaseNetMatched,Full3C,44,,330,328,323,0.9817629179331308,0.9939393939393939,33.99390243902419
0.4,4,40,strict,P,100,PhaseNetMatched,Zonly,42,,330,329,326,0.9893778452200304,0.996969696969697,18.510638297872223
0.4,4,40,strict,P,100,PhaseNetMatched,Zonly,43,,330,326,321,0.9786585365853658,0.9878787878787879,26.411042944785013
0.4,4,40,strict,P,100,PhaseNetMatched,Zonly,44,,330,328,323,0.9817629179331308,0.9939393939393939,22.804878048780363
0.4,4,40,strict,P,100,Stack,Full3C,42,42,330,322,275,0.843558282208589,0.9757575757575757,123.88198757763962
0.4,4,40,strict,P,100,Stack,Full3C,42,43,330,321,271,0.8325652841781874,0.9727272727272728,125.54517133956377
0.4,4,40,strict,P,100,Stack,Full3C,42,44,330,323,271,0.8300153139356815,0.9787878787878788,129.31888544891626
0.4,4,40,strict,P,100,Stack,Zonly,42,42,330,321,262,0.804915514592934,0.9727272727272728,130.37383177570084
0.4,4,40,strict,P,100,Stack,Zonly,42,43,330,321,263,0.8079877112135176,0.9727272727272728,132.33644859813072
0.4,4,40,strict,P,100,Stack,Zonly,42,44,330,320,260,0.8,0.9696969696969697,134.2499999999999
0.4,4,40,strict,S,100,Stack,Full3C,43,42,330,294,178,0.5705128205128205,0.8909090909090909,447.6870748299319
0.4,4,40,strict,S,100,Stack,Full3C,43,43,330,289,175,0.5654281098546042,0.8757575757575757,468.78892733564015
0.4,4,40,strict,S,100,Stack,Full3C,43,44,330,291,176,0.5668276972624798,0.8818181818181818,415.7731958762886
0.4,4,40,strict,S,100,Stack,Zonly,43,42,330,186,66,0.2558139534883721,0.5636363636363636,991.6129032258065
0.4,4,40,strict,S,100,Stack,Zonly,43,43,330,203,63,0.23639774859287055,0.6151515151515151,1105.270935960591
0.4,4,40,strict,S,100,Stack,Zonly,43,44,330,182,64,0.25,0.5515151515151515,988.7362637362637
0.4,4,40,strict,S,100,Stack,Full3C,44,42,330,310,175,0.546875,0.9393939393939394,458.0967741935484
0.4,4,40,strict,S,100,Stack,Full3C,44,43,330,297,179,0.5709728867623605,0.9,423.1986531986531
0.4,4,40,strict,S,100,Stack,Full3C,44,44,330,305,174,0.5480314960629922,0.9242424242424242,453.24590163934425
0.4,4,40,strict,S,100,Stack,Zonly,44,42,330,191,71,0.272552783109405,0.5787878787878787,647.3821989528795
0.4,4,40,strict,S,100,Stack,Zonly,44,43,330,182,68,0.265625,0.5515151515151515,570.8241758241758
0.4,4,40,strict,S,100,Stack,Zonly,44,44,330,212,73,0.2693726937269373,0.6424242424242425,577.0754716981132
0.4,4,40,strict,S,100,PhaseNetMatched,Full3C,42,,330,326,191,0.5823170731707317,0.9878787878787879,174.96932515337423
0.4,4,40,strict,S,100,PhaseNetMatched,Full3C,43,,330,320,199,0.6123076923076923,0.9696969696969697,162.99999999999997
0.4,4,40,strict,S,100,PhaseNetMatched,Full3C,44,,330,326,183,0.5579268292682927,0.9878787878787879,163.9263803680981
0.4,4,40,strict,S,100,PhaseNetMatched,Zonly,42,,330,313,95,0.2954898911353033,0.9484848484848485,453.38658146964855
0.4,4,40,strict,S,100,PhaseNetMatched,Zonly,43,,330,316,103,0.3188854489164087,0.9575757575757575,378.44936708860763
0.4,4,40,strict,S,100,PhaseNetMatched,Zonly,44,,330,305,92,0.28976377952755905,0.9242424242424242,346.6557377049181
0.4,4,40,strict,S,100,Stack,Full3C,42,42,330,306,178,0.559748427672956,0.9272727272727272,430.718954248366
0.4,4,40,strict,S,100,Stack,Full3C,42,43,330,303,170,0.5371248025276462,0.9181818181818182,531.3201320132014
0.4,4,40,strict,S,100,Stack,Full3C,42,44,330,309,177,0.5539906103286385,0.9363636363636364,447.02265372168284
0.4,4,40,strict,S,100,Stack,Zonly,42,42,330,175,63,0.2495049504950495,0.5303030303030303,583.1999999999999
0.4,4,40,strict,S,100,Stack,Zonly,42,43,330,159,62,0.25357873210633947,0.4818181818181818,683.7106918238993
0.4,4,40,strict,S,100,Stack,Zonly,42,44,330,114,53,0.23873873873873874,0.34545454545454546,460.08771929824553
