event_id,sha256,waveform_f32_sha256
stead_event_00000,b1ba9c4663ef2f480465c8975210c1752f0e47df950c8b5edefb6ea9b28456ef,4a06486cb8d36f5d9003550c8e7252c54183a4c5c32cc4ec218f4511429b5db1
stead_event_00001,ce30d03b37553fc4292be3c8ddd47680ca44fbf0a1ea37919ea0be456275d1af,6e2daaa9b00d7fb081a2d5bd45f846ad2ad3873a2cc7a797d38e073a0534f281
stead_event_00002,3fd2ce71db6ff205eded1f042b0e0c35a9043a49b8c88cee142fec0a91f2aed1,1eed1c2714010f86aa20d71d642ffe7254a61408854180148acdfb289ce92e42
stead_event_00003,ff70ace88a2b100aed69b21f2996ca1cc22d384f892281ada842c92bdd34906a,236ae3331777cf8fe9236ccefbfda00d81b909820d74ece84087cf7bd2e06a31
stead_event_00004,7f0605e14a7019ab2fb1724f5f8d727bd4f6b772920dc0f4136eab5730aa1b2d,09584f5601edbabaca24ab7bf54fc9fa03981d3fc2e279f01dbe680912710487
stead_event_00005,af6078710be085e696513f90896c159fb77745446ef899ce4b8ab53ebfa6c720,55e58a1a93f266f465854cc36b0151d977f3fe25e0e4fd43dacc1e58fc7d56ee
stead_event_00006,0c7996f7760c95d720469d627fd9566f70dde600fdf31b857af64caf3aeb6cca,401910f93fb892242986c1ef433663e965488d1498861cddf12dd4db205993fd
stead_event_00007,4371917f43e7385dccb4b54840cf4b24b4273bba48a51632d5c0cfd41cdd2b3f,b4e250dfa0f54ade3233f7b37fd8020aaddc0de359b18c23dde84b311b9c9bdb
stead_event_00008,76dcaf64da0834391d59ce0a527240fc7190b7466f3e5a7a8266ef7a6c210807,0b4e5d502b5beb483672466a5512311bf68155cdf1ad41f50852bd9179979aa8
stead_event_00009,97686f511c67472a20032780b40e0a106e6d1c20425cf6a6c83463dfea54e6c2,896514ea0d74eaedd42ca5de8b8697d3b646353480a39e019024f0c8e266a532
stead_event_00010,9202465cfb150c780e9accc0e35ca56559d0d17ab7d54da08bfece4c6ac3cdb1,86615dcd1d08aa4c852a7426ab2489b7d81a0f74aebfb618d8bced3c43ece878
stead_event_00011,555995bca593824669c1f93853c9b3e48e3981e757811f8388a6c61d73f8d445,b77f1b271df4b63f4c2323d0f7b1bc1ffa4735f58df8ed99fbcdfa7c9aa58361
stead_event_00012,e2451858ba01a3d8abbcf30837f6a665dea1107de79b7e68d14f86a467d1257e,a959998d14a8371db89a84ad4934fb8c07cf8e11e27d02903d656afba37ede4a
stead_event_00013,1fe828430f3c07ffaaae5e21753cc273fcd9ea9f454f40c42887ab3199eda977,36e6aa809759ac06381788dcf2a181cd369a2cc73c09599100e2d842c8f1faf5
stead_event_00014,ec74d4749af6e47cdf7aa5f02011d868592ee24808b22c7a7041395ac4daa9b9,2a8fa60f108c80871ab23825ba41c5cb4328e47a0ab49545c0b1f0ffbcbf5473
stead_event_00015,1ca8143a9b0694410379f8d261599cb15623fb01f4e6028e7d76d0ff34c49e19,5b200c0a1f06b8287e8626a410e2148464e3781ec4b86ac6dfe51f165a528480
stead_event_00016,be57561afadf93912a59d8bddecc0167b6e0b7ccc5595fe46d9fed7cd17bf0f9,27f39ecb362d4fb933a3a486f223b5b4ff199f146ed33c7d8c9d4edf7d3214c2
stead_event_00017,589310640404622a45afee633c1ef83c9aa5eaf20e114f050ee3e7f34e992437,d2e32832f78e9de02c3deaba7b32606cad2742107055de5115a74acb5efc9a3c
stead_event_00018,01e57d0eccb4101964c0f3bf56fefeeda43c05c13290e7f77be1ebb58ddcca57,9d5344143aba805bf769e46d360b1b0311cd15d82a6dcc6648f2da5cf824101b
stead_event_00019,57ca4e28e869bd8255ec853f11849143c50e24411b5cf166827cf9a9c2d8d49d,5228a0f01b7073c1ffeab403a4db83112b84d86b2ca9f5f34a6fc1dec279c689
stead_event_00020,824890afd531cfdae3e4f75017cd049e550866eb11afeb7128fb4632252eb09f,544288454a09da3ecfa1beded39e9b36d67f0809d139ca0972382376d9368dab
stead_event_00021,889fcd564a13bded290c7de3e5ef1945aefb9375973388a477649f20d5a162b5,fa19b835e0ad7a01eb585d61bbc5ac112d01c95eae1a8d4c89a6f16a22b81ce9
stead_event_00022,fc37224563c7951282df152953ca672fa3bb0afb07737250977caa160ce9477d,cdbd78e5eb4a916db32736de3c597c7779201598d00866aeeebeadf95c5424a2
stead_event_00023,47c3df7940bb39349dfdad1dd05fbe16023cdf20a6eb60aa8a591d0dde416d73,b44707c3a86732d97e726a4e255061456965aabc57456c13d38feba01d349aad
stead_event_00024,2e433d54d1ba59746c871069f5e96ef609dce76f22b6ac643f136d93ec96838d,5c1011593488bf2dd5924f7586b8b5ea0c948f24349deda70c7c59dd5f1993f8
stead_event_00025,64ee78d8638ba521725a742a692345c250b9b884a14028cc61fcf9ba8bbe6712,b39ef19dd87cb25f14ee8bfb72b37b628f261565ffda558fc61b0510403d6bd9
stead_event_00026,751d732c1069addc00cf69d3d155e694782ed03ccb6dd5c6cb699c4c275ad511,a8387e925e2730c70139870c8f6194fc31b3bb5424e7e8d2f9739b065a02fd05
stead_event_00027,3f00f7fd61cb1da337a3b72e7b64d53d763e70baa1faba111f3727136597da9a,17d123c1ec29f4071636e9bd42fa90182eaba6ad4c69b9183a7847501795270c
stead_event_00028,b2e4948f1b133c6eefb9015384379891c6994dea8507fd673d0ec065763dedfe,2944e0074285540f13b950ac4449ed17d82e356abfcc77e55b2195d0c418d201
stead_event_00029,8607330e9b9ea6d473f06dcee4beb98a7b5ea22b420d15ab7cc6be19dea5c23c,089d569a8d0b0273d69262fd71bdf0f60eaf0a617bff32fa5271eeda1058b746
stead_event_00030,f89390cd2e7be3a369d17c7a229d98815e08a3b00bf3e991122a5caf51857688,2b52b90503b3930bb74a88737d29448ed95c2bf3ba11f9e14d2c0ecdb7ea8080
stead_event_00031,31cc2b7f612a839ffe4c037cdb25801168fdf26b367549bf8ac10a25c1d18642,a84edbf8c70a7fb39530197e6adbe6ec3787e4380fc51f4fa9e48d30324330c8
stead_event_00032,df5d285bdf59597bb44b31eae8c811647f8495becb632360b962d076f90bdcf0,7a48ddff564a2663d088b28a7e0d4a67e622e2d28e3c962e17fa8f83c584fb42
stead_event_00033,4337c062dab0c247a37f0eaf7b11a7d26671219c8eac30635a1ec99db8989ceb,1bea1957bc028a5c759c55d27a6c89f50c67e2d644fa7e1c0731d43f5b17fc8b
stead_event_00034,9496d7fb1d4dd1334f950781a1ffad84e20e41ea9b3b9a1e7a7062095f667bac,e6da25ce3e47d97721bfcf27ca8b36c46413a3fdaf2dac47df21be523b770e29
stead_event_00035,25f5ff816ed9173836b3c67f24b43ba0588876c89d75ecd22ab3d2cdc6e4e39d,b9397fef4675b31f55d87f380e9a5fb6bbecb0abfe00a2631cbb23360ffbed33
stead_event_00036,4a9c72009e9aba9319e1b14a1779aeffb8c8682fec9007e0904fec5bbf192c0f,bb281e48505271f0fe7c14e41130c1c9bee48442b155602abf9fd89ecd937476
stead_event_00037,0dcb209ad549f0c3e8bb530d43d23b65e5f2cea0191ea0b674b0d09da0558ece,66e6e05eace7acfa66153fe1bf8f94b7f7be3154ff96c86c5dd50e1fbc761eff
stead_event_00038,954e6bcbce08b0ad0c87661b3b4ed0fb19a830c95e6b3cc57f1bf85fa7d6316d,23924985be020c8f48352ee535301de96e5f4f3b1c14ca3f6ed1bd08d867b367
stead_event_00039,621cd8ce11b593733afcfb736c6003a0998e26db00fbc8c238b76901ceb4f87e,beb3936065686b1cbd38e64c2b9b97b35dd4de3009df9f4aa56e2d7f0159cd84
stead_event_00040,c747b451879a358c933ee3c103aacacc7b09b07b07f6fdf2a5a76cb1aa30e290,ebad4cf854d1cc3863999caa2e82ec588c1ad588c696336be7e5bd2877138cf4
stead_event_00041,7d5d4db6c8b0c666fe0fa5798ada2ea801c7dbed70822e98ae96be6fe93421b1,a7400a1804ba522ab869551b7026659f987b9e045589238af8d0315ce9a951af
stead_event_00042,74ba50fe4aeae74da2bb820f9c3f7b69ba7167ba077067fa9892be882c329825,1e28781cd76e66df5e3d8b8e7c25cdf5c6d599c411c38ac7f8c96f4eeb8c6b4f
stead_event_00043,d1368b1bf1915ad2871c621bee55f904503ccaa3be07dd943f95d9e723431719,dadf9b192b2c758ab2a5d2b2e3480c2097829be4e0f48d8a6f721b27a7f9202c
stead_event_00044,9d99baa8b32ea7b8dd9fe3be3793f599d3c4adb0c1b6f7f9a548f6b695501db0,c296bf9af78ec0009bd1a7da3e423ab5ea002d3b0a581c8cc74e2fbcdb1351b4
stead_event_00045,1dbdf6aed31b68d48ef29ab08382b44f62f75cc2b7a834f10ddc17be5575b8ba,2818ea12159ab8b6cb8f7137078fbee2abecfdf5587f1e64eedee2d4c4138430
stead_event_00046,4e6aa8573dbabb3812bc58de4995db3eb75bb7830cfefdfbe9beab8c6a57f07a,6b05e3d71f1d0c3019cccb04180c3e7e550b9c125f863c6ad2fc1c95054c8e57
stead_event_00047,643f3a17ae20e6cf10234030013802548a0ab7275ff952b7c3acbc2da3735f4b,3e1963a82896ca5e85c2ba113c14c3e273d4322f24b2fe045de22a598b5fe9e1
stead_event_00048,d8fac3fc26cda82ca0692c9353042b90f2c6e0387a33e9035d3e65e6c5bf3137,ed2f5795bfd03519733db724938c287ab7fb208f5f3631db88f9290f62d84669
stead_event_00049,fd6d4ddeabe448d80b98af30fd03b41d019a26cf62876deeac34c27b67a542cc,16531b53e38734a73e59e60c8ce40763fcf1b3d0db06aa6efe9624989cf9b98e
stead_event_00050,ab54fc3fd147874a165da8cc043ea08419b61a92780b142acde0925ab7ba7ccf,10d05cae868f72c5da5a9513f1f930ae972a20ade7d437391a0e97655e738bfc
stead_event_00051,f4407b35a7c40419a22fa7f48bef157bb0b1025878226ac6bc82ff53c5efaba3,1f730a849c4624590b831127f1b259bbd784993b5332a2e904d2670b5012e303
stead_event_00052,bc03c247e057ea5b70e5e86f9ebfe731170127927f618548def2fd9b905a5985,153f8c58fa0cd91ea3cf9c2db3815c5b15659bb3ca26e27db8d8292dc57178f3
stead_event_00053,6161091a512ef4cc4e0ef401a503c39fb091000bd5e62e639a11035441ad4748,be25dadc161c14918a78c941765c39b4c3d51d5f0d1bd30f9dc7778eead70f97
stead_event_00054,3990868711fe5c8648b1a94d0995b88f5188769d56359b8fe5ea33989caa50c6,bd9ccd01b243dcb9ceba202d3a537e0892ab7ac9c984014ae78571a1d6e7965f
stead_event_00055,7756e7f9130861be5c8c52596cb3a2bc0a06b57b2a58637b2e3757313297ea21,25498fe09ee27f42af853d081d1fe917fc68d6aa0e795efc4f770fc7ec06e113
stead_event_00056,a7eed719ec357064c5533fde015049f45474f9e5cbc0bff24e6f34e10388a964,eaaa22348f0f6e50cfd30af9fdeb819b6d8d6b95c3af6499b83991731e7b8240
stead_event_00057,12623e360b08cbf544ad430c87cd06f54a8e8890ee5364fdcae43d5986a8b33c,315169378f46dceab96793571b4edfdf8831b2065a51a5d0978619683969be76
stead_event_00058,6bbefdf527cd562c95af2dd884a4ece13b0e7c48bd4b00208cbf25952eaa95fe,a3563c145257ccf6e32521480b8fb73796dec59a6e49ca8c7fa01b71379ae798
stead_event_00059,f4f3eb4d872e4decee0a507ab389f95ffeb689198e10a1b80f5cc9665b7780e3,5877ab4d9b8501d833c03eb5953e455282ce5645dd61f3656155206644aaf878
stead_event_00060,4f7ff0baa27450a8bc354747af0aa70b4a830a572079aa3d071da69d3218d7e6,b57b211dd1d1a6c18e7bcdaf73cebb65863c4181ef6b70a89f6d3853d205ffba
stead_event_00061,bfba777f70fecd43bc883931ad5db6649c681f810f9c545d3d02ed3a2a805350,6e6611e9ed77a92744a84933f62459c613537003f37b123411f840e25139efac
stead_event_00062,161a55a11ed3e809d22bc985fe45bbad19fa70feeec244dbd422649541168d34,5caba7c4224230108e439c35774487e8eb325e658606dccec3d4565d883242da
stead_event_00063,30a6973fe8bb3121c17f6ec1bc704f82ddfaa083bbd18d1af7d9cac35d7b9d3d,f44374b41e53898e32706cdd5e510ed4997a19ace02491e5af45477aa22a1524
stead_event_00064,64fde35c838bd6e158f81342a1b8f9bcc0fe2b63348e98278e215f95cd75957c,15487a5967ad7fc1992b19906f20183218ecebd26a17b8f58b25a167cc365e5b
stead_event_00065,3b123fb1bf44426e848f9d441348b224d00182317c9701a49f1b91a79678fa84,5da21f6d29cb25a980ec7ec8e4d48fa30f3072161254a6688fd54c6e8c86ba50
stead_event_00066,d8a71af1baddcb2a8154559ca6cac87bf926b87d4972544acd628d0721d9a377,8ac58c2654ebcaf1874d005d352c62d325808bd75394a644f835b121e4bf85ec
stead_event_00067,21117d23ee11c882ad0bf33c1e9bd826d1e3a5ae7a55d825596da541e7fcb4fa,3d265c379991ea2de6dcca13a12695b0a8f589ec099db127230fc2b1cbd9d803
stead_event_00068,aceaa641c4e99b82f8875dcfbe8f5bdd5e4a4a6a8df0c6fc2e7bd44f4fbdc57b,6f5cb3850062bf92d78377a2bd47cba85a2339775f5438a614f35a33a2572005
stead_event_00069,9283bd7696d1ecb9b9ee789d5c94bc917fbf5bf1f1b05d8e3997be6480dabc6a,c26cc23072eabc620b016b085e03b3edc7dd05f42d4e0ad28c7dc503660520e6
stead_event_00070,adba075a6ac57074c6e8bc37ed9133c1e7b1ea33df82a5c70dc0c8769e722c0f,249fab7ad991467adceb1055610526108fb6c267ab33a197f5ef61655252c991
stead_event_00071,d55cab13185f66ab9f2b7b9407f372bc72ab948bb3844c37c662e5d2b74e2d4a,aeed61681f1fb13ebee5fb3c7e099a321d725e2c783052c753faab5f78578c62
stead_event_00072,a75ae5c5ee149c89da709e2fa33221062b7f6353d9d1471e3ab69d674404cc6d,c38f72b8e6526e82828742991975fd45e0a1005ba9a0594ebed44ee5489f8038
stead_event_00073,b81d4b39d1a771c85132e716e61148d986d32c3e21f54edaa501173e0168f89b,db51287fdfd21bb6330272bb3345b8ff8e3d1ac1df57fa1bab737ea18449e3b3
stead_event_00074,c6da7272a40a9b21b3eda9d50b8344bd0c115d4c61aec9cf105b37c7c0b75706,3a735627c1a368eb2347dc56c21e6e59f9e109818e0df867262385125cd829ce
stead_event_00075,994d6144de9c3fdfd7bbe84ddf2432d2f01ac6dc131ee2ab6ce16dd3860b364a,7af875b2667c92299e59bc6cf48065e4cb46f95d0052015321fe3e326eaf1875
stead_event_00076,8d34c9304771c603c95b1aa6e751f60af29abc6c65a113af7612ba707cd8858c,ae718bd0a5ebd5cd38382a68f49693ef4051894c2956df2f7a30f966d3649214
stead_event_00077,a2476fd1dc04fadd800c083d5be135f9c0571315135500e7fa2c91712ac4dbfa,217c66236427ab6dd7e83a43de0f0c83fe827176c6485c6f150a320843d745cf
stead_event_00078,f395a38d76530008756eb6a3dd93ad2ca41a8e2d47beb36f19d12b5a431d94bb,be54b27429dd3d442e9466c701bb3e8c25537a98a9bdeeea1fd7a552db4abf47
stead_event_00079,2a946ab3336b39b230b9f26a496c583359242049c183ba8c1ed1f47be8f2d1a0,81c7d51e51e51698edcb98bdf925c3744214c28f3ea34a8b0886a238cd9258d0
stead_event_00080,e8bb8fcde5af345cf2bf6808580e18fa732516af3ed99ea271f85af43959a068,f341c97b26c9a550ab82ccb8ac40b2e27014e0cc42054914996e4dfe7a765f51
stead_event_00081,91607a592da19de6a2f5d59da1410db2eaff76591b07e06f6e064ac46f7f028c,cf33f48b763cb85824f9ab58539e9aa7c9a90657591ca0261d02c76920a168a4
stead_event_00082,207ef31d0ea15d07d9467352c083beefcaf524a2707be1818dcd8aeca392756f,7791c39e3ea0dc2c05af3e03b12d39b30cf4887d9b6d52a75398ba13e5f7bed8
stead_event_00083,5a90ce6ee9f6d240223a3651f5aba1d3acd4d9ec1554165ece57c362408f276b,82367f06a77c7e388430b043e18f482db1af559ddc050988e6b492c0f35b3441
stead_event_00084,168afe90033e5d0130bc2dfc60ac241a50bbf2edff78ec3681eaf5ed74a6fba2,ecb9a84748852ff29ab8058e0087112784621256842ca29735b65cee095dda0a
stead_event_00085,bcca1a2b5a21165faf7b762cdea449126bddb09bb7a71e882b2b0a770b3f09c7,3ea54dc3d5cfd199efa87ca7fd99f4187e0c60353f52ca1483865752585e9329
stead_event_00086,47760371be1840cb60ce9d03323657274d55455c87b092df66946aeb24571a00,a2607a97a2376c88ddda3d65a43c23f372fc3f7d149030247408c1cde32899d2
stead_event_00087,a238a448b57c60c454e6331b9a5e12ded2d56537bbb64f1e898d320529363461,dd28ba385b5b0e4d3acd7e54fc27ac1c254a582319e107e800ab0eefcdeeca6d
stead_event_00088,04f2a16e2bb40c0a74c09e1c62dae1cf8ba1bd62c84caf8c64ee72795e092b02,eca6d34f0eca30d2bcc8ce3122cb6e912ac2273f49686fb1ddaaa66886832d90
stead_event_00089,5f53c05f1c0f769e1e5b9a2d4279b288be0412f65b07c64153ce20260c021620,de7896ed5bf07a0a910afe0ea002a22fddd0ddcd510e3e041118168ae64901b3
stead_event_00090,62acb165cdbeeab2935fb9daf4223dfd2dacc75cbeda0c90d37d4cb9764440a7,7f9e76fea28df38cab6622f31fb237862655ba96aea8a215b135701795507221
stead_event_00091,a85dc8a4b16e6041f639d6faa98fab216f4c0fe4d30d10e3b5914eefb83556ce,98503d924024cfdabaca7682ce0fbd396c8b2ddcb294b1eb1acab3a865d353b4
stead_event_00092,c3a8ff0a8367938228381255585821177a76d40cee5a103f5464c0d8ee5d7b66,50e0cd9ecc704216f483f59862b7f72f04e3b6990a29b3ba2db13e91f81e0be0
stead_event_00093,7d0b020ebfd72d34d4e5f296784bdbf946e8f02d70ecc2f208edbce6a86a9098,f775f80614d88e4db8b250903e3ea771d784d5bc2d26cb497deaf0c5a7b91640
stead_event_00094,4b2490df412271a5bac8e46ff069729737376588a0610e2776a23d80bc09c07c,2a9125a0dd4d56cae6c2a5e4ba88a2bf86f2729a8c5ea449dae2c34e7148262e
stead_event_00095,b7353f1607a2f18599070d7842263bfdf0c416870dafe398402fa3b80ac77a0e,815d9145588e1deb42103f9108ff338d44956ceb4f5242b604c92cd7eb3a7cce
stead_event_00096,5142a21dd1eb20858f7c4554e0a555fa13e9498f90594eb6738791f11502d631,9b305d8dd97c43a814171d05839bfcafbdacae984f6fefefb99f7a0b27ba7ad1
stead_event_00097,8ce8195b7d098c24f776ccf2dcb1a3962673bd0675a477b67a8a391495ab0410,3bae7171fe2a700aad2bd06548cda14da0485b0e22966356e1495c5b521c7596
stead_event_00098,78077b7e399a618d1c0b9d30d41fbde620163fcb06a995cff8f60d836016b320,a848d818dab4d66536a791f0c676d83d349c4bc61b08e230345a19da0163f6c7
stead_event_00099,840388060790a7a4380804e9a51e7c2480cbc64e9a606ddcd9d029e4196ebfe5,7e88c9c4129d923fe8bcb8dae026277aba7d5f3773338d75cf2971e1f576df29
stead_event_00100,c460de5535de57d62ed13d02c28419582aa1bda06612af7f7b96637a5c8d0d6b,68feddef522a0f9da7e21965f9a2020cd3d7e5d23c6ba165fbcf68f37d6a17ae
stead_event_00101,b2ad1fa181919b9d15b595e35b234508fbb8951cd738134eae8173b97b088598,95544bf996bf4bc372b19b6ed15e6050ce533ab2d237c07c619787cba4d6cc20
stead_event_00102,6b4982ff5bfc0294aef1f380e7bc41d780423eca70f5f4e634ccc527a30316a9,2e431a28af86d6137d189a3dea6c6d8c7ee2d93501d95040617de0b0690223d8
stead_event_00103,1dfa076a9d4718450870bb4cfed6e9093b8e36439f177eb7669c37d1e577c49a,0fe880d4b98e39059d0565c04536bd9490e7203b8727bd9ec271520f404dcb09
stead_event_00104,b73978fcebe9721dc6823150c004eaaf5f8422a1fc69e1acbea698d681287880,12e38b4d517d753d8d3167f986ded39f1b879eca241c5bb9529f17bb6fd43aca
stead_event_00105,dd74a7c452f5520772e70f42678fb1a6fd4e8783e49df9d74149a86498b9721b,dd0210bf4624b688995c1afaa7b66bd41f6a7f465eb4f4d3e1667f1608bc9086
stead_event_00106,3db899555588e95dcb92f7f7161e765490166c1a6268728136e7e1552456557f,9a98bf1af25552cbd0c142e3ca5ae72cf5bda9fc6e06c8c41343b6ea656c8662
stead_event_00107,31ab486981337daf258d0028c93e4b0974515f2fb9bf561fd21680a4620dd82b,1ca3e022389bf0455cf5ab22d7ca8ca1160a4c976f6b610f6112154f3afa8c9c
stead_event_00108,8232b905434197b1755bb3a653d3eed9eaa4aadbd1953f72e5d3746b0eb16f41,1c5eeb0d99e4e8e39bdb716315d0c828215adc7bb900790283e3b3d6c9bed74b
stead_event_00109,8dfe318d9baa258a7ae2a249bf51b0aec68ae2be8f372bb706f801e974c160c8,14a4abb0badc7a344345870e0fc148e3354329b2ee7eb6390e78a391c8e37fa8
stead_event_00110,1d4bde3a3a9591b50747a6227c97f8a893c65ff737d54b4033d6c42e996bdc12,bcea3531abff20c24e3e44eacf79c72ec70d69737b58f07a87ee06bcce614bd1
stead_event_00111,ff5535224f669f66fd79c1009a6481f817a6c994b729c498e5d797bd0bf03623,10cda1725592202f8f4700aaf513d365267fcf4ca7e16eb337d31bc169d9b1f0
stead_event_00112,f057aa76782bafb3ee7a6c404439b9932b435323bc877026065e3149c6cb3bf5,963a8531b86fb74367d5c484bfc1fcd8791e39e9ebef671fe96be18091b8aa67
stead_event_00113,248b27cbdeb778aab31773954f19d384417a17713dc076317ae4c186df423773,35c8c237c8d73c789b45ca0176a417875972f8b1bbc295ba9566d4bd8045125c
stead_event_00114,a5e74d1ba773e93aff39d3f36dbe05fc3d7772ed58878a1a10ad5f0ddf65f0d3,899978a38eb325cbb6e1be525d022e5ea16d715f294a4df738174eb5f4b79e53
stead_event_00115,85bfa627f1906e534bdbdd80befae3793e7c28599cebd705d13425f7af547bb4,fa36964e56e0cef83a8c34a820452e57f0b5ec0102d21e87ad9babb88093493c
stead_event_00116,8bd9477bf87ae3ca0b7927395a4088260235bff2108675c7177c6a16c55585af,276e5f87dccd0533e8dab59cedc8617d3fbbaa8ad9de9028d2334cef40c85a45
stead_event_00117,70f7fcf022e5c55c0cccdfd172702b988f1fe874670a2e51fdafd442986c93bd,be0c64401254e8df9b81a5fa1b7fb24588fc21d6f9cf29f3fd387b0e211a9379
stead_event_00118,2a2662ac526316d1c951b25374c9b9e7cb806b36315cca398575e3fbf38406f3,b43bd96e5c4946d47e972c76d90d11b875b3561de1727fc1eb83de9a97a5d650
stead_event_00119,16ed985348db12e66fe632c62be7a3cab2523ab3453219bb581e540691711b93,ffe41b5056db3a92ff0c8dcbcc0346a4f89a88bf59dae26e96f37510f2f416bf
stead_event_00120,292d97fbacefec0429c78eca83e109627b5af5496aaf073e52603356f861c229,dae9aaa18218471630c68efc6fb8588b7f6061334ea2d4a26a3ec338191e5785
stead_event_00121,561ad9457af6f49484570ef0963c568fce2ba9fde34e781149baf990127e6c81,cc163709436af97558cb0b3bcfeb158ebd9c17ff5e110347e89033e1b9a204b8
stead_event_00122,ae600e72f09329fa1459e1bfc1c86e1c1ec097ef4d822f04d40631a5557a21fa,249f72b0a595f26d2b4a38dcff663767e83d025b59edb0d14e44752b0cfc9a5f
stead_event_00123,8b5d5ca20248d1bafd2ee46bfb1d236d20d9645728fa4b5fe302c828ef1246e6,0a5c5988df8ab24f61a7195451c228e36c88b0c30519236af6309f83646bb590
stead_event_00124,7d5fea08c832185341ac2c54f1bb0201d3286c03fc8913771bbb1522af86cc1e,0029617617f7424bb5523a8343b5cdb48d2bba87fd22dd9d71f7e54d1f91c745
stead_event_00125,b93d5e984df56101e071a6bc85a63325c2e10b724d559b6063c0c32356482733,7f86a2d02166a2489e7d7726ff3b26072cc5510664215c58e07d63ad939dd2db
stead_event_00126,deac03db188f8e2152e8a5a851b83b9fa4dbca75cf46b8255d6e5e6dea9bdb8b,df7f95e2c22a9aaab10e57d06f2aeffd11b8d44959d2c232479ce367b84a99fb
stead_event_00127,31c7f6d9cf63dc863b40af6e82f4ae52d03331bbaed657cfbf41fc56f6eddc59,f0f86eb283885706143d9d34e1d1f49e5f415f8f85ee8d3c90258f807a215137
stead_event_00128,5af15f0c05990aba343373ef693b22b21d0f73cb1ed59bf1826af901c4bab7bf,68cac47fbb2fb0809c3e7d5a2c80bda4a8d04196e2dc7dca1fa24d3ed1455059
stead_event_00129,c29141253a865b5dad3b808f28f071f4d4f4a4129126acd69bf5531f1775cfee,e62ea39f2d169f1ceded6e70d5e98fa456b5ce63e5513ce32eee6d70ed08e417
stead_event_00130,ca32f0b03e93970d0ea3f1518bd3ea3b2d808a815095fd96f4f8b0e078aabfd8,1f7e4507ef4e468a4b550bbe7a08fca48a5d172b6db4d161d25dc0a8b8ce38b7
stead_event_00131,cdc5a81fe06f0b709cfe17a83d60b008c07c0470e8068051743e022379f93466,babe4a0827ccd9eed17f7664c0606dbf5d55ca1f50d3cfd6c60ae20ba793b7ca
stead_event_00132,d58d4a61a1eecf3d176bde2f331e6d185dc20fd0186a89a6c0d3e5dd67b4676b,ac18d1e6b3b99c847a7b7bfd1fc9f527316a95b3bf986d8544b9ca54f622d396
stead_event_00133,4d1aaaaa94a70947cce390bd71f2ab2ad393dd30e136f9b3059c135a5760470f,fd8fcba17aaa3f671a43e07eed5e9dbbf8682747a496abb8091188a96be268cc
stead_event_00134,faceded1739737468ec2efbea97e7d56a8d60b0ce532653c7c18d1c8466926c7,8882bd83edbc3a46beb0b8ca063329b6bcd673870ad24cc116cca50cdc4eab35
stead_event_00135,3db33492117bf4c3370f5676d0ffc5ceaf7ee941ee1833c07b54cdb2cb469768,a73d8cfd7c65472fc5afc0a5fb22987c797aa52f7bb3543e2cead62691f33c5b
stead_event_00136,b500e4dabff3e8b32c9f7793ef51a4c2dc03f15347e6416c9e9f7bf578925c3c,b08ad9b154e07df8594b435cee78c13362ca0dc4609cc43a4ce3d9e981626863
stead_event_00137,e5ba4a6558182864a2c6ae7ffbaa4daafa81d1784a909c5df88af1785b5fffac,2172c9fd8d3a99380955309566ccd34a2e0cdf2939902f6d85345c823c10a0c1
stead_event_00138,fd2e980642758f5992700a9be42f33e04b9ad41c2eda07132cca7de9bddfff27,3f5313ff5cb7cf40b52c6deb96ff8989afa2ae8619150530045cd0b288521af3
stead_event_00139,234b48063a7f63998a302432723af7aa0bd6fd4eb5cdfd0eb5766998b8027b1e,345cd7e63c21a10f1fb8c640840edf1ee0f110a0a7f37da0f5d97e521ccd23b5
stead_event_00140,bb23e0d63172a06ed9b88288c51d043cd90821b19286ee74ed3d8c99ac0deab1,d46257b84d36399a026d608fb98a6507b27b510a903810d2f816734e72c61351
stead_event_00141,098943c04265ef8e58bc8e67f420a8af6fd72b3821ccf8a19de12a438a955778,4b0a6dffb24b420de9d1c6c835affd0c8c7ea7ec954106a6b97037e84be1ca8b
stead_event_00142,1fb286f6fd13defb3d24c7de6b802e6d12711f02d3554dadc61ecb5e21ff646d,d727296527d0fed6b9c27ebc339218fde8b4547fd1ea5854e20b76f027bd4289
stead_event_00143,12eef5a508af8a6800016987333ae92d95b4d564b0f2db1d97448f98389ca37d,4d5da02ac395fe0e4758ef244b4e1f9edef834efbc3b20f5cfb5d6053e552d8f
stead_event_00144,749ebd344c8117672209d5e5052f0e52a2677e9c33aeab851c71e8b236ea61d5,c51c73d6efa8cd2266307c19d7b01fd0a9f3bee2703e07429f36bfcd529d126b
stead_event_00145,40c433a1614aed5e7c31c0f039eb90120e5cfd858fbec3ce63c88dd71211457e,bda6e912cde95da4619558e00352bfb54acd80486499f7af96a4f59da27c6a86
stead_event_00146,10af8614f2abe052dfcb84b8e10c7c88ecf836e91e38ae213158565856d8a8f7,cf0b7201340f247f2da7a11f2352ba06af88b83ed9dfa656f3e2a9f5dd14ef07
stead_event_00147,164b383813e2c0fc767952a68e5920265c8675bf2ae58d8448dd799444cdb75d,bd47e7303fe10066fd519297868fb16d30005b010fa757fa3f1cea2f8878aa1b
stead_event_00148,e96452ab5c3365145f615476ce9760d54675dd3f6021d67d843eb6bc51912f1c,8e9f6fd6a433c103ceb70566c5946e3e4b639ed3e3b2811757b33b6101f268fe
stead_event_00149,84df05026d90c76e1c02ccfde853a49f02bac6e5dd52620b709388dbb0fac6ec,e74719f4b1dbfe9c1737796b379a6064309e50df2cb253060a1f2dc30f9a6c9f
stead_event_00150,458e89b3b59f57518506dfdfa6f49a4ab338ce589af820e65ec7e8355b3cd5d0,df37808ff2b1b2f203d1405f4335893a0ec561797c448fece9e67806f6cf1f90
stead_event_00151,28e26a4aa2184c7e4eeece392d8213dca1a11a6bd907c73600e088dcca56a733,e0acd5d4d0e08e1f1c69fbb16ed6b0a27a5873e6cabe7d7cc861ba3256108bf7
stead_event_00152,78ed51cb2df3b41fb294e706183b2cf53b07f680b61687360d473a659186a01a,754b44d6533e78bb5247b20da63a66a63bce79ae049cf88800600f32212eab0f
stead_event_00153,1ec0302778849a0bdb9b29bb83c08b0c0fdb5751990cba4dd666423be288dbcf,6d5c6f27db7cdd3a7046ffacb1269fcdd00fbc90d07621cf68c6687ba86919d8
stead_event_00154,dc9100727464521bd604fed8188557b06e5402bc4171cd30401a8bf7f543d9d3,1413d395a729090720ff9a40e69b75d46c199a45853419439a2c29e357ccc06d
stead_event_00155,3ab85f361181df337e71ab1e30393433ddcd5a5bbee5012124f6fbe7891b144d,904c7590eb8cb3ebb23e47019cac669f8dc8181ff6465af1eff28ff612d89b9c
stead_event_00156,84a632dc16eef9ebae48192f6ed2963dab59564670d7b26933804d0a93b222d3,fb0ca73ca146307f2d60c2b3d0da6b76b1ba956896171d2828f68fea05bf68fd
stead_event_00157,e55ccc49eb6edd7826d426bbd2a2aca7c1a54e2007c5695b09e903b36331d3ae,c55b9827a4b4121e69aa7dd60a2a58262952d8341fa893c1ee9252fcd48d1cd4
stead_event_00158,fa8187b59bfd82a2afa00ee2e569a89a84d081f99908c20aa6530757447d570e,4450a5fd7202522631b5bedacc6957129f45e790bfaf6d641a69d57fdbb1bae2
stead_event_00159,1b9ddd145143e86352bf1b493fc62d5766d06706f694ea6297b08c2dd4ef1abe,51fdbe50980d83c7823763f5c634b9fc53312c1d0c8ec7559d21c26c12f8b749
stead_event_00160,682263f27261290646a3f7c59d05183a7a318c2d3465854e363856ca770af807,c777730888d76b2a22fa711954b51821b0f6d7925a13b5407047997fca1a2df7
stead_event_00161,85cb6df9f5126cbc9a1a3f3470e8fe74402b4d40b64df23e8d98fd414bcd65c4,89526fecbc6882e822251ea62c911a60dc23ea8cae904127ec821a7e01c061c5
stead_event_00162,cf70971f9a8a189146570959f17d5ced4f38e82a279b6dcc228a643d828e2606,4b782882f06a51d136eed6ca197e1551137527c20189e2936e0d68bc240fed17
stead_event_00163,bb1d8a0ed63d5baede52727a8ce545ce3791a17fa6291cbfa3b4ceda40479909,2d50b314abeeca1e9c8cf218cca1e6c34ca1deb01ea670a63e9110d4003ba93e
stead_event_00164,ab23f5f635c713844210c69e1116b299d673540ae639128a60218ee4fd8dcec4,0f31a5fca9d429fc66ac8d975784aa13190543b5e86f4fac6424a5e881ee6bf6
stead_event_00165,e4f24d01f4c39ce00a74fde315819a13997450bb18d121726b95497a35c59818,0d7a3c43f1419463c132beff5f45afd2ab1aab2453e84abde0d64318394f6a1e
stead_event_00166,84be09b9ad8fc68496f7206a90fc0a4532ae5f9ed7c969dc11ab088766fe30d9,17b9ec2d60bfb95fb88ba6e33f64187a1cc696e57c00b2bf2b76981d71dc73f5
stead_event_00167,6c85a855b298149ceb2af8799bae7889b7cb459381e787e87ad3ba1e16c1cde8,40079719a58a27f7696ceea56960e5a31b851902347e0f1b440ecf0b35dab711
stead_event_00168,fb3edae494e06e6e449f5db07fc949740de60aed0cbb004ab8e343497760c3a2,174e9ed74c0ad2e2b6d8061451abb2f495037f3b20ae75d09a5dd549571dd150
stead_event_00169,166181d48f08bfd375e409e6d6b2c0e9f8c58f73028af4040a1541aed90adcaf,11043ba7cf85a2afd204492eddec713984ebfbec4668299b95a5605fcc8ba085
stead_event_00170,602fe0214d13325767b7ce438888c2cb893d0f235aabeafb01cf1c3db8d22e2e,5f0be42658a108f62e8de69d6663767efd51cf3df24caf9fe330befee697432f
stead_event_00171,ea857db622af71baaf81548d4c4643c107af3b079c1e5d2a5afef315f60e0e41,f95a48308199c42c753bfee219b7a15fe34b995db7202ff8b5bab1f5c4944e5b
stead_event_00172,6caea5e012e40c9771aa9cce57d83ff84ee2549044f5cb60a5df0044306ec965,ad2e038699adc67e9782ffa13c1933707076c8f0055c6e9913d7fa2d100ebb1f
stead_event_00173,48c19f41ceec95dcb13ad1544c6338822eb4e8d186b7cd8ba9fdc833fa174e60,237a6b10e3d206028ff7f10a82d8474b0280af32a11fecfe283c9d3ea9cb5ef9
stead_event_00174,cb863b2c36ebd4813f7de73212d58463511cb226b63516f156b7491a411688e1,d7cd71b0568a778926d1b37a1137ae10f70fbb0b75ed89c74af86294453b62a4
stead_event_00175,11418efd4a58d0e1f60f7c9331e9e4cf8b04a09e855cbd3ae83432db5033a656,b5f84b862265411ea21b1117378888c406b002a26ded15d42ce6f3549f71b787
stead_event_00176,2d542b6a63339f6287e5758c3ea10b7f865ff91a1b22f97de5d9deade7943a48,154439c1c3ef307fe3b3da43772e7791feef865812bdb7b2a395e515b3c5137f
stead_event_00177,db78038c67c1a8c320227fe46d4dfdcf1162aef4e0911482d8ced548e3d5c86f,2136ef2443e0e989c0ca755171f826a0eb1364cac1425516320aaa98164f9dce
stead_event_00178,e25f11712c64daa62cfcd6c86aef1e3d89fcfa5050407afc884f47cfebb80965,70b2e8b4c60604c68d4e6dd2f41daa4ab517c88127239a0d9aa641d4690381c6
stead_event_00179,716dd483ce99e632a5d450b698e62f94970684d7af5d8a56eb567b54921b1fc5,9e439e6cf21022c652038a26fa2060c152686d8ac6850de34b9751f65239e801
stead_event_00180,945b78e38bc34390600b2c78e7401f88cd228aa70d438b9be6525d7015051e66,849d2555d12268da97a84a568ee3adc6030c62283d1effd482bd86fe6de6c76d
stead_event_00181,eeb8b7ec89d56932aa4eb97c8926f4fa337c22c0f59ea1b6da06e3730968d28e,defb3278c5f27d2d45481ad0cca753c7956e4f6a18bca62579ea1de8939aa9be
stead_event_00182,ece7272de2f7c9094448468a37154180adeaf56c9e032542d690605f09f5ec00,6507c0a795d7ac058e31bd757c529d0066c8b949cf895bcf64157afc71eaa33c
stead_event_00183,29fef71cd2b5e41bb47443f84b8445fbd4f6b37871938973df70155975b401a8,c1911823870ac63f1cd6d55086aed760fa4c6f89f54d1e39f0b1c7d3626d7382
stead_event_00184,2f492531de8ede30ef829ebbf31116ccba5cdfd061681cea75c4b60ddc4d8f71,5bc3c0addca17f6c5d6a7c998c94b4176411aa2c0211e41bf6acfca9bcf0a32e
stead_event_00185,ef61314241f51d6b1e1c7159764d774a4ce9d097860d7a247459ce58d0dc8647,3d3624b8e55a75f28f95785cdd3383fff32bb803537b1c2d5f7859113f0bf585
stead_event_00186,71c033107378ed8d6f7b3d418320b00d700ce7e4a152c4432e643bb12fa529a8,5669598ba68f91ad71e9b27ad91258c02d3f870c1062f36ebbe0462b2ef02123
stead_event_00187,4b2ac57f6b7041dce2ba99082a7d5e4dcd631cca4c6226a2485de9113ea59cd4,90715fc5aa57d55b253fb9c48aef1df3737dc5de8f1bab51f1b913df35e66e37
stead_event_00188,09e2251d4c35c9acfafef7cd055eb1e973a35b7bdc8630f0691b766feee2a8a2,4a408d8f61e551f29533b6ed4f5d61e4be9ead10f6cddcc89db528d6754774e2
stead_event_00189,13149f855d7177217ee1ad43171d3db560ab682c08ec0103d63880791f744c89,a6de314f26ac50aefd81cd68616fdedfcd436f018c203665446de961942cd6d4
stead_event_00190,9172088d8d0f7e92c48626a52d89ec30271664ede9bc22eadff6d2fa378fc193,798f248a0ed02fb2f597bf09cd53f83df4c018d113e3839b5bc059feeb7fa900
stead_event_00191,9faef46c713c0ba595d47c5fc48637f126f8c4e7307314ebff7f43407ae57eee,37f8102389b1edcac185f5759e88490be53aaf6c1f80d6c294da61572553d63a
stead_event_00192,fabcad5f83a631b64a921ecbd6b1170b21905bb74fc2f25066d03352ab62674a,c36f8694cf0224f91551b0756a2a8b15e302b48275e1f6fee7b34961775fa08f
stead_event_00193,6bffdcdf4e2b11c0a7929c2dbae7e0cead1a5fde502a3fe9739060827cd10883,c60847a643978832ef2a88544ff90d3ded61ddd25112d7e8a0b77d599d439a95
stead_event_00194,514a595e22701fa80a333f541219214bd01e26349cd3a15c8cd2b2a5a0c6502b,17c6c5f34dddbc82fadfd92603469441d6f45674292c65b4e9d209cc43022550
stead_event_00195,b08dbb26496453d065d4abe6ea9802afd664d0e95e42d0ac8f61cfa51f6be8bb,cb0ea89341da3165a94ffacd3a55ec1d4d574bc798a77d43eb9343238cb9591a
stead_event_00196,d911f9bd214acf45f0e40777348b39578d278a1f4a990483385c79b8dcd4ad56,deb752575de2a3ea9b02dfd41a0793a7406d4d1a5980cc14925a0495059a97dc
stead_event_00197,0b86562a8d1b23491d69d3168293a632462c4d131df705c1fbaa77cc3a90fb5e,68bb109d1569b26ad45568e166e5e72e2337dee33c1c13400f6a4412d4124919
stead_event_00198,d9918bd1edc6b35dfecbb5888d3a73da3965007601e034ec48ad6352c44807ba,958b2b8852e03717a50fcdf336549e812a4366650a98c18a9e62cdb3256fb993
stead_event_00199,9c8842376d038f27d1fb769e4a1dc975341314fc75a96f44c467ceb60e94f84f,654db5c1e2974a30a6d88ddf51db25a4a72bf40638b91eb906b006555d871587
stead_event_00200,09d82583e7bdfab287157061bdb37e6a11a7636d9b4918b0992defdb3f7ef052,87094ee0e4a573300eb486b744d6b4046121cd865cd305baec53406e2f2d400b
stead_event_00201,983167583191a541ddb8a15829ad7339f25f804d38070b923231bd2c27b70e2b,3498c3f9a14f22a0cbabb492f246fab0c5f5550f4f29bd449a197f0796a070c2
stead_event_00202,c0f26b674df987101d74dedf1325a2bb268af715dca8bc7ee8732f6ae540e090,3a7e38fd010f11a310b76c0066d7bd0fcc47d022425cfe0ba2fc6a05172eaff7
stead_event_00203,96057d4b1062d0a87046b67c36b746d83c8bc0f593640a641f559a7a34bd94e0,dadf82eae29f0419be155670c4a806e4637b435e859de14fc7e4b0a0a9fe2602
stead_event_00204,3cb3be10ba3253efafa2b8d8dc864b84e3716e4b354e7e14367229b3758d468e,5c9c99607a436b70b59a60d25c74a144882504eaa8d4a1f49ed5266efa4c890e
stead_event_00205,78fd60aca192e9a4045a072868c3b74edbf28f5624343767b5d1e36a6851309b,ac51927cc11ffef1e7d0d1c6fd731a61ce0e9b37cbe6218cd3fcd94b0ae5a59e
stead_event_00206,2981b01751c15a28d81ad775e90a38a3c285deae84685f45da39fef3183ba212,e9f24acaba9f7d83ea1564e4d72bc0b7dcd18f0025c470e183d8e1b846df0715
stead_event_00207,dc9b62d8e564930adb3c363b3d0801c09e21465d3920898dddd7d0d1781e4ef5,c6038633b0f32d171f635d94fc6c64773fe497293799ed8f4d91850c87a5e30b
stead_event_00208,98767a2195409c7bf812bf0b56cee6d6eb98189c3253c31369a4e926124d92f0,f8f0ea7caf46c2d6f8c1243806efba0847f435c4489928681235d9e61c95ec76
stead_event_00209,ac6578910091c3c2f277360fe12b312f281de9ee8aa4ee2587e310d68ae4cb56,10384062f465ede1f67956353313072404cb5391b9a0fb74406bcae9ca8fa468
stead_event_00210,eb1428252252161c034f9179cf6a05118f978fbfdd0856bea9f95691383d452e,bb189417cbf8a521ffe5260da01d0aed9624b465beafd463cd0411af5e917241
stead_event_00211,d9dc90b8d0c4900be310e320d6d320eb577952cfba03ebc38d929b1f748aa6f9,ec96402e46068bbc5051cc97c9fa9fac85e0a53b737859e0ff24c33aa2280cea
stead_event_00212,7a39a72f7d4dda03c93e83a533179dff90cb0a1454147b78e037fc3a93edbeae,85c5859878a865e135fb6ae9cdfdc02f5f05e91ec1f3b2aca7c31b55c8501291
stead_event_00213,d65672e71e5f144a8ba72d7d91a08c6df988125afebc9862bc1c13391a785c4e,4553eaec8e29475806604be192f702b8ffce97e86f273d025b2e284a4b4b2810
stead_event_00214,6c03761d8a7216c87f5fd6c3a58deb02af6fa6e4af297e10d6f091b7332429b2,2a6ea8feb77a989bfd96338ac3dd9c8a4e5adfcf292db053b361c9762bbbb5e3
stead_event_00215,b9b9b5a644ccd9b06b5d4dfb3a2bc90e499db45f9182d41b2ab2b90df1fbd194,d6dafaad3e6fe0f193acc31b9f05e8216a0ecd94cb76d656b2236f8e0baf8b1b
stead_event_00216,45d3ef3336cd19247a0d281bded3950a494daa093bf8ec9c8b7a19510bb898b2,3a20c39378527533011217064a70d91f359339abaacebe10f98489f92107d017
stead_event_00217,efbf7580a119a02e8daef8370bfd624f1d6ab9e6eaf3a697d18b9bd69316ffa9,bde6226a5f7bc41dfad3bee1d654a81e9692c7b90e976c6888bb3e143e82a4fb
stead_event_00218,73861829ad24f25159c21bd039a0365d8791e18da9614afa0fe6008b84526fd6,11a9f514d22126ac690807c35917d34f1d9be58b390bf0bbe7d33cf97717617a
stead_event_00219,3e2cb167f9fdbef09cb86cc66d9f99c4e24dd27672b8332ddfb928b8026c91c3,1d11b78268dde3dbe1387e8ab6c8300b5d93bae7896cb50bf847d369685b674a
stead_event_00220,1dd102635e86681ee834e96f656bc60b2a0d7f3586b51e6e8733b6fb1ee4ba19,7c122972404d8e09c9d6bbc2ca7c74fbade7f198aa2450b723804772287a7916
stead_event_00221,a3ba3aec53e93394beaec82461000453c279913107a3af4950d5fd873cb4cc3c,eee1802f6c0a27a248c7f1f564319f888f3f7ebe3a22aa646e5223fc1162c076
stead_event_00222,415942ce45e6635c79daeb7ac235ad16536501047b002d576980e829daf1456c,ea5c659eb01c91c7250a317661df0c81b87d9d8a88771c741603434747816637
stead_event_00223,cac661d6c34fe5f47044c6e8744e84d2065b0a8fa5e068d41060cedeb468d7a2,b50a637b07c89065dd53604a141db427dc8bd8d102203c0193beaa920026b70d
stead_event_00224,5ab2a3684f6d44ea1a9324320517cd8ce88468e1a4252686282761fd80769c8e,38a84a5525d4679d459ec4433eaf7d60ce3279457862b5cd8eba61eaed63cb0c
stead_event_00225,b700f13b4fb397273c77b82af0f0f2dfacb92f15da54f6613cc0d1f3ef4ece26,e094435b5c8ba6cc206f20d915affda6ad75c5d16872e3f07eeca0ea8ed42e93
stead_event_00226,b8cb0d1ec30afa12f4d77b52592c72c225562d2ebb7ead69f322fc5427eedae4,049d3829927ebe76b6c63f0a72aed90736333a1c9edcdb98814de984c31048de
stead_event_00227,31c4fb1d83c82da5a801d66c02a75cb7fa957f6613e68635593847750ed92d52,ac47cd3c821c0a91044894f03e1991991367fdc9baba2cb47994204b06c55866
stead_event_00228,c7280880f1a2cfd13d02890ddefd654b0f25b423776ab8640b442fd599e216b3,b8405cb3ad85ccc1bb335409e3e81e722d8f5397ea79c2ca42b17ebbb14bd728
stead_event_00229,ac281fdf2c8f67c35260b1e01743de30f4b2e94aebc810205f45b76a648e325d,77049be98b6924f69957f32b8718c37deec7dad2b5df7246f693d5951184c720
stead_event_00230,d9011d9899885d0d694984ec34de06c6126c6d07fe6872ea01049cbb47a0a12f,ff2fc067f5734f6ca488899a8bbbc11f7844b0a1ae591795d0f7ba59e0df96bf
stead_event_00231,2c3d64e8105a60c801d9f8fd65411d6ea844676e03e6d40849fb176ad4f4221d,70afb58e9f5527f0da0999458985cffb56542723f7bdf374c794cf0b5cda2f4a
stead_event_00232,677324ac112309014f86fe23ad97a0ae11bff6629f267ceb057a2c5cb6253c4a,0482bdb861178ec80bfefc0b3efcc02942830a3c83c1c03ada1795993c1ca6de
stead_event_00233,4bd5286162c9ac900421fc039335c15b25af3996c0443ae944cc349558d08ace,680fe648934c78de102f8cb6fe60339d2729177fc959f062e0c206696e51bb21
stead_event_00234,96423dbeb8cd6939e8f6306ddfca99d22fb5e84affd66fbb4768967d68fb3d78,119efdc94c0efbefabffa1969b1bd5f19d3276357bb9d799e5b22f4c732698c2
stead_event_00235,973d407a445df9596f9fdaca375ddc72ff8bc2b0a2b7df331a3a638dd28d5b98,9ed0ae9183bf6823767bd1c4f9d3761a3dcb1bd111441516a3f251dadb38be08
stead_event_00236,e96414e1ee390167d4708f30f43ac044b5a84b1406c35302c95976e260906ed2,b5ca0b4d8ffedfdc4664e5b295704170566af371ec02de88ac2a18a55ec03370
stead_event_00237,10fee18cbdabc4433fa80f201e7c3eba1ae1076cfeb2107e8418741392c0aa65,814fcfefa9135e0f2738588c230d0c6d164f0dcc6581a939c4bf619891e5d6a2
stead_event_00238,478aace8c0fd19fbd8683beebc6fbd417b14baf4dc537895aa1cdb1310e9afad,4b023da3669f3d2cd2ada14b9490e1e83001242c487fd9c81bb4d8af4bb2bfa9
stead_event_00239,d8dca621e2c773412e28aa444e3cab8338b48119891d46726b28b5440d0bfa3e,c977219d798207b607e8ff00da4ef60935b3fc76f9555bd4ceec4bc18ddeffaf
stead_event_00240,73dc956964f891e664802cb423f1a4306a455a789185ff052e9ca9dea143e1ba,9c94f5b4a29a1283de88e8074a078c1de4cf537e2989d9959462e81461468349
stead_event_00241,64c609ae3af11e079905ca631276d17ca3c5016f8325c866bb40a1f78d64f244,8a1341cc5cc168f0c0e6369d6e573e4993e85516c44326f62aa17192be995884
stead_event_00242,3779977af6cda5469c91e0b1b44ea4a8eb33305e854482d0328777517b61bcd3,ab79aa3f04e1657537325c424312ee847e007598f0c07e673a0559a67c597edc
stead_event_00243,e33e7d58fb5cd3f34923e6814c99a83b72e0a415660474d6c353ef2a2430e3f0,e0596c9a467528bbf19c28a217da9056bad92ab976aa1d33241f78011be108d1
stead_event_00244,cc7ce359cdd6ddb7e872203627cc486b06da7aa35e23c0df2c2369be5aeda28e,fc06d6c1a9cd5810cb4279b4054461610a8b86ccc286882367991cf605c3ff0a
stead_event_00245,70daf2875ba66da8b4a9bebd352cbc90c8e071bf942a666d400039758de931ab,96c9b05d5f84082dfb4f4b23cfe9375fdc837d2ab29d001ccc3e81774de6f933
stead_event_00246,7d2da6611a68923bc41ea39a36f1120dbaa7e3db6658e18e49336ee84f353fb4,57eab0a77e6cb3f45490307b93e0d3cf14ab8aa294fc46043e012effd53c8bad
stead_event_00247,4f601c527d4d8dc87090a543bf0895e105ca1112c13bfcd11ddd7b0bfb116d1f,8700508484f8f71175a00846077683878a2ea8e46d1c1b330b9e96221380a166
stead_event_00248,54010b59c7989851d41637c86100a018c3dd8dc2942ca89181a31592052152a2,958d154b767b2f88e07d284b9697ac88d866716636de208ecb1ef704ef5c2161
stead_event_00249,3b592efc4e6969de07b1b73d9e546a6614ca863ff5f0435ed78f641d2345cc3e,f884601454e4c39a8a173c0f91ce5c726cbd3bd607a07c3d77c626be0fc2e403
stead_event_00250,2a44fa22e60ad72d27d671355ee1a36d631e957d6b313ca0f09f47c9248e2517,652b58f8622e00f2ba9ebe31b351cca01aed72bbc8cf2b5bd3cb72304687a58b
stead_event_00251,8f236d44f30771de564b49ff74145d20cea94dc059de998bd5c4ab33c2f4b56d,eacb4cdeefcd6e6ad923cec671c66186b55ce8ec76958aa6a89b5d0789e65076
stead_event_00252,83a571cdabffe1ea41bf807f4d9bd0d78b398be11d8138270608ccf58d7f283c,eb118be509675f30fa47abd5a807e0afcf26dce2c289c230e1c892037c0f07e9
stead_event_00253,01704624bd460498c28dba816f960bb7875dc986f85d68ed664a26fe6f6de480,20f76c1281cd07f8a7d995757c29c92b7cc9a5334a79df62c7a92f6c769ac875
stead_event_00254,ddc7c2366d90e6ddadb1990e13829a40e6ad99064efdcc3813f59575f0d1dc8b,50c991e62703b816b0b516620410425f0f3089ce78a966bf892d1fc4fa9a1cf9
stead_event_00255,6cd378c56ba541c69de6976fcbafd5ae1d1356439ef7e49c44c79d6ffba473be,efab204f6f36c7573275e1b7a6976ba6d9fa1ece5816f7284cc293b8dae2f401
stead_event_00256,f54c2118d1bb7c80f51468fbd65f7431a433815fc8acf2c98595e95e5404bdab,acbaae42b927e386adf5e45fb4019b4f8ec223738ec80a0c927f75d366461657
stead_event_00257,d8908477bf58c30cff90ac47654a3dc4cbf048a2c148ae773ee7f5773421008e,647461fe3d6a35a6160e4e7e6759a8a49865390a13fe57faaba8ba29e7e7ae9a
stead_event_00258,77fdabaa1c7b94096bd3d7cb27c48f80c183f6fbe465367d99b3bfd0e42c48f3,85b1e0cfd89a1f9ec966a6661689249a6f149cc59ee89f814082277e72c3955e
stead_event_00259,a06096a08aa389aa56d34ea7db08608ac0b4f8c916c2380bfabecdde5ded0a12,c15e8900601fe62362aaed3fd3001bd66d6062f1dd43fa3de1c1fdb8f7c9ac04
stead_event_00260,fd56c973be49d4c027f769d389769d7e1c94dfd1dfa4f352c8df7236853175b5,3e6a5500e07f90059d5fa63f5d747f3593a62e80040291441b200d2b470f498b
stead_event_00261,433e2a8fa0cd5c0405141d50b87b86f03c194bb12d6045c2f2cda862f8611fa5,dadb96376f3190723d162d5a94e0b41c8f308766663e1349634c9bbfe1b702be
stead_event_00262,7cd290eb97cc4acc2da62ea0b995f566967e3ab1e95bb694f221f4329dbeb191,7bbff9f7fb15e8bfa03074bb5c1ffb2eb2745f01b2fb6c680594097625f59101
stead_event_00263,d6fc9cef91adb42bc1c7ac62651901ac3c8917cd4f11f841b6b8ac06fcf5da9e,07e0d2f1f24628f20a8ad32a73915412d0768d07003920831a97f2fe63038778
stead_event_00264,67ff9bc9ebdc1e323a59dd2332009148b2c515f8f569ca5087e6ea83cebc5c37,92d470af884385e35dfa95fb85b1cef3801d6e40ba3a2553c690785084ff4521
stead_event_00265,acc67d6feacadfc077cf9d95c04c0451b338d4ac5d392f6ad2af2c06ee3b11c0,94e643ee508659a6539e13fe74283ba65bef42631e13b96f4d3218c9deacf6ac
stead_event_00266,60e524118a839a28fd4131ae64b9786e8a23f344c8e4cbefe0fdd2734e8bfb42,2e01f08d6536ca6126182cff20697b308031720dffbca1702790887c49998c8e
stead_event_00267,9332e504c798ec478b887d2cb641697de0335fa2563029b7165ed1d7826e0b74,a756467b13f43de5b023067c51b41433a70ea9d5d9d5b565c26adab0fe478e4b
stead_event_00268,808d325474c5e4d42c7c1f90415538420e9421308c0923a3d02752776c72b5a4,d2d9c07fd759bec24eb47b9c9abdb1d17c7b5ded1ccdb1bc30b910835a516f96
stead_event_00269,8218b20185372d57328f3da7f6ae303c0e7be012a2f1fbf716d1705c68999f40,b702945b3cd8071e255bd81d9e40ba118e149bc424a5fe244bb76eccdc58754c
stead_event_00270,dd6ebb50154ecead0968012dbdbbcc00b66cf7c6b8da6d8ff887cadf1a371760,7b959ba5c93c83e75e9fbcf8fc517bb19bd7f957f706465d90a2e0320dfe0dea
stead_event_00271,c0d6be71592de4fe589fa3932c9bc8e6d3032411cf91d378734fafe0bd7b9912,5a8844f83471eb724bedaaa0b7ab5e7382b7a84875af827595dd7553c7788a68
stead_event_00272,35ca913708007e6bbadda2ee7f527c0370d20df1baa74d0fab2cbf9944b7bd5a,53120b576b64cd95b15fdc9b33e69e159cdf6d02035801541a9fb141636848cc
stead_event_00273,41849bb32a2042bcf05eed094859531d222e579df46af3f92309d9339a4eaa4b,8e4580c7f24f75bd39fb049bb0cbd2398d9e6f2234f517e56637ef00ba0e2665
stead_event_00274,564bfb5db2bf1dd336665a0d96db088a08724870ca7d3c001d6d6ab48d35c224,6509f8be0abd2430fcbcf8a8b6675de8666e7b30688a9fa5166974d969614b88
stead_event_00275,2291bc7fb60a70ba0cd4837eda42244b49d2fd1d43af4db1ecb358d3b5fcccf4,0b6351a37529fac06df1b202c72ac8074342358d13aeb20bb7e0ffa9a5eb9ab5
stead_event_00276,d0a471522bc15ac47eb467934957cef8a23a8e9bd56d378b62ecb0dfc82dee0b,234a30e668074e9020869065054b563d7dc2fa97b5fcec3aed175e1b68eedd8b
stead_event_00277,8493512ce6bcbbcd503d897f94c189180c01d8a984f75568d932425f790bb7b5,63813d62bb40c18a2d8fa84188fab7a99d4dca6c6fec736dc087a18c44ba8275
stead_event_00278,4a9325d5c16a2f46becc1c1d0004747d45acdb01350b724eeee83e72f8ea9b65,82a1f9f32b9f8c435e64d9f4e279387ace23dc33cd1f85591dd08f87bb8253e4
stead_event_00279,24f0e7cddc513aa494fc0c50745a4ace2140bb95c56e9b0fd105132a1d45708d,0f8af9fd1276c6bbbabedb3eab7235b3f829b7eaa1e04ccb2754f6c1b1523c45
stead_event_00280,1cdea5526585eb7ddd9a797622aa962037883f1d83580323e16e44e47f2821eb,89d89f543c5d8546328714bc6ee856a1fffc252b7d36ecbf1bacefb552ae720a
stead_event_00281,ac3dd52a30fa91a3cac8c070df9edeba1c132d79c1f94ea4df417acc67593037,476b27fd580fedff2bf72ca62a9e3821e61182366719c774a5650f6bfd7c0439
stead_event_00282,d2d3aa8953aac3381ebe30ecd09caa771740a443812979e69f9390519421c83d,0ce120022393aadaedbdd201b28d2625358f4ac5c7d5da97448a1d64078716c8
stead_event_00283,b4fe58d67d339ed71852cf88d952879af9ea82ae8a2fe9d16be9f522ddd7f061,af4fd3e7a2b70a89438a2563ea065434145d53e864ca9126dce7c2cd5f2f43fc
stead_event_00284,1dcbd80fbda7b0a0a720221cde9f889900ee3dde9960e3c4d077ba6ad7977b05,417041bb6b54d7928131c62dbc602433be047dffc21b8d57ad7567e465d23cfa
stead_event_00285,e9d61de3e61fa42af84970d2a86d01b360d707ebdf1cf01bf034c52a08c87524,b0d9c92dd657d2ac3806e3cc5c55d422573f1a477c3fcfaf6a7dd51cf1c7d4ef
stead_event_00286,63b0ab2c2307eeb426fee4b210f164eec4547365f545a6c21f4dbbfd998d0aac,6d10cc6d873e25c05fabb276803092f2ea16e4d94aab47f3069f5dfd29077c1e
stead_event_00287,790d20cb9c45652aa21bbb807ef4341a4a3a34431d0cfb49c0fa7a1b0826a73b,45550bf362629e7bb8eddc7b0a6c820150c5aeead0396d6c88292337e9e5d0fa
stead_event_00288,9d38b6d0a0ae642b428b9f9e7bb4b86fb6e99df894daf7d1867dee4d6cad6e65,bfc362c843ea96483a384104b92b6795dee0bcd9b6b2a19438e1090800d4a234
stead_event_00289,a94a1e7112fc8ab3cc0f5311b70e9d5ae146201662d816b614edb6ca87846174,016f5f62947943b0c1145e9ae4ed09861f9689ecd1c4963a2fa2e6f756e71d79
stead_event_00290,334ec5b99b865d7acdf03d2e05d3e746dbdc646def5b6b3b0aac33abfdfdfb32,ad3185faa2337613b782fd9cf6a3150b1d9bfc82664d1e1777e5820fd06c97c6
stead_event_00291,ec6caf4beb53ce22c34724fed40710fbfef289c504619ed5c8bf15814177f4f4,66eb17cb8eabba5327032bb9f7fe594ec586c4272e300e335358cd0e9b98c3e8
stead_event_00292,ef50a90ea706d2718bab80b725043dce8cb3cc168224b5baaebfc124c98670c0,cda6c00f477a92344c57c42929ee2c190abbdc0e6ba9783e95f7175a48d6f1eb
stead_event_00293,d6b2a6bc4ca323feae432c08f42fb3e60d75a135cd8334b074eeb0ea7a0771ef,449b9e44b7645bd06206ba25b857326459aa6e3e79598ee97a1af21aaa4d941a
stead_event_00294,95193adb1d48ace31a79816b33d18fefd360ca75d17431e06c51e632235c81cd,73c549e21abe20aac3610d7f8aa34abdc58186947220af6d5b46b1dc899cd222
stead_event_00295,ebb3336ae0c0a20338c4c2b66907d61e24d267075071fe2bc55160b3ca14efa3,2c2f6d2c4ad08f44759d494bbd95f51b111e2dfde713c2e8c0a271c2e64333b7
stead_event_00296,50a7fce8a9490a5912d01f564caed0f88c284a7cb0031914b9e8d3f1c597309e,52eff5e434832e854e35c56f4da5650d7eace0458807e6b48bb67d83949852df
stead_event_00297,05705727e4589dab352cef40ee727ad33b8edbe61d70060a91f01e4a91836393,a97ea901656c5dda871dc23b464b48488732138a8abbde807efca858e8f48751
stead_event_00298,5a3dbd5877653de8f10ef3648ea6c6dda2afd91bee557a1a7e155a595fd99ec2,ab1357c2b7c5398ffdd499a1fad37119b74cd53e9a59983b433378d58cf48678
stead_event_00299,e19fa290f692b0f3ea13c2f9559f36f563ceb21bb559a7555692ad5d8bde75d8,c282e3cf95ffbcc69b3fef78abc2519aed1fdac9b2b193599bfc9b3ed61d2707
stead_event_00300,c660940a03f3b432f0f9d78d993ea0cc0bf0062f394ba15232cebf41961a9af4,61ace8d1d314950817c729da8374e3f6a15b62f2784fa8dcf6c04283c350bd17
stead_event_00301,6a65329b5dd5b854584bfbdafbfb214e2da03eefc778cf99c8b5bc62cccaa6e0,ed2bacd4ebb472ff48c931fe88e1df79ca9bab936c394add03cd7020c91d8735
stead_event_00302,175984335999adda12ab9e1f08ee96d20f859b60609e7cbd43083492738c97ce,4ce5b4ccaf15b9d3e87f4a81b50e3cdec113001c2c20dff10faa87344510bbe9
stead_event_00303,d9d6257aee3e4fa62afef54217b03d2d1c968fb01ba4e6d01e23ddf08b0c1b33,035b72bc00874b16291417f0cdb9f237398e364aca3aee7a3a4e554631b9eef4
stead_event_00304,b062fc712eb1c8fa8923b9a495f41be39436ddb7887cb82f33847a93999c0e1b,f89127f7287604f78531e35f18501fd9c562c74932a82d2efd2bb0944b28e897
stead_event_00305,181ecf9d6d43e642245243c6592bd50f55065a69bcbc6b2afdd3e2bc1e537621,07aa4d3645c4fda0050c233001162ba44ab9cd1d871dc5341e9d233f36cd9481
stead_event_00306,47466b1b7efb34696cd03ae0632d460b3e4f9e9c689b340d06a59a0e14cdab74,9f5b79c86bd3b88cf61c9eb9a9fa47773f944bf5fea453d81899616b0bcfc64b
stead_event_00307,c0633d9c6e1876d5c67ba3ccdcafd7df069cd472e76361a17c70f6bb1155773c,ab22979f6bf9d8cbca3a4c810c0e6f13d67e661ce77418319981131722aef523
stead_event_00308,5348a6d1ef33acd3ca1696551df1b580ca854c9f2c00524d26935e1320a7147b,960e2a90739a614efb57ddc45a71a4277c70fb05a5e63eb533f4a990a3210eb1
stead_event_00309,08b2755b45473cf22dba31a8bc26a2002a31cc64eba669003e10055fc7916966,b365a91b818416d82d8e77b449429c8dd17d56b03e77118c4af595393fd0c26a
stead_event_00310,7ba539583fba6a6ad2b0e5543fc190e0c311e2a9e8d4c584e2ef30b36c13b5bc,1226f855742cac8aa31eb53dcc93b86f912df16239ea0e299145eda6ae2d4e43
stead_event_00311,ac530422c948b58ce4f63cd1f30e63c081951afd7be76f1979ad52b84314fd8b,90b2abec1691174d5cae0bdaf6fc7c1a903e0c080fe507f42d54297ef5349e65
stead_event_00312,4465932813086c735b1ac07e270cca3722bab0d45464d06d2bc425d4df0f8f7e,a4f189f31f3cd7fc9d84e1edbe1b14a77c7a61d8ec3a83488cb4ad74940b3ff3
stead_event_00313,62f82df72e211d147be7ec0172091eb9fc09514f57da6bcae246b8a14c573fcb,424951abab7c56ff04161bd83bbde14c52c288ddbc1d8cd39464da09c2420dba
stead_event_00314,2b23f5386178ed3f879e82773ce9025505bb6aca5a851b2f95f776e8083a21fa,b761c2269109cf110b8857de73dabbc298227470d0c01659edffbedcefb553a8
stead_event_00315,0f77bec5cb465d2605a78493c35f5a5f26b3a38a97f7819fa9d304df48015300,a1193fcaffa07f028a3851ad38919b89e106ed999582ea967d9945fc2978d47b
stead_event_00316,c61ec3e12a5ad3625330328e31b6e2cf5068d04a3db6c48c3f229adefb738475,af2365af978c4703d7b35853f445566cc6ab6e60083c4b9b8ecf180d92df40cc
stead_event_00317,636194a287938ef2e398da93673029ec7363424ddbc3f3adaa2175549303e30b,bcbd2b2b59854c12641e1edd5637cbe8583ba261cc211abff3511780fc342dce
stead_event_00318,6ece3257d145ed49679b6e171478281abaf2a0c925cacd3ac3d0b738e82def4d,b7921ae14aa3b9361ccaa959f54035fe21ee2c14e0f8bbb7cb1fb3a236675250
stead_event_00319,733faa610a96901ecb53adb21e1c5d5c030801933e01fad1e5881d52d9c4df44,90243b569522c5d1a692aa7fc67e6b4d54a29d064e443d23ac8a22fa1aa7da26
stead_event_00320,31aad2696dcdcf72189877ceb9d5de4f0d5e8086d9066fb98ee2d7daeed4fd13,e0318ab18b74e79dfb8a28e5f0f2a566d473f2b276770f5e8883fad66a1f98de
stead_event_00321,84bfdccbf8515272f75946cd84afca4f1cd4fbb4471b9cad36c79ee10f043c2d,88fa2505ec0c6c76ea4127dd95fe8f82298646ddaaf19beb74adfe9005bd0181
stead_event_00322,8b77c0e96f7b450eb4463fbb0e93b3e309b3ee09c96c769866ef835df93bddbd,af1e15ae5a8169ec358dcb36b4736afc76d74fa89f61275dbfd066322b6232e4
stead_event_00323,b89c40931e375c548fa72e50a99fc5292c61cd0d61ef4551fe8ac20c18047394,cc06b6ef33466e6a179fb850dcde9195fbdb204e4e710f1ba7f242a572e34a4f
stead_event_00324,a86096ef190bd18fa5f4016da378b0bf5a36f2c92f7a47bffe291d2e39c0a573,0aaec0e6dd1f5007ad57fffe13006f0d6a1ca3f029a6e0866d020eb9c26130b6
stead_event_00325,452035c4014cd9858fb06bf0e38aeafcf3138fb5087854fd8306a26fce68392c,ef440eae4987889186ceac48ba2933c023a31afc81621395d0953111f2fca0aa
stead_event_00326,80fa56a8954905994919d0c32bb2ceb29cb3bdb91d8ca0303e8b85af7464dd7c,afb3dd3a6a10131218c4092c7f9bc89d159e6e316e16cd9758ec16255abddbe0
stead_event_00327,21f3cc855f5d69316dd909717375526a498b91fe5e44d9c2247df36f4d7228d4,a578988e4d53080f15edad0d0fcec578d373d850bdef10b61a1afa6827a29dbc
stead_event_00328,65e48df8b3385f44f261a78d83ad3213757062f0462e960f6ff9f0a684fbbec5,4c3b68a664203b13ef5df32f4280565881b976a50b94a92879e656e3c52c5249
stead_event_00329,9c34f3ca62fc8eb3de264f10dd33928a573e61bd07f6fa581a7ed4f5e9384db4,e74bc9982592a88dc95ede89ca2ba641bf3b34f48ce1430e6f2a72a37571dda5
stead_event_00330,d6b2ffa7859c1e81c2d6c706066d510f4f5f382b376732e6fc2cf7bd5c92884d,7c44a0af220f76b166129a50f6c205186dcb2713bd8c25445c27622731ff2245
stead_event_00331,6b49545da552a846141416dbca185fe18fc4c6f3e1006cdcf54dc97841e1fd9b,2e25e085d1f49f45352a69d081af44c58f69c8ab35dc000b8a186f006fa77d1c
stead_event_00332,4634dd87a761732fd9c07ae07271da439406f29444979b5ea07519327ac0d017,129b1b731b4350a29daee6522f6714c36cd30f7ee79e8574075284565f2cddea
stead_event_00333,eacad5d2de17773d960624f21e73b08f121e220dd6a50ca436d64920db71f4be,8b4a7305b4f0d6b8f7c23cd7ff0b6c9f4a419023a3ecbafab80a23cf5c0b8072
stead_event_00334,6ac663a9a3345a84b41eee0a1861e9f7eefe7ab79e4e3faf43b2a8c8cad083b9,63ceee84cea7ce5896a8719948ec864f44ba07a31df103616b5ac772c41bacdc
stead_event_00335,086a8b465fcdaf21acfb714fb739f112e229347f73704d657ece8487add23169,794c2d00f21d40f1c24b102b5f8d133a0ea385ad26e56122f13a3816f68c1889
stead_event_00336,edfe152e7d689fc8c8f4ec134edc9b19e0ea9f7267cec926e04c90d5946f99b2,7f24ed21b5c7327545d6579949592cb647b12deb5f5b0463b53066b18c14bd88
stead_event_00337,007c6c7db871090d81163a8567fb0ef0bcf196647e08e525e1d72df2b202bc7a,864cce687301972339cbcea2b9e5acf53f071eb4508c924d885e2b54ee025735
stead_event_00338,d16caf55ba8cd29ac412e38a3ec9a55b19e9a9a379b68a802e13af306143f7a3,5f37c7be6fbe94c56ee5ea6b03bf9ed8e6fd8c3e1c81b8c3d2c8337117f51c1e
stead_event_00339,20ceb8231b6a319352e04add2f1edfec228ea40b36af37b796820ca315d0a263,adf9f1363edb12b3abc7a0990cef3fd85ea6989e4bd427e4e2367081706d2c91
stead_event_00340,611f671c290125183620e78df98599e31e279efd0d90b2db39713fe9a21c06ea,d59ed66a3a62f5da2fc6305cf5621f00fb331ee5d11bf1623579931b5fde12a8
stead_event_00341,f1afb7e42110ffad9839ed85a1594cec5db2596a0badc02f6777cfbd27e41b87,a6e075b5b5c45c1d3a00a1beefc8b08a14537d9a8b020b8c86b5d8354a921e7d
stead_event_00342,38dfde38a0a6bf4218afce63ba239f858e2489fddafe6ede154e6ab2dba36257,a486fe0a591977d77bbaeb6b60f7b3b179baba4e85f99899e4ce8c07e8cd912e
stead_event_00343,401f6302f283f88bae6f4a233087ff6269b3d2fb77cecbb89401f9d50b82c432,681d63a613e75bca3338f3f6c1ad78e6369b3f8beba138a6a1a6d489647e96c2
stead_event_00344,e33fe2c74b3319d9715087b47fcb67fe8fd2184ea74cda2f04f3e4064c153a5a,ba73edb74b9d2a09278a2f71af74b12edb200d0da7ba00fd6e1377c83a8a8052
stead_event_00345,ce1b7a314c005a0da9491dfe223e7db6c102f66a27d16a93fa15714e8f495fbc,fcc702f208e545e35ca415b8e1256316eb566aa3ee15e126e8c685a1e0e15d89
stead_event_00346,c5dde7c3118d3305e0f2e5467e8ede8ec011b4c56c763c1c0873e0d9aacf1a2e,6b196ce95629840481ad7dc3733d0a3e5945303e6355dcbd0c2eb38ed3d2275d
stead_event_00347,489026a5bd0f2bb49df9080c698f2cf9e0559f9be4cdd645a8bfce2bd422214c,8464a84fa3185b7b2fa15a850430c870847874ee89cc032283e17fa0b247b9c5
stead_event_00348,e4bb1f85755a83a838c88059e5739cbf1e2b0fab4b69f9c885400bb258405eaf,0c171e25a87eefe390b46e4c298d3cdd0af5dd6826a9adc54cbabaad9d7c0c20
stead_event_00349,eea436e8d9e5fbe15e9347ddf97f9760df5a8b2d622c3897c7d400abc8d69b99,5b1dab66f9d6022271cd28a37a11d873e2696200ef0a213693b80d009025b568
stead_event_00350,f2c1ebe148022cc0038c22fcda2b096cc75a06d522e08f57b88e0e79280863e0,9963095512d73fffd811987e12b8d41a051fc4f46eba91e931852df849e9361e
stead_event_00351,192993ec7ddb91bb4e246f691a47855fc80ee3c03cfc02e8de262a6c8193f2b3,06794da490c110f681a0ef23c282541549014e9c9dace6633a40d4f4e721b3a8
stead_event_00352,ec65c4c635275fbf6a6bd248b547731685734779a274a739333053568839b067,f3503e370d4a67fb4b9748af3540eb2730ee742ac4c01dd5e4099fb5f70ab6af
stead_event_00353,907c80d15d724066db8eea41c697bbcc0cf26c2b60816f18f263d1ab96b80e08,6cbfc0d549a609000b2daae67cf92365f0d5559af466195e8d2834aa9ca6d614
stead_event_00354,e83caec930de08c95209fabbbf5c20b3202e5bc80de6b4d5c7091704fa28a30b,f1279948b4665c0050a3cb7b5a67c69db191a1e6eade6e276768886bb924e3c7
stead_event_00355,0b8fcacdb739a789e2f102cfe049bd373e73e7ae77225ad516f7b1e9c1f1d520,2252d06a3a6009d1d8fb9acd4af713e14ca05fa3deac7e794515e0ee0975edc7
stead_event_00356,9d0b4b84fd3f8bd29aab75d768c8bfa9ae57fa0ea7ddb0e54a66d910e55d74fa,dad2663461307c165029e9a62a368c960481bab5c4a01d94df63724470004bcf
stead_event_00357,5245097fc0db7224779fc01d1de1fbd532e7221d0102312f9fd69473f3482b92,f7ab9266266e03c8cc128e9ddfc458e2f924c7375857d32621ac35cc6c7b15fb
stead_event_00358,411f7da0806d6adac89d4e12414bccc4954023ec278558712790711b5f836166,36db4f2be361bc63707a336d13178cb12d70932862b2a7f591e6dbd28e282a58
stead_event_00359,7070138085d4f7253343a8f20ca39df8ed9fcc691694d2592a2cd06cb26b0c96,6236f978d643c69f5e736c0626b7034cf31a11d778506abf6dd6cf9022dda928
stead_event_00360,31a89aef20bd7f7c17646fbfb8d8a288c3e08e5691a28ea2bfafa03463f223e8,6b47f30eba3125736af7ca73a689f32927d37d3a3010552943c020834425ee46
stead_event_00361,0e10d7a224359d04e1b7d3f472dffb99bbfdb4c4076cdaa8783e320609666c76,959ffdc49e2f1d8791f1cad86a47019c78c04ae8f284bfaae68aac39183a802f
stead_event_00362,8d20427964e1430e2cb157c5337fc14654e98cb79b08bf3aedd8408f393a25e2,a5129c7475f0adbbeff63211256df40ee22ffdbf5776af04bae33eed30f2906a
stead_event_00363,61163f0724ce4b1dee985a0c309a602b2d9a921f963478def933680e2bf610a3,17b3cec7a88aa75480a0e07c2471451c369da7af0865d5af9a8985cadcb8e50c
stead_event_00364,ae9d464a68e8552129e1f203dec5de8b7541c3f058a85b658fa18f582bacdbb9,33fae27ad5343a88e223ddc57fe0ac801e2e7a69e37f5859d80ca71c33662361
stead_event_00365,072e2c762179d9476a26cc9c85cfd21c2693e6e0e0a30810d861b1a51a1fd790,71fcb5cee87ba90f674480c00c9cb1cfb3d7cc0abd617b06493a45e08f9bfe57
stead_event_00366,ae6f6a81c9f8321455a2bea1fdfef71761c2d0b486664ff8f79dc51d0f028892,20f70ab086c49a1147babd9779a384fbc89ef68bcf70705c42ec8a39e63c866c
stead_event_00367,bfc3296eb8cbec9b8f8919e137f1810faf73671dc7675c3243722ea8840b31b9,6812a27a8dfae74c827af5ad82052ca43bf570ba8c8344bd138ea7fae772dca4
stead_event_00368,dc5fd695ed67ad3db20d45aaf0443847c8910367cc0880442928b0824e6c4fa5,552c65284b419b1339f5e8404ebca4addcc47d96f34845598061ef54cbd4b040
stead_event_00369,2a44168bff333632dbe8969294fcda0edc9245def9441e28dde60ad3f3d99c4f,81cbc4db79b22b316fd65f1d0ebf57b32769f85f38532716fddb98c3dc983956
stead_event_00370,b0db9b5d425d68860214b88c9bfd44b12ab81d4919249b08df6c32737534bed3,1b5e98ebe0d89716c51665915a0e20c30e86ba9f06f7ad66e05e13c090e98040
stead_event_00371,870ebe14456604ea04199f7cddeb9b3a4f72024eda133e8bc4daae77e60fa1a7,6496c1fe5ed773e1edc2cb94efcf0af827be868aaa974fd787b0cc847b1007d4
stead_event_00372,b0637d7c57bf79f6645badafe9eed6266d3776f401e6b6533c944a79b2f20e6a,430c35c86c288e6d652d8bc110822757d7b17823ec7492ab3057936f0996bd74
stead_event_00373,ded0aaeb2f199cb4daa722eb2975e7ea53b9712e159f87d7d5e708de602b4539,a539b3f390cb62390ceefd1fdb72692c09bf80908269b42713fba57afc6e8dca
stead_event_00374,f14aecce9f302f01e1584a191f42af5d76c7ec83283b8ab54c343ecee870d691,6b2fad671b695ef4f3921b952610b702988d7398864b38c21af7293f3432437f
stead_event_00375,ac1b6518ef9782f04d50fb6b8ff8f5f6dfa82a5536120ca71f62e220f3b0f3f9,30619daa4af01985bc20716aca257e1ff1db3261521fb5462ec66415aa714b53
stead_event_00376,177e1ce409f6f7bef4cb03cd8ecca40dfd7b5748ab01032b94f9f19b08fd2d91,6f501bc65ab1498324b3e035f1466a59a5eb98329729889be6d135343957681a
stead_event_00377,a78de7774a8991e777dcee1eeafd2269969c06d8a5455bd8e7760dcb2186bb75,9e6e4da70483e87ae409bec879060b98ac3124d2ec843840cfe22235a8d9cb2a
stead_event_00378,440da40842f732ca6cde9dd9fb91e35dde4bb085f35de000a09bce6df6996385,b97d67550b633a878c91ad42c1436734a0eab33a5410349fe9eba4f0ac2f0553
stead_event_00379,a12de07efab03b0bb6f5ad4b7e9f7abcc3d2eefe5b140fa31114787dcb7ce7f8,1245e9e2ee00426381046c3c1e516b11f15db0b45b4eee05fbb7c8b1e88908f4
stead_event_00380,94809de80890719aef3d19bc1b0de89ffed7a95c4eaa128992b8d580b44589a8,83089696a36ce102e6af742d40a533e087eee73fc19b50e584dd1029eb86e8d4
stead_event_00381,91ff4d8a43d9d97f1c7279db09b975b5a5c5a773a47eb80b56f4a6435958062b,4aa1799be072f618d6f24e24778380bb78d2435c25fa063f9079e504d6273820
stead_event_00382,bd9489c1f9b92662050b4b399056869f3ec173082076a3f3a7f6bb0f8a6a7691,b6867220b427d0bd85b26ac5fe177c8b0d9b4d347c40d473b72ca4ce8d4d242e
stead_event_00383,f0b1aa46118e9698bf07a4df5e952db67771224c658af5a788ea4d632f927259,6497c8d8c3f7ad7f0ad24f4f6b0362974aeed2508b0770fa85e562bb635471d7
stead_event_00384,bbadd3217a1fd51afd8d386ba6918039e25c4c159bcb2febfc249bbe39d87fea,5359cf6d2f86e4609590161b787fc38b9880dca4f12c5dfcc30115d0476f9baa
stead_event_00385,d928f2010a6d5453d90f11c0728358717e910043f4014cf5a4459cbf169c31a4,5131e230cdee46b38aaf55a5ea9e175e893fdec1716fb4a5f2d8acde01f935ea
stead_event_00386,3f2044658ed5d9e14c4777081d31e8884dc359aeeb637f723d26123e4727b976,103c812a9a921f6f7979fd4c795de8e042816fb77c0c6763ca01ce644fd49ea4
stead_event_00387,a12bab4c9fa6cba5d29f9bb3f231aa54a7ca781f3c75023cf039f895418516b0,e013d8a68287bdbd8feae2020b46ebca4482cf76290a4bf3dff1522127fdaf06
stead_event_00388,13927a0c9ecead73af2042b7c324fdbabce61a39800e3d70a2ee8f2e0bca76ec,6447832a54a8fd734546b8c27c2e4693104e07cca7abe0559fdf218106a07d70
stead_event_00389,871efe9499956c451ff3cadf00aaf5fed682bb2006fa9da15d0bbc049a0c937a,a6e3a001041396c4bcb97b032d7ab5dd6bcc8e99d318c0dd609aa499987f61f2
stead_event_00390,56373fce6e5b16c465a331e584c547e24ccf988537e57e28a3a5f1a2368702b1,2ee4c6d8041622367d9f2e0e5c6a692510e7731b6e92fbbe852fc5184689e9b7
stead_event_00391,a69384d626eacb681a8e62edc8b7ef18ef593bf32e0ec56f6abb0f47293a59dc,0ce2ba7c37784e83cc41cb66b1d05c4a7d598294a8b91d676b09f5b569eade9d
stead_event_00392,28c431862269859555c1f9a36c029bb74c8de8ae5967c589f00f4e6ad0d7397f,dd51fdd9bb1c880dc25134a5fc301f654e1b8a8c583685cb76f367c9305b7510
stead_event_00393,d6aaf9547fdd5fa5f332f52cfcdf79afd06f09569cb5c8108d95972a670a24d7,b08965476ad47cb75995a1dc91ac2fd998cac5bdffd802cdab0e7c3ceefc6b2b
stead_event_00394,faa2fcf9f4e9d085acdce4b0315694dbb32070f4b57fd74cad86735f13986a3b,540568a217f106c7c6902543bc223e85df61cb5d2862713fc0bfcf81d2160ff0
stead_event_00395,0cc1c396e919b53753a3cde824ac834be95c6b760e984297805ebc809d71a81c,4da004bc49a98a01ba1b533fc54b305307a405d8265a7b9047afaa62ee68a508
stead_event_00396,26c0aafbd9a99682dfaae7decd41b27f5aad5defb113ff334c52892546bba9ed,1aa6829c746f954cf1d51d350072b735ef864ea8db1103d6279dd86a24dd013c
stead_event_00397,cc3d86db24d49fd52b8cd7241cb9a36a2c7004412034fcefff8e4676d199452d,b0468b1259863946a2315fd4e5d03b76492d87969c04e9eff2a4a0d097f2236b
stead_event_00398,44b3a90e1134849739c2cd58a21a57342e4d02f5ed6ffa2d19579a91595d632c,ee3588cf55bb8f3d8c3dff62ea8656bce4e661d2c63d300513eccfa5ecb4309c
stead_event_00399,ab68726640708e9961d275a063593a536e5a2c62675c052a6772905c53c21f18,3bee75c4d29b7b568c8f9c598f0633eb90bc057081c1d83d4678014d2703f230
stead_event_00400,771aa6e4460d16739491e7f98ce86be8ca03103c8f328b6893847f2991209ef8,8de79d0b8f785409db07b4083eea1862fbdbc5fa89d5c472a072f2837220f450
stead_event_00401,d54e89cd59857a7754a227dd33075186399e4970d0ca56d5f840d0f507c85950,d2e223b1f3e870cac45d476782d69d07aa4b3baadf390a1f4fdd6f2a7fa8faed
stead_event_00402,fcf2596ce6b330d591d64d8019425f302bd3922c9a92cb2f42611c00546ceb5c,37e3b201af6038f16ab3c10703ef227855b3ac42c92a70e869febdf56521fbff
stead_event_00403,d23179b9e7adcd92b861ca46262e5f12d0bdebbaebd02f8f755b8e193ae5b0d6,d8ab345a104bffcb946653ed6ffed671935e854bb096d5d9f652ef4e803a6515
stead_event_00404,30dea57e6e0c8e84a97314192451583ab0795583e4a6fcdc5520fd811b010c30,e6e58dadf833dd3091ee8b53e4c71b5f583337adb2a8f74e59a8d82d6c5e5e65
stead_event_00405,add9b9282042f80a58deaf0ec20c4c66a9dd95d2d413572bb3c36d8b95fc80b7,b67b7ed156f95a303009a569d5f1ba0cc794ffeea3f007df4aec4a1b4bb19432
stead_event_00406,7b23f47696f268a0dc23f498e34ceefd806330233ae8032486beceb2047e5ad2,a884996c903c8812eaa53cf7ee65428eb01316d92277cb9cb5b627a820ab63a9
stead_event_00407,d9243ebb910e7d5833daf0732ef7d26e2fea1a3959469391df070aa2c2be660f,cea2d954a35fe1071b3884b4d401c06a3423191886660e25e9a75f43acfae82b
stead_event_00408,25be977e403780c1d8d36d4e7286583208f4b1f17c1b20a6b2739fc84a258ce6,4eabd914ba9656de13893bdf70c28f416ff3f629c2bc3473782cab75ef8c0840
stead_event_00409,003603aef198001e54eb11e4135f93c2f5e7540cc701777306f71aa1c9c03dc0,0d3f4ea2759f7c7730bbc28f1ae62f80053d41bd66cc149e8bd8142446b92de8
stead_event_00410,d1e81b79ee8a6a7705b928a9e88fe95cecd10fc2b02f7e1892c828f63309beca,62778dbebcae621c815594841fab6ad72c517a2a54256ab6883bd0276890f92b
stead_event_00411,3ece1a14e054c04f0d88e2623aff91ec53f89396981783ce0f8dfa506f2d42d9,1180afa82702fb60167e432fd8fe602f004c08ab695eaeb48b5e39b11be89b88
stead_event_00412,88c0bb9000f2f0b453855a5d49c8d07ec59632fdd015b3c014addf230a995c12,50c180fe0e1d7489e54c1b8e55b6788bad7f594ce707bcc866331213c71b63e4
stead_event_00413,d5438d21a48e65813f3a2f9c52cb551679b803573129d8d55a60a4352469a0aa,c62739e013ee338511135390cd5b6e69a9028bc7e178324b64b084fc45e52f50
stead_event_00414,d53fbf7518fd2abfa3c1d83c7d773ae8df7cdd086b4f8fe2d6c3cc2b149943b7,def247299e1f6417e1717fdefc2dbb7046c414bef3b61fe143b66bb7866f7933
stead_event_00415,ec50e34527cdb59decc941c2f5fbf60bbe78669b8f61271cf908938c1475ee11,2bec250a09813675fb5086a83a378d2b9dd4ec49b1c058944635b2970a7b6953
stead_event_00416,7f717a11b488ffc04f365d36db4bab0bf2eb804e49cccabfe5d579ed369e3e52,6f97096d294f830397a6dc0e3b4a90d1e8991a7dc5e2afd526298a4e6a4c3d2e
stead_event_00417,cce693de25c82f10354b1eb6002c099abfd3f9ef562f4b4369eb607ff7fad124,ad4144ce3d330d070c45d5eb9561cf5c5748beef82e09ea8d4ffbb07489c7fbd
stead_event_00418,5ef60fb9309c7acb19b3f149837dbb4a0bd9d8a671722d56c7965fb51b0c0271,195c5106aa03d3c3567f8bb8d3de1e64d46dbaba7406f27409b5061ac39b57ad
stead_event_00419,42811145548c1a998c8c96fdae4fed330a035bf0bd3604d099bf0bcae99d807e,d7fa7fe094130d6636a1559b3fade890599f3b0ab6f27565258f01f6701a77ac
stead_event_00420,94809050143298a830674d8986e3c0f7ac43c647eeb95133a8b4b2f728b895a7,6e142f16d10ac99344cbc997eff413c6e526e400beee7d03b0c77a96ae4a6e68
stead_event_00421,fde193bd04080ae61f633125ca4080bb64033bfd7ae49a05bdb503640102a551,84f25f4ea26fbdc7824318d74fce27016251b0d89b67de4dd9bfdba972a64fea
stead_event_00422,cf8e3b56fbdc07e3f1a544d3d9c4426c7eb7388bdaba111755d6faeddc716742,b9fce46b8c9258a983342fb089ea91bc9430bce05e0f7c2e3ee4f18de69d9bb0
stead_event_00423,c4282753bb9431471d11c7e69418c47a21311a8dcbadd9063ae359b15aeb3691,cdef9ebbb2f9bfe418d8841e9580b8625fea58cfc5cdde49d329434e89839f96
stead_event_00424,1faf4ece6666694a9e419b70680f5479ba6167a7b2ed6973f0960773284b25f3,1b9b31f8be5cee80e2860a77b0bc22f86fe3131fb35de4c66981f09dd9e88845
stead_event_00425,9a62b76f687a142e30f0bb2f1f86bb75ef1133e4f7dfa28276a8f555b1fa4d05,40b3751cb6604ebd4715ac1d9a8ac760615075d3867006d89d04021de4f645c1
stead_event_00426,d4db8e359d007d20f7264820ec463049a42da079037ce4a7e05f697f49e4feed,ae1c7e050605c3b2bb6434c361c52eeb3b1468a5d865eabddd26e597ad48d41b
stead_event_00427,a76be6e5291fa25bede6f641adfa5fb99b1470ea3deb061963330e7a96dbc6e9,76c8d1b6a7338b87bb4e728574b5d3cb175860695c3bf3e9a8fab8d3455dd622
stead_event_00428,b65d8a2905cfa0e3f7ae6dd1ea7ed37a1ea61da4b87d62b5f5a3b7bc58e63925,7cbc8de942e9d452d32cdbc746edb8b8123f992a34a09619bca4d63592415f2d
stead_event_00429,0f73f9e1c2eae59f10a76b60e1972ce45da08f32cb84564d0d5b1fcf731c5dee,5590d9cde742db583a2f72c74884c4ecd3ad20c4ad961088c4229c2ba950d309
stead_event_00430,00f8739094dc21cdb56ab69629fa809268fce5da22bfada2fa6c0a84dd76153e,4d3cc709fd383c1e53c208b59886d82b88026c1c09307712ff30712a5aacd301
stead_event_00431,ae20966a3dffa17e311157af36a984d4dc3e3f177ebefa39bc71964c155e3e86,2c9f0ba271a33465ac8a877b392bbe1c1d3a8bab063cca0f8a7e2bc4fea22a12
stead_event_00432,5ee6e7386c116c42129915d9a221447e5723059443ecbc5b4bd9b37eb557e656,808b240067e5621d506c30b43828b3bef7b47b4b5da86c36decae2b3af21f36c
stead_event_00433,a2a4af086f8c87cd0a4c68704b1752fd3c954e2cb0485c1fbf1b84a9f8ff1781,990d339370559c0a4fdf69bbe4d9a4cac11505f451529a372903ae8599d73dd3
stead_event_00434,3f72d328d2ce74480e002127c8b583b3cdf58aee9d0d2852e0440808c1b92b3d,58455625c282f303f550b2d4bbff011b14106968561610fc50eefefed2322235
stead_event_00435,556ad44831e4b807b0485d3ce15be6147c905f339acff4dcf68593419c96b058,2e92fbb1a0a9804126e5c3e837d22d915bc535cf4e73e362bd0db7326f888d5a
stead_event_00436,7e9bade72d5bd6c7ec5f12abf22e9cbaf059823389fa257d4c1fb97e9b572e69,18e3cdc06cf75b704b1fcc3e8a59d15cc4ee0fec517cb1dc96a74c38fdf8bce0
stead_event_00437,f74c42ce82c2bd23ea075000888f9fb9c20963d1c3b33509f85ebb5abfc04d1f,99b463038fda36a6de0f0096d1a1c1b1a82438a01cbd39fa9a2d6291e75efadc
stead_event_00438,b3ef429d1f2f9eeb3a1a4581d79ed0a00e8a932eb196d45c67fa32544f04781d,3a568e58712390ad1241a1deb36e0b88057b5bebe5e1063657d43fbb389a5932
stead_event_00439,33e71eedf1a6c51e9e8d7b8f95de0768fde477844ee2d40388cc0e11c52f85b6,2559efe82a842f706779cdcc702ae997d789b85affc9f8b2ed28a6b18238a2a0
stead_event_00440,dd2d1f396304eb1141f0013d3dcc6e802a6f03cb9ba35d8694f62b202bac6af7,888b63781170d205931b58ad7d66cc091593623d74b4fbe0e192fce1b3c12249
stead_event_00441,0644b743b84354223845527f9fa3c7e3b092b5948b35cb3475e9eb4c46259eaf,c3549fd7c640198b5345651e05bc760582c01ed3de2d9b1fb6fdc1a7af2247dd
stead_event_00442,d06e56f6ed8f99763647de0b5c5f59e67ffe0f6178312ff06acd4a907b34b4d0,52ed1b6f7a518139b07163bb44e66332a6c4e63376899d7c31e309b2d64bdbcc
stead_event_00443,0bd407b1f6266fdee51da8c04dc8408b09d80236edda55b42620f218095492eb,d62140ec388c1101bbfe66c4f8c79628e00f2f96ab62555e6224d622ae0b45f3
stead_event_00444,368956ff42cab5e7ae45580306bc0b6552cd33ac760e33a0da767ab4d880f356,41b868f98a79ad1c9bd3af7eac653cb2a44195ea19dc9720ab5c2ab6d72c7487
stead_event_00445,b89b2946d55e52d5f5513ad33abb8fd1f7042ca703c9f4128c39bac2e1cb691f,bbb32d38c024d2886e777eb5354189bd192aec738f72d5c1b232728862bbfa21
stead_event_00446,0486a539ea2f7bc308baf2be7385273b4e2d5c255780691b3acf752a582c3376,e17965826ad46db276deced8a347ee2e7a207e389d1471e5da27c737bc95f538
stead_event_00447,d3ba09d7d7280b67e4d87525f4b8bd329dbec03c97f1d24451b54e59cf118e0c,cc5ebf0febcd57340f2ef910cc01264c0be0a20e84feba07c5c1575eb9c28488
stead_event_00448,bc55b734f962bcf55ebca54687e8adfc60e4b104384cd3dd2e1cae70b858aa4a,ef06d1007ff2c7bfa3459ac802e1c2c99ed0fc39b0ccdca879825033b30ada01
stead_event_00449,17259f58842d6ec6f2588151eb07fb1927e7daca7099578af479e63b99299b95,ccbfed0806d52c76e96e66e8be7af7c01af9410df80d87c885c41b7220d28144
stead_event_00450,afa8a6e683fe83172d6120b7934f5aba9587052d0dd97c2565172a2280ad5161,c20b9b8ea5f2f21dc7d801c925817d1590128d450e5c0c073ca3839d881f4ae1
stead_event_00451,e54d8c6ba40a8a372b27985c15e7ed13a0dd6de33c6da70b1dc250e1c6cf15aa,7b66c17c515a3a9b6fea91dd3413ac35a757cdfcf177c5fe53a48c8c229e77d7
stead_event_00452,8858200746e79d061fe21804a0dc397ce1050e9fc12b25751f35dd76c3007131,ebfdf7f32706b6707cce78887a88ec785fc609b075ee3eb569987adac6e4a4ba
stead_event_00453,6632989aaefa45751a6f6884c81aa8bb11e3ee7f39f389b584ea2e14e71f21dd,b19a4ff9ed87b48c2fdc6e1b9a07d19244046d80d95d9d0047f82ec7c9b62846
stead_event_00454,c5bb3cbd8be6670ac0e076ed56b5f121caf20f00959beba6be9abaf639cf278a,23cd72a44a3e2f8d87e9786f4c8093c099df64c637b188fbb30ab0c35e6820b4
stead_event_00455,ab2f189edf441eba6dfd6030832f420c59cd84fc17a440c586f5104b743930b9,db0f7a9352b8bcea2f3234acf2e314b6541e80fc46d33c28ad1c7196d4047bec
stead_event_00456,770954108e0da8a661761fe2b322257f37bae803713d504101b448060e597686,60906c51623eb43b68bae5032e0a8fc9c31da4125b262ea28c5b1d5c2e431934
stead_event_00457,db7d8cf374c8b6be7e24e85e795c1b5538fc331b5278d99f41c8c4208dce729c,592df3d2626de6787af567c41b87ce908cbe02be82323bb2d572bcb867a44b54
stead_event_00458,abfff1f72e300169419999661aedbb85623cfaef3b97c88fd2360377e0ab9ea1,722b650b0093f0b24eeb2e46fbcf521e62046c71c34fa5eb4e3f09ecb3737e60
stead_event_00459,d36e868af5632aa792ab7b72d15035c28a83c209e333f6f4c39f80d7e0260d68,8c9b9f1779e0603ba0f2dd60103bf9d6d066bfc824e500d31477ce2bc2f9b465
stead_event_00460,a4fb3e4fbc6e29c07913c4a3bd8de807abf4314d9cad3a1d89807c652f146a2d,9d7e0d8a070d4dbc45de2f6f79bdc5bc4e7f0466fda9f5921ae5f7d8f443d6ea
stead_event_00461,f4191ab99245b9499b18a431c152a956c0633fb104866d612749f8aa54875253,f6be6b5824f23d6735b395cb4215972686d224fd96d2e2c3031e5fbea00a3828
stead_event_00462,9398e8abfe6899e0c74fd1868fb762000e3894462d63e32868ed0553cf4aa7d1,05f3d133b6d8cf2cbd41ad1f6515a8922aeb168e256eaf145dd6f0c47478c362
stead_event_00463,db6369229775cba7eabba4f99d75fb51bd6b1ac197cb0c08aa16b5c20ec6a7f6,4f2d9a974673713b799be935a6b4f68ad882e75c8919281f26086a26112b42aa
stead_event_00464,969a6441bf3f9eed03f4a782a21b806ba8a92346576f2752e33277c6626a33e5,2113d047083da86bad47dc66cf5f4954880911e80d3ddb209eafd81bc837443e
stead_event_00465,8a8f63710bfc02e1489741057fbf0066d2b8a8479dcb4cb7c0e644c548fe4618,af017c9404bc2270b19c6d4beb67240d2c7e10537fe9b1a1a60395369bc4ccf1
stead_event_00466,0be3776e61d09b14100a959078ade7205ca48107d1d52c99d1bc4d836f49e390,30bff2de1975cd6285a4b54c6b95dd0026c6255292ef050e245acbccfc1360c3
stead_event_00467,d85732b34c1943f75469bb36aef1c1260c3648df9768c338f180568e141d6399,bb11f8b8f46dcc88ee0bcf5e6338aa3f8eb880dba02d6079e8c9e11482b418b8
stead_event_00468,2dcb1dfbb223cfbc217e5239e991d9caf84e7ce88ac5af145a0b373226bff86f,d8df6fc87f9b60995622eeed7b2ecada822ef29ced975bda1627bb34be46ddc1
stead_event_00469,cad630d476cbdb014e74fe1aa56620c7b66e0a73d6a6536cc8273f22a404c44c,ddd16abe07fef55531fbc811dffe5b6e02bdc134fe4014de17c0663c0d60e5b3
stead_event_00470,6651d5bd7161a173a977e4e854849cfacd26784b27b1d26d29d69cc14e2c26b6,e28d4cd31fcb1cf753b63d369b3023ec750105854a9f7897d7589fb940a1c10c
stead_event_00471,ca9bcb42ca835de377c8a384f7f5f32824d2b6480dbdce157accbaa418b6fca3,aae438d20ff15f0c9a3baeca22c109991539749692777c4eccb673b2161d3218
stead_event_00472,445dc22bd25549c71be17b8a42cb13bf7b3be1e1706ceb44c24cb4024bb1aeef,89920047b4154d21f43de2b2f39dbe1426271c29b5c1b1679c93c8ccdba60b29
stead_event_00473,a763008d42955e88f85fdceb3c888b7e72927ae85310bf9ba39ffa99039438c6,ec08fced767f20acc9e33f8b66d0a917b9ee7daea4a6180ad5ca710721b8e8fa
stead_event_00474,2b3ce35ddee91c5140258d39f5adb376baf1e8afa0c3ce2ed593cc6b8d0b8a40,1868c3e7121584f94aa18313568fbae35949e4fd941d48f4062287683506971e
stead_event_00475,2f8752b63954daa8071177761f908949ae97fba342271cde83d678bb26226879,7769982cd103d64d4a063a62f1f0e62a888b9bf4c98e96d04452a92fd21d9786
stead_event_00476,aeb4e630054b7847920f9998c2ad831bcfdc36ffe54845cf2afdbe3df11efe33,1b02577dac23ca89a9e1c95db26aed5f1ec1582a73b78277150738c67f2aa39d
stead_event_00477,e6766bf149fe304f1a27862096bb5de11267ecc153ceac2194f100e905bf95b5,d4534268f680685e245f97e1c9230d32384051588fd3a04a1171f12fe61355aa
stead_event_00478,c005810b980ddb7b6ffce1c1a5f944bc777b8a2d15bb247c2386f3707ae9f5a5,1f13098665ab3ede2ee8197acf03fb9e61ceeeba268be5bdc2e7fb3ee69ee1e2
stead_event_00479,7640a6e7491eb1cbfe9fe2d878eb8e757e6e748d027121eb9ffd85c20a7b4cee,cc4f4e60ddd559db779220722562631c1691ac8e45d33f7bd5613caa37b9522e
stead_event_00480,b70c4c170149cfe2fbc91b5ceb9d4875b2d7fbf0e2008bbbf693e64cc30f34d7,aba5b15faf81ff66ca85151096024b8945aed4901413bec10db0bf36a9e0dc2a
stead_event_00481,562ce4ff068898c180d0178df003d6613613ed621e16987479340f091c2cd0d3,68114a97fab8636aa1d937b2f72a3b2cddb3539335efea799208aa9e823ef4f8
stead_event_00482,6322ce312125c297cc7708267fe7ebee8763d8f073db3429dea886265a39379d,d740f24d7ea793221b3153223937d8175b787d9123345e6965a0e46b9f862530
stead_event_00483,6f13d679639bb0a48df9242c9f9ac4f2915f41c81ff63f5da9167ba2cf57891c,c3cec65f971be72e34ae93e13e5b928eae4603198de98fe01eda1159c3ea07aa
stead_event_00484,4e078d234fee10892a9703cea10d42cc359a9f1d76d738bc792fa719e74a4a60,2a507e8b55380fac12f875c7d03c55d4406aae3339ac4d62f79e2f4f449257e3
stead_event_00485,7fa7214b0417941cf76b567d4397a27ce87c7943029249b245e34e5b541cd8b6,c9b6c5ee1037c3a6db283b10f0ed2322c8fcd06a2f878a37e45223a69a7ffd48
stead_event_00486,36eaa6a2c755ec82a5058a5c565161b67b3a24342fd0f4897b768479e57bc90f,954838447b48dcad95367ca7b3f89d9185c5aef11ed081f4acc751abfe51537f
stead_event_00487,720f362d8269b588b8c0faa7a4600ec9416e477907a5754965e1df2d29a07d17,3d8f2094e4610b64806b25f4909dd18b06bcd0caa3473fbd7bd9b1f8dde8bed9
stead_event_00488,f055ecbf6e0c7de1e7575ff2f2cdd813ebbb79ffc121952f8fbf715dd92c70db,fb07a7affb35c1628f846171c9911303476c977ce04a9a5121b11b0d25c78e20
stead_event_00489,5f7221e27757bb55ca5c8a84a2281f76c8a70637f8ead0690e5e5986d8679ebd,73b5e875df7ba8c998a48f616ec04e49481a30310ead990c5813272206294801
stead_event_00490,ae072ca7ec96a901c8ce56e08f1219d4b20cf71a4a79733d5b784c029f8ba8d5,376307db16f9729104091ac2f2dffacbb40f3c03a16f4c0bedb730345dbe53de
stead_event_00491,48a3057af1406608d9d5a75d4a4ffdac774c389f057c15e5ca2d7d03a85f5166,80388c84ef83d2d3a4a4baeb234a73df6af253bc977ad13de69c6ca3c88fc966
stead_event_00492,dd3d6535c0475a159d089c1603988783c853b0eb3f9109ab31f96c70bd851b84,5011cb17da2f1d24d33f40dc298303a21fb8d4e12e993f1e83d8cb32d5d0eadc
stead_event_00493,dbe77f1ab59f91a5e81407149ae8f78be91eefcd7657794a1933b9dc64b2ce2a,776840f0f6616e7ab980062868c1b9a376da333f1864a375255f00e543181527
stead_event_00494,c5085e4884e8b5d23e615bb6fc0b82d4ed3ed6a94e46d79e18992655e5b8fb8d,c7c07d6f3a06fe296c2fa3a1217a677a36a45698d932466b31d474625f7a0c3b
stead_event_00495,cee4ac945a51be6ee72156d20ee90cdf52848f2defac1d637f3b3146b588d613,35ce3395da2babe976e4b6e0dd0c5ecaac6f89844ea0a9675911eda6392e8152
stead_event_00496,ae221820d03e41a2bd69a80d49eebd2e3256bbf59ea4d4128a906a4c86474373,40300d362a645112a13710841fec04d1f85c392aceeb001a8b2508db98dc184d
stead_event_00497,92f2b6e22d6f96cccda9aec885dff9b952e0d5697a364343d2307a95600819e7,bc46bc9b81573052ac364a375910671aac492ab1b3dcbcd3a598d78b78238bf3
stead_event_00498,bbb6896925526b329874f5c57b38f134b468fcdbfd39d4cf65d7bfc697244ad8,896b979aeb144f19742f16df6d4e438ea3b24df32e4be43a898332e7424401ab
stead_event_00499,365510f3f25a8c44ef81b0b1a48f97f00ed31e0a3087a61ac9fea8ced814dc96,b621e0ceb50f4ef2898c13ca20100b2b857b0c73ff21d0e991b3610801c9ddb9
stead_event_00500,bd200eead5c5028b9b2c6e6245129bf8031cebfbf90590f0820ecad72589cefb,8e95dd0a04051ee534f203308d0dd5ac2f7a71c2cd8b0e698f71ca62173f010a
stead_event_00501,39d2baf75ce0f7352fc99861825c30f742b529ba84b46408c9a7cec49102d4e2,f663b7e8d413e6260ed476404b461e39575fa85604f59f32b8ddc6b66a919db9
stead_event_00502,087b985345dc46898df4240bea875fae3bc5da3d1fb951f3aaa1a6b4c09bf46b,06570231dc21d00276a9d33ea1b8415567a8236e78d3925c7fc1f7194c44ae0e
stead_event_00503,0cf1b2a2e5b151690d13ddd26a0d038839d190a31e318f18bab4b4cd8faeb0d7,50287c9d917d9e09fe371b364f125fba255fddc68da98fc33b7951cae217c566
stead_event_00504,da8f4dc24add4a229517107ed5155fc8acfe048294db8080a070d5a45adaa43c,df1d9bffcfee765d2a821da0cd866055c238302f5e6848ec70de285588cddec8
stead_event_00505,de54e39249e5e2cdbd47577b227dca620e3a43b2830938f7a08a52b555dc11f2,68f2378f60b08c96c7b332821cf81453f03b0dfaf48132677b178b2294840ebc
stead_event_00506,ddedb228f3c60d01465fb6010e527f21d4ece4e00a51ec436cf701dc36ebb195,76abd31fddaf54fe52ec7bf2f77446e23d2d48b506cec63000af1d3e0adf8ebd
stead_event_00507,b9bbd666e3641d5e3d0fa11bff3e47d4df91aee031d729cc7d9923b5955fa7d8,98c81a342766b66d1198ef06107f37af3d5dbb93d8eb50733f0adc34d368485a
stead_event_00508,05b759a452dcbe2a8938c4add1f2beababbd2de0b3d1bc6b0db4c21c1ba2a707,d1effaeb003e6a549e96117b0fe0167167328d7bef1315879478b59d23220490
stead_event_00509,ddd809a3db1f8b2fd420cc635aabb171d23035c6dd3905b74a7e5102e2dd6d65,9a3b865e666268525ab5ff2e4b19dc238159a5a1b3c5a5bc647583e2f569af63
stead_event_00510,827e837bf1e1556670a2d74e0c512acc664bfb2737a181fac773315578f5e8dd,371f55cfbf8545cee519ddeaa371e53a442fef0a1a372a4c99e865bed3d9e136
stead_event_00511,4db1af6bc4f673f385d32cbedb806015c3728b0f75624da35b9ed3e97636b58d,2521cf67d5673b4b9a9f9a1f729d26a856f6a9aea93dc95635bee8d05143f5ee
stead_event_00512,11388f31b1d53118f73db876ca6d5c46b1a34daf3b64df086b4f18050a4642a1,ee54a7bb0dbf1add0de39eb7ebe17bcd186ff2b084de4dec954e3faa5a276bc3
stead_event_00513,022a0e3da70fffd69917199d8d4a4c8d37165a1565eb474b7bb7ea1491fe47a4,c2f2a5c5620b916438b624b14f35047f69ed973383228e7906e40a1f7e2c4914
stead_event_00514,dff070b455a25ff3639fa0d7535ae287ee749eb5efd4aa5b76232d18e4ba3e44,8752ce51495a8ea1413e3c5d60290d2e147c97f9534605a89c735c1c34911c4f
stead_event_00515,8f11c8677e51a070e7ba16f7bb0087ced206874858aeb211746fe00a8d4af4cd,d756b8579aa4dd2e59dbd8da41ca51bc7b6f49979a54f5034120e906ea6108a4
stead_event_00516,6f5f50cddf27423a990e34e848c9de84bd892b0d7bcb2238508d3fc4627975b6,d145e8f4a5e7fcddee84a1dad73e12a52155734a369a4ae9e712796886efac15
stead_event_00517,98f00624a01fb097c42f9a7860076c1588e00c8e5aaa144bac156ece90cbd156,a691a3c694e561893f082fa3b2293c678ead0a99d16ac2dde4a4962a88dc8dec
stead_event_00518,e3533220dc92141298967fa0ff68f832e36039db2668bae5562f878604d58f2d,bb270f4be213d39ee798eb90a337e6ecc840cf7fe2e45d90068a9a0821cb7a22
stead_event_00519,d87033fccf47ed913493d5efcf571bf7b0e4146a84a8f19b166ddeede2164b8f,c02670df3bbdeb8d3275cd03713958ae338e981bd32b2b9b7daf387b4ffd8792
stead_event_00520,c90188443d5a2697b25579ccaf833bfb27f320c1b8a60ea4103d23d57e15e552,fc294133620229b898c6d1d169fafb20ae011101f31410c3259a3b602567309e
stead_event_00521,e77932d1d9e2a496e829a4f8a89dd3388fc2e7b34fbb0b1af9b4b446bf35b565,92cb5e3567cbc1d439df253899a336aa460aaa073b8ff486ee8d33cd533d1b31
stead_event_00522,6a553a127d3026fc308d0d25485f442db174e586c61aca0801225af6cef2e623,7fa50e5ca098c855008ad6ae79faf8d0d08db24ad88a2de6bfea6e67019fc62c
stead_event_00523,4e4dfab8b6fc4cc3719a790498455ef932c997940b4b224e727da46ea3c9b6b5,0546430c7c65ea932572451d33fee25af0ed6d7f2169a61051dab5c80a2de576
stead_event_00524,d634d300a240d3cc32c10465c93101d29e2ebe1f6512f239137fdb081c4f5834,8c04ac02881599f48e550741b86544885beaa98b5cf6d785477e0ff6cec83b08
stead_event_00525,c6f596ae5d38ebec004360cbc5ea08068388b361200fffd9d552eec3d017eef1,1067e6551b6491cdf9b2d84b45263319b728cb22593734e92bbd84ff1e29145b
stead_event_00526,000a7238b4d1e50cdbbe4cad40a457301a01505347f23bb8f0df7a35882f9dfc,01762caf6a7a6f49a428eee20e88ff5aeb4af43357c5f30910ddaa8404af4590
stead_event_00527,ca8ca7db99672cbe8f4d5ab5db3b7df66374333434151f6b419ea52cc7b397f8,8c630fce353afa1c0b3e83654fa82c8024275849dd0d28390f02e84fbb5b1482
stead_event_00528,507e268d3021361139c111a5b953869d8ab0b4a5541bc964c1579f2d3f3b7ea4,171e3624c7848e88aa9ef80328cb3b2bee82221b7a9bb8c25fa8087e08e2b74a
stead_event_00529,a802e04c0306d8a579176cc741bad62f4062d182c6c70692fdc142e3a5313979,cf291e54bf926236e686932a43125df6f2a141c614c447238945a2b3d424f2e3
stead_event_00530,d50891eab6b006d08bd8831984613b5962c5c00f7d627ac0ed2dab712384e2c2,2ce2f80f1fd2c47303dae5a7468f7d993b7017b1e56f08c7b1e9f72c3dff2fe3
stead_event_00531,b49c433c251ba2d6824f19d9f5e8969906f19677c64575986749e7762b869468,34fbdcd58e365916236fe9e87596c70b92095a38a3018d05a85c5d5ffa1b60a3
stead_event_00532,702aa4a6725df99ea541b15116be5950627ca3c62c5d4a01805a1f8dd1999e54,fa3fc3904ade78ff4c279d9f5d9aac79c300883887532a7031d30205f575f71b
stead_event_00533,fc14dbf89cc238abead1f9eb4abe411956c2b52b397ffbbde182027ab85a4c5b,1ddf1e4a40e4b5d519cba646f3968488c5336035d386dad7841fde248ee4380b
stead_event_00534,bb5ae65b5c109a131dbbeb7a2de1a42b994666e1a4ab7908aa69d1cd5641639e,6a91e0dc9499c286608c0a582a3d55094398461edb78da3d6d9578ed9ed086ed
stead_event_00535,55f9125e2479a03439d10f0c67c29747e63f55edb60ce99e9a92eaacfdbd79a2,c125d6569e2c6b0edc518f1ab77217d239cca8df89eceb8140cec2cd47da75b7
stead_event_00536,29bfdc016ae44910007b3c7db540bfbc2d58fd5a761193a753ffc641008d0626,b30453b46841bb7115137154e84f108595a2a038d9ec6265f73da099f14255b4
stead_event_00537,5b2d56ee62b94414d18b9ed4f299c0541ff783dff0f0022c912a42094d808b4b,5f5d036caf3dfcb5c9a5be6e0115c80e4732520aea21dee7710c647a95bb0d06
stead_event_00538,ddcf1e2a9ddd4bf3344d9af57585f8a1e3f80b1782dac9ec87eb559111602857,31be69286d192f93f1618488616d060b63033b8cd633196d43ad9bc78c1f5070
stead_event_00539,c819a02505a0bb1e0447200aa80c29bd23fd88ea0abef6fddfb3d50759604ca6,634b5cd9edd38e7c863c883bbddba4a656ac0cce1102fcdd417d87fe2df3c106
stead_event_00540,29d48dfda6c18a582d8a5719bd3bb813b4ee4c5c76352dadff071d7b33d25279,d77dea14a46d082ae1f6fc8dc046db8a7daf9e45b406bb78af21fd451d068b8f
stead_event_00541,7564c762162c491720ed8267a300d5f3a86c9e396337a0e63cf191cf295cf17c,f75e78d0b5bb666423e161b3faf31d5bb2b700c4cc447495771a070ca48be2fd
stead_event_00542,a650a257103efe1ef7b8a5cd3107f0b923c4f692b44dde2c722154d673070803,792fa1a2abb55915844c4658304d36b1ec213f7b497eb363e58f62a81ce28790
stead_event_00543,444cc308bb2985dbbf5a3681c20a1f6755d8c09d4561071a3fdfe8f09371c251,06148b8048b395fe0655e5b80c496cbdec94446b33fb8f068772f0304a44f330
stead_event_00544,0835d02acbbd2ba09d39ed1e610992d2d2a3e1270cab134baa720cb2e0f4b26e,2d3b673cbbf509dab29971797a4804835ffd5acdc0cf9bcf17d13a0dc50d3ea5
stead_event_00545,f89cbca60aae4c65184f3cc01d30225e05c542beee2f91102e652c6227bdd4b7,78a2e5d486fd5fa79a3313df18e748b9c2e0f4504818959b9c887d575cd8dfaf
stead_event_00546,7098084b7c6f1ba30803008ff8fa96534ff2d5ee23779dba2bad05eb1b8ac22c,59026ecefc3324b5e2d23ea7725191b4f842a5a5a7e26a7503cdffdf96403336
stead_event_00547,5304df5a17734896e7c06c9393cf5675bd20b6b4b57714ee18c5db84cf1e5aad,38c840f17a3b94bb742ffbf1ec3018889728cff3aa80284edb4bfc425f05f871
stead_event_00548,bfbedb48b1de814f737c0b58d8e13632d75856f2740f26c2e9115b868ccd694e,ac95b1f6ced468a0366a22f5a05fb8e4ddf0efd38e1627ff1a3390a46d68e8bd
stead_event_00549,8d4b36d3c056adf7ee102bf36f36aeb6577f236d6d643130621a7dadbf73533f,8d42705946d308db76d95635244b87b763cff3ac8218062bc6505e6735c9407a
stead_event_00550,a1d7c53104ea724f4a972b9525dc61eb30a8a353bb4c40f0ccc718b21abe7a90,b0e3ece5f54d63d9168f17fd074967e138b2fc80cbfeb218ff251a28617c8e7d
stead_event_00551,7b6b58afc2b0d87c3473b9457faaef55a9ac0c1233dc43a87619f5a70695fcc1,b6ad0751caec3394748294e07e296337f2a0525434d1683e5f5bc8d475f6f61e
stead_event_00552,8cb0c0a9531c56ed43e8ff8f657a6b5a72b039ef8321eaeea3453e787f9898ea,aefe5fae047f4591c0db87a4a8e06e2c5246f2adb22df2e3ae7d1c28a6d1826e
stead_event_00553,66d13a8602b51539c9c20fcbeed108d438dd3c00d09a4d65107571fc3ba62f5a,b86f35a319307760943df4b5177a6580c42e42ccd95f118b0e4da96a0732df24
stead_event_00554,ce0dd353ad641a0ba5253ff4ad6240629d9e1f5662888028edbb8dbdfcca0b89,687bf6248c2903edfe39cfc9eef18d8f8157e0749fcf640cf11431a6e71a86db
stead_event_00555,e676a2571c4dfd46ba50bd51fb493cec28d9634b79f81267e8a02ce899e847f3,926b217d895ea15a4141c29549afbf33ac02a1b23e356be3ed008c0a1cb9b694
stead_event_00556,6d3eb41ed896328461c51b84dc318b6c44ce34f4d38438a5ccf74537aa618b90,b5e3bb1dc161fc2bae9ca4a9895832118b7a5c03df24cc4c90d9c1f2380e4800
stead_event_00557,29ccfd0ae95d51c1adece05b9920861875771766fe87cd97a3779abb1b4f0d24,415b4563d240387cb4b25a27a5b00e7570d67a541958cada0ffd8d003815e195
stead_event_00558,c5a1b72ed3d02306ca630a5cbc742b2e4009eaed49aae1cd65b6c48e05c5651e,a559e30b8b01c6e88573e28f99e23fff67f73bbfefeeeb8aa34c98ec0bb85f92
stead_event_00559,ba5c3c04bebb22bed530a1f8732e23d39f1d0d39996a1c70f64b5eac1b8ff27d,504113184aa44a2a01bbf22c033581ca619b6c58621561fa55a116423c084342
stead_event_00560,6311273fd0a9b6645fe3b374f16c1efded182b880e96f9c0d952f9d4c209b0ee,5f1e177ab04bdce330e381d0b9acd086befb151dd7868e59606ef9e1e0a47f59
stead_event_00561,a81432b014313a4543e780ac6efc5aae265d9e3e08c392d7668cf19b5ae1bdef,1499fc40b3155139823419070db9ae56c0ba70c9d12dac9b4422989eda05cf5c
stead_event_00562,1d9bf4d0b1ec579758896132e4d802a65e9ae8909c291b5f212b97a2e9eb0f89,7c6d6270c44127c902bda986b7504d9f3fbef81ed06cdec49e7e9137734cde39
stead_event_00563,4da6d64653412a4388153529da67fc3176c745706aa0e0b3e2dbd3494d833a13,1019ee91e227f7424f1947c824990731f1a9a85231a6eeaf3b6855e1a9181f09
stead_event_00564,82237217dbe36bfa8034bb5d0eb3de91c0fc29d121c3af519ea80d8e6a0d187c,7b28eb3dbe3378f7e1b99cca49ac1f0a700cbbeaab29dfc711732766c68dba93
stead_event_00565,758a62f6feef37033ab539f4a2ed14194ca1831b87603885e31679a554482d0e,9df2a9d40513e704814cc9cd060a2820522ec70446babc161049383eea1eac98
stead_event_00566,d2c8f812cce43772f8d2d1d7d351d8cbc313a0395242416def9a27775ffe21a0,59420507cbd4108918e29ae513dc30a41dcf2ef5b701a17f65f75627f7123bba
stead_event_00567,d74e828f46d66a8e8a9efd321c555cc437e445770aafb1b11b7d56c3a8f33561,3c7fe78129febbfcd411e6745d33c2544edfebbb957f4889318013f718425a96
stead_event_00568,69f5d5f1cff0e5ddafac572203c42144f187233cdea4f45d27b3c979c59fff05,e198f4b4aba72c36c1ed09a235653a61ba6bae8452af9cb477e8eea0d0095946
stead_event_00569,5b541f2192d0669bd048d0b6aed04741dc4480d512ffc56cc4bf3ef081e05160,dfd26a346b07fe246d420541a52fdd5a224bff9644437e776780a4aefa9511b8
stead_event_00570,a4fcd6b33cabfb400e8abf187ac91f21d337d99d960ec5eef736f349d8fe4f47,a9d5de214a04e11a1c4008a484b3d9cbb516460ce24272ce44153bc6163a7cac
stead_event_00571,0b3c30d968f45e03a61b508992e709b05f8e860abd72b5c69bf2e2e74d51fdcc,9679ac6ee33737b1443d5fe51b22990523e6c33f45dabe07b842272c5a4cac3a
stead_event_00572,65af6c8b578a4078acb4af432a117c33ddcd7b4ed7477b1ea8b4f8aea6a974a1,b3ff2f001ee96aa4907c9dc16eeb46e2411b0219eeda426dc7d95ade828eb3b0
stead_event_00573,60c27d574df96b83118d967b1be5f18417afed6f2436982236b21f10a4a4e6c0,7fdd72f04b788b6e77e66bd365791c658fc21a2cbb1bf275cd58d8e401f08f25
stead_event_00574,8bfa11aa5da7e9556310e31a55caaf55a7abac8f3bf72e4519792b6e4b8863f5,9b9b7dacfda4991b03b6fc82ad3464d0bdfafa339801c7f7c89b79c331484252
stead_event_00575,fddb7daa78eca02996261689ccfb7a9bafdb69ed0f4351028d5a0425069d5e4a,a450b47776ffd94445402a5c5eb78b4cbc7fc5e280469ad0bb107e6554ab17e6
stead_event_00576,ab25e5247925accf96f0e12386bee3ac30ab323cca9a10409d9e66e3aea1216d,115aad5fa5e8e50c231b1bdf7c0ce9ebc393cc80b57c3533b98c0c5cd0b4b4bf
stead_event_00577,0fa2e2908bedb2ab885c1ed3dff93e9baaf6dfd24353e21c78ca87b22d9cc974,590d0e2d93ce1c6fa35dc9c2ba0af272f3c500973eeabe16142b1e0e0a6c8e82
stead_event_00578,caca7da61c69ebf45877cb3c7e432b6532a0a7b8605c524a3da9867997d36bc1,6637fd063aaee609ed146c9e7f8f43bbb305bcdc351123c76555715401cf5766
stead_event_00579,951a4531b4e39813ed20522c7fa17a95e8ce476cd327b8031222f9e0967ec5fe,87a014333e4e1a59e7836146e56b1cde92da665fcbba6d146f5311e0d2628aaf
stead_event_00580,9dcc93a9fd7ac11b1af003ab6e7c5cc06c13a776c7420f051cb958ce8a08ea7f,63447cabb3101970f8990c5e9ad225f896888e7b0a132a7935cf34b65804fff0
stead_event_00581,b10d7eaa53e68e34d1aa3610c3b76527b89b52f0966c7ddb04f81e33917cbb4a,5dac310cb7bad9d52df02fa07a65af5d05d45811de22199123351deae88235ce
stead_event_00582,0121e8792b3930be4ac0d18375e9ba7ed7050c21fa57f2f15cdcf95f4a3b0d27,6e10b877e5045d2d6a92cd2c5e6bad1609cf0829cf7c7d4da3b78f018a81c3ec
stead_event_00583,051d53132f12119f55b5f26aff86f1befb914076667914dc7afffbc65ca8e188,d3cf65ca97389264af232e78addaee02d094ca6c8631beefc66afcd5950827e1
stead_event_00584,6f244aeae826d1e5658ce6b919cdbc784419dedf8cbd5a66bf27adfd348755d9,64a45db30e72394e5d599e59ae452d81edd9bb66ee6b552ae8f4251b420b2376
stead_event_00585,50672d85edb8216e34b4c994592733ee2dbd76ba37e836dbd0dbc5ef04d34a59,60d7e16605385811ce3c08a1b9adb820da7acfdef25a0882daea3ac8b705f337
stead_event_00586,29463085603a7804305cb4015e744b0ec0be95f4892c565f691f9238e2abbbc6,bf22e77f5223f1ecab2a570f68b11db9ae9e25c36ce0d33169fe20fd2e6624ee
stead_event_00587,a255b493a309b5eda11e3930ad1e97a35dc14e48e9344624336abdc88b6956d8,c27af1ffc16f7c0c65a76c86ac72695fd8f4e7da52c26e20d64b5897c62e0b1d
stead_event_00588,dd927ead953ab6ce3ef2460b8d764494c0c170e3ed71cdc6a52159717372e2da,ffbe241a718e5d0f5ba403850028b52100f290c22df3fc051cc23a292897ab50
stead_event_00589,e936026fa282a440d63961d719cb98c18d0684670d952299cc771a00eb2f9fea,b8d8bd650baca4fe773067247cd7168fa43aa6edb59ec915a6963842945f14fd
stead_event_00590,530883131ee81c7efc4c92dee8b5a4de6183187afce660b0ccbebb90fa52f980,8d84ea657a3b83dd57d5b48f76d856a49c74b4e3a9895b1b067d376ee475073a
stead_event_00591,c1bf404f0bc9bf1320683bdca085a7db4fb822742cd63d2799ba6eb5bee32bdc,d3d85752a397e522503e69f2296bd9c90213d61edef9a995c1ca76f695786fbd
stead_event_00592,664af9815db1fe33cb81d04bcb0378d6f651e43a9736dae55ba7b03afbbb4e95,b339b1cfb84bc8b0c3c4e4bfb3f0fef1993db1fdaad58e31b90fe832cca221ef
stead_event_00593,fb164f656019cede04bc41963d2aface50b1f115c9a2ffd4bd3f6e98acbea5ac,cc000a38f2d718c6b2614bb75a348e51cf79b9153491bd583fa525083c453059
stead_event_00594,a0f8975f940c4477ad05bca27afc0bf4fd6a5d4dbfda7afa15611979b86052b4,1d056d0aa15185d648b53ae36340f36fe2dc37372f869e0295533948ff7679f4
stead_event_00595,7d3f064abf3265afec49f99438e92592cab87a43dfc1626841a0a749d2a88c32,93c6fa7836b9d38bf96e1b5808a02374f4062509c74a7460972bb72e866444ec
stead_event_00596,7fccdbefc8596ef09da005bc839115c433cac7752edd9a4d9a3af410e4b11995,494e38075bbdd7c4df969e83c729a341af34c54e6050a9d7852bdc1a2a33f382
stead_event_00597,48d325c5915da4243c3f29034feabd4a4e6b0c742a68fdbe5b06db58162da683,e5e8fdba6144f13341c27a5ed00e102bdac73f849fbd388283151fc5a37e5cc0
stead_event_00598,0c59c9db11cb4c95d3ff25a5ef0bfed6d706c9e198594bbaa3525e3542d7fbc4,a9a159ff8634d1e86cce3251102392331a5e6d8c93f6e30cceb5d9c83034de83
stead_event_00599,9a738e527f032462e11c8cd33db8d99ba36a8734215990389c6b90915fa625e8,36bb0a4432fe4f535f55424e520ba92e153f825443f07b55bcb6c0d55431bb31
stead_event_00600,1ef6f1b147ddfcd73881618f9acc26f0a7c5eb9c74dfb625a789e228320670e6,910b1551fa0762faf8e29d931b9601a2baa0f23af82d5c23897ba933556002d0
stead_event_00601,1430ad292a4a0338a388c2ab439db7c8001adaa1af3c6571b0979aacad01b198,584c21c5b950dbaea6ab3fefdb293e3c83cab113d867a51519eae530d319a300
stead_event_00602,7467d5f9709dabdb503bc04c179982115975be27c3469df14795e5d63dc4edb4,505c72cfd1ea8aa004ae415531d87ac988a5b0604ec33885bc81b5d8f2588c63
stead_event_00603,ff1080b5d8484f29ace25500109253300a2ca498672e0500c6f2ebbd2364ec9c,2deebdc35e6477a015553aab46f88ecef372341ad3e5b480aae1a8eb7ffe8f53
stead_event_00604,400ac81ebab221d189f2656b8381e19e33526b2edbc79ff1e6378347741d479d,beb32d4f61b5e2e50c22b2537bb6a3332e1e991f58c7b1187bebcba3d393e204
stead_event_00605,737231f8841f107cb66567f62f2614d5dfb3a0db74a03b3ba4fb4be3023e5765,5236ade9d7ab9dfe17eb9e5bbcb49c8dd3460f0973a37618e8f5f1de7e8eec67
stead_event_00606,4b350661bd8617f4165fc2b4f131c20c1366a5574d66a098b111bf2df5b02cb4,65dda6c25dc0693b7e763e02c8bcad66c82a126c1af115e575cd8b18468e00d6
stead_event_00607,243581c84ab861029c1ff9750cf1c3adb86c5df778ab0c470b9cbf02c67f3de0,549cb3ff1e5a0e99a56cbcbd55cc6ec18c9f80bc4b19e93879471998e47f4622
stead_event_00608,b35b7f5deca966e56a5bd57604064d70a4603c45621955a02a44a0840377d894,a90c7367abcb907354cf18227b506cf0c46947a9acf4b65f1e1a3be090bc1aa3
stead_event_00609,d0d5317eadd2c956f549f2930f1b166f2cddd41440d23f191f766131a237cb3b,b858ee78e27e31a49c3892e70f4c5c1a89244546c6f59f2b13632987b6209a56
stead_event_00610,53051ff3a6c1d26f81094364aa6e0a2d1674f5bbd4c8bb447a3c8e5eb3b32b28,63e87f138dfdd7064ffe50d910cfec8125e87e9fcef58e3925301be7343282d6
stead_event_00611,138d5951420cd5c826503d16bb74f0bdec6a7dde95ea246c93b2b202f9f3143b,4da55141a40eb4259b664d656605b9b051ae02113988e8591f75d6dd7b393be0
stead_event_00612,7e3fdf632d8b83e999eca957057532c28e9d9bf6b2a0c61243611580564bfbc7,bca3c622ad6e628be12849cb15a2479483f9479ab660565829f3c7e0de29f9c4
stead_event_00613,aa4f6eace6009b77b00750a523cfe9df8c535b20fd8e57ad56fa144f6ad33bf9,f68793e552e3ce6590230ed385505373b253fb5dca1362ba600f2fec9d2ddb4c
stead_event_00614,1b052f5ecbb9aa0649d469908eb9ad1413c5bd9277dbf99fe966151279d0de14,35811f3d808187d3a10e2d31e27caf7b7a0c88bf02d7e20f10fb142f926bd376
stead_event_00615,481104318e0b27f17c47c84655e30a2f08478fe4eea4d985e2087ca12ce4ce80,6422d51d5a41f1baa1e4181a7e18c0f6fb7a093e3ff757643961e4d846a77b37
stead_event_00616,ec7a7df521f758945d19ad39dc5407946f7a7335cddf5c29a1d1ab34cd133696,8698140d9ae13b8e394295ddcbe7ee79c1bc4ef22bb6fc693a32a1b494964f55
stead_event_00617,76957083a229308a5405ec304e219e3c313b2daf024081185c0d18e3ebf6250d,94e855ada1af5a546c8bca32b14a126c49b88692874ef3ef3ddd53d4c3c812d7
stead_event_00618,20ba107d61b034ee36b80e1f4469e4c108af5c7ea5472843fbe3512bb27a4307,8bd7e64377317cbe42fb2081b40180a061a3231e72d52fdaad9cf7e4773058f2
stead_event_00619,ac160f7980cf5ef3c88626549fb34cd495d69e9d69904ed3c37b5003f911fc58,cd403c1406da42dc89fe7e2e4314444671b26a7768a817b49fe9b34fab06f66b
stead_event_00620,79d2cf0c69fe7f1d4891e39fbbd78022f4a7371130f8a671aff4f788f8708d2b,c6b08c754c974446fa1a31a3c39b3d2f44aaa7a12af45926fe9f7173a0ae3e06
stead_event_00621,6e3e603f87a5b5b0aaffc283761a6977c2b3c1ab0b3a3e3c16acc1bf06d92334,0524cc1dba354e53cac64c7cf568736518012a27acb440df1c4db6ad67d62337
stead_event_00622,f2e8b45f8d331686138000fd40d6eaf25237c987f4ba817bd032b7edd2882d6a,6afde6d0f6d3de397ad43179cc5490a1ae94b666181efa346aa700667788cf1c
stead_event_00623,4b44a5bdef70f5ad9b51ef34a568dbbc82e11568efa6f9020e3dbe9b517468b2,fb485290478eff59eb41142b66512982a8ee4f7b064440eb08d42f90c81ebb0a
stead_event_00624,b3a6a2055aa4392da87f620bf845900f3d8aee4037162c7194076536916dd6ca,89845c944069b6cb3ea604f5a638a2627746d89db50e06fa9a6fad484d34f4a0
stead_event_00625,e1032869b4aafc8fe73c6e1d6bf094d647c8e969969ca2be1a58a5986debeceb,6d6692e3d76977083b9addb0f2f392cba520afac3de3b1c9466a4b608eb0774f
stead_event_00626,361d63e45e54e44e4c5de3933b15382749f5211f60ccc29e3aa4390d92871edb,4939ad4770b4e856fd1e4270c06bab8c566d471bf3393438fbb0ecfe147357e2
stead_event_00627,e43aca134032fa70de421409e976633b01f82355495134939e22e883bf6e7ce2,f7d61e04a0eecfe0db7f7c9bb0fe4fec0ac5d8343649e39c56f17c0d2e383e63
stead_event_00628,55e733e2b6ee702383ecdd19f136dfae7cadddc5045cddc304cfec81e6019c15,91a1fba7773aac52e1cbed257d66a81a8cbfd8384b589241e1c75444c81eb94a
stead_event_00629,89455de67bbb7e39534c4fc4d79f015f95904c7566619b8f6378bcd7f95a08dd,3989d07ad6eca7517c5549af35ccc10693b63b20278e041c6230a993b3e39e58
stead_event_00630,1fa099290072a058cbf8dc421f6af08255503158c450ebca273f982fbe2218de,eb4c51401efdbf706b5668a7f0ea6d41da7858228abeb00451419bce6958aa46
stead_event_00631,2da954fd17b9a419a08b794d43724d27c6d4a9cabf929cb56b3ed1c0d78b91e8,1dfc9ad988e440bb65a54d1dbcbe5ea039fb463a3b2762f83d55d2d80a93c78e
stead_event_00632,7119db49eb3d095e0399404f608de05bf4375c594280601d938d30e43c3aad5c,0c417d950e9dd74111bfcb5f01092d23258e7e142dc3db53a22d6cef8cafbe2d
stead_event_00633,e7c6635ca09c78f4d3e046b3178e3bdf7ad2a52cb6f6493ca69e3e80dbba49a3,150516da3bba14c0409c38f673a01392ec4279999fd25771e9b5fd02316a8edb
stead_event_00634,1ee9aa28b419d946aabee19a9ee227ac8b67ca26df287ed50edbaa5094263a31,0cbaa23c63ae548bf32b9daa5059488c62c8565c512a6c26cd7acdd4f4bcbc34
stead_event_00635,3de05f6ec3d36c036855ae0e896c9fc51c4ab5bcc1071d85ac72f41e13c528ab,41a704e94bc7fd515145af962d843c3b615d6e82562b986a3d5f93778a12947d
stead_event_00636,fd682b4996e656b93bedbba0bc65fce7dba60e658b65aabbe09144963ec52483,b87e6a5a4e5c8b5ad17797352b2bae22fc0ad170edc2b84e57317b6f0b185858
stead_event_00637,9bde2ead56a8ce612db61799a05c9813dd5c46799f5adaded50b4dbebe279d8b,5461d55d56e0d18396872953fa3b829d78cb4987303b6ad9b6f83da85d355ee8
stead_event_00638,56e19bdb35daf6fd1c6bc69c5482b44ab509750e046f5a4e35e8f5fc57d6e48a,978ff64860b7f0f05658187bca3e5609d7db3930d0b27457792119dfdfe6cd6b
stead_event_00639,d086b013c0b3a65a084a4be5e7d1c430a5b042cb213f78850c96323ecd2affcf,0df0fb002d08735c8bcdb402c104ef94d9399880b6507026f8b7b907ec5d9045
stead_event_00640,896250a507f3fb71c34dd4813fc63a48ed03c7a859030853612b773ae373cf4c,c7f5d597e5c89fb0218b9db3ca50347d29daf479fc449dcea86c1ba5cf9de7c1
stead_event_00641,d9a7b71ebd4eba0e5885c2183491cab69f48d2e02e3647d9df048a864685d113,81cea3a50524752e1fa64a995f709bae336d9d612e0b81ad97f51f3af3131304
stead_event_00642,432d6a61cb9242d68612ce9c138bf10beb6d89b3a3a420f00ff56f6617f17234,b8b8dd694b7a0afb9f9fab6f327eb90627f22f41921d3f8eee3bcf8a7af78112
stead_event_00643,0a0b6545930198f713fb6781d5bcfaa4dbe91d25d19586b23af86493d1ff6c2f,f33823f2ba9b43424405f04889fae5d48b65628dab0684c77ac8309d0a6b3d64
stead_event_00644,a5f4527e69242793327614fc947339cd22775630143b9b9445a17e1614176842,a21df7461e4e6a0b2ffae98977377b70b988d9cd595126cb2dd867e0e0cbb3c4
stead_event_00645,a593d44913eb60f9556dfd625abb3cd099ffda80aea0527bf54777d86aadadd6,976081475461f26a251b9fecaefe85ca543312fd24c1bb9ca8be2d417392ca96
stead_event_00646,1eb6e67c40d5b8978095fd1b074c419211630560f658e446535fe7e4563e6de4,52b747c30e3bf2d14f6e52f8e85ac207806b3b369d334a171bf234d90ffed7c4
stead_event_00647,cebecb048ab5404854dc2f44cb04f48229e58eb8ea8e68721058a48d1313ef38,7b67c0bcc328834294a53598bf57a7ec2c29a1a64e10f4b1a8ec402fc5d5609b
stead_event_00648,74491c69679f9955498a4f0b84f3a71af258c894a130f82b2b3dfbeda646956b,2c6ae681c84885f405b39248a8a10e497c0091f121348f9787abd157c3d8dbc3
stead_event_00649,37926810bc30ab2bf3404ba805cafd314f027e1cf5e96d6d7afb1f27cbe836b2,cec24d9c33d6451c2d2418a68e8469123ffa7fe7dee6ee41d27447f4fe77e79b
stead_event_00650,c08cf4fb61452650671735288807cb45616fb4b92d8c8e5fd3112df1e8285551,3e1176d6339c4ef44c13778a50558f54ae4673c69162960b96b12b32b30749a4
stead_event_00651,dfbc9f533153e0be1e7f376a804c520d0f0ae4f9f369fbf979c3983765391d20,edeff78a29db6bfb1c65de2bea4174dbe587e85ae7cc8b82d62df4a8d1abee28
stead_event_00652,8821f4465c0a087f449c410d2bc9e1a5f6694e63f16949f0d6fcbcb3640e7954,c1ad6c38ff10dd32eb32c458bb67601280daab1418179139f9dcfb2a1ce05d49
stead_event_00653,ba1a1a73088f8b4a55d62490c5ee2d73cacb1ceb86c259426b801cff33c7b9f5,98112db560399e33af148c8a50940d242b0a021a77155c5d0d0fab08a60c7285
stead_event_00654,cf94a84b08865c320e62ef3e293f790dda04884dae78cf6d89e054bf7cfec915,963e00f5dea318dc7b019fd51f1028e81d8f48704d1e23a20d8c6bc166145e77
stead_event_00655,1d30cd3d5a92fa4a258b85cabd7f855e81e31f33d1a230d811a2fa5c1a5ef4a6,4c08d6e47ada68f0ac3564deeac2f558eeface433691f369de9a87a6aecbe192
stead_event_00656,05cd2ba155740a282ae0932ba5fe6bb9fab589b024eb079f38c5a6f3dd2c6d01,4782b79dee05190f6d2aa8431065956615cc1152434cce69637e3d9f934f589a
stead_event_00657,37e488e4fedee6c7b3b033355058b6070b5b0e8e4431890de9842535519e018c,0ae4f07aa1a1a25a59f7853b0b41506186b6b40eb9906c5e680867073bdb16e5
stead_event_00658,660bcd27c5f7b2d4977874f75c015e6d14417b2723ef5ea1531c247de6c020ee,20cf13e02e929910ea0b1956d0f88ca9d584759715f21720a2d731ce9775fe38
stead_event_00659,ec01339e9b45664087a3348fa02e8d8c520b2f89ed9f760aae2c9e9ff4ddd904,aaafef6ea1445939cf2467a3680c9e68e5da4739d1d8489c34f241f7c13cb9d5
stead_event_00660,3d2cee2f45b18674d1a69f9e5401cefdbf31ef1798aebed5da9a59f881d7abc0,9be8575ea95d8afc033c90328077bdb212c533f941fbab75fc2ea1920a6cdc08
stead_event_00661,7875d288808d047ee86bd6a752f8684d49e49e6767c08deef6444886101a5fea,fae17f6b2b342c7f7e66bc2e7a5331398ef1a20e1ab493eca5159c42c9ee76df
stead_event_00662,1c1059256604119997b4f8539cdbf6e9aa80557ce86bec6ebacb936ed301f3ad,bddf45d451a30a2ea370dba612ea57846947458a442972b4ad7b03c5352a0d65
stead_event_00663,6686ff42e9379b3afab0ac199c26d05c35d800756af2d1e6a8414de8daad250b,778474d4dd365fa7733bc6d2a87a250f92254bf7bc731b4ef6bdbfc944a930c3
stead_event_00664,39abf05df7f954f248482fd76c24545f8a8cfb1735310b9724d71f6cafbb7d67,e4a848cfb63960999ed30f73c182cb550f38647e3ec7cee9c1e1f46c42cac1d8
stead_event_00665,b5a6b74a71379ee128311507598bd6943c39d39978ecc4104901b2c5e7fd9770,149b7a687cca46219ae7a49040f2f2d879398296769b9faa5d6ddf42a53e6ec5
stead_event_00666,884d40cc7acfa059fe1deba6e0fd9c37dc7e1948e6fd49d7b4ca5603a17e390c,c00f4b3f0a22d367ad8f18e39a9e9969238eb4cf43ca6320af9bb619c9b311b6
stead_event_00667,bad073f881f7bb35bad376fc2f710d4dfc1a23d1f58ddcb953b68109493c18f7,f214c253b70198deed76849f9a2cc1740c9ce0ecfa81a471a46a260edad2132a
stead_event_00668,5ef11dc120c3585b13086d452e01bb5d0cca16805201a6520228b58d763a22e2,fe27ac2d756b3c8cf50e6ca26aad679edeaf3098d2c33b639f6239bdb39c8ef9
stead_event_00669,509c319967fac79e31d4b5aecca6715d0b72886e9ecffc19a3b3a25d544d00d6,6ffde9649d47f1003be0ebda21d08c3bc509710342149d082328ae080909bcec
stead_event_00670,9dbc9c508d21a55398183287915dad7d10315952db24d43f4f1386e0933afbe6,e98e74747a294c96ec75035c040cefa8cec57c45da0fa89affb7e4aed013c966
stead_event_00671,0fdb8ffcad1b8eaeba6554fc2043025fa7b092d551ac21c9e2b6e4afd784c104,ff663fd5193489f49084b6121caf5ca4fad505b9e4e647e0d5a74f0376828e99
stead_event_00672,1423ebef10d0a905e5ae5b55601aadfe17a5376ca2e69bd9e9a619cbdd652a2f,48cc05f96c96b47ac6f9c13a4313f2b37cd82233e5b00baf03721114e9cfb160
stead_event_00673,d7134760aa6421137a1ba57624556ee7e335aa2e31d055d6c4f2353ee94d30a7,abb75c1648cc5658db5248f2e1ecf5160b3b61c391907c299180e5c22a4ace48
stead_event_00674,c6c440ef3d2be10f19351cd2d9fd689a18599bc10a16bcb08368434e3ae054d6,5c4c56a5257c254b5dee9610b3fe20430a604e9cc6c451ad6e5362b62b92516e
stead_event_00675,43f6c3d79a9730bc84023587614d77acc0f993e6bff303e20b49397a0a28f335,e96c5635b8a6fb6ac096a46149ab48d81a102794a4d3ca897d1adb053865daa0
stead_event_00676,ffc522a23cb5520669cf85b1e9b202873d31320eaedbec75267dc3fafcd2a2e9,d79f44d7a6906283818c5b8ab2f7524a542952f03381c5714ea6358a13fa9ed1
stead_event_00677,d7c097b72b5036e893ae2b236f50c2cd330fb1091c2b5c374318c7fbeb02f505,d95b7463094c40d2c0429687b96a8cc3f9d40333e9ee737ea7e81037219be67f
stead_event_00678,7410a58837d333e19896e0fdb94900767abf51816a4754976fa8cc06000533dc,d64734ec974a0b66b4b62f3731df24c247410ff35f32fcf2907cdb9752494f3c
stead_event_00679,2451f21dc605e4734d39c0d04dc587d6adf372c08a78c40284aaf772dcefc548,8d6c8fc6a010ed2bc1c29b7f3340e6ecbb150bc70dda12333007fb7f09a4fa17
stead_event_00680,57b5a15428d55074f8d2b91d6d1eca6d0f312ee5bd40498080d9fda1fcbb7708,d21852d33948a646fc0fd8abd5ab9099479e3419cb4761b1cf828f9bd2449e5b
stead_event_00681,3f3862d06e39d3c5ceaba36614883b5c886c0ef9115bc2d01d1d06795764791c,57c03ffa6d1676959174af62a425ce9c76979a12f845a32ed405fd9ba2d0d836
stead_event_00682,5aa15dcc20ef29f97db2c36d1b34c434caecb214fcf57246ab4ae63fb3dc02a1,d3caf03ee24c83f2fc9eaf785593cb7a886a74d0ba00da3754b65f83b31e10bb
stead_event_00683,8ec0808f926b3b4e29f4a2c642ee59dca3a0810daa4ef644b328c7d800739044,ef84a30d688ae037c89dc46163dbafc46172be82a71f53abe19f506faf2605b9
stead_event_00684,ccf5edd84937c2464f374f24354b19ad6de2654b8668de740c0d9cbe7e5448ec,2925b08b0d142778fe89340ae462b2ab97c1755b78881fa437d58cddc00184b6
stead_event_00685,4034744b5b30c2eddecb6b4d7dc8a5ca3ad3cca248bb52a001d5abe56407fe97,b9624084c9e8e87f535039a768c56a041772aca39f1f9b10c06551fc8aca2e01
stead_event_00686,0c6348171816e6eba346282fed088157b34e3f33a824680398d02992d215c2f4,8ddec7d0970408a659c4ee8ac96b96176083b4527967a4fd2abce22506377f0f
stead_event_00687,dab0ca49e743e12fdceec087b5989b00edaa727da02cc7b606a9131e08d5ed78,da7c8b4e5a05423ca3c7ae08b0199d6ffe0e66500d43e5de22fc81b2977df41b
stead_event_00688,b292f09b4c2dbc5293d18ec09fe05ce6d026fb677093e182238c737cf7d2a264,85150152b49e1927e9bffb9b99902fe834de980f78ec754ef89574036b77ff79
stead_event_00689,9c07fbeec22c0ee3b6c8d1557d1557d9298518a2458b1f59b83d5b3fe868b1b6,17f9a1b6a1d03d3f814340db31f376c04e167b4ea6ed6553316e4ce632390c94
stead_event_00690,2036715d262506e99b5809f9448d98c7b0e110eb77d7ba24b856b164c4db08f5,b119a304e4c816d0cf228dabc7ca1374d32f0408fbdcbda5a958455e1d061974
stead_event_00691,4558f71be79f758df135c741e9f9485664bb67b24d38b7aa8c63419931fa6825,4d16581bd110b4eee33769917f27ad618c3231fc82c15e6fbf5c602556863f4d
stead_event_00692,5c760a21168c4edff03fdf48ea0774885dc7973e37114a04dffc15d9e5908f07,5013c2d4703bc03485dedd6a649da7b939c6d463b54c9499aa6fa32575d825ab
stead_event_00693,320886a734d65914e239d6ebcb72f7a60405c20b88ca9b6c76018c8ad13a1497,7ab5ace54eeab8a343e745d3b7bba4696473416ab09a21368508c95dbc257f24
stead_event_00694,3b37ab02c4ee1b42d4cefc00637898e9f303d30fead2a258667b9d1769dc7b3d,1467850f5e9e0f2873ed2e9f3131546487a8ff710ac8c8d75b616188ab421c77
stead_event_00695,c60d8e5557ac84825e25e560b90c17e060aedab263370b9e8f1bb7a8ac9a73cd,46a2ba7c9cfe30f22bce262f62e37a6c9d3a73586eea8a1c0bb56857f2bb4486
stead_event_00696,67f98e985207e9f49f1e4dfd61e20149878ffa55b2ed95a73af6601317d7f4c1,765ebef9c5b8337656736de2f88ff774f91494ca781c06244f7f45e1c65bff06
stead_event_00697,5ddbd662b69cf667cb3599f9368782d7c082569480da624862c09c7d4bc1cb19,9cd52fd205b9cdfa108adbcb822b825f4fc22d6c485ca477434405d10f03e267
stead_event_00698,184330c637622beabe422d122696d89f92b4722915e784d2c6eed29d1c7bdfa8,17dc9693fab8303ecfb77773a22823c179b1f39dbdf85ff98be69d1db376d2ac
stead_event_00699,505b9295dc6e4b400f7c1650b52a72de29d58eb19b5c5b4ebab310f7a255aab6,cb7cec53b64488a8b2aff350a2d9e9880bd762c27eb927562503d7f13b4f3a4d
stead_event_00700,8875ab4b1ccd9484cdf8fbb520d7df42d4dd0935b52da58ae78e4a06b8896ebf,5eb4ab30efd01198c63e0ebc66b5e033da26b4c4b51d40c6afb22390b8a30564
stead_event_00701,076a0c18e4ba2d34342651c2afb2da2d6c345d2c4a087249394bf624d9fe65de,e24c59e212d9016726b24728b53dc59c4643a72b89f31b02252782310523a67b
stead_event_00702,eec22705d0d16f0a594541bb64dcc67c2ef134673dd3abcff074e101425214fa,d5ab2261cd408addde3e8bdebcb991c51ffec2402ef34ec2bd9ad4901694c1a3
stead_event_00703,7cbda3c9e212eb21eec94cabcf5185797ef346b882ee5a921e712c522c860aa7,a0a783b15146d498b23ee02c48d48c2c9d7da8759700b53b1b7263e5fdd3d240
stead_event_00704,2a9e3154bcce1906e27f0b625326d468b1be1e62a1c184b8669eb6887d13a8a8,2575f96702478d08626b4cfba8fd0c60d338d169fefb4e3e9d9efd374f7b0d26
stead_event_00705,6872b152e6c3aa8b04fd1264fc12e90d6f8fc4c1aa97bdaaa89bea6bb3910e8b,0c0d4265f0b42f5a0c61568c4066be7a511244d417f2f55e49d5b090a04cd674
stead_event_00706,26fa951c89aa1b3b23d36206fcf1999eb5d756ebc4efae2fdb8f628f47d8ceb5,77257a7bdb2bb63c0d0b4f9bc250d87adff30a93f8a994f5cd810747ab6cfb6e
stead_event_00707,1c193ff9e455665932a966edbb2dfe86eefe2340f0e52b84287c7d221b85bf40,0825b804991b8a0359200937385db4461b9be8e85546e1cd0502ded85e05af7c
stead_event_00708,88cec48489c0ea0be8d2219ac6c37492dca560dc4df1f7a59b543a8b988c9e35,d908bb4f8b223a510fd79cf41dd9afc3deabd9a90076335b9bb87e3fb7163953
stead_event_00709,f12cdd2e72f6366eca57a5c3f1d9c9c84e0c2dbc6dfbb0e5268cee37bc859526,1eacab035d3640f2c152ad4e5b475e20dc7e3fb5b7ce093874459f4585851e84
stead_event_00710,1f5868ad37bdc1a2b4a1a3cb4ef15ae99450600b8dcd1ce5c5e683f90dbad73c,b63f3885c3462b7c510e252babf9e797cf4a4656db292f95f4a698109208611c
stead_event_00711,5fc6bb4c9a37c8ee7552cd3c733ac8a0271ce479e624c96283922134213b8098,ebe5b76be8b9d49a53425e6562ee590954ec31d518eeddba7b929530e16208b1
stead_event_00712,e36e8c1827852b1f7a62a1d3ee3741554b493a310473102a6c105a43f3fc2ceb,db0bf3f4b58919f5f30f8a5fdea1335ded0beb682358427368c26a75071eea23
stead_event_00713,b516ac51877ec821970d844a490ca9fce5c0577651da4d2751e444f602615f49,c8bfe9b4797abfcd85f816eb7dc05959da41546642f94f1b506b41ec55dd30e8
stead_event_00714,9e551ab5158af0912ec3016cb3d36b4606d7f51c546726a0bdb5dbedb79d5b74,184623aca55194dba1606fd5d231428820012ad1bc3a038ec21a8c0d2de930a3
stead_event_00715,4e30e3e61b02a09f681e869741e19fd27bca01c48765306aaf54782fd3ec0863,cdd260663e3212cdd0423bce3279b76cfee6ae361087225e603d5b814942e896
stead_event_00716,c2d563357069f101aea0e39e13db57543f8e6a419c5f87189f5fec507df75fdc,20d548038f3b29d8d1b85cd7d4030d328cb1a1ad59123573fa7f6b792c1abcd8
stead_event_00717,abfb6806db646beb8d93b142576b561240f4f52912991c432493017debd39e2a,4033393a0faf46790ad02eb1ee2109e92b3932daf8650aa86139d9f15062c94b
stead_event_00718,1e789095f896482ecd6993f4849cdad1450dd94b279c1a1ed9f5ea798bdf1b12,0e999bdd5d192d24dea1bc0bb1e225ae5d5bb94ac3d58e35cabdaab2c1127de2
stead_event_00719,67559186641e5be6c5418e3ea29756391f0f9f6d5a7a98d43c55707cb227f51b,c59f72887fdf71998ee12a0f344404a95c2da873933a460b82002031a358cd8d
stead_event_00720,9866998d31c91a683c18129491885ccdb63ae58b5e41881f278f19ec9c3df00b,2f99350593eb8d9a43257a24bc7f336fc37c07c1509729895a6a6891b535fb4f
stead_event_00721,6908856247bbdb4067902b1275ceef50125b575db252bdfbeb2b3d5d67014dd1,d750ff4b416568c4085f875311abfb5d345f775e58465daabd5a9dc9e0f946aa
stead_event_00722,84f2b8097954aa72acd611b6fb94cf8c824e0829a47928501662becbfb30d3f3,0b039689926313725bc8908f299aefc0dc25709521569303223becf15e0ff0c7
stead_event_00723,925cfbac02052ecda5edcb3bf880736fae47768a818960e6bf7642441f487cd8,fa9f402391c27bc5483881a05584da83e5a6248698382b1eb2449dd2af57cdfd
stead_event_00724,f7020d1d197e6692d4b12e7fbc769ba8ef326ac33e249a10cf755406d1e43804,45c78a47512890d75405959843a0c2557611af025c58f7b6fee8c1c89a47799b
stead_event_00725,c6b17b61059f5a1ff601a665ccb42432e716b9650df9d767f9f41856d2184a09,f6eefaceb5e84344adcd93a10cf0a08c51cdec27cf2e770e716875813e07a229
stead_event_00726,00be7b2af93fee50b58a6a323058fed5f00fb3b1292030813f39eac7c3180bcc,31c7baa5e0d2ce1cc9fb893621ce713736147c01ecb5d1e5aa0c20a1370e0382
stead_event_00727,20296ff6fdb895b4fd779470f5d53ec3e8d90c59d4130a361bd20805cd48535d,80cd9a4caf3acbce97166b31a2a2ee430c19133b001912a272ce33ea4a64540f
stead_event_00728,4f9221598c2d30422b464dee0a5dc25fbebb7808586fa459769ff80507b5f506,028a173b0a0a3b901e194dde4987c32784817cd8591a22376adc888a48cda07c
stead_event_00729,85b63183b48d0b902487ff94ec42b9070da52ce52e76dd077311e657e2ba986d,f0eb4985bdd2517bca335badb257dadd112e3ba8e69e2712de13b1efd62a3219
stead_event_00730,01982c98cfefd8f11cb02d68602c531c3d4125736ee2e661563174f71c6870ab,a3be91f78c63e7c23801b39a2970f844fce3c580783c54659c12889ec43aabae
stead_event_00731,96aa77bbefab76564f4b3ee99c67bf29ffe44b01e209907564fded31cf640459,988e372b2d749b27d609f83f4a847929017ce4462662a71565b4d5adfc5faf6d
stead_event_00732,8b470dee0b8f248bb462a593677619f6f3bd0f2e8a11178a6e6eea75de070bcf,3ae1f24e4ef5a4002a2a880d767529d438c18861d027434feb1a8ecade286dca
stead_event_00733,a1902ec3a9d860e2d58b616b1a3bf9fb09740b133307fb608761bfa5569f6d8f,0f2d3a65264d5f06e3a4363e38d5e121db280676fde4f7b990fa1cbf2f6675f1
stead_event_00734,79b3eca51d0267d5210a92fb4bf7cbf65f1ad5590d16761400aefd89fbb673fe,da9313e786be21e03fa4b7c8dd9d41e4945322c7e8f582fce59c3d4fcb7fc732
stead_event_00735,c0ad74895d0c591aa54b0efbfdcf01911489e21d365410e75bddbd3ce1ff53ab,10d319c2003865f025ceffc780b5d426a32a5c100848f3b80a67ae6bd37e368f
stead_event_00736,e0835f2bd295e8689d8b0d1915348d1198a18a941ccba2a712cdf92a9b29de39,5ffe948041082e8660777b1df04d0956fa3dd7f73a0d6bbe9f7bd1fc6ab76533
stead_event_00737,3380e53eceb5042aaf5c714a7fea89430954e630b7ae2d5de9fba835ced68461,9cb5e3a08e47dd360494eeb88923fa54741ab2d2d65192da33abe9b36def1339
stead_event_00738,8e8f30292bdaf3465db292bea686faf59cdc9545389be9b56979c69af7ef21d9,f2fa1e4657f1962c83b481df4f82479310b4eb9b0a04cadb90abdcb1bbe51e25
stead_event_00739,24d296c03398eee60363413e09b69c91cc2e17965d2902c5aa5657091175cbd2,0b64fafe737b1af85a9fe458ceac3fb88125af11f0dfe98274388b5e29cb8a2a
stead_event_00740,78978692a5b255873bedea6df126c8017cc207cf7b46d343764ac0bcee1a991e,49ba18d1761710e4179d6b86f968d9bdf0acf3d1e573bddefde5d094875681bb
stead_event_00741,d7317c89d123570edaec665c4e8c2e52d8a4af406585c6597b9e483da04f5147,d76011d9a89a2d096bfe2d3dcb6f4663806d997d4a181abca62c8a77f912db79
stead_event_00742,ba7ac5bb57f1bde5901c017e7283af119b77a002ca8c0d589ad839795b63d95b,2c98aed1a66376f3748502be9e8a43b37ffc2e8b9ec0c0b54bb7ec3a9a78a46d
stead_event_00743,be7fbd325d41cac0fec1ca3c819740b67b41a990c04a3c78fabf3247b18791da,c6947360233a2ddbfc153a8bcc7020268d9dfb26f62439aca6cfdc6d80fe508d
stead_event_00744,a68f3afcd422ed4f97d5673d1aa869031d2192b1ab48814abb5f4924554f9774,834fafe2152e22db1b8126547c390373f007a8947b1dd6122b5f2830ec52766d
stead_event_00745,3b6795f9125b14553f6aafe9bcf63c62b7001db06b1dc1ce2c80a9be4b6e04a4,23755cdb501b11599f5f335e164a0dbe3b6de611d80ceb96e2d16703b5cdc502
stead_event_00746,d8d5445b73165de7cef129ebb1717cd9af760f8d1fff06a1700f5b77c70c0d7a,e985b609e904e8b7743d18c67de9b78282b3fdaf4e20814d01cb7f158b9256db
stead_event_00747,e8cf8310c2382610d6976b43878a3249f2f620ae535d6be85e4aa7b8badfff8c,cd82f8978776d7aa7bd9a70a88c71be4464102f07545283eaa232122cb7b2d02
stead_event_00748,db9a136d82e4192f5909c95dcda2d5f41ef2d7b0b83ad61d8e08bd19739d8d1a,bf1a7832f23f34942185512a24e4f8dfe2ace6f0ca404326929a87792ce54fc0
stead_event_00749,ed1f9213b57d767796d973f19f795522d52891d5c6464814f5f34b6a25602e9c,9799a461512701e183c8897e3d0cf2bba84eb9404805aaea9b942728ca19f105
stead_event_00750,467a903090019713f3f771e85e266bc1de0b4d07225b6399a31c732b11f9c58b,882ddde6e7961193342181b89d3527760f730974d75055b3863df9e965dcb48e
stead_event_00751,c549c4c372f51cc35a1d2a2fb2cd5e1f4f628a12cbfbc274fe7f1ad647cd9211,512d4ece9e2f549dd395570cbee83b9eb4abceaa9d0180abc531127175d76906
stead_event_00752,346572f8a0cdbe22b30454e95a41aba1a07ad231027c947a572b7b1944b0c796,a7383cec0e1b3fb152013cd925721e9d111f640bad9811406a57d6d86bb9aca1
stead_event_00753,3c3d7bb91e046ebc0e32473bc7c5a14e85d248c3745e547fcc0499283c46bef4,6b85b10dfe0b5fa9fe0a06f7956ce334221844210e92a0734b616159c6f649f9
stead_event_00754,be3c3b317e0f91eb7c790124a374453ffd59c34a772c34dbf6bbbe7822664259,00cb9585fde2fda468dea3ba58ea751bbde98ad355289f1409fce313a4c6e66f
stead_event_00755,0dd00692ff6e1c8787ecbdb53c26f36173522c2894fbbad8a8912c9a001af9c2,aa267048487ba387122dc7be5878ce11b597c463e1ad0ffe49af3c5a2361699f
stead_event_00756,4bf25e3ab83dde8cbb4fa30d7ac448a8b367ce5cfc7488aa2d437393ffe5d2ca,c57fa6f6490947b5398934c58d72cf7e002102b635e7976b7e2ab9ff909c3570
stead_event_00757,9f8c20a593176ad8d6a8ef567985b09b7a08be7c0ceae1b9bb652eee2c65cdc0,2ad9bded94d0a6cf3a381f09f8eca1437aadc63490ee57b7560908e535a466f3
stead_event_00758,25a64c3c238b7f0849acf9d2e3cf21826e3d1e3b1208e8627ff442d09106d187,a4670a87d3150f023c1d6da9e798d3bb64ec01df791e675e2f4d797d52cd15e2
stead_event_00759,ffdf9aec988e9d902f0e8549b5051f1912e20f24dc08693c3e480d11c2f6c010,5f4f57b298d10fc12b3c80cfcd62adbca1eff4ab5e0314457d2da353ccf1325b
stead_event_00760,1a01d63fbe06f3bde8a37782a2f57920f2a0c787f8a46f0c224c629f199a587d,867a40872e0014f6d3f6feb028d93c4b35454c9c36b0e55ad076ba1e3bdae4de
stead_event_00761,7a9ba38533c3ab93cf312cd5d826cc43eb22dc7d3a36966c13673dcc302aadba,ea6f6231f317defd0ffc898b34ca19b6f408679ba8ca3bebcd6ff269a40ac19c
stead_event_00762,3a421e1924c45990fba4c7d3707069f8602c49955bfafb8ed0955cf8e4714e69,c4a6d55fc85c7df3d7903239733a8f4f638afd21d04a62976f62b8a79976b881
stead_event_00763,858ba6bfd93650a0faf9322c2c65eece6dd8424857af92fd430774d25aec34d4,df5b2cd64d6ad1195b1cdbdd87ab5269e9be3696bc853dc9c853eec223acc9d5
stead_event_00764,88ab1d721691d0a8b7acb9304ef90cdd6db3430d82fd31e276c7320c432711f4,8361eb952757c1fbbf9cb43ea294d6de145900a45fe9ad177a1b7de30302d860
stead_event_00765,c476da9601f5a0f455bfbcdc57ebfacef0c9ee16b4360ef464a46f48a647142a,51a9ee728e81bc5c13268d65041df249ad405c747baed3bbafbd1245ab7df343
stead_event_00766,83180674447e31640df836d8895050b068d40c3aa7ff2c98cabece68c357c9c0,b324a0b523c8d1fd2d51c9b7431a53391969fbef324824884f5eef31d3d1eee8
stead_event_00767,d4ef6f954c079159a4bb89e291da1a038c1be10054d04d760643cdaeabd6bd63,f6822d731d18803af6727079d52b0a1f67f62f0a06a217d34081c31558fdf7d1
stead_event_00768,7259993701b8269fe76f3d3bd0e53193c332567519a8798581c26b32ffeca6b6,9b078084e990dbda67e17ce8ce1dd75014c9cfc25bcf228735467c4128e3fc10
stead_event_00769,be8e5c7e28a0fe76e14545a8610e026cbe969a449e4f0445639fbe27c3ba6412,d2f1ed15e5cdef0c222b4fbf4976fcf635d3836b0795177c8df33760a9c5c8af
stead_event_00770,f44b6393f6040abb2e6fc8a31372c49b0697ede49e31aea43460712c059ae90d,b5af95f8c1094e1ddd216671d415c8c600f84231694cc7f661254aca7f85db70
stead_event_00771,fd350566ef2eb173881d4f02cfe6628ebd4be82a1ee2484af781f1bd9f431391,a93fa39591877173462abb83c85ce2572d97d40000faff6d63dee54a7afbdfe1
stead_event_00772,d46fc2ceb44826e89e544d7c924802b667b89e557d6d01148d6f3bdc299057f2,2ded64462a5065e677238586c799717c7d391085458b3a9f06a147c54b0f7cf7
stead_event_00773,53bd24ff59987efdc89a8496f4e37e1c84475641a2b5371c8a30a855512482d0,8cc5f897721fac2c1effa9b6d62a012eacbcddb8a9dfd6364924114faf5ae143
stead_event_00774,86e4e6d8414349900923ec2bdc9d703020e6d695b09034617be58f4b6e8e47e3,87c511cc4ba582222cb5ae25b1abd7c7086d448c2163221b73c62b47e62142b7
stead_event_00775,3d39a4a377cdf5bce60192327534f47c9923ebef6532295cf8f11b5eb71d7382,7fcc9d64ec1f2868078508b8a0ebb13827d5cc4dc91bcc8da7ba24b2affc3d69
stead_event_00776,e4fa1905ec2c1d84ceb024eb8c21032f05c27cb8ab8a6d6ebf96b4a8c9718caf,9bca13f5409e8421cbc13b6a7c0c93dd5ee72bb6e3636e82c8f81162f582137a
stead_event_00777,3d3fc27da83459af6e0d2f85cab5b0aa02c72eefaba7d4150b5c442a7c5cd39e,8e70ae3b02813d531ace8859af2b64bacc172878b773f27a6cddf18a007f25d1
stead_event_00778,c42663cb56612e35312300bdad3bb88c5424300d8fca7bf0912bd50d9aa5711c,96b82c2e064207d7bb2def57ba64453c9f4ac6451cf75688fa62199ca60a279c
stead_event_00779,6cd51cf2f7439921da2e63135798dbfda89ad2f6a53cb10fd18f424f6c72c847,fd3708c165a48f1c44ca1aaf17354b8a5bc12a3da363062490d93e5c55847b8f
stead_event_00780,f917c486522b934912d232976f3f2b0938549d72eade785c4cc59144b94fe797,9443efc7f2234a5d8e8fd0fc573c57d31c9ea9cf8c030d2505ca4bf7b6a0bf6e
stead_event_00781,dc3a46c465f670269187b93b86bcba828fdaa25338b3871c218a408cf3fdb27e,49a194ed9fdb6d686e059e12ce788e65aa28d78d8d8d845970bc2ff7f978d3d6
stead_event_00782,53db0f1fda45e6f11fbd885b1c329d7bd6363a828cfc3827a8de9a10f7a5854a,e45a7c0510edf67e0e74f9d9a32dd512bfbcdaf744571095964bcb72d5c2aae8
stead_event_00783,eeb6abe40b33b1cefb06707d17de1a176e4747fc86ecb0122f355eae7fae6637,76c9a9bcf1c4963f0edbb20174caa00db948a92bbd711d3ee17248a3e7321623
stead_event_00784,b1d85db4f9862eb1685e6bdfc0df0ab06486a2e1583a7a6031fa1d517fb8c31d,879f07af3f3c8c23e541694eb2bc127491d4685c9a39548cb1ab6548bb825c4e
stead_event_00785,6ac9335e99100d14272295af4c26e8b50698b56008bb2bac8826b79b55294b70,d85603fa6dcd725f58fb9ae3e572bd4280623afa7715b5e3b380408ce9d0cbee
stead_event_00786,1a0c602c60d7753963c5d83393e570faff589097afd82252edeff26a623f02ca,f3261e3698ecce9e24db93cf6433abe3c4b10e76a72f751b7f842311a6c1ddc0
stead_event_00787,d01547ae82b1b54563fd1863a2f9da6327fffdf0b271628a3c59a141bfc30c5c,d1065f95d67c2d15847f6651b8d168c257caf339754612aa1dc042a1857c27fa
stead_event_00788,d02644c26081a961178ae0139b39c23df84042627ddc2ae2421d6e9f7619e3fc,f072aa38d39f27b36a961da20efd68783d7273c52e24caeb5e330998bb283274
stead_event_00789,5ffba1199e163d84ba808867c4d8dbec88723dbfe4098d2b377365e87ca8345f,8b6482439c1abbb787d4537bb1e31868ccfb15987fdb2df903a5b743d861b7dc
stead_event_00790,ae1406fc9b4de6d5dac9bc21c8dfdefaf58ee721b261561669510c9eb18b0bd4,64c730106b7412e9405d40b21db996f7c1e043daaf671051c3e0bb7ca82bd95b
stead_event_00791,bba15adca9a41040d76a36a349bfb4ec14ada6b97941be4fee4954cf006f5279,ce0a829147bbfad08b6497c4bee0a5a4830167112490b75109e650ef43d02a9a
stead_event_00792,9a2e2d39133bf6c82f8980292582fef0b90be872ff2d079f795daea7d6820ba5,d5074bb3bc3cd4264829ee6c94355d2f6188c1c68edcbe9d413de6f2ddc6ee0e
stead_event_00793,be1b455cc764ed98dafc31adeaf8755d1147c061f67086f648c6468e9ed41527,e005972f2a1c744c802d83a0f4497e464da52e0ecc577a54b9fab02d0b620de8
stead_event_00794,b1f46c62cf7d759f269b2bdff9f1981efd2a2d6b8c674f3fb8a277370d74df9d,491a5f9e31319644ec35f86098f5a40d13ca0c85b15a0ae36a1da1a17c2fadac
stead_event_00795,91acbc44fb43144c40777e47ce82a1cfa7ccc14c15cc640fb3f19fbd2c1783cb,1829e9a27a4978d5b79e14aae8737030b3621f320816b3719f7042d453f404fa
stead_event_00796,4ecad1a8507b9470b38348eb9fdf087a33819fdb8d58f901da4ea9d09eecfdc3,b4a89e94373d3f1c0c95677ddffe38aca9560e75756b83890ac0e81953e79d73
stead_event_00797,038562db2bda938607bf1dc471d38ebd296b70b801434d1cb4f465ccf93d3815,054ac205a6fd0d7fe904c922e152f5e44f25e57a54d34f0b3b6216945008f392
stead_event_00798,585a216e0e216fb2b0830da3e48ef5ad78ffaa921aeb3e3d4a3ab89200d10390,2e8eddd5ac8e048ef56ef008ccba57a00e56ce9b9f901ff3c5d6f1c058322d8f
stead_event_00799,f216595bfb26a2a992c1809d42780d9f20bbb0a69127c705c53bb2efc87af305,c374b3cf6d440302e942d5a3d379129f1793966306447ac98a08541448fe45ef
stead_event_00800,97c51e7223ad19560de4b58028cd7cc34293f758fc1fbc5c42236bb6b8d96a51,15f160731467070e041de6295463262dc1c54ec71a9b362c4c356f74e1cfc4ca
stead_event_00801,0a7b0d1b27b7d4c61e567e9cc82c689f4ce7a564a1e5dfeeebbd048d0efef6c6,5c119d895e85b98d4a125e9b3ae0048831ceb9a7dffbf20a86656b1b44038dcd
stead_event_00802,da2d0e81c3405d6586d5f4df9430178e8175433730f681ceea78300ef7c5157c,6e392cd8183a032e9169998db8dfcdea4ba15ea240f2146fc68e8e916f0efcb4
stead_event_00803,093f3fd0e0723dfe5ca88fc1696cbdc22609b78db18e35f9f6bd0169feb7a72a,e41d07947a3e84e3620b6e5eebcb0bb8707a94f582b2ef796ac59a047ac0b958
stead_event_00804,225e65fe4a41022661574463c3333002ded109891d149e1974b0c047ac4faa6a,57b45d9a71748f358034ab4d6e17e0423c17234600fdfd9103be5d86aad9c2ec
stead_event_00805,f55dabb03d3f54500ce191d0d2d88724c2a1fe04d7cb651d9a1e4845cbc2890d,5ed594134b274b26761eaa96b704d80274b79d255c4e2e8989f813ffb6b62228
stead_event_00806,5a2b17f3b24246bfd4752b31f37b7d0ffcc6728fa128c27f419f60e7f806f099,a03363a7e662c5a65e167ded8cc6b7128990743501d9cc1467881b8c52dfa902
stead_event_00807,68babecd710b6713f4160995773b309c3855f5d626cdde129660e69d79873614,80f89da4873279424b1b76e768abd624aafa01a3f9b5b05b408f6bc3c04f704f
stead_event_00808,45ba00be302bd27c3e9dc50476596c5699289aada6a1e0244ed5baf754b6b781,9ed245b13c75a39218805c2677e5874ef2b970aef7eb7a2ff5b6b1525ce8853b
stead_event_00809,18c4dbd2d2c9b46f34b925b540ba29e2d1b506ba832191c43a8f3f1eed25ade0,74cf75f51944b0abff628656030aa7a57a2ad01afaf3e631d8b72ec180c83c94
stead_event_00810,158f62261e246c758421666769f3a88d3407d350ccc7ff1e4a6a9a165ecf2657,551b6627ad54f375713f959c66bd24fd09189917305ee712779fa7efe4a16140
stead_event_00811,45b3417129abcd8b06bbd317f1489500da4eca9bf1eeca1190c305ecfd07d99e,93f031017d5ddceccdfa6c001ba88f0cad538b6a8a161d43e3955604403e3b17
stead_event_00812,e8db623db8edafb82d114241bc08ca4287d8c942e0e20e83cb00fc447ff9b957,7dbe9bf22d1fc03012ae4e13df2ef8660bdae54b17641181e5cb8f7b5610b371
stead_event_00813,40b2eaa3d7c82ed21570ea82bd749f5766163395dcba725ecfcf85d35c6d0c9d,2a0d6b905c16c48d4b7e61597ae939efe24adb577663791af945adb3aae4fe52
stead_event_00814,6885667967d94d551c3c99b6461e5fb67feeda904456443bc58f653974e6e8f0,8e0034c2ef31f8db0d0c4bdb7bc0bb72964bf48ac7731ac13bbf0197b46f3cca
stead_event_00815,6a985f0341c475f793d406a0e19661b153562c5041b4d3ec48114cf6943218ef,056f134c6bd7686ecbba5b1fd610e1223c93bc45b55b8bed981be72335be6456
stead_event_00816,9b2df62848c1f435e1e287a2c54fee2a96da753cbc9e2c91f6de2d0dec29b502,30c831b25fe03c242bff6b448f41d6dcec01ad45135a188ea8f0d3761bbbde89
stead_event_00817,56726c923815c501094cc54c54cf08234df7826e4b626a0edf322152f1c4db91,f3315c2a1d40f962afbf7a2c795500f48d6b301c88621514bbed38e6ed3d2053
stead_event_00818,5175661262fb05fc41e76c78188df38eb720dddc33620cb0eadb34c191a0a92a,19bbfd9a234aeae60e225527abe14873b784e26334e0114d613df58c04d4e0da
stead_event_00819,9ef55415ee695b88a7e90b98f36928e64ff6e26b70de2324c46fd9cca5a0ae32,9be84736bb6ec2760e511c6448fa8850d0b43aae57f98c55fbd3f69b851566aa
stead_event_00820,c39f66687365dd57cbe71a41be01bbc0b06cf8126b8632914016b21f6e36f4a9,d92524837e74b47450dcef6b5349ad85af432841600cffc1f4dbac580cf9c465
stead_event_00821,1683785349a486bc529b8f150f5601451bf0cbeabc90f12a7d676b6dcc4f9a33,f506f026d50a63171e6dcdc9a1895ee4922bc667fd7b4a8e00e8940c5eccc33c
stead_event_00822,d79c2b6ae974f422b7d770e1e335d780531019041d7bb2b734bf91290f27066c,d4a268332d5921ece0319d944720be718f3bfd6de1d7ad93b6fceb692698854d
stead_event_00823,cf4625287623cfe1c3699e16b2192895d1b31722b8dc31b4f39cfc58ee535872,d15d8e3c25ae3501ce38bd4f4ddcf176a5a0c0ebcc51d7a7c05b63fa6bb54ff2
stead_event_00824,8ca93480339981f29577526c82fe588b54d6eae1fe51a6e8dec8afd79c4a0f67,2317cf6b721e20c5c4d812297d3620812c6e5217e759710b35285d89f8cf1036
stead_event_00825,dc9c508bb7b0eb725c1659a087072b3dbf86f551e269b84db84731642efc59f1,c12132938f03f0b51e437120efb6652b547a0268491af66d7131c17250097390
stead_event_00826,f9a280877393f12bfcb44c0f452ac41057b8b91d060f6a104f4e5e64df5b37ed,5a4ba4c67408ccc237a0424af4f3c4c486c058588afc2f10297c011eda72d8c2
stead_event_00827,a3b317009c99f0d8bcff1ea98eca9392e8dc9259fba193891fbac3e7c08e4e15,ffe4a85cb69b63b267f32a367efbe37412199cff34967b4881585b67253c6fcc
stead_event_00828,9a7b40fc078c1934e64dd149a53e88dc62f90e6b48ffc4d4bfcf55743b73510d,ba5fa3eff88a9eebb1b48cfc016382aeb36bc6d4e1bea10744c786854894bcde
stead_event_00829,b296f5452a51e38e97c9088a89a4d6c55a112e1244e19995cddea012952c104a,c7303e390198b97a54a227a781e844784a787ef13c293b9e68d59599076cfa88
stead_event_00830,f7c1b459bd49dc150a447dcfe0181454122801c7443edc37c96ee1109e126244,f5bd6a4d5922d543508f827837bb6788d0998ea295bacc9978c91e0103336fa2
stead_event_00831,69edc6121ea0ba2cb59745168d0e136ecbc735ff7beda269c00f66f469962edc,72239884ee5e46a18114d210d88afad5c6aa676ee28d85309511bba78383a158
stead_event_00832,3ba51f82659a38f6e6e8c5f46129ed5b47365437d1b79ef36f5495be58cdfa91,03e960a7ea3d5bb8ce2ff1145abf59cbc1131338d32fddc3d87f012e76e0d723
stead_event_00833,86e175e42da711ed15f5404158c5bf8a90b4d30a04ad3cf6690ac207c2e38956,3da2e008a3afbbf131fce4f3ac459de56b5d96e6feb17cd4d5a1e8e4b6ed11c7
stead_event_00834,900354f1374e8809f8500ddf0e66ebdefc09838dfd0f0e36d2b8ba3734fe1090,a24bdceb07d52d063c9ee74f8129821b4237ec3307234481f61e28afd45f58ad
stead_event_00835,08c099db13e1f8d5645eda527d93ec130f599a64eecf1db5f821bf6305cc49cf,ef1e334bee895c0b3410a4da3b302c60062dd36b280c396c5de9ca57eecb8eb3
stead_event_00836,7f8591271c47b314a3d6dabb99b5fca31f18bf2e67e936aa413ed5c0b7f761e9,51754cd4d26e435c3db6b165d75f2368e6136df6827e39b7d7ee49f69fa7fdca
stead_event_00837,c1c1d9d5334970dd8421f564c621d6197edb7944030d7248ce3210a44d02b566,5c34f439fdb3dc78bfa3cf8a691a75b57c27badb9c15c49bf33a93243b60c178
stead_event_00838,e55fc32981a001e2e11e95998adec85163f95aa3a5e92ea535f87074d3f6bada,e041b8d597cb55136e48a7d60840597053058dbd66f6b8c66b0f00f00d990372
stead_event_00839,f322fa629caf0cbbaec1acc4a4d0d23f40b1c129ad11050917f5fe03e680dc35,136438e17b119058a0f25265fd03cbe7c1e97e3034491c09767abfd642fd1a8f
stead_event_00840,e5f12ba5ecf529459337cac3cbe887ad6700cfb2f1b605420a28ccf2fc7eb147,02f9166555a37ce440eca28dc20485b4787be5c149f4e1a8d671377009bf808d
stead_event_00841,7c36f3c7a78a1bc03ba82729de3ff94c4261ba30205522774208f4ec449961c9,fde19b67f830ecfd04dc7c85a08b57349f7537296b3197d6f97b0eec656d005a
stead_event_00842,dc60227cbd21dd92a785db3123c4e1fcc4fe416766aae67f834ce97dc379914a,c281edb33e36d56fe871e6abedd6977da7f9c83efd3bb8be0e7a7f3609e2f8af
stead_event_00843,ece0e14e80d991e2fb4dfd2b45a0cafbf40f3f0326dc79b9e2b7eebf6b9acf1e,5b3fa0f35e1f0a1bb009d9abd0534cf4d1d2509ee2e0eb3f9c7a9a3b381a1a6b
stead_event_00844,291496a93cd0fd7f078f7a87b5a6929fa4469f891697163a27d826b72c8f3718,f30817211da1e1c8a49a7d4f29a93c12aea0bbe38eec59d2b477ed7a0bcc533c
stead_event_00845,1b00e76786c6b1bb8eec1e8b4aafc86dd7104910721e5a56dd410f95704660e1,37941a761690762ad23f8514c259d88ce1cb869aea687dfada836066add29bbe
stead_event_00846,ec2c526f85b399377a47b5ee61ebd660080142537eef7abcc8ab5c215709df81,7bdb4214f455b8ebb9fb50550604a0a18a46a124e8e5cc54a40dccb6ffbe8b9b
stead_event_00847,58bd7cdd2912ef1cacd13c0cd76d841bde62c6b0e6aa953f93c85e7d0242ac67,54753abd2b4073015a861a8183b7bc0d5260faf76abddff98b9cb20e6ee727d2
stead_event_00848,6a73c124341f3b6b90fb32e29d6ac26d7c1b238e317287ccfa7a02a2296afb27,9384c4715daab09a8eb3b9fd5980c8001158b1fa3aafe852352a358dbb55cfc7
stead_event_00849,2a3ce7c782dba93346bb85d0e2be8d41b0bac24107470c7161c6de0bb7890973,5a1997b3ac3165060e1cc96823bd00ea60871e08c7b432c3200e4c9033b8730a
stead_event_00850,a7661b8b1a124c13210ea1458b8944639664e0a5c61654a9729ba6781dcec899,e73f73d50ca6854ed59c0204bc487eb459f35a94d1531880e5760e753dcf7733
stead_event_00851,76b9b2e57b88debb61f1eea5248f16a1aada5bb0856dde76d1a58e0e56d1ea75,3236d8739d7d70debd35d79fd38cb548133568b0fd867dcbf3d653dca888a0ee
stead_event_00852,93cb7cdc2676cd02ec802d0c9cc3e7d8ca30c6d5e40135f29473ea13dc366e2d,a0a7245aca0e7c67e9ef09b5659d3f7cf8ca7daaad959dee3085c66caf613494
stead_event_00853,5fce2e76c497ccf8b98e3ce0d87e119395585052aaedef0f8408b7fdf16f7c4e,80770afc5b717c98b45c3c766a3edd500c0f5970c2388195c5a5ada5b6dd5c73
stead_event_00854,aebbfdae03fba437ee4662ee8c277ebe8dc88e4b11727edd413d049d5a4965eb,14b7b8a3ce625310e5bb29f12231b4adf3cb9f1ca6adb2d620ce9a15c81ed8c3
stead_event_00855,5da6dc99c249d311772329864460cf432422ec7a0dbddcefec93550fc1a7aaa2,7a9326afef48f73f18074416f83887b539939e3a17887eb46120ea054abe01b2
stead_event_00856,37a9711a84dba725036aecf3a6057dad54a710481d5ea932c6253dbf4e822c4d,4528165ecef792a60b169387ad1c06c63c34173c1b7114734ca9e3b6e62a287c
stead_event_00857,ddb4e6fcb9194e5a0c2ae89ffd97013d3b641f8961e75504e767659b1ea5e5a9,709dbe40c3baa0cfd7e4da8fe3670b4c3b3cfbbd848fb27b2fbeb9d9f3b5c7ba
stead_event_00858,b0408382d4a81128e270c292a869543a6693c6dd3700ebb42dba67faa56446eb,86c3de7537b01a9316fee304acaeb4fd22364cfd158c2fd10e371fdea6e67c99
stead_event_00859,813116a8de9a3913ee0bc88b89e45dfb01c900529a51cdbf575a125003e46807,fec565da4c3ad6035211c3bb6c2185c5a3c83c70014384c6000c5515a659d45e
stead_event_00860,91091879cd7f98283efad6a06ce007d6b1382324760a740ebaf19603a0296dd0,abd7f0b59d90b01202bd1043d7e82e3d2bf735d8816561925bb757cf935ba3e5
stead_event_00861,05684f3c3511aef49306014b821c0747bc8b0e9b8b6f66295b3ad82f4b91c4f0,4b044c60ddeaf12047d3e260c60b59973afa0f72d194070055ce1b9396521a49
stead_event_00862,0f5752d8549b869b8a1885d741ac7e3ffe7d4d1ff062a1c0dbae07a1ae51ce1d,71eca5c31b30fe3086ad0d3cf85190950053b3aaf29d0853582c3bcdcab06bea
stead_event_00863,50fc60a2af5a4d012c7f9f9c0a3ef2d4644afa0d14f91c6cfa389d94b6014601,c6aa8ecf10a51fbf7cea2d965314506b0cf9e37a4868c884b2f651e0ce4c8f0d
stead_event_00864,28aec24119a1f9a860c4aaa700522de3a4ee3d54acc4f5533854d4fb648d949f,7585820b506fc5b81aed7c6e5e4e96d0a27df1c3591bb185934d5d5b152257b4
stead_event_00865,2ff51daffd44e179b53898cc2d52bc4419185f01442d3c94029045b870e0199a,3c9ffc295b3704a1b4c8eafd30b5fd46d5abfdd74d5184d9901e427fefd4876b
stead_event_00866,2d0005f884a227e2dafaffccaae262345f897e7b5bdd37ca178ef7474f57d76f,954613666e255b36b545822b39398604dabc5282aee9f605d45ed9a5c27dc0ab
stead_event_00867,1b3d53ac6bbbf5b0c734ef014132f2e4e3015088a6a29230505d742ea66e8c84,dd58896670bf65ef19025f6e768e5447d2db2dbeb007238a9443fe3563f4ab8f
stead_event_00868,a134e2dc08643e743c5a466070491f02926e5587224e56b446e31a22b74ed237,97e5796a792df3940342e2ddca8a8fd96d723e326ad81bfa821f002886288077
stead_event_00869,3e4686e39a28382eda82cbe04ff21fda87b286ffb7131aeb5c5f691fc3da6c25,850dd6866c6cf6d7bef673d49ae39da154a3c04edb9fbf1030ed2a6e715ac1d6
stead_event_00870,0ef7b89ed4ced6fe81962ef3b4494c6e1b3f150d5a0c1721145f605cfbcd3b06,a716c117a666277c2df4801e709db89acd4ea5cbf3c81f3cc214d445d62b9633
stead_event_00871,c56e818d7d7eaacff8da10cfea533b5070849c862ccea50e3ed77b886ae19d08,226c008c5f93c45c40ec1dca33bd06ac56d6f5ec1df2ab6103e3fd8577b6caa1
stead_event_00872,2f5af5e9d4bc5a2e6162b32e5a17762363007c63365cc00d7b46666ccc7bfb74,6c950097713a10772e63561cbf15e2ac2bdf433cf06fa72611b6d36c7a7c967e
stead_event_00873,c1a4e381d982258a0eeb98f63be949fadf883d24321d1077519aa9353124da59,10702eb8a84162fd2dc4151df03510706580891a77dbbe037f6b29e485b4b8e6
stead_event_00874,b2eaf5189ff266377de269d39e9ae9cde8e5484bd5c7b8ff805a8f96e649b51c,8a69aaf7b69742db872058d151cc6ea4cf17ef373175049636564fd42d9b63b5
stead_event_00875,8aae0923921399414c9113c078ce2657f86fc84b2b4e0a862f568944146b3d4a,b0a1e2ab2009fe64c20df3349bea11d75cf9ae561eb2bf5238bf4df871fd5f43
stead_event_00876,c5a06317dd244e74f1436558dddfd247abbcd8a06b485a9748627af2ad9eb892,534a9dc572d65dd7b8bcaeb26378f40cf7287dec722e1423f590569b1e6782a6
stead_event_00877,6ac7ef1ac5657fe2891fe5fed18369b6737349aa05ea1753fe76cbf5a3796c23,547cbd74af181a1e3424b49a3543b42f4da0bcc308a1a2a61d5b8ce4e1319163
stead_event_00878,4720c82ee58e37ed81470633d4ef251f0954fae9aafc20a4f88ba6c0a1ee8996,8502ecebbb08a2d78a274d89e08e24bf816cc19196cee5a1a0b702c7925478a5
stead_event_00879,89009b6cecd65078b2767c0b1620dfb0778b53fdc8dc9c82c585960492ab4851,1b47d59a151fc8b57628cab9428a889445f873180211abc49193e405c971a38d
stead_event_00880,1ea08d94297a428001d8ca126cad3e01f74099e8d27f8f22e12d740e1d89ae5b,60e3303431e3caf40b24a85b402f277518a23e87128ba94970444fb7d2b3da56
stead_event_00881,cb49b62ea6fc584dc5a9405d297e87930f3c030fedb0e462b52c78ace0bb3b6b,07f1393f43c4bd6eb87c8ea09ac0991b55585523cf79324f7b63ab9af7f723c6
stead_event_00882,19b20bc133f8d1bbffc38c58acea6318e6c95d539d36a7b389de413eaad0a13c,7d42cdbc111765bd3f1e344b4e61cc9ce3e1e0efab4df6f9a156b637f8ab2b5b
stead_event_00883,67ce1abaa03ea4c04144f457de567067fce0baaa5c6e3120cd5cd85d7e9e82f7,e54929ea9fd3ea57e3e050a84a9586333452c5a283e1b31212ba9e4296631620
stead_event_00884,6079edc848ec6a6ca00eb4f825b76c4c7b6b058deb08c4c47dd84c229123a712,0524706d5d710876d453b370764c19cacabf43ff8564650dbbf7cb5e082c9a18
stead_event_00885,27428f2423eba78928dc7daa1feb8192cd262d2f7cfb0a733598d705806b42ba,2abda791b3d9f1b24c297a027fe0c705962cdafb5b0c5d37dbcbec0ef782b590
stead_event_00886,479bac628b29cf649779289f4bbf499889998f52d4781c4045db92c10893a997,57a333259c5d75ab7f33fcefdaeaf63038dd3e53ecaf1e274981a07d41fae940
stead_event_00887,48deec00d031a628d9e6dbdd7d1f608d353e134ac7e16e73429714fda13c3457,5350ba55658be3e1e9a4be08304bb6e564f3f4956abd04239cee727ca7e7adc6
stead_event_00888,33652d84d6d79463174fa1a583afc4a5835b6b8578c463c2d5ee465a4f93705b,21f9df5c53c0c83ea274d25863012fdfe65c1da293d5ecd2604ee867b8616197
stead_event_00889,a70fd05ea23a4edb58de66edeee535eb7550362c4573ac0ef31064cc801a7389,bab087250ca520164796f74753b70ae1c963ebf81532f7b30e79e1e250065c91
stead_event_00890,ee8505b320acdd671eb9743652dd2baaa94bff0b8d1c7e7fc57632985fd12d62,b533f4f24ccde1504ed0762e8ec7a3bfd1d6c04760467d662d9570bb0e99d5e5
stead_event_00891,612dc10231be18417c17a594ba113874a2adc27aec97109ffe853a94f24b2b85,387cfbff83ccfaa2c59fc92d8e23111be00c6d42289d8061061a210306a6c00d
stead_event_00892,c40b3f57a89d7d1e848bf4e5f9c132a8b4a80a543c4f62635c3f8a3fd7eb99d7,c1c517554b7b1e9d4c35f1b7b3e84227be430a081ab4ddc9f8bad6e9f854e2d6
stead_event_00893,a0d327689ddca4401be5ba84cf605491f1fe2c642873440c105ca7b845671d92,a9008a95e63704b0481fbc34f6d3d96d7df3a11c9ed8ad6f17a697276f613c7d
stead_event_00894,203d6de84b0fad79a42b6301b2bf01741e254024fda50e57b860bec31b8b2f2c,d6a198b01199ddd49f33801972168f4030544c9c649b0b6450ff3558b9d0e48b
stead_event_00895,fc01c41172effcc94612c549638231a68bc034c76529288bd281b35e36027ce9,1831726b0f4f183df593e8a50187da1e6231e97895bc355e1fb294d44e5d82d3
stead_event_00896,98bf9c73b7899e8457475fd8a05be164828ea4c113a1b3bc2db2c0c5230b2b36,c3ff18444792707627096e218d2e22af2d8f39a709711612d8faac90616871f5
stead_event_00897,bd63216d25a2574c5d231874931024c1ceabd41dceb7176337c1a56e7582ad66,9d5edd49421f8d1d34f998edf91b689ac31136550a0e0034498cdd4f2eadba9b
stead_event_00898,ae7587954da63ad491c5cf0ce08c3fce45a516795402a1ce8c9b8a30d66744f8,ad664421b2f836697ceebc1b7bc96e5cf9b00a6cbb19a7b742f03ec191983793
stead_event_00899,0a3320815658a207f97c8f831efdc26b39dc8c5f1287157e15a9ddaec183ae1f,302edf69c2b03ee4692759801163bd575b3bb11f183df776c0f11eae8a07c9b7
stead_event_00900,079e69cde2745d81d51cafe9496e24e7a4c682a493e1f6f4d178660ee0aba441,3287211abcf93baa17ab3d803b96148361fcd21bd3157e08c3f17c923eb02d0c
stead_event_00901,a34b2558a8d1548f776aa021579ad8da06d5ad25f2ce7542f8a9cbaf68ea8e71,cd201f522e56def861f2e425c39ff263858ac57de4c781ca31c04378cf955a92
stead_event_00902,6bc1ed904549d4a97cf8b99c01a16c60ea50e6ebb63bc3d972b1f64e9558743b,f30f29fd6a864585adcb4f97d9fe5bb03eaf782e549ec335d7b87446e24f85e2
stead_event_00903,74bd78b61ff6458dbd64a9e00752e3a0220ad8b78074cb2811eeb84a59dbfdd2,627a1f63ffb1897bfdf44262fef3481ddfeb30663cb7ae9f29eaed9f23f52b2c
stead_event_00904,910fc93e1bb92ff653230ae8162ef37238f0cdd8c163f6eabd7823ea69417752,98a5eb73479b0d1491f4d2ea04ba6d1ddde67cd4db742d517444bce6a60fd680
stead_event_00905,d331fdbf629e3e7da5ddbd5d27bc38aef5b4c7df66a2b9795492d3af8a7fc9dc,88211cd3015aed6b20051377e23bdab6b789b20e3569704e44330e79ade9acfa
stead_event_00906,04bb228ffd67c4e185105c18deba153b6bd7c68c3c10e63374a24011d0a159e8,1ed7b2634f937b324cef7f8425e626ea601438b5e4d46b3fd0054f40b3ffad5b
stead_event_00907,43be93844dc1f59f6b444475c3ff20f9f74441df58e87a1292e380d571c97119,ff409fd821130f0bca2e56f0c2716af59f2ba76368ce677b28fe5a6acd00976b
stead_event_00908,983ba336ef4263d336a03a0349c60ce5aae81e0e4fc6e2d212fc13b620f26590,f94015e965659b6dbddee53d0db5c646fe54b07d9e8724439286a0d6138512ca
stead_event_00909,534f095f7760d5a4cc0198a679046ab93479de91972b3cb87cde5b5b8affcc0f,5f9007e03d390560f5de30582c819a3e3d0ccf35ba3a7b31ba3270683b989f6b
stead_event_00910,3967960c0e12205aea105ba2552704e79f0fbc06f6996ba7652accc2c38906e3,efa1f5e7815fbd0df414767702b076def0b15aa4e7493bd4ec434d8d6ed9c673
stead_event_00911,437a3160d04a06b8dcb5085cb94b87938177d47482d365d352d6eaf4adb7d152,b3637b0ad53c01c52333f89f2391c7f53b06325a7b11c232e77664bccd490bd0
stead_event_00912,01f5d35a5d4d57588e73c704200a4a32d695415972a7c5af3d5bc42c2ff7feaa,40c7c744c08250b7018e318f4b35eabb581f7c39b6565682a8f86a6c1e371cbf
stead_event_00913,f3c50b7bf36cbfef9042a01c39819eb83e955a51e181e54ea3b072faaf26899e,cb6a9c8c7c37df0a03aacf6ea261eff40ea817d212011d9cd72ba0d1bf17f139
stead_event_00914,6e897169f12116dfbe59200029db8a6cef8bf5247b31538aca87cae5bc8ca33d,bfea8465b54bdd040bc81ce8d3cf299efbde6375b050ec0d98a01a4d7b1e63f3
stead_event_00915,1b47b753c7855fa439ddc2cd353de65f111b5b73c41f1dd74bc43fad5174f46c,efb07e8f00ee969253c942c99206aee13ba6114a16ea7dc78e65ef51605ada3c
stead_event_00916,9107277fe6716e23b1ab2838a426ae31349880f7f2e60190ab25b31562606b1c,186861a4f1c31cf3b0863a855726ff736d6c7654f21060728cf40031abd29e68
stead_event_00917,baf2a8ebc8606a8331e0a19590ab120cf6157ace6a4fd0489ff1c5eff3693730,6a15bf3e0798e955db843a4de632cf29135221c60cbadf838798d76cf1d5d2ea
stead_event_00918,7db525a89b6e7aa6a3eeac2c79b2bab343486513675846dd1d0c7d9340afe418,1cc3a06315ed7a2f380cc88992c201e0b7cab4a39a5f296a36469c91a2a20b62
stead_event_00919,a3c37597779828860fad3d9685c9e7499ea6441d095594428b5de4104d7466e7,5e500b78ca11b20ff47a0f14294fca9dec73c8a0fba6455b6accb35fbb1adeb6
stead_event_00920,1b814494cdb01b4b3498f25053d6932d8c5b50bbd7ab597b342e2cc97207e0f6,f0e09af3c1526bc4d5f9bd9fa7485f153214b10e854ecdec4c451d34753f84df
stead_event_00921,9285f96b50c77751f797c4c3f2cafc42c232406209bc03c526a8d325de1f018f,2372ad2856810c1bf507de71dafe4f6ea5a68c080b5afe4b77bd28f0e78c5739
stead_event_00922,51447817c0464c95e862c32c38b3e54bbc8ce52050cb574d45ac896f9f18d831,7968bd6554f7d7b8d083f33624c9f84878378a286f514b982ff23857e4892fb4
stead_event_00923,ecd48ea91aa187771f00c2d40c98c8b880cd5e7665de64471edf3dcc9bc0361a,3b79ac84cda085e6b18a4bd0800e07a1a3f3d622144f8b5a951ea3ffb56a4725
stead_event_00924,2a9dad75d4a9d99a71fe834990c204395380f8a0698a5652a8334efff42db5ab,5007719c656869dd17d193d1f3fd8a66351371e12118682ae14a9d1eca58da4a
stead_event_00925,9d5d829351de8c8acd4aace6ff5f3a902e495fcd87779009575cbbc95b87aea6,d948d886244f413ec2ece77c2286a15cb45c3e7a6454df6345eb75fa086533c4
stead_event_00926,fa356c15b6655b714cb7fe9265fb3fde6885e4851c2143cef5ae12f8be655558,4c7d3a63829c7f3c03f21205d798c90c3ba62943ac8c67d6f9f6745d5cd3c7c0
stead_event_00927,6b52c5103b594b735b87e255ad1ce4124ea2030cc1d41ab639e494a5f34816b3,1c72504a85efee7ccb8fe618d39836dc5d11e2f3d712d1a410b733b2b99552c7
stead_event_00928,99a5e64d9fb2a106acc9daadd64b9bae959a166805f70f4a9539fd78ba71b1bc,1e24450d9c8ac377fcad62dcf67edaac01ae08dbc93bb693b704fd94387adcb0
stead_event_00929,8fa1319ad7e3d1ffeb4320be2cabe5da1104524bd3a4bfe3afeeb18a22d9437b,560406687abef65e69c49f93120721cdb077b2518467610f2f23718246c21b2c
stead_event_00930,bb90b355c845416ac0eb8ff8600efb3c0d1e07db791604f81b930b58a5a563a2,318f424ac67e136925a6788df18ef9a37f295e384fd0f0560156baed40697657
stead_event_00931,93cbf24b4c1a453eba482b009296eb1de10ab0a36e2c946917e13e0bf182248e,45fbd7dd9f0066ecf01666e23b0581229f5319e07176530ffca000ba045e6582
stead_event_00932,e2f6f7c3d5a9676159d1e7469ba5bbe8316e10e7fdb983adeab29e425db6f73f,ef430c2e75bba1e85f81c8d93f1e5c592af078661cfc76c8a7ee4caa0fbfe23c
stead_event_00933,79fc84aef78f00da58e7c31c93dd9f2f1fc39a483ced3eeec046778ebee478b1,79a7aac6f399021ed058dce99fd6809e7998c854fa98107652caf896d2ea10ed
stead_event_00934,1f2ef312f816352712fded6adee09e675baf2ed4e80ca5b51ed1763d3feeeb76,f4512cc0f40a96ac8e3bacb73649bc7271194f1014af9981d786f8ec43a2f593
stead_event_00935,376ea61625400cdedfb70d0e7ea25e7212ebe397a42008d96a54dbc755e10edb,83f9def00c8df9f7a1c0f65e5db40913879ba46348f27c9a48238915b997c05f
stead_event_00936,ef21000acfbc68ad9a2bd6155cdb0815360892017a758ba32339f8563ad0d380,0477a5daddf4f7d8c75f55e9e31faee345732f9c08161cefcda5888f9bbd8376
stead_event_00937,23f8870d5058a313a1d905425a26082b54a7b191372f67365aff2e4fe5d180c8,9f754079afcbd75b3152f4b67b8f7ee1596fa77048ec6976516e089665c4b9ff
stead_event_00938,831e078bd9413617f74e18d1c2453bc75053fc59212607c4d822500ed144331f,aee19831db8e786e1eec948e46d2f541bdc83766231019e487fa224f072c6fd8
stead_event_00939,9818e96110cf41c324513c13ae1d6a90c5553a26888eec0731bdcb79927dc522,c8d6f9e2609b284ea7fb40363a9a3fec3ccb11115791c64405e60ec4e55f21cb
stead_event_00940,0783d49b46df0dfb15aa823227c0c5efc3fd0fe614890d8605440eebe9551725,00de24c38569244ce234582594bc415b4af4adcf049bd2f45f1808e50a5229d2
stead_event_00941,d3965c1fe571c6c13f61d2f1121100e8094d1960ee823038a56a5130cab7fb9b,1875bca8ad16b25615cc97005c0fdd294f080ce5a048a45d10c1569a34e0ebfe
stead_event_00942,fc30f0aa14ddf96b7f4c60bf6a89d59df409d63b631be1f0b66ab95755f48f1b,d0aae17aee3c5525737364fbac06a8a955c4d704566a5db82ee6a7c23cb1f07c
stead_event_00943,fd9726d0546656fdf1a1fb799bcf53602cbce00cc95715e52e2c9f5fa7d3032a,7e595521dd91a7f3e6e696be7012008c7bc145b5ee584a40a4ed85773341eff2
stead_event_00944,78184682db4ec7e9a011ec20963280c7f6f032f9bbab6289416cf90ec06c978f,a17d5b60d4308f1f12eb9b2683a2a5ca69b3663c1b1d32d0282c1a1624ecf5c9
stead_event_00945,7d12519316ca0f5cf25dfb8ad91fac6692e886db0f561b7fa363ac03674aaeb9,f199351f2076f7419c2bee388d8998d92ca69a2e69578427490fae22dd789eea
stead_event_00946,8368135f1135317606263db4c054fc7c5e8308bc77a739a09783610f1520fba9,dc0d1fd735110e21127e3d40a14867bdf1e5578ad1c34207ef4d70397718b2cd
stead_event_00947,4657ed171d337e1f36299d2012fd4c4800f72050e8b34294da5b802d08a1dcb0,b1e397c98b028c26b8cafc10e15a085ee7981ce6e5f526ef93dc8ad043fab698
stead_event_00948,28dfc702185491784abef3ad1af9e16c2fe20071aaa426eb068eae42263ae072,f53bb23756f914967c658efa450c981a70529613b14d06946c6022c016bfac7e
stead_event_00949,746bdc3f0278cfdefed25a2b3066a34d2ce3c5b415afd5ae7e532aa9dc1a5e04,e65dddac70476646a5ee61cd6a440328a66149ec939ab84752921d003824240b
stead_event_00950,de1e6f959fd760971041c91e8fa0e3e554c9c192b5465988b7a405fb22917d6a,78c1c6b8da479e9e8c336cac31c48a7d0c224b0b1e07dce8eecffef977f325cc
stead_event_00951,2ab38e98c38b4d76e41bcaaf1ba0642f4c80fc69f1d92823721c1e2bdb63f295,b167b0ba440d5dc5178182961823c378cce9ef0a697635a9f43c1f1a86692db0
stead_event_00952,ceedc77d23a3df6bfe8d12b6fef5257ceca97f4de43f91b57cf156f3feccd952,467a7e2b70ed1360a7f4c527e909df15ff9e6e4d818553009e0a03aed60f64b3
stead_event_00953,4cb97286fc59e03dcc5dc0c4c4ba37c0a28d32f0f1b9d076b63707e09f617c11,ef24641429c5cc7f22c27362be0cbfdfbcc7e86a35814c3da8cd19a3244a5666
stead_event_00954,7c912de340fcc5882d91859a82d5d7681615231c21c5a0a13d1b94bd106a75fb,8320228c8bc3367429f0ccc52c7a9a72c0af6eebfa2e76756eac3fe2823bec96
stead_event_00955,b6fe8769278f49bf6b166494fc002af22c4990043c7f2423c6c178f2edba7179,e98d52e917b00a56f6f1e28527242cab73582d1e85f1fb1aa7cf02955981d23a
stead_event_00956,2b4dc508728ca33ba0d12b645aa44507ef1008054e935c53815f90965b311f08,619f33efac17819251a1b9077697af79e05f37f738139d923efa0c20eb56f702
stead_event_00957,9746dd50b6990e8aec78b8a71abfa1384fca24e01b71c7e4318dde272356f351,3eb0fb55a8391260fc1e8517e8e80de231a4ef61f2bcd9543749f8b0ca9e686e
stead_event_00958,e0a308323113ac8712b32ed405c2ee05cfa8cb41fb81b29a64949a341cf4b3b9,5be1c8b0db4be18fe4a9b32cf8f60156ef015f2668fe6b7ee49de132de1a1f5a
stead_event_00959,883978078abe6396af3639bd7ff5767b2c4fb4d927da6eeb0dd8050e7dba7734,1b99d90ad1921d6701481ec487436f75077952aede483cb71cf211480e6f3f10
stead_event_00960,9d14df561fbf5749aea3bd5bb3d17ef3a9fb3d080b167105d36fd4aafb965457,137e0edb61003aeae74410fc3f8c8ccb10b096b2a22418115572eeedf74352a4
stead_event_00961,7e473f663f55e908027c9a9d9829aee66f0489e184d8ee51adf9db5fa11247c7,7b15ddb6de1be97083b7cdb07d2a1a438075f0ffe188c456b618820aa9cd8d34
stead_event_00962,7e7204d1fde3b65dc798ade8d6339dd8dcfb7ee0b9ff61eb8b1e21219b0d852c,0bfe15b7e4c704531a680599e67bf0c7158538edf27a1624a68ac582f0c94d67
stead_event_00963,a86d7788269b63b60774187dfc283c9980ae678b023a0b624c904ffa96f366d3,5ebcb556787ef0ad5d60c491a74e03f2970c1d04b505a758f9f0ba4618a9c40a
stead_event_00964,09c5494953875a87863f6f2f87db658c072dc57b6f40b348e3e50180506e02dc,35b7c30727f0d6201598af5588c296d96d1722dda962f5bda2e89137e061326b
stead_event_00965,1bce1324007ec0b46bc3aa64a746c5f1ebc621b6b19e68f1dc507dc2fb51f944,5cb58a3e987e21b073bcc2c2d0ab90440aa6ce20ada53af24032cea67d45ed5b
stead_event_00966,75d5a071e01f1c56cbd5a6be0e2233298cc9f3493615d845423272c21b7703fe,e03b61c6e49e0865ba381130e0faadc760bba6a0059e4805579823e55d85febb
stead_event_00967,a88415c70f0a024f0c183ac31f261137e3182a685961d96cd12579a4f28bf1f4,e80bd6cd94122ce6591ae321239fdf8b51bb8f5f63408a93d55646c51b232932
stead_event_00968,1c78ac941afa985ef4e294ff1987768e7f08b9cf3d79bd455073897e6f5ad63d,c9e8a6c28e2491d5bdab796d13d18335eb0599bce7b25119fa2513f9829075da
stead_event_00969,0b3ebf1ad93bf226022ec48415e01c82e708cd803c269e350d9751bfbc1af1d7,3911b7e9bdd3cf9bdc5de159ea401693f2731a9bf9bfd0c4fa7c8e0ff903ad80
stead_event_00970,610ffe803578d07b9b814850821b62fead1953a4671aa83896849700b9c999a7,e55940df46e13876d33e945007e70764dc5d6e780fdceed4d87a841fef93ebfe
stead_event_00971,a534166a1d6d68ef3ad535cebb33de55a1ff1eb781baa063435c07b4b4e08b59,12cc8dcb0ece58fc8affb20dfb880c0fa8269f2c2b90e7483e99b27797f7347f
stead_event_00972,c2a9d26e91cc5c237c684134e877847ee81d24190ce283ba6b58c7d390a21996,c7d42083b64b9bfe918c4f69c35ce5bddc29dba7e82869ea89804110eea7887d
stead_event_00973,fe0c811733e755780e3043b480eac2643e8c4e9fb7b8344c9ea05fd182aa70ee,7d3686d6df95d8a7e8ab14c80816c38ad510578ab0225dc995788c831a58d604
stead_event_00974,7ef0dee22f49f15a4bde9a041e1ab289302dec6b70e610be0f99d62c5bdf81f7,f02a8ffb11588cb80682d5e27aafad0cfcb15beacb622132b6c901d72b2e680c
stead_event_00975,0b1f1fd738e780a606a9e7cca91450bbe5dae0d7509fd0cb6f2fbb8af50e2151,b40861c43e2c8cdf32cf9f4e76b9dfcae8e0c1d75b010aa46a55a834576fd4e7
stead_event_00976,43d20f5548d7650df67461aabf5b0e40d91bd5c40527515f7a13a12076f582b4,e05d81d20a587574f2026ece7fc7ae12fbf6c3679d3f98f10fc38c3e212713e3
stead_event_00977,5cbf6e1422b269ac3dd59197e6153c6fd506d42328010562ca8dcca1f5a2ee54,7e37a08f9aa1c5da952195c645fe71731bc2b1b379fbe7011de93449e978ab61
stead_event_00978,c80f0f4e694390365a47b83fff401de4ef888d2025b6e2b4c2ee923f84eb32d4,31ddb8c2458b7531137c6c40fc754a6243ffce71b642173059802439b29d74a6
stead_event_00979,f03ab2758f4d63b9e060b68400d9a7d74282d113333d8b21b2d3356b5bed1849,4c028cbb6e927e16ecd1ec3be38fc82a9c9548445dee222d2c46bb6e308da92b
stead_event_00980,1cb2fdbe01ccecbe779c7f675dfb9e157ff5a6078a85f30acd4d1005545932be,2048434c478a8503c0ab40905a4db52783ceef1ed07c1abb5abf136043e7a2a5
stead_event_00981,7b5d6cdcc3f4fada124fd5e7e059415fad6771d6eea03552bfb9cea1824bc119,eb3d38c63960fb2795551f1d28447ec3c1a8cf97e4d5ee4ae77c2427d7961d64
stead_event_00982,5780a1549e3d29dbcb4d36a624679a3d04dea7163c52ad6db658cd55aeaff01c,3f3f8744ea853708cf2ae337c4c3bc7410c0d3438fe90cd6740776fa5b6254b7
stead_event_00983,36c4e4e583537df0c68eaa0eb8bae420eb513c46b00e781da59d8528e9b561c6,92fd89b48a3c98377bda01fe74dda7dc5b6f35a73731aede5db0657a916c2c9e
stead_event_00984,9e3f78ddd92f527f8a43df1d6bd53a87eff6b5fa958ec9d0915c52045481a6a0,c2a61219ce72c03aebfc504a288c199d595874ab849cffc3359325f626e04f32
stead_event_00985,698cf0561e47da857f9cb74a4df06487a0884d4faf784cb936f22509f059cb51,8535d9cbc903ec9147315e5ac8771f4bccb485f31aa71c4065a7ee45b1028c73
stead_event_00986,0cdf3aad68cd723bf938519af3fc0a8fc956a67e80e79f35ca513a424d9e4f2b,691850e43249037cc759a48b134ad40b54b7492d7a52ffc25d58b06c61d70dba
stead_event_00987,a75041c99f58cf259ca8ea6c1c3861ae19515b65f57317cf21299dda8570c855,18040e4a47c142117b6b56ab979f62c666f035b7673ceb76f8c23ebc06c761c9
stead_event_00988,8049e55318700dde5950d388c116053ad83dedaec8d432c1bbd959b25f7a188f,60b1ece9eecac19bcaf9cd3064095f6167d309f3d459b804e1d6e17048825820
stead_event_00989,3058770f1a2a084aa37a1ba20f2c3aed3035b3a806eb7e5c6b31470119f262e7,554ed94cad220691fe5fdc3a28a76a83dd3f31d2e6f138426c2e4f324f6575fb
stead_event_00990,7faf8ad07ba05eae247af8f047cf48c74fbdfa4d599d830c32119a585f49a3f5,91211455eb9b70f2c112169dcd44f89f34395e70aa0bdc244cd50d52947521f2
stead_event_00991,08ecf722db7eafd9b7644d61da95912a450f6a48f4be5a4de952353babafbe6b,44ed5f5fd2430d8c26f147c96a6a86725a9007a3cc5bf98d5393cd4c4a15faf2
stead_event_00992,ae7f71a187c3b686242b7972a204b80bbadf5509003e83e3686b749cbbb36f59,1c46efcebe83622bbfe7f06a73cf2325de2146a2843a22818c49c5b347f977db
stead_event_00993,2a608a1fc75a7f80a97816431f1c5a72c1561f59120f195cfdf7b71e29390c3c,2404d73f6acb4fb0a93afd551992903945c18f2182f57faa0203e97cbbeae991
stead_event_00994,a28240f8095e89b297c131cfa7a13083bac7c67566562a15e2ca3ce8f2f2e306,a56f336e7066b172363e65636c35a19b67d0213bfa7134b30fa851ef331ca22b
stead_event_00995,876236cc16e5f45c2b6d31d23631881f3468c66dea462af18c42552472804c20,c9e24192d9e1f1fba16dacee8fdcd651891ef491732bc08d27f5906d90358649
stead_event_00996,b020357a1c472ff138d97f5de3c63b4bed5226ab7afbc7d758b45253800fef48,78e96846f0eb439a5c2fa2c975e7cb1aa086f670fcd03fd82a475a895ecbcb42
stead_event_00997,39cf3252d434ed8557bce331294da8c672f25fadc12a8720194d448c02b1be84,8c9a1f38a2c1de5593960719ba4b7de01062a2f77779ee9c44c7f9b3e00e1c54
stead_event_00998,2e3c37714d9c8409577cad1dc564eab1d783cf013597b851b880f9422d1c2fed,f6cf446c39db3bebb7f5d13a6f509352622c8790be852cdc6447e753db767c85
stead_event_00999,9a1140f65ea0124528aac296071ce7658d336bdb521fef7ea1ef7d832ca00fec,c30ee70dd9d366a0c950b7ea276640445a3a5604e2b6b1d0821aacf41178ebc3
stead_event_01000,04ca78318bc51bc772ff5777a60608ce609929b4289866223bf7ce23d6b08d93,c4d99cdf40fef54c6fbfad5650991211c475e51504705c07a7f519beeffc393e
stead_event_01001,7bb5185b6723a370b81f853b31a86226c6c1b1e402d049fb0443bdaa5dcdf24b,cc9f6baa132fceb59b093f954ae754f8ebbd7d2cdf3bf0e81801389e5a474563
stead_event_01002,9696da192edfe9b397aff9e2a1b5f3e7395839f8ce4069d34062ef3b4961cc19,538a3e54eca5f36878f70f3590295fa00a4c24271d71b1d63e37ed3fd1cae469
stead_event_01003,aa1f5e02a0b880796e0711597218925e2ab8a1c9779c89282066db644ace5bb8,41004c7e65872c167189b351b76f81810dadec4f49ec66c9aec207d2910a0059
stead_event_01004,311d635a1a97ed8a510acb391c2c5f00f6038aa50e0f1c589e5e170f72b59531,d7a22dfb9e550a169f18e67b9dc82164b0e815ad211e58fbc4b6dea3eba6d1a3
stead_event_01005,b35c4dde345040fbed1671d3d209f556dfadea1dfeb91d3a752d4d68b3fd88c9,e375c19bc0a2f978f472be55f15c65b700b1f294cfc3a0cd9d5ace28fdbad597
stead_event_01006,5c7ad38f76c32d09f2edf990103cdcfdbd44b7ce3dd810635da49db3c1893e39,9155a3f7c06da04cefb5235bd179246c74afea6e807113b883324b9f79f12f82
stead_event_01007,57b99b83d9c7d17fc45c2cf5f3188a8aa158bca62e706c953aa948d8d4fb93b2,053acd43aa3b34e36720a71516e5a1700e1c41b22b970184edae38abbc7c1268
stead_event_01008,93aafbe90cebebfc56ee5707bda4e09049cb0c7b9552c88b2d8acf73026a1de4,00d324e3b63e5092b67f9d36714d28ab622085d60354bd5c7dabd0de83026347
stead_event_01009,7b67ff6b68416c9176661b1ac19071c30b1a0a180bc1117c3551c690501fa79a,6f33b877e26c49d42190ba0e38861789cb59cad9321af87a3315d3e21e0c67a4
stead_event_01010,cb30d10501a638961d8e9c952aba2aa52eefc8aa89fe3af1447a78b80704e954,84f553e88c3d81ef0d32ecbd45a52c9e4e132c4f56c0edb67ed6153271ffd86e
stead_event_01011,7da2aeb00f436f7028c2e84bbc9cb8270964e3cfa5847ec951716607885a6530,bfe20ce5ca31c209212ca32f112d60f27064e167a78538953ffed14b84450f46
stead_event_01012,a319e85dae4b5fa91b2900e3eff877ee5cf5bcbfc351409a7df3c4da977c7f05,82be78945aa173850b56bacd11b2943a21fa64b532751933a4f8d54dbf510d6d
stead_event_01013,b013c00443b26fce1958f7c3be8c453299aa08d129dc1fa583a34383a36ffc2d,29dbce0be0e8596f181195c6309b47d44d4a75db8e7e5baceeba08bb9a466004
stead_event_01014,4e980ae174f29a837ce197a0f6b4a6760b5a2f79981bb22b1c46e206c380fe9e,ffa026d5860b4ccd9499c807bc28d92527b3e4512f53f0f77ba58fafe90fe62a
stead_event_01015,f9e3ef1e9386e0aef934b4f1acea11bd30e5c1631907bbadeb24a68ce112693b,407ba5060849e04f651a0fefa02aecc1a20ccc49959a802c8cc9f08a1d20e37e
stead_event_01016,1a01623c241d3c9192d26e7915b4c416d084b41d78f86fc4b719a33653d8404e,ae280f9cecf718340db9121200145cddc64e3d09d0ea6a9d46f34dc9bb2b945b
stead_event_01017,defbe2c5dd6859c9e07300b204ef4ef319218e082b523cd0bb72a2be067480ab,670653f272d5ef2afec1eb08f795be75d975b44cd8a8b49da8d25d17c4b2bb9b
stead_event_01018,1ea366e2a380337d9a312dd53fce67673669981d629fe9d4c21c6160187d8dda,f40f16576b840f22381b58643a1619eb0ad4d65c6a9a961fa75e5efa27bf66e9
stead_event_01019,003f79b1374492594dbff82187679024dccf04c3504e3d2a606fcc1f56e2ba9d,a7828af65d96f4004eb52767c377c89a791f9d115d1d9d4ff362cdbffbd09043
stead_event_01020,9624006ce7899f181082223c9657d61a9c65a8d5ee5e3c139a3ef598e1af7cdf,4281f2ae319f9c115dc34237af933b212e984d9dad257fdfe82206ca3b25c842
stead_event_01021,404bbe2504bb5f5aa89338603d4e888e42638c2389790937d17133ee8d9dc8c6,9c7b0292ca21afaa64018f08d16236630229f4d66895c1a6f9b5cf41ff90d233
stead_event_01022,a550e67ebdfcf853b6dc9a4e67a509fe7b5f6f69be017ef64a5a03cd6f504620,d1c4722000aec5d9517c6be86a01bc42d0a75937bd632972fe82517c013827a5
stead_event_01023,3c3abc38bd9be2361aa1162e6f8ff4d5ec5d39ee196e78f3698bf87c7adda7e5,4e9ee70999bdc13c68c7048c9b065cf96801fa7b2649ffb5522ee4b45ba84f0d
stead_event_01024,56943f9fc7841b0dfcd4a745276eae91aa371f5539b1b90c8c4a461edc12f27f,24146101941eb2d903677d0514a5be3ecf61550d8191929b586ad096726e1829
stead_event_01025,3322c39fba2562a0fcbac9ac03a2b4d966878ea1bf9e10f1f18670893429199d,5e1d4e163c9277283bbde56f23be88441de99d35d5a83c9c3bb1ec96728e4624
stead_event_01026,6a0889de92c9f3515dd8d557c28b1b2e07a0c8b9c5ee3ad9b9ffae4aa4cb29b8,03ec837eee593f1341faae18e2ff94449b1c9cee01756feb0848d2af28a5d4dd
stead_event_01027,093c7eff6eed110f2ac5a572707a6f6863b5ae77870bed05d4ebe93dee997dad,5705970df408e7c3e08f8c583103304bacd2a1de3c68b3dddfedbb56006e3f42
stead_event_01028,c3375e8938f57715491421b71206439bdc6fb914df0ae25421e7c5642c8bb1c9,cb63c8f026f651f48e52a066c5a399c0e3b78b33fcbdd553ecc08e6b1d2977a0
stead_event_01029,1406ecdb99992ef18072fdf6765751a304bef4c23a8d74a0e61bfcdf595a7253,dec0c881b7495c2de93c4bf14f36a5f6bbd4658d8defaab00627a8acaaad0e21
stead_event_01030,58bd90bf5241534d3add0093aa76d46588fca407648b67b6503df5d0d4b09f30,a2b26c985c433257e35984875ba8d6b5db67870c9eceee969042e9ce1239c5ef
stead_event_01031,d5add1b2416bb675979ef5f0d94d5247c154f7859ae4b8775cabb00f44156ff9,6fb13a8a7ee1ad26f7b2a6760b6d87e0b186cb4ff015d6b6bc5ab34feef391ac
stead_event_01032,1188b057f856cc011ee5089d9bd5dd91d19d19771b844b5140d0bac8f2aa0896,9d674a9d4dcb1506da02ba901a27e07fbe78616bd066297f7edb09449ca73cce
stead_event_01033,ef8c689cdb8d9b683738a8e74b4cf6c64a255cee78a6a948e1f82f03834a9b5d,d056cb3e87cba049c6661c43fd496b1b434505f0686977faa3896b74302ea833
stead_event_01034,06a16746f8ae15eefe4d0ffcc59ca3fb7179b19c8e6bab498395ddd6b7c9a5e5,7fa135ec053d930f5cdc03ea7b75e2951813aa26221bb3b2e8c28ff8a340fa39
stead_event_01035,b38402cf87ddb44bc62965e9894904ae6adc7b8a5dc32b8408faab598caaf580,00d2c6a3da8d45edc11e551f5935e4ace699cb3cbf30d57c387b828fb2396ebe
stead_event_01036,fe0cd29dee2adb7ecc3db13bc77b17fb00c1f4b9536dd9ebf7541a11df5fb481,b908320132b72e561173820c2c8bbe4c11d500b0b176f4c282fa59af6368702b
stead_event_01037,c73a7f77ca8b3511b7508af10a4daa33b20db4186005a4e78777420fee4952bd,d3cf08193cb31399dbb389e68f91a02c7226884483246298da63da50b5a5c07b
stead_event_01038,8d06dda8e8492c02bddb048f7334627397f5e1d308c342e72ce55467342a8cfb,40472bdf3177770e7b229952ea9d77e15cb9ac23d8ffebf10b6e74a218916681
stead_event_01039,46354e93810c59cb5e78f2ee53bd0a23debeb9d27eb0596158fc6ff2f98d2a63,b362f9cb58685d982a5fba1d8761a743a853ad49123340b5fb5c6205dd9ffa1a
stead_event_01040,407403b8809018fe304aa2cd221a261047e6859188ba0e206a7e6641144a759d,e1a80d58179548d47853936e547307cf8ba902599fe8c20fc77b47e5f3deb279
stead_event_01041,4d9789347b0db23db336a26455c419e163102931de8c60dde9d5f4999c3a09df,ed4431ae37577902a9c6e713b346e6d8e829e84f521492e7db2531d16c91690e
stead_event_01042,945092907ff1845b976dcdb1ed2eab4a1a051a033b568bbfcbafbb648cbd1016,9b6a36f5d61ad19bb9b16ebf5a01deb6103e92d4574179abdf3adf9a8fa962f6
stead_event_01043,9784b2f1100e6d7d16c333dde2640c8b126f261d047fd131078b30f52a5822fa,6a2fbde9fbad4307ed566774b20a1486c036c462a678a13d31464e9fce8dbc48
stead_event_01044,99b90dc76b79f3348e851e726b7a9b0e6fa77430ea512df6bdb1f1af864a4dc6,f41b11ff405eff47d81e11c11c2a4a7acc70933f023003941348ab835f9d4edf
stead_event_01045,221b8c94d7c76837211aa23b70d8796ac146183c4980660f6d362a0dc08ea14f,09f8b2240f36f4b77d306eb5baada855891de55193287e2c18d6456c6673fbb7
stead_event_01046,efcb8de465d7407f227cd2c027e0aac78f2b12d8aa687eeef882c1e5b93bd6a9,fa086f2a6cfa42316339421f13a540036b75b9db71dc7b8770a3a76d788ee44f
stead_event_01047,49bae903e30a74d33124b868cb3e364eefc12d1233ec2ee66be7546d9a522be2,37174b04f54b6a080fff89a3802a0a90e26eb29d9fd03ca9377db802c338cb04
stead_event_01048,6dd0894ce44223e14ea8cbb85a9b8b02733b5ff9a2065513e6076de326344eef,b5606151f21190f49b907c12936a1b07bb3eef32758487888645c5a6569d7809
stead_event_01049,d451b4f7cc2667ce952ecc1ac154a5b1874fafa3701a60018256f25fcd98e8c2,e923ab2f6c6c7c849806223b21f1e356446874abfc211a86e117559f1d8724ff
stead_event_01050,508067482dbe05e874cf0f94583ca0fcf5434bd58f976f9ea30cdc8c58fc05f9,f673673d9a6489f1733d225e6ba0cba6bf1e269c70611cf8695e97c012aae56f
stead_event_01051,bd2c1460618e1790f656aa78cab45921b6d11d7d008e28953ebfba4ff6b9debf,ac1931c9bb69b15f2a1b2a2518769eea1e6c06b244afa1dd44da008f9a4d051f
stead_event_01052,1073a014747d4a9e1a3ee00e289c11b925d104ad08bca7072dc38dd4bfb31209,9500bdbb2dfa148e5a1c88f73ac0b0f8db70dc6bb4c653274012c4d654b06e6e
stead_event_01053,7fe6702a4de355381325ea3053130db7f84b8c31a53c20bb7273ef4ce6fe7058,670ac2101db9b3bcbe13438bca480e093a0727320535b33e1bc69c22a6980155
stead_event_01054,84b9d34a18616352c6548c978aaa06da77fd8033f44883d4b455138902da0480,b1a4f98d9428fea2927b95d523750a49d0118b441cab02f2ed76f2d0dc57dfe6
stead_event_01055,9be0499a635b5ce9c35ee8cc22fa20959f1089a265e053a851e3574cb29f6c92,c3d93f3d4dd225f1f75f08a88ca1b81caaa8e64f77ad195cd4e69a79eea2a879
stead_event_01056,0299a211e8716fc5908e7dee138464a6c74328ccfd551b1d716d00ea75af68a1,89fd3b76aa3a62f78a88f92cc007e4b01d640e4ace101b2e89fd2bab7f07966d
stead_event_01057,235fef99db07241f122dc3fa44347ac0650030e7ca939458f375b16def8e6735,83ced218477dd4ad9d1bd53fd2b4da5037c9ab22c217913765126b377df63067
stead_event_01058,4d550e0cff9f2073b1bfb7dbd86117bbb22774a566a4cca2fc15227c8e019b12,b2c837d83e09a846629f07a8ab43ed911d41a55ea26aee456293c4b097c619fc
stead_event_01059,e68c690bb9a6c3ba5b91fecaeaf538aae361190d3b0ce411c0679d8b457c52ad,5d278428e9e3cd18bde46a29fafa85b51bc159c8fbd24b8cbbec78faf4ee7a9a
stead_event_01060,a0c21cf8e621ff8dc2a4d2ccb7b900985eef75a1fa65e15889cde33f76396c28,a0c5066634a8efbf5b0ae22df680fbff6ed7fcaeb9ba58bbb5c4e414c24f1ec5
stead_event_01061,655022a50c767521c5bc3dd8c5065eb5f582723b88e461917dffe25428ac40aa,2c5ab613981afa15fb39cd0173b76fad508430d0dd66e21c35a18acd35392ad9
stead_event_01062,be41cf4b7b322819f57b02cd3b889b990bf28ad94732bf202f0f83afe5f58ef9,ebd47a0f748ab1d12025eaedf474029b68f77583d7a49e5aeceafeb011e49d31
stead_event_01063,84ebe8b1473c0b0e538cab7373f677ceef7418f0bb98c34ca2611a75dd751bd8,21030ecca06ee34734bd90b05acfb6dd18654407eaa7f6521954f93e96732202
stead_event_01064,e66a2d9564234564ac44b462b0e1cf0a89621e606efa8c247dd8216b162d234c,5dfdc41e6eadd55c0479a9d3e3c312312328f2bf48df56da70e0e27298a8b120
stead_event_01065,c1fbdffa85a16a207505d4f5f02429dd0a5c22df1a504266a8bb4d7339a25ed0,e1f72ac96b095d39df7a9fd4cdfc6ad6acca10360dd4a4901e6361e2587e9241
stead_event_01066,52789e1eae06c770d43067a869bd2336a5741ece76d639c8f30b4a397e08e658,37df77f14eab1942804838c5045f4ea3b0ff255d054a0651e0165578e2b492a7
stead_event_01067,fcf846fd5901bf68fd5a383efc320197cf0878b6355c98c3e896255c48a4e61d,66bb3c70c6b9958a3fce3794305ff9812164219898cc89f377ce8d6d0b949c25
stead_event_01068,b4e718133708ce5bb8742d4961654ebb99382c6edb5503c1c931a9e0ba4883d2,83a7f31975755e9480099ea14c863951ace8072ea06dfbcb538cc9628f5bdc4e
stead_event_01069,876f1276fefcf4c7a587597be227cf06810c990c44dd4772b44ef852ab4ba3c6,f12f952c5e8e4311f681953a5611321fb8de134e4950a862dd423cef6dd1652c
stead_event_01070,a867db22850372ea32b14657ff6ebe4bc19fc685ca575ac24523b06aef515077,58204546f9359064dde36a600e2af781593147d4b247ffcd002ad2e691aaa6b0
stead_event_01071,5a81b89d7a1195870b65d419d81025390922c8b54956cb0dbd3bdd08bc0bc050,db05c9cd15e132d00fc1239bec5508bb3600707f6c03c7d1d74f399342549967
stead_event_01072,6defda23f7a7349606408d45abb3ef1bfe73c05de22c16d057d6ebd5f93a925f,c21ade65d9fb1f4c465fea541db3085c960329c4d4d9c6206c4b192b61b21c8a
stead_event_01073,ac38b98e2732a9401805ed2b20fa73320b21697e6465343d184fdac56138e8cf,92657f9420e7ccdea2456cc5788875b7a1329b2b952d672838d7c0e2dbc09d21
stead_event_01074,fbf684ee7bc29b974e0d5a6597df10d1f300838890e50d1378e9e87fa2b82d8c,76dd2519ebae5cf1d57a41cf7ad8987148f4c8302c27c3468782cd0eb09803b3
stead_event_01075,a4fb30a515d3da18bee04854b331249ee98605da51845aecfd97259caa9b971c,4f3877100a01fe02b2dc660d85e9e681eb4189df6b128f72e52a9458a5c84413
stead_event_01076,e92817dfa7742f406c041c550749d4ae32f9d061b3de1f25b53fa2d8b5439c33,1f07c33137894974e672b713d12939476a057d454c3d8719349bd9f2bda2acf8
stead_event_01077,3009317338d8616fe8940c742869509e772548fedd391f522635c516288830a5,b49fe22f21f0153b43cad6f651513b4d0382e7f737c65df7680336e3cd9df5d8
stead_event_01078,3f32955540d7973a19bf3f7f0e7b23c68593ec522cf12bcc0925b06fc4d8fbf4,e75ac9210a715b5d7c9756abd9851774a2306bde12fc946954a675f1ba1ef48d
stead_event_01079,8a08cda89a41ffe3b01958ad88d6c094be59ad84ce3076443133a481fc0fb519,08fa75bf23749aa6102f6227f6122a854ff4ea73528eacbedb00fb03b433609f
stead_event_01080,43ecf33676a223762fe6bbbbe3a61b84f5cc6d30cdcbc4fcca19aea66082359c,535fbe0ad7a02498970446d71465870d1ba86a553a6fc0e3979bf0e22ac5c412
stead_event_01081,9c77a1e1c029878092ce1a94fb10f878ad40d21a8037fed6c2701e75b13fa205,f3952bcc05b8456a550665930f5cfa06c8041d2a71cc107f2b35b09d1d4ecd55
stead_event_01082,2ffd07e847b44f17eb743fcae0856a5c6673dbf1295e68e73cbc18075f2d0a81,b4f9322c5d8f8c0203aaeaf877d493c02c4cfde481bccb6dd7bf583f45e14aa8
stead_event_01083,69f9be96931497af2f9e253760e653551740cda389ddd5291f5eb3e416ec203a,e79c60a442a072058a80d3ef0085c593c10476755c26c056b6590c6b9571c65b
stead_event_01084,57f4e1bc3a8888a814c654e8e838a789c136cd4245fffe2b0f5b26f686872bc1,1281bbee56694280991ec62c4a9e548c6ed6f2f6fea2e1757fbc66cb78d390d5
stead_event_01085,788d6b94963d2fb757bf734e2bfc0b98d293cdf43886cc624f710cb45488d387,7a4fcb5ac57bcf7bbf448eac230ef5025d044dbe3d1cc405527c40c47a4f6910
stead_event_01086,a5c4ae99706bd83b03645fb663597161df33353c6752d65e429b268b2d633bae,6739425c22fcba259755146d75720514b08319ca0a8a26df338419dff9690bec
stead_event_01087,0172d81158ae3701c70cdd261e8ae93f9bf452073128b20460fa856fbc07e0f6,6f9f85af282206e5b90e61c2e939d106cfd3d7c5505a0e4fa648e43cbf636c01
stead_event_01088,eb99f8630a3c4280dda1bee5065f2031ecb6ec254931f645ba759580851a328b,3daea998e63e2776d80e6e8860c5dd37a77aa1ae991bfa752ecb08b5675a918f
stead_event_01089,85cd1c02f4297c8b421bd7c72b3f9357db2a6d12a541989c2f56a781e8a92e58,e79402ad44ded27addc5e11f76a938673e13a3f54223598ad448e37f16885041
stead_event_01090,aa5f7d0bff004372f2c5015ba4d9bec12360abcd9e2790dc93cc67b49d2750df,37f68ee2200eeaede4bd687c9b39ce5e527884a4468ea09dc266765f0b5755c6
stead_event_01091,9545ece56ab9a125282f7eadce97471c99c2e1b5be018cd28cebc26cd4627e82,97f224f20cb9908d41692bbf33b195e18df280887e5596f3cb8ed2fdc3debc7d
stead_event_01092,87bb8bb54ef9fc95fe06d8921b540dad2cd9fa6d7405f73eb63d65c433ec4446,1371af863495e76077dd14c50f297d214b8914a2c1403563acd26765477aeccf
stead_event_01093,f81ee9ea67bc98305021fdc9ed1f6043e90dab4b1002511bd2e5c66f74ab6fb7,8df8352c0abe61e3268f14ec88f39d5cfe96a112d47e43cee441bc9c047974b7
stead_event_01094,568df19c4b96f5a9e1282980dea51ac0d5ecb77a5da89eab0e7a8bfb33092064,50e3388e405525462602163301655db326591b873bfde059dc4bc13763e83f90
stead_event_01095,f324245e07cb293aa2b4b3fadbf19a75e057b8b7ebcc5ea4cb54f3ac2e651472,ec3634ea48e5d047d03146c285112ddd82c9a3eee9a420c35036da18dad1b6c7
stead_event_01096,4e3874a6b250590933a802b5f631b520bd966b80df3eabe569cb1ce35029de90,b41686e93208a3e3e4c090eaf39c39064ddd5ae356a9ab4239b06a24b65c8ccd
stead_event_01097,fbb0de30385eee3d27af764eb3b52719fcb31b02b5e8bda52627ed63032b1b40,c6f2aa2c76fe8fa418c0dff566ae15d90fe1c98891da99925b814de0379e5fcc
stead_event_01098,7b5858bc9f722f36a2ed07672e60e70f71e040a3f4071c6640491b5a613be11c,51df78e107ba0baaea74db69385e934ecba5f9e37d09f239125733b1a099d3c5
stead_event_01099,416602390f30ee0b9bd97fa05f1e884705270b821f6047a7132f4105a1922396,08436f6ab39aee443d00318b59b73d7ce921f73cee3e44c3bfd6fa2a2736d3c9
stead_event_01100,42df31242cf393ab3e77a143133f3b24891ad44655ac255e2ea8c4af3019a40f,ccbea1dea78f2512e4f3a134d7ba0582785d24db7647b6dcc1887ee9e404e009
stead_event_01101,03d8035998187433e24fd97e6346e096b176d087880a382f87827887323ab709,8e271232bd09309f4ecb7067f6cae2ee8d68ec052656e1e1d3bdf98ba53cedb1
stead_event_01102,420761c9b9e72c32c93e653d1ef484bdf6722eb95fca746722f440b5bcc2dc4c,3f584e1f509ead84122e966fc2c7bb19324ea07e44b01692888abbb56e956109
stead_event_01103,fc36796eba6f7158c1f5ffaeefbb115d128b0c040e115fe4ffcfbcab5d76b5e3,845a04bc7578344d25f0c7cb6c945aee8e54faa7f9314fd0d2b7341389a20556
stead_event_01104,d03f96145e82bc902efaf3e5f88b48899db8b3bc92aec7bf3eeaef53bc49e72b,f26ca9098d03e16442bc2bf777d84775ae7c75cfdcd8a240e5a9ccbf5ccca653
stead_event_01105,457967ed4672d520e45c38222ff14cd9d449e876ccd572bee67e14a5d98f889f,a4cdbea71e52206f21bcfe82559ea3a21b563a9b9cd4b744de14f6dd250e4062
stead_event_01106,70d2319aaae778e122895745a6bbd7f40fe263dab331df86cfe3a7b853cd8085,473b00728231af32e5011b874be704647673df37beab4ab91c5c07880dec23ab
stead_event_01107,e06b56816e7d58b10fd8b0366007c77cb098adacec88b7ce6cffa890cc3ded3f,feef660b49612c63589c7ee23702828729d53b0ef2c88a280024f7cd0be1f6f2
stead_event_01108,0c0e7a9963122234916284aa07c6a960f65d8c5d55705192085d914db2d66803,b53674cbca8c4193fc97acbb4d5b9271836744d5c5502425fb597b10377f212a
stead_event_01109,3c2f24b5bc0455f9c0f1f85db1440df6c0ffb51a27aa173244c6a8a7b41b3cb4,bbfa11cb4f7d0c697ddf175ef8353eb2683762f63407a8becc80495b7bc21aee
stead_event_01110,e870e6ee48ca56faa90e02cd63b7f14cfb1c019610f07aa6f93f0cdab5037f94,02e0dd4bd12e879abdaf865a49c2cd36b908f320e09957e86724bf963ae2422d
stead_event_01111,84194d0663ef199f8ef16f8564f81619d43e90297d01ce56eb6ebaf6bd11cd80,2f337593283ce08f6888234b029e4d6257e348400d1eb8be2e5aa5ae127e114c
stead_event_01112,e8f86913ac7af542413256cbfa68fbfeeaa1a9ee7079792617e89d5cdf72b228,7a1a9680fa552d1df1395019211b993f616247049c346d06b70102a9ebd73821
stead_event_01113,e4264aef6d1d69e36d9f24840e0743fb4bbef62c6fdb2cccbd3652041b4ea9fc,6a02469c08dcb631462136a541b2d5b242236479f267d295cd0aaf9a2fbc7bc4
stead_event_01114,65cb6e2e72acc4fcb443c9564c8ec8a2a0e9c2fdbf426a98fdbf57b9fbd9241d,997be75aa28ae7658c4c0472dc9d009628c5b6eec59360b18b13d132f4d2a94b
stead_event_01115,d02b51264ea2ce79ac6a306696f73be61eefb1a1faeea76775cd12349d5b0ea5,22f0b797116fd692e77a1778636462f3cf9a561581168d59d53709a55fb19313
stead_event_01116,172c09e1bcb5a33e23a5572db9bb027e8d575a1c0a63df3fa9506be323d289e7,a533e9560c2bcfe2b5fbf6f948e713f97afd4d9d0d8f46b1c39e15adb00b11f0
stead_event_01117,71814e9c5b09d457263cfeb25355ce06ad2a41b74557fffbd485fd6ed10a3e98,7723891f2accb596d2a70aee2bb7a12ffb6c856ba4a5349e9beb09ce63325185
stead_event_01118,585885bb78d13de5f266b7130e96aeea6c481b74ef9aaf6cd7232587aeb282ec,aaf92ca93f4f7733ccf1e59fe7d1b44e9f79110b3269d114e685ebe9f61c821e
stead_event_01119,eff33a8f4520b1a5397d9238dc6180ac453f6e9891a214bdcf57b432e04cbc5e,40b70034cb59fe8f65e986cf4185368c58195f01d0e7691e0a7cff9e51f52022
stead_event_01120,4e2ddf38a8710a59ff74981a70d61e26a6281318adc414bfaf635bdd7c7686b5,81f0827bc17f406e799ef17835c61af5ef1cbbadaeb940d6d20d68207159f07c
stead_event_01121,b5b67a4ee9671abe0393230fe66e1eb3f4ab6e1fb395658c093c8ea2048fe876,ee95640a0237644ad5952e7e2b3b0c4114bdd1398952187da8b010b23afe1646
stead_event_01122,779c5218f2e7e65891d2dfcd9e35e9232791abfe8fee8b9137933d9d1756c5c8,a06a005c8b63f1bff09a66926c344a084b6b8bc73f8ce29ccb6a2395d5f2fdff
stead_event_01123,cbe1b5111d3e3c833fb0bfd10681cc5b19511af7ba15f51cc2d0b2a64ce156fe,646cbd7a21a8521528579421839355af3e42bc2e9d40bba3de65793237a9655a
stead_event_01124,7af35bfc54da0d893b9620a198aa2b06448cf7a6acc7896e9245c0897650f2dd,21fb9626f9c9174ee6e774e528a0e2c19060f3d203f00879024b233cf92f6e95
stead_event_01125,3e6f83f4bc453017293c9049e94db8219947449c2093417fe4075efb4fdfac35,778516f879be6d0368b6bc8b5f25b16a13ea38c8b70d150d6ea5e1ebf0284a6b
stead_event_01126,9266c16c3e6a202f87aee3831200231b408dda0bc29e4e6df21705603a5d0f75,2ebe3f0468e50ab95cc987b1e6d623ecb9416d4cb2d8d60ac14bf59c411993d0
stead_event_01127,e9c8e1b7a14ba9067b246eee9e76067220abc4d20132f57d45f1a5b6c62d8df4,841a3816a4021755ab5f3b1e40d8393ded6f40926aacf3210e12d333208cb444
stead_event_01128,eab609ccd381bc4e95366e6522e0a9498d996620cfbe3dfdc9b21c2ff914e201,a365a48602da85fba03a7c42fe68f57ad5510ed03f496e8cdbab62fbeee2037b
stead_event_01129,2c20a0b1e689ca39bcda516c7f27f24d28043855e8c7e41027b4cd7db8902ab2,908d1d9ed1edfddba6e152c443a031e356aca7b83259cdcc04803fc1868fc7be
stead_event_01130,ee8d7901ec44c8c347c77cde5d301f728c978c5288d0ad3ae5fc5f581f838933,4948f0f6f40000e31daa82db01328c95d5b0d81404e93f58bc51ab1ba73fcd0a
stead_event_01131,afbc8804c28de93a8dc31c8b4903472af0c9c414e119914b56e9c9cc7e44a096,42f497c157c118fca9c16897ec3c8dd5e87e2e4e731816ddc04e9025ef0bb37f
stead_event_01132,f92ebe6d60429033be82cdd3a0cd950c5e60cf39fc33d51d43e673be5a2c933e,2abdce9030128af58b21f5b7b98d5527ba7edeeb2b3cc0c0fba696e04047050b
stead_event_01133,7dcad40a7732563279755cb2e2dc2353bbcb5eae7a6789bddfa8c5e06b75fae3,8db9c1a37adb0f8fb83cfd630928eeebf43f4633f869081bc6f62cedb248cc31
stead_event_01134,985162320221649691d51ea8f845fbdc064affed53920fcf8978f8cc1137c7b0,635974db286c978842ecf0c175c6fb26c39c5c276967abcd74b1fc1b284aef79
stead_event_01135,9fc5bc5e3c5742032720a72914a2f9d9caa73c10886d233f23cb5aa2aca03eb0,836f51c7e7471fb2f2ee139ad074cb396c4aadcff2aad9d28be795b20f74193e
stead_event_01136,ce424beae3bffc99d16f7e16ee4783563da3aee8ad2f8b6607fad279cdc72741,1a5ee05c2d2dad5f102c98bafcfe335992ba5494f9932d2cadf8f2f7c05795a4
stead_event_01137,fa44a88581d92c20a360c6573fd7d2cffd02aa2e6e025ed6321c6f0be6677929,61ff1e5fd89d5aa503ba90a775783c085f463ff8650ee8f187ad7e64378c2a6b
stead_event_01138,4ac5a8cd3a2b1bfae6abe7035e7cfa4c7e400b171c317712b73a98ab85440511,10cc8093a5ab32e7b1323517a0b58ed67d57538e63b237f5e207f2494c6fba49
stead_event_01139,5424038ce4959cb8bc42e4a87ed192cd836cae5546ba6a91934f0f12d9c18887,61119f686a65eaca9ca0dc279e559cb4934b79dbf2d64347c95208165314f103
stead_event_01140,643bc442de419739a29c7aae5fd0d0a2aa94436b99a279afd52084b9edcc87d2,6f3b591d7285891b16a150253f7bb3f6e55a448386fafd5a982edbf16262da9c
stead_event_01141,8aa047501aad1ae46637624e180de0bcbd7a034fe56114a79ee2f993ee00bd8d,0e8f2cc1a001971c0b401c0c4b0e2f2f30197545ad0c6c341bbf2824f012dbec
stead_event_01142,5f2c64fc322f7f469d5f6ce166c034fb09b493d547b67c8eaa42605d99455575,5ad38180f4c834b5cbec7152ab50f79bed1cf44b12fa122c5f34dfe627a3642b
stead_event_01143,948fad3ee082a60e644ee2a2bbcc7bd3abad9790232e7f2d0b63e13531a153d2,b7a47cba8c265793dacc84d07419e15606e52270c514a58501535eba6ddd5fbd
stead_event_01144,d5f3defa8a0742c35f9adfd1c627a97517c6507c5802e586917805053b00d113,0a0b6b26d35ca50b3ae9810632d9b11d4226f24ddae6e6cd63b0ed0eb56f6ac0
stead_event_01145,d9c08201a9652b4331e56ad363e10553ecc4d232c0fb8f6a857e9671d72e1c20,ba81ea0b3c7e51301a8d8e3956fe406649c0453b723ac8452e57804e197cea80
stead_event_01146,3c91796516c431b63804e63a1af1ff2340be78ed4df8365ac14b04e74449a30b,8ac1bcc4d790e7a33bfd2bfcaacccc66f7d4a7d3e5d5b7c1d036a50129a01ef4
stead_event_01147,c88eea09e849be4be2026b66cb2266acb03f0a48c112c21fffa543cbfb2acf5e,7028a49f7ccadfe3c81b1737e37cc4336f1cc35e6cee0df47a5bd5e37fce7034
stead_event_01148,cf21a8aa9d0f316ee0c76f647a05828b7e56984c982bdd8adf38f4aac05d3884,56b05091022c749e073057f3429cf371aa0353c4623a53ed6f027cfe415e4081
stead_event_01149,46045ed97bf07f87e4287228e9203749d28ec572ab26a9b614dd9cc77f4bae1a,b030e24506b5268a08308234baf52a38d51cdb13ef08893efa0d027812fddc51
stead_event_01150,6235f85ee4d2ecbfb85cb53e158b050eb5d533c54e676900f7f8801b673c87b4,be99d8dc4a45863bc191cab8e9ddf8d7434e6579e42add5944c9cb7ab61b6da8
stead_event_01151,bed0f60d7f5082a755057045a7f4451e1d4f46535230df3d1fe6aaa0a39ef866,88a8ef1d9899f1092468a96dd9968d65c2d682ed38380c0cde9708ef2734c7f3
stead_event_01152,65113ad560a6b766651b31a03d924dde999372c5a86509067f0a1a86ef077d7b,26b9d5bf6577004b99dd12364c96fe74cf3f6413a9d8f80cd8dc957d359cd923
stead_event_01153,91e84e03a1c83107dfef7c79d6aef74fb3d1f1d2ca80fed2b31e343937e002ca,53c976450be34ba9524e6886d898436754c5e63b383339cc8c1b310cd0b45182
stead_event_01154,7d0eb47acbfe032628c8755434f0da19c0d9edae49b4f190044ce4faedb15f3e,8bc896e69ed2940ac6513737ed8dd07088a36b6e8d27bd58b44673a9fe468e8d
stead_event_01155,515f7629fd2946793d757b892d07cd7bbb0d0eb30b483a4ed340c9ab6583b8b3,0d1cd15ac40138dbd3132ddefdc391fdb7ead4b9708e4bab0dcf428ae2ab90bb
stead_event_01156,5a79261080fcd5a52a6577236bf704ddbd920eacf9ced88570c216fab40c33f5,c719ca6318872d498fd699209fdb052d75653e5c3bed5ebbf5f5d0dd97b0d3d1
stead_event_01157,60cceec689464392eb50aca01b1903eb2b6fb24736a41e0954cb828799b6b0a7,cdb30d16f5fc9d0f4a438db96254d02b45e8f19c5353c9c0b0f2142f9d37d87c
stead_event_01158,55f90d704de2f5d9b1adb022d80cfa5847ab3991c7f0c0c4ff96d74ee4bada0f,c1e2b060d79f7a3268b40f38571af94ce33c5de4575d4ea52c4078770f4739ad
stead_event_01159,3c31d877acc78c0c890578a996aff0caddf9d2c85fd61753e6ec4f6dc1d5104e,2aea4388d4dd514674020d740cd21b6525487f9325ff007f0528bbb201bb907d
stead_event_01160,8651d64f5ab6961b150f78a40ab61300d1b4f53320ecb16d76e612bec2d3000e,a1f151df3827a2c6433cc19e14db85308a13ec6f3d8ee42c83b966c60790b4f9
stead_event_01161,32cacc51d0a270c754329ed953eeff58c0fe8afd85a85d71b8a52ed097904061,4f3edb720269e4be1b3fd71104240dd65bef6c2ff483c9d5717569fe1fe26d38
stead_event_01162,8d58d053597bfe4543541c6598c7d3e1617071cb09a6e247608f3a68ec6516bb,bf7c7fc9d732f7c8e22b104ccadee4b968ac0d979cdd84c37eeda8387130717a
stead_event_01163,2b0f6d0e6fbe9f7da669584c42bda227e18f9eb83b469206d78981dab56fa2ed,e12f40cc7c903020b6eeb703f8dca381ba3b50f1072d27be4042953241b3f5c6
stead_event_01164,fb5b3e4777740e6b25d7b3ff9e088f9342aab2fb065e473c38989a13b5d49b92,c51354362721cd00ac5ebcd05160715115bd7502c00ad561ae191831a1223b49
stead_event_01165,732e749771f182245027bbc0353ce2b76b2caf2e2217bffc20b2b924b8c0e508,b731c7bfe9b3468a0943329a94f8ce5dcd77762bdb03e814d0c01ff606cc8c74
stead_event_01166,41eb9bec11fee3007e3fd8f2b7bc2ddf5dc8737f77aa67dea3d0faed27c7ff09,7c7046e25cb31b7f02c8333aeae3ce875a83b58d16fbe0c958c0eaf61fbb6386
stead_event_01167,5ac32cb60fc46a69fbdc1d2ebb41965b54e3d144ad8a1a6a0dcc81ab1326ee3c,c95b9f5103986b418e1045bd061d58174cce7f52804e323c4e93e4d70e08fee7
stead_event_01168,6db86594d0807f3ad57928c8d5f6d5d14d5142bb36adcdefa54623deffd4dbc8,61954d1ca0dd6af326a6c9805f9dd46f2b64043ab49a3945006caae5bce0131c
stead_event_01169,920e4360bbf32fdd9fe44490ec332332e27e65e66fd07fe5ee860243eb32c78c,2bb09b4c11bc85dfe1c0c4ae695a44eb04515e11f86dda24d44863af9a6b10ce
stead_event_01170,5e186230600ddd8f861191874f981ad4b8966eac5e85c8ee129889416ceef2c1,d3338ab718036fc76f65fef6d0d849abf93fc6ad2410e741e2632e192dadc8f6
stead_event_01171,d67830e69cc8debb99eb49459b1b1f41f0b32a5826ede20a6a62e6976528440b,5d04e1a8a086ef818e84a9a3401cece24db6ee739dd02b3a4cfadad2bb1334e5
stead_event_01172,1617a548e215a8ab18167c2fce9f9cf166168e65b90cc954147312ea261fba20,24cefa0ebfbe53b78b5be51b734174e2252122be319b1477964cdcdec1ba4b9b
stead_event_01173,535525136b6badf9237a6316f3e23bde833faf1d51632067fa4ff28ff9a4271e,ace67e1c1c61a8c2b963bee0c2cbe4456ebf56673adbe8239448244b7e9e1192
stead_event_01174,d518ecbd20f4903ac307c0609529bd4eb0395792050687d82762009480a5714f,14b774b231ef38133965a889aaf914ab288f2e83bce5d1f08156f43573bfe742
stead_event_01175,c4cb3299b6c4df177a8554beef758e86d4d051f9b22a579c6543655c352335c9,f6b963c5736165cb8571a65ef0f77d396a3cd484ab195f7245a87157b90a6013
stead_event_01176,5ee872cab7b59947aa95b2b0475ecd3011cee00d98e7bfecf4d58cbf7394c336,9a5b4b3598fbc2defb4d3eed33ee75c3a61d9b48be993cc61a0289ad5e99bcb4
stead_event_01177,bded0f0d1397cb1b251eac8cbcde7686ff50b4cf475784f5a64dd209179ed273,7f57d38e840340c99e5c194e76ceb98620667a61a75dae2f0927b14507337869
stead_event_01178,ab11efeeb3a4563286c539d8eb8f8d08d23ad979cba353e3f3a21dd41b79e8b6,97fc8d4e779444f457dd71c00c4c32c4310adb53697f9d597f5fdc9e70a5dcfe
stead_event_01179,f653effabb2cb391ec18bf70aaa8da19999686ebf3541f3de6995391bdd19b94,5cccf7b6073d3009e0620edfc346227246b9da5a5b63d308262b94a42ea65e67
stead_event_01180,4d1532233818aa96be1143150e4393a3aa38de441cb5f578eb9dad61b9b9ae1c,8e5a5da1d5ba7500f40ccc36ab53985605c038050675d3abca5249fa0c1f2648
stead_event_01181,2b0f696dba4f23d4288ddc458ed006fe6af4dd4e5144262a5a20ef7a6f88a800,e95859cefbaef727f8087624cad58b2b9d6b2cb7e52720174556d83a96fc229a
stead_event_01182,e47b83b654545176431a7fdbfc16874bd7bfa56c0df46d86a14ebcc7c26df7ae,6e4b55b673b3db39e561586560cc93d6b090c7e2f77881a619e5e3486274e0ea
stead_event_01183,c2e9e6141647e2c98225e97ca39b67f9ff81b3ba7cf6fdad9f449337d3a3e7c8,399708f8b42110b85aacdc23b8e8deaf4a553261eb995e4bbb3a9377bd933e2d
stead_event_01184,d15ef5e1a044042ec4f523bb40069c51c1fed559bb10a866e92be14581cfd588,7f966b9dc9f9adfe5573d43aeac31b1c14a23140412726c63a163fed1bbd5198
stead_event_01185,bcb7d6d3fbec1f1e1e226bd9fc65372af5f76750b860256c8ec621bc5586b4f1,275c4263e269c3e9a3eb0c95cd7eab138265357a64c3028af6f488e8c327cfa9
stead_event_01186,1ee790ab14e4575e3ebb25c984d120dc7e3b8e360c4549dd42ffe0b130aaa7cc,52c882d579209a3ec6e0e3872c44481a40b095d59e51f9da67c68c7efb6a8aff
stead_event_01187,899508e0c89c0ee5bf222e741953ceb93813d7261505aa409a0c04cc5befcd3c,e18dd018eff803baa549aa9817b03173a7e77701b3577907f5bf8f33c551b3df
stead_event_01188,ae8845bc34235c253f2f905a8b2768a40924ab5ec3eb8a9534738a4c5e9a3f0d,df468ae6db0c8f71850bed04d996d8ee264be12340751c7cdc52cb589b5bc5f9
stead_event_01189,64494474bf839ad50d21a4ede335b7723d9bef01f7198c93197b66b324a106b5,c8793d6204bd1afd76b26604366bca9552f0ab77d13f8ce5ab99160e7a02031e
stead_event_01190,0017c7fe2b6cdca5efcf94440eebc81a129365951214626f9915332d3f58e347,f8a9b22444ebe955b23b92143b75cbdf9a7a26f5ccd2596287bacec446a5d08c
stead_event_01191,15d50d9325270fd11227159adbd3ef0476613e019f37046dea2d57de00414b32,6d6382f35af5549789064fe569b18d5c1c99ef5f28404552089d98f52e4d4242
stead_event_01192,325c071f092b35f382470844353a7caa12da4c2afb527a2e9a9dcf36001afe96,fd41adf588b4ed9cf114efadc91ce7fa902efbd48956b4abf3f311f181a991fe
stead_event_01193,9ff0723a26929fdffe2ae5f1832762b8a367e5a9f5eee4805d822a0778b0b285,1a8d8138a8aed54ec652741c926bae6703d059e73460c20620c563bd425e2b72
stead_event_01194,3e36fd6e329e126f7ab1915a31af191a8478b9630344672b422b531eb7376512,62134963f023f2ee8bf631b3b373a752356eed7e6e19e0df6ee03afc0c982cce
stead_event_01195,7e8f38e87a7e74b9a06a11d6bb50fbfdeb76000eb02bfdeafd95b4fdb8c0ebb1,ff9ecb352d3cbe86ca5b01e4ce33024dc2cb427711804640fc04ec4d0280183f
stead_event_01196,42f7be1592fc80faa038329f875a9dcf3877ef5c9662613ed7d017579cd5f541,9b79a977028f72b8687ca1d3cb1201932341507f1c3f07f8adc9a4004e663ad8
stead_event_01197,8cc1166172a2ccd37eb6cffe05a445c956cfecc05f5bd8558c2842c0db9c6bfc,758ff0790c8e0b07eb0b740e129a498618db52d3c50e370940835fc849697820
stead_event_01198,50212a91b499f2265586334f3e5fb3a4a99c0388c96beb144fc9f1885ee6b854,f9b48e04eb4863349e8acb1cca3d6f3d514673ee7d0fb245c0947b512b98dbf7
stead_event_01199,f9804522127fc90eafab9938b72a93e68dbf3731db6c6cb26cb971a244e8a776,e13cf18ded1ff3c060b1a4d6b0091cda5988cf725f5659da92ed46b1297ad341
stead_event_01200,8386142e5aaed97a7aa9d73c938d4aab6f356793226cc626844a08056d9f9c59,bdd953aa539624645129b81c1af55a1e618a6c56fcc7f12a592e04ae6ba6ee45
stead_event_01201,b7e3fbd28f82a2a40dc4332a7b3c6354f0d9e1a5a847fbf42e96ca618b51ff55,9490920d0f61b76343831af67b7a3b4e3ae8e9c9f892ca4733e0405193797db2
stead_event_01202,1f43e82b148a08f78a5c975fe257fc872752300a31724efb8e573d6bba4d8912,60fbb7605d62dc0ed0b4ff2cbf0f094477d88403f844902279b3409ee2b8b9af
stead_event_01203,6314af8c3bd1a43879a92595847f8b3fb2514a8c2be43b2ac0c4e96abe991ac7,5d9a9537c471a702948f2b403fcce49779c89f58999f20ad39f8ad259d0c3e8a
stead_event_01204,c032cfbd32ceebbd2e0fcdefe0f816ac53c318e8097de1cb27365435ae4897d7,6968f9fdaa5e64d3d5b45db99df63e9f95709879b7ac9359b9bfcad8ede83548
stead_event_01205,eb8d305c2f19529a3573054b1f1873016391e9247dfa5bda319204eb5e576469,f47906c137b68e4a70f73c7f5e92ac5a012d21c9af28da480085b0781ee5660c
stead_event_01206,4d0fe34ef170e8353968bd643e789acac812b297e6147513a5c596393a7f8636,191ea83f3fe026abc5b1c586aa6faadc35a13d7a292980b1481d99a114c8dfbb
stead_event_01207,7b89d2675112614d83ce570fa43ffdfa32f208a406349a149f22920e55a74f90,fb01e2515cedd6e9b9818dde7d58b4b1283985b7ce01ce110ee581fdfb490b5a
stead_event_01208,1bcb852b546c0b086d768f86c77ce798cd514ef9572f033382faa1a85ce92681,b79a6705ae9316a5fb3a15594c1e7a0cef9dc48e5f735fd9307a7502dfd7c923
stead_event_01209,1107319208e4c58bf9d6141f3c9968139438be9c9fe250b3fbfa9e0769fbec0d,30738abe3c702901fc81a1c7069630e21fe79291cc0dd68da7e61fcd35e0c56d
stead_event_01210,502bf99222f2dbeb815fa6b21156704ff901c3147c788c403ab9831957ab1bce,4129979bf97f9801c9c386557af1b8acef1e5ca68902190cd58105d9486f4aed
stead_event_01211,0601582bdf7fb62dcca5795c4a17bc65eb4bb61160e691de5e0ed8fde4b37f9f,ce58e089a01a06a6b9aa5be3487b4e4d3e641873f3a65bb0586fbcb560bedcdb
stead_event_01212,2ce7ac56bc77c426daa3b2de1a934f504d90d1be8598b5b2709bf25f226042ee,1f3eb5929d3d20be7e9c5ee7e8905cea13464adc3273531bfca0d249f2993383
stead_event_01213,fc43e9d04b964ea5f63f0b90d81b0ad26684a2aedff326a9042f06394571f20a,6ab44e8c507698e5eb95c7a57a4667b8bfb1d03793bdd65a12b68e6b0efa5580
stead_event_01214,4d2e8b3c11ddd7b27612c1ae2e5d5684d559a756563e7dc470fd344429dcfc85,10408016281efde316f29ab11c6d8da7bbd6e2c49493ff764eb58b63c3233024
stead_event_01215,90ed94ee9853496eab5179cd6a407b38bf9f8bbf8a58a57bdf6eb829e13d4245,6ebda9b376933d4bd6c4297e905c12112b62b4d781bf5425bd3ee5beef88e400
stead_event_01216,39dd28671260221b1de93ef2eb75e584291b38536154f5bb810469914f287dbd,e61b77d5fa0d97e2bd61672d1cb0f4c05b9d134353691243a509feee04251751
stead_event_01217,0c77a8e9e00b795ad5b6184753196d607970c341eb2819a26289a7d974df67dd,b7ab4aca2b79b1f6b30b4fd50764f86939559573a44121ca0d1c37248c1adb47
stead_event_01218,657c2593f5f8fda47ba0f9e28d90f21a4d1029157c5d5ea5fa863838f7952c5f,f95b69f6f5d1980a6b8072726846570ddfdbfb02df131eb4f81c4405fa0790bf
stead_event_01219,774f73fdd7fac60491d259dd52a298aecf4b3412127d8e0352d004e69a1e7859,21a8c63f0be3800c05f99bacd1c676435d3f82cd578bd44ca6a6529dc70f7ceb
stead_event_01220,f02d5306cbf3f56916a3cb024ec7e0e9ed43b6acb4c436263f011dc92f99f6a8,6d44c77e93f208befc90afdd9968c133edc33e5db676959092838674c27a9a78
stead_event_01221,2bcf2baf480330a02f027382e89cd6ec2e5e19f9c3d916ac7d6720b2fce867c4,aa50f5a5263c302d25e51d3d03e1bbd50df8087cc6836071e8d5e1f07ffac58d
stead_event_01222,a0b2f68e2791eb6ed2d126f58bdce4938ea75f3fe5cac49a54a2036da07adbf8,3b7348ba275144960e4e07b9f5d6ccecfaece27290ed7fb41d2d83cfe7d06a67
stead_event_01223,4a4c0ceac04e640681db2e026f8f1abfbfdbf4dcd02a0b7635bda0418dc93d67,9ef2662d16b195ec84adcea32a267600c6e8c4277be6d27e89daa46ee0f4411e
stead_event_01224,4901c6dd2ae724cb12b1898192f7745aa2318c480fd3d636d040ed1c0cb087bc,361db2d23f2116bd735c15c5844b2aaa1cd9d2b937ad4028fb62e17316030136
stead_event_01225,bfb6deb81d50fdaa16e031dff11b85e903c931d091860066f5b507567f5b35a9,49e0e880d69187a9315c90011becad785e2c969f4329cdddc9a764e4b11f242f
stead_event_01226,f6c22ed10f77df5f6cac7916fbd213a454e14581c4d6e1c0717aa4140ad1e0be,7712fb86b9fdda00e85f03745b8ce87f0b504d7f1b29ddeeb995c8844fc0d49b
stead_event_01227,762533ea957f673ce630017c904da567a22f5ce32d16b688398a5b8171105bb4,744e02b98dcd6b84136e30fdbcdf4cc210ba9f6c0dda0c4bd5da387b2d8e07f4
stead_event_01228,cf72420d56797aef99be00e68066c230174929cc63cf186a2ade32eddc237397,bd3b2df60e54dba4c30c70a5af3ab9bf2f818242d29cd4cd438dd72f199c63e7
stead_event_01229,2f8a57c02681b60ed9120d76ac8e5d03a1355e2aa316aed41f2f3149805afb19,3a36eb4839df651d8e2ae2dbc40d83b672d0aee382f368a2cccf062199ef1ac3
stead_event_01230,a86d81d83b75258e3e977118a49061e74b73503b149a42c09d16ef6a10194168,3b4494e0073534f9d23fc922168e981ce5d07400c29640862d51ff3dd5b6dc9a
stead_event_01231,bc44b8924e90e5517714c1c129cdd937d6805e5a58527284fc833ebe42fea096,2aeda780cb6f7ec1c231e4d470c7e160e08891482bfea7abefb945fe48634332
stead_event_01232,77baae74bd51b7e1a5d0ff897d5e049f8ce90000aeaaaffe70123cf649063095,c90f1ec279697ca9a205d727abbc4100fcb36449b80785022b24cffe132f67eb
stead_event_01233,28116e8bcc81a5296095e7b02cd58aa6c771d2083d32e8d80436081fd804220c,c42d93011b1766c4fc9e70460792be65ea4e69b44f996b1236bb0497671e8b43
stead_event_01234,15e416a2dfa6f280900aeeadda9ad1cf34cd3e68aa16c3ec955ba71b75614d07,0bed7d24b14805af5947dc398b5a1f025900057628a490363999631b77d09f42
stead_event_01235,2c0b6f9f2acd40c43852b69965bf4dae84795cd19518930ac554014970d6f2c7,5c86a7d665c293c72f15132deb3d6e7780bbd193ad385fedf66af2d67a4efaaa
stead_event_01236,a0402422da50313b3f4a8cf6483216c729f97ae95be8ee34d67aa450b89c8b20,62f896b482852bdacb4a65070dd29703b070079d4809a62c8bc8a80871b7e050
stead_event_01237,258dbb1c9aa329a7136572e458aae85e6b9bbb5902097cb2d6b373a66446daef,4327744cc573c516b6904614cf707fb2eb588ee86153e4e69522954745702cc9
stead_event_01238,c7a0ecd4eb7e722671cc6143b4fdc8409a4967baebb9f327534cb04e9420ed84,042f68fb301f9871b015523f9cdbd660948c507f482d19c5842dc187640cef84
stead_event_01239,ab47c674271924b5e1a9488768d8549fe16dea7b379162e2c6c4563e595e8132,a843096b088dcb6334b72dbd0118f97f86cf850af3591eeb0c6ac9a21a51051f
stead_event_01240,f8d0aac2e7011808beba692fec4ea37764676967e6c9f4403db41f6a27773914,91035bd73bbed9e82759fda9a7d55c58e1aa312ae17be4c76e9c51c24fa0bf92
stead_event_01241,15c0ea7f5af10cf0a8ffb4c7b6f6baa191e5fd5c689d407c07ee5836ade68af4,63505d971f492596013a20f4543eb0feb1331d21f4788f558b2a3c86ffeefa38
stead_event_01242,8c726dc14aa5c2ea8609733cb67044c04606aaaf453311cd7dc9b8ba5fbf4014,cc3f7580fb6b64ff03b61f2d2bacca28474b8fdd5ae5c12c072162b8b25ceb1a
stead_event_01243,16432193f078df68b5c87577db744da5be70e9d940770daf1cc1bc50a8df3a04,18bc52c70deee128647c63426bdb1b946b4948bfe560680fb5c35dc44bfb79a9
stead_event_01244,0e7345d898943253ef21de334059f3e69ce36bbda90d0a56cb2a24105e1bc54f,8570054569d329c8ec2c760c1e43af31200dc065424af85ec2484c0c9d2ec6af
stead_event_01245,4670f8d3358c8230fc5ed5538cdddb5e4219e945ac51a4836ce2ae0cd91aca1c,9079bd8c1944ed0026a8f6f60af85dc239bb916708c8a37e7024e3511b0dc8e7
stead_event_01246,bfb1e719847cfe005ec27efc99af778f5713a78ed943d2cf84c80c7b207f75a7,7f553ba9c467de9454dda6ea1a8f01b198933c7fee9575c7b18a8c75059ee5b7
stead_event_01247,54381b2b763725ac5eee4965b4a0ca5508a806d0438f76150229d257d73814fa,1cb7a9d804c9cf99b74be71757abb9879e383f4e099a28ae2a34b179fc4b32be
stead_event_01248,d2ee412fdb4875834ad70c027abbe819b94ed8f659c868d3fa541c750b30fe84,50dfe76af5703120da3e276746ed92632948c31939ba9f6298b7e5d97f63e7eb
stead_event_01249,9e53c371fcb74a86cbba1197032cd01663e5a003af8544b32d5a8cd6d355042c,c05afd3e94a2fd7303079774fe370f7e5815064375ef7c3358d524dc4ff8dd2e
stead_event_01250,af8bf01c28ff8bbaa8d193f5f212299b701f6613aa0d93c07975fb4fae223ebb,cb69f7d2714e67529fbcc485c627b39909b813a5535625bee52967f164a3d193
stead_event_01251,d68f6ebdc4eea03465e6ca6df33b31ce6b49272cb11b0a9295c7c0e818310233,5c8e4c22163a42274d858cb49a75f19097940806b2c58a65a6b34be2fb96a5cf
stead_event_01252,fb01068a6bc6fef6589bebc664b3354787b3f2ed274be4e4ef642023fc5f9bdf,1df98519bdda6990b2a68fb036f0816a8f5750b44c7c462f91144b0d5c3cd280
stead_event_01253,4afed74ff6b5f5bc8305a06e580521fe09338e8f6f7cdc3701db9001cecea1b5,5c993e36d1dd05b1f45c46c516b55b92340f508bad56b1a6f9c2501dddc3dcfb
stead_event_01254,8c013d18eea76f96aebcaf3ac33b3af4577eab950b45939438f149814ad0bda2,9b7d0655357ca3bcd5abe5f99b3fbf419633f00172a437a6ce4a0eac4c9a900e
stead_event_01255,9d9b3bdecc4f3e62ea2c587383b503010d913dfc4ef6cb07650b65f3f6ed67b0,4a5ef2fa367620bc540b94ebe910f3d616175e52a47234440e03d0dba90fd67d
stead_event_01256,b6238172e05bd14a9e7628fd392fd433f14fa0c6f160b1f2a3e8ec81e74a8e18,1c30508d46cef9bd6795036bfdc45d03e586073cd95ede1f471526b7e7e05e75
stead_event_01257,0a464701bc6333ca552f9e85839b1f094b951720d37e2a94553305d38ecc3aef,408b167142b710242944a05df10123d1f574a586a36562f2160284f9038d53b4
stead_event_01258,893ec8b71db5d2eaaa410b9666d98978dd9e2b5b235cc4a877171be8de328313,d76fc838cfc5a8f444f50b6dedf27ef922b24b378aaf90163934a695c4b895de
stead_event_01259,0e60fe5cd0a7680c11ebc345ffbd3fcb333297cd01dce35882fb49bce155dffa,2dc65e621293ba1f63ac1f369058d02d4a035b754d5c4fab4a40ad382a8d27bf
stead_event_01260,8a924ba2d49588e017e92176251012d1362c35e722a9948aa9ca8b3062e6d39c,196346571277635f27be3bd4553c08e2e1e56609ec9f6b13bfa2e02dde9b8963
stead_event_01261,79b3b93cc329546d7d00a488543865ca0961178cfe5bc628c6e30e6a90e52d88,bf1df5c2d2352e23c901ba322d2c5288125ee97b57d7363dca9bf0e3174a8490
stead_event_01262,4d036513c4a3cd9657d468707536650b7dac7f1aae0fe920d799453c693c27ac,205f68670717d56c2e9a773e43324694edcd2f6173e584d1b15336fde2245208
stead_event_01263,fd50f32b8f1b7dcac3f2610f5cc810bc991b7d81af9e7f423975cc2628b44d4d,8a8a04f1da1ba23c6169cc892826843300059ae8cb4b336115290d7e31058a3a
stead_event_01264,a99e14c4b6f2cffe09c34e0f369813ace528184a22a422dbfdc7b0c5d05e8ac7,121cdec4ecc7a0969021c828bd5c41ef4cbcfb8660595626a6174155c253c464
stead_event_01265,7df4fa8515a02a34b114cf2099491d72d4396eeadc1b5187e23ee177337d0a6f,8fe1ca84d9f0e51c8685a6231068752a0d95d4a7b941b5654b414f28073c859d
stead_event_01266,9025c0d017ed21584068a611103e81ff694c5a3d9d7642c71ea1d1f18492abe4,30b0a91d7f4bd1c3ea62b4121ae6195a75dbc820ed3378addf439f5394838308
stead_event_01267,1976e10e4c126d5e5fdd7110085002a995791797fa53444f9ec9a49270040c1b,56fa3d1d77cff1e3d45da5568d21c3396711b44cee74ad0222addac535a00c96
stead_event_01268,27415fa76da70eb324bb90c33b6554235b58ea57565477e46c13d58e5c863f9f,f07d2050d978ae58c5640f364b95650cd37f0d54fcc920a2c01b7c8e93d51073
stead_event_01269,240257b66d25f5b7c597dca9e6c410c68e3894eb56aabb649fcd4175eea83cb3,97671f603917ae759146a06c1af5dfc175331ee092ead0775d4999b921a80a12
stead_event_01270,52cc66868d7cc80f4d3febb99e0bd0f9f145b30dfac88320ef1f3175a43795b6,5a2cc868dec083344ae9bb4d05e472f641a019e1f9fb94bdfc91a1c006b58a45
stead_event_01271,7d2cc28778ea8b7636468a73ad1d02d6b747b8d5775f18031ff772fc601e33d9,b68d27ff53e2794ec9b0484a7c6e9924f496bf37e8dc31a88e9de0dcc20da90a
stead_event_01272,4614244c6987a7dfaa801b19a0a0f811457d210658c6b49bfbf7722a69a97c3d,136641d1b25697da2e6e77d73978e9704a5d40958cac9ce0796b395f6cd4e1ec
stead_event_01273,bd3f57846199d2996937cef907a1c30846fe925c9074db3c0a1589587b4901c0,6bdc123caba12e23b4141dd7610b114ed70388eacca5d749a8f4fb6edfb8f871
stead_event_01274,967f633272671d953eadec3a571d70902e5841569f5c30b3d0d6f84de331c839,59c93f0c19f2a1131efe1ecca7da3ccd983128cf4487dad69364e3fb3cb1f1df
stead_event_01275,adf50ec06913f62ad4ea52f5ba1a4fce6d55fd44dd9e1f5532e1eca37cbd6d7b,5e6677067e4ba15c371bb8d95020f683ce0b9fdd84ada295feabb2417e691203
stead_event_01276,62a65c9e263c49ed7fe095735a8c2c3e590ecbee38d7c219910f1747919ab82f,ceba7d54e031f58ffba33c244b3b46feddcce7e4b1204ce08f9c4d31939e0398
stead_event_01277,77de3a13832dbb9d79b70649eb7ccd45b7b3f8731645cdedaadc1a7e0c25c004,bd30048a216ec1aa0266b17306ca4490377ad477ba28e4924233b78d80f4f0dd
stead_event_01278,facf19fcf9d2086b03872802582ed93d17f3eed76fbac4412d36cb46d0b3b3af,3112c1ebe4b7df1d914b1871ce4d7da1787f8c3ffa7973c41dfe4ee9020d151a
stead_event_01279,d0881e37e9b96d75ca2c84406ddd038560577d9eae94c05240bd6ea1d43c09af,af1f31a92c2313326643d7d0dd56a59cdb3355a4ac9c04fbedb285d31f7eaae2
stead_event_01280,8dd7840335f57ece60e421312e510740ab316482ab423067be3ba9bb993e7bcf,e350e9e68fd65a7d4aa8e03ac331119289da17cbdca1f39ed502f30aa325d4a7
stead_event_01281,b39342e05565ab042dc916e1da17c1b1a109e72d05000af6ffe0fa4df340a40c,a10fe01412f5b2112e939c95e723cd479e39a2ce609b2634e65fd421bcc0597b
stead_event_01282,357d3d457e0cf14e0ddc89472b7b79acb2f3609bb32e3c9630c71880610e1c56,94c924e9cf0e6234472537da507a258026b0b6f1cc2ba9137e6d409226ed14a7
stead_event_01283,e4714eb57b858e14e07fe4800a41d35080dbc180c662fe089335168129f9472b,d84681194050df09aba2cc1b702841d75b7aca426f221c4aa554737e34459110
stead_event_01284,ed55528e59cabdb48f0d3048bc0da908d58a3b11c6ad934dc39007ef76dbf7fe,011da7e47f27c1d7386cee9c8d7c622db99c3735e5d88da949443a0bbb86986b
stead_event_01285,93255edf0c76bb7c0f6411b2cd9efe325dca437d22f6658f83df4b3f956ec268,be9e1afa7e22dc63841db221327de0b07afa8f4e4a56feeed3759d80ef66f9d2
stead_event_01286,f7fd53801bdd0e8c6e20a9ab10f3bc872284678d878c5440dc046ddb093c187a,43ff5cc41b39b5488d352cb897ffc680b684e68d68b38b9763c25a04b3a4b6b9
stead_event_01287,923ef5d8800aea956eeba6632fcf1a75f50947f10facdedef2d7b842dd43e623,17d9c4ca846aa38c3b71b2c4a13dcbdf80a5d5f7f8402d0b7a86ac323ac56290
stead_event_01288,82d4949d7bebcbf03118e882ba1dc34dac4f01b6e49b598a6dadfe8ebc4f54ea,1fa477ed8c85349008e072d080bedadc5eddfe626504f98033aa830d81459e05
stead_event_01289,82d5aa62deff1e130ce91794390a2542f6b82f6145c23a59271380b061d5440a,626a13558c72d64614adee1bb088ab8164dec646ba0e1ba2869a92ae053a6e43
stead_event_01290,664ca61b7dbddaa3886444a59264b07cbd4956e3b9184568764d237a878667a8,6af2f64a10fb254b068b4adb6553ecbd3b531c3bd30060e4a908d9ca0d234551
stead_event_01291,ca4f2a9686ae7e25156384c574996703145d89fd3ef33b756db734d3c5906756,f47cf2c18442029a9fbbb8dee269c877dac36f449a2e5bc51cd8647ae87fc0ea
stead_event_01292,1c24cf28d33cb295a1ebce588f0cf21c7760e007a6a3f177158a731e846f64f2,46fde69bcadc321ff0a39640a2dfebe4db5f90c5ee45aa4ae6eb10b53e5fe6ed
stead_event_01293,33e0452e92fdc6d2aa474d8256f7fbdbe2cf3ab73278ca720044bfb4461e76a4,8cfe07e76ef26cadd489461afa858cae38c4cac97fd6493fbcfbaff39363acfe
stead_event_01294,458f2671db6b5a867697bd3d2af78c9cd90f0f0a7e5c5cf0a7bf57c2420ce4fc,20900d714788b828e2ca6b5ad29e50b93a363b526928bae8de80c535d8628c91
stead_event_01295,263bde520e5d8c10cf40dd9abce9b704fde5c9cb93cbeeee6f86b46767e70a41,638787290078b0bbce504f9836245ac5bd2b52d2966923aa74cba52b8bfbf50d
stead_event_01296,ad0535dedee1024079993c923f87814b9e8bf81aee08e85579169195d6caed89,c08d6d034afeba4eee28080cfcf8cff4ab207a2c40aafb0889e509332a56c78c
stead_event_01297,79c94e10e798715b2fc968394f771867ff76a8ba3892c48a6816d51501e10c77,67a542285babec9377f4ca0b02cca1e8fd752bb82eb9c892c5d56640e0cf50ab
stead_event_01298,9c0742aea16f3702468d22035659b73d10afbdd71904c45a2660196a00bb3adc,438ba74535031ac84f1decbc931ee81b3bbcb3a45ffadc5ce4b02b2f40909015
stead_event_01299,89a8d9b5d864570a07007e22b64b69d5469702919e945e91f38e70ce10e3a2b1,c0468ad66b82ec317a2f6f527b09bb7b286857a8e1014c423b9b6fff3a872376
stead_event_01300,aabf07638cef1f88a4fde24bbb6241d7b86684d838ea63b16f70d9f998409477,2532c7497b39b135172a51750e64baf9be3e5ea88a59874ee7f51c9a7cb894fc
stead_event_01301,be6d0bea91ac19e9d067a99dc6d80af5bb401356ece7a5a0100c763ec4158493,4be167594b3def486279c6b0717394ff2933ab5967513b1de77b3ad42a89f82b
stead_event_01302,b623054de902d72d4aaf367686f89e2948f64aacdc91377bd5ce5953d318e070,e3a2c20fa79d989f971efdfb06cc19a84878fb44a82168cdb9999198ff9d0f62
stead_event_01303,451915ea5ca99011801886f5d101685cb10598371cc5c399d5f8eea7939f524b,fdf265240134d24bfef4d0e80c476e1caf8ed9c6fad9149f35df123c52b6ee3c
stead_event_01304,f153ee5b97ad52a092e63e3164a2a4b08274aacb92a9e00651a62fb5e0be8ceb,c69468b4005cb96ffce50b2e799875b0068533867f7b7311ef4afce9503409a4
stead_event_01305,b7c60e3b1777019d306c9c6aa6b722773ab59b8470eb28dd9498f18693d65c4d,9734b0f9dd0759a74c3fe6c6ac86a645668c70f32c01a6b67a2cddf868460ea9
stead_event_01306,43755eb41a3db356db6e2f6449199a59236540f5b87ea5e91938be8e14c0ca60,ea0d427f87cd11771a7258ca6918460f6115d031db5d89fa990af6ed8f75b2dd
stead_event_01307,2b7ce7e6adb1c0d29cb7a43d370d9c965a0a5a66b8f9088bc8be177f623fb4bf,22747df644b8f61ac9c7d453be0f36a5b949fc7b7c877914a39b87c8d6e4494b
stead_event_01308,b75d3f837024050320223dcf2335d8e53d0d588a1efd09cd4df7b419784b5992,cd841d5b29829ae04c361161612ccbddd0434b97413e9ee8d594d4924a43bb0a
stead_event_01309,1ffc951de08979084f8222faa547d6bdf2020a46ec834a2817fb6913c27bd909,1a8139e49d825a5af8413bb9f0b9cbd5db175504320a4e7ae7a0ac13a22c5cb3
stead_event_01310,2062e1c852fff87480df64a7e5a8d54a6127c0ca6e756e65304196bd34521398,1838481a38203d638a57c385a39cc5f72a4d7de6648d684f4aecd72618c92381
stead_event_01311,533132b02eda4e4508174096b0dc1ec9479a33d1a91c78cb839e7aebf17a9c67,9203b2e8a0d4f191936e5d59abe2a4a81cef395695dff570d85edf49e2670efa
stead_event_01312,9c8f6f0b2e84c8bc611c088c546ea4cbc649a37fc5a37821ada95293baf23ef2,ff6293dff04d7b688447dcd46336edaaf25e893b813cff8cb187480848db2f1d
stead_event_01313,075becf7c94642b76677a230cb9ef88c08753cf42def9c7caafc65b5222bd628,bfdb0fe57ee0e1b8c8b6c7803d301fa17bcdf345873dd0938b37a5a8c9995e81
stead_event_01314,7183ac705f3dcb747e0a1969644f7c5f23baa47bcf466d133700a656e9c52deb,7d1e60218817e03a04f84f3601c5db147f28306000f31294b001d5c6eff04588
stead_event_01315,6174db3e6af67f772e08aaeeacc4edaac82fcb49f6b5995b60460cdc6266f08a,94093b97e3190f9ea2c569270c400970e722a5d1b266b02e3af38865428ed959
stead_event_01316,ec756ded69436476f569c2821594d2eddc1b4bb4b358696d0349aa01e10095f2,a6aaaae5e36730bf16255d87054cdc7f3eebeb02b8a929ccdccf266ee5110895
stead_event_01317,582b1cb3623db39b778c7f3116ea4befe4ace0a719cb9f9c50fa541fc197f78f,8690591a2c5e4a047fde9fc117abdf23d0e4b791715c09c665814c0b55dec04a
stead_event_01318,71215ddf1c116208e79ac61e0861f8af7fa767a49c32a272860e9930b0db481e,83c2c1b88cf561cba61b94aa4938890abeb8e3cdecf931f2f7f8453354749605
stead_event_01319,b0c94349a8215aadcbe6a2836df923b88559e0973e2373943d6617d2d97dc87a,afe992c1a1dc02402219724ada34df72e302a76e39e07ee3e155722352a26b4f
stead_event_01320,1c21f3bcfea657487a4b9800d0630376f1f926c25253f8609c5d0a029b04ccdb,8c78c22134183ae92a215b4ee4be046e7eb04909b9056094b2af26f2381381ca
stead_event_01321,807bd64d076fb4ddc4882a58824254bbaf4f62be483830e22ed3e78306fef614,0a2b042d25791b11eb3322d6989f4490623186eef9a3a9b85f06e9fe8c7fcfa8
stead_event_01322,601ea6e428c72c53d38b7504d0e17a3d279047433f9a50bb00f78a5325025e95,f487af45c63c4cdaa8d15ab2d5d8b29499067981afc2d72f71b5ab24327ee61f
stead_event_01323,055e38fb0fcb931db95684ac1bb82fd061be9c1e4b82f96d7cab1f30bca83b69,a372f53dd41ca5fcc2ba2bc7611185ed2d4867563ef752c07b621ee2e5079c11
stead_event_01324,0e86d22d8d08dc05435f485168adb03ada7403864d9fd8a068951f7b1065b9e6,9c43b067916b2ae6eb63f610b0eb523cc0f3a093e0c6ce2be9111a153a1f87c1
stead_event_01325,51a8056a7a8f80c57774343cb12b5ea9c68fe578f9752d9fd9ed7b24b9eb4ea5,4fbbbce14700942e641c5c9cba28da78b9341b5cc876f7be9dfb7046d4124cb0
stead_event_01326,c8f8cd48b33421b277b902e1037623f5f8bc4936708eb110aca0abff5cdf6668,d539a35be3cb9c65e526cd110d609c89082afe3b87a086cf8ac2447727dc2c8d
stead_event_01327,49a9b72822d938bc5bdaae7ca3b61dbab22d246cdb7a6cf0b4710b0ca2aedb5b,de390098e6dab6f3014d93e30dc68d392e93ec0ef91edb54247142512b8eb9fa
stead_event_01328,d7b94283a7b9e8aacae521b9f23ce06581ba00cc46cebb4e155b45cebc43969a,8a20b63540cb6553ab5d2d7aa12646be91a16d08d3beb500f62194dcb0661a1f
stead_event_01329,ef3a7bf7ed87c5e76bec0923ec8bf7485052177026977dabf5245ef6542ab018,091ac70756607da9be6d87abc193648186d8c720f9e64bed5df216349e799bf2
stead_event_01330,4c11e2a959e9b1279579f06435dcc3da5a2472d12730d547472d5afe7cce599b,f1827c955043b6f3a1dd59a353492b42fbd88e79491b579a337d66163ecc61f6
stead_event_01331,fe9a4efca848559c7f480436c5a590de1929e6983b83be712ed9102a158a371e,39059acfc6c779553cb6c36879023540c7dc6779b27bd00130f5ff89dcfdc929
stead_event_01332,20d40dd4d8e83a59e7257523ec9069784b81dea8910cec4ec72f9b4b891aeb73,c38c508ef6e1496cccbf086ca664a6f157829f41ee2f0449cb1b7e60019a1d6d
stead_event_01333,157e0ea62cacc4ac31e68b2aec41de865b21c1df2fea2328f2db89e8b712e3b0,70b79090b5c994bb75ea12aabf25f158388bf073a3568b15a3eaa526562ef142
stead_event_01334,1a61a5939d41b2924e99d75e0b20a48288ad99c7f07cab64aab78d85025d6526,52f08fd8341188a16d3cce570a93f3d75f5d2c8ca6814018c3b6b2a54ab3fa6f
stead_event_01335,ea5704d2a14d4b747170ed154371dca4232522d323f4119f8132504e098c9e9d,42084cd295a9dc4e6122be761236bcdaff6af9e5501edf498a6f0eefb5316918
stead_event_01336,ee1eff0971fe11a15bee5feafd83784e712691784088ffa051845ff33961442f,c30784890cecdc1fc9c2fb08ac0db67b3760e5fb2dbad2824f39532152e39751
stead_event_01337,bb442b0a89d01f1bc235a97df5eb8db38fd527875964d0d81585abbd1c3a802e,1a883ff4ca20b6f0d7e3ea818fa8b591803482fbb494093c23013f989ccc4752
stead_event_01338,d75a0d7a1c3a63a705ffab7996b4640e1cd0cbe82b8c1ee92febce14da529337,c73cb8107344054c6ea47e8c735e584b4abf7121d2f8d433a60f9bb2ad6981ee
stead_event_01339,1c189de2562c4b9431992f325d59df40c528ed7aefb515fb0e0c155896215ee6,2ff23b5bb58be52324cfa356f01d91f66a64e1e476e3cc5d5f1d40eaf8b0b901
stead_event_01340,336a66594dfcaa37acc918010f362ebf6815698ec5b29b04141dd9c9c0f5b189,b41b6f3f75880ae317ae3640aa49c678c6f6290843939feff4205ddbd2f954d9
stead_event_01341,273733ed7474b9be8101163ad9346fb7c3ac1f3fa28c03ef279c0c6c35ee4f90,03ca28bb83a13eb2c74971071a30a5023a1c2e16cba5308c703d3ba3156d65fa
stead_event_01342,0cc64ed745354372526a0353e9393a1258a1f5c7cf91d3eb5d5fd2c6e49e3dba,76a3d732cd696bcad84270fea97cda175aeb44d9ac8906300ca9bcd524e189eb
stead_event_01343,2fa2e17ba935d03ededb0874301d0425673a1daa28b3c419ba52254d4c1a0800,18f0dd15457ea19c5380a2cb9187e626fa19853b9d4564d9a9cda6601222fb0f
stead_event_01344,6c87fbbbf7b863d15785c21f3ac91fe8c66c79ea64c5b164e95dd2c543e6f9d5,26170b3cfe5f94ed67a777a6c310325c0b429c66e485bebb61eadf0304307d2d
stead_event_01345,86c859e5abfd5bbbe3ec1c5229ff6606c0c5379c875adebb59429cf654e650c2,85f2ff586bc341e065355e53bde7c8b2598376991f4bc0cb569ebc2dd64e97c8
stead_event_01346,3db1fded0de2c8d34b9c87e31e86b365b859163c2c5283a0f6b6d8fee510e103,8eed60c638373a8db19436ea0dce2d6e82c240e84804b1ce2700db7ad8de351f
stead_event_01347,779eb8943878ccba580fc2de7409020df8e72a1955c3fae82b89b56ff880f10d,8d6918e44b0886eb0301e0dc1e7f28c11c90da31907760d1d20286c104dbb58a
stead_event_01348,9ed66439d11fe987c69f897aefa8443a031ce0e784c9b43003b017155b7e6703,ef4b0208d22de80d51eab611cce27c764732bef4514093a12cc0fbad4ddd37c1
stead_event_01349,40c20b6336d8619f64cf32776fe9d60961e87045a6c590311bd01316c79cc5da,b79025cdd16d8b82d4202603924dea6f44e24117bbbed70863cf309403d68670
stead_event_01350,c678929b9d4bc5a79c092896c0c756f82c6f34fae00293f4995ee65213c89360,1f1c714a898f94027072a41a41d6e7a5d5958705faa1c446d8b16bb06ac3ae40
stead_event_01351,bcbbe1886c335c450aa1b3d108465fcb2e29e11f1dcea30b70cb288156a4ac08,c9a0dee42444b032279585c0dd304c0af319181047798abc3a2b56fc048538cc
stead_event_01352,e78a17912ef354555ccb28579c491470245fb62e8dc38b0da2f5d7f98677c0b3,d3a46d804f5fa803dc6daa787836a7b1bfce4829a9690001b8ff902e3dffabbd
stead_event_01353,e90acacf221acd96d5d89990253978b3ff6f21e6e0cf92165c2ad83b0e4c6936,4fa38d6ab9647507907c9afaeb00a2a30e3163f092f4e67c0c11275d090a4517
stead_event_01354,7c9136c6b08b82b394093b2059289ddf04175f55fa1197bf578d99682017d937,b8b603a5c01741af0121820394fec882e30eb4d86bf0f0e95a566ff44347eaa4
stead_event_01355,719fa452cadc99583043a2282dd6165c3a42bbb2b26d90c71bbe95515020c98d,b7faa26335d27c698445a6aeae6cf6e2f5cef55a7bfc4ff0a5e87416d635de10
stead_event_01356,e7cacedeaa87f564e5685b4d88d4473d6b963f94ad9083fc0e7eb11a6d76b314,1c626cdd092a8f3d3abf4e25489875ec7642e0a181e3fc91ec189437fc1b2d09
stead_event_01357,dfd30a172cd64d822ea7ad67df973b882a7932aa4cb298389cd8ab2c296ca848,73313554beb8076c687660744a8a5577b8a05b768d96fb6887a33f65d5aa7fa3
stead_event_01358,196b45cf0e54e4273830119ded4adfe75396fcb8a9f588bb6d453e869519bc78,619d7c2f6f48490f0c5e7f8ffd80cd428a5f7bc3bf218ff35c4a3f35dd12d4ef
stead_event_01359,661a5233cb93ef605b1a790454a2dfe20ad12a9fdd1d2a29f1aa15f1beba5a0f,eda630979c0cd4c765a923be4c1693b18d2a9bbd32b2d22a8fde635023f1e7e8
stead_event_01360,1a83a03a004de202a3cf43da31da8cbe90227b42fb461ce9cbd7a6eaf64d16e9,dadaece6c35fec8f1985d96de5ca4f69a17c992ad9ec1e2630d78b669c5445a3
stead_event_01361,c0d2353ff0066f5f0939e0c1f0fbb78b98871cbdd294726bf49383fb3ea5d90c,805b2f9bdc43f34fc8bbcc81293037f36080b1e67a3f41292ba0356c3b4d9422
stead_event_01362,3dcfb3ad5f3a47cc818ca6bd8807040e8a5e19230a7c40b2cbfe267ca12295a1,9be12b83389361dddcbc7b3a9bb1d38183eea1c5893083113a8f3b1463594ee5
stead_event_01363,a3926ecca84bbca078432629ec1c2e848bb2c80faa048707097859e1e113cb68,913b31e601adba790934eb5871105affbff5e46e8db08b8987cd02f8b616c87b
stead_event_01364,13e1d4dd373b59957ebbbf184e355bdc9ec45385081db1835efde2ea409412a2,86a5b3190a0c87eb3347dcd1df1f915d56873ca83b8f43cb0443a5e7a8742ca2
stead_event_01365,8fc9ccf1184811938e23b7f7174e4f5d2f0bead6f5526e39b14e29c74f9112d8,6bb7648bd81999080966586607df75ba0c96bcf75bbdad2571c15d7c81d2f35d
stead_event_01366,e85138ce8cc42205b47da17981783f8dd551d86e6416e436790ca72a0b828c11,d714fb3bbb0cc18bc0e73583b46245ff5ee536acf7c578550876813497894234
stead_event_01367,632ec2ed8df7f08db98d15c2ef76b2097dd9486cc898e437a4f9a117873b210c,8cb319ece637af54295310fb017dcf89a04e07952bf08d758d0e33f49de2fe92
stead_event_01368,dfdb4e52b3d6135f6091d7eca5a6adda2eb3cf85acdd327f0b63e77297935524,8559d8a19723ad5c2f47a96cf11cf8b8789f8593b6f3269005aaa6e7d78039d6
stead_event_01369,dae5089ab9820f57c0405326a4917c7af9605ebe1fd51b45ed75e33e49f5ebf5,c5bd528b243f1a9b1e7a7404b3b2f5fb4cc71200c57cb0f0b853fcdb34576dd9
stead_event_01370,94e4a4139f21a99dd23fb73701805efb2937d8bd99925832db44dec12ce3e56b,933a9c8aae1f400846123b449ddc32c35d7f2770e20aa36fa0763128a9aff10f
stead_event_01371,9dc9e937f4f4d516a56e907c41bba08e753f5fb64a3b966d81620322972e1803,17c6d61d952056692a38a8f35da63170e467b6707f22e9138f7809a6b48e47a4
stead_event_01372,24eda24e484c1de3cd0c9385086bf3d2bee8fe16133045e923dda54f8389351c,19dbf6e8aa2ea1824735f2da2fc5a5b1eccd988a78f7084cf4bd72b08612d9c8
stead_event_01373,25cf67f80bbca493b197fe994a9f271e0c209dcf63676974cbf04b2b56ba76d0,dcb5a9126023cbc8dcd5338928b62b252a947554d03067682ee4923c3f82b97d
stead_event_01374,f4bd0b7596cd01b53c3d49ae13aa97a69ccf3d43fd3d2bb16ebf7e80f44e1033,c80b85186dd6a88aa50c487907c5b3ccf6672e2559acf95aff01adbcd815046a
stead_event_01375,e41ddd69d2bec71f466abf01ea4ee8b0021b1cce13c5ea9ed3daf2b3f260efb8,7894714f3ed8c0a218bb13fe7e168c0a1fc56f7a4a1db07b8c5787c6c25a688f
stead_event_01376,c46d00eac5a1e32033ac4e4c937ce011c295f1fef5590b7f57e0ca07b7d2cfe0,fb0cb6e890facfb25764359c049e47ac1e3ace97d11e89a9f28f5b8d5c2a29de
stead_event_01377,6bc89c41d6bc78e527e1869463514edee38adbacd1f11e03db10453ec4e00c57,f09a7d4e62e3c68feac39c41a690e2188c40862c7367141746e65b0bed0aef4f
stead_event_01378,e407207d70d5fdacd678738d3b8b6305a222c50416509fae01e73239cf3b8fd4,d97ed049a322cf6ab5f26a6910cf5a33fb76854e19136c2f2082eaf2ede80f6f
stead_event_01379,745af0e7f5773ceacac78b64254850c235bd9307285dabf6f358f55f984d3441,a922abd28412212901d79f202443de469fea1ca66938ab18116ba7a31d3a0d48
stead_event_01380,56da5e91a728a864d53927dbc0dc85ac7d4f148d8336a3ead26ab0540fe59160,35ed5080d5975cfbb7e58e1c2acd21df13ffdd243576a82a872ab187bd65e938
stead_event_01381,4b073ad965dbcd28edd8f6ec6459eda85089ed694806aa4ab7c6c234eae2abc1,c7503b3b69757a7df3b698854ed58a9bd213070c8e465b674993d6cff8dbdeee
stead_event_01382,4eda45ea7e291af0a984ad348ac0796bbb6fec7ddc95bd6e5b5fd5b29836721f,9732094da5ff9084c8a235cc4b74645138bd0fe83ab9d8bb994e7286b955352c
stead_event_01383,c6c7decef061da0b966bb17d97ed219c15c27a906f87d31eff8dc8b01896afe9,f181b63cf04b5f5d834f8e0ef70c928762d5d5488b4bbc80affa9d4f42beedda
stead_event_01384,21a8892138c7e02c03248d087d449a8c58a0d593f2f526ab43c89584e4702e79,1e4082a47c32f7eb8e502dd3671219f6e9b40f3ecb706bfbe902ff47f24430da
stead_event_01385,f9502f53196318aeb3cc49d4b259a82c145bf8b061f26e095cf51744e8e706b4,2437ed00210bd810dd89242bba329e394be2cd82c8c43ac26b934119a0b19d0d
stead_event_01386,cd8ce989f37454943fba4c2306f900b3e81d9da1a149199b2605354443fdd8b4,58a0bf5b326be72f14c545bbe9e6aa5ae32822f23cc5840e8775b39e33749964
stead_event_01387,009d39a5617b3d208cdc44ab807db8945f2460652e4e443acf715d3b9745b176,cc77ba2bf612710f273ff1bdb5a31f68168cab6ed787995d1dd50b8d60ef4cba
stead_event_01388,1b05175bbb5cf803ea4a99186c1214f0c9a55b865049cf12c24e27c394b5c189,4d34dc0f1a776545684e1d32e7a539fda0f66533376303c93b784dfb3a52cc31
stead_event_01389,e909968afc204f98bd3aa06a8c432e5ae098364bf1fe8d33df64fa189e6fa87b,e50f87114d0b5bfb1a91fceb6fd45478ffbd81cbae30f3c9c1290f4cf667643a
stead_event_01390,f1cf13403b465ac431cf6fe86c10d5a168dbc4f95589eb5aa705b724a236fe8c,459680ca2d96d2651d1af68c8f70896a29b6bc45ae53d6b74006df48a3e8027c
stead_event_01391,1c18276032208bfa93bb4eef28d9f4d9581f6aa40e0dd0224db643c3ca2be5d6,4740e8b66e870df3da6fc8656a22fae9680f3619703d74f5c44ec4db1b844e19
stead_event_01392,58e78a57e62cc778b3f6c4d4ce2c6f5f084c00c5d9ba88ab2c49d36d7b31f333,fa4862bbaab1def6dbe36a831ee284d5e949006b5be6c4b5e0537d6c2b0897a2
stead_event_01393,82c205185f52e9850075fd37380204db5c39332b9eff2252dd6738420ca19cf5,d00550b0a4955cadf105cd7596661c29e9856cd2d6e5e1213ad5603ad30556a8
stead_event_01394,a71349d723f905efb315d8b8cacfed5bf80834dc24b3b408fcdf76d54c799f8c,baedd7468dc26c02d6e4b49ac73ad97c8d380e4f4f3fc590e8d2a126e858ee88
stead_event_01395,8ddb9c56fbf1eae6823761964b6976c5f83c32820d80d1416edd5eb8fa44c33d,ea962fe084793bdbafe054252672e96fb981eee43b3c50d82aea5aa9bd0adee1
stead_event_01396,19a94570f57870d680fcb10c0ca40ee4f9529a5e297206a5c6d1176936e1342e,4735a13ee8e880c627877181fa0f301d143dd990475c7ce85611e63f2d1a6a25
stead_event_01397,3d8806eed239e7e0600f6f0c90ae813ffbfa4a831553ca600f9497d849528b09,7aaae81b90b1d698c49de72b1640a11f3563ccb9abd0a0e1a43ecc5a83b4860b
stead_event_01398,359779ade6e48cda4c8b0fd28dc73d7444d82849ec52c2d6ea4f55440f619716,e3f2b0fea864ba6b53b2888b49f24de906c879c3cb1dfa046f2849d55eb8278b
stead_event_01399,6417a46542f756d78d0b20dfc494cfe99fc54ce53e3302adee481c75ec266ba6,804876ccc5eaf1d3304b0082d9801e57779361ed3983fab6a49d4301189e52c6
stead_event_01400,7e4a4222dec04a19937e57dba641421882f08b77b49a5fd49b22dd0e794effc6,8f03cc909528be6997e0a2c85c51018e4f8277f6cc29814ed8239d6892417acf
stead_event_01401,431d9d3631ecaf7433ead55078b41cdf53c30defcf8492c2f540394b19315ee4,b4afb69852c01037cb2f91ca5374aac406f17de1c1db2b38f2e47ccbfc7eea85
stead_event_01402,007fe7568fdabbbf8bda14c8955fdef8f23a215366f47906e8f9c49d31a1bbf3,ed967aacf5df337410b48c33d7d4b96eb7c8e752e910ec91ba87b08731b2072e
stead_event_01403,3a01212a57c0a6e019a6e90aada48ed61144345e04e5429efd2e487df2911f55,651161c33cffdc30f996a0d8e93a283e1440033e9dad4f288ad8b5a959bf9f6b
stead_event_01404,dc935f3be536fc8fc4a8ba9311c2e4bd454326d898fa9ae557fd04e391ac0348,265f00d0203a7405a14272a384be2614faba71c2a9c56122a64f0feccc3ffd36
stead_event_01405,f9ad268e520b2de85de74d6549e56f00882a0f21532c7a1572223229c432d3be,d9ff4cc79930f01ffd9953c7013de7c5ca2c46589d69475a66b46bdb0dac02cf
stead_event_01406,4db679dff720a8f5a62e376646d5cb4c8aead48ef1fe5b42da1ef0d8d5c5d2f4,e9e36b2251bde3acbf5b287eaddae93f11504d45b1917479d039704af6f64263
stead_event_01407,6502f638f7024a0a9576432b2ad4d1951b23b612d6200bd79e69a2d1b188f138,5b642ee08c5efd906de92ebcb1b7dd53be95c1425490bb5eb3d98042aa9686ba
stead_event_01408,006ad0787af4480194cc7c2d71a633bb9d8883786f1cf3a5b548a6e0d9571015,bc911928f876de6052e592f312a99faf27e4788234ef74c435e723c91f03a89e
stead_event_01409,81001cd50f05135cd5b30dc98e8ba0e86a07bd682f63cc964f3d91b6902c4dce,5bd570f59f62bf1b697aa701a15d9350e3c0f9c6bed32b4e6ad0d08c52d91ce8
stead_event_01410,0a7339f74ea688e0a955e6aa92b1cb76c05b3a9889058044d24cf2a47deb9117,6899087bc44d9c117208a2ef1a9fabe611994039c9d39003ff9ef12fa15995e6
stead_event_01411,da3193a09b3a8a7afedd794e68d07613334b9883dfeb0c930d46d1e590d39db1,e023c374b8ea8657dd6f3add9453b41d363bb37e8f3a03ad8f3c960ae921fc77
stead_event_01412,9539a775b65c7f453ea9e131be989e710ce7f757f934bf2ba1770b2f02085dbc,aacbff50a216afbefe1a34ddbd361646dd3a01e3e6a01e8e8877f885e9c3b759
stead_event_01413,4b2141fabafa3b2751eda355ea12cc2261495dd914a762de626f673fe35ba490,ac88ec8046a8f8f59ea10260fd560aa51aaeb144f67b04f8d7f885ff610ac1b2
stead_event_01414,31c0a24d76d158127c6b6d53fcffcf2e9fffda76fe8f10ae3d885ed6296674ce,bfab92c04ed681aa66961d81186b583af898422e9de803b061a9dd4350831c5f
stead_event_01415,e668791e19cb320d1555d07ace76d45f609e239c67dcc7ef9da0e8a930cbb85a,824a4c6fdb49278195060b5afc8c221ed64e4544c9d6727ed5e56a1cf389ad6f
stead_event_01416,85d03f45be96885f3ea929e43b11edb3243f34a4d885e29e9e281b9f311e3115,085cf3b04b0e53b5ec4a26fe685319269680d36f24298e9b69eb28d7c9a8ca99
stead_event_01417,8061e3fdcff4ae1d36953b90c45753046a1158e4c246f321919d55081fd10039,8720045ffb1c033b0818f7fec654af761da25eb619a27b1b0eaa45aab45c8306
stead_event_01418,90e6ec0910705ceec39d84ece13b126933e541587a675a24a57feaf3290e03e7,d7234f110f0a85bae5506ba704935b09cfd08d95af5e4a660995d594cd0f6b75
stead_event_01419,8a339c47bf2b6471d1d9fb9685651271c1e9613e4e80917dd6c028fd73c58d22,7e68e66fecec32252f0eb1c10af7f04b995081d1a6fb9fc87a49448ceab2a49f
stead_event_01420,21814912c095ffb9245480e043000a6434ef5fcf57f70ad9f2c29b4e92f5b6c4,3d4acffaf5073e241bd1f40ab04997e927dbc661353f928351456a60e566fd6b
stead_event_01421,60d506d1245eb7394030173c6c489aabff24df7c01aae582ab35d041d11ed6dd,ca338f1d1b77ca8c53616db3efd3504e792009198f93643c667fb44a320472d5
stead_event_01422,30c89615b68d29f00c2cab4cf2704f2fb98ee080e3630a21834a587816205078,02c4023e5438e8cea71303d89ed0e2bb625a5e1924aba2b7ec53ed5e677fc208
stead_event_01423,67bb3d6ba69f3afabcfc6ec40c1b0b17463a353654a5fdee4f6a7e8cb0cea692,506e5fe314236278f15c47a5101eaeb77def7fdd396af5d739e63fd89610a2fe
stead_event_01424,23c05b9c3b548dcc4a313ecd55cf69426901384efa513fce96955af7a7927f58,f8162ca2670e5635f436c3b3b00d593bcbe35968c755aebdfb45a7be89328a75
stead_event_01425,96060525f9154edec26c8d77b1487c402539c10deafc63b2ffeeb3b22708d0c7,b53f673a3b5612b09e1438f1b2dfdf07c404d745bf3fee6a1817ddfe545c1440
stead_event_01426,dfca8fd447b96778054e385bb18177d0a67074c049b45a76c16a991fafc9452e,c15ab583270fe859f7bb0875dfb683b7d48758e48fecfd3a5f26491c546eaa43
stead_event_01427,b13a29f107e527bc7a8b0a18438eda2afbe3a87cbf7bd83ed6a580d8ef814f03,b148e09d69fc3542ac6768c5218c5673170b27aa639bc3c1c6570378ea42b056
stead_event_01428,5d8d7d7a983d27866850ea42f30163383abc1411755b6f3591c99b2b4ad44dbb,dcc256a685c0c5c8cdc75a18f442906e5f7bee7f64065593831bdc4f63154606
stead_event_01429,3e356d0ce5494958f2219ea3bdd62b7ec2668158e5fa76a96be7dd91162e65b6,240583402fcfb1e73fd3d634f82bb380bba4eeca9a4f90500462dc9ac78728cd
stead_event_01430,030600d85120ecf5c51bfa141e7c2631de9bf87e84c978ef824e585432a448c3,e1f04e999f4c61dcbf70c64c1612c65f210bf5d53919273f85bacdd3b5f65296
stead_event_01431,99de06219614917237ac1ffc9c9a6fb3f29ca37a0e993c900fca87bcb1e2ac1c,c4daad2854668ab86e14e5b5278a62c0e69a511d1aaac98bdd4cf952a3677eda
stead_event_01432,035390896a2f15040bcf3647b0fd471ca82bfab4dbcf1c1876c400f8f2a9b686,976ea6f0e9a0b0471f4c422100201cd5b7b0d49d61a5770647ab678221c48fe4
stead_event_01433,5850f5a14d00314ee6a51a6b0ce06cb29b09fd5e9aa1ff33282232968531f76d,cf19618f5a7874ee87aa6d22e09d11ae65ac1fc316fe7b694716c07bee07960c
stead_event_01434,9b5485a2ab4e90a76b65d35b24ed5619ef4a0a6134a082f09fe8e13ce299a602,f5d50aa48517b07d27fdd9b10941278dd98312bb6ba34949a41cde95e79afea4
stead_event_01435,05a69827f8b24cf66ded8cb509a7358bba51f506f02f1f562754c89bf18ade9d,a5b226c81bd019c858457e3d8c58c3217c1e7dc691741374c8726c28d39601d7
stead_event_01436,99c00f8596b1642087c0b1b3fac2d837b477a646af059682351af32893187221,59c7aa6c8e16e05ba25cb6a0a7bd348b3d69ab7b6e85b009edf41156e4f0a4e1
stead_event_01437,ae6b4ecc9479fc1379ef1b12732d1d283d715dbaac687b795fa9607f92c49167,e25d4439bcddf5d82dd2264d93aa0c15d519b5f2f9435370369f100f37ac688f
stead_event_01438,45182b1cdecfffeedb84f726e43fe6c88e4cbb23d3ecd937fead174885129427,5271960741943dd400fe07968f9e44678146e1b4e176a47fabb61bdc28bad88d
stead_event_01439,c2b9cda2d3312017f9e8d463b603f63193f91e77ffccac8b6d3f698b825549dc,568dcdb9cd83ae759556f42a8ca743dd6d8f3bef512baf2ac9393f8786ce4c4e
stead_event_01440,5f668e8c1b286a2a7a787b36ee76175982a07a1d5e677422eb996b2a1d4c37a0,0d4fffe91cdb3d478332d3476217fc51a415e3199b0d9b6a08c1eab45b050d17
stead_event_01441,7695b3fb46db6300c86b57ba82d96128f754f657e3adb9f2d01b5a7bf867d47c,ab572231635627530866f324cfa9bb084357e5e232c4af028df5519c2f127918
stead_event_01442,1c8724e9c072ccebc9bad520d2f9c191ccfb968742e73ec299c58f6756ab89d1,48178b77a1d40adc014a865b0074e0f4b5979c61c1cd72b9b1f8ac92d137d467
stead_event_01443,c6c82edb95463212d0c72574a2913bebc6c564a370e23d842b7e7624f5bfb1d5,ef7d0b9f2f4e333bdb3719ee52285473d2f6c328193aa90cf12af9af9853bf46
stead_event_01444,a75bdfff22b9aefa21941ec5d10eb096f0e9f6c90edf598e05e6344bb5bb104c,f8acc9b93134101c07cbfa31c9ae8fcbe3abee70a43f77fa28c8815ddd433bff
stead_event_01445,4f33ea2a7cf0cfbe84c0423a371ebc48a0deb179393955262891fb048d29a085,0003393d0f0f0087af9fa9d0e9888a89e237594ea561f082fd104b3202d8be93
stead_event_01446,c8159b9be1e571ba1a3a01d01363a059a5eda929c41dd807fa43326c3bf868a9,a53e214899aafeb56c773943053a36bdedfa09553c2e7d882c74c111bdcb2071
stead_event_01447,e9c69017e33c8694b065d1f8581fa3df7d88ff49580248e4eb531ba30864b794,4885403765308a407c940125ceed970c09d1b251ede8339e2dee47277f0b0d0d
stead_event_01448,009190912f64c39837fa625cfbba7065cff20cf2d5c70cda405b08eb4c93e0e5,39e040fd73cbd55fc828a43e8ccb6ed62c3d7a7ce2c2a635cdc341c26311b4f4
stead_event_01449,975b15934675d3917eb8f0d9f9bceffd5117779dde0150782062942d3bdfaac7,64ae1b62408953ab809955dda5866881bd51264788dd10728b01975042c80255
stead_event_01450,c236afff4dd3911ff0f63b8a43e326ba3646251c243ec907e56d947e61cbeb4c,8c2dfad6ad18dd341357fdd6f19d4e809bbcea353bfd1474fd0832647d028759
stead_event_01451,c8c02d24bcacac80ac3128e5b0f528847b983fa6e57c3cc7ce957afb27d25844,243cde098062b25ba81d7947e8b077f133cac4face1792b63b7b3651301a9c03
stead_event_01452,a7e33f282a5e0e53db9565e93e58c65b3df0c10edbec51e2a00bb662b118dd3d,91e9f8a2719a98e578a86dc11c846a27ed282c370e658bb420fa2767a934cfac
stead_event_01453,b80d25cbb7c1fddf45acd7183acf007532ea6eb5d00c9f00b4b23964f8fb356b,d4ff123f905bf9a117237db28c640bedf41da23e1d9c19ea150b9080082cc500
stead_event_01454,eee64be3ca7243f9a977207d1a7e3b50f64fa913809de3c836552c487207b81a,6d8b01bc38f8cdbdca0bb1f6dedd0311e0559735a8e89bddae1e385a1873eb2d
stead_event_01455,73abb12c764767cf6120ac1ebd1ed36e29684b76cfabc1df047b121f174097a8,29916ad6c0f71e0d9ce0e103e6df6a202e2d1b45c43a9cfe446d88a05fd4e959
stead_event_01456,a5a5ab5f03b875b4f6dbef8f9d469a2f78def893d0c25eb8f81f587198428be1,6c72c1a1077730073e493f30a87a45e7594368914fbb2f14b9a57588fc24a7fc
stead_event_01457,4aeb85a03d2b93809add4f1d0999ba6e2bf03b6e5e646580334f8f9df92ed800,ea62ed687d30a2b2cdb8d93265fc78ddf0d47d74ca1c56735cecaac8fa20de03
stead_event_01458,4e4918610a0b1f81d81868c32530f8e6f6aa544cfefbef6a2b545430193f4aa0,231cfd2b19756daa1fcac88af37754268e9570b7c0d8025f6dc9a50a581eb728
stead_event_01459,96d702a930db4eb4857fa82e40ad3d84fd107844c354b245ff41c91348fe30ab,e6d4b66e20674658646acfc8ccfeeea66b866e7c91f03d2adbf68f489a527261
stead_event_01460,2b39ab4cdd1573001901beee6ed775f8250c559e8a5b13f08c9c1eba9e421b3d,fefd39f252fcf18dc03945a91df8b213d1c2c36e57675d5185b769658cb563f5
stead_event_01461,8bb3c4187e1366cda38baab467b17c515363516afeefcf59031b3ac163348de9,0be377cbd066c719f1899e22cdec9ec327b84bd0ab254c1f5601be9e5facc683
stead_event_01462,22d5210ce6ae0d6f871005e687f94567244d0250b12b3a7c8a44ba24e8a0dc7e,792e91d4b3cc680480ba41034d99aa6a1ce62be4c4386e496918573a8e9c4f58
stead_event_01463,9e5e4103f2758e69b22c201164de5505869cba2fffffc1b04133dd243aac781e,fc700ae0223426367e911694d603d668f6d768745a76278828ae7748b100baaa
stead_event_01464,30a6e603828686cbf9e7b90b3e6a5288f0a82ead9f283608bb8b3a356aa92bd1,d78218af5ee54ce3f5f364b582d9f3c6b12df78db1ae3ca9581e8ca49bd5adca
stead_event_01465,79f61fed3d983a0cf1234417f0f1a6d3d58093475f8de158487dbe388561d6ee,12aa85e276fe0eff8cfeaa28d0022121e722f1a80c25d232db751ebc38ef51a7
stead_event_01466,41b398dfc3848e9dab641f0ff41fb6c9fd02361e564088b26fa6c448f8ccb587,e968de9f09575631b9ac08ee32796216a3ab5f66eca30f019ea634b0687fec09
stead_event_01467,0560da9d8e9dd698c316455c8b1ee8b5e8b409610a2ecf6806601f86ff5a9307,cf4d5f03a4cbc473741bc9f7ea84d2cc72e5bada380664c3890c007ec0480dc9
stead_event_01468,4171408e337a5300753c63dcd5a9742bd5206b38cd75950ccdd7713e8db4c0b4,f9db90b95d6c9ffed738a13049c9454229510fee08957fd406539ec404e83b80
stead_event_01469,0ef7668ee1c6e99cb3df1d191cb8ea8a410621143e272d51eb86f6259960bace,fe91c283bd6f3c840d1781d80af9fa196a5b17d0644a7c7c139161bea235f9f6
stead_event_01470,7fea30668bc55fd8446bf0523257653384acb6aa37362676535f6b437cc29c61,b88ce4837f86444b744102a38a5e575235bd76aab4389bf782066e5897e41a91
stead_event_01471,cf325c849e8d8fe43a4750ed54176e10e583f2ee8a99bf7786dea526ca46d6c6,413ae5620ffe1a05dad576451ef52543be25cfed444d36c8478eedf2914d0a6b
stead_event_01472,80e200e7e43ca0e437a6c95a2e539424acadfe9f3695d61c2e5b85b358e36a7d,4b08f09f0a663274e7e191dc9dde786410b832e52c128f9d73730ae0f08b6867
stead_event_01473,5471d36d4d5cbe852e0a377f6c2b43549489c0cd60f034034839700621f5a217,1871eea11fe84ec2c44e178f682c2317a8b06dd933fcb015f8cc84f2f5c050a7
stead_event_01474,3700b0b479232e54432bbc9b187971ec582f3ef2b13e97d94a88e936a7a4b548,a8b60281ba1cf6bfa8a3c3d09df08bd83821d72e5c07e3d7def8da7c682b3788
stead_event_01475,91ff7dca9e0374263b21f65823c2036d1bef7b31311d4a4131fc54bd1fae747e,237176750e64b5a502e5ef9b5f043b35354bd684cdc6ac36496c9c5a9bee8526
stead_event_01476,4208a69819db9baab279607b80dfc322bdda5c71bcc88062d4e6b6452e84ab67,7052b7e7f5b4168bbc4a02eaaeaed4cef29424d4dfee36244ecf2337c5df79b0
stead_event_01477,3c7ec8db90866b0bf83e578890bc73e1fc4372dd232b89af62fc0623351e2dc8,0862909ff6b0bcfd46d2b8c30cb236d860cd248e2f85b2f8cb7f9aff8c1ba8f4
stead_event_01478,c7a65a92e6aa47ee8be27e952f760ef66990c4e9b7c84885249c09b53237d539,b870cce6f606e408669b87feea1b4f619026dbd37372763305044e3b98fa7168
stead_event_01479,b417cd84e1ca6887b93d4d8fac71b75f9ba69f058a0cfebc7eb69974f0a0e975,59be7ecd4a0c5710cfe5092ac4ec9b33158364d5bb9cc58aa1bd29fe56bb7f70
stead_event_01480,12f68f1adfc0d09a699c9bd57fc75e25df635b407ce4794ab3f9ff5dbc071c69,3b7dcdbb02b1b31741f5be4e4a9d7fbe1e3ea2e26671818a5850aad9853ce1de
stead_event_01481,00b6f82f6a7760ba5cdbe6d89b87b6e7027d5eb571ad707b32bf4cf31fd83f75,5ad137ece35de724eb02b040e54d364e876d08ce81afe64675a047033c96ec4d
stead_event_01482,cbc7ceb133923a3354f450fecc534acce645e1406991097cc8b4c45dbd514d1a,5c9351be3b1fc1940a5431a43c77418ce48af9b31d65417ac7c68bedc7476152
stead_event_01483,ecd96d898ddb7aa71dcfad9fb378108feb80aabcad893e56081b14d50cd46464,453e095d3bad954ec07b601f006c9da03ed302e7aea83eb3ec0a5f278e2637f8
stead_event_01484,1bc2123cf8547ed24b649d98dfee6da570f7dae7d67114296e638c1773d071a9,8ed82c207cee5813bac02562510c2f6348fd34bf01ddfcfa977a165d1b7ccd1d
stead_event_01485,c780bd1db7ba0cbf1195c0620ef632afde1f3206a04764ca15bad737b3ae2c19,0852026a64db08ef40a48e567b28378acefdd5ac30ef6f2bc1a4fc181247844b
stead_event_01486,bc82c5f146ced35a02e79b8ad135d1f7d9cb4eacbaf77b15257d3a6d99309bbb,39892967a0cb9b9ec221c0ed525412e3061e87b12d0d7f0b971067a0d52a3770
stead_event_01487,5ee9afa0aa2abe88161fb615fa48d895b1619df9ff522ea16763c220d77b1cb0,4ca20820a3b716ff9d9d9989ab629af0e2342a9a570fd210229bc5759c7454a8
stead_event_01488,83d167526895f760814d689506d51b1f7e180d3125215b7388e7caa6cdcd1a19,1079c5af91278c08d81f1d2a7296c4fa8aad088eb285ed97cd90783c4a7b6baf
stead_event_01489,8099f68d7d0069fbe3e3aa74e430d7561de101aa07315758a9b0dda40cff4a60,e6aa154427de22239a6427a3f94d01e27b9d4835c2cbcdcfd343a98c65653c31
stead_event_01490,a023ce77a318886d5adb6f5e90c90f9d70d098f641aa5196fe767396f71d802b,52eed250767bdf3e4a4ff8321f3b7f375daf1255f6738da0b2d67afeff415b2a
stead_event_01491,36a0f86841a3f781096c3abf8dc2ec5d9cfeb4399629f2439c4023948de22519,743d684c225bef52330852052acde475a2599b4fb2e9736f8e6e7a59e14bd290
stead_event_01492,c0a167e6fe269cf2256e2572e4e043db6ad05990eedd189289c9f7a556619711,95e9e77199ef177e4a467db48cf49ca74794e10616e977afcf6bbec852af3d71
stead_event_01493,d76c97ef75124c8943f3b4657d134bc7307f2a3a5d3f51896a024454a35d83ef,414ac854ddedb5744cb53565cee21745387c2225c76f1a8a077a6f684c4a5e24
stead_event_01494,098082011577684e28bdb16b2c2b74ebf7c6976dcb4e126761fb741c1ea081a4,91ccb85719e9b7b549704b7034f8d9d54c299044b8b04f12a8aa3a570e1f41f0
stead_event_01495,96b71d0f30ca12e94465aafd06961bae00cb2d30db258240b1ad09d50724e9db,4680dc42e66f6a24f7ef04a35bda8bae54cf6b8aa46df1d2aa11917f2ec22bfc
stead_event_01496,38b87699e3e76a6457479ed07caabbb0393855328a014bc38be04df9d62fa755,55ba237d44633a6a601ea5541fdccad42c7d3aab15e987a181463d0d62f458c6
stead_event_01497,a80232121f95a60fe901422e2498eff56f8bbb170ccbe8fb73c9be3389f695d3,b4c1da720ab1dea10014d01ba26732cb19fd479a162d90b464aea491e35551a9
stead_event_01498,3cc354c459c2940137f1b904d3e904dbafe63b18e10f470680c2331bcc14e077,7027381854bac51d42f1f978ad9d49e387de04af36c563c4c24855a7fa18275d
stead_event_01499,df7b106d507935eaa7b2d2a691cda6680a433325ee3616a377e3517e823d4698,57e0e9ae5ca58984d8655b0242cf8032418ed1461fbb30b41d88d82e276acf54
stead_event_01500,42881d6a9b817a4f326840b208bf41f5da846cfcee435d17416891ee80d642f0,f4a879691aa9394f403ed04d9535e7814fe298c409abc76e373e5f3a0f1e9603
stead_event_01501,a2f13a50f279a5c66c01c0677b1dea5309246e3bcc9c4ac58a2af5528b4fee58,4b16bea690288fbeb747edfef0ae41edb7406c1cc27e80e7cf0974b825014f8c
stead_event_01502,374ebf32e2c73fabb579f46c931902affd9aca03150f4fce59c0a3b6e4993bb5,187bbe272e1489fc5806cde81c1d1349e379b1bec8197422ddb918a7d8353733
stead_event_01503,2a6a476daf1c9597df03f533d754dd4042f67645bd644afc696a2b437fe3c13e,b9ea81afd884ebf39d1652f8122ba9d2e8816d8234ce8e75d5edad2d75cf6424
stead_event_01504,5daedb96d621ce31f90639a72abbc344e909d7607ecb92ca4213c61c05c537d2,07fc981bd4b8990da9fb301a392801fa71b48500d0d526a6228d8cfaf478291c
stead_event_01505,5ad39d5811bee5a5697ec05415eda19bacafb487adfb4ab4cd9702e27c0034bb,e42afe71ed6e7e314eec94f456fcfbb9111b2cdc97d2d75cc8d53caaeb884d14
stead_event_01506,c99517353e738acfecb7e79fe5db8a456d9166c8eec019e6355a8f5e760f6755,2a8cecf7962d23d1e5c38156d13f711ebb03dd6b8bf63bcacf8ec662a2a5dbcc
stead_event_01507,e2f1bf23646019a5ca3441884c45673cae1c1c1313c853a4accf298148feada9,c7e2946f0de7e8f26cc217930e5047eacf659b6aa336fb7fec8bc7ef5d5aefcc
stead_event_01508,d19342d1b6dd048d3addf4e1164d59d78f79dbedd38a673c74dec5ff98e2c4cb,efd628573034f80016dd8ba7608fa0a922b980eec1812d6f225b1b3c5282e2e1
stead_event_01509,c9e627712ee855b90bd7994f10bbcef7e80060209dcfb4ed42ff38d0695c1de2,47242a3c86fb83aa84b20e1fd14e164fb53d5e9ca5ef6e6dde3343c8cf9b5804
stead_event_01510,9c4e4780e3ef91eaaf260850b1ecaca51b47b24326d0dd74bd108cf22ac54b27,fa6811e3251e69918b09d3aff2cc92e6ff6708af53bfa3e2af138492a62a032a
stead_event_01511,00e7f0ced183d40af06b2a24a7ef92b27badf241d20f9df6413ca704fb8b05b5,a541e4ea6cd93e4d57c7cebccb31e7aac3e7d3b9c9e70ad60b59e9c2b4b62680
stead_event_01512,33db7e68007bc9970bf60ca78b679fb8dc215ce4f2206890b1b6abe8632e657e,90c9345c011d4f8363cc2278ee52a950ea2f64097346206f897da702b49c983c
stead_event_01513,51aaa8f79c8266ba6787d3a6d0f6e3a03f903dd80c594fdc00025ec74a859906,f0d02aac9fdeb324579ccb210a684c44c0e140df56424a585069b85e0c1310c6
stead_event_01514,1e3b064e5dd9ee959ac2cc864c277505d1a3f1f0c2b502910e08c68a4527d6ab,e71460d9f351c16571dd01cea6cf5654d2448e05bf2936b19569c5c1466b58d2
stead_event_01515,8f3632990c97cae40cc2a314fd0b94a6a18cd65efc332a46ce2f783e16683a7f,4909717c56c65185e4e279b4fcdf875b4a54f43b7d8cb712384fa25eb70cfae1
stead_event_01516,8b28b8d9a8aa3b48e9fbcaeb215611e632deba72931a64901dcd9233847e1649,1d4d63532d236667cca717c9f0cda9dcd68b581ac39522ab90786a41f44e0ecc
stead_event_01517,5718e4b7d31234ed2b59b013aa62697316f0c479928a295cd4d3e65cc5a4822c,d22d06787ab6be0d35a0e107df4c9ca19770e4de2647b6c74709077fe1dd0638
stead_event_01518,6f897903c357e4ba4f0b4bea7c70eae655617fab929895880e4724e40d053e37,70a6739ec71848284eb5245f83aaafbefa7f9ab7eaec6b867401ffa58c230d1d
stead_event_01519,f3b045b0fed4b2f572171a41090f1176466ed8748eee1d326b361eb155982cb4,d21837e4eb167a2c72474df3304bf220fde27b95f3b6b99ee0253e4b8944e9bd
stead_event_01520,06f7857368d76464e90da1b7d5d1677e08e1f3e5c18103fb73e8dbadbbc633a4,4ebd870961a0373f2aeade3c43d09c6b79af5f902b885356a700bbcfaed9dbfa
stead_event_01521,2e1a9ca81d2aa8657fb239b908e040f968983f16061557ec52641bd6b78e735e,c8db95af0b32f45fc6b5fa0423b9ac13df74cdd958c5ef2fc79c44078435f691
stead_event_01522,b058a61c55caa92800f649da48ec9fdf6b299fe50286c4a172a52514f31a3b11,78296fa16a83bf83aa320bee9378d6e53dec67bf2ae7db3aeac90d65b468af57
stead_event_01523,0eeddd33dd1f20db1497c8272847147b6ad8302e5df66a96c1082d9d2d470045,e4004c3e3fe409a40f0eeebbd0daa134e555a49702437e3610f76cf36a18b136
stead_event_01524,8e89ca649eacd6c5bfc19c3a6f9be22c1555fd7e25faed5233a685ef1139db86,3ba320601afd35bad386e593a19ad5fc3225ac79054571950ec8cafb6f762c1f
stead_event_01525,7660f3ece7a1fccc03fd29690bb11dba47459b1a7d20368380b52804d5c54916,fdd8a34a8245ea3daec429d89e6b8a0af977851bdfb21d7bd7221ea933fb83ea
stead_event_01526,f1896e11483fd55d16f09fcfff3138f4ddc5884712858c64bff363d87c853b0b,1c48c1c3142c2ffffce0ccfad30c1616ef3fbcacd5b91769a912d38890b38f08
stead_event_01527,1621abb6be8348ce1b677aa05425f5f8f08bfcbfb8d147bd7f3edbd4bd47c7b1,88aadb8356053fcdbae0ef4b8c66e16cf83b0134f1e7ac25ef5494f45f051bf1
stead_event_01528,d017d6f54a19543b221f4dbc9a253ee038adf20cd3943813d5cefccb19843e41,db92f1d65f19d9d0886eb6b6582a9ae661b024307519cff14dee7cd331f03d19
stead_event_01529,23c5c0ff614ca8b5c3a95b2560929bd8d9314ae71c5a0efb280132ed9abd260b,ae24b712b7550e2516477a0389ca93e987a435542b2a9fa5d938eefb8182ba56
stead_event_01530,db1709c691b72ea18051aed6ae177dc326ecf83d94b696db45a85013ecbed6eb,bf638c061101196440fddadc4cbd97ffc39730ab8b0a425d8b0cc69c5a09792c
stead_event_01531,9c38781d3145dbedc172aa336c96e3821ec1b96b63c98965d15e49c6ad034bb5,98e40c68b418fe695a002862501e43cd489597b8896ee4522d21e077254ce121
stead_event_01532,886709892d135c51553b6e51313db7c626a6c2213ad96665e378a9b07aa6735c,c03d716ad51942b659d899e1e554c52bcf3ff29751bb0f13d196bf1d60f37b24
stead_event_01533,648e094ca1773562f4722c76d245eb8e15d64a2fe1e00b84ddb1e2c471ef8d78,009d2214f9fa1cac74de98b530ab1ace9e53d55c990479a4d2f8896742176d98
stead_event_01534,1f3721c339eab2b62ef2c3d5e3ae5b38eff29a646ef4a4bcd8469556dc10febf,16d474da26fe5f614a7da8a46ad9461a0ee07d92e811193c3fa456a9bd9271af
stead_event_01535,fc2c046189f46b06b1304638ff8191b83ab8f052c9d9de624f2537dede6b95c7,90b62ba05eada5dca83ab520a22d107d8ce20889dc517d01418269c3494b68b6
stead_event_01536,35eb1ebec6ff8135d9585b06de1890dce78e9d3bfb0ff3f7c20f4cae3e13c915,36d4b0f649395248e1ea9341224d222d5b6c5badb83f24131ec0dc74f423c449
stead_event_01537,ba3e48904ce376fb6a86ad4e16de94adde784f76a507ada5602641695d565d52,b0ae72475c88f7de2addcdb26a10947c5ff638c0007569f9cc3818e6f49efc66
stead_event_01538,5d2ae112d12a5b38a53441cc2daf3081e66f4964b1fea11cc4e7d77cb574cdbd,7db742d87134b2bb7a00ca01fd7eb2c76b9ce2b46dbe1a520d87b478314eb5b3
stead_event_01539,2d81ef01f54c3843519546713a001dd0d88adf40c3b7f941972ea496bbdcc665,fb0a2d40be110dabeb5347569c99507900e464e85bdcd8c6d4f1aee4effa0745
stead_event_01540,d0d9810662ac7382d37a9a9c4dafb1c6d01146a1eef26454541399f4a988afcf,fb7c3217ab1eac738e4374aac0712485c29a0fa8e656779fde24a597148f561b
stead_event_01541,c9f8870ff81d297925a203fe4e72292a469242b0c889d96232545fb6c6ba6ad8,caae8a6b2d038f7933189b2d0703be68a9f87c3a49b490784b76589b16a0cfa3
stead_event_01542,2804048ba41a1d9e4f47513fd52723c76cc3d1953fb2e4c8322b2424c6f7968f,c47d0ff2726ef9516f5d443fd5ef5b1bde3ff2223a0de15cfa76b74ef590a763
stead_event_01543,d1e1eaed4fcf029527ed69fb203b6c4695fd2ed1618c76200fc515f476ea7967,2b4b384f7c500f7dae636262d0447ee326787420cb2c757fa6958b025b05b114
stead_event_01544,cfb18f3d35f5ac93f868434b3caf14cf79b28e7dbb61ff9d9c7ea8c2376074ef,3e46ad8a9039ba056d75540848e95daa32ea2ca36fefabed99f121c4fb2c6b7c
stead_event_01545,25b9e1906abc6e9da9b79af799d8e2d88e92c131b3e31b938d84fc2fdd5b920f,6fa3a4f493093e478c433117a26bf75d469a6c36ec76d684ca98cc1506333162
stead_event_01546,df01d91886084a441654956e9029c1b75f4237792941f51d47f9077d63df78a2,3f4e8c0ce484ddb0bfbf05d687ddee88df2d3e921510c5fefd14aa3563600e0d
stead_event_01547,485206b58c5e9cc2e71e559937d33ce8c374be7d16853048a0d605c4e01323d0,f787af57d01f28a63d7a5b0e8fb1536bb640edaddb77f8e38fef7dff182a1139
stead_event_01548,b439d7fa999d16696eb2b305a64ae5c5e9d67c460550a6ad3186fb42ed5448d0,192b49c32595da04e5afc1195cfbcd064b9b591ebe4f120a8e1342f3da0d28ae
stead_event_01549,0d55f2d207b6ebb3ad06cc693d1f7c23614a731a2c63e03668ed444067edd1d5,b5415cdacdf0fdf456a2e3a070fcacca0a189874fcacbc612b6fc540cb575bd5
stead_event_01550,57079d8040bebc7472e6ae1400693b79f7dd864582ce0ced582f754561b6988a,219e68e47b71324d0f2cc3c6194437dd114bb48acf2b142ab42cbcfb0d45163b
stead_event_01551,2810a6a6f37004983c69d5ed22e66d98d059a35a1b7d4c844cff2923bc1b74c5,3b7c5c9e9aec56990b4e287a510108388313526a1540b829530e54fcaf4aebf3
stead_event_01552,627ec9123945ef14fa8ff2aca78e793e009be8976b8379bafc96462d1c3df656,1b918b878b308e214e371403f7253aa6836a3133a9d8d7856eaeab81c71ac1b7
stead_event_01553,249af1beaeddd72abdd368fcf93739160b3baaf7c4fa6c7e9f12d24fe587f356,b01579df13f6310471c0b9d97b758e6d8de556acab02e3068b5606ee803fe3b8
stead_event_01554,699579b898aae17aeeaf3a0bd15aad0402262f4b5932b08485466448a8a1fc21,2d2a3dfa3dab404d734fde569f189db105e603b00cc9a1aaceb4618694e631fc
stead_event_01555,c7ae4a72e3299da73291e316590f0a2c78aed2908bf8b93d4eab082b54795a1b,550913221f16ca5a73e0de3ac7d9ffdf799e5c75f330c136b28fb7e56c766f46
stead_event_01556,329c206995985fac9f7f995a1efdbb1c4370f53c84448fb186de2f31ec11d722,ad9361591d8aa4c9df0f2a06e62a2d5d5ad1502ed9c074db5e73121fd9ac2526
stead_event_01557,66698a242e65243a281330738bf219eb94932c0604c590720c9bb767ff014332,e2e34279e3ee41cf00440ba8db5d589f62171ad19860dc907d1bad7d77a1a7a9
stead_event_01558,5303e35ed3e666e42b0f3190a6c8e12e6e6e4f3fd80e3db0b953086781628121,dd49cfb89dac2ea2078b7d047bfed6dcd2b2c5fa143d532247014eb06d5df6d8
stead_event_01559,29d51d3998e29f6ad943dffa70217115b65130765cdd769541224d5f9a4c6c96,8f5cdc433881fcfc318999b8011f9f11cbd79389e9345d7a5869c49d5e6b5b2b
stead_event_01560,ff75ec9526730fce7e6fe111d0bae9cd455210739ded2c5ce6517f1c99d7cb43,7b8fd84f094fb715ed5f09e5c2241249ea7d8ac8c40a0facd3145d30fe9bce56
stead_event_01561,84768e8c47331b38567f603d17bf919dc58a7515384afbee871c8e360e2e63b3,57cf3684ae25075fad6af4cd52b0056c4fb1edb4c8ac3e4196ca925770856aee
stead_event_01562,56e9d47cb4ec69d758663c5cfa5416816fe64f1fcfc547d39ac664f325251994,6d3b15a3b04545c2601fd64a15938cd95094e1bf1f9076259508d16f97fa171f
stead_event_01563,391abd65bfd8b5b0d2b68388059a6489876a6fcfaddadd5bb21a9ccf3c501935,c1814c8effe2420c33ce9b831a0a216dad8bb47283bed1df10f533ad0aa269c3
stead_event_01564,3b8b9424884db5054cfc0856c5cbb2436b948e80c6211558b7b935f692683934,09ebe06f6c49c60d08299c60b0efbbab1eda09a35f3f476123a0141f09326e23
stead_event_01565,9c6cb72d1e6e5365a26419bcc2bb316d6772ffa46c40bece9d33ab63b26d6b53,c21c1cb44ba9bcff97530afd54bb512b11ab9601edfb1614f885bc5db83fb354
stead_event_01566,5fc5c528f41d0524b052d2401e226833d1f2199a88edfbe280e4784ca839a837,3ae0e237d6bbacd12d6d3687876f76d61555c09e7947e73bf5fd00b247ff576e
stead_event_01567,a6e28ecc6590056ad192f6330fd278198e12261c97ef20c04eb92cba4bb695b1,269a679be606a25ebace11935957044a80e6570da704d1e16084ec5309c33235
stead_event_01568,1638e6265e3f2aab9b7f29c59949e26c42198f467e7733070987a19b06cdb575,4ace5a0620b9f6b86cfcb2e892ad7b541f361711dba0e680f0f5fd0943548809
stead_event_01569,db71ff54a3b9e9bde6571aacb1ae3c9245469515e4948acf1f076cd9b27f32ef,c7c8dba2be7ed43b290b7ae1ef818c400a3cf065b1ff84548ddbee8db3a1e939
stead_event_01570,5c24d6f6175d1c3df9a5d32c905b0fe86f4477b45668eaa149dcb5d7fab6744b,2f287f0912e8fa188ae26eed6986769736f4185b44b1f7b347173d5fe583f45d
stead_event_01571,e4968a7712bcf86af6d3f91269466c41bd06a1b1c01ec8f67e7409905827d438,abca4eb93d2f48daa64d6ade6292e8f96e2773b7d8eca710dc329817ad361ee2
stead_event_01572,f2197ebbd4798f3db18a65ca2cdbc4284acf0e5fbea1dc29b1cfa34b76ee2909,aebfb2b7f9611eaf9271e8cdb99fc30c3871653e067276b052fd4f934094f772
stead_event_01573,930544f86b6b54d871a15ed9af1a0e5d6b09235706a0b4e61b8fb35ca0b0ed49,81527ff32dda4145090fbe5be4af02b4927ef958b67c88479bd3504c5a8fe78e
stead_event_01574,076595e299bb0e8bf98c32155b7c7ba7d272f84e2d40b011a348f154bc010046,adac4f8769ea597be4b52b7ada5d432a881ed0c5a2967cccfb1c5aad1f83aab3
stead_event_01575,6d9a5b70b2e172dd33ef086f6d42fffb5300d1cbf68786343d0894bbaf673592,cdc3461252e984be77569ca18cef53be37cbf30f8577d45b4e139b651081cc71
stead_event_01576,7e6b4f306e16bac257d72cc6d8cebc3c4f427c5195ce62a6cc67abd3b8b4a030,12c7b4f84c9878706f98cfcf912f7047cb38639b1fcbafe6a37cf1837eeae715
stead_event_01577,ac51940deac56bc3e2be583a8d4294b8eac8e6c4e98b46c0150984e5987c1895,b82d84f20d633861f20dabd9a0fb16d890d9df2b067e15675c602128e097d3d2
stead_event_01578,ba8c5c49f76b6e538ac530c28c328699538c68738435949a301fb8af211e8709,87cc94be8e8ecae7a8b0b979381eb8ba528d2e5391844daf7fdde3a633d92d50
stead_event_01579,f4ca2209f50c2865a3319872c2af61e0fc053e82e15eb5e514a6a86d3a5e9497,bf9d729d23d28daf0c53e2b569f60e481fd06135c927291ba0e988f96cd75125
stead_event_01580,ecd74760c46ab95bb4e41e72919c04f935a66b3867e65455c1486e1988404d2e,79191a94e65da253e1b2d791120f9fe4e73db0173bcf155439ea39788e8bc358
stead_event_01581,75fdb63316d1b51c017cd0acbeb812892ec40dc3aed4c5200b8081b86ec3ea84,eb2df8c37a075884ec183972b5c9a0399f8b5a58625edbcbe819eff5403b249c
stead_event_01582,101e117520aa1ea02987fb164140323223b9b861c89cbe4da415bde7e6e425d5,ce36481ddfd02138c6959a560f31391ff726abd60a8497eada57a5166505b5c3
stead_event_01583,86eaa5360795c6168e481d7cbef04f81597aa15987cef8d264ad1a2b8769e0ea,4d83643ebdb94aab988007e519d6c327b93c8b6cc7b4cbbb65508787730d4a55
stead_event_01584,709cafdbd2d1c2a1cfac146acb7133ec46a57e10918492a18e1ba3124588bd2d,9b3cc2dc91871da1a084743087536fbebebe6bf450a12e7c32cc657c5505dff3
stead_event_01585,00472d429aa328369af448abdb03c1a0a1f0b991aeeb3fe8ed9a8ab76ecc9ab6,826a123874facb9ab077c1e0e2c878c1c955bbdfc8829982ad924fbf71b64340
stead_event_01586,78cc3e18f51e8a944a2d5eb988df04eb0aa1f59e70bca24499da2210620d74c1,b73306ddc5cd38666e68aa44a7e94d18e3196d1adede1fb03cc471f867f9688f
stead_event_01587,695eb9421cf4b044fa9ee312ced1b5935549c9db302c5bebc138ea67717a9695,b478710ffe458a905bf54195be187b8b1269a271d5f985423387ed3501686b92
stead_event_01588,cd0e75256fb244c7f7a2ce4f3fadcbb68dfdf290ed1c36d0eb170764e53b9196,08dcae513f7354358a5d4d74246ebac60b53c18c538d57283d860e3ada9cbd8e
stead_event_01589,6a1e1b4c031761d3605b7af7088dc55268a2dba62ff4edb348987ccd06b5206c,018969815cdb92c7b4bd02b487f4e330fa98cf33674f0e04e69afae724e62962
stead_event_01590,6e56d01ddf9566fb824985fb7f3712e20e55a15c53424f72f7f657f097eb67ed,3ae996ecbf4830565d3f8c9840815e8866a840bb908321d994c06c63d1b5f070
stead_event_01591,fe662194d7130e0f0cae26d3c119e04e56869698b1bb3076956c75ecc54b53c9,2393931aca7a45852732095522fcd06184105c674e282af669388ea90e1a852d
stead_event_01592,6fad91fe5e59112c2f554f70888c9e9ce3fed55c9c082b275e19eabb159a3dd8,413c3e58966e5f34baf199400bc3fc5630479e2ed39c7e2372304155a3a208d3
stead_event_01593,e5ad675a92bc588564bbac21c91f2cdd348a15c3f419b64e6f03229005879632,6755e862e6cd75e657ec066460d13de7cd007e65b8391a89e8a70990c2e8a2ad
stead_event_01594,6d0c6c65411bcb460a6c2c748da2fd695310aaae76f4b182f63547ae17f97e12,8f63b09a6b12ff12c53096b1f3daea5491a22059ada7116b41b971bcd4b8cacc
stead_event_01595,c6762efe1d84a7f571bfefa5872f742d5cf6b7c1e8fda133281e036713b66910,fe0c79607849a2b86efe930f4dd4e3b8f156a8a2bc5de0eb68565451377c3e2a
stead_event_01596,d2b5586139d680695379004493436a15508d34e1e30eecfc4e1fa370c6a3b6a1,dedbbe055971713de9767af737d2d4bb4fb5ffef099b3b02992199febee596b4
stead_event_01597,9d027772cba8668fea9a425370b95b23cb9aeb7177650b7aa85a8d560c472add,7c57388b398adbfaa0b4a2ef68ea53aab329ee2fa89cda998a59d56f04bb8d36
stead_event_01598,5c0ea62678252ed9dfc494fd8a464f658a8872ecda0a5eee7cf434ef51f7ac17,29f0048252a2eec93e8734da9429d0796596e8c6ffd5bec4fcf9ad6a23c8b020
stead_event_01599,50540c38673e79f20202f25182b079dcc34cb700aaaaff6cdd047d02b8d057fc,c087f98349aa2d982cd9d2d1a3b1576fd64fd6f73f4fe22c12f3b4c4aaa600b4
stead_event_01600,074124f4c452bf65019ac03d6c80bd0e509cfc32749c576bf1ec27c473d75138,9573b226f223b5f2347c7c78aac0b48299c4d50c67fa4343e18c0c779b91008e
stead_event_01601,cc8f28e91c7c0973a25e72b21f95e0865511464f2b66518a8f67e98e692bb66c,8338ae2c8b63a58297a1e56515068cc54b2ceb62b46244e2bb593c3accf3adad
stead_event_01602,14060e4464390a2c32858e9a9192568aa8964bc14ff217c68a7ccb88c00b6020,b5d270c5297807c7cb4a36c5650fe6c9b1ccd933137e3ba725a364d31b7b3396
stead_event_01603,2c7700be8a7664b3661ab3277389625b4af375785fbef6f47859ea540c73b16b,ef060e5ef6d6c22c30c80a53e6468f152fae8f7a6b4a3a4df734a9784cc42fa9
stead_event_01604,f7c08f66e59c6d53b614bb97e8b15e5a0aec52944045cc608abdcac63f142552,35b9cd476fd9187183e6251a35ebfa0e03d7ade40d88a92e300656593a9016d2
stead_event_01605,69230bc1a3d9dcb2f2257fcfd9bd82e611fe39e00731d0ebc36321ad53ec0955,a35f1ff2ae5d2cafe2588c5b7bab478e2453742a3d04221d8076c6346a027c25
stead_event_01606,4bae50b10b7cc6edfa4036151c4e48b98840d3645567d4219f6347ec4378c2c2,7c48794e4ec156152f409ea89d0b0fc1912135dcccf0876c1dea0bbfb944a46d
stead_event_01607,464f68f1f0188a0304e3b3a045a2d8dcc7c12c315a523f9b7db5725e5c5e5bf0,00f8804fb2db7da99d12c4f2fbf2245904119fb72dbc8fe4d944bdbc956ca388
stead_event_01608,6616f77394a8835097111328a31b191c25f1d0a6b0acf322e78d75643fe56000,8dc6fd0aa7859308c66dace82873d5e723b91f41e8b240d956e1a1dfb75413fd
stead_event_01609,823577d90e65716dc765cb219a4346bc48b870532c60ed0435c101fff2390302,c8e7ed5a6af3a905200543d9119a29f8199904fb0cd86012f87363711324269a
stead_event_01610,2111cadfdfbb038b6545196ae0fc061c7a62ea12e831bc602843e374c96afa42,d4b2ed7081f8016ad6914d4a8b770658f72cfe1c795161f394b78cf573ee39c0
stead_event_01611,a37f16f49257885a1caa0ea9c587115a3e5a3b4253e8adc74ad54805360d3cb2,eb2031a0731c8293173eb47510f22dda0e6fd931f9a81efe9cd21781b8548f77
stead_event_01612,374ff4aeda42eeddb476ab43e6bcb904664c91373783a5223e719bbd23f2e807,2ab9bba257ebff680162864cc4cbf22c452a35a7ad97516a9a3e20f078954c0a
stead_event_01613,78fb434cf621723fbf827e45b57d1a72a5b0be9cb26342add08a05023eabf8c7,c71469bfc1f8b6720888233c7673793a51dcd4a512b0483e69c55eabb28d09cb
stead_event_01614,50a62a1ac3d71ae9798b28b1e238ea10bd71d4adea314248e4a5ad4431b28c6b,752bdaf7440da65a2ad431f154520c030eb33dfa66a953483758e0d532944e7d
stead_event_01615,e84bcf9647309ae7137656404cff67f287aa891776379dd53a5ee777ca6c7733,9f847617fd3ba83f9028017def95f9a67d322d404c825a3a440aa146a169b13f
stead_event_01616,f98fb9d36e2ff4fa1d68c16bc4199c50fa21c1c53c50499f7a5305f4aa2c4f47,69fb5d4a6b862c31e7c90d015f154f86feeb029b99afdb1e3c599d8444399224
stead_event_01617,5a1425cf248bc9124a58fa5be0807d78dbfcedc8061c594977e77cf1ebbb2dc3,98c6cb603cc3c10edbe50e9fda029eaba8c5a52422ddf3452511718aa41c6f01
stead_event_01618,cc817cd9e4f3d3a05c9d606ecc3aa776e9317907970148ad1b4875d8fbc3559f,64942a9ce9898241373df10a3713373320076deffd1858ad1d8a91e1555c173b
stead_event_01619,630fae49acf8d2146390c36e53656665aecfad55bf39b4c4a090f44e41aa1555,5091b952c9bb2f6c0b335f30734aca5524fd18beb565736d7889be593cca7195
stead_event_01620,d6739d5243ef943ed7002ba87117770172d567bf0eb49406a3eda5df547b419d,aa088e1c4cc1799a457355df588b070a0db23e0ab76c63fc540223e450580e5a
stead_event_01621,0d1868c574063542ee3ce9afb8f068f9bdd4dfb58c2653e4315915a7d6f60d61,db40de79422bf2107fcdc60cd6803b4ddb92ce48eca12e9a57491597c315357b
stead_event_01622,1df5ea6c0a37fdce3ac000e0e0c8e9ce1d882f95510181fbc7b85c063aa30cd4,ee6980b0409aa691fee35027d0c74f6b35367eaae4b086a36827ea16868c0adc
stead_event_01623,9efcaf772e943eb229d43a61123ec9610610fcde9607e3a30bef43492cd662d1,a62c7a40a5757739c57f74ef3f794ea33ea3a751fcd862b4cbe530db7cbcba6a
stead_event_01624,056fdec443ae40cd2cb0e080d3e1dc24120286fdac5464e6377f91162b5a2a5f,7f0da4e7e79ee793ef1c2bff49fc3477e7349d29c0ae2f3fbbef1cbb7d291856
stead_event_01625,a8b2ba7b78b155678569631b4b16d735b99008b08fb2a6c69a81ce681430d595,09c5e11b2ec367f73b9261b13a55d0c3990063d73ba25ee643ffd3b60bc93c5a
stead_event_01626,990c2a028f78e1c72a40efd1d5e7ef5840a66349f031fa6b67e0fc45d99a6d0a,0c6da2426d02d4fd2c448b8ee11ebb7e0bd1860e514531d1540da83e6a9d651f
stead_event_01627,4a57288a58ab39b23d1822cbc349f33a8afc62b3dd3e4d93e705d4c666b43364,84caf904dac8e6b7abdfbaf7082032da61fde7511c58e04f3595ea81529e4c14
stead_event_01628,cd23a8db6e01880b11445e427bb25a86c5831ea70d9ca6ed32b089bf2d74271e,6a2e8cdf960f23c9616e85f0023adb4a9d25e59b4e14d942aee06c5368885b15
stead_event_01629,d6f6bab0c8eb1b313bcb80e53d58f427604d2b48d51e2ce99e4646bacaf065b8,1c14e36ce7e0f7a953e4b4512897b3f78e80de86a7c0e67bcb941a82d471507a
stead_event_01630,a6790d300d692fe3b834efb17ee0e95b37e6562d02b462925d1533b2a1d18db5,c87208c00f10b9c1be44c3289571b4e81216c626ef77b7a724450453a7906c35
stead_event_01631,162e13c053fbc7b6805f8d196b4d401732cfcbd4f43351a193bbd0e8d0bae130,e4a4658a75471d23c558ec522d2d57c67886090a04dc02482078abf322fb429f
stead_event_01632,c7deb36e35f970f241a3a3ce1cc1332bfe5682d5226210f8f764c9ac2aa3c57c,31c8bfe9176fa3686dba4674f4f77978364cd284739bc4f42431d3ba0465ef49
stead_event_01633,4a6f8316534d57eac9e68406329d9d8ebbe2e8d083a3ccc19743a32860a118db,d3e951abf6069e88183ec82452ff9a1c8052d2e1043c8a83b56c9b490375aee0
stead_event_01634,2ee6d77e9fb18f7331d31ce6e55064333b9043792f86c5aa83bfd8b92d2cf4fd,96745fab63447f487047c92b60d42a30958b4323302d58671ddaeb412d056788
stead_event_01635,6b389fd9ea5c409e7f38eff83fe7144336285fdad692deb32c6b799c355a721d,aa267574682b8a571cf22cbf416adfe9cbde3fc523a1dc17a44bdd548d3380a8
stead_event_01636,b5f9bc6ba5e71c473c8d4242dfb8c9c0d20fa5bf2e9c3f7634b7a4d0a845222a,0dbf464d0fb3677aaffd0c24169bc4b8a77811c00235d433e1fb13a83cc014ba
stead_event_01637,2d58b76ddbff42f1a446f64da5049d4409ae16065ac55d4ee0167b4f2909ad41,79107fe2b1bd6da6ba18f8d6ef21da1ed7429733e8f83a1dce484b53cad358c7
stead_event_01638,1e34a121c67b2f994cc40bee419a38d81579418881367b5c9517f931f65a6c5a,3d1fa767d4ba7de244278c7ae429dcdd0e940f6bd7dd88ec178b4302124c5a9d
stead_event_01639,3c97c82da31dacecf8d6d7990dacf4392f3c4b663bc1162db6fddec441c891d4,5cfd4d8eb3094c15e54598575875de78babb4699c8d6beb982e6e2acf016536a
stead_event_01640,53d3132913c2c929a76a6c5cdc9140fd91155e586916fb783e2a3a9206b00a2d,f0b595af4558434fd75ac61ec996a701e20ba1e697d02d23919585f34aabd14a
stead_event_01641,3a78e26d802f8ffb167dcf1b575835abc9266c1d3f7150b15a1909f78c022f08,04a692ae71fc254be61a5da9d85061638bb6d8b7f02b7a28d1eff8c19c317f45
stead_event_01642,6c898a09b0e7dbe15c00672a93fca650153eae62f5c5d04ab2d8bcf7ad90bc42,b7804d22452ba6ddbd7befdbfd1ad11a79b5c3b98a15235edd1e82b1d3bd1059
stead_event_01643,2ded349306573adef776270635abf5832d1891a15e1d44bcc6237cdcfbb0b4e3,429ec81bf9a5d38b034cce2e4fa6930da490d689739b5e0e7d4f01076d0eb647
stead_event_01644,8749c4359da1b5ebd13b8422c34940d299731e4fde8e72b8844e13dd6625d2d3,8e442326d7c960b9f2381488fcfd77142b408b93cd8ff6bff46f8616f6c4e1fa
stead_event_01645,f2c1d9f40703a61f836fa2b62e5a48465cb7990ef731d079269685c25b0fbd6e,0a71027ba30c454e8ec1c6db025671f54887f1c933322bc892a0c812f2ccf540
stead_event_01646,a358bd7902bb64a45ab338073627ab864d35cb88a46f5748872ee7cd7832a235,d84e72015b39a5bc3228876739541eb201f900e1fc53f187dfbc5abeea896c0d
stead_event_01647,55c418ed7fca3f1fc371cfaa1956b227d44b0c31ad24fa4666a8d2890b297ea2,d1fa7e0d667b3082a75561ba479c40d30f5a869e6eeecf5a2ebfa6f99f07511f
stead_event_01648,ae06e0aea751bdf05b4d2c5828836e17cb9cbc76b12d8905a1efbc0262a88485,9d698d545a2b97d3a85c52a0cd29a2a61649fb7b2031ba7645c2def38533ad26
stead_event_01649,d0a3bf926aa570b52e3a7563562ef84411857f7203dbd5114f513932ee7d596b,6e479458eb3416c185394daf76718477519a991d4cac6c90a6d7b844b75db516
stead_event_01650,5eb1be9db08864082dfe61243050cd8aa7054523eb268d28cbfb23c4e9e4a1f9,e0a015d9a2b1c4c1b6ed834464bcf29d78067b779e88455b54b17312f58b4e4e
stead_event_01651,44d1e27fd6d4eea04d198b2ea0caf39cec9061f8abedee4dd34fe2605fba2be5,70c4eb48b3cfa46445d98eccafe25843a72c6e82233321df9b93200e5fa8306a
stead_event_01652,6972a54ef1f3c167b22146e9d7956b25ae4748c42b682370d21464ee724a0b45,9b020839938530cae80ccfb5a0c1da0c4420c88ae27857ef45e089f33544a9f2
stead_event_01653,ed82862e4675d5a2b5dead3f74eb8503e27524a6d6ed5091ae463187690bc806,3fcb10de8acaf6d8863bb4cd836956617feda3123dc6fb4c224d6e04b53e12ef
stead_event_01654,aab6fae40c32d24a6df1dc78f686e555ff8080aa5d2ede65ab88a2cc6dad29de,9c139b7a67c5e61c3901aa7738b82830af8e2aa59628c5d29cd97f96d691f3ed
stead_event_01655,8ca24d65e68b866acc19bddb0979ae229742eddf35436ed1373cd72c5e4b4b87,50cb13eaa21624c1fb5ed519d1f93f3d2a24b4b761ca248ae4089ee935f577a9
stead_event_01656,dfc58ce4d96bb5a9b847d1ae52ab3f5b2a03a4f53a9e0c4ba9b348a557181dcc,8f8eec0890f1e6330d9775ec10fa56ec303b74d82fa876ab261ec0c4a1ffe783
stead_event_01657,2ac37a8349e2ca7e8120c2ecb154405acd2ffa499a97db99ecd0ac706917d486,9214551c2f3c9ad639f2d9d3fe5d0f4fa1e9e9791b7db6aa4cb1dbc12e97bda5
stead_event_01658,996211dff22f2a10372a186835fdadce83eb524ee4946bdf4bbcf90834e27c02,eec0edfddda51e7b994b591f86352690792033d74bdd091651eba5c3f300d1f2
stead_event_01659,af6e2b6505caded8cebbbb1e998290f73886361dc154c701546546471fdd99c7,cb98fa2e2b670ecf3556714b414a4bcb29794273ca44189c2e564410d074e2d7
stead_event_01660,45d3171769dceab8a0c3200b8ff94f618821142e16b46f39372dd974dba403f9,3dc4e73259ddee2506897f7993d15083a273d341032035b9a410cd2c6d138117
stead_event_01661,1837275d087c59316c4aa0e38cf60e1f97e0ce44c1cdc27d00793525adb0df33,383f51e70892585a2ae7f3169a6444a816dc8c1a253b4b7effda615b56e4c01a
stead_event_01662,8db24eb1d0c185b6c9a5c10968d7336efa0def9950406c62f1ef176aad7aee1d,176e788825ffdcd070eaa95e9c8a4d449685aff9dda38a71ebbb30392b273b22
stead_event_01663,13dd1a0cb6ad393cfa6d30be6782e8622a1371bda6d7a30caeca45341e470503,fbe02188e5c79e2caf363afc4e5e7e3532cab3a937110a2c3db8015193c6a1df
stead_event_01664,e7896997275d75732063f3e2d9d5eac2788a66249599d7ec05a4949dc11715fd,961592528b0832d8b9aa39bc9a83ef161322ba8d1c0309efc944ddb002f5a54a
stead_event_01665,badc800c68f89658c614074c9f5c7ba7d70ab26130326b998a6074111f2e39ac,87f06be8625f8b11679dc49f0ad652d9b6f947dc0d67a9e4c737b62012e0698d
stead_event_01666,ab28373f1b4fb94da2c0e49d562c02bd3507e6b6085b00f05aa709150ff3f26f,7a45bac614be57ff8245bf25e9960943e0ff5effd810250f66444bf55c8c90e3
stead_event_01667,0d3273aa46c20afc04980fcd4ccf78a878539395c83eb190e72e6a26f27193b4,b0827b4655f335cf85f3ef3e41c97884341ac9401689e25c627777d3148cf67a
stead_event_01668,befce87fc2d6a877b4e584f65661b4109a5ca99e29affcdf67fb2731f23537a9,ef530c64be61cf03f6800e232a53d049616b3b34f69f97864c8b4d7925ca639f
stead_event_01669,0747623eec112fa1a685ded56aa7df8b574e49549659a5ebc8f7798c1b6d8b37,7f6dd08942adcbb2abcaad85300cc8613c893f5310d2d8e22c53b42c0a2eb8da
stead_event_01670,c32e79b840c4e325be16c5e59aace2cc00ab24234c77b6416d5375dc4c870a37,3a031bd3aa3b8e144a2dbec9cf27393a52405fb167c192b03eb1d7f0c2b9d5f8
stead_event_01671,d269e20d8425f3a5eb76a68d0748086615e60bd1e0a96660923fbabffee7cfa6,33f135be8554270eefdbb09675be5d988d30bdd735d66be2f8ec31eabdcbf66b
stead_event_01672,98801f171538cb1a8eb2c77df8919ee3c2a083d7525acb249b7890042f8311cc,e83ce84f6948d628f7373239b1c87f61cac9ed0edd34482c58eebb5beef64132
stead_event_01673,5b0284270bc9d45b1b458f7c362540171a11f3c36431834cfbe1e3bda175ace4,a897132f600146a8e9324e1e0e4e121f4262fcc32429742ff1379407fcf0a9af
stead_event_01674,796b2d7f7673a60baa5aeda468c308f5e0b9bbd6a460c7896000bc09d3953dde,d03cc60431a974ba877b5e956ad4eb6e10b480351e031969a9bd03ee6b031ddc
stead_event_01675,031a3f3a77a321a58e2062c5d401ea277abd16fb4ce5a76da95d328f37de4e1a,488a3fc43102f5b87103fc69cf5218ae8bbae154cea193c9173890a413e797d8
stead_event_01676,3e237eaaceb05ce57266f1fdcb1676bc4f7a4ad5d9bc8f126021e1b8e2861559,987c2a8050f6d9ac1c42c81080b63bdd892b740dd2725260683269eb52c403b2
stead_event_01677,98aa7f10ef08a88a86ab18453f35fbace1c3e6c1e0582b8fe626d3a6e1b77f41,3912eb3de5576468d53539b9f2cecc2e1bec68ebfeda0ce094d7b96a8b9a6bd8
stead_event_01678,c8b52d5cea727b09ea0a703c98e535865122d4b68c4cd57f87235bda4b1aa562,697969a85164c05971e15217a534de565682497dd6206c5eaf68c0d41cc88438
stead_event_01679,01e9334c0ee6b58e7ffc812b74779bae061b6a24c0ce8d352d4145e52c0208c5,91e8fd48ea794e88f73baff907466bed702dcbd2b68abd7fb6eaa42a75d261d0
stead_event_01680,f55d2d3ade3416940896db3604c3358ea1999144484ef1adabf7c22e208c3da7,174c8b0ee5f91ddac7f813d2fa55ff01c7ff1bc4205918d5a18416255e7d3b34
stead_event_01681,d536882b1a2648d977a2d462d11833bf279bc07af1d9aeab24f75e30631374c4,84c3293726e0370f9e2dbe4762771714fc1835a3c3e8136d8089888f7b532500
stead_event_01682,a95ca72c5d73213591cdaa1d241d39106f9284352580f600149143f3af9704e8,509d7a8cfdedb448eef797b08f22f12a9086cf9d5d34370092b1b088e2f4befc
stead_event_01683,ebe5bdef20f1190c3855fcfb6d06cd842237eb4edfd849a1218fea0e2da4a2ba,0766cbb811c17468c7d212ec2a36edd0708dac3ce7fa3a74ecd3c0ac5a6e8699
stead_event_01684,7537912a5d325475950da9e25f34224d68e97edb3a7022d6dae19901a427efb1,6bb69a4ded6070a731fd33269da3526f015573375d9f1e17c73b39b7cdcb3860
stead_event_01685,0a9b71d07d6551c574d488dc1329b78015a8e310146bfa22386b0a173360af04,2204b45ecff64bf85624482dfdce73f1736c67d8648fb3fd958283fffa7de3b4
stead_event_01686,57cd6bb67e0eaea775adcd40f0b6aef7a703fdd0fc33cf130456d77b77bc112f,33686d2ada0f3566ff3b425c5ae613b72324f0ea9154c80eaa0d5c98b5556461
stead_event_01687,d4b5b06ffff81983c150b76412489d4b15c8f0cf34a93daf54d7eeab98f5fb68,c599fe63fea2860281ee7688cb205a2c5ad5789d6b40fc5a8db244f70576b453
stead_event_01688,f7e7cd8bf17977ed5b48d4485421e1976c856b896274db0805d3fb49901baa58,854c0e05044620342c4255fd515fe2cd339f2aaadf9cfc4ace177807230c9477
stead_event_01689,fc7e2803480ad5814838f743350e5bbfe44b85d5b3e58fe07c3af1768bfc6116,dbef208254148776c657f446fac85d2d07109db8dd367a61be76f740984957d7
stead_event_01690,949738b5f2b38e08abbe21093172e3595ad5eb0c9e89238bb7ba9d3b0c0ad06e,acb82cbfa4763baddb7a978cf080d747c91f21bb1c11417920147d4d33c411c0
stead_event_01691,0964ec95d9d8ef04aa7a5762a0a4a9143e9d388de177cfce883ef89946077a35,2370c9b4ec800a9d48ef734302f84e37169a9c90e4c74a42021fc5a27a78cb59
stead_event_01692,385bce46c7c91ab85ced414f3b0553cd0589722d6460be1d37adb83f7a8d4228,47e7ce1cc42051db55d76a3b31e5b48b8b2a2c944930fec667023ce43dc94bb5
stead_event_01693,4b0e7a13cd383b0ad771507f0bae1ca26fdc78ee13b48b082d20df5c09e6dcc1,23f0b34badcf1bce9ce991dd71c86f164e80e733791b0d079420ab9533561d2f
stead_event_01694,8fea64769e205e8048df630b1a467bd99ab601a3cad8f9695c67d466b9cbbfe2,880ac48cdc60dfe5eab22d28fae71c722e572eb756f3a2b855ff6ea5f5e9bf52
stead_event_01695,4d753c2c391d062304d99e6161279c0d9b3a7fcee0bea3a4c4883fa8deb795d6,eb0ed484610adb5be59c4eec1a89fedb13dddec9aebcd7f0a9058f2313dda837
stead_event_01696,4debb0417e8f906a348a70163be5a409673a0682db37cf18f14ed531077b1445,896df88f44c9dcda52b99917a57f5546e5c1abd5ec06715c78bfb9ed4ab7ebc6
stead_event_01697,af1fcc6893fc9ac2ad990de094625a34ee5a659a496d17193f106a686e7d327b,a6cc1975015ebe5e1faa5cc182d1b046abbea8fa0e83ead74fdca907f1c0f0a7
stead_event_01698,5a2530aa3e88a50f0b03416ead54ccc9a8d2df88b433497ca5962e587cace458,aa5a3b8c1f6484280d9cc73f8f44b986a4e61d30faa7e327cef34095a3752b59
stead_event_01699,8e3e791023a0ccf70a49c95bb8b507a0191556cce3d941406904ab4ba2664422,73760aef435fba94049409bb3ea1796cd16bdfb8b70a440fa3abd5c9bfb10bde
stead_event_01700,b8e5c5b9b3c10b844db65a18a2c1d86ed7561c7950f8b29cd28541b54c3156b0,d7b5224aa1e5d99c35338d3cb67e6c626dbf8fe4f0243e7ea2045901570b80a5
stead_event_01701,019fa4ff6f4573983738b7ad5f50123f57a8ddc61beebaad92bc82a7e00c5e8a,1180b98145c8e757c6bd47f2371247a4475059a26fde53875396904f0531ef92
stead_event_01702,8e67f889bb78c50b92125afccec85e3f5ac348f1f77b3dd46297bf7f0b11324d,82aa37e09e8235e2fe0824f76d944831ccba02d513068a55500129d4c49a4b41
stead_event_01703,90fad9b86dcbf29490d974805393a945560bf0cdd9f3be39e53cc7c056fe79a5,f935f6dc33bbb965f41b68bf9a7e3122f515ed44661f94f67718e68035d6887e
stead_event_01704,427d057f63b298ceca075ccb6d639910168d880e0b55dc718c69dad0098f5e87,eb7553c5aac876bc14e5546fcbb087f568881b22bb94cd5c541e8e2ef0777833
stead_event_01705,00b1404c9fb8ff3d097c5bc1b36e282e3ece8698a92f04247db69378097f079a,77f56bf5baa61d5a316692874196cd324447f1a8410c8ebc7310e491b1586612
stead_event_01706,fb6b38bab8b9354ac1b130f7168fa984a7c35688040069212b3e380c8a7e2ac0,d823591a62fe83b192731d3d10c8016aab3bff0a35fdfbcebc00137b15c5fb00
stead_event_01707,acf0e520f7ccaa918850088e84cfc2c43b544c4c62c5f108b16b321a66db9db4,b5cf3cc0de81c4311bcc042c4a774e841e6e77614766de454a005975cd542336
stead_event_01708,8e3ab981b78f20a99ff39e99d75c5a64d787831604f4094cb28af30968431a87,f85b34a6f5a0da8c1a5b13bce4641879d6ceea8815394c7167c2d4a422e5ecb1
stead_event_01709,6d1dc1320a26a751bfc51c072835944623feac9fc80554f44c32fce7e114f016,b873ee8f606a1dd8ec63a9b0a6f730b65bd59f6ebfbd2a4d884683937b818e08
stead_event_01710,10eb7290a106410d7fab2ea7769ce02a609f8bc2863e54a0ef31cb04cf74ca2d,e2d75e63cb5cca299d5994f7f5899031c7bc8784e256ec0f3355660037158550
stead_event_01711,9964594e1b0a8f3173289ef7136943f07f13941405034c7e2867a3a01372f3ba,b83e33c6e3d9962df181dd87e2bad96ebd150b8d2d8d94d5e99e1a329996f8fe
stead_event_01712,e2c6c54489a1e1c85e995900dfaf7983c039d6fb86dca06deeb9f85edbf64cbc,70ae32ed975c544566db75a8a5c150fe6984beb6468b34b74545ef1c1f6859d2
stead_event_01713,d6b6ed7074bcd216301b06a6fd5b23b6313414ff6a3030140713a28ddf6670c0,0dc75bf15997ed7b51d33c86861efe408100d18462a4b515965053b37e6282c2
stead_event_01714,b059331c4414a84cc6390c6488a9bb81a769aa8d547b47981517f8f3fc13bba0,bb51696b085036c5e9c92ede4ad54e035dd5b966858a770edaa48e86c8c7424b
stead_event_01715,3bb8ff1b5cf8acb7b0f4cf1a8b9dd4819531291f4e94c50b01789a81a7b4a13f,79dc921d331aa13909d6e9c89686881095bce1853ce581366005c32e75fe1442
stead_event_01716,0ba8813927532f2526888855b61b3d4484262c5133a15afa535c603c6721e94c,69fa459c734e2bfa1682ca30d8775147a5a75ba14ee7b98571f2cc1a647a5abb
stead_event_01717,e255d8fad9dcc0767720cc4b023c0adacc949aff07684a04ff6fd87ab1c44be6,05ba9aaafb0df896f09a28ccc23e2460cf3b919a8630ff036a1b2cf211e03371
stead_event_01718,85ba5c6c91e4fe815d6e8b8e3ba7b6e3a5ba5b2c4df95ef7aec36401d323db08,72d1668cc5f720e3ecb591c2a8f5ae5365b51dfa8bab31a50232e130137e94d1
stead_event_01719,5d00d92ff7c63b54129160274e889f1c4c0428a48f0d991bbd7c74e57fe1f502,6acebfa7c6310673c1270cb9475ac954a318a42bcdd0da509caccff3dbb91f78
stead_event_01720,daa884e9acac100eb19306d272056deb4293cfe6bb3bd548c53f8f0400af333c,8f654b3aafe155d8ee040d6dffe73615e23ec600fbb3e38150f49286a89db061
stead_event_01721,e60c736af39988b7b1acf3b4f10270bdbc69962b068291af8511bc5706e9f0b8,6fc01edbbdf6de0cb946eb855112d2bc47a492b479b3be55012caaa94ba453b5
stead_event_01722,ec845a8572ac9e9c09fe1f2eccd3123cb8c8d3e76b59217c7b3b4cfff3614617,231cd2168022c1f3a92574c3f925805cbddb7ae93560638ecfd0cedaeed688a8
stead_event_01723,ff6bbf89f7be3e07934b4d8e99dd0b0e9198f7cac7db9a8da4cc5aa8a4345938,a23de8cb1a9c62c702880a595089a28fa1eb27cfa67d910da83c3fb54dc24f9c
stead_event_01724,f205bc22568e3d7ca737202ebd0828dc91ae31720fa32c74aaffa18a45d12809,59bcd757dbfd94072b5cb83d85d8c133c056cc94541785723ce94479332122b5
stead_event_01725,f089feefc25e0717537dfa8582d27d50f8ef2ef60e4830a7e26f0455d4afcd70,4063eed2b9100400f9ae595997dfdd2037c769cf246389e5f1f3b985c7494634
stead_event_01726,3bab04c57633fbb9f466258791c72c9a52d06650d6e3abed458935308336de4a,c4d42d625d703bf9eeea88774db2c6ff8885a83964d9ac9ca3ed91b9abe66f2a
stead_event_01727,b6f95d96e3bb8a761b92b98062ff3c0b7a634d529f1bc709a11c6694924975b4,a9cebc7586e249c59eaf4e087bad312c3d43985e203c68ae1e3428fe020b8b1e
stead_event_01728,e9a12e16ce4ca5fe69065abed3de5f05ad8f9c04dbdfc2e9fdb9c15911520e9d,3334345ddcf4441d3a9b278ffa258fc80d58e90bb3d5a4fe2863a6d4e8577d99
stead_event_01729,83cb5c9c97c1db60f01cf24a10ce0d6c8ca2cff5cda12102eb5881c0e4aae1ac,c328a341d5e59c54e0ff5bafe2ea70214bae13bc37abcdf330b2e9aba0ab5d97
stead_event_01730,7f5f3d7188af8ac665026e257a236f9155c4ff2caa87c2a384f82e5bbe96aa51,b9f17292751201252b7b24506504746fb902f3d8f89ac704537db14e978e3b47
stead_event_01731,a33a72c81b554c21f30c125ec2d899db9efa22c1046fa1757faf5b1c08d65ac2,fb0dfa44199b0391d03bd677688c60c5021a74195559bacc4d0d035e9b120d20
stead_event_01732,ef98354abf094ba7d5cb6eb038aea569438dce663689a07660f86e536789e7c9,ebfe4f37ef7e2f123930144110dacfcc37b9fc471df8ddaa4e143ebfea9df92a
stead_event_01733,1123be291bb98e834ff8251f18596a85b8458ce2cbd9e7a07f04007e9a32147a,a79306d1002874fc1dddf9a8e34e15e574f700b30e35011b106032bdfa4c62fd
stead_event_01734,53e57045881cbc3d3b570f3bdf259e50a096022a093408ba4fc702c37a385dad,d670a4009a1fcfdab132586e228a8f4ce1ae6126d444050ad81a04bebb5f0117
stead_event_01735,39c430ba26485b84c9a40791b882f613b1719a88f3b3d00b96b377fd4fa19e3f,b7105b5673c6638b0137dee5cecebd54e2eb661f15e618de7cad518afa67849b
stead_event_01736,4358fff4ee4be51b8c2cf7a793aac6011768a6b87e6fecab2f2cbdfa396ab023,411abfe2b07ecaa6773bffb321e06dce5abf70c2a5c2430eb8c533906e4b6ec6
stead_event_01737,ff7603d7a9be12473e8e27b1645c25b1a5905e1f2ce288d9ab75e53518cffe95,d92a6df0d878053b015cb5c58ec3d2f119d170154cf15819c5b9e4103639857c
stead_event_01738,c8fd82e497988b7b0e6f3c99f5eb514bb21ba79c0401e19bad80479c62151796,0a41b1d7391a75844345399a7fd7538e877c821f5db85c120adc42fc3fc3fefb
stead_event_01739,3aa2e4516ea2e9f0fd1f782e53847a30c86ba88cc56b08439927d72898d108f9,05977c6fb32383fe8f0cf6d35ff11a9951f69761dfbd2bb2656c46f473e4e490
stead_event_01740,7b129d2bc42deb2c554ee10c40ce4392d5f89317ef41813c1bfb65b77cacb55d,e770cb8efb5adcac414c60d6e0607f2895ab238941c33470599bfc2d49e83b27
stead_event_01741,c718c010027fa88346ef49ebf7d504ce7979fe3b5791c5397fa6c8bc2180f2b5,607a5bf9d618ab1fe02a97ec99adf3702065f8ef88c1819ddeb8e15f836f29d4
stead_event_01742,39f0d80df1809a0bf1b9661cf84c4e068756250e5f406b7045aa488e3397fe7f,259e4b815c717314009adc0cb55ec2d960668c278d10ba9867cd414be3165f29
stead_event_01743,e6f05e29be79a67e6291c4ba35be4053be42c4c41b86d3c085b9fc28f2c9ba5f,f8455c4c282114445a9fe95d1f13b51d40decc95c0ca110ea8277268f6474519
stead_event_01744,8f02bb0aee01a0370b9a0463d2fa7fc876b4ba7d2effc6b511abb23057c04d85,b4f9b69102bcdf0df86c002d6d338883d4e3c57f1617a351a759a0991e20f05d
stead_event_01745,209cebf165b28076eea6dec6bf6d130e3a3570dc7c5fa98e96768dfcf05c7258,1682a868e990747dd69760d9e50a7aa843a38a9536fbefe49568426d50e8c18d
stead_event_01746,77b070ee198ed2a8e36ed1939d0eb92ca6b99b2289d7f3cedce1934c33e1e459,a318d3166822173a6f76f65abada2f7fa86ab9cd8a3762cac05fef5c187769f5
stead_event_01747,1bd72224446698926874e7a4900981b9d6086df7ee4b32d8cd9e2d1d226226a4,3f8074e8463abd7d6c296ce5134c5c248d04dedabce7c4e28acde81b5a7f652f
stead_event_01748,3b5c1f7f0e367ee32c1d0caa448478a58f012c02000971e404f56973cb51e31c,f3095a633e13e38bd57a0ef84db8a81a90c4bd1871352505700437add0b2f213
stead_event_01749,30660b896b9506e533714dfbd84b00020c220dbaedc0d0276384b34dae0abcfc,211eeecc64ce7d0eef4ca06e107d5e26b172f915c16dd6dc9e076ac7cadffe17
stead_event_01750,6914680ea5edb9db7323d0722289b0b8bdc3ede460527025259250c9daa63877,6a8bbb71f060532c327be75a8c7f0751df933d2aba0a4fe1b37b2f1647118905
stead_event_01751,b78eadb7fc2a93fc416eb455a92eb02a95b516869afa12c28aaa086d4231e1d5,70141066ed6cde0f23bcd2275c268dcf315258bea36998bf0cf7d7c3c8b2bf08
stead_event_01752,77f79ac11c67a157ac97d1bb05209533d72c64004acfc37df8e364ec7b70ce96,faf6c6d84537936645c04e0b70a50cce1c90e6887123438bd51677ac03aca06d
stead_event_01753,68af95c0ab044e5161df0c5aeac7625a1f20a7a9ec191fb4e748c3952f66eb15,ea7fb66c686031f5f380175a11668911641ca19a17da8dc9f8f05226a5868453
stead_event_01754,17e9f01d0b7c4b9b4b6d17bbe741dce1f32f3de51f65a8d34701280695502851,5ee69db60307810169db892b40838fdda8c1eb4c3d9899af4138c3fb85c4db94
stead_event_01755,cf8945118b984bb1ca5dbac9ecb368c2cc1a8c2da9adef013a1f15af95c761b7,b1728ca93f88a660fd66ab3a4ce61cbe218a0324bf1d0ae90ebe72e13478064c
stead_event_01756,4aad4d79d78d5d537496f69d341c749d498b4cc787ce8565175309f202c066ec,6c5abcc6c38da070898bb5b6847116f3bccd8f0277b02cc1df4466bd0cd86717
stead_event_01757,ddb2a7a1c80efeac89def31a3ae7b9dfcb6c65757ed08d645a9308f082627768,229dd0896745a01004d1d4006474ff964e9aca81bc6abe79b2821b40740eea17
stead_event_01758,fafd980526987c4db32a78c0eb1900f098fc4dd0366a155de22a3cec6c575144,fe58fb5355e7c8beac52883950a70829b9216817b861f4ddc2793ecacd051aeb
stead_event_01759,6b11417f44f1d3ea9f4f12d2aa7ba3fe1e2d3c71f9fa869ffb228a39251776b0,2ae7939fd2285fa774c755b96ad4c06d95b69ceee04cc66cad442e6299032f5e
stead_event_01760,9de1f22a4d937a0ebfe9f2ddccb360e138dbc5cb373e036678fb1213c712ac94,0b7c58e3477ded304e4d51e630ba5309772346c182689599ac3b3e5b2fd38bb6
stead_event_01761,36dd3e0f7bc55293a8f6149ca9818e81d2cfdd97676042f41db39230001c2a54,70914d33734a72bcbed53bf583ad706de3973181fb070e25ed7466e9f482bc8b
stead_event_01762,bed5e070d857c1d53fdbcb80eaea78ec8e0201863d713af381ee76d42fb5ac69,36b20a8e22c8938c731dbaf3d44a6b10cd7f130be434daa4ed59ed2420ef1fac
stead_event_01763,ffeada398ad7dd163823adc1ffb6b0f5f6c69e2994729702da37f08e9c6e4744,ff35d4b30bd6f54493d564a2c8c73c5ac1571d61b4701670d271370e8b6a8a32
stead_event_01764,4672b836dc22b69fbb38b35078eb53105bc45f8cfb68237efc0ba86fb5640a4b,4cc3191464383dfe05905d848d98d1c1cc9d12e19c096c9be8c4b1b8520e682b
stead_event_01765,d0d83f33f6353ec041f2283255b092941467ce0cf827ec45f4015ef681f7729a,a283fb28fd6add9cc0f9a2e558264b7731f2da1fde4161c680d5492ea76c0dec
stead_event_01766,7a4c5060e1d4a1ad46696bac8a8c41f2a0378eda2a09699783683f0f16db3059,116e58b2470aa3b42e0ad2a532f8bb263934df06ccc9cf29748c4fd6fd668c2a
stead_event_01767,790400662395cc855b154dc672b74b6073d6cb212bf6c7ad7069c8a888348846,9d6d567515ba3241aac8d15391b579d84c285c904f435d6234c665bd9e8e5e9f
stead_event_01768,4c30d75becbe63ac80ad7ab731ba7ae7cdd5287228058ec837c17ad4b6ff20ee,d6e8acfcff64ebf1e4e894ada62776bdc13796234c6ec256c145fa892e01bc60
stead_event_01769,d0c1dea4f632131b0efeb06420c8e9d7b0c320fd403f7e45a31365d9df2ae830,81191583d674ee04cdafb97f794a984e27e65ac924af96cba2dc019f56254d76
stead_event_01770,046c2b2c3586dd47a04ebe88279ac56bf34e399cb96bea2250f4f9bc2c41616e,7238db4756898c46a159a5910c0c8d6aee0a0d931bb836a316c97566be357047
stead_event_01771,14716ab636ec6ec1ad527b1d0f455be469bd318ea2ac07c4fe5b35e88f2575cc,7e2b4a8fce4379e36ce73e1b2a2a9be9d4476cc07add47bbd614dddd0f6d1d73
stead_event_01772,1dbfed8f922f4517e3f47461b2bea910f447f256d301277796836ed722b11547,b1926040542a6039846a1852aa0b8d2c6b3d0827bf2f51b0ebceb3c9c40334ad
stead_event_01773,90ef96909b46ef00f35ba7439ebb8f65c121b549f9cc6369464e67fdd8bedeca,5e85c3de1b8e8c229b43de734e7d46101864f8da7b7dc39802b37191179c7a27
stead_event_01774,2ee92f61b2c5a91c3b46cf5a07cfa751f58b00c30fe227ac41cd89414aa06366,799d79b39930af9cf68829a1408d6379b970256fac05c1b8f17d94c4e201512a
stead_event_01775,c8ce0ba0b461befebfe5b09f44eb829446959e8f2bdd4cdefa97c69c0d695e29,20bdc6d520b6ab9b82cf8bce0c059c60de190653aab86ace439aa95947d57443
stead_event_01776,2a0b2219265ae33ae3c48ac7903b25d9cd72dcdbc15158383e1bb9985edd8376,329eb754af4cbae1a5d73d009455dffbd9fc73d954e5b9c8035b8a7125d6ec76
stead_event_01777,1e15b7d92d5c4ac86f60d15b5ba7da6cf8141dd731f04e14d181024400be47bb,0853ad1cc2b154f36831dc4872aea624c7d2555cb05eca469046b4a04ed6e365
stead_event_01778,414ded5286f3e4673fbb3d752c950852bad30f23308958a720cb99c055b0d087,3ef559088de6c024d5e28ef8a39dfaafe7928089de7daf96008d05811cf4c208
stead_event_01779,66c7f170be1ad98f654f26f7afd4496d5a9e137a50d0d0a01ebe3eeeff5f8e90,20032c0edff14901896bc16a553928902a8b25a73d3594a21fb5812352adbc96
stead_event_01780,95e4403db6603788ddd3ee4688034579bddbdaef55998c973339777f161ad93f,26a00abe6e6dd2ab76fa396fba0eb7cef7744954317916a6130ca73fa5394cfc
stead_event_01781,e6e159e16ff1af771bac08d04a163b6c8d22d09c0425cecdfe53cd30cb64be14,28d7f5a653af9873ed3160ea3b9da3cbb8056b12036f0b21d2e5a31776d97e8a
stead_event_01782,589fd516e14adcc75123f0957cf96d518a3defeb62b4e15c71e26facbbb11aae,ace7563ababa74979d95a1c0af49bb0b20c3a4bb75e4fcb4fe6610661ad37fbc
stead_event_01783,c24d2c8d50866c6a367311c92bd251cecd81c57097ab3ecf9035695d84d43711,c501a1e0357e3b2e7964cb7515f6a4d87f7c5cf2af693ee89d8bd6eac0593079
stead_event_01784,5fae5f54d6803f091d0b7d165048b618338eff46bf20a41fc120683d984cdddc,e01fa66f007905239987713dafcd5f755bd562e1ba045bfc69433648e893e426
stead_event_01785,47105717ee28d29318bdf24618cd0838c93845cdda6b9a311111f216e28dd29e,eb0d3ab273a4f8c651f9dcf1db0f138f9fae25101778bc1e1f9fec7e26072fde
stead_event_01786,40f7f625cb8c62a7ac7cc74c8b4047e388a8088e8f5b59a94d3a6231cc581e2b,386c52d3119572cfd16aeb6fb87fb6e9e52a75ee087773d590d8213cf3764edc
stead_event_01787,12cf77cc246096643ef36fc8b44a9776af2eb69944392c3eb8819443f44598fa,4c558da847b28682207b6104236934db722d3123cc80f2e06bc63ba73c006f6d
stead_event_01788,2a08ff05977cc0cd22d842c3c1ccbf8194845f2c9f88c47d4b70a168f46afbff,1958610c9ad4ea359cdcd5d817157925505d3a113b15bfb85ae55581db5e6aed
stead_event_01789,fb0e371d1e3cf851e725df0afbbaa150b8105fde4e0daf77df5aa7a32ef0f34e,78e48fc1cda9ca4528a026b8c12174f7402d821c60c1c0d6e79c29968b1aab13
stead_event_01790,fa4d75b06c249852e3c242b818e28ace3c6f82f8b730342041ab335ea2b9964d,e763f77c3f48a0dac86c7fc1f2f2c861df61aecf9700aa6ae90676da261699eb
stead_event_01791,053f90033bedabf398736085d47be6b49ab4d4a59127725ef54a3b60c3a73208,81a18fd0db951ce6c1aa451c47c3f81c043ac6cbabb80e06d3a130ac02965e09
stead_event_01792,c7971d3b7d054dd4636f314998ff9953b140576d5d3c21616f9a5d774d456002,4339dc6e71f19f588091afe1d0ccf080430701ee95c7104825a74d1c41b815fb
stead_event_01793,fe77fc80cc72b75776c53f8aa485b8e0916259b09e5a786ca36714e0497d2fcd,de4d8e394c89a901acf4cd6325bacc197fd5394ce5958e696b46be03bd5742f8
stead_event_01794,ebde1233ae2f1bb76cf47de0a3fd926ccbd8c8b28cd882ca6076561ba93d8365,bb82ec13abc112203184b1f21fbbeafd38c2ae4727eb1ff4522712229f4d9180
stead_event_01795,eedb4cc97256f0dc35e8d21180ed1f6459052d18c8d79524b2a29dd1d407e717,3ba9a8f14aaf16451af25565fc38d99cee691f7337af4ec421d77d5e8c26cae5
stead_event_01796,1610771811045441262137044332d7af1a4b985eb435b91975aac7c52ef981b4,b653e288f7644514fd51f6e69bae9e3f74176b86b055523da74ec3b275af57b0
stead_event_01797,499c158929a599f6ae867281fbfab5d093cc742c64f686dcaea50df5908871db,029ee44c115822e6642e00715249ef9c368eea42156a92f940e930a36db02b5e
stead_event_01798,fa33a84d1572c43da974c6bfd2487e6e1423ef2caa658f21455389455b7a8aea,f1589aad777f3b05d19fe1fb895f2802cfad7f02485c2bc4646fd56d0675895b
stead_event_01799,3436acf03190d3eb59224c262fa4dd420513c764f42f7309de0c03ce43dcdf20,f86b4479340a403a741d8a0eb9810fddf27c3331ace3503020d1d54951bc02cb
stead_event_01800,a18cec53b447c556430e7242d71219e2b28d4409dc420cbcae8afdd9257cddda,14d5b1707a603b49cb153978fe71d4ef8a4b72e072b3f90ceb2a8267a260bd79
stead_event_01801,1aafa2e63b2d885e776fb3d384b708acba32d3cae28f81a961f79ed8b38b3583,480d8f6696c62914b1917cda0310d3bf1a1747db57e882e290f18e1dae6540fe
stead_event_01802,5bb2f91cee635ddf1280f0adb176d70514c6a4429bce1841d6449a61217a9fa3,e2437a2192d5b0375e0110537e6cbd55e1e520599ab603eaebca7c2c09300772
stead_event_01803,6fa876d68656db2baece81991bfdb8a0a504d355d53384159c6f1efc71b5c1d8,77cce3b39f4ebb11583d62e76b919670560de8ba337c399f49858d459857acbd
stead_event_01804,f6a7a925b6af29a81749023325238aec43f1508a90fe0809d3022fad39a7b5d2,8088c224e31e84d205303e5e14094dc7cd9b9354dc2287fb0b0add91d0363ee4
stead_event_01805,8bfd5d40faed935117446f6bf9ee2914eced336863d4d4807abf1ebdb7385d69,99243de31a8b6ad03df4433c8293a8d994f078a0a268fa26fa31d4cc0ac2203d
stead_event_01806,e32e2eb668b4c18f015a056c77216ac8d0964f23f27cb5a65e60dedff4525452,ed43564fed5660bd20bf1a8664ea2df5aa8f50529cd4b466b8527c98984d502b
stead_event_01807,9e1d7f9fc509c71263e0b243722fd038913111ef54cf74bae636d34019fbf37f,4de8e5d22013b43c38dbc800bd5f8247745ae1abb462018943cec8ff92f4ee77
stead_event_01808,df342307c861bb69169584c34e3ea67425a89363a3a1fe52658eaf4e8b316f11,e155d61fb95ab3682cf6c7826186c8fde136dc6da922eb31efb4c70c781e063a
stead_event_01809,a8177eaa23acd7e78dadc37f3dbfe8bfd889ef1413b78b3c8aefd89a2443ca34,95fe304cfc1c80e9db08382daacccb18f67f579a11446d879a1baba708bf121c
stead_event_01810,686190ce1889edc7e9c4963ab09e6b1bf80c75d9506d52e72f490e88796535f7,e98526089a2735c43533895d047c8781f847af8a30b6965195439165d0bd7968
stead_event_01811,0cb7b09b9a653ccbe705c9f4f4e96c7dd4a45a38c16b21c8b3ac350df5aa9c1f,bea9abcbbb962861c1185faa935a9ad6dc26940ebd3b6d1fe27cb4400699fcf8
stead_event_01812,f1bf4acb61dc6967ed1a31322f5bf9156038245160cefa5f524db20edd520b37,26fc36c4e77e9fd601dff8dcabc50c8187d45c915841e928b96420b9005315fa
stead_event_01813,1bc47cc3653abc190866b5d61ffcb8161555a320c2e3cfda1231851011b2fa03,e1b3b62a888ec7a9024880c10e3a87fdfc9c4ac2650e7904202e03da2af89b7c
stead_event_01814,600cf4477ec3ac99fc6aca7201cef76596534eee1af57bfac440a2afe53d43c6,60373e5145db00de7091cb6927c8850940be5908c5c091db853a4dea2945a105
stead_event_01815,ee7cabe6137ba4b789f61bccbd6c404c6226a2ef39ccc58938b5d2f015db4a2a,e56923959637243476f00f29b2a9d0efd8006bc8c7fe0d0b909ca791f3c25286
stead_event_01816,6c3060cab4cdca0679ca86e0cf7c5cd1d16746106aaa324e92578bf09655fb7f,fc95006d4d1ef7302126a54649efd0bc1fe58075208e01c8015733f84387bbce
stead_event_01817,e9f7e5e630a4b54f0e688f0b7174348675462d4d1cbab5aeaa75b14972242f3c,67c0bfa2801afbb9cbdf131920fa4f62eb21525a77866d64a560545efb69317e
stead_event_01818,18fbfbcb9f62a2981e25510fd6a75e2647966c942ce9d7cb4633da25b17d5659,f7433c7eca48a37d8edbfda6742a63a8d2dbb5036feac1dbe5d6e718b78992d0
stead_event_01819,3be4a412317b22a2a108d03a5a59d4867ad36a0eddcb13de33925b15adb22ab3,b56a07a85e8aaf75f875fbbfd90ddfb8961d59f5f22933753f6acf8b32fc9b6e
stead_event_01820,982e38bc66dc5b5c4965ecfacc14969cf99dc92e5919ba35183009611dbfb5d3,5b4b4e665f7ee6ca1880694d877931f11172c2b4acbd71041406c5cde9d5922f
stead_event_01821,545ea83850b0ef99e651a8edb8684000d14e25e80e2ea5e2af28775bbdca5a09,ab757315c689772223576e7d7baaf4b847ef5f1dba38cc725650361737847ae9
stead_event_01822,c09c3d9fc6085bbd9fc8355eddb13c4257144c23efa3fb53af3bab8a01589b66,b85f46260b88ea789ad8fcf1139d7505b959f9c59b90ba9b8f2b829246c843f0
stead_event_01823,6aebac1ffe05917bc7d8ec5ca4f48efaa1df0bf319a73d6fbf69038fc40124ca,a65435cb9044124b6e925810f65023fd9c20fcde3df45fa3db431e92780bc685
stead_event_01824,c01a556f699beb46238962131f10196d2b93b98ca807d76859bc6277ef43b50a,47be61aaf2db202035d6c9c8dcb771a479e640d134fa2679822a9fadd12e2a15
stead_event_01825,3e38676382fdbe47e440c6efef5e1996de48828036b45125cdc10a40d74e7760,6abbeb141497c997c4b9a2b59bbcee341cbbc28751b24be5096665252fbafcea
stead_event_01826,ab683637fe9466b2210778c0e1fcb3c60fd09e77f06bdc0d6bf4dfba75b6a2b6,7029f838f26a3be7d6e5d18ff90cf455d1f294528ceded2383f5f41360d97bc8
stead_event_01827,b21f57b4b33bd4225e5a9965c0a14cb09504f310a525e19e3d40072e42c9722a,0ea48c4d79af8fd43c68761835423b113bcd6b4f3e871f79ced300ce3c5b5997
stead_event_01828,cb325ad5fca39592d962ebcae1ca55dd422cdd31849ae7aed7f84f0934ee6e2b,4fd51b87288d402aa494af373c8cb1eedd9d165ddd5b18a5bd192914f94ad27c
stead_event_01829,dc12d18968775cdc607922304f39c76407a9d260b803c3ab43396a8155b6de44,7693d97f41e56c8ed6ac06ecf5ecc96d52e2ab63f45c09a07a2a9e6fb112bf7b
stead_event_01830,f35abd9f9fb308bce4fb458d7f59faf3eca5ab8061d068b7019e0f759fd1e11f,af2a0954fa8522eefb33ae07d318473b2b8437f8ed75811dbe3adf102df63017
stead_event_01831,f88e4792beb43931817438007b11c950cce1b858e7050562193ec316b0d89a8c,f408f41e8fb0d0d483616910aca155464f31fa47361390bfd33903501212bcc2
stead_event_01832,990604a594de0d9023362c535d92479ea3e766998c56ab119c495a2d4b818e85,f1938428d8b39478a447a310d911b85cea54e2f64fe35c06dd94c1b18337ad0a
stead_event_01833,86954a60055c49622a84313074d735609461121e4cb933695002a7c81caae497,4da05ea050af146bd0ceeb5a14f57cf3104c956e874a686d0c1f9d813599b505
stead_event_01834,948a4980f210dbd469bc968ad14e995aa837ef6414ffb69c368bdd45a1fc7058,2b0f01df9c810b1380f0d1d7c880d4c68088afbe5342956e69fb229cc6b40e5c
stead_event_01835,32446817d1482dc8876cf783a5c93a05a6e25fbb4b4d76759edc885c0567f2db,5e93072233f943690e68623f448eabbf4b9f577f898cbfb3155a185d1cd8f1a1
stead_event_01836,778e3d202b2379022547ef759728d231e039597c66f8fd6c41ec94db6432ec79,692bac0eaaefdc469ebc07560488edffe4e113a81a70e2ad7f4bf3bf891c64a4
stead_event_01837,302dd1ab3c7eeef483f45e466ac5a4d44623e594c55fb0a4c530d476feb01547,14e497cc39944464c28144b23b6322844804ef5bab804e3579e760c3c9849bfa
stead_event_01838,1a7165c7f9f2ba3f458ececda26b9e8501bf2787a7010f05542d7fdf8fcd8764,0f4270262fd15974ee3765f34e7ade35302e55980ed14450526b1d04b6935a66
stead_event_01839,398c35139ac784ad4f25cd4279c9f710a576e8a540f06295ca862f997c456f77,e0cfb02a9dbd8cc6affbba65b8fef3b44347a33aa1c541449c6050362fec8441
stead_event_01840,581d16e9d3e51feb2412036d58669f8de281180a41174eb4e19a5c1d4e9a8662,94612ebe064f1ca9e3f3e10abd9b68d67e2f778b59def08edfeb79510eee5e27
stead_event_01841,d05c758720e5aea77ab7da87cb975279629249c75c8acca510fdca6305b60b3e,5d349e5e8a994d29688cb06d2b192d05369f5b75699044b663c8e65979f1d5f9
stead_event_01842,c3cff8d5285f10668441b1306523fc000902f143496dd3c4a0f2fb99d8f25368,b7cb1e3bc1c41c7f1652eb59d1909e5e26e29fec656c7df019d10bf2c2d03fb8
stead_event_01843,86302218b1f7eaca9f69c7e732c3400d908a98aacdcbf59352bfffec59c93d7d,447f1648d48688814601e1142bbd5193a13cda0b3348a20a4fd96b0b33bfa7eb
stead_event_01844,1f0ba47a20b38d85f320f4215c32fd95390414ad92acdd6356feb402b4ed9c5d,080e7f6796a12c7f103e815e3339b87861cf4d82e849e2287ec55f6eb9ec224f
stead_event_01845,cb3c1c0cd3713d77889d68d19841fb8b2e2f7c3d48a0bbe6b248d26002162821,ea6268e89dd971cf44ee4604f608217236942cec40ee71e12892278f2050bb13
stead_event_01846,a5594f39cd8da0d6baddc63c8246332ec86c49203e085bd8f55ac30612ef5c03,78c082e1d3a28d54b873c6bf537d6770fd53c7da8f1538c1d0fa12aba140c1e2
stead_event_01847,ff3a73c132dc856a2e813cdd0e8aef72fcc78bb342c4fd35093de05c4ec1445f,44f4f93c69f6f560e20f6c495dfbdb5b02bf378601cea7e0845171028474bd9d
stead_event_01848,e65effcdce8b46ff4c28e67cb3f17a800217299213c0969e7ebda3ec237140cf,62c73445379e9a320f3c62d473a7f37de27e3d55177b2c6497a905be21b701d1
stead_event_01849,7af39f55ed81d2d9d82f8613bfd075296cf8a56a585e3cf96e9e660e8d0091d4,1b4a6b2856b718a6d3c8e95132a249bf87f8fa37bb7cd5252c11e63bd534d61f
stead_event_01850,9296641016dc1b313848db2cd04a0f994be973093bc03f9ed23bc6e4e8321242,6bcfb8b2a3767f37fca00fc773935d31f9f9ca8768efeafa3bef3224194eccca
stead_event_01851,2fd757340c2f2a36cd752fb8642425cdb0fb8a3c47446760a183f644c6f97a69,51b797bcd5e3d8db9ae5beff2829fb0ec0a750d436ac4c06e4e45a3bd44f9883
stead_event_01852,8f8ecce741a2f75ca28a7ea80ffe7320d964f65a5360ae73027c36f3947ba9d5,02bca4f2cadb153f945c5708f2198388d320040322e09e6aae8ab5a7faa66ae5
stead_event_01853,9b3b5566deb13a54eb87799fa57fc75b658f2677db04a22a7c5a9b5b81fe14a5,2b54f6de121c0bbc15e496a47d58f360376ce297664d7791502041e2cd4ab63c
stead_event_01854,2f75a29ee1e3b7ac47df2ef415dc3d4b6130d4f2e1f5ed5b0e38d78ea39ae83e,bf3807414a1f2e1f5155c43887caa51cef1d4892e2f84267368aec4515d36fd8
stead_event_01855,0967b053a4755722b800d6f893189491c052b15ed1aa7bb672d160e4efd8f12a,bda41eaf4544d2e3412aaaeb9b5395346bc5e36899cf6816b989125fe5e32452
stead_event_01856,471c4fea2c7a62118a88760d5df682b14d1a326a9ed97f1d163a4de1c17afb20,ad9587e5ad44ecf8050a898b938ca7fc288fcdab8b5f2d3b98977d1ca468c4a3
stead_event_01857,eb78ae699d4a60e73b95d48941e54b28866d99333bc318315ec920e998ae7a13,9c001fa29d3719bf06cb96f08b463b994c610dc32021d2f87b3404918f34f1d5
stead_event_01858,7b454069a9a649d5ac823b08454562a98aca4fcd6ca83570b7cf7e73df83fb16,6b4327d00c316a036bd32518115ae124dbdc648f197f1cea3b248ac410af87f4
stead_event_01859,dc7eafac3c1cfb128c8d421177ff6b3e6c5a193fd2986e045eaddd94d8a99e57,fceac2ebcc1dfda50d810529eff7de18f6b2de3c90124f5dbd25ab98afc87896
stead_event_01860,faadb3358937c40cdcca906f7490b2e6f34814a98244be53fcedd44a103090a0,d64ac69206c03a140bddd3fc53c88e3cc91a1b9e8e4aae674d309f104e14cb60
stead_event_01861,6955c6daed0c03c1426d30cdd47fbcaf52d45d8cdf579e6fc25e7ff0aa90c490,c1347d198b73a8350be472b399efbf945bf58f0c37eef2d4d36c34cc176c2a8d
stead_event_01862,da5082fcf93f49dc6c42ccad9ca719f9d3fd7420d6af42728230b18e30c0674e,8d5e2e75cf97c0c546019bc6ce8d655cdda6598d7ecae5c9af29ae73aa21d8f8
stead_event_01863,9da0c6a346f739cfc7df552b0642b5e9cd2e7de64696394724f33b6b93392dc0,3ba900c58b038ed51c3b410e880fc37e7f47ce7fab89a56fb35f22ff6ecbabf7
stead_event_01864,a223f24abea7edc224838839f6b7c52b7b66093901026d8b00e796f4132adbba,f776a331af186fa82536c5c1026039b3053edf35b04002f621ca58cc3a5a400b
stead_event_01865,8a1f4172390d912a6552acf4a4b1ec3716cdc72e71496cc56da411822ebd976b,ab3853e5b8d9f8a781a559e436fd3ebf1c09c5c4b70a244013891be7b8581440
stead_event_01866,de175f47bf16e25344099c9e8487813ebb41347cbe3c4502b76fc45dd7702a1f,5ba892288fa20bfed9cb0754f1655234a39bd97a769a9bd753aa398159a6e495
stead_event_01867,4382274c09dbeb65e9af9c3cc27a94c9b509768dfdd39b8b40611c7d29dab29e,3d3663b525b92a31acb163a9c4062a8cc2c584fe68156700c4b3bbabe60a500a
stead_event_01868,c57406c70a1fa2fdb4578e3485ce561fd8d6fc4f69cc6f264f4a66404eecca57,2ecff068a91fa0661e2a5c1d813a433f8262c4ec28b2f0e0a783a1de99b00bee
stead_event_01869,f31dfc0884834b83678c29dff319e545a8256cd55d8cd827a3579560d2d7539c,32254751b77dc2810a5e14a6066edd2aa9797e099c472376b34ea00603b218fd
stead_event_01870,9a16570bdf16b45bef3fa3d6317c267980d539a343762f7c7cf17faea39a2031,d0f6078f31c5f437cc61e6fd506db2da704aa9b6731996a2b95088995e59d019
stead_event_01871,e02cce532b90754af4328a31148dd2e939fd8d7ac346f26be6322a90a0c05986,7ead5374b776cc83624af049d5e4c0b6a6dff11d4a0bcbe14d98dbf4318e1b66
stead_event_01872,ca849f3a808edc6fec6f9faadc807ccc5b9568eee551e9585a6ae2a8dffd38cf,19318ddf7258b8e30a900b409d48d8129d122fcaefa9626573dda2f3ed6602e0
stead_event_01873,0b3ded7e3c5162bdd4accdcb1ac8a92a5f45c7350094f0cc70a0692fcf99e3e0,8b6ddef07a9d6ae153ddc3a95ddee53106932af1551b044d59e380c13fbb6dc0
stead_event_01874,dc4b1a6a06645b56a9369eb5d6d26a24328cbe82ea7e63f0e2ca2155060dab30,ac32002a9fd4409baf1b60378412fca6e6a3ae718ff8e37cc20a8f71721af13c
stead_event_01875,aaf3b9cc11bfa019239910a757e4f2e6ff6599a445ee37954f7261a77dda2efb,8aebe5d6a22d7549e7f20e8b3b01262effedb4f0e7978d274f6785317c366021
stead_event_01876,448056bea20aaead309c10868a5fec0c06d883b93f6b5afbda86a24b0da36b43,6eb60d12d374d670a83cd8a53d6f6d760de25cbfda10a2edabc4a8dac463ccfa
stead_event_01877,915ecf14fc0ded8531c7b01b97e963d697b4d260f0d4095e65db2f9ead2c8e03,f2dc2b6bc03bbe6ba0e053e949cddc8ebb84d820bb5606ea241d48c8e6bad03d
stead_event_01878,9633ee40599e9d4f146823e1f06cdbda801e1e3aa5ccfae4a1577bf4446459e4,5c080b59820b9191c0e2ad133cd5e45d02a4723e32544d4948609da073dda58a
stead_event_01879,74c0b1495de016bd75dc65bd3d2aee97babb74ea575efae348656c945cf61bf9,f9e48b35baff559e5da32e95d1c58fffd07baaa0951b3a72898ad4cf42a82edd
stead_event_01880,3a773fc3534cde1f84983ece1c73b72173fb64066f8bb48028ea7da74e2754fa,f92e0a5864d767293b2a0d40072ea9a9844aa5a077f256c9dcdfcde31c2ce705
stead_event_01881,9de9bef13a561067928f54e1a513b9788ecb9e719e2a9753f9916e6b4c417c6f,8208a1bb4214a23b91644d92983b141fd1c1f6fd993a52e9d3e7ab4afeefa048
stead_event_01882,ddae9cd395377847418ba574975cd5df8e581ffce956efc4d306341a734e7b9a,6333bcacf280b4fce79a826adb1027f48ce1be65bd4ac3f374aee1b8248e1b63
stead_event_01883,b358122a707b344d8a98f8b1b6b5c42f9ce75dff5ad1498f2fb1d96ec6a9c718,95769e08a868d82826e8083a2b62429b518ada6d5db5ea59eb0dcd7fa64923fa
stead_event_01884,1462587a79549996f5b48c08fa779ce691189d3f570c0777f24828cd5072f02b,55b5c7058014e839ca787616ee6927d08c12ef560a338d070fd279c111dc6a3c
stead_event_01885,45e7691e8f6598b8a06af45ba7b58f15a1f5536f107bf58c7023fe4fedaff382,e92c6adc9f65cc0afa125c320aa632d2293b88f5bbd5b0dfece2fca04b809e68
stead_event_01886,7ade0c46343fb366848b010566b4211a3a6c790831fc1665ff60913cba34fc36,01ae7881749005b3819a79d0d11c004743813215217363873632d91f64e7cfec
stead_event_01887,7c7cb1d198187459e3d7802e5cde1de2eedd9803a3580e6a15eef05e283b428b,03101fc376ddebd1ddd403e766b3ad9ff2bbe4342fd6f6a26c43491bd6844d7c
stead_event_01888,9acffaea11ba17b614da9fb551dd8c95be9d85db7fdd223f9d161e1a5b176dfd,0cd84644634d0516013e50f74d1659ff4691236f2f84a4be08a44b880f869074
stead_event_01889,ce1d2d52f9192b87328cc71b9fa03212196d38be39afd438044459fe4ca65f0d,52c2c98be409f04b1ac7f6e54ec4fea4db3684814ad3e8f69dbd0614db90c156
stead_event_01890,486d776bd857d1949b7e5f81ad1c8dddf6d1d607ee17f02c2b494c0637c54aae,9d21b0e59739062a2ef364d21529f486206c729f029c42db27963af9bc74d2bd
stead_event_01891,740ca12d422a77639dc32ba649b57571a676195d18a932b0ff582a7501a28c2d,783d271344e47acee71b2c8630a24ed5d5df23dbca9039afcf0185df1e6f3193
stead_event_01892,4b93c7d5adfcba039f16a8aeaa1c866d0776e881aba9e4970bfdc3067322acfc,b163ef65398bef92b3b1aabd1481da9db90c33a28e40038a83e90a4cc45e42a1
stead_event_01893,406d0be6ab2c88afaa08ab44f8f05d5b2ac041b41386223b444969427dc9c221,fdf271b9bc1168442e338840f3a58420478f65223cc8caef0d3604799e78b18f
stead_event_01894,cada28bcfeba1a5d3cb48874481b0e7aa5e8065dd5aeab3e9be113763516cc2e,2ae9fb922ecc47b707b5e4758097bd1f2303195c2f67a3d11658a196e4891d94
stead_event_01895,61685749672350898e2791a740813baf845b5c67f79581a4786b4e961f249ae2,a8245b0ad7474235eb3bcb64431669a6555f12a4d00b1cf005bfe9ec08b684b5
stead_event_01896,e0d05554c4b372cbf96206cf5981143ca7ce5e02cae6d06917b3ab3a29a79a1e,608eb437ac1ff47030f24237fa0725eea894f0838c91e67084f7f11ea6bc3a47
stead_event_01897,f53c1a29d691364f21bde117b883fcb57274de12a1e1ce44bfed0c03430107dc,67155d394bc5582973a2af3ddb6e12c9ecf3348ac9c4321e06572d2d842db2f5
stead_event_01898,d3eaa20a909ebd7e311701674c076b22df1a7602a8b85748068a27c281c449a3,0940573929ea129d9b974e385433923f754a1eeb1e4d67c96ecfe4a499fbb1bd
stead_event_01899,d29e6b7cb1d81a5ce89ebe1477f34e1057b0a947f08945a4081734fb100ffeb5,3d348569df8717fbbdc57768e612283a4a233436ba04469532317884804625af
stead_event_01900,b15c68a6a2a7c0ef035cef65deba2c498a3c0f4c20fa6159b08f249e14fcf43c,dbd8ccf79c6676465b33318996bec0539b0f0e64696c12e9199721b95c851d80
stead_event_01901,91f3b98207269f4d901cc3fb0b8ac1e7aa30b772294a2506e506bb5c65c65745,e6187ad8c08bed435124d03a5d3465edbd9aa03091ee58f5fc9799f0fd4578d2
stead_event_01902,8d343d97edf5b9ed5ba6fab937a7daf49454b57c263006fee0684c3204f8ad8f,4292d8af48e3222de5111f2cce462f6f6bc509fd774e0e17c4d4e8be6eed545f
stead_event_01903,03d6cd58ee1ffb2df40755d486bfad09832c967ec7c943d3e71cd380a2909912,c2c23b09adee0bfe8d67f8c97850ec1325776b00163bfcdc6861d5175dd26e49
stead_event_01904,70f67d0482838a13a703f9ff845834cb061777299095f9ee640f8fb701d81687,a3f44cac1fb31027815f3266fbce00f1693a79c86c085ce85850d0d1d5592482
stead_event_01905,857778d1242fa88f8f7614c9eda609a3d5aec2fa8df5f9b73fe264a348ded328,233aab099d18ec5eb8e96280fdee4afa594a21f2381051996fe4e3f04936717e
stead_event_01906,779061f682c05c92281b74bef3581c44b015e7be27c0c6ccd0b1a1d8daf57247,aecdffc13862f23b7dbe3d35299855ead0ea32081475bcd15e12f7b23ce71044
stead_event_01907,721d52ff79a521577376c7702be0b0901b7b6a4d5cef0976992321bcc66368f6,1e06d41527725553898328d09e5e9877a825780bb8a28c42254dc1eda5b0b1c5
stead_event_01908,ed86f9bac3a707eaad25b46a375f2b89780fd219d82d653b47d675da7caba1eb,908f2b0151be9b9023ee6d21a7c82fe9294ee935835f24cbc72932f861b0e9d7
stead_event_01909,fa09ec9db655685350864743acaa2ad21c5960ed65a3c1e6c10156c7b1129e93,e26cd4a8f8cab90f645b285dacd1bbde4b50021f6ccf84d9b522409e4294de12
stead_event_01910,9927908d3696d51354be9aeaba1a07eb743ef5c9376c8f4524a7a46421e43c89,58ac15ee7f873532dd35da32e5eef035a3162b9df0fdec4e36a241169ea75462
stead_event_01911,55e2300aeff1b0068035367b8898551baf800cc43b714031775acbf0f7437071,f89c3c20f743d1fbccce2ab52e8a317af087d5d3f5b695fe383a0df788c6dace
stead_event_01912,3b5c94b469cd7084499861d1300e29b1c4a917d1fee538b6a1da6d48ce7ced71,a768423c198ba6b23d98d63a801abf399dfbbbf157a7162749e57d837e1b331d
stead_event_01913,bd78e978bcfdcaa52374bafc9e88fa4f4deb0961e76f22c5afa530cda99a5079,e1e668e931b182ed325bc82db3664c4c27969df90509ee5e69c31867193aec87
stead_event_01914,698381c7dca71d458c578d13e0edf4020a2d3101935b5d79f7d279840fde9bf2,f0c59c9e393acec95f37e81555c28e7b2af64ad77255b974666c6dcda6bac190
stead_event_01915,8cfdcb5c38a3f43c01ab46a2ca8b382209dd64486c8b66f1ea017d3ce384a37c,2f94693480044f77ffaf5180f12ba37b766778054284ebc4ed369ea2c5026ad2
stead_event_01916,be379c8fb2afcdf2b7289e6f4d5a9b85159ecdce2df63b69ac43b0113762f0fc,69e3a6ecd12a27d3104abeb4594ac382ddfe7db9ca6c02ed217be014224f4870
stead_event_01917,e1e26de4c1d7ac5e2415bd61d32764d0a09288c5f871ea06d5d3e31b2f2709fc,b27fcd48a100645457dc967f2efd5d6c264395a22e6f2c969be86a95f5ab32c7
stead_event_01918,54e3f659fecd754d5aca41162dd47aa653c6496ede0d1856b50e7900d3770c58,9a31b4d9a22a78ef5f027056166ce74ae018c8724613c70ddd7ee1e2c0aca2ce
stead_event_01919,92682f9795cd515eed12d824d50af9325be52e1e780fcfc76937fe74bc2937a8,61090aa536023e02b748efdd98d49baf4bd1d493c3459ea5876a1eab66dcfe8e
stead_event_01920,f0b5198765b3cd603814e36409926afe905aea3965beac7ac024ca9d6d2795e1,b8532eb7e5985dc4026913546f97d605cd007ccf580e1bafb90c079b333f1422
stead_event_01921,96bdc7decc0f783d758a126731dfcfffecf510830cd4c25151eac760c026d0bd,868bb61cedd70bef7dfda2ee7726afdc31a6659d183d2521718af8a0032cd77b
stead_event_01922,31b9351ed6f2666c96a0031db421daed61dd2ff616a73196a4d5e6c5e17088d8,6b06741512c53c573a36218d90b15ce5146d0ab61fd1dd9d0240c655371c731d
stead_event_01923,dee70fcc27dc4c91f9f2c94e1f1c13e3ee66612474ea643a34195114b74fd978,0d36d399deac422bfd88bc5d9e2ffb59b8ae39a19920aa9a4750920b5c31fc1d
stead_event_01924,46a926fdc359c61c84beb1451381d18b94366aa941219d50cd7f1306e1ba9e59,41fbde4fac2655f18ed10856180f8d5b99f38ef6a6ea3f94cbc2a33506431190
stead_event_01925,5f5a0b77e74180af7703115d08ee075aa52debb870761b94fc41893b08ee0fae,4f6d5cd841fed391e55527a13011f86db74954554946839c94293d805bb69e77
stead_event_01926,53217e42dadaa7940179ff71ed82a816e11e4dc043cd5ca4bfc53245a64fa27b,33b33d0e8bcfc948ee97ac4580e9f707ed0105cfc2712bcd8d552ad8dde648f5
stead_event_01927,dc8c8d053a4c826e328e2fadcaf392cfcc2bd7c2dc3aa92eaf78d43a15f81c93,df975588dda11e9f9f5a5dc0bdca49014a19c1c90bfb2e2401e69b8d2ae2628c
stead_event_01928,4063a13060cf7b6fe4cb06b6e9c8a37553d5494ce99c37c9aadb0f1b44a9d51c,48f085a0905d3fe97986be4aaa744c4c61ca53031f61144fb93e83fc39a54843
stead_event_01929,c82c4414527dea0e9eaa1d47fe178839f6bf9f73014cdddd91b60b03e1fc05eb,a8c89dc371870097eadedd86d7b890b89e2b6ced0c3edd460d61426b185678f7
stead_event_01930,bfba7c70c157e82b9971042b15887e3944e9113ea856f9c0d1e6bc0e0d316b22,f128278eed57c5ccc3252fa745cf34de9236862eed2e4ceccf47cddfc8ad9f95
stead_event_01931,b7e90a0d07265d81dfca99a7c647e7c33aa7825c14727b120ded1de90f5d9b4b,a873c004f84d2005a98cfd5a92f0a5cf8260f0c7acfc80d1b8d610248b49caf2
stead_event_01932,6092221b056bba8a027b5d5dedca63a76fa6e32f26da6de4cea12417550c1bc7,f1b5064b9443b35c821a785c4582860cb36d26c36a55a5b072c7f6481e14df70
stead_event_01933,156bb860e8bf0e4291b37e0eb731befbab3078a9c88fdb22a06f0f1ef232e106,c3f10cc7a02bb9b680cd5f98ebd52d139fbcffaf61706ff447b703f4db29ed98
stead_event_01934,c1408b996e54ac3e6b1400fb5b04059d1b17849dc0af1838d217df283545b334,ca5fb167ca49aae945ebfb0075c023ef66d305bf9b636fd1335e129ca242a8e3
stead_event_01935,20d07adf72a4d3873572ed7efbf89e8723639ca2c810b87c68e6dbfcbb61522a,7271fc342d8c2a0fbec68b035b8515040741b68e9c4e03ad444ab13c19458995
stead_event_01936,9329f6b8ff72413ea4e3712026554d18f3b512b2aee568b0d2cbfc9ebf3002f0,2f8f9480fb1e48e38c59b76e57b617b36966aed4e369e081b3ea70c62709e653
stead_event_01937,a8ad60d995ca8282fd017fd6bc9789cb1cd145dd900bc70ceb5f21d6479e5d53,ef70444f09454938349663a4ee06ca9c2b7440d4860c1e522214e18ae84c3459
stead_event_01938,ba58c83c7cbef6266263fdca0a337c1213c52a2e93c97785fad79aa852c22648,0ebf83c7e2460ff81ba72917f21e918c05c84fcb49c45d9f04f88c82ea0a1aa9
stead_event_01939,ca2cac856f7b2aded8a7f212b30ff6001a4dae6ceda612b72a32e85ce7e23e83,7f12669613ef80f0cf0bbf544d874775a1312815410e9d15edfcbf5cbaa02bcf
stead_event_01940,de14ebdd5e72500b2e4f34b53be1e08adf54725e8f47b372ee5a0a20d6d20dec,6966f47c8c51f8a488d8b0ae169bf20f2d7f7f20a7d1a52dbe3219a380eb1604
stead_event_01941,5d485eb75eb459b679a125408704e9f5fb977b8e5fea163a1659f74aa1a92156,9dd03d244701bbe564fcccb79f22338aedb12ed2847ac3d6c1c0127fcb66ad38
stead_event_01942,801582051887f43a5f7057a99b604b22e34f1a6ce59abddf213596ff06bf246a,9c25021a3c5482cb60ce54eb0e65d8b0a55f3d0966194e12cdd2e992d5714edb
stead_event_01943,4d3c30aca4a4c2f8109fc7d667984f6a2d1430defa954d952c36d75cf8df1c78,d6a1f20375a2d740b17d3bd978bf0b6fd815d7b041e31a458be15011f968ed41
stead_event_01944,012d98ff3e89de923a3162f620470bd2d66674db508a88755dadfe9db15de84c,2028a38da90eca1ca861220a108586f49b1d613912c613e1589566f688b8be76
stead_event_01945,3af730be6d9247e8d06019978147c1a4e68a5b0bc23f1d587b5fc455bd0ac19d,1d1fef19d2eefd2020b525ae712d6a9a9dc91db1938532367a8e28d9268f73f3
stead_event_01946,a22f1ad71e2170943bcbbef65f9dea80e5e0ea09a4a8dcc41c33d28b01d7e439,d6bfd43a2eac66e41b1eb02c2b15458915822bf7172b6e21dde7c9a4a349ccce
stead_event_01947,afe40f00fcfda9c1097352f3b935cd6b0b9d165691bec499e648f317d2240706,05141b8f4f42ed01283f2c1b36040aef1c2e8d236acba08c2edebf7c5d07abd8
stead_event_01948,9fb48fd71d9046ce7f4ee17550ab72c2d9068c2f4737f61db86a27f15335a745,526abc05840c44bfc589b5223e6353a67c557857c9658b1dc92ba9f01a41e8dd
stead_event_01949,e3aa3aad15081b5d549e34a8117189957ddf88e73aba8af8d2eccb5191b1d1f2,c400f452ee1cf74b3d13bdf3dd711235fcd39c1f8c3eb26e4580e600d11839fb
stead_event_01950,3624223488f5edb0554522621e277d323346ba183efaf911b01153c2c25591b4,2d47d8be6250276818f6ef7b24a8763693e08d59ca0f4741ae5dd6cd3df8a331
stead_event_01951,56f4ea7a0f5d7711e3137565e551e4f83790cadb3c05118f8dde3049cd90e256,273195a6e7cda6c4520d04bc1d1d868fdac4383a83c63d3df8816d5574ed7978
stead_event_01952,639a1e06ca8392f1ccea1f06f740014097a9d3d2a9bd836832a8e2d3417cf278,194cc042a14a44e4be5a52d41839890ddd0d6df21998d0bc4d2b9bbc209580d4
stead_event_01953,d9cb8e765d83e8f381d0f5cc59be02c3afd53f3e5b30a4e1185b9312f4c30b84,5d9708f9185c8de657c7c3bf2288de91f68e54fff24e9991c87b23275831912e
stead_event_01954,bfc29594beeec6a170be73bd75b6cef6e6744e0a9d140f30ca97427713b76f59,4fbed6cdce080e807640c6804bf185fb04c359673915290fa31888f5238b54e9
stead_event_01955,2842acd9f756e943dd2d028e33af3d4a87c58c426b2b9a30a2301f20d0ebf30d,e8c91a695d1be702766b198d4dda2c91c390109d4afdaeccd46fb4104f9a01bf
stead_event_01956,98326b79d6b82f59eedd9e0a5d25ac0d369dc56c1ef456c1fae3fad6df962db7,a59032376c7d1aebc9d9fceeba6ff28595c045bde58eadbacc411dc7f3d993e8
stead_event_01957,178251a114fd19bc709369bc2ca88d26d3d6832432e58ed54062a38340a44e9f,eec866c162a1c240e4f09d50856a6c4a04de8b77b06b59e158afe0d18036618b
stead_event_01958,d9ce7b0399177a825f7b5e8d35706ddb2e9acd770373a07ee303d378bf833876,d8bd12cae768e0ec42fc24101e819dfc2efe8daac282c987d1abc7d32d199c5d
stead_event_01959,8c94a12c9120a0e58a0531a4fd0c106ecbdd1a3cccaeccdd56e7638397b81e1d,c210521b33d8c0469dbb860619afa4d66ae155e014d91ecd989ed5e4c26e2967
stead_event_01960,a428dc66f71bcff622bf52eda232634a6aac5451102fb29e7720dd4b0b5952b1,b79bc76fa6d11d3595c1772d11ebf400d0d9d2845014414a0298950618f42ec1
stead_event_01961,edcaba8ed4159a830e0d6b5a15ccdd54b45f2e04ae22e7205861e00fdc20edce,e9adc2b90eb1404f6b13b791d555121332f2710fd01d204bb7900093bd231002
stead_event_01962,85d43daddd5c088a24d1efabd67e1ed221c20540d46e0e8b8e94f38ae315b5f8,3376cdcbc006dfbd7bf0e79b86546803dd89747455e74b4991b4bae708594eb0
stead_event_01963,1c3a89603f13cfb310d80f8fd723108074a318a5bf76c0c220b344b7a3a3992e,e7e4453c625ebb59088fff4a619e13a7a86be0f6521f0369bb754551387497c5
stead_event_01964,12e873207731571c876e6c89a7583899559b71e7953431296ff59c5cef81d3a9,93a3de2ebc7cf2943a557725d1d54945b9efa9235a70721d0f27de48b7e496fc
stead_event_01965,f43ba366a6c7ce24273f11fa20321f6537137674772743bdb963ede8bf5becb6,12446efb9d385a9806a1a1d76b1655b572f14942104f7813c8aa2efe76c5bd48
stead_event_01966,a27a36a1ecc2d44f1499ec899796c0e9325362e71c8653fe5f86d315230d8215,86ee9776003730da5416d15e8739f4c0335ca0762ce5436e2a096e7fd53a4ef0
stead_event_01967,287ca21cfc038db7b58235017014efde1dcac56813f7c1a61aac3012348e99c9,d0ce42260e19ee7f022cab928f6a471515c850d5151038850bfb6cdb1657b4d9
stead_event_01968,e16c8a6bfd8c71ccd589b350088308cacc8eadd77efa5740327f0daf53f5793f,2b76d557fd9c4c8bee8e53932fe7306ee9da81e2fc551a36e53c14e2bbb644d2
stead_event_01969,e80bb83472b100b791d8e2accd7d70e664f687aec93507c699f4ff5c51b65cea,164ec591525926d446c6bdd44de216aa1a1cbc635ab1b3bd63e33818a57a6b8b
stead_event_01970,8c77d060a228f6f305eca0a5609aaa577814d3a1fd13699928d1690b314524de,278f28e42649010f31b4f6c7bd5eb7833249205ce791325021382d0baef59e86
stead_event_01971,74f3fa09a8b6c7ba66a9e86407d61f4df22ec38e6bfc6a40b7352d061a20bbac,4362e832b563977a791dbb9369c1cab0c7310827f4fa3efc80f63f2c2069bcfd
stead_event_01972,df70cabf2f63d7432fdbcbe7bce180db1a9b21ad390c6c9fa7b39bf3e9975f80,b6be718d379d0739a13e82bda856ca27c082735bcd69e592b40f30b198abbd62
stead_event_01973,a81e200292d1b768aac4b14c62207a900861e54f9d16ca379c3c2fd4b3dde6fc,ef3440629952a2299bfd6c6892fb21c00784f8eb6e07e432a3d8efb4d50878f0
stead_event_01974,0960f882737e71873b12b13c617a690d97ea335052a2fe4a072e2a3026c1cd0f,dccb03bcf62bd696121398994585f931a8cb97d3a186637c3a1e63668219ef78
stead_event_01975,2b6820ccda044fdfe8ea5e4b9164ce2db5006b2dad767e00109274bf66d17374,97b3eaae5ccc4c1317e2ccc4d42cebbd12c0f71d80332fcf3e431e6d253988b2
stead_event_01976,251751a4e467fd16305ed87cc41e643fa30d731008781dda1fd6d44700a65e8d,a8e984f8d1072c99cd1e7374d2935c645b541a2248f6a85cce7f2cabfc4915ac
stead_event_01977,37a1301903319508b687f4b10d015e8d00869dd7d548447b2d0728fec24508fc,2b75ea805c8a1a75592e172f3ad6ad04219aeecae498e793a1e51870dde7d95e
stead_event_01978,dcca4b6ed2289b76680459e55190920600c242812a29015362664ca2358694d6,0ef05f85e6acb35c61ba67bb0f2c2a906fd4bada4f94d22b4b1dd334623c8352
stead_event_01979,62c1bce6d0559844083a140463d730419f115f1c2087e2e962628598fc7afcde,cca577a2e7709474c75cf02854c12d2d10e9c4d112937eb559a22dc617c1194f
stead_event_01980,9ad2629b8ddd2425bb20f26e459cbc398cbd963cac5775944fc8672b94b3c762,9065ff49495988f1cd8c02cbec0e92c7f08a5980b2974280195a149a7cc97161
stead_event_01981,d06a6f93e100f75d8b8441526dcc609b708caebdff34c203223f5d75152440db,ec8710490dc8c6c5b14d75a6eeb2100eba1477fdfe172766a2484e84b285175e
stead_event_01982,efca7c99e90945ddea476f7e0516c9c01321469beb46692bcb9a426f4680a564,1fb12357dd06f60839d527bb653f57a4dff5f2b10dd705371d40ee7c2ae78348
stead_event_01983,00cf7cccedda7f319279fca1aab394ea4f2646eb145dfa443090bd3312cf0ee0,1a148ee9e62f8e8dba7f8ec3daed757c9468340baf154e146684f926c6fa747e
stead_event_01984,4b1ba676831ced8706e4d9ef07ba387bd8fdd8ed715ea61eb90f333818d09a76,438bef4c5820886f9e718a3de401add54f038d2a078ea994a0cf73007ca64ce6
stead_event_01985,02aa9d2f64219c28844d6acfd4e6757a6c61b3dd913a366fcd735146a041eeca,8115947672eae7beaad0ef1e6474830482aad7f5d8912fb924dfee4e9bf36513
stead_event_01986,e61cbc082f999d12171d0376a73b76c0180db7b70d62371150bbef4d89fa4085,1e98bd36722ce3e6e37c7493c07b3a498e2b64d4bf2d0fbb0ee530c386a8154a
stead_event_01987,52d6f0d3570a3d583c6f325b0e3954736db3857e35ca4c5860d18aa17b9820d4,91c7e2da57e805a2f7957c9dec788d8b1148b0d73503f90ab30cfa781c136a0c
stead_event_01988,da7c79a498647ff8589c02b21f533a010a8003f7451e09f57ffb9f3f40384f1f,b8a5a135c88c77743aa1e33ad4fbfe25205bf0877c04fdd18e92159748c3413b
stead_event_01989,15a452f6ac8e945027d4dcbb5df2a58f1033048f9bf5fa6d48c83e4fddcb0101,48f2583717fb32bb196693fb94d8cda610eb9ba10b212c5ed6e7b74dbf8f4845
stead_event_01990,e1aaf70f52cb09acce8f8c87bd57474b38c9cebcc83e9fe19f55912011b6ef98,44ada34f26ef0ed075219b79fe2e08b64ce8c32ac510057972dcd8f69747d38c
stead_event_01991,ff79b5d46af08da48fbdd80fec345e7965ea3ee33e7badfa0e92885c800190ff,5f7af8537c51229be2e7d5d69a33ad8a80d64bc3c3d0e76c2035c248a7cf4180
stead_event_01992,f398ac6b93e51fd1b108d8de4dc01d17132ced86da2c94f9fa0c342ebc2303bb,8904885d11f337be42a76da81e8766319c60e8bd7d56dd322154abcb3a7317f0
stead_event_01993,8ed5f4c8d47655e49f3abaef2fcf72d9e62cde43371ff085e2faa6ea4a51c90b,159d2f8f782239dc43d709f68ef55d004d53b613081a9a7daa092492adc575b0
stead_event_01994,790aa36c0973277efcd2cc5a5a8e7847f1688c438180c04c51d63858f1c0609d,832c26d159118ac26119a2411af2c2b4fdd80642fff922616a3b7a249cf5affe
stead_event_01995,e43df6a3172fdb34509aec70f08da30a664b7e3614197ee59d5ad568a1774620,5eb70d06a5cc7797cdfb30c1228480d0d527eda3353a9433a43879fa5ad8786d
stead_event_01996,a44ab6c8c0331d14389fd919a901723724cd74451b7d0d0bbc17cdd3b79ccd68,be73eaac2ebe596b92d1c813c67c3aef80840795535606924c6662aa117f1d2d
stead_event_01997,382fb222a0cf26bbb3e420bbd73633f8ada31d97b74d9eb285da62813a111f69,7fec1877fd1a268da83de69add61496a705798726a02522ffb231e93f2cd2098
stead_event_01998,21fe32a13c1822a6107f8597ad6c8bf8db12d523836387a3f88b851394781d3d,5919339649d4a4dcb4ef8d58da2d60e8a47aa874a3dd8662c565a6c28c34b635
stead_event_01999,f4ec02b9b9ab692f93a97eb23d73c5eebcd90a5ec454a195e7e4a9e261884201,2c17691fc40dc9f3b36b2cc5c25d2ab41932e82cd288456cfc93ca9f5237901c
stead_event_02000,39b23475971815fce9adf4078bea10676a28ebaaed7241b398a261e4babda8dc,fd4f45c209ded7737005e50479cc74623e23067d3c6e05721f69319c5de403cd
stead_event_02001,c1827aeed117d2a2592ff33a7b53e850a0a467d1d0b1eff6f63bf2e34063bc81,c5b2ccff5e2a989c1754bf368b169b324037328a6138b5d165c56f5e769efa8f
stead_event_02002,aa9d7a82904b16f8649744d72470f615d310cdea2b7a798d387b91ff0806223f,dfd72fb2e227553429e9eb57bbffeef1600f3d6ce21848f7b5048d7bb8c00557
stead_event_02003,fd60a2c8c493bc1596d864e5387982b5fd0733aa88d8510ab49adc328e9db602,0f4c0f494c807f2fa7dd561474a6b1b0732c8869f15de5288d8fa4c5a5f47835
stead_event_02004,e10eebe8b2de7b41ad1f1a77a7c1eed1e58114718df84da0cb640f6fae8e9865,36bf68e57b14dbadefcf19cc21906c5049622b500235d277fc22460522bfee03
stead_event_02005,2ab0c8a8501fe1133e9da26f6d9d562133d42b567024db400d700d7d58f52e65,5b12637f666541b75a4db9ac22871d57135a809bfcac0ef265f0c7050fe8978f
stead_event_02006,b208a9b1199cacca5e8a3dafffcabd4aa43bae97553ca6e071513b15b17aed42,1e6d4d1aad4055c09cab15cfffbeb4a7f3015619ee2d5112ce03757109a2b0b6
stead_event_02007,91fec716096e5bd11df94eddb5a9731c2f5e3857adfafa3b216ad05ae6634650,9aac09e3c74da18e368dcc50bce9f7c722e3d1c6bfed9ce25b9062016ed1bc8e
stead_event_02008,fa6f089303269aaf0728d708a109d6dd5f043c98682cae5d4a03bc787cd8a5e6,a2a4629651b6c7580adb5a82cabd870a92feee8feb96ba4a762b786054f5cfd1
stead_event_02009,ba2895ad490661f40b1e7cd06add7e0fd0990011f6f701c34fda8715e1f5d4f5,ecf6b26a892cb6d905d4d7638fff70808bb7ca467f995928d01356a96c015407
stead_event_02010,4c283ceee1657b48ffeecde5fe25f90b57eeab0c766eb743abcc6358187ac2f9,c17f68e75f82adc05c01185f5de0461280df9e817e7ef2f6f0197670a4eb0400
stead_event_02011,9351f441ca4eb019ef31cc9304bc92220a6b75bb05588984e05aaefd2c84573d,eef92577decf11300a373ddc2ab6d219769963e82456e6caa38a71187ef6ac1d
stead_event_02012,bd54abbb6e77eb328457f89f20fdd79eb19c5199425e5518f4cfee4fe8e8677e,a506a95192293c9720f0f2b0b6d738f89d8f8c0502d8faecfe151fe34203d310
stead_event_02013,72f03044dd6e1080883c3f71a5a5f7202cebfbb438e00aaf8fd672fdd4b06c3b,563953838d1993bf3c1a9786a676d1721582c3ebff379e8fa947d81a45877f71
stead_event_02014,1fa1393f0b082d740400854df7d47c4046adc380fd06d4e20b63c566796d34f9,b8a0fd18c973604a98c2f170e4cf8875e7305ed5b0911a71870e2fb0b136407c
stead_event_02015,f4a262f9b518be5b9bd22ed827cd71f0bc26cb059f0148c2a4d7abade6f6f097,482926471b13d8551079553be12ff61a66c6d4504cfe8ae3ffd445e1fd98aef1
stead_event_02016,50588454be9a372e4756d56d2702bf13c41b3fd1ef0268e70ed44b62de7e61d8,c1414004578918e6d004afb1ad2a6128440526d41de29d8d617f087446d9a112
stead_event_02017,ea2cffb72cb7caf44b4000b4986d6b66188d9b0fd4ba5f1e768703271ca8eca9,9ffe007d3aba837b3cff8520e5d1815fe6eb429add29cdf37130a6698c47920b
stead_event_02018,20457c443478e9a8e28104381b8886beed975eacb011a9ea6dc1497e386d5205,d3b0d960689ed49aca86df99935202257ae90413ca0da3d632aaeb54e3d25967
stead_event_02019,21857371cc0f2fb68fe73a7ea73adb645b358a3c946868fe0879282ea93702d0,71049c63b878323fd9cdf88ec30cded192cadfd636ec26ad683a29547676f9db
stead_event_02020,311a77c8556c7b6a6e43ff82d132c262c751b0dd2ded8040bcb14aa625bd9580,8d189e50f99eb85252243a081d64557a9326a52ef9f6a76dd3da6ec5a4d9b112
stead_event_02021,c6a0c8ee180ed037c3e8d96d457e81038b4d14169a5faeee02ff1f7f02dbb3de,9c9906a5e44d17e3b453ccd6d7247310064f7833f6610d52daf063b7bf2ac9b8
stead_event_02022,bde85b908210aeb45110b86374a70bdcfdc47ef1c9c4983f7d4e9525e39b20bf,ae56667430d9a0bea5fb6449ad71268328725b333dc7b8788bf0d09e29e23186
stead_event_02023,4a72c90b8ca806ce19cf16d0aefa96112a94ea3a10022df174dbe59891d55f54,4e9581ba45d65a3d0c75883496225ebb7c170e1832c380171086c41038f0af53
stead_event_02024,447bdf817a068f5f0ba65d864a083ca157eba875892d75ecf091302337fe5c26,8b177124cff42aea983378e80f833339524c953be018d67919da2070167fe9b4
stead_event_02025,75d0f5de2f0da28453a5b4322426cc1bf875fceeabca5c9ae569417e9d349664,f58dc5e50a673d7fed7db12a397e124fb0faaa5fcc7df3490bb36f318de001b3
stead_event_02026,96d9bdd14fd64cae14ee663561078239d21d587807f1f4aa75b24fdc126adf09,8c2331cb69b0662df6d13b9c8371259643187fd7958e0c015ee38c78528da9f4
stead_event_02027,78c81f4a2974c872fc61503f06ab762ba78016712d02e3e6677f1f46f95acf47,96bc5370047fa1f72874878cba072de407acf79901e7c304c21588bf6994212c
stead_event_02028,510722dc52a6a2c9bea547876514f6fbd80ea1afc003b8995c5c30e2716aa94e,f6a5a56d8056b4235f0fb452e40d186d095446319e751c2433621fc73f7ff64d
stead_event_02029,525f44b35d09ecce6e3a114d3e57b2efe368867bbcdc3fcb415fc3de9d1bbe19,5893661da9bf4c287f973864af365786fc8fba321a18ccb99400c7dbd5bc6f10
stead_event_02030,0ff67297cd65f4c0385d6a70960b0d07c52d9e87145f31e78eff846de2ef97e6,aca0bc362ce7c796e6d5fc50e072f885acf262f2bab30f8a88713d019a9f92ec
stead_event_02031,7fcefd380181188d601d50cdd4b200d0507954f81c31583e12932f48e54e2769,5136193c254023e2a2446d4495d0d52de226a14a8f24fb799271966afd70ab69
stead_event_02032,1bee4ae6edbd011c6b7e4f85c52e4764e2a07471553c15cafb01f07703f8db8a,dc6129bf1e965d4190f021f5315f50883725a867356be6bc0ffccb3be08a1eb3
stead_event_02033,b383c5b05e6c0e623b49cee6114ddffd50cb120002e04e62bdac87f45461b48c,0c777af1238ec28dff781d347e29292f1754e8f12eba6986650eab4dd7873c18
stead_event_02034,b1355e6d2dfc6a79a451d2dc34db274ff88745231e8e6f7251891fb50471a273,a32d4610ae6c032dbf359265e109ac95fbe73ed22299eabf72e01ee610a5001d
stead_event_02035,93dbe8d00dc5d591a5dcf0e6c9f4fd8b149b63d3b031f3f9d10c235d677667f0,2984437ea5fa52c061a984cd37b65c671be93b8400ad41b02f1fba420a0265dd
stead_event_02036,39e9882171a4f5cb7b2c273cd17989937eff6c35eaa9893d041ba6798947d8d5,e83cdf264691d9c0783a5375df09d2580d58b6fc27f9c89074857829c88b75ac
stead_event_02037,a907b97c180c8dbef409324921f31b27429db43c29ba7e187d95ca5dce935390,795e4bc663087207251e5868ccd93b0ea57820fd87df85c18cf25ed61dd2c1e9
stead_event_02038,3ba7868faa0dd82d98768691addc7f5d87ad7c6743817ab356e6329b5b7bccfd,b24481b7065462c8c7688aaa60f22d0114363c9a5a1fdbf7ffc538322260fc0b
stead_event_02039,6a365c9bcc7e77bc62412e30fd61ac56e88f415cdc259a54cc6d0f1c8bbcbe25,3d3d126c04c11a79c40d4cddd6785b99e36cce6791108f869d62c10f3b9df0b0
stead_event_02040,b27f7dba4b9200cb4c78385ff29d85d28004f5b9412b51ddff4901fefa0ea73e,593d96dbb890e84e26baba3c7458442ba879ae8e86796ff1f05865413803f5b1
stead_event_02041,83e95eb3172ed7dc9e89469b51fa7530efbe9c8070f5cd3af52563430fa668fc,076fc61abd8661df4333ae56d600aee566929d8622a6514e52cb8cac3c72d690
stead_event_02042,5ba93ff04fb86419d870726b42c861e9aa3ac3f3857fc52c56981425e9c72edd,0ea913993694e3a57290166be1be2d7bf7443ddd1e9a1b03409c3f09cc027cd9
stead_event_02043,8b759dfff48e8c11ad468c90ad02303d2fe5785c7bad5698c353b2528276b145,8f2a925c943a13edfb14d00369bccb29af6356230e6569c621b3a6249775d96b
stead_event_02044,63f1e83a7a1adcd6fec7c91fc7cc9d1efc1a2ad12d710e8483bde239bad5db35,67f13b5cc4bce06398589f77a25078778ebbbbdb2dc661f582e0e8be32fa1fa7
stead_event_02045,87f3c592882252651f1f96c4289aa07e9a6daf3dba39b69cfdea23c60c1669d9,4050ed93fcc19fb095f1019e9a5bbc26bd3367a98d6e27440f314f142a7335c5
stead_event_02046,ec647abe1987552d2751a725970d070aba92b8d44a8c0137a3262e80d094c34d,9c789fffbe8ff328599f2f22fffa64eb96b06892721bf1cc7aa8964e33a0875d
stead_event_02047,4bff3e21d1d307479c17bacc0a7477d5bf1010e83c88e84104d8c1e5e930bac6,6566e492625785cf0e6027d021c8eb0db9fddf3b9faa834e6731eb1d9afa45d2
stead_event_02048,3313066b0e5558880a6ac23af06106100b43b09db8190a3fac09cac0428aa515,f48d9a979a1f4c61d928332aee45ec094b8cf0296a4dbcef470bdbac9971f312
stead_event_02049,89277edc434476fbc81a704a2b3b4adc165b940fe8388ccfb6cb9b7419c893ea,332c545479363a3573d758a8c86cbc97f4df0571922fcd02f1517a9fe583d384
stead_event_02050,4d181e928600b811803308a7defc2167173f69fc642b0610167d70237905f35f,0fe87b81e1705a20f94e8b55da4322ab0559a5be39ca9ce1694b8bc4b61e0013
stead_event_02051,f3ea1d9f5b221e74781c8b5ade68943425cda25e2a1dba297377077067bf6bdf,ebac1d91d5c758da9f1c1f646f6f73639d4277d0731415b5ff6139c9eebc05b6
stead_event_02052,54e65ded48842ad666fa8f355f8d3f2b33e7ad33d32673768b9dcf180ba6cad7,b7c4b2439446c6e2975601c09b443e21a130dc19be9574dce45ea3d1c7ffbd4e
stead_event_02053,28081df2f4859f61fb9c0023d68eb9c9c63f9505d61e14c295c7061ce6cadaff,37c6aabf0b19db461b0992b0455bcd3087f6386cbe1ad8ca93d4745c7b8379d7
stead_event_02054,c5f7809e7d3422d1bf5e3b568c4a08d0b650665a7844032aeb18fd7d067bf553,7d69beb9cb8309299af03dcfc9a5b51bd998b1487d8320b93f01b50d90edd96b
stead_event_02055,817208124c2cafd6b24ae6d3461e6c04c5d1720a969afc0248442e2615913b5d,0e436f8c79d8a45302e77254c4e1a3760b444cd4e53ce3841260a9356cc99b2a
stead_event_02056,c73c5e51f9ba16d7b2e63a7933bbe5917eb5ba869384352511fdab33f9333085,46e6d85e13bb2cee784d0a5bfe8dd3be72948b94eccb94bdaf87947e62cd8667
stead_event_02057,92302e69f4674745fa12d43c99f9d9b49f3dfc981ad03294ce40aeedabb8eda5,035cfb6fff1be3114db25dae92a07a38617838bf9824d6a325f285e4688dc27b
stead_event_02058,40f6b88b3d97c6e7ac68438341a60583842c3364d459ea3b05167bb674e61479,bb827120d1c352a9729d1d4cfab774398f73ba0f75dc6c8343d47b56955c1271
stead_event_02059,b95767f1c380b8ae847c58d6c836b6e8a351bf76fbbbf62e98cf9be2ed535001,3cd7e7b0fe62ae964e50bfcd58184c7514753de83947fbdc8e90caf52d819f02
stead_event_02060,3f0240d4b841b7e778ae4e0ae7774737350f6f25e0cd6d5cb163803df49b502b,0ae036590b2d897fe8de408f8591705c078fc5e7cbeff30fd4c0e7b5d8b86e40
stead_event_02061,4716c9e086313640f879c508b48c421925bef28556643683574862bbddac833a,d6432c3af9002209839024bd862546ea74a21456ebd881696b5671b5a690f2a6
stead_event_02062,9e48d4f9280eb7c522577d8a47fd1b7a09207e6bdaebd4dfda1a51aeb080f7db,34c79ff2838c81a6a81197e9d5accd4d553daeda0cf2370a8c198154af664868
stead_event_02063,97ee437ac36fc6333dd63051927cc53a912e62236cf29b991daa0ac7b91f3f51,b88de8fdadc7d347b176ba99b8b62be82bb875475ae70071220a8e9826cf4668
stead_event_02064,a0af83843568f734a92f43c45f1695f63d8f4fdf5f2ef9e0fc2d55dce69af509,06a67ba15faa7dc8dca9568e14cee2f6817628b48f709dccf8a9f78a5091814f
stead_event_02065,74ae115006b695d4f5b74c005c783e9f12a697930f3d8642b44f48f3269e1fa5,eaf9db489d03638e9c3d6c9f853ffa81648c1e03ce65c93becd74e47ce36ff45
stead_event_02066,7ee4f79263f6559ed86c7cba7d004864e9d1ec1d926f5ec917dc64a76f0b3890,dbd93b6435230aa5a6169aea35e2f0af27c06b48cb550f1d0ed22fa3bf510424
stead_event_02067,a10cdfdcb22e114d45b7b47aab68583fdc1d4a0cdd4a6c77d9265410a59cb714,2c8c7debf4c09115c9d71961e257f7dd0b5a75444d414586709dbff932a9c9a9
stead_event_02068,2939d987022839ad387431f7e12b786fec74190d515ee38cea8239a6fed025b4,bb678d89c62708ad0283a84d9fdd8c548da62cafbe84b2e6cfb9a53d82e4fb93
stead_event_02069,33021794ddfeea88a20fcd3e042ea2f02970a75bb755c329e87053282b929efc,4a2898b1d675580f6e89454eea70c521cf4c614ced7629710e9c132298ad194e
stead_event_02070,e6be8d466c9535cb1d3373be5e87d407a6154ceb5c88809a9fc7422ca0d40528,90414608ae8ebc9b7d071aa79bbeff324025dda12830be2f8624e8d58454377b
stead_event_02071,15258ceb72bb58ed4a1c4b6fdbd7a770a9d209586ed67e715bff07e700a9a650,cc4cb25dff597f44acca23127a31674a23daa2d484e81db6f9d664dd318b2871
stead_event_02072,e5b4af89889740d3cd85ac75e6b19fee65b527ba6b89a39529e773ca3ed9ecda,afc99127febf8b25ac6c02ed094e1f31c37acf366e0e3981601f1f6e45b1652d
stead_event_02073,86fbf81a1aed429aae079baeb0eaab39dc1dc80349bbd0462cad16d628ce9ae7,9a30ea1b725e8def271e35ac4dc06374184c9e305a2ed8d308d83f93b8798483
stead_event_02074,c753180eee5a62d7265da02dd9a9e9003adfefb008a9c241dfb034cad43fff4a,3a55d52900791e4911269097dbbc3fd2f98c00c628fea595888c17e9744258e1
stead_event_02075,ac44bc4a6c2409bea747c2e55d102c70b6cbcfcc4d97a18cf688f221c5a1dd30,ef5d345ab192182812f0bc5b4d555a5446b1ff378a936c646f97c5c7eed764c6
stead_event_02076,c85ea526166f5d33b20ab2aa9f0d9fd4223c7b25960076795694d08a4b04db9d,8cf0fdff052c61fa1a2a90ecde8655893377e3157246cb0de5b7a3557f855225
stead_event_02077,e0e11577b82622b4440ab14b3bfb0738cd5c73e4599a2ea7478dda55752f22fe,3da8b875edc321f8aa5058b96f0b1cb4784b2458a4df1fc1e8cbec053ede4fd8
stead_event_02078,b5a836c0a5d205dc7fdfa7fa2ee15c73b8db15256ab8e088a5949ebb25423702,e8116b44b435b53bba48b4a19c4b5df9ade9885fff72be2d08aa2d4892ed5b83
stead_event_02079,8dbdb4d5036bedd82ccf83591476aabc31d7bfa80c8ef27d78117caea4609969,9d65520a7c28fc8d58c7d120a724934a932e51e4f987c2d961937898c58b8af7
stead_event_02080,2294d6b03c9fb9e03793873200e5b53afcb709d4535c9c318b9599345b8b30cb,f53b889ae778034010413d0583e2db3f4290b971a799f3006136823fbe757b55
stead_event_02081,7f2c28ee775070fcaccf24f4a7abc8d8fee32192e9cc77df1225fdaa9c1bd82c,8042731a9d71c43a947a9b97da4cf00ff8d6e1fdff79f17a14ea1d46bc24a0de
stead_event_02082,5b758ab7b44c378d16cc86475546c5e27662e47e5de3576c47c8e0212fa0d987,fcd7286e30e07a70755228d74d8826937f21f6c819e97486f393fe663f1c66d5
stead_event_02083,a56dbb8299321b090e24042c3f70f91d2d99742103f8f7d53e0c387b7a8bd228,ada6f125e5b95ce08b8738750f21f457929cd96662c339378ccf899f8a4a5bfb
stead_event_02084,11f1fb7d0b48461d849f5d908d253e5a38ad8d5cabd833b31387eecaaef5aebc,f4d55b20063c5be7e230f7d270e2cb7d4b150bc9a5f3b7029e0391cc1acc9fbe
stead_event_02085,08ecd90a43c25fad6bed039de35322032306e2e6f884f13beac0bce670ae3787,77bd3312d8d3d016346724718e52a21a37586ecbc0b38e8496b15c1417450a8e
stead_event_02086,d85e0aa002573a6f46212fd774708f55384d85d70e30684b6cf19fa37eace5c9,df12c9d1d7bfba7a401ffeab6fbcebf3334929d4fc598eecb7186bc35a493a7c
stead_event_02087,4d1770533f38e4de7a4e85dfa05249e8be3bda6e078521194f97efd30681a846,5c601e744e1ba3389e8b7392e51b6b12cec35acbbc40811d6bc5a4b8419e6f3f
stead_event_02088,eb479fea7d14b3143ae8739f898179a148e4d6cbfbd9ea91963326aba4b2c3f4,8b4e69c4fdedd2554e28a6379664de6b38689bb6f31fbba5461f630652259cc1
stead_event_02089,3ee480b1c41f7cd85081a214454b088bd0755dd4cb4b88b8026d780e41796a09,d84a78324a0a883ba78c3134689527dcb5575125eb9b288da8af2759be2be254
stead_event_02090,846941312f048d93e24f80e4855f96f4b2b50e7fca282165ac02effb39140876,878fc783658b8ca87245e0c3dc49461d901c5572ccb5c14e0721489175464e41
stead_event_02091,4a1b6fcfb80dfdf572ae3cd4f15e1310233f9264dba1098b33c2b2f3f600a0d3,ad161043c3d0611a514cd8f6f465659eaa4d86018df05cb2d3a6066b653d1e08
stead_event_02092,5b5443c3c691dca23dda844f87cff27fc8d2afd424e50a17aa412a9f8128649c,396a4e96cde0aaa25866f836d148a9f797079070930731d3991ca3e7eea68649
stead_event_02093,b9624bb7106ed51f9e5e279d83022c55504fec869ae3a4c347970e0eb45c4662,2a32ef213f0950d9ea62b8687999e3bccc209f0ca983f06f830d2cb9654f7d91
stead_event_02094,e946a01dfb6f383771d94169a72ef55617612c485b66c703f7ee2f248119d2d5,28d5211705ab2444d5c4ba4668b09c6de695ae1a870730ffee2395ddf7279671
stead_event_02095,f86017fecf371f8cb930ab307d7e76befd144a471886c35626d392c2c170db34,5e6fcc411f58d5dd350b0ae5c2b44ea59fbd1f06dc492f8fad99451357f3373e
stead_event_02096,06bd47098b55e863f23eadf446aeb1f94b2687577dbdb395fd1f6ef23df527c9,ef27dac454e065cc16583e789fcce1ecc9f7887891814446f2476050af0a052d
stead_event_02097,59bfef2753bfbc9c96b1a6d0a7b1ee3f57fbc42b813e049e7e2293b736e2e8b9,cdd181854f352494c5874f3e92d2019fd338a8d213d50aafe7b74534bff1bf3e
stead_event_02098,2f2115909a5edc944086895995a5de038a81db936153724ff964e774b3523d55,ba57681cc9707c535606a172a67afcaa5a44c5663a5dc1e64aa576e4112e05f8
stead_event_02099,0810d5e6a5f39e24f1a8b575b57883a77443797b168f43c46bb8f92afc68ab27,e9f8fee51fc76ae38002a2513d6f2655f1c81b6f81b074c5ece12425c810986b
stead_event_02100,82f3e6bba2a40682b49b9c615f7e49e8014382034680eba508ad9654cd0b1b5a,c8b6f2e8d56c6df3b8179cdaeef23da96a406c1cdb1f4edf3c092e3d111cc573
stead_event_02101,9acc4a4627184c165296689133d02a9eeb7875df8db9a611d67f5be859bb300b,161c1b16c52b8047d9c89e20eb4667d55ea5b241ccbd680ba00d9914096ceaa2
stead_event_02102,3549bc2c77a98076da25927d4a598d3c8e371852bd7e63eeeb916f38d80db1b7,43267478e7ac7058e5930e8a2e4a53dbc91148e3928f5326eb75d5a9e7bb3ae3
stead_event_02103,992235d4273a8f43d66e7a589dc5a093e7deeb03c3e4587feadc93720b371f89,bdc36b49403cac79e1248f65d4cd49fddfbd3b23b06ff07fcdb1c9fb91a04792
stead_event_02104,f2bfceebf7b9cc892b10be593938c1f4e8c1d9c0fba6e0b6167cba81a68c95ec,12a9c067df474b5f78217c343a253ee75ffb2467b29a75dc13f7360e059c2eea
stead_event_02105,ccdb38208de19427cd250ee8ba7fb583cc16a383f49b5c980e36c54935f11d5c,8fb75eeae1ef31f877f7f54718c2fd3ef813997ba22c968d1ca96c39243c233e
stead_event_02106,35f202e21cad888b52960ed8bb43dd5731bfc0c3d27edd648c6b0d721c232154,f3f890f543d8e0c08c6794904cd9b9686699ade0421b192db1cad9153c9e0e6c
stead_event_02107,cd1e8c29cb1db912c998e2c8fe855210975af5ba503578fb4cb5e14cc740d48a,e9ea979f439cc18162fe8666f65d202d402975c5cd2c3ea543666ccf6d6ef788
stead_event_02108,4efe91f625c977146b0ea7022996b66257ff32e1f727c578cd8fd05113085ac0,e629eaec94b998a2bc9db20a414f5bcdc9afe6025ab7a6f439311089f5f600a6
stead_event_02109,0134e39181e737797bf545009027460a138f8c10afc2e6c269842c24f7328731,75446955150eca4b9fa20468e03931644da53aebf1428a44439f1f0ec8ff5fb7
stead_event_02110,9fc60dc8bdb471ce141160cfec83bcbb92ce31b34aea2c7177632fd7fb5b4400,833c16ddf586271cfd3a8f1aab0f191a573728bb89b3c4b6f5bd4b068a3939df
stead_event_02111,a8edacd0c61510c3e9a30817a987e7660b102f8b4673c8b838d974ccc3e8bd75,882f8e2912dc5ef76d3556592e128323c6786e08b03f9de615e7a5ab8d63316d
stead_event_02112,9eb56d433d9dc05daedcb15b502915e40ff9ca7cd4672c3eadbde234f904be25,2eb4280832b79b5d5ef2b2b7959f5ca6ebccd665aeced2ed0c68c7dad858a37a
stead_event_02113,c7c78415446510bb6b896d5430b1449000b59903d18022f6f94878df3c624ad6,b4bb18a02c2d631ff3a77bab0f994432c79d7136be760e626f21c63fb260c8b8
stead_event_02114,86d936c2872d6cb9a8ef184bad5d260ca469293c7323f30027e46928945bba37,3da141f1a76e1aae7f243a5a5bab2b5a592fab1f58259c302c78b16ebb2ec25d
stead_event_02115,896b8605183f51efd9b685bbaac5fc341e4b7897a006abefca2ccfc61f92314f,6705fd7973a1fb28aa6cc4a88ffd0ccfd0ed86e4f091d87254ae8af936b5668b
stead_event_02116,9bafafcf0ec60ff76969b2f5990176b1fd0ff20e8a01d42d9b45e9634f6dca37,51533613b3e781e218335b716360a5774cd05df9a2664a7f028a05e8ef56d6cb
stead_event_02117,2b0ccd78f1ac5b863fb5197ac38e9b9f613071eac291720a045a22c75c2cab62,b2741d38f6a5bc325106ce4fc31214d4120ea3a2d054324e740816002eda60d9
stead_event_02118,5a665213177ae685e73efd546934d1c055518d0984b1521c348fef1bb8628766,f614d2dab871d170b69b553ec9636857d618537fb966b6d5b89c25fcad85af15
stead_event_02119,5a1270a2b5efc4506ce0cfc5d0c48ed3986ad7406e545529cbc129395e5393f1,a3b2e83417633eeedb685514a564712e2c0611aa9dc0967d2e6f7d76fe4e961f
stead_event_02120,fea526bfbcd2c7632fa96c17d9cec93c6af99522e3a32442b1302cf1006e9d00,3553a382ab2baa1fd81896bc8df9ee5a6619158724a6df11df2a25b9ad05bc76
stead_event_02121,e55acc11c1a44ec158f8fb5a19b71de827533803896395e954bcd48d1a500b3b,0d758db1411a79284bbd00fa86b6e1d0a06e2ced5cdbe70a610ff68c21a938d3
stead_event_02122,f6d45bf75d53c330779ab46b2311119509bc021cdc88477915c3801ba9f5336d,eb691285e47cc1c1c1fb1e0ec7d1d6a9517d1d8298bf7ab990ca471b92382c5f
stead_event_02123,a39e17ee66fab2353765b7ef290e6b0b867aaead2409e773439888ae46bd88e5,9f5e79e5e9be2411f569e089bf70b865a447d5e251c5d0ec776c98a51e02609a
stead_event_02124,3ee636318a927898da5d6b3f2418cf9ee8362b2f9ce4703faed2da45b7ac70df,cca73606700ff8f7d7f59c0c70bc628d9f9b72818114961c0c19d81dc1956ce5
stead_event_02125,df145318766dd3cd8ba69a3f4bdec89f1edef847e9c8ee9a02db19c7adcbc4f4,b5fbe9d6b517411b12069b701906bdf5495fd8ab0b9871d0229806446ac7cca4
stead_event_02126,31a20140f8ec4b326edd18efaa97ff0822b8b6bb832910857886fdf846f478b1,779fb2a23717bea024c6e9f7880a4e103fc61f40b519cb2269887d59e514d42f
stead_event_02127,04490a004aaeafd7e0d3d837d73948043e0e430def5098f6253f005f78dd0e3d,031764ca2a2bbdd220940cf2bd48e12702a5488fbf19cb75be379a5c7a7b79ec
stead_event_02128,ed254e78a14ba1684e6631282f29a21c1279f1fcf377ce2af55491bef19a8982,c07cdd43829f2d8b3f8105d252f116443a8e8c47dacc02faccf971ddc9f1f8bc
stead_event_02129,acb6dcca93c5dc5da85c2ba92cf52df9c286eefa49ec55a55cde176957fe9a48,12ec5ef15c7a7b41f3aea18d42581ce64d906835a29a09ed2e2d4951e29ca32f
stead_event_02130,8e2130cb7bcca8c336322bdf19e2b1679abb63b4b3db2ae2739073aca290393a,efd463258f8aef33864ff8be38f675ed25b5254ae8ce0e4c87a3ab4f200ab9fb
stead_event_02131,567f602fc510b6f8b3d3a1e7acb20ea0003328192bfa61f82e1f656847657ec0,23fe69630324ba926a9ce118468322c4a62d6a31af39e4af6a4cb92322b18796
stead_event_02132,f578ffc2ef11dabf1a40b6d461e4f2615e656684523deff011b50fb0c53de3e5,4fdc6537f4edc7db4ce9ae2ec1fc4f9151d1ea3ebf09b8e9d7350a4ddbb4dc0e
stead_event_02133,ff90201d39c15785c6119596d25fa91c91d97cce62688c038860b2eabebe6d75,754f6003e00ba0dbf748dcc1155e03fb1d8d2d24f73c31e9eeba96048453d51f
stead_event_02134,a83a47b84d72faf86a6f7c98c90c6bbe62ab8c13d965b10b8c3ada1b467e4f8d,a8d2b6e56128bb72c3128cc1fcd30534c6a21fd40236c41eecc1337130ed678f
stead_event_02135,a8d96657f518a0bd5e249e362ec24fa70733047181b4d183451ce1dbfac9837b,1221ca6af37fc186d1025197b07941f7c975d98620c7ea84bf89be6215dbff55
stead_event_02136,533f6b56792554f74980e42d2ca32642979017a597a60677b5e8ee0447f634d7,2aa7b858e5dde2b62be50a080a027f420e34caaac1133cdc4c5a0805ba6e082a
stead_event_02137,e2a26bc4dc2e7829561cb568df93f74826d924b1eeff5c3dd314869cb5cde772,a262d8dc101c3adc5da9d64946ad8c6736d2a6e0dcac0911291ffef310518ce2
stead_event_02138,0aafa256bcfe42138718a131b0e9ed1ac3918ceb0ee57de15d51ad78a2f0ae78,196f7e17e42b9ffea59d9d01498621d427e179e8910c462d89bf5eb5ac9d87c9
stead_event_02139,54c8658207fd1d06a1f6d7a34521f602f792a1c59bcb092c5e5f4f45debbdcd8,ebdc124a3220a31b972ba990eb5e1ae81704b5b4e27e25b60ae1d942505eb8ef
stead_event_02140,41ff5e5168fd85dbe8d3eb2edc7b222f7a2d2066eb9bde54e690b00167917662,c78d14d7d7bfbbdcaf3051f51fb0bebf073b38557f4d9c3bd1382c3745762edb
stead_event_02141,19616e368873a3dd806a3b30e21445d6a5d9b50cfda92383e00c9c4566caca5b,4440e7e4e3047d6e4a683edd2c20af5fa9a2257469097c02f9567ee15d2eff6f
stead_event_02142,df9bd8deccb159b018d7c11eb7695d7dc310c1a007e757740261e78d1f2c16e7,d1182deef7890a90181d05d93519eebadbdc1dcb5a2b26fd3c8cab51d1232467
stead_event_02143,174de430b67d226ed38f245eef86f240cec5097a99c5dc0e47d95a1899e52733,c4a2edf9408df7b2ca341f9f4f0d65ff90e8630cd855f9231f8ed966a779c1bc
stead_event_02144,047129958968b138a20b972d5c8d78aa9835c8a68bffe2177c385465cfcc0f1b,5fb37e635c92163ef103270ea3d72888052277647565f7cf3a139dd7a6f1f495
stead_event_02145,8cb15abc328d6fed02f5ebe73da81b9da58fe747f7631262ee1c06bff5a4c01e,f45f00ecdf372f20d4ab129e32e23aa1314cd122da99622cf5ed3f41e19242c9
stead_event_02146,80d816467ac3f4e8d70f8f2afecd577fea21d3876541398503c60295a9df441f,af0d0171880a0634c1f3bf2e268ac0a4b85a540a3ac8635e6cbf76d86f5b3988
stead_event_02147,2400637b7cd27c8351f80eb44e57759359a50989bd45fa5c0a2fa363c4480933,5cac247c10e027a89f56927991ce618f0a703ec33f38b7304e0e896e943f97cc
stead_event_02148,a5f62b16e273f39896f6c047695f3ebea1071107f3e6fe2f53483dc5f5291cef,33f2d6b1dfe5a12695cc45814c512c840f7584ab84ac74f6ed68d97213d72cdf
stead_event_02149,b53951d8f2fe30efaff18d0826abdc51ce8d743486073cfd815f278071eacd92,621b6014db4a35eb65f753195110aa88b6da37a23b016e5e5e5447bc971dea64
stead_event_02150,3e796cd15bd1634a8b3c6132eaf7e9b922a266558976b903c11118ee9b0b0a12,8d91bc3959f6a2deffde0e7ac5899c19adc4bac510f9bc972d2a1008e9fa7f7c
stead_event_02151,975a07c323efa3c5400c61216bb088946b8978f5771eca6fc2b33dc7a265a965,e0bd7ccfb13a3da9231c4915192bf9438bcc5c80b970810dedb3ea0c4ef7436f
stead_event_02152,412d3b56d1cf130808e76fedae9b57152544a1f77c2413188d108385f98a55ba,179cde384cb07b0c5f00c804aa81fa24078d4be7901bfedb596e446dbbf69daa
stead_event_02153,672f6e6707fa6366229a71de91d7462198401b9017a51c6fbc3e1c566adef867,7a1714b1ba666ece201d933aff105adeca93f35b395defe2bf515f18e5432ef7
stead_event_02154,f00155654a4ab84c74b09582b33d7156576a2c223da050b455106ddac53bcc80,09129df479af03297874f33dbd15b5c8838dbd73f11b2788fd92bbdd03e1f911
stead_event_02155,a320b58ab30297cbbd6edecdbb2c95f79ea6c04379d966abfcfe3fc190461257,9bf39d2310c34bc73d9ed18d05598a45b6ffac9e384c3ee63b84e3760384cd44
stead_event_02156,45b46b710b6aff2f0709ffdbbe1c857c256d4a0245613e05aae1d1cc31a44736,379fb5cd71b396a564c779f655d8f80e44b443833e02ee0fa12c80c73b4daf39
stead_event_02157,3efcbb3814f1d72b7a8c1c5f42219df394c90d7d1f4b08851ce498277d76f5b3,e17fda5a7afbe8567305033a3cf9385466159f45b05544816eaff53389fddfc6
stead_event_02158,2f3fa668d5767c0943d167183af22344d9b9ad61e225e9c4c0001f2bdc4ef4d6,ea1b2d3bbb2249a79c7a5a71152d8a8c7ba23e02a116c8d76892fc2e1bc4fa2b
stead_event_02159,8b4785c301e5c8da89072e8e3c14b682d836d2b5588ddd240f95bc6ba7bbf686,00c46c86243ceeb823e7ac61995c46f9c85e4896204695a1d29a8e80389d2642
stead_event_02160,c36ddd5aa22388a180fef0aef44b5e24572116ac8dc9fd1e9b1c8645d5f97f8c,eaebf1b20f4aecb493ceec226fc8181a76db9fbcefdb90b4c3b664fec838bfda
stead_event_02161,46ea52cc9e1ceb363dcdfeaf23c717da4b5791ade399e81b922f8852f6485b15,8c00de3cf210894a6896ae2634d13cdb8088ec887b78351e764a6b28b56f228d
stead_event_02162,f4e3ee6bf72485465b1b85000ff066ba41804f288e87e2142d05e0e46d19b407,18a6ec8503b3c3cfa562a4b529dfdfc52725c41dd5e3cbc9ebcc688e994dd323
stead_event_02163,f82d9e25465d1e13e0fb6d2b7ccda99ec9022640f51949db7ad5634abc6e3386,b020ffd52877df25d61f1e7fc50622df43e91b562f4c83857b039c070ee99c76
stead_event_02164,d670d235ee05c7c56ef265766a29b46abdd391434905324b3e9a904d567a24fa,d9478af6639e56f22ff1490cb1b149ed26e6a0878c2b110a35cf9b50891a9f77
stead_event_02165,51e4d0be1d5d6e205096c872ac2940d5276db0dab09936fcd048e58c7b750e6b,05796e4a4afde9864f895c65119770e3b31b1724241bcbf027282186af82e5f6
stead_event_02166,575a5038a8da5ff38839c5331012b5278a509ce7a297fddeb5a8cea0219df97f,a1a2ab90bb307de16c4effc62a9e5b9d0a46818cf4f18f8307726cba977b25ee
stead_event_02167,03d5e78e94ba1c089a0cb207da2a114d7efcf5bc196918563ba89177d5c0938a,ad8956c49470581c603a922ff3bba8de4b712cfb1bfb8d5a243ebeb117a136be
stead_event_02168,2f2fef12e16802bcaabb9f06152c833b86d7b92b7145ed25beac3e44eb594c31,3fc00c7b05eb23594c9c231e8373f640bd1851402916a8f1757e1efa3de07efc
stead_event_02169,8ba4b0d038ef3c1f40c84c1104ab08c0cb7a11ad2a1617c8c3097b67f800d1e4,2c389723a2bc48ca87e17ff7e4cd6a1627d851d0db290481c4ac2cdcb7e7e816
stead_event_02170,8654ee4858d88c0a66dfc2a76c7f18b932a2143db0373a754cf931310cb2e2aa,1995777c6dffa5fda9cb5394333fab249dfcc38151d0f975149145a43a52c3f4
stead_event_02171,1f0e6a226ae56b4bac203cd846650056837bd5a56bb87bd93ef7e9482c8290d6,0a9e6ca192a55d25198008a7c57f3a706fc080cd13fb24f6c4c7c6293745baf3
stead_event_02172,b8b32202c349eaa4d7f862dc9c97e35fc45327d5b27979409724e03e6047d9ae,7752c2f0c544603c34eb894db58af15ade248a41ff5553b07dec5039015f0f7b
stead_event_02173,f89fe45915a4af0b3cd5850b360a609b80fe254ebad5be1d9659cf89b73b81e8,1c346631735008625806e5d713c67b0c144ab84fd1f6f0ba41d3157c55c6ca1f
stead_event_02174,87e6db66b1bc9d37269753030011d3628ba718a598db4b15d43b52c0e989a141,850847bdcbb5cc2605355b83dd283dbdd4576ca2a9a277f8578fb71c1decfe8d
stead_event_02175,5bb55a4cbfa85cd33b19683d4b7ba80b798a5d2b8340076f02465b49ed11669b,c440ec8a1662ad77f650926c8eaef84195655befea72953b1796da6bb7971868
stead_event_02176,b3b83723d5b1a8b608034f45984322478f806254e4419886bedaeb25ee5bd348,fd1848bd45b5255d3165dffe7f42d2b32be2b29c4fa3ba32f31a7add3bd71b49
stead_event_02177,dac9886c0409e9169c809b0cac2c987a7832693396a84cca519514a87a1a8c0f,8afdc32a6ef9cd87db506bb9b1ffe1e4113ff4480f1faf3019c9b57f0d81f34e
stead_event_02178,e753b19062e2508c359aafbdf5c76f928282bdbf49ab3d2e211cb4b2fb552301,190e22d5116028ccc27ac3de6cd24ef97c55a6cfef81a946f5bd3ecff83f3eb6
stead_event_02179,fbfe7928f8daf43bfc76704f9e51a24b29eb07c84e010059ed89822354d0e362,f3cc79dff10fbb7e243f82469eff773c20fa1744e31d1605f3d0c9b8b669d401
stead_event_02180,d6b668059d90de4214eb7189c536b14f81e5dd9508d06ecd59528427669019a9,76935aa8af7f90a4ef7aa260b8580c4a0c797c12036360da1864ec9111eb685f
stead_event_02181,0231440cee70d1dea7dc8e3dbd55c0205c6d957ccacf09024c1262ab8a2aae33,50e5ea63afe494c113625621c0d566d9760d62170c1ce0d075ad69730e41e5e2
stead_event_02182,b2d29dd8b64bb4748778cd48c183389de59a7707673389d73cf8ca78665f11b6,bc6425e9c6bb05575aae945860ecfb796eb9d01480e83a4573bfa1b0b0e5bbdd
stead_event_02183,d78f729745e96b64e9942beb97c6c86f27f27f61fe5f31350b132238545e57a6,214531a2ca84123ed60960e568798f14190c9154efe81767b1245e7443b979ab
stead_event_02184,5abcaf5cf18c665f07b5e77df2c93f7e78c5f9a73805c2bee2ffa2bcaa30327f,e1edac441deeb90e1610cbf2ed38e8d32dc813d831290a95cfd77f3dbd3ba5ad
stead_event_02185,54de2c495ec049c303fdb57d560f16d0d0134075259616529d5138e5c0bb4e8e,b1df7db2e2c5de0d32d18e64ac3d98a2f41407cf96dac05559dd12e3a9d731c2
stead_event_02186,84898c091afc3071e8ebad64566e08706418a420fdc22d839b0b846bb51dfdba,99ab6e774122eeedb8706e2743471beb43daf1b8a55e1931d872919e5fbe2a2b
stead_event_02187,2f3d79fc92984d3c3b883a55c3c1728d0904b4234c43796618034da7a1d21cf4,1abd6b45dcac991a121410c79bd07225c92659c4b643453d97b5a4a9e041d4fd
stead_event_02188,7b00172691f121e8709b472e19650010c1002501b94ce15a7dc671a2024dbdfc,e6dbbed4127bf4d5998fae55da531fca05e8db63cc23aa3c2d30369b416514e9
stead_event_02189,bca6033b01669932f9029735c01c297bbeb6c67d57f4f2eb4f15f02fbfb1e047,b62b02a613da8f204c2766e093d1147550bea1df26a1c52e64fe28b9f3652454
stead_event_02190,024ed9831f78fe20d7c209e52c5039410a84e34c9bdad58c3b8ddb6686852b26,60eb0cc980c7ba16d9e362c5cd7aeff7d62308f116d2e30b7d5a6b3c38eb16ac
stead_event_02191,37cb42277866b1d0c6540bc90d5d64a2ce5474bba99e3ceda1b7e6cfc0b9f14c,3b64f30f9a9adf0c9f9222d14c14879f225315fb765e49414bd8539a1fa3724c
stead_event_02192,990aa83f5392a0ac55f66dc23346e864cbde8d7949c23094fdb701633de8754c,2a5971d3e97f8fd5a4200026799bf28247379435dfbadaea807e17c1e1dcbf26
stead_event_02193,db8b707d4d8370fdb9cc5b776768360aa10cc41c6be895dd03772160fe562e02,da24edecdf3df21d79e539466088c91f87b20bb84083f18a1000aacb014435f0
stead_event_02194,130cd152db8fa267d9cca6f35d062361383dd14314b98a5f6d31555efd99489f,86b2e1d36942a175b0d087eb5e4ac24d80085f3e5a5c7286efc1b08567d96076
stead_event_02195,d3adf808833228263deffba3a82fab14fb2fdddb8ff63a18e214dcf021e4ba7c,d628c124ede61002c9d574d2e06d45c920bc12b814912f7d762142fed4ab4813
stead_event_02196,b6d65e92dfe542e4049bbd8ef96c6f360d166c6d48aa867430e11304fe12f1f0,6a1e9d759c212e18e02f45e1bd47d148aca95c887e951f67528b1c971fd72d66
stead_event_02197,916f0b7e76fb9e00bc2718cd615812b2ae7cc3cae4ec3c9ceabf1fef59040da5,5c40195dda0d5dbec6814912f166a1bbb449494c532d49e97e9be06567e30af4
stead_event_02198,5e8d13c0e18d6b5acfc1ec6ecb7d003d6f65e94fd799a39c6548aacecd5d665b,85b449504a94a1bc3e42f95e9bea0b8fcbe58eca6e83cddeb96f98a0c01ab1a8
stead_event_02199,941155b70ca694541ac14312f52cf3bd1753d6fac5b86709d7886d47a6b1e43a,51729b8d784053f385931c3cdd9f49e3a22176a90dfbb8b5deaaa5d48c5e23d5
stead_event_02200,f1d9b02b98d805c1d31590e42886dfd8210aa63fba04caf44c81cff40961e5ea,2eb1d9d74ac4f04596229082df2905b7c37f56c209cc35144cd4bfadaa67fd9c
stead_event_02201,5c981e7acd0c216c7c133396075b883e950a6fbd104e1576083be60031a9ce2f,d32ef57dd3ebcaabf73069b587b36da8c537ba4b490787d1545b74d232b3a166
stead_event_02202,2815b152087844189a8646529e94341def13c541358a31a2de73e0717c74248f,b4986fc7bf41477f300bc8c3bf1df6da9b121659be0dca3733847789257fb5fc
stead_event_02203,543a1e168b513cd3566eee4a53f660ee6548433de5ad5ed12fcbf2b8f9af4a92,27f1408d7296fcff9ac6c85af1f7b3e569ffa1d22f3cfc11987b1a828f77f309
stead_event_02204,8275eab4a4b969b40193f92ffd3932d14f6ca2b70fcba5f9bab3cc4fb811fa7e,6b54182ff15d1c0ee6fdbfa11efe1301ffa09ee267a2a9fb86e2aed1ca32241c
stead_event_02205,ed7b414c3c460e221e481c0a7ccbe86c0fcfc74cba182d8edb84c829e6aa045b,0163a5326a5a05e913bbe73d5902d0ab7dd04c620ce97576b4bbf34ce748d6e7
stead_event_02206,e6e2afc13c2554c12e74866b1a3a1be39f4319d94ef975a516e7b396d9f071de,0f1877c0610bf84a6bbbbd2e29bf349a6c2215f66c977f5f615845fe8bd99465
stead_event_02207,99c5d0c52c973155aab48e999276c497634f0acc30b6070b1b0f33bcad0c6c09,c254b24f43e4d2e24e11de2ac20566d7257aa833e667fbe8a64042e2cbd4865d
stead_event_02208,2cdf843db306a2a2c2afb3c21950cbc63bf79882c7dce9d7d5ce66babbeef300,e956789d390be1293ca6ff05e3fe50c8b2b61e03326400346daf1b9d691fbecb
stead_event_02209,cd6605c1ce0223fa96684e1a5551c4f9ac336eb8dacb5adafbe7aa6d51697af9,4b01294422db3cf7e25477ac67e49329d8fe411aaaa19c266dcbd0da6e2a4042
stead_event_02210,9ce1db375e231a1e8ce4399f707c765746c2f187acc45362ecdd143759ab9e14,b02837551ff41c2228246e7a29d4bb256000e18ff436a452c24a79cdb25e7f7a
stead_event_02211,c1e102e98279299851eb51970bf773479d1a712ae252ad6bb98be78c78a8c530,880c43021739c7d5c0642d9507def5592781a5e377e20e3e0a4e6d70f9ef609f
stead_event_02212,2e993ec7c854d118aaffe43cf854469c4aef0b8ab5e90eb131f75073a1c800b0,f805a0eb0d4756d2d67e587bfb7e954be08eb27bb99b31cf8992404f98ff54fb
stead_event_02213,6d336655437ae115b7ae569a84c8a0e045d5a75abe3514a04ac997233216df7a,f1069a1c3cb7c1bcccd24c6b90849319dfcb4ac83906da91669ed40afd0d19eb
stead_event_02214,113d95d352a12159a2f81c770215bf47f62300d933397c0d394abf55cda8d25a,b5af806e704b1678dcb042fdb41541dcf1f3d8c985309234594f76d88f88192f
stead_event_02215,62193c1ec7f128b4f88f525ff4bf37282274a6e6afd26b5e3dcc9b53999aaaf1,07f8e735b2fdf44c1afe0029029a1a3808c4ec5bcf7a033d0fb6bc04c7b7da87
stead_event_02216,6cf66c15a7aacb1829c139ac1ed1fc08c564b62965a7843417752790de606650,3dcafa38a1ba8ad193c32cb4512049f508df3a877a57312228e57d3a8815c349
stead_event_02217,f9974a8b8165a7f4cb933a6f31bfa7e5b7d2867e0636788cc07396495c9235d3,7eeaa6c42d8efa83938baa9638bd9db9336ec917e47618525110ebb0845e5144
stead_event_02218,58cdf50bed56200e40ade95f96fefe83c5e5d8c007325eb46aae0cdebe42b6f9,a7b4a6eab411bd0c849a869a3c5aa4fadb05acbfc7be3a9699b3cc9cad04cc36
stead_event_02219,60211d13ccf595436115e25e7b003a4209fbb1fb116f17fe55e697b5b3cf284f,bea45b0245583d306d7ba345b49bce6a18072771e84aca398671001cf8a6864d
stead_event_02220,cac068987e5f71f5c18a7f6f4f999c37b0d498904fdd87706baae2372fcf84b5,72b70af8c89082d2a61ef5b82bb4310e3f0af785797461520f20dc8854124f2e
stead_event_02221,116dc7306dcc2d1c74248af68fd1bb24d875b47d13f7e3c3320f3c7f946d21b8,0da28e016fd353efe17fd9b2003760b2d4ffe47cb85a0135861b2860f82d3ae2
stead_event_02222,2c5f45cfb2f5ed76e289e160ad7f30e3b08a07e336970b8670d87d017eb8b8f7,b4fd04354f0c7d4ac60efe04300c491e57554f3bc79b1260ce41faefe34f37b6
stead_event_02223,2cef48914d405838f7845c5b9929f167d11cc3deb2e5e19cf0eb4d7f2715f994,dc4458d24d23429bf45f2ad3a352f76bf8e019d0d5be0046f1c6dac9fffb1434
stead_event_02224,428bca7bff07d15a2f21f3031af7aab05d2cfdcd1a4dd81f3ed19fede25835d5,e81c6affad277d0ef9054b2abf824f8354f8092e9c83015aaac51e3f3f93e8cc
stead_event_02225,84a205ea6b5cadcf7859ca62cd5a777580ac3cda3530683237355802471923a2,ef4ba0211106b48030bf106de604f577a82b851aea7344dbad676ae3a3523791
stead_event_02226,079ee069bbea8ebeb9ee4c606f670d836f46e2486aa772d6148f57555c58ffb9,89948db5afea47d84baa6c2798875d3dfe2db7c28565fd3025f5d3998c237cf1
stead_event_02227,18e26b86c1260814056e15130977188e841986cc659474c1c56b8d81e12b1c3e,6aa396f29765e01483380496114d3f7954036430e91dfaba40b3dcea54efcde2
stead_event_02228,00ad9642c296260544f7f8af327ead4b8c16a6eb18aa44690341f8a7be2da10d,04e61c96310951a77f9c01e737a649f3104ab2f2a884a2c282d6c27a1b07a243
stead_event_02229,f8c25d33ac4e47add13388efb6b244467ac9486d5054dedfa9ebee4769108a31,b05dd5e38b32d2fdcb74c13486c9152b5466258d0430d29965eec6c108845082
stead_event_02230,8c5b836dfb3a2ba9e014e9e3fa4202489c6c4976a2041bb54b7b11ef5523c113,27fa8c6f2e3e23ede4e0dbe84c9b869ac88003e6076e936e0cf5f1fd4148ad65
stead_event_02231,646e03ac28d4c40f4bd2fc28d1b136a694cf47fee15bb372f012b646208a6d49,99cd82e0fc36bd576b47f8e33beb60cbee92d7495b6273afbf31fd912faf61f1
stead_event_02232,33877b7746942fc7a09546257ea09cc97415d06765fb135154d9e5ed1e17cd3a,1ec08b050e36e638956b1e58fd0b7a72df2d3eea54f5a196d73be19c470b4b2b
stead_event_02233,b5b772e1f50cef435d762595dfc185c57e2a6bff553c36653aea7f717b946c24,79c83c4f072c8461314cf2c041e715932cc1d56c611606a221bda3bd4607f074
