event_id,sha256,matches,distinct_source_ids,expected_mapping_found,expected_trace,expected_source,matched_sources
stead_event_00000,4a06486cb8d36f5d9003550c8e7252c54183a4c5c32cc4ec218f4511429b5db1,1,1,True,109C.TA_20070706203254_EV,12763676,12763676
stead_event_00001,6e2daaa9b00d7fb081a2d5bd45f846ad2ad3873a2cc7a797d38e073a0534f281,1,1,True,109C.TA_20070830095302_EV,12816661,12816661
stead_event_00002,1eed1c2714010f86aa20d71d642ffe7254a61408854180148acdfb289ce92e42,1,1,True,109C.TA_20070904144754_EV,12956869,12956869
stead_event_00003,236ae3331777cf8fe9236ccefbfda00d81b909820d74ece84087cf7bd2e06a31,1,1,True,109C.TA_20070905042031_EV,ci10276465,ci10276465
stead_event_00004,09584f5601edbabaca24ab7bf54fc9fa03981d3fc2e279f01dbe680912710487,1,1,True,109C.TA_20070907191015_EV,12958631,12958631
stead_event_00005,55e58a1a93f266f465854cc36b0151d977f3fe25e0e4fd43dacc1e58fc7d56ee,1,1,True,109C.TA_20070907214730_EV,12958575,12958575
stead_event_00006,401910f93fb892242986c1ef433663e965488d1498861cddf12dd4db205993fd,1,1,True,109C.TA_20070909131147_EV,12959880,12959880
stead_event_00007,b4e250dfa0f54ade3233f7b37fd8020aaddc0de359b18c23dde84b311b9c9bdb,1,1,True,109C.TA_20070912073736_EV,12962350,12962350
stead_event_00008,0b4e5d502b5beb483672466a5512311bf68155cdf1ad41f50852bd9179979aa8,1,1,True,109C.TA_20070912081129_EV,ci10279289,ci10279289
stead_event_00009,896514ea0d74eaedd42ca5de8b8697d3b646353480a39e019024f0c8e266a532,1,1,True,109C.TA_20070912081130_EV,12962332,12962332
stead_event_00010,86615dcd1d08aa4c852a7426ab2489b7d81a0f74aebfb618d8bced3c43ece878,1,1,True,109C.TA_20070914042447_EV,12964285,12964285
stead_event_00011,b77f1b271df4b63f4c2323d0f7b1bc1ffa4735f58df8ed99fbcdfa7c9aa58361,1,1,True,109C.TA_20080322071728_EV,13494111,13494111
stead_event_00012,a959998d14a8371db89a84ad4934fb8c07cf8e11e27d02903d656afba37ede4a,1,1,True,109C.TA_20080504181628_EV,10925153,10925153
stead_event_00013,36e6aa809759ac06381788dcf2a181cd369a2cc73c09599100e2d842c8f1faf5,1,1,True,109C.TA_20081030144347_EV,12071632,12071632
stead_event_00014,2a8fa60f108c80871ab23825ba41c5cb4328e47a0ab49545c0b1f0ffbcbf5473,1,1,True,109C.TA_20090711143450_EV,13374603,13374603
stead_event_00015,5b200c0a1f06b8287e8626a410e2148464e3781ec4b86ac6dfe51f165a528480,1,1,True,119A.TA_20070716025806_EV,12769966,12769966
stead_event_00016,27f39ecb362d4fb933a3a486f223b5b4ff199f146ed33c7d8c9d4edf7d3214c2,1,1,True,119A.TA_20071104213659_EV,13259505,13259505
stead_event_00017,d2e32832f78e9de02c3deaba7b32606cad2742107055de5115a74acb5efc9a3c,1,1,True,158A.TA_20140319223758_EV,604179950,604179950
stead_event_00018,9d5344143aba805bf769e46d360b1b0311cd15d82a6dcc6648f2da5cf824101b,1,1,True,158A.TA_20140319223801_EV,604179950,604179950
stead_event_00019,5228a0f01b7073c1ffeab403a4db83112b84d86b2ca9f5f34a6fc1dec279c689,1,1,True,735A.TA_20111020122441_EV,17386617,17386617
stead_event_00020,544288454a09da3ecfa1beded39e9b36d67f0809d139ca0972382376d9368dab,1,1,True,735A.TA_20111112103456_EV,17531242,17531242
stead_event_00021,fa19b835e0ad7a01eb585d61bbc5ac112d01c95eae1a8d4c89a6f16a22b81ce9,1,1,True,A04A.TA_20070913042136_EV,12963489,12963489
stead_event_00022,cdbd78e5eb4a916db32736de3c597c7779201598d00866aeeebeadf95c5424a2,1,1,True,A04A.TA_20071001034524_EV,13232556,13232556
stead_event_00023,b44707c3a86732d97e726a4e255061456965aabc57456c13d38feba01d349aad,1,1,True,A04A.TA_20071001034529_EV,13232556,13232556
stead_event_00024,5c1011593488bf2dd5924f7586b8b5ea0c948f24349deda70c7c59dd5f1993f8,1,1,True,A04D.TA_20110208163637_EV,16012717,16012717
stead_event_00025,b39ef19dd87cb25f14ee8bfb72b37b628f261565ffda558fc61b0510403d6bd9,1,1,True,A04D.TA_20110208163638_EV,16012717,16012717
stead_event_00026,a8387e925e2730c70139870c8f6194fc31b3bb5424e7e8d2f9739b065a02fd05,1,1,True,A04D.TA_20110619105514_EV,uw10819223,uw10819223
stead_event_00027,17d123c1ec29f4071636e9bd42fa90182eaba6ad4c69b9183a7847501795270c,1,1,True,A04D.TA_20120419174745_EV,uw60394672,uw60394672
stead_event_00028,2944e0074285540f13b950ac4449ed17d82e356abfcc77e55b2195d0c418d201,1,1,True,A04D.TA_20130522134800_EV,uw60532637,uw60532637
stead_event_00029,089d569a8d0b0273d69262fd71bdf0f60eaf0a617bff32fa5271eeda1058b746,1,1,True,A05A.TA_20071001034523_EV,13232556,13232556
stead_event_00030,2b52b90503b3930bb74a88737d29448ed95c2bf3ba11f9e14d2c0ecdb7ea8080,1,1,True,A05A.TA_20071001034526_EV,13232556,13232556
stead_event_00031,a84edbf8c70a7fb39530197e6adbe6ec3787e4380fc51f4fa9e48d30324330c8,1,1,True,A05A.TA_20081109091527_EV,11406516,11406516
stead_event_00032,7a48ddff564a2663d088b28a7e0d4a67e622e2d28e3c962e17fa8f83c584fb42,1,1,True,A14A.TA_20080112222312_EV,13333448,13333448
stead_event_00033,1bea1957bc028a5c759c55d27a6c89f50c67e2d644fa7e1c0731d43f5b17fc8b,1,1,True,A14A.TA_20080312183501_EV,13487328,13487328
stead_event_00034,e6da25ce3e47d97721bfcf27ca8b36c46413a3fdaf2dac47df21be523b770e29,1,1,True,A15A.TA_20080103132817_EV,13326812,13326812
stead_event_00035,b9397fef4675b31f55d87f380e9a5fb6bbecb0abfe00a2631cbb23360ffbed33,1,1,True,A15A.TA_20080312183504_EV,13487328,13487328
stead_event_00036,bb281e48505271f0fe7c14e41130c1c9bee48442b155602abf9fd89ecd937476,1,1,True,A16.CN_20120804182752_EV,601518318,601518318
stead_event_00037,66e6e05eace7acfa66153fe1bf8f94b7f7be3154ff96c86c5dd50e1fbc761eff,1,1,True,A16.CN_20120804182753_EV,601518318,601518318
stead_event_00038,23924985be020c8f48352ee535301de96e5f4f3b1c14ca3f6ed1bd08d867b367,1,1,True,A16.CN_20130711201604_EV,603236867,603236867
stead_event_00039,beb3936065686b1cbd38e64c2b9b97b35dd4de3009df9f4aa56e2d7f0159cd84,1,1,True,A16.CN_20150121053158_EV,606589340,606589340
stead_event_00040,ebad4cf854d1cc3863999caa2e82ec588c1ad588c696336be7e5bd2877138cf4,1,1,True,A21.CN_20130711201607_EV,603236867,603236867
stead_event_00041,a7400a1804ba522ab869551b7026659f987b9e045589238af8d0315ce9a951af,1,1,True,A61.CN_20150121053157_EV,606589340,606589340
stead_event_00042,1e28781cd76e66df5e3d8b8e7c25cdf5c6d599c411c38ac7f8c96f4eeb8c6b4f,1,1,True,A64.CN_20130711201601_EV,603236867,603236867
stead_event_00043,dadf9b192b2c758ab2a5d2b2e3480c2097829be4e0f48d8a6f721b27a7f9202c,1,1,True,AAK.II_20030517174133_EV,6843012,6843012
stead_event_00044,c296bf9af78ec0009bd1a7da3e423ab5ea002d3b0a581c8cc74e2fbcdb1351b4,1,1,True,AAM1.ZQ_20061220181041_EV,426634,426634
stead_event_00045,2818ea12159ab8b6cb8f7137078fbee2abecfdf5587f1e64eedee2d4c4138430,1,1,True,AAM1.ZQ_20070125135921_EV,377378,377378
stead_event_00046,6b05e3d71f1d0c3019cccb04180c3e7e550b9c125f863c6ad2fc1c95054c8e57,1,1,True,AAM1.ZQ_20070202040026_EV,42145,42145
stead_event_00047,3e1963a82896ca5e85c2ba113c14c3e273d4322f24b2fe045de22a598b5fe9e1,1,1,True,AAM1.ZQ_20070404020759_EV,3887,3887
stead_event_00048,ed2f5795bfd03519733db724938c287ab7fb208f5f3631db88f9290f62d84669,1,1,True,AAM1.ZQ_20070405034829_EV,407528,407528
stead_event_00049,16531b53e38734a73e59e60c8ce40763fcf1b3d0db06aa6efe9624989cf9b98e,1,1,True,AAM1.ZQ_20070406132359_EV,401534,401534
stead_event_00050,10d05cae868f72c5da5a9513f1f930ae972a20ade7d437391a0e97655e738bfc,1,1,True,AAM1.ZQ_20070601164725_EV,371473,371473
stead_event_00051,1f730a849c4624590b831127f1b259bbd784993b5332a2e904d2670b5012e303,1,1,True,AAM1.ZQ_20070608021227_EV,449393,449393
stead_event_00052,153f8c58fa0cd91ea3cf9c2db3815c5b15659bb3ca26e27db8d8292dc57178f3,1,1,True,AAM1.ZQ_20070612064429_EV,427423,427423
stead_event_00053,be25dadc161c14918a78c941765c39b4c3d51d5f0d1bd30f9dc7778eead70f97,1,1,True,AAM1.ZQ_20070614152112_EV,405375,405375
stead_event_00054,bd9ccd01b243dcb9ceba202d3a537e0892ab7ac9c984014ae78571a1d6e7965f,1,1,True,AAM1.ZQ_20070625122500_EV,448605,448605
stead_event_00055,25498fe09ee27f42af853d081d1fe917fc68d6aa0e795efc4f770fc7ec06e113,1,1,True,AAM1.ZQ_20070625142212_EV,423377,423377
stead_event_00056,eaaa22348f0f6e50cfd30af9fdeb819b6d8d6b95c3af6499b83991731e7b8240,1,1,True,AAM1.ZQ_20070628131243_EV,338507,338507
stead_event_00057,315169378f46dceab96793571b4edfdf8831b2065a51a5d0978619683969be76,1,1,True,AAM1.ZQ_20070701203354_EV,429451,429451
stead_event_00058,a3563c145257ccf6e32521480b8fb73796dec59a6e49ca8c7fa01b71379ae798,1,1,True,AAM1.ZQ_20070704182619_EV,429464,429464
stead_event_00059,5877ab4d9b8501d833c03eb5953e455282ce5645dd61f3656155206644aaf878,1,1,True,AAM1.ZQ_20070715125712_EV,39672,39672
stead_event_00060,b57b211dd1d1a6c18e7bcdaf73cebb65863c4181ef6b70a89f6d3853d205ffba,1,1,True,AAM1.ZQ_20070724105542_EV,458578,458578
stead_event_00061,6e6611e9ed77a92744a84933f62459c613537003f37b123411f840e25139efac,1,1,True,AAM1.ZQ_20070725103350_EV,40969,40969
stead_event_00062,5caba7c4224230108e439c35774487e8eb325e658606dccec3d4565d883242da,1,1,True,AAM1.ZQ_20070818000315_EV,419718,419718
stead_event_00063,f44374b41e53898e32706cdd5e510ed4997a19ace02491e5af45477aa22a1524,1,1,True,AAM1.ZQ_20070822143627_EV,335476,335476
stead_event_00064,15487a5967ad7fc1992b19906f20183218ecebd26a17b8f58b25a167cc365e5b,1,1,True,AAM1.ZQ_20070825162727_EV,377479,377479
stead_event_00065,5da21f6d29cb25a980ec7ec8e4d48fa30f3072161254a6688fd54c6e8c86ba50,1,1,True,AAM1.ZQ_20070909211414_EV,427431,427431
stead_event_00066,8ac58c2654ebcaf1874d005d352c62d325808bd75394a644f835b121e4bf85ec,1,1,True,AAM1.ZQ_20070923090608_EV,413582,413582
stead_event_00067,3d265c379991ea2de6dcca13a12695b0a8f589ec099db127230fc2b1cbd9d803,1,1,True,AAM1.ZQ_20080409031410_EV,334594,334594
stead_event_00068,6f5cb3850062bf92d78377a2bd47cba85a2339775f5438a614f35a33a2572005,1,1,True,AAM1.ZQ_20080522180303_EV,392291,392291
stead_event_00069,c26cc23072eabc620b016b085e03b3edc7dd05f42d4e0ad28c7dc503660520e6,1,1,True,AAM1.ZQ_20080523161655_EV,428454,428454
stead_event_00070,249fab7ad991467adceb1055610526108fb6c267ab33a197f5ef61655252c991,1,1,True,AAM1.ZQ_20080610141603_EV,474506,474506
stead_event_00071,aeed61681f1fb13ebee5fb3c7e099a321d725e2c783052c753faab5f78578c62,1,1,True,AAM1.ZQ_20081121172256_EV,43425,43425
stead_event_00072,c38f72b8e6526e82828742991975fd45e0a1005ba9a0594ebed44ee5489f8038,1,1,True,AAM1.ZQ_20081122201503_EV,37441,37441
stead_event_00073,db51287fdfd21bb6330272bb3345b8ff8e3d1ac1df57fa1bab737ea18449e3b3,1,1,True,AAM1.ZQ_20081126160458_EV,432389,432389
stead_event_00074,3a735627c1a368eb2347dc56c21e6e59f9e109818e0df867262385125cd829ce,1,1,True,AAM1.ZQ_20081218202920_EV,441362,441362
stead_event_00075,7af875b2667c92299e59bc6cf48065e4cb46f95d0052015321fe3e326eaf1875,1,1,True,AAM1.ZQ_20081223193904_EV,458505,458505
stead_event_00076,ae718bd0a5ebd5cd38382a68f49693ef4051894c2956df2f7a30f966d3649214,1,1,True,AAM1.ZQ_20090312232814_EV,45392,45392
stead_event_00077,217c66236427ab6dd7e83a43de0f0c83fe827176c6485c6f150a320843d745cf,1,1,True,AAM1.ZQ_20090404055347_EV,36493,36493
stead_event_00078,be54b27429dd3d442e9466c701bb3e8c25537a98a9bdeeea1fd7a552db4abf47,1,1,True,AAM1.ZQ_20090404060121_EV,366492,366492
stead_event_00079,81c7d51e51e51698edcb98bdf925c3744214c28f3ea34a8b0886a238cd9258d0,1,1,True,AAM1.ZQ_20090426184454_EV,42768,42768
stead_event_00080,f341c97b26c9a550ab82ccb8ac40b2e27014e0cc42054914996e4dfe7a765f51,1,1,True,AAM2.ZQ_20070116222656_EV,378456,378456
stead_event_00081,cf33f48b763cb85824f9ab58539e9aa7c9a90657591ca0261d02c76920a168a4,1,1,True,AAM2.ZQ_20070125135922_EV,377378,377378
stead_event_00082,7791c39e3ea0dc2c05af3e03b12d39b30cf4887d9b6d52a75398ba13e5f7bed8,1,1,True,AAM2.ZQ_20070202040026_EV,42145,42145
stead_event_00083,82367f06a77c7e388430b043e18f482db1af559ddc050988e6b492c0f35b3441,1,1,True,AAM2.ZQ_20070404020758_EV,3887,3887
stead_event_00084,ecb9a84748852ff29ab8058e0087112784621256842ca29735b65cee095dda0a,1,1,True,AAM2.ZQ_20070601164725_EV,371473,371473
stead_event_00085,3ea54dc3d5cfd199efa87ca7fd99f4187e0c60353f52ca1483865752585e9329,1,1,True,AAM2.ZQ_20070608021228_EV,449393,449393
stead_event_00086,a2607a97a2376c88ddda3d65a43c23f372fc3f7d149030247408c1cde32899d2,1,1,True,AAM2.ZQ_20070612064430_EV,427423,427423
stead_event_00087,dd28ba385b5b0e4d3acd7e54fc27ac1c254a582319e107e800ab0eefcdeeca6d,1,1,True,AAM2.ZQ_20070614152113_EV,405375,405375
stead_event_00088,eca6d34f0eca30d2bcc8ce3122cb6e912ac2273f49686fb1ddaaa66886832d90,1,1,True,AAM2.ZQ_20070818000314_EV,419718,419718
stead_event_00089,de7896ed5bf07a0a910afe0ea002a22fddd0ddcd510e3e041118168ae64901b3,1,1,True,AAM2.ZQ_20070822143628_EV,335476,335476
stead_event_00090,7f9e76fea28df38cab6622f31fb237862655ba96aea8a215b135701795507221,1,1,True,AAM2.ZQ_20070825162727_EV,377479,377479
stead_event_00091,98503d924024cfdabaca7682ce0fbd396c8b2ddcb294b1eb1acab3a865d353b4,1,1,True,AAM2.ZQ_20070909211415_EV,427431,427431
stead_event_00092,50e0cd9ecc704216f483f59862b7f72f04e3b6990a29b3ba2db13e91f81e0be0,1,1,True,AAM2.ZQ_20070923090607_EV,413582,413582
stead_event_00093,f775f80614d88e4db8b250903e3ea771d784d5bc2d26cb497deaf0c5a7b91640,1,1,True,AAM2.ZQ_20080131065231_EV,408473,408473
stead_event_00094,2a9125a0dd4d56cae6c2a5e4ba88a2bf86f2729a8c5ea449dae2c34e7148262e,1,1,True,AAM2.ZQ_20080407094038_EV,197886,197886
stead_event_00095,815d9145588e1deb42103f9108ff338d44956ceb4f5242b604c92cd7eb3a7cce,1,1,True,AAM2.ZQ_20080409031409_EV,334594,334594
stead_event_00096,9b305d8dd97c43a814171d05839bfcafbdacae984f6fefefb99f7a0b27ba7ad1,1,1,True,AAM2.ZQ_20080706030018_EV,406475,406475
stead_event_00097,3bae7171fe2a700aad2bd06548cda14da0485b0e22966356e1495c5b521c7596,1,1,True,AAM2.ZQ_20080716055044_EV,419606,419606
stead_event_00098,a848d818dab4d66536a791f0c676d83d349c4bc61b08e230345a19da0163f6c7,1,1,True,AAM2.ZQ_20081121172257_EV,43425,43425
stead_event_00099,7e88c9c4129d923fe8bcb8dae026277aba7d5f3773338d75cf2971e1f576df29,1,1,True,AAM2.ZQ_20081122201504_EV,37441,37441
stead_event_00100,68feddef522a0f9da7e21965f9a2020cd3d7e5d23c6ba165fbcf68f37d6a17ae,1,1,True,AAM2.ZQ_20081218202922_EV,441362,441362
stead_event_00101,95544bf996bf4bc372b19b6ed15e6050ce533ab2d237c07c619787cba4d6cc20,1,1,True,AAM2.ZQ_20090212014654_EV,101667,101667
stead_event_00102,2e431a28af86d6137d189a3dea6c6d8c7ee2d93501d95040617de0b0690223d8,1,1,True,AAM2.ZQ_20090312232815_EV,45392,45392
stead_event_00103,0fe880d4b98e39059d0565c04536bd9490e7203b8727bd9ec271520f404dcb09,1,1,True,AAM2.ZQ_20090324133448_EV,495,495
stead_event_00104,12e38b4d517d753d8d3167f986ded39f1b879eca241c5bb9529f17bb6fd43aca,1,1,True,AAM2.ZQ_20090325134439_EV,428586,428586
stead_event_00105,dd0210bf4624b688995c1afaa7b66bd41f6a7f465eb4f4d3e1667f1608bc9086,1,1,True,AAM2.ZQ_20090404055347_EV,36493,36493
stead_event_00106,9a98bf1af25552cbd0c142e3ca5ae72cf5bda9fc6e06c8c41343b6ea656c8662,1,1,True,AAM2.ZQ_20090404060122_EV,366492,366492
stead_event_00107,1ca3e022389bf0455cf5ab22d7ca8ca1160a4c976f6b610f6112154f3afa8c9c,1,1,True,AAM3.ZQ_20070601164724_EV,371473,371473
stead_event_00108,1c5eeb0d99e4e8e39bdb716315d0c828215adc7bb900790283e3b3d6c9bed74b,1,1,True,AAM3.ZQ_20070608021228_EV,449393,449393
stead_event_00109,14a4abb0badc7a344345870e0fc148e3354329b2ee7eb6390e78a391c8e37fa8,1,1,True,AAM3.ZQ_20070612064430_EV,427423,427423
stead_event_00110,bcea3531abff20c24e3e44eacf79c72ec70d69737b58f07a87ee06bcce614bd1,1,1,True,AAM3.ZQ_20070614152112_EV,405375,405375
stead_event_00111,10cda1725592202f8f4700aaf513d365267fcf4ca7e16eb337d31bc169d9b1f0,1,1,True,AAM3.ZQ_20070625122500_EV,448605,448605
stead_event_00112,963a8531b86fb74367d5c484bfc1fcd8791e39e9ebef671fe96be18091b8aa67,1,1,True,AAM3.ZQ_20070625142212_EV,423377,423377
stead_event_00113,35c8c237c8d73c789b45ca0176a417875972f8b1bbc295ba9566d4bd8045125c,1,1,True,AAM3.ZQ_20070628131243_EV,338507,338507
stead_event_00114,899978a38eb325cbb6e1be525d022e5ea16d715f294a4df738174eb5f4b79e53,1,1,True,AAM3.ZQ_20070701203355_EV,429451,429451
stead_event_00115,fa36964e56e0cef83a8c34a820452e57f0b5ec0102d21e87ad9babb88093493c,1,1,True,AAM3.ZQ_20070704182620_EV,429464,429464
stead_event_00116,276e5f87dccd0533e8dab59cedc8617d3fbbaa8ad9de9028d2334cef40c85a45,1,1,True,AAM3.ZQ_20070707153210_EV,423507,423507
stead_event_00117,be0c64401254e8df9b81a5fa1b7fb24588fc21d6f9cf29f3fd387b0e211a9379,1,1,True,AAM3.ZQ_20070710231438_EV,37255,37255
stead_event_00118,b43bd96e5c4946d47e972c76d90d11b875b3561de1727fc1eb83de9a97a5d650,1,1,True,AAM3.ZQ_20070715125712_EV,39672,39672
stead_event_00119,ffe41b5056db3a92ff0c8dcbcc0346a4f89a88bf59dae26e96f37510f2f416bf,1,1,True,AAM3.ZQ_20070724105542_EV,458578,458578
stead_event_00120,dae9aaa18218471630c68efc6fb8588b7f6061334ea2d4a26a3ec338191e5785,1,1,True,AAM3.ZQ_20070725103350_EV,40969,40969
stead_event_00121,cc163709436af97558cb0b3bcfeb158ebd9c17ff5e110347e89033e1b9a204b8,1,1,True,AAM3.ZQ_20070818000315_EV,419718,419718
stead_event_00122,249f72b0a595f26d2b4a38dcff663767e83d025b59edb0d14e44752b0cfc9a5f,1,1,True,AAM3.ZQ_20070822143626_EV,335476,335476
stead_event_00123,0a5c5988df8ab24f61a7195451c228e36c88b0c30519236af6309f83646bb590,1,1,True,AAM3.ZQ_20070825162726_EV,377479,377479
stead_event_00124,0029617617f7424bb5523a8343b5cdb48d2bba87fd22dd9d71f7e54d1f91c745,1,1,True,AAM3.ZQ_20070909211414_EV,427431,427431
stead_event_00125,7f86a2d02166a2489e7d7726ff3b26072cc5510664215c58e07d63ad939dd2db,1,1,True,AAM3.ZQ_20070917203431_EV,431338,431338
stead_event_00126,df7f95e2c22a9aaab10e57d06f2aeffd11b8d44959d2c232479ce367b84a99fb,1,1,True,AAM3.ZQ_20070923090608_EV,413582,413582
stead_event_00127,f0f86eb283885706143d9d34e1d1f49e5f415f8f85ee8d3c90258f807a215137,1,1,True,AAM3.ZQ_20080131065231_EV,408473,408473
stead_event_00128,68cac47fbb2fb0809c3e7d5a2c80bda4a8d04196e2dc7dca1fa24d3ed1455059,1,1,True,AAM3.ZQ_20080522180303_EV,392291,392291
stead_event_00129,e62ea39f2d169f1ceded6e70d5e98fa456b5ce63e5513ce32eee6d70ed08e417,1,1,True,AAM3.ZQ_20080523161656_EV,428454,428454
stead_event_00130,1f7e4507ef4e468a4b550bbe7a08fca48a5d172b6db4d161d25dc0a8b8ce38b7,1,1,True,AAM3.ZQ_20080610141604_EV,474506,474506
stead_event_00131,babe4a0827ccd9eed17f7664c0606dbf5d55ca1f50d3cfd6c60ae20ba793b7ca,1,1,True,AAM3.ZQ_20080706030018_EV,406475,406475
stead_event_00132,ac18d1e6b3b99c847a7b7bfd1fc9f527316a95b3bf986d8544b9ca54f622d396,1,1,True,AAM3.ZQ_20080710165223_EV,419463,419463
stead_event_00133,fd8fcba17aaa3f671a43e07eed5e9dbbf8682747a496abb8091188a96be268cc,1,1,True,AAM3.ZQ_20080716055045_EV,419606,419606
stead_event_00134,8882bd83edbc3a46beb0b8ca063329b6bcd673870ad24cc116cca50cdc4eab35,1,1,True,AAM3.ZQ_20081218202921_EV,441362,441362
stead_event_00135,a73d8cfd7c65472fc5afc0a5fb22987c797aa52f7bb3543e2cead62691f33c5b,1,1,True,AAM3.ZQ_20081223193905_EV,458505,458505
stead_event_00136,b08ad9b154e07df8594b435cee78c13362ca0dc4609cc43a4ce3d9e981626863,1,1,True,ABKAR.KZ_20081229095314_EV,12092789,12092789
stead_event_00137,2172c9fd8d3a99380955309566ccd34a2e0cdf2939902f6d85345c823c10a0c1,1,1,True,ABKAR.KZ_20090520112903_EV,12653337,12653337
stead_event_00138,3f5313ff5cb7cf40b52c6deb96ff8989afa2ae8619150530045cd0b288521af3,1,1,True,ABKAR.KZ_20100602123633_EV,99434884,99434884
stead_event_00139,345cd7e63c21a10f1fb8c640840edf1ee0f110a0a7f37da0f5d97e521ccd23b5,1,1,True,ABKAR.KZ_20120626123049_EV,33352332,33352332
stead_event_00140,d46257b84d36399a026d608fb98a6507b27b510a903810d2f816734e72c61351,1,1,True,ABVI.PR_20130123122113_EV,602347413,602347413
stead_event_00141,4b0a6dffb24b420de9d1c6c835affd0c8c7ea7ec954106a6b97037e84be1ca8b,1,1,True,ABVI.PR_20130123122115_EV,602347413,602347413
stead_event_00142,d727296527d0fed6b9c27ebc339218fde8b4547fd1ea5854e20b76f027bd4289,1,1,True,AC04.C1_20140522163733_EV,604652658,604652658
stead_event_00143,4d5da02ac395fe0e4758ef244b4e1f9edef834efbc3b20f5cfb5d6053e552d8f,1,1,True,AC04.C1_20140616231955_EV,606918008,606918008
stead_event_00144,c51c73d6efa8cd2266307c19d7b01fd0a9f3bee2703e07429f36bfcd529d126b,1,1,True,AC04.C1_20140619230118_EV,604751880,604751880
stead_event_00145,bda6e912cde95da4619558e00352bfb54acd80486499f7af96a4f59da27c6a86,1,1,True,AC04.C1_20140720063145_EV,604856436,604856436
stead_event_00146,cf0b7201340f247f2da7a11f2352ba06af88b83ed9dfa656f3e2a9f5dd14ef07,1,1,True,AC04.C1_20140720063148_EV,604856436,604856436
stead_event_00147,bd47e7303fe10066fd519297868fb16d30005b010fa757fa3f1cea2f8878aa1b,1,1,True,AC04.C1_20140819040730_EV,605416371,605416371
stead_event_00148,8e9f6fd6a433c103ceb70566c5946e3e4b639ed3e3b2811757b33b6101f268fe,1,1,True,AC04.C1_20150201102741_EV,606932637,606932637
stead_event_00149,e74719f4b1dbfe9c1737796b379a6064309e50df2cb253060a1f2dc30f9a6c9f,1,1,True,AC04.C1_20150201102744_EV,606932637,606932637
stead_event_00150,df37808ff2b1b2f203d1405f4335893a0ec561797c448fece9e67806f6cf1f90,1,1,True,AC04.C1_20150201102745_EV,606932637,606932637
stead_event_00151,e0acd5d4d0e08e1f1c69fbb16ed6b0a27a5873e6cabe7d7cc861ba3256108bf7,1,1,True,AC04.C1_20150201102746_EV,606932637,606932637
stead_event_00152,754b44d6533e78bb5247b20da63a66a63bce79ae049cf88800600f32212eab0f,1,1,True,AC04.C1_20150210122703_EV,606732084,606732084
stead_event_00153,6d5c6f27db7cdd3a7046ffacb1269fcdd00fbc90d07621cf68c6687ba86919d8,1,1,True,AC04.C1_20150210122704_EV,606732084,606732084
stead_event_00154,1413d395a729090720ff9a40e69b75d46c199a45853419439a2c29e357ccc06d,1,1,True,AC04.C1_20150210122707_EV,606732084,606732084
stead_event_00155,904c7590eb8cb3ebb23e47019cac669f8dc8181ff6465af1eff28ff612d89b9c,1,1,True,AC04.C1_20150314160351_EV,606831117,606831117
stead_event_00156,fb0ca73ca146307f2d60c2b3d0da6b76b1ba956896171d2828f68fea05bf68fd,1,1,True,AC04.C1_20150402074203_EV,610587346,610587346
stead_event_00157,c55b9827a4b4121e69aa7dd60a2a58262952d8341fa893c1ee9252fcd48d1cd4,1,1,True,AC04.C1_20150402074205_EV,610587346,610587346
stead_event_00158,4450a5fd7202522631b5bedacc6957129f45e790bfaf6d641a69d57fdbb1bae2,1,1,True,AC04.C1_20150429113415_EV,607215166,607215166
stead_event_00159,51fdbe50980d83c7823763f5c634b9fc53312c1d0c8ec7559d21c26c12f8b749,1,1,True,AC04.C1_20150429113416_EV,607215166,607215166
stead_event_00160,c777730888d76b2a22fa711954b51821b0f6d7925a13b5407047997fca1a2df7,1,1,True,AC04.C1_20150429113420_EV,607215166,607215166
stead_event_00161,89526fecbc6882e822251ea62c911a60dc23ea8cae904127ec821a7e01c061c5,1,1,True,ACCN.LD_20130825133307_EV,ld60047501,ld60047501
stead_event_00162,4b782882f06a51d136eed6ca197e1551137527c20189e2936e0d68bc240fed17,1,1,True,ACER.IV_20130917225636_EV,603441563,603441563
stead_event_00163,2d50b314abeeca1e9c8cf218cca1e6c34ca1deb01ea670a63e9110d4003ba93e,1,1,True,ACH.AV_20120925193401_EV,ak012cd72sd0,ak012cd72sd0
stead_event_00164,0f31a5fca9d429fc66ac8d975784aa13190543b5e86f4fac6424a5e881ee6bf6,1,1,True,ACH.AV_20180502003318_EV,ak19299578,ak19299578
stead_event_00165,0d7a3c43f1419463c132beff5f45afd2ab1aab2453e84abde0d64318394f6a1e,1,1,True,ACH.AV_20180607203142_EV,ak19771635,ak19771635
stead_event_00166,17b9ec2d60bfb95fb88ba6e33f64187a1cc696e57c00b2bf2b76981d71dc73f5,1,1,True,ACOM.NI_20111007091846_EV,17333898,17333898
stead_event_00167,40079719a58a27f7696ceea56960e5a31b851902347e0f1b440ecf0b35dab711,1,1,True,ACOM.NI_20130314095449_EV,604373274,604373274
stead_event_00168,174e9ed74c0ad2e2b6d8061451abb2f495037f3b20ae75d09a5dd549571dd150,1,1,True,ACOM.NI_20150130004548_EV,606627084,606627084
stead_event_00169,11043ba7cf85a2afd204492eddec713984ebfbec4668299b95a5605fcc8ba085,1,1,True,ACOM.NI_20150130004549_EV,606627084,606627084
stead_event_00170,5f0be42658a108f62e8de69d6663767efd51cf3df24caf9fe330befee697432f,1,1,True,ACOM.NI_20150130004550_EV,606627084,606627084
stead_event_00171,f95a48308199c42c753bfee219b7a15fe34b995db7202ff8b5bab1f5c4944e5b,1,1,True,ACOR.HA_20090808155115_EV,13989760,13989760
stead_event_00172,ad2e038699adc67e9782ffa13c1933707076c8f0055c6e9913d7fa2d100ebb1f,1,1,True,ACOR.HA_20090902081735_EV,13843703,13843703
stead_event_00173,237a6b10e3d206028ff7f10a82d8474b0280af32a11fecfe283c9d3ea9cb5ef9,1,1,True,ACOR.HA_20090902145604_EV,14766987,14766987
stead_event_00174,d7cd71b0568a778926d1b37a1137ae10f70fbb0b75ed89c74af86294453b62a4,1,1,True,ACOR.HA_20090902182815_EV,13991842,13991842
stead_event_00175,b5f84b862265411ea21b1117378888c406b002a26ded15d42ce6f3549f71b787,1,1,True,ACOR.HA_20100627131014_EV,14788283,14788283
stead_event_00176,154439c1c3ef307fe3b3da43772e7791feef865812bdb7b2a395e515b3c5137f,1,1,True,ACOR.HA_20100715205221_EV,16334221,16334221
stead_event_00177,2136ef2443e0e989c0ca755171f826a0eb1364cac1425516320aaa98164f9dce,1,1,True,ACOR.HA_20100722141307_EV,16334499,16334499
stead_event_00178,70b2e8b4c60604c68d4e6dd2f41daa4ab517c88127239a0d9aa641d4690381c6,1,1,True,ACOR.HA_20100827112317_EV,16336727,16336727
stead_event_00179,9e439e6cf21022c652038a26fa2060c152686d8ac6850de34b9751f65239e801,1,1,True,ACOR.HA_20100902035303_EV,15165639,15165639
stead_event_00180,849d2555d12268da97a84a568ee3adc6030c62283d1effd482bd86fe6de6c76d,1,1,True,ACOR.HA_20100906192048_EV,15217350,15217350
stead_event_00181,defb3278c5f27d2d45481ad0cca753c7956e4f6a18bca62579ea1de8939aa9be,1,1,True,ADO.CI_20120719132305_EV,ci15180441,ci15180441
stead_event_00182,6507c0a795d7ac058e31bd757c529d0066c8b949cf895bcf64157afc71eaa33c,1,1,True,ADO.CI_20120821024013_EV,ci15195785,ci15195785
stead_event_00183,c1911823870ac63f1cd6d55086aed760fa4c6f89f54d1e39f0b1c7d3626d7382,1,1,True,ADO.CI_20121116044435_EV,ci15245897,ci15245897
stead_event_00184,5bc3c0addca17f6c5d6a7c998c94b4176411aa2c0211e41bf6acfca9bcf0a32e,1,1,True,ADO.CI_20121127005827_EV,ci11209170,ci11209170
stead_event_00185,3d3624b8e55a75f28f95785cdd3383fff32bb803537b1c2d5f7859113f0bf585,1,1,True,ADO.CI_20130825120018_EV,ci15396745,ci15396745
stead_event_00186,5669598ba68f91ad71e9b27ad91258c02d3f870c1062f36ebbe0462b2ef02123,1,1,True,ADO.CI_20140115093518_EV,603962507,603962507
stead_event_00187,90715fc5aa57d55b253fb9c48aef1df3737dc5de8f1bab51f1b913df35e66e37,1,1,True,ADO.CI_20140115093520_EV,603962507,603962507
stead_event_00188,4a408d8f61e551f29533b6ed4f5d61e4be9ead10f6cddcc89db528d6754774e2,1,1,True,ADO.CI_20140116095001_EV,603964160,603964160
stead_event_00189,a6de314f26ac50aefd81cd68616fdedfcd436f018c203665446de961942cd6d4,1,1,True,ADO.CI_20140116095004_EV,ci11414410,ci11414410
stead_event_00190,798f248a0ed02fb2f597bf09cd53f83df4c018d113e3839b5bc059feeb7fa900,1,1,True,ADO.CI_20140116095005_EV,603964160,603964160
stead_event_00191,37f8102389b1edcac185f5759e88490be53aaf6c1f80d6c294da61572553d63a,1,1,True,ADO.CI_20141025110739_EV,605615919,605615919
stead_event_00192,c36f8694cf0224f91551b0756a2a8b15e302b48275e1f6fee7b34961775fa08f,1,1,True,ADVT.KO_20090307145210_EV,13435661,13435661
stead_event_00193,c60847a643978832ef2a88544ff90d3ded61ddd25112d7e8a0b77d599d439a95,1,1,True,ADVT.KO_20100815033506_EV,15898998,15898998
stead_event_00194,17c6c5f34dddbc82fadfd92603469441d6f45674292c65b4e9d209cc43022550,1,1,True,ADVT.KO_20100819080417_EV,15899135,15899135
stead_event_00195,cb0ea89341da3165a94ffacd3a55ec1d4d574bc798a77d43eb9343238cb9591a,1,1,True,ADVT.KO_20110108140210_EV,16357910,16357910
stead_event_00196,deb752575de2a3ea9b02dfd41a0793a7406d4d1a5980cc14925a0495059a97dc,1,1,True,ADVT.KO_20110109211315_EV,16357939,16357939
stead_event_00197,68bb109d1569b26ad45568e166e5e72e2337dee33c1c13400f6a4412d4124919,1,1,True,AGG.HT_20080328094105_EV,13498466,13498466
stead_event_00198,958b2b8852e03717a50fcdf336549e812a4366650a98c18a9e62cdb3256fb993,1,1,True,AGG.HT_20080721175847_EV,12951536,12951536
stead_event_00199,654db5c1e2974a30a6d88ddf51db25a4a72bf40638b91eb906b006555d871587,1,1,True,AGG.HT_20080813002854_EV,12099896,12099896
stead_event_00200,87094ee0e4a573300eb486b744d6b4046121cd865cd305baec53406e2f2d400b,1,1,True,AGG.HT_20090108151228_EV,14188784,14188784
stead_event_00201,3498c3f9a14f22a0cbabb492f246fab0c5f5550f4f29bd449a197f0796a070c2,1,1,True,AGG.HT_20100328212100_EV,14588781,14588781
stead_event_00202,3a7e38fd010f11a310b76c0066d7bd0fcc47d022425cfe0ba2fc6a05172eaff7,1,1,True,AGG.HT_20120122042835_EV,600734280,600734280
stead_event_00203,dadf82eae29f0419be155670c4a806e4637b435e859de14fc7e4b0a0a9fe2602,1,1,True,AGG.HT_20120122042837_EV,600734280,600734280
stead_event_00204,5c9c99607a436b70b59a60d25c74a144882504eaa8d4a1f49ed5266efa4c890e,1,1,True,AGG.HT_20120127014057_EV,600268280,600268280
stead_event_00205,ac51927cc11ffef1e7d0d1c6fd731a61ce0e9b37cbe6218cd3fcd94b0ae5a59e,1,1,True,AGG.HT_20130807195441_EV,603808481,603808481
stead_event_00206,e9f24acaba9f7d83ea1564e4d72bc0b7dcd18f0025c470e183d8e1b846df0715,1,1,True,AGG.HT_20130809114955_EV,603808634,603808634
stead_event_00207,c6038633b0f32d171f635d94fc6c64773fe497293799ed8f4d91850c87a5e30b,1,1,True,AGG.HT_20130809194950_EV,603808676,603808676
stead_event_00208,f8f0ea7caf46c2d6f8c1243806efba0847f435c4489928681235d9e61c95ec76,1,1,True,AGG.HT_20141028093302_EV,605626911,605626911
stead_event_00209,10384062f465ede1f67956353313072404cb5391b9a0fb74406bcae9ca8fa468,1,1,True,AGOR.NI_20100307042746_EV,14371821,14371821
stead_event_00210,bb189417cbf8a521ffe5260da01d0aed9624b465beafd463cd0411af5e917241,1,1,True,AGOR.NI_20100415184444_EV,14576401,14576401
stead_event_00211,ec96402e46068bbc5051cc97c9fa9fac85e0a53b737859e0ff24c33aa2280cea,1,1,True,AGOR.NI_20100623214634_EV,14782928,14782928
stead_event_00212,85c5859878a865e135fb6ae9cdfdc02f5f05e91ec1f3b2aca7c31b55c8501291,1,1,True,AGOR.NI_20110913183520_EV,17223314,17223314
stead_event_00213,4553eaec8e29475806604be192f702b8ffce97e86f273d025b2e284a4b4b2810,1,1,True,AGPR.PR_20100516051616_EV,14710743,14710743
stead_event_00214,2a6ea8feb77a989bfd96338ac3dd9c8a4e5adfcf292db053b361c9762bbbb5e3,1,1,True,AGPR.PR_20140213235223_EV,604048568,604048568
stead_event_00215,d6dafaad3e6fe0f193acc31b9f05e8216a0ecd94cb76d656b2236f8e0baf8b1b,1,1,True,AGPR.PR_20140213235225_EV,604048568,604048568
stead_event_00216,3a20c39378527533011217064a70d91f359339abaacebe10f98489f92107d017,1,1,True,AGPR.PR_20140405080741_EV,604441092,604441092
stead_event_00217,bde6226a5f7bc41dfad3bee1d654a81e9692c7b90e976c6888bb3e143e82a4fb,1,1,True,AGPR.PR_20180624044247_EV,pr2018175002,pr2018175002
stead_event_00218,11a9f514d22126ac690807c35917d34f1d9be58b390bf0bbe7d33cf97717617a,1,1,True,AGST.IV_20070615225601_EV,12680913,12680913
stead_event_00219,1d11b78268dde3dbe1387e8ab6c8300b5d93bae7896cb50bf847d369685b674a,1,1,True,AHID.US_20100620235906_EV,15636453,15636453
stead_event_00220,7c122972404d8e09c9d6bbc2ca7c74fbade7f198aa2450b723804772287a7916,1,1,True,AHID.US_20120105072004_EV,600138494,600138494
stead_event_00221,eee1802f6c0a27a248c7f1f564319f888f3f7ebe3a22aa646e5223fc1162c076,1,1,True,AHID.US_20120105072007_EV,600138494,600138494
stead_event_00222,ea5c659eb01c91c7250a317661df0c81b87d9d8a88771c741603434747816637,1,1,True,AHID.US_20120105072008_EV,600138494,600138494
stead_event_00223,b50a637b07c89065dd53604a141db427dc8bd8d102203c0193beaa920026b70d,1,1,True,AHID.US_20120228204157_EV,600846551,600846551
stead_event_00224,38a84a5525d4679d459ec4433eaf7d60ce3279457862b5cd8eba61eaed63cb0c,1,1,True,AHID.US_20120228204158_EV,600846551,600846551
stead_event_00225,e094435b5c8ba6cc206f20d915affda6ad75c5d16872e3f07eeca0ea8ed42e93,1,1,True,AHID.US_20130301075016_EV,602562570,602562570
stead_event_00226,049d3829927ebe76b6c63f0a72aed90736333a1c9edcdb98814de984c31048de,1,1,True,AHID.US_20130301075020_EV,602562570,602562570
stead_event_00227,ac47cd3c821c0a91044894f03e1991991367fdc9baba2cb47994204b06c55866,1,1,True,AHID.US_20131117135721_EV,603798149,603798149
stead_event_00228,b8405cb3ad85ccc1bb335409e3e81e722d8f5397ea79c2ca42b17ebbb14bd728,1,1,True,AHID.US_20131117135724_EV,603798149,603798149
stead_event_00229,77049be98b6924f69957f32b8718c37deec7dad2b5df7246f693d5951184c720,1,1,True,AHUD.HV_20150501164232_EV,hv60911911,hv60911911
stead_event_00230,ff2fc067f5734f6ca488899a8bbbc11f7844b0a1ae591795d0f7ba59e0df96bf,1,1,True,AHUD.HV_20150620173020_EV,hv60964166,hv60964166
stead_event_00231,70afb58e9f5527f0da0999458985cffb56542723f7bdf374c794cf0b5cda2f4a,1,1,True,AHUD.HV_20150626065944_EV,hv60967326,hv60967326
stead_event_00232,0482bdb861178ec80bfefc0b3efcc02942830a3c83c1c03ada1795993c1ca6de,1,1,True,AHUD.HV_20150629035036_EV,hv60968786,hv60968786
stead_event_00233,680fe648934c78de102f8cb6fe60339d2729177fc959f062e0c206696e51bb21,1,1,True,AHUD.HV_20150719182909_EV,hv60984166,hv60984166
stead_event_00234,119efdc94c0efbefabffa1969b1bd5f19d3276357bb9d799e5b22f4c732698c2,1,1,True,AHUD.HV_20150802194831_EV,hv60996411,hv60996411
stead_event_00235,9ed0ae9183bf6823767bd1c4f9d3761a3dcb1bd111441516a3f251dadb38be08,1,1,True,AHUD.HV_20150812042545_EV,hv61004481,hv61004481
stead_event_00236,b5ca0b4d8ffedfdc4664e5b295704170566af371ec02de88ac2a18a55ec03370,1,1,True,AHUD.HV_20150817161540_EV,hv61010506,hv61010506
stead_event_00237,814fcfefa9135e0f2738588c230d0c6d164f0dcc6581a939c4bf619891e5d6a2,1,1,True,AHUD.HV_20150829170742_EV,hv61023526,hv61023526
stead_event_00238,4b023da3669f3d2cd2ada14b9490e1e83001242c487fd9c81bb4d8af4bb2bfa9,1,1,True,AHUD.HV_20151017154817_EV,hv61067901,hv61067901
stead_event_00239,c977219d798207b607e8ff00da4ef60935b3fc76f9555bd4ceec4bc18ddeffaf,1,1,True,AHUD.HV_20151216224000_EV,hv61128081,hv61128081
stead_event_00240,9c94f5b4a29a1283de88e8074a078c1de4cf537e2989d9959462e81461468349,1,1,True,AHUD.HV_20160229005640_EV,hv61190256,hv61190256
stead_event_00241,8a1341cc5cc168f0c0e6369d6e573e4993e85516c44326f62aa17192be995884,1,1,True,AHUD.HV_20160229170322_EV,hv61190896,hv61190896
stead_event_00242,ab79aa3f04e1657537325c424312ee847e007598f0c07e673a0559a67c597edc,1,1,True,AHUD.HV_20160309141523_EV,hv61199221,hv61199221
stead_event_00243,e0596c9a467528bbf19c28a217da9056bad92ab976aa1d33241f78011be108d1,1,1,True,AHUD.HV_20160405030313_EV,hv61222466,hv61222466
stead_event_00244,fc06d6c1a9cd5810cb4279b4054461610a8b86ccc286882367991cf605c3ff0a,1,1,True,AHUD.HV_20160415010709_EV,hv61231421,hv61231421
stead_event_00245,96c9b05d5f84082dfb4f4b23cfe9375fdc837d2ab29d001ccc3e81774de6f933,1,1,True,AHUD.HV_20160422144052_EV,hv61238131,hv61238131
stead_event_00246,57eab0a77e6cb3f45490307b93e0d3cf14ab8aa294fc46043e012effd53c8bad,1,1,True,AHUD.HV_20160429111811_EV,hv61245221,hv61245221
stead_event_00247,8700508484f8f71175a00846077683878a2ea8e46d1c1b330b9e96221380a166,1,1,True,AHUD.HV_20160610202133_EV,hv61293831,hv61293831
stead_event_00248,958d154b767b2f88e07d284b9697ac88d866716636de208ecb1ef704ef5c2161,1,1,True,AHUD.HV_20160908222917_EV,hv61404066,hv61404066
stead_event_00249,f884601454e4c39a8a173c0f91ce5c726cbd3bd607a07c3d77c626be0fc2e403,1,1,True,AHUD.HV_20160916122735_EV,hv61414371,hv61414371
stead_event_00250,652b58f8622e00f2ba9ebe31b351cca01aed72bbc8cf2b5bd3cb72304687a58b,1,1,True,AHUD.HV_20161002025020_EV,hv61430876,hv61430876
stead_event_00251,eacb4cdeefcd6e6ad923cec671c66186b55ce8ec76958aa6a89b5d0789e65076,1,1,True,AHUD.HV_20161002043401_EV,hv61431046,hv61431046
stead_event_00252,eb118be509675f30fa47abd5a807e0afcf26dce2c289c230e1c892037c0f07e9,1,1,True,AHUD.HV_20161008105313_EV,hv61437156,hv61437156
stead_event_00253,20f76c1281cd07f8a7d995757c29c92b7cc9a5334a79df62c7a92f6c769ac875,1,1,True,AHUD.HV_20161105115904_EV,hv61468921,hv61468921
stead_event_00254,50c991e62703b816b0b516620410425f0f3089ce78a966bf892d1fc4fa9a1cf9,1,1,True,AHUD.HV_20161126094643_EV,hv61496121,hv61496121
stead_event_00255,efab204f6f36c7573275e1b7a6976ba6d9fa1ece5816f7284cc293b8dae2f401,1,1,True,AHUD.HV_20161214123021_EV,hv61519276,hv61519276
stead_event_00256,acbaae42b927e386adf5e45fb4019b4f8ec223738ec80a0c927f75d366461657,1,1,True,AHUD.HV_20161217065447_EV,hv61522431,hv61522431
stead_event_00257,647461fe3d6a35a6160e4e7e6759a8a49865390a13fe57faaba8ba29e7e7ae9a,1,1,True,AHUD.HV_20170101211414_EV,hv61542831,hv61542831
stead_event_00258,85b1e0cfd89a1f9ec966a6661689249a6f149cc59ee89f814082277e72c3955e,1,1,True,AHUD.HV_20170109122702_EV,hv61553736,hv61553736
stead_event_00259,c15e8900601fe62362aaed3fd3001bd66d6062f1dd43fa3de1c1fdb8f7c9ac04,1,1,True,AHUD.HV_20170119000330_EV,hv61568526,hv61568526
stead_event_00260,3e6a5500e07f90059d5fa63f5d747f3593a62e80040291441b200d2b470f498b,1,1,True,AHUD.HV_20170216212911_EV,hv61609331,hv61609331
stead_event_00261,dadb96376f3190723d162d5a94e0b41c8f308766663e1349634c9bbfe1b702be,1,1,True,AHUD.HV_20170228013600_EV,hv61623346,hv61623346
stead_event_00262,7bbff9f7fb15e8bfa03074bb5c1ffb2eb2745f01b2fb6c680594097625f59101,1,1,True,AHUD.HV_20170228141457_EV,hv61623926,hv61623926
stead_event_00263,07e0d2f1f24628f20a8ad32a73915412d0768d07003920831a97f2fe63038778,1,1,True,AHUD.HV_20170305202247_EV,hv61630461,hv61630461
stead_event_00264,92d470af884385e35dfa95fb85b1cef3801d6e40ba3a2553c690785084ff4521,1,1,True,AHUD.HV_20170306054658_EV,hv61631096,hv61631096
stead_event_00265,94e643ee508659a6539e13fe74283ba65bef42631e13b96f4d3218c9deacf6ac,1,1,True,AHUD.HV_20170306211142_EV,hv61631916,hv61631916
stead_event_00266,2e01f08d6536ca6126182cff20697b308031720dffbca1702790887c49998c8e,1,1,True,AHUD.HV_20170309220101_EV,hv61636536,hv61636536
stead_event_00267,a756467b13f43de5b023067c51b41433a70ea9d5d9d5b565c26adab0fe478e4b,1,1,True,AHUD.HV_20170401233338_EV,hv61672961,hv61672961
stead_event_00268,d2d9c07fd759bec24eb47b9c9abdb1d17c7b5ded1ccdb1bc30b910835a516f96,1,1,True,AHUD.HV_20170425142626_EV,hv61713526,hv61713526
stead_event_00269,b702945b3cd8071e255bd81d9e40ba118e149bc424a5fe244bb76eccdc58754c,1,1,True,AHUD.HV_20170426100618_EV,hv61715021,hv61715021
stead_event_00270,7b959ba5c93c83e75e9fbcf8fc517bb19bd7f957f706465d90a2e0320dfe0dea,1,1,True,AHUD.HV_20170429090206_EV,hv61720621,hv61720621
stead_event_00271,5a8844f83471eb724bedaaa0b7ab5e7382b7a84875af827595dd7553c7788a68,1,1,True,AHUD.HV_20170619002235_EV,hv61804466,hv61804466
stead_event_00272,53120b576b64cd95b15fdc9b33e69e159cdf6d02035801541a9fb141636848cc,1,1,True,AHUD.HV_20170811232414_EV,hv61866736,hv61866736
stead_event_00273,8e4580c7f24f75bd39fb049bb0cbd2398d9e6f2234f517e56637ef00ba0e2665,1,1,True,AHUD.HV_20171215002147_EV,hv62007486,hv62007486
stead_event_00274,6509f8be0abd2430fcbcf8a8b6675de8666e7b30688a9fa5166974d969614b88,1,1,True,AHUD.HV_20171221060810_EV,hv62014031,hv62014031
stead_event_00275,0b6351a37529fac06df1b202c72ac8074342358d13aeb20bb7e0ffa9a5eb9ab5,1,1,True,AHUD.HV_20171222161917_EV,hv62015441,hv62015441
stead_event_00276,234a30e668074e9020869065054b563d7dc2fa97b5fcec3aed175e1b68eedd8b,1,1,True,AHUD.HV_20180126151555_EV,hv70021937,hv70021937
stead_event_00277,63813d62bb40c18a2d8fa84188fab7a99d4dca6c6fec736dc087a18c44ba8275,1,1,True,AHUD.HV_20180422075938_EV,hv70088721,hv70088721
stead_event_00278,82a1f9f32b9f8c435e64d9f4e279387ace23dc33cd1f85591dd08f87bb8253e4,1,1,True,AHUD.HV_20180501212252_EV,hv70104051,hv70104051
stead_event_00279,0f8af9fd1276c6bbbabedb3eab7235b3f829b7eaa1e04ccb2754f6c1b1523c45,1,1,True,AHUD.HV_20180504001025_EV,hv70112676,hv70112676
stead_event_00280,89d89f543c5d8546328714bc6ee856a1fffc252b7d36ecbf1bacefb552ae720a,1,1,True,AHUD.HV_20180505075303_EV,hv70118556,hv70118556
stead_event_00281,476b27fd580fedff2bf72ca62a9e3821e61182366719c774a5650f6bfd7c0439,1,1,True,AHUD.HV_20180607162002_EV,hv70244357,hv70244357
stead_event_00282,0ce120022393aadaedbdd201b28d2625358f4ac5c7d5da97448a1d64078716c8,1,1,True,AHUD.HV_20180608214431_EV,hv70249957,hv70249957
stead_event_00283,af4fd3e7a2b70a89438a2563ea065434145d53e864ca9126dce7c2cd5f2f43fc,1,1,True,AHUD.HV_20180613045449_EV,hv70259221,hv70259221
stead_event_00284,417041bb6b54d7928131c62dbc602433be047dffc21b8d57ad7567e465d23cfa,1,1,True,AHUD.HV_20180614092440_EV,hv70264616,hv70264616
stead_event_00285,b0d9c92dd657d2ac3806e3cc5c55d422573f1a477c3fcfaf6a7dd51cf1c7d4ef,1,1,True,AHUD.HV_20180614104217_EV,hv70264911,hv70264911
stead_event_00286,6d10cc6d873e25c05fabb276803092f2ea16e4d94aab47f3069f5dfd29077c1e,1,1,True,AHUD.HV_20180614234505_EV,hv70267506,hv70267506
stead_event_00287,45550bf362629e7bb8eddc7b0a6c820150c5aeead0396d6c88292337e9e5d0fa,1,1,True,AHUD.HV_20180615051842_EV,hv70268561,hv70268561
stead_event_00288,bfc362c843ea96483a384104b92b6795dee0bcd9b6b2a19438e1090800d4a234,1,1,True,AHUD.HV_20180616091927_EV,hv70274351,hv70274351
stead_event_00289,016f5f62947943b0c1145e9ae4ed09861f9689ecd1c4963a2fa2e6f756e71d79,1,1,True,AHUD.HV_20180617063001_EV,hv70278546,hv70278546
stead_event_00290,ad3185faa2337613b782fd9cf6a3150b1d9bfc82664d1e1777e5820fd06c97c6,1,1,True,AHUD.HV_20180618141212_EV,hv70284886,hv70284886
stead_event_00291,66eb17cb8eabba5327032bb9f7fe594ec586c4272e300e335358cd0e9b98c3e8,1,1,True,AHUD.HV_20180618143538_EV,hv70284971,hv70284971
stead_event_00292,cda6c00f477a92344c57c42929ee2c190abbdc0e6ba9783e95f7175a48d6f1eb,1,1,True,AHUD.HV_20180619094217_EV,hv70288751,hv70288751
stead_event_00293,449b9e44b7645bd06206ba25b857326459aa6e3e79598ee97a1af21aaa4d941a,1,1,True,AHUD.HV_20180620014313_EV,hv70291961,hv70291961
stead_event_00294,73c549e21abe20aac3610d7f8aa34abdc58186947220af6d5b46b1dc899cd222,1,1,True,AHUD.HV_20180621013335_EV,hv70296771,hv70296771
stead_event_00295,2c2f6d2c4ad08f44759d494bbd95f51b111e2dfde713c2e8c0a271c2e64333b7,1,1,True,AHUD.HV_20180621213246_EV,hv70301106,hv70301106
stead_event_00296,52eff5e434832e854e35c56f4da5650d7eace0458807e6b48bb67d83949852df,1,1,True,AHUD.HV_20180622145639_EV,hv70304606,hv70304606
stead_event_00297,a97ea901656c5dda871dc23b464b48488732138a8abbde807efca858e8f48751,1,1,True,AHUD.HV_20180624132642_EV,hv70313911,hv70313911
stead_event_00298,ab1357c2b7c5398ffdd499a1fad37119b74cd53e9a59983b433378d58cf48678,1,1,True,AHUD.HV_20180627032914_EV,hv70326671,hv70326671
stead_event_00299,c282e3cf95ffbcc69b3fef78abc2519aed1fdac9b2b193599bfc9b3ed61d2707,1,1,True,AHUD.HV_20180627184818_EV,hv70329746,hv70329746
stead_event_00300,61ace8d1d314950817c729da8374e3f6a15b62f2784fa8dcf6c04283c350bd17,1,1,True,AHUD.HV_20180628044437_EV,hv70331796,hv70331796
stead_event_00301,ed2bacd4ebb472ff48c931fe88e1df79ca9bab936c394add03cd7020c91d8735,1,1,True,AHUD.HV_20180628073205_EV,hv70332396,hv70332396
stead_event_00302,4ce5b4ccaf15b9d3e87f4a81b50e3cdec113001c2c20dff10faa87344510bbe9,1,1,True,AHUD.HV_20180629081924_EV,hv70337366,hv70337366
stead_event_00303,035b72bc00874b16291417f0cdb9f237398e364aca3aee7a3a4e554631b9eef4,1,1,True,AHUD.HV_20180630001320_EV,hv70340691,hv70340691
stead_event_00304,f89127f7287604f78531e35f18501fd9c562c74932a82d2efd2bb0944b28e897,1,1,True,AHUD.HV_20180630062320_EV,hv70341951,hv70341951
stead_event_00305,07aa4d3645c4fda0050c233001162ba44ab9cd1d871dc5341e9d233f36cd9481,1,1,True,AHUD.HV_20180630113827_EV,hv70343071,hv70343071
stead_event_00306,9f5b79c86bd3b88cf61c9eb9a9fa47773f944bf5fea453d81899616b0bcfc64b,1,1,True,AHUD.HV_20180701123141_EV,hv70348236,hv70348236
stead_event_00307,ab22979f6bf9d8cbca3a4c810c0e6f13d67e661ce77418319981131722aef523,1,1,True,AHUD.HV_20180704004145_EV,hv70360151,hv70360151
stead_event_00308,960e2a90739a614efb57ddc45a71a4277c70fb05a5e63eb533f4a990a3210eb1,1,1,True,AHUD.HV_20180705131522_EV,hv70367701,hv70367701
stead_event_00309,b365a91b818416d82d8e77b449429c8dd17d56b03e77118c4af595393fd0c26a,1,1,True,AHUD.HV_20180705185944_EV,hv70368966,hv70368966
stead_event_00310,1226f855742cac8aa31eb53dcc93b86f912df16239ea0e299145eda6ae2d4e43,1,1,True,AHUD.HV_20180706163930_EV,hv70373191,hv70373191
stead_event_00311,90b2abec1691174d5cae0bdaf6fc7c1a903e0c080fe507f42d54297ef5349e65,1,1,True,AHUD.HV_20180706220359_EV,hv70374286,hv70374286
stead_event_00312,a4f189f31f3cd7fc9d84e1edbe1b14a77c7a61d8ec3a83488cb4ad74940b3ff3,1,1,True,AHUD.HV_20180709062724_EV,hv70385946,hv70385946
stead_event_00313,424951abab7c56ff04161bd83bbde14c52c288ddbc1d8cd39464da09c2420dba,1,1,True,AHUD.HV_20180711060220_EV,hv70395916,hv70395916
stead_event_00314,b761c2269109cf110b8857de73dabbc298227470d0c01659edffbedcefb553a8,1,1,True,AHUD.HV_20180711135415_EV,hv70397626,hv70397626
stead_event_00315,a1193fcaffa07f028a3851ad38919b89e106ed999582ea967d9945fc2978d47b,1,1,True,AHUD.HV_20180712200002_EV,hv70413467,hv70413467
stead_event_00316,af2365af978c4703d7b35853f445566cc6ab6e60083c4b9b8ecf180d92df40cc,1,1,True,AHUD.HV_20180713123711_EV,hv70416522,hv70416522
stead_event_00317,bcbd2b2b59854c12641e1edd5637cbe8583ba261cc211abff3511780fc342dce,1,1,True,AHUD.HV_20180714083835_EV,hv70420532,hv70420532
stead_event_00318,b7921ae14aa3b9361ccaa959f54035fe21ee2c14e0f8bbb7cb1fb3a236675250,1,1,True,AHUD.HV_20180715004126_EV,hv70423887,hv70423887
stead_event_00319,90243b569522c5d1a692aa7fc67e6b4d54a29d064e443d23ac8a22fa1aa7da26,1,1,True,AHUD.HV_20180716060419_EV,hv70429722,hv70429722
stead_event_00320,e0318ab18b74e79dfb8a28e5f0f2a566d473f2b276770f5e8883fad66a1f98de,1,1,True,AHUD.HV_20180719075759_EV,hv70444457,hv70444457
stead_event_00321,88fa2505ec0c6c76ea4127dd95fe8f82298646ddaaf19beb74adfe9005bd0181,1,1,True,AHUD.HV_20180719233456_EV,hv70447517,hv70447517
stead_event_00322,af1e15ae5a8169ec358dcb36b4736afc76d74fa89f61275dbfd066322b6232e4,1,1,True,AHUD.HV_20180720000256_EV,hv70447632,hv70447632
stead_event_00323,cc06b6ef33466e6a179fb850dcde9195fbdb204e4e710f1ba7f242a572e34a4f,1,1,True,AHUD.HV_20180720051616_EV,hv70448697,hv70448697
stead_event_00324,0aaec0e6dd1f5007ad57fffe13006f0d6a1ca3f029a6e0866d020eb9c26130b6,1,1,True,AHUD.HV_20180720170829_EV,hv70451057,hv70451057
stead_event_00325,ef440eae4987889186ceac48ba2933c023a31afc81621395d0953111f2fca0aa,1,1,True,AHUD.HV_20180722202512_EV,hv70461537,hv70461537
stead_event_00326,afb3dd3a6a10131218c4092c7f9bc89d159e6e316e16cd9758ec16255abddbe0,1,1,True,AHUD.HV_20180725183003_EV,hv70475557,hv70475557
stead_event_00327,a578988e4d53080f15edad0d0fcec578d373d850bdef10b61a1afa6827a29dbc,1,1,True,AHUD.HV_20180725204607_EV,hv70476007,hv70476007
stead_event_00328,4c3b68a664203b13ef5df32f4280565881b976a50b94a92879e656e3c52c5249,1,1,True,AHUD.HV_20180730100923_EV,hv70497302,hv70497302
stead_event_00329,e74bc9982592a88dc95ede89ca2ba641bf3b34f48ce1430e6f2a72a37571dda5,1,1,True,AHUD.HV_20180731170257_EV,hv70503637,hv70503637
stead_event_00330,7c44a0af220f76b166129a50f6c205186dcb2713bd8c25445c27622731ff2245,1,1,True,AIND.HV_20150620162431_EV,hv60964161,hv60964161
stead_event_00331,2e25e085d1f49f45352a69d081af44c58f69c8ab35dc000b8a186f006fa77d1c,1,1,True,AIND.HV_20150620173023_EV,hv60964166,hv60964166
stead_event_00332,129b1b731b4350a29daee6522f6714c36cd30f7ee79e8574075284565f2cddea,1,1,True,AIND.HV_20150719182908_EV,hv60984166,hv60984166
stead_event_00333,8b4a7305b4f0d6b8f7c23cd7ff0b6c9f4a419023a3ecbafab80a23cf5c0b8072,1,1,True,AIND.HV_20150726061454_EV,hv60989531,hv60989531
stead_event_00334,63ceee84cea7ce5896a8719948ec864f44ba07a31df103616b5ac772c41bacdc,1,1,True,AIND.HV_20150802194837_EV,hv60996411,hv60996411
stead_event_00335,794c2d00f21d40f1c24b102b5f8d133a0ea385ad26e56122f13a3816f68c1889,1,1,True,AIND.HV_20150812042550_EV,hv61004481,hv61004481
stead_event_00336,7f24ed21b5c7327545d6579949592cb647b12deb5f5b0463b53066b18c14bd88,1,1,True,AIND.HV_20150817161539_EV,hv61010506,hv61010506
stead_event_00337,864cce687301972339cbcea2b9e5acf53f071eb4508c924d885e2b54ee025735,1,1,True,AIND.HV_20150829170744_EV,hv61023526,hv61023526
stead_event_00338,5f37c7be6fbe94c56ee5ea6b03bf9ed8e6fd8c3e1c81b8c3d2c8337117f51c1e,1,1,True,AIND.HV_20151017154816_EV,hv61067901,hv61067901
stead_event_00339,adf9f1363edb12b3abc7a0990cef3fd85ea6989e4bd427e4e2367081706d2c91,1,1,True,AIND.HV_20160229005643_EV,hv61190256,hv61190256
stead_event_00340,d59ed66a3a62f5da2fc6305cf5621f00fb331ee5d11bf1623579931b5fde12a8,1,1,True,AIND.HV_20160229170322_EV,hv61190896,hv61190896
stead_event_00341,a6e075b5b5c45c1d3a00a1beefc8b08a14537d9a8b020b8c86b5d8354a921e7d,1,1,True,AIND.HV_20160309141521_EV,hv61199221,hv61199221
stead_event_00342,a486fe0a591977d77bbaeb6b60f7b3b179baba4e85f99899e4ce8c07e8cd912e,1,1,True,AIND.HV_20160422144052_EV,hv61238131,hv61238131
stead_event_00343,681d63a613e75bca3338f3f6c1ad78e6369b3f8beba138a6a1a6d489647e96c2,1,1,True,AIND.HV_20160908222921_EV,hv61404066,hv61404066
stead_event_00344,ba73edb74b9d2a09278a2f71af74b12edb200d0da7ba00fd6e1377c83a8a8052,1,1,True,AIND.HV_20160916122737_EV,hv61414371,hv61414371
stead_event_00345,fcc702f208e545e35ca415b8e1256316eb566aa3ee15e126e8c685a1e0e15d89,1,1,True,AIND.HV_20161002043404_EV,hv61431046,hv61431046
stead_event_00346,6b196ce95629840481ad7dc3733d0a3e5945303e6355dcbd0c2eb38ed3d2275d,1,1,True,AIND.HV_20161008105320_EV,hv61437156,hv61437156
stead_event_00347,8464a84fa3185b7b2fa15a850430c870847874ee89cc032283e17fa0b247b9c5,1,1,True,AIND.HV_20161105115904_EV,hv61468921,hv61468921
stead_event_00348,0c171e25a87eefe390b46e4c298d3cdd0af5dd6826a9adc54cbabaad9d7c0c20,1,1,True,AIND.HV_20161214123025_EV,hv61519276,hv61519276
stead_event_00349,5b1dab66f9d6022271cd28a37a11d873e2696200ef0a213693b80d009025b568,1,1,True,AIND.HV_20161226134554_EV,hv61534221,hv61534221
stead_event_00350,9963095512d73fffd811987e12b8d41a051fc4f46eba91e931852df849e9361e,1,1,True,AIND.HV_20170101211419_EV,hv61542831,hv61542831
stead_event_00351,06794da490c110f681a0ef23c282541549014e9c9dace6633a40d4f4e721b3a8,1,1,True,AIND.HV_20170119000333_EV,hv61568526,hv61568526
stead_event_00352,f3503e370d4a67fb4b9748af3540eb2730ee742ac4c01dd5e4099fb5f70ab6af,1,1,True,AIND.HV_20170216212913_EV,hv61609331,hv61609331
stead_event_00353,6cbfc0d549a609000b2daae67cf92365f0d5559af466195e8d2834aa9ca6d614,1,1,True,AIND.HV_20170228141458_EV,hv61623926,hv61623926
stead_event_00354,f1279948b4665c0050a3cb7b5a67c69db191a1e6eade6e276768886bb924e3c7,1,1,True,AIND.HV_20170306054656_EV,hv61631096,hv61631096
stead_event_00355,2252d06a3a6009d1d8fb9acd4af713e14ca05fa3deac7e794515e0ee0975edc7,1,1,True,AIND.HV_20170306211145_EV,hv61631916,hv61631916
stead_event_00356,dad2663461307c165029e9a62a368c960481bab5c4a01d94df63724470004bcf,1,1,True,AIND.HV_20170309220058_EV,hv61636536,hv61636536
stead_event_00357,f7ab9266266e03c8cc128e9ddfc458e2f924c7375857d32621ac35cc6c7b15fb,1,1,True,AIND.HV_20170401233345_EV,hv61672961,hv61672961
stead_event_00358,36db4f2be361bc63707a336d13178cb12d70932862b2a7f591e6dbd28e282a58,1,1,True,AIND.HV_20170408134748_EV,hv61684426,hv61684426
stead_event_00359,6236f978d643c69f5e736c0626b7034cf31a11d778506abf6dd6cf9022dda928,1,1,True,AIND.HV_20170425144204_EV,hv61713536,hv61713536
stead_event_00360,6b47f30eba3125736af7ca73a689f32927d37d3a3010552943c020834425ee46,1,1,True,AIND.HV_20170429090212_EV,hv61720621,hv61720621
stead_event_00361,959ffdc49e2f1d8791f1cad86a47019c78c04ae8f284bfaae68aac39183a802f,1,1,True,AIND.HV_20170522152138_EV,hv61765531,hv61765531
stead_event_00362,a5129c7475f0adbbeff63211256df40ee22ffdbf5776af04bae33eed30f2906a,1,1,True,AIND.HV_20170523040024_EV,hv61766326,hv61766326
stead_event_00363,17b3cec7a88aa75480a0e07c2471451c369da7af0865d5af9a8985cadcb8e50c,1,1,True,AIND.HV_20170523153954_EV,hv61766891,hv61766891
stead_event_00364,33fae27ad5343a88e223ddc57fe0ac801e2e7a69e37f5859d80ca71c33662361,1,1,True,AIND.HV_20170629001300_EV,hv61815751,hv61815751
stead_event_00365,71fcb5cee87ba90f674480c00c9cb1cfb3d7cc0abd617b06493a45e08f9bfe57,1,1,True,AIND.HV_20170811232420_EV,hv61866736,hv61866736
stead_event_00366,20f70ab086c49a1147babd9779a384fbc89ef68bcf70705c42ec8a39e63c866c,1,1,True,AIND.HV_20171109183926_EV,hv61971871,hv61971871
stead_event_00367,6812a27a8dfae74c827af5ad82052ca43bf570ba8c8344bd138ea7fae772dca4,1,1,True,AIND.HV_20171110122304_EV,hv61972721,hv61972721
stead_event_00368,552c65284b419b1339f5e8404ebca4addcc47d96f34845598061ef54cbd4b040,1,1,True,AIND.HV_20171214021229_EV,hv62006361,hv62006361
stead_event_00369,81cbc4db79b22b316fd65f1d0ebf57b32769f85f38532716fddb98c3dc983956,1,1,True,AIND.HV_20171215002148_EV,hv62007486,hv62007486
stead_event_00370,1b5e98ebe0d89716c51665915a0e20c30e86ba9f06f7ad66e05e13c090e98040,1,1,True,AIND.HV_20171221060809_EV,hv62014031,hv62014031
stead_event_00371,6496c1fe5ed773e1edc2cb94efcf0af827be868aaa974fd787b0cc847b1007d4,1,1,True,AIND.HV_20171222161917_EV,hv62015441,hv62015441
stead_event_00372,430c35c86c288e6d652d8bc110822757d7b17823ec7492ab3057936f0996bd74,1,1,True,AKGG.AV_20070930071230_EV,12975248,12975248
stead_event_00373,a539b3f390cb62390ceefd1fdb72692c09bf80908269b42713fba57afc6e8dca,1,1,True,AKGG.AV_20090415092101_EV,12935306,12935306
stead_event_00374,6b2fad671b695ef4f3921b952610b702988d7398864b38c21af7293f3432437f,1,1,True,AKGG.AV_20111028181955_EV,17442844,17442844
stead_event_00375,30619daa4af01985bc20716aca257e1ff1db3261521fb5462ec66415aa714b53,1,1,True,AKGG.AV_20130829005503_EV,603350930,603350930
stead_event_00376,6f501bc65ab1498324b3e035f1466a59a5eb98329729889be6d135343957681a,1,1,True,AKGG.AV_20130829005506_EV,603350930,603350930
stead_event_00377,9e6e4da70483e87ae409bec879060b98ac3124d2ec843840cfe22235a8d9cb2a,1,1,True,AKGG.AV_20150101004515_EV,606436866,606436866
stead_event_00378,b97d67550b633a878c91ad42c1436734a0eab33a5410349fe9eba4f0ac2f0553,1,1,True,AKGG.AV_20150101004517_EV,606436866,606436866
stead_event_00379,1245e9e2ee00426381046c3c1e516b11f15db0b45b4eee05fbb7c8b1e88908f4,1,1,True,AKGG.AV_20150420164849_EV,607177816,607177816
stead_event_00380,83089696a36ce102e6af742d40a533e087eee73fc19b50e584dd1029eb86e8d4,1,1,True,AKGG.AV_20150420164850_EV,607177816,607177816
stead_event_00381,4aa1799be072f618d6f24e24778380bb78d2435c25fa063f9079e504d6273820,1,1,True,AKGG.AV_20150420164851_EV,607177816,607177816
stead_event_00382,b6867220b427d0bd85b26ac5fe177c8b0d9b4d347c40d473b72ca4ce8d4d242e,1,1,True,AKH.GO_20120117004355_EV,600874530,600874530
stead_event_00383,6497c8d8c3f7ad7f0ad24f4f6b0362974aeed2508b0770fa85e562bb635471d7,1,1,True,AKH.GO_20120117004356_EV,600874530,600874530
stead_event_00384,5359cf6d2f86e4609590161b787fc38b9880dca4f12c5dfcc30115d0476f9baa,1,1,True,AKH.GO_20120228100922_EV,600929713,600929713
stead_event_00385,5131e230cdee46b38aaf55a5ea9e175e893fdec1716fb4a5f2d8acde01f935ea,1,1,True,AKH.GO_20120228100923_EV,600929713,600929713
stead_event_00386,103c812a9a921f6f7979fd4c795de8e042816fb77c0c6763ca01ce644fd49ea4,1,1,True,AKH.GO_20120305111251_EV,600978636,600978636
stead_event_00387,e013d8a68287bdbd8feae2020b46ebca4482cf76290a4bf3dff1522127fdaf06,1,1,True,AKH.GO_20120321023557_EV,600979522,600979522
stead_event_00388,6447832a54a8fd734546b8c27c2e4693104e07cca7abe0559fdf218106a07d70,1,1,True,AKH.GO_20120321023600_EV,600979522,600979522
stead_event_00389,a6e3a001041396c4bcb97b032d7ab5dd6bcc8e99d318c0dd609aa499987f61f2,1,1,True,AKH.GO_20120406182609_EV,601351778,601351778
stead_event_00390,2ee4c6d8041622367d9f2e0e5c6a692510e7731b6e92fbbe852fc5184689e9b7,1,1,True,AKH.GO_20120406182611_EV,601351778,601351778
stead_event_00391,0ce2ba7c37784e83cc41cb66b1d05c4a7d598294a8b91d676b09f5b569eade9d,1,1,True,AKH.GO_20120412001654_EV,600862014,600862014
stead_event_00392,dd51fdd9bb1c880dc25134a5fc301f654e1b8a8c583685cb76f367c9305b7510,1,1,True,AKH.GO_20120412001657_EV,600862014,600862014
stead_event_00393,b08965476ad47cb75995a1dc91ac2fd998cac5bdffd802cdab0e7c3ceefc6b2b,1,1,True,AKH.GO_20120419235143_EV,601253314,601253314
stead_event_00394,540568a217f106c7c6902543bc223e85df61cb5d2862713fc0bfcf81d2160ff0,1,1,True,AKH.GO_20120419235145_EV,601253314,601253314
stead_event_00395,4da004bc49a98a01ba1b533fc54b305307a405d8265a7b9047afaa62ee68a508,1,1,True,AKH.GO_20120420015056_EV,601351798,601351798
stead_event_00396,1aa6829c746f954cf1d51d350072b735ef864ea8db1103d6279dd86a24dd013c,1,1,True,AKH.GO_20120420015059_EV,601351798,601351798
stead_event_00397,b0468b1259863946a2315fd4e5d03b76492d87969c04e9eff2a4a0d097f2236b,1,1,True,AKH.GO_20120426034241_EV,601253816,601253816
stead_event_00398,ee3588cf55bb8f3d8c3dff62ea8656bce4e661d2c63d300513eccfa5ecb4309c,1,1,True,AKH.GO_20120426034243_EV,601253816,601253816
stead_event_00399,3bee75c4d29b7b568c8f9c598f0633eb90bc057081c1d83d4678014d2703f230,1,1,True,AKH.GO_20120508180411_EV,601454781,601454781
stead_event_00400,8de79d0b8f785409db07b4083eea1862fbdbc5fa89d5c472a072f2837220f450,1,1,True,AKH.GO_20120508180415_EV,601454781,601454781
stead_event_00401,d2e223b1f3e870cac45d476782d69d07aa4b3baadf390a1f4fdd6f2a7fa8faed,1,1,True,AKH.GO_20120508201836_EV,602991745,602991745
stead_event_00402,37e3b201af6038f16ab3c10703ef227855b3ac42c92a70e869febdf56521fbff,1,1,True,AKH.GO_20120511200434_EV,601455028,601455028
stead_event_00403,d8ab345a104bffcb946653ed6ffed671935e854bb096d5d9f652ef4e803a6515,1,1,True,AKH.GO_20120511200438_EV,601455028,601455028
stead_event_00404,e6e58dadf833dd3091ee8b53e4c71b5f583337adb2a8f74e59a8d82d6c5e5e65,1,1,True,AKH.GO_20120528230003_EV,601456130,601456130
stead_event_00405,b67b7ed156f95a303009a569d5f1ba0cc794ffeea3f007df4aec4a1b4bb19432,1,1,True,AKH.GO_20120528230005_EV,601456130,601456130
stead_event_00406,a884996c903c8812eaa53cf7ee65428eb01316d92277cb9cb5b627a820ab63a9,1,1,True,AKH.GO_20120606114558_EV,601730063,601730063
stead_event_00407,cea2d954a35fe1071b3884b4d401c06a3423191886660e25e9a75f43acfae82b,1,1,True,AKH.GO_20120606114600_EV,601730063,601730063
stead_event_00408,4eabd914ba9656de13893bdf70c28f416ff3f629c2bc3473782cab75ef8c0840,1,1,True,AKH.GO_20120607000020_EV,602952225,602952225
stead_event_00409,0d3f4ea2759f7c7730bbc28f1ae62f80053d41bd66cc149e8bd8142446b92de8,1,1,True,AKH.GO_20120607010825_EV,601730131,601730131
stead_event_00410,62778dbebcae621c815594841fab6ad72c517a2a54256ab6883bd0276890f92b,1,1,True,AKH.GO_20120607010826_EV,601730131,601730131
stead_event_00411,1180afa82702fb60167e432fd8fe602f004c08ab695eaeb48b5e39b11be89b88,1,1,True,AKH.GO_20120628103453_EV,602952257,602952257
stead_event_00412,50c180fe0e1d7489e54c1b8e55b6788bad7f594ce707bcc866331213c71b63e4,1,1,True,AKH.GO_20120628103454_EV,602952257,602952257
stead_event_00413,c62739e013ee338511135390cd5b6e69a9028bc7e178324b64b084fc45e52f50,1,1,True,AKH.GO_20120629004927_EV,601732419,601732419
stead_event_00414,def247299e1f6417e1717fdefc2dbb7046c414bef3b61fe143b66bb7866f7933,1,1,True,AKH.GO_20120629004929_EV,601732419,601732419
stead_event_00415,2bec250a09813675fb5086a83a378d2b9dd4ec49b1c058944635b2970a7b6953,1,1,True,AKH.GO_20120729013526_EV,602952322,602952322
stead_event_00416,6f97096d294f830397a6dc0e3b4a90d1e8991a7dc5e2afd526298a4e6a4c3d2e,1,1,True,AKH.GO_20120811010940_EV,602952344,602952344
stead_event_00417,ad4144ce3d330d070c45d5eb9561cf5c5748beef82e09ea8d4ffbb07489c7fbd,1,1,True,AKH.GO_20120811020014_EV,602952346,602952346
stead_event_00418,195c5106aa03d3c3567f8bb8d3de1e64d46dbaba7406f27409b5061ac39b57ad,1,1,True,AKH.GO_20120816001153_EV,602952357,602952357
stead_event_00419,d7fa7fe094130d6636a1559b3fade890599f3b0ab6f27565258f01f6701a77ac,1,1,True,AKH.GO_20120816001156_EV,602952357,602952357
stead_event_00420,6e142f16d10ac99344cbc997eff413c6e526e400beee7d03b0c77a96ae4a6e68,1,1,True,AKH.GO_20120816175039_EV,601889391,601889391
stead_event_00421,84f25f4ea26fbdc7824318d74fce27016251b0d89b67de4dd9bfdba972a64fea,1,1,True,AKH.GO_20120826202421_EV,602952373,602952373
stead_event_00422,b9fce46b8c9258a983342fb089ea91bc9430bce05e0f7c2e3ee4f18de69d9bb0,1,1,True,AKH.GO_20121013094627_EV,602952561,602952561
stead_event_00423,cdef9ebbb2f9bfe418d8841e9580b8625fea58cfc5cdde49d329434e89839f96,1,1,True,AKH.GO_20130503185254_EV,603083764,603083764
stead_event_00424,1b9b31f8be5cee80e2860a77b0bc22f86fe3131fb35de4c66981f09dd9e88845,1,1,True,AKH.GO_20130512221907_EV,603374515,603374515
stead_event_00425,40b3751cb6604ebd4715ac1d9a8ac760615075d3867006d89d04021de4f645c1,1,1,True,AKH.GO_20130516141423_EV,603084634,603084634
stead_event_00426,ae1c7e050605c3b2bb6434c361c52eeb3b1468a5d865eabddd26e597ad48d41b,1,1,True,AKH.GO_20130516141425_EV,603084634,603084634
stead_event_00427,76c8d1b6a7338b87bb4e728574b5d3cb175860695c3bf3e9a8fab8d3455dd622,1,1,True,AKH.GO_20130524094038_EV,603081285,603081285
stead_event_00428,7cbc8de942e9d452d32cdbc746edb8b8123f992a34a09619bca4d63592415f2d,1,1,True,AKH.GO_20130524094042_EV,603081285,603081285
stead_event_00429,5590d9cde742db583a2f72c74884c4ecd3ad20c4ad961088c4229c2ba950d309,1,1,True,AKH.GO_20130531194049_EV,603374580,603374580
stead_event_00430,4d3cc709fd383c1e53c208b59886d82b88026c1c09307712ff30712a5aacd301,1,1,True,AKH.GO_20130601085259_EV,603374582,603374582
stead_event_00431,2c9f0ba271a33465ac8a877b392bbe1c1d3a8bab063cca0f8a7e2bc4fea22a12,1,1,True,AKH.GO_20130605161252_EV,603248061,603248061
stead_event_00432,808b240067e5621d506c30b43828b3bef7b47b4b5da86c36decae2b3af21f36c,1,1,True,AKH.GO_20130605161254_EV,603248061,603248061
stead_event_00433,990d339370559c0a4fdf69bbe4d9a4cac11505f451529a372903ae8599d73dd3,1,1,True,AKH.GO_20130613203958_EV,603248569,603248569
stead_event_00434,58455625c282f303f550b2d4bbff011b14106968561610fc50eefefed2322235,1,1,True,AKH.GO_20130616170959_EV,603077591,603077591
stead_event_00435,2e92fbb1a0a9804126e5c3e837d22d915bc535cf4e73e362bd0db7326f888d5a,1,1,True,AKH.GO_20130616171000_EV,603077591,603077591
stead_event_00436,18e3cdc06cf75b704b1fcc3e8a59d15cc4ee0fec517cb1dc96a74c38fdf8bce0,1,1,True,AKH.GO_20130618144741_EV,603248826,603248826
stead_event_00437,99b463038fda36a6de0f0096d1a1c1b1a82438a01cbd39fa9a2d6291e75efadc,1,1,True,AKH.GO_20130618144742_EV,603248826,603248826
stead_event_00438,3a568e58712390ad1241a1deb36e0b88057b5bebe5e1063657d43fbb389a5932,1,1,True,AKH.GO_20130619152455_EV,605609723,605609723
stead_event_00439,2559efe82a842f706779cdcc702ae997d789b85affc9f8b2ed28a6b18238a2a0,1,1,True,AKH.GO_20130619152500_EV,605609723,605609723
stead_event_00440,888b63781170d205931b58ad7d66cc091593623d74b4fbe0e192fce1b3c12249,1,1,True,AKH.GO_20130622203204_EV,603374643,603374643
stead_event_00441,c3549fd7c640198b5345651e05bc760582c01ed3de2d9b1fb6fdc1a7af2247dd,1,1,True,AKH.GO_20130626113804_EV,603374662,603374662
stead_event_00442,52ed1b6f7a518139b07163bb44e66332a6c4e63376899d7c31e309b2d64bdbcc,1,1,True,AKH.GO_20130626113806_EV,603374662,603374662
stead_event_00443,d62140ec388c1101bbfe66c4f8c79628e00f2f96ab62555e6224d622ae0b45f3,1,1,True,AKH.GO_20130626150517_EV,603374667,603374667
stead_event_00444,41b868f98a79ad1c9bd3af7eac653cb2a44195ea19dc9720ab5c2ab6d72c7487,1,1,True,AKH.GO_20130808062025_EV,603310010,603310010
stead_event_00445,bbb32d38c024d2886e777eb5354189bd192aec738f72d5c1b232728862bbfa21,1,1,True,AKH.GO_20130808062028_EV,603310010,603310010
stead_event_00446,e17965826ad46db276deced8a347ee2e7a207e389d1471e5da27c737bc95f538,1,1,True,AKH.GO_20130809023905_EV,603463363,603463363
stead_event_00447,cc5ebf0febcd57340f2ef910cc01264c0be0a20e84feba07c5c1575eb9c28488,1,1,True,AKH.GO_20130809023908_EV,603463363,603463363
stead_event_00448,ef06d1007ff2c7bfa3459ac802e1c2c99ed0fc39b0ccdca879825033b30ada01,1,1,True,AKH.GO_20130811040613_EV,603463446,603463446
stead_event_00449,ccbfed0806d52c76e96e66e8be7af7c01af9410df80d87c885c41b7220d28144,1,1,True,AKH.GO_20130815105111_EV,603794207,603794207
stead_event_00450,c20b9b8ea5f2f21dc7d801c925817d1590128d450e5c0c073ca3839d881f4ae1,1,1,True,AKH.GO_20130815105112_EV,603794207,603794207
stead_event_00451,7b66c17c515a3a9b6fea91dd3413ac35a757cdfcf177c5fe53a48c8c229e77d7,1,1,True,AKH.GO_20130906113226_EV,603793264,603793264
stead_event_00452,ebfdf7f32706b6707cce78887a88ec785fc609b075ee3eb569987adac6e4a4ba,1,1,True,AKH.GO_20130906163521_EV,603758901,603758901
stead_event_00453,b19a4ff9ed87b48c2fdc6e1b9a07d19244046d80d95d9d0047f82ec7c9b62846,1,1,True,AKH.GO_20130907003445_EV,603758915,603758915
stead_event_00454,23cd72a44a3e2f8d87e9786f4c8093c099df64c637b188fbb30ab0c35e6820b4,1,1,True,AKH.GO_20130907003450_EV,603758915,603758915
stead_event_00455,db0f7a9352b8bcea2f3234acf2e314b6541e80fc46d33c28ad1c7196d4047bec,1,1,True,AKH.GO_20130912003700_EV,603759111,603759111
stead_event_00456,60906c51623eb43b68bae5032e0a8fc9c31da4125b262ea28c5b1d5c2e431934,1,1,True,AKH.GO_20130915144417_EV,603793326,603793326
stead_event_00457,592df3d2626de6787af567c41b87ce908cbe02be82323bb2d572bcb867a44b54,1,1,True,AKH.GO_20130924131713_EV,603793372,603793372
stead_event_00458,722b650b0093f0b24eeb2e46fbcf521e62046c71c34fa5eb4e3f09ecb3737e60,1,1,True,AKH.GO_20130930084805_EV,605613081,605613081
stead_event_00459,8c9b9f1779e0603ba0f2dd60103bf9d6d066bfc824e500d31477ce2bc2f9b465,1,1,True,AKH.GO_20130930084807_EV,605613081,605613081
stead_event_00460,9d7e0d8a070d4dbc45de2f6f79bdc5bc4e7f0466fda9f5921ae5f7d8f443d6ea,1,1,True,AKH.GO_20130930225952_EV,603757232,603757232
stead_event_00461,f6be6b5824f23d6735b395cb4215972686d224fd96d2e2c3031e5fbea00a3828,1,1,True,AKH.GO_20130930225954_EV,603757232,603757232
stead_event_00462,05f3d133b6d8cf2cbd41ad1f6515a8922aeb168e256eaf145dd6f0c47478c362,1,1,True,AKH.GO_20131012084536_EV,603793476,603793476
stead_event_00463,4f2d9a974673713b799be935a6b4f68ad882e75c8919281f26086a26112b42aa,1,1,True,AKH.GO_20131012084538_EV,603793476,603793476
stead_event_00464,2113d047083da86bad47dc66cf5f4954880911e80d3ddb209eafd81bc837443e,1,1,True,AKH.GO_20131020211816_EV,603784908,603784908
stead_event_00465,af017c9404bc2270b19c6d4beb67240d2c7e10537fe9b1a1a60395369bc4ccf1,1,1,True,AKH.GO_20131025234459_EV,603760886,603760886
stead_event_00466,30bff2de1975cd6285a4b54c6b95dd0026c6255292ef050e245acbccfc1360c3,1,1,True,AKH.GO_20131025234504_EV,603760886,603760886
stead_event_00467,bb11f8b8f46dcc88ee0bcf5e6338aa3f8eb880dba02d6079e8c9e11482b418b8,1,1,True,AKH.GO_20140213173253_EV,604090810,604090810
stead_event_00468,d8df6fc87f9b60995622eeed7b2ecada822ef29ced975bda1627bb34be46ddc1,1,1,True,AKH.GO_20140309113129_EV,604106204,604106204
stead_event_00469,ddd16abe07fef55531fbc811dffe5b6e02bdc134fe4014de17c0663c0d60e5b3,1,1,True,AKH.GO_20140309113132_EV,604106204,604106204
stead_event_00470,e28d4cd31fcb1cf753b63d369b3023ec750105854a9f7897d7589fb940a1c10c,1,1,True,AKH.GO_20140320032819_EV,604398772,604398772
stead_event_00471,aae438d20ff15f0c9a3baeca22c109991539749692777c4eccb673b2161d3218,1,1,True,AKH.GO_20140320032820_EV,604398772,604398772
stead_event_00472,89920047b4154d21f43de2b2f39dbe1426271c29b5c1b1679c93c8ccdba60b29,1,1,True,AKH.GO_20140412103359_EV,604515719,604515719
stead_event_00473,ec08fced767f20acc9e33f8b66d0a917b9ee7daea4a6180ad5ca710721b8e8fa,1,1,True,AKH.GO_20140414000252_EV,604515724,604515724
stead_event_00474,1868c3e7121584f94aa18313568fbae35949e4fd941d48f4062287683506971e,1,1,True,AKH.GO_20140614002809_EV,605154274,605154274
stead_event_00475,7769982cd103d64d4a063a62f1f0e62a888b9bf4c98e96d04452a92fd21d9786,1,1,True,AKH.GO_20150113231910_EV,606791983,606791983
stead_event_00476,1b02577dac23ca89a9e1c95db26aed5f1ec1582a73b78277150738c67f2aa39d,1,1,True,AKLV.AV_20090415092101_EV,12935306,12935306
stead_event_00477,d4534268f680685e245f97e1c9230d32384051588fd3a04a1171f12fe61355aa,1,1,True,AKLV.AV_20130829005504_EV,603350930,603350930
stead_event_00478,1f13098665ab3ede2ee8197acf03fb9e61ceeeba268be5bdc2e7fb3ee69ee1e2,1,1,True,AKLV.AV_20130829005506_EV,603350930,603350930
stead_event_00479,cc4f4e60ddd559db779220722562631c1691ac8e45d33f7bd5613caa37b9522e,1,1,True,AKLV.AV_20150101004514_EV,606436866,606436866
stead_event_00480,aba5b15faf81ff66ca85151096024b8945aed4901413bec10db0bf36a9e0dc2a,1,1,True,AKLV.AV_20150101004515_EV,606436866,606436866
stead_event_00481,68114a97fab8636aa1d937b2f72a3b2cddb3539335efea799208aa9e823ef4f8,1,1,True,AKLV.AV_20150101004517_EV,606436866,606436866
stead_event_00482,d740f24d7ea793221b3153223937d8175b787d9123345e6965a0e46b9f862530,1,1,True,AKLV.AV_20150420164850_EV,607177816,607177816
stead_event_00483,c3cec65f971be72e34ae93e13e5b928eae4603198de98fe01eda1159c3ea07aa,1,1,True,AKLV.AV_20150420164852_EV,607177816,607177816
stead_event_00484,2a507e8b55380fac12f875c7d03c55d4406aae3339ac4d62f79e2f4f449257e3,1,1,True,AKMO.AV_20140329071940_EV,609849690,609849690
stead_event_00485,c9b6c5ee1037c3a6db283b10f0ed2322c8fcd06a2f878a37e45223a69a7ffd48,1,1,True,AKMO.AV_20140329071941_EV,609849690,609849690
stead_event_00486,954838447b48dcad95367ca7b3f89d9185c5aef11ed081f4acc751abfe51537f,1,1,True,AKMO.AV_20150101004515_EV,606436866,606436866
stead_event_00487,3d8f2094e4610b64806b25f4909dd18b06bcd0caa3473fbd7bd9b1f8dde8bed9,1,1,True,AKMO.AV_20150101004516_EV,606436866,606436866
stead_event_00488,fb07a7affb35c1628f846171c9911303476c977ce04a9a5121b11b0d25c78e20,1,1,True,AKMO.AV_20150101004517_EV,606436866,606436866
stead_event_00489,73b5e875df7ba8c998a48f616ec04e49481a30310ead990c5813272206294801,1,1,True,AKMO.AV_20150101004518_EV,606436866,606436866
stead_event_00490,376307db16f9729104091ac2f2dffacbb40f3c03a16f4c0bedb730345dbe53de,1,1,True,AKRB.AV_20090415092101_EV,12935306,12935306
stead_event_00491,80388c84ef83d2d3a4a4baeb234a73df6af253bc977ad13de69c6ca3c88fc966,1,1,True,AKRB.AV_20100306070122_EV,600280017,600280017
stead_event_00492,5011cb17da2f1d24d33f40dc298303a21fb8d4e12e993f1e83d8cb32d5d0eadc,1,1,True,AKRB.AV_20100706031329_EV,15637536,15637536
stead_event_00493,776840f0f6616e7ab980062868c1b9a376da333f1864a375255f00e543181527,1,1,True,AKRB.AV_20100730150120_EV,15641228,15641228
stead_event_00494,c7c07d6f3a06fe296c2fa3a1217a677a36a45698d932466b31d474625f7a0c3b,1,1,True,AKRB.AV_20100820164042_EV,15111098,15111098
stead_event_00495,35ce3395da2babe976e4b6e0dd0c5ecaac6f89844ea0a9675911eda6392e8152,1,1,True,AKRB.AV_20120223220616_EV,600760494,600760494
stead_event_00496,40300d362a645112a13710841fec04d1f85c392aceeb001a8b2508db98dc184d,1,1,True,AKRB.AV_20120223220619_EV,600760494,600760494
stead_event_00497,bc46bc9b81573052ac364a375910671aac492ab1b3dcbcd3a598d78b78238bf3,1,1,True,AKRB.AV_20130720003118_EV,603336626,603336626
stead_event_00498,896b979aeb144f19742f16df6d4e438ea3b24df32e4be43a898332e7424401ab,1,1,True,AKRB.AV_20130720003120_EV,603336626,603336626
stead_event_00499,b621e0ceb50f4ef2898c13ca20100b2b857b0c73ff21d0e991b3610801c9ddb9,1,1,True,AKRB.AV_20130829005503_EV,603350930,603350930
stead_event_00500,8e95dd0a04051ee534f203308d0dd5ac2f7a71c2cd8b0e698f71ca62173f010a,1,1,True,AKRB.AV_20130829005506_EV,603350930,603350930
stead_event_00501,f663b7e8d413e6260ed476404b461e39575fa85604f59f32b8ddc6b66a919db9,1,1,True,AKRB.AV_20140329071941_EV,609849690,609849690
stead_event_00502,06570231dc21d00276a9d33ea1b8415567a8236e78d3925c7fc1f7194c44ae0e,1,1,True,AKRB.AV_20140329071942_EV,609849690,609849690
stead_event_00503,50287c9d917d9e09fe371b364f125fba255fddc68da98fc33b7951cae217c566,1,1,True,AKRB.AV_20150101004515_EV,606436866,606436866
stead_event_00504,df1d9bffcfee765d2a821da0cd866055c238302f5e6848ec70de285588cddec8,1,1,True,AKRB.AV_20150101004518_EV,606436866,606436866
stead_event_00505,68f2378f60b08c96c7b332821cf81453f03b0dfaf48132677b178b2294840ebc,1,1,True,AKRB.AV_20150101004519_EV,606436866,606436866
stead_event_00506,76abd31fddaf54fe52ec7bf2f77446e23d2d48b506cec63000af1d3e0adf8ebd,1,1,True,AKS.AV_20101123013153_EV,ak010f0tio9z,ak010f0tio9z
stead_event_00507,98c81a342766b66d1198ef06107f37af3d5dbb93d8eb50733f0adc34d368485a,1,1,True,AKS.AV_20111002055649_EV,ak011cmw3pq4,ak011cmw3pq4
stead_event_00508,d1effaeb003e6a549e96117b0fe0167167328d7bef1315879478b59d23220490,1,1,True,AKS.AV_20120516005645_EV,ak0126akymw4,ak0126akymw4
stead_event_00509,9a3b865e666268525ab5ff2e4b19dc238159a5a1b3c5a5bc647583e2f569af63,1,1,True,AKSA.AV_20150420164849_EV,607177816,607177816
stead_event_00510,371f55cfbf8545cee519ddeaa371e53a442fef0a1a372a4c99e865bed3d9e136,1,1,True,AKSA.AV_20150420164851_EV,607177816,607177816
stead_event_00511,2521cf67d5673b4b9a9f9a1f729d26a856f6a9aea93dc95635bee8d05143f5ee,1,1,True,AKSA.AV_20150420164852_EV,607177816,607177816
stead_event_00512,ee54a7bb0dbf1add0de39eb7ebe17bcd186ff2b084de4dec954e3faa5a276bc3,1,1,True,AKUT.AT_20050215052815_EV,8291998,8291998
stead_event_00513,c2f2a5c5620b916438b624b14f35047f69ed973383228e7906e40a1f7e2c4914,1,1,True,AKUT.AT_20050325120629_EV,7485001,7485001
stead_event_00514,8752ce51495a8ea1413e3c5d60290d2e147c97f9534605a89c735c1c34911c4f,1,1,True,AKUT.AT_20060203135316_EV,9569686,9569686
stead_event_00515,d756b8579aa4dd2e59dbd8da41ca51bc7b6f49979a54f5034120e906ea6108a4,1,1,True,AKUT.AT_20060901120428_EV,11121384,11121384
stead_event_00516,d145e8f4a5e7fcddee84a1dad73e12a52155734a369a4ae9e712796886efac15,1,1,True,AKUT.AT_20061029050332_EV,8860013,8860013
stead_event_00517,a691a3c694e561893f082fa3b2293c678ead0a99d16ac2dde4a4962a88dc8dec,1,1,True,AKUT.AT_20070413191559_EV,11924554,11924554
stead_event_00518,bb270f4be213d39ee798eb90a337e6ecc840cf7fe2e45d90068a9a0821cb7a22,1,1,True,AKUT.AT_20070930071231_EV,12975248,12975248
stead_event_00519,c02670df3bbdeb8d3275cd03713958ae338e981bd32b2b9b7daf387b4ffd8792,1,1,True,AKUT.AT_20090415092100_EV,12935306,12935306
stead_event_00520,fc294133620229b898c6d1d169fafb20ae011101f31410c3259a3b602567309e,1,1,True,AKUT.AT_20100306070119_EV,600280017,600280017
stead_event_00521,92cb5e3567cbc1d439df253899a336aa460aaa073b8ff486ee8d33cd533d1b31,1,1,True,AKUT.AT_20100820164040_EV,15111098,15111098
stead_event_00522,7fa50e5ca098c855008ad6ae79faf8d0d08db24ad88a2de6bfea6e67019fc62c,1,1,True,AKUT.AT_20101123013153_EV,ak010f0tio9z,ak010f0tio9z
stead_event_00523,0546430c7c65ea932572451d33fee25af0ed6d7f2169a61051dab5c80a2de576,1,1,True,AKUT.AT_20110803061047_EV,16915368,16915368
stead_event_00524,8c04ac02881599f48e550741b86544885beaa98b5cf6d785477e0ff6cec83b08,1,1,True,AKUT.AT_20111028181955_EV,17442844,17442844
stead_event_00525,1067e6551b6491cdf9b2d84b45263319b728cb22593734e92bbd84ff1e29145b,1,1,True,AKUT.AT_20120103084142_EV,600132850,600132850
stead_event_00526,01762caf6a7a6f49a428eee20e88ff5aeb4af43357c5f30910ddaa8404af4590,1,1,True,AKUT.AT_20120103084143_EV,600132850,600132850
stead_event_00527,8c630fce353afa1c0b3e83654fa82c8024275849dd0d28390f02e84fbb5b1482,1,1,True,AKUT.AT_20120223220616_EV,600760494,600760494
stead_event_00528,171e3624c7848e88aa9ef80328cb3b2bee82221b7a9bb8c25fa8087e08e2b74a,1,1,True,AKUT.AT_20120223220619_EV,600760494,600760494
stead_event_00529,cf291e54bf926236e686932a43125df6f2a141c614c447238945a2b3d424f2e3,1,1,True,AKUT.AT_20120516005645_EV,ak0126akymw4,ak0126akymw4
stead_event_00530,2ce2f80f1fd2c47303dae5a7468f7d993b7017b1e56f08c7b1e9f72c3dff2fe3,1,1,True,AKUT.AT_20120619085957_EV,601468019,601468019
stead_event_00531,34fbdcd58e365916236fe9e87596c70b92095a38a3018d05a85c5d5ffa1b60a3,1,1,True,AKUT.AT_20120619085959_EV,601468019,601468019
stead_event_00532,fa3fc3904ade78ff4c279d9f5d9aac79c300883887532a7031d30205f575f71b,1,1,True,AKUT.AT_20130720003118_EV,603336626,603336626
stead_event_00533,1ddf1e4a40e4b5d519cba646f3968488c5336035d386dad7841fde248ee4380b,1,1,True,AKUT.AT_20130720003120_EV,603336626,603336626
stead_event_00534,6a91e0dc9499c286608c0a582a3d55094398461edb78da3d6d9578ed9ed086ed,1,1,True,AKUT.AT_20130723103531_EV,603244209,603244209
stead_event_00535,c125d6569e2c6b0edc518f1ab77217d239cca8df89eceb8140cec2cd47da75b7,1,1,True,AKUT.AT_20130723103535_EV,603244209,603244209
stead_event_00536,b30453b46841bb7115137154e84f108595a2a038d9ec6265f73da099f14255b4,1,1,True,AKUT.AT_20140316022451_EV,604162151,604162151
stead_event_00537,5f5d036caf3dfcb5c9a5be6e0115c80e4732520aea21dee7710c647a95bb0d06,1,1,True,AKUT.AT_20140316022452_EV,604162151,604162151
stead_event_00538,31be69286d192f93f1618488616d060b63033b8cd633196d43ad9bc78c1f5070,1,1,True,ALEP.HV_20150501164236_EV,hv60911911,hv60911911
stead_event_00539,634b5cd9edd38e7c863c883bbddba4a656ac0cce1102fcdd417d87fe2df3c106,1,1,True,ALEP.HV_20150509191144_EV,hv60923081,hv60923081
stead_event_00540,d77dea14a46d082ae1f6fc8dc046db8a7daf9e45b406bb78af21fd451d068b8f,1,1,True,ALEP.HV_20150511021324_EV,hv60924946,hv60924946
stead_event_00541,f75e78d0b5bb666423e161b3faf31d5bb2b700c4cc447495771a070ca48be2fd,1,1,True,ALEP.HV_20150719182914_EV,hv60984166,hv60984166
stead_event_00542,792fa1a2abb55915844c4658304d36b1ec213f7b497eb363e58f62a81ce28790,1,1,True,ALEP.HV_20150722114456_EV,hv60986476,hv60986476
stead_event_00543,06148b8048b395fe0655e5b80c496cbdec94446b33fb8f068772f0304a44f330,1,1,True,ALEP.HV_20150812042548_EV,hv61004481,hv61004481
stead_event_00544,2d3b673cbbf509dab29971797a4804835ffd5acdc0cf9bcf17d13a0dc50d3ea5,1,1,True,ALEP.HV_20150817182346_EV,hv61010731,hv61010731
stead_event_00545,78a2e5d486fd5fa79a3313df18e748b9c2e0f4504818959b9c887d575cd8dfaf,1,1,True,ALEP.HV_20151017154819_EV,hv61067901,hv61067901
stead_event_00546,59026ecefc3324b5e2d23ea7725191b4f842a5a5a7e26a7503cdffdf96403336,1,1,True,ALEP.HV_20160229005646_EV,hv61190256,hv61190256
stead_event_00547,38c840f17a3b94bb742ffbf1ec3018889728cff3aa80284edb4bfc425f05f871,1,1,True,ALEP.HV_20160229170328_EV,hv61190896,hv61190896
stead_event_00548,ac95b1f6ced468a0366a22f5a05fb8e4ddf0efd38e1627ff1a3390a46d68e8bd,1,1,True,ALEP.HV_20160309141524_EV,hv61199221,hv61199221
stead_event_00549,8d42705946d308db76d95635244b87b763cff3ac8218062bc6505e6735c9407a,1,1,True,ALEP.HV_20160507102132_EV,hv61253396,hv61253396
stead_event_00550,b0e3ece5f54d63d9168f17fd074967e138b2fc80cbfeb218ff251a28617c8e7d,1,1,True,ALEP.HV_20160912055132_EV,hv61408361,hv61408361
stead_event_00551,b6ad0751caec3394748294e07e296337f2a0525434d1683e5f5bc8d475f6f61e,1,1,True,ALEP.HV_20161105115907_EV,hv61468921,hv61468921
stead_event_00552,aefe5fae047f4591c0db87a4a8e06e2c5246f2adb22df2e3ae7d1c28a6d1826e,1,1,True,ALEP.HV_20170101211418_EV,hv61542831,hv61542831
stead_event_00553,b86f35a319307760943df4b5177a6580c42e42ccd95f118b0e4da96a0732df24,1,1,True,ALEP.HV_20170109122703_EV,hv61553736,hv61553736
stead_event_00554,687bf6248c2903edfe39cfc9eef18d8f8157e0749fcf640cf11431a6e71a86db,1,1,True,ALEP.HV_20170119000336_EV,hv61568526,hv61568526
stead_event_00555,926b217d895ea15a4141c29549afbf33ac02a1b23e356be3ed008c0a1cb9b694,1,1,True,ALEP.HV_20170216212913_EV,hv61609331,hv61609331
stead_event_00556,b5e3bb1dc161fc2bae9ca4a9895832118b7a5c03df24cc4c90d9c1f2380e4800,1,1,True,ALEP.HV_20170228141458_EV,hv61623926,hv61623926
stead_event_00557,415b4563d240387cb4b25a27a5b00e7570d67a541958cada0ffd8d003815e195,1,1,True,ALEP.HV_20170306054658_EV,hv61631096,hv61631096
stead_event_00558,a559e30b8b01c6e88573e28f99e23fff67f73bbfefeeeb8aa34c98ec0bb85f92,1,1,True,ALEP.HV_20170309220103_EV,hv61636536,hv61636536
stead_event_00559,504113184aa44a2a01bbf22c033581ca619b6c58621561fa55a116423c084342,1,1,True,ALEP.HV_20170324000011_EV,hv61658456,hv61658456
stead_event_00560,5f1e177ab04bdce330e381d0b9acd086befb151dd7868e59606ef9e1e0a47f59,1,1,True,ALEP.HV_20170408134749_EV,hv61684426,hv61684426
stead_event_00561,1499fc40b3155139823419070db9ae56c0ba70c9d12dac9b4422989eda05cf5c,1,1,True,ALEP.HV_20170425144205_EV,hv61713536,hv61713536
stead_event_00562,7c6d6270c44127c902bda986b7504d9f3fbef81ed06cdec49e7e9137734cde39,1,1,True,ALEP.HV_20170426100616_EV,hv61715021,hv61715021
stead_event_00563,1019ee91e227f7424f1947c824990731f1a9a85231a6eeaf3b6855e1a9181f09,1,1,True,ALEP.HV_20170429090211_EV,hv61720621,hv61720621
stead_event_00564,7b28eb3dbe3378f7e1b99cca49ac1f0a700cbbeaab29dfc711732766c68dba93,1,1,True,ALEP.HV_20170522152136_EV,hv61765531,hv61765531
stead_event_00565,9df2a9d40513e704814cc9cd060a2820522ec70446babc161049383eea1eac98,1,1,True,ALEP.HV_20170523040024_EV,hv61766326,hv61766326
stead_event_00566,59420507cbd4108918e29ae513dc30a41dcf2ef5b701a17f65f75627f7123bba,1,1,True,ALEP.HV_20170619002238_EV,hv61804466,hv61804466
stead_event_00567,3c7fe78129febbfcd411e6745d33c2544edfebbb957f4889318013f718425a96,1,1,True,ALEP.HV_20170903042423_EV,hv61894361,hv61894361
stead_event_00568,e198f4b4aba72c36c1ed09a235653a61ba6bae8452af9cb477e8eea0d0095946,1,1,True,ALEP.HV_20170922002751_EV,hv61916496,hv61916496
stead_event_00569,dfd26a346b07fe246d420541a52fdd5a224bff9644437e776780a4aefa9511b8,1,1,True,ALEP.HV_20171024222325_EV,hv61955131,hv61955131
stead_event_00570,a9d5de214a04e11a1c4008a484b3d9cbb516460ce24272ce44153bc6163a7cac,1,1,True,ALEP.HV_20171109183920_EV,hv61971871,hv61971871
stead_event_00571,9679ac6ee33737b1443d5fe51b22990523e6c33f45dabe07b842272c5a4cac3a,1,1,True,ALEP.HV_20171110122307_EV,hv61972721,hv61972721
stead_event_00572,b3ff2f001ee96aa4907c9dc16eeb46e2411b0219eeda426dc7d95ade828eb3b0,1,1,True,ALEP.HV_20171215002150_EV,hv62007486,hv62007486
stead_event_00573,7fdd72f04b788b6e77e66bd365791c658fc21a2cbb1bf275cd58d8e401f08f25,1,1,True,ALEP.HV_20171222161921_EV,hv62015441,hv62015441
stead_event_00574,9b9b7dacfda4991b03b6fc82ad3464d0bdfafa339801c7f7c89b79c331484252,1,1,True,ALEP.HV_20171223144112_EV,hv62016421,hv62016421
stead_event_00575,a450b47776ffd94445402a5c5eb78b4cbc7fc5e280469ad0bb107e6554ab17e6,1,1,True,ALEP.HV_20180224145040_EV,hv70044062,hv70044062
stead_event_00576,115aad5fa5e8e50c231b1bdf7c0ce9ebc393cc80b57c3533b98c0c5cd0b4b4bf,1,1,True,ALEP.HV_20180611111537_EV,hv70261612,hv70261612
stead_event_00577,590d0e2d93ce1c6fa35dc9c2ba0af272f3c500973eeabe16142b1e0e0a6c8e82,1,1,True,ALEP.HV_20180613045458_EV,hv70259221,hv70259221
stead_event_00578,6637fd063aaee609ed146c9e7f8f43bbb305bcdc351123c76555715401cf5766,1,1,True,ALEP.HV_20180618004307_EV,hv70282066,hv70282066
stead_event_00579,87a014333e4e1a59e7836146e56b1cde92da665fcbba6d146f5311e0d2628aaf,1,1,True,ALEP.HV_20180628025858_EV,hv70331371,hv70331371
stead_event_00580,63447cabb3101970f8990c5e9ad225f896888e7b0a132a7935cf34b65804fff0,1,1,True,ALEP.HV_20180705182035_EV,hv70368831,hv70368831
stead_event_00581,5dac310cb7bad9d52df02fa07a65af5d05d45811de22199123351deae88235ce,1,1,True,ALEP.HV_20180708062257_EV,hv70381101,hv70381101
stead_event_00582,6e10b877e5045d2d6a92cd2c5e6bad1609cf0829cf7c7d4da3b78f018a81c3ec,1,1,True,ALEP.HV_20180711081644_EV,hv70396376,hv70396376
stead_event_00583,d3cf65ca97389264af232e78addaee02d094ca6c8631beefc66afcd5950827e1,1,1,True,ALEP.HV_20180711112800_EV,hv70397131,hv70397131
stead_event_00584,64a45db30e72394e5d599e59ae452d81edd9bb66ee6b552ae8f4251b420b2376,1,1,True,ALEP.HV_20180718222040_EV,hv70442527,hv70442527
stead_event_00585,60d7e16605385811ce3c08a1b9adb820da7acfdef25a0882daea3ac8b705f337,1,1,True,ALEP.HV_20180725204613_EV,hv70476007,hv70476007
stead_event_00586,bf22e77f5223f1ecab2a570f68b11db9ae9e25c36ce0d33169fe20fd2e6624ee,1,1,True,ALEP.HV_20180726102814_EV,hv70478657,hv70478657
stead_event_00587,c27af1ffc16f7c0c65a76c86ac72695fd8f4e7da52c26e20d64b5897c62e0b1d,1,1,True,ALEP.HV_20180729175440_EV,hv70494242,hv70494242
stead_event_00588,ffbe241a718e5d0f5ba403850028b52100f290c22df3fc051cc23a292897ab50,1,1,True,ALFO.PO_20100228035123_EV,14342475,14342475
stead_event_00589,b8d8bd650baca4fe773067247cd7168fa43aa6edb59ec915a6963842945f14fd,1,1,True,ALFO.PO_20110918191908_EV,17239997,17239997
stead_event_00590,8d84ea657a3b83dd57d5b48f76d856a49c74b4e3a9895b1b067d376ee475073a,1,1,True,ALFO.PO_20110918191912_EV,17239997,17239997
stead_event_00591,d3d85752a397e522503e69f2296bd9c90213d61edef9a995c1ca76f695786fbd,1,1,True,ALFO.PO_20120922173628_EV,ld60020703,ld60020703
stead_event_00592,b339b1cfb84bc8b0c3c4e4bfb3f0fef1993db1fdaad58e31b90fe832cca221ef,1,1,True,ALN.HT_20080123110127_EV,13340194,13340194
stead_event_00593,cc000a38f2d718c6b2614bb75a348e51cf79b9153491bd583fa525083c453059,1,1,True,ALN.HT_20080123164651_EV,13340404,13340404
stead_event_00594,1d056d0aa15185d648b53ae36340f36fe2dc37372f869e0295533948ff7679f4,1,1,True,ALN.HT_20080414065846_EV,11476230,11476230
stead_event_00595,93c6fa7836b9d38bf96e1b5808a02374f4062509c74a7460972bb72e866444ec,1,1,True,ALN.HT_20080414072035_EV,11623383,11623383
stead_event_00596,494e38075bbdd7c4df969e83c729a341af34c54e6050a9d7852bdc1a2a33f382,1,1,True,ALN.HT_20080414080352_EV,11623393,11623393
stead_event_00597,e5e8fdba6144f13341c27a5ed00e102bdac73f849fbd388283151fc5a37e5cc0,1,1,True,ALN.HT_20080417215407_EV,11476523,11476523
stead_event_00598,a9a159ff8634d1e86cce3251102392331a5e6d8c93f6e30cceb5d9c83034de83,1,1,True,ALN.HT_20090215160730_EV,14189537,14189537
stead_event_00599,36bb0a4432fe4f535f55424e520ba92e153f825443f07b55bcb6c0d55431bb31,1,1,True,ALN.HT_20090219143821_EV,13434868,13434868
stead_event_00600,910b1551fa0762faf8e29d931b9601a2baa0f23af82d5c23897ba933556002d0,1,1,True,ALN.HT_20090307222606_EV,13435678,13435678
stead_event_00601,584c21c5b950dbaea6ab3fefdb293e3c83cab113d867a51519eae530d319a300,1,1,True,ALN.HT_20090518102849_EV,13839847,13839847
stead_event_00602,505c72cfd1ea8aa004ae415531d87ac988a5b0604ec33885bc81b5d8f2588c63,1,1,True,ALN.HT_20090531064840_EV,13840180,13840180
stead_event_00603,2deebdc35e6477a015553aab46f88ecef372341ad3e5b480aae1a8eb7ffe8f53,1,1,True,ALN.HT_20090603211056_EV,13840303,13840303
stead_event_00604,beb32d4f61b5e2e50c22b2537bb6a3332e1e991f58c7b1187bebcba3d393e204,1,1,True,ALN.HT_20091005124111_EV,14752115,14752115
stead_event_00605,5236ade9d7ab9dfe17eb9e5bbcb49c8dd3460f0973a37618e8f5f1de7e8eec67,1,1,True,ALN.HT_20110111053104_EV,600871496,600871496
stead_event_00606,65dda6c25dc0693b7e763e02c8bcad66c82a126c1af115e575cd8b18468e00d6,1,1,True,ALN.HT_20110829234559_EV,600014713,600014713
stead_event_00607,549cb3ff1e5a0e99a56cbcbd55cc6ec18c9f80bc4b19e93879471998e47f4622,1,1,True,ALN.HT_20120211143728_EV,600928898,600928898
stead_event_00608,a90c7367abcb907354cf18227b506cf0c46947a9acf4b65f1e1a3be090bc1aa3,1,1,True,ALN.HT_20120211183232_EV,600928903,600928903
stead_event_00609,b858ee78e27e31a49c3892e70f4c5c1a89244546c6f59f2b13632987b6209a56,1,1,True,ALN.HT_20120213044049_EV,600928972,600928972
stead_event_00610,63e87f138dfdd7064ffe50d910cfec8125e87e9fcef58e3925301be7343282d6,1,1,True,ALN.HT_20120213063418_EV,601824235,601824235
stead_event_00611,4da55141a40eb4259b664d656605b9b051ae02113988e8591f75d6dd7b393be0,1,1,True,ALN.HT_20120417053353_EV,601253049,601253049
stead_event_00612,bca3c622ad6e628be12849cb15a2479483f9479ab660565829f3c7e0de29f9c4,1,1,True,ALN.HT_20120510224034_EV,601264215,601264215
stead_event_00613,f68793e552e3ce6590230ed385505373b253fb5dca1362ba600f2fec9d2ddb4c,1,1,True,ALN.HT_20131123102223_EV,604021892,604021892
stead_event_00614,35811f3d808187d3a10e2d31e27caf7b7a0c88bf02d7e20f10fb142f926bd376,1,1,True,ALN.HT_20131123102226_EV,604021892,604021892
stead_event_00615,6422d51d5a41f1baa1e4181a7e18c0f6fb7a093e3ff757643961e4d846a77b37,1,1,True,ALN.HT_20131123102749_EV,603940325,603940325
stead_event_00616,8698140d9ae13b8e394295ddcbe7ee79c1bc4ef22bb6fc693a32a1b494964f55,1,1,True,ALN.HT_20140225061900_EV,605117423,605117423
stead_event_00617,94e855ada1af5a546c8bca32b14a126c49b88692874ef3ef3ddd53d4c3c812d7,1,1,True,ALN.HT_20140225061902_EV,605117423,605117423
stead_event_00618,8bd7e64377317cbe42fb2081b40180a061a3231e72d52fdaad9cf7e4773058f2,1,1,True,ALN.HT_20140310023725_EV,604500852,604500852
stead_event_00619,cd403c1406da42dc89fe7e2e4314444671b26a7768a817b49fe9b34fab06f66b,1,1,True,ALN.HT_20140310023727_EV,604500852,604500852
stead_event_00620,c6b08c754c974446fa1a31a3c39b3d2f44aaa7a12af45926fe9f7173a0ae3e06,1,1,True,ALN.HT_20140314163000_EV,604501047,604501047
stead_event_00621,0524cc1dba354e53cac64c7cf568736518012a27acb440df1c4db6ad67d62337,1,1,True,ALN.HT_20140314163001_EV,604501047,604501047
stead_event_00622,6afde6d0f6d3de397ad43179cc5490a1ae94b666181efa346aa700667788cf1c,1,1,True,ALN.HT_20140314163003_EV,604501047,604501047
stead_event_00623,fb485290478eff59eb41142b66512982a8ee4f7b064440eb08d42f90c81ebb0a,1,1,True,ALP.CI_20121028152423_EV,ci15237281,ci15237281
stead_event_00624,89845c944069b6cb3ea604f5a638a2627746d89db50e06fa9a6fad484d34f4a0,1,1,True,ALP.CI_20121028162110_EV,ci15237345,ci15237345
stead_event_00625,6d6692e3d76977083b9addb0f2f392cba520afac3de3b1c9466a4b608eb0774f,1,1,True,ALP.CI_20121109113913_EV,ci15243105,ci15243105
stead_event_00626,4939ad4770b4e856fd1e4270c06bab8c566d471bf3393438fbb0ecfe147357e2,1,1,True,ALP.CI_20130212192743_EV,ci11243394,ci11243394
stead_event_00627,f7d61e04a0eecfe0db7f7c9bb0fe4fec0ac5d8343649e39c56f17c0d2e383e63,1,1,True,ALP.CI_20130214074055_EV,ci11244474,ci11244474
stead_event_00628,91a1fba7773aac52e1cbed257d66a81a8cbfd8384b589241e1c75444c81eb94a,1,1,True,ALP.CI_20130414094230_EV,ci11284746,ci11284746
stead_event_00629,3989d07ad6eca7517c5549af35ccc10693b63b20278e041c6230a993b3e39e58,1,1,True,ALP.CI_20130414094234_EV,ci11284746,ci11284746
stead_event_00630,eb4c51401efdbf706b5668a7f0ea6d41da7858228abeb00451419bce6958aa46,1,1,True,ALP.CI_20130805095842_EV,ci11344834,ci11344834
stead_event_00631,1dfc9ad988e440bb65a54d1dbcbe5ea039fb463a3b2762f83d55d2d80a93c78e,1,1,True,ALP.CI_20130820082719_EV,ci15394457,ci15394457
stead_event_00632,0c417d950e9dd74111bfcb5f01092d23258e7e142dc3db53a22d6cef8cafbe2d,1,1,True,ALP.CI_20140303001208_EV,ci15471641,ci15471641
stead_event_00633,150516da3bba14c0409c38f673a01392ec4279999fd25771e9b5fd02316a8edb,1,1,True,ALP.CI_20140315151217_EV,ci15476409,ci15476409
stead_event_00634,0cbaa23c63ae548bf32b9daa5059488c62c8565c512a6c26cd7acdd4f4bcbc34,1,1,True,AMD.SN_20080714010527_EV,nn00253964,nn00253964
stead_event_00635,41a704e94bc7fd515145af962d843c3b615d6e82562b986a3d5f93778a12947d,1,1,True,AMD.SN_20130428174138_EV,nn00410486,nn00410486
stead_event_00636,b87e6a5a4e5c8b5ad17797352b2bae22fc0ad170edc2b84e57317b6f0b185858,1,1,True,AMKA.AV_20080705125616_EV,13388254,13388254
stead_event_00637,5461d55d56e0d18396872953fa3b829d78cb4987303b6ad9b6f83da85d355ee8,1,1,True,AMKA.AV_20090614084000_EV,13681341,13681341
stead_event_00638,978ff64860b7f0f05658187bca3e5609d7db3930d0b27457792119dfdfe6cd6b,1,1,True,AMKA.AV_20100616100956_EV,15636079,15636079
stead_event_00639,0df0fb002d08735c8bcdb402c104ef94d9399880b6507026f8b7b907ec5d9045,1,1,True,AMKA.AV_20100621100711_EV,15636474,15636474
stead_event_00640,c7f5d597e5c89fb0218b9db3ca50347d29daf479fc449dcea86c1ba5cf9de7c1,1,1,True,AMKA.AV_20100626032120_EV,15636841,15636841
stead_event_00641,81cea3a50524752e1fa64a995f709bae336d9d612e0b81ad97f51f3af3131304,1,1,True,AMKA.AV_20100726122011_EV,15010516,15010516
stead_event_00642,b8b8dd694b7a0afb9f9fab6f327eb90627f22f41921d3f8eee3bcf8a7af78112,1,1,True,AMKA.AV_20101007012823_EV,ak010cv38nkc,ak010cv38nkc
stead_event_00643,f33823f2ba9b43424405f04889fae5d48b65628dab0684c77ac8309d0a6b3d64,1,1,True,AMKA.AV_20101023063529_EV,ak010dlmuw84,ak010dlmuw84
stead_event_00644,a21df7461e4e6a0b2ffae98977377b70b988d9cd595126cb2dd867e0e0cbb3c4,1,1,True,AMKA.AV_20101105111505_EV,15809590,15809590
stead_event_00645,976081475461f26a251b9fecaefe85ca543312fd24c1bb9ca8be2d417392ca96,1,1,True,AMKA.AV_20101127105751_EV,15919371,15919371
stead_event_00646,52b747c30e3bf2d14f6e52f8e85ac207806b3b369d334a171bf234d90ffed7c4,1,1,True,AMKA.AV_20101130225925_EV,15895568,15895568
stead_event_00647,7b67c0bcc328834294a53598bf57a7ec2c29a1a64e10f4b1a8ec402fc5d5609b,1,1,True,AMKA.AV_20110115131639_EV,16151474,16151474
stead_event_00648,2c6ae681c84885f405b39248a8a10e497c0091f121348f9787abd157c3d8dbc3,1,1,True,AMKA.AV_20110115131643_EV,16151474,16151474
stead_event_00649,cec24d9c33d6451c2d2418a68e8469123ffa7fe7dee6ee41d27447f4fe77e79b,1,1,True,AMKA.AV_20110120212930_EV,ak011xffbnc,ak011xffbnc
stead_event_00650,3e1176d6339c4ef44c13778a50558f54ae4673c69162960b96b12b32b30749a4,1,1,True,AMKA.AV_20120809211206_EV,ak012a7hvq61,ak012a7hvq61
stead_event_00651,edeff78a29db6bfb1c65de2bea4174dbe587e85ae7cc8b82d62df4a8d1abee28,1,1,True,AMKA.AV_20120815221554_EV,601710309,601710309
stead_event_00652,c1ad6c38ff10dd32eb32c458bb67601280daab1418179139f9dcfb2a1ce05d49,1,1,True,AMKA.AV_20120815221555_EV,601710309,601710309
stead_event_00653,98112db560399e33af148c8a50940d242b0a021a77155c5d0d0fab08a60c7285,1,1,True,AMKA.AV_20120816183131_EV,601736119,601736119
stead_event_00654,963e00f5dea318dc7b019fd51f1028e81d8f48704d1e23a20d8c6bc166145e77,1,1,True,AMKA.AV_20120816183132_EV,601736119,601736119
stead_event_00655,4c08d6e47ada68f0ac3564deeac2f558eeface433691f369de9a87a6aecbe192,1,1,True,AMKA.AV_20140716211046_EV,605136064,605136064
stead_event_00656,4782b79dee05190f6d2aa8431065956615cc1152434cce69637e3d9f934f589a,1,1,True,AMKA.AV_20140823235746_EV,605416616,605416616
stead_event_00657,0ae4f07aa1a1a25a59f7853b0b41506186b6b40eb9906c5e680867073bdb16e5,1,1,True,AMKA.AV_20150111155826_EV,606510940,606510940
stead_event_00658,20cf13e02e929910ea0b1956d0f88ca9d584759715f21720a2d731ce9775fe38,1,1,True,AMKA.AV_20150111155828_EV,606510940,606510940
stead_event_00659,aaafef6ea1445939cf2467a3680c9e68e5da4739d1d8489c34f241f7c13cb9d5,1,1,True,AMKA.AV_20150111155829_EV,606510940,606510940
stead_event_00660,9be8575ea95d8afc033c90328077bdb212c533f941fbab75fc2ea1920a6cdc08,1,1,True,AMKA.AV_20150111155831_EV,606510940,606510940
stead_event_00661,fae17f6b2b342c7f7e66bc2e7a5331398ef1a20e1ab493eca5159c42c9ee76df,1,1,True,AMKA.AV_20150130040053_EV,606932485,606932485
stead_event_00662,bddf45d451a30a2ea370dba612ea57846947458a442972b4ad7b03c5352a0d65,1,1,True,AMKA.AV_20150130040057_EV,606932485,606932485
stead_event_00663,778474d4dd365fa7733bc6d2a87a250f92254bf7bc731b4ef6bdbfc944a930c3,1,1,True,AMKA.AV_20150130040058_EV,606932485,606932485
stead_event_00664,e4a848cfb63960999ed30f73c182cb550f38647e3ec7cee9c1e1f46c42cac1d8,1,1,True,AMKA.AV_20150216051629_EV,606730337,606730337
stead_event_00665,149b7a687cca46219ae7a49040f2f2d879398296769b9faa5d6ddf42a53e6ec5,1,1,True,AMKA.AV_20150216051632_EV,606730337,606730337
stead_event_00666,c00f4b3f0a22d367ad8f18e39a9e9969238eb4cf43ca6320af9bb619c9b311b6,1,1,True,AMKA.AV_20150216143930_EV,606933767,606933767
stead_event_00667,f214c253b70198deed76849f9a2cc1740c9ce0ecfa81a471a46a260edad2132a,1,1,True,AMKA.AV_20150216143933_EV,606933767,606933767
stead_event_00668,fe27ac2d756b3c8cf50e6ca26aad679edeaf3098d2c33b639f6239bdb39c8ef9,1,1,True,AMKA.AV_20150327080527_EV,606939528,606939528
stead_event_00669,6ffde9649d47f1003be0ebda21d08c3bc509710342149d082328ae080909bcec,1,1,True,AMKA.AV_20150327080528_EV,606939528,606939528
stead_event_00670,e98e74747a294c96ec75035c040cefa8cec57c45da0fa89affb7e4aed013c966,1,1,True,AMKA.AV_20150331182732_EV,606962351,606962351
stead_event_00671,ff663fd5193489f49084b6121caf5ca4fad505b9e4e647e0d5a74f0376828e99,1,1,True,AMKA.AV_20150331182734_EV,606962351,606962351
stead_event_00672,48cc05f96c96b47ac6f9c13a4313f2b37cd82233e5b00baf03721114e9cfb160,1,1,True,AMKA.AV_20150331182735_EV,606962351,606962351
stead_event_00673,abb75c1648cc5658db5248f2e1ecf5160b3b61c391907c299180e5c22a4ace48,1,1,True,AMKA.AV_20150331233949_EV,607182209,607182209
stead_event_00674,5c4c56a5257c254b5dee9610b3fe20430a604e9cc6c451ad6e5362b62b92516e,1,1,True,AMKA.AV_20150331233951_EV,607182209,607182209
stead_event_00675,e96c5635b8a6fb6ac096a46149ab48d81a102794a4d3ca897d1adb053865daa0,1,1,True,AMKA.AV_20150331233953_EV,607182209,607182209
stead_event_00676,d79f44d7a6906283818c5b8ab2f7524a542952f03381c5714ea6358a13fa9ed1,1,1,True,AMT.HP_20090531125114_EV,13680032,13680032
stead_event_00677,d95b7463094c40d2c0429687b96a8cc3f9d40333e9ee737ea7e81037219be67f,1,1,True,AMT.HP_20090531155937_EV,13680045,13680045
stead_event_00678,d64734ec974a0b66b4b62f3731df24c247410ff35f32fcf2907cdb9752494f3c,1,1,True,AMT.HP_20090714200034_EV,13763978,13763978
stead_event_00679,8d6c8fc6a010ed2bc1c29b7f3340e6ecbb150bc70dda12333007fb7f09a4fa17,1,1,True,AMT.HP_20090806045741_EV,13548900,13548900
stead_event_00680,d21852d33948a646fc0fd8abd5ab9099479e3419cb4761b1cf828f9bd2449e5b,1,1,True,AMT.HP_20091002192515_EV,14092080,14092080
stead_event_00681,57c03ffa6d1676959174af62a425ce9c76979a12f845a32ed405fd9ba2d0d836,1,1,True,AMT.HP_20091015005111_EV,13908839,13908839
stead_event_00682,d3caf03ee24c83f2fc9eaf785593cb7a886a74d0ba00da3754b65f83b31e10bb,1,1,True,AMT.HP_20100124080024_EV,17146674,17146674
stead_event_00683,ef84a30d688ae037c89dc46163dbafc46172be82a71f53abe19f506faf2605b9,1,1,True,AMT.HP_20100221014239_EV,14322930,14322930
stead_event_00684,2925b08b0d142778fe89340ae462b2ab97c1755b78881fa437d58cddc00184b6,1,1,True,AMT.HP_20100413024622_EV,14757199,14757199
stead_event_00685,b9624084c9e8e87f535039a768c56a041772aca39f1f9b10c06551fc8aca2e01,1,1,True,AMT.HP_20100413024626_EV,14757199,14757199
stead_event_00686,8ddec7d0970408a659c4ee8ac96b96176083b4527967a4fd2abce22506377f0f,1,1,True,AMT.HP_20100421063935_EV,14757388,14757388
stead_event_00687,da7c8b4e5a05423ca3c7ae08b0199d6ffe0e66500d43e5de22fc81b2977df41b,1,1,True,AMT.HP_20100421064209_EV,14757389,14757389
stead_event_00688,85150152b49e1927e9bffb9b99902fe834de980f78ec754ef89574036b77ff79,1,1,True,AMT.HP_20100421082038_EV,14757396,14757396
stead_event_00689,17f9a1b6a1d03d3f814340db31f376c04e167b4ea6ed6553316e4ce632390c94,1,1,True,AMT.HP_20100421153951_EV,14630602,14630602
stead_event_00690,b119a304e4c816d0cf228dabc7ca1374d32f0408fbdcbda5a958455e1d061974,1,1,True,AMT.HP_20100424192236_EV,14757470,14757470
stead_event_00691,4d16581bd110b4eee33769917f27ad618c3231fc82c15e6fbf5c602556863f4d,1,1,True,AMT.HP_20100424200640_EV,14757473,14757473
stead_event_00692,5013c2d4703bc03485dedd6a649da7b939c6d463b54c9499aa6fa32575d825ab,1,1,True,AMT.HP_20100424205655_EV,14757480,14757480
stead_event_00693,7ab5ace54eeab8a343e745d3b7bba4696473416ab09a21368508c95dbc257f24,1,1,True,AMT.HP_20100530073659_EV,14731012,14731012
stead_event_00694,1467850f5e9e0f2873ed2e9f3131546487a8ff710ac8c8d75b616188ab421c77,1,1,True,AMT.HP_20100706023127_EV,16140997,16140997
stead_event_00695,46a2ba7c9cfe30f22bce262f62e37a6c9d3a73586eea8a1c0bb56857f2bb4486,1,1,True,AMT.HP_20100709130131_EV,16141135,16141135
stead_event_00696,765ebef9c5b8337656736de2f88ff774f91494ca781c06244f7f45e1c65bff06,1,1,True,AMT.HP_20100907074226_EV,16336935,16336935
stead_event_00697,9cd52fd205b9cdfa108adbcb822b825f4fc22d6c485ca477434405d10f03e267,1,1,True,AMT.HP_20101003151803_EV,15218471,15218471
stead_event_00698,17dc9693fab8303ecfb77773a22823c179b1f39dbdf85ff98be69d1db376d2ac,1,1,True,AMT.HP_20101118215953_EV,600226145,600226145
stead_event_00699,cb7cec53b64488a8b2aff350a2d9e9880bd762c27eb927562503d7f13b4f3a4d,1,1,True,AMT.HP_20110103092853_EV,16021240,16021240
stead_event_00700,5eb4ab30efd01198c63e0ebc66b5e033da26b4c4b51d40c6afb22390b8a30564,1,1,True,AMT.HP_20110127084328_EV,16871596,16871596
stead_event_00701,e24c59e212d9016726b24728b53dc59c4643a72b89f31b02252782310523a67b,1,1,True,AMT.HP_20110131173356_EV,16397336,16397336
stead_event_00702,d5ab2261cd408addde3e8bdebcb991c51ffec2402ef34ec2bd9ad4901694c1a3,1,1,True,AMT.HP_20110131173400_EV,16397336,16397336
stead_event_00703,a0a783b15146d498b23ee02c48d48c2c9d7da8759700b53b1b7263e5fdd3d240,1,1,True,AMT.HP_20110915081634_EV,17497818,17497818
stead_event_00704,2575f96702478d08626b4cfba8fd0c60d338d169fefb4e3e9d9efd374f7b0d26,1,1,True,AMT.HP_20110915081635_EV,17497818,17497818
stead_event_00705,0c0d4265f0b42f5a0c61568c4066be7a511244d417f2f55e49d5b090a04cd674,1,1,True,AMT.HP_20111009184217_EV,600085142,600085142
stead_event_00706,77257a7bdb2bb63c0d0b4f9bc250d87adff30a93f8a994f5cd810747ab6cfb6e,1,1,True,AMT.HP_20111009184221_EV,600085142,600085142
stead_event_00707,0825b804991b8a0359200937385db4461b9be8e85546e1cd0502ded85e05af7c,1,1,True,AMT.HP_20111010211750_EV,17491143,17491143
stead_event_00708,d908bb4f8b223a510fd79cf41dd9afc3deabd9a90076335b9bb87e3fb7163953,1,1,True,AMT.HP_20111011011011_EV,600085210,600085210
stead_event_00709,1eacab035d3640f2c152ad4e5b475e20dc7e3fb5b7ce093874459f4585851e84,1,1,True,AMT.HP_20120218015732_EV,600845610,600845610
stead_event_00710,b63f3885c3462b7c510e252babf9e797cf4a4656db292f95f4a698109208611c,1,1,True,AMT.HP_20120218015736_EV,600845610,600845610
stead_event_00711,ebe5b76be8b9d49a53425e6562ee590954ec31d518eeddba7b929530e16208b1,1,1,True,AMT.HP_20120525093048_EV,601215939,601215939
stead_event_00712,db0bf3f4b58919f5f30f8a5fdea1335ded0beb682358427368c26a75071eea23,1,1,True,AMT.HP_20130305190847_EV,602860109,602860109
stead_event_00713,c8bfe9b4797abfcd85f816eb7dc05959da41546642f94f1b506b41ec55dd30e8,1,1,True,AMT.HP_20130305190850_EV,602860109,602860109
stead_event_00714,184623aca55194dba1606fd5d231428820012ad1bc3a038ec21a8c0d2de930a3,1,1,True,AMT.HP_20130305211609_EV,602860115,602860115
stead_event_00715,cdd260663e3212cdd0423bce3279b76cfee6ae361087225e603d5b814942e896,1,1,True,AMT.HP_20130305211610_EV,602860115,602860115
stead_event_00716,20d548038f3b29d8d1b85cd7d4030d328cb1a1ad59123573fa7f6b792c1abcd8,1,1,True,AMT.HP_20130305211611_EV,602860115,602860115
stead_event_00717,4033393a0faf46790ad02eb1ee2109e92b3932daf8650aa86139d9f15062c94b,1,1,True,AMT.HP_20130305211613_EV,602860115,602860115
stead_event_00718,0e999bdd5d192d24dea1bc0bb1e225ae5d5bb94ac3d58e35cabdaab2c1127de2,1,1,True,AMT.HP_20130306164324_EV,602860175,602860175
stead_event_00719,c59f72887fdf71998ee12a0f344404a95c2da873933a460b82002031a358cd8d,1,1,True,AMT.HP_20130306164325_EV,602860175,602860175
stead_event_00720,2f99350593eb8d9a43257a24bc7f336fc37c07c1509729895a6a6891b535fb4f,1,1,True,AMT.HP_20130323210617_EV,602758695,602758695
stead_event_00721,d750ff4b416568c4085f875311abfb5d345f775e58465daabd5a9dc9e0f946aa,1,1,True,AMT.HP_20130323210619_EV,602758695,602758695
stead_event_00722,0b039689926313725bc8908f299aefc0dc25709521569303223becf15e0ff0c7,1,1,True,AMT.HP_20130602100907_EV,603806943,603806943
stead_event_00723,fa9f402391c27bc5483881a05584da83e5a6248698382b1eb2449dd2af57cdfd,1,1,True,AMT.HP_20130602100908_EV,603806943,603806943
stead_event_00724,45c78a47512890d75405959843a0c2557611af025c58f7b6fee8c1c89a47799b,1,1,True,AMT.HP_20130927021509_EV,603757041,603757041
stead_event_00725,f6eefaceb5e84344adcd93a10cf0a08c51cdec27cf2e770e716875813e07a229,1,1,True,AMT.HP_20130927021511_EV,603757041,603757041
stead_event_00726,31c7baa5e0d2ce1cc9fb893621ce713736147c01ecb5d1e5aa0c20a1370e0382,1,1,True,AMT.HP_20140104025740_EV,603918277,603918277
stead_event_00727,80cd9a4caf3acbce97166b31a2a2ee430c19133b001912a272ce33ea4a64540f,1,1,True,AMT.HP_20140104025742_EV,603918277,603918277
stead_event_00728,028a173b0a0a3b901e194dde4987c32784817cd8591a22376adc888a48cda07c,1,1,True,AMT.HP_20140722172602_EV,605136099,605136099
stead_event_00729,f0eb4985bdd2517bca335badb257dadd112e3ba8e69e2712de13b1efd62a3219,1,1,True,ANCK.AV_20171102045746_EV,ak17149379,ak17149379
stead_event_00730,a3be91f78c63e7c23801b39a2970f844fce3c580783c54659c12889ec43aabae,1,1,True,ANCK.AV_20180502003322_EV,ak19299578,ak19299578
stead_event_00731,988e372b2d749b27d609f83f4a847929017ce4462662a71565b4d5adfc5faf6d,1,1,True,ANCK.AV_20180607203144_EV,ak19771635,ak19771635
stead_event_00732,3ae1f24e4ef5a4002a2a880d767529d438c18861d027434feb1a8ecade286dca,1,1,True,ANCK.AV_20180623163615_EV,ak19796406,ak19796406
stead_event_00733,0f2d3a65264d5f06e3a4363e38d5e121db280676fde4f7b990fa1cbf2f6675f1,1,1,True,ANGG.DK_20140121133019_EV,584213,584213
stead_event_00734,da9313e786be21e03fa4b7c8dd9d41e4945322c7e8f582fce59c3d4fcb7fc732,1,1,True,ANGG.DK_20140323195411_EV,572214,572214
stead_event_00735,10d319c2003865f025ceffc780b5d426a32a5c100848f3b80a67ae6bd37e368f,1,1,True,ANGG.DK_20140922083054_EV,681256,681256
stead_event_00736,5ffe948041082e8660777b1df04d0956fa3dd7f73a0d6bbe9f7bd1fc6ab76533,1,1,True,ANM.AK_20120702221133_EV,ak0128go1thk,ak0128go1thk
stead_event_00737,9cb5e3a08e47dd360494eeb88923fa54741ab2d2d65192da33abe9b36def1339,1,1,True,ANM.AK_20180616100948_EV,ak19772475,ak19772475
stead_event_00738,f2fa1e4657f1962c83b481df4f82479310b4eb9b0a04cadb90abdcb1bbe51e25,1,1,True,ANON.AV_20101205210233_EV,ak010fkzp8oa,ak010fkzp8oa
stead_event_00739,0b64fafe737b1af85a9fe458ceac3fb88125af11f0dfe98274388b5e29cb8a2a,1,1,True,ANVS.KR_20110207103931_EV,16501894,16501894
stead_event_00740,49ba18d1761710e4179d6b86f968d9bdf0acf3d1e573bddefde5d094875681bb,1,1,True,ANVS.KR_20131108020430_EV,603779201,603779201
stead_event_00741,d76011d9a89a2d096bfe2d3dcb6f4663806d997d4a181abca62c8a77f912db79,1,1,True,ANVS.KR_20131108020434_EV,603779201,603779201
stead_event_00742,2c98aed1a66376f3748502be9e8a43b37ffc2e8b9ec0c0b54bb7ec3a9a78a46d,1,1,True,ANVS.KR_20140119161838_EV,606183937,606183937
stead_event_00743,c6947360233a2ddbfc153a8bcc7020268d9dfb26f62439aca6cfdc6d80fe508d,1,1,True,ANVS.KR_20140119161842_EV,606183937,606183937
stead_event_00744,834fafe2152e22db1b8126547c390373f007a8947b1dd6122b5f2830ec52766d,1,1,True,ANVS.KR_20140210030019_EV,606184834,606184834
stead_event_00745,23755cdb501b11599f5f335e164a0dbe3b6de611d80ceb96e2d16703b5cdc502,1,1,True,ANVS.KR_20140210030020_EV,606184834,606184834
stead_event_00746,e985b609e904e8b7743d18c67de9b78282b3fdaf4e20814d01cb7f158b9256db,1,1,True,ANVS.KR_20140216095341_EV,606185115,606185115
stead_event_00747,cd82f8978776d7aa7bd9a70a88c71be4464102f07545283eaa232122cb7b2d02,1,1,True,ANVS.KR_20140316053209_EV,604162156,604162156
stead_event_00748,bf1a7832f23f34942185512a24e4f8dfe2ace6f0ca404326929a87792ce54fc0,1,1,True,ANVS.KR_20140316053214_EV,604162156,604162156
stead_event_00749,9799a461512701e183c8897e3d0cf2bba84eb9404805aaea9b942728ca19f105,1,1,True,ANVS.KR_20140316091127_EV,606441677,606441677
stead_event_00750,882ddde6e7961193342181b89d3527760f730974d75055b3863df9e965dcb48e,1,1,True,ANVS.KR_20140316091132_EV,606441677,606441677
stead_event_00751,512d4ece9e2f549dd395570cbee83b9eb4abceaa9d0180abc531127175d76906,1,1,True,ANVS.KR_20140601212305_EV,606445199,606445199
stead_event_00752,a7383cec0e1b3fb152013cd925721e9d111f640bad9811406a57d6d86bb9aca1,1,1,True,ANWB.CU_20080311165828_EV,13486552,13486552
stead_event_00753,6b85b10dfe0b5fa9fe0a06f7956ce334221844210e92a0734b616159c6f649f9,1,1,True,ANWB.CU_20080409110313_EV,11475823,11475823
stead_event_00754,00cb9585fde2fda468dea3ba58ea751bbde98ad355289f1409fce313a4c6e66f,1,1,True,ANWB.CU_20090908001951_EV,13992335,13992335
stead_event_00755,aa267048487ba387122dc7be5878ce11b597c463e1ad0ffe49af3c5a2361699f,1,1,True,AOI.IV_20070209175108_EV,11499509,11499509
stead_event_00756,c57fa6f6490947b5398934c58d72cf7e002102b635e7976b7e2ab9ff909c3570,1,1,True,AOI.IV_20070420090331_EV,11930027,11930027
stead_event_00757,2ad9bded94d0a6cf3a381f09f8eca1437aadc63490ee57b7560908e535a466f3,1,1,True,AOI.IV_20070513081701_EV,12654261,12654261
stead_event_00758,a4670a87d3150f023c1d6da9e798d3bb64ec01df791e675e2f4d797d52cd15e2,1,1,True,AOI.IV_20080529004947_EV,13894230,13894230
stead_event_00759,5f4f57b298d10fc12b3c80cfcd62adbca1eff4ab5e0314457d2da353ccf1325b,1,1,True,AOI.IV_20100203111649_EV,14280628,14280628
stead_event_00760,867a40872e0014f6d3f6feb028d93c4b35454c9c36b0e55ad076ba1e3bdae4de,1,1,True,AOPR.PR_20100516051620_EV,14710743,14710743
stead_event_00761,ea6f6231f317defd0ffc898b34ca19b6f408679ba8ca3bebcd6ff269a40ac19c,1,1,True,AOPR.PR_20130908201339_EV,603389939,603389939
stead_event_00762,c4a6d55fc85c7df3d7903239733a8f4f638afd21d04a62976f62b8a79976b881,1,1,True,AOPR.PR_20130908201340_EV,603389939,603389939
stead_event_00763,df5b2cd64d6ad1195b1cdbdd87ab5269e9be3696bc853dc9c853eec223acc9d5,1,1,True,AOPR.PR_20140405080736_EV,604441092,604441092
stead_event_00764,8361eb952757c1fbbf9cb43ea294d6de145900a45fe9ad177a1b7de30302d860,1,1,True,AOPR.PR_20140405080741_EV,604441092,604441092
stead_event_00765,51a9ee728e81bc5c13268d65041df249ad405c747baed3bbafbd1245ab7df343,1,1,True,AOPR.PR_20180624044245_EV,pr2018175002,pr2018175002
stead_event_00766,b324a0b523c8d1fd2d51c9b7431a53391969fbef324824884f5eef31d3d1eee8,1,1,True,AOS.HT_20080513141930_EV,11513664,11513664
stead_event_00767,f6822d731d18803af6727079d52b0a1f67f62f0a06a217d34081c31558fdf7d1,1,1,True,AOS.HT_20080521050519_EV,11513792,11513792
stead_event_00768,9b078084e990dbda67e17ce8ce1dd75014c9cfc25bcf228735467c4128e3fc10,1,1,True,AOS.HT_20080605091808_EV,12950237,12950237
stead_event_00769,d2f1ed15e5cdef0c222b4fbf4976fcf635d3836b0795177c8df33760a9c5c8af,1,1,True,AOS.HT_20080606025006_EV,12950317,12950317
stead_event_00770,b5af95f8c1094e1ddd216671d415c8c600f84231694cc7f661254aca7f85db70,1,1,True,AOS.HT_20080623091756_EV,12921452,12921452
stead_event_00771,a93fa39591877173462abb83c85ce2572d97d40000faff6d63dee54a7afbdfe1,1,1,True,AOS.HT_20080627170309_EV,12921611,12921611
stead_event_00772,2ded64462a5065e677238586c799717c7d391085458b3a9f06a147c54b0f7cf7,1,1,True,AOS.HT_20080803102936_EV,12099640,12099640
stead_event_00773,8cc5f897721fac2c1effa9b6d62a012eacbcddb8a9dfd6364924114faf5ae143,1,1,True,AOS.HT_20080804181100_EV,14711421,14711421
stead_event_00774,87c511cc4ba582222cb5ae25b1abd7c7086d448c2163221b73c62b47e62142b7,1,1,True,AOS.HT_20080807182637_EV,12099760,12099760
stead_event_00775,7fcc9d64ec1f2868078508b8a0ebb13827d5cc4dc91bcc8da7ba24b2affc3d69,1,1,True,AOS.HT_20081017212539_EV,13397363,13397363
stead_event_00776,9bca13f5409e8421cbc13b6a7c0c93dd5ee72bb6e3636e82c8f81162f582137a,1,1,True,AOS.HT_20081023070909_EV,13397870,13397870
stead_event_00777,8e70ae3b02813d531ace8859af2b64bacc172878b773f27a6cddf18a007f25d1,1,1,True,AOS.HT_20081027082509_EV,13398232,13398232
stead_event_00778,96b82c2e064207d7bb2def57ba64453c9f4ac6451cf75688fa62199ca60a279c,1,1,True,AOS.HT_20081029171211_EV,13398568,13398568
stead_event_00779,fd3708c165a48f1c44ca1aaf17354b8a5bc12a3da363062490d93e5c55847b8f,1,1,True,AOS.HT_20081114054237_EV,13400122,13400122
stead_event_00780,9443efc7f2234a5d8e8fd0fc573c57d31c9ea9cf8c030d2505ca4bf7b6a0bf6e,1,1,True,AOS.HT_20081129064316_EV,13401455,13401455
stead_event_00781,49a194ed9fdb6d686e059e12ce788e65aa28d78d8d8d845970bc2ff7f978d3d6,1,1,True,AOS.HT_20090119145028_EV,14188990,14188990
stead_event_00782,e45a7c0510edf67e0e74f9d9a32dd512bfbcdaf744571095964bcb72d5c2aae8,1,1,True,AOS.HT_20090121114920_EV,14189018,14189018
stead_event_00783,76c9a9bcf1c4963f0edbb20174caa00db948a92bbd711d3ee17248a3e7321623,1,1,True,AOS.HT_20090331022001_EV,12084496,12084496
stead_event_00784,879f07af3f3c8c23e541694eb2bc127491d4685c9a39548cb1ab6548bb825c4e,1,1,True,AOS.HT_20090405025554_EV,14190802,14190802
stead_event_00785,d85603fa6dcd725f58fb9ae3e572bd4280623afa7715b5e3b380408ce9d0cbee,1,1,True,AOS.HT_20090428220235_EV,12742562,12742562
stead_event_00786,f3261e3698ecce9e24db93cf6433abe3c4b10e76a72f751b7f842311a6c1ddc0,1,1,True,AOS.HT_20090531044334_EV,14302803,14302803
stead_event_00787,d1065f95d67c2d15847f6651b8d168c257caf339754612aa1dc042a1857c27fa,1,1,True,AOS.HT_20090619091319_EV,14306260,14306260
stead_event_00788,f072aa38d39f27b36a961da20efd68783d7273c52e24caeb5e330998bb283274,1,1,True,AOS.HT_20090707113935_EV,14307050,14307050
stead_event_00789,8b6482439c1abbb787d4537bb1e31868ccfb15987fdb2df903a5b743d861b7dc,1,1,True,AOS.HT_20090830172244_EV,14307897,14307897
stead_event_00790,64c730106b7412e9405d40b21db996f7c1e043daaf671051c3e0bb7ca82bd95b,1,1,True,AOS.HT_20090906194420_EV,15064792,15064792
stead_event_00791,ce0a829147bbfad08b6497c4bee0a5a4830167112490b75109e650ef43d02a9a,1,1,True,AOS.HT_20091012032541_EV,14752238,14752238
stead_event_00792,d5074bb3bc3cd4264829ee6c94355d2f6188c1c68edcbe9d413de6f2ddc6ee0e,1,1,True,AOS.HT_20091015224633_EV,14752286,14752286
stead_event_00793,e005972f2a1c744c802d83a0f4497e464da52e0ecc577a54b9fab02d0b620de8,1,1,True,AOS.HT_20091108084042_EV,14003856,14003856
stead_event_00794,491a5f9e31319644ec35f86098f5a40d13ca0c85b15a0ae36a1da1a17c2fadac,1,1,True,AOS.HT_20100309164338_EV,14756457,14756457
stead_event_00795,1829e9a27a4978d5b79e14aae8737030b3621f320816b3719f7042d453f404fa,1,1,True,AOS.HT_20100323065039_EV,14756757,14756757
stead_event_00796,b4a89e94373d3f1c0c95677ddffe38aca9560e75756b83890ac0e81953e79d73,1,1,True,AOS.HT_20100326211009_EV,14756856,14756856
stead_event_00797,054ac205a6fd0d7fe904c922e152f5e44f25e57a54d34f0b3b6216945008f392,1,1,True,AOS.HT_20100430112208_EV,14757556,14757556
stead_event_00798,2e8eddd5ac8e048ef56ef008ccba57a00e56ce9b9f901ff3c5d6f1c058322d8f,1,1,True,AOS.HT_20100717023033_EV,14994606,14994606
stead_event_00799,c374b3cf6d440302e942d5a3d379129f1793966306447ac98a08541448fe45ef,1,1,True,AOS.HT_20100717051119_EV,16334312,16334312
stead_event_00800,15f160731467070e041de6295463262dc1c54ec71a9b362c4c356f74e1cfc4ca,1,1,True,AOS.HT_20100717053650_EV,16334314,16334314
stead_event_00801,5c119d895e85b98d4a125e9b3ae0048831ceb9a7dffbf20a86656b1b44038dcd,1,1,True,AOS.HT_20100717053652_EV,16334314,16334314
stead_event_00802,6e392cd8183a032e9169998db8dfcdea4ba15ea240f2146fc68e8e916f0efcb4,1,1,True,AOS.HT_20100717123441_EV,16334322,16334322
stead_event_00803,e41d07947a3e84e3620b6e5eebcb0bb8707a94f582b2ef796ac59a047ac0b958,1,1,True,AOS.HT_20100718050017_EV,16141447,16141447
stead_event_00804,57b45d9a71748f358034ab4d6e17e0423c17234600fdfd9103be5d86aad9c2ec,1,1,True,AOS.HT_20120802103034_EV,601506109,601506109
stead_event_00805,5ed594134b274b26761eaa96b704d80274b79d255c4e2e8989f813ffb6b62228,1,1,True,AOS.HT_20120802103035_EV,601506109,601506109
stead_event_00806,a03363a7e662c5a65e167ded8cc6b7128990743501d9cc1467881b8c52dfa902,1,1,True,AOS.HT_20130313230858_EV,602606103,602606103
stead_event_00807,80f89da4873279424b1b76e768abd624aafa01a3f9b5b05b408f6bc3c04f704f,1,1,True,AOS.HT_20130313230900_EV,602606103,602606103
stead_event_00808,9ed245b13c75a39218805c2677e5874ef2b970aef7eb7a2ff5b6b1525ce8853b,1,1,True,AOS.HT_20140404050001_EV,604648532,604648532
stead_event_00809,74cf75f51944b0abff628656030aa7a57a2ad01afaf3e631d8b72ec180c83c94,1,1,True,AOS.HT_20140404050005_EV,604648532,604648532
stead_event_00810,551b6627ad54f375713f959c66bd24fd09189917305ee712779fa7efe4a16140,1,1,True,AOS.HT_20140520233048_EV,604650276,604650276
stead_event_00811,93f031017d5ddceccdfa6c001ba88f0cad538b6a8a161d43e3955604403e3b17,1,1,True,AOS.HT_20140609220252_EV,605123511,605123511
stead_event_00812,7dbe9bf22d1fc03012ae4e13df2ef8660bdae54b17641181e5cb8f7b5610b371,1,1,True,APPI.IV_20050422003501_EV,7493998,7493998
stead_event_00813,2a0d6b905c16c48d4b7e61597ae939efe24adb577663791af945adb3aae4fe52,1,1,True,APPI.IV_20070122193922_EV,10393297,10393297
stead_event_00814,8e0034c2ef31f8db0d0c4bdb7bc0bb72964bf48ac7731ac13bbf0197b46f3cca,1,1,True,AQU.MN_20020606021534_EV,4146876,4146876
stead_event_00815,056f134c6bd7686ecbba5b1fd610e1223c93bc45b55b8bed981be72335be6456,1,1,True,AQU.MN_20020816061151_EV,3862325,3862325
stead_event_00816,30c831b25fe03c242bff6b448f41d6dcec01ad45135a188ea8f0d3761bbbde89,1,1,True,AQU.MN_20030630101103_EV,6949504,6949504
stead_event_00817,f3315c2a1d40f962afbf7a2c795500f48d6b301c88621514bbed38e6ed3d2053,1,1,True,AQU.MN_20030831103402_EV,7074224,7074224
stead_event_00818,19bbfd9a234aeae60e225527abe14873b784e26334e0114d613df58c04d4e0da,1,1,True,AQU.MN_20030927173646_EV,7136953,7136953
stead_event_00819,9be84736bb6ec2760e511c6448fa8850d0b43aae57f98c55fbd3f69b851566aa,1,1,True,AQU.MN_20041010125920_EV,7417373,7417373
stead_event_00820,d92524837e74b47450dcef6b5349ad85af432841600cffc1f4dbac580cf9c465,1,1,True,AQU.MN_20051115050703_EV,7749969,7749969
stead_event_00821,f506f026d50a63171e6dcdc9a1895ee4922bc667fd7b4a8e00e8940c5eccc33c,1,1,True,AQU.MN_20060113102008_EV,8035894,8035894
stead_event_00822,d4a268332d5921ece0319d944720be718f3bfd6de1d7ad93b6fceb692698854d,1,1,True,AQU.MN_20060213230304_EV,8760967,8760967
stead_event_00823,d15d8e3c25ae3501ce38bd4f4ddcf176a5a0c0ebcc51d7a7c05b63fa6bb54ff2,1,1,True,AQU.MN_20060226110729_EV,8106673,8106673
stead_event_00824,2317cf6b721e20c5c4d812297d3620812c6e5217e759710b35285d89f8cf1036,1,1,True,AQU.MN_20061101071825_EV,8860171,8860171
stead_event_00825,c12132938f03f0b51e437120efb6652b547a0268491af66d7131c17250097390,1,1,True,AQU.MN_20080709094717_EV,12951155,12951155
stead_event_00826,5a4ba4c67408ccc237a0424af4f3c4c486c058588afc2f10297c011eda72d8c2,1,1,True,AQU.MN_20080729031114_EV,11163292,11163292
stead_event_00827,ffe4a85cb69b63b267f32a367efbe37412199cff34967b4881585b67253c6fcc,1,1,True,AQU.MN_20090201055200_EV,13900906,13900906
stead_event_00828,ba5fa3eff88a9eebb1b48cfc016382aeb36bc6d4e1bea10744c786854894bcde,1,1,True,AQU.MN_20090222112124_EV,11713528,11713528
stead_event_00829,c7303e390198b97a54a227a781e844784a787ef13c293b9e68d59599076cfa88,1,1,True,AQU.MN_20090311215542_EV,11813801,11813801
stead_event_00830,f5bd6a4d5922d543508f827837bb6788d0998ea295bacc9978c91e0103336fa2,1,1,True,AQU.MN_20090403044437_EV,12085160,12085160
stead_event_00831,72239884ee5e46a18114d210d88afad5c6aa676ee28d85309511bba78383a158,1,1,True,AQU.MN_20090405204848_EV,16194188,16194188
stead_event_00832,03e960a7ea3d5bb8ce2ff1145abf59cbc1131338d32fddc3d87f012e76e0d723,1,1,True,AQU.MN_20090405223939_EV,12089196,12089196
stead_event_00833,3da2e008a3afbbf131fce4f3ac459de56b5d96e6feb17cd4d5a1e8e4b6ed11c7,1,1,True,AQU.MN_20090406022743_EV,16194199,16194199
stead_event_00834,a24bdceb07d52d063c9ee74f8129821b4237ec3307234481f61e28afd45f58ad,1,1,True,AQU.MN_20090406023129_EV,16152433,16152433
stead_event_00835,ef1e334bee895c0b3410a4da3b302c60062dd36b280c396c5de9ca57eecb8eb3,1,1,True,AQU.MN_20090406041659_EV,16505265,16505265
stead_event_00836,51754cd4d26e435c3db6b165d75f2368e6136df6827e39b7d7ee49f69fa7fdca,1,1,True,AQU.MN_20090406044747_EV,16194207,16194207
stead_event_00837,5c34f439fdb3dc78bfa3cf8a691a75b57c27badb9c15c49bf33a93243b60c178,1,1,True,AQU.MN_20090406062849_EV,14835824,14835824
stead_event_00838,e041b8d597cb55136e48a7d60840597053058dbd66f6b8c66b0f00f00d990372,1,1,True,AQU.MN_20090406072418_EV,14835883,14835883
stead_event_00839,136438e17b119058a0f25265fd03cbe7c1e97e3034491c09767abfd642fd1a8f,1,1,True,AQU.MN_20090406084011_EV,14835964,14835964
stead_event_00840,02f9166555a37ce440eca28dc20485b4787be5c149f4e1a8d671377009bf808d,1,1,True,AQU.MN_20090406085401_EV,14835992,14835992
stead_event_00841,fde19b67f830ecfd04dc7c85a08b57349f7537296b3197d6f97b0eec656d005a,1,1,True,AQU.MN_20090406085402_EV,14835992,14835992
stead_event_00842,c281edb33e36d56fe871e6abedd6977da7f9c83efd3bb8be0e7a7f3609e2f8af,1,1,True,AQU.MN_20090406095921_EV,13903783,13903783
stead_event_00843,5b3fa0f35e1f0a1bb009d9abd0534cf4d1d2509ee2e0eb3f9c7a9a3b381a1a6b,1,1,True,AQU.MN_20090406101231_EV,12576608,12576608
stead_event_00844,f30817211da1e1c8a49a7d4f29a93c12aea0bbe38eec59d2b477ed7a0bcc533c,1,1,True,AQU.MN_20090406125510_EV,12576612,12576612
stead_event_00845,37941a761690762ad23f8514c259d88ce1cb869aea687dfada836066add29bbe,1,1,True,AQU.MN_20090406132516_EV,14836273,14836273
stead_event_00846,7bdb4214f455b8ebb9fb50550604a0a18a46a124e8e5cc54a40dccb6ffbe8b9b,1,1,True,AQU.MN_20090406163802_EV,12576617,12576617
stead_event_00847,54753abd2b4073015a861a8183b7bc0d5260faf76abddff98b9cb20e6ee727d2,1,1,True,AQU.MN_20090406165722_EV,12576618,12576618
stead_event_00848,9384c4715daab09a8eb3b9fd5980c8001158b1fa3aafe852352a358dbb55cfc7,1,1,True,AQU.MN_20090406215650_EV,14836840,14836840
stead_event_00849,5a1997b3ac3165060e1cc96823bd00ea60871e08c7b432c3200e4c9033b8730a,1,1,True,AQU.MN_20090406215854_EV,12579678,12579678
stead_event_00850,e73f73d50ca6854ed59c0204bc487eb459f35a94d1531880e5760e753dcf7733,1,1,True,AQU.MN_20090406224707_EV,12576624,12576624
stead_event_00851,3236d8739d7d70debd35d79fd38cb548133568b0fd867dcbf3d653dca888a0ee,1,1,True,AQU.MN_20090406231531_EV,12576626,12576626
stead_event_00852,a0a7245aca0e7c67e9ef09b5659d3f7cf8ca7daaad959dee3085c66caf613494,1,1,True,AQU.MN_20090406233956_EV,14836981,14836981
stead_event_00853,80770afc5b717c98b45c3c766a3edd500c0f5970c2388195c5a5ada5b6dd5c73,1,1,True,AQU.MN_20090406234930_EV,12576627,12576627
stead_event_00854,14b7b8a3ce625310e5bb29f12231b4adf3cb9f1ca6adb2d620ce9a15c81ed8c3,1,1,True,AQU.MN_20090407012336_EV,14837052,14837052
stead_event_00855,7a9326afef48f73f18074416f83887b539939e3a17887eb46120ea054abe01b2,1,1,True,AQU.MN_20090407041228_EV,12576635,12576635
stead_event_00856,4528165ecef792a60b169387ad1c06c63c34173c1b7114734ca9e3b6e62a287c,1,1,True,AQU.MN_20090407050340_EV,12576636,12576636
stead_event_00857,709dbe40c3baa0cfd7e4da8fe3670b4c3b3cfbbd848fb27b2fbeb9d9f3b5c7ba,1,1,True,AQU.MN_20090407080050_EV,12576638,12576638
stead_event_00858,86c3de7537b01a9316fee304acaeb4fd22364cfd158c2fd10e371fdea6e67c99,1,1,True,AQU.MN_20090407093051_EV,12934730,12934730
stead_event_00859,fec565da4c3ad6035211c3bb6c2185c5a3c83c70014384c6000c5515a659d45e,1,1,True,AQU.MN_20090407093052_EV,12934730,12934730
stead_event_00860,abd7f0b59d90b01202bd1043d7e82e3d2bf735d8816561925bb757cf935ba3e5,1,1,True,AQU.MN_20090407122923_EV,12576640,12576640
stead_event_00861,4b044c60ddeaf12047d3e260c60b59973afa0f72d194070055ce1b9396521a49,1,1,True,AQU.MN_20090407174734_EV,16194279,16194279
stead_event_00862,71eca5c31b30fe3086ad0d3cf85190950053b3aaf29d0853582c3bcdcab06bea,1,1,True,AQU.MN_20090407213423_EV,12100599,12100599
stead_event_00863,c6aa8ecf10a51fbf7cea2d965314506b0cf9e37a4868c884b2f651e0ce4c8f0d,1,1,True,AQU.MN_20090407224338_EV,12100605,12100605
stead_event_00864,7585820b506fc5b81aed7c6e5e4e96d0a27df1c3591bb185934d5d5b152257b4,1,1,True,AQU.MN_20090408030029_EV,12100760,12100760
stead_event_00865,3c9ffc295b3704a1b4c8eafd30b5fd46d5abfdd74d5184d9901e427fefd4876b,1,1,True,AQU.MN_20090408030030_EV,12100760,12100760
stead_event_00866,954613666e255b36b545822b39398604dabc5282aee9f605d45ed9a5c27dc0ab,1,1,True,AQU.MN_20090408103402_EV,16194294,16194294
stead_event_00867,dd58896670bf65ef19025f6e768e5447d2db2dbeb007238a9443fe3563f4ab8f,1,1,True,AQU.MN_20090408113554_EV,12100820,12100820
stead_event_00868,97e5796a792df3940342e2ddca8a8fd96d723e326ad81bfa821f002886288077,1,1,True,AQU.MN_20090408175832_EV,12103389,12103389
stead_event_00869,850dd6866c6cf6d7bef673d49ae39da154a3c04edb9fbf1030ed2a6e715ac1d6,1,1,True,AQU.MN_20090408200559_EV,12742086,12742086
stead_event_00870,a716c117a666277c2df4801e709db89acd4ea5cbf3c81f3cc214d445d62b9633,1,1,True,AQU.MN_20090408225648_EV,12105713,12105713
stead_event_00871,226c008c5f93c45c40ec1dca33bd06ac56d6f5ec1df2ab6103e3fd8577b6caa1,1,1,True,AQU.MN_20090408231800_EV,12105715,12105715
stead_event_00872,6c950097713a10772e63561cbf15e2ac2bdf433cf06fa72611b6d36c7a7c967e,1,1,True,AQU.MN_20090409005253_EV,16194316,16194316
stead_event_00873,10702eb8a84162fd2dc4151df03510706580891a77dbbe037f6b29e485b4b8e6,1,1,True,AQU.MN_20090409023723_EV,12742125,12742125
stead_event_00874,8a69aaf7b69742db872058d151cc6ea4cf17ef373175049636564fd42d9b63b5,1,1,True,AQU.MN_20090409031446_EV,12105724,12105724
stead_event_00875,b0a1e2ab2009fe64c20df3349bea11d75cf9ae561eb2bf5238bf4df871fd5f43,1,1,True,AQU.MN_20090409034150_EV,12105726,12105726
stead_event_00876,534a9dc572d65dd7b8bcaeb26378f40cf7287dec722e1423f590569b1e6782a6,1,1,True,AQU.MN_20090409042944_EV,13903785,13903785
stead_event_00877,547cbd74af181a1e3424b49a3543b42f4da0bcc308a1a2a61d5b8ce4e1319163,1,1,True,AQU.MN_20090409043241_EV,16194319,16194319
stead_event_00878,8502ecebbb08a2d78a274d89e08e24bf816cc19196cee5a1a0b702c7925478a5,1,1,True,AQU.MN_20090409044304_EV,16194321,16194321
stead_event_00879,1b47d59a151fc8b57628cab9428a889445f873180211abc49193e405c971a38d,1,1,True,AQU.MN_20090409050901_EV,14839033,14839033
stead_event_00880,60e3303431e3caf40b24a85b402f277518a23e87128ba94970444fb7d2b3da56,1,1,True,AQU.MN_20090409130023_EV,12576674,12576674
stead_event_00881,07f1393f43c4bd6eb87c8ea09ac0991b55585523cf79324f7b63ab9af7f723c6,1,1,True,AQU.MN_20090409131928_EV,16194329,16194329
stead_event_00882,7d42cdbc111765bd3f1e344b4e61cc9ce3e1e0efab4df6f9a156b637f8ab2b5b,1,1,True,AQU.MN_20090409151812_EV,12576732,12576732
stead_event_00883,e54929ea9fd3ea57e3e050a84a9586333452c5a283e1b31212ba9e4296631620,1,1,True,AQU.MN_20090409193816_EV,13438270,13438270
stead_event_00884,0524706d5d710876d453b370764c19cacabf43ff8564650dbbf7cb5e082c9a18,1,1,True,AQU.MN_20090409221035_EV,12742123,12742123
stead_event_00885,2abda791b3d9f1b24c297a027fe0c705962cdafb5b0c5d37dbcbec0ef782b590,1,1,True,AQU.MN_20090409224003_EV,12578482,12578482
stead_event_00886,57a333259c5d75ab7f33fcefdaeaf63038dd3e53ecaf1e274981a07d41fae940,1,1,True,AQU.MN_20090410032217_EV,12578488,12578488
stead_event_00887,5350ba55658be3e1e9a4be08304bb6e564f3f4956abd04239cee727ca7e7adc6,1,1,True,AQU.MN_20090410043259_EV,12578491,12578491
stead_event_00888,21f9df5c53c0c83ea274d25863012fdfe65c1da293d5ecd2604ee867b8616197,1,1,True,AQU.MN_20090410043914_EV,12742141,12742141
stead_event_00889,bab087250ca520164796f74753b70ae1c963ebf81532f7b30e79e1e250065c91,1,1,True,AQU.MN_20090410115302_EV,12579300,12579300
stead_event_00890,b533f4f24ccde1504ed0762e8ec7a3bfd1d6c04760467d662d9570bb0e99d5e5,1,1,True,AQU.MN_20090410154612_EV,12579696,12579696
stead_event_00891,387cfbff83ccfaa2c59fc92d8e23111be00c6d42289d8061061a210306a6c00d,1,1,True,AQU.MN_20090411031424_EV,12581806,12581806
stead_event_00892,c1c517554b7b1e9d4c35f1b7b3e84227be430a081ab4ddc9f8bad6e9f854e2d6,1,1,True,AQU.MN_20090411053857_EV,12581808,12581808
stead_event_00893,a9008a95e63704b0481fbc34f6d3d96d7df3a11c9ed8ad6f17a697276f613c7d,1,1,True,AQU.MN_20090411061322_EV,12742170,12742170
stead_event_00894,d6a198b01199ddd49f33801972168f4030544c9c649b0b6450ff3558b9d0e48b,1,1,True,AQU.MN_20090411065655_EV,16194344,16194344
stead_event_00895,1831726b0f4f183df593e8a50187da1e6231e97895bc355e1fb294d44e5d82d3,1,1,True,AQU.MN_20090411070406_EV,12581811,12581811
stead_event_00896,c3ff18444792707627096e218d2e22af2d8f39a709711612d8faac90616871f5,1,1,True,AQU.MN_20090411070927_EV,14840528,14840528
stead_event_00897,9d5edd49421f8d1d34f998edf91b689ac31136550a0e0034498cdd4f2eadba9b,1,1,True,AQU.MN_20090411122835_EV,12742180,12742180
stead_event_00898,ad664421b2f836697ceebc1b7bc96e5cf9b00a6cbb19a7b742f03ec191983793,1,1,True,AQU.MN_20090411154223_EV,16194346,16194346
stead_event_00899,302edf69c2b03ee4692759801163bd575b3bb11f183df776c0f11eae8a07c9b7,1,1,True,AQU.MN_20090411195350_EV,12581884,12581884
stead_event_00900,3287211abcf93baa17ab3d803b96148361fcd21bd3157e08c3f17c923eb02d0c,1,1,True,AQU.MN_20090412094855_EV,16194358,16194358
stead_event_00901,cd201f522e56def861f2e425c39ff263858ac57de4c781ca31c04378cf955a92,1,1,True,AQU.MN_20090412180509_EV,12582094,12582094
stead_event_00902,f30f29fd6a864585adcb4f97d9fe5bb03eaf782e549ec335d7b87446e24f85e2,1,1,True,AQU.MN_20090412222155_EV,12582168,12582168
stead_event_00903,627a1f63ffb1897bfdf44262fef3481ddfeb30663cb7ae9f29eaed9f23f52b2c,1,1,True,AQU.MN_20090413010140_EV,12582171,12582171
stead_event_00904,98a5eb73479b0d1491f4d2ea04ba6d1ddde67cd4db742d517444bce6a60fd680,1,1,True,AQU.MN_20090413084101_EV,12582186,12582186
stead_event_00905,88211cd3015aed6b20051377e23bdab6b789b20e3569704e44330e79ade9acfa,1,1,True,AQU.MN_20090413133558_EV,12582359,12582359
stead_event_00906,1ed7b2634f937b324cef7f8425e626ea601438b5e4d46b3fd0054f40b3ffad5b,1,1,True,AQU.MN_20090413190945_EV,12582403,12582403
stead_event_00907,ff409fd821130f0bca2e56f0c2716af59f2ba76368ce677b28fe5a6acd00976b,1,1,True,AQU.MN_20090413211418_EV,13438490,13438490
stead_event_00908,f94015e965659b6dbddee53d0db5c646fe54b07d9e8724439286a0d6138512ca,1,1,True,AQU.MN_20090414073641_EV,12582637,12582637
stead_event_00909,5f9007e03d390560f5de30582c819a3e3d0ccf35ba3a7b31ba3270683b989f6b,1,1,True,AQU.MN_20090414090801_EV,12582975,12582975
stead_event_00910,efa1f5e7815fbd0df414767702b076def0b15aa4e7493bd4ec434d8d6ed9c673,1,1,True,AQU.MN_20090414135621_EV,12583053,12583053
stead_event_00911,b3637b0ad53c01c52333f89f2391c7f53b06325a7b11c232e77664bccd490bd0,1,1,True,AQU.MN_20090414172728_EV,12583062,12583062
stead_event_00912,40c7c744c08250b7018e318f4b35eabb581f7c39b6565682a8f86a6c1e371cbf,1,1,True,AQU.MN_20090414192758_EV,12583067,12583067
stead_event_00913,cb6a9c8c7c37df0a03aacf6ea261eff40ea817d212011d9cd72ba0d1bf17f139,1,1,True,AQU.MN_20090414201725_EV,12583389,12583389
stead_event_00914,bfea8465b54bdd040bc81ce8d3cf299efbde6375b050ec0d98a01a4d7b1e63f3,1,1,True,AQU.MN_20090415114438_EV,12590220,12590220
stead_event_00915,efb07e8f00ee969253c942c99206aee13ba6114a16ea7dc78e65ef51605ada3c,1,1,True,AQU.MN_20090415193642_EV,12590738,12590738
stead_event_00916,186861a4f1c31cf3b0863a855726ff736d6c7654f21060728cf40031abd29e68,1,1,True,AQU.MN_20090415195554_EV,12590739,12590739
stead_event_00917,6a15bf3e0798e955db843a4de632cf29135221c60cbadf838798d76cf1d5d2ea,1,1,True,AQU.MN_20090416054451_EV,12597518,12597518
stead_event_00918,1cc3a06315ed7a2f380cc88992c201e0b7cab4a39a5f296a36469c91a2a20b62,1,1,True,AQU.MN_20090416161136_EV,12601060,12601060
stead_event_00919,5e500b78ca11b20ff47a0f14294fca9dec73c8a0fba6455b6accb35fbb1adeb6,1,1,True,AQU.MN_20090416174927_EV,12601066,12601066
stead_event_00920,f0e09af3c1526bc4d5f9bd9fa7485f153214b10e854ecdec4c451d34753f84df,1,1,True,AQU.MN_20090416181751_EV,12601069,12601069
stead_event_00921,2372ad2856810c1bf507de71dafe4f6ea5a68c080b5afe4b77bd28f0e78c5739,1,1,True,AQU.MN_20090418090552_EV,12609853,12609853
stead_event_00922,7968bd6554f7d7b8d083f33624c9f84878378a286f514b982ff23857e4892fb4,1,1,True,AQU.MN_20090418102429_EV,14843868,14843868
stead_event_00923,3b79ac84cda085e6b18a4bd0800e07a1a3f3d622144f8b5a951ea3ffb56a4725,1,1,True,AQU.MN_20090420012015_EV,12610906,12610906
stead_event_00924,5007719c656869dd17d193d1f3fd8a66351371e12118682ae14a9d1eca58da4a,1,1,True,AQU.MN_20090420022208_EV,12610907,12610907
stead_event_00925,d948d886244f413ec2ece77c2286a15cb45c3e7a6454df6345eb75fa086533c4,1,1,True,AQU.MN_20090421081716_EV,12612931,12612931
stead_event_00926,4c7d3a63829c7f3c03f21205d798c90c3ba62943ac8c67d6f9f6745d5cd3c7c0,1,1,True,AQU.MN_20090421154429_EV,12638914,12638914
stead_event_00927,1c72504a85efee7ccb8fe618d39836dc5d11e2f3d712d1a410b733b2b99552c7,1,1,True,AQU.MN_20090421162053_EV,12638916,12638916
stead_event_00928,1e24450d9c8ac377fcad62dcf67edaac01ae08dbc93bb693b704fd94387adcb0,1,1,True,AQU.MN_20090423151401_EV,12669138,12669138
stead_event_00929,560406687abef65e69c49f93120721cdb077b2518467610f2f23718246c21b2c,1,1,True,AQU.MN_20090423214858_EV,12692485,12692485
stead_event_00930,318f424ac67e136925a6788df18ef9a37f295e384fd0f0560156baed40697657,1,1,True,AQU.MN_20090424133851_EV,12692513,12692513
stead_event_00931,45fbd7dd9f0066ecf01666e23b0581229f5319e07176530ffca000ba045e6582,1,1,True,AQU.MN_20090424225126_EV,12692663,12692663
stead_event_00932,ef430c2e75bba1e85f81c8d93f1e5c592af078661cfc76c8a7ee4caa0fbfe23c,1,1,True,AQU.MN_20090425020820_EV,12692673,12692673
stead_event_00933,79a7aac6f399021ed058dce99fd6809e7998c854fa98107652caf896d2ea10ed,1,1,True,AQU.MN_20090425111259_EV,12692694,12692694
stead_event_00934,f4512cc0f40a96ac8e3bacb73649bc7271194f1014af9981d786f8ec43a2f593,1,1,True,AQU.MN_20090429085736_EV,12738686,12738686
stead_event_00935,83f9def00c8df9f7a1c0f65e5db40913879ba46348f27c9a48238915b997c05f,1,1,True,AQU.MN_20090430091348_EV,14847292,14847292
stead_event_00936,0477a5daddf4f7d8c75f55e9e31faee345732f9c08161cefcda5888f9bbd8376,1,1,True,AQU.MN_20090430130056_EV,12742681,12742681
stead_event_00937,9f754079afcbd75b3152f4b67b8f7ee1596fa77048ec6976516e089665c4b9ff,1,1,True,AQU.MN_20090501051245_EV,12742821,12742821
stead_event_00938,aee19831db8e786e1eec948e46d2f541bdc83766231019e487fa224f072c6fd8,1,1,True,AQU.MN_20090501203438_EV,12747038,12747038
stead_event_00939,c8d6f9e2609b284ea7fb40363a9a3fec3ccb11115791c64405e60ec4e55f21cb,1,1,True,AQU.MN_20090502022059_EV,12747050,12747050
stead_event_00940,00de24c38569244ce234582594bc415b4af4adcf049bd2f45f1808e50a5229d2,1,1,True,AQU.MN_20090502201454_EV,12750364,12750364
stead_event_00941,1875bca8ad16b25615cc97005c0fdd294f080ce5a048a45d10c1569a34e0ebfe,1,1,True,AQU.MN_20090503051439_EV,12750428,12750428
stead_event_00942,d0aae17aee3c5525737364fbac06a8a955c4d704566a5db82ee6a7c23cb1f07c,1,1,True,AQU.MN_20090505104358_EV,12754083,12754083
stead_event_00943,7e595521dd91a7f3e6e696be7012008c7bc145b5ee584a40a4ed85773341eff2,1,1,True,AQU.MN_20090508010245_EV,12784423,12784423
stead_event_00944,a17d5b60d4308f1f12eb9b2683a2a5ca69b3663c1b1d32d0282c1a1624ecf5c9,1,1,True,AQU.MN_20090508170954_EV,12784570,12784570
stead_event_00945,f199351f2076f7419c2bee388d8998d92ca69a2e69578427490fae22dd789eea,1,1,True,AQU.MN_20090509090936_EV,12788581,12788581
stead_event_00946,dc0d1fd735110e21127e3d40a14867bdf1e5578ad1c34207ef4d70397718b2cd,1,1,True,AQU.MN_20090510160004_EV,12792211,12792211
stead_event_00947,b1e397c98b028c26b8cafc10e15a085ee7981ce6e5f526ef93dc8ad043fab698,1,1,True,AQU.MN_20090511165900_EV,12794021,12794021
stead_event_00948,f53bb23756f914967c658efa450c981a70529613b14d06946c6022c016bfac7e,1,1,True,AQU.MN_20090514063017_EV,12821491,12821491
stead_event_00949,e65dddac70476646a5ee61cd6a440328a66149ec939ab84752921d003824240b,1,1,True,AQU.MN_20090514063228_EV,12821492,12821492
stead_event_00950,78c1c6b8da479e9e8c336cac31c48a7d0c224b0b1e07dce8eecffef977f325cc,1,1,True,AQU.MN_20090514203050_EV,12824921,12824921
stead_event_00951,b167b0ba440d5dc5178182961823c378cce9ef0a697635a9f43c1f1a86692db0,1,1,True,AQU.MN_20090523172418_EV,12854297,12854297
stead_event_00952,467a7e2b70ed1360a7f4c527e909df15ff9e6e4d818553009e0a03aed60f64b3,1,1,True,AQU.MN_20090525163725_EV,12862188,12862188
stead_event_00953,ef24641429c5cc7f22c27362be0cbfdfbcc7e86a35814c3da8cd19a3244a5666,1,1,True,AQU.MN_20090530025507_EV,12869565,12869565
stead_event_00954,8320228c8bc3367429f0ccc52c7a9a72c0af6eebfa2e76756eac3fe2823bec96,1,1,True,AQU.MN_20090531033613_EV,12870894,12870894
stead_event_00955,e98d52e917b00a56f6f1e28527242cab73582d1e85f1fb1aa7cf02955981d23a,1,1,True,AQU.MN_20090607192131_EV,12948618,12948618
stead_event_00956,619f33efac17819251a1b9077697af79e05f37f738139d923efa0c20eb56f702,1,1,True,AQU.MN_20090611070444_EV,12977504,12977504
stead_event_00957,3eb0fb55a8391260fc1e8517e8e80de231a4ef61f2bcd9543749f8b0ca9e686e,1,1,True,AQU.MN_20090616185255_EV,13115762,13115762
stead_event_00958,5be1c8b0db4be18fe4a9b32cf8f60156ef015f2668fe6b7ee49de132de1a1f5a,1,1,True,AQU.MN_20090619194707_EV,13201567,13201567
stead_event_00959,1b99d90ad1921d6701481ec487436f75077952aede483cb71cf211480e6f3f10,1,1,True,AQU.MN_20090620054113_EV,13201583,13201583
stead_event_00960,137e0edb61003aeae74410fc3f8c8ccb10b096b2a22418115572eeedf74352a4,1,1,True,AQU.MN_20090621005513_EV,13202265,13202265
stead_event_00961,7b15ddb6de1be97083b7cdb07d2a1a438075f0ffe188c456b618820aa9cd8d34,1,1,True,AQU.MN_20090622205833_EV,13217750,13217750
stead_event_00962,0bfe15b7e4c704531a680599e67bf0c7158538edf27a1624a68ac582f0c94d67,1,1,True,AQU.MN_20090622224913_EV,13903803,13903803
stead_event_00963,5ebcb556787ef0ad5d60c491a74e03f2970c1d04b505a758f9f0ba4618a9c40a,1,1,True,AQU.MN_20090623004152_EV,13217765,13217765
stead_event_00964,35b7c30727f0d6201598af5588c296d96d1722dda962f5bda2e89137e061326b,1,1,True,AQU.MN_20090623053414_EV,13217776,13217776
stead_event_00965,5cb58a3e987e21b073bcc2c2d0ab90440aa6ce20ada53af24032cea67d45ed5b,1,1,True,AQU.MN_20090623083501_EV,16439391,16439391
stead_event_00966,e03b61c6e49e0865ba381130e0faadc760bba6a0059e4805579823e55d85febb,1,1,True,AQU.MN_20090623205844_EV,13231845,13231845
stead_event_00967,e80bd6cd94122ce6591ae321239fdf8b51bb8f5f63408a93d55646c51b232932,1,1,True,AQU.MN_20090625210006_EV,13279129,13279129
stead_event_00968,c9e8a6c28e2491d5bdab796d13d18335eb0599bce7b25119fa2513f9829075da,1,1,True,AQU.MN_20090626071426_EV,13279148,13279148
stead_event_00969,3911b7e9bdd3cf9bdc5de159ea401693f2731a9bf9bfd0c4fa7c8e0ff903ad80,1,1,True,AQU.MN_20090629060241_EV,13903813,13903813
stead_event_00970,e55940df46e13876d33e945007e70764dc5d6e780fdceed4d87a841fef93ebfe,1,1,True,AQU.MN_20090630003807_EV,13307356,13307356
stead_event_00971,12cc8dcb0ece58fc8affb20dfb880c0fa8269f2c2b90e7483e99b27797f7347f,1,1,True,AQU.MN_20090703011402_EV,13324932,13324932
stead_event_00972,c7d42083b64b9bfe918c4f69c35ce5bddc29dba7e82869ea89804110eea7887d,1,1,True,AQU.MN_20090703110300_EV,13324955,13324955
stead_event_00973,7d3686d6df95d8a7e8ab14c80816c38ad510578ab0225dc995788c831a58d604,1,1,True,AQU.MN_20090703110302_EV,13324955,13324955
stead_event_00974,f02a8ffb11588cb80682d5e27aafad0cfcb15beacb622132b6c901d72b2e680c,1,1,True,AQU.MN_20090703231251_EV,13347186,13347186
stead_event_00975,b40861c43e2c8cdf32cf9f4e76b9dfcae8e0c1d75b010aa46a55a834576fd4e7,1,1,True,AQU.MN_20090706070215_EV,13354234,13354234
stead_event_00976,e05d81d20a587574f2026ece7fc7ae12fbf6c3679d3f98f10fc38c3e212713e3,1,1,True,AQU.MN_20090706235111_EV,13361328,13361328
stead_event_00977,7e37a08f9aa1c5da952195c645fe71731bc2b1b379fbe7011de93449e978ab61,1,1,True,AQU.MN_20090712083843_EV,16521783,16521783
stead_event_00978,31ddb8c2458b7531137c6c40fc754a6243ffce71b642173059802439b29d74a6,1,1,True,AQU.MN_20090712221419_EV,13380899,13380899
stead_event_00979,4c028cbb6e927e16ecd1ec3be38fc82a9c9548445dee222d2c46bb6e308da92b,1,1,True,AQU.MN_20090712221421_EV,13380899,13380899
stead_event_00980,2048434c478a8503c0ab40905a4db52783ceef1ed07c1abb5abf136043e7a2a5,1,1,True,AQU.MN_20090712222141_EV,13380900,13380900
stead_event_00981,eb3d38c63960fb2795551f1d28447ec3c1a8cf97e4d5ee4ae77c2427d7961d64,1,1,True,AQU.MN_20090715005801_EV,13383749,13383749
stead_event_00982,3f3f8744ea853708cf2ae337c4c3bc7410c0d3438fe90cd6740776fa5b6254b7,1,1,True,AQU.MN_20090719124952_EV,13441790,13441790
stead_event_00983,92fd89b48a3c98377bda01fe74dda7dc5b6f35a73731aede5db0657a916c2c9e,1,1,True,AQU.MN_20090723223726_EV,13524837,13524837
stead_event_00984,c2a61219ce72c03aebfc504a288c199d595874ab849cffc3359325f626e04f32,1,1,True,AQU.MN_20090802223922_EV,13540185,13540185
stead_event_00985,8535d9cbc903ec9147315e5ac8771f4bccb485f31aa71c4065a7ee45b1028c73,1,1,True,AQU.MN_20090826231828_EV,13650641,13650641
stead_event_00986,691850e43249037cc759a48b134ad40b54b7492d7a52ffc25d58b06c61d70dba,1,1,True,AQU.MN_20091110192613_EV,13930243,13930243
stead_event_00987,18040e4a47c142117b6b56ab979f62c666f035b7673ceb76f8c23ebc06c761c9,1,1,True,AQU.MN_20100117114433_EV,14237546,14237546
stead_event_00988,60b1ece9eecac19bcaf9cd3064095f6167d309f3d459b804e1d6e17048825820,1,1,True,AQU.MN_20100526233814_EV,14725145,14725145
stead_event_00989,554ed94cad220691fe5fdc3a28a76a83dd3f31d2e6f138426c2e4f324f6575fb,1,1,True,AQU.MN_20100831030006_EV,15139903,15139903
stead_event_00990,91211455eb9b70f2c112169dcd44f89f34395e70aa0bdc244cd50d52947521f2,1,1,True,AQU.MN_20100831071250_EV,15139908,15139908
stead_event_00991,44ed5f5fd2430d8c26f147c96a6a86725a9007a3cc5bf98d5393cd4c4a15faf2,1,1,True,AQU.MN_20100831120621_EV,15145214,15145214
stead_event_00992,1c46efcebe83622bbfe7f06a73cf2325de2146a2843a22818c49c5b347f977db,1,1,True,AQU.MN_20100903022425_EV,15154866,15154866
stead_event_00993,2404d73f6acb4fb0a93afd551992903945c18f2182f57faa0203e97cbbeae991,1,1,True,AQU.MN_20111018211304_EV,17370885,17370885
stead_event_00994,a56f336e7066b172363e65636c35a19b67d0213bfa7134b30fa851ef331ca22b,1,1,True,ARBS.CA_20140406181132_EV,604441582,604441582
stead_event_00995,c9e24192d9e1f1fba16dacee8fdcd651891ef491732bc08d27f5906d90358649,1,1,True,ARG.HL_20031021143320_EV,7163048,7163048
stead_event_00996,78e96846f0eb439a5c2fa2c975e7cb1aa086f670fcd03fd82a475a895ecbcb42,1,1,True,ARG.HL_20040103171857_EV,7225749,7225749
stead_event_00997,8c9a1f38a2c1de5593960719ba4b7de01062a2f77779ee9c44c7f9b3e00e1c54,1,1,True,ARG.HL_20040106133351_EV,7228239,7228239
stead_event_00998,f6cf446c39db3bebb7f5d13a6f509352622c8790be852cdc6447e753db767c85,1,1,True,ARG.HL_20040203095610_EV,7247120,7247120
stead_event_00999,c30ee70dd9d366a0c950b7ea276640445a3a5604e2b6b1d0821aacf41178ebc3,1,1,True,ARG.HL_20040225111251_EV,7255204,7255204
stead_event_01000,c4d99cdf40fef54c6fbfad5650991211c475e51504705c07a7f519beeffc393e,1,1,True,ARG.HL_20040318114924_EV,7312993,7312993
stead_event_01001,cc9f6baa132fceb59b093f954ae754f8ebbd7d2cdf3bf0e81801389e5a474563,1,1,True,ARG.HL_20040520112658_EV,7345707,7345707
stead_event_01002,538a3e54eca5f36878f70f3590295fa00a4c24271d71b1d63e37ed3fd1cae469,1,1,True,ARG.HL_20040729053507_EV,7377065,7377065
stead_event_01003,41004c7e65872c167189b351b76f81810dadec4f49ec66c9aec207d2910a0059,1,1,True,ARG.HL_20040820111224_EV,7391104,7391104
stead_event_01004,d7a22dfb9e550a169f18e67b9dc82164b0e815ad211e58fbc4b6dea3eba6d1a3,1,1,True,ARG.HL_20040924021544_EV,7404705,7404705
stead_event_01005,e375c19bc0a2f978f472be55f15c65b700b1f294cfc3a0cd9d5ace28fdbad597,1,1,True,ARG.HL_20040927040604_EV,7405485,7405485
stead_event_01006,9155a3f7c06da04cefb5235bd179246c74afea6e807113b883324b9f79f12f82,1,1,True,ARG.HL_20041026131814_EV,7422262,7422262
stead_event_01007,053acd43aa3b34e36720a71516e5a1700e1c41b22b970184edae38abbc7c1268,1,1,True,ARG.HL_20041111024219_EV,7434202,7434202
stead_event_01008,00d324e3b63e5092b67f9d36714d28ab622085d60354bd5c7dabd0de83026347,1,1,True,ARG.HL_20041129024215_EV,7443286,7443286
stead_event_01009,6f33b877e26c49d42190ba0e38861789cb59cad9321af87a3315d3e21e0c67a4,1,1,True,ARG.HL_20050329065508_EV,7486661,7486661
stead_event_01010,84f553e88c3d81ef0d32ecbd45a52c9e4e132c4f56c0edb67ed6153271ffd86e,1,1,True,ARG.HL_20050401034203_EV,7488829,7488829
stead_event_01011,bfe20ce5ca31c209212ca32f112d60f27064e167a78538953ffed14b84450f46,1,1,True,ARG.HL_20050523223115_EV,7382130,7382130
stead_event_01012,82be78945aa173850b56bacd11b2943a21fa64b532751933a4f8d54dbf510d6d,1,1,True,ARG.HL_20050606021810_EV,7549434,7549434
stead_event_01013,29dbce0be0e8596f181195c6309b47d44d4a75db8e7e5baceeba08bb9a466004,1,1,True,ARG.HL_20050711172034_EV,7363733,7363733
stead_event_01014,ffa026d5860b4ccd9499c807bc28d92527b3e4512f53f0f77ba58fafe90fe62a,1,1,True,ARG.HL_20050914141326_EV,8528512,8528512
stead_event_01015,407ba5060849e04f651a0fefa02aecc1a20ccc49959a802c8cc9f08a1d20e37e,1,1,True,ARG.HL_20051004160259_EV,8528733,8528733
stead_event_01016,ae280f9cecf718340db9121200145cddc64e3d09d0ea6a9d46f34dc9bb2b945b,1,1,True,ARG.HL_20060104092241_EV,8184875,8184875
stead_event_01017,670653f272d5ef2afec1eb08f795be75d975b44cd8a8b49da8d25d17c4b2bb9b,1,1,True,ARG.HL_20060223234747_EV,8193062,8193062
stead_event_01018,f40f16576b840f22381b58643a1619eb0ad4d65c6a9a961fa75e5efa27bf66e9,1,1,True,ARG.HL_20060311124855_EV,10601831,10601831
stead_event_01019,a7828af65d96f4004eb52767c377c89a791f9d115d1d9d4ff362cdbffbd09043,1,1,True,ARG.HL_20060315031712_EV,10603967,10603967
stead_event_01020,4281f2ae319f9c115dc34237af933b212e984d9dad257fdfe82206ca3b25c842,1,1,True,ARG.HL_20060320191935_EV,10607397,10607397
stead_event_01021,9c7b0292ca21afaa64018f08d16236630229f4d66895c1a6f9b5cf41ff90d233,1,1,True,ARG.HL_20060327023150_EV,10611393,10611393
stead_event_01022,d1c4722000aec5d9517c6be86a01bc42d0a75937bd632972fe82517c013827a5,1,1,True,ARG.HL_20060328102558_EV,10612251,10612251
stead_event_01023,4e9ee70999bdc13c68c7048c9b065cf96801fa7b2649ffb5522ee4b45ba84f0d,1,1,True,ARG.HL_20060328211146_EV,10612529,10612529
stead_event_01024,24146101941eb2d903677d0514a5be3ecf61550d8191929b586ad096726e1829,1,1,True,ARG.HL_20060329223141_EV,10613112,10613112
stead_event_01025,5e1d4e163c9277283bbde56f23be88441de99d35d5a83c9c3bb1ec96728e4624,1,1,True,ARG.HL_20060415004819_EV,8504432,8504432
stead_event_01026,03ec837eee593f1341faae18e2ff94449b1c9cee01756feb0848d2af28a5d4dd,1,1,True,ARG.HL_20060513025933_EV,8530535,8530535
stead_event_01027,5705970df408e7c3e08f8c583103304bacd2a1de3c68b3dddfedbb56006e3f42,1,1,True,ARG.HL_20060611055728_EV,8566457,8566457
stead_event_01028,cb63c8f026f651f48e52a066c5a399c0e3b78b33fcbdd553ecc08e6b1d2977a0,1,1,True,ARG.HL_20060621093128_EV,8566681,8566681
stead_event_01029,dec0c881b7495c2de93c4bf14f36a5f6bbd4658d8defaab00627a8acaaad0e21,1,1,True,ARG.HL_20060702065525_EV,8505730,8505730
stead_event_01030,a2b26c985c433257e35984875ba8d6b5db67870c9eceee969042e9ce1239c5ef,1,1,True,ARG.HL_20060808194134_EV,8953256,8953256
stead_event_01031,6fb13a8a7ee1ad26f7b2a6760b6d87e0b186cb4ff015d6b6bc5ab34feef391ac,1,1,True,ARG.HL_20060908223913_EV,11121469,11121469
stead_event_01032,9d674a9d4dcb1506da02ba901a27e07fbe78616bd066297f7edb09449ca73cce,1,1,True,ARG.HL_20060911011546_EV,9134508,9134508
stead_event_01033,d056cb3e87cba049c6661c43fd496b1b434505f0686977faa3896b74302ea833,1,1,True,ARG.HL_20061005114644_EV,9135588,9135588
stead_event_01034,7fa135ec053d930f5cdc03ea7b75e2951813aa26221bb3b2e8c28ff8a340fa39,1,1,True,ARG.HL_20061014031935_EV,9135869,9135869
stead_event_01035,00d2c6a3da8d45edc11e551f5935e4ace699cb3cbf30d57c387b828fb2396ebe,1,1,True,ARG.HL_20061014031943_EV,9135869,9135869
stead_event_01036,b908320132b72e561173820c2c8bbe4c11d500b0b176f4c282fa59af6368702b,1,1,True,ARG.HL_20061114065706_EV,9225353,9225353
stead_event_01037,d3cf08193cb31399dbb389e68f91a02c7226884483246298da63da50b5a5c07b,1,1,True,ARG.HL_20070204064610_EV,11496118,11496118
stead_event_01038,40472bdf3177770e7b229952ea9d77e15cb9ac23d8ffebf10b6e74a218916681,1,1,True,ARG.HL_20070215031600_EV,11502913,11502913
stead_event_01039,b362f9cb58685d982a5fba1d8761a743a853ad49123340b5fb5c6205dd9ffa1a,1,1,True,ARG.HL_20070409142921_EV,11920698,11920698
stead_event_01040,e1a80d58179548d47853936e547307cf8ba902599fe8c20fc77b47e5f3deb279,1,1,True,ARG.HL_20070430055646_EV,11937537,11937537
stead_event_01041,ed4431ae37577902a9c6e713b346e6d8e829e84f521492e7db2531d16c91690e,1,1,True,ARG.HL_20070505220339_EV,12648829,12648829
stead_event_01042,9b6a36f5d61ad19bb9b16ebf5a01deb6103e92d4574179abdf3adf9a8fa962f6,1,1,True,ARG.HL_20070525231309_EV,12663205,12663205
stead_event_01043,6a2fbde9fbad4307ed566774b20a1486c036c462a678a13d31464e9fce8dbc48,1,1,True,ARG.HL_20070531153519_EV,12667148,12667148
stead_event_01044,f41b11ff405eff47d81e11c11c2a4a7acc70933f023003941348ab835f9d4edf,1,1,True,ARG.HL_20070707172419_EV,12764293,12764293
stead_event_01045,09f8b2240f36f4b77d306eb5baada855891de55193287e2c18d6456c6673fbb7,1,1,True,ARG.HL_20070709134534_EV,12765737,12765737
stead_event_01046,fa086f2a6cfa42316339421f13a540036b75b9db71dc7b8770a3a76d788ee44f,1,1,True,ARG.HL_20070711055700_EV,12766853,12766853
stead_event_01047,37174b04f54b6a080fff89a3802a0a90e26eb29d9fd03ca9377db802c338cb04,1,1,True,ARG.HL_20070817111520_EV,12807062,12807062
stead_event_01048,b5606151f21190f49b907c12936a1b07bb3eef32758487888645c5a6569d7809,1,1,True,ARG.HL_20070825004128_EV,12813248,12813248
stead_event_01049,e923ab2f6c6c7c849806223b21f1e356446874abfc211a86e117559f1d8724ff,1,1,True,ARG.HL_20070903093751_EV,12956191,12956191
stead_event_01050,f673673d9a6489f1733d225e6ba0cba6bf1e269c70611cf8695e97c012aae56f,1,1,True,ARG.HL_20070915013152_EV,12964777,12964777
stead_event_01051,ac1931c9bb69b15f2a1b2a2518769eea1e6c06b244afa1dd44da008f9a4d051f,1,1,True,ARG.HL_20070922223838_EV,12969181,12969181
stead_event_01052,9500bdbb2dfa148e5a1c88f73ac0b0f8db70dc6bb4c653274012c4d654b06e6e,1,1,True,ARG.HL_20071006233859_EV,13236885,13236885
stead_event_01053,670ac2101db9b3bcbe13438bca480e093a0727320535b33e1bc69c22a6980155,1,1,True,ARG.HL_20071006234952_EV,13236890,13236890
stead_event_01054,b1a4f98d9428fea2927b95d523750a49d0118b441cab02f2ed76f2d0dc57dfe6,1,1,True,ARG.HL_20071010170533_EV,13239414,13239414
stead_event_01055,c3d93f3d4dd225f1f75f08a88ca1b81caaa8e64f77ad195cd4e69a79eea2a879,1,1,True,ARG.HL_20071010212757_EV,13239536,13239536
stead_event_01056,89fd3b76aa3a62f78a88f92cc007e4b01d640e4ace101b2e89fd2bab7f07966d,1,1,True,ARG.HL_20071012170603_EV,13240780,13240780
stead_event_01057,83ced218477dd4ad9d1bd53fd2b4da5037c9ab22c217913765126b377df63067,1,1,True,ARG.HL_20071027024038_EV,13250381,13250381
stead_event_01058,b2c837d83e09a846629f07a8ab43ed911d41a55ea26aee456293c4b097c619fc,1,1,True,ARG.HL_20071030234331_EV,13253243,13253243
stead_event_01059,5d278428e9e3cd18bde46a29fafa85b51bc159c8fbd24b8cbbec78faf4ee7a9a,1,1,True,ARG.HL_20071101225546_EV,13257502,13257502
stead_event_01060,a0c5066634a8efbf5b0ae22df680fbff6ed7fcaeb9ba58bbb5c4e414c24f1ec5,1,1,True,ARG.HL_20071105234356_EV,13260195,13260195
stead_event_01061,2c5ab613981afa15fb39cd0173b76fad508430d0dd66e21c35a18acd35392ad9,1,1,True,ARG.HL_20071121155229_EV,13271290,13271290
stead_event_01062,ebd47a0f748ab1d12025eaedf474029b68f77583d7a49e5aeceafeb011e49d31,1,1,True,ARG.HL_20080107161418_EV,13329749,13329749
stead_event_01063,21030ecca06ee34734bd90b05acfb6dd18654407eaa7f6521954f93e96732202,1,1,True,ARG.HL_20080309230331_EV,13485320,13485320
stead_event_01064,5dfdc41e6eadd55c0479a9d3e3c312312328f2bf48df56da70e0e27298a8b120,1,1,True,ARG.HL_20080312182555_EV,13487322,13487322
stead_event_01065,e1f72ac96b095d39df7a9fd4cdfc6ad6acca10360dd4a4901e6361e2587e9241,1,1,True,ARG.HL_20080415081355_EV,11152270,11152270
stead_event_01066,37df77f14eab1942804838c5045f4ea3b0ff255d054a0651e0165578e2b492a7,1,1,True,ARG.HL_20080416144549_EV,11152314,11152314
stead_event_01067,66bb3c70c6b9958a3fce3794305ff9812164219898cc89f377ce8d6d0b949c25,1,1,True,ARG.HL_20080520060005_EV,13229116,13229116
stead_event_01068,83a7f31975755e9480099ea14c863951ace8072ea06dfbcb538cc9628f5bdc4e,1,1,True,ARG.HL_20080614082440_EV,11381878,11381878
stead_event_01069,f12f952c5e8e4311f681953a5611321fb8de134e4950a862dd423cef6dd1652c,1,1,True,ARG.HL_20080614213418_EV,11381894,11381894
stead_event_01070,58204546f9359064dde36a600e2af781593147d4b247ffcd002ad2e691aaa6b0,1,1,True,ARG.HL_20080707183716_EV,11514156,11514156
stead_event_01071,db05c9cd15e132d00fc1239bec5508bb3600707f6c03c7d1d74f399342549967,1,1,True,ARG.HL_20080715044535_EV,12951326,12951326
stead_event_01072,c21ade65d9fb1f4c465fea541db3085c960329c4d4d9c6206c4b192b61b21c8a,1,1,True,ARG.HL_20080718225243_EV,12951403,12951403
stead_event_01073,92657f9420e7ccdea2456cc5788875b7a1329b2b952d672838d7c0e2dbc09d21,1,1,True,ARG.HL_20080806171906_EV,12099726,12099726
stead_event_01074,76dd2519ebae5cf1d57a41cf7ad8987148f4c8302c27c3468782cd0eb09803b3,1,1,True,ARG.HL_20080807032847_EV,11525288,11525288
stead_event_01075,4f3877100a01fe02b2dc660d85e9e681eb4189df6b128f72e52a9458a5c84413,1,1,True,ARG.HL_20080820011540_EV,11525549,11525549
stead_event_01076,1f07c33137894974e672b713d12939476a057d454c3d8719349bd9f2bda2acf8,1,1,True,ARG.HL_20081008033412_EV,11661161,11661161
stead_event_01077,b49fe22f21f0153b43cad6f651513b4d0382e7f737c65df7680336e3cd9df5d8,1,1,True,ARG.HL_20090206024844_EV,13434317,13434317
stead_event_01078,e75ac9210a715b5d7c9756abd9851774a2306bde12fc946954a675f1ba1ef48d,1,1,True,ARG.HL_20090212052051_EV,13434526,13434526
stead_event_01079,08fa75bf23749aa6102f6227f6122a854ff4ea73528eacbedb00fb03b433609f,1,1,True,ARG.HL_20090225213633_EV,13435093,13435093
stead_event_01080,535fbe0ad7a02498970446d71465870d1ba86a553a6fc0e3979bf0e22ac5c412,1,1,True,ARG.HL_20090327065852_EV,13437418,13437418
stead_event_01081,f3952bcc05b8456a550665930f5cfa06c8041d2a71cc107f2b35b09d1d4ecd55,1,1,True,ARG.HL_20090410104907_EV,13568046,13568046
stead_event_01082,b4f9322c5d8f8c0203aaeaf877d493c02c4cfde481bccb6dd7bf583f45e14aa8,1,1,True,ARG.HL_20090426042221_EV,13568416,13568416
stead_event_01083,e79c60a442a072058a80d3ef0085c593c10476755c26c056b6590c6b9571c65b,1,1,True,ARG.HL_20090514183424_EV,13839692,13839692
stead_event_01084,1281bbee56694280991ec62c4a9e548c6ed6f2f6fea2e1757fbc66cb78d390d5,1,1,True,ARG.HL_20090520010648_EV,13839898,13839898
stead_event_01085,7a4fcb5ac57bcf7bbf448eac230ef5025d044dbe3d1cc405527c40c47a4f6910,1,1,True,ARG.HL_20090520010650_EV,13839898,13839898
stead_event_01086,6739425c22fcba259755146d75720514b08319ca0a8a26df338419dff9690bec,1,1,True,ARG.HL_20090521222012_EV,12895832,12895832
stead_event_01087,6f9f85af282206e5b90e61c2e939d106cfd3d7c5505a0e4fa648e43cbf636c01,1,1,True,ARG.HL_20090530071455_EV,13840153,13840153
stead_event_01088,3daea998e63e2776d80e6e8860c5dd37a77aa1ae991bfa752ecb08b5675a918f,1,1,True,ARG.HL_20090602223309_EV,13840260,13840260
stead_event_01089,e79402ad44ded27addc5e11f76a938673e13a3f54223598ad448e37f16885041,1,1,True,ARG.HL_20090605195005_EV,13840341,13840341
stead_event_01090,37f68ee2200eeaede4bd687c9b39ce5e527884a4468ea09dc266765f0b5755c6,1,1,True,ARG.HL_20090624211017_EV,13841374,13841374
stead_event_01091,97f224f20cb9908d41692bbf33b195e18df280887e5596f3cb8ed2fdc3debc7d,1,1,True,ARG.HL_20090717082802_EV,13882077,13882077
stead_event_01092,1371af863495e76077dd14c50f297d214b8914a2c1403563acd26765477aeccf,1,1,True,ARG.HL_20090723091440_EV,13882293,13882293
stead_event_01093,8df8352c0abe61e3268f14ec88f39d5cfe96a112d47e43cee441bc9c047974b7,1,1,True,ARG.HL_20090801154532_EV,14090749,14090749
stead_event_01094,50e3388e405525462602163301655db326591b873bfde059dc4bc13763e83f90,1,1,True,ARG.HL_20090806192842_EV,14090863,14090863
stead_event_01095,ec3634ea48e5d047d03146c285112ddd82c9a3eee9a420c35036da18dad1b6c7,1,1,True,ARG.HL_20090909034725_EV,14611621,14611621
stead_event_01096,b41686e93208a3e3e4c090eaf39c39064ddd5ae356a9ab4239b06a24b65c8ccd,1,1,True,ARG.HL_20100107215839_EV,15003373,15003373
stead_event_01097,c6f2aa2c76fe8fa418c0dff566ae15d90fe1c98891da99925b814de0379e5fcc,1,1,True,ARG.HL_20100116210308_EV,14619881,14619881
stead_event_01098,51df78e107ba0baaea74db69385e934ecba5f9e37d09f239125733b1a099d3c5,1,1,True,ARG.HL_20100120020856_EV,15003688,15003688
stead_event_01099,08436f6ab39aee443d00318b59b73d7ce921f73cee3e44c3bfd6fa2a2736d3c9,1,1,True,ARG.HL_20100223023658_EV,14324348,14324348
stead_event_01100,ccbea1dea78f2512e4f3a134d7ba0582785d24db7647b6dcc1887ee9e404e009,1,1,True,ARG.HL_20100326234643_EV,600090413,600090413
stead_event_01101,8e271232bd09309f4ecb7067f6cae2ee8d68ec052656e1e1d3bdf98ba53cedb1,1,1,True,ARG.HL_20100331133813_EV,15085928,15085928
stead_event_01102,3f584e1f509ead84122e966fc2c7bb19324ea07e44b01692888abbb56e956109,1,1,True,ARG.HL_20100428163505_EV,14624634,14624634
stead_event_01103,845a04bc7578344d25f0c7cb6c945aee8e54faa7f9314fd0d2b7341389a20556,1,1,True,ARG.HL_20100608194314_EV,14758125,14758125
stead_event_01104,f26ca9098d03e16442bc2bf777d84775ae7c75cfdcd8a240e5a9ccbf5ccca653,1,1,True,ARG.HL_20100801233315_EV,15898539,15898539
stead_event_01105,a4cdbea71e52206f21bcfe82559ea3a21b563a9b9cd4b744de14f6dd250e4062,1,1,True,ARG.HL_20100808021208_EV,15080018,15080018
stead_event_01106,473b00728231af32e5011b874be704647673df37beab4ab91c5c07880dec23ab,1,1,True,ARG.HL_20100822173232_EV,15808238,15808238
stead_event_01107,feef660b49612c63589c7ee23702828729d53b0ef2c88a280024f7cd0be1f6f2,1,1,True,ARG.HL_20100915043619_EV,15646503,15646503
stead_event_01108,b53674cbca8c4193fc97acbb4d5b9271836744d5c5502425fb597b10377f212a,1,1,True,ARG.HL_20100915044020_EV,15808819,15808819
stead_event_01109,bbfa11cb4f7d0c697ddf175ef8353eb2683762f63407a8becc80495b7bc21aee,1,1,True,ARG.HL_20101003075640_EV,15974813,15974813
stead_event_01110,02e0dd4bd12e879abdaf865a49c2cd36b908f320e09957e86724bf963ae2422d,1,1,True,ARG.HL_20101004085831_EV,15974865,15974865
stead_event_01111,2f337593283ce08f6888234b029e4d6257e348400d1eb8be2e5aa5ae127e114c,1,1,True,ARG.HL_20101010160155_EV,15975350,15975350
stead_event_01112,7a1a9680fa552d1df1395019211b993f616247049c346d06b70102a9ebd73821,1,1,True,ARG.HL_20101011182248_EV,15975416,15975416
stead_event_01113,6a02469c08dcb631462136a541b2d5b242236479f267d295cd0aaf9a2fbc7bc4,1,1,True,ARG.HL_20101019213226_EV,15976015,15976015
stead_event_01114,997be75aa28ae7658c4c0472dc9d009628c5b6eec59360b18b13d132f4d2a94b,1,1,True,ARG.HL_20101020002030_EV,15976048,15976048
stead_event_01115,22f0b797116fd692e77a1778636462f3cf9a561581168d59d53709a55fb19313,1,1,True,ARG.HL_20101104131147_EV,15520080,15520080
stead_event_01116,a533e9560c2bcfe2b5fbf6f948e713f97afd4d9d0d8f46b1c39e15adb00b11f0,1,1,True,ARG.HL_20101114183959_EV,16017320,16017320
stead_event_01117,7723891f2accb596d2a70aee2bb7a12ffb6c856ba4a5349e9beb09ce63325185,1,1,True,ARG.HL_20101127012040_EV,16319910,16319910
stead_event_01118,aaf92ca93f4f7733ccf1e59fe7d1b44e9f79110b3269d114e685ebe9f61c821e,1,1,True,ARK.KR_20101027105544_EV,15965576,15965576
stead_event_01119,40b70034cb59fe8f65e986cf4185368c58195f01d0e7691e0a7cff9e51f52022,1,1,True,ARK.KR_20101027105547_EV,15965576,15965576
stead_event_01120,81f0827bc17f406e799ef17835c61af5ef1cbbadaeb940d6d20d68207159f07c,1,1,True,ARK.KR_20101120112142_EV,16032681,16032681
stead_event_01121,ee95640a0237644ad5952e7e2b3b0c4114bdd1398952187da8b010b23afe1646,1,1,True,ARK.KR_20101127044137_EV,16158929,16158929
stead_event_01122,a06a005c8b63f1bff09a66926c344a084b6b8bc73f8ce29ccb6a2395d5f2fdff,1,1,True,ARK.KR_20101128202032_EV,16160529,16160529
stead_event_01123,646cbd7a21a8521528579421839355af3e42bc2e9d40bba3de65793237a9655a,1,1,True,ARK.KR_20110111121845_EV,16425081,16425081
stead_event_01124,21fb9626f9c9174ee6e774e528a0e2c19060f3d203f00879024b233cf92f6e95,1,1,True,ARK.KR_20110225033642_EV,16552802,16552802
stead_event_01125,778516f879be6d0368b6bc8b5f25b16a13ea38c8b70d150d6ea5e1ebf0284a6b,1,1,True,ARK.KR_20110225033644_EV,16552802,16552802
stead_event_01126,2ebe3f0468e50ab95cc987b1e6d623ecb9416d4cb2d8d60ac14bf59c411993d0,1,1,True,ARK.KR_20110820222608_EV,17544829,17544829
stead_event_01127,841a3816a4021755ab5f3b1e40d8393ded6f40926aacf3210e12d333208cb444,1,1,True,ARK.KR_20110905082221_EV,600015024,600015024
stead_event_01128,a365a48602da85fba03a7c42fe68f57ad5510ed03f496e8cdbab62fbeee2037b,1,1,True,ARK.KR_20110905082223_EV,600015024,600015024
stead_event_01129,908d1d9ed1edfddba6e152c443a031e356aca7b83259cdcc04803fc1868fc7be,1,1,True,ARK.KR_20110905082224_EV,600015024,600015024
stead_event_01130,4948f0f6f40000e31daa82db01328c95d5b0d81404e93f58bc51ab1ba73fcd0a,1,1,True,ARK.KR_20110908144305_EV,600056444,600056444
stead_event_01131,42f497c157c118fca9c16897ec3c8dd5e87e2e4e731816ddc04e9025ef0bb37f,1,1,True,ARK.KR_20120212214521_EV,600668598,600668598
stead_event_01132,2abdce9030128af58b21f5b7b98d5527ba7edeeb2b3cc0c0fba696e04047050b,1,1,True,ARK.KR_20120311194820_EV,600821344,600821344
stead_event_01133,8db9c1a37adb0f8fb83cfd630928eeebf43f4633f869081bc6f62cedb248cc31,1,1,True,ARK.KR_20120422213952_EV,600981804,600981804
stead_event_01134,635974db286c978842ecf0c175c6fb26c39c5c276967abcd74b1fc1b284aef79,1,1,True,ARK.KR_20120510172529_EV,601032756,601032756
stead_event_01135,836f51c7e7471fb2f2ee139ad074cb396c4aadcff2aad9d28be795b20f74193e,1,1,True,ARK.KR_20120510172532_EV,601032756,601032756
stead_event_01136,1a5ee05c2d2dad5f102c98bafcfe335992ba5494f9932d2cadf8f2f7c05795a4,1,1,True,ARK.KR_20120916015555_EV,601768484,601768484
stead_event_01137,61ff1e5fd89d5aa503ba90a775783c085f463ff8650ee8f187ad7e64378c2a6b,1,1,True,ARK.KR_20120922221501_EV,601792378,601792378
stead_event_01138,10cc8093a5ab32e7b1323517a0b58ed67d57538e63b237f5e207f2494c6fba49,1,1,True,ARK.KR_20121021073557_EV,601869704,601869704
stead_event_01139,61119f686a65eaca9ca0dc279e559cb4934b79dbf2d64347c95208165314f103,1,1,True,ARK.KR_20121106233706_EV,601991496,601991496
stead_event_01140,6f3b591d7285891b16a150253f7bb3f6e55a448386fafd5a982edbf16262da9c,1,1,True,ARK.KR_20121114081605_EV,601991944,601991944
stead_event_01141,0e8f2cc1a001971c0b401c0c4b0e2f2f30197545ad0c6c341bbf2824f012dbec,1,1,True,ARK.KR_20130114025312_EV,602356857,602356857
stead_event_01142,5ad38180f4c834b5cbec7152ab50f79bed1cf44b12fa122c5f34dfe627a3642b,1,1,True,ARK.KR_20130209032528_EV,602566154,602566154
stead_event_01143,b7a47cba8c265793dacc84d07419e15606e52270c514a58501535eba6ddd5fbd,1,1,True,ARK.KR_20130217081852_EV,602445075,602445075
stead_event_01144,0a0b6b26d35ca50b3ae9810632d9b11d4226f24ddae6e6cd63b0ed0eb56f6ac0,1,1,True,ARK.KR_20130217081853_EV,602445075,602445075
stead_event_01145,ba81ea0b3c7e51301a8d8e3956fe406649c0453b723ac8452e57804e197cea80,1,1,True,ARK.KR_20130312221840_EV,602736067,602736067
stead_event_01146,8ac1bcc4d790e7a33bfd2bfcaacccc66f7d4a7d3e5d5b7c1d036a50129a01ef4,1,1,True,ARK.KR_20130314000955_EV,602748753,602748753
stead_event_01147,7028a49f7ccadfe3c81b1737e37cc4336f1cc35e6cee0df47a5bd5e37fce7034,1,1,True,ARK.KR_20130314000957_EV,602748753,602748753
stead_event_01148,56b05091022c749e073057f3429cf371aa0353c4623a53ed6f027cfe415e4081,1,1,True,ARK.KR_20130314000958_EV,602748753,602748753
stead_event_01149,b030e24506b5268a08308234baf52a38d51cdb13ef08893efa0d027812fddc51,1,1,True,ARK.KR_20130417050543_EV,602917692,602917692
stead_event_01150,be99d8dc4a45863bc191cab8e9ddf8d7434e6579e42add5944c9cb7ab61b6da8,1,1,True,ARK.KR_20130615122236_EV,603982656,603982656
stead_event_01151,88a8ef1d9899f1092468a96dd9968d65c2d682ed38380c0cde9708ef2734c7f3,1,1,True,ARK.KR_20130707233610_EV,603983905,603983905
stead_event_01152,26b9d5bf6577004b99dd12364c96fe74cf3f6413a9d8f80cd8dc957d359cd923,1,1,True,ARK.KR_20130709035715_EV,603984303,603984303
stead_event_01153,53c976450be34ba9524e6886d898436754c5e63b383339cc8c1b310cd0b45182,1,1,True,ARK.KR_20130709035717_EV,603984303,603984303
stead_event_01154,8bc896e69ed2940ac6513737ed8dd07088a36b6e8d27bd58b44673a9fe468e8d,1,1,True,ARK.KR_20130730024917_EV,603985466,603985466
stead_event_01155,0d1cd15ac40138dbd3132ddefdc391fdb7ead4b9708e4bab0dcf428ae2ab90bb,1,1,True,ARK.KR_20130730024918_EV,603985466,603985466
stead_event_01156,c719ca6318872d498fd699209fdb052d75653e5c3bed5ebbf5f5d0dd97b0d3d1,1,1,True,ARK.KR_20130730024921_EV,603985466,603985466
stead_event_01157,cdb30d16f5fc9d0f4a438db96254d02b45e8f19c5353c9c0b0f2142f9d37d87c,1,1,True,ARK.KR_20130828103317_EV,603986831,603986831
stead_event_01158,c1e2b060d79f7a3268b40f38571af94ce33c5de4575d4ea52c4078770f4739ad,1,1,True,ARK.KR_20131029054803_EV,604103199,604103199
stead_event_01159,2aea4388d4dd514674020d740cd21b6525487f9325ff007f0528bbb201bb907d,1,1,True,ARK.KR_20131119065502_EV,604104174,604104174
stead_event_01160,a1f151df3827a2c6433cc19e14db85308a13ec6f3d8ee42c83b966c60790b4f9,1,1,True,ARK.KR_20131123061803_EV,604104325,604104325
stead_event_01161,4f3edb720269e4be1b3fd71104240dd65bef6c2ff483c9d5717569fe1fe26d38,1,1,True,ARK.KR_20140114131107_EV,606183731,606183731
stead_event_01162,bf7c7fc9d732f7c8e22b104ccadee4b968ac0d979cdd84c37eeda8387130717a,1,1,True,ARK.KR_20140331084206_EV,606442386,606442386
stead_event_01163,e12f40cc7c903020b6eeb703f8dca381ba3b50f1072d27be4042953241b3f5c6,1,1,True,ARK.KR_20140516061836_EV,606444533,606444533
stead_event_01164,c51354362721cd00ac5ebcd05160715115bd7502c00ad561ae191831a1223b49,1,1,True,ARLS.KR_20100823124924_EV,15188226,15188226
stead_event_01165,b731c7bfe9b3468a0943329a94f8ce5dcd77762bdb03e814d0c01ff606cc8c74,1,1,True,ARLS.KR_20110130153954_EV,16484107,16484107
stead_event_01166,7c7046e25cb31b7f02c8333aeae3ce875a83b58d16fbe0c958c0eaf61fbb6386,1,1,True,ARLS.KR_20130109000459_EV,602356054,602356054
stead_event_01167,c95b9f5103986b418e1045bd061d58174cce7f52804e323c4e93e4d70e08fee7,1,1,True,ARLS.KR_20130519154307_EV,603981364,603981364
stead_event_01168,61954d1ca0dd6af326a6c9805f9dd46f2b64043ab49a3945006caae5bce0131c,1,1,True,ARLS.KR_20130711132347_EV,603984450,603984450
stead_event_01169,2bb09b4c11bc85dfe1c0c4ae695a44eb04515e11f86dda24d44863af9a6b10ce,1,1,True,ARLS.KR_20140428143113_EV,606443708,606443708
stead_event_01170,d3338ab718036fc76f65fef6d0d849abf93fc6ad2410e741e2632e192dadc8f6,1,1,True,ARLS.KR_20150417182033_EV,607724131,607724131
stead_event_01171,5d04e1a8a086ef818e84a9a3401cece24db6ee739dd02b3a4cfadad2bb1334e5,1,1,True,ARLS.KR_20150430080054_EV,607724652,607724652
stead_event_01172,24cefa0ebfbe53b78b5be51b734174e2252122be319b1477964cdcdec1ba4b9b,1,1,True,ARMT.KO_20100802171645_EV,15898586,15898586
stead_event_01173,ace67e1c1c61a8c2b963bee0c2cbe4456ebf56673adbe8239448244b7e9e1192,1,1,True,ARMT.KO_20100819080421_EV,15899135,15899135
stead_event_01174,14b774b231ef38133965a889aaf914ab288f2e83bce5d1f08156f43573bfe742,1,1,True,ARMT.KO_20100915132559_EV,15903282,15903282
stead_event_01175,f6b963c5736165cb8571a65ef0f77d396a3cd484ab195f7245a87157b90a6013,1,1,True,ARMT.KO_20101102134135_EV,16318885,16318885
stead_event_01176,9a5b4b3598fbc2defb4d3eed33ee75c3a61d9b48be993cc61a0289ad5e99bcb4,1,1,True,ARMT.KO_20101106031028_EV,16319041,16319041
stead_event_01177,7f57d38e840340c99e5c194e76ceb98620667a61a75dae2f0927b14507337869,1,1,True,ARMT.KO_20110802023137_EV,600012958,600012958
stead_event_01178,97fc8d4e779444f457dd71c00c4c32c4310adb53697f9d597f5fdc9e70a5dcfe,1,1,True,ARMT.KO_20110808225548_EV,600013212,600013212
stead_event_01179,5cccf7b6073d3009e0620edfc346227246b9da5a5b63d308262b94a42ea65e67,1,1,True,ARPT.NM_20140621223930_EV,nm610425,nm610425
stead_event_01180,8e5a5da1d5ba7500f40ccc36ab53985605c038050675d3abca5249fa0c1f2648,1,1,True,ARPT.NM_20150402035139_EV,606963938,606963938
stead_event_01181,e95859cefbaef727f8087624cad58b2b9d6b2cb7e52720174556d83a96fc229a,1,1,True,ARPT.NM_20150402035142_EV,606963938,606963938
stead_event_01182,6e4b55b673b3db39e561586560cc93d6b090c7e2f77881a619e5e3486274e0ea,1,1,True,ARPT.NM_20150402035143_EV,606963938,606963938
stead_event_01183,399708f8b42110b85aacdc23b8e8deaf4a553261eb995e4bbb3a9377bd933e2d,1,1,True,ARPT.NM_20150402035146_EV,606963938,606963938
stead_event_01184,7f966b9dc9f9adfe5573d43aeac31b1c14a23140412726c63a163fed1bbd5198,1,1,True,ARPT.NM_20170417110723_EV,nm60160937,nm60160937
stead_event_01185,275c4263e269c3e9a3eb0c95cd7eab138265357a64c3028af6f488e8c327cfa9,1,1,True,ARSB.KR_20100113065707_EV,14573046,14573046
stead_event_01186,52c882d579209a3ec6e0e3872c44481a40b095d59e51f9da67c68c7efb6a8aff,1,1,True,ARSB.KR_20101028090737_EV,16016728,16016728
stead_event_01187,e18dd018eff803baa549aa9817b03173a7e77701b3577907f5bf8f33c551b3df,1,1,True,ARSB.KR_20101111145333_EV,16017215,16017215
stead_event_01188,df468ae6db0c8f71850bed04d996d8ee264be12340751c7cdc52cb589b5bc5f9,1,1,True,ARSB.KR_20110811083842_EV,17530115,17530115
stead_event_01189,c8793d6204bd1afd76b26604366bca9552f0ab77d13f8ce5ab99160e7a02031e,1,1,True,ARSB.KR_20111020080927_EV,600205341,600205341
stead_event_01190,f8a9b22444ebe955b23b92143b75cbdf9a7a26f5ccd2596287bacec446a5d08c,1,1,True,ARSB.KR_20120201123428_EV,600661370,600661370
stead_event_01191,6d6382f35af5549789064fe569b18d5c1c99ef5f28404552089d98f52e4d4242,1,1,True,ARSB.KR_20120220022349_EV,600676076,600676076
stead_event_01192,fd41adf588b4ed9cf114efadc91ce7fa902efbd48956b4abf3f311f181a991fe,1,1,True,ARSB.KR_20120220022352_EV,600676076,600676076
stead_event_01193,1a8d8138a8aed54ec652741c926bae6703d059e73460c20620c563bd425e2b72,1,1,True,ARSB.KR_20120220024003_EV,601231538,601231538
stead_event_01194,62134963f023f2ee8bf631b3b373a752356eed7e6e19e0df6ee03afc0c982cce,1,1,True,ARSB.KR_20120221215435_EV,600703403,600703403
stead_event_01195,ff9ecb352d3cbe86ca5b01e4ce33024dc2cb427711804640fc04ec4d0280183f,1,1,True,ARSB.KR_20120221215437_EV,600703403,600703403
stead_event_01196,9b79a977028f72b8687ca1d3cb1201932341507f1c3f07f8adc9a4004e663ad8,1,1,True,ARSB.KR_20120602004255_EV,601224566,601224566
stead_event_01197,758ff0790c8e0b07eb0b740e129a498618db52d3c50e370940835fc849697820,1,1,True,ARSB.KR_20120602004257_EV,601224566,601224566
stead_event_01198,f9b48e04eb4863349e8acb1cca3d6f3d514673ee7d0fb245c0947b512b98dbf7,1,1,True,ARSB.KR_20120608065823_EV,601170933,601170933
stead_event_01199,e13cf18ded1ff3c060b1a4d6b0091cda5988cf725f5659da92ed46b1297ad341,1,1,True,ARSB.KR_20120608080055_EV,601170938,601170938
stead_event_01200,bdd953aa539624645129b81c1af55a1e618a6c56fcc7f12a592e04ae6ba6ee45,1,1,True,ARSB.KR_20120608080100_EV,601170938,601170938
stead_event_01201,9490920d0f61b76343831af67b7a3b4e3ae8e9c9f892ca4733e0405193797db2,1,1,True,ARSB.KR_20120608081054_EV,601109598,601109598
stead_event_01202,60fbb7605d62dc0ed0b4ff2cbf0f094477d88403f844902279b3409ee2b8b9af,1,1,True,ARSB.KR_20120608081057_EV,601109598,601109598
stead_event_01203,5d9a9537c471a702948f2b403fcce49779c89f58999f20ad39f8ad259d0c3e8a,1,1,True,ARSB.KR_20120615044835_EV,601122006,601122006
stead_event_01204,6968f9fdaa5e64d3d5b45db99df63e9f95709879b7ac9359b9bfcad8ede83548,1,1,True,ARSB.KR_20120713174421_EV,601276193,601276193
stead_event_01205,f47906c137b68e4a70f73c7f5e92ac5a012d21c9af28da480085b0781ee5660c,1,1,True,ARSB.KR_20120713174424_EV,601276193,601276193
stead_event_01206,191ea83f3fe026abc5b1c586aa6faadc35a13d7a292980b1481d99a114c8dfbb,1,1,True,ARSB.KR_20120725130344_EV,601531700,601531700
stead_event_01207,fb01e2515cedd6e9b9818dde7d58b4b1283985b7ce01ce110ee581fdfb490b5a,1,1,True,ARSB.KR_20120725130348_EV,601531700,601531700
stead_event_01208,b79a6705ae9316a5fb3a15594c1e7a0cef9dc48e5f735fd9307a7502dfd7c923,1,1,True,ARSB.KR_20120831102018_EV,601713915,601713915
stead_event_01209,30738abe3c702901fc81a1c7069630e21fe79291cc0dd68da7e61fcd35e0c56d,1,1,True,ARSB.KR_20120929213503_EV,601769282,601769282
stead_event_01210,4129979bf97f9801c9c386557af1b8acef1e5ca68902190cd58105d9486f4aed,1,1,True,ARSB.KR_20120929213505_EV,601769282,601769282
stead_event_01211,ce58e089a01a06a6b9aa5be3487b4e4d3e641873f3a65bb0586fbcb560bedcdb,1,1,True,ARSB.KR_20121008003021_EV,601840298,601840298
stead_event_01212,1f3eb5929d3d20be7e9c5ee7e8905cea13464adc3273531bfca0d249f2993383,1,1,True,ARSB.KR_20121008003026_EV,601840298,601840298
stead_event_01213,6ab44e8c507698e5eb95c7a57a4667b8bfb1d03793bdd65a12b68e6b0efa5580,1,1,True,ARSB.KR_20130112023412_EV,603273129,603273129
stead_event_01214,10408016281efde316f29ab11c6d8da7bbd6e2c49493ff764eb58b63c3233024,1,1,True,ARSB.KR_20130112025439_EV,602356222,602356222
stead_event_01215,6ebda9b376933d4bd6c4297e905c12112b62b4d781bf5425bd3ee5beef88e400,1,1,True,ARSB.KR_20130115042523_EV,602358359,602358359
stead_event_01216,e61b77d5fa0d97e2bd61672d1cb0f4c05b9d134353691243a509feee04251751,1,1,True,ARSB.KR_20130221123113_EV,602583922,602583922
stead_event_01217,b7ab4aca2b79b1f6b30b4fd50764f86939559573a44121ca0d1c37248c1adb47,1,1,True,ARSB.KR_20130221123114_EV,602583922,602583922
stead_event_01218,f95b69f6f5d1980a6b8072726846570ddfdbfb02df131eb4f81c4405fa0790bf,1,1,True,ARSB.KR_20130227235250_EV,602560580,602560580
stead_event_01219,21a8c63f0be3800c05f99bacd1c676435d3f82cd578bd44ca6a6529dc70f7ceb,1,1,True,ARSB.KR_20130227235253_EV,602560580,602560580
stead_event_01220,6d44c77e93f208befc90afdd9968c133edc33e5db676959092838674c27a9a78,1,1,True,ARSB.KR_20130323194235_EV,602761323,602761323
stead_event_01221,aa50f5a5263c302d25e51d3d03e1bbd50df8087cc6836071e8d5e1f07ffac58d,1,1,True,ARSB.KR_20130323194239_EV,602761323,602761323
stead_event_01222,3b7348ba275144960e4e07b9f5d6ccecfaece27290ed7fb41d2d83cfe7d06a67,1,1,True,ARSB.KR_20130517102535_EV,603981271,603981271
stead_event_01223,9ef2662d16b195ec84adcea32a267600c6e8c4277be6d27e89daa46ee0f4411e,1,1,True,ARSB.KR_20130518194317_EV,603981335,603981335
stead_event_01224,361db2d23f2116bd735c15c5844b2aaa1cd9d2b937ad4028fb62e17316030136,1,1,True,ARSB.KR_20130518194320_EV,603981335,603981335
stead_event_01225,49e0e880d69187a9315c90011becad785e2c969f4329cdddc9a764e4b11f242f,1,1,True,ARSB.KR_20130715153737_EV,603984761,603984761
stead_event_01226,7712fb86b9fdda00e85f03745b8ce87f0b504d7f1b29ddeeb995c8844fc0d49b,1,1,True,ARSB.KR_20130715153739_EV,603984761,603984761
stead_event_01227,744e02b98dcd6b84136e30fdbcdf4cc210ba9f6c0dda0c4bd5da387b2d8e07f4,1,1,True,ARSB.KR_20130909010344_EV,604100830,604100830
stead_event_01228,bd3b2df60e54dba4c30c70a5af3ab9bf2f818242d29cd4cd438dd72f199c63e7,1,1,True,ARSB.KR_20130913154713_EV,604101080,604101080
stead_event_01229,3a36eb4839df651d8e2ae2dbc40d83b672d0aee382f368a2cccf062199ef1ac3,1,1,True,ARSB.KR_20130913154717_EV,604101080,604101080
stead_event_01230,3b4494e0073534f9d23fc922168e981ce5d07400c29640862d51ff3dd5b6dc9a,1,1,True,ARSB.KR_20131104075723_EV,604103514,604103514
stead_event_01231,2aeda780cb6f7ec1c231e4d470c7e160e08891482bfea7abefb945fe48634332,1,1,True,ARSB.KR_20131104075727_EV,604103514,604103514
stead_event_01232,c90f1ec279697ca9a205d727abbc4100fcb36449b80785022b24cffe132f67eb,1,1,True,ARSB.KR_20131116165402_EV,603794892,603794892
stead_event_01233,c42d93011b1766c4fc9e70460792be65ea4e69b44f996b1236bb0497671e8b43,1,1,True,ARSB.KR_20131116165404_EV,603794892,603794892
stead_event_01234,0bed7d24b14805af5947dc398b5a1f025900057628a490363999631b77d09f42,1,1,True,ARSB.KR_20140126152718_EV,604009333,604009333
stead_event_01235,5c86a7d665c293c72f15132deb3d6e7780bbd193ad385fedf66af2d67a4efaaa,1,1,True,ARSB.KR_20140217134851_EV,604056056,604056056
stead_event_01236,62f896b482852bdacb4a65070dd29703b070079d4809a62c8bc8a80871b7e050,1,1,True,ARSB.KR_20140317034441_EV,604172026,604172026
stead_event_01237,4327744cc573c516b6904614cf707fb2eb588ee86153e4e69522954745702cc9,1,1,True,ARSB.KR_20140319004003_EV,606441778,606441778
stead_event_01238,042f68fb301f9871b015523f9cdbd660948c507f482d19c5842dc187640cef84,1,1,True,ARSB.KR_20140319222050_EV,606441833,606441833
stead_event_01239,a843096b088dcb6334b72dbd0118f97f86cf850af3591eeb0c6ac9a21a51051f,1,1,True,ARSB.KR_20140410042433_EV,606442850,606442850
stead_event_01240,91035bd73bbed9e82759fda9a7d55c58e1aa312ae17be4c76e9c51c24fa0bf92,1,1,True,ARSB.KR_20140414054746_EV,606443015,606443015
stead_event_01241,63505d971f492596013a20f4543eb0feb1331d21f4788f558b2a3c86ffeefa38,1,1,True,ARSB.KR_20140420153208_EV,606443318,606443318
stead_event_01242,cc3f7580fb6b64ff03b61f2d2bacca28474b8fdd5ae5c12c072162b8b25ceb1a,1,1,True,ARSB.KR_20140501055424_EV,606443840,606443840
stead_event_01243,18bc52c70deee128647c63426bdb1b946b4948bfe560680fb5c35dc44bfb79a9,1,1,True,ARSB.KR_20140612030757_EV,604725260,604725260
stead_event_01244,8570054569d329c8ec2c760c1e43af31200dc065424af85ec2484c0c9d2ec6af,1,1,True,ARSB.KR_20141108052232_EV,605672667,605672667
stead_event_01245,9079bd8c1944ed0026a8f6f60af85dc239bb916708c8a37e7024e3511b0dc8e7,1,1,True,ARSB.KR_20150105042536_EV,607719471,607719471
stead_event_01246,7f553ba9c467de9454dda6ea1a8f01b198933c7fee9575c7b18a8c75059ee5b7,1,1,True,ARSB.KR_20150105042540_EV,607719471,607719471
stead_event_01247,1cb7a9d804c9cf99b74be71757abb9879e383f4e099a28ae2a34b179fc4b32be,1,1,True,ARV.CI_20110221002555_EV,ci14938052,ci14938052
stead_event_01248,50dfe76af5703120da3e276746ed92632948c31939ba9f6298b7e5d97f63e7eb,1,1,True,ARV.CI_20110508055912_EV,ci14981444,ci14981444
stead_event_01249,c05afd3e94a2fd7303079774fe370f7e5815064375ef7c3358d524dc4ff8dd2e,1,1,True,ARV.CI_20120521104706_EV,ci15152793,ci15152793
stead_event_01250,cb69f7d2714e67529fbcc485c627b39909b813a5535625bee52967f164a3d193,1,1,True,ARV.CI_20120810115957_EV,ci15190441,ci15190441
stead_event_01251,5c8e4c22163a42274d858cb49a75f19097940806b2c58a65a6b34be2fb96a5cf,1,1,True,ARV.CI_20130722173429_EV,ci11338050,ci11338050
stead_event_01252,1df98519bdda6990b2a68fb036f0816a8f5750b44c7c462f91144b0d5c3cd280,1,1,True,ARVD.IV_20060520091908_EV,8358327,8358327
stead_event_01253,5c993e36d1dd05b1f45c46c516b55b92340f508bad56b1a6f9c2501dddc3dcfb,1,1,True,ARVD.IV_20070209175105_EV,11499509,11499509
stead_event_01254,9b7d0655357ca3bcd5abe5f99b3fbf419633f00172a437a6ce4a0eac4c9a900e,1,1,True,ARVD.IV_20070420090333_EV,11930027,11930027
stead_event_01255,4a5ef2fa367620bc540b94ebe910f3d616175e52a47234440e03d0dba90fd67d,1,1,True,ARVD.IV_20080529004954_EV,13894230,13894230
stead_event_01256,1c30508d46cef9bd6795036bfdc45d03e586073cd95ede1f471526b7e7e05e75,1,1,True,ASQU.IV_20081018183527_EV,13898373,13898373
stead_event_01257,408b167142b710242944a05df10123d1f574a586a36562f2160284f9038d53b4,1,1,True,ATAL.HA_20080331113649_EV,13500707,13500707
stead_event_01258,d76fc838cfc5a8f444f50b6dedf27ef922b24b378aaf90163934a695c4b895de,1,1,True,ATAL.HA_20080613175546_EV,12921036,12921036
stead_event_01259,2dc65e621293ba1f63ac1f369058d02d4a035b754d5c4fab4a40ad382a8d27bf,1,1,True,ATAL.HA_20080619061217_EV,12921310,12921310
stead_event_01260,196346571277635f27be3bd4553c08e2e1e56609ec9f6b13bfa2e02dde9b8963,1,1,True,ATAL.HA_20080625220552_EV,14593988,14593988
stead_event_01261,bf1df5c2d2352e23c901ba322d2c5288125ee97b57d7363dca9bf0e3174a8490,1,1,True,ATAL.HA_20080627132159_EV,12921588,12921588
stead_event_01262,205f68670717d56c2e9a773e43324694edcd2f6173e584d1b15336fde2245208,1,1,True,ATAL.HA_20080629220146_EV,12921657,12921657
stead_event_01263,8a8a04f1da1ba23c6169cc892826843300059ae8cb4b336115290d7e31058a3a,1,1,True,ATAL.HA_20080806210755_EV,12099731,12099731
stead_event_01264,121cdec4ecc7a0969021c828bd5c41ef4cbcfb8660595626a6174155c253c464,1,1,True,ATAL.HA_20080813002854_EV,12099896,12099896
stead_event_01265,8fe1ca84d9f0e51c8685a6231068752a0d95d4a7b941b5654b414f28073c859d,1,1,True,ATAL.HA_20081014072614_EV,13397029,13397029
stead_event_01266,30b0a91d7f4bd1c3ea62b4121ae6195a75dbc820ed3378addf439f5394838308,1,1,True,ATAL.HA_20081017212537_EV,13397363,13397363
stead_event_01267,56fa3d1d77cff1e3d45da5568d21c3396711b44cee74ad0222addac535a00c96,1,1,True,ATAL.HA_20081023070912_EV,13397870,13397870
stead_event_01268,f07d2050d978ae58c5640f364b95650cd37f0d54fcc920a2c01b7c8e93d51073,1,1,True,ATAL.HA_20081124115159_EV,13401010,13401010
stead_event_01269,97671f603917ae759146a06c1af5dfc175331ee092ead0775d4999b921a80a12,1,1,True,ATAL.HA_20081125152247_EV,13401087,13401087
stead_event_01270,5a2cc868dec083344ae9bb4d05e472f641a019e1f9fb94bdfc91a1c006b58a45,1,1,True,ATAL.HA_20090108151232_EV,14188784,14188784
stead_event_01271,b68d27ff53e2794ec9b0484a7c6e9924f496bf37e8dc31a88e9de0dcc20da90a,1,1,True,ATAL.HA_20090121114921_EV,14189018,14189018
stead_event_01272,136641d1b25697da2e6e77d73978e9704a5d40958cac9ce0796b395f6cd4e1ec,1,1,True,ATAL.HA_20090223000011_EV,14189804,14189804
stead_event_01273,6bdc123caba12e23b4141dd7610b114ed70388eacca5d749a8f4fb6edfb8f871,1,1,True,ATAL.HA_20090331201316_EV,12636051,12636051
stead_event_01274,59c93f0c19f2a1131efe1ecca7da3ccd983128cf4487dad69364e3fb3cb1f1df,1,1,True,ATAL.HA_20090418081817_EV,14191157,14191157
stead_event_01275,5e6677067e4ba15c371bb8d95020f683ce0b9fdd84ada295feabb2417e691203,1,1,True,ATAL.HA_20090529174729_EV,13679914,13679914
stead_event_01276,ceba7d54e031f58ffba33c244b3b46feddcce7e4b1204ce08f9c4d31939e0398,1,1,True,ATAL.HA_20090618083051_EV,14306213,14306213
stead_event_01277,bd30048a216ec1aa0266b17306ca4490377ad477ba28e4924233b78d80f4f0dd,1,1,True,ATAL.HA_20100829005158_EV,15139283,15139283
stead_event_01278,3112c1ebe4b7df1d914b1871ce4d7da1787f8c3ffa7973c41dfe4ee9020d151a,1,1,True,ATAL.HA_20101109120456_EV,16867667,16867667
stead_event_01279,af1f31a92c2313326643d7d0dd56a59cdb3355a4ac9c04fbedb285d31f7eaae2,1,1,True,ATAL.HA_20130129232919_EV,602726488,602726488
stead_event_01280,e350e9e68fd65a7d4aa8e03ac331119289da17cbdca1f39ed502f30aa325d4a7,1,1,True,ATAL.HA_20130129232920_EV,602726488,602726488
stead_event_01281,a10fe01412f5b2112e939c95e723cd479e39a2ce609b2634e65fd421bcc0597b,1,1,True,ATAL.HA_20130130042721_EV,602359420,602359420
stead_event_01282,94c924e9cf0e6234472537da507a258026b0b6f1cc2ba9137e6d409226ed14a7,1,1,True,ATAL.HA_20130130042722_EV,602359420,602359420
stead_event_01283,d84681194050df09aba2cc1b702841d75b7aca426f221c4aa554737e34459110,1,1,True,ATAL.HA_20130130042724_EV,602359420,602359420
stead_event_01284,011da7e47f27c1d7386cee9c8d7c622db99c3735e5d88da949443a0bbb86986b,1,1,True,ATAL.HA_20130130042726_EV,602359420,602359420
stead_event_01285,be9e1afa7e22dc63841db221327de0b07afa8f4e4a56feeed3759d80ef66f9d2,1,1,True,ATAL.HA_20130624124304_EV,603807476,603807476
stead_event_01286,43ff5cc41b39b5488d352cb897ffc680b684e68d68b38b9763c25a04b3a4b6b9,1,1,True,ATAL.HA_20130807090242_EV,603308684,603308684
stead_event_01287,17d9c4ca846aa38c3b71b2c4a13dcbdf80a5d5f7f8402d0b7a86ac323ac56290,1,1,True,ATAL.HA_20130807090245_EV,603308684,603308684
stead_event_01288,1fa477ed8c85349008e072d080bedadc5eddfe626504f98033aa830d81459e05,1,1,True,ATAL.HA_20130807090648_EV,603808388,603808388
stead_event_01289,626a13558c72d64614adee1bb088ab8164dec646ba0e1ba2869a92ae053a6e43,1,1,True,ATAL.HA_20130807090650_EV,603808388,603808388
stead_event_01290,6af2f64a10fb254b068b4adb6553ecbd3b531c3bd30060e4a908d9ca0d234551,1,1,True,ATAL.HA_20130807091810_EV,603808393,603808393
stead_event_01291,f47cf2c18442029a9fbbb8dee269c877dac36f449a2e5bc51cd8647ae87fc0ea,1,1,True,ATAL.HA_20130807095152_EV,603808413,603808413
stead_event_01292,46fde69bcadc321ff0a39640a2dfebe4db5f90c5ee45aa4ae6eb10b53e5fe6ed,1,1,True,ATAL.HA_20130807100229_EV,603310337,603310337
stead_event_01293,8cfe07e76ef26cadd489461afa858cae38c4cac97fd6493fbcfbaff39363acfe,1,1,True,ATAL.HA_20130807123157_EV,603463302,603463302
stead_event_01294,20900d714788b828e2ca6b5ad29e50b93a363b526928bae8de80c535d8628c91,1,1,True,ATAL.HA_20130807134431_EV,608588542,608588542
stead_event_01295,638787290078b0bbce504f9836245ac5bd2b52d2966923aa74cba52b8bfbf50d,1,1,True,ATAL.HA_20130807134433_EV,608588542,608588542
stead_event_01296,c08d6d034afeba4eee28080cfcf8cff4ab207a2c40aafb0889e509332a56c78c,1,1,True,ATAL.HA_20130807143607_EV,603463308,603463308
stead_event_01297,67a542285babec9377f4ca0b02cca1e8fd752bb82eb9c892c5d56640e0cf50ab,1,1,True,ATAL.HA_20130807143610_EV,603463308,603463308
stead_event_01298,438ba74535031ac84f1decbc931ee81b3bbcb3a45ffadc5ce4b02b2f40909015,1,1,True,ATAL.HA_20130807151813_EV,603309053,603309053
stead_event_01299,c0468ad66b82ec317a2f6f527b09bb7b286857a8e1014c423b9b6fff3a872376,1,1,True,ATAL.HA_20130807151817_EV,603309053,603309053
stead_event_01300,2532c7497b39b135172a51750e64baf9be3e5ea88a59874ee7f51c9a7cb894fc,1,1,True,ATAL.HA_20130807160340_EV,603499254,603499254
stead_event_01301,4be167594b3def486279c6b0717394ff2933ab5967513b1de77b3ad42a89f82b,1,1,True,ATAL.HA_20130807160345_EV,603499254,603499254
stead_event_01302,e3a2c20fa79d989f971efdfb06cc19a84878fb44a82168cdb9999198ff9d0f62,1,1,True,ATAL.HA_20130807181947_EV,603499259,603499259
stead_event_01303,fdf265240134d24bfef4d0e80c476e1caf8ed9c6fad9149f35df123c52b6ee3c,1,1,True,ATAL.HA_20130807184426_EV,603808477,603808477
stead_event_01304,c69468b4005cb96ffce50b2e799875b0068533867f7b7311ef4afce9503409a4,1,1,True,ATAL.HA_20130807184428_EV,603808477,603808477
stead_event_01305,9734b0f9dd0759a74c3fe6c6ac86a645668c70f32c01a6b67a2cddf868460ea9,1,1,True,ATAL.HA_20130807195436_EV,603808481,603808481
stead_event_01306,ea0d427f87cd11771a7258ca6918460f6115d031db5d89fa990af6ed8f75b2dd,1,1,True,ATAL.HA_20130807200445_EV,603499264,603499264
stead_event_01307,22747df644b8f61ac9c7d453be0f36a5b949fc7b7c877914a39b87c8d6e4494b,1,1,True,ATAL.HA_20130807200446_EV,603499264,603499264
stead_event_01308,cd841d5b29829ae04c361161612ccbddd0434b97413e9ee8d594d4924a43bb0a,1,1,True,ATAL.HA_20130807200448_EV,603499264,603499264
stead_event_01309,1a8139e49d825a5af8413bb9f0b9cbd5db175504320a4e7ae7a0ac13a22c5cb3,1,1,True,ATAL.HA_20130807200449_EV,603499264,603499264
stead_event_01310,1838481a38203d638a57c385a39cc5f72a4d7de6648d684f4aecd72618c92381,1,1,True,ATAL.HA_20130808163530_EV,608588544,608588544
stead_event_01311,9203b2e8a0d4f191936e5d59abe2a4a81cef395695dff570d85edf49e2670efa,1,1,True,ATAL.HA_20130808163531_EV,608588544,608588544
stead_event_01312,ff6293dff04d7b688447dcd46336edaaf25e893b813cff8cb187480848db2f1d,1,1,True,ATAL.HA_20130809114954_EV,603808634,603808634
stead_event_01313,bfdb0fe57ee0e1b8c8b6c7803d301fa17bcdf345873dd0938b37a5a8c9995e81,1,1,True,ATAL.HA_20130809114956_EV,603808634,603808634
stead_event_01314,7d1e60218817e03a04f84f3601c5db147f28306000f31294b001d5c6eff04588,1,1,True,ATAL.HA_20130809131008_EV,603311525,603311525
stead_event_01315,94093b97e3190f9ea2c569270c400970e722a5d1b266b02e3af38865428ed959,1,1,True,ATAL.HA_20130809131009_EV,603311525,603311525
stead_event_01316,a6aaaae5e36730bf16255d87054cdc7f3eebeb02b8a929ccdccf266ee5110895,1,1,True,ATAL.HA_20130809131413_EV,603499328,603499328
stead_event_01317,8690591a2c5e4a047fde9fc117abdf23d0e4b791715c09c665814c0b55dec04a,1,1,True,ATAL.HA_20130809131414_EV,603499328,603499328
stead_event_01318,83c2c1b88cf561cba61b94aa4938890abeb8e3cdecf931f2f7f8453354749605,1,1,True,ATAL.HA_20130809192648_EV,603499336,603499336
stead_event_01319,afe992c1a1dc02402219724ada34df72e302a76e39e07ee3e155722352a26b4f,1,1,True,ATAL.HA_20130809192651_EV,603499336,603499336
stead_event_01320,8c78c22134183ae92a215b4ee4be046e7eb04909b9056094b2af26f2381381ca,1,1,True,ATAL.HA_20130810001954_EV,603808693,603808693
stead_event_01321,0a2b042d25791b11eb3322d6989f4490623186eef9a3a9b85f06e9fe8c7fcfa8,1,1,True,ATAL.HA_20130810001955_EV,603808693,603808693
stead_event_01322,f487af45c63c4cdaa8d15ab2d5d8b29499067981afc2d72f71b5ab24327ee61f,1,1,True,ATAL.HA_20130810050513_EV,608588548,608588548
stead_event_01323,a372f53dd41ca5fcc2ba2bc7611185ed2d4867563ef752c07b621ee2e5079c11,1,1,True,ATAL.HA_20130810050515_EV,608588548,608588548
stead_event_01324,9c43b067916b2ae6eb63f610b0eb523cc0f3a093e0c6ce2be9111a153a1f87c1,1,1,True,ATAL.HA_20130810070934_EV,603499356,603499356
stead_event_01325,4fbbbce14700942e641c5c9cba28da78b9341b5cc876f7be9dfb7046d4124cb0,1,1,True,ATAL.HA_20130814164124_EV,603335569,603335569
stead_event_01326,d539a35be3cb9c65e526cd110d609c89082afe3b87a086cf8ac2447727dc2c8d,1,1,True,ATAL.HA_20130814164127_EV,603335569,603335569
stead_event_01327,de390098e6dab6f3014d93e30dc68d392e93ec0ef91edb54247142512b8eb9fa,1,1,True,ATAL.HA_20130814171253_EV,603335451,603335451
stead_event_01328,8a20b63540cb6553ab5d2d7aa12646be91a16d08d3beb500f62194dcb0661a1f,1,1,True,ATAL.HA_20130814171257_EV,603335451,603335451
stead_event_01329,091ac70756607da9be6d87abc193648186d8c720f9e64bed5df216349e799bf2,1,1,True,ATAL.HA_20130815010327_EV,603499508,603499508
stead_event_01330,f1827c955043b6f3a1dd59a353492b42fbd88e79491b579a337d66163ecc61f6,1,1,True,ATAL.HA_20130815010329_EV,603499508,603499508
stead_event_01331,39059acfc6c779553cb6c36879023540c7dc6779b27bd00130f5ff89dcfdc929,1,1,True,ATAL.HA_20130818104250_EV,608588562,608588562
stead_event_01332,c38c508ef6e1496cccbf086ca664a6f157829f41ee2f0449cb1b7e60019a1d6d,1,1,True,ATAL.HA_20130818104251_EV,608588562,608588562
stead_event_01333,70b79090b5c994bb75ea12aabf25f158388bf073a3568b15a3eaa526562ef142,1,1,True,ATAL.HA_20130818163920_EV,603337785,603337785
stead_event_01334,52f08fd8341188a16d3cce570a93f3d75f5d2c8ca6814018c3b6b2a54ab3fa6f,1,1,True,ATAL.HA_20130818163922_EV,603337785,603337785
stead_event_01335,42084cd295a9dc4e6122be761236bcdaff6af9e5501edf498a6f0eefb5316918,1,1,True,ATAL.HA_20130818200840_EV,603463919,603463919
stead_event_01336,c30784890cecdc1fc9c2fb08ac0db67b3760e5fb2dbad2824f39532152e39751,1,1,True,ATAL.HA_20130819033228_EV,603808946,603808946
stead_event_01337,1a883ff4ca20b6f0d7e3ea818fa8b591803482fbb494093c23013f989ccc4752,1,1,True,ATAL.HA_20130819033231_EV,603808946,603808946
stead_event_01338,c73cb8107344054c6ea47e8c735e584b4abf7121d2f8d433a60f9bb2ad6981ee,1,1,True,ATAL.HA_20130820175118_EV,603808979,603808979
stead_event_01339,2ff23b5bb58be52324cfa356f01d91f66a64e1e476e3cc5d5f1d40eaf8b0b901,1,1,True,ATAL.HA_20130820175119_EV,603808979,603808979
stead_event_01340,b41b6f3f75880ae317ae3640aa49c678c6f6290843939feff4205ddbd2f954d9,1,1,True,ATAL.HA_20130902044019_EV,603758707,603758707
stead_event_01341,03ca28bb83a13eb2c74971071a30a5023a1c2e16cba5308c703d3ba3156d65fa,1,1,True,ATAL.HA_20130902044022_EV,603758707,603758707
stead_event_01342,76a3d732cd696bcad84270fea97cda175aeb44d9ac8906300ca9bcd524e189eb,1,1,True,ATAL.HA_20130916144236_EV,609059607,609059607
stead_event_01343,18f0dd15457ea19c5380a2cb9187e626fa19853b9d4564d9a9cda6601222fb0f,1,1,True,ATAL.HA_20130916144239_EV,609059607,609059607
stead_event_01344,26170b3cfe5f94ed67a777a6c310325c0b429c66e485bebb61eadf0304307d2d,1,1,True,ATAL.HA_20130916150111_EV,609059396,609059396
stead_event_01345,85f2ff586bc341e065355e53bde7c8b2598376991f4bc0cb569ebc2dd64e97c8,1,1,True,ATAL.HA_20130916161306_EV,603809489,603809489
stead_event_01346,8eed60c638373a8db19436ea0dce2d6e82c240e84804b1ce2700db7ad8de351f,1,1,True,ATAL.HA_20130916161309_EV,603809489,603809489
stead_event_01347,8d6918e44b0886eb0301e0dc1e7f28c11c90da31907760d1d20286c104dbb58a,1,1,True,ATAL.HA_20130917073942_EV,603438465,603438465
stead_event_01348,ef4b0208d22de80d51eab611cce27c764732bef4514093a12cc0fbad4ddd37c1,1,1,True,ATAL.HA_20130917073943_EV,603438465,603438465
stead_event_01349,b79025cdd16d8b82d4202603924dea6f44e24117bbbed70863cf309403d68670,1,1,True,ATAL.HA_20130917085246_EV,603759349,603759349
stead_event_01350,1f1c714a898f94027072a41a41d6e7a5d5958705faa1c446d8b16bb06ac3ae40,1,1,True,ATAL.HA_20130917085247_EV,603759349,603759349
stead_event_01351,c9a0dee42444b032279585c0dd304c0af319181047798abc3a2b56fc048538cc,1,1,True,ATCA.IV_20120905170607_EV,601675884,601675884
stead_event_01352,d3a46d804f5fa803dc6daa787836a7b1bfce4829a9690001b8ff902e3dffabbd,1,1,True,ATE.FR_20080301214344_EV,13478675,13478675
stead_event_01353,4fa38d6ab9647507907c9afaeb00a2a30e3163f092f4e67c0c11275d090a4517,1,1,True,ATE.FR_20080426135506_EV,10909810,10909810
stead_event_01354,b8b603a5c01741af0121820394fec882e30eb4d86bf0f0e95a566ff44347eaa4,1,1,True,ATE.FR_20080517041014_EV,10954462,10954462
stead_event_01355,b7faa26335d27c698445a6aeae6cf6e2f5cef55a7bfc4ff0a5e87416d635de10,1,1,True,ATE.FR_20080518015724_EV,10954470,10954470
stead_event_01356,1c626cdd092a8f3d3abf4e25489875ec7642e0a181e3fc91ec189437fc1b2d09,1,1,True,ATE.FR_20090209083827_EV,11670602,11670602
stead_event_01357,73313554beb8076c687660744a8a5577b8a05b768d96fb6887a33f65d5aa7fa3,1,1,True,ATE.FR_20091116152203_EV,13944474,13944474
stead_event_01358,619d7c2f6f48490f0c5e7f8ffd80cd428a5f7bc3bf218ff35c4a3f35dd12d4ef,1,1,True,ATE.FR_20121013043343_EV,601830341,601830341
stead_event_01359,eda630979c0cd4c765a923be4c1693b18d2a9bbd32b2d22a8fde635023f1e7e8,1,1,True,ATE.FR_20130105232614_EV,602213372,602213372
stead_event_01360,dadaece6c35fec8f1985d96de5ca4f69a17c992ad9ec1e2630d78b669c5445a3,1,1,True,ATE.FR_20130607100710_EV,603054801,603054801
stead_event_01361,805b2f9bdc43f34fc8bbcc81293037f36080b1e67a3f41292ba0356c3b4d9422,1,1,True,ATE.FR_20130902123634_EV,603374462,603374462
stead_event_01362,9be12b83389361dddcbc7b3a9bb1d38183eea1c5893083113a8f3b1463594ee5,1,1,True,ATE.FR_20140301165138_EV,604085163,604085163
stead_event_01363,913b31e601adba790934eb5871105affbff5e46e8db08b8987cd02f8b616c87b,1,1,True,ATE.FR_20150318070815_EV,606843620,606843620
stead_event_01364,86a5b3190a0c87eb3347dcd1df1f915d56873ca83b8f43cb0443a5e7a8742ca2,1,1,True,ATE.FR_20150318070817_EV,606843620,606843620
stead_event_01365,6bb7648bd81999080966586607df75ba0c96bcf75bbdad2571c15d7c81d2f35d,1,1,True,ATE.FR_20150318070818_EV,606843620,606843620
stead_event_01366,d714fb3bbb0cc18bc0e73583b46245ff5ee536acf7c578550876813497894234,1,1,True,ATE.FR_20150318070819_EV,606843620,606843620
stead_event_01367,8cb319ece637af54295310fb017dcf89a04e07952bf08d758d0e33f49de2fe92,1,1,True,ATE.FR_20150414042528_EV,607120300,607120300
stead_event_01368,8559d8a19723ad5c2f47a96cf11cf8b8789f8593b6f3269005aaa6e7d78039d6,1,1,True,ATE.FR_20150414042529_EV,607120300,607120300
stead_event_01369,c5bd528b243f1a9b1e7a7404b3b2f5fb4cc71200c57cb0f0b853fcdb34576dd9,1,1,True,ATE.FR_20150414042530_EV,607120300,607120300
stead_event_01370,933a9c8aae1f400846123b449ddc32c35d7f2770e20aa36fa0763128a9aff10f,1,1,True,ATH.HL_20100311095408_EV,14756518,14756518
stead_event_01371,17c6d61d952056692a38a8f35da63170e467b6707f22e9138f7809a6b48e47a4,1,1,True,ATH.HL_20100419013548_EV,14757341,14757341
stead_event_01372,19dbf6e8aa2ea1824735f2da2fc5a5b1eccd988a78f7084cf4bd72b08612d9c8,1,1,True,ATH.HL_20100605051241_EV,16333273,16333273
stead_event_01373,dcb5a9126023cbc8dcd5338928b62b252a947554d03067682ee4923c3f82b97d,1,1,True,ATH.HL_20101107233901_EV,16867614,16867614
stead_event_01374,c80b85186dd6a88aa50c487907c5b3ccf6672e2559acf95aff01adbcd815046a,1,1,True,ATH.HL_20120313195839_EV,601815418,601815418
stead_event_01375,7894714f3ed8c0a218bb13fe7e168c0a1fc56f7a4a1db07b8c5787c6c25a688f,1,1,True,ATH.HL_20120313195842_EV,601815418,601815418
stead_event_01376,fb0cb6e890facfb25764359c049e47ac1e3ace97d11e89a9f28f5b8d5c2a29de,1,1,True,ATH.HL_20130604015655_EV,603048481,603048481
stead_event_01377,f09a7d4e62e3c68feac39c41a690e2188c40862c7367141746e65b0bed0aef4f,1,1,True,ATH.HL_20130604015657_EV,603048481,603048481
stead_event_01378,d97ed049a322cf6ab5f26a6910cf5a33fb76854e19136c2f2082eaf2ede80f6f,1,1,True,ATH.HL_20131019031341_EV,603819232,603819232
stead_event_01379,a922abd28412212901d79f202443de469fea1ca66938ab18116ba7a31d3a0d48,1,1,True,ATH.HL_20131019031345_EV,603819232,603819232
stead_event_01380,35ed5080d5975cfbb7e58e1c2acd21df13ffdd243576a82a872ab187bd65e938,1,1,True,ATH.HL_20140720081522_EV,604858031,604858031
stead_event_01381,c7503b3b69757a7df3b698854ed58a9bd213070c8e465b674993d6cff8dbdeee,1,1,True,ATH.HL_20140730005504_EV,605100607,605100607
stead_event_01382,9732094da5ff9084c8a235cc4b74645138bd0fe83ab9d8bb994e7286b955352c,1,1,True,ATHU.HA_20080217013315_EV,11324127,11324127
stead_event_01383,f181b63cf04b5f5d834f8e0ef70c928762d5d5488b4bbc80affa9d4f42beedda,1,1,True,ATHU.HA_20080219050501_EV,11324287,11324287
stead_event_01384,1e4082a47c32f7eb8e502dd3671219f6e9b40f3ecb706bfbe902ff47f24430da,1,1,True,ATHU.HA_20080528141515_EV,11513931,11513931
stead_event_01385,2437ed00210bd810dd89242bba329e394be2cd82c8c43ac26b934119a0b19d0d,1,1,True,ATHU.HA_20080612011908_EV,13377213,13377213
stead_event_01386,58a0bf5b326be72f14c545bbe9e6aa5ae32822f23cc5840e8775b39e33749964,1,1,True,ATHU.HA_20080615152733_EV,12921142,12921142
stead_event_01387,cc77ba2bf612710f273ff1bdb5a31f68168cab6ed787995d1dd50b8d60ef4cba,1,1,True,ATHU.HA_20080618025508_EV,12921283,12921283
stead_event_01388,4d34dc0f1a776545684e1d32e7a539fda0f66533376303c93b784dfb3a52cc31,1,1,True,ATHU.HA_20080620181037_EV,13378156,13378156
stead_event_01389,e50f87114d0b5bfb1a91fceb6fd45478ffbd81cbae30f3c9c1290f4cf667643a,1,1,True,ATHU.HA_20081026172342_EV,13398137,13398137
stead_event_01390,459680ca2d96d2651d1af68c8f70896a29b6bc45ae53d6b74006df48a3e8027c,1,1,True,ATHU.HA_20090903222423_EV,14767047,14767047
stead_event_01391,4740e8b66e870df3da6fc8656a22fae9680f3619703d74f5c44ec4db1b844e19,1,1,True,ATKA.AK_20080221014400_EV,11006261,11006261
stead_event_01392,fa4862bbaab1def6dbe36a831ee284d5e949006b5be6c4b5e0537d6c2b0897a2,1,1,True,ATKA.AK_20080430000038_EV,11477476,11477476
stead_event_01393,d00550b0a4955cadf105cd7596661c29e9856cd2d6e5e1213ad5603ad30556a8,1,1,True,ATKA.AK_20090804212104_EV,13989497,13989497
stead_event_01394,baedd7468dc26c02d6e4b49ac73ad97c8d380e4f4f3fc590e8d2a126e858ee88,1,1,True,ATKA.AK_20090811142940_EV,13562438,13562438
stead_event_01395,ea962fe084793bdbafe054252672e96fb981eee43b3c50d82aea5aa9bd0adee1,1,1,True,ATKA.AK_20090823231248_EV,13637306,13637306
stead_event_01396,4735a13ee8e880c627877181fa0f301d143dd990475c7ce85611e63f2d1a6a25,1,1,True,ATKA.AK_20100611155355_EV,14766806,14766806
stead_event_01397,7aaae81b90b1d698c49de72b1640a11f3563ccb9abd0a0e1a43ecc5a83b4860b,1,1,True,ATKA.AK_20101021160532_EV,15609025,15609025
stead_event_01398,e3f2b0fea864ba6b53b2888b49f24de906c879c3cb1dfa046f2849d55eb8278b,1,1,True,ATKA.AK_20110114065056_EV,15990247,15990247
stead_event_01399,804876ccc5eaf1d3304b0082d9801e57779361ed3983fab6a49d4301189e52c6,1,1,True,ATKA.AK_20110117172754_EV,16151681,16151681
stead_event_01400,8f03cc909528be6997e0a2c85c51018e4f8277f6cc29814ed8239d6892417acf,1,1,True,ATKA.AK_20110117172757_EV,16151681,16151681
stead_event_01401,b4afb69852c01037cb2f91ca5374aac406f17de1c1db2b38f2e47ccbfc7eea85,1,1,True,ATKA.AK_20111106184542_EV,ak011e8zl4ea,ak011e8zl4ea
stead_event_01402,ed967aacf5df337410b48c33d7d4b96eb7c8e752e910ec91ba87b08731b2072e,1,1,True,ATKA.AK_20111227060245_EV,ak011gl4levv,ak011gl4levv
stead_event_01403,651161c33cffdc30f996a0d8e93a283e1440033e9dad4f288ad8b5a959bf9f6b,1,1,True,ATKA.AK_20120429184734_EV,ak0125irhkr9,ak0125irhkr9
stead_event_01404,265f00d0203a7405a14272a384be2614faba71c2a9c56122a64f0feccc3ffd36,1,1,True,ATKA.AK_20120723121107_EV,601459527,601459527
stead_event_01405,d9ff4cc79930f01ffd9953c7013de7c5ca2c46589d69475a66b46bdb0dac02cf,1,1,True,ATKA.AK_20120723121111_EV,601459527,601459527
stead_event_01406,e9e36b2251bde3acbf5b287eaddae93f11504d45b1917479d039704af6f64263,1,1,True,ATKA.AK_20121114165214_EV,602058468,602058468
stead_event_01407,5b642ee08c5efd906de92ebcb1b7dd53be95c1425490bb5eb3d98042aa9686ba,1,1,True,ATKA.AK_20121114165216_EV,602058468,602058468
stead_event_01408,bc911928f876de6052e592f312a99faf27e4788234ef74c435e723c91f03a89e,1,1,True,ATKA.AK_20121114202412_EV,602059953,602059953
stead_event_01409,5bd570f59f62bf1b697aa701a15d9350e3c0f9c6bed32b4e6ad0d08c52d91ce8,1,1,True,ATKA.AK_20121114202415_EV,602059953,602059953
stead_event_01410,6899087bc44d9c117208a2ef1a9fabe611994039c9d39003ff9ef12fa15995e6,1,1,True,ATKA.AK_20130408143650_EV,602954416,602954416
stead_event_01411,e023c374b8ea8657dd6f3add9453b41d363bb37e8f3a03ad8f3c960ae921fc77,1,1,True,ATKA.AK_20130408143653_EV,602954416,602954416
stead_event_01412,aacbff50a216afbefe1a34ddbd361646dd3a01e3e6a01e8e8877f885e9c3b759,1,1,True,ATKA.AK_20130423060054_EV,603041376,603041376
stead_event_01413,ac88ec8046a8f8f59ea10260fd560aa51aaeb144f67b04f8d7f885ff610ac1b2,1,1,True,ATKA.AK_20130423060056_EV,603041376,603041376
stead_event_01414,bfab92c04ed681aa66961d81186b583af898422e9de803b061a9dd4350831c5f,1,1,True,ATKA.AK_20140425155307_EV,604484400,604484400
stead_event_01415,824a4c6fdb49278195060b5afc8c221ed64e4544c9d6727ed5e56a1cf389ad6f,1,1,True,ATKA.AK_20140621144639_EV,606918180,606918180
stead_event_01416,085cf3b04b0e53b5ec4a26fe685319269680d36f24298e9b69eb28d7c9a8ca99,1,1,True,ATKA.AK_20140701150700_EV,606919017,606919017
stead_event_01417,8720045ffb1c033b0818f7fec654af761da25eb619a27b1b0eaa45aab45c8306,1,1,True,ATKA.AK_20140709081416_EV,610571062,610571062
stead_event_01418,d7234f110f0a85bae5506ba704935b09cfd08d95af5e4a660995d594cd0f6b75,1,1,True,ATKA.AK_20140804125603_EV,605134686,605134686
stead_event_01419,7e68e66fecec32252f0eb1c10af7f04b995081d1a6fb9fc87a49448ceab2a49f,1,1,True,ATKA.AK_20140914224756_EV,605597185,605597185
stead_event_01420,3d4acffaf5073e241bd1f40ab04997e927dbc661353f928351456a60e566fd6b,1,1,True,ATKA.AK_20140916143528_EV,605597273,605597273
stead_event_01421,ca338f1d1b77ca8c53616db3efd3504e792009198f93643c667fb44a320472d5,1,1,True,ATKA.AK_20141030053412_EV,605643489,605643489
stead_event_01422,02c4023e5438e8cea71303d89ed0e2bb625a5e1924aba2b7ec53ed5e677fc208,1,1,True,ATKA.AK_20141114085604_EV,605659505,605659505
stead_event_01423,506e5fe314236278f15c47a5101eaeb77def7fdd396af5d739e63fd89610a2fe,1,1,True,ATKA.AK_20150307195007_EV,607187931,607187931
stead_event_01424,f8162ca2670e5635f436c3b3b00d593bcbe35968c755aebdfb45a7be89328a75,1,1,True,ATKA.AK_20150307195009_EV,607187931,607187931
stead_event_01425,b53f673a3b5612b09e1438f1b2dfdf07c404d745bf3fee6a1817ddfe545c1440,1,1,True,ATKA.AK_20150307195011_EV,607187931,607187931
stead_event_01426,c15ab583270fe859f7bb0875dfb683b7d48758e48fecfd3a5f26491c546eaa43,1,1,True,ATKA.AK_20150423041006_EV,607259897,607259897
stead_event_01427,b148e09d69fc3542ac6768c5218c5673170b27aa639bc3c1c6570378ea42b056,1,1,True,ATKA.AK_20150423041010_EV,607259897,607259897
stead_event_01428,dcc256a685c0c5c8cdc75a18f442906e5f7bee7f64065593831bdc4f63154606,1,1,True,ATKA.AK_20150429025106_EV,607214421,607214421
stead_event_01429,240583402fcfb1e73fd3d634f82bb380bba4eeca9a4f90500462dc9ac78728cd,1,1,True,ATKA.AK_20150429025108_EV,607214421,607214421
stead_event_01430,e1f04e999f4c61dcbf70c64c1612c65f210bf5d53919273f85bacdd3b5f65296,1,1,True,AU22.AV_20131116144157_EV,603794489,603794489
stead_event_01431,c4daad2854668ab86e14e5b5278a62c0e69a511d1aaac98bdd4cf952a3677eda,1,1,True,AU22.AV_20131116144158_EV,603794489,603794489
stead_event_01432,976ea6f0e9a0b0471f4c422100201cd5b7b0d49d61a5770647ab678221c48fe4,1,1,True,AU22.AV_20140105225906_EV,603928538,603928538
stead_event_01433,cf19618f5a7874ee87aa6d22e09d11ae65ac1fc316fe7b694716c07bee07960c,1,1,True,AU22.AV_20140105225908_EV,603928538,603928538
stead_event_01434,f5d50aa48517b07d27fdd9b10941278dd98312bb6ba34949a41cde95e79afea4,1,1,True,AU22.AV_20140114192512_EV,603956739,603956739
stead_event_01435,a5b226c81bd019c858457e3d8c58c3217c1e7dc691741374c8726c28d39601d7,1,1,True,AU22.AV_20140114192513_EV,603956739,603956739
stead_event_01436,59c7aa6c8e16e05ba25cb6a0a7bd348b3d69ab7b6e85b009edf41156e4f0a4e1,1,1,True,AU22.AV_20140129143402_EV,604014486,604014486
stead_event_01437,e25d4439bcddf5d82dd2264d93aa0c15d519b5f2f9435370369f100f37ac688f,1,1,True,AU22.AV_20140201224857_EV,604030796,604030796
stead_event_01438,5271960741943dd400fe07968f9e44678146e1b4e176a47fabb61bdc28bad88d,1,1,True,AU22.AV_20140310060006_EV,604106471,604106471
stead_event_01439,568dcdb9cd83ae759556f42a8ca743dd6d8f3bef512baf2ac9393f8786ce4c4e,1,1,True,AU22.AV_20140310060007_EV,604106471,604106471
stead_event_01440,0d4fffe91cdb3d478332d3476217fc51a415e3199b0d9b6a08c1eab45b050d17,1,1,True,AU22.AV_20140311022106_EV,604107855,604107855
stead_event_01441,ab572231635627530866f324cfa9bb084357e5e232c4af028df5519c2f127918,1,1,True,AU22.AV_20140311022108_EV,604107855,604107855
stead_event_01442,48178b77a1d40adc014a865b0074e0f4b5979c61c1cd72b9b1f8ac92d137d467,1,1,True,AU22.AV_20140311230704_EV,604108432,604108432
stead_event_01443,ef7d0b9f2f4e333bdb3719ee52285473d2f6c328193aa90cf12af9af9853bf46,1,1,True,AU22.AV_20140311230708_EV,604108432,604108432
stead_event_01444,f8acc9b93134101c07cbfa31c9ae8fcbe3abee70a43f77fa28c8815ddd433bff,1,1,True,AU22.AV_20140312084341_EV,604400615,604400615
stead_event_01445,0003393d0f0f0087af9fa9d0e9888a89e237594ea561f082fd104b3202d8be93,1,1,True,AU22.AV_20140312084342_EV,604400615,604400615
stead_event_01446,a53e214899aafeb56c773943053a36bdedfa09553c2e7d882c74c111bdcb2071,1,1,True,AU22.AV_20140420060238_EV,604464838,604464838
stead_event_01447,4885403765308a407c940125ceed970c09d1b251ede8339e2dee47277f0b0d0d,1,1,True,AU22.AV_20140814060427_EV,605146312,605146312
stead_event_01448,39e040fd73cbd55fc828a43e8ccb6ed62c3d7a7ce2c2a635cdc341c26311b4f4,1,1,True,AU22.AV_20141001132035_EV,605469473,605469473
stead_event_01449,64ae1b62408953ab809955dda5866881bd51264788dd10728b01975042c80255,1,1,True,AU22.AV_20150222192611_EV,606745841,606745841
stead_event_01450,8c2dfad6ad18dd341357fdd6f19d4e809bbcea353bfd1474fd0832647d028759,1,1,True,AU22.AV_20150222192615_EV,606745841,606745841
stead_event_01451,243cde098062b25ba81d7947e8b077f133cac4face1792b63b7b3651301a9c03,1,1,True,AU22.AV_20150402131512_EV,606977455,606977455
stead_event_01452,91e9f8a2719a98e578a86dc11c846a27ed282c370e658bb420fa2767a934cfac,1,1,True,AU22.AV_20150402131513_EV,606977455,606977455
stead_event_01453,d4ff123f905bf9a117237db28c640bedf41da23e1d9c19ea150b9080082cc500,1,1,True,AU22.AV_20150402131516_EV,606977455,606977455
stead_event_01454,6d8b01bc38f8cdbdca0bb1f6dedd0311e0559735a8e89bddae1e385a1873eb2d,1,1,True,AU22.AV_20170825173202_EV,ak16669887,ak16669887
stead_event_01455,29916ad6c0f71e0d9ce0e103e6df6a202e2d1b45c43a9cfe446d88a05fd4e959,1,1,True,AU22.AV_20170925183424_EV,ak16903599,ak16903599
stead_event_01456,6c72c1a1077730073e493f30a87a45e7594368914fbb2f14b9a57588fc24a7fc,1,1,True,AU22.AV_20171031224841_EV,ak17134644,ak17134644
stead_event_01457,ea62ed687d30a2b2cdb8d93265fc78ddf0d47d74ca1c56735cecaac8fa20de03,1,1,True,AU22.AV_20171102132043_EV,ak17153768,ak17153768
stead_event_01458,231cfd2b19756daa1fcac88af37754268e9570b7c0d8025f6dc9a50a581eb728,1,1,True,AU22.AV_20171217014857_EV,ak17604572,ak17604572
stead_event_01459,e6d4b66e20674658646acfc8ccfeeea66b866e7c91f03d2adbf68f489a527261,1,1,True,AU22.AV_20180115091229_EV,ak18057488,ak18057488
stead_event_01460,fefd39f252fcf18dc03945a91df8b213d1c2c36e57675d5185b769658cb563f5,1,1,True,AU22.AV_20180207072240_EV,ak18393877,ak18393877
stead_event_01461,0be377cbd066c719f1899e22cdec9ec327b84bd0ab254c1f5601be9e5facc683,1,1,True,AU22.AV_20180227194827_EV,ak18567491,ak18567491
stead_event_01462,792e91d4b3cc680480ba41034d99aa6a1ce62be4c4386e496918573a8e9c4f58,1,1,True,AU22.AV_20180408174937_EV,ak19111454,ak19111454
stead_event_01463,fc700ae0223426367e911694d603d668f6d768745a76278828ae7748b100baaa,1,1,True,AU22.AV_20180603161914_EV,ak19702124,ak19702124
stead_event_01464,d78218af5ee54ce3f5f364b582d9f3c6b12df78db1ae3ca9581e8ca49bd5adca,1,1,True,AU22.AV_20180724231335_EV,ak19967527,ak19967527
stead_event_01465,12aa85e276fe0eff8cfeaa28d0022121e722f1a80c25d232db751ebc38ef51a7,1,1,True,AUCH.AV_20150402131512_EV,606977455,606977455
stead_event_01466,e968de9f09575631b9ac08ee32796216a3ab5f66eca30f019ea634b0687fec09,1,1,True,AUCH.AV_20150402131513_EV,606977455,606977455
stead_event_01467,cf4d5f03a4cbc473741bc9f7ea84d2cc72e5bada380664c3890c007ec0480dc9,1,1,True,AUCH.AV_20150402131515_EV,606977455,606977455
stead_event_01468,f9db90b95d6c9ffed738a13049c9454229510fee08957fd406539ec404e83b80,1,1,True,AUCH.AV_20150402131516_EV,606977455,606977455
stead_event_01469,fe91c283bd6f3c840d1781d80af9fa196a5b17d0644a7c7c139161bea235f9f6,1,1,True,AUCH.AV_20150402131517_EV,606977455,606977455
stead_event_01470,b88ce4837f86444b744102a38a5e575235bd76aab4389bf782066e5897e41a91,1,1,True,AUI.AV_20090926164510_EV,13993375,13993375
stead_event_01471,413ae5620ffe1a05dad576451ef52543be25cfed444d36c8478eedf2914d0a6b,1,1,True,AUI.AV_20091117204833_EV,14173952,14173952
stead_event_01472,4b08f09f0a663274e7e191dc9dde786410b832e52c128f9d73730ae0f08b6867,1,1,True,AUI.AV_20100418022839_EV,17155813,17155813
stead_event_01473,1871eea11fe84ec2c44e178f682c2317a8b06dd933fcb015f8cc84f2f5c050a7,1,1,True,AUI.AV_20100501011254_EV,14628624,14628624
stead_event_01474,a8b60281ba1cf6bfa8a3c3d09df08bd83821d72e5c07e3d7def8da7c682b3788,1,1,True,AUI.AV_20100502093700_EV,14629268,14629268
stead_event_01475,237176750e64b5a502e5ef9b5f043b35354bd684cdc6ac36496c9c5a9bee8526,1,1,True,AUI.AV_20110219112350_EV,16398544,16398544
stead_event_01476,7052b7e7f5b4168bbc4a02eaaeaed4cef29424d4dfee36244ecf2337c5df79b0,1,1,True,AUI.AV_20110219112353_EV,16398544,16398544
stead_event_01477,0862909ff6b0bcfd46d2b8c30cb236d860cd248e2f85b2f8cb7f9aff8c1ba8f4,1,1,True,AUI.AV_20111005215018_EV,17435477,17435477
stead_event_01478,b870cce6f606e408669b87feea1b4f619026dbd37372763305044e3b98fa7168,1,1,True,AUI.AV_20111005215020_EV,17435477,17435477
stead_event_01479,59be7ecd4a0c5710cfe5092ac4ec9b33158364d5bb9cc58aa1bd29fe56bb7f70,1,1,True,AUI.AV_20120104002611_EV,600671310,600671310
stead_event_01480,3b7dcdbb02b1b31741f5be4e4a9d7fbe1e3ea2e26671818a5850aad9853ce1de,1,1,True,AUI.AV_20120104002613_EV,600671310,600671310
stead_event_01481,5ad137ece35de724eb02b040e54d364e876d08ce81afe64675a047033c96ec4d,1,1,True,AUI.AV_20120106112445_EV,600671340,600671340
stead_event_01482,5c9351be3b1fc1940a5431a43c77418ce48af9b31d65417ac7c68bedc7476152,1,1,True,AUI.AV_20120106112450_EV,600671340,600671340
stead_event_01483,453e095d3bad954ec07b601f006c9da03ed302e7aea83eb3ec0a5f278e2637f8,1,1,True,AUI.AV_20120107015954_EV,ak012blpm04,ak012blpm04
stead_event_01484,8ed82c207cee5813bac02562510c2f6348fd34bf01ddfcfa977a165d1b7ccd1d,1,1,True,AUI.AV_20120111130223_EV,ak012ienwxj,ak012ienwxj
stead_event_01485,0852026a64db08ef40a48e567b28378acefdd5ac30ef6f2bc1a4fc181247844b,1,1,True,AUI.AV_20120126145642_EV,600734618,600734618
stead_event_01486,39892967a0cb9b9ec221c0ed525412e3061e87b12d0d7f0b971067a0d52a3770,1,1,True,AUI.AV_20120126145645_EV,600734618,600734618
stead_event_01487,4ca20820a3b716ff9d9d9989ab629af0e2342a9a570fd210229bc5759c7454a8,1,1,True,AUI.AV_20120127222250_EV,600319669,600319669
stead_event_01488,1079c5af91278c08d81f1d2a7296c4fa8aad088eb285ed97cd90783c4a7b6baf,1,1,True,AUI.AV_20120127222252_EV,600319669,600319669
stead_event_01489,e6aa154427de22239a6427a3f94d01e27b9d4835c2cbcdcfd343a98c65653c31,1,1,True,AUI.AV_20120210084511_EV,ak0121vy2cgb,ak0121vy2cgb
stead_event_01490,52eed250767bdf3e4a4ff8321f3b7f375daf1255f6738da0b2d67afeff415b2a,1,1,True,AUI.AV_20120217172752_EV,600675460,600675460
stead_event_01491,743d684c225bef52330852052acde475a2599b4fb2e9736f8e6e7a59e14bd290,1,1,True,AUI.AV_20120217172754_EV,600675460,600675460
stead_event_01492,95e9e77199ef177e4a467db48cf49ca74794e10616e977afcf6bbec852af3d71,1,1,True,AUI.AV_20120415164922_EV,ak0124vks9cc,ak0124vks9cc
stead_event_01493,414ac854ddedb5744cb53565cee21745387c2225c76f1a8a077a6f684c4a5e24,1,1,True,AUI.AV_20120416113225_EV,ak0124x58sv7,ak0124x58sv7
stead_event_01494,91ccb85719e9b7b549704b7034f8d9d54c299044b8b04f12a8aa3a570e1f41f0,1,1,True,AUI.AV_20120521145331_EV,ak0126j2yrj3,ak0126j2yrj3
stead_event_01495,4680dc42e66f6a24f7ef04a35bda8bae54cf6b8aa46df1d2aa11917f2ec22bfc,1,1,True,AUI.AV_20120523093531_EV,601032288,601032288
stead_event_01496,55ba237d44633a6a601ea5541fdccad42c7d3aab15e987a181463d0d62f458c6,1,1,True,AUI.AV_20120523093534_EV,601032288,601032288
stead_event_01497,b4c1da720ab1dea10014d01ba26732cb19fd479a162d90b464aea491e35551a9,1,1,True,AUI.AV_20120619132237_EV,601475429,601475429
stead_event_01498,7027381854bac51d42f1f978ad9d49e387de04af36c563c4c24855a7fa18275d,1,1,True,AUI.AV_20120619132238_EV,601475429,601475429
stead_event_01499,57e0e9ae5ca58984d8655b0242cf8032418ed1461fbb30b41d88d82e276acf54,1,1,True,AUI.AV_20120813231628_EV,ak012ae58vqq,ak012ae58vqq
stead_event_01500,f4a879691aa9394f403ed04d9535e7814fe298c409abc76e373e5f3a0f1e9603,1,1,True,AUI.AV_20120903013615_EV,ak012bcijw1d,ak012bcijw1d
stead_event_01501,4b16bea690288fbeb747edfef0ae41edb7406c1cc27e80e7cf0974b825014f8c,1,1,True,AUI.AV_20130331232734_EV,602754703,602754703
stead_event_01502,187bbe272e1489fc5806cde81c1d1349e379b1bec8197422ddb918a7d8353733,1,1,True,AUI.AV_20130523203140_EV,603161409,603161409
stead_event_01503,b9ea81afd884ebf39d1652f8122ba9d2e8816d8234ce8e75d5edad2d75cf6424,1,1,True,AUI.AV_20130523203141_EV,603161409,603161409
stead_event_01504,07fc981bd4b8990da9fb301a392801fa71b48500d0d526a6228d8cfaf478291c,1,1,True,AUI.AV_20130713215604_EV,603334673,603334673
stead_event_01505,e42afe71ed6e7e314eec94f456fcfbb9111b2cdc97d2d75cc8d53caaeb884d14,1,1,True,AUI.AV_20130713215605_EV,603334673,603334673
stead_event_01506,2a8cecf7962d23d1e5c38156d13f711ebb03dd6b8bf63bcacf8ec662a2a5dbcc,1,1,True,AUI.AV_20131015004406_EV,ak10824424,ak10824424
stead_event_01507,c7e2946f0de7e8f26cc217930e5047eacf659b6aa336fb7fec8bc7ef5d5aefcc,1,1,True,AUI.AV_20131027022544_EV,ak10833442,ak10833442
stead_event_01508,efd628573034f80016dd8ba7608fa0a922b980eec1812d6f225b1b3c5282e2e1,1,1,True,AUJCS.S_20150411152211_EV,607262661,607262661
stead_event_01509,47242a3c86fb83aa84b20e1fd14e164fb53d5e9ca5ef6e6dde3343c8cf9b5804,1,1,True,AUL.AV_20100615003751_EV,15635859,15635859
stead_event_01510,fa6811e3251e69918b09d3aff2cc92e6ff6708af53bfa3e2af138492a62a032a,1,1,True,AUL.AV_20110115072702_EV,16007273,16007273
stead_event_01511,a541e4ea6cd93e4d57c7cebccb31e7aac3e7d3b9c9e70ad60b59e9c2b4b62680,1,1,True,AUL.AV_20110219112349_EV,16398544,16398544
stead_event_01512,90c9345c011d4f8363cc2278ee52a950ea2f64097346206f897da702b49c983c,1,1,True,AUL.AV_20110219112352_EV,16398544,16398544
stead_event_01513,f0d02aac9fdeb324579ccb210a684c44c0e140df56424a585069b85e0c1310c6,1,1,True,AUL.AV_20120913055812_EV,601712537,601712537
stead_event_01514,e71460d9f351c16571dd01cea6cf5654d2448e05bf2936b19569c5c1466b58d2,1,1,True,AUL.AV_20120913055813_EV,601712537,601712537
stead_event_01515,4909717c56c65185e4e279b4fcdf875b4a54f43b7d8cb712384fa25eb70cfae1,1,1,True,AUL.AV_20121104045006_EV,ak012e73qoze,ak012e73qoze
stead_event_01516,1d4d63532d236667cca717c9f0cda9dcd68b581ac39522ab90786a41f44e0ecc,1,1,True,AUL.AV_20130310171104_EV,602591125,602591125
stead_event_01517,d22d06787ab6be0d35a0e107df4c9ca19770e4de2647b6c74709077fe1dd0638,1,1,True,AUL.AV_20130310211723_EV,602591355,602591355
stead_event_01518,70a6739ec71848284eb5245f83aaafbefa7f9ab7eaec6b867401ffa58c230d1d,1,1,True,AUL.AV_20130310211724_EV,602591355,602591355
stead_event_01519,d21837e4eb167a2c72474df3304bf220fde27b95f3b6b99ee0253e4b8944e9bd,1,1,True,AUL.AV_20130323132544_EV,602854337,602854337
stead_event_01520,4ebd870961a0373f2aeade3c43d09c6b79af5f902b885356a700bbcfaed9dbfa,1,1,True,AUL.AV_20130323132545_EV,602854337,602854337
stead_event_01521,c8db95af0b32f45fc6b5fa0423b9ac13df74cdd958c5ef2fc79c44078435f691,1,1,True,AUL.AV_20130331232730_EV,602754703,602754703
stead_event_01522,78296fa16a83bf83aa320bee9378d6e53dec67bf2ae7db3aeac90d65b468af57,1,1,True,AUL.AV_20130430235826_EV,603014472,603014472
stead_event_01523,e4004c3e3fe409a40f0eeebbd0daa134e555a49702437e3610f76cf36a18b136,1,1,True,AUL.AV_20130430235828_EV,603014472,603014472
stead_event_01524,3ba320601afd35bad386e593a19ad5fc3225ac79054571950ec8cafb6f762c1f,1,1,True,AUL.AV_20130523203138_EV,603161409,603161409
stead_event_01525,fdd8a34a8245ea3daec429d89e6b8a0af977851bdfb21d7bd7221ea933fb83ea,1,1,True,AUL.AV_20130523203141_EV,603161409,603161409
stead_event_01526,1c48c1c3142c2ffffce0ccfad30c1616ef3fbcacd5b91769a912d38890b38f08,1,1,True,AUL.AV_20130713215603_EV,603334673,603334673
stead_event_01527,88aadb8356053fcdbae0ef4b8c66e16cf83b0134f1e7ac25ef5494f45f051bf1,1,1,True,AUL.AV_20130713215604_EV,603334673,603334673
stead_event_01528,db92f1d65f19d9d0886eb6b6582a9ae661b024307519cff14dee7cd331f03d19,1,1,True,AUL.AV_20130801034521_EV,ak10772208,ak10772208
stead_event_01529,ae24b712b7550e2516477a0389ca93e987a435542b2a9fa5d938eefb8182ba56,1,1,True,AUL.AV_20130820000749_EV,ak10785942,ak10785942
stead_event_01530,bf638c061101196440fddadc4cbd97ffc39730ab8b0a425d8b0cc69c5a09792c,1,1,True,AUL.AV_20130903234052_EV,603987163,603987163
stead_event_01531,98e40c68b418fe695a002862501e43cd489597b8896ee4522d21e077254ce121,1,1,True,AUL.AV_20130903234055_EV,ak10796480,ak10796480
stead_event_01532,c03d716ad51942b659d899e1e554c52bcf3ff29751bb0f13d196bf1d60f37b24,1,1,True,AUL.AV_20130903234057_EV,603987163,603987163
stead_event_01533,009d2214f9fa1cac74de98b530ab1ace9e53d55c990479a4d2f8896742176d98,1,1,True,AUL.AV_20131003154024_EV,ak10816937,ak10816937
stead_event_01534,16d474da26fe5f614a7da8a46ad9461a0ee07d92e811193c3fa456a9bd9271af,1,1,True,AUL.AV_20131014214438_EV,ak10824177,ak10824177
stead_event_01535,90b62ba05eada5dca83ab520a22d107d8ce20889dc517d01418269c3494b68b6,1,1,True,AUL.AV_20131125091558_EV,603812023,603812023
stead_event_01536,36d4b0f649395248e1ea9341224d222d5b6c5badb83f24131ec0dc74f423c449,1,1,True,AUL.AV_20131125091600_EV,ak10875729,ak10875729
stead_event_01537,b0ae72475c88f7de2addcdb26a10947c5ff638c0007569f9cc3818e6f49efc66,1,1,True,AUL.AV_20131221054029_EV,ak10895580,ak10895580
stead_event_01538,7db742d87134b2bb7a00ca01fd7eb2c76b9ce2b46dbe1a520d87b478314eb5b3,1,1,True,AUL.AV_20131228144306_EV,ak10907457,ak10907457
stead_event_01539,fb0a2d40be110dabeb5347569c99507900e464e85bdcd8c6d4f1aee4effa0745,1,1,True,AUL.AV_20140201224856_EV,604030796,604030796
stead_event_01540,fb7c3217ab1eac738e4374aac0712485c29a0fa8e656779fde24a597148f561b,1,1,True,AUL.AV_20140312084339_EV,ak11184848,ak11184848
stead_event_01541,caae8a6b2d038f7933189b2d0703be68a9f87c3a49b490784b76589b16a0cfa3,1,1,True,AUL.AV_20140312084340_EV,604400615,604400615
stead_event_01542,c47d0ff2726ef9516f5d443fd5ef5b1bde3ff2223a0de15cfa76b74ef590a763,1,1,True,AUL.AV_20140312084342_EV,604400615,604400615
stead_event_01543,2b4b384f7c500f7dae636262d0447ee326787420cb2c757fa6958b025b05b114,1,1,True,AUL.AV_20170916142103_EV,ak16834332,ak16834332
stead_event_01544,3e46ad8a9039ba056d75540848e95daa32ea2ca36fefabed99f121c4fb2c6b7c,1,1,True,AUL.AV_20170925183422_EV,ak16903599,ak16903599
stead_event_01545,6fa3a4f493093e478c433117a26bf75d469a6c36ec76d684ca98cc1506333162,1,1,True,AUL.AV_20171031224845_EV,ak17134644,ak17134644
stead_event_01546,3f4e8c0ce484ddb0bfbf05d687ddee88df2d3e921510c5fefd14aa3563600e0d,1,1,True,AUL.AV_20171102132043_EV,ak17153768,ak17153768
stead_event_01547,f787af57d01f28a63d7a5b0e8fb1536bb640edaddb77f8e38fef7dff182a1139,1,1,True,AUL.AV_20171217014853_EV,ak17604572,ak17604572
stead_event_01548,192b49c32595da04e5afc1195cfbcd064b9b591ebe4f120a8e1342f3da0d28ae,1,1,True,AUL.AV_20180115091230_EV,ak18057488,ak18057488
stead_event_01549,b5415cdacdf0fdf456a2e3a070fcacca0a189874fcacbc612b6fc540cb575bd5,1,1,True,AUL.AV_20180206194042_EV,ak18378155,ak18378155
stead_event_01550,219e68e47b71324d0f2cc3c6194437dd114bb48acf2b142ab42cbcfb0d45163b,1,1,True,AUL.AV_20180227194823_EV,ak18567491,ak18567491
stead_event_01551,3b7c5c9e9aec56990b4e287a510108388313526a1540b829530e54fcaf4aebf3,1,1,True,AUL.AV_20180323161746_EV,ak18740223,ak18740223
stead_event_01552,1b918b878b308e214e371403f7253aa6836a3133a9d8d7856eaeab81c71ac1b7,1,1,True,AUL.AV_20180408174940_EV,ak19111454,ak19111454
stead_event_01553,b01579df13f6310471c0b9d97b758e6d8de556acab02e3068b5606ee803fe3b8,1,1,True,AUL.AV_20180603161915_EV,ak19702124,ak19702124
stead_event_01554,2d2a3dfa3dab404d734fde569f189db105e603b00cc9a1aaceb4618694e631fc,1,1,True,AUQ.AV_20131113081922_EV,ak10844368,ak10844368
stead_event_01555,550913221f16ca5a73e0de3ac7d9ffdf799e5c75f330c136b28fb7e56c766f46,1,1,True,AUQ.AV_20131116144155_EV,603794489,603794489
stead_event_01556,ad9361591d8aa4c9df0f2a06e62a2d5d5ad1502ed9c074db5e73121fd9ac2526,1,1,True,AUQ.AV_20131116144158_EV,ak10852714,ak10852714
stead_event_01557,e2e34279e3ee41cf00440ba8db5d589f62171ad19860dc907d1bad7d77a1a7a9,1,1,True,AUQ.AV_20140105225903_EV,ak10972713,ak10972713
stead_event_01558,dd49cfb89dac2ea2078b7d047bfed6dcd2b2c5fa143d532247014eb06d5df6d8,1,1,True,AUQ.AV_20140105225907_EV,603928538,603928538
stead_event_01559,8f5cdc433881fcfc318999b8011f9f11cbd79389e9345d7a5869c49d5e6b5b2b,1,1,True,AUQ.AV_20140105225908_EV,603928538,603928538
stead_event_01560,7b8fd84f094fb715ed5f09e5c2241249ea7d8ac8c40a0facd3145d30fe9bce56,1,1,True,AUQ.AV_20140114192509_EV,603956739,603956739
stead_event_01561,57cf3684ae25075fad6af4cd52b0056c4fb1edb4c8ac3e4196ca925770856aee,1,1,True,AUQ.AV_20140114192514_EV,603956739,603956739
stead_event_01562,6d3b15a3b04545c2601fd64a15938cd95094e1bf1f9076259508d16f97fa171f,1,1,True,AUQ.AV_20140129143358_EV,604014486,604014486
stead_event_01563,c1814c8effe2420c33ce9b831a0a216dad8bb47283bed1df10f533ad0aa269c3,1,1,True,AUQ.AV_20140201224858_EV,604030796,604030796
stead_event_01564,09ebe06f6c49c60d08299c60b0efbbab1eda09a35f3f476123a0141f09326e23,1,1,True,AUQ.AV_20140201224901_EV,ak11152086,ak11152086
stead_event_01565,c21c1cb44ba9bcff97530afd54bb512b11ab9601edfb1614f885bc5db83fb354,1,1,True,AUQ.AV_20140218115538_EV,ak11166338,ak11166338
stead_event_01566,3ae0e237d6bbacd12d6d3687876f76d61555c09e7947e73bf5fd00b247ff576e,1,1,True,AUQ.AV_20140311022106_EV,604107855,604107855
stead_event_01567,269a679be606a25ebace11935957044a80e6570da704d1e16084ec5309c33235,1,1,True,AUQ.AV_20140311022107_EV,604107855,604107855
stead_event_01568,4ace5a0620b9f6b86cfcb2e892ad7b541f361711dba0e680f0f5fd0943548809,1,1,True,AUQ.AV_20140311230706_EV,ak11184586,ak11184586
stead_event_01569,c7c8dba2be7ed43b290b7ae1ef818c400a3cf065b1ff84548ddbee8db3a1e939,1,1,True,AUQ.AV_20140312084339_EV,604400615,604400615
stead_event_01570,2f287f0912e8fa188ae26eed6986769736f4185b44b1f7b347173d5fe583f45d,1,1,True,AUQ.AV_20140312084340_EV,604400615,604400615
stead_event_01571,abca4eb93d2f48daa64d6ade6292e8f96e2773b7d8eca710dc329817ad361ee2,1,1,True,AUQ.AV_20140312084342_EV,ak11184848,ak11184848
stead_event_01572,aebfb2b7f9611eaf9271e8cdb99fc30c3871653e067276b052fd4f934094f772,1,1,True,AUQ.AV_20140420060241_EV,604464838,604464838
stead_event_01573,81527ff32dda4145090fbe5be4af02b4927ef958b67c88479bd3504c5a8fe78e,1,1,True,AUQ.AV_20141001132034_EV,605469473,605469473
stead_event_01574,adac4f8769ea597be4b52b7ada5d432a881ed0c5a2967cccfb1c5aad1f83aab3,1,1,True,AUSB.AV_20170929142712_EV,ak16943471,ak16943471
stead_event_01575,cdc3461252e984be77569ca18cef53be37cbf30f8577d45b4e139b651081cc71,1,1,True,AUSB.AV_20171114132933_EV,ak17211585,ak17211585
stead_event_01576,12c7b4f84c9878706f98cfcf912f7047cb38639b1fcbafe6a37cf1837eeae715,1,1,True,AUSB.AV_20180107071841_EV,ak17974472,ak17974472
stead_event_01577,b82d84f20d633861f20dabd9a0fb16d890d9df2b067e15675c602128e097d3d2,1,1,True,AUSB.AV_20180206194041_EV,ak18378155,ak18378155
stead_event_01578,87cc94be8e8ecae7a8b0b979381eb8ba528d2e5391844daf7fdde3a633d92d50,1,1,True,AUSB.AV_20180323161748_EV,ak18740223,ak18740223
stead_event_01579,bf9d729d23d28daf0c53e2b569f60e481fd06135c927291ba0e988f96cd75125,1,1,True,AUSB.AV_20180603161911_EV,ak19702124,ak19702124
stead_event_01580,79191a94e65da253e1b2d791120f9fe4e73db0173bcf155439ea39788e8bc358,1,1,True,AUWS.AV_20180107071838_EV,ak17974472,ak17974472
stead_event_01581,eb2df8c37a075884ec183972b5c9a0399f8b5a58625edbcbe819eff5403b249c,1,1,True,AUWS.AV_20180206194042_EV,ak18378155,ak18378155
stead_event_01582,ce36481ddfd02138c6959a560f31391ff726abd60a8497eada57a5166505b5c3,1,1,True,B003.PB_20140321185024_EV,uw60725606,uw60725606
stead_event_01583,4d83643ebdb94aab988007e519d6c327b93c8b6cc7b4cbbb65508787730d4a55,1,1,True,B004.PB_20140321185025_EV,uw60725606,uw60725606
stead_event_01584,9b3cc2dc91871da1a084743087536fbebebe6bf450a12e7c32cc657c5505dff3,1,1,True,B011.PB_20110208163635_EV,16012717,16012717
stead_event_01585,826a123874facb9ab077c1e0e2c878c1c955bbdfc8829982ad924fbf71b64340,1,1,True,B011.PB_20110208163638_EV,16012717,16012717
stead_event_01586,b73306ddc5cd38666e68aa44a7e94d18e3196d1adede1fb03cc471f867f9688f,1,1,True,B011.PB_20110619105518_EV,uw10819223,uw10819223
stead_event_01587,b478710ffe458a905bf54195be187b8b1269a271d5f985423387ed3501686b92,1,1,True,B012.PB_20150108020251_EV,606505114,606505114
stead_event_01588,08dcae513f7354358a5d4d74246ebac60b53c18c538d57283d860e3ada9cbd8e,1,1,True,B012.PB_20150108020252_EV,606505114,606505114
stead_event_01589,018969815cdb92c7b4bd02b487f4e330fa98cf33674f0e04e69afae724e62962,1,1,True,B012.PB_20150108020254_EV,606505114,606505114
stead_event_01590,3ae996ecbf4830565d3f8c9840815e8866a840bb908321d994c06c63d1b5f070,1,1,True,B012.PB_20150108020255_EV,606505114,606505114
stead_event_01591,2393931aca7a45852732095522fcd06184105c674e282af669388ea90e1a852d,1,1,True,B013.PB_20110606023516_EV,uw10816778,uw10816778
stead_event_01592,413c3e58966e5f34baf199400bc3fc5630479e2ed39c7e2372304155a3a208d3,1,1,True,B013.PB_20150213190243_EV,608553894,608553894
stead_event_01593,6755e862e6cd75e657ec066460d13de7cd007e65b8391a89e8a70990c2e8a2ad,1,1,True,B013.PB_20170518181531_EV,uw61267487,uw61267487
stead_event_01594,8f63b09a6b12ff12c53096b1f3daea5491a22059ada7116b41b971bcd4b8cacc,1,1,True,B018.PB_20150202110200_EV,uw60952487,uw60952487
stead_event_01595,fe0c79607849a2b86efe930f4dd4e3b8f156a8a2bc5de0eb68565451377c3e2a,1,1,True,B030.PB_20150726024230_EV,uw61045737,uw61045737
stead_event_01596,dedbbe055971713de9767af737d2d4bb4fb5ffef099b3b02992199febee596b4,1,1,True,B039.PB_20120510094140_EV,nc71779090,nc71779090
stead_event_01597,7c57388b398adbfaa0b4a2ef68ea53aab329ee2fa89cda998a59d56f04bb8d36,1,1,True,B039.PB_20140221090217_EV,nc72172016,nc72172016
stead_event_01598,29f0048252a2eec93e8734da9429d0796596e8c6ffd5bec4fcf9ad6a23c8b020,1,1,True,B039.PB_20170227114818_EV,nc72768511,nc72768511
stead_event_01599,c087f98349aa2d982cd9d2d1a3b1576fd64fd6f73f4fe22c12f3b4c4aaa600b4,1,1,True,B040.PB_20140221090221_EV,604059721,604059721
stead_event_01600,9573b226f223b5f2347c7c78aac0b48299c4d50c67fa4343e18c0c779b91008e,1,1,True,B045.PB_20120520111620_EV,nc71788691,nc71788691
stead_event_01601,8338ae2c8b63a58297a1e56515068cc54b2ceb62b46244e2bb593c3accf3adad,1,1,True,B045.PB_20120522171843_EV,nc71789946,nc71789946
stead_event_01602,b5d270c5297807c7cb4a36c5650fe6c9b1ccd933137e3ba725a364d31b7b3396,1,1,True,B045.PB_20120523201913_EV,nc71790466,nc71790466
stead_event_01603,ef060e5ef6d6c22c30c80a53e6468f152fae8f7a6b4a3a4df734a9784cc42fa9,1,1,True,B045.PB_20120603195243_EV,nc71795776,nc71795776
stead_event_01604,35b9cd476fd9187183e6251a35ebfa0e03d7ade40d88a92e300656593a9016d2,1,1,True,B045.PB_20120712103909_EV,nc71815561,nc71815561
stead_event_01605,a35f1ff2ae5d2cafe2588c5b7bab478e2453742a3d04221d8076c6346a027c25,1,1,True,B045.PB_20120712122708_EV,nc71815591,nc71815591
stead_event_01606,7c48794e4ec156152f409ea89d0b0fc1912135dcccf0876c1dea0bbfb944a46d,1,1,True,B045.PB_20120720191635_EV,nc71819331,nc71819331
stead_event_01607,00f8804fb2db7da99d12c4f2fbf2245904119fb72dbc8fe4d944bdbc956ca388,1,1,True,B045.PB_20120814044833_EV,nc71831291,nc71831291
stead_event_01608,8dc6fd0aa7859308c66dace82873d5e723b91f41e8b240d956e1a1dfb75413fd,1,1,True,B045.PB_20120825024713_EV,nc71837016,nc71837016
stead_event_01609,c8e7ed5a6af3a905200543d9119a29f8199904fb0cd86012f87363711324269a,1,1,True,B045.PB_20120905133831_EV,nc71838070,nc71838070
stead_event_01610,d4b2ed7081f8016ad6914d4a8b770658f72cfe1c795161f394b78cf573ee39c0,1,1,True,B045.PB_20120909221330_EV,nc71840145,nc71840145
stead_event_01611,eb2031a0731c8293173eb47510f22dda0e6fd931f9a81efe9cd21781b8548f77,1,1,True,B045.PB_20120909221333_EV,nc71840145,nc71840145
stead_event_01612,2ab9bba257ebff680162864cc4cbf22c452a35a7ad97516a9a3e20f078954c0a,1,1,True,B045.PB_20120914115718_EV,nc71842080,nc71842080
stead_event_01613,c71469bfc1f8b6720888233c7673793a51dcd4a512b0483e69c55eabb28d09cb,1,1,True,B045.PB_20120914181947_EV,nc71842255,nc71842255
stead_event_01614,752bdaf7440da65a2ad431f154520c030eb33dfa66a953483758e0d532944e7d,1,1,True,B045.PB_20120914182159_EV,nc71842260,nc71842260
stead_event_01615,9f847617fd3ba83f9028017def95f9a67d322d404c825a3a440aa146a169b13f,1,1,True,B045.PB_20120922025525_EV,nc71845790,nc71845790
stead_event_01616,69fb5d4a6b862c31e7c90d015f154f86feeb029b99afdb1e3c599d8444399224,1,1,True,B045.PB_20120922133326_EV,nc71846085,nc71846085
stead_event_01617,98c6cb603cc3c10edbe50e9fda029eaba8c5a52422ddf3452511718aa41c6f01,1,1,True,B045.PB_20121013153147_EV,nc71858955,nc71858955
stead_event_01618,64942a9ce9898241373df10a3713373320076deffd1858ad1d8a91e1555c173b,1,1,True,B045.PB_20121023074555_EV,nc71865635,nc71865635
stead_event_01619,5091b952c9bb2f6c0b335f30734aca5524fd18beb565736d7889be593cca7195,1,1,True,B045.PB_20121204133159_EV,nc71898316,nc71898316
stead_event_01620,aa088e1c4cc1799a457355df588b070a0db23e0ab76c63fc540223e450580e5a,1,1,True,B045.PB_20121219120226_EV,nc71907486,nc71907486
stead_event_01621,db40de79422bf2107fcdc60cd6803b4ddb92ce48eca12e9a57491597c315357b,1,1,True,B045.PB_20121220081740_EV,nc71907836,nc71907836
stead_event_01622,ee6980b0409aa691fee35027d0c74f6b35367eaae4b086a36827ea16868c0adc,1,1,True,B045.PB_20121230070157_EV,nc71912466,nc71912466
stead_event_01623,a62c7a40a5757739c57f74ef3f794ea33ea3a751fcd862b4cbe530db7cbcba6a,1,1,True,B045.PB_20130108104634_EV,nc71917146,nc71917146
stead_event_01624,7f0da4e7e79ee793ef1c2bff49fc3477e7349d29c0ae2f3fbbef1cbb7d291856,1,1,True,B045.PB_20130110155504_EV,nc71919066,nc71919066
stead_event_01625,09c5e11b2ec367f73b9261b13a55d0c3990063d73ba25ee643ffd3b60bc93c5a,1,1,True,B045.PB_20130214182644_EV,nc71937430,nc71937430
stead_event_01626,0c6da2426d02d4fd2c448b8ee11ebb7e0bd1860e514531d1540da83e6a9d651f,1,1,True,B045.PB_20130215183204_EV,nc71938025,nc71938025
stead_event_01627,84caf904dac8e6b7abdfbaf7082032da61fde7511c58e04f3595ea81529e4c14,1,1,True,B045.PB_20130219102034_EV,nc71940295,nc71940295
stead_event_01628,6a2e8cdf960f23c9616e85f0023adb4a9d25e59b4e14d942aee06c5368885b15,1,1,True,B045.PB_20130301231111_EV,nc71946770,nc71946770
stead_event_01629,1c14e36ce7e0f7a953e4b4512897b3f78e80de86a7c0e67bcb941a82d471507a,1,1,True,B045.PB_20130312034023_EV,nc71952505,nc71952505
stead_event_01630,c87208c00f10b9c1be44c3289571b4e81216c626ef77b7a724450453a7906c35,1,1,True,B045.PB_20130326143712_EV,nc71960855,nc71960855
stead_event_01631,e4a4658a75471d23c558ec522d2d57c67886090a04dc02482078abf322fb429f,1,1,True,B045.PB_20130328124447_EV,nc71962080,nc71962080
stead_event_01632,31c8bfe9176fa3686dba4674f4f77978364cd284739bc4f42431d3ba0465ef49,1,1,True,B045.PB_20130406194058_EV,nc71967375,nc71967375
stead_event_01633,d3e951abf6069e88183ec82452ff9a1c8052d2e1043c8a83b56c9b490375aee0,1,1,True,B045.PB_20130409154041_EV,nc71968695,nc71968695
stead_event_01634,96745fab63447f487047c92b60d42a30958b4323302d58671ddaeb412d056788,1,1,True,B045.PB_20130419004639_EV,nc71973570,nc71973570
stead_event_01635,aa267574682b8a571cf22cbf416adfe9cbde3fc523a1dc17a44bdd548d3380a8,1,1,True,B045.PB_20130430151422_EV,nc71979765,nc71979765
stead_event_01636,0dbf464d0fb3677aaffd0c24169bc4b8a77811c00235d433e1fb13a83cc014ba,1,1,True,B045.PB_20130501210325_EV,nc71980360,nc71980360
stead_event_01637,79107fe2b1bd6da6ba18f8d6ef21da1ed7429733e8f83a1dce484b53cad358c7,1,1,True,B045.PB_20130501210544_EV,nc71980370,nc71980370
stead_event_01638,3d1fa767d4ba7de244278c7ae429dcdd0e940f6bd7dd88ec178b4302124c5a9d,1,1,True,B045.PB_20130501210545_EV,nc71980370,nc71980370
stead_event_01639,5cfd4d8eb3094c15e54598575875de78babb4699c8d6beb982e6e2acf016536a,1,1,True,B045.PB_20130502003047_EV,nc71980445,nc71980445
stead_event_01640,f0b595af4558434fd75ac61ec996a701e20ba1e697d02d23919585f34aabd14a,1,1,True,B045.PB_20130502041935_EV,nc71980540,nc71980540
stead_event_01641,04a692ae71fc254be61a5da9d85061638bb6d8b7f02b7a28d1eff8c19c317f45,1,1,True,B045.PB_20130517101004_EV,nc71992936,nc71992936
stead_event_01642,b7804d22452ba6ddbd7befdbfd1ad11a79b5c3b98a15235edd1e82b1d3bd1059,1,1,True,B045.PB_20130518140230_EV,nc71993646,nc71993646
stead_event_01643,429ec81bf9a5d38b034cce2e4fa6930da490d689739b5e0e7d4f01076d0eb647,1,1,True,B045.PB_20130518155407_EV,nc71993701,nc71993701
stead_event_01644,8e442326d7c960b9f2381488fcfd77142b408b93cd8ff6bff46f8616f6c4e1fa,1,1,True,B045.PB_20130519060450_EV,nc71994086,nc71994086
stead_event_01645,0a71027ba30c454e8ec1c6db025671f54887f1c933322bc892a0c812f2ccf540,1,1,True,B045.PB_20130522212641_EV,nc71996146,nc71996146
stead_event_01646,d84e72015b39a5bc3228876739541eb201f900e1fc53f187dfbc5abeea896c0d,1,1,True,B045.PB_20130626041200_EV,nc72015675,nc72015675
stead_event_01647,d1fa7e0d667b3082a75561ba479c40d30f5a869e6eeecf5a2ebfa6f99f07511f,1,1,True,B045.PB_20130626041202_EV,nc72015675,nc72015675
stead_event_01648,9d698d545a2b97d3a85c52a0cd29a2a61649fb7b2031ba7645c2def38533ad26,1,1,True,B045.PB_20130702105401_EV,nc72018865,nc72018865
stead_event_01649,6e479458eb3416c185394daf76718477519a991d4cac6c90a6d7b844b75db516,1,1,True,B045.PB_20130706033130_EV,nc72021855,nc72021855
stead_event_01650,e0a015d9a2b1c4c1b6ed834464bcf29d78067b779e88455b54b17312f58b4e4e,1,1,True,B045.PB_20130706082856_EV,nc72021945,nc72021945
stead_event_01651,70c4eb48b3cfa46445d98eccafe25843a72c6e82233321df9b93200e5fa8306a,1,1,True,B045.PB_20130729135936_EV,nc72036165,nc72036165
stead_event_01652,9b020839938530cae80ccfb5a0c1da0c4420c88ae27857ef45e089f33544a9f2,1,1,True,B045.PB_20130731180339_EV,nc72040786,nc72040786
stead_event_01653,3fcb10de8acaf6d8863bb4cd836956617feda3123dc6fb4c224d6e04b53e12ef,1,1,True,B045.PB_20130811042435_EV,nc72046966,nc72046966
stead_event_01654,9c139b7a67c5e61c3901aa7738b82830af8e2aa59628c5d29cd97f96d691f3ed,1,1,True,B045.PB_20130819083717_EV,nc72052081,nc72052081
stead_event_01655,50cb13eaa21624c1fb5ed519d1f93f3d2a24b4b761ca248ae4089ee935f577a9,1,1,True,B045.PB_20130822032335_EV,nc72054076,nc72054076
stead_event_01656,8f8eec0890f1e6330d9775ec10fa56ec303b74d82fa876ab261ec0c4a1ffe783,1,1,True,B045.PB_20130823201052_EV,nc72055081,nc72055081
stead_event_01657,9214551c2f3c9ad639f2d9d3fe5d0f4fa1e9e9791b7db6aa4cb1dbc12e97bda5,1,1,True,B045.PB_20130825163312_EV,nc72056176,nc72056176
stead_event_01658,eec0edfddda51e7b994b591f86352690792033d74bdd091651eba5c3f300d1f2,1,1,True,B045.PB_20130904093224_EV,nc72063471,nc72063471
stead_event_01659,cb98fa2e2b670ecf3556714b414a4bcb29794273ca44189c2e564410d074e2d7,1,1,True,B045.PB_20130909004053_EV,nc72066376,nc72066376
stead_event_01660,3dc4e73259ddee2506897f7993d15083a273d341032035b9a410cd2c6d138117,1,1,True,B045.PB_20130914032837_EV,nc72070096,nc72070096
stead_event_01661,383f51e70892585a2ae7f3169a6444a816dc8c1a253b4b7effda615b56e4c01a,1,1,True,B045.PB_20130924213637_EV,nc72076146,nc72076146
stead_event_01662,176e788825ffdcd070eaa95e9c8a4d449685aff9dda38a71ebbb30392b273b22,1,1,True,B045.PB_20131004144205_EV,nc72080926,nc72080926
stead_event_01663,fbe02188e5c79e2caf363afc4e5e7e3532cab3a937110a2c3db8015193c6a1df,1,1,True,B045.PB_20131008132233_EV,nc72083511,nc72083511
stead_event_01664,961592528b0832d8b9aa39bc9a83ef161322ba8d1c0309efc944ddb002f5a54a,1,1,True,B045.PB_20131008132514_EV,nc72083516,nc72083516
stead_event_01665,87f06be8625f8b11679dc49f0ad652d9b6f947dc0d67a9e4c737b62012e0698d,1,1,True,B045.PB_20131018203632_EV,nc72090371,nc72090371
stead_event_01666,7a45bac614be57ff8245bf25e9960943e0ff5effd810250f66444bf55c8c90e3,1,1,True,B045.PB_20131026113642_EV,nc72095851,nc72095851
stead_event_01667,b0827b4655f335cf85f3ef3e41c97884341ac9401689e25c627777d3148cf67a,1,1,True,B045.PB_20131027223318_EV,nc72096591,nc72096591
stead_event_01668,ef530c64be61cf03f6800e232a53d049616b3b34f69f97864c8b4d7925ca639f,1,1,True,B045.PB_20131101030014_EV,nc72099381,nc72099381
stead_event_01669,7f6dd08942adcbb2abcaad85300cc8613c893f5310d2d8e22c53b42c0a2eb8da,1,1,True,B045.PB_20131102222919_EV,nc72100381,nc72100381
stead_event_01670,3a031bd3aa3b8e144a2dbec9cf27393a52405fb167c192b03eb1d7f0c2b9d5f8,1,1,True,B045.PB_20131117052749_EV,nc72108751,nc72108751
stead_event_01671,33f135be8554270eefdbb09675be5d988d30bdd735d66be2f8ec31eabdcbf66b,1,1,True,B045.PB_20131118141925_EV,nc72109551,nc72109551
stead_event_01672,e83ce84f6948d628f7373239b1c87f61cac9ed0edd34482c58eebb5beef64132,1,1,True,B045.PB_20131121004853_EV,nc72110711,nc72110711
stead_event_01673,a897132f600146a8e9324e1e0e4e121f4262fcc32429742ff1379407fcf0a9af,1,1,True,B045.PB_20131126054818_EV,nc72109965,nc72109965
stead_event_01674,d03cc60431a974ba877b5e956ad4eb6e10b480351e031969a9bd03ee6b031ddc,1,1,True,B045.PB_20131204084416_EV,nc72114295,nc72114295
stead_event_01675,488a3fc43102f5b87103fc69cf5218ae8bbae154cea193c9173890a413e797d8,1,1,True,B045.PB_20131228221859_EV,nc72132331,nc72132331
stead_event_01676,987c2a8050f6d9ac1c42c81080b63bdd892b740dd2725260683269eb52c403b2,1,1,True,B045.PB_20140102062312_EV,nc72134626,nc72134626
stead_event_01677,3912eb3de5576468d53539b9f2cecc2e1bec68ebfeda0ce094d7b96a8b9a6bd8,1,1,True,B045.PB_20140118040540_EV,nc72142395,nc72142395
stead_event_01678,697969a85164c05971e15217a534de565682497dd6206c5eaf68c0d41cc88438,1,1,True,B045.PB_20140122130901_EV,nc72144950,nc72144950
stead_event_01679,91e8fd48ea794e88f73baff907466bed702dcbd2b68abd7fb6eaa42a75d261d0,1,1,True,B045.PB_20140127202522_EV,nc72147535,nc72147535
stead_event_01680,174c8b0ee5f91ddac7f813d2fa55ff01c7ff1bc4205918d5a18416255e7d3b34,1,1,True,B045.PB_20140206025542_EV,nc72157001,nc72157001
stead_event_01681,84c3293726e0370f9e2dbe4762771714fc1835a3c3e8136d8089888f7b532500,1,1,True,B045.PB_20140221090300_EV,nc72172021,nc72172021
stead_event_01682,509d7a8cfdedb448eef797b08f22f12a9086cf9d5d34370092b1b088e2f4befc,1,1,True,B045.PB_20140308200728_EV,nc72181116,nc72181116
stead_event_01683,0766cbb811c17468c7d212ec2a36edd0708dac3ce7fa3a74ecd3c0ac5a6e8699,1,1,True,B045.PB_20140309191345_EV,nc72181796,nc72181796
stead_event_01684,6bb69a4ded6070a731fd33269da3526f015573375d9f1e17c73b39b7cdcb3860,1,1,True,B045.PB_20140315232701_EV,nc72185936,nc72185936
stead_event_01685,2204b45ecff64bf85624482dfdce73f1736c67d8648fb3fd958283fffa7de3b4,1,1,True,B045.PB_20140319025658_EV,nc72187681,nc72187681
stead_event_01686,33686d2ada0f3566ff3b425c5ae613b72324f0ea9154c80eaa0d5c98b5556461,1,1,True,B045.PB_20140319095708_EV,nc72187866,nc72187866
stead_event_01687,c599fe63fea2860281ee7688cb205a2c5ad5789d6b40fc5a8db244f70576b453,1,1,True,B045.PB_20140320012000_EV,nc72188301,nc72188301
stead_event_01688,854c0e05044620342c4255fd515fe2cd339f2aaadf9cfc4ace177807230c9477,1,1,True,B045.PB_20140320155419_EV,nc72188586,nc72188586
stead_event_01689,dbef208254148776c657f446fac85d2d07109db8dd367a61be76f740984957d7,1,1,True,B045.PB_20140320184136_EV,nc72185210,nc72185210
stead_event_01690,acb82cbfa4763baddb7a978cf080d747c91f21bb1c11417920147d4d33c411c0,1,1,True,B045.PB_20140327074552_EV,nc72189495,nc72189495
stead_event_01691,2370c9b4ec800a9d48ef734302f84e37169a9c90e4c74a42021fc5a27a78cb59,1,1,True,B045.PB_20140328234729_EV,nc72190295,nc72190295
stead_event_01692,47e7ce1cc42051db55d76a3b31e5b48b8b2a2c944930fec667023ce43dc94bb5,1,1,True,B045.PB_20140419234505_EV,nc72202190,nc72202190
stead_event_01693,23f0b34badcf1bce9ce991dd71c86f164e80e733791b0d079420ab9533561d2f,1,1,True,B045.PB_20141224015532_EV,nc72369331,nc72369331
stead_event_01694,880ac48cdc60dfe5eab22d28fae71c722e572eb756f3a2b855ff6ea5f5e9bf52,1,1,True,B045.PB_20150802150918_EV,nc72499496,nc72499496
stead_event_01695,eb0ed484610adb5be59c4eec1a89fedb13dddec9aebcd7f0a9058f2313dda837,1,1,True,B045.PB_20150831165937_EV,nc72516481,nc72516481
stead_event_01696,896df88f44c9dcda52b99917a57f5546e5c1abd5ec06715c78bfb9ed4ab7ebc6,1,1,True,B046.PB_20120429002745_EV,nc71772655,nc71772655
stead_event_01697,a6cc1975015ebe5e1faa5cc182d1b046abbea8fa0e83ead74fdca907f1c0f0a7,1,1,True,B046.PB_20120509205555_EV,nc71778655,nc71778655
stead_event_01698,aa5a3b8c1f6484280d9cc73f8f44b986a4e61d30faa7e327cef34095a3752b59,1,1,True,B046.PB_20120511121227_EV,nc71783871,nc71783871
stead_event_01699,73760aef435fba94049409bb3ea1796cd16bdfb8b70a440fa3abd5c9bfb10bde,1,1,True,B046.PB_20120512102841_EV,nc71784316,nc71784316
stead_event_01700,d7b5224aa1e5d99c35338d3cb67e6c626dbf8fe4f0243e7ea2045901570b80a5,1,1,True,B046.PB_20120520111614_EV,nc71788691,nc71788691
stead_event_01701,1180b98145c8e757c6bd47f2371247a4475059a26fde53875396904f0531ef92,1,1,True,B046.PB_20120523201915_EV,nc71790466,nc71790466
stead_event_01702,82aa37e09e8235e2fe0824f76d944831ccba02d513068a55500129d4c49a4b41,1,1,True,B046.PB_20120531010035_EV,nc71793886,nc71793886
stead_event_01703,f935f6dc33bbb965f41b68bf9a7e3122f515ed44661f94f67718e68035d6887e,1,1,True,B046.PB_20120605172813_EV,nc71797161,nc71797161
stead_event_01704,eb7553c5aac876bc14e5546fcbb087f568881b22bb94cd5c541e8e2ef0777833,1,1,True,B046.PB_20120610054721_EV,nc71799186,nc71799186
stead_event_01705,77f56bf5baa61d5a316692874196cd324447f1a8410c8ebc7310e491b1586612,1,1,True,B046.PB_20120613001853_EV,nc71800371,nc71800371
stead_event_01706,d823591a62fe83b192731d3d10c8016aab3bff0a35fdfbcebc00137b15c5fb00,1,1,True,B046.PB_20120712122704_EV,nc71815591,nc71815591
stead_event_01707,b5cf3cc0de81c4311bcc042c4a774e841e6e77614766de454a005975cd542336,1,1,True,B046.PB_20120720191634_EV,nc71819331,nc71819331
stead_event_01708,f85b34a6f5a0da8c1a5b13bce4641879d6ceea8815394c7167c2d4a422e5ecb1,1,1,True,B046.PB_20120727101328_EV,nc71822636,nc71822636
stead_event_01709,b873ee8f606a1dd8ec63a9b0a6f730b65bd59f6ebfbd2a4d884683937b818e08,1,1,True,B046.PB_20120811063940_EV,nc71829596,nc71829596
stead_event_01710,e2d75e63cb5cca299d5994f7f5899031c7bc8784e256ec0f3355660037158550,1,1,True,B046.PB_20120814044831_EV,nc71831291,nc71831291
stead_event_01711,b83e33c6e3d9962df181dd87e2bad96ebd150b8d2d8d94d5e99e1a329996f8fe,1,1,True,B046.PB_20120815194346_EV,nc71832046,nc71832046
stead_event_01712,70ae32ed975c544566db75a8a5c150fe6984beb6468b34b74545ef1c1f6859d2,1,1,True,B046.PB_20120826225131_EV,nc71837896,nc71837896
stead_event_01713,0dc75bf15997ed7b51d33c86861efe408100d18462a4b515965053b37e6282c2,1,1,True,B046.PB_20120909221330_EV,nc71840145,nc71840145
stead_event_01714,bb51696b085036c5e9c92ede4ad54e035dd5b966858a770edaa48e86c8c7424b,1,1,True,B046.PB_20120909221331_EV,nc71840145,nc71840145
stead_event_01715,79dc921d331aa13909d6e9c89686881095bce1853ce581366005c32e75fe1442,1,1,True,B046.PB_20120914181947_EV,nc71842255,nc71842255
stead_event_01716,69fa459c734e2bfa1682ca30d8775147a5a75ba14ee7b98571f2cc1a647a5abb,1,1,True,B046.PB_20120914182159_EV,nc71842260,nc71842260
stead_event_01717,05ba9aaafb0df896f09a28ccc23e2460cf3b919a8630ff036a1b2cf211e03371,1,1,True,B046.PB_20120922031306_EV,nc71845805,nc71845805
stead_event_01718,72d1668cc5f720e3ecb591c2a8f5ae5365b51dfa8bab31a50232e130137e94d1,1,1,True,B046.PB_20120926102254_EV,nc71848245,nc71848245
stead_event_01719,6acebfa7c6310673c1270cb9475ac954a318a42bcdd0da509caccff3dbb91f78,1,1,True,B046.PB_20121023074546_EV,nc71865635,nc71865635
stead_event_01720,8f654b3aafe155d8ee040d6dffe73615e23ec600fbb3e38150f49286a89db061,1,1,True,B046.PB_20121121052722_EV,nc71890486,nc71890486
stead_event_01721,6fc01edbbdf6de0cb946eb855112d2bc47a492b479b3be55012caaa94ba453b5,1,1,True,B046.PB_20121204133156_EV,nc71898316,nc71898316
stead_event_01722,231cd2168022c1f3a92574c3f925805cbddb7ae93560638ecfd0cedaeed688a8,1,1,True,B046.PB_20121204134356_EV,nc71898326,nc71898326
stead_event_01723,a23de8cb1a9c62c702880a595089a28fa1eb27cfa67d910da83c3fb54dc24f9c,1,1,True,B046.PB_20121205190021_EV,nc71899071,nc71899071
stead_event_01724,59bcd757dbfd94072b5cb83d85d8c133c056cc94541785723ce94479332122b5,1,1,True,B046.PB_20121212154945_EV,nc71903411,nc71903411
stead_event_01725,4063eed2b9100400f9ae595997dfdd2037c769cf246389e5f1f3b985c7494634,1,1,True,B046.PB_20121219120217_EV,nc71907486,nc71907486
stead_event_01726,c4d42d625d703bf9eeea88774db2c6ff8885a83964d9ac9ca3ed91b9abe66f2a,1,1,True,B046.PB_20130108104636_EV,nc71917146,nc71917146
stead_event_01727,a9cebc7586e249c59eaf4e087bad312c3d43985e203c68ae1e3428fe020b8b1e,1,1,True,B046.PB_20130109235942_EV,nc71918476,nc71918476
stead_event_01728,3334345ddcf4441d3a9b278ffa258fc80d58e90bb3d5a4fe2863a6d4e8577d99,1,1,True,B046.PB_20130111044640_EV,nc71919551,nc71919551
stead_event_01729,c328a341d5e59c54e0ff5bafe2ea70214bae13bc37abcdf330b2e9aba0ab5d97,1,1,True,B046.PB_20130113171738_EV,nc71921091,nc71921091
stead_event_01730,b9f17292751201252b7b24506504746fb902f3d8f89ac704537db14e978e3b47,1,1,True,B046.PB_20130214182637_EV,nc71937430,nc71937430
stead_event_01731,fb0dfa44199b0391d03bd677688c60c5021a74195559bacc4d0d035e9b120d20,1,1,True,B046.PB_20130215225829_EV,nc71938215,nc71938215
stead_event_01732,ebfe4f37ef7e2f123930144110dacfcc37b9fc471df8ddaa4e143ebfea9df92a,1,1,True,B046.PB_20130219102032_EV,nc71940295,nc71940295
stead_event_01733,a79306d1002874fc1dddf9a8e34e15e574f700b30e35011b106032bdfa4c62fd,1,1,True,B046.PB_20130222015159_EV,nc71942075,nc71942075
stead_event_01734,d670a4009a1fcfdab132586e228a8f4ce1ae6126d444050ad81a04bebb5f0117,1,1,True,B046.PB_20130303174648_EV,nc71947725,nc71947725
stead_event_01735,b7105b5673c6638b0137dee5cecebd54e2eb661f15e618de7cad518afa67849b,1,1,True,B046.PB_20130303184844_EV,nc71947735,nc71947735
stead_event_01736,411abfe2b07ecaa6773bffb321e06dce5abf70c2a5c2430eb8c533906e4b6ec6,1,1,True,B046.PB_20130312034017_EV,nc71952505,nc71952505
stead_event_01737,d92a6df0d878053b015cb5c58ec3d2f119d170154cf15819c5b9e4103639857c,1,1,True,B046.PB_20130321155623_EV,nc71957995,nc71957995
stead_event_01738,0a41b1d7391a75844345399a7fd7538e877c821f5db85c120adc42fc3fc3fefb,1,1,True,B046.PB_20130326143712_EV,nc71960855,nc71960855
stead_event_01739,05977c6fb32383fe8f0cf6d35ff11a9951f69761dfbd2bb2656c46f473e4e490,1,1,True,B046.PB_20130328124446_EV,nc71962080,nc71962080
stead_event_01740,e770cb8efb5adcac414c60d6e0607f2895ab238941c33470599bfc2d49e83b27,1,1,True,B046.PB_20130406194051_EV,nc71967375,nc71967375
stead_event_01741,607a5bf9d618ab1fe02a97ec99adf3702065f8ef88c1819ddeb8e15f836f29d4,1,1,True,B046.PB_20130409154039_EV,nc71968695,nc71968695
stead_event_01742,259e4b815c717314009adc0cb55ec2d960668c278d10ba9867cd414be3165f29,1,1,True,B046.PB_20130419004637_EV,nc71973570,nc71973570
stead_event_01743,f8455c4c282114445a9fe95d1f13b51d40decc95c0ca110ea8277268f6474519,1,1,True,B046.PB_20130423144434_EV,nc71976060,nc71976060
stead_event_01744,b4f9b69102bcdf0df86c002d6d338883d4e3c57f1617a351a759a0991e20f05d,1,1,True,B046.PB_20130501210316_EV,nc71980360,nc71980360
stead_event_01745,1682a868e990747dd69760d9e50a7aa843a38a9536fbefe49568426d50e8c18d,1,1,True,B046.PB_20130501210541_EV,nc71980370,nc71980370
stead_event_01746,a318d3166822173a6f76f65abada2f7fa86ab9cd8a3762cac05fef5c187769f5,1,1,True,B046.PB_20130502003042_EV,nc71980445,nc71980445
stead_event_01747,3f8074e8463abd7d6c296ce5134c5c248d04dedabce7c4e28acde81b5a7f652f,1,1,True,B046.PB_20130502041931_EV,nc71980540,nc71980540
stead_event_01748,f3095a633e13e38bd57a0ef84db8a81a90c4bd1871352505700437add0b2f213,1,1,True,B046.PB_20130510064416_EV,nc71988991,nc71988991
stead_event_01749,211eeecc64ce7d0eef4ca06e107d5e26b172f915c16dd6dc9e076ac7cadffe17,1,1,True,B046.PB_20130510104733_EV,nc71989086,nc71989086
stead_event_01750,6a8bbb71f060532c327be75a8c7f0751df933d2aba0a4fe1b37b2f1647118905,1,1,True,B046.PB_20130511061057_EV,nc71989571,nc71989571
stead_event_01751,70141066ed6cde0f23bcd2275c268dcf315258bea36998bf0cf7d7c3c8b2bf08,1,1,True,B046.PB_20130517100959_EV,nc71992936,nc71992936
stead_event_01752,faf6c6d84537936645c04e0b70a50cce1c90e6887123438bd51677ac03aca06d,1,1,True,B046.PB_20130518134606_EV,nc71993641,nc71993641
stead_event_01753,ea7fb66c686031f5f380175a11668911641ca19a17da8dc9f8f05226a5868453,1,1,True,B046.PB_20130518140230_EV,nc71993646,nc71993646
stead_event_01754,5ee69db60307810169db892b40838fdda8c1eb4c3d9899af4138c3fb85c4db94,1,1,True,B046.PB_20130518155401_EV,nc71993701,nc71993701
stead_event_01755,b1728ca93f88a660fd66ab3a4ce61cbe218a0324bf1d0ae90ebe72e13478064c,1,1,True,B046.PB_20130519060446_EV,nc71994086,nc71994086
stead_event_01756,6c5abcc6c38da070898bb5b6847116f3bccd8f0277b02cc1df4466bd0cd86717,1,1,True,B046.PB_20130522212643_EV,nc71996146,nc71996146
stead_event_01757,229dd0896745a01004d1d4006474ff964e9aca81bc6abe79b2821b40740eea17,1,1,True,B046.PB_20130609045106_EV,nc72004760,nc72004760
stead_event_01758,fe58fb5355e7c8beac52883950a70829b9216817b861f4ddc2793ecacd051aeb,1,1,True,B046.PB_20130614005513_EV,nc72007890,nc72007890
stead_event_01759,2ae7939fd2285fa774c755b96ad4c06d95b69ceee04cc66cad442e6299032f5e,1,1,True,B046.PB_20130624224659_EV,nc72015000,nc72015000
stead_event_01760,0b7c58e3477ded304e4d51e630ba5309772346c182689599ac3b3e5b2fd38bb6,1,1,True,B046.PB_20130630171353_EV,nc72017985,nc72017985
stead_event_01761,70914d33734a72bcbed53bf583ad706de3973181fb070e25ed7466e9f482bc8b,1,1,True,B046.PB_20130706033128_EV,nc72021855,nc72021855
stead_event_01762,36b20a8e22c8938c731dbaf3d44a6b10cd7f130be434daa4ed59ed2420ef1fac,1,1,True,B046.PB_20130711135051_EV,nc72024865,nc72024865
stead_event_01763,ff35d4b30bd6f54493d564a2c8c73c5ac1571d61b4701670d271370e8b6a8a32,1,1,True,B046.PB_20130719174301_EV,nc72029540,nc72029540
stead_event_01764,4cc3191464383dfe05905d848d98d1c1cc9d12e19c096c9be8c4b1b8520e682b,1,1,True,B046.PB_20130719174302_EV,nc72029540,nc72029540
stead_event_01765,a283fb28fd6add9cc0f9a2e558264b7731f2da1fde4161c680d5492ea76c0dec,1,1,True,B046.PB_20130729135931_EV,nc72036165,nc72036165
stead_event_01766,116e58b2470aa3b42e0ad2a532f8bb263934df06ccc9cf29748c4fd6fd668c2a,1,1,True,B046.PB_20130731180342_EV,nc72040786,nc72040786
stead_event_01767,9d6d567515ba3241aac8d15391b579d84c285c904f435d6234c665bd9e8e5e9f,1,1,True,B046.PB_20130731234751_EV,nc72041011,nc72041011
stead_event_01768,d6e8acfcff64ebf1e4e894ada62776bdc13796234c6ec256c145fa892e01bc60,1,1,True,B046.PB_20130811042432_EV,nc72046966,nc72046966
stead_event_01769,81191583d674ee04cdafb97f794a984e27e65ac924af96cba2dc019f56254d76,1,1,True,B046.PB_20130814180149_EV,nc72049236,nc72049236
stead_event_01770,7238db4756898c46a159a5910c0c8d6aee0a0d931bb836a316c97566be357047,1,1,True,B046.PB_20130819080535_EV,nc72052066,nc72052066
stead_event_01771,7e2b4a8fce4379e36ce73e1b2a2a9be9d4476cc07add47bbd614dddd0f6d1d73,1,1,True,B046.PB_20130822032335_EV,nc72054076,nc72054076
stead_event_01772,b1926040542a6039846a1852aa0b8d2c6b3d0827bf2f51b0ebceb3c9c40334ad,1,1,True,B046.PB_20130823201054_EV,nc72055081,nc72055081
stead_event_01773,5e85c3de1b8e8c229b43de734e7d46101864f8da7b7dc39802b37191179c7a27,1,1,True,B046.PB_20130825163307_EV,nc72056176,nc72056176
stead_event_01774,799d79b39930af9cf68829a1408d6379b970256fac05c1b8f17d94c4e201512a,1,1,True,B046.PB_20130830103813_EV,nc72059836,nc72059836
stead_event_01775,20bdc6d520b6ab9b82cf8bce0c059c60de190653aab86ace439aa95947d57443,1,1,True,B046.PB_20130904093051_EV,nc72063466,nc72063466
stead_event_01776,329eb754af4cbae1a5d73d009455dffbd9fc73d954e5b9c8035b8a7125d6ec76,1,1,True,B046.PB_20130904093221_EV,nc72063471,nc72063471
stead_event_01777,0853ad1cc2b154f36831dc4872aea624c7d2555cb05eca469046b4a04ed6e365,1,1,True,B046.PB_20130909004051_EV,nc72066376,nc72066376
stead_event_01778,3ef559088de6c024d5e28ef8a39dfaafe7928089de7daf96008d05811cf4c208,1,1,True,B046.PB_20130924081648_EV,nc72075946,nc72075946
stead_event_01779,20032c0edff14901896bc16a553928902a8b25a73d3594a21fb5812352adbc96,1,1,True,B046.PB_20131004144202_EV,nc72080926,nc72080926
stead_event_01780,26a00abe6e6dd2ab76fa396fba0eb7cef7744954317916a6130ca73fa5394cfc,1,1,True,B046.PB_20131018203632_EV,nc72090371,nc72090371
stead_event_01781,28d7f5a653af9873ed3160ea3b9da3cbb8056b12036f0b21d2e5a31776d97e8a,1,1,True,B046.PB_20131026113640_EV,nc72095851,nc72095851
stead_event_01782,ace7563ababa74979d95a1c0af49bb0b20c3a4bb75e4fcb4fe6610661ad37fbc,1,1,True,B046.PB_20131027223317_EV,nc72096591,nc72096591
stead_event_01783,c501a1e0357e3b2e7964cb7515f6a4d87f7c5cf2af693ee89d8bd6eac0593079,1,1,True,B046.PB_20131101030006_EV,nc72099381,nc72099381
stead_event_01784,e01fa66f007905239987713dafcd5f755bd562e1ba045bfc69433648e893e426,1,1,True,B046.PB_20131102222916_EV,nc72100381,nc72100381
stead_event_01785,eb0d3ab273a4f8c651f9dcf1db0f138f9fae25101778bc1e1f9fec7e26072fde,1,1,True,B046.PB_20131109161946_EV,nc72104256,nc72104256
stead_event_01786,386c52d3119572cfd16aeb6fb87fb6e9e52a75ee087773d590d8213cf3764edc,1,1,True,B046.PB_20131114212007_EV,nc72107726,nc72107726
stead_event_01787,4c558da847b28682207b6104236934db722d3123cc80f2e06bc63ba73c006f6d,1,1,True,B046.PB_20131117052749_EV,nc72108751,nc72108751
stead_event_01788,1958610c9ad4ea359cdcd5d817157925505d3a113b15bfb85ae55581db5e6aed,1,1,True,B046.PB_20131117224504_EV,nc72109096,nc72109096
stead_event_01789,78e48fc1cda9ca4528a026b8c12174f7402d821c60c1c0d6e79c29968b1aab13,1,1,True,B046.PB_20131118141927_EV,nc72109551,nc72109551
stead_event_01790,e763f77c3f48a0dac86c7fc1f2f2c861df61aecf9700aa6ae90676da261699eb,1,1,True,B046.PB_20131121004853_EV,nc72110711,nc72110711
stead_event_01791,81a18fd0db951ce6c1aa451c47c3f81c043ac6cbabb80e06d3a130ac02965e09,1,1,True,B046.PB_20131204084409_EV,nc72114295,nc72114295
stead_event_01792,4339dc6e71f19f588091afe1d0ccf080430701ee95c7104825a74d1c41b815fb,1,1,True,B046.PB_20131206195720_EV,nc72116145,nc72116145
stead_event_01793,de4d8e394c89a901acf4cd6325bacc197fd5394ce5958e696b46be03bd5742f8,1,1,True,B046.PB_20131216165620_EV,nc72122005,nc72122005
stead_event_01794,bb82ec13abc112203184b1f21fbbeafd38c2ae4727eb1ff4522712229f4d9180,1,1,True,B046.PB_20131216165746_EV,nc72122010,nc72122010
stead_event_01795,3ba9a8f14aaf16451af25565fc38d99cee691f7337af4ec421d77d5e8c26cae5,1,1,True,B046.PB_20131217132804_EV,nc72125816,nc72125816
stead_event_01796,b653e288f7644514fd51f6e69bae9e3f74176b86b055523da74ec3b275af57b0,1,1,True,B046.PB_20131217145907_EV,nc72125851,nc72125851
stead_event_01797,029ee44c115822e6642e00715249ef9c368eea42156a92f940e930a36db02b5e,1,1,True,B046.PB_20131228221857_EV,nc72132331,nc72132331
stead_event_01798,f1589aad777f3b05d19fe1fb895f2802cfad7f02485c2bc4646fd56d0675895b,1,1,True,B046.PB_20140102062305_EV,nc72134626,nc72134626
stead_event_01799,f86b4479340a403a741d8a0eb9810fddf27c3331ace3503020d1d54951bc02cb,1,1,True,B046.PB_20140103165424_EV,nc72135571,nc72135571
stead_event_01800,14d5b1707a603b49cb153978fe71d4ef8a4b72e072b3f90ceb2a8267a260bd79,1,1,True,B046.PB_20140118040534_EV,nc72142395,nc72142395
stead_event_01801,480d8f6696c62914b1917cda0310d3bf1a1747db57e882e290f18e1dae6540fe,1,1,True,B046.PB_20140122130903_EV,nc72144950,nc72144950
stead_event_01802,e2437a2192d5b0375e0110537e6cbd55e1e520599ab603eaebca7c2c09300772,1,1,True,B046.PB_20140127202519_EV,nc72147535,nc72147535
stead_event_01803,77cce3b39f4ebb11583d62e76b919670560de8ba337c399f49858d459857acbd,1,1,True,B046.PB_20140206025537_EV,nc72157001,nc72157001
stead_event_01804,8088c224e31e84d205303e5e14094dc7cd9b9354dc2287fb0b0add91d0363ee4,1,1,True,B046.PB_20140219100153_EV,nc72170726,nc72170726
stead_event_01805,99243de31a8b6ad03df4433c8293a8d994f078a0a268fa26fa31d4cc0ac2203d,1,1,True,B046.PB_20140221090301_EV,nc72172021,nc72172021
stead_event_01806,ed43564fed5660bd20bf1a8664ea2df5aa8f50529cd4b466b8527c98984d502b,1,1,True,B046.PB_20140225131026_EV,nc72174681,nc72174681
stead_event_01807,4de8e5d22013b43c38dbc800bd5f8247745ae1abb462018943cec8ff92f4ee77,1,1,True,B046.PB_20140302025633_EV,nc72177611,nc72177611
stead_event_01808,e155d61fb95ab3682cf6c7826186c8fde136dc6da922eb31efb4c70c781e063a,1,1,True,B046.PB_20140302030120_EV,nc72177626,nc72177626
stead_event_01809,95fe304cfc1c80e9db08382daacccb18f67f579a11446d879a1baba708bf121c,1,1,True,B046.PB_20140302185954_EV,nc72177996,nc72177996
stead_event_01810,e98526089a2735c43533895d047c8781f847af8a30b6965195439165d0bd7968,1,1,True,B046.PB_20140307112554_EV,nc72180476,nc72180476
stead_event_01811,bea9abcbbb962861c1185faa935a9ad6dc26940ebd3b6d1fe27cb4400699fcf8,1,1,True,B046.PB_20140308200720_EV,nc72181116,nc72181116
stead_event_01812,26fc36c4e77e9fd601dff8dcabc50c8187d45c915841e928b96420b9005315fa,1,1,True,B046.PB_20140308205154_EV,nc72181141,nc72181141
stead_event_01813,e1b3b62a888ec7a9024880c10e3a87fdfc9c4ac2650e7904202e03da2af89b7c,1,1,True,B046.PB_20140309191345_EV,nc72181796,nc72181796
stead_event_01814,60373e5145db00de7091cb6927c8850940be5908c5c091db853a4dea2945a105,1,1,True,B046.PB_20140314163234_EV,nc72185141,nc72185141
stead_event_01815,e56923959637243476f00f29b2a9d0efd8006bc8c7fe0d0b909ca791f3c25286,1,1,True,B046.PB_20140315232700_EV,nc72185936,nc72185936
stead_event_01816,fc95006d4d1ef7302126a54649efd0bc1fe58075208e01c8015733f84387bbce,1,1,True,B046.PB_20140319023242_EV,nc72187661,nc72187661
stead_event_01817,67c0bfa2801afbb9cbdf131920fa4f62eb21525a77866d64a560545efb69317e,1,1,True,B046.PB_20140319025658_EV,nc72187681,nc72187681
stead_event_01818,f7433c7eca48a37d8edbfda6742a63a8d2dbb5036feac1dbe5d6e718b78992d0,1,1,True,B046.PB_20140319081117_EV,nc72187796,nc72187796
stead_event_01819,b56a07a85e8aaf75f875fbbfd90ddfb8961d59f5f22933753f6acf8b32fc9b6e,1,1,True,B046.PB_20140319081120_EV,nc72187796,nc72187796
stead_event_01820,5b4b4e665f7ee6ca1880694d877931f11172c2b4acbd71041406c5cde9d5922f,1,1,True,B046.PB_20140319090553_EV,nc72187831,nc72187831
stead_event_01821,ab757315c689772223576e7d7baaf4b847ef5f1dba38cc725650361737847ae9,1,1,True,B046.PB_20140319094401_EV,nc72187851,nc72187851
stead_event_01822,b85f46260b88ea789ad8fcf1139d7505b959f9c59b90ba9b8f2b829246c843f0,1,1,True,B046.PB_20140319095705_EV,nc72187866,nc72187866
stead_event_01823,a65435cb9044124b6e925810f65023fd9c20fcde3df45fa3db431e92780bc685,1,1,True,B046.PB_20140320011957_EV,nc72188301,nc72188301
stead_event_01824,47be61aaf2db202035d6c9c8dcb771a479e640d134fa2679822a9fadd12e2a15,1,1,True,B046.PB_20140320155412_EV,nc72188586,nc72188586
stead_event_01825,6abbeb141497c997c4b9a2b59bbcee341cbbc28751b24be5096665252fbafcea,1,1,True,B046.PB_20140320184133_EV,nc72185210,nc72185210
stead_event_01826,7029f838f26a3be7d6e5d18ff90cf455d1f294528ceded2383f5f41360d97bc8,1,1,True,B046.PB_20140324123921_EV,nc72187995,nc72187995
stead_event_01827,0ea48c4d79af8fd43c68761835423b113bcd6b4f3e871f79ced300ce3c5b5997,1,1,True,B046.PB_20140326084208_EV,nc72189095,nc72189095
stead_event_01828,4fd51b87288d402aa494af373c8cb1eedd9d165ddd5b18a5bd192914f94ad27c,1,1,True,B046.PB_20140328234727_EV,nc72190295,nc72190295
stead_event_01829,7693d97f41e56c8ed6ac06ecf5ecc96d52e2ab63f45c09a07a2a9e6fb112bf7b,1,1,True,B046.PB_20140419234505_EV,nc72202190,nc72202190
stead_event_01830,af2a0954fa8522eefb33ae07d318473b2b8437f8ed75811dbe3adf102df63017,1,1,True,B046.PB_20141224015528_EV,nc72369331,nc72369331
stead_event_01831,f408f41e8fb0d0d483616910aca155464f31fa47361390bfd33903501212bcc2,1,1,True,B046.PB_20150128220826_EV,nc72388026,nc72388026
stead_event_01832,f1938428d8b39478a447a310d911b85cea54e2f64fe35c06dd94c1b18337ad0a,1,1,True,B046.PB_20150802150912_EV,nc72499496,nc72499496
stead_event_01833,4da05ea050af146bd0ceeb5a14f57cf3104c956e874a686d0c1f9d813599b505,1,1,True,B046.PB_20150831165932_EV,nc72516481,nc72516481
stead_event_01834,2b0f01df9c810b1380f0d1d7c880d4c68088afbe5342956e69fb229cc6b40e5c,1,1,True,B046.PB_20160727232224_EV,nc72667156,nc72667156
stead_event_01835,5e93072233f943690e68623f448eabbf4b9f577f898cbfb3155a185d1cd8f1a1,1,1,True,B047.PB_20120429002749_EV,nc71772655,nc71772655
stead_event_01836,692bac0eaaefdc469ebc07560488edffe4e113a81a70e2ad7f4bf3bf891c64a4,1,1,True,B047.PB_20120520111615_EV,nc71788691,nc71788691
stead_event_01837,14e497cc39944464c28144b23b6322844804ef5bab804e3579e760c3c9849bfa,1,1,True,B047.PB_20120522171842_EV,nc71789946,nc71789946
stead_event_01838,0f4270262fd15974ee3765f34e7ade35302e55980ed14450526b1d04b6935a66,1,1,True,B047.PB_20120523201915_EV,nc71790466,nc71790466
stead_event_01839,e0cfb02a9dbd8cc6affbba65b8fef3b44347a33aa1c541449c6050362fec8441,1,1,True,B047.PB_20120605172816_EV,nc71797161,nc71797161
stead_event_01840,94612ebe064f1ca9e3f3e10abd9b68d67e2f778b59def08edfeb79510eee5e27,1,1,True,B047.PB_20120720191637_EV,nc71819331,nc71819331
stead_event_01841,5d349e5e8a994d29688cb06d2b192d05369f5b75699044b663c8e65979f1d5f9,1,1,True,B047.PB_20120811063940_EV,nc71829596,nc71829596
stead_event_01842,b7cb1e3bc1c41c7f1652eb59d1909e5e26e29fec656c7df019d10bf2c2d03fb8,1,1,True,B047.PB_20120814044831_EV,nc71831291,nc71831291
stead_event_01843,447f1648d48688814601e1142bbd5193a13cda0b3348a20a4fd96b0b33bfa7eb,1,1,True,B047.PB_20120815194348_EV,nc71832046,nc71832046
stead_event_01844,080e7f6796a12c7f103e815e3339b87861cf4d82e849e2287ec55f6eb9ec224f,1,1,True,B047.PB_20120826225133_EV,nc71837896,nc71837896
stead_event_01845,ea6268e89dd971cf44ee4604f608217236942cec40ee71e12892278f2050bb13,1,1,True,B047.PB_20120905133830_EV,nc71838070,nc71838070
stead_event_01846,78c082e1d3a28d54b873c6bf537d6770fd53c7da8f1538c1d0fa12aba140c1e2,1,1,True,B047.PB_20120909221331_EV,nc71840145,nc71840145
stead_event_01847,44f4f93c69f6f560e20f6c495dfbdb5b02bf378601cea7e0845171028474bd9d,1,1,True,B047.PB_20120909221335_EV,nc71840145,nc71840145
stead_event_01848,62c73445379e9a320f3c62d473a7f37de27e3d55177b2c6497a905be21b701d1,1,1,True,B047.PB_20120914181949_EV,nc71842255,nc71842255
stead_event_01849,1b4a6b2856b718a6d3c8e95132a249bf87f8fa37bb7cd5252c11e63bd534d61f,1,1,True,B047.PB_20120922025524_EV,nc71845790,nc71845790
stead_event_01850,6bcfb8b2a3767f37fca00fc773935d31f9f9ca8768efeafa3bef3224194eccca,1,1,True,B047.PB_20121005191501_EV,nc71852850,nc71852850
stead_event_01851,51b797bcd5e3d8db9ae5beff2829fb0ec0a750d436ac4c06e4e45a3bd44f9883,1,1,True,B047.PB_20121013153145_EV,nc71858955,nc71858955
stead_event_01852,02bca4f2cadb153f945c5708f2198388d320040322e09e6aae8ab5a7faa66ae5,1,1,True,B047.PB_20121212154947_EV,nc71903411,nc71903411
stead_event_01853,2b54f6de121c0bbc15e496a47d58f360376ce297664d7791502041e2cd4ab63c,1,1,True,B047.PB_20130109235941_EV,nc71918476,nc71918476
stead_event_01854,bf3807414a1f2e1f5155c43887caa51cef1d4892e2f84267368aec4515d36fd8,1,1,True,B047.PB_20130214182642_EV,nc71937430,nc71937430
stead_event_01855,bda41eaf4544d2e3412aaaeb9b5395346bc5e36899cf6816b989125fe5e32452,1,1,True,B047.PB_20130215225828_EV,nc71938215,nc71938215
stead_event_01856,ad9587e5ad44ecf8050a898b938ca7fc288fcdab8b5f2d3b98977d1ca468c4a3,1,1,True,B047.PB_20130219102034_EV,nc71940295,nc71940295
stead_event_01857,9c001fa29d3719bf06cb96f08b463b994c610dc32021d2f87b3404918f34f1d5,1,1,True,B047.PB_20130222015202_EV,nc71942075,nc71942075
stead_event_01858,6b4327d00c316a036bd32518115ae124dbdc648f197f1cea3b248ac410af87f4,1,1,True,B047.PB_20130303184848_EV,nc71947735,nc71947735
stead_event_01859,fceac2ebcc1dfda50d810529eff7de18f6b2de3c90124f5dbd25ab98afc87896,1,1,True,B047.PB_20130312034019_EV,nc71952505,nc71952505
stead_event_01860,d64ac69206c03a140bddd3fc53c88e3cc91a1b9e8e4aae674d309f104e14cb60,1,1,True,B047.PB_20130321155626_EV,nc71957995,nc71957995
stead_event_01861,c1347d198b73a8350be472b399efbf945bf58f0c37eef2d4d36c34cc176c2a8d,1,1,True,B047.PB_20130406194051_EV,nc71967375,nc71967375
stead_event_01862,8d5e2e75cf97c0c546019bc6ce8d655cdda6598d7ecae5c9af29ae73aa21d8f8,1,1,True,B047.PB_20130409154040_EV,nc71968695,nc71968695
stead_event_01863,3ba900c58b038ed51c3b410e880fc37e7f47ce7fab89a56fb35f22ff6ecbabf7,1,1,True,B047.PB_20130419004641_EV,nc71973570,nc71973570
stead_event_01864,f776a331af186fa82536c5c1026039b3053edf35b04002f621ca58cc3a5a400b,1,1,True,B047.PB_20130423144433_EV,nc71976060,nc71976060
stead_event_01865,ab3853e5b8d9f8a781a559e436fd3ebf1c09c5c4b70a244013891be7b8581440,1,1,True,B047.PB_20130501210321_EV,nc71980360,nc71980360
stead_event_01866,5ba892288fa20bfed9cb0754f1655234a39bd97a769a9bd753aa398159a6e495,1,1,True,B047.PB_20130501210539_EV,nc71980370,nc71980370
stead_event_01867,3d3663b525b92a31acb163a9c4062a8cc2c584fe68156700c4b3bbabe60a500a,1,1,True,B047.PB_20130501210542_EV,nc71980370,nc71980370
stead_event_01868,2ecff068a91fa0661e2a5c1d813a433f8262c4ec28b2f0e0a783a1de99b00bee,1,1,True,B047.PB_20130502003044_EV,nc71980445,nc71980445
stead_event_01869,32254751b77dc2810a5e14a6066edd2aa9797e099c472376b34ea00603b218fd,1,1,True,B047.PB_20130510104736_EV,nc71989086,nc71989086
stead_event_01870,d0f6078f31c5f437cc61e6fd506db2da704aa9b6731996a2b95088995e59d019,1,1,True,B047.PB_20130511061058_EV,nc71989571,nc71989571
stead_event_01871,7ead5374b776cc83624af049d5e4c0b6a6dff11d4a0bcbe14d98dbf4318e1b66,1,1,True,B047.PB_20130517101000_EV,nc71992936,nc71992936
stead_event_01872,19318ddf7258b8e30a900b409d48d8129d122fcaefa9626573dda2f3ed6602e0,1,1,True,B047.PB_20130518134607_EV,nc71993641,nc71993641
stead_event_01873,8b6ddef07a9d6ae153ddc3a95ddee53106932af1551b044d59e380c13fbb6dc0,1,1,True,B047.PB_20130518140228_EV,nc71993646,nc71993646
stead_event_01874,ac32002a9fd4409baf1b60378412fca6e6a3ae718ff8e37cc20a8f71721af13c,1,1,True,B047.PB_20130518155402_EV,nc71993701,nc71993701
stead_event_01875,8aebe5d6a22d7549e7f20e8b3b01262effedb4f0e7978d274f6785317c366021,1,1,True,B047.PB_20130522212639_EV,nc71996146,nc71996146
stead_event_01876,6eb60d12d374d670a83cd8a53d6f6d760de25cbfda10a2edabc4a8dac463ccfa,1,1,True,B047.PB_20130609045113_EV,nc72004760,nc72004760
stead_event_01877,f2dc2b6bc03bbe6ba0e053e949cddc8ebb84d820bb5606ea241d48c8e6bad03d,1,1,True,B047.PB_20130624224701_EV,nc72015000,nc72015000
stead_event_01878,5c080b59820b9191c0e2ad133cd5e45d02a4723e32544d4948609da073dda58a,1,1,True,B047.PB_20130626041208_EV,nc72015675,nc72015675
stead_event_01879,f9e48b35baff559e5da32e95d1c58fffd07baaa0951b3a72898ad4cf42a82edd,1,1,True,B047.PB_20130626041209_EV,nc72015675,nc72015675
stead_event_01880,f92e0a5864d767293b2a0d40072ea9a9844aa5a077f256c9dcdfcde31c2ce705,1,1,True,B047.PB_20130702105403_EV,nc72018865,nc72018865
stead_event_01881,8208a1bb4214a23b91644d92983b141fd1c1f6fd993a52e9d3e7ab4afeefa048,1,1,True,B047.PB_20130706033126_EV,nc72021855,nc72021855
stead_event_01882,6333bcacf280b4fce79a826adb1027f48ce1be65bd4ac3f374aee1b8248e1b63,1,1,True,B047.PB_20130706082852_EV,nc72021945,nc72021945
stead_event_01883,95769e08a868d82826e8083a2b62429b518ada6d5db5ea59eb0dcd7fa64923fa,1,1,True,B047.PB_20130719174259_EV,nc72029540,nc72029540
stead_event_01884,55b5c7058014e839ca787616ee6927d08c12ef560a338d070fd279c111dc6a3c,1,1,True,B047.PB_20130719174304_EV,nc72029540,nc72029540
stead_event_01885,e92c6adc9f65cc0afa125c320aa632d2293b88f5bbd5b0dfece2fca04b809e68,1,1,True,B047.PB_20130731180344_EV,nc72040786,nc72040786
stead_event_01886,01ae7881749005b3819a79d0d11c004743813215217363873632d91f64e7cfec,1,1,True,B047.PB_20130811042435_EV,nc72046966,nc72046966
stead_event_01887,03101fc376ddebd1ddd403e766b3ad9ff2bbe4342fd6f6a26c43491bd6844d7c,1,1,True,B047.PB_20130814180152_EV,nc72049236,nc72049236
stead_event_01888,0cd84644634d0516013e50f74d1659ff4691236f2f84a4be08a44b880f869074,1,1,True,B047.PB_20130819080530_EV,nc72052066,nc72052066
stead_event_01889,52c2c98be409f04b1ac7f6e54ec4fea4db3684814ad3e8f69dbd0614db90c156,1,1,True,B047.PB_20130819081250_EV,nc72052071,nc72052071
stead_event_01890,9d21b0e59739062a2ef364d21529f486206c729f029c42db27963af9bc74d2bd,1,1,True,B047.PB_20130819083716_EV,nc72052081,nc72052081
stead_event_01891,783d271344e47acee71b2c8630a24ed5d5df23dbca9039afcf0185df1e6f3193,1,1,True,B047.PB_20130822032339_EV,nc72054076,nc72054076
stead_event_01892,b163ef65398bef92b3b1aabd1481da9db90c33a28e40038a83e90a4cc45e42a1,1,1,True,B047.PB_20130823201052_EV,nc72055081,nc72055081
stead_event_01893,fdf271b9bc1168442e338840f3a58420478f65223cc8caef0d3604799e78b18f,1,1,True,B047.PB_20130825163304_EV,nc72056176,nc72056176
stead_event_01894,2ae9fb922ecc47b707b5e4758097bd1f2303195c2f67a3d11658a196e4891d94,1,1,True,B047.PB_20130830103819_EV,nc72059836,nc72059836
stead_event_01895,a8245b0ad7474235eb3bcb64431669a6555f12a4d00b1cf005bfe9ec08b684b5,1,1,True,B047.PB_20130904093050_EV,nc72063466,nc72063466
stead_event_01896,608eb437ac1ff47030f24237fa0725eea894f0838c91e67084f7f11ea6bc3a47,1,1,True,B047.PB_20130904093223_EV,nc72063471,nc72063471
stead_event_01897,67155d394bc5582973a2af3ddb6e12c9ecf3348ac9c4321e06572d2d842db2f5,1,1,True,B047.PB_20130909004053_EV,nc72066376,nc72066376
stead_event_01898,0940573929ea129d9b974e385433923f754a1eeb1e4d67c96ecfe4a499fbb1bd,1,1,True,B047.PB_20130924081650_EV,nc72075946,nc72075946
stead_event_01899,3d348569df8717fbbdc57768e612283a4a233436ba04469532317884804625af,1,1,True,B047.PB_20131004144203_EV,nc72080926,nc72080926
stead_event_01900,dbd8ccf79c6676465b33318996bec0539b0f0e64696c12e9199721b95c851d80,1,1,True,B047.PB_20131008132232_EV,nc72083511,nc72083511
stead_event_01901,e6187ad8c08bed435124d03a5d3465edbd9aa03091ee58f5fc9799f0fd4578d2,1,1,True,B047.PB_20131008132517_EV,nc72083516,nc72083516
stead_event_01902,4292d8af48e3222de5111f2cce462f6f6bc509fd774e0e17c4d4e8be6eed545f,1,1,True,B047.PB_20131018203631_EV,nc72090371,nc72090371
stead_event_01903,c2c23b09adee0bfe8d67f8c97850ec1325776b00163bfcdc6861d5175dd26e49,1,1,True,B047.PB_20131026113641_EV,nc72095851,nc72095851
stead_event_01904,a3f44cac1fb31027815f3266fbce00f1693a79c86c085ce85850d0d1d5592482,1,1,True,B047.PB_20131027223321_EV,nc72096591,nc72096591
stead_event_01905,233aab099d18ec5eb8e96280fdee4afa594a21f2381051996fe4e3f04936717e,1,1,True,B047.PB_20131101030012_EV,nc72099381,nc72099381
stead_event_01906,aecdffc13862f23b7dbe3d35299855ead0ea32081475bcd15e12f7b23ce71044,1,1,True,B047.PB_20131102222917_EV,nc72100381,nc72100381
stead_event_01907,1e06d41527725553898328d09e5e9877a825780bb8a28c42254dc1eda5b0b1c5,1,1,True,B047.PB_20131109161947_EV,nc72104256,nc72104256
stead_event_01908,908f2b0151be9b9023ee6d21a7c82fe9294ee935835f24cbc72932f861b0e9d7,1,1,True,B047.PB_20131114212012_EV,nc72107726,nc72107726
stead_event_01909,e26cd4a8f8cab90f645b285dacd1bbde4b50021f6ccf84d9b522409e4294de12,1,1,True,B047.PB_20131117052749_EV,nc72108751,nc72108751
stead_event_01910,58ac15ee7f873532dd35da32e5eef035a3162b9df0fdec4e36a241169ea75462,1,1,True,B047.PB_20131117224507_EV,nc72109096,nc72109096
stead_event_01911,f89c3c20f743d1fbccce2ab52e8a317af087d5d3f5b695fe383a0df788c6dace,1,1,True,B047.PB_20131121004852_EV,nc72110711,nc72110711
stead_event_01912,a768423c198ba6b23d98d63a801abf399dfbbbf157a7162749e57d837e1b331d,1,1,True,B047.PB_20131126054820_EV,nc72109965,nc72109965
stead_event_01913,e1e668e931b182ed325bc82db3664c4c27969df90509ee5e69c31867193aec87,1,1,True,B047.PB_20131203082546_EV,nc72113545,nc72113545
stead_event_01914,f0c59c9e393acec95f37e81555c28e7b2af64ad77255b974666c6dcda6bac190,1,1,True,B047.PB_20131204084412_EV,nc72114295,nc72114295
stead_event_01915,2f94693480044f77ffaf5180f12ba37b766778054284ebc4ed369ea2c5026ad2,1,1,True,B047.PB_20131206195727_EV,nc72116145,nc72116145
stead_event_01916,69e3a6ecd12a27d3104abeb4594ac382ddfe7db9ca6c02ed217be014224f4870,1,1,True,B047.PB_20131216165619_EV,nc72122005,nc72122005
stead_event_01917,b27fcd48a100645457dc967f2efd5d6c264395a22e6f2c969be86a95f5ab32c7,1,1,True,B047.PB_20131216165744_EV,nc72122010,nc72122010
stead_event_01918,9a31b4d9a22a78ef5f027056166ce74ae018c8724613c70ddd7ee1e2c0aca2ce,1,1,True,B047.PB_20131228221855_EV,nc72132331,nc72132331
stead_event_01919,61090aa536023e02b748efdd98d49baf4bd1d493c3459ea5876a1eab66dcfe8e,1,1,True,B047.PB_20140102062306_EV,nc72134626,nc72134626
stead_event_01920,b8532eb7e5985dc4026913546f97d605cd007ccf580e1bafb90c079b333f1422,1,1,True,B047.PB_20140103165427_EV,nc72135571,nc72135571
stead_event_01921,868bb61cedd70bef7dfda2ee7726afdc31a6659d183d2521718af8a0032cd77b,1,1,True,B047.PB_20140111051505_EV,nc72140381,nc72140381
stead_event_01922,6b06741512c53c573a36218d90b15ce5146d0ab61fd1dd9d0240c655371c731d,1,1,True,B047.PB_20140118040539_EV,nc72142395,nc72142395
stead_event_01923,0d36d399deac422bfd88bc5d9e2ffb59b8ae39a19920aa9a4750920b5c31fc1d,1,1,True,B047.PB_20140127202519_EV,nc72147535,nc72147535
stead_event_01924,41fbde4fac2655f18ed10856180f8d5b99f38ef6a6ea3f94cbc2a33506431190,1,1,True,B047.PB_20140206025538_EV,nc72157001,nc72157001
stead_event_01925,4f6d5cd841fed391e55527a13011f86db74954554946839c94293d805bb69e77,1,1,True,B047.PB_20140221090302_EV,nc72172021,nc72172021
stead_event_01926,33b33d0e8bcfc948ee97ac4580e9f707ed0105cfc2712bcd8d552ad8dde648f5,1,1,True,B047.PB_20140302025634_EV,nc72177611,nc72177611
stead_event_01927,df975588dda11e9f9f5a5dc0bdca49014a19c1c90bfb2e2401e69b8d2ae2628c,1,1,True,B047.PB_20140302030121_EV,nc72177626,nc72177626
stead_event_01928,48f085a0905d3fe97986be4aaa744c4c61ca53031f61144fb93e83fc39a54843,1,1,True,B047.PB_20140307112555_EV,nc72180476,nc72180476
stead_event_01929,a8c89dc371870097eadedd86d7b890b89e2b6ced0c3edd460d61426b185678f7,1,1,True,B047.PB_20140308200721_EV,nc72181116,nc72181116
stead_event_01930,f128278eed57c5ccc3252fa745cf34de9236862eed2e4ceccf47cddfc8ad9f95,1,1,True,B047.PB_20140308205155_EV,nc72181141,nc72181141
stead_event_01931,a873c004f84d2005a98cfd5a92f0a5cf8260f0c7acfc80d1b8d610248b49caf2,1,1,True,B047.PB_20140313184734_EV,nc72184436,nc72184436
stead_event_01932,f1b5064b9443b35c821a785c4582860cb36d26c36a55a5b072c7f6481e14df70,1,1,True,B047.PB_20140314163237_EV,nc72185141,nc72185141
stead_event_01933,c3f10cc7a02bb9b680cd5f98ebd52d139fbcffaf61706ff447b703f4db29ed98,1,1,True,B047.PB_20140315232704_EV,nc72185936,nc72185936
stead_event_01934,ca5fb167ca49aae945ebfb0075c023ef66d305bf9b636fd1335e129ca242a8e3,1,1,True,B047.PB_20140319023244_EV,nc72187661,nc72187661
stead_event_01935,7271fc342d8c2a0fbec68b035b8515040741b68e9c4e03ad444ab13c19458995,1,1,True,B047.PB_20140319025659_EV,nc72187681,nc72187681
stead_event_01936,2f8f9480fb1e48e38c59b76e57b617b36966aed4e369e081b3ea70c62709e653,1,1,True,B047.PB_20140319081118_EV,nc72187796,nc72187796
stead_event_01937,ef70444f09454938349663a4ee06ca9c2b7440d4860c1e522214e18ae84c3459,1,1,True,B047.PB_20140319090550_EV,nc72187831,nc72187831
stead_event_01938,0ebf83c7e2460ff81ba72917f21e918c05c84fcb49c45d9f04f88c82ea0a1aa9,1,1,True,B047.PB_20140319094359_EV,nc72187851,nc72187851
stead_event_01939,7f12669613ef80f0cf0bbf544d874775a1312815410e9d15edfcbf5cbaa02bcf,1,1,True,B047.PB_20140319095708_EV,nc72187866,nc72187866
stead_event_01940,6966f47c8c51f8a488d8b0ae169bf20f2d7f7f20a7d1a52dbe3219a380eb1604,1,1,True,B047.PB_20140320012000_EV,nc72188301,nc72188301
stead_event_01941,9dd03d244701bbe564fcccb79f22338aedb12ed2847ac3d6c1c0127fcb66ad38,1,1,True,B047.PB_20140320155419_EV,nc72188586,nc72188586
stead_event_01942,9c25021a3c5482cb60ce54eb0e65d8b0a55f3d0966194e12cdd2e992d5714edb,1,1,True,B047.PB_20140320170720_EV,nc72188626,nc72188626
stead_event_01943,d6a1f20375a2d740b17d3bd978bf0b6fd815d7b041e31a458be15011f968ed41,1,1,True,B047.PB_20140320184132_EV,nc72185210,nc72185210
stead_event_01944,2028a38da90eca1ca861220a108586f49b1d613912c613e1589566f688b8be76,1,1,True,B047.PB_20140328234726_EV,nc72190295,nc72190295
stead_event_01945,1d1fef19d2eefd2020b525ae712d6a9a9dc91db1938532367a8e28d9268f73f3,1,1,True,B047.PB_20140419234505_EV,nc72202190,nc72202190
stead_event_01946,d6bfd43a2eac66e41b1eb02c2b15458915822bf7172b6e21dde7c9a4a349ccce,1,1,True,B047.PB_20141224015529_EV,nc72369331,nc72369331
stead_event_01947,05141b8f4f42ed01283f2c1b36040aef1c2e8d236acba08c2edebf7c5d07abd8,1,1,True,B047.PB_20150208175728_EV,nc72393471,nc72393471
stead_event_01948,526abc05840c44bfc589b5223e6353a67c557857c9658b1dc92ba9f01a41e8dd,1,1,True,B047.PB_20150802150915_EV,nc72499496,nc72499496
stead_event_01949,c400f452ee1cf74b3d13bdf3dd711235fcd39c1f8c3eb26e4580e600d11839fb,1,1,True,B047.PB_20160727232221_EV,nc72667156,nc72667156
stead_event_01950,2d47d8be6250276818f6ef7b24a8763693e08d59ca0f4741ae5dd6cd3df8a331,1,1,True,B049.PB_20120523201917_EV,nc71790466,nc71790466
stead_event_01951,273195a6e7cda6c4520d04bc1d1d868fdac4383a83c63d3df8816d5574ed7978,1,1,True,B049.PB_20120727101330_EV,nc71822636,nc71822636
stead_event_01952,194cc042a14a44e4be5a52d41839890ddd0d6df21998d0bc4d2b9bbc209580d4,1,1,True,B049.PB_20120914115721_EV,nc71842080,nc71842080
stead_event_01953,5d9708f9185c8de657c7c3bf2288de91f68e54fff24e9991c87b23275831912e,1,1,True,B049.PB_20120914181953_EV,nc71842255,nc71842255
stead_event_01954,4fbed6cdce080e807640c6804bf185fb04c359673915290fa31888f5238b54e9,1,1,True,B049.PB_20120914182159_EV,nc71842260,nc71842260
stead_event_01955,e8c91a695d1be702766b198d4dda2c91c390109d4afdaeccd46fb4104f9a01bf,1,1,True,B049.PB_20121219120222_EV,nc71907486,nc71907486
stead_event_01956,a59032376c7d1aebc9d9fceeba6ff28595c045bde58eadbacc411dc7f3d993e8,1,1,True,B049.PB_20130108104631_EV,nc71917146,nc71917146
stead_event_01957,eec866c162a1c240e4f09d50856a6c4a04de8b77b06b59e158afe0d18036618b,1,1,True,B049.PB_20130110155500_EV,nc71919066,nc71919066
stead_event_01958,d8bd12cae768e0ec42fc24101e819dfc2efe8daac282c987d1abc7d32d199c5d,1,1,True,B049.PB_20130214182642_EV,nc71937430,nc71937430
stead_event_01959,c210521b33d8c0469dbb860619afa4d66ae155e014d91ecd989ed5e4c26e2967,1,1,True,B049.PB_20130219102037_EV,nc71940295,nc71940295
stead_event_01960,b79bc76fa6d11d3595c1772d11ebf400d0d9d2845014414a0298950618f42ec1,1,1,True,B049.PB_20130419004642_EV,nc71973570,nc71973570
stead_event_01961,e9adc2b90eb1404f6b13b791d555121332f2710fd01d204bb7900093bd231002,1,1,True,B049.PB_20130501210323_EV,nc71980360,nc71980360
stead_event_01962,3376cdcbc006dfbd7bf0e79b86546803dd89747455e74b4991b4bae708594eb0,1,1,True,B049.PB_20130702105406_EV,nc72018865,nc72018865
stead_event_01963,e7e4453c625ebb59088fff4a619e13a7a86be0f6521f0369bb754551387497c5,1,1,True,B049.PB_20130731180339_EV,nc72040786,nc72040786
stead_event_01964,93a3de2ebc7cf2943a557725d1d54945b9efa9235a70721d0f27de48b7e496fc,1,1,True,B049.PB_20130819080533_EV,nc72052066,nc72052066
stead_event_01965,12446efb9d385a9806a1a1d76b1655b572f14942104f7813c8aa2efe76c5bd48,1,1,True,B049.PB_20130819081247_EV,nc72052071,nc72052071
stead_event_01966,86ee9776003730da5416d15e8739f4c0335ca0762ce5436e2a096e7fd53a4ef0,1,1,True,B049.PB_20130819083719_EV,nc72052081,nc72052081
stead_event_01967,d0ce42260e19ee7f022cab928f6a471515c850d5151038850bfb6cdb1657b4d9,1,1,True,B049.PB_20130822032343_EV,nc72054076,nc72054076
stead_event_01968,2b76d557fd9c4c8bee8e53932fe7306ee9da81e2fc551a36e53c14e2bbb644d2,1,1,True,B049.PB_20130823201057_EV,nc72055081,nc72055081
stead_event_01969,164ec591525926d446c6bdd44de216aa1a1cbc635ab1b3bd63e33818a57a6b8b,1,1,True,B049.PB_20130909004057_EV,nc72066376,nc72066376
stead_event_01970,278f28e42649010f31b4f6c7bd5eb7833249205ce791325021382d0baef59e86,1,1,True,B049.PB_20130924213635_EV,nc72076146,nc72076146
stead_event_01971,4362e832b563977a791dbb9369c1cab0c7310827f4fa3efc80f63f2c2069bcfd,1,1,True,B049.PB_20131004144207_EV,nc72080926,nc72080926
stead_event_01972,b6be718d379d0739a13e82bda856ca27c082735bcd69e592b40f30b198abbd62,1,1,True,B049.PB_20131117052752_EV,nc72108751,nc72108751
stead_event_01973,ef3440629952a2299bfd6c6892fb21c00784f8eb6e07e432a3d8efb4d50878f0,1,1,True,B049.PB_20140122130904_EV,nc72144950,nc72144950
stead_event_01974,dccb03bcf62bd696121398994585f931a8cb97d3a186637c3a1e63668219ef78,1,1,True,B049.PB_20140127202522_EV,nc72147535,nc72147535
stead_event_01975,97b3eaae5ccc4c1317e2ccc4d42cebbd12c0f71d80332fcf3e431e6d253988b2,1,1,True,B049.PB_20140221090306_EV,nc72172021,nc72172021
stead_event_01976,a8e984f8d1072c99cd1e7374d2935c645b541a2248f6a85cce7f2cabfc4915ac,1,1,True,B049.PB_20140310041752_EV,nc72182001,nc72182001
stead_event_01977,2b75ea805c8a1a75592e172f3ad6ad04219aeecae498e793a1e51870dde7d95e,1,1,True,B049.PB_20140315232706_EV,nc72185936,nc72185936
stead_event_01978,0ef05f85e6acb35c61ba67bb0f2c2a906fd4bada4f94d22b4b1dd334623c8352,1,1,True,B049.PB_20140327074554_EV,nc72189495,nc72189495
stead_event_01979,cca577a2e7709474c75cf02854c12d2d10e9c4d112937eb559a22dc617c1194f,1,1,True,B049.PB_20150831165938_EV,nc72516481,nc72516481
stead_event_01980,9065ff49495988f1cd8c02cbec0e92c7f08a5980b2974280195a149a7cc97161,1,1,True,B04A.TA_20060704203704_EV,8505844,8505844
stead_event_01981,ec8710490dc8c6c5b14d75a6eeb2100eba1477fdfe172766a2484e84b285175e,1,1,True,B04A.TA_20070126092352_EV,10395575,10395575
stead_event_01982,1fb12357dd06f60839d527bb653f57a4dff5f2b10dd705371d40ee7c2ae78348,1,1,True,B054.PB_20110928041148_EV,nc71654676,nc71654676
stead_event_01983,1a148ee9e62f8e8dba7f8ec3daed757c9468340baf154e146684f926c6fa747e,1,1,True,B054.PB_20120705034032_EV,nc71811121,nc71811121
stead_event_01984,438bef4c5820886f9e718a3de401add54f038d2a078ea994a0cf73007ca64ce6,1,1,True,B054.PB_20130910215223_EV,nc72067531,nc72067531
stead_event_01985,8115947672eae7beaad0ef1e6474830482aad7f5d8912fb924dfee4e9bf36513,1,1,True,B058.PB_20110718181310_EV,nc71603185,nc71603185
stead_event_01986,1e98bd36722ce3e6e37c7493c07b3a498e2b64d4bf2d0fbb0ee530c386a8154a,1,1,True,B058.PB_20120506212351_EV,nc71777145,nc71777145
stead_event_01987,91c7e2da57e805a2f7957c9dec788d8b1148b0d73503f90ab30cfa781c136a0c,1,1,True,B058.PB_20120623121737_EV,nc71805301,nc71805301
stead_event_01988,b8a5a135c88c77743aa1e33ad4fbfe25205bf0877c04fdd18e92159748c3413b,1,1,True,B058.PB_20120624031218_EV,nc71805701,nc71805701
stead_event_01989,48f2583717fb32bb196693fb94d8cda610eb9ba10b212c5ed6e7b74dbf8f4845,1,1,True,B058.PB_20120705011301_EV,nc71811071,nc71811071
stead_event_01990,44ada34f26ef0ed075219b79fe2e08b64ce8c32ac510057972dcd8f69747d38c,1,1,True,B058.PB_20120707144036_EV,nc71812536,nc71812536
stead_event_01991,5f7af8537c51229be2e7d5d69a33ad8a80d64bc3c3d0e76c2035c248a7cf4180,1,1,True,B058.PB_20120816011904_EV,nc71832301,nc71832301
stead_event_01992,8904885d11f337be42a76da81e8766319c60e8bd7d56dd322154abcb3a7317f0,1,1,True,B058.PB_20121010001907_EV,nc71856200,nc71856200
stead_event_01993,159d2f8f782239dc43d709f68ef55d004d53b613081a9a7daa092492adc575b0,1,1,True,B058.PB_20121103141914_EV,nc71874555,nc71874555
stead_event_01994,832c26d159118ac26119a2411af2c2b4fdd80642fff922616a3b7a249cf5affe,1,1,True,B058.PB_20121118034058_EV,nc71888511,nc71888511
stead_event_01995,5eb70d06a5cc7797cdfb30c1228480d0d527eda3353a9433a43879fa5ad8786d,1,1,True,B058.PB_20121124154436_EV,nc71892581,nc71892581
stead_event_01996,be73eaac2ebe596b92d1c813c67c3aef80840795535606924c6662aa117f1d2d,1,1,True,B058.PB_20130107195511_EV,nc71916671,nc71916671
stead_event_01997,7fec1877fd1a268da83de69add61496a705798726a02522ffb231e93f2cd2098,1,1,True,B058.PB_20130118171911_EV,nc71924146,nc71924146
stead_event_01998,5919339649d4a4dcb4ef8d58da2d60e8a47aa874a3dd8662c565a6c28c34b635,1,1,True,B058.PB_20130119023819_EV,nc71924401,nc71924401
stead_event_01999,2c17691fc40dc9f3b36b2cc5c25d2ab41932e82cd288456cfc93ca9f5237901c,1,1,True,B058.PB_20130201204741_EV,nc71933366,nc71933366
stead_event_02000,fd4f45c209ded7737005e50479cc74623e23067d3c6e05721f69319c5de403cd,1,1,True,B058.PB_20130205020834_EV,nc71935291,nc71935291
stead_event_02001,c5b2ccff5e2a989c1754bf368b169b324037328a6138b5d165c56f5e769efa8f,1,1,True,B058.PB_20130409183935_EV,nc71968790,nc71968790
stead_event_02002,dfd72fb2e227553429e9eb57bbffeef1600f3d6ce21848f7b5048d7bb8c00557,1,1,True,B058.PB_20130413050150_EV,nc71970585,nc71970585
stead_event_02003,0f4c0f494c807f2fa7dd561474a6b1b0732c8869f15de5288d8fa4c5a5f47835,1,1,True,B058.PB_20130529211330_EV,nc72002511,nc72002511
stead_event_02004,36bf68e57b14dbadefcf19cc21906c5049622b500235d277fc22460522bfee03,1,1,True,B058.PB_20130530063245_EV,nc72002806,nc72002806
stead_event_02005,5b12637f666541b75a4db9ac22871d57135a809bfcac0ef265f0c7050fe8978f,1,1,True,B058.PB_20130628042339_EV,nc72016725,nc72016725
stead_event_02006,1e6d4d1aad4055c09cab15cfffbeb4a7f3015619ee2d5112ce03757109a2b0b6,1,1,True,B058.PB_20130810232220_EV,nc72046881,nc72046881
stead_event_02007,9aac09e3c74da18e368dcc50bce9f7c722e3d1c6bfed9ce25b9062016ed1bc8e,1,1,True,B058.PB_20131017222326_EV,nc72089726,nc72089726
stead_event_02008,a2a4629651b6c7580adb5a82cabd870a92feee8feb96ba4a762b786054f5cfd1,1,1,True,B058.PB_20131019040223_EV,nc72090601,nc72090601
stead_event_02009,ecf6b26a892cb6d905d4d7638fff70808bb7ca467f995928d01356a96c015407,1,1,True,B058.PB_20131101205835_EV,nc72099826,nc72099826
stead_event_02010,c17f68e75f82adc05c01185f5de0461280df9e817e7ef2f6f0197670a4eb0400,1,1,True,B058.PB_20131111190052_EV,nc72105586,nc72105586
stead_event_02011,eef92577decf11300a373ddc2ab6d219769963e82456e6caa38a71187ef6ac1d,1,1,True,B058.PB_20131202093417_EV,nc72113065,nc72113065
stead_event_02012,a506a95192293c9720f0f2b0b6d738f89d8f8c0502d8faecfe151fe34203d310,1,1,True,B058.PB_20131214214059_EV,nc72121000,nc72121000
stead_event_02013,563953838d1993bf3c1a9786a676d1721582c3ebff379e8fa947d81a45877f71,1,1,True,B058.PB_20131215084432_EV,nc72121355,nc72121355
stead_event_02014,b8a0fd18c973604a98c2f170e4cf8875e7305ed5b0911a71870e2fb0b136407c,1,1,True,B058.PB_20131215092238_EV,nc72121360,nc72121360
stead_event_02015,482926471b13d8551079553be12ff61a66c6d4504cfe8ae3ffd445e1fd98aef1,1,1,True,B058.PB_20140115045229_EV,nc72143896,nc72143896
stead_event_02016,c1414004578918e6d004afb1ad2a6128440526d41de29d8d617f087446d9a112,1,1,True,B058.PB_20140120234726_EV,nc72144000,nc72144000
stead_event_02017,9ffe007d3aba837b3cff8520e5d1815fe6eb429add29cdf37130a6698c47920b,1,1,True,B058.PB_20140223215738_EV,nc72173701,nc72173701
stead_event_02018,d3b0d960689ed49aca86df99935202257ae90413ca0da3d632aaeb54e3d25967,1,1,True,B058.PB_20140702170834_EV,nc72247896,nc72247896
stead_event_02019,71049c63b878323fd9cdf88ec30cded192cadfd636ec26ad683a29547676f9db,1,1,True,B058.PB_20151221195225_EV,nc72570351,nc72570351
stead_event_02020,8d189e50f99eb85252243a081d64557a9326a52ef9f6a76dd3da6ec5a4d9b112,1,1,True,B05A.TA_20070720060234_EV,12773944,12773944
stead_event_02021,9c9906a5e44d17e3b453ccd6d7247310064f7833f6610d52daf063b7bf2ac9b8,1,1,True,B065.PB_20110302050612_EV,nc71531400,nc71531400
stead_event_02022,ae56667430d9a0bea5fb6449ad71268328725b333dc7b8788bf0d09e29e23186,1,1,True,B065.PB_20110614204938_EV,nc71585170,nc71585170
stead_event_02023,4e9581ba45d65a3d0c75883496225ebb7c170e1832c380171086c41038f0af53,1,1,True,B065.PB_20110924054418_EV,nc71652571,nc71652571
stead_event_02024,8b177124cff42aea983378e80f833339524c953be018d67919da2070167fe9b4,1,1,True,B065.PB_20111105174323_EV,nc71676146,nc71676146
stead_event_02025,f58dc5e50a673d7fed7db12a397e124fb0faaa5fcc7df3490bb36f318de001b3,1,1,True,B065.PB_20120506212355_EV,nc71777145,nc71777145
stead_event_02026,8c2331cb69b0662df6d13b9c8371259643187fd7958e0c015ee38c78528da9f4,1,1,True,B065.PB_20120603195552_EV,nc71795781,nc71795781
stead_event_02027,96bc5370047fa1f72874878cba072de407acf79901e7c304c21588bf6994212c,1,1,True,B065.PB_20120630204707_EV,nc71804565,nc71804565
stead_event_02028,f6a5a56d8056b4235f0fb452e40d186d095446319e751c2433621fc73f7ff64d,1,1,True,B065.PB_20120708185631_EV,nc71813076,nc71813076
stead_event_02029,5893661da9bf4c287f973864af365786fc8fba321a18ccb99400c7dbd5bc6f10,1,1,True,B065.PB_20120816011902_EV,nc71832301,nc71832301
stead_event_02030,aca0bc362ce7c796e6d5fc50e072f885acf262f2bab30f8a88713d019a9f92ec,1,1,True,B065.PB_20121010001906_EV,nc71856200,nc71856200
stead_event_02031,5136193c254023e2a2446d4495d0d52de226a14a8f24fb799271966afd70ab69,1,1,True,B065.PB_20121014162916_EV,nc71859610,nc71859610
stead_event_02032,dc6129bf1e965d4190f021f5315f50883725a867356be6bc0ffccb3be08a1eb3,1,1,True,B065.PB_20121015052258_EV,nc71860050,nc71860050
stead_event_02033,0c777af1238ec28dff781d347e29292f1754e8f12eba6986650eab4dd7873c18,1,1,True,B065.PB_20121030080100_EV,nc71871740,nc71871740
stead_event_02034,a32d4610ae6c032dbf359265e109ac95fbe73ed22299eabf72e01ee610a5001d,1,1,True,B065.PB_20121031095256_EV,nc71872340,nc71872340
stead_event_02035,2984437ea5fa52c061a984cd37b65c671be93b8400ad41b02f1fba420a0265dd,1,1,True,B065.PB_20121103141913_EV,nc71874555,nc71874555
stead_event_02036,e83cdf264691d9c0783a5375df09d2580d58b6fc27f9c89074857829c88b75ac,1,1,True,B065.PB_20121118034059_EV,nc71888511,nc71888511
stead_event_02037,795e4bc663087207251e5868ccd93b0ea57820fd87df85c18cf25ed61dd2c1e9,1,1,True,B065.PB_20121119180742_EV,nc71889591,nc71889591
stead_event_02038,b24481b7065462c8c7688aaa60f22d0114363c9a5a1fdbf7ffc538322260fc0b,1,1,True,B065.PB_20121124154433_EV,nc71892581,nc71892581
stead_event_02039,3d3d126c04c11a79c40d4cddd6785b99e36cce6791108f869d62c10f3b9df0b0,1,1,True,B065.PB_20121222230529_EV,nc71908916,nc71908916
stead_event_02040,593d96dbb890e84e26baba3c7458442ba879ae8e86796ff1f05865413803f5b1,1,1,True,B065.PB_20130102032059_EV,nc71913836,nc71913836
stead_event_02041,076fc61abd8661df4333ae56d600aee566929d8622a6514e52cb8cac3c72d690,1,1,True,B065.PB_20130102214320_EV,nc71914151,nc71914151
stead_event_02042,0ea913993694e3a57290166be1be2d7bf7443ddd1e9a1b03409c3f09cc027cd9,1,1,True,B065.PB_20130115151815_EV,nc71922126,nc71922126
stead_event_02043,8f2a925c943a13edfb14d00369bccb29af6356230e6569c621b3a6249775d96b,1,1,True,B065.PB_20130118171911_EV,nc71924146,nc71924146
stead_event_02044,67f13b5cc4bce06398589f77a25078778ebbbbdb2dc661f582e0e8be32fa1fa7,1,1,True,B065.PB_20130122055207_EV,nc71926601,nc71926601
stead_event_02045,4050ed93fcc19fb095f1019e9a5bbc26bd3367a98d6e27440f314f142a7335c5,1,1,True,B065.PB_20130127015548_EV,nc71929426,nc71929426
stead_event_02046,9c789fffbe8ff328599f2f22fffa64eb96b06892721bf1cc7aa8964e33a0875d,1,1,True,B065.PB_20130310072012_EV,nc71951230,nc71951230
stead_event_02047,6566e492625785cf0e6027d021c8eb0db9fddf3b9faa834e6731eb1d9afa45d2,1,1,True,B065.PB_20130326104355_EV,nc71960760,nc71960760
stead_event_02048,f48d9a979a1f4c61d928332aee45ec094b8cf0296a4dbcef470bdbac9971f312,1,1,True,B065.PB_20130409183932_EV,nc71968790,nc71968790
stead_event_02049,332c545479363a3573d758a8c86cbc97f4df0571922fcd02f1517a9fe583d384,1,1,True,B065.PB_20130413050150_EV,nc71970585,nc71970585
stead_event_02050,0fe87b81e1705a20f94e8b55da4322ab0559a5be39ca9ce1694b8bc4b61e0013,1,1,True,B065.PB_20130416111515_EV,nc71972105,nc71972105
stead_event_02051,ebac1d91d5c758da9f1c1f646f6f73639d4277d0731415b5ff6139c9eebc05b6,1,1,True,B065.PB_20130502085304_EV,nc71980625,nc71980625
stead_event_02052,b7c4b2439446c6e2975601c09b443e21a130dc19be9574dce45ea3d1c7ffbd4e,1,1,True,B065.PB_20130503113722_EV,nc71984641,nc71984641
stead_event_02053,37c6aabf0b19db461b0992b0455bcd3087f6386cbe1ad8ca93d4745c7b8379d7,1,1,True,B065.PB_20130529211331_EV,nc72002511,nc72002511
stead_event_02054,7d69beb9cb8309299af03dcfc9a5b51bd998b1487d8320b93f01b50d90edd96b,1,1,True,B065.PB_20130530063243_EV,nc72002806,nc72002806
stead_event_02055,0e436f8c79d8a45302e77254c4e1a3760b444cd4e53ce3841260a9356cc99b2a,1,1,True,B065.PB_20130610025542_EV,nc72005340,nc72005340
stead_event_02056,46e6d85e13bb2cee784d0a5bfe8dd3be72948b94eccb94bdaf87947e62cd8667,1,1,True,B065.PB_20130703060156_EV,nc72019750,nc72019750
stead_event_02057,035cfb6fff1be3114db25dae92a07a38617838bf9824d6a325f285e4688dc27b,1,1,True,B065.PB_20130703210454_EV,nc72020150,nc72020150
stead_event_02058,bb827120d1c352a9729d1d4cfab774398f73ba0f75dc6c8343d47b56955c1271,1,1,True,B065.PB_20130721103854_EV,nc72030500,nc72030500
stead_event_02059,3cd7e7b0fe62ae964e50bfcd58184c7514753de83947fbdc8e90caf52d819f02,1,1,True,B065.PB_20130809103718_EV,nc72045881,nc72045881
stead_event_02060,0ae036590b2d897fe8de408f8591705c078fc5e7cbeff30fd4c0e7b5d8b86e40,1,1,True,B065.PB_20130810232216_EV,nc72046881,nc72046881
stead_event_02061,d6432c3af9002209839024bd862546ea74a21456ebd881696b5671b5a690f2a6,1,1,True,B065.PB_20130926075634_EV,nc72076716,nc72076716
stead_event_02062,34c79ff2838c81a6a81197e9d5accd4d553daeda0cf2370a8c198154af664868,1,1,True,B065.PB_20131005000555_EV,nc72081146,nc72081146
stead_event_02063,b88de8fdadc7d347b176ba99b8b62be82bb875475ae70071220a8e9826cf4668,1,1,True,B065.PB_20131019040221_EV,nc72090601,nc72090601
stead_event_02064,06a67ba15faa7dc8dca9568e14cee2f6817628b48f709dccf8a9f78a5091814f,1,1,True,B065.PB_20131101205836_EV,nc72099826,nc72099826
stead_event_02065,eaf9db489d03638e9c3d6c9f853ffa81648c1e03ce65c93becd74e47ce36ff45,1,1,True,B065.PB_20131105002305_EV,nc72101246,nc72101246
stead_event_02066,dbd93b6435230aa5a6169aea35e2f0af27c06b48cb550f1d0ed22fa3bf510424,1,1,True,B065.PB_20131105020040_EV,nc72101266,nc72101266
stead_event_02067,2c8c7debf4c09115c9d71961e257f7dd0b5a75444d414586709dbff932a9c9a9,1,1,True,B065.PB_20131130220923_EV,nc72112395,nc72112395
stead_event_02068,bb678d89c62708ad0283a84d9fdd8c548da62cafbe84b2e6cfb9a53d82e4fb93,1,1,True,B065.PB_20131214214105_EV,nc72121000,nc72121000
stead_event_02069,4a2898b1d675580f6e89454eea70c521cf4c614ced7629710e9c132298ad194e,1,1,True,B065.PB_20131217060243_EV,nc72125676,nc72125676
stead_event_02070,90414608ae8ebc9b7d071aa79bbeff324025dda12830be2f8624e8d58454377b,1,1,True,B065.PB_20131222004326_EV,nc72128376,nc72128376
stead_event_02071,cc4cb25dff597f44acca23127a31674a23daa2d484e81db6f9d664dd318b2871,1,1,True,B065.PB_20140108143844_EV,nc72138761,nc72138761
stead_event_02072,afc99127febf8b25ac6c02ed094e1f31c37acf366e0e3981601f1f6e45b1652d,1,1,True,B065.PB_20140108150536_EV,nc72138821,nc72138821
stead_event_02073,9a30ea1b725e8def271e35ac4dc06374184c9e305a2ed8d308d83f93b8798483,1,1,True,B065.PB_20140115045232_EV,nc72143896,nc72143896
stead_event_02074,3a55d52900791e4911269097dbbc3fd2f98c00c628fea595888c17e9744258e1,1,1,True,B065.PB_20140118163515_EV,nc72142850,nc72142850
stead_event_02075,ef5d345ab192182812f0bc5b4d555a5446b1ff378a936c646f97c5c7eed764c6,1,1,True,B065.PB_20140208230354_EV,nc72160116,nc72160116
stead_event_02076,8cf0fdff052c61fa1a2a90ecde8655893377e3157246cb0de5b7a3557f855225,1,1,True,B065.PB_20140223215739_EV,nc72173701,nc72173701
stead_event_02077,3da8b875edc321f8aa5058b96f0b1cb4784b2458a4df1fc1e8cbec053ede4fd8,1,1,True,B065.PB_20140401064133_EV,nc72191860,nc72191860
stead_event_02078,e8116b44b435b53bba48b4a19c4b5df9ade9885fff72be2d08aa2d4892ed5b83,1,1,True,B065.PB_20140401065250_EV,nc72191880,nc72191880
stead_event_02079,9d65520a7c28fc8d58c7d120a724934a932e51e4f987c2d961937898c58b8af7,1,1,True,B065.PB_20140905100138_EV,nc72291981,nc72291981
stead_event_02080,f53b889ae778034010413d0583e2db3f4290b971a799f3006136823fbe757b55,1,1,True,B065.PB_20140912194414_EV,nc72297461,nc72297461
stead_event_02081,8042731a9d71c43a947a9b97da4cf00ff8d6e1fdff79f17a14ea1d46bc24a0de,1,1,True,B065.PB_20150817070526_EV,nc72507256,nc72507256
stead_event_02082,fcd7286e30e07a70755228d74d8826937f21f6c819e97486f393fe663f1c66d5,1,1,True,B065.PB_20151117102250_EV,nc72556736,nc72556736
stead_event_02083,ada6f125e5b95ce08b8738750f21f457929cd96662c339378ccf899f8a4a5bfb,1,1,True,B065.PB_20171210183924_EV,nc72938116,nc72938116
stead_event_02084,f4d55b20063c5be7e230f7d270e2cb7d4b150bc9a5f3b7029e0391cc1acc9fbe,1,1,True,B066.PB_20120623121740_EV,nc71805301,nc71805301
stead_event_02085,77bd3312d8d3d016346724718e52a21a37586ecbc0b38e8496b15c1417450a8e,1,1,True,B066.PB_20120624031222_EV,nc71805701,nc71805701
stead_event_02086,df12c9d1d7bfba7a401ffeab6fbcebf3334929d4fc598eecb7186bc35a493a7c,1,1,True,B066.PB_20120705011258_EV,nc71811071,nc71811071
stead_event_02087,5c601e744e1ba3389e8b7392e51b6b12cec35acbbc40811d6bc5a4b8419e6f3f,1,1,True,B066.PB_20120816011904_EV,nc71832301,nc71832301
stead_event_02088,8b4e69c4fdedd2554e28a6379664de6b38689bb6f31fbba5461f630652259cc1,1,1,True,B066.PB_20121015052259_EV,nc71860050,nc71860050
stead_event_02089,d84a78324a0a883ba78c3134689527dcb5575125eb9b288da8af2759be2be254,1,1,True,B066.PB_20121101143411_EV,nc71873180,nc71873180
stead_event_02090,878fc783658b8ca87245e0c3dc49461d901c5572ccb5c14e0721489175464e41,1,1,True,B066.PB_20121101180613_EV,nc71873265,nc71873265
stead_event_02091,ad161043c3d0611a514cd8f6f465659eaa4d86018df05cb2d3a6066b653d1e08,1,1,True,B066.PB_20121202082354_EV,nc71897156,nc71897156
stead_event_02092,396a4e96cde0aaa25866f836d148a9f797079070930731d3991ca3e7eea68649,1,1,True,B066.PB_20130201204738_EV,nc71933366,nc71933366
stead_event_02093,2a32ef213f0950d9ea62b8687999e3bccc209f0ca983f06f830d2cb9654f7d91,1,1,True,B066.PB_20130205020832_EV,nc71935291,nc71935291
stead_event_02094,28d5211705ab2444d5c4ba4668b09c6de695ae1a870730ffee2395ddf7279671,1,1,True,B066.PB_20130401075152_EV,nc71964200,nc71964200
stead_event_02095,5e6fcc411f58d5dd350b0ae5c2b44ea59fbd1f06dc492f8fad99451357f3373e,1,1,True,B066.PB_20130405093244_EV,nc71966580,nc71966580
stead_event_02096,ef27dac454e065cc16583e789fcce1ecc9f7887891814446f2476050af0a052d,1,1,True,B066.PB_20130413050153_EV,nc71970585,nc71970585
stead_event_02097,cdd181854f352494c5874f3e92d2019fd338a8d213d50aafe7b74534bff1bf3e,1,1,True,B066.PB_20130502085259_EV,nc71980625,nc71980625
stead_event_02098,ba57681cc9707c535606a172a67afcaa5a44c5663a5dc1e64aa576e4112e05f8,1,1,True,B066.PB_20130503113719_EV,nc71984641,nc71984641
stead_event_02099,e9f8fee51fc76ae38002a2513d6f2655f1c81b6f81b074c5ece12425c810986b,1,1,True,B066.PB_20130722220208_EV,nc72031260,nc72031260
stead_event_02100,c8b6f2e8d56c6df3b8179cdaeef23da96a406c1cdb1f4edf3c092e3d111cc573,1,1,True,B066.PB_20131202100518_EV,nc72113080,nc72113080
stead_event_02101,161c1b16c52b8047d9c89e20eb4667d55ea5b241ccbd680ba00d9914096ceaa2,1,1,True,B066.PB_20140119224746_EV,nc72143400,nc72143400
stead_event_02102,43267478e7ac7058e5930e8a2e4a53dbc91148e3928f5326eb75d5a9e7bb3ae3,1,1,True,B066.PB_20140302082052_EV,nc72177791,nc72177791
stead_event_02103,bdc36b49403cac79e1248f65d4cd49fddfbd3b23b06ff07fcdb1c9fb91a04792,1,1,True,B067.PB_20110302050615_EV,nc71531400,nc71531400
stead_event_02104,12a9c067df474b5f78217c343a253ee75ffb2467b29a75dc13f7360e059c2eea,1,1,True,B067.PB_20111105174328_EV,nc71676146,nc71676146
stead_event_02105,8fb75eeae1ef31f877f7f54718c2fd3ef813997ba22c968d1ca96c39243c233e,1,1,True,B067.PB_20120506212351_EV,nc71777145,nc71777145
stead_event_02106,f3f890f543d8e0c08c6794904cd9b9686699ade0421b192db1cad9153c9e0e6c,1,1,True,B067.PB_20120603195553_EV,nc71795781,nc71795781
stead_event_02107,e9ea979f439cc18162fe8666f65d202d402975c5cd2c3ea543666ccf6d6ef788,1,1,True,B067.PB_20120623121742_EV,nc71805301,nc71805301
stead_event_02108,e629eaec94b998a2bc9db20a414f5bcdc9afe6025ab7a6f439311089f5f600a6,1,1,True,B067.PB_20120624031222_EV,nc71805701,nc71805701
stead_event_02109,75446955150eca4b9fa20468e03931644da53aebf1428a44439f1f0ec8ff5fb7,1,1,True,B067.PB_20120707144037_EV,nc71812536,nc71812536
stead_event_02110,833c16ddf586271cfd3a8f1aab0f191a573728bb89b3c4b6f5bd4b068a3939df,1,1,True,B067.PB_20120708185629_EV,nc71813076,nc71813076
stead_event_02111,882f8e2912dc5ef76d3556592e128323c6786e08b03f9de615e7a5ab8d63316d,1,1,True,B067.PB_20120816011903_EV,nc71832301,nc71832301
stead_event_02112,2eb4280832b79b5d5ef2b2b7959f5ca6ebccd665aeced2ed0c68c7dad858a37a,1,1,True,B067.PB_20121010001906_EV,nc71856200,nc71856200
stead_event_02113,b4bb18a02c2d631ff3a77bab0f994432c79d7136be760e626f21c63fb260c8b8,1,1,True,B067.PB_20121015052300_EV,nc71860050,nc71860050
stead_event_02114,3da141f1a76e1aae7f243a5a5bab2b5a592fab1f58259c302c78b16ebb2ec25d,1,1,True,B067.PB_20121030080101_EV,nc71871740,nc71871740
stead_event_02115,6705fd7973a1fb28aa6cc4a88ffd0ccfd0ed86e4f091d87254ae8af936b5668b,1,1,True,B067.PB_20121103141912_EV,nc71874555,nc71874555
stead_event_02116,51533613b3e781e218335b716360a5774cd05df9a2664a7f028a05e8ef56d6cb,1,1,True,B067.PB_20121124154435_EV,nc71892581,nc71892581
stead_event_02117,b2741d38f6a5bc325106ce4fc31214d4120ea3a2d054324e740816002eda60d9,1,1,True,B067.PB_20130103210423_EV,nc71914646,nc71914646
stead_event_02118,f614d2dab871d170b69b553ec9636857d618537fb966b6d5b89c25fcad85af15,1,1,True,B067.PB_20130107195512_EV,nc71916671,nc71916671
stead_event_02119,a3b2e83417633eeedb685514a564712e2c0611aa9dc0967d2e6f7d76fe4e961f,1,1,True,B067.PB_20130118171911_EV,nc71924146,nc71924146
stead_event_02120,3553a382ab2baa1fd81896bc8df9ee5a6619158724a6df11df2a25b9ad05bc76,1,1,True,B067.PB_20130119023815_EV,nc71924401,nc71924401
stead_event_02121,0d758db1411a79284bbd00fa86b6e1d0a06e2ced5cdbe70a610ff68c21a938d3,1,1,True,B067.PB_20130201204740_EV,nc71933366,nc71933366
stead_event_02122,eb691285e47cc1c1c1fb1e0ec7d1d6a9517d1d8298bf7ab990ca471b92382c5f,1,1,True,B067.PB_20130325141915_EV,nc71960345,nc71960345
stead_event_02123,9f5e79e5e9be2411f569e089bf70b865a447d5e251c5d0ec776c98a51e02609a,1,1,True,B067.PB_20130409183935_EV,nc71968790,nc71968790
stead_event_02124,cca73606700ff8f7d7f59c0c70bc628d9f9b72818114961c0c19d81dc1956ce5,1,1,True,B067.PB_20130413050152_EV,nc71970585,nc71970585
stead_event_02125,b5fbe9d6b517411b12069b701906bdf5495fd8ab0b9871d0229806446ac7cca4,1,1,True,B067.PB_20130424224525_EV,nc71976605,nc71976605
stead_event_02126,779fb2a23717bea024c6e9f7880a4e103fc61f40b519cb2269887d59e514d42f,1,1,True,B067.PB_20130530063244_EV,nc72002806,nc72002806
stead_event_02127,031764ca2a2bbdd220940cf2bd48e12702a5488fbf19cb75be379a5c7a7b79ec,1,1,True,B067.PB_20130628035231_EV,nc72016695,nc72016695
stead_event_02128,c07cdd43829f2d8b3f8105d252f116443a8e8c47dacc02faccf971ddc9f1f8bc,1,1,True,B067.PB_20130703210456_EV,nc72020150,nc72020150
stead_event_02129,12ec5ef15c7a7b41f3aea18d42581ce64d906835a29a09ed2e2d4951e29ca32f,1,1,True,B067.PB_20130719040659_EV,nc72029235,nc72029235
stead_event_02130,efd463258f8aef33864ff8be38f675ed25b5254ae8ce0e4c87a3ab4f200ab9fb,1,1,True,B067.PB_20130730015018_EV,nc72039811,nc72039811
stead_event_02131,23fe69630324ba926a9ce118468322c4a62d6a31af39e4af6a4cb92322b18796,1,1,True,B067.PB_20130810232217_EV,nc72046881,nc72046881
stead_event_02132,4fdc6537f4edc7db4ce9ae2ec1fc4f9151d1ea3ebf09b8e9d7350a4ddbb4dc0e,1,1,True,B067.PB_20131009045340_EV,nc72083941,nc72083941
stead_event_02133,754f6003e00ba0dbf748dcc1155e03fb1d8d2d24f73c31e9eeba96048453d51f,1,1,True,B067.PB_20131017222326_EV,nc72089726,nc72089726
stead_event_02134,a8d2b6e56128bb72c3128cc1fcd30534c6a21fd40236c41eecc1337130ed678f,1,1,True,B067.PB_20131019040221_EV,nc72090601,nc72090601
stead_event_02135,1221ca6af37fc186d1025197b07941f7c975d98620c7ea84bf89be6215dbff55,1,1,True,B067.PB_20131101205837_EV,nc72099826,nc72099826
stead_event_02136,2aa7b858e5dde2b62be50a080a027f420e34caaac1133cdc4c5a0805ba6e082a,1,1,True,B067.PB_20131105020044_EV,nc72101266,nc72101266
stead_event_02137,a262d8dc101c3adc5da9d64946ad8c6736d2a6e0dcac0911291ffef310518ce2,1,1,True,B067.PB_20140115045234_EV,nc72143896,nc72143896
stead_event_02138,196f7e17e42b9ffea59d9d01498621d427e179e8910c462d89bf5eb5ac9d87c9,1,1,True,B067.PB_20140118163520_EV,nc72142850,nc72142850
stead_event_02139,ebdc124a3220a31b972ba990eb5e1ae81704b5b4e27e25b60ae1d942505eb8ef,1,1,True,B067.PB_20140120234730_EV,nc72144000,nc72144000
stead_event_02140,c78d14d7d7bfbbdcaf3051f51fb0bebf073b38557f4d9c3bd1382c3745762edb,1,1,True,B067.PB_20140208230357_EV,nc72160116,nc72160116
stead_event_02141,4440e7e4e3047d6e4a683edd2c20af5fa9a2257469097c02f9567ee15d2eff6f,1,1,True,B067.PB_20140223215739_EV,nc72173701,nc72173701
stead_event_02142,d1182deef7890a90181d05d93519eebadbdc1dcb5a2b26fd3c8cab51d1232467,1,1,True,B067.PB_20140302082054_EV,nc72177791,nc72177791
stead_event_02143,c4a2edf9408df7b2ca341f9f4f0d65ff90e8630cd855f9231f8ed966a779c1bc,1,1,True,B067.PB_20140912194420_EV,nc72297461,nc72297461
stead_event_02144,5fb37e635c92163ef103270ea3d72888052277647565f7cf3a139dd7a6f1f495,1,1,True,B067.PB_20150817070527_EV,nc72507256,nc72507256
stead_event_02145,f45f00ecdf372f20d4ab129e32e23aa1314cd122da99622cf5ed3f41e19242c9,1,1,True,B067.PB_20171210183927_EV,nc72938116,nc72938116
stead_event_02146,af0d0171880a0634c1f3bf2e268ac0a4b85a540a3ac8635e6cbf76d86f5b3988,1,1,True,B06A.TA_20080421184039_EV,10902223,10902223
stead_event_02147,5cac247c10e027a89f56927991ce618f0a703ec33f38b7304e0e896e943f97cc,1,1,True,B072.PB_20120603042700_EV,nc71795396,nc71795396
stead_event_02148,33f2d6b1dfe5a12695cc45814c512c840f7584ab84ac74f6ed68d97213d72cdf,1,1,True,B072.PB_20120806073545_EV,nc71827401,nc71827401
stead_event_02149,621b6014db4a35eb65f753195110aa88b6da37a23b016e5e5e5447bc971dea64,1,1,True,B072.PB_20120831214407_EV,nc71835625,nc71835625
stead_event_02150,8d91bc3959f6a2deffde0e7ac5899c19adc4bac510f9bc972d2a1008e9fa7f7c,1,1,True,B072.PB_20121101141129_EV,nc71873160,nc71873160
stead_event_02151,e0bd7ccfb13a3da9231c4915192bf9438bcc5c80b970810dedb3ea0c4ef7436f,1,1,True,B072.PB_20130118233117_EV,nc71924341,nc71924341
stead_event_02152,179cde384cb07b0c5f00c804aa81fa24078d4be7901bfedb596e446dbbf69daa,1,1,True,B072.PB_20130205042733_EV,nc71935341,nc71935341
stead_event_02153,7a1714b1ba666ece201d933aff105adeca93f35b395defe2bf515f18e5432ef7,1,1,True,B072.PB_20130807111559_EV,nc72044591,nc72044591
stead_event_02154,09129df479af03297874f33dbd15b5c8838dbd73f11b2788fd92bbdd03e1f911,1,1,True,B072.PB_20130809220148_EV,nc72046216,nc72046216
stead_event_02155,9bf39d2310c34bc73d9ed18d05598a45b6ffac9e384c3ee63b84e3760384cd44,1,1,True,B072.PB_20131224210637_EV,nc72129776,nc72129776
stead_event_02156,379fb5cd71b396a564c779f655d8f80e44b443833e02ee0fa12c80c73b4daf39,1,1,True,B072.PB_20131224210638_EV,nc72129776,nc72129776
stead_event_02157,e17fda5a7afbe8567305033a3cf9385466159f45b05544816eaff53389fddfc6,1,1,True,B072.PB_20131227002526_EV,nc72131076,nc72131076
stead_event_02158,ea1b2d3bbb2249a79c7a5a71152d8a8c7ba23e02a116c8d76892fc2e1bc4fa2b,1,1,True,B072.PB_20140214150720_EV,nc72167161,nc72167161
stead_event_02159,00c46c86243ceeb823e7ac61995c46f9c85e4896204695a1d29a8e80389d2642,1,1,True,B072.PB_20150327165348_EV,nc72418550,nc72418550
stead_event_02160,eaebf1b20f4aecb493ceec226fc8181a76db9fbcefdb90b4c3b664fec838bfda,1,1,True,B072.PB_20180102074300_EV,nc72947676,nc72947676
stead_event_02161,8c00de3cf210894a6896ae2634d13cdb8088ec887b78351e764a6b28b56f228d,1,1,True,B073.PB_20120508220537_EV,nc71778210,nc71778210
stead_event_02162,18a6ec8503b3c3cfa562a4b529dfdfc52725c41dd5e3cbc9ebcc688e994dd323,1,1,True,B073.PB_20120603042704_EV,nc71795396,nc71795396
stead_event_02163,b020ffd52877df25d61f1e7fc50622df43e91b562f4c83857b039c070ee99c76,1,1,True,B073.PB_20120806073544_EV,nc71827401,nc71827401
stead_event_02164,d9478af6639e56f22ff1490cb1b149ed26e6a0878c2b110a35cf9b50891a9f77,1,1,True,B073.PB_20120907132209_EV,nc71839165,nc71839165
stead_event_02165,05796e4a4afde9864f895c65119770e3b31b1724241bcbf027282186af82e5f6,1,1,True,B073.PB_20120907132352_EV,nc71839170,nc71839170
stead_event_02166,a1a2ab90bb307de16c4effc62a9e5b9d0a46818cf4f18f8307726cba977b25ee,1,1,True,B073.PB_20121023072940_EV,nc71865625,nc71865625
stead_event_02167,ad8956c49470581c603a922ff3bba8de4b712cfb1bfb8d5a243ebeb117a136be,1,1,True,B073.PB_20130205042728_EV,nc71935341,nc71935341
stead_event_02168,3fc00c7b05eb23594c9c231e8373f640bd1851402916a8f1757e1efa3de07efc,1,1,True,B073.PB_20130329103934_EV,nc71962570,nc71962570
stead_event_02169,2c389723a2bc48ca87e17ff7e4cd6a1627d851d0db290481c4ac2cdcb7e7e816,1,1,True,B073.PB_20130427061132_EV,nc71977970,nc71977970
stead_event_02170,1995777c6dffa5fda9cb5394333fab249dfcc38151d0f975149145a43a52c3f4,1,1,True,B073.PB_20130526140107_EV,nc72000566,nc72000566
stead_event_02171,0a9e6ca192a55d25198008a7c57f3a706fc080cd13fb24f6c4c7c6293745baf3,1,1,True,B073.PB_20130620034533_EV,nc72011795,nc72011795
stead_event_02172,7752c2f0c544603c34eb894db58af15ade248a41ff5553b07dec5039015f0f7b,1,1,True,B073.PB_20130807111601_EV,nc72044591,nc72044591
stead_event_02173,1c346631735008625806e5d713c67b0c144ab84fd1f6f0ba41d3157c55c6ca1f,1,1,True,B073.PB_20130809224309_EV,nc72046281,nc72046281
stead_event_02174,850847bdcbb5cc2605355b83dd283dbdd4576ca2a9a277f8578fb71c1decfe8d,1,1,True,B073.PB_20131215023301_EV,nc72121135,nc72121135
stead_event_02175,c440ec8a1662ad77f650926c8eaef84195655befea72953b1796da6bb7971868,1,1,True,B073.PB_20140214150715_EV,nc72167161,nc72167161
stead_event_02176,fd1848bd45b5255d3165dffe7f42d2b32be2b29c4fa3ba32f31a7add3bd71b49,1,1,True,B073.PB_20160302201249_EV,nc72601150,nc72601150
stead_event_02177,8afdc32a6ef9cd87db506bb9b1ffe1e4113ff4480f1faf3019c9b57f0d81f34e,1,1,True,B073.PB_20180102074300_EV,nc72947676,nc72947676
stead_event_02178,190e22d5116028ccc27ac3de6cd24ef97c55a6cfef81a946f5bd3ecff83f3eb6,1,1,True,B075.PB_20120502180735_EV,nc71774550,nc71774550
stead_event_02179,f3cc79dff10fbb7e243f82469eff773c20fa1744e31d1605f3d0c9b8b669d401,1,1,True,B075.PB_20120606000216_EV,nc71797341,nc71797341
stead_event_02180,76935aa8af7f90a4ef7aa260b8580c4a0c797c12036360da1864ec9111eb685f,1,1,True,B075.PB_20120806073541_EV,nc71827401,nc71827401
stead_event_02181,50e5ea63afe494c113625621c0d566d9760d62170c1ce0d075ad69730e41e5e2,1,1,True,B075.PB_20121021152100_EV,nc71864110,nc71864110
stead_event_02182,bc6425e9c6bb05575aae945860ecfb796eb9d01480e83a4573bfa1b0b0e5bbdd,1,1,True,B075.PB_20121223100246_EV,nc71909141,nc71909141
stead_event_02183,214531a2ca84123ed60960e568798f14190c9154efe81767b1245e7443b979ab,1,1,True,B075.PB_20130126174946_EV,nc71929246,nc71929246
stead_event_02184,e1edac441deeb90e1610cbf2ed38e8d32dc813d831290a95cfd77f3dbd3ba5ad,1,1,True,B075.PB_20130324164353_EV,nc71959665,nc71959665
stead_event_02185,b1df7db2e2c5de0d32d18e64ac3d98a2f41407cf96dac05559dd12e3a9d731c2,1,1,True,B075.PB_20130427061132_EV,nc71977970,nc71977970
stead_event_02186,99ab6e774122eeedb8706e2743471beb43daf1b8a55e1931d872919e5fbe2a2b,1,1,True,B075.PB_20130617013032_EV,nc72009445,nc72009445
stead_event_02187,1abd6b45dcac991a121410c79bd07225c92659c4b643453d97b5a4a9e041d4fd,1,1,True,B075.PB_20130620034532_EV,nc72011795,nc72011795
stead_event_02188,e6dbbed4127bf4d5998fae55da531fca05e8db63cc23aa3c2d30369b416514e9,1,1,True,B075.PB_20130624000437_EV,nc72014295,nc72014295
stead_event_02189,b62b02a613da8f204c2766e093d1147550bea1df26a1c52e64fe28b9f3652454,1,1,True,B075.PB_20130806150309_EV,nc72044151,nc72044151
stead_event_02190,60eb0cc980c7ba16d9e362c5cd7aeff7d62308f116d2e30b7d5a6b3c38eb16ac,1,1,True,B075.PB_20130911014549_EV,nc72067636,nc72067636
stead_event_02191,3b64f30f9a9adf0c9f9222d14c14879f225315fb765e49414bd8539a1fa3724c,1,1,True,B075.PB_20131107192120_EV,nc72102971,nc72102971
stead_event_02192,2a5971d3e97f8fd5a4200026799bf28247379435dfbadaea807e17c1e1dcbf26,1,1,True,B075.PB_20131224210639_EV,nc72129776,nc72129776
stead_event_02193,da24edecdf3df21d79e539466088c91f87b20bb84083f18a1000aacb014435f0,1,1,True,B075.PB_20131224210643_EV,nc72129776,nc72129776
stead_event_02194,86b2e1d36942a175b0d087eb5e4ac24d80085f3e5a5c7286efc1b08567d96076,1,1,True,B075.PB_20131229163159_EV,nc72132601,nc72132601
stead_event_02195,d628c124ede61002c9d574d2e06d45c920bc12b814912f7d762142fed4ab4813,1,1,True,B075.PB_20140212225410_EV,nc72165381,nc72165381
stead_event_02196,6a1e9d759c212e18e02f45e1bd47d148aca95c887e951f67528b1c971fd72d66,1,1,True,B075.PB_20140214150717_EV,nc72167161,nc72167161
stead_event_02197,5c40195dda0d5dbec6814912f166a1bbb449494c532d49e97e9be06567e30af4,1,1,True,B076.PB_20120508220534_EV,nc71778210,nc71778210
stead_event_02198,85b449504a94a1bc3e42f95e9bea0b8fcbe58eca6e83cddeb96f98a0c01ab1a8,1,1,True,B076.PB_20120603042704_EV,nc71795396,nc71795396
stead_event_02199,51729b8d784053f385931c3cdd9f49e3a22176a90dfbb8b5deaaa5d48c5e23d5,1,1,True,B076.PB_20120801071158_EV,nc71825011,nc71825011
stead_event_02200,2eb1d9d74ac4f04596229082df2905b7c37f56c209cc35144cd4bfadaa67fd9c,1,1,True,B076.PB_20120908083924_EV,nc71839580,nc71839580
stead_event_02201,d32ef57dd3ebcaabf73069b587b36da8c537ba4b490787d1545b74d232b3a166,1,1,True,B076.PB_20121023072940_EV,nc71865625,nc71865625
stead_event_02202,b4986fc7bf41477f300bc8c3bf1df6da9b121659be0dca3733847789257fb5fc,1,1,True,B076.PB_20130205042728_EV,nc71935341,nc71935341
stead_event_02203,27f1408d7296fcff9ac6c85af1f7b3e569ffa1d22f3cfc11987b1a828f77f309,1,1,True,B076.PB_20130422140107_EV,nc71975280,nc71975280
stead_event_02204,6b54182ff15d1c0ee6fdbfa11efe1301ffa09ee267a2a9fb86e2aed1ca32241c,1,1,True,B076.PB_20130503100634_EV,nc71984616,nc71984616
stead_event_02205,0163a5326a5a05e913bbe73d5902d0ab7dd04c620ce97576b4bbf34ce748d6e7,1,1,True,B076.PB_20130526140106_EV,nc72000566,nc72000566
stead_event_02206,0f1877c0610bf84a6bbbbd2e29bf349a6c2215f66c977f5f615845fe8bd99465,1,1,True,B076.PB_20130809220148_EV,nc72046216,nc72046216
stead_event_02207,c254b24f43e4d2e24e11de2ac20566d7257aa833e667fbe8a64042e2cbd4865d,1,1,True,B076.PB_20130809224313_EV,nc72046281,nc72046281
stead_event_02208,e956789d390be1293ca6ff05e3fe50c8b2b61e03326400346daf1b9d691fbecb,1,1,True,B076.PB_20131024164527_EV,nc72094651,nc72094651
stead_event_02209,4b01294422db3cf7e25477ac67e49329d8fe411aaaa19c266dcbd0da6e2a4042,1,1,True,B076.PB_20131215023304_EV,nc72121135,nc72121135
stead_event_02210,b02837551ff41c2228246e7a29d4bb256000e18ff436a452c24a79cdb25e7f7a,1,1,True,B076.PB_20140212225406_EV,nc72165381,nc72165381
stead_event_02211,880c43021739c7d5c0642d9507def5592781a5e377e20e3e0a4e6d70f9ef609f,1,1,True,B076.PB_20140214150720_EV,nc72167161,nc72167161
stead_event_02212,f805a0eb0d4756d2d67e587bfb7e954be08eb27bb99b31cf8992404f98ff54fb,1,1,True,B076.PB_20160302201246_EV,nc72601150,nc72601150
stead_event_02213,f1069a1c3cb7c1bcccd24c6b90849319dfcb4ac83906da91669ed40afd0d19eb,1,1,True,B076.PB_20180102074301_EV,nc72947676,nc72947676
stead_event_02214,b5af806e704b1678dcb042fdb41541dcf1f3d8c985309234594f76d88f88192f,1,1,True,B078.PB_20120508220537_EV,nc71778210,nc71778210
stead_event_02215,07f8e735b2fdf44c1afe0029029a1a3808c4ec5bcf7a033d0fb6bc04c7b7da87,1,1,True,B078.PB_20120603042701_EV,nc71795396,nc71795396
stead_event_02216,3dcafa38a1ba8ad193c32cb4512049f508df3a877a57312228e57d3a8815c349,1,1,True,B078.PB_20120831214408_EV,nc71835625,nc71835625
stead_event_02217,7eeaa6c42d8efa83938baa9638bd9db9336ec917e47618525110ebb0845e5144,1,1,True,B078.PB_20121101141129_EV,nc71873160,nc71873160
stead_event_02218,a7b4a6eab411bd0c849a869a3c5aa4fadb05acbfc7be3a9699b3cc9cad04cc36,1,1,True,B078.PB_20130118233118_EV,nc71924341,nc71924341
stead_event_02219,bea45b0245583d306d7ba345b49bce6a18072771e84aca398671001cf8a6864d,1,1,True,B078.PB_20130617013033_EV,nc72009445,nc72009445
stead_event_02220,72b70af8c89082d2a61ef5b82bb4310e3f0af785797461520f20dc8854124f2e,1,1,True,B078.PB_20130620034536_EV,nc72011795,nc72011795
stead_event_02221,0da28e016fd353efe17fd9b2003760b2d4ffe47cb85a0135861b2860f82d3ae2,1,1,True,B078.PB_20130626111837_EV,nc72015785,nc72015785
stead_event_02222,b4fd04354f0c7d4ac60efe04300c491e57554f3bc79b1260ce41faefe34f37b6,1,1,True,B078.PB_20130807111559_EV,nc72044591,nc72044591
stead_event_02223,dc4458d24d23429bf45f2ad3a352f76bf8e019d0d5be0046f1c6dac9fffb1434,1,1,True,B078.PB_20131224210639_EV,nc72129776,nc72129776
stead_event_02224,e81c6affad277d0ef9054b2abf824f8354f8092e9c83015aaac51e3f3f93e8cc,1,1,True,B078.PB_20131224210641_EV,nc72129776,nc72129776
stead_event_02225,ef4ba0211106b48030bf106de604f577a82b851aea7344dbad676ae3a3523791,1,1,True,B078.PB_20140212225410_EV,nc72165381,nc72165381
stead_event_02226,89948db5afea47d84baa6c2798875d3dfe2db7c28565fd3025f5d3998c237cf1,1,1,True,B078.PB_20140214150719_EV,nc72167161,nc72167161
stead_event_02227,6aa396f29765e01483380496114d3f7954036430e91dfaba40b3dcea54efcde2,1,1,True,B078.PB_20150327165346_EV,nc72418550,nc72418550
stead_event_02228,04e61c96310951a77f9c01e737a649f3104ab2f2a884a2c282d6c27a1b07a243,1,1,True,B079.PB_20120603042701_EV,nc71795396,nc71795396
stead_event_02229,b05dd5e38b32d2fdcb74c13486c9152b5466258d0430d29965eec6c108845082,1,1,True,B079.PB_20130118233120_EV,nc71924341,nc71924341
stead_event_02230,27fa8c6f2e3e23ede4e0dbe84c9b869ac88003e6076e936e0cf5f1fd4148ad65,1,1,True,B079.PB_20130911014551_EV,nc72067636,nc72067636
stead_event_02231,99cd82e0fc36bd576b47f8e33beb60cbee92d7495b6273afbf31fd912faf61f1,1,1,True,B079.PB_20131224210641_EV,nc72129776,nc72129776
stead_event_02232,1ec08b050e36e638956b1e58fd0b7a72df2d3eea54f5a196d73be19c470b4b2b,1,1,True,B079.PB_20131224210642_EV,nc72129776,nc72129776
stead_event_02233,79c83c4f072c8461314cf2c041e715932cc1d56c611606a221bda3bd4607f074,1,1,True,B079.PB_20140214150723_EV,nc72167161,nc72167161
