event_id,verified_source_id,historical_role,corrected_role,p_status,s_status,both_manual,station_key,historical_source_roles,source_historical_train_or_val
stead_event_00000,12763676,train,train,manual,manual,True,TA.109C,train,True
stead_event_00001,12816661,test,train,manual,manual,True,TA.109C,test,False
stead_event_00002,12956869,val,train,manual,manual,True,TA.109C,val,True
stead_event_00003,ci10276465,train,train,manual,manual,True,TA.109C,train,True
stead_event_00004,12958631,train,train,manual,manual,True,TA.109C,train,True
stead_event_00005,12958575,train,train,manual,manual,True,TA.109C,train,True
stead_event_00006,12959880,train,train,manual,manual,True,TA.109C,train,True
stead_event_00007,12962350,test,test,manual,manual,True,TA.109C,test,False
stead_event_00008,ci10279289,train,test,manual,manual,True,TA.109C,train,True
stead_event_00009,12962332,val,test,manual,manual,True,TA.109C,val,True
stead_event_00010,12964285,train,train,manual,manual,True,TA.109C,train,True
stead_event_00011,13494111,test,train,manual,manual,True,TA.109C,test,False
stead_event_00012,10925153,val,test,manual,manual,True,TA.109C,val,True
stead_event_00013,12071632,train,train,manual,manual,True,TA.109C,train,True
stead_event_00014,13374603,train,train,autopicker,autopicker,False,TA.109C,train,True
stead_event_00015,12769966,train,train,manual,manual,True,TA.119A,train,True
stead_event_00016,13259505,train,test,manual,manual,True,TA.119A,train,True
stead_event_00017,604179950,train,test,manual,manual,True,TA.158A,train,True
stead_event_00018,604179950,train,test,manual,manual,True,TA.158A,train,True
stead_event_00019,17386617,train,val,manual,manual,True,TA.735A,train,True
stead_event_00020,17531242,train,train,manual,autopicker,False,TA.735A,train,True
stead_event_00021,12963489,train,train,manual,manual,True,TA.A04A,train,True
stead_event_00022,13232556,train,train,manual,manual,True,TA.A04A,train,True
stead_event_00023,13232556,train,train,manual,manual,True,TA.A04A,train,True
stead_event_00024,16012717,train,train,manual,manual,True,TA.A04D,train|val|test,True
stead_event_00025,16012717,val,train,manual,manual,True,TA.A04D,train|val|test,True
stead_event_00026,uw10819223,train,train,manual,manual,True,TA.A04D,train,True
stead_event_00027,uw60394672,train,train,manual,manual,True,TA.A04D,train,True
stead_event_00028,uw60532637,train,train,manual,manual,True,TA.A04D,train,True
stead_event_00029,13232556,train,train,manual,manual,True,TA.A05A,train,True
stead_event_00030,13232556,train,train,manual,manual,True,TA.A05A,train,True
stead_event_00031,11406516,train,train,manual,autopicker,False,TA.A05A,train,True
stead_event_00032,13333448,train,train,manual,manual,True,TA.A14A,train,True
stead_event_00033,13487328,test,train,manual,manual,True,TA.A14A,val|test,True
stead_event_00034,13326812,test,train,manual,manual,True,TA.A15A,test,False
stead_event_00035,13487328,val,train,manual,manual,True,TA.A15A,val|test,True
stead_event_00036,601518318,train,val,manual,autopicker,False,CN.A16,train,True
stead_event_00037,601518318,train,val,manual,autopicker,False,CN.A16,train,True
stead_event_00038,603236867,train,train,manual,manual,True,CN.A16,train,True
stead_event_00039,606589340,train,train,manual,manual,True,CN.A16,train,True
stead_event_00040,603236867,train,train,manual,manual,True,CN.A21,train,True
stead_event_00041,606589340,train,train,manual,manual,True,CN.A61,train,True
stead_event_00042,603236867,train,train,manual,manual,True,CN.A64,train,True
stead_event_00043,6843012,test,train,manual,autopicker,False,II.AAK,test,False
stead_event_00044,426634,train,train,autopicker,autopicker,False,ZQ.AAM1,train,True
stead_event_00045,377378,train,val,autopicker,autopicker,False,ZQ.AAM1,train,True
stead_event_00046,42145,train,train,autopicker,autopicker,False,ZQ.AAM1,train,True
stead_event_00047,3887,train,train,autopicker,autopicker,False,ZQ.AAM1,train,True
stead_event_00048,407528,train,train,autopicker,autopicker,False,ZQ.AAM1,train,True
stead_event_00049,401534,train,train,autopicker,autopicker,False,ZQ.AAM1,train,True
stead_event_00050,371473,test,train,autopicker,autopicker,False,ZQ.AAM1,train|val|test,True
stead_event_00051,449393,val,test,autopicker,autopicker,False,ZQ.AAM1,train|val,True
stead_event_00052,427423,test,train,autopicker,autopicker,False,ZQ.AAM1,train|val|test,True
stead_event_00053,405375,test,train,autopicker,autopicker,False,ZQ.AAM1,train|test,True
stead_event_00054,448605,train,train,autopicker,autopicker,False,ZQ.AAM1,train,True
stead_event_00055,423377,test,train,autopicker,autopicker,False,ZQ.AAM1,test,False
stead_event_00056,338507,train,val,autopicker,autopicker,False,ZQ.AAM1,train|val,True
stead_event_00057,429451,train,train,autopicker,autopicker,False,ZQ.AAM1,train,True
stead_event_00058,429464,train,train,autopicker,autopicker,False,ZQ.AAM1,train|test,True
stead_event_00059,39672,train,train,autopicker,autopicker,False,ZQ.AAM1,train|test,True
stead_event_00060,458578,train,train,autopicker,autopicker,False,ZQ.AAM1,train,True
stead_event_00061,40969,train,val,autopicker,autopicker,False,ZQ.AAM1,train|val,True
stead_event_00062,419718,val,train,autopicker,autopicker,False,ZQ.AAM1,val|test,True
stead_event_00063,335476,train,train,autopicker,autopicker,False,ZQ.AAM1,train,True
stead_event_00064,377479,train,train,autopicker,autopicker,False,ZQ.AAM1,train,True
stead_event_00065,427431,train,train,autopicker,autopicker,False,ZQ.AAM1,train|val,True
stead_event_00066,413582,train,train,autopicker,autopicker,False,ZQ.AAM1,train|val,True
stead_event_00067,334594,val,train,autopicker,autopicker,False,ZQ.AAM1,train|val,True
stead_event_00068,392291,train,val,autopicker,autopicker,False,ZQ.AAM1,train,True
stead_event_00069,428454,test,train,autopicker,autopicker,False,ZQ.AAM1,train|test,True
stead_event_00070,474506,val,train,autopicker,autopicker,False,ZQ.AAM1,train|val,True
stead_event_00071,43425,train,train,autopicker,autopicker,False,ZQ.AAM1,train,True
stead_event_00072,37441,train,train,autopicker,autopicker,False,ZQ.AAM1,train,True
stead_event_00073,432389,val,train,autopicker,autopicker,False,ZQ.AAM1,val,True
stead_event_00074,441362,val,val,autopicker,autopicker,False,ZQ.AAM1,train|val|test,True
stead_event_00075,458505,val,train,autopicker,autopicker,False,ZQ.AAM1,train|val,True
stead_event_00076,45392,val,train,autopicker,autopicker,False,ZQ.AAM1,train|val,True
stead_event_00077,36493,train,train,autopicker,autopicker,False,ZQ.AAM1,train,True
stead_event_00078,366492,train,train,autopicker,autopicker,False,ZQ.AAM1,train,True
stead_event_00079,42768,train,train,autopicker,autopicker,False,ZQ.AAM1,train,True
stead_event_00080,378456,test,val,autopicker,autopicker,False,ZQ.AAM2,test,False
stead_event_00081,377378,train,val,autopicker,autopicker,False,ZQ.AAM2,train,True
stead_event_00082,42145,train,train,autopicker,autopicker,False,ZQ.AAM2,train,True
stead_event_00083,3887,train,train,autopicker,autopicker,False,ZQ.AAM2,train,True
stead_event_00084,371473,train,train,autopicker,autopicker,False,ZQ.AAM2,train|val|test,True
stead_event_00085,449393,train,test,autopicker,autopicker,False,ZQ.AAM2,train|val,True
stead_event_00086,427423,val,train,autopicker,autopicker,False,ZQ.AAM2,train|val|test,True
stead_event_00087,405375,train,train,autopicker,autopicker,False,ZQ.AAM2,train|test,True
stead_event_00088,419718,test,train,autopicker,autopicker,False,ZQ.AAM2,val|test,True
stead_event_00089,335476,train,train,autopicker,autopicker,False,ZQ.AAM2,train,True
stead_event_00090,377479,train,train,autopicker,autopicker,False,ZQ.AAM2,train,True
stead_event_00091,427431,val,train,autopicker,autopicker,False,ZQ.AAM2,train|val,True
stead_event_00092,413582,val,train,autopicker,autopicker,False,ZQ.AAM2,train|val,True
stead_event_00093,408473,train,train,autopicker,autopicker,False,ZQ.AAM2,train|test,True
stead_event_00094,197886,val,train,autopicker,autopicker,False,ZQ.AAM2,val,True
stead_event_00095,334594,train,train,autopicker,autopicker,False,ZQ.AAM2,train|val,True
stead_event_00096,406475,train,train,autopicker,autopicker,False,ZQ.AAM2,train,True
stead_event_00097,419606,train,train,autopicker,autopicker,False,ZQ.AAM2,train,True
stead_event_00098,43425,train,train,autopicker,autopicker,False,ZQ.AAM2,train,True
stead_event_00099,37441,train,train,autopicker,autopicker,False,ZQ.AAM2,train,True
stead_event_00100,441362,train,val,autopicker,autopicker,False,ZQ.AAM2,train|val|test,True
stead_event_00101,101667,train,train,autopicker,autopicker,False,ZQ.AAM2,train,True
stead_event_00102,45392,train,train,autopicker,autopicker,False,ZQ.AAM2,train|val,True
stead_event_00103,495,train,test,autopicker,autopicker,False,ZQ.AAM2,train,True
stead_event_00104,428586,test,train,autopicker,autopicker,False,ZQ.AAM2,test,False
stead_event_00105,36493,train,train,autopicker,autopicker,False,ZQ.AAM2,train,True
stead_event_00106,366492,train,train,autopicker,autopicker,False,ZQ.AAM2,train,True
stead_event_00107,371473,val,train,autopicker,autopicker,False,ZQ.AAM3,train|val|test,True
stead_event_00108,449393,train,test,autopicker,autopicker,False,ZQ.AAM3,train|val,True
stead_event_00109,427423,train,train,autopicker,autopicker,False,ZQ.AAM3,train|val|test,True
stead_event_00110,405375,train,train,autopicker,autopicker,False,ZQ.AAM3,train|test,True
stead_event_00111,448605,train,train,autopicker,autopicker,False,ZQ.AAM3,train,True
stead_event_00112,423377,test,train,autopicker,autopicker,False,ZQ.AAM3,test,False
stead_event_00113,338507,val,val,autopicker,autopicker,False,ZQ.AAM3,train|val,True
stead_event_00114,429451,train,train,autopicker,autopicker,False,ZQ.AAM3,train,True
stead_event_00115,429464,test,train,autopicker,autopicker,False,ZQ.AAM3,train|test,True
stead_event_00116,423507,val,train,autopicker,autopicker,False,ZQ.AAM3,val,True
stead_event_00117,37255,train,train,autopicker,autopicker,False,ZQ.AAM3,train,True
stead_event_00118,39672,test,train,autopicker,autopicker,False,ZQ.AAM3,train|test,True
stead_event_00119,458578,train,train,autopicker,autopicker,False,ZQ.AAM3,train,True
stead_event_00120,40969,val,val,autopicker,autopicker,False,ZQ.AAM3,train|val,True
stead_event_00121,419718,test,train,autopicker,autopicker,False,ZQ.AAM3,val|test,True
stead_event_00122,335476,train,train,autopicker,autopicker,False,ZQ.AAM3,train,True
stead_event_00123,377479,train,train,autopicker,autopicker,False,ZQ.AAM3,train,True
stead_event_00124,427431,train,train,autopicker,autopicker,False,ZQ.AAM3,train|val,True
stead_event_00125,431338,train,test,autopicker,autopicker,False,ZQ.AAM3,train,True
stead_event_00126,413582,val,train,autopicker,autopicker,False,ZQ.AAM3,train|val,True
stead_event_00127,408473,test,train,autopicker,autopicker,False,ZQ.AAM3,train|test,True
stead_event_00128,392291,train,val,autopicker,autopicker,False,ZQ.AAM3,train,True
stead_event_00129,428454,train,train,autopicker,autopicker,False,ZQ.AAM3,train|test,True
stead_event_00130,474506,train,train,autopicker,autopicker,False,ZQ.AAM3,train|val,True
stead_event_00131,406475,train,train,autopicker,autopicker,False,ZQ.AAM3,train,True
stead_event_00132,419463,train,test,autopicker,autopicker,False,ZQ.AAM3,train,True
stead_event_00133,419606,train,train,autopicker,autopicker,False,ZQ.AAM3,train,True
stead_event_00134,441362,test,val,autopicker,autopicker,False,ZQ.AAM3,train|val|test,True
stead_event_00135,458505,train,train,autopicker,autopicker,False,ZQ.AAM3,train|val,True
stead_event_00136,12092789,train,train,autopicker,autopicker,False,KZ.ABKAR,train,True
stead_event_00137,12653337,val,train,autopicker,autopicker,False,KZ.ABKAR,val,True
stead_event_00138,99434884,train,train,autopicker,autopicker,False,KZ.ABKAR,train,True
stead_event_00139,33352332,test,train,autopicker,autopicker,False,KZ.ABKAR,test,False
stead_event_00140,602347413,test,test,manual,manual,True,PR.ABVI,train|test,True
stead_event_00141,602347413,train,test,manual,manual,True,PR.ABVI,train|test,True
stead_event_00142,604652658,train,train,manual,manual,True,C1.AC04,train,True
stead_event_00143,606918008,train,train,manual,manual,True,C1.AC04,train,True
stead_event_00144,604751880,train,train,manual,manual,True,C1.AC04,train,True
stead_event_00145,604856436,train,train,manual,manual,True,C1.AC04,train,True
stead_event_00146,604856436,train,train,manual,autopicker,False,C1.AC04,train,True
stead_event_00147,605416371,train,train,manual,manual,True,C1.AC04,train,True
stead_event_00148,606932637,train,train,manual,manual,True,C1.AC04,train|test,True
stead_event_00149,606932637,train,train,manual,manual,True,C1.AC04,train|test,True
stead_event_00150,606932637,test,train,manual,manual,True,C1.AC04,train|test,True
stead_event_00151,606932637,train,train,manual,manual,True,C1.AC04,train|test,True
stead_event_00152,606732084,train,train,manual,manual,True,C1.AC04,train|test,True
stead_event_00153,606732084,train,train,manual,manual,True,C1.AC04,train|test,True
stead_event_00154,606732084,test,train,manual,manual,True,C1.AC04,train|test,True
stead_event_00155,606831117,train,train,manual,manual,True,C1.AC04,train,True
stead_event_00156,610587346,train,train,manual,manual,True,C1.AC04,train|val,True
stead_event_00157,610587346,val,train,manual,manual,True,C1.AC04,train|val,True
stead_event_00158,607215166,train,train,manual,manual,True,C1.AC04,train|val,True
stead_event_00159,607215166,val,train,manual,manual,True,C1.AC04,train|val,True
stead_event_00160,607215166,train,train,manual,manual,True,C1.AC04,train|val,True
stead_event_00161,ld60047501,train,test,manual,manual,True,LD.ACCN,train,True
stead_event_00162,603441563,train,test,autopicker,autopicker,False,IV.ACER,train,True
stead_event_00163,ak012cd72sd0,train,val,manual,manual,True,AV.ACH,train,True
stead_event_00164,ak19299578,train,train,autopicker,autopicker,False,AV.ACH,train,True
stead_event_00165,ak19771635,val,train,manual,manual,True,AV.ACH,val,True
stead_event_00166,17333898,train,train,manual,autopicker,False,NI.ACOM,train,True
stead_event_00167,604373274,train,val,manual,autopicker,False,NI.ACOM,train,True
stead_event_00168,606627084,train,train,manual,manual,True,NI.ACOM,train,True
stead_event_00169,606627084,train,train,manual,manual,True,NI.ACOM,train,True
stead_event_00170,606627084,train,train,manual,manual,True,NI.ACOM,train,True
stead_event_00171,13989760,train,train,manual,manual,True,HA.ACOR,train,True
stead_event_00172,13843703,train,train,manual,autopicker,False,HA.ACOR,train,True
stead_event_00173,14766987,train,train,manual,manual,True,HA.ACOR,train,True
stead_event_00174,13991842,train,train,manual,autopicker,False,HA.ACOR,train,True
stead_event_00175,14788283,train,train,manual,manual,True,HA.ACOR,train,True
stead_event_00176,16334221,train,train,manual,manual,True,HA.ACOR,train,True
stead_event_00177,16334499,train,test,manual,manual,True,HA.ACOR,train,True
stead_event_00178,16336727,test,test,manual,manual,True,HA.ACOR,test,False
stead_event_00179,15165639,train,train,manual,manual,True,HA.ACOR,train,True
stead_event_00180,15217350,train,train,manual,manual,True,HA.ACOR,train,True
stead_event_00181,ci15180441,train,train,automatic,manual,False,CI.ADO,train,True
stead_event_00182,ci15195785,test,train,manual,manual,True,CI.ADO,test,False
stead_event_00183,ci15245897,test,val,manual,manual,True,CI.ADO,test,False
stead_event_00184,ci11209170,train,test,automatic,manual,False,CI.ADO,train,True
stead_event_00185,ci15396745,train,train,automatic,manual,False,CI.ADO,train,True
stead_event_00186,603962507,val,train,manual,manual,True,CI.ADO,train|val,True
stead_event_00187,603962507,train,train,manual,manual,True,CI.ADO,train|val,True
stead_event_00188,603964160,train,val,manual,manual,True,CI.ADO,train,True
stead_event_00189,ci11414410,train,train,automatic,manual,False,CI.ADO,train,True
stead_event_00190,603964160,train,val,manual,manual,True,CI.ADO,train,True
stead_event_00191,605615919,test,train,manual,autopicker,False,CI.ADO,test,False
stead_event_00192,13435661,test,train,manual,autopicker,False,KO.ADVT,test,False
stead_event_00193,15898998,train,test,manual,manual,True,KO.ADVT,train,True
stead_event_00194,15899135,train,test,manual,manual,True,KO.ADVT,train,True
stead_event_00195,16357910,train,train,manual,autopicker,False,KO.ADVT,train,True
stead_event_00196,16357939,val,train,manual,manual,True,KO.ADVT,val,True
stead_event_00197,13498466,test,val,manual,manual,True,HT.AGG,test,False
stead_event_00198,12951536,test,train,manual,manual,True,HT.AGG,test,False
stead_event_00199,12099896,val,val,manual,manual,True,HT.AGG,train|val,True
stead_event_00200,14188784,train,train,manual,manual,True,HT.AGG,train|test,True
stead_event_00201,14588781,train,val,manual,autopicker,False,HT.AGG,train,True
stead_event_00202,600734280,train,train,manual,autopicker,False,HT.AGG,train|test,True
stead_event_00203,600734280,test,train,manual,autopicker,False,HT.AGG,train|test,True
stead_event_00204,600268280,train,val,manual,manual,True,HT.AGG,train,True
stead_event_00205,603808481,train,train,manual,manual,True,HT.AGG,train,True
stead_event_00206,603808634,train,train,manual,autopicker,False,HT.AGG,train|val,True
stead_event_00207,603808676,train,train,manual,manual,True,HT.AGG,train,True
stead_event_00208,605626911,train,test,manual,autopicker,False,HT.AGG,train,True
stead_event_00209,14371821,train,train,manual,manual,True,NI.AGOR,train,True
stead_event_00210,14576401,train,train,manual,manual,True,NI.AGOR,train,True
stead_event_00211,14782928,train,train,manual,manual,True,NI.AGOR,train,True
stead_event_00212,17223314,train,train,manual,manual,True,NI.AGOR,train,True
stead_event_00213,14710743,train,val,manual,manual,True,PR.AGPR,train,True
stead_event_00214,604048568,val,train,manual,manual,True,PR.AGPR,train|val,True
stead_event_00215,604048568,train,train,manual,manual,True,PR.AGPR,train|val,True
stead_event_00216,604441092,train,train,manual,manual,True,PR.AGPR,train,True
stead_event_00217,pr2018175002,val,train,manual,manual,True,PR.AGPR,train|val,True
stead_event_00218,12680913,train,test,manual,manual,True,IV.AGST,train,True
stead_event_00219,15636453,val,val,manual,autopicker,False,US.AHID,val,True
stead_event_00220,600138494,train,train,manual,autopicker,False,US.AHID,train,True
stead_event_00221,600138494,train,train,manual,autopicker,False,US.AHID,train,True
stead_event_00222,600138494,train,train,autopicker,manual,False,US.AHID,train,True
stead_event_00223,600846551,train,train,manual,autopicker,False,US.AHID,train,True
stead_event_00224,600846551,train,train,manual,autopicker,False,US.AHID,train,True
stead_event_00225,602562570,train,test,manual,manual,True,US.AHID,train|test,True
stead_event_00226,602562570,test,test,manual,manual,True,US.AHID,train|test,True
stead_event_00227,603798149,train,test,manual,autopicker,False,US.AHID,train|test,True
stead_event_00228,603798149,test,test,manual,autopicker,False,US.AHID,train|test,True
stead_event_00229,hv60911911,train,train,manual,manual,True,HV.AHUD,train,True
stead_event_00230,hv60964166,val,train,manual,manual,True,HV.AHUD,val,True
stead_event_00231,hv60967326,train,train,manual,manual,True,HV.AHUD,train,True
stead_event_00232,hv60968786,train,train,manual,manual,True,HV.AHUD,train,True
stead_event_00233,hv60984166,train,train,manual,manual,True,HV.AHUD,train,True
stead_event_00234,hv60996411,train,train,manual,manual,True,HV.AHUD,train,True
stead_event_00235,hv61004481,val,val,manual,manual,True,HV.AHUD,train|val,True
stead_event_00236,hv61010506,train,train,manual,manual,True,HV.AHUD,train|val,True
stead_event_00237,hv61023526,train,train,manual,manual,True,HV.AHUD,train|val,True
stead_event_00238,hv61067901,train,val,manual,manual,True,HV.AHUD,train,True
stead_event_00239,hv61128081,train,test,manual,manual,True,HV.AHUD,train,True
stead_event_00240,hv61190256,test,train,manual,manual,True,HV.AHUD,train|test,True
stead_event_00241,hv61190896,test,val,manual,manual,True,HV.AHUD,train|test,True
stead_event_00242,hv61199221,test,val,manual,manual,True,HV.AHUD,train|test,True
stead_event_00243,hv61222466,train,test,manual,manual,True,HV.AHUD,train,True
stead_event_00244,hv61231421,train,val,manual,manual,True,HV.AHUD,train,True
stead_event_00245,hv61238131,test,train,manual,manual,True,HV.AHUD,train|test,True
stead_event_00246,hv61245221,train,train,manual,manual,True,HV.AHUD,train,True
stead_event_00247,hv61293831,test,val,manual,manual,True,HV.AHUD,test,False
stead_event_00248,hv61404066,test,train,manual,manual,True,HV.AHUD,train|test,True
stead_event_00249,hv61414371,val,test,autopicker,autopicker,False,HV.AHUD,train|val,True
stead_event_00250,hv61430876,train,train,manual,manual,True,HV.AHUD,train,True
stead_event_00251,hv61431046,train,train,manual,manual,True,HV.AHUD,train,True
stead_event_00252,hv61437156,val,train,autopicker,autopicker,False,HV.AHUD,train|val,True
stead_event_00253,hv61468921,train,test,manual,manual,True,HV.AHUD,train|val,True
stead_event_00254,hv61496121,train,train,manual,manual,True,HV.AHUD,train,True
stead_event_00255,hv61519276,train,val,manual,manual,True,HV.AHUD,train,True
stead_event_00256,hv61522431,test,val,manual,manual,True,HV.AHUD,test,False
stead_event_00257,hv61542831,train,train,autopicker,autopicker,False,HV.AHUD,train,True
stead_event_00258,hv61553736,train,train,autopicker,autopicker,False,HV.AHUD,train,True
stead_event_00259,hv61568526,train,train,manual,manual,True,HV.AHUD,train|test,True
stead_event_00260,hv61609331,train,val,manual,manual,True,HV.AHUD,train,True
stead_event_00261,hv61623346,test,train,manual,manual,True,HV.AHUD,test,False
stead_event_00262,hv61623926,train,train,manual,manual,True,HV.AHUD,train,True
stead_event_00263,hv61630461,train,test,manual,manual,True,HV.AHUD,train,True
stead_event_00264,hv61631096,test,train,manual,manual,True,HV.AHUD,train|test,True
stead_event_00265,hv61631916,val,test,manual,manual,True,HV.AHUD,train|val,True
stead_event_00266,hv61636536,train,train,manual,manual,True,HV.AHUD,train|val,True
stead_event_00267,hv61672961,val,train,manual,manual,True,HV.AHUD,train|val,True
stead_event_00268,hv61713526,train,train,manual,manual,True,HV.AHUD,train,True
stead_event_00269,hv61715021,train,train,manual,manual,True,HV.AHUD,train,True
stead_event_00270,hv61720621,val,test,manual,manual,True,HV.AHUD,train|val,True
stead_event_00271,hv61804466,val,train,autopicker,autopicker,False,HV.AHUD,train|val,True
stead_event_00272,hv61866736,test,train,manual,manual,True,HV.AHUD,train|test,True
stead_event_00273,hv62007486,test,train,manual,manual,True,HV.AHUD,train|test,True
stead_event_00274,hv62014031,train,train,manual,manual,True,HV.AHUD,train,True
stead_event_00275,hv62015441,train,train,autopicker,autopicker,False,HV.AHUD,train,True
stead_event_00276,hv70021937,val,train,manual,manual,True,HV.AHUD,val,True
stead_event_00277,hv70088721,train,train,autopicker,autopicker,False,HV.AHUD,train,True
stead_event_00278,hv70104051,val,val,autopicker,autopicker,False,HV.AHUD,val,True
stead_event_00279,hv70112676,val,train,autopicker,autopicker,False,HV.AHUD,val,True
stead_event_00280,hv70118556,test,train,autopicker,autopicker,False,HV.AHUD,test,False
stead_event_00281,hv70244357,train,train,autopicker,autopicker,False,HV.AHUD,train,True
stead_event_00282,hv70249957,train,train,autopicker,autopicker,False,HV.AHUD,train,True
stead_event_00283,hv70259221,train,train,autopicker,autopicker,False,HV.AHUD,train|test,True
stead_event_00284,hv70264616,train,train,autopicker,autopicker,False,HV.AHUD,train,True
stead_event_00285,hv70264911,train,val,autopicker,autopicker,False,HV.AHUD,train,True
stead_event_00286,hv70267506,train,train,autopicker,autopicker,False,HV.AHUD,train,True
stead_event_00287,hv70268561,train,train,autopicker,autopicker,False,HV.AHUD,train,True
stead_event_00288,hv70274351,train,train,autopicker,autopicker,False,HV.AHUD,train,True
stead_event_00289,hv70278546,train,test,autopicker,autopicker,False,HV.AHUD,train,True
stead_event_00290,hv70284886,train,val,manual,manual,True,HV.AHUD,train,True
stead_event_00291,hv70284971,train,train,autopicker,autopicker,False,HV.AHUD,train,True
stead_event_00292,hv70288751,val,val,autopicker,autopicker,False,HV.AHUD,val,True
stead_event_00293,hv70291961,train,train,autopicker,autopicker,False,HV.AHUD,train,True
stead_event_00294,hv70296771,train,test,autopicker,autopicker,False,HV.AHUD,train,True
stead_event_00295,hv70301106,train,train,autopicker,autopicker,False,HV.AHUD,train,True
stead_event_00296,hv70304606,val,train,autopicker,autopicker,False,HV.AHUD,val,True
stead_event_00297,hv70313911,train,test,autopicker,autopicker,False,HV.AHUD,train,True
stead_event_00298,hv70326671,train,train,autopicker,autopicker,False,HV.AHUD,train,True
stead_event_00299,hv70329746,train,train,autopicker,autopicker,False,HV.AHUD,train,True
stead_event_00300,hv70331796,train,val,autopicker,autopicker,False,HV.AHUD,train,True
stead_event_00301,hv70332396,train,test,autopicker,autopicker,False,HV.AHUD,train,True
stead_event_00302,hv70337366,train,train,autopicker,autopicker,False,HV.AHUD,train,True
stead_event_00303,hv70340691,train,train,autopicker,autopicker,False,HV.AHUD,train,True
stead_event_00304,hv70341951,val,train,autopicker,autopicker,False,HV.AHUD,val,True
stead_event_00305,hv70343071,test,train,autopicker,autopicker,False,HV.AHUD,test,False
stead_event_00306,hv70348236,train,train,autopicker,autopicker,False,HV.AHUD,train,True
stead_event_00307,hv70360151,train,val,autopicker,autopicker,False,HV.AHUD,train,True
stead_event_00308,hv70367701,val,train,autopicker,autopicker,False,HV.AHUD,val,True
stead_event_00309,hv70368966,train,test,autopicker,autopicker,False,HV.AHUD,train,True
stead_event_00310,hv70373191,train,train,autopicker,autopicker,False,HV.AHUD,train,True
stead_event_00311,hv70374286,train,train,autopicker,autopicker,False,HV.AHUD,train,True
stead_event_00312,hv70385946,train,train,autopicker,autopicker,False,HV.AHUD,train,True
stead_event_00313,hv70395916,test,train,autopicker,autopicker,False,HV.AHUD,test,False
stead_event_00314,hv70397626,val,train,autopicker,autopicker,False,HV.AHUD,val,True
stead_event_00315,hv70413467,train,test,autopicker,autopicker,False,HV.AHUD,train,True
stead_event_00316,hv70416522,train,train,autopicker,autopicker,False,HV.AHUD,train,True
stead_event_00317,hv70420532,train,train,autopicker,autopicker,False,HV.AHUD,train,True
stead_event_00318,hv70423887,train,train,autopicker,autopicker,False,HV.AHUD,train,True
stead_event_00319,hv70429722,train,train,autopicker,autopicker,False,HV.AHUD,train,True
stead_event_00320,hv70444457,train,test,autopicker,autopicker,False,HV.AHUD,train,True
stead_event_00321,hv70447517,val,train,autopicker,autopicker,False,HV.AHUD,val,True
stead_event_00322,hv70447632,train,train,autopicker,autopicker,False,HV.AHUD,train,True
stead_event_00323,hv70448697,train,train,autopicker,autopicker,False,HV.AHUD,train,True
stead_event_00324,hv70451057,test,train,autopicker,autopicker,False,HV.AHUD,test,False
stead_event_00325,hv70461537,val,train,autopicker,autopicker,False,HV.AHUD,val,True
stead_event_00326,hv70475557,train,train,autopicker,autopicker,False,HV.AHUD,train,True
stead_event_00327,hv70476007,train,test,autopicker,autopicker,False,HV.AHUD,train,True
stead_event_00328,hv70497302,train,train,autopicker,autopicker,False,HV.AHUD,train,True
stead_event_00329,hv70503637,train,train,autopicker,autopicker,False,HV.AHUD,train,True
stead_event_00330,hv60964161,train,train,manual,manual,True,HV.AIND,train,True
stead_event_00331,hv60964166,val,train,manual,manual,True,HV.AIND,val,True
stead_event_00332,hv60984166,train,train,manual,manual,True,HV.AIND,train,True
stead_event_00333,hv60989531,train,train,manual,manual,True,HV.AIND,train,True
stead_event_00334,hv60996411,train,train,manual,manual,True,HV.AIND,train,True
stead_event_00335,hv61004481,train,val,manual,manual,True,HV.AIND,train|val,True
stead_event_00336,hv61010506,val,train,manual,manual,True,HV.AIND,train|val,True
stead_event_00337,hv61023526,val,train,manual,manual,True,HV.AIND,train|val,True
stead_event_00338,hv61067901,train,val,manual,manual,True,HV.AIND,train,True
stead_event_00339,hv61190256,train,train,manual,manual,True,HV.AIND,train|test,True
stead_event_00340,hv61190896,train,val,manual,manual,True,HV.AIND,train|test,True
stead_event_00341,hv61199221,train,val,manual,manual,True,HV.AIND,train|test,True
stead_event_00342,hv61238131,train,train,manual,manual,True,HV.AIND,train|test,True
stead_event_00343,hv61404066,train,train,manual,manual,True,HV.AIND,train|test,True
stead_event_00344,hv61414371,train,test,autopicker,autopicker,False,HV.AIND,train|val,True
stead_event_00345,hv61431046,train,train,manual,manual,True,HV.AIND,train,True
stead_event_00346,hv61437156,train,train,autopicker,autopicker,False,HV.AIND,train|val,True
stead_event_00347,hv61468921,train,test,manual,manual,True,HV.AIND,train|val,True
stead_event_00348,hv61519276,train,val,manual,manual,True,HV.AIND,train,True
stead_event_00349,hv61534221,train,val,autopicker,autopicker,False,HV.AIND,train,True
stead_event_00350,hv61542831,train,train,autopicker,autopicker,False,HV.AIND,train,True
stead_event_00351,hv61568526,test,train,manual,manual,True,HV.AIND,train|test,True
stead_event_00352,hv61609331,train,val,manual,manual,True,HV.AIND,train,True
stead_event_00353,hv61623926,train,train,manual,manual,True,HV.AIND,train,True
stead_event_00354,hv61631096,train,train,manual,manual,True,HV.AIND,train|test,True
stead_event_00355,hv61631916,train,test,manual,manual,True,HV.AIND,train|val,True
stead_event_00356,hv61636536,train,train,manual,manual,True,HV.AIND,train|val,True
stead_event_00357,hv61672961,train,train,manual,manual,True,HV.AIND,train|val,True
stead_event_00358,hv61684426,test,train,manual,manual,True,HV.AIND,val|test,True
stead_event_00359,hv61713536,train,train,manual,manual,True,HV.AIND,train,True
stead_event_00360,hv61720621,train,test,manual,manual,True,HV.AIND,train|val,True
stead_event_00361,hv61765531,train,test,manual,manual,True,HV.AIND,train,True
stead_event_00362,hv61766326,train,train,manual,manual,True,HV.AIND,train,True
stead_event_00363,hv61766891,train,val,manual,manual,True,HV.AIND,train,True
stead_event_00364,hv61815751,test,val,manual,manual,True,HV.AIND,test,False
stead_event_00365,hv61866736,train,train,manual,manual,True,HV.AIND,train|test,True
stead_event_00366,hv61971871,test,train,manual,manual,True,HV.AIND,train|test,True
stead_event_00367,hv61972721,test,val,manual,manual,True,HV.AIND,val|test,True
stead_event_00368,hv62006361,train,train,manual,manual,True,HV.AIND,train,True
stead_event_00369,hv62007486,train,train,manual,manual,True,HV.AIND,train|test,True
stead_event_00370,hv62014031,train,train,manual,manual,True,HV.AIND,train,True
stead_event_00371,hv62015441,train,train,autopicker,autopicker,False,HV.AIND,train,True
stead_event_00372,12975248,train,test,manual,autopicker,False,AV.AKGG,train|test,True
stead_event_00373,12935306,train,train,manual,manual,True,AV.AKGG,train,True
stead_event_00374,17442844,train,train,manual,autopicker,False,AV.AKGG,train|val,True
stead_event_00375,603350930,train,train,manual,autopicker,False,AV.AKGG,train|val|test,True
stead_event_00376,603350930,val,train,manual,autopicker,False,AV.AKGG,train|val|test,True
stead_event_00377,606436866,train,val,manual,autopicker,False,AV.AKGG,train|val|test,True
stead_event_00378,606436866,val,val,manual,autopicker,False,AV.AKGG,train|val|test,True
stead_event_00379,607177816,train,train,manual,autopicker,False,AV.AKGG,train|val,True
stead_event_00380,607177816,train,train,manual,autopicker,False,AV.AKGG,train|val,True
stead_event_00381,607177816,train,train,manual,autopicker,False,AV.AKGG,train|val,True
stead_event_00382,600874530,train,train,manual,manual,True,GO.AKH,train|test,True
stead_event_00383,600874530,test,train,manual,manual,True,GO.AKH,train|test,True
stead_event_00384,600929713,val,train,manual,manual,True,GO.AKH,val,True
stead_event_00385,600929713,val,train,manual,manual,True,GO.AKH,val,True
stead_event_00386,600978636,train,train,manual,manual,True,GO.AKH,train,True
stead_event_00387,600979522,train,val,manual,manual,True,GO.AKH,train|val,True
stead_event_00388,600979522,val,val,manual,manual,True,GO.AKH,train|val,True
stead_event_00389,601351778,val,train,manual,manual,True,GO.AKH,val|test,True
stead_event_00390,601351778,test,train,manual,manual,True,GO.AKH,val|test,True
stead_event_00391,600862014,train,train,manual,manual,True,GO.AKH,train,True
stead_event_00392,600862014,train,train,manual,manual,True,GO.AKH,train,True
stead_event_00393,601253314,val,train,autopicker,manual,False,GO.AKH,train|val,True
stead_event_00394,601253314,train,train,autopicker,manual,False,GO.AKH,train|val,True
stead_event_00395,601351798,test,train,manual,manual,True,GO.AKH,test,False
stead_event_00396,601351798,test,train,manual,manual,True,GO.AKH,test,False
stead_event_00397,601253816,train,test,manual,manual,True,GO.AKH,train|val,True
stead_event_00398,601253816,val,test,manual,manual,True,GO.AKH,train|val,True
stead_event_00399,601454781,val,val,manual,manual,True,GO.AKH,train|val,True
stead_event_00400,601454781,train,val,manual,manual,True,GO.AKH,train|val,True
stead_event_00401,602991745,test,train,manual,manual,True,GO.AKH,test,False
stead_event_00402,601455028,train,test,manual,manual,True,GO.AKH,train|val,True
stead_event_00403,601455028,val,test,manual,manual,True,GO.AKH,train|val,True
stead_event_00404,601456130,train,test,manual,manual,True,GO.AKH,train|test,True
stead_event_00405,601456130,test,test,manual,manual,True,GO.AKH,train|test,True
stead_event_00406,601730063,train,train,manual,manual,True,GO.AKH,train,True
stead_event_00407,601730063,train,train,manual,manual,True,GO.AKH,train,True
stead_event_00408,602952225,test,val,manual,manual,True,GO.AKH,test,False
stead_event_00409,601730131,train,train,manual,manual,True,GO.AKH,train,True
stead_event_00410,601730131,train,train,manual,manual,True,GO.AKH,train,True
stead_event_00411,602952257,test,train,manual,manual,True,GO.AKH,test,False
stead_event_00412,602952257,test,train,manual,manual,True,GO.AKH,test,False
stead_event_00413,601732419,train,val,manual,manual,True,GO.AKH,train,True
stead_event_00414,601732419,train,val,manual,manual,True,GO.AKH,train,True
stead_event_00415,602952322,train,test,manual,manual,True,GO.AKH,train,True
stead_event_00416,602952344,train,train,manual,manual,True,GO.AKH,train,True
stead_event_00417,602952346,train,test,manual,manual,True,GO.AKH,train,True
stead_event_00418,602952357,train,train,manual,autopicker,False,GO.AKH,train|val,True
stead_event_00419,602952357,val,train,manual,autopicker,False,GO.AKH,train|val,True
stead_event_00420,601889391,val,train,manual,manual,True,GO.AKH,val,True
stead_event_00421,602952373,val,train,manual,manual,True,GO.AKH,val,True
stead_event_00422,602952561,train,test,manual,manual,True,GO.AKH,train,True
stead_event_00423,603083764,train,val,manual,manual,True,GO.AKH,train,True
stead_event_00424,603374515,train,train,manual,manual,True,GO.AKH,train,True
stead_event_00425,603084634,train,train,manual,manual,True,GO.AKH,train,True
stead_event_00426,603084634,train,train,manual,manual,True,GO.AKH,train,True
stead_event_00427,603081285,test,train,manual,manual,True,GO.AKH,train|test,True
stead_event_00428,603081285,train,train,manual,manual,True,GO.AKH,train|test,True
stead_event_00429,603374580,train,train,manual,manual,True,GO.AKH,train,True
stead_event_00430,603374582,train,test,manual,manual,True,GO.AKH,train,True
stead_event_00431,603248061,val,train,manual,manual,True,GO.AKH,train|val,True
stead_event_00432,603248061,train,train,manual,manual,True,GO.AKH,train|val,True
stead_event_00433,603248569,train,train,manual,manual,True,GO.AKH,train,True
stead_event_00434,603077591,train,train,manual,manual,True,GO.AKH,train|val,True
stead_event_00435,603077591,val,train,manual,manual,True,GO.AKH,train|val,True
stead_event_00436,603248826,train,val,manual,manual,True,GO.AKH,train|val,True
stead_event_00437,603248826,val,val,manual,manual,True,GO.AKH,train|val,True
stead_event_00438,605609723,val,train,manual,manual,True,GO.AKH,train|val,True
stead_event_00439,605609723,train,train,manual,manual,True,GO.AKH,train|val,True
stead_event_00440,603374643,train,train,autopicker,autopicker,False,GO.AKH,train,True
stead_event_00441,603374662,test,test,manual,manual,True,GO.AKH,train|test,True
stead_event_00442,603374662,train,test,manual,manual,True,GO.AKH,train|test,True
stead_event_00443,603374667,train,train,manual,manual,True,GO.AKH,train,True
stead_event_00444,603310010,val,train,manual,manual,True,GO.AKH,val|test,True
stead_event_00445,603310010,test,train,manual,manual,True,GO.AKH,val|test,True
stead_event_00446,603463363,test,train,manual,manual,True,GO.AKH,val|test,True
stead_event_00447,603463363,val,train,manual,manual,True,GO.AKH,val|test,True
stead_event_00448,603463446,train,test,manual,manual,True,GO.AKH,train,True
stead_event_00449,603794207,train,train,autopicker,manual,False,GO.AKH,train|val,True
stead_event_00450,603794207,val,train,autopicker,manual,False,GO.AKH,train|val,True
stead_event_00451,603793264,train,train,manual,manual,True,GO.AKH,train,True
stead_event_00452,603758901,train,train,manual,manual,True,GO.AKH,train,True
stead_event_00453,603758915,test,train,manual,manual,True,GO.AKH,train|test,True
stead_event_00454,603758915,train,train,manual,manual,True,GO.AKH,train|test,True
stead_event_00455,603759111,train,train,manual,manual,True,GO.AKH,train,True
stead_event_00456,603793326,train,train,autopicker,autopicker,False,GO.AKH,train,True
stead_event_00457,603793372,train,train,manual,manual,True,GO.AKH,train,True
stead_event_00458,605613081,train,train,manual,manual,True,GO.AKH,train,True
stead_event_00459,605613081,train,train,manual,manual,True,GO.AKH,train,True
stead_event_00460,603757232,train,train,manual,manual,True,GO.AKH,train,True
stead_event_00461,603757232,train,train,manual,manual,True,GO.AKH,train,True
stead_event_00462,603793476,val,train,manual,autopicker,False,GO.AKH,train|val,True
stead_event_00463,603793476,train,train,manual,autopicker,False,GO.AKH,train|val,True
stead_event_00464,603784908,test,train,manual,manual,True,GO.AKH,test,False
stead_event_00465,603760886,train,test,manual,manual,True,GO.AKH,train,True
stead_event_00466,603760886,train,test,manual,manual,True,GO.AKH,train,True
stead_event_00467,604090810,test,train,manual,manual,True,GO.AKH,test,False
stead_event_00468,604106204,train,train,manual,manual,True,GO.AKH,train|test,True
stead_event_00469,604106204,test,train,manual,manual,True,GO.AKH,train|test,True
stead_event_00470,604398772,train,train,manual,manual,True,GO.AKH,train|test,True
stead_event_00471,604398772,test,train,manual,manual,True,GO.AKH,train|test,True
stead_event_00472,604515719,train,train,manual,manual,True,GO.AKH,train,True
stead_event_00473,604515724,test,train,manual,manual,True,GO.AKH,test,False
stead_event_00474,605154274,train,val,manual,manual,True,GO.AKH,train,True
stead_event_00475,606791983,test,train,manual,manual,True,GO.AKH,test,False
stead_event_00476,12935306,train,train,manual,manual,True,AV.AKLV,train,True
stead_event_00477,603350930,train,train,manual,autopicker,False,AV.AKLV,train|val|test,True
stead_event_00478,603350930,test,train,manual,autopicker,False,AV.AKLV,train|val|test,True
stead_event_00479,606436866,train,val,manual,manual,True,AV.AKLV,train|val|test,True
stead_event_00480,606436866,train,val,manual,manual,True,AV.AKLV,train|val|test,True
stead_event_00481,606436866,train,val,manual,manual,True,AV.AKLV,train|val|test,True
stead_event_00482,607177816,train,train,manual,manual,True,AV.AKLV,train|val,True
stead_event_00483,607177816,train,train,manual,manual,True,AV.AKLV,train|val,True
stead_event_00484,609849690,train,train,manual,autopicker,False,AV.AKMO,train|test,True
stead_event_00485,609849690,test,train,manual,autopicker,False,AV.AKMO,train|test,True
stead_event_00486,606436866,train,val,manual,manual,True,AV.AKMO,train|val|test,True
stead_event_00487,606436866,train,val,manual,manual,True,AV.AKMO,train|val|test,True
stead_event_00488,606436866,test,val,manual,manual,True,AV.AKMO,train|val|test,True
stead_event_00489,606436866,test,val,manual,manual,True,AV.AKMO,train|val|test,True
stead_event_00490,12935306,train,train,manual,manual,True,AV.AKRB,train,True
stead_event_00491,600280017,train,train,manual,manual,True,AV.AKRB,train,True
stead_event_00492,15637536,train,train,manual,autopicker,False,AV.AKRB,train,True
stead_event_00493,15641228,train,val,manual,manual,True,AV.AKRB,train,True
stead_event_00494,15111098,train,test,manual,manual,True,AV.AKRB,train,True
stead_event_00495,600760494,train,val,manual,manual,True,AV.AKRB,train,True
stead_event_00496,600760494,train,val,manual,manual,True,AV.AKRB,train,True
stead_event_00497,603336626,train,train,manual,manual,True,AV.AKRB,train|test,True
stead_event_00498,603336626,test,train,manual,manual,True,AV.AKRB,train|test,True
stead_event_00499,603350930,test,train,manual,manual,True,AV.AKRB,train|val|test,True
stead_event_00500,603350930,val,train,manual,manual,True,AV.AKRB,train|val|test,True
stead_event_00501,609849690,train,train,manual,autopicker,False,AV.AKRB,train|test,True
stead_event_00502,609849690,train,train,manual,autopicker,False,AV.AKRB,train|test,True
stead_event_00503,606436866,val,val,manual,manual,True,AV.AKRB,train|val|test,True
stead_event_00504,606436866,train,val,manual,manual,True,AV.AKRB,train|val|test,True
stead_event_00505,606436866,train,val,manual,manual,True,AV.AKRB,train|val|test,True
stead_event_00506,ak010f0tio9z,test,val,manual,manual,True,AV.AKS,test,False
stead_event_00507,ak011cmw3pq4,val,train,manual,manual,True,AV.AKS,val,True
stead_event_00508,ak0126akymw4,test,train,autopicker,autopicker,False,AV.AKS,test,False
stead_event_00509,607177816,val,train,manual,manual,True,AV.AKSA,train|val,True
stead_event_00510,607177816,train,train,manual,manual,True,AV.AKSA,train|val,True
stead_event_00511,607177816,train,train,manual,manual,True,AV.AKSA,train|val,True
stead_event_00512,8291998,test,test,manual,manual,True,AT.AKUT,test,False
stead_event_00513,7485001,test,train,manual,manual,True,AT.AKUT,test,False
stead_event_00514,9569686,train,test,manual,manual,True,AT.AKUT,train,True
stead_event_00515,11121384,train,test,manual,manual,True,AT.AKUT,train,True
stead_event_00516,8860013,train,train,manual,manual,True,AT.AKUT,train,True
stead_event_00517,11924554,val,val,manual,manual,True,AT.AKUT,val,True
stead_event_00518,12975248,test,test,manual,manual,True,AT.AKUT,train|test,True
stead_event_00519,12935306,train,train,manual,manual,True,AT.AKUT,train,True
stead_event_00520,600280017,train,train,manual,manual,True,AT.AKUT,train,True
stead_event_00521,15111098,train,test,manual,manual,True,AT.AKUT,train,True
stead_event_00522,ak010f0tio9z,test,val,manual,manual,True,AT.AKUT,test,False
stead_event_00523,16915368,val,train,manual,manual,True,AT.AKUT,val,True
stead_event_00524,17442844,val,train,manual,manual,True,AT.AKUT,train|val,True
stead_event_00525,600132850,train,train,manual,manual,True,AT.AKUT,train,True
stead_event_00526,600132850,train,train,manual,manual,True,AT.AKUT,train,True
stead_event_00527,600760494,train,val,manual,manual,True,AT.AKUT,train,True
stead_event_00528,600760494,train,val,manual,manual,True,AT.AKUT,train,True
stead_event_00529,ak0126akymw4,test,train,autopicker,autopicker,False,AT.AKUT,test,False
stead_event_00530,601468019,val,train,manual,manual,True,AT.AKUT,val|test,True
stead_event_00531,601468019,test,train,manual,manual,True,AT.AKUT,val|test,True
stead_event_00532,603336626,test,train,manual,manual,True,AT.AKUT,train|test,True
stead_event_00533,603336626,train,train,manual,manual,True,AT.AKUT,train|test,True
stead_event_00534,603244209,val,train,manual,manual,True,AT.AKUT,val|test,True
stead_event_00535,603244209,test,train,manual,manual,True,AT.AKUT,val|test,True
stead_event_00536,604162151,val,val,manual,manual,True,AT.AKUT,train|val,True
stead_event_00537,604162151,train,val,manual,manual,True,AT.AKUT,train|val,True
stead_event_00538,hv60911911,train,train,manual,manual,True,HV.ALEP,train,True
stead_event_00539,hv60923081,train,train,manual,manual,True,HV.ALEP,train,True
stead_event_00540,hv60924946,test,train,manual,manual,True,HV.ALEP,test,False
stead_event_00541,hv60984166,train,train,manual,manual,True,HV.ALEP,train,True
stead_event_00542,hv60986476,train,train,manual,manual,True,HV.ALEP,train,True
stead_event_00543,hv61004481,train,val,manual,manual,True,HV.ALEP,train|val,True
stead_event_00544,hv61010731,train,train,manual,manual,True,HV.ALEP,train,True
stead_event_00545,hv61067901,train,val,manual,manual,True,HV.ALEP,train,True
stead_event_00546,hv61190256,train,train,manual,manual,True,HV.ALEP,train|test,True
stead_event_00547,hv61190896,train,val,manual,manual,True,HV.ALEP,train|test,True
stead_event_00548,hv61199221,train,val,manual,manual,True,HV.ALEP,train|test,True
stead_event_00549,hv61253396,val,train,autopicker,autopicker,False,HV.ALEP,val,True
stead_event_00550,hv61408361,train,train,manual,manual,True,HV.ALEP,train,True
stead_event_00551,hv61468921,val,test,manual,manual,True,HV.ALEP,train|val,True
stead_event_00552,hv61542831,train,train,autopicker,autopicker,False,HV.ALEP,train,True
stead_event_00553,hv61553736,train,train,autopicker,autopicker,False,HV.ALEP,train,True
stead_event_00554,hv61568526,test,train,manual,manual,True,HV.ALEP,train|test,True
stead_event_00555,hv61609331,train,val,manual,manual,True,HV.ALEP,train,True
stead_event_00556,hv61623926,train,train,manual,manual,True,HV.ALEP,train,True
stead_event_00557,hv61631096,train,train,manual,manual,True,HV.ALEP,train|test,True
stead_event_00558,hv61636536,val,train,manual,manual,True,HV.ALEP,train|val,True
stead_event_00559,hv61658456,train,train,manual,manual,True,HV.ALEP,train,True
stead_event_00560,hv61684426,val,train,manual,manual,True,HV.ALEP,val|test,True
stead_event_00561,hv61713536,train,train,manual,manual,True,HV.ALEP,train,True
stead_event_00562,hv61715021,train,train,manual,manual,True,HV.ALEP,train,True
stead_event_00563,hv61720621,train,test,manual,manual,True,HV.ALEP,train|val,True
stead_event_00564,hv61765531,train,test,manual,manual,True,HV.ALEP,train,True
stead_event_00565,hv61766326,train,train,manual,manual,True,HV.ALEP,train,True
stead_event_00566,hv61804466,train,train,autopicker,autopicker,False,HV.ALEP,train|val,True
stead_event_00567,hv61894361,train,test,manual,manual,True,HV.ALEP,train,True
stead_event_00568,hv61916496,test,train,manual,manual,True,HV.ALEP,test,False
stead_event_00569,hv61955131,train,val,manual,manual,True,HV.ALEP,train,True
stead_event_00570,hv61971871,train,train,manual,manual,True,HV.ALEP,train|test,True
stead_event_00571,hv61972721,val,val,manual,manual,True,HV.ALEP,val|test,True
stead_event_00572,hv62007486,train,train,manual,manual,True,HV.ALEP,train|test,True
stead_event_00573,hv62015441,train,train,autopicker,autopicker,False,HV.ALEP,train,True
stead_event_00574,hv62016421,test,train,manual,manual,True,HV.ALEP,test,False
stead_event_00575,hv70044062,test,val,manual,manual,True,HV.ALEP,test,False
stead_event_00576,hv70261612,train,train,autopicker,autopicker,False,HV.ALEP,train,True
stead_event_00577,hv70259221,test,train,autopicker,autopicker,False,HV.ALEP,train|test,True
stead_event_00578,hv70282066,train,train,autopicker,autopicker,False,HV.ALEP,train,True
stead_event_00579,hv70331371,train,train,autopicker,autopicker,False,HV.ALEP,train,True
stead_event_00580,hv70368831,train,test,autopicker,autopicker,False,HV.ALEP,train,True
stead_event_00581,hv70381101,test,val,autopicker,autopicker,False,HV.ALEP,test,False
stead_event_00582,hv70396376,train,train,autopicker,autopicker,False,HV.ALEP,train,True
stead_event_00583,hv70397131,train,train,autopicker,autopicker,False,HV.ALEP,train,True
stead_event_00584,hv70442527,train,train,manual,manual,True,HV.ALEP,train,True
stead_event_00585,hv70476007,train,test,autopicker,autopicker,False,HV.ALEP,train,True
stead_event_00586,hv70478657,train,train,autopicker,autopicker,False,HV.ALEP,train,True
stead_event_00587,hv70494242,train,train,autopicker,autopicker,False,HV.ALEP,train,True
stead_event_00588,14342475,train,train,manual,manual,True,PO.ALFO,train,True
stead_event_00589,17239997,train,train,manual,manual,True,PO.ALFO,train,True
stead_event_00590,17239997,train,train,manual,manual,True,PO.ALFO,train,True
stead_event_00591,ld60020703,train,train,manual,manual,True,PO.ALFO,train,True
stead_event_00592,13340194,train,val,manual,manual,True,HT.ALN,train,True
stead_event_00593,13340404,train,train,manual,manual,True,HT.ALN,train,True
stead_event_00594,11476230,test,val,manual,manual,True,HT.ALN,test,False
stead_event_00595,11623383,train,train,manual,manual,True,HT.ALN,train,True
stead_event_00596,11623393,train,val,manual,manual,True,HT.ALN,train,True
stead_event_00597,11476523,train,train,manual,manual,True,HT.ALN,train,True
stead_event_00598,14189537,train,val,manual,manual,True,HT.ALN,train,True
stead_event_00599,13434868,train,train,manual,manual,True,HT.ALN,train,True
stead_event_00600,13435678,train,val,manual,manual,True,HT.ALN,train,True
stead_event_00601,13839847,train,train,manual,manual,True,HT.ALN,train,True
stead_event_00602,13840180,train,train,manual,manual,True,HT.ALN,train,True
stead_event_00603,13840303,train,val,manual,manual,True,HT.ALN,train,True
stead_event_00604,14752115,train,train,manual,manual,True,HT.ALN,train,True
stead_event_00605,600871496,train,val,manual,autopicker,False,HT.ALN,train,True
stead_event_00606,600014713,train,train,manual,manual,True,HT.ALN,train,True
stead_event_00607,600928898,train,val,manual,manual,True,HT.ALN,train,True
stead_event_00608,600928903,train,train,manual,manual,True,HT.ALN,train,True
stead_event_00609,600928972,train,test,manual,manual,True,HT.ALN,train,True
stead_event_00610,601824235,train,test,autopicker,autopicker,False,HT.ALN,train,True
stead_event_00611,601253049,val,test,manual,manual,True,HT.ALN,val,True
stead_event_00612,601264215,train,train,autopicker,autopicker,False,HT.ALN,train,True
stead_event_00613,604021892,train,val,manual,manual,True,HT.ALN,train|test,True
stead_event_00614,604021892,test,val,manual,manual,True,HT.ALN,train|test,True
stead_event_00615,603940325,test,train,autopicker,manual,False,HT.ALN,test,False
stead_event_00616,605117423,train,train,manual,manual,True,HT.ALN,train,True
stead_event_00617,605117423,train,train,manual,manual,True,HT.ALN,train,True
stead_event_00618,604500852,val,test,manual,manual,True,HT.ALN,val,True
stead_event_00619,604500852,val,test,manual,manual,True,HT.ALN,val,True
stead_event_00620,604501047,train,test,manual,manual,True,HT.ALN,train,True
stead_event_00621,604501047,train,test,manual,manual,True,HT.ALN,train,True
stead_event_00622,604501047,train,test,manual,manual,True,HT.ALN,train,True
stead_event_00623,ci15237281,train,test,manual,manual,True,CI.ALP,train,True
stead_event_00624,ci15237345,train,val,manual,manual,True,CI.ALP,train,True
stead_event_00625,ci15243105,train,train,manual,manual,True,CI.ALP,train,True
stead_event_00626,ci11243394,train,train,automatic,manual,False,CI.ALP,train,True
stead_event_00627,ci11244474,train,train,automatic,manual,False,CI.ALP,train,True
stead_event_00628,ci11284746,train,train,manual,manual,True,CI.ALP,train,True
stead_event_00629,ci11284746,train,train,automatic,automatic,False,CI.ALP,train,True
stead_event_00630,ci11344834,val,val,manual,manual,True,CI.ALP,val,True
stead_event_00631,ci15394457,train,train,automatic,automatic,False,CI.ALP,train,True
stead_event_00632,ci15471641,train,train,automatic,automatic,False,CI.ALP,train,True
stead_event_00633,ci15476409,val,val,automatic,manual,False,CI.ALP,val,True
stead_event_00634,nn00253964,test,test,manual,manual,True,SN.AMD,test,False
stead_event_00635,nn00410486,test,train,manual,manual,True,SN.AMD,test,False
stead_event_00636,13388254,train,train,manual,manual,True,AV.AMKA,train,True
stead_event_00637,13681341,train,train,manual,manual,True,AV.AMKA,train,True
stead_event_00638,15636079,train,val,manual,manual,True,AV.AMKA,train,True
stead_event_00639,15636474,train,val,manual,manual,True,AV.AMKA,train,True
stead_event_00640,15636841,train,train,manual,manual,True,AV.AMKA,train,True
stead_event_00641,15010516,train,train,manual,manual,True,AV.AMKA,train,True
stead_event_00642,ak010cv38nkc,train,train,autopicker,autopicker,False,AV.AMKA,train,True
stead_event_00643,ak010dlmuw84,train,train,manual,manual,True,AV.AMKA,train,True
stead_event_00644,15809590,train,test,manual,manual,True,AV.AMKA,train,True
stead_event_00645,15919371,train,train,manual,manual,True,AV.AMKA,train,True
stead_event_00646,15895568,train,train,manual,manual,True,AV.AMKA,train,True
stead_event_00647,16151474,train,train,manual,manual,True,AV.AMKA,train,True
stead_event_00648,16151474,train,train,manual,manual,True,AV.AMKA,train,True
stead_event_00649,ak011xffbnc,train,train,manual,manual,True,AV.AMKA,train,True
stead_event_00650,ak012a7hvq61,train,test,automatic,manual,False,AV.AMKA,train,True
stead_event_00651,601710309,test,val,manual,autopicker,False,AV.AMKA,train|test,True
stead_event_00652,601710309,train,val,manual,autopicker,False,AV.AMKA,train|test,True
stead_event_00653,601736119,train,val,manual,manual,True,AV.AMKA,train|test,True
stead_event_00654,601736119,test,val,manual,manual,True,AV.AMKA,train|test,True
stead_event_00655,605136064,val,val,manual,manual,True,AV.AMKA,val,True
stead_event_00656,605416616,train,val,manual,manual,True,AV.AMKA,train,True
stead_event_00657,606510940,train,train,manual,manual,True,AV.AMKA,train,True
stead_event_00658,606510940,train,train,manual,manual,True,AV.AMKA,train,True
stead_event_00659,606510940,train,train,manual,manual,True,AV.AMKA,train,True
stead_event_00660,606510940,train,train,manual,manual,True,AV.AMKA,train,True
stead_event_00661,606932485,val,test,manual,manual,True,AV.AMKA,train|val,True
stead_event_00662,606932485,train,test,manual,manual,True,AV.AMKA,train|val,True
stead_event_00663,606932485,train,test,manual,manual,True,AV.AMKA,train|val,True
stead_event_00664,606730337,train,train,manual,manual,True,AV.AMKA,train,True
stead_event_00665,606730337,train,train,manual,manual,True,AV.AMKA,train,True
stead_event_00666,606933767,train,train,manual,autopicker,False,AV.AMKA,train,True
stead_event_00667,606933767,train,train,manual,autopicker,False,AV.AMKA,train,True
stead_event_00668,606939528,train,train,autopicker,manual,False,AV.AMKA,train|test,True
stead_event_00669,606939528,test,train,autopicker,manual,False,AV.AMKA,train|test,True
stead_event_00670,606962351,train,train,manual,manual,True,AV.AMKA,train,True
stead_event_00671,606962351,train,train,manual,manual,True,AV.AMKA,train,True
stead_event_00672,606962351,train,train,manual,manual,True,AV.AMKA,train,True
stead_event_00673,607182209,train,val,manual,manual,True,AV.AMKA,train,True
stead_event_00674,607182209,train,val,manual,manual,True,AV.AMKA,train,True
stead_event_00675,607182209,train,val,manual,manual,True,AV.AMKA,train,True
stead_event_00676,13680032,train,train,manual,autopicker,False,HP.AMT,train,True
stead_event_00677,13680045,train,train,manual,autopicker,False,HP.AMT,train,True
stead_event_00678,13763978,train,test,manual,manual,True,HP.AMT,train,True
stead_event_00679,13548900,val,test,manual,manual,True,HP.AMT,val,True
stead_event_00680,14092080,test,val,manual,manual,True,HP.AMT,test,False
stead_event_00681,13908839,train,val,manual,manual,True,HP.AMT,train,True
stead_event_00682,17146674,train,train,manual,autopicker,False,HP.AMT,train,True
stead_event_00683,14322930,train,train,manual,autopicker,False,HP.AMT,train,True
stead_event_00684,14757199,test,train,manual,autopicker,False,HP.AMT,train|test,True
stead_event_00685,14757199,train,train,manual,manual,True,HP.AMT,train|test,True
stead_event_00686,14757388,train,train,manual,manual,True,HP.AMT,train,True
stead_event_00687,14757389,test,train,manual,manual,True,HP.AMT,test,False
stead_event_00688,14757396,test,test,manual,manual,True,HP.AMT,test,False
stead_event_00689,14630602,val,train,manual,manual,True,HP.AMT,val,True
stead_event_00690,14757470,train,train,manual,manual,True,HP.AMT,train,True
stead_event_00691,14757473,train,train,manual,manual,True,HP.AMT,train,True
stead_event_00692,14757480,train,train,manual,manual,True,HP.AMT,train,True
stead_event_00693,14731012,test,train,manual,manual,True,HP.AMT,test,False
stead_event_00694,16140997,train,train,manual,manual,True,HP.AMT,train,True
stead_event_00695,16141135,train,train,manual,autopicker,False,HP.AMT,train,True
stead_event_00696,16336935,train,train,manual,manual,True,HP.AMT,train,True
stead_event_00697,15218471,val,train,manual,manual,True,HP.AMT,val,True
stead_event_00698,600226145,train,train,manual,manual,True,HP.AMT,train,True
stead_event_00699,16021240,train,test,manual,manual,True,HP.AMT,train,True
stead_event_00700,16871596,train,train,manual,manual,True,HP.AMT,train,True
stead_event_00701,16397336,train,train,manual,manual,True,HP.AMT,train,True
stead_event_00702,16397336,train,train,manual,manual,True,HP.AMT,train,True
stead_event_00703,17497818,train,train,manual,autopicker,False,HP.AMT,train|val,True
stead_event_00704,17497818,val,train,manual,autopicker,False,HP.AMT,train|val,True
stead_event_00705,600085142,train,train,manual,autopicker,False,HP.AMT,train,True
stead_event_00706,600085142,train,train,manual,autopicker,False,HP.AMT,train,True
stead_event_00707,17491143,train,train,manual,autopicker,False,HP.AMT,train,True
stead_event_00708,600085210,train,train,manual,manual,True,HP.AMT,train,True
stead_event_00709,600845610,train,train,manual,manual,True,HP.AMT,train,True
stead_event_00710,600845610,train,train,manual,manual,True,HP.AMT,train,True
stead_event_00711,601215939,train,train,manual,manual,True,HP.AMT,train,True
stead_event_00712,602860109,train,train,manual,manual,True,HP.AMT,train,True
stead_event_00713,602860109,train,train,manual,manual,True,HP.AMT,train,True
stead_event_00714,602860115,train,train,manual,autopicker,False,HP.AMT,train,True
stead_event_00715,602860115,train,train,manual,autopicker,False,HP.AMT,train,True
stead_event_00716,602860115,train,train,manual,manual,True,HP.AMT,train,True
stead_event_00717,602860115,train,train,manual,manual,True,HP.AMT,train,True
stead_event_00718,602860175,test,test,manual,manual,True,HP.AMT,train|test,True
stead_event_00719,602860175,train,test,manual,manual,True,HP.AMT,train|test,True
stead_event_00720,602758695,val,val,manual,manual,True,HP.AMT,train|val,True
stead_event_00721,602758695,train,val,manual,manual,True,HP.AMT,train|val,True
stead_event_00722,603806943,train,train,manual,manual,True,HP.AMT,train,True
stead_event_00723,603806943,train,train,manual,manual,True,HP.AMT,train,True
stead_event_00724,603757041,val,train,manual,manual,True,HP.AMT,train|val,True
stead_event_00725,603757041,train,train,manual,manual,True,HP.AMT,train|val,True
stead_event_00726,603918277,train,train,manual,manual,True,HP.AMT,train,True
stead_event_00727,603918277,train,train,manual,manual,True,HP.AMT,train,True
stead_event_00728,605136099,train,val,manual,autopicker,False,HP.AMT,train,True
stead_event_00729,ak17149379,test,train,autopicker,autopicker,False,AV.ANCK,test,False
stead_event_00730,ak19299578,train,train,manual,manual,True,AV.ANCK,train,True
stead_event_00731,ak19771635,val,train,manual,manual,True,AV.ANCK,val,True
stead_event_00732,ak19796406,test,train,autopicker,autopicker,False,AV.ANCK,test,False
stead_event_00733,584213,train,train,autopicker,autopicker,False,DK.ANGG,train,True
stead_event_00734,572214,val,train,autopicker,autopicker,False,DK.ANGG,val,True
stead_event_00735,681256,test,val,autopicker,autopicker,False,DK.ANGG,test,False
stead_event_00736,ak0128go1thk,train,train,manual,manual,True,AK.ANM,train,True
stead_event_00737,ak19772475,train,val,autopicker,autopicker,False,AK.ANM,train,True
stead_event_00738,ak010fkzp8oa,val,train,manual,manual,True,AV.ANON,val,True
stead_event_00739,16501894,train,train,autopicker,manual,False,KR.ANVS,train,True
stead_event_00740,603779201,val,test,manual,manual,True,KR.ANVS,train|val,True
stead_event_00741,603779201,train,test,manual,manual,True,KR.ANVS,train|val,True
stead_event_00742,606183937,val,train,manual,manual,True,KR.ANVS,train|val,True
stead_event_00743,606183937,train,train,manual,manual,True,KR.ANVS,train|val,True
stead_event_00744,606184834,train,train,manual,manual,True,KR.ANVS,train,True
stead_event_00745,606184834,train,train,manual,manual,True,KR.ANVS,train,True
stead_event_00746,606185115,val,train,manual,manual,True,KR.ANVS,val,True
stead_event_00747,604162156,train,train,manual,autopicker,False,KR.ANVS,train,True
stead_event_00748,604162156,train,train,manual,autopicker,False,KR.ANVS,train,True
stead_event_00749,606441677,train,train,manual,manual,True,KR.ANVS,train|test,True
stead_event_00750,606441677,test,train,manual,manual,True,KR.ANVS,train|test,True
stead_event_00751,606445199,train,train,manual,manual,True,KR.ANVS,train,True
stead_event_00752,13486552,train,train,manual,autopicker,False,CU.ANWB,train,True
stead_event_00753,11475823,val,train,manual,manual,True,CU.ANWB,val,True
stead_event_00754,13992335,train,train,manual,autopicker,False,CU.ANWB,train,True
stead_event_00755,11499509,train,train,manual,manual,True,IV.AOI,train|val,True
stead_event_00756,11930027,train,val,manual,manual,True,IV.AOI,train,True
stead_event_00757,12654261,train,train,manual,manual,True,IV.AOI,train,True
stead_event_00758,13894230,val,train,manual,manual,True,IV.AOI,train|val,True
stead_event_00759,14280628,train,train,manual,autopicker,False,IV.AOI,train,True
stead_event_00760,14710743,train,val,manual,manual,True,PR.AOPR,train,True
stead_event_00761,603389939,train,train,manual,manual,True,PR.AOPR,train|test,True
stead_event_00762,603389939,test,train,manual,manual,True,PR.AOPR,train|test,True
stead_event_00763,604441092,train,train,manual,manual,True,PR.AOPR,train,True
stead_event_00764,604441092,train,train,manual,autopicker,False,PR.AOPR,train,True
stead_event_00765,pr2018175002,train,train,manual,manual,True,PR.AOPR,train|val,True
stead_event_00766,11513664,test,val,manual,manual,True,HT.AOS,test,False
stead_event_00767,11513792,val,train,manual,manual,True,HT.AOS,val,True
stead_event_00768,12950237,train,train,manual,manual,True,HT.AOS,train,True
stead_event_00769,12950317,train,train,manual,manual,True,HT.AOS,train,True
stead_event_00770,12921452,train,train,manual,autopicker,False,HT.AOS,train,True
stead_event_00771,12921611,train,train,manual,manual,True,HT.AOS,train,True
stead_event_00772,12099640,test,train,manual,manual,True,HT.AOS,test,False
stead_event_00773,14711421,train,train,manual,manual,True,HT.AOS,train,True
stead_event_00774,12099760,train,train,manual,manual,True,HT.AOS,train,True
stead_event_00775,13397363,train,train,manual,manual,True,HT.AOS,train,True
stead_event_00776,13397870,val,train,manual,manual,True,HT.AOS,train|val,True
stead_event_00777,13398232,train,test,manual,manual,True,HT.AOS,train,True
stead_event_00778,13398568,train,train,manual,manual,True,HT.AOS,train,True
stead_event_00779,13400122,test,train,manual,manual,True,HT.AOS,test,False
stead_event_00780,13401455,val,train,manual,manual,True,HT.AOS,val,True
stead_event_00781,14188990,train,train,manual,manual,True,HT.AOS,train,True
stead_event_00782,14189018,test,train,manual,manual,True,HT.AOS,train|test,True
stead_event_00783,12084496,val,train,manual,manual,True,HT.AOS,val,True
stead_event_00784,14190802,train,train,manual,manual,True,HT.AOS,train,True
stead_event_00785,12742562,train,train,manual,manual,True,HT.AOS,train,True
stead_event_00786,14302803,train,test,manual,autopicker,False,HT.AOS,train,True
stead_event_00787,14306260,val,train,manual,manual,True,HT.AOS,val,True
stead_event_00788,14307050,train,train,manual,manual,True,HT.AOS,train,True
stead_event_00789,14307897,train,train,manual,manual,True,HT.AOS,train,True
stead_event_00790,15064792,val,train,manual,manual,True,HT.AOS,val,True
stead_event_00791,14752238,test,train,manual,manual,True,HT.AOS,test,False
stead_event_00792,14752286,train,test,manual,manual,True,HT.AOS,train,True
stead_event_00793,14003856,val,train,manual,manual,True,HT.AOS,val,True
stead_event_00794,14756457,train,val,manual,manual,True,HT.AOS,train,True
stead_event_00795,14756757,val,train,manual,manual,True,HT.AOS,val,True
stead_event_00796,14756856,train,train,manual,manual,True,HT.AOS,train,True
stead_event_00797,14757556,train,train,manual,manual,True,HT.AOS,train,True
stead_event_00798,14994606,val,test,manual,manual,True,HT.AOS,val,True
stead_event_00799,16334312,train,val,manual,manual,True,HT.AOS,train,True
stead_event_00800,16334314,train,train,manual,manual,True,HT.AOS,train|val,True
stead_event_00801,16334314,val,train,manual,manual,True,HT.AOS,train|val,True
stead_event_00802,16334322,val,train,manual,manual,True,HT.AOS,val,True
stead_event_00803,16141447,train,train,manual,manual,True,HT.AOS,train,True
stead_event_00804,601506109,train,train,manual,manual,True,HT.AOS,train,True
stead_event_00805,601506109,train,train,manual,manual,True,HT.AOS,train,True
stead_event_00806,602606103,train,train,manual,manual,True,HT.AOS,train,True
stead_event_00807,602606103,train,train,manual,manual,True,HT.AOS,train,True
stead_event_00808,604648532,train,train,manual,manual,True,HT.AOS,train|test,True
stead_event_00809,604648532,test,train,manual,manual,True,HT.AOS,train|test,True
stead_event_00810,604650276,train,test,manual,manual,True,HT.AOS,train,True
stead_event_00811,605123511,train,test,manual,manual,True,HT.AOS,train,True
stead_event_00812,7493998,train,test,manual,autopicker,False,IV.APPI,train,True
stead_event_00813,10393297,test,test,manual,manual,True,IV.APPI,test,False
stead_event_00814,4146876,train,train,manual,manual,True,MN.AQU,train,True
stead_event_00815,3862325,train,val,manual,manual,True,MN.AQU,train,True
stead_event_00816,6949504,train,train,manual,autopicker,False,MN.AQU,train,True
stead_event_00817,7074224,train,train,manual,autopicker,False,MN.AQU,train,True
stead_event_00818,7136953,train,train,manual,manual,True,MN.AQU,train,True
stead_event_00819,7417373,test,test,manual,autopicker,False,MN.AQU,test,False
stead_event_00820,7749969,test,train,manual,manual,True,MN.AQU,test,False
stead_event_00821,8035894,train,train,manual,manual,True,MN.AQU,train,True
stead_event_00822,8760967,train,train,manual,autopicker,False,MN.AQU,train,True
stead_event_00823,8106673,test,test,manual,autopicker,False,MN.AQU,test,False
stead_event_00824,8860171,val,val,manual,manual,True,MN.AQU,val,True
stead_event_00825,12951155,train,train,manual,manual,True,MN.AQU,train,True
stead_event_00826,11163292,train,train,manual,manual,True,MN.AQU,train,True
stead_event_00827,13900906,train,test,manual,manual,True,MN.AQU,train,True
stead_event_00828,11713528,train,val,manual,autopicker,False,MN.AQU,train,True
stead_event_00829,11813801,val,train,manual,manual,True,MN.AQU,val,True
stead_event_00830,12085160,test,test,manual,manual,True,MN.AQU,test,False
stead_event_00831,16194188,test,val,manual,manual,True,MN.AQU,test,False
stead_event_00832,12089196,train,train,manual,manual,True,MN.AQU,train,True
stead_event_00833,16194199,train,test,manual,manual,True,MN.AQU,train,True
stead_event_00834,16152433,test,train,manual,manual,True,MN.AQU,test,False
stead_event_00835,16505265,val,train,manual,manual,True,MN.AQU,val,True
stead_event_00836,16194207,train,train,manual,manual,True,MN.AQU,train,True
stead_event_00837,14835824,test,val,manual,manual,True,MN.AQU,test,False
stead_event_00838,14835883,test,train,manual,manual,True,MN.AQU,test,False
stead_event_00839,14835964,train,train,manual,manual,True,MN.AQU,train,True
stead_event_00840,14835992,train,val,manual,manual,True,MN.AQU,train,True
stead_event_00841,14835992,train,val,manual,manual,True,MN.AQU,train,True
stead_event_00842,13903783,train,train,manual,manual,True,MN.AQU,train,True
stead_event_00843,12576608,train,train,manual,manual,True,MN.AQU,train,True
stead_event_00844,12576612,val,train,manual,manual,True,MN.AQU,val,True
stead_event_00845,14836273,train,test,manual,manual,True,MN.AQU,train,True
stead_event_00846,12576617,train,train,manual,manual,True,MN.AQU,train,True
stead_event_00847,12576618,train,train,manual,manual,True,MN.AQU,train,True
stead_event_00848,14836840,train,train,manual,manual,True,MN.AQU,train,True
stead_event_00849,12579678,test,train,manual,manual,True,MN.AQU,test,False
stead_event_00850,12576624,train,train,manual,manual,True,MN.AQU,train,True
stead_event_00851,12576626,train,train,manual,manual,True,MN.AQU,train,True
stead_event_00852,14836981,val,train,manual,manual,True,MN.AQU,val,True
stead_event_00853,12576627,train,train,manual,manual,True,MN.AQU,train,True
stead_event_00854,14837052,train,val,manual,manual,True,MN.AQU,train,True
stead_event_00855,12576635,train,train,manual,manual,True,MN.AQU,train,True
stead_event_00856,12576636,train,train,manual,manual,True,MN.AQU,train,True
stead_event_00857,12576638,train,train,manual,manual,True,MN.AQU,train,True
stead_event_00858,12934730,train,train,manual,autopicker,False,MN.AQU,train,True
stead_event_00859,12934730,train,train,manual,manual,True,MN.AQU,train,True
stead_event_00860,12576640,test,train,manual,manual,True,MN.AQU,test,False
stead_event_00861,16194279,train,train,manual,manual,True,MN.AQU,train,True
stead_event_00862,12100599,train,val,manual,manual,True,MN.AQU,train,True
stead_event_00863,12100605,train,train,manual,manual,True,MN.AQU,train,True
stead_event_00864,12100760,train,val,manual,manual,True,MN.AQU,train,True
stead_event_00865,12100760,train,val,manual,autopicker,False,MN.AQU,train,True
stead_event_00866,16194294,train,val,manual,manual,True,MN.AQU,train,True
stead_event_00867,12100820,test,train,manual,manual,True,MN.AQU,test,False
stead_event_00868,12103389,train,test,manual,manual,True,MN.AQU,train,True
stead_event_00869,12742086,train,train,manual,manual,True,MN.AQU,train,True
stead_event_00870,12105713,train,train,manual,manual,True,MN.AQU,train,True
stead_event_00871,12105715,test,train,manual,manual,True,MN.AQU,test,False
stead_event_00872,16194316,train,train,manual,manual,True,MN.AQU,train,True
stead_event_00873,12742125,train,val,manual,manual,True,MN.AQU,train,True
stead_event_00874,12105724,train,train,manual,manual,True,MN.AQU,train,True
stead_event_00875,12105726,val,train,manual,manual,True,MN.AQU,val,True
stead_event_00876,13903785,train,val,manual,manual,True,MN.AQU,train,True
stead_event_00877,16194319,test,train,manual,manual,True,MN.AQU,test,False
stead_event_00878,16194321,train,train,manual,manual,True,MN.AQU,train,True
stead_event_00879,14839033,train,train,manual,manual,True,MN.AQU,train,True
stead_event_00880,12576674,train,train,manual,manual,True,MN.AQU,train,True
stead_event_00881,16194329,train,test,manual,manual,True,MN.AQU,train,True
stead_event_00882,12576732,train,train,manual,manual,True,MN.AQU,train,True
stead_event_00883,13438270,train,train,manual,manual,True,MN.AQU,train,True
stead_event_00884,12742123,val,train,manual,manual,True,MN.AQU,val,True
stead_event_00885,12578482,train,train,manual,manual,True,MN.AQU,train,True
stead_event_00886,12578488,train,train,manual,manual,True,MN.AQU,train,True
stead_event_00887,12578491,train,train,manual,manual,True,MN.AQU,train,True
stead_event_00888,12742141,train,train,manual,manual,True,MN.AQU,train,True
stead_event_00889,12579300,train,train,manual,manual,True,MN.AQU,train,True
stead_event_00890,12579696,train,val,manual,manual,True,MN.AQU,train,True
stead_event_00891,12581806,train,train,manual,manual,True,MN.AQU,train,True
stead_event_00892,12581808,test,train,manual,manual,True,MN.AQU,test,False
stead_event_00893,12742170,test,train,manual,manual,True,MN.AQU,test,False
stead_event_00894,16194344,train,train,manual,manual,True,MN.AQU,train,True
stead_event_00895,12581811,train,train,manual,manual,True,MN.AQU,train,True
stead_event_00896,14840528,train,train,manual,manual,True,MN.AQU,train,True
stead_event_00897,12742180,train,train,manual,manual,True,MN.AQU,train,True
stead_event_00898,16194346,train,train,manual,manual,True,MN.AQU,train,True
stead_event_00899,12581884,train,train,manual,manual,True,MN.AQU,train,True
stead_event_00900,16194358,val,test,manual,manual,True,MN.AQU,val,True
stead_event_00901,12582094,train,test,manual,manual,True,MN.AQU,train,True
stead_event_00902,12582168,train,test,manual,manual,True,MN.AQU,train,True
stead_event_00903,12582171,train,test,manual,manual,True,MN.AQU,train,True
stead_event_00904,12582186,train,train,manual,manual,True,MN.AQU,train,True
stead_event_00905,12582359,train,train,manual,manual,True,MN.AQU,train,True
stead_event_00906,12582403,train,train,manual,manual,True,MN.AQU,train,True
stead_event_00907,13438490,train,train,manual,manual,True,MN.AQU,train,True
stead_event_00908,12582637,val,train,manual,manual,True,MN.AQU,val,True
stead_event_00909,12582975,train,train,manual,manual,True,MN.AQU,train,True
stead_event_00910,12583053,train,train,manual,manual,True,MN.AQU,train,True
stead_event_00911,12583062,train,test,manual,manual,True,MN.AQU,train,True
stead_event_00912,12583067,train,train,manual,manual,True,MN.AQU,train,True
stead_event_00913,12583389,train,train,manual,manual,True,MN.AQU,train,True
stead_event_00914,12590220,val,train,manual,manual,True,MN.AQU,val,True
stead_event_00915,12590738,test,train,manual,manual,True,MN.AQU,test,False
stead_event_00916,12590739,val,train,manual,manual,True,MN.AQU,val,True
stead_event_00917,12597518,train,train,manual,manual,True,MN.AQU,train,True
stead_event_00918,12601060,train,train,manual,manual,True,MN.AQU,train,True
stead_event_00919,12601066,train,test,manual,manual,True,MN.AQU,train,True
stead_event_00920,12601069,train,train,manual,manual,True,MN.AQU,train,True
stead_event_00921,12609853,test,train,manual,manual,True,MN.AQU,test,False
stead_event_00922,14843868,train,train,manual,manual,True,MN.AQU,train,True
stead_event_00923,12610906,train,train,manual,manual,True,MN.AQU,train,True
stead_event_00924,12610907,train,train,manual,manual,True,MN.AQU,train,True
stead_event_00925,12612931,train,train,manual,manual,True,MN.AQU,train,True
stead_event_00926,12638914,train,train,manual,manual,True,MN.AQU,train,True
stead_event_00927,12638916,train,val,manual,manual,True,MN.AQU,train,True
stead_event_00928,12669138,train,val,manual,manual,True,MN.AQU,train,True
stead_event_00929,12692485,test,test,manual,manual,True,MN.AQU,test,False
stead_event_00930,12692513,val,val,manual,manual,True,MN.AQU,val,True
stead_event_00931,12692663,train,train,manual,manual,True,MN.AQU,train,True
stead_event_00932,12692673,train,train,manual,manual,True,MN.AQU,train,True
stead_event_00933,12692694,train,test,manual,manual,True,MN.AQU,train,True
stead_event_00934,12738686,train,train,manual,manual,True,MN.AQU,train,True
stead_event_00935,14847292,train,train,manual,manual,True,MN.AQU,train,True
stead_event_00936,12742681,train,train,manual,manual,True,MN.AQU,train,True
stead_event_00937,12742821,train,val,manual,manual,True,MN.AQU,train,True
stead_event_00938,12747038,train,test,manual,manual,True,MN.AQU,train,True
stead_event_00939,12747050,train,train,manual,manual,True,MN.AQU,train,True
stead_event_00940,12750364,train,val,manual,manual,True,MN.AQU,train,True
stead_event_00941,12750428,train,val,manual,manual,True,MN.AQU,train,True
stead_event_00942,12754083,test,train,manual,manual,True,MN.AQU,test,False
stead_event_00943,12784423,val,train,manual,manual,True,MN.AQU,val,True
stead_event_00944,12784570,train,val,manual,manual,True,MN.AQU,train,True
stead_event_00945,12788581,test,test,manual,manual,True,MN.AQU,test,False
stead_event_00946,12792211,train,train,manual,manual,True,MN.AQU,train,True
stead_event_00947,12794021,test,train,manual,manual,True,MN.AQU,test,False
stead_event_00948,12821491,val,test,manual,manual,True,MN.AQU,val,True
stead_event_00949,12821492,train,train,manual,manual,True,MN.AQU,train,True
stead_event_00950,12824921,train,train,manual,manual,True,MN.AQU,train,True
stead_event_00951,12854297,train,train,manual,manual,True,MN.AQU,train,True
stead_event_00952,12862188,train,train,manual,manual,True,MN.AQU,train,True
stead_event_00953,12869565,train,test,manual,manual,True,MN.AQU,train,True
stead_event_00954,12870894,train,val,manual,manual,True,MN.AQU,train,True
stead_event_00955,12948618,train,val,manual,manual,True,MN.AQU,train,True
stead_event_00956,12977504,val,train,manual,manual,True,MN.AQU,val,True
stead_event_00957,13115762,test,train,manual,manual,True,MN.AQU,test,False
stead_event_00958,13201567,train,train,manual,manual,True,MN.AQU,train,True
stead_event_00959,13201583,train,test,manual,manual,True,MN.AQU,train,True
stead_event_00960,13202265,train,val,manual,manual,True,MN.AQU,train,True
stead_event_00961,13217750,train,train,manual,manual,True,MN.AQU,train,True
stead_event_00962,13903803,test,val,manual,manual,True,MN.AQU,test,False
stead_event_00963,13217765,train,train,manual,manual,True,MN.AQU,train,True
stead_event_00964,13217776,train,train,manual,manual,True,MN.AQU,train,True
stead_event_00965,16439391,train,train,manual,manual,True,MN.AQU,train,True
stead_event_00966,13231845,train,train,manual,manual,True,MN.AQU,train,True
stead_event_00967,13279129,train,train,manual,manual,True,MN.AQU,train,True
stead_event_00968,13279148,val,train,manual,manual,True,MN.AQU,val,True
stead_event_00969,13903813,train,train,manual,manual,True,MN.AQU,train,True
stead_event_00970,13307356,train,train,manual,manual,True,MN.AQU,train,True
stead_event_00971,13324932,train,train,manual,manual,True,MN.AQU,train,True
stead_event_00972,13324955,test,val,manual,autopicker,False,MN.AQU,test,False
stead_event_00973,13324955,test,val,manual,manual,True,MN.AQU,test,False
stead_event_00974,13347186,train,train,manual,manual,True,MN.AQU,train,True
stead_event_00975,13354234,train,train,manual,manual,True,MN.AQU,train,True
stead_event_00976,13361328,train,train,manual,manual,True,MN.AQU,train,True
stead_event_00977,16521783,train,train,manual,manual,True,MN.AQU,train,True
stead_event_00978,13380899,test,train,manual,manual,True,MN.AQU,train|test,True
stead_event_00979,13380899,train,train,manual,autopicker,False,MN.AQU,train|test,True
stead_event_00980,13380900,train,train,manual,manual,True,MN.AQU,train,True
stead_event_00981,13383749,train,val,manual,manual,True,MN.AQU,train,True
stead_event_00982,13441790,train,train,manual,manual,True,MN.AQU,train,True
stead_event_00983,13524837,train,train,manual,manual,True,MN.AQU,train,True
stead_event_00984,13540185,val,val,manual,manual,True,MN.AQU,val,True
stead_event_00985,13650641,train,test,manual,manual,True,MN.AQU,train,True
stead_event_00986,13930243,train,test,manual,manual,True,MN.AQU,train,True
stead_event_00987,14237546,train,val,manual,autopicker,False,MN.AQU,train,True
stead_event_00988,14725145,train,train,manual,manual,True,MN.AQU,train,True
stead_event_00989,15139903,train,train,manual,manual,True,MN.AQU,train,True
stead_event_00990,15139908,train,train,manual,manual,True,MN.AQU,train,True
stead_event_00991,15145214,val,train,manual,manual,True,MN.AQU,val,True
stead_event_00992,15154866,train,train,manual,manual,True,MN.AQU,train,True
stead_event_00993,17370885,train,val,manual,manual,True,MN.AQU,train,True
stead_event_00994,604441582,train,train,manual,manual,True,CA.ARBS,train,True
stead_event_00995,7163048,train,train,manual,manual,True,HL.ARG,train,True
stead_event_00996,7225749,test,train,manual,autopicker,False,HL.ARG,test,False
stead_event_00997,7228239,val,train,manual,autopicker,False,HL.ARG,val,True
stead_event_00998,7247120,train,train,manual,autopicker,False,HL.ARG,train,True
stead_event_00999,7255204,train,train,manual,manual,True,HL.ARG,train,True
stead_event_01000,7312993,train,test,manual,manual,True,HL.ARG,train,True
stead_event_01001,7345707,train,val,manual,autopicker,False,HL.ARG,train,True
stead_event_01002,7377065,train,test,manual,autopicker,False,HL.ARG,train,True
stead_event_01003,7391104,train,train,manual,manual,True,HL.ARG,train,True
stead_event_01004,7404705,train,train,manual,manual,True,HL.ARG,train,True
stead_event_01005,7405485,train,train,manual,autopicker,False,HL.ARG,train,True
stead_event_01006,7422262,val,train,manual,manual,True,HL.ARG,val,True
stead_event_01007,7434202,train,train,manual,manual,True,HL.ARG,train,True
stead_event_01008,7443286,train,train,manual,autopicker,False,HL.ARG,train,True
stead_event_01009,7486661,val,val,manual,manual,True,HL.ARG,val,True
stead_event_01010,7488829,train,test,manual,manual,True,HL.ARG,train,True
stead_event_01011,7382130,train,test,manual,manual,True,HL.ARG,train,True
stead_event_01012,7549434,train,train,manual,manual,True,HL.ARG,train,True
stead_event_01013,7363733,train,train,manual,manual,True,HL.ARG,train,True
stead_event_01014,8528512,val,train,manual,manual,True,HL.ARG,val,True
stead_event_01015,8528733,val,val,manual,autopicker,False,HL.ARG,val,True
stead_event_01016,8184875,train,test,manual,manual,True,HL.ARG,train,True
stead_event_01017,8193062,train,train,manual,manual,True,HL.ARG,train,True
stead_event_01018,10601831,train,train,manual,manual,True,HL.ARG,train,True
stead_event_01019,10603967,train,train,manual,manual,True,HL.ARG,train,True
stead_event_01020,10607397,train,train,manual,manual,True,HL.ARG,train,True
stead_event_01021,10611393,test,train,manual,manual,True,HL.ARG,test,False
stead_event_01022,10612251,train,test,manual,manual,True,HL.ARG,train,True
stead_event_01023,10612529,test,train,manual,manual,True,HL.ARG,test,False
stead_event_01024,10613112,train,train,manual,manual,True,HL.ARG,train,True
stead_event_01025,8504432,train,train,manual,manual,True,HL.ARG,train,True
stead_event_01026,8530535,train,train,manual,manual,True,HL.ARG,train,True
stead_event_01027,8566457,train,train,manual,manual,True,HL.ARG,train,True
stead_event_01028,8566681,test,train,manual,manual,True,HL.ARG,test,False
stead_event_01029,8505730,val,train,manual,manual,True,HL.ARG,val,True
stead_event_01030,8953256,val,train,manual,autopicker,False,HL.ARG,val,True
stead_event_01031,11121469,val,train,manual,manual,True,HL.ARG,val,True
stead_event_01032,9134508,train,val,manual,manual,True,HL.ARG,train,True
stead_event_01033,9135588,train,train,manual,manual,True,HL.ARG,train,True
stead_event_01034,9135869,val,train,manual,autopicker,False,HL.ARG,train|val,True
stead_event_01035,9135869,train,train,autopicker,manual,False,HL.ARG,train|val,True
stead_event_01036,9225353,train,val,manual,manual,True,HL.ARG,train,True
stead_event_01037,11496118,train,train,manual,manual,True,HL.ARG,train,True
stead_event_01038,11502913,test,train,manual,manual,True,HL.ARG,test,False
stead_event_01039,11920698,test,train,manual,manual,True,HL.ARG,test,False
stead_event_01040,11937537,train,test,manual,manual,True,HL.ARG,train,True
stead_event_01041,12648829,val,train,manual,autopicker,False,HL.ARG,val,True
stead_event_01042,12663205,test,test,manual,manual,True,HL.ARG,test,False
stead_event_01043,12667148,train,train,manual,manual,True,HL.ARG,train,True
stead_event_01044,12764293,train,train,manual,manual,True,HL.ARG,train,True
stead_event_01045,12765737,test,train,manual,manual,True,HL.ARG,test,False
stead_event_01046,12766853,train,train,manual,manual,True,HL.ARG,train,True
stead_event_01047,12807062,train,train,manual,manual,True,HL.ARG,train,True
stead_event_01048,12813248,val,train,manual,autopicker,False,HL.ARG,val,True
stead_event_01049,12956191,train,train,manual,autopicker,False,HL.ARG,train,True
stead_event_01050,12964777,test,train,manual,manual,True,HL.ARG,test,False
stead_event_01051,12969181,test,val,manual,manual,True,HL.ARG,test,False
stead_event_01052,13236885,test,test,manual,manual,True,HL.ARG,test,False
stead_event_01053,13236890,train,val,manual,manual,True,HL.ARG,train,True
stead_event_01054,13239414,test,train,manual,autopicker,False,HL.ARG,test,False
stead_event_01055,13239536,val,test,manual,manual,True,HL.ARG,val,True
stead_event_01056,13240780,train,train,manual,manual,True,HL.ARG,train,True
stead_event_01057,13250381,val,train,manual,manual,True,HL.ARG,val,True
stead_event_01058,13253243,train,val,manual,manual,True,HL.ARG,train,True
stead_event_01059,13257502,train,test,manual,manual,True,HL.ARG,train,True
stead_event_01060,13260195,train,train,manual,manual,True,HL.ARG,train,True
stead_event_01061,13271290,train,test,manual,manual,True,HL.ARG,train,True
stead_event_01062,13329749,train,val,manual,manual,True,HL.ARG,train,True
stead_event_01063,13485320,train,train,manual,manual,True,HL.ARG,train,True
stead_event_01064,13487322,train,train,manual,manual,True,HL.ARG,train,True
stead_event_01065,11152270,val,train,manual,manual,True,HL.ARG,val,True
stead_event_01066,11152314,train,train,manual,autopicker,False,HL.ARG,train,True
stead_event_01067,13229116,train,train,manual,manual,True,HL.ARG,train,True
stead_event_01068,11381878,train,train,manual,manual,True,HL.ARG,train,True
stead_event_01069,11381894,val,train,manual,manual,True,HL.ARG,val,True
stead_event_01070,11514156,train,train,manual,manual,True,HL.ARG,train,True
stead_event_01071,12951326,train,train,manual,manual,True,HL.ARG,train,True
stead_event_01072,12951403,test,val,manual,manual,True,HL.ARG,test,False
stead_event_01073,12099726,train,train,manual,manual,True,HL.ARG,train,True
stead_event_01074,11525288,train,val,manual,manual,True,HL.ARG,train,True
stead_event_01075,11525549,train,train,manual,manual,True,HL.ARG,train,True
stead_event_01076,11661161,test,train,manual,manual,True,HL.ARG,test,False
stead_event_01077,13434317,train,val,manual,manual,True,HL.ARG,train,True
stead_event_01078,13434526,test,train,manual,manual,True,HL.ARG,test,False
stead_event_01079,13435093,train,train,manual,manual,True,HL.ARG,train,True
stead_event_01080,13437418,test,train,manual,autopicker,False,HL.ARG,test,False
stead_event_01081,13568046,val,test,manual,manual,True,HL.ARG,val,True
stead_event_01082,13568416,test,train,manual,manual,True,HL.ARG,test,False
stead_event_01083,13839692,train,train,manual,autopicker,False,HL.ARG,train,True
stead_event_01084,13839898,val,train,manual,manual,True,HL.ARG,train|val,True
stead_event_01085,13839898,train,train,manual,autopicker,False,HL.ARG,train|val,True
stead_event_01086,12895832,train,val,manual,manual,True,HL.ARG,train,True
stead_event_01087,13840153,train,train,manual,manual,True,HL.ARG,train,True
stead_event_01088,13840260,test,train,manual,manual,True,HL.ARG,test,False
stead_event_01089,13840341,test,train,manual,manual,True,HL.ARG,test,False
stead_event_01090,13841374,val,train,manual,autopicker,False,HL.ARG,val,True
stead_event_01091,13882077,train,test,manual,manual,True,HL.ARG,train,True
stead_event_01092,13882293,train,val,manual,manual,True,HL.ARG,train,True
stead_event_01093,14090749,val,val,manual,autopicker,False,HL.ARG,val,True
stead_event_01094,14090863,train,train,manual,manual,True,HL.ARG,train,True
stead_event_01095,14611621,train,train,manual,manual,True,HL.ARG,train,True
stead_event_01096,15003373,train,test,manual,manual,True,HL.ARG,train,True
stead_event_01097,14619881,train,test,manual,manual,True,HL.ARG,train,True
stead_event_01098,15003688,train,test,manual,manual,True,HL.ARG,train,True
stead_event_01099,14324348,train,val,manual,manual,True,HL.ARG,train,True
stead_event_01100,600090413,train,train,manual,autopicker,False,HL.ARG,train,True
stead_event_01101,15085928,train,val,manual,manual,True,HL.ARG,train,True
stead_event_01102,14624634,test,train,manual,manual,True,HL.ARG,test,False
stead_event_01103,14758125,train,train,manual,autopicker,False,HL.ARG,train,True
stead_event_01104,15898539,train,train,manual,autopicker,False,HL.ARG,train,True
stead_event_01105,15080018,train,train,manual,manual,True,HL.ARG,train,True
stead_event_01106,15808238,train,train,manual,manual,True,HL.ARG,train,True
stead_event_01107,15646503,test,train,manual,autopicker,False,HL.ARG,test,False
stead_event_01108,15808819,val,train,autopicker,manual,False,HL.ARG,val,True
stead_event_01109,15974813,train,train,manual,autopicker,False,HL.ARG,train,True
stead_event_01110,15974865,train,train,manual,manual,True,HL.ARG,train,True
stead_event_01111,15975350,test,test,manual,manual,True,HL.ARG,test,False
stead_event_01112,15975416,test,train,manual,manual,True,HL.ARG,test,False
stead_event_01113,15976015,train,train,manual,autopicker,False,HL.ARG,train,True
stead_event_01114,15976048,train,train,manual,manual,True,HL.ARG,train,True
stead_event_01115,15520080,train,train,autopicker,manual,False,HL.ARG,train,True
stead_event_01116,16017320,test,test,manual,autopicker,False,HL.ARG,test,False
stead_event_01117,16319910,train,train,manual,manual,True,HL.ARG,train,True
stead_event_01118,15965576,test,train,manual,manual,True,KR.ARK,train|test,True
stead_event_01119,15965576,train,train,manual,manual,True,KR.ARK,train|test,True
stead_event_01120,16032681,train,train,manual,manual,True,KR.ARK,train,True
stead_event_01121,16158929,train,train,manual,manual,True,KR.ARK,train,True
stead_event_01122,16160529,train,train,manual,manual,True,KR.ARK,train,True
stead_event_01123,16425081,train,val,manual,manual,True,KR.ARK,train,True
stead_event_01124,16552802,train,train,manual,manual,True,KR.ARK,train,True
stead_event_01125,16552802,train,train,manual,manual,True,KR.ARK,train,True
stead_event_01126,17544829,val,train,manual,manual,True,KR.ARK,val,True
stead_event_01127,600015024,train,train,manual,manual,True,KR.ARK,train|test,True
stead_event_01128,600015024,train,train,manual,manual,True,KR.ARK,train|test,True
stead_event_01129,600015024,test,train,manual,manual,True,KR.ARK,train|test,True
stead_event_01130,600056444,test,train,manual,autopicker,False,KR.ARK,test,False
stead_event_01131,600668598,test,val,manual,manual,True,KR.ARK,test,False
stead_event_01132,600821344,test,train,manual,manual,True,KR.ARK,test,False
stead_event_01133,600981804,train,train,manual,manual,True,KR.ARK,train,True
stead_event_01134,601032756,train,train,manual,manual,True,KR.ARK,train|val,True
stead_event_01135,601032756,val,train,manual,manual,True,KR.ARK,train|val,True
stead_event_01136,601768484,train,train,manual,manual,True,KR.ARK,train,True
stead_event_01137,601792378,train,test,manual,manual,True,KR.ARK,train,True
stead_event_01138,601869704,val,train,manual,manual,True,KR.ARK,val,True
stead_event_01139,601991496,train,train,manual,manual,True,KR.ARK,train,True
stead_event_01140,601991944,train,train,manual,manual,True,KR.ARK,train,True
stead_event_01141,602356857,train,val,manual,manual,True,KR.ARK,train,True
stead_event_01142,602566154,train,train,manual,manual,True,KR.ARK,train,True
stead_event_01143,602445075,train,train,manual,manual,True,KR.ARK,train,True
stead_event_01144,602445075,train,train,manual,manual,True,KR.ARK,train,True
stead_event_01145,602736067,test,train,manual,manual,True,KR.ARK,test,False
stead_event_01146,602748753,train,train,manual,autopicker,False,KR.ARK,train|test,True
stead_event_01147,602748753,train,train,manual,autopicker,False,KR.ARK,train|test,True
stead_event_01148,602748753,test,train,manual,autopicker,False,KR.ARK,train|test,True
stead_event_01149,602917692,test,train,manual,manual,True,KR.ARK,test,False
stead_event_01150,603982656,test,test,manual,manual,True,KR.ARK,test,False
stead_event_01151,603983905,val,train,manual,manual,True,KR.ARK,val,True
stead_event_01152,603984303,train,train,manual,manual,True,KR.ARK,train,True
stead_event_01153,603984303,train,train,manual,manual,True,KR.ARK,train,True
stead_event_01154,603985466,train,val,manual,autopicker,False,KR.ARK,train,True
stead_event_01155,603985466,train,val,manual,autopicker,False,KR.ARK,train,True
stead_event_01156,603985466,train,val,autopicker,manual,False,KR.ARK,train,True
stead_event_01157,603986831,train,test,manual,manual,True,KR.ARK,train,True
stead_event_01158,604103199,val,train,manual,manual,True,KR.ARK,val,True
stead_event_01159,604104174,train,train,autopicker,manual,False,KR.ARK,train,True
stead_event_01160,604104325,train,train,autopicker,autopicker,False,KR.ARK,train,True
stead_event_01161,606183731,train,val,manual,manual,True,KR.ARK,train,True
stead_event_01162,606442386,train,test,manual,manual,True,KR.ARK,train,True
stead_event_01163,606444533,train,test,manual,manual,True,KR.ARK,train,True
stead_event_01164,15188226,val,train,manual,manual,True,KR.ARLS,val,True
stead_event_01165,16484107,train,train,manual,manual,True,KR.ARLS,train,True
stead_event_01166,602356054,train,train,manual,manual,True,KR.ARLS,train,True
stead_event_01167,603981364,train,train,manual,manual,True,KR.ARLS,train,True
stead_event_01168,603984450,val,train,manual,manual,True,KR.ARLS,val,True
stead_event_01169,606443708,train,train,manual,manual,True,KR.ARLS,train,True
stead_event_01170,607724131,train,train,manual,manual,True,KR.ARLS,train,True
stead_event_01171,607724652,train,train,manual,manual,True,KR.ARLS,train,True
stead_event_01172,15898586,train,train,manual,autopicker,False,KO.ARMT,train,True
stead_event_01173,15899135,train,test,manual,manual,True,KO.ARMT,train,True
stead_event_01174,15903282,test,test,manual,manual,True,KO.ARMT,test,False
stead_event_01175,16318885,val,val,manual,manual,True,KO.ARMT,val,True
stead_event_01176,16319041,train,train,manual,autopicker,False,KO.ARMT,train,True
stead_event_01177,600012958,val,train,manual,autopicker,False,KO.ARMT,val,True
stead_event_01178,600013212,test,test,manual,manual,True,KO.ARMT,test,False
stead_event_01179,nm610425,val,train,manual,autopicker,False,NM.ARPT,val,True
stead_event_01180,606963938,val,train,manual,autopicker,False,NM.ARPT,train|val,True
stead_event_01181,606963938,val,train,manual,manual,True,NM.ARPT,train|val,True
stead_event_01182,606963938,train,train,manual,autopicker,False,NM.ARPT,train|val,True
stead_event_01183,606963938,train,train,autopicker,manual,False,NM.ARPT,train|val,True
stead_event_01184,nm60160937,val,train,manual,manual,True,NM.ARPT,val,True
stead_event_01185,14573046,train,train,manual,manual,True,KR.ARSB,train,True
stead_event_01186,16016728,test,train,manual,autopicker,False,KR.ARSB,test,False
stead_event_01187,16017215,test,val,manual,manual,True,KR.ARSB,test,False
stead_event_01188,17530115,train,train,manual,manual,True,KR.ARSB,train,True
stead_event_01189,600205341,val,test,manual,manual,True,KR.ARSB,val,True
stead_event_01190,600661370,train,test,autopicker,autopicker,False,KR.ARSB,train,True
stead_event_01191,600676076,train,test,manual,manual,True,KR.ARSB,train|val,True
stead_event_01192,600676076,val,test,manual,manual,True,KR.ARSB,train|val,True
stead_event_01193,601231538,train,test,manual,manual,True,KR.ARSB,train,True
stead_event_01194,600703403,val,train,manual,manual,True,KR.ARSB,val,True
stead_event_01195,600703403,val,train,manual,manual,True,KR.ARSB,val,True
stead_event_01196,601224566,val,train,manual,manual,True,KR.ARSB,val,True
stead_event_01197,601224566,val,train,manual,manual,True,KR.ARSB,val,True
stead_event_01198,601170933,train,train,manual,manual,True,KR.ARSB,train,True
stead_event_01199,601170938,train,train,manual,manual,True,KR.ARSB,train,True
stead_event_01200,601170938,train,train,manual,manual,True,KR.ARSB,train,True
stead_event_01201,601109598,train,train,manual,manual,True,KR.ARSB,train|test,True
stead_event_01202,601109598,test,train,manual,manual,True,KR.ARSB,train|test,True
stead_event_01203,601122006,train,train,manual,manual,True,KR.ARSB,train,True
stead_event_01204,601276193,train,val,manual,manual,True,KR.ARSB,train,True
stead_event_01205,601276193,train,val,manual,manual,True,KR.ARSB,train,True
stead_event_01206,601531700,train,val,manual,autopicker,False,KR.ARSB,train,True
stead_event_01207,601531700,train,val,manual,autopicker,False,KR.ARSB,train,True
stead_event_01208,601713915,train,train,manual,manual,True,KR.ARSB,train,True
stead_event_01209,601769282,train,test,manual,manual,True,KR.ARSB,train|val,True
stead_event_01210,601769282,val,test,manual,manual,True,KR.ARSB,train|val,True
stead_event_01211,601840298,train,train,manual,autopicker,False,KR.ARSB,train,True
stead_event_01212,601840298,train,train,manual,autopicker,False,KR.ARSB,train,True
stead_event_01213,603273129,train,train,manual,manual,True,KR.ARSB,train,True
stead_event_01214,602356222,val,train,manual,manual,True,KR.ARSB,val,True
stead_event_01215,602358359,train,train,manual,manual,True,KR.ARSB,train,True
stead_event_01216,602583922,train,train,manual,manual,True,KR.ARSB,train|val,True
stead_event_01217,602583922,val,train,manual,manual,True,KR.ARSB,train|val,True
stead_event_01218,602560580,train,train,manual,manual,True,KR.ARSB,train|test,True
stead_event_01219,602560580,test,train,manual,manual,True,KR.ARSB,train|test,True
stead_event_01220,602761323,train,train,manual,manual,True,KR.ARSB,train|val,True
stead_event_01221,602761323,val,train,manual,manual,True,KR.ARSB,train|val,True
stead_event_01222,603981271,train,train,manual,manual,True,KR.ARSB,train,True
stead_event_01223,603981335,test,val,manual,manual,True,KR.ARSB,train|test,True
stead_event_01224,603981335,train,val,manual,manual,True,KR.ARSB,train|test,True
stead_event_01225,603984761,test,val,autopicker,manual,False,KR.ARSB,train|test,True
stead_event_01226,603984761,train,val,autopicker,manual,False,KR.ARSB,train|test,True
stead_event_01227,604100830,train,train,manual,manual,True,KR.ARSB,train,True
stead_event_01228,604101080,train,train,manual,manual,True,KR.ARSB,train|val,True
stead_event_01229,604101080,val,train,manual,manual,True,KR.ARSB,train|val,True
stead_event_01230,604103514,train,train,manual,manual,True,KR.ARSB,train,True
stead_event_01231,604103514,train,train,manual,manual,True,KR.ARSB,train,True
stead_event_01232,603794892,train,train,manual,manual,True,KR.ARSB,train,True
stead_event_01233,603794892,train,train,manual,manual,True,KR.ARSB,train,True
stead_event_01234,604009333,train,train,manual,manual,True,KR.ARSB,train,True
stead_event_01235,604056056,test,train,manual,manual,True,KR.ARSB,test,False
stead_event_01236,604172026,test,train,manual,manual,True,KR.ARSB,test,False
stead_event_01237,606441778,test,train,manual,manual,True,KR.ARSB,test,False
stead_event_01238,606441833,val,train,manual,manual,True,KR.ARSB,val,True
stead_event_01239,606442850,train,train,manual,manual,True,KR.ARSB,train,True
stead_event_01240,606443015,val,train,manual,manual,True,KR.ARSB,val,True
stead_event_01241,606443318,train,train,manual,manual,True,KR.ARSB,train,True
stead_event_01242,606443840,train,val,manual,manual,True,KR.ARSB,train,True
stead_event_01243,604725260,train,test,manual,manual,True,KR.ARSB,train,True
stead_event_01244,605672667,train,test,manual,manual,True,KR.ARSB,train,True
stead_event_01245,607719471,val,test,manual,manual,True,KR.ARSB,train|val,True
stead_event_01246,607719471,train,test,manual,manual,True,KR.ARSB,train|val,True
stead_event_01247,ci14938052,train,test,manual,manual,True,CI.ARV,train,True
stead_event_01248,ci14981444,train,test,manual,manual,True,CI.ARV,train,True
stead_event_01249,ci15152793,test,val,automatic,manual,False,CI.ARV,test,False
stead_event_01250,ci15190441,train,train,manual,manual,True,CI.ARV,train,True
stead_event_01251,ci11338050,train,train,automatic,automatic,False,CI.ARV,train,True
stead_event_01252,8358327,train,train,manual,manual,True,IV.ARVD,train,True
stead_event_01253,11499509,val,train,manual,manual,True,IV.ARVD,train|val,True
stead_event_01254,11930027,train,val,manual,autopicker,False,IV.ARVD,train,True
stead_event_01255,13894230,train,train,manual,manual,True,IV.ARVD,train|val,True
stead_event_01256,13898373,train,train,manual,manual,True,IV.ASQU,train,True
stead_event_01257,13500707,train,val,manual,manual,True,HA.ATAL,train,True
stead_event_01258,12921036,train,train,manual,manual,True,HA.ATAL,train,True
stead_event_01259,12921310,train,train,manual,manual,True,HA.ATAL,train,True
stead_event_01260,14593988,test,train,manual,manual,True,HA.ATAL,test,False
stead_event_01261,12921588,train,train,manual,manual,True,HA.ATAL,train,True
stead_event_01262,12921657,train,train,manual,manual,True,HA.ATAL,train,True
stead_event_01263,12099731,test,train,manual,manual,True,HA.ATAL,test,False
stead_event_01264,12099896,train,val,manual,manual,True,HA.ATAL,train|val,True
stead_event_01265,13397029,train,train,manual,manual,True,HA.ATAL,train,True
stead_event_01266,13397363,train,train,manual,manual,True,HA.ATAL,train,True
stead_event_01267,13397870,train,train,manual,manual,True,HA.ATAL,train|val,True
stead_event_01268,13401010,test,train,manual,manual,True,HA.ATAL,test,False
stead_event_01269,13401087,train,val,manual,manual,True,HA.ATAL,train,True
stead_event_01270,14188784,test,train,manual,manual,True,HA.ATAL,train|test,True
stead_event_01271,14189018,train,train,manual,manual,True,HA.ATAL,train|test,True
stead_event_01272,14189804,train,train,manual,manual,True,HA.ATAL,train,True
stead_event_01273,12636051,train,test,manual,manual,True,HA.ATAL,train,True
stead_event_01274,14191157,train,train,manual,manual,True,HA.ATAL,train,True
stead_event_01275,13679914,train,val,manual,manual,True,HA.ATAL,train,True
stead_event_01276,14306213,test,train,manual,manual,True,HA.ATAL,test,False
stead_event_01277,15139283,train,train,manual,manual,True,HA.ATAL,train,True
stead_event_01278,16867667,test,test,manual,manual,True,HA.ATAL,test,False
stead_event_01279,602726488,train,train,manual,manual,True,HA.ATAL,train|test,True
stead_event_01280,602726488,test,train,manual,manual,True,HA.ATAL,train|test,True
stead_event_01281,602359420,val,train,manual,manual,True,HA.ATAL,val,True
stead_event_01282,602359420,val,train,manual,autopicker,False,HA.ATAL,val,True
stead_event_01283,602359420,val,train,manual,manual,True,HA.ATAL,val,True
stead_event_01284,602359420,val,train,manual,autopicker,False,HA.ATAL,val,True
stead_event_01285,603807476,train,train,manual,manual,True,HA.ATAL,train,True
stead_event_01286,603308684,train,val,manual,manual,True,HA.ATAL,train,True
stead_event_01287,603308684,train,val,manual,manual,True,HA.ATAL,train,True
stead_event_01288,603808388,test,train,manual,manual,True,HA.ATAL,train|test,True
stead_event_01289,603808388,train,train,manual,manual,True,HA.ATAL,train|test,True
stead_event_01290,603808393,val,train,manual,manual,True,HA.ATAL,val,True
stead_event_01291,603808413,train,train,manual,autopicker,False,HA.ATAL,train,True
stead_event_01292,603310337,train,train,manual,autopicker,False,HA.ATAL,train,True
stead_event_01293,603463302,train,train,manual,manual,True,HA.ATAL,train,True
stead_event_01294,608588542,train,val,manual,manual,True,HA.ATAL,train,True
stead_event_01295,608588542,train,val,manual,manual,True,HA.ATAL,train,True
stead_event_01296,603463308,train,train,manual,manual,True,HA.ATAL,train,True
stead_event_01297,603463308,train,train,manual,manual,True,HA.ATAL,train,True
stead_event_01298,603309053,train,train,manual,manual,True,HA.ATAL,train,True
stead_event_01299,603309053,train,train,manual,manual,True,HA.ATAL,train,True
stead_event_01300,603499254,train,train,manual,manual,True,HA.ATAL,train|val,True
stead_event_01301,603499254,val,train,manual,manual,True,HA.ATAL,train|val,True
stead_event_01302,603499259,train,val,manual,manual,True,HA.ATAL,train,True
stead_event_01303,603808477,train,train,manual,autopicker,False,HA.ATAL,train,True
stead_event_01304,603808477,train,train,manual,autopicker,False,HA.ATAL,train,True
stead_event_01305,603808481,train,train,manual,manual,True,HA.ATAL,train,True
stead_event_01306,603499264,train,train,manual,manual,True,HA.ATAL,train,True
stead_event_01307,603499264,train,train,manual,manual,True,HA.ATAL,train,True
stead_event_01308,603499264,train,train,manual,autopicker,False,HA.ATAL,train,True
stead_event_01309,603499264,train,train,manual,autopicker,False,HA.ATAL,train,True
stead_event_01310,608588544,train,test,manual,manual,True,HA.ATAL,train|test,True
stead_event_01311,608588544,test,test,manual,manual,True,HA.ATAL,train|test,True
stead_event_01312,603808634,val,train,manual,manual,True,HA.ATAL,train|val,True
stead_event_01313,603808634,train,train,manual,manual,True,HA.ATAL,train|val,True
stead_event_01314,603311525,train,train,manual,manual,True,HA.ATAL,train,True
stead_event_01315,603311525,train,train,manual,manual,True,HA.ATAL,train,True
stead_event_01316,603499328,train,train,manual,manual,True,HA.ATAL,train|test,True
stead_event_01317,603499328,test,train,manual,manual,True,HA.ATAL,train|test,True
stead_event_01318,603499336,train,test,manual,manual,True,HA.ATAL,train,True
stead_event_01319,603499336,train,test,manual,manual,True,HA.ATAL,train,True
stead_event_01320,603808693,train,train,manual,manual,True,HA.ATAL,train|val,True
stead_event_01321,603808693,val,train,manual,manual,True,HA.ATAL,train|val,True
stead_event_01322,608588548,train,train,manual,manual,True,HA.ATAL,train,True
stead_event_01323,608588548,train,train,manual,manual,True,HA.ATAL,train,True
stead_event_01324,603499356,train,train,manual,manual,True,HA.ATAL,train,True
stead_event_01325,603335569,train,test,manual,manual,True,HA.ATAL,train,True
stead_event_01326,603335569,train,test,manual,manual,True,HA.ATAL,train,True
stead_event_01327,603335451,train,train,manual,manual,True,HA.ATAL,train,True
stead_event_01328,603335451,train,train,manual,manual,True,HA.ATAL,train,True
stead_event_01329,603499508,train,train,manual,manual,True,HA.ATAL,train,True
stead_event_01330,603499508,train,train,manual,manual,True,HA.ATAL,train,True
stead_event_01331,608588562,train,train,manual,autopicker,False,HA.ATAL,train,True
stead_event_01332,608588562,train,train,manual,autopicker,False,HA.ATAL,train,True
stead_event_01333,603337785,train,test,manual,manual,True,HA.ATAL,train|val,True
stead_event_01334,603337785,val,test,manual,manual,True,HA.ATAL,train|val,True
stead_event_01335,603463919,train,train,manual,manual,True,HA.ATAL,train,True
stead_event_01336,603808946,train,train,manual,manual,True,HA.ATAL,train,True
stead_event_01337,603808946,train,train,manual,manual,True,HA.ATAL,train,True
stead_event_01338,603808979,train,train,manual,manual,True,HA.ATAL,train|val,True
stead_event_01339,603808979,val,train,manual,manual,True,HA.ATAL,train|val,True
stead_event_01340,603758707,train,test,manual,manual,True,HA.ATAL,train|test,True
stead_event_01341,603758707,test,test,manual,manual,True,HA.ATAL,train|test,True
stead_event_01342,609059607,train,test,manual,manual,True,HA.ATAL,train,True
stead_event_01343,609059607,train,test,manual,manual,True,HA.ATAL,train,True
stead_event_01344,609059396,val,train,manual,manual,True,HA.ATAL,val,True
stead_event_01345,603809489,test,test,manual,manual,True,HA.ATAL,val|test,True
stead_event_01346,603809489,val,test,manual,manual,True,HA.ATAL,val|test,True
stead_event_01347,603438465,val,train,manual,manual,True,HA.ATAL,train|val,True
stead_event_01348,603438465,train,train,manual,manual,True,HA.ATAL,train|val,True
stead_event_01349,603759349,val,val,manual,manual,True,HA.ATAL,train|val,True
stead_event_01350,603759349,train,val,manual,manual,True,HA.ATAL,train|val,True
stead_event_01351,601675884,train,train,manual,manual,True,IV.ATCA,train,True
stead_event_01352,13478675,test,test,manual,autopicker,False,FR.ATE,test,False
stead_event_01353,10909810,train,train,manual,manual,True,FR.ATE,train,True
stead_event_01354,10954462,val,train,manual,manual,True,FR.ATE,val,True
stead_event_01355,10954470,train,val,manual,autopicker,False,FR.ATE,train,True
stead_event_01356,11670602,train,train,manual,manual,True,FR.ATE,train,True
stead_event_01357,13944474,train,test,manual,manual,True,FR.ATE,train,True
stead_event_01358,601830341,val,train,manual,manual,True,FR.ATE,val,True
stead_event_01359,602213372,train,train,manual,manual,True,FR.ATE,train,True
stead_event_01360,603054801,train,train,manual,manual,True,FR.ATE,train,True
stead_event_01361,603374462,train,test,manual,autopicker,False,FR.ATE,train,True
stead_event_01362,604085163,train,test,manual,manual,True,FR.ATE,train,True
stead_event_01363,606843620,test,test,manual,manual,True,FR.ATE,train|test,True
stead_event_01364,606843620,train,test,manual,manual,True,FR.ATE,train|test,True
stead_event_01365,606843620,test,test,manual,manual,True,FR.ATE,train|test,True
stead_event_01366,606843620,train,test,manual,manual,True,FR.ATE,train|test,True
stead_event_01367,607120300,train,train,manual,manual,True,FR.ATE,train|val,True
stead_event_01368,607120300,val,train,manual,manual,True,FR.ATE,train|val,True
stead_event_01369,607120300,train,train,manual,manual,True,FR.ATE,train|val,True
stead_event_01370,14756518,train,train,manual,manual,True,HL.ATH,train,True
stead_event_01371,14757341,train,train,manual,manual,True,HL.ATH,train,True
stead_event_01372,16333273,val,train,manual,manual,True,HL.ATH,val,True
stead_event_01373,16867614,train,train,manual,manual,True,HL.ATH,train,True
stead_event_01374,601815418,test,test,manual,manual,True,HL.ATH,test,False
stead_event_01375,601815418,test,test,manual,manual,True,HL.ATH,test,False
stead_event_01376,603048481,train,train,autopicker,manual,False,HL.ATH,train,True
stead_event_01377,603048481,train,train,autopicker,manual,False,HL.ATH,train,True
stead_event_01378,603819232,train,train,manual,manual,True,HL.ATH,train,True
stead_event_01379,603819232,train,train,manual,manual,True,HL.ATH,train,True
stead_event_01380,604858031,train,train,manual,manual,True,HL.ATH,train,True
stead_event_01381,605100607,train,val,manual,manual,True,HL.ATH,train,True
stead_event_01382,11324127,train,train,manual,manual,True,HA.ATHU,train,True
stead_event_01383,11324287,test,train,manual,manual,True,HA.ATHU,test,False
stead_event_01384,11513931,val,train,manual,manual,True,HA.ATHU,val,True
stead_event_01385,13377213,val,test,manual,manual,True,HA.ATHU,val,True
stead_event_01386,12921142,train,train,manual,manual,True,HA.ATHU,train,True
stead_event_01387,12921283,train,train,manual,manual,True,HA.ATHU,train,True
stead_event_01388,13378156,train,train,manual,manual,True,HA.ATHU,train,True
stead_event_01389,13398137,test,train,manual,manual,True,HA.ATHU,test,False
stead_event_01390,14767047,train,train,manual,manual,True,HA.ATHU,train,True
stead_event_01391,11006261,test,train,manual,manual,True,AK.ATKA,test,False
stead_event_01392,11477476,train,val,manual,manual,True,AK.ATKA,train,True
stead_event_01393,13989497,train,train,manual,manual,True,AK.ATKA,train,True
stead_event_01394,13562438,val,train,manual,manual,True,AK.ATKA,val,True
stead_event_01395,13637306,train,train,manual,manual,True,AK.ATKA,train,True
stead_event_01396,14766806,test,train,manual,autopicker,False,AK.ATKA,test,False
stead_event_01397,15609025,test,train,manual,manual,True,AK.ATKA,test,False
stead_event_01398,15990247,train,train,manual,manual,True,AK.ATKA,train,True
stead_event_01399,16151681,train,val,manual,manual,True,AK.ATKA,train,True
stead_event_01400,16151681,train,val,manual,manual,True,AK.ATKA,train,True
stead_event_01401,ak011e8zl4ea,test,test,autopicker,autopicker,False,AK.ATKA,test,False
stead_event_01402,ak011gl4levv,train,train,autopicker,autopicker,False,AK.ATKA,train,True
stead_event_01403,ak0125irhkr9,train,train,manual,manual,True,AK.ATKA,train,True
stead_event_01404,601459527,train,train,manual,manual,True,AK.ATKA,train|val,True
stead_event_01405,601459527,val,train,manual,manual,True,AK.ATKA,train|val,True
stead_event_01406,602058468,train,train,manual,manual,True,AK.ATKA,train|val,True
stead_event_01407,602058468,val,train,manual,manual,True,AK.ATKA,train|val,True
stead_event_01408,602059953,test,val,manual,manual,True,AK.ATKA,train|test,True
stead_event_01409,602059953,train,val,manual,manual,True,AK.ATKA,train|test,True
stead_event_01410,602954416,train,train,manual,manual,True,AK.ATKA,train|test,True
stead_event_01411,602954416,test,train,manual,manual,True,AK.ATKA,train|test,True
stead_event_01412,603041376,train,val,manual,manual,True,AK.ATKA,train|val,True
stead_event_01413,603041376,val,val,manual,manual,True,AK.ATKA,train|val,True
stead_event_01414,604484400,train,train,manual,manual,True,AK.ATKA,train,True
stead_event_01415,606918180,train,train,manual,manual,True,AK.ATKA,train,True
stead_event_01416,606919017,test,train,manual,manual,True,AK.ATKA,test,False
stead_event_01417,610571062,train,val,manual,manual,True,AK.ATKA,train,True
stead_event_01418,605134686,train,train,manual,manual,True,AK.ATKA,train,True
stead_event_01419,605597185,train,train,manual,manual,True,AK.ATKA,train,True
stead_event_01420,605597273,train,val,manual,manual,True,AK.ATKA,train,True
stead_event_01421,605643489,train,test,manual,manual,True,AK.ATKA,train,True
stead_event_01422,605659505,train,train,manual,manual,True,AK.ATKA,train,True
stead_event_01423,607187931,test,train,manual,autopicker,False,AK.ATKA,train|test,True
stead_event_01424,607187931,train,train,manual,autopicker,False,AK.ATKA,train|test,True
stead_event_01425,607187931,train,train,manual,autopicker,False,AK.ATKA,train|test,True
stead_event_01426,607259897,train,val,manual,manual,True,AK.ATKA,train|val,True
stead_event_01427,607259897,val,val,manual,manual,True,AK.ATKA,train|val,True
stead_event_01428,607214421,train,val,manual,manual,True,AK.ATKA,train|test,True
stead_event_01429,607214421,test,val,manual,manual,True,AK.ATKA,train|test,True
stead_event_01430,603794489,train,train,manual,manual,True,AV.AU22,train,True
stead_event_01431,603794489,train,train,manual,manual,True,AV.AU22,train,True
stead_event_01432,603928538,train,test,manual,manual,True,AV.AU22,train|test,True
stead_event_01433,603928538,train,test,manual,manual,True,AV.AU22,train|test,True
stead_event_01434,603956739,train,train,manual,manual,True,AV.AU22,train|test,True
stead_event_01435,603956739,train,train,manual,manual,True,AV.AU22,train|test,True
stead_event_01436,604014486,val,train,manual,manual,True,AV.AU22,val|test,True
stead_event_01437,604030796,train,test,manual,manual,True,AV.AU22,train,True
stead_event_01438,604106471,train,train,manual,manual,True,AV.AU22,train,True
stead_event_01439,604106471,train,train,manual,manual,True,AV.AU22,train,True
stead_event_01440,604107855,val,train,manual,manual,True,AV.AU22,train|val,True
stead_event_01441,604107855,train,train,manual,manual,True,AV.AU22,train|val,True
stead_event_01442,604108432,train,test,manual,manual,True,AV.AU22,train,True
stead_event_01443,604108432,train,test,manual,manual,True,AV.AU22,train,True
stead_event_01444,604400615,val,train,manual,manual,True,AV.AU22,train|val,True
stead_event_01445,604400615,train,train,manual,manual,True,AV.AU22,train|val,True
stead_event_01446,604464838,train,train,manual,manual,True,AV.AU22,train,True
stead_event_01447,605146312,val,test,manual,manual,True,AV.AU22,val,True
stead_event_01448,605469473,val,train,manual,manual,True,AV.AU22,val,True
stead_event_01449,606745841,train,train,manual,manual,True,AV.AU22,train|test,True
stead_event_01450,606745841,test,train,manual,manual,True,AV.AU22,train|test,True
stead_event_01451,606977455,train,val,manual,manual,True,AV.AU22,train|test,True
stead_event_01452,606977455,train,val,manual,manual,True,AV.AU22,train|test,True
stead_event_01453,606977455,train,val,manual,manual,True,AV.AU22,train|test,True
stead_event_01454,ak16669887,train,test,manual,manual,True,AV.AU22,train,True
stead_event_01455,ak16903599,train,val,autopicker,autopicker,False,AV.AU22,train,True
stead_event_01456,ak17134644,test,train,autopicker,autopicker,False,AV.AU22,train|test,True
stead_event_01457,ak17153768,train,train,autopicker,autopicker,False,AV.AU22,train,True
stead_event_01458,ak17604572,train,val,autopicker,autopicker,False,AV.AU22,train,True
stead_event_01459,ak18057488,train,train,manual,manual,True,AV.AU22,train,True
stead_event_01460,ak18393877,test,train,autopicker,autopicker,False,AV.AU22,test,False
stead_event_01461,ak18567491,train,train,autopicker,autopicker,False,AV.AU22,train|val,True
stead_event_01462,ak19111454,train,test,manual,manual,True,AV.AU22,train|val,True
stead_event_01463,ak19702124,train,train,manual,manual,True,AV.AU22,train|test,True
stead_event_01464,ak19967527,train,train,manual,manual,True,AV.AU22,train,True
stead_event_01465,606977455,test,val,manual,manual,True,AV.AUCH,train|test,True
stead_event_01466,606977455,test,val,manual,manual,True,AV.AUCH,train|test,True
stead_event_01467,606977455,train,val,manual,manual,True,AV.AUCH,train|test,True
stead_event_01468,606977455,test,val,manual,manual,True,AV.AUCH,train|test,True
stead_event_01469,606977455,train,val,manual,manual,True,AV.AUCH,train|test,True
stead_event_01470,13993375,test,train,manual,manual,True,AV.AUI,test,False
stead_event_01471,14173952,train,val,manual,manual,True,AV.AUI,train,True
stead_event_01472,17155813,train,train,manual,autopicker,False,AV.AUI,train,True
stead_event_01473,14628624,train,test,manual,manual,True,AV.AUI,train,True
stead_event_01474,14629268,train,train,manual,manual,True,AV.AUI,train,True
stead_event_01475,16398544,train,train,manual,manual,True,AV.AUI,train|val,True
stead_event_01476,16398544,train,train,manual,manual,True,AV.AUI,train|val,True
stead_event_01477,17435477,train,val,manual,manual,True,AV.AUI,train|val,True
stead_event_01478,17435477,val,val,manual,manual,True,AV.AUI,train|val,True
stead_event_01479,600671310,train,train,manual,manual,True,AV.AUI,train,True
stead_event_01480,600671310,train,train,manual,manual,True,AV.AUI,train,True
stead_event_01481,600671340,test,train,manual,manual,True,AV.AUI,train|test,True
stead_event_01482,600671340,train,train,manual,manual,True,AV.AUI,train|test,True
stead_event_01483,ak012blpm04,train,train,manual,manual,True,AV.AUI,train,True
stead_event_01484,ak012ienwxj,train,val,manual,manual,True,AV.AUI,train,True
stead_event_01485,600734618,test,train,manual,manual,True,AV.AUI,train|test,True
stead_event_01486,600734618,train,train,manual,manual,True,AV.AUI,train|test,True
stead_event_01487,600319669,train,train,manual,manual,True,AV.AUI,train|val,True
stead_event_01488,600319669,val,train,manual,manual,True,AV.AUI,train|val,True
stead_event_01489,ak0121vy2cgb,test,train,manual,manual,True,AV.AUI,test,False
stead_event_01490,600675460,train,val,manual,manual,True,AV.AUI,train,True
stead_event_01491,600675460,train,val,manual,manual,True,AV.AUI,train,True
stead_event_01492,ak0124vks9cc,train,train,manual,manual,True,AV.AUI,train,True
stead_event_01493,ak0124x58sv7,test,test,autopicker,autopicker,False,AV.AUI,test,False
stead_event_01494,ak0126j2yrj3,train,train,manual,manual,True,AV.AUI,train,True
stead_event_01495,601032288,train,test,manual,autopicker,False,AV.AUI,train|test,True
stead_event_01496,601032288,test,test,manual,autopicker,False,AV.AUI,train|test,True
stead_event_01497,601475429,train,train,manual,manual,True,AV.AUI,train,True
stead_event_01498,601475429,train,train,manual,manual,True,AV.AUI,train,True
stead_event_01499,ak012ae58vqq,train,train,autopicker,autopicker,False,AV.AUI,train,True
stead_event_01500,ak012bcijw1d,train,train,manual,manual,True,AV.AUI,train,True
stead_event_01501,602754703,train,train,manual,autopicker,False,AV.AUI,train|val,True
stead_event_01502,603161409,train,train,manual,manual,True,AV.AUI,train,True
stead_event_01503,603161409,train,train,manual,manual,True,AV.AUI,train,True
stead_event_01504,603334673,train,test,manual,manual,True,AV.AUI,train|test,True
stead_event_01505,603334673,test,test,manual,manual,True,AV.AUI,train|test,True
stead_event_01506,ak10824424,train,train,manual,manual,True,AV.AUI,train,True
stead_event_01507,ak10833442,test,train,manual,manual,True,AV.AUI,test,False
stead_event_01508,607262661,train,test,manual,manual,True,S.AUJCS,train,True
stead_event_01509,15635859,test,test,manual,manual,True,AV.AUL,test,False
stead_event_01510,16007273,val,train,manual,manual,True,AV.AUL,val,True
stead_event_01511,16398544,train,train,manual,manual,True,AV.AUL,train|val,True
stead_event_01512,16398544,val,train,manual,manual,True,AV.AUL,train|val,True
stead_event_01513,601712537,test,test,manual,manual,True,AV.AUL,train|test,True
stead_event_01514,601712537,train,test,manual,manual,True,AV.AUL,train|test,True
stead_event_01515,ak012e73qoze,train,train,manual,manual,True,AV.AUL,train,True
stead_event_01516,602591125,train,train,manual,autopicker,False,AV.AUL,train,True
stead_event_01517,602591355,val,train,manual,manual,True,AV.AUL,val,True
stead_event_01518,602591355,val,train,manual,manual,True,AV.AUL,val,True
stead_event_01519,602854337,val,test,manual,manual,True,AV.AUL,train|val,True
stead_event_01520,602854337,train,test,manual,manual,True,AV.AUL,train|val,True
stead_event_01521,602754703,val,train,manual,manual,True,AV.AUL,train|val,True
stead_event_01522,603014472,train,train,manual,manual,True,AV.AUL,train,True
stead_event_01523,603014472,train,train,manual,manual,True,AV.AUL,train,True
stead_event_01524,603161409,train,train,manual,manual,True,AV.AUL,train,True
stead_event_01525,603161409,train,train,manual,manual,True,AV.AUL,train,True
stead_event_01526,603334673,train,test,manual,manual,True,AV.AUL,train|test,True
stead_event_01527,603334673,train,test,manual,manual,True,AV.AUL,train|test,True
stead_event_01528,ak10772208,train,val,manual,manual,True,AV.AUL,train,True
stead_event_01529,ak10785942,train,train,manual,manual,True,AV.AUL,train,True
stead_event_01530,603987163,train,train,manual,manual,True,AV.AUL,train,True
stead_event_01531,ak10796480,train,train,manual,manual,True,AV.AUL,train,True
stead_event_01532,603987163,train,train,manual,manual,True,AV.AUL,train,True
stead_event_01533,ak10816937,train,train,manual,manual,True,AV.AUL,train,True
stead_event_01534,ak10824177,train,test,manual,manual,True,AV.AUL,train,True
stead_event_01535,603812023,train,val,manual,manual,True,AV.AUL,train,True
stead_event_01536,ak10875729,train,train,manual,manual,True,AV.AUL,train,True
stead_event_01537,ak10895580,train,train,manual,manual,True,AV.AUL,train,True
stead_event_01538,ak10907457,train,val,manual,manual,True,AV.AUL,train,True
stead_event_01539,604030796,train,test,manual,manual,True,AV.AUL,train,True
stead_event_01540,ak11184848,test,train,manual,manual,True,AV.AUL,train|test,True
stead_event_01541,604400615,train,train,manual,manual,True,AV.AUL,train|val,True
stead_event_01542,604400615,train,train,manual,manual,True,AV.AUL,train|val,True
stead_event_01543,ak16834332,train,test,manual,manual,True,AV.AUL,train,True
stead_event_01544,ak16903599,train,val,autopicker,autopicker,False,AV.AUL,train,True
stead_event_01545,ak17134644,train,train,autopicker,autopicker,False,AV.AUL,train|test,True
stead_event_01546,ak17153768,train,train,autopicker,autopicker,False,AV.AUL,train,True
stead_event_01547,ak17604572,train,val,autopicker,autopicker,False,AV.AUL,train,True
stead_event_01548,ak18057488,train,train,autopicker,autopicker,False,AV.AUL,train,True
stead_event_01549,ak18378155,train,train,manual,manual,True,AV.AUL,train|val,True
stead_event_01550,ak18567491,val,train,autopicker,autopicker,False,AV.AUL,train|val,True
stead_event_01551,ak18740223,val,train,autopicker,autopicker,False,AV.AUL,train|val,True
stead_event_01552,ak19111454,val,test,autopicker,autopicker,False,AV.AUL,train|val,True
stead_event_01553,ak19702124,test,train,autopicker,autopicker,False,AV.AUL,train|test,True
stead_event_01554,ak10844368,train,train,manual,manual,True,AV.AUQ,train,True
stead_event_01555,603794489,train,train,manual,autopicker,False,AV.AUQ,train,True
stead_event_01556,ak10852714,train,train,manual,manual,True,AV.AUQ,train,True
stead_event_01557,ak10972713,train,val,manual,manual,True,AV.AUQ,train,True
stead_event_01558,603928538,test,test,manual,autopicker,False,AV.AUQ,train|test,True
stead_event_01559,603928538,train,test,manual,autopicker,False,AV.AUQ,train|test,True
stead_event_01560,603956739,test,train,manual,manual,True,AV.AUQ,train|test,True
stead_event_01561,603956739,train,train,manual,manual,True,AV.AUQ,train|test,True
stead_event_01562,604014486,test,train,manual,manual,True,AV.AUQ,val|test,True
stead_event_01563,604030796,train,test,manual,manual,True,AV.AUQ,train,True
stead_event_01564,ak11152086,train,val,manual,manual,True,AV.AUQ,train,True
stead_event_01565,ak11166338,train,train,manual,manual,True,AV.AUQ,train,True
stead_event_01566,604107855,train,train,manual,autopicker,False,AV.AUQ,train|val,True
stead_event_01567,604107855,train,train,manual,autopicker,False,AV.AUQ,train|val,True
stead_event_01568,ak11184586,train,train,manual,manual,True,AV.AUQ,train,True
stead_event_01569,604400615,val,train,manual,manual,True,AV.AUQ,train|val,True
stead_event_01570,604400615,train,train,manual,manual,True,AV.AUQ,train|val,True
stead_event_01571,ak11184848,train,train,manual,manual,True,AV.AUQ,train|test,True
stead_event_01572,604464838,train,train,manual,manual,True,AV.AUQ,train,True
stead_event_01573,605469473,val,train,manual,autopicker,False,AV.AUQ,val,True
stead_event_01574,ak16943471,train,train,autopicker,autopicker,False,AV.AUSB,train,True
stead_event_01575,ak17211585,train,test,autopicker,autopicker,False,AV.AUSB,train,True
stead_event_01576,ak17974472,train,train,manual,autopicker,False,AV.AUSB,train,True
stead_event_01577,ak18378155,train,train,autopicker,autopicker,False,AV.AUSB,train|val,True
stead_event_01578,ak18740223,train,train,manual,manual,True,AV.AUSB,train|val,True
stead_event_01579,ak19702124,train,train,autopicker,autopicker,False,AV.AUSB,train|test,True
stead_event_01580,ak17974472,train,train,manual,manual,True,AV.AUWS,train,True
stead_event_01581,ak18378155,val,train,manual,autopicker,False,AV.AUWS,train|val,True
stead_event_01582,uw60725606,train,train,manual,manual,True,PB.B003,train,True
stead_event_01583,uw60725606,train,train,manual,manual,True,PB.B004,train,True
stead_event_01584,16012717,train,train,manual,manual,True,PB.B011,train|val|test,True
stead_event_01585,16012717,test,train,manual,manual,True,PB.B011,train|val|test,True
stead_event_01586,uw10819223,train,train,manual,manual,True,PB.B011,train,True
stead_event_01587,606505114,val,train,manual,autopicker,False,PB.B012,train|val,True
stead_event_01588,606505114,train,train,manual,autopicker,False,PB.B012,train|val,True
stead_event_01589,606505114,train,train,manual,autopicker,False,PB.B012,train|val,True
stead_event_01590,606505114,train,train,manual,autopicker,False,PB.B012,train|val,True
stead_event_01591,uw10816778,test,train,manual,manual,True,PB.B013,test,False
stead_event_01592,608553894,train,train,manual,manual,True,PB.B013,train,True
stead_event_01593,uw61267487,val,train,manual,manual,True,PB.B013,val,True
stead_event_01594,uw60952487,test,train,manual,manual,True,PB.B018,test,False
stead_event_01595,uw61045737,train,test,manual,manual,True,PB.B030,train,True
stead_event_01596,nc71779090,train,train,manual,manual,True,PB.B039,train,True
stead_event_01597,nc72172016,train,train,manual,manual,True,PB.B039,train,True
stead_event_01598,nc72768511,train,train,manual,autopicker,False,PB.B039,train,True
stead_event_01599,604059721,val,train,manual,autopicker,False,PB.B040,val,True
stead_event_01600,nc71788691,test,train,manual,manual,True,PB.B045,train|test,True
stead_event_01601,nc71789946,train,train,manual,manual,True,PB.B045,train|test,True
stead_event_01602,nc71790466,train,test,manual,manual,True,PB.B045,train|val|test,True
stead_event_01603,nc71795776,val,train,manual,manual,True,PB.B045,val,True
stead_event_01604,nc71815561,train,val,manual,manual,True,PB.B045,train,True
stead_event_01605,nc71815591,val,train,manual,manual,True,PB.B045,val,True
stead_event_01606,nc71819331,train,val,manual,manual,True,PB.B045,train|test,True
stead_event_01607,nc71831291,train,train,manual,manual,True,PB.B045,train|val,True
stead_event_01608,nc71837016,train,train,manual,manual,True,PB.B045,train,True
stead_event_01609,nc71838070,train,train,manual,manual,True,PB.B045,train,True
stead_event_01610,nc71840145,train,val,manual,manual,True,PB.B045,train|val|test,True
stead_event_01611,nc71840145,train,val,manual,manual,True,PB.B045,train|val|test,True
stead_event_01612,nc71842080,train,train,manual,manual,True,PB.B045,train,True
stead_event_01613,nc71842255,val,train,manual,manual,True,PB.B045,val|test,True
stead_event_01614,nc71842260,test,val,manual,manual,True,PB.B045,train|val|test,True
stead_event_01615,nc71845790,train,train,manual,manual,True,PB.B045,train,True
stead_event_01616,nc71846085,train,train,manual,manual,True,PB.B045,train,True
stead_event_01617,nc71858955,train,train,manual,manual,True,PB.B045,train,True
stead_event_01618,nc71865635,train,train,manual,manual,True,PB.B045,train,True
stead_event_01619,nc71898316,train,train,manual,manual,True,PB.B045,train,True
stead_event_01620,nc71907486,train,val,manual,manual,True,PB.B045,train,True
stead_event_01621,nc71907836,train,train,manual,manual,True,PB.B045,train,True
stead_event_01622,nc71912466,train,train,manual,manual,True,PB.B045,train,True
stead_event_01623,nc71917146,train,train,manual,manual,True,PB.B045,train|test,True
stead_event_01624,nc71919066,train,val,manual,manual,True,PB.B045,train,True
stead_event_01625,nc71937430,test,val,manual,manual,True,PB.B045,train|val|test,True
stead_event_01626,nc71938025,train,test,manual,manual,True,PB.B045,train,True
stead_event_01627,nc71940295,train,val,manual,manual,True,PB.B045,train|val,True
stead_event_01628,nc71946770,train,train,manual,manual,True,PB.B045,train,True
stead_event_01629,nc71952505,train,train,manual,manual,True,PB.B045,train,True
stead_event_01630,nc71960855,val,train,manual,manual,True,PB.B045,train|val,True
stead_event_01631,nc71962080,train,train,manual,manual,True,PB.B045,train|test,True
stead_event_01632,nc71967375,test,train,manual,manual,True,PB.B045,train|test,True
stead_event_01633,nc71968695,train,train,manual,manual,True,PB.B045,train|test,True
stead_event_01634,nc71973570,train,val,manual,manual,True,PB.B045,train|val,True
stead_event_01635,nc71979765,val,train,manual,manual,True,PB.B045,val,True
stead_event_01636,nc71980360,train,test,manual,manual,True,PB.B045,train|val,True
stead_event_01637,nc71980370,train,test,manual,manual,True,PB.B045,train,True
stead_event_01638,nc71980370,train,test,manual,manual,True,PB.B045,train,True
stead_event_01639,nc71980445,train,train,manual,manual,True,PB.B045,train,True
stead_event_01640,nc71980540,test,train,manual,manual,True,PB.B045,train|test,True
stead_event_01641,nc71992936,train,train,manual,manual,True,PB.B045,train|val,True
stead_event_01642,nc71993646,train,val,manual,manual,True,PB.B045,train|val|test,True
stead_event_01643,nc71993701,train,train,manual,manual,True,PB.B045,train,True
stead_event_01644,nc71994086,train,train,manual,manual,True,PB.B045,train,True
stead_event_01645,nc71996146,train,val,manual,manual,True,PB.B045,train|test,True
stead_event_01646,nc72015675,train,train,manual,manual,True,PB.B045,train,True
stead_event_01647,nc72015675,train,train,manual,manual,True,PB.B045,train,True
stead_event_01648,nc72018865,val,train,manual,manual,True,PB.B045,train|val,True
stead_event_01649,nc72021855,train,train,manual,manual,True,PB.B045,train,True
stead_event_01650,nc72021945,train,val,manual,manual,True,PB.B045,train|val,True
stead_event_01651,nc72036165,test,train,manual,manual,True,PB.B045,train|test,True
stead_event_01652,nc72040786,train,test,manual,manual,True,PB.B045,train,True
stead_event_01653,nc72046966,train,train,manual,manual,True,PB.B045,train|test,True
stead_event_01654,nc72052081,train,test,manual,manual,True,PB.B045,train|val,True
stead_event_01655,nc72054076,train,train,manual,manual,True,PB.B045,train|val,True
stead_event_01656,nc72055081,train,train,manual,manual,True,PB.B045,train|test,True
stead_event_01657,nc72056176,test,val,manual,manual,True,PB.B045,train|test,True
stead_event_01658,nc72063471,train,train,manual,manual,True,PB.B045,train|test,True
stead_event_01659,nc72066376,train,test,manual,manual,True,PB.B045,train|val,True
stead_event_01660,nc72070096,val,train,manual,manual,True,PB.B045,val,True
stead_event_01661,nc72076146,train,train,manual,manual,True,PB.B045,train,True
stead_event_01662,nc72080926,train,train,manual,manual,True,PB.B045,train|val,True
stead_event_01663,nc72083511,train,train,manual,manual,True,PB.B045,train|test,True
stead_event_01664,nc72083516,test,train,manual,manual,True,PB.B045,train|test,True
stead_event_01665,nc72090371,train,train,manual,manual,True,PB.B045,train,True
stead_event_01666,nc72095851,train,train,manual,manual,True,PB.B045,train|val,True
stead_event_01667,nc72096591,train,train,manual,manual,True,PB.B045,train|val|test,True
stead_event_01668,nc72099381,train,train,manual,manual,True,PB.B045,train|val,True
stead_event_01669,nc72100381,train,val,manual,manual,True,PB.B045,train,True
stead_event_01670,nc72108751,train,val,manual,manual,True,PB.B045,train|test,True
stead_event_01671,nc72109551,val,train,manual,manual,True,PB.B045,val,True
stead_event_01672,nc72110711,train,val,manual,manual,True,PB.B045,train,True
stead_event_01673,nc72109965,train,train,manual,manual,True,PB.B045,train,True
stead_event_01674,nc72114295,val,train,manual,manual,True,PB.B045,train|val|test,True
stead_event_01675,nc72132331,test,val,manual,manual,True,PB.B045,train|val|test,True
stead_event_01676,nc72134626,train,test,manual,manual,True,PB.B045,train|val|test,True
stead_event_01677,nc72142395,train,val,manual,manual,True,PB.B045,train|test,True
stead_event_01678,nc72144950,train,train,manual,manual,True,PB.B045,train|val,True
stead_event_01679,nc72147535,test,val,manual,manual,True,PB.B045,train|test,True
stead_event_01680,nc72157001,test,train,manual,manual,True,PB.B045,train|val|test,True
stead_event_01681,nc72172021,train,train,manual,manual,True,PB.B045,train,True
stead_event_01682,nc72181116,val,train,manual,manual,True,PB.B045,train|val,True
stead_event_01683,nc72181796,train,train,manual,manual,True,PB.B045,train,True
stead_event_01684,nc72185936,train,train,manual,manual,True,PB.B045,train|val,True
stead_event_01685,nc72187681,train,train,manual,manual,True,PB.B045,train,True
stead_event_01686,nc72187866,val,train,manual,manual,True,PB.B045,train|val|test,True
stead_event_01687,nc72188301,train,train,manual,manual,True,PB.B045,train,True
stead_event_01688,nc72188586,val,train,manual,manual,True,PB.B045,train|val,True
stead_event_01689,nc72185210,val,train,manual,manual,True,PB.B045,train|val,True
stead_event_01690,nc72189495,val,train,manual,manual,True,PB.B045,val,True
stead_event_01691,nc72190295,train,train,manual,manual,True,PB.B045,train,True
stead_event_01692,nc72202190,train,train,manual,manual,True,PB.B045,train|val,True
stead_event_01693,nc72369331,train,val,manual,manual,True,PB.B045,train,True
stead_event_01694,nc72499496,train,train,manual,manual,True,PB.B045,train|val,True
stead_event_01695,nc72516481,train,test,manual,manual,True,PB.B045,train|val,True
stead_event_01696,nc71772655,test,train,manual,manual,True,PB.B046,test,False
stead_event_01697,nc71778655,train,train,manual,manual,True,PB.B046,train,True
stead_event_01698,nc71783871,train,train,manual,manual,True,PB.B046,train,True
stead_event_01699,nc71784316,train,train,manual,manual,True,PB.B046,train,True
stead_event_01700,nc71788691,train,train,manual,manual,True,PB.B046,train|test,True
stead_event_01701,nc71790466,train,test,manual,manual,True,PB.B046,train|val|test,True
stead_event_01702,nc71793886,train,train,manual,manual,True,PB.B046,train,True
stead_event_01703,nc71797161,test,val,manual,manual,True,PB.B046,train|test,True
stead_event_01704,nc71799186,train,train,manual,manual,True,PB.B046,train,True
stead_event_01705,nc71800371,test,train,manual,manual,True,PB.B046,test,False
stead_event_01706,nc71815591,val,train,manual,manual,True,PB.B046,val,True
stead_event_01707,nc71819331,train,val,manual,manual,True,PB.B046,train|test,True
stead_event_01708,nc71822636,test,train,manual,manual,True,PB.B046,train|test,True
stead_event_01709,nc71829596,train,test,manual,manual,True,PB.B046,train,True
stead_event_01710,nc71831291,val,train,manual,manual,True,PB.B046,train|val,True
stead_event_01711,nc71832046,train,train,manual,manual,True,PB.B046,train,True
stead_event_01712,nc71837896,test,train,manual,manual,True,PB.B046,test,False
stead_event_01713,nc71840145,test,val,manual,manual,True,PB.B046,train|val|test,True
stead_event_01714,nc71840145,val,val,manual,manual,True,PB.B046,train|val|test,True
stead_event_01715,nc71842255,val,train,manual,manual,True,PB.B046,val|test,True
stead_event_01716,nc71842260,train,val,manual,manual,True,PB.B046,train|val|test,True
stead_event_01717,nc71845805,train,train,manual,manual,True,PB.B046,train,True
stead_event_01718,nc71848245,train,val,manual,manual,True,PB.B046,train,True
stead_event_01719,nc71865635,train,train,manual,manual,True,PB.B046,train,True
stead_event_01720,nc71890486,train,train,manual,manual,True,PB.B046,train,True
stead_event_01721,nc71898316,train,train,manual,manual,True,PB.B046,train,True
stead_event_01722,nc71898326,test,train,manual,manual,True,PB.B046,test,False
stead_event_01723,nc71899071,train,train,manual,manual,True,PB.B046,train,True
stead_event_01724,nc71903411,val,train,manual,manual,True,PB.B046,train|val,True
stead_event_01725,nc71907486,train,val,manual,manual,True,PB.B046,train,True
stead_event_01726,nc71917146,test,train,manual,manual,True,PB.B046,train|test,True
stead_event_01727,nc71918476,test,train,manual,manual,True,PB.B046,train|test,True
stead_event_01728,nc71919551,train,test,manual,manual,True,PB.B046,train,True
stead_event_01729,nc71921091,train,train,manual,manual,True,PB.B046,train,True
stead_event_01730,nc71937430,val,val,manual,manual,True,PB.B046,train|val|test,True
stead_event_01731,nc71938215,train,val,manual,manual,True,PB.B046,train,True
stead_event_01732,nc71940295,train,val,manual,manual,True,PB.B046,train|val,True
stead_event_01733,nc71942075,train,train,manual,manual,True,PB.B046,train,True
stead_event_01734,nc71947725,train,train,manual,manual,True,PB.B046,train,True
stead_event_01735,nc71947735,train,train,manual,manual,True,PB.B046,train|test,True
stead_event_01736,nc71952505,train,train,manual,manual,True,PB.B046,train,True
stead_event_01737,nc71957995,train,train,manual,manual,True,PB.B046,train,True
stead_event_01738,nc71960855,train,train,manual,manual,True,PB.B046,train|val,True
stead_event_01739,nc71962080,test,train,manual,manual,True,PB.B046,train|test,True
stead_event_01740,nc71967375,train,train,manual,manual,True,PB.B046,train|test,True
stead_event_01741,nc71968695,test,train,manual,manual,True,PB.B046,train|test,True
stead_event_01742,nc71973570,train,val,manual,manual,True,PB.B046,train|val,True
stead_event_01743,nc71976060,train,train,manual,manual,True,PB.B046,train|val,True
stead_event_01744,nc71980360,train,test,manual,manual,True,PB.B046,train|val,True
stead_event_01745,nc71980370,train,test,manual,manual,True,PB.B046,train,True
stead_event_01746,nc71980445,train,train,manual,manual,True,PB.B046,train,True
stead_event_01747,nc71980540,train,train,manual,manual,True,PB.B046,train|test,True
stead_event_01748,nc71988991,train,val,manual,manual,True,PB.B046,train,True
stead_event_01749,nc71989086,train,val,manual,manual,True,PB.B046,train|test,True
stead_event_01750,nc71989571,train,train,manual,manual,True,PB.B046,train,True
stead_event_01751,nc71992936,train,train,manual,manual,True,PB.B046,train|val,True
stead_event_01752,nc71993641,train,train,manual,manual,True,PB.B046,train|val,True
stead_event_01753,nc71993646,val,val,manual,manual,True,PB.B046,train|val|test,True
stead_event_01754,nc71993701,train,train,manual,manual,True,PB.B046,train,True
stead_event_01755,nc71994086,train,train,manual,manual,True,PB.B046,train,True
stead_event_01756,nc71996146,test,val,manual,manual,True,PB.B046,train|test,True
stead_event_01757,nc72004760,train,train,manual,manual,True,PB.B046,train,True
stead_event_01758,nc72007890,train,train,manual,manual,True,PB.B046,train,True
stead_event_01759,nc72015000,test,val,manual,manual,True,PB.B046,train|test,True
stead_event_01760,nc72017985,train,train,manual,manual,True,PB.B046,train,True
stead_event_01761,nc72021855,train,train,manual,manual,True,PB.B046,train,True
stead_event_01762,nc72024865,train,val,manual,manual,True,PB.B046,train,True
stead_event_01763,nc72029540,train,train,manual,manual,True,PB.B046,train|val,True
stead_event_01764,nc72029540,train,train,manual,manual,True,PB.B046,train|val,True
stead_event_01765,nc72036165,train,train,manual,manual,True,PB.B046,train|test,True
stead_event_01766,nc72040786,train,test,manual,manual,True,PB.B046,train,True
stead_event_01767,nc72041011,train,val,manual,manual,True,PB.B046,train,True
stead_event_01768,nc72046966,test,train,manual,manual,True,PB.B046,train|test,True
stead_event_01769,nc72049236,val,train,manual,manual,True,PB.B046,val,True
stead_event_01770,nc72052066,train,train,manual,manual,True,PB.B046,train|test,True
stead_event_01771,nc72054076,train,train,manual,manual,True,PB.B046,train|val,True
stead_event_01772,nc72055081,train,train,manual,manual,True,PB.B046,train|test,True
stead_event_01773,nc72056176,train,val,manual,manual,True,PB.B046,train|test,True
stead_event_01774,nc72059836,train,train,manual,manual,True,PB.B046,train,True
stead_event_01775,nc72063466,train,test,manual,manual,True,PB.B046,train,True
stead_event_01776,nc72063471,test,train,manual,manual,True,PB.B046,train|test,True
stead_event_01777,nc72066376,train,test,manual,manual,True,PB.B046,train|val,True
stead_event_01778,nc72075946,train,train,manual,manual,True,PB.B046,train,True
stead_event_01779,nc72080926,train,train,manual,manual,True,PB.B046,train|val,True
stead_event_01780,nc72090371,train,train,manual,manual,True,PB.B046,train,True
stead_event_01781,nc72095851,val,train,manual,manual,True,PB.B046,train|val,True
stead_event_01782,nc72096591,val,train,manual,manual,True,PB.B046,train|val|test,True
stead_event_01783,nc72099381,val,train,manual,manual,True,PB.B046,train|val,True
stead_event_01784,nc72100381,train,val,manual,manual,True,PB.B046,train,True
stead_event_01785,nc72104256,train,test,manual,manual,True,PB.B046,train,True
stead_event_01786,nc72107726,train,train,manual,manual,True,PB.B046,train,True
stead_event_01787,nc72108751,train,val,manual,manual,True,PB.B046,train|test,True
stead_event_01788,nc72109096,train,train,manual,manual,True,PB.B046,train|val,True
stead_event_01789,nc72109551,val,train,manual,manual,True,PB.B046,val,True
stead_event_01790,nc72110711,train,val,manual,manual,True,PB.B046,train,True
stead_event_01791,nc72114295,test,train,manual,manual,True,PB.B046,train|val|test,True
stead_event_01792,nc72116145,train,train,manual,manual,True,PB.B046,train|val,True
stead_event_01793,nc72122005,train,train,manual,manual,True,PB.B046,train,True
stead_event_01794,nc72122010,val,train,manual,manual,True,PB.B046,train|val,True
stead_event_01795,nc72125816,train,train,manual,manual,True,PB.B046,train,True
stead_event_01796,nc72125851,train,val,manual,manual,True,PB.B046,train,True
stead_event_01797,nc72132331,val,val,manual,manual,True,PB.B046,train|val|test,True
stead_event_01798,nc72134626,val,test,manual,manual,True,PB.B046,train|val|test,True
stead_event_01799,nc72135571,val,test,manual,manual,True,PB.B046,val,True
stead_event_01800,nc72142395,test,val,manual,manual,True,PB.B046,train|test,True
stead_event_01801,nc72144950,train,train,manual,manual,True,PB.B046,train|val,True
stead_event_01802,nc72147535,train,val,manual,manual,True,PB.B046,train|test,True
stead_event_01803,nc72157001,train,train,manual,manual,True,PB.B046,train|val|test,True
stead_event_01804,nc72170726,train,train,manual,manual,True,PB.B046,train,True
stead_event_01805,nc72172021,train,train,manual,manual,True,PB.B046,train,True
stead_event_01806,nc72174681,test,val,manual,manual,True,PB.B046,test,False
stead_event_01807,nc72177611,train,test,manual,manual,True,PB.B046,train,True
stead_event_01808,nc72177626,test,train,manual,manual,True,PB.B046,train|test,True
stead_event_01809,nc72177996,train,train,manual,manual,True,PB.B046,train,True
stead_event_01810,nc72180476,train,val,manual,manual,True,PB.B046,train,True
stead_event_01811,nc72181116,train,train,manual,manual,True,PB.B046,train|val,True
stead_event_01812,nc72181141,train,train,manual,manual,True,PB.B046,train|val,True
stead_event_01813,nc72181796,train,train,manual,manual,True,PB.B046,train,True
stead_event_01814,nc72185141,test,train,manual,manual,True,PB.B046,train|test,True
stead_event_01815,nc72185936,val,train,manual,manual,True,PB.B046,train|val,True
stead_event_01816,nc72187661,val,train,manual,manual,True,PB.B046,val|test,True
stead_event_01817,nc72187681,train,train,manual,manual,True,PB.B046,train,True
stead_event_01818,nc72187796,test,train,manual,manual,True,PB.B046,train|val|test,True
stead_event_01819,nc72187796,train,train,manual,manual,True,PB.B046,train|val|test,True
stead_event_01820,nc72187831,test,train,manual,manual,True,PB.B046,train|test,True
stead_event_01821,nc72187851,val,train,manual,manual,True,PB.B046,train|val,True
stead_event_01822,nc72187866,test,train,manual,manual,True,PB.B046,train|val|test,True
stead_event_01823,nc72188301,train,train,manual,manual,True,PB.B046,train,True
stead_event_01824,nc72188586,train,train,manual,manual,True,PB.B046,train|val,True
stead_event_01825,nc72185210,train,train,manual,manual,True,PB.B046,train|val,True
stead_event_01826,nc72187995,train,train,manual,manual,True,PB.B046,train,True
stead_event_01827,nc72189095,train,train,manual,manual,True,PB.B046,train,True
stead_event_01828,nc72190295,train,train,manual,manual,True,PB.B046,train,True
stead_event_01829,nc72202190,train,train,manual,manual,True,PB.B046,train|val,True
stead_event_01830,nc72369331,train,val,manual,manual,True,PB.B046,train,True
stead_event_01831,nc72388026,val,test,manual,manual,True,PB.B046,val,True
stead_event_01832,nc72499496,val,train,manual,manual,True,PB.B046,train|val,True
stead_event_01833,nc72516481,train,test,manual,manual,True,PB.B046,train|val,True
stead_event_01834,nc72667156,train,train,manual,manual,True,PB.B046,train,True
stead_event_01835,nc71772655,test,train,manual,manual,True,PB.B047,test,False
stead_event_01836,nc71788691,train,train,manual,manual,True,PB.B047,train|test,True
stead_event_01837,nc71789946,test,train,manual,manual,True,PB.B047,train|test,True
stead_event_01838,nc71790466,val,test,manual,manual,True,PB.B047,train|val|test,True
stead_event_01839,nc71797161,train,val,manual,manual,True,PB.B047,train|test,True
stead_event_01840,nc71819331,test,val,manual,manual,True,PB.B047,train|test,True
stead_event_01841,nc71829596,train,test,manual,manual,True,PB.B047,train,True
stead_event_01842,nc71831291,train,train,manual,manual,True,PB.B047,train|val,True
stead_event_01843,nc71832046,train,train,manual,manual,True,PB.B047,train,True
stead_event_01844,nc71837896,test,train,manual,manual,True,PB.B047,test,False
stead_event_01845,nc71838070,train,train,manual,manual,True,PB.B047,train,True
stead_event_01846,nc71840145,test,val,manual,manual,True,PB.B047,train|val|test,True
stead_event_01847,nc71840145,train,val,manual,manual,True,PB.B047,train|val|test,True
stead_event_01848,nc71842255,test,train,manual,manual,True,PB.B047,val|test,True
stead_event_01849,nc71845790,train,train,manual,manual,True,PB.B047,train,True
stead_event_01850,nc71852850,train,train,manual,manual,True,PB.B047,train,True
stead_event_01851,nc71858955,train,train,manual,manual,True,PB.B047,train,True
stead_event_01852,nc71903411,train,train,manual,manual,True,PB.B047,train|val,True
stead_event_01853,nc71918476,train,train,manual,manual,True,PB.B047,train|test,True
stead_event_01854,nc71937430,train,val,manual,manual,True,PB.B047,train|val|test,True
stead_event_01855,nc71938215,train,val,manual,manual,True,PB.B047,train,True
stead_event_01856,nc71940295,val,val,manual,manual,True,PB.B047,train|val,True
stead_event_01857,nc71942075,train,train,manual,manual,True,PB.B047,train,True
stead_event_01858,nc71947735,test,train,manual,manual,True,PB.B047,train|test,True
stead_event_01859,nc71952505,train,train,manual,manual,True,PB.B047,train,True
stead_event_01860,nc71957995,train,train,manual,manual,True,PB.B047,train,True
stead_event_01861,nc71967375,train,train,manual,manual,True,PB.B047,train|test,True
stead_event_01862,nc71968695,train,train,manual,manual,True,PB.B047,train|test,True
stead_event_01863,nc71973570,val,val,manual,manual,True,PB.B047,train|val,True
stead_event_01864,nc71976060,val,train,manual,manual,True,PB.B047,train|val,True
stead_event_01865,nc71980360,val,test,manual,manual,True,PB.B047,train|val,True
stead_event_01866,nc71980370,train,test,manual,manual,True,PB.B047,train,True
stead_event_01867,nc71980370,train,test,manual,manual,True,PB.B047,train,True
stead_event_01868,nc71980445,train,train,manual,manual,True,PB.B047,train,True
stead_event_01869,nc71989086,test,val,manual,manual,True,PB.B047,train|test,True
stead_event_01870,nc71989571,train,train,manual,manual,True,PB.B047,train,True
stead_event_01871,nc71992936,val,train,manual,manual,True,PB.B047,train|val,True
stead_event_01872,nc71993641,val,train,manual,manual,True,PB.B047,train|val,True
stead_event_01873,nc71993646,test,val,manual,manual,True,PB.B047,train|val|test,True
stead_event_01874,nc71993701,train,train,manual,manual,True,PB.B047,train,True
stead_event_01875,nc71996146,train,val,manual,manual,True,PB.B047,train|test,True
stead_event_01876,nc72004760,train,train,manual,manual,True,PB.B047,train,True
stead_event_01877,nc72015000,train,val,manual,manual,True,PB.B047,train|test,True
stead_event_01878,nc72015675,train,train,manual,manual,True,PB.B047,train,True
stead_event_01879,nc72015675,train,train,manual,manual,True,PB.B047,train,True
stead_event_01880,nc72018865,train,train,manual,manual,True,PB.B047,train|val,True
stead_event_01881,nc72021855,train,train,manual,manual,True,PB.B047,train,True
stead_event_01882,nc72021945,val,val,manual,manual,True,PB.B047,train|val,True
stead_event_01883,nc72029540,train,train,manual,manual,True,PB.B047,train|val,True
stead_event_01884,nc72029540,val,train,manual,manual,True,PB.B047,train|val,True
stead_event_01885,nc72040786,train,test,manual,manual,True,PB.B047,train,True
stead_event_01886,nc72046966,train,train,manual,manual,True,PB.B047,train|test,True
stead_event_01887,nc72049236,val,train,manual,manual,True,PB.B047,val,True
stead_event_01888,nc72052066,test,train,manual,manual,True,PB.B047,train|test,True
stead_event_01889,nc72052071,test,val,manual,manual,True,PB.B047,train|test,True
stead_event_01890,nc72052081,val,test,manual,manual,True,PB.B047,train|val,True
stead_event_01891,nc72054076,val,train,manual,manual,True,PB.B047,train|val,True
stead_event_01892,nc72055081,train,train,manual,manual,True,PB.B047,train|test,True
stead_event_01893,nc72056176,train,val,manual,manual,True,PB.B047,train|test,True
stead_event_01894,nc72059836,train,train,manual,manual,True,PB.B047,train,True
stead_event_01895,nc72063466,train,test,manual,manual,True,PB.B047,train,True
stead_event_01896,nc72063471,train,train,manual,manual,True,PB.B047,train|test,True
stead_event_01897,nc72066376,val,test,manual,manual,True,PB.B047,train|val,True
stead_event_01898,nc72075946,train,train,manual,manual,True,PB.B047,train,True
stead_event_01899,nc72080926,train,train,manual,manual,True,PB.B047,train|val,True
stead_event_01900,nc72083511,test,train,manual,manual,True,PB.B047,train|test,True
stead_event_01901,nc72083516,train,train,manual,manual,True,PB.B047,train|test,True
stead_event_01902,nc72090371,train,train,manual,manual,True,PB.B047,train,True
stead_event_01903,nc72095851,train,train,manual,manual,True,PB.B047,train|val,True
stead_event_01904,nc72096591,test,train,manual,manual,True,PB.B047,train|val|test,True
stead_event_01905,nc72099381,train,train,manual,manual,True,PB.B047,train|val,True
stead_event_01906,nc72100381,train,val,manual,manual,True,PB.B047,train,True
stead_event_01907,nc72104256,train,test,manual,manual,True,PB.B047,train,True
stead_event_01908,nc72107726,train,train,manual,manual,True,PB.B047,train,True
stead_event_01909,nc72108751,train,val,manual,manual,True,PB.B047,train|test,True
stead_event_01910,nc72109096,val,train,manual,manual,True,PB.B047,train|val,True
stead_event_01911,nc72110711,train,val,manual,manual,True,PB.B047,train,True
stead_event_01912,nc72109965,train,train,manual,manual,True,PB.B047,train,True
stead_event_01913,nc72113545,train,train,manual,manual,True,PB.B047,train,True
stead_event_01914,nc72114295,train,train,manual,manual,True,PB.B047,train|val|test,True
stead_event_01915,nc72116145,val,train,manual,manual,True,PB.B047,train|val,True
stead_event_01916,nc72122005,train,train,manual,manual,True,PB.B047,train,True
stead_event_01917,nc72122010,train,train,manual,manual,True,PB.B047,train|val,True
stead_event_01918,nc72132331,train,val,manual,manual,True,PB.B047,train|val|test,True
stead_event_01919,nc72134626,test,test,manual,manual,True,PB.B047,train|val|test,True
stead_event_01920,nc72135571,val,test,manual,manual,True,PB.B047,val,True
stead_event_01921,nc72140381,train,train,manual,manual,True,PB.B047,train,True
stead_event_01922,nc72142395,train,val,manual,manual,True,PB.B047,train|test,True
stead_event_01923,nc72147535,train,val,manual,manual,True,PB.B047,train|test,True
stead_event_01924,nc72157001,val,train,manual,manual,True,PB.B047,train|val|test,True
stead_event_01925,nc72172021,train,train,manual,manual,True,PB.B047,train,True
stead_event_01926,nc72177611,train,test,manual,manual,True,PB.B047,train,True
stead_event_01927,nc72177626,train,train,manual,manual,True,PB.B047,train|test,True
stead_event_01928,nc72180476,train,val,manual,manual,True,PB.B047,train,True
stead_event_01929,nc72181116,train,train,manual,manual,True,PB.B047,train|val,True
stead_event_01930,nc72181141,val,train,manual,manual,True,PB.B047,train|val,True
stead_event_01931,nc72184436,train,test,manual,manual,True,PB.B047,train,True
stead_event_01932,nc72185141,train,train,manual,manual,True,PB.B047,train|test,True
stead_event_01933,nc72185936,train,train,manual,manual,True,PB.B047,train|val,True
stead_event_01934,nc72187661,test,train,manual,manual,True,PB.B047,val|test,True
stead_event_01935,nc72187681,train,train,manual,manual,True,PB.B047,train,True
stead_event_01936,nc72187796,val,train,manual,manual,True,PB.B047,train|val|test,True
stead_event_01937,nc72187831,train,train,manual,manual,True,PB.B047,train|test,True
stead_event_01938,nc72187851,train,train,manual,manual,True,PB.B047,train|val,True
stead_event_01939,nc72187866,train,train,manual,manual,True,PB.B047,train|val|test,True
stead_event_01940,nc72188301,train,train,manual,manual,True,PB.B047,train,True
stead_event_01941,nc72188586,train,train,manual,manual,True,PB.B047,train|val,True
stead_event_01942,nc72188626,val,train,manual,manual,True,PB.B047,val,True
stead_event_01943,nc72185210,train,train,manual,manual,True,PB.B047,train|val,True
stead_event_01944,nc72190295,train,train,manual,manual,True,PB.B047,train,True
stead_event_01945,nc72202190,val,train,manual,manual,True,PB.B047,train|val,True
stead_event_01946,nc72369331,train,val,manual,manual,True,PB.B047,train,True
stead_event_01947,nc72393471,test,train,manual,manual,True,PB.B047,test,False
stead_event_01948,nc72499496,val,train,manual,manual,True,PB.B047,train|val,True
stead_event_01949,nc72667156,train,train,manual,manual,True,PB.B047,train,True
stead_event_01950,nc71790466,test,test,manual,manual,True,PB.B049,train|val|test,True
stead_event_01951,nc71822636,train,train,manual,manual,True,PB.B049,train|test,True
stead_event_01952,nc71842080,train,train,manual,manual,True,PB.B049,train,True
stead_event_01953,nc71842255,val,train,manual,manual,True,PB.B049,val|test,True
stead_event_01954,nc71842260,val,val,manual,manual,True,PB.B049,train|val|test,True
stead_event_01955,nc71907486,train,val,manual,manual,True,PB.B049,train,True
stead_event_01956,nc71917146,train,train,manual,manual,True,PB.B049,train|test,True
stead_event_01957,nc71919066,train,val,manual,manual,True,PB.B049,train,True
stead_event_01958,nc71937430,test,val,manual,manual,True,PB.B049,train|val|test,True
stead_event_01959,nc71940295,train,val,manual,manual,True,PB.B049,train|val,True
stead_event_01960,nc71973570,train,val,manual,manual,True,PB.B049,train|val,True
stead_event_01961,nc71980360,train,test,manual,manual,True,PB.B049,train|val,True
stead_event_01962,nc72018865,train,train,manual,manual,True,PB.B049,train|val,True
stead_event_01963,nc72040786,train,test,manual,manual,True,PB.B049,train,True
stead_event_01964,nc72052066,test,train,manual,manual,True,PB.B049,train|test,True
stead_event_01965,nc72052071,train,val,manual,manual,True,PB.B049,train|test,True
stead_event_01966,nc72052081,train,test,manual,manual,True,PB.B049,train|val,True
stead_event_01967,nc72054076,train,train,manual,manual,True,PB.B049,train|val,True
stead_event_01968,nc72055081,test,train,manual,manual,True,PB.B049,train|test,True
stead_event_01969,nc72066376,train,test,manual,manual,True,PB.B049,train|val,True
stead_event_01970,nc72076146,train,train,manual,manual,True,PB.B049,train,True
stead_event_01971,nc72080926,val,train,manual,manual,True,PB.B049,train|val,True
stead_event_01972,nc72108751,test,val,manual,manual,True,PB.B049,train|test,True
stead_event_01973,nc72144950,val,train,manual,manual,True,PB.B049,train|val,True
stead_event_01974,nc72147535,test,val,manual,manual,True,PB.B049,train|test,True
stead_event_01975,nc72172021,train,train,manual,manual,True,PB.B049,train,True
stead_event_01976,nc72182001,val,val,manual,manual,True,PB.B049,val,True
stead_event_01977,nc72185936,train,train,manual,manual,True,PB.B049,train|val,True
stead_event_01978,nc72189495,val,train,manual,manual,True,PB.B049,val,True
stead_event_01979,nc72516481,val,test,manual,manual,True,PB.B049,train|val,True
stead_event_01980,8505844,val,train,manual,manual,True,TA.B04A,val,True
stead_event_01981,10395575,train,test,manual,manual,True,TA.B04A,train,True
stead_event_01982,nc71654676,train,train,manual,manual,True,PB.B054,train,True
stead_event_01983,nc71811121,train,train,manual,manual,True,PB.B054,train,True
stead_event_01984,nc72067531,test,train,manual,manual,True,PB.B054,test,False
stead_event_01985,nc71603185,test,train,manual,manual,True,PB.B058,test,False
stead_event_01986,nc71777145,train,test,manual,manual,True,PB.B058,train,True
stead_event_01987,nc71805301,train,train,manual,manual,True,PB.B058,train,True
stead_event_01988,nc71805701,train,train,manual,manual,True,PB.B058,train,True
stead_event_01989,nc71811071,val,train,manual,manual,True,PB.B058,train|val,True
stead_event_01990,nc71812536,val,val,manual,manual,True,PB.B058,val,True
stead_event_01991,nc71832301,train,train,manual,manual,True,PB.B058,train,True
stead_event_01992,nc71856200,train,val,manual,manual,True,PB.B058,train,True
stead_event_01993,nc71874555,val,train,manual,manual,True,PB.B058,train|val,True
stead_event_01994,nc71888511,val,val,manual,manual,True,PB.B058,val|test,True
stead_event_01995,nc71892581,train,test,manual,manual,True,PB.B058,train|test,True
stead_event_01996,nc71916671,train,train,manual,manual,True,PB.B058,train,True
stead_event_01997,nc71924146,train,test,manual,manual,True,PB.B058,train,True
stead_event_01998,nc71924401,train,train,manual,manual,True,PB.B058,train,True
stead_event_01999,nc71933366,train,train,manual,manual,True,PB.B058,train,True
stead_event_02000,nc71935291,train,train,manual,manual,True,PB.B058,train,True
stead_event_02001,nc71968790,test,train,manual,manual,True,PB.B058,train|test,True
stead_event_02002,nc71970585,train,val,manual,manual,True,PB.B058,train,True
stead_event_02003,nc72002511,val,train,manual,manual,True,PB.B058,train|val,True
stead_event_02004,nc72002806,train,test,manual,manual,True,PB.B058,train,True
stead_event_02005,nc72016725,train,train,manual,manual,True,PB.B058,train,True
stead_event_02006,nc72046881,train,train,manual,manual,True,PB.B058,train,True
stead_event_02007,nc72089726,train,train,manual,manual,True,PB.B058,train,True
stead_event_02008,nc72090601,val,train,manual,manual,True,PB.B058,train|val,True
stead_event_02009,nc72099826,test,train,manual,manual,True,PB.B058,train|val|test,True
stead_event_02010,nc72105586,train,train,manual,manual,True,PB.B058,train,True
stead_event_02011,nc72113065,train,train,manual,manual,True,PB.B058,train,True
stead_event_02012,nc72121000,val,test,manual,manual,True,PB.B058,train|val,True
stead_event_02013,nc72121355,train,test,manual,manual,True,PB.B058,train,True
stead_event_02014,nc72121360,train,test,manual,manual,True,PB.B058,train,True
stead_event_02015,nc72143896,val,train,manual,manual,True,PB.B058,val|test,True
stead_event_02016,nc72144000,train,train,manual,manual,True,PB.B058,train,True
stead_event_02017,nc72173701,train,train,manual,manual,True,PB.B058,train,True
stead_event_02018,nc72247896,train,test,manual,manual,True,PB.B058,train,True
stead_event_02019,nc72570351,val,train,manual,manual,True,PB.B058,val,True
stead_event_02020,12773944,train,test,manual,manual,True,TA.B05A,train,True
stead_event_02021,nc71531400,train,test,manual,manual,True,PB.B065,train,True
stead_event_02022,nc71585170,val,train,manual,manual,True,PB.B065,val,True
stead_event_02023,nc71652571,train,train,manual,manual,True,PB.B065,train,True
stead_event_02024,nc71676146,val,val,manual,manual,True,PB.B065,train|val,True
stead_event_02025,nc71777145,train,test,manual,manual,True,PB.B065,train,True
stead_event_02026,nc71795781,test,test,manual,manual,True,PB.B065,val|test,True
stead_event_02027,nc71804565,train,train,manual,manual,True,PB.B065,train,True
stead_event_02028,nc71813076,train,train,manual,manual,True,PB.B065,train|val,True
stead_event_02029,nc71832301,train,train,manual,manual,True,PB.B065,train,True
stead_event_02030,nc71856200,train,val,manual,manual,True,PB.B065,train,True
stead_event_02031,nc71859610,test,train,manual,manual,True,PB.B065,test,False
stead_event_02032,nc71860050,test,train,manual,manual,True,PB.B065,train|test,True
stead_event_02033,nc71871740,train,train,manual,manual,True,PB.B065,train|val,True
stead_event_02034,nc71872340,train,train,manual,manual,True,PB.B065,train,True
stead_event_02035,nc71874555,val,train,manual,manual,True,PB.B065,train|val,True
stead_event_02036,nc71888511,test,val,manual,manual,True,PB.B065,val|test,True
stead_event_02037,nc71889591,train,train,manual,manual,True,PB.B065,train,True
stead_event_02038,nc71892581,train,test,manual,manual,True,PB.B065,train|test,True
stead_event_02039,nc71908916,train,train,manual,manual,True,PB.B065,train,True
stead_event_02040,nc71913836,train,train,manual,manual,True,PB.B065,train,True
stead_event_02041,nc71914151,train,train,manual,manual,True,PB.B065,train,True
stead_event_02042,nc71922126,train,train,manual,manual,True,PB.B065,train,True
stead_event_02043,nc71924146,train,test,manual,manual,True,PB.B065,train,True
stead_event_02044,nc71926601,val,train,manual,manual,True,PB.B065,val,True
stead_event_02045,nc71929426,train,train,manual,manual,True,PB.B065,train,True
stead_event_02046,nc71951230,train,test,manual,manual,True,PB.B065,train,True
stead_event_02047,nc71960760,train,train,manual,manual,True,PB.B065,train,True
stead_event_02048,nc71968790,train,train,manual,manual,True,PB.B065,train|test,True
stead_event_02049,nc71970585,train,val,manual,manual,True,PB.B065,train,True
stead_event_02050,nc71972105,train,train,manual,manual,True,PB.B065,train,True
stead_event_02051,nc71980625,train,train,manual,manual,True,PB.B065,train,True
stead_event_02052,nc71984641,train,train,manual,manual,True,PB.B065,train|test,True
stead_event_02053,nc72002511,train,train,manual,manual,True,PB.B065,train|val,True
stead_event_02054,nc72002806,train,test,manual,manual,True,PB.B065,train,True
stead_event_02055,nc72005340,val,train,manual,manual,True,PB.B065,val,True
stead_event_02056,nc72019750,train,test,manual,manual,True,PB.B065,train,True
stead_event_02057,nc72020150,val,val,manual,manual,True,PB.B065,train|val,True
stead_event_02058,nc72030500,train,train,manual,manual,True,PB.B065,train,True
stead_event_02059,nc72045881,train,test,manual,manual,True,PB.B065,train,True
stead_event_02060,nc72046881,train,train,manual,manual,True,PB.B065,train,True
stead_event_02061,nc72076716,train,val,manual,manual,True,PB.B065,train,True
stead_event_02062,nc72081146,val,test,manual,manual,True,PB.B065,val,True
stead_event_02063,nc72090601,val,train,manual,manual,True,PB.B065,train|val,True
stead_event_02064,nc72099826,val,train,manual,manual,True,PB.B065,train|val|test,True
stead_event_02065,nc72101246,train,train,manual,manual,True,PB.B065,train,True
stead_event_02066,nc72101266,train,val,manual,manual,True,PB.B065,train,True
stead_event_02067,nc72112395,train,train,manual,manual,True,PB.B065,train,True
stead_event_02068,nc72121000,train,test,manual,manual,True,PB.B065,train|val,True
stead_event_02069,nc72125676,train,train,manual,manual,True,PB.B065,train,True
stead_event_02070,nc72128376,train,train,manual,manual,True,PB.B065,train,True
stead_event_02071,nc72138761,train,train,manual,manual,True,PB.B065,train,True
stead_event_02072,nc72138821,train,val,manual,manual,True,PB.B065,train,True
stead_event_02073,nc72143896,val,train,manual,manual,True,PB.B065,val|test,True
stead_event_02074,nc72142850,test,test,manual,manual,True,PB.B065,train|test,True
stead_event_02075,nc72160116,test,train,manual,manual,True,PB.B065,test,False
stead_event_02076,nc72173701,train,train,manual,manual,True,PB.B065,train,True
stead_event_02077,nc72191860,train,test,manual,manual,True,PB.B065,train,True
stead_event_02078,nc72191880,train,train,manual,manual,True,PB.B065,train,True
stead_event_02079,nc72291981,val,train,manual,manual,True,PB.B065,val,True
stead_event_02080,nc72297461,train,train,manual,manual,True,PB.B065,train,True
stead_event_02081,nc72507256,train,train,manual,manual,True,PB.B065,train,True
stead_event_02082,nc72556736,val,train,manual,manual,True,PB.B065,val,True
stead_event_02083,nc72938116,train,train,manual,manual,True,PB.B065,train,True
stead_event_02084,nc71805301,train,train,manual,manual,True,PB.B066,train,True
stead_event_02085,nc71805701,train,train,manual,manual,True,PB.B066,train,True
stead_event_02086,nc71811071,train,train,manual,manual,True,PB.B066,train|val,True
stead_event_02087,nc71832301,train,train,manual,manual,True,PB.B066,train,True
stead_event_02088,nc71860050,train,train,manual,manual,True,PB.B066,train|test,True
stead_event_02089,nc71873180,train,train,manual,manual,True,PB.B066,train,True
stead_event_02090,nc71873265,train,train,manual,manual,True,PB.B066,train,True
stead_event_02091,nc71897156,val,train,manual,manual,True,PB.B066,val,True
stead_event_02092,nc71933366,train,train,manual,manual,True,PB.B066,train,True
stead_event_02093,nc71935291,train,train,manual,manual,True,PB.B066,train,True
stead_event_02094,nc71964200,train,train,manual,manual,True,PB.B066,train,True
stead_event_02095,nc71966580,test,train,manual,manual,True,PB.B066,test,False
stead_event_02096,nc71970585,train,val,manual,manual,True,PB.B066,train,True
stead_event_02097,nc71980625,train,train,manual,manual,True,PB.B066,train,True
stead_event_02098,nc71984641,test,train,manual,manual,True,PB.B066,train|test,True
stead_event_02099,nc72031260,val,train,manual,manual,True,PB.B066,val,True
stead_event_02100,nc72113080,train,train,manual,manual,True,PB.B066,train,True
stead_event_02101,nc72143400,val,test,manual,manual,True,PB.B066,val,True
stead_event_02102,nc72177791,train,train,manual,manual,True,PB.B066,train|test,True
stead_event_02103,nc71531400,train,test,manual,manual,True,PB.B067,train,True
stead_event_02104,nc71676146,train,val,manual,manual,True,PB.B067,train|val,True
stead_event_02105,nc71777145,train,test,manual,manual,True,PB.B067,train,True
stead_event_02106,nc71795781,val,test,manual,manual,True,PB.B067,val|test,True
stead_event_02107,nc71805301,train,train,manual,manual,True,PB.B067,train,True
stead_event_02108,nc71805701,train,train,manual,manual,True,PB.B067,train,True
stead_event_02109,nc71812536,val,val,manual,manual,True,PB.B067,val,True
stead_event_02110,nc71813076,val,train,manual,manual,True,PB.B067,train|val,True
stead_event_02111,nc71832301,train,train,manual,manual,True,PB.B067,train,True
stead_event_02112,nc71856200,train,val,manual,manual,True,PB.B067,train,True
stead_event_02113,nc71860050,train,train,manual,manual,True,PB.B067,train|test,True
stead_event_02114,nc71871740,val,train,manual,manual,True,PB.B067,train|val,True
stead_event_02115,nc71874555,train,train,manual,manual,True,PB.B067,train|val,True
stead_event_02116,nc71892581,test,test,manual,manual,True,PB.B067,train|test,True
stead_event_02117,nc71914646,train,train,manual,manual,True,PB.B067,train,True
stead_event_02118,nc71916671,train,train,manual,manual,True,PB.B067,train,True
stead_event_02119,nc71924146,train,test,manual,manual,True,PB.B067,train,True
stead_event_02120,nc71924401,train,train,manual,manual,True,PB.B067,train,True
stead_event_02121,nc71933366,train,train,manual,manual,True,PB.B067,train,True
stead_event_02122,nc71960345,test,train,manual,manual,True,PB.B067,test,False
stead_event_02123,nc71968790,train,train,manual,manual,True,PB.B067,train|test,True
stead_event_02124,nc71970585,train,val,manual,manual,True,PB.B067,train,True
stead_event_02125,nc71976605,val,train,manual,manual,True,PB.B067,val,True
stead_event_02126,nc72002806,train,test,manual,manual,True,PB.B067,train,True
stead_event_02127,nc72016695,val,train,manual,manual,True,PB.B067,val,True
stead_event_02128,nc72020150,train,val,manual,manual,True,PB.B067,train|val,True
stead_event_02129,nc72029235,train,train,manual,manual,True,PB.B067,train,True
stead_event_02130,nc72039811,train,train,manual,manual,True,PB.B067,train,True
stead_event_02131,nc72046881,train,train,manual,manual,True,PB.B067,train,True
stead_event_02132,nc72083941,test,train,manual,manual,True,PB.B067,test,False
stead_event_02133,nc72089726,train,train,manual,manual,True,PB.B067,train,True
stead_event_02134,nc72090601,train,train,manual,manual,True,PB.B067,train|val,True
stead_event_02135,nc72099826,train,train,manual,manual,True,PB.B067,train|val|test,True
stead_event_02136,nc72101266,train,val,manual,manual,True,PB.B067,train,True
stead_event_02137,nc72143896,test,train,manual,manual,True,PB.B067,val|test,True
stead_event_02138,nc72142850,train,test,manual,manual,True,PB.B067,train|test,True
stead_event_02139,nc72144000,train,train,manual,manual,True,PB.B067,train,True
stead_event_02140,nc72160116,test,train,manual,manual,True,PB.B067,test,False
stead_event_02141,nc72173701,train,train,manual,manual,True,PB.B067,train,True
stead_event_02142,nc72177791,test,train,manual,manual,True,PB.B067,train|test,True
stead_event_02143,nc72297461,train,train,manual,manual,True,PB.B067,train,True
stead_event_02144,nc72507256,train,train,manual,manual,True,PB.B067,train,True
stead_event_02145,nc72938116,train,train,manual,manual,True,PB.B067,train,True
stead_event_02146,10902223,val,train,manual,manual,True,TA.B06A,val,True
stead_event_02147,nc71795396,test,test,manual,manual,True,PB.B072,train|val|test,True
stead_event_02148,nc71827401,train,train,manual,manual,True,PB.B072,train,True
stead_event_02149,nc71835625,train,test,manual,manual,True,PB.B072,train,True
stead_event_02150,nc71873160,train,train,manual,manual,True,PB.B072,train,True
stead_event_02151,nc71924341,train,train,manual,manual,True,PB.B072,train|val|test,True
stead_event_02152,nc71935341,train,train,manual,manual,True,PB.B072,train|val,True
stead_event_02153,nc72044591,test,train,manual,manual,True,PB.B072,train|test,True
stead_event_02154,nc72046216,train,train,manual,manual,True,PB.B072,train,True
stead_event_02155,nc72129776,train,train,manual,manual,True,PB.B072,train|val|test,True
stead_event_02156,nc72129776,train,train,manual,manual,True,PB.B072,train|val|test,True
stead_event_02157,nc72131076,train,val,manual,manual,True,PB.B072,train,True
stead_event_02158,nc72167161,train,train,manual,manual,True,PB.B072,train|test,True
stead_event_02159,nc72418550,train,train,manual,autopicker,False,PB.B072,train|test,True
stead_event_02160,nc72947676,val,test,manual,manual,True,PB.B072,train|val,True
stead_event_02161,nc71778210,train,test,manual,manual,True,PB.B073,train,True
stead_event_02162,nc71795396,train,test,manual,manual,True,PB.B073,train|val|test,True
stead_event_02163,nc71827401,train,train,manual,manual,True,PB.B073,train,True
stead_event_02164,nc71839165,test,test,manual,manual,True,PB.B073,test,False
stead_event_02165,nc71839170,val,val,manual,manual,True,PB.B073,val,True
stead_event_02166,nc71865625,train,train,manual,manual,True,PB.B073,train,True
stead_event_02167,nc71935341,val,train,manual,manual,True,PB.B073,train|val,True
stead_event_02168,nc71962570,train,train,manual,manual,True,PB.B073,train,True
stead_event_02169,nc71977970,train,test,manual,manual,True,PB.B073,train|val,True
stead_event_02170,nc72000566,train,test,manual,manual,True,PB.B073,train,True
stead_event_02171,nc72011795,train,test,manual,manual,True,PB.B073,train|test,True
stead_event_02172,nc72044591,train,train,manual,manual,True,PB.B073,train|test,True
stead_event_02173,nc72046281,test,test,manual,manual,True,PB.B073,train|test,True
stead_event_02174,nc72121135,val,train,manual,manual,True,PB.B073,train|val,True
stead_event_02175,nc72167161,train,train,manual,manual,True,PB.B073,train|test,True
stead_event_02176,nc72601150,train,train,manual,autopicker,False,PB.B073,train,True
stead_event_02177,nc72947676,train,test,manual,manual,True,PB.B073,train|val,True
stead_event_02178,nc71774550,train,train,manual,manual,True,PB.B075,train,True
stead_event_02179,nc71797341,train,train,manual,manual,True,PB.B075,train,True
stead_event_02180,nc71827401,train,train,manual,manual,True,PB.B075,train,True
stead_event_02181,nc71864110,train,test,manual,manual,True,PB.B075,train,True
stead_event_02182,nc71909141,val,train,manual,manual,True,PB.B075,val,True
stead_event_02183,nc71929246,train,train,manual,manual,True,PB.B075,train,True
stead_event_02184,nc71959665,train,test,manual,manual,True,PB.B075,train,True
stead_event_02185,nc71977970,val,test,manual,manual,True,PB.B075,train|val,True
stead_event_02186,nc72009445,train,val,manual,manual,True,PB.B075,train,True
stead_event_02187,nc72011795,train,test,manual,manual,True,PB.B075,train|test,True
stead_event_02188,nc72014295,train,val,manual,manual,True,PB.B075,train,True
stead_event_02189,nc72044151,train,train,manual,manual,True,PB.B075,train,True
stead_event_02190,nc72067636,val,train,manual,manual,True,PB.B075,train|val,True
stead_event_02191,nc72102971,train,val,manual,manual,True,PB.B075,train,True
stead_event_02192,nc72129776,train,train,manual,manual,True,PB.B075,train|val|test,True
stead_event_02193,nc72129776,test,train,manual,manual,True,PB.B075,train|val|test,True
stead_event_02194,nc72132601,test,train,manual,manual,True,PB.B075,test,False
stead_event_02195,nc72165381,test,train,manual,manual,True,PB.B075,train|val|test,True
stead_event_02196,nc72167161,train,train,manual,manual,True,PB.B075,train|test,True
stead_event_02197,nc71778210,train,test,manual,manual,True,PB.B076,train,True
stead_event_02198,nc71795396,test,test,manual,manual,True,PB.B076,train|val|test,True
stead_event_02199,nc71825011,val,val,manual,manual,True,PB.B076,val,True
stead_event_02200,nc71839580,train,val,manual,manual,True,PB.B076,train,True
stead_event_02201,nc71865625,train,train,manual,manual,True,PB.B076,train,True
stead_event_02202,nc71935341,train,train,manual,manual,True,PB.B076,train|val,True
stead_event_02203,nc71975280,test,train,manual,manual,True,PB.B076,test,False
stead_event_02204,nc71984616,train,val,manual,manual,True,PB.B076,train,True
stead_event_02205,nc72000566,train,test,manual,manual,True,PB.B076,train,True
stead_event_02206,nc72046216,train,train,manual,manual,True,PB.B076,train,True
stead_event_02207,nc72046281,train,test,manual,manual,True,PB.B076,train|test,True
stead_event_02208,nc72094651,val,val,manual,manual,True,PB.B076,val,True
stead_event_02209,nc72121135,train,train,manual,manual,True,PB.B076,train|val,True
stead_event_02210,nc72165381,val,train,manual,manual,True,PB.B076,train|val|test,True
stead_event_02211,nc72167161,test,train,manual,manual,True,PB.B076,train|test,True
stead_event_02212,nc72601150,train,train,manual,autopicker,False,PB.B076,train,True
stead_event_02213,nc72947676,train,test,manual,manual,True,PB.B076,train|val,True
stead_event_02214,nc71778210,train,test,manual,manual,True,PB.B078,train,True
stead_event_02215,nc71795396,val,test,manual,manual,True,PB.B078,train|val|test,True
stead_event_02216,nc71835625,train,test,manual,manual,True,PB.B078,train,True
stead_event_02217,nc71873160,train,train,manual,manual,True,PB.B078,train,True
stead_event_02218,nc71924341,val,train,manual,manual,True,PB.B078,train|val|test,True
stead_event_02219,nc72009445,train,val,manual,manual,True,PB.B078,train,True
stead_event_02220,nc72011795,test,test,manual,manual,True,PB.B078,train|test,True
stead_event_02221,nc72015785,train,val,manual,manual,True,PB.B078,train,True
stead_event_02222,nc72044591,train,train,manual,manual,True,PB.B078,train|test,True
stead_event_02223,nc72129776,train,train,manual,manual,True,PB.B078,train|val|test,True
stead_event_02224,nc72129776,val,train,manual,manual,True,PB.B078,train|val|test,True
stead_event_02225,nc72165381,train,train,manual,manual,True,PB.B078,train|val|test,True
stead_event_02226,nc72167161,test,train,manual,manual,True,PB.B078,train|test,True
stead_event_02227,nc72418550,test,train,manual,autopicker,False,PB.B078,train|test,True
stead_event_02228,nc71795396,train,test,manual,manual,True,PB.B079,train|val|test,True
stead_event_02229,nc71924341,test,train,manual,manual,True,PB.B079,train|val|test,True
stead_event_02230,nc72067636,train,train,manual,manual,True,PB.B079,train|val,True
stead_event_02231,nc72129776,train,train,manual,manual,True,PB.B079,train|val|test,True
stead_event_02232,nc72129776,train,train,manual,manual,True,PB.B079,train|val|test,True
stead_event_02233,nc72167161,test,train,manual,manual,True,PB.B079,train|test,True
