subset,Method,Mode,BaseSeed,MetaSeed,Policy,Phase,Tolerance_ms,N,N_sources,N_accepted,TP,FP,FN,F1,Coverage,MAE_ms,MedianAE_ms,RMSE_ms,P90AE_ms,Outlier1s
all_test,Stack,Full3C,42,42,accepted,P,50,330,221,327,232,95,98,0.7062404870624048,0.990909090909091,126.97247706422004,29.99999999999936,649.2578685056607,160.00000000000014,0.012232415902140673
all_test,Stack,Full3C,42,42,accepted,P,100,330,221,327,276,51,54,0.8401826484018264,0.990909090909091,126.97247706422004,29.99999999999936,649.2578685056607,160.00000000000014,0.012232415902140673
all_test,Stack,Full3C,42,42,accepted,P,200,330,221,327,300,27,30,0.91324200913242,0.990909090909091,126.97247706422004,29.99999999999936,649.2578685056607,160.00000000000014,0.012232415902140673
all_test,Stack,Full3C,42,42,accepted,S,50,330,221,322,123,199,207,0.3773006134969325,0.9757575757575757,492.2049689440994,80.00000000000185,1596.7777141239733,628.9999999999992,0.062111801242236024
all_test,Stack,Full3C,42,42,accepted,S,100,330,221,322,181,141,149,0.5552147239263804,0.9757575757575757,492.2049689440994,80.00000000000185,1596.7777141239733,628.9999999999992,0.062111801242236024
all_test,Stack,Full3C,42,42,accepted,S,200,330,221,322,221,101,109,0.6779141104294478,0.9757575757575757,492.2049689440994,80.00000000000185,1596.7777141239733,628.9999999999992,0.062111801242236024
all_test,Stack,Full3C,42,42,strict,P,50,330,221,324,231,93,99,0.7064220183486238,0.9818181818181818,126.45061728395048,29.99999999999936,651.8963316053357,160.00000000000014,0.012345679012345678
all_test,Stack,Full3C,42,42,strict,P,100,330,221,324,275,49,55,0.8409785932721713,0.9818181818181818,126.45061728395048,29.99999999999936,651.8963316053357,160.00000000000014,0.012345679012345678
all_test,Stack,Full3C,42,42,strict,P,200,330,221,324,298,26,32,0.9113149847094801,0.9818181818181818,126.45061728395048,29.99999999999936,651.8963316053357,160.00000000000014,0.012345679012345678
all_test,Stack,Full3C,42,42,strict,S,50,330,221,315,122,193,208,0.37829457364341085,0.9545454545454546,470.7936507936508,80.00000000000007,1572.1359446852646,586.0000000000002,0.05714285714285714
all_test,Stack,Full3C,42,42,strict,S,100,330,221,315,179,136,151,0.5550387596899224,0.9545454545454546,470.7936507936508,80.00000000000007,1572.1359446852646,586.0000000000002,0.05714285714285714
all_test,Stack,Full3C,42,42,strict,S,200,330,221,315,219,96,111,0.6790697674418604,0.9545454545454546,470.7936507936508,80.00000000000007,1572.1359446852646,586.0000000000002,0.05714285714285714
all_test,Stack,Full3C,42,43,accepted,P,50,330,221,326,232,94,98,0.7073170731707317,0.9878787878787879,129.47852760736185,29.99999999999936,650.6360738642586,165.00000000000006,0.012269938650306749
all_test,Stack,Full3C,42,43,accepted,P,100,330,221,326,271,55,59,0.8262195121951219,0.9878787878787879,129.47852760736185,29.99999999999936,650.6360738642586,165.00000000000006,0.012269938650306749
all_test,Stack,Full3C,42,43,accepted,P,200,330,221,326,297,29,33,0.9054878048780488,0.9878787878787879,129.47852760736185,29.99999999999936,650.6360738642586,165.00000000000006,0.012269938650306749
all_test,Stack,Full3C,42,43,accepted,S,50,330,221,320,116,204,214,0.3569230769230769,0.9696969696969697,617.625,89.99999999999986,1908.3525290155383,673.0000000000005,0.078125
all_test,Stack,Full3C,42,43,accepted,S,100,330,221,320,174,146,156,0.5353846153846153,0.9696969696969697,617.625,89.99999999999986,1908.3525290155383,673.0000000000005,0.078125
all_test,Stack,Full3C,42,43,accepted,S,200,330,221,320,220,100,110,0.676923076923077,0.9696969696969697,617.625,89.99999999999986,1908.3525290155383,673.0000000000005,0.078125
all_test,Stack,Full3C,42,43,strict,P,50,330,221,322,232,90,98,0.7116564417177914,0.9757575757575757,125.4968944099378,29.99999999999936,652.647023011645,159.0000000000005,0.012422360248447204
all_test,Stack,Full3C,42,43,strict,P,100,330,221,322,271,51,59,0.8312883435582822,0.9757575757575757,125.4968944099378,29.99999999999936,652.647023011645,159.0000000000005,0.012422360248447204
all_test,Stack,Full3C,42,43,strict,P,200,330,221,322,297,25,33,0.911042944785276,0.9757575757575757,125.4968944099378,29.99999999999936,652.647023011645,159.0000000000005,0.012422360248447204
all_test,Stack,Full3C,42,43,strict,S,50,330,221,310,116,194,214,0.3625,0.9393939393939394,526.2258064516129,80.00000000000007,1756.152594589625,594.0000000000007,0.06129032258064516
all_test,Stack,Full3C,42,43,strict,S,100,330,221,310,173,137,157,0.540625,0.9393939393939394,526.2258064516129,80.00000000000007,1756.152594589625,594.0000000000007,0.06129032258064516
all_test,Stack,Full3C,42,43,strict,S,200,330,221,310,217,93,113,0.678125,0.9393939393939394,526.2258064516129,80.00000000000007,1756.152594589625,594.0000000000007,0.06129032258064516
all_test,Stack,Full3C,42,44,accepted,P,50,330,221,329,231,98,99,0.701062215477997,0.996969696969697,291.88449848024305,29.999999999999805,2234.1994343527185,192.00000000000023,0.0182370820668693
all_test,Stack,Full3C,42,44,accepted,P,100,330,221,329,271,58,59,0.8224582701062215,0.996969696969697,291.88449848024305,29.999999999999805,2234.1994343527185,192.00000000000023,0.0182370820668693
all_test,Stack,Full3C,42,44,accepted,P,200,330,221,329,297,32,33,0.9013657056145675,0.996969696969697,291.88449848024305,29.999999999999805,2234.1994343527185,192.00000000000023,0.0182370820668693
all_test,Stack,Full3C,42,44,accepted,S,50,330,221,322,116,206,214,0.3558282208588957,0.9757575757575757,553.5093167701864,84.99999999999997,1825.6401072616245,688.0000000000018,0.06832298136645963
all_test,Stack,Full3C,42,44,accepted,S,100,330,221,322,178,144,152,0.5460122699386503,0.9757575757575757,553.5093167701864,84.99999999999997,1825.6401072616245,688.0000000000018,0.06832298136645963
all_test,Stack,Full3C,42,44,accepted,S,200,330,221,322,216,106,114,0.6625766871165644,0.9757575757575757,553.5093167701864,84.99999999999997,1825.6401072616245,688.0000000000018,0.06832298136645963
all_test,Stack,Full3C,42,44,strict,P,50,330,221,324,231,93,99,0.7064220183486238,0.9818181818181818,129.41358024691345,29.99999999999936,652.9248061370741,166.9999999999999,0.012345679012345678
all_test,Stack,Full3C,42,44,strict,P,100,330,221,324,271,53,59,0.8287461773700305,0.9818181818181818,129.41358024691345,29.99999999999936,652.9248061370741,166.9999999999999,0.012345679012345678
all_test,Stack,Full3C,42,44,strict,P,200,330,221,324,296,28,34,0.9051987767584098,0.9818181818181818,129.41358024691345,29.99999999999936,652.9248061370741,166.9999999999999,0.012345679012345678
all_test,Stack,Full3C,42,44,strict,S,50,330,221,313,116,197,214,0.3608087091757387,0.9484848484848485,444.4408945686901,80.00000000000007,1515.6127832088903,620.000000000001,0.054313099041533544
all_test,Stack,Full3C,42,44,strict,S,100,330,221,313,177,136,153,0.5505443234836703,0.9484848484848485,444.4408945686901,80.00000000000007,1515.6127832088903,620.000000000001,0.054313099041533544
all_test,Stack,Full3C,42,44,strict,S,200,330,221,313,215,98,115,0.6687402799377916,0.9484848484848485,444.4408945686901,80.00000000000007,1515.6127832088903,620.000000000001,0.054313099041533544
all_test,Stack,Full3C,43,42,accepted,P,50,330,221,327,230,97,100,0.700152207001522,0.990909090909091,129.17431192660538,29.999999999999805,648.0476442635016,169.99999999999994,0.012232415902140673
all_test,Stack,Full3C,43,42,accepted,P,100,330,221,327,275,52,55,0.837138508371385,0.990909090909091,129.17431192660538,29.999999999999805,648.0476442635016,169.99999999999994,0.012232415902140673
all_test,Stack,Full3C,43,42,accepted,P,200,330,221,327,299,28,31,0.9101978691019786,0.990909090909091,129.17431192660538,29.999999999999805,648.0476442635016,169.99999999999994,0.012232415902140673
all_test,Stack,Full3C,43,42,accepted,S,50,330,221,324,130,194,200,0.39755351681957185,0.9818181818181818,577.6543209876543,70.00000000000028,1981.2860582067508,680.9999999999993,0.07098765432098765
all_test,Stack,Full3C,43,42,accepted,S,100,330,221,324,186,138,144,0.5688073394495413,0.9818181818181818,577.6543209876543,70.00000000000028,1981.2860582067508,680.9999999999993,0.07098765432098765
all_test,Stack,Full3C,43,42,accepted,S,200,330,221,324,232,92,98,0.709480122324159,0.9818181818181818,577.6543209876543,70.00000000000028,1981.2860582067508,680.9999999999993,0.07098765432098765
all_test,Stack,Full3C,43,42,strict,P,50,330,221,321,230,91,100,0.706605222734255,0.9727272727272728,125.6697819314641,29.99999999999936,652.1013242370016,160.00000000000014,0.012461059190031152
all_test,Stack,Full3C,43,42,strict,P,100,330,221,321,274,47,56,0.8417818740399385,0.9727272727272728,125.6697819314641,29.99999999999936,652.1013242370016,160.00000000000014,0.012461059190031152
all_test,Stack,Full3C,43,42,strict,P,200,330,221,321,297,24,33,0.9124423963133641,0.9727272727272728,125.6697819314641,29.99999999999936,652.1013242370016,160.00000000000014,0.012461059190031152
all_test,Stack,Full3C,43,42,strict,S,50,330,221,309,128,181,202,0.40062597809076683,0.9363636363636364,462.556634304207,70.00000000000028,1550.7157758518251,599.9999999999985,0.061488673139158574
all_test,Stack,Full3C,43,42,strict,S,100,330,221,309,181,128,149,0.5665101721439749,0.9363636363636364,462.556634304207,70.00000000000028,1550.7157758518251,599.9999999999985,0.061488673139158574
all_test,Stack,Full3C,43,42,strict,S,200,330,221,309,225,84,105,0.704225352112676,0.9363636363636364,462.556634304207,70.00000000000028,1550.7157758518251,599.9999999999985,0.061488673139158574
all_test,Stack,Full3C,43,43,accepted,P,50,330,221,325,230,95,100,0.7022900763358778,0.9848484848484849,127.16923076923064,29.99999999999936,648.6694073254881,166.00000000000026,0.012307692307692308
all_test,Stack,Full3C,43,43,accepted,P,100,330,221,325,272,53,58,0.8305343511450382,0.9848484848484849,127.16923076923064,29.99999999999936,648.6694073254881,166.00000000000026,0.012307692307692308
all_test,Stack,Full3C,43,43,accepted,P,200,330,221,325,296,29,34,0.9038167938931297,0.9848484848484849,127.16923076923064,29.99999999999936,648.6694073254881,166.00000000000026,0.012307692307692308
all_test,Stack,Full3C,43,43,accepted,S,50,330,221,324,128,196,202,0.39143730886850153,0.9818181818181818,735.6481481481482,80.00000000000007,2453.075230485146,810.9999999999995,0.09567901234567901
all_test,Stack,Full3C,43,43,accepted,S,100,330,221,324,185,139,145,0.5657492354740061,0.9818181818181818,735.6481481481482,80.00000000000007,2453.075230485146,810.9999999999995,0.09567901234567901
all_test,Stack,Full3C,43,43,accepted,S,200,330,221,324,224,100,106,0.6850152905198776,0.9818181818181818,735.6481481481482,80.00000000000007,2453.075230485146,810.9999999999995,0.09567901234567901
all_test,Stack,Full3C,43,43,strict,P,50,330,221,322,229,93,101,0.7024539877300614,0.9757575757575757,126.36645962732905,29.99999999999936,651.1945545120037,160.00000000000014,0.012422360248447204
all_test,Stack,Full3C,43,43,strict,P,100,330,221,322,271,51,59,0.8312883435582822,0.9757575757575757,126.36645962732905,29.99999999999936,651.1945545120037,160.00000000000014,0.012422360248447204
all_test,Stack,Full3C,43,43,strict,P,200,330,221,322,295,27,35,0.9049079754601227,0.9757575757575757,126.36645962732905,29.99999999999936,651.1945545120037,160.00000000000014,0.012422360248447204
all_test,Stack,Full3C,43,43,strict,S,50,330,221,307,124,183,206,0.3893249607535322,0.9303030303030303,624.0065146579805,70.00000000000028,2103.8044489945164,744.0000000000005,0.08469055374592833
all_test,Stack,Full3C,43,43,strict,S,100,330,221,307,181,126,149,0.5682888540031397,0.9303030303030303,624.0065146579805,70.00000000000028,2103.8044489945164,744.0000000000005,0.08469055374592833
all_test,Stack,Full3C,43,43,strict,S,200,330,221,307,219,88,111,0.6875981161695447,0.9303030303030303,624.0065146579805,70.00000000000028,2103.8044489945164,744.0000000000005,0.08469055374592833
all_test,Stack,Full3C,43,44,accepted,P,50,330,221,327,227,100,103,0.6910197869101978,0.990909090909091,131.89602446483167,29.99999999999936,649.6941176301202,179.99999999999972,0.012232415902140673
all_test,Stack,Full3C,43,44,accepted,P,100,330,221,327,272,55,58,0.8280060882800608,0.990909090909091,131.89602446483167,29.99999999999936,649.6941176301202,179.99999999999972,0.012232415902140673
all_test,Stack,Full3C,43,44,accepted,P,200,330,221,327,297,30,33,0.9041095890410958,0.990909090909091,131.89602446483167,29.99999999999936,649.6941176301202,179.99999999999972,0.012232415902140673
all_test,Stack,Full3C,43,44,accepted,S,50,330,221,326,129,197,201,0.3932926829268293,0.9878787878787879,638.9877300613497,80.00000000000007,2241.400676778927,684.9999999999995,0.07975460122699386
all_test,Stack,Full3C,43,44,accepted,S,100,330,221,326,187,139,143,0.5701219512195121,0.9878787878787879,638.9877300613497,80.00000000000007,2241.400676778927,684.9999999999995,0.07975460122699386
all_test,Stack,Full3C,43,44,accepted,S,200,330,221,326,227,99,103,0.6920731707317073,0.9878787878787879,638.9877300613497,80.00000000000007,2241.400676778927,684.9999999999995,0.07975460122699386
all_test,Stack,Full3C,43,44,strict,P,50,330,221,323,226,97,104,0.6921898928024502,0.9787878787878788,129.16408668730637,29.99999999999936,651.9682037489945,168.00000000000009,0.01238390092879257
all_test,Stack,Full3C,43,44,strict,P,100,330,221,323,271,52,59,0.8300153139356815,0.9787878787878788,129.16408668730637,29.99999999999936,651.9682037489945,168.00000000000009,0.01238390092879257
all_test,Stack,Full3C,43,44,strict,P,200,330,221,323,296,27,34,0.9065849923430321,0.9787878787878788,129.16408668730637,29.99999999999936,651.9682037489945,168.00000000000009,0.01238390092879257
all_test,Stack,Full3C,43,44,strict,S,50,330,221,312,127,185,203,0.3956386292834891,0.9454545454545454,494.4871794871795,80.00000000000007,1779.3806542784805,619.0000000000013,0.0641025641025641
all_test,Stack,Full3C,43,44,strict,S,100,330,221,312,183,129,147,0.5700934579439252,0.9454545454545454,494.4871794871795,80.00000000000007,1779.3806542784805,619.0000000000013,0.0641025641025641
all_test,Stack,Full3C,43,44,strict,S,200,330,221,312,221,91,109,0.6884735202492211,0.9454545454545454,494.4871794871795,80.00000000000007,1779.3806542784805,619.0000000000013,0.0641025641025641
all_test,Stack,Full3C,44,42,accepted,P,50,330,221,327,220,107,110,0.669710806697108,0.990909090909091,105.65749235473994,29.99999999999936,473.8078553507201,174.0000000000002,0.009174311926605505
all_test,Stack,Full3C,44,42,accepted,P,100,330,221,327,269,58,61,0.8188736681887366,0.990909090909091,105.65749235473994,29.99999999999936,473.8078553507201,174.0000000000002,0.009174311926605505
all_test,Stack,Full3C,44,42,accepted,P,200,330,221,327,299,28,31,0.9101978691019786,0.990909090909091,105.65749235473994,29.99999999999936,473.8078553507201,174.0000000000002,0.009174311926605505
all_test,Stack,Full3C,44,42,accepted,S,50,330,221,326,122,204,208,0.3719512195121951,0.9878787878787879,522.4539877300614,89.99999999999986,1729.6237045985472,650.0000000000003,0.07668711656441718
all_test,Stack,Full3C,44,42,accepted,S,100,330,221,326,180,146,150,0.5487804878048781,0.9878787878787879,522.4539877300614,89.99999999999986,1729.6237045985472,650.0000000000003,0.07668711656441718
all_test,Stack,Full3C,44,42,accepted,S,200,330,221,326,226,100,104,0.6890243902439024,0.9878787878787879,522.4539877300614,89.99999999999986,1729.6237045985472,650.0000000000003,0.07668711656441718
all_test,Stack,Full3C,44,42,strict,P,50,330,221,322,220,102,110,0.6748466257668712,0.9757575757575757,102.32919254658376,29.99999999999936,475.3628885140252,159.0000000000005,0.009316770186335404
all_test,Stack,Full3C,44,42,strict,P,100,330,221,322,269,53,61,0.8251533742331288,0.9757575757575757,102.32919254658376,29.99999999999936,475.3628885140252,159.0000000000005,0.009316770186335404
all_test,Stack,Full3C,44,42,strict,P,200,330,221,322,297,25,33,0.911042944785276,0.9757575757575757,102.32919254658376,29.99999999999936,475.3628885140252,159.0000000000005,0.009316770186335404
all_test,Stack,Full3C,44,42,strict,S,50,330,221,320,122,198,208,0.37538461538461537,0.9696969696969697,466.28125,84.99999999999997,1607.6233428573996,621.9999999999983,0.06875
all_test,Stack,Full3C,44,42,strict,S,100,330,221,320,178,142,152,0.5476923076923077,0.9696969696969697,466.28125,84.99999999999997,1607.6233428573996,621.9999999999983,0.06875
all_test,Stack,Full3C,44,42,strict,S,200,330,221,320,224,96,106,0.6892307692307692,0.9696969696969697,466.28125,84.99999999999997,1607.6233428573996,621.9999999999983,0.06875
all_test,Stack,Full3C,44,43,accepted,P,50,330,221,324,226,98,104,0.691131498470948,0.9818181818181818,102.96296296296285,29.99999999999958,474.0520104819463,160.00000000000014,0.009259259259259259
all_test,Stack,Full3C,44,43,accepted,P,100,330,221,324,270,54,60,0.8256880733944955,0.9818181818181818,102.96296296296285,29.99999999999958,474.0520104819463,160.00000000000014,0.009259259259259259
all_test,Stack,Full3C,44,43,accepted,P,200,330,221,324,298,26,32,0.9113149847094801,0.9818181818181818,102.96296296296285,29.99999999999958,474.0520104819463,160.00000000000014,0.009259259259259259
all_test,Stack,Full3C,44,43,accepted,S,50,330,221,321,122,199,208,0.37480798771121354,0.9727272727272728,631.0280373831774,80.00000000000007,2150.620862322772,680.0000000000015,0.08411214953271028
all_test,Stack,Full3C,44,43,accepted,S,100,330,221,321,182,139,148,0.5591397849462365,0.9727272727272728,631.0280373831774,80.00000000000007,2150.620862322772,680.0000000000015,0.08411214953271028
all_test,Stack,Full3C,44,43,accepted,S,200,330,221,321,225,96,105,0.6912442396313364,0.9727272727272728,631.0280373831774,80.00000000000007,2150.620862322772,680.0000000000015,0.08411214953271028
all_test,Stack,Full3C,44,43,strict,P,50,330,221,322,226,96,104,0.6932515337423313,0.9757575757575757,101.27329192546573,29.99999999999936,474.60117287247135,149.0000000000007,0.009316770186335404
all_test,Stack,Full3C,44,43,strict,P,100,330,221,322,270,52,60,0.8282208588957055,0.9757575757575757,101.27329192546573,29.99999999999936,474.60117287247135,149.0000000000007,0.009316770186335404
all_test,Stack,Full3C,44,43,strict,P,200,330,221,322,298,24,32,0.9141104294478528,0.9757575757575757,101.27329192546573,29.99999999999936,474.60117287247135,149.0000000000007,0.009316770186335404
all_test,Stack,Full3C,44,43,strict,S,50,330,221,308,122,186,208,0.3824451410658307,0.9333333333333333,480.97402597402595,80.00000000000007,1599.8613982175123,626.0000000000011,0.06818181818181818
all_test,Stack,Full3C,44,43,strict,S,100,330,221,308,181,127,149,0.567398119122257,0.9333333333333333,480.97402597402595,80.00000000000007,1599.8613982175123,626.0000000000011,0.06818181818181818
all_test,Stack,Full3C,44,43,strict,S,200,330,221,308,221,87,109,0.6927899686520376,0.9333333333333333,480.97402597402595,80.00000000000007,1599.8613982175123,626.0000000000011,0.06818181818181818
all_test,Stack,Full3C,44,44,accepted,P,50,330,221,330,222,108,108,0.6727272727272727,1.0,354.4242424242423,30.00000000000025,2707.762802377526,209.99999999999997,0.01818181818181818
all_test,Stack,Full3C,44,44,accepted,P,100,330,221,330,268,62,62,0.8121212121212121,1.0,354.4242424242423,30.00000000000025,2707.762802377526,209.99999999999997,0.01818181818181818
all_test,Stack,Full3C,44,44,accepted,P,200,330,221,330,296,34,34,0.896969696969697,1.0,354.4242424242423,30.00000000000025,2707.762802377526,209.99999999999997,0.01818181818181818
all_test,Stack,Full3C,44,44,accepted,S,50,330,221,326,120,206,210,0.36585365853658536,0.9878787878787879,723.5276073619632,89.99999999999986,2650.079695525785,879.9999999999999,0.09202453987730061
all_test,Stack,Full3C,44,44,accepted,S,100,330,221,326,175,151,155,0.5335365853658537,0.9878787878787879,723.5276073619632,89.99999999999986,2650.079695525785,879.9999999999999,0.09202453987730061
all_test,Stack,Full3C,44,44,accepted,S,200,330,221,326,223,103,107,0.6798780487804879,0.9878787878787879,723.5276073619632,89.99999999999986,2650.079695525785,879.9999999999999,0.09202453987730061
all_test,Stack,Full3C,44,44,strict,P,50,330,221,325,222,103,108,0.6778625954198473,0.9848484848484849,104.79999999999991,29.999999999999805,475.1757569573599,166.00000000000026,0.009230769230769232
all_test,Stack,Full3C,44,44,strict,P,100,330,221,325,268,57,62,0.8183206106870229,0.9848484848484849,104.79999999999991,29.999999999999805,475.1757569573599,166.00000000000026,0.009230769230769232
all_test,Stack,Full3C,44,44,strict,P,200,330,221,325,296,29,34,0.9038167938931297,0.9848484848484849,104.79999999999991,29.999999999999805,475.1757569573599,166.00000000000026,0.009230769230769232
all_test,Stack,Full3C,44,44,strict,S,50,330,221,315,120,195,210,0.37209302325581395,0.9545454545454546,513.6825396825396,80.00000000000185,1710.1756152280486,726.0000000000018,0.07936507936507936
all_test,Stack,Full3C,44,44,strict,S,100,330,221,315,175,140,155,0.5426356589147286,0.9545454545454546,513.6825396825396,80.00000000000185,1710.1756152280486,726.0000000000018,0.07936507936507936
all_test,Stack,Full3C,44,44,strict,S,200,330,221,315,222,93,108,0.6883720930232559,0.9545454545454546,513.6825396825396,80.00000000000185,1710.1756152280486,726.0000000000018,0.07936507936507936
all_test,Stack,Zonly,42,42,accepted,P,50,330,221,328,221,107,109,0.6717325227963525,0.9939393939393939,169.54268292682917,30.00000000000025,947.7770847826109,203.00000000000023,0.01524390243902439
all_test,Stack,Zonly,42,42,accepted,P,100,330,221,328,264,64,66,0.8024316109422492,0.9939393939393939,169.54268292682917,30.00000000000025,947.7770847826109,203.00000000000023,0.01524390243902439
all_test,Stack,Zonly,42,42,accepted,P,200,330,221,328,295,33,35,0.8966565349544073,0.9939393939393939,169.54268292682917,30.00000000000025,947.7770847826109,203.00000000000023,0.01524390243902439
all_test,Stack,Zonly,42,42,accepted,S,50,330,221,315,54,261,276,0.16744186046511628,0.9545454545454546,1170.0,250.0,2532.5429218067857,3980.0000000000005,0.22857142857142856
all_test,Stack,Zonly,42,42,accepted,S,100,330,221,315,90,225,240,0.27906976744186046,0.9545454545454546,1170.0,250.0,2532.5429218067857,3980.0000000000005,0.22857142857142856
all_test,Stack,Zonly,42,42,accepted,S,200,330,221,315,140,175,190,0.43410852713178294,0.9545454545454546,1170.0,250.0,2532.5429218067857,3980.0000000000005,0.22857142857142856
all_test,Stack,Zonly,42,42,strict,P,50,330,221,326,221,105,109,0.6737804878048781,0.9878787878787879,168.49693251533728,30.00000000000025,950.0715181345835,195.00000000000028,0.015337423312883436
all_test,Stack,Zonly,42,42,strict,P,100,330,221,326,263,63,67,0.801829268292683,0.9878787878787879,168.49693251533728,30.00000000000025,950.0715181345835,195.00000000000028,0.015337423312883436
all_test,Stack,Zonly,42,42,strict,P,200,330,221,326,294,32,36,0.8963414634146342,0.9878787878787879,168.49693251533728,30.00000000000025,950.0715181345835,195.00000000000028,0.015337423312883436
all_test,Stack,Zonly,42,42,strict,S,50,330,221,247,47,200,283,0.16291161178509533,0.7484848484848485,940.6882591093117,210.00000000000085,2192.0734088892905,3179.9999999999995,0.18218623481781376
all_test,Stack,Zonly,42,42,strict,S,100,330,221,247,76,171,254,0.2634315424610052,0.7484848484848485,940.6882591093117,210.00000000000085,2192.0734088892905,3179.9999999999995,0.18218623481781376
all_test,Stack,Zonly,42,42,strict,S,200,330,221,247,121,126,209,0.4194107452339688,0.7484848484848485,940.6882591093117,210.00000000000085,2192.0734088892905,3179.9999999999995,0.18218623481781376
all_test,Stack,Zonly,42,43,accepted,P,50,330,221,324,225,99,105,0.6880733944954128,0.9818181818181818,131.63580246913565,30.00000000000025,649.8715447620076,197.0000000000001,0.012345679012345678
all_test,Stack,Zonly,42,43,accepted,P,100,330,221,324,265,59,65,0.8103975535168195,0.9818181818181818,131.63580246913565,30.00000000000025,649.8715447620076,197.0000000000001,0.012345679012345678
all_test,Stack,Zonly,42,43,accepted,P,200,330,221,324,292,32,38,0.8929663608562691,0.9818181818181818,131.63580246913565,30.00000000000025,649.8715447620076,197.0000000000001,0.012345679012345678
all_test,Stack,Zonly,42,43,accepted,S,50,330,221,292,49,243,281,0.15755627009646303,0.8848484848484849,1220.650684931507,240.00000000000023,2599.772843080033,4402.000000000003,0.22602739726027396
all_test,Stack,Zonly,42,43,accepted,S,100,330,221,292,87,205,243,0.2797427652733119,0.8848484848484849,1220.650684931507,240.00000000000023,2599.772843080033,4402.000000000003,0.22602739726027396
all_test,Stack,Zonly,42,43,accepted,S,200,330,221,292,130,162,200,0.4180064308681672,0.8848484848484849,1220.650684931507,240.00000000000023,2599.772843080033,4402.000000000003,0.22602739726027396
all_test,Stack,Zonly,42,43,strict,P,50,330,221,321,223,98,107,0.685099846390169,0.9727272727272728,132.33644859813072,30.00000000000025,652.8628543132593,200.00000000000017,0.012461059190031152
all_test,Stack,Zonly,42,43,strict,P,100,330,221,321,263,58,67,0.8079877112135176,0.9727272727272728,132.33644859813072,30.00000000000025,652.8628543132593,200.00000000000017,0.012461059190031152
all_test,Stack,Zonly,42,43,strict,P,200,330,221,321,289,32,41,0.8878648233486943,0.9727272727272728,132.33644859813072,30.00000000000025,652.8628543132593,200.00000000000017,0.012461059190031152
all_test,Stack,Zonly,42,43,strict,S,50,330,221,222,38,184,292,0.13768115942028986,0.6727272727272727,986.1711711711711,229.99999999999864,2227.8635788858633,3447.0000000000005,0.1891891891891892
all_test,Stack,Zonly,42,43,strict,S,100,330,221,222,68,154,262,0.2463768115942029,0.6727272727272727,986.1711711711711,229.99999999999864,2227.8635788858633,3447.0000000000005,0.1891891891891892
all_test,Stack,Zonly,42,43,strict,S,200,330,221,222,104,118,226,0.37681159420289856,0.6727272727272727,986.1711711711711,229.99999999999864,2227.8635788858633,3447.0000000000005,0.1891891891891892
all_test,Stack,Zonly,42,44,accepted,P,50,330,221,326,220,106,110,0.6707317073170732,0.9878787878787879,134.87730061349683,30.00000000000025,650.5644080948132,200.00000000000017,0.012269938650306749
all_test,Stack,Zonly,42,44,accepted,P,100,330,221,326,264,62,66,0.8048780487804879,0.9878787878787879,134.87730061349683,30.00000000000025,650.5644080948132,200.00000000000017,0.012269938650306749
all_test,Stack,Zonly,42,44,accepted,P,200,330,221,326,295,31,35,0.899390243902439,0.9878787878787879,134.87730061349683,30.00000000000025,650.5644080948132,200.00000000000017,0.012269938650306749
all_test,Stack,Zonly,42,44,accepted,S,50,330,221,284,56,228,274,0.18241042345276873,0.8606060606060606,1150.5633802816901,250.0,2568.1199623158323,4297.000000000003,0.1936619718309859
all_test,Stack,Zonly,42,44,accepted,S,100,330,221,284,88,196,242,0.28664495114006516,0.8606060606060606,1150.5633802816901,250.0,2568.1199623158323,4297.000000000003,0.1936619718309859
all_test,Stack,Zonly,42,44,accepted,S,200,330,221,284,123,161,207,0.4006514657980456,0.8606060606060606,1150.5633802816901,250.0,2568.1199623158323,4297.000000000003,0.1936619718309859
all_test,Stack,Zonly,42,44,strict,P,50,330,221,322,218,104,112,0.6687116564417178,0.9757575757575757,133.91304347826076,30.00000000000025,653.7075342786488,199.00000000000054,0.012422360248447204
all_test,Stack,Zonly,42,44,strict,P,100,330,221,322,262,60,68,0.803680981595092,0.9757575757575757,133.91304347826076,30.00000000000025,653.7075342786488,199.00000000000054,0.012422360248447204
all_test,Stack,Zonly,42,44,strict,P,200,330,221,322,292,30,38,0.8957055214723927,0.9757575757575757,133.91304347826076,30.00000000000025,653.7075342786488,199.00000000000054,0.012422360248447204
all_test,Stack,Zonly,42,44,strict,S,50,330,221,170,43,127,287,0.172,0.5151515151515151,687.0588235294116,154.99999999999847,1868.397237017363,1031.9999999999993,0.11176470588235295
all_test,Stack,Zonly,42,44,strict,S,100,330,221,170,68,102,262,0.272,0.5151515151515151,687.0588235294116,154.99999999999847,1868.397237017363,1031.9999999999993,0.11176470588235295
all_test,Stack,Zonly,42,44,strict,S,200,330,221,170,90,80,240,0.36,0.5151515151515151,687.0588235294116,154.99999999999847,1868.397237017363,1031.9999999999993,0.11176470588235295
all_test,Stack,Zonly,43,42,accepted,P,50,330,221,330,230,100,100,0.696969696969697,1.0,328.3030303030302,30.00000000000025,2339.322616278119,190.0000000000004,0.021212121212121213
all_test,Stack,Zonly,43,42,accepted,P,100,330,221,330,269,61,61,0.8151515151515152,1.0,328.3030303030302,30.00000000000025,2339.322616278119,190.0000000000004,0.021212121212121213
all_test,Stack,Zonly,43,42,accepted,P,200,330,221,330,298,32,32,0.9030303030303031,1.0,328.3030303030302,30.00000000000025,2339.322616278119,190.0000000000004,0.021212121212121213
all_test,Stack,Zonly,43,42,accepted,S,50,330,221,315,47,268,283,0.14573643410852713,0.9545454545454546,1386.5396825396826,279.9999999999994,3110.141322772817,4342.000000000001,0.24761904761904763
all_test,Stack,Zonly,43,42,accepted,S,100,330,221,315,83,232,247,0.25736434108527134,0.9545454545454546,1386.5396825396826,279.9999999999994,3110.141322772817,4342.000000000001,0.24761904761904763
all_test,Stack,Zonly,43,42,accepted,S,200,330,221,315,133,182,197,0.4124031007751938,0.9545454545454546,1386.5396825396826,279.9999999999994,3110.141322772817,4342.000000000001,0.24761904761904763
all_test,Stack,Zonly,43,42,strict,P,50,330,221,326,228,98,102,0.6951219512195121,0.9878787878787879,292.0245398773005,30.00000000000025,2244.797120104498,190.0000000000004,0.018404907975460124
all_test,Stack,Zonly,43,42,strict,P,100,330,221,326,267,59,63,0.8140243902439024,0.9878787878787879,292.0245398773005,30.00000000000025,2244.797120104498,190.0000000000004,0.018404907975460124
all_test,Stack,Zonly,43,42,strict,P,200,330,221,326,296,30,34,0.9024390243902439,0.9878787878787879,292.0245398773005,30.00000000000025,2244.797120104498,190.0000000000004,0.018404907975460124
all_test,Stack,Zonly,43,42,strict,S,50,330,221,249,40,209,290,0.1381692573402418,0.7545454545454545,1277.7911646586344,230.00000000000043,3154.117663139999,3816.000000000005,0.20883534136546184
all_test,Stack,Zonly,43,42,strict,S,100,330,221,249,70,179,260,0.24179620034542315,0.7545454545454545,1277.7911646586344,230.00000000000043,3154.117663139999,3816.000000000005,0.20883534136546184
all_test,Stack,Zonly,43,42,strict,S,200,330,221,249,115,134,215,0.39723661485319517,0.7545454545454545,1277.7911646586344,230.00000000000043,3154.117663139999,3816.000000000005,0.20883534136546184
all_test,Stack,Zonly,43,43,accepted,P,50,330,221,326,224,102,106,0.6829268292682927,0.9878787878787879,130.64417177914098,29.99999999999936,648.4140633468804,180.00000000000017,0.012269938650306749
all_test,Stack,Zonly,43,43,accepted,P,100,330,221,326,266,60,64,0.8109756097560976,0.9878787878787879,130.64417177914098,29.99999999999936,648.4140633468804,180.00000000000017,0.012269938650306749
all_test,Stack,Zonly,43,43,accepted,P,200,330,221,326,298,28,32,0.9085365853658537,0.9878787878787879,130.64417177914098,29.99999999999936,648.4140633468804,180.00000000000017,0.012269938650306749
all_test,Stack,Zonly,43,43,accepted,S,50,330,221,300,46,254,284,0.14603174603174604,0.9090909090909091,1260.5,280.0000000000002,2975.2117571695635,3805.000000000002,0.21666666666666667
all_test,Stack,Zonly,43,43,accepted,S,100,330,221,300,78,222,252,0.24761904761904763,0.9090909090909091,1260.5,280.0000000000002,2975.2117571695635,3805.000000000002,0.21666666666666667
all_test,Stack,Zonly,43,43,accepted,S,200,330,221,300,129,171,201,0.4095238095238095,0.9090909090909091,1260.5,280.0000000000002,2975.2117571695635,3805.000000000002,0.21666666666666667
all_test,Stack,Zonly,43,43,strict,P,50,330,221,323,224,99,106,0.6860643185298622,0.9787878787878788,129.1021671826624,29.99999999999936,650.1478755344199,168.00000000000009,0.01238390092879257
all_test,Stack,Zonly,43,43,strict,P,100,330,221,323,265,58,65,0.8116385911179173,0.9787878787878788,129.1021671826624,29.99999999999936,650.1478755344199,168.00000000000009,0.01238390092879257
all_test,Stack,Zonly,43,43,strict,P,200,330,221,323,296,27,34,0.9065849923430321,0.9787878787878788,129.1021671826624,29.99999999999936,650.1478755344199,168.00000000000009,0.01238390092879257
all_test,Stack,Zonly,43,43,strict,S,50,330,221,242,40,202,290,0.13986013986013987,0.7333333333333333,1236.0743801652893,214.99999999999986,3110.36689659033,3719.000000000002,0.19008264462809918
all_test,Stack,Zonly,43,43,strict,S,100,330,221,242,70,172,260,0.24475524475524477,0.7333333333333333,1236.0743801652893,214.99999999999986,3110.36689659033,3719.000000000002,0.19008264462809918
all_test,Stack,Zonly,43,43,strict,S,200,330,221,242,114,128,216,0.3986013986013986,0.7333333333333333,1236.0743801652893,214.99999999999986,3110.36689659033,3719.000000000002,0.19008264462809918
all_test,Stack,Zonly,43,44,accepted,P,50,330,221,325,234,91,96,0.7145038167938931,0.9848484848484849,129.63076923076915,30.00000000000025,649.8811725704464,180.0,0.012307692307692308
all_test,Stack,Zonly,43,44,accepted,P,100,330,221,325,267,58,63,0.815267175572519,0.9848484848484849,129.63076923076915,30.00000000000025,649.8811725704464,180.0,0.012307692307692308
all_test,Stack,Zonly,43,44,accepted,P,200,330,221,325,298,27,32,0.9099236641221374,0.9848484848484849,129.63076923076915,30.00000000000025,649.8811725704464,180.0,0.012307692307692308
all_test,Stack,Zonly,43,44,accepted,S,50,330,221,292,37,255,293,0.1189710610932476,0.8848484848484849,1350.7876712328766,230.00000000000043,3169.012799483093,4350.000000000002,0.2226027397260274
all_test,Stack,Zonly,43,44,accepted,S,100,330,221,292,78,214,252,0.2508038585209003,0.8848484848484849,1350.7876712328766,230.00000000000043,3169.012799483093,4350.000000000002,0.2226027397260274
all_test,Stack,Zonly,43,44,accepted,S,200,330,221,292,128,164,202,0.4115755627009646,0.8848484848484849,1350.7876712328766,230.00000000000043,3169.012799483093,4350.000000000002,0.2226027397260274
all_test,Stack,Zonly,43,44,strict,P,50,330,221,322,233,89,97,0.7147239263803681,0.9757575757575757,128.35403726708063,30.00000000000025,651.8885607618636,179.00000000000009,0.012422360248447204
all_test,Stack,Zonly,43,44,strict,P,100,330,221,322,266,56,64,0.8159509202453987,0.9757575757575757,128.35403726708063,30.00000000000025,651.8885607618636,179.00000000000009,0.012422360248447204
all_test,Stack,Zonly,43,44,strict,P,200,330,221,322,296,26,34,0.9079754601226994,0.9757575757575757,128.35403726708063,30.00000000000025,651.8885607618636,179.00000000000009,0.012422360248447204
all_test,Stack,Zonly,43,44,strict,S,50,330,221,220,32,188,298,0.11636363636363636,0.6666666666666666,1278.2272727272727,204.9999999999992,3320.9843146545904,3773.9999999999977,0.19090909090909092
all_test,Stack,Zonly,43,44,strict,S,100,330,221,220,68,152,262,0.24727272727272728,0.6666666666666666,1278.2272727272727,204.9999999999992,3320.9843146545904,3773.9999999999977,0.19090909090909092
all_test,Stack,Zonly,43,44,strict,S,200,330,221,220,110,110,220,0.4,0.6666666666666666,1278.2272727272727,204.9999999999992,3320.9843146545904,3773.9999999999977,0.19090909090909092
all_test,Stack,Zonly,44,42,accepted,P,50,330,221,326,235,91,95,0.7164634146341463,0.9878787878787879,128.80368098159497,29.99999999999936,648.3762162444046,174.99999999999983,0.012269938650306749
all_test,Stack,Zonly,44,42,accepted,P,100,330,221,326,268,58,62,0.8170731707317073,0.9878787878787879,128.80368098159497,29.99999999999936,648.3762162444046,174.99999999999983,0.012269938650306749
all_test,Stack,Zonly,44,42,accepted,P,200,330,221,326,299,27,31,0.9115853658536586,0.9878787878787879,128.80368098159497,29.99999999999936,648.3762162444046,174.99999999999983,0.012269938650306749
all_test,Stack,Zonly,44,42,accepted,S,50,330,221,310,53,257,277,0.165625,0.9393939393939394,972.4193548387096,250.0,2216.746744450583,3223.0,0.18387096774193548
all_test,Stack,Zonly,44,42,accepted,S,100,330,221,310,93,217,237,0.290625,0.9393939393939394,972.4193548387096,250.0,2216.746744450583,3223.0,0.18387096774193548
all_test,Stack,Zonly,44,42,accepted,S,200,330,221,310,146,164,184,0.45625,0.9393939393939394,972.4193548387096,250.0,2216.746744450583,3223.0,0.18387096774193548
all_test,Stack,Zonly,44,42,strict,P,50,330,221,318,233,85,97,0.7191358024691358,0.9636363636363636,102.83018867924517,29.99999999999936,478.464525212468,160.00000000000014,0.009433962264150943
all_test,Stack,Zonly,44,42,strict,P,100,330,221,318,266,52,64,0.8209876543209876,0.9636363636363636,102.83018867924517,29.99999999999936,478.464525212468,160.00000000000014,0.009433962264150943
all_test,Stack,Zonly,44,42,strict,P,200,330,221,318,293,25,37,0.904320987654321,0.9636363636363636,102.83018867924517,29.99999999999936,478.464525212468,160.00000000000014,0.009433962264150943
all_test,Stack,Zonly,44,42,strict,S,50,330,221,252,42,210,288,0.14432989690721648,0.7636363636363637,974.9603174603175,205.00000000000009,2324.6430857640225,3247.000000000002,0.17063492063492064
all_test,Stack,Zonly,44,42,strict,S,100,330,221,252,80,172,250,0.27491408934707906,0.7636363636363637,974.9603174603175,205.00000000000009,2324.6430857640225,3247.000000000002,0.17063492063492064
all_test,Stack,Zonly,44,42,strict,S,200,330,221,252,126,126,204,0.4329896907216495,0.7636363636363637,974.9603174603175,205.00000000000009,2324.6430857640225,3247.000000000002,0.17063492063492064
all_test,Stack,Zonly,44,43,accepted,P,50,330,221,329,229,100,101,0.6949924127465857,0.996969696969697,291.6717325227963,29.99999999999936,2107.6031128888967,199.99999999999946,0.02127659574468085
all_test,Stack,Zonly,44,43,accepted,P,100,330,221,329,271,58,59,0.8224582701062215,0.996969696969697,291.6717325227963,29.99999999999936,2107.6031128888967,199.99999999999946,0.02127659574468085
all_test,Stack,Zonly,44,43,accepted,P,200,330,221,329,298,31,32,0.9044006069802731,0.996969696969697,291.6717325227963,29.99999999999936,2107.6031128888967,199.99999999999946,0.02127659574468085
all_test,Stack,Zonly,44,43,accepted,S,50,330,221,308,42,266,288,0.13166144200626959,0.9333333333333333,1050.3246753246754,235.00000000000034,2361.9515098885786,3520.000000000003,0.18831168831168832
all_test,Stack,Zonly,44,43,accepted,S,100,330,221,308,84,224,246,0.26332288401253917,0.9333333333333333,1050.3246753246754,235.00000000000034,2361.9515098885786,3520.000000000003,0.18831168831168832
all_test,Stack,Zonly,44,43,accepted,S,200,330,221,308,144,164,186,0.45141065830721006,0.9333333333333333,1050.3246753246754,235.00000000000034,2361.9515098885786,3520.000000000003,0.18831168831168832
all_test,Stack,Zonly,44,43,strict,P,50,330,221,324,229,95,101,0.7003058103975535,0.9818181818181818,127.7469135802468,29.99999999999936,648.9309822724497,166.9999999999999,0.012345679012345678
all_test,Stack,Zonly,44,43,strict,P,100,330,221,324,271,53,59,0.8287461773700305,0.9818181818181818,127.7469135802468,29.99999999999936,648.9309822724497,166.9999999999999,0.012345679012345678
all_test,Stack,Zonly,44,43,strict,P,200,330,221,324,297,27,33,0.908256880733945,0.9818181818181818,127.7469135802468,29.99999999999936,648.9309822724497,166.9999999999999,0.012345679012345678
all_test,Stack,Zonly,44,43,strict,S,50,330,221,245,36,209,294,0.12521739130434784,0.7424242424242424,861.5102040816327,199.9999999999993,1962.3423113561955,3174.0,0.16326530612244897
all_test,Stack,Zonly,44,43,strict,S,100,330,221,245,75,170,255,0.2608695652173913,0.7424242424242424,861.5102040816327,199.9999999999993,1962.3423113561955,3174.0,0.16326530612244897
all_test,Stack,Zonly,44,43,strict,S,200,330,221,245,126,119,204,0.43826086956521737,0.7424242424242424,861.5102040816327,199.9999999999993,1962.3423113561955,3174.0,0.16326530612244897
all_test,Stack,Zonly,44,44,accepted,P,50,330,221,327,234,93,96,0.7123287671232876,0.990909090909091,159.6024464831803,30.00000000000025,796.7094022036097,169.99999999999994,0.01834862385321101
all_test,Stack,Zonly,44,44,accepted,P,100,330,221,327,270,57,60,0.821917808219178,0.990909090909091,159.6024464831803,30.00000000000025,796.7094022036097,169.99999999999994,0.01834862385321101
all_test,Stack,Zonly,44,44,accepted,P,200,330,221,327,299,28,31,0.9101978691019786,0.990909090909091,159.6024464831803,30.00000000000025,796.7094022036097,169.99999999999994,0.01834862385321101
all_test,Stack,Zonly,44,44,accepted,S,50,330,221,318,58,260,272,0.17901234567901234,0.9636363636363636,994.6855345911949,270.00000000000136,2319.3855589507284,3297.0000000000014,0.16981132075471697
all_test,Stack,Zonly,44,44,accepted,S,100,330,221,318,85,233,245,0.2623456790123457,0.9636363636363636,994.6855345911949,270.00000000000136,2319.3855589507284,3297.0000000000014,0.16981132075471697
all_test,Stack,Zonly,44,44,accepted,S,200,330,221,318,136,182,194,0.41975308641975306,0.9636363636363636,994.6855345911949,270.00000000000136,2319.3855589507284,3297.0000000000014,0.16981132075471697
all_test,Stack,Zonly,44,44,strict,P,50,330,221,322,233,89,97,0.7147239263803681,0.9757575757575757,151.89440993788807,30.00000000000025,788.4939256630031,169.99999999999994,0.015527950310559006
all_test,Stack,Zonly,44,44,strict,P,100,330,221,322,268,54,62,0.8220858895705522,0.9757575757575757,151.89440993788807,30.00000000000025,788.4939256630031,169.99999999999994,0.015527950310559006
all_test,Stack,Zonly,44,44,strict,P,200,330,221,322,296,26,34,0.9079754601226994,0.9757575757575757,151.89440993788807,30.00000000000025,788.4939256630031,169.99999999999994,0.015527950310559006
all_test,Stack,Zonly,44,44,strict,S,50,330,221,256,50,206,280,0.17064846416382254,0.7757575757575758,844.1015625,229.99999999999955,2030.1211286213932,1999.999999999999,0.1484375
all_test,Stack,Zonly,44,44,strict,S,100,330,221,256,77,179,253,0.2627986348122867,0.7757575757575758,844.1015625,229.99999999999955,2030.1211286213932,1999.999999999999,0.1484375
all_test,Stack,Zonly,44,44,strict,S,200,330,221,256,122,134,208,0.41638225255972694,0.7757575757575758,844.1015625,229.99999999999955,2030.1211286213932,1999.999999999999,0.1484375
all_test,PhaseNetMatched,Full3C,42,,accepted,P,50,330,221,330,321,9,9,0.9727272727272728,1.0,41.09090909090887,9.999999999999787,365.44451968759495,19.999999999999574,0.0030303030303030303
all_test,PhaseNetMatched,Full3C,42,,accepted,P,100,330,221,330,324,6,6,0.9818181818181818,1.0,41.09090909090887,9.999999999999787,365.44451968759495,19.999999999999574,0.0030303030303030303
all_test,PhaseNetMatched,Full3C,42,,accepted,P,200,330,221,330,325,5,5,0.9848484848484849,1.0,41.09090909090887,9.999999999999787,365.44451968759495,19.999999999999574,0.0030303030303030303
all_test,PhaseNetMatched,Full3C,42,,accepted,S,50,330,221,330,121,209,209,0.36666666666666664,1.0,179.54545454545453,80.00000000000007,386.90340192901164,460.9999999999993,0.015151515151515152
all_test,PhaseNetMatched,Full3C,42,,accepted,S,100,330,221,330,191,139,139,0.5787878787878787,1.0,179.54545454545453,80.00000000000007,386.90340192901164,460.9999999999993,0.015151515151515152
all_test,PhaseNetMatched,Full3C,42,,accepted,S,200,330,221,330,247,83,83,0.7484848484848485,1.0,179.54545454545453,80.00000000000007,386.90340192901164,460.9999999999993,0.015151515151515152
all_test,PhaseNetMatched,Full3C,42,,strict,P,50,330,221,330,321,9,9,0.9727272727272728,1.0,41.09090909090887,9.999999999999787,365.44451968759495,19.999999999999574,0.0030303030303030303
all_test,PhaseNetMatched,Full3C,42,,strict,P,100,330,221,330,324,6,6,0.9818181818181818,1.0,41.09090909090887,9.999999999999787,365.44451968759495,19.999999999999574,0.0030303030303030303
all_test,PhaseNetMatched,Full3C,42,,strict,P,200,330,221,330,325,5,5,0.9848484848484849,1.0,41.09090909090887,9.999999999999787,365.44451968759495,19.999999999999574,0.0030303030303030303
all_test,PhaseNetMatched,Full3C,42,,strict,S,50,330,221,327,121,206,209,0.3683409436834094,0.990909090909091,176.42201834862382,80.00000000000007,384.56655770993456,430.00000000000006,0.01529051987767584
all_test,PhaseNetMatched,Full3C,42,,strict,S,100,330,221,327,191,136,139,0.5814307458143074,0.990909090909091,176.42201834862382,80.00000000000007,384.56655770993456,430.00000000000006,0.01529051987767584
all_test,PhaseNetMatched,Full3C,42,,strict,S,200,330,221,327,246,81,84,0.7488584474885844,0.990909090909091,176.42201834862382,80.00000000000007,384.56655770993456,430.00000000000006,0.01529051987767584
all_test,PhaseNetMatched,Full3C,43,,accepted,P,50,330,221,330,322,8,8,0.9757575757575757,1.0,28.33333333333328,0.0,272.4762986634495,19.999999999999574,0.0030303030303030303
all_test,PhaseNetMatched,Full3C,43,,accepted,P,100,330,221,330,325,5,5,0.9848484848484849,1.0,28.33333333333328,0.0,272.4762986634495,19.999999999999574,0.0030303030303030303
all_test,PhaseNetMatched,Full3C,43,,accepted,P,200,330,221,330,325,5,5,0.9848484848484849,1.0,28.33333333333328,0.0,272.4762986634495,19.999999999999574,0.0030303030303030303
all_test,PhaseNetMatched,Full3C,43,,accepted,S,50,330,221,325,132,193,198,0.4030534351145038,0.9848484848484849,163.99999999999997,70.00000000000028,379.62896866039324,416.0000000000002,0.006153846153846154
all_test,PhaseNetMatched,Full3C,43,,accepted,S,100,330,221,325,203,122,127,0.6198473282442748,0.9848484848484849,163.99999999999997,70.00000000000028,379.62896866039324,416.0000000000002,0.006153846153846154
all_test,PhaseNetMatched,Full3C,43,,accepted,S,200,330,221,325,248,77,82,0.7572519083969466,0.9848484848484849,163.99999999999997,70.00000000000028,379.62896866039324,416.0000000000002,0.006153846153846154
all_test,PhaseNetMatched,Full3C,43,,strict,P,50,330,221,330,322,8,8,0.9757575757575757,1.0,28.33333333333328,0.0,272.4762986634495,19.999999999999574,0.0030303030303030303
all_test,PhaseNetMatched,Full3C,43,,strict,P,100,330,221,330,325,5,5,0.9848484848484849,1.0,28.33333333333328,0.0,272.4762986634495,19.999999999999574,0.0030303030303030303
all_test,PhaseNetMatched,Full3C,43,,strict,P,200,330,221,330,325,5,5,0.9848484848484849,1.0,28.33333333333328,0.0,272.4762986634495,19.999999999999574,0.0030303030303030303
all_test,PhaseNetMatched,Full3C,43,,strict,S,50,330,221,323,132,191,198,0.40428790199081166,0.9787878787878788,162.0433436532508,70.00000000000028,377.54871746004846,406.00000000000045,0.006191950464396285
all_test,PhaseNetMatched,Full3C,43,,strict,S,100,330,221,323,202,121,128,0.6186830015313936,0.9787878787878788,162.0433436532508,70.00000000000028,377.54871746004846,406.00000000000045,0.006191950464396285
all_test,PhaseNetMatched,Full3C,43,,strict,S,200,330,221,323,247,76,83,0.7565084226646248,0.9787878787878788,162.0433436532508,70.00000000000028,377.54871746004846,406.00000000000045,0.006191950464396285
all_test,PhaseNetMatched,Full3C,44,,accepted,P,50,330,221,329,322,7,8,0.9772382397572079,0.996969696969697,33.98176291793293,9.999999999999787,261.79529811572536,30.00000000000025,0.00303951367781155
all_test,PhaseNetMatched,Full3C,44,,accepted,P,100,330,221,329,324,5,6,0.9833080424886191,0.996969696969697,33.98176291793293,9.999999999999787,261.79529811572536,30.00000000000025,0.00303951367781155
all_test,PhaseNetMatched,Full3C,44,,accepted,P,200,330,221,329,325,4,5,0.9863429438543247,0.996969696969697,33.98176291793293,9.999999999999787,261.79529811572536,30.00000000000025,0.00303951367781155
all_test,PhaseNetMatched,Full3C,44,,accepted,S,50,330,221,329,118,211,212,0.3581183611532625,0.996969696969697,166.80851063829783,89.99999999999986,264.6945822726609,462.0000000000007,0.0060790273556231
all_test,PhaseNetMatched,Full3C,44,,accepted,S,100,330,221,329,184,145,146,0.5584218512898331,0.996969696969697,166.80851063829783,89.99999999999986,264.6945822726609,462.0000000000007,0.0060790273556231
all_test,PhaseNetMatched,Full3C,44,,accepted,S,200,330,221,329,235,94,95,0.7132018209408194,0.996969696969697,166.80851063829783,89.99999999999986,264.6945822726609,462.0000000000007,0.0060790273556231
all_test,PhaseNetMatched,Full3C,44,,strict,P,50,330,221,329,322,7,8,0.9772382397572079,0.996969696969697,33.98176291793293,9.999999999999787,261.79529811572536,30.00000000000025,0.00303951367781155
all_test,PhaseNetMatched,Full3C,44,,strict,P,100,330,221,329,324,5,6,0.9833080424886191,0.996969696969697,33.98176291793293,9.999999999999787,261.79529811572536,30.00000000000025,0.00303951367781155
all_test,PhaseNetMatched,Full3C,44,,strict,P,200,330,221,329,325,4,5,0.9863429438543247,0.996969696969697,33.98176291793293,9.999999999999787,261.79529811572536,30.00000000000025,0.00303951367781155
all_test,PhaseNetMatched,Full3C,44,,strict,S,50,330,221,326,117,209,213,0.3567073170731707,0.9878787878787879,163.9263803680981,89.99999999999986,259.292335670423,415.0,0.006134969325153374
all_test,PhaseNetMatched,Full3C,44,,strict,S,100,330,221,326,183,143,147,0.5579268292682927,0.9878787878787879,163.9263803680981,89.99999999999986,259.292335670423,415.0,0.006134969325153374
all_test,PhaseNetMatched,Full3C,44,,strict,S,200,330,221,326,234,92,96,0.7134146341463414,0.9878787878787879,163.9263803680981,89.99999999999986,259.292335670423,415.0,0.006134969325153374
all_test,PhaseNetMatched,Zonly,42,,accepted,P,50,330,221,330,324,6,6,0.9818181818181818,1.0,21.48484848484837,0.0,140.00757555261504,19.999999999999574,0.0030303030303030303
all_test,PhaseNetMatched,Zonly,42,,accepted,P,100,330,221,330,326,4,4,0.9878787878787879,1.0,21.48484848484837,0.0,140.00757555261504,19.999999999999574,0.0030303030303030303
all_test,PhaseNetMatched,Zonly,42,,accepted,P,200,330,221,330,326,4,4,0.9878787878787879,1.0,21.48484848484837,0.0,140.00757555261504,19.999999999999574,0.0030303030303030303
all_test,PhaseNetMatched,Zonly,42,,accepted,S,50,330,221,330,50,280,280,0.15151515151515152,1.0,602.4242424242424,200.00000000000017,1799.6986279694588,990.0000000000005,0.09090909090909091
all_test,PhaseNetMatched,Zonly,42,,accepted,S,100,330,221,330,97,233,233,0.29393939393939394,1.0,602.4242424242424,200.00000000000017,1799.6986279694588,990.0000000000005,0.09090909090909091
all_test,PhaseNetMatched,Zonly,42,,accepted,S,200,330,221,330,166,164,164,0.503030303030303,1.0,602.4242424242424,200.00000000000017,1799.6986279694588,990.0000000000005,0.09090909090909091
all_test,PhaseNetMatched,Zonly,42,,strict,P,50,330,221,329,324,5,6,0.9833080424886191,0.996969696969697,18.510638297872223,0.0,128.9270663974327,19.999999999999574,0.00303951367781155
all_test,PhaseNetMatched,Zonly,42,,strict,P,100,330,221,329,326,3,4,0.9893778452200304,0.996969696969697,18.510638297872223,0.0,128.9270663974327,19.999999999999574,0.00303951367781155
all_test,PhaseNetMatched,Zonly,42,,strict,P,200,330,221,329,326,3,4,0.9893778452200304,0.996969696969697,18.510638297872223,0.0,128.9270663974327,19.999999999999574,0.00303951367781155
all_test,PhaseNetMatched,Zonly,42,,strict,S,50,330,221,325,50,275,280,0.15267175572519084,0.9848484848484849,551.3846153846155,199.9999999999993,1622.7120698196777,970.0,0.08615384615384615
all_test,PhaseNetMatched,Zonly,42,,strict,S,100,330,221,325,97,228,233,0.2961832061068702,0.9848484848484849,551.3846153846155,199.9999999999993,1622.7120698196777,970.0,0.08615384615384615
all_test,PhaseNetMatched,Zonly,42,,strict,S,200,330,221,325,165,160,165,0.5038167938931297,0.9848484848484849,551.3846153846155,199.9999999999993,1622.7120698196777,970.0,0.08615384615384615
all_test,PhaseNetMatched,Zonly,43,,accepted,P,50,330,221,329,321,8,9,0.9742033383915023,0.996969696969697,26.504559270516463,9.999999999999787,100.0729217403664,19.999999999999574,0.0
all_test,PhaseNetMatched,Zonly,43,,accepted,P,100,330,221,329,324,5,6,0.9833080424886191,0.996969696969697,26.504559270516463,9.999999999999787,100.0729217403664,19.999999999999574,0.0
all_test,PhaseNetMatched,Zonly,43,,accepted,P,200,330,221,329,324,5,6,0.9833080424886191,0.996969696969697,26.504559270516463,9.999999999999787,100.0729217403664,19.999999999999574,0.0
all_test,PhaseNetMatched,Zonly,43,,accepted,S,50,330,221,327,57,270,273,0.1735159817351598,0.990909090909091,441.9877675840979,180.00000000000148,1131.1760814378658,919.9999999999989,0.08256880733944955
all_test,PhaseNetMatched,Zonly,43,,accepted,S,100,330,221,327,105,222,225,0.319634703196347,0.990909090909091,441.9877675840979,180.00000000000148,1131.1760814378658,919.9999999999989,0.08256880733944955
all_test,PhaseNetMatched,Zonly,43,,accepted,S,200,330,221,327,176,151,154,0.5357686453576864,0.990909090909091,441.9877675840979,180.00000000000148,1131.1760814378658,919.9999999999989,0.08256880733944955
all_test,PhaseNetMatched,Zonly,43,,strict,P,50,330,221,327,319,8,11,0.9710806697108066,0.990909090909091,26.51376146788965,9.999999999999787,100.35868394625888,19.999999999999574,0.0
all_test,PhaseNetMatched,Zonly,43,,strict,P,100,330,221,327,322,5,8,0.9802130898021308,0.990909090909091,26.51376146788965,9.999999999999787,100.35868394625888,19.999999999999574,0.0
all_test,PhaseNetMatched,Zonly,43,,strict,P,200,330,221,327,322,5,8,0.9802130898021308,0.990909090909091,26.51376146788965,9.999999999999787,100.35868394625888,19.999999999999574,0.0
all_test,PhaseNetMatched,Zonly,43,,strict,S,50,330,221,320,55,265,275,0.16923076923076924,0.9696969696969697,413.84375,179.99999999999972,1043.874842833182,911.0000000000001,0.078125
all_test,PhaseNetMatched,Zonly,43,,strict,S,100,330,221,320,103,217,227,0.3169230769230769,0.9696969696969697,413.84375,179.99999999999972,1043.874842833182,911.0000000000001,0.078125
all_test,PhaseNetMatched,Zonly,43,,strict,S,200,330,221,320,173,147,157,0.5323076923076923,0.9696969696969697,413.84375,179.99999999999972,1043.874842833182,911.0000000000001,0.078125
all_test,PhaseNetMatched,Zonly,44,,accepted,P,50,330,221,330,318,12,12,0.9636363636363636,1.0,28.939393939393817,9.999999999999787,130.11999124351382,30.00000000000025,0.006060606060606061
all_test,PhaseNetMatched,Zonly,44,,accepted,P,100,330,221,330,323,7,7,0.9787878787878788,1.0,28.939393939393817,9.999999999999787,130.11999124351382,30.00000000000025,0.006060606060606061
all_test,PhaseNetMatched,Zonly,44,,accepted,P,200,330,221,330,323,7,7,0.9787878787878788,1.0,28.939393939393817,9.999999999999787,130.11999124351382,30.00000000000025,0.006060606060606061
all_test,PhaseNetMatched,Zonly,44,,accepted,S,50,330,221,330,55,275,275,0.16666666666666666,1.0,468.48484848484867,209.99999999999997,1260.0610855803536,853.0000000000003,0.08181818181818182
all_test,PhaseNetMatched,Zonly,44,,accepted,S,100,330,221,330,94,236,236,0.28484848484848485,1.0,468.48484848484867,209.99999999999997,1260.0610855803536,853.0000000000003,0.08181818181818182
all_test,PhaseNetMatched,Zonly,44,,accepted,S,200,330,221,330,164,166,166,0.49696969696969695,1.0,468.48484848484867,209.99999999999997,1260.0610855803536,853.0000000000003,0.08181818181818182
all_test,PhaseNetMatched,Zonly,44,,strict,P,50,330,221,328,318,10,12,0.9665653495440729,0.9939393939393939,22.804878048780363,9.999999999999787,102.46355687660309,30.00000000000025,0.0
all_test,PhaseNetMatched,Zonly,44,,strict,P,100,330,221,328,323,5,7,0.9817629179331308,0.9939393939393939,22.804878048780363,9.999999999999787,102.46355687660309,30.00000000000025,0.0
all_test,PhaseNetMatched,Zonly,44,,strict,P,200,330,221,328,323,5,7,0.9817629179331308,0.9939393939393939,22.804878048780363,9.999999999999787,102.46355687660309,30.00000000000025,0.0
all_test,PhaseNetMatched,Zonly,44,,strict,S,50,330,221,324,55,269,275,0.16819571865443425,0.9818181818181818,438.858024691358,199.99999999999972,1131.4069957903996,849.9999999999997,0.08024691358024691
all_test,PhaseNetMatched,Zonly,44,,strict,S,100,330,221,324,94,230,236,0.2874617737003058,0.9818181818181818,438.858024691358,199.99999999999972,1131.4069957903996,849.9999999999997,0.08024691358024691
all_test,PhaseNetMatched,Zonly,44,,strict,S,200,330,221,324,163,161,167,0.4984709480122324,0.9818181818181818,438.858024691358,199.99999999999972,1131.4069957903996,849.9999999999997,0.08024691358024691
manual_both,Stack,Full3C,42,42,accepted,P,50,287,188,284,197,87,90,0.6900175131348512,0.9895470383275261,127.81690140845058,30.00000000000025,654.5211129703484,167.00000000000017,0.01056338028169014
manual_both,Stack,Full3C,42,42,accepted,P,100,287,188,284,235,49,52,0.8231173380035026,0.9895470383275261,127.81690140845058,30.00000000000025,654.5211129703484,167.00000000000017,0.01056338028169014
manual_both,Stack,Full3C,42,42,accepted,P,200,287,188,284,259,25,28,0.9071803852889667,0.9895470383275261,127.81690140845058,30.00000000000025,654.5211129703484,167.00000000000017,0.01056338028169014
manual_both,Stack,Full3C,42,42,accepted,S,50,287,188,281,103,178,184,0.3626760563380282,0.9790940766550522,401.56583629893237,89.99999999999986,1337.476244509163,560.0000000000005,0.0498220640569395
manual_both,Stack,Full3C,42,42,accepted,S,100,287,188,281,156,125,131,0.5492957746478874,0.9790940766550522,401.56583629893237,89.99999999999986,1337.476244509163,560.0000000000005,0.0498220640569395
manual_both,Stack,Full3C,42,42,accepted,S,200,287,188,281,194,87,93,0.6830985915492958,0.9790940766550522,401.56583629893237,89.99999999999986,1337.476244509163,560.0000000000005,0.0498220640569395
manual_both,Stack,Full3C,42,42,strict,P,50,287,188,282,197,85,90,0.6924428822495606,0.9825783972125436,126.87943262411332,30.00000000000025,656.4291970807985,160.00000000000014,0.010638297872340425
manual_both,Stack,Full3C,42,42,strict,P,100,287,188,282,235,47,52,0.8260105448154658,0.9825783972125436,126.87943262411332,30.00000000000025,656.4291970807985,160.00000000000014,0.010638297872340425
manual_both,Stack,Full3C,42,42,strict,P,200,287,188,282,258,24,29,0.9068541300527241,0.9825783972125436,126.87943262411332,30.00000000000025,656.4291970807985,160.00000000000014,0.010638297872340425
manual_both,Stack,Full3C,42,42,strict,S,50,287,188,275,102,173,185,0.36298932384341637,0.9581881533101045,374.1818181818182,89.99999999999986,1293.7356762492097,531.9999999999992,0.04363636363636364
manual_both,Stack,Full3C,42,42,strict,S,100,287,188,275,154,121,133,0.5480427046263345,0.9581881533101045,374.1818181818182,89.99999999999986,1293.7356762492097,531.9999999999992,0.04363636363636364
manual_both,Stack,Full3C,42,42,strict,S,200,287,188,275,192,83,95,0.6832740213523132,0.9581881533101045,374.1818181818182,89.99999999999986,1293.7356762492097,531.9999999999992,0.04363636363636364
manual_both,Stack,Full3C,42,43,accepted,P,50,287,188,284,195,89,92,0.6830122591943958,0.9895470383275261,130.56338028169003,30.00000000000025,654.9986560571095,191.00000000000063,0.01056338028169014
manual_both,Stack,Full3C,42,43,accepted,P,100,287,188,284,231,53,56,0.809106830122592,0.9895470383275261,130.56338028169003,30.00000000000025,654.9986560571095,191.00000000000063,0.01056338028169014
manual_both,Stack,Full3C,42,43,accepted,P,200,287,188,284,257,27,30,0.9001751313485113,0.9895470383275261,130.56338028169003,30.00000000000025,654.9986560571095,191.00000000000063,0.01056338028169014
manual_both,Stack,Full3C,42,43,accepted,S,50,287,188,280,98,182,189,0.345679012345679,0.975609756097561,474.35714285714283,89.99999999999986,1507.7537692114813,575.9999999999998,0.060714285714285714
manual_both,Stack,Full3C,42,43,accepted,S,100,287,188,280,150,130,137,0.5291005291005291,0.975609756097561,474.35714285714283,89.99999999999986,1507.7537692114813,575.9999999999998,0.060714285714285714
manual_both,Stack,Full3C,42,43,accepted,S,200,287,188,280,194,86,93,0.6843033509700176,0.975609756097561,474.35714285714283,89.99999999999986,1507.7537692114813,575.9999999999998,0.060714285714285714
manual_both,Stack,Full3C,42,43,strict,P,50,287,188,280,195,85,92,0.6878306878306878,0.975609756097561,125.9999999999999,30.00000000000025,657.3572631595177,160.00000000000014,0.010714285714285714
manual_both,Stack,Full3C,42,43,strict,P,100,287,188,280,231,49,56,0.8148148148148148,0.975609756097561,125.9999999999999,30.00000000000025,657.3572631595177,160.00000000000014,0.010714285714285714
manual_both,Stack,Full3C,42,43,strict,P,200,287,188,280,257,23,30,0.9065255731922398,0.975609756097561,125.9999999999999,30.00000000000025,657.3572631595177,160.00000000000014,0.010714285714285714
manual_both,Stack,Full3C,42,43,strict,S,50,287,188,271,98,173,189,0.35125448028673834,0.9442508710801394,395.1291512915129,89.99999999999986,1363.9077243137838,549.9999999999972,0.04428044280442804
manual_both,Stack,Full3C,42,43,strict,S,100,287,188,271,149,122,138,0.5340501792114696,0.9442508710801394,395.1291512915129,89.99999999999986,1363.9077243137838,549.9999999999972,0.04428044280442804
manual_both,Stack,Full3C,42,43,strict,S,200,287,188,271,191,80,96,0.6845878136200717,0.9442508710801394,395.1291512915129,89.99999999999986,1363.9077243137838,549.9999999999972,0.04428044280442804
manual_both,Stack,Full3C,42,44,accepted,P,50,287,188,286,195,91,92,0.680628272251309,0.9965156794425087,316.95804195804186,30.00000000000025,2384.432685308862,209.99999999999997,0.017482517482517484
manual_both,Stack,Full3C,42,44,accepted,P,100,287,188,286,231,55,56,0.806282722513089,0.9965156794425087,316.95804195804186,30.00000000000025,2384.432685308862,209.99999999999997,0.017482517482517484
manual_both,Stack,Full3C,42,44,accepted,P,200,287,188,286,256,30,31,0.893542757417103,0.9965156794425087,316.95804195804186,30.00000000000025,2384.432685308862,209.99999999999997,0.017482517482517484
manual_both,Stack,Full3C,42,44,accepted,S,50,287,188,281,100,181,187,0.352112676056338,0.9790940766550522,460.17793594306045,89.99999999999986,1634.1808269249054,619.9999999999975,0.0498220640569395
manual_both,Stack,Full3C,42,44,accepted,S,100,287,188,281,154,127,133,0.5422535211267606,0.9790940766550522,460.17793594306045,89.99999999999986,1634.1808269249054,619.9999999999975,0.0498220640569395
manual_both,Stack,Full3C,42,44,accepted,S,200,287,188,281,191,90,96,0.6725352112676056,0.9790940766550522,460.17793594306045,89.99999999999986,1634.1808269249054,619.9999999999975,0.0498220640569395
manual_both,Stack,Full3C,42,44,strict,P,50,287,188,282,195,87,92,0.6854130052724078,0.9825783972125436,130.07092198581546,30.00000000000025,657.6020267090993,169.99999999999994,0.010638297872340425
manual_both,Stack,Full3C,42,44,strict,P,100,287,188,282,231,51,56,0.81195079086116,0.9825783972125436,130.07092198581546,30.00000000000025,657.6020267090993,169.99999999999994,0.010638297872340425
manual_both,Stack,Full3C,42,44,strict,P,200,287,188,282,256,26,31,0.8998242530755711,0.9825783972125436,130.07092198581546,30.00000000000025,657.6020267090993,169.99999999999994,0.010638297872340425
manual_both,Stack,Full3C,42,44,strict,S,50,287,188,274,100,174,187,0.35650623885918004,0.9547038327526133,350.1094890510948,80.00000000000007,1247.325167305102,536.9999999999993,0.0364963503649635
manual_both,Stack,Full3C,42,44,strict,S,100,287,188,274,153,121,134,0.5454545454545454,0.9547038327526133,350.1094890510948,80.00000000000007,1247.325167305102,536.9999999999993,0.0364963503649635
manual_both,Stack,Full3C,42,44,strict,S,200,287,188,274,190,84,97,0.6773618538324421,0.9547038327526133,350.1094890510948,80.00000000000007,1247.325167305102,536.9999999999993,0.0364963503649635
manual_both,Stack,Full3C,43,42,accepted,P,50,287,188,285,194,91,93,0.6783216783216783,0.9930313588850174,130.35087719298235,30.00000000000025,652.8606417481909,182.0000000000001,0.010526315789473684
manual_both,Stack,Full3C,43,42,accepted,P,100,287,188,285,235,50,52,0.8216783216783217,0.9930313588850174,130.35087719298235,30.00000000000025,652.8606417481909,182.0000000000001,0.010526315789473684
manual_both,Stack,Full3C,43,42,accepted,P,200,287,188,285,259,26,28,0.9055944055944056,0.9930313588850174,130.35087719298235,30.00000000000025,652.8606417481909,182.0000000000001,0.010526315789473684
manual_both,Stack,Full3C,43,42,accepted,S,50,287,188,282,110,172,177,0.3866432337434095,0.9825783972125436,476.59574468085106,80.00000000000007,1655.228123807704,595.9999999999983,0.06028368794326241
manual_both,Stack,Full3C,43,42,accepted,S,100,287,188,282,160,122,127,0.562390158172232,0.9825783972125436,476.59574468085106,80.00000000000007,1655.228123807704,595.9999999999983,0.06028368794326241
manual_both,Stack,Full3C,43,42,accepted,S,200,287,188,282,202,80,85,0.7100175746924429,0.9825783972125436,476.59574468085106,80.00000000000007,1655.228123807704,595.9999999999983,0.06028368794326241
manual_both,Stack,Full3C,43,42,strict,P,50,287,188,279,194,85,93,0.6855123674911661,0.9721254355400697,126.34408602150525,30.00000000000025,657.5906386413008,162.00000000000028,0.010752688172043012
manual_both,Stack,Full3C,43,42,strict,P,100,287,188,279,234,45,53,0.8268551236749117,0.9721254355400697,126.34408602150525,30.00000000000025,657.5906386413008,162.00000000000028,0.010752688172043012
manual_both,Stack,Full3C,43,42,strict,P,200,287,188,279,257,22,30,0.9081272084805654,0.9721254355400697,126.34408602150525,30.00000000000025,657.5906386413008,162.00000000000028,0.010752688172043012
manual_both,Stack,Full3C,43,42,strict,S,50,287,188,273,109,164,178,0.3892857142857143,0.9512195121951219,393.5531135531135,70.00000000000028,1356.4767981905566,507.99999999999994,0.05128205128205128
manual_both,Stack,Full3C,43,42,strict,S,100,287,188,273,158,115,129,0.5642857142857143,0.9512195121951219,393.5531135531135,70.00000000000028,1356.4767981905566,507.99999999999994,0.05128205128205128
manual_both,Stack,Full3C,43,42,strict,S,200,287,188,273,198,75,89,0.7071428571428572,0.9512195121951219,393.5531135531135,70.00000000000028,1356.4767981905566,507.99999999999994,0.05128205128205128
manual_both,Stack,Full3C,43,43,accepted,P,50,287,188,283,193,90,94,0.6771929824561403,0.9860627177700348,128.09187279151928,30.00000000000025,653.4001852770945,188.00000000000037,0.01060070671378092
manual_both,Stack,Full3C,43,43,accepted,P,100,287,188,283,232,51,55,0.8140350877192982,0.9860627177700348,128.09187279151928,30.00000000000025,653.4001852770945,188.00000000000037,0.01060070671378092
manual_both,Stack,Full3C,43,43,accepted,P,200,287,188,283,256,27,31,0.8982456140350877,0.9860627177700348,128.09187279151928,30.00000000000025,653.4001852770945,188.00000000000037,0.01060070671378092
manual_both,Stack,Full3C,43,43,accepted,S,50,287,188,282,105,177,182,0.36906854130052724,0.9825783972125436,486.9148936170213,80.00000000000007,1629.328604710437,678.0000000000015,0.0673758865248227
manual_both,Stack,Full3C,43,43,accepted,S,100,287,188,282,160,122,127,0.562390158172232,0.9825783972125436,486.9148936170213,80.00000000000007,1629.328604710437,678.0000000000015,0.0673758865248227
manual_both,Stack,Full3C,43,43,accepted,S,200,287,188,282,199,83,88,0.6994727592267135,0.9825783972125436,486.9148936170213,80.00000000000007,1629.328604710437,678.0000000000015,0.0673758865248227
manual_both,Stack,Full3C,43,43,strict,P,50,287,188,280,192,88,95,0.6772486772486772,0.975609756097561,127.17857142857127,30.00000000000025,656.3326138475826,170.99999999999986,0.010714285714285714
manual_both,Stack,Full3C,43,43,strict,P,100,287,188,280,231,49,56,0.8148148148148148,0.975609756097561,127.17857142857127,30.00000000000025,656.3326138475826,170.99999999999986,0.010714285714285714
manual_both,Stack,Full3C,43,43,strict,P,200,287,188,280,255,25,32,0.8994708994708994,0.975609756097561,127.17857142857127,30.00000000000025,656.3326138475826,170.99999999999986,0.010714285714285714
manual_both,Stack,Full3C,43,43,strict,S,50,287,188,269,102,167,185,0.3669064748201439,0.9372822299651568,459.1821561338289,80.00000000000007,1601.1877561620531,625.9999999999986,0.05947955390334572
manual_both,Stack,Full3C,43,43,strict,S,100,287,188,269,157,112,130,0.564748201438849,0.9372822299651568,459.1821561338289,80.00000000000007,1601.1877561620531,625.9999999999986,0.05947955390334572
manual_both,Stack,Full3C,43,43,strict,S,200,287,188,269,195,74,92,0.7014388489208633,0.9372822299651568,459.1821561338289,80.00000000000007,1601.1877561620531,625.9999999999986,0.05947955390334572
manual_both,Stack,Full3C,43,44,accepted,P,50,287,188,284,191,93,96,0.6690017513134852,0.9895470383275261,133.3450704225351,30.00000000000025,655.8842542168378,197.0000000000004,0.01056338028169014
manual_both,Stack,Full3C,43,44,accepted,P,100,287,188,284,231,53,56,0.809106830122592,0.9895470383275261,133.3450704225351,30.00000000000025,655.8842542168378,197.0000000000004,0.01056338028169014
manual_both,Stack,Full3C,43,44,accepted,P,200,287,188,284,256,28,31,0.8966725043782837,0.9895470383275261,133.3450704225351,30.00000000000025,655.8842542168378,197.0000000000004,0.01056338028169014
manual_both,Stack,Full3C,43,44,accepted,S,50,287,188,283,111,172,176,0.3894736842105263,0.9860627177700348,409.4346289752649,80.00000000000007,1499.5953517803634,533.9999999999999,0.04946996466431095
manual_both,Stack,Full3C,43,44,accepted,S,100,287,188,283,161,122,126,0.5649122807017544,0.9860627177700348,409.4346289752649,80.00000000000007,1499.5953517803634,533.9999999999999,0.04946996466431095
manual_both,Stack,Full3C,43,44,accepted,S,200,287,188,283,200,83,87,0.7017543859649122,0.9860627177700348,409.4346289752649,80.00000000000007,1499.5953517803634,533.9999999999999,0.04946996466431095
manual_both,Stack,Full3C,43,44,strict,P,50,287,188,281,191,90,96,0.6725352112676056,0.9790940766550522,129.78647686832727,30.00000000000025,657.3972728702365,179.99999999999972,0.010676156583629894
manual_both,Stack,Full3C,43,44,strict,P,100,287,188,281,231,50,56,0.8133802816901409,0.9790940766550522,129.78647686832727,30.00000000000025,657.3972728702365,179.99999999999972,0.010676156583629894
manual_both,Stack,Full3C,43,44,strict,P,200,287,188,281,256,25,31,0.9014084507042254,0.9790940766550522,129.78647686832727,30.00000000000025,657.3972728702365,179.99999999999972,0.010676156583629894
manual_both,Stack,Full3C,43,44,strict,S,50,287,188,274,109,165,178,0.38859180035650626,0.9547038327526133,362.66423357664223,80.00000000000007,1404.5547648957092,497.0000000000002,0.040145985401459854
manual_both,Stack,Full3C,43,44,strict,S,100,287,188,274,159,115,128,0.5668449197860963,0.9547038327526133,362.66423357664223,80.00000000000007,1404.5547648957092,497.0000000000002,0.040145985401459854
manual_both,Stack,Full3C,43,44,strict,S,200,287,188,274,196,78,91,0.6987522281639929,0.9547038327526133,362.66423357664223,80.00000000000007,1404.5547648957092,497.0000000000002,0.040145985401459854
manual_both,Stack,Full3C,44,42,accepted,P,50,287,188,285,186,99,101,0.6503496503496503,0.9930313588850174,102.87719298245604,30.00000000000025,448.76907670930973,190.0000000000004,0.007017543859649123
manual_both,Stack,Full3C,44,42,accepted,P,100,287,188,285,229,56,58,0.8006993006993007,0.9930313588850174,102.87719298245604,30.00000000000025,448.76907670930973,190.0000000000004,0.007017543859649123
manual_both,Stack,Full3C,44,42,accepted,P,200,287,188,285,259,26,28,0.9055944055944056,0.9930313588850174,102.87719298245604,30.00000000000025,448.76907670930973,190.0000000000004,0.007017543859649123
manual_both,Stack,Full3C,44,42,accepted,S,50,287,188,284,98,186,189,0.3432574430823117,0.9895470383275261,399.01408450704224,99.99999999999964,1298.1028952901088,530.0000000000006,0.06338028169014084
manual_both,Stack,Full3C,44,42,accepted,S,100,287,188,284,154,130,133,0.5394045534150613,0.9895470383275261,399.01408450704224,99.99999999999964,1298.1028952901088,530.0000000000006,0.06338028169014084
manual_both,Stack,Full3C,44,42,accepted,S,200,287,188,284,196,88,91,0.6865148861646234,0.9895470383275261,399.01408450704224,99.99999999999964,1298.1028952901088,530.0000000000006,0.06338028169014084
manual_both,Stack,Full3C,44,42,strict,P,50,287,188,280,186,94,101,0.656084656084656,0.975609756097561,98.9999999999999,30.00000000000025,450.198368975912,170.99999999999986,0.007142857142857143
manual_both,Stack,Full3C,44,42,strict,P,100,287,188,280,229,51,58,0.8077601410934744,0.975609756097561,98.9999999999999,30.00000000000025,450.198368975912,170.99999999999986,0.007142857142857143
manual_both,Stack,Full3C,44,42,strict,P,200,287,188,280,257,23,30,0.9065255731922398,0.975609756097561,98.9999999999999,30.00000000000025,450.198368975912,170.99999999999986,0.007142857142857143
manual_both,Stack,Full3C,44,42,strict,S,50,287,188,281,98,183,189,0.34507042253521125,0.9790940766550522,382.7758007117438,99.99999999999964,1263.3314710296543,529.9999999999993,0.060498220640569395
manual_both,Stack,Full3C,44,42,strict,S,100,287,188,281,153,128,134,0.5387323943661971,0.9790940766550522,382.7758007117438,99.99999999999964,1263.3314710296543,529.9999999999993,0.060498220640569395
manual_both,Stack,Full3C,44,42,strict,S,200,287,188,281,195,86,92,0.6866197183098591,0.9790940766550522,382.7758007117438,99.99999999999964,1263.3314710296543,529.9999999999993,0.060498220640569395
manual_both,Stack,Full3C,44,43,accepted,P,50,287,188,282,191,91,96,0.671353251318102,0.9825783972125436,100.14184397163109,30.00000000000025,449.0999667577854,160.00000000000014,0.0070921985815602835
manual_both,Stack,Full3C,44,43,accepted,P,100,287,188,282,230,52,57,0.8084358523725835,0.9825783972125436,100.14184397163109,30.00000000000025,449.0999667577854,160.00000000000014,0.0070921985815602835
manual_both,Stack,Full3C,44,43,accepted,P,200,287,188,282,258,24,29,0.9068541300527241,0.9825783972125436,100.14184397163109,30.00000000000025,449.0999667577854,160.00000000000014,0.0070921985815602835
manual_both,Stack,Full3C,44,43,accepted,S,50,287,188,280,99,181,188,0.3492063492063492,0.975609756097561,493.3571428571428,89.99999999999986,1661.4473036654347,642.0000000000005,0.07142857142857142
manual_both,Stack,Full3C,44,43,accepted,S,100,287,188,280,156,124,131,0.5502645502645502,0.975609756097561,493.3571428571428,89.99999999999986,1661.4473036654347,642.0000000000005,0.07142857142857142
manual_both,Stack,Full3C,44,43,accepted,S,200,287,188,280,197,83,90,0.6948853615520282,0.975609756097561,493.3571428571428,89.99999999999986,1661.4473036654347,642.0000000000005,0.07142857142857142
manual_both,Stack,Full3C,44,43,strict,P,50,287,188,280,191,89,96,0.673721340388007,0.975609756097561,98.17857142857132,30.00000000000025,449.5835374464429,160.00000000000014,0.007142857142857143
manual_both,Stack,Full3C,44,43,strict,P,100,287,188,280,230,50,57,0.8112874779541446,0.975609756097561,98.17857142857132,30.00000000000025,449.5835374464429,160.00000000000014,0.007142857142857143
manual_both,Stack,Full3C,44,43,strict,P,200,287,188,280,258,22,29,0.91005291005291,0.975609756097561,98.17857142857132,30.00000000000025,449.5835374464429,160.00000000000014,0.007142857142857143
manual_both,Stack,Full3C,44,43,strict,S,50,287,188,269,99,170,188,0.35611510791366907,0.9372822299651568,404.6468401486988,80.00000000000007,1353.4077875515584,533.9999999999999,0.05947955390334572
manual_both,Stack,Full3C,44,43,strict,S,100,287,188,269,155,114,132,0.5575539568345323,0.9372822299651568,404.6468401486988,80.00000000000007,1353.4077875515584,533.9999999999999,0.05947955390334572
manual_both,Stack,Full3C,44,43,strict,S,200,287,188,269,193,76,94,0.6942446043165468,0.9372822299651568,404.6468401486988,80.00000000000007,1353.4077875515584,533.9999999999999,0.05947955390334572
manual_both,Stack,Full3C,44,44,accepted,P,50,287,188,287,186,101,101,0.6480836236933798,1.0,389.65156794425076,30.00000000000025,2893.957600300062,209.99999999999997,0.017421602787456445
manual_both,Stack,Full3C,44,44,accepted,P,100,287,188,287,227,60,60,0.7909407665505227,1.0,389.65156794425076,30.00000000000025,2893.957600300062,209.99999999999997,0.017421602787456445
manual_both,Stack,Full3C,44,44,accepted,P,200,287,188,287,255,32,32,0.8885017421602788,1.0,389.65156794425076,30.00000000000025,2893.957600300062,209.99999999999997,0.017421602787456445
manual_both,Stack,Full3C,44,44,accepted,S,50,287,188,285,101,184,186,0.3531468531468531,0.9930313588850174,607.719298245614,99.99999999999964,2485.214523551272,668.0000000000009,0.07368421052631578
manual_both,Stack,Full3C,44,44,accepted,S,100,287,188,285,151,134,136,0.527972027972028,0.9930313588850174,607.719298245614,99.99999999999964,2485.214523551272,668.0000000000009,0.07368421052631578
manual_both,Stack,Full3C,44,44,accepted,S,200,287,188,285,197,88,90,0.6888111888111889,0.9930313588850174,607.719298245614,99.99999999999964,2485.214523551272,668.0000000000009,0.07368421052631578
manual_both,Stack,Full3C,44,44,strict,P,50,287,188,282,186,96,101,0.6537785588752196,0.9825783972125436,102.5886524822694,30.00000000000025,451.3631834833844,188.00000000000045,0.0070921985815602835
manual_both,Stack,Full3C,44,44,strict,P,100,287,188,282,227,55,60,0.7978910369068541,0.9825783972125436,102.5886524822694,30.00000000000025,451.3631834833844,188.00000000000045,0.0070921985815602835
manual_both,Stack,Full3C,44,44,strict,P,200,287,188,282,255,27,32,0.8963093145869947,0.9825783972125436,102.5886524822694,30.00000000000025,451.3631834833844,188.00000000000045,0.0070921985815602835
manual_both,Stack,Full3C,44,44,strict,S,50,287,188,275,101,174,186,0.3594306049822064,0.9581881533101045,362.1818181818182,89.99999999999986,1194.3238482695783,537.999999999998,0.05818181818181818
manual_both,Stack,Full3C,44,44,strict,S,100,287,188,275,151,124,136,0.5373665480427047,0.9581881533101045,362.1818181818182,89.99999999999986,1194.3238482695783,537.999999999998,0.05818181818181818
manual_both,Stack,Full3C,44,44,strict,S,200,287,188,275,196,79,91,0.697508896797153,0.9581881533101045,362.1818181818182,89.99999999999986,1194.3238482695783,537.999999999998,0.05818181818181818
manual_both,Stack,Zonly,42,42,accepted,P,50,287,188,285,186,99,101,0.6503496503496503,0.9930313588850174,176.70175438596482,30.00000000000025,988.719888312084,210.0000000000005,0.014035087719298246
manual_both,Stack,Zonly,42,42,accepted,P,100,287,188,285,225,60,62,0.7867132867132867,0.9930313588850174,176.70175438596482,30.00000000000025,988.719888312084,210.0000000000005,0.014035087719298246
manual_both,Stack,Zonly,42,42,accepted,P,200,287,188,285,254,31,33,0.8881118881118881,0.9930313588850174,176.70175438596482,30.00000000000025,988.719888312084,210.0000000000005,0.014035087719298246
manual_both,Stack,Zonly,42,42,accepted,S,50,287,188,275,49,226,238,0.17437722419928825,0.9581881533101045,1043.6,239.99999999999844,2268.451694638678,3752.0,0.20363636363636364
manual_both,Stack,Zonly,42,42,accepted,S,100,287,188,275,83,192,204,0.29537366548042704,0.9581881533101045,1043.6,239.99999999999844,2268.451694638678,3752.0,0.20363636363636364
manual_both,Stack,Zonly,42,42,accepted,S,200,287,188,275,125,150,162,0.44483985765124556,0.9581881533101045,1043.6,239.99999999999844,2268.451694638678,3752.0,0.20363636363636364
manual_both,Stack,Zonly,42,42,strict,P,50,287,188,283,186,97,101,0.6526315789473685,0.9860627177700348,175.54770318021193,30.00000000000025,991.5359110478686,209.99999999999997,0.014134275618374558
manual_both,Stack,Zonly,42,42,strict,P,100,287,188,283,224,59,63,0.7859649122807018,0.9860627177700348,175.54770318021193,30.00000000000025,991.5359110478686,209.99999999999997,0.014134275618374558
manual_both,Stack,Zonly,42,42,strict,P,200,287,188,283,253,30,34,0.887719298245614,0.9860627177700348,175.54770318021193,30.00000000000025,991.5359110478686,209.99999999999997,0.014134275618374558
manual_both,Stack,Zonly,42,42,strict,S,50,287,188,220,43,177,244,0.16962524654832348,0.7665505226480837,816.9545454545453,210.00000000000085,1827.2755427386721,3075.0,0.1590909090909091
manual_both,Stack,Zonly,42,42,strict,S,100,287,188,220,70,150,217,0.27613412228796846,0.7665505226480837,816.9545454545453,210.00000000000085,1827.2755427386721,3075.0,0.1590909090909091
manual_both,Stack,Zonly,42,42,strict,S,200,287,188,220,108,112,179,0.4260355029585799,0.7665505226480837,816.9545454545453,210.00000000000085,1827.2755427386721,3075.0,0.1590909090909091
manual_both,Stack,Zonly,42,43,accepted,P,50,287,188,282,190,92,97,0.6678383128295254,0.9825783972125436,132.55319148936155,39.99999999999915,654.9435577435564,218.99999999999983,0.010638297872340425
manual_both,Stack,Zonly,42,43,accepted,P,100,287,188,282,227,55,60,0.7978910369068541,0.9825783972125436,132.55319148936155,39.99999999999915,654.9435577435564,218.99999999999983,0.010638297872340425
manual_both,Stack,Zonly,42,43,accepted,P,200,287,188,282,252,30,35,0.8857644991212654,0.9825783972125436,132.55319148936155,39.99999999999915,654.9435577435564,218.99999999999983,0.010638297872340425
manual_both,Stack,Zonly,42,43,accepted,S,50,287,188,260,44,216,243,0.16087751371115175,0.9059233449477352,1147.8076923076924,239.99999999999932,2478.7053847957377,4329.999999999998,0.2076923076923077
manual_both,Stack,Zonly,42,43,accepted,S,100,287,188,260,79,181,208,0.28884826325411334,0.9059233449477352,1147.8076923076924,239.99999999999932,2478.7053847957377,4329.999999999998,0.2076923076923077
manual_both,Stack,Zonly,42,43,accepted,S,200,287,188,260,117,143,170,0.42778793418647165,0.9059233449477352,1147.8076923076924,239.99999999999932,2478.7053847957377,4329.999999999998,0.2076923076923077
manual_both,Stack,Zonly,42,43,strict,P,50,287,188,279,188,91,99,0.6643109540636042,0.9721254355400697,133.36917562724003,39.99999999999915,658.4115238716779,219.99999999999974,0.010752688172043012
manual_both,Stack,Zonly,42,43,strict,P,100,287,188,279,225,54,62,0.7950530035335689,0.9721254355400697,133.36917562724003,39.99999999999915,658.4115238716779,219.99999999999974,0.010752688172043012
manual_both,Stack,Zonly,42,43,strict,P,200,287,188,279,249,30,38,0.8798586572438163,0.9721254355400697,133.36917562724003,39.99999999999915,658.4115238716779,219.99999999999974,0.010752688172043012
manual_both,Stack,Zonly,42,43,strict,S,50,287,188,198,34,164,253,0.1402061855670103,0.6898954703832753,924.6464646464646,229.99999999999864,2083.188116150994,3469.999999999999,0.1717171717171717
manual_both,Stack,Zonly,42,43,strict,S,100,287,188,198,61,137,226,0.2515463917525773,0.6898954703832753,924.6464646464646,229.99999999999864,2083.188116150994,3469.999999999999,0.1717171717171717
manual_both,Stack,Zonly,42,43,strict,S,200,287,188,198,93,105,194,0.3835051546391753,0.6898954703832753,924.6464646464646,229.99999999999864,2083.188116150994,3469.999999999999,0.1717171717171717
manual_both,Stack,Zonly,42,44,accepted,P,50,287,188,283,187,96,100,0.656140350877193,0.9860627177700348,134.34628975265008,30.00000000000025,656.1171790543033,200.00000000000017,0.01060070671378092
manual_both,Stack,Zonly,42,44,accepted,P,100,287,188,283,228,55,59,0.8,0.9860627177700348,134.34628975265008,30.00000000000025,656.1171790543033,200.00000000000017,0.01060070671378092
manual_both,Stack,Zonly,42,44,accepted,P,200,287,188,283,256,27,31,0.8982456140350877,0.9860627177700348,134.34628975265008,30.00000000000025,656.1171790543033,200.00000000000017,0.01060070671378092
manual_both,Stack,Zonly,42,44,accepted,S,50,287,188,251,48,203,239,0.17843866171003717,0.8745644599303136,1080.4382470119522,240.00000000000023,2479.6040520575216,3989.9999999999986,0.17131474103585656
manual_both,Stack,Zonly,42,44,accepted,S,100,287,188,251,78,173,209,0.2899628252788104,0.8745644599303136,1080.4382470119522,240.00000000000023,2479.6040520575216,3989.9999999999986,0.17131474103585656
manual_both,Stack,Zonly,42,44,accepted,S,200,287,188,251,110,141,177,0.40892193308550184,0.8745644599303136,1080.4382470119522,240.00000000000023,2479.6040520575216,3989.9999999999986,0.17131474103585656
manual_both,Stack,Zonly,42,44,strict,P,50,287,188,280,186,94,101,0.656084656084656,0.975609756097561,132.92857142857133,30.00000000000025,658.6192266509427,200.00000000000017,0.010714285714285714
manual_both,Stack,Zonly,42,44,strict,P,100,287,188,280,227,53,60,0.800705467372134,0.975609756097561,132.92857142857133,30.00000000000025,658.6192266509427,200.00000000000017,0.010714285714285714
manual_both,Stack,Zonly,42,44,strict,P,200,287,188,280,254,26,33,0.8959435626102292,0.975609756097561,132.92857142857133,30.00000000000025,658.6192266509427,200.00000000000017,0.010714285714285714
manual_both,Stack,Zonly,42,44,strict,S,50,287,188,153,37,116,250,0.16818181818181818,0.5331010452961672,646.9281045751633,159.99999999999835,1753.054850023108,1023.9999999999998,0.10457516339869281
manual_both,Stack,Zonly,42,44,strict,S,100,287,188,153,61,92,226,0.2772727272727273,0.5331010452961672,646.9281045751633,159.99999999999835,1753.054850023108,1023.9999999999998,0.10457516339869281
manual_both,Stack,Zonly,42,44,strict,S,200,287,188,153,80,73,207,0.36363636363636365,0.5331010452961672,646.9281045751633,159.99999999999835,1753.054850023108,1023.9999999999998,0.10457516339869281
manual_both,Stack,Zonly,43,42,accepted,P,50,287,188,287,192,95,95,0.6689895470383276,1.0,359.4773519163762,30.00000000000025,2497.4115519734255,219.99999999999974,0.020905923344947737
manual_both,Stack,Zonly,43,42,accepted,P,100,287,188,287,230,57,57,0.8013937282229965,1.0,359.4773519163762,30.00000000000025,2497.4115519734255,219.99999999999974,0.020905923344947737
manual_both,Stack,Zonly,43,42,accepted,P,200,287,188,287,257,30,30,0.8954703832752613,1.0,359.4773519163762,30.00000000000025,2497.4115519734255,219.99999999999974,0.020905923344947737
manual_both,Stack,Zonly,43,42,accepted,S,50,287,188,275,42,233,245,0.1494661921708185,0.9581881533101045,1271.418181818182,240.000000000002,2839.803194205222,4329.999999999998,0.22545454545454546
manual_both,Stack,Zonly,43,42,accepted,S,100,287,188,275,76,199,211,0.2704626334519573,0.9581881533101045,1271.418181818182,240.000000000002,2839.803194205222,4329.999999999998,0.22545454545454546
manual_both,Stack,Zonly,43,42,accepted,S,200,287,188,275,120,155,167,0.42704626334519574,0.9581881533101045,1271.418181818182,240.000000000002,2839.803194205222,4329.999999999998,0.22545454545454546
manual_both,Stack,Zonly,43,42,strict,P,50,287,188,284,191,93,96,0.6690017513134852,0.9895470383275261,317.18309859154925,30.00000000000025,2393.4249724174665,190.0000000000004,0.017605633802816902
manual_both,Stack,Zonly,43,42,strict,P,100,287,188,284,229,55,58,0.8021015761821366,0.9895470383275261,317.18309859154925,30.00000000000025,2393.4249724174665,190.0000000000004,0.017605633802816902
manual_both,Stack,Zonly,43,42,strict,P,200,287,188,284,256,28,31,0.8966725043782837,0.9895470383275261,317.18309859154925,30.00000000000025,2393.4249724174665,190.0000000000004,0.017605633802816902
manual_both,Stack,Zonly,43,42,strict,S,50,287,188,223,36,187,251,0.1411764705882353,0.7770034843205574,1111.8385650224216,230.00000000000043,2751.1320132374763,3704.0000000000027,0.18385650224215247
manual_both,Stack,Zonly,43,42,strict,S,100,287,188,223,64,159,223,0.25098039215686274,0.7770034843205574,1111.8385650224216,230.00000000000043,2751.1320132374763,3704.0000000000027,0.18385650224215247
manual_both,Stack,Zonly,43,42,strict,S,200,287,188,223,104,119,183,0.40784313725490196,0.7770034843205574,1111.8385650224216,230.00000000000043,2751.1320132374763,3704.0000000000027,0.18385650224215247
manual_both,Stack,Zonly,43,43,accepted,P,50,287,188,283,190,93,97,0.6666666666666666,0.9860627177700348,131.9081272084804,30.00000000000025,654.5904770003191,200.00000000000017,0.01060070671378092
manual_both,Stack,Zonly,43,43,accepted,P,100,287,188,283,228,55,59,0.8,0.9860627177700348,131.9081272084804,30.00000000000025,654.5904770003191,200.00000000000017,0.01060070671378092
manual_both,Stack,Zonly,43,43,accepted,P,200,287,188,283,257,26,30,0.9017543859649123,0.9860627177700348,131.9081272084804,30.00000000000025,654.5904770003191,200.00000000000017,0.01060070671378092
manual_both,Stack,Zonly,43,43,accepted,S,50,287,188,263,39,224,248,0.14181818181818182,0.9163763066202091,1127.7186311787073,250.0,2640.8053415030477,3790.0,0.19391634980988592
manual_both,Stack,Zonly,43,43,accepted,S,100,287,188,263,70,193,217,0.2545454545454545,0.9163763066202091,1127.7186311787073,250.0,2640.8053415030477,3790.0,0.19391634980988592
manual_both,Stack,Zonly,43,43,accepted,S,200,287,188,263,116,147,171,0.4218181818181818,0.9163763066202091,1127.7186311787073,250.0,2640.8053415030477,3790.0,0.19391634980988592
manual_both,Stack,Zonly,43,43,strict,P,50,287,188,281,190,91,97,0.6690140845070423,0.9790940766550522,129.89323843416355,30.00000000000025,655.4773327948337,200.00000000000017,0.010676156583629894
manual_both,Stack,Zonly,43,43,strict,P,100,287,188,281,228,53,59,0.8028169014084507,0.9790940766550522,129.89323843416355,30.00000000000025,655.4773327948337,200.00000000000017,0.010676156583629894
manual_both,Stack,Zonly,43,43,strict,P,200,287,188,281,256,25,31,0.9014084507042254,0.9790940766550522,129.89323843416355,30.00000000000025,655.4773327948337,200.00000000000017,0.010676156583629894
manual_both,Stack,Zonly,43,43,strict,S,50,287,188,217,34,183,253,0.1349206349206349,0.7560975609756098,1059.2626728110597,209.9999999999991,2672.56827754815,3439.9999999999995,0.16129032258064516
manual_both,Stack,Zonly,43,43,strict,S,100,287,188,217,63,154,224,0.25,0.7560975609756098,1059.2626728110597,209.9999999999991,2672.56827754815,3439.9999999999995,0.16129032258064516
manual_both,Stack,Zonly,43,43,strict,S,200,287,188,217,104,113,183,0.4126984126984127,0.7560975609756098,1059.2626728110597,209.9999999999991,2672.56827754815,3439.9999999999995,0.16129032258064516
manual_both,Stack,Zonly,43,44,accepted,P,50,287,188,282,195,87,92,0.6854130052724078,0.9825783972125436,130.9574468085105,34.9999999999997,656.1414719446361,190.0000000000004,0.010638297872340425
manual_both,Stack,Zonly,43,44,accepted,P,100,287,188,282,226,56,61,0.7943760984182777,0.9825783972125436,130.9574468085105,34.9999999999997,656.1414719446361,190.0000000000004,0.010638297872340425
manual_both,Stack,Zonly,43,44,accepted,P,200,287,188,282,257,25,30,0.9033391915641477,0.9825783972125436,130.9574468085105,34.9999999999997,656.1414719446361,190.0000000000004,0.010638297872340425
manual_both,Stack,Zonly,43,44,accepted,S,50,287,188,257,34,223,253,0.125,0.8954703832752613,1203.307392996109,219.99999999999886,2835.8644603284706,4202.0,0.20233463035019456
manual_both,Stack,Zonly,43,44,accepted,S,100,287,188,257,70,187,217,0.25735294117647056,0.8954703832752613,1203.307392996109,219.99999999999886,2835.8644603284706,4202.0,0.20233463035019456
manual_both,Stack,Zonly,43,44,accepted,S,200,287,188,257,115,142,172,0.4227941176470588,0.8954703832752613,1203.307392996109,219.99999999999886,2835.8644603284706,4202.0,0.20233463035019456
manual_both,Stack,Zonly,43,44,strict,P,50,287,188,280,195,85,92,0.6878306878306878,0.975609756097561,129.17857142857133,30.00000000000025,657.3298258865179,190.0000000000004,0.010714285714285714
manual_both,Stack,Zonly,43,44,strict,P,100,287,188,280,226,54,61,0.7971781305114638,0.975609756097561,129.17857142857133,30.00000000000025,657.3298258865179,190.0000000000004,0.010714285714285714
manual_both,Stack,Zonly,43,44,strict,P,200,287,188,280,256,24,31,0.9029982363315696,0.975609756097561,129.17857142857133,30.00000000000025,657.3298258865179,190.0000000000004,0.010714285714285714
manual_both,Stack,Zonly,43,44,strict,S,50,287,188,199,30,169,257,0.12345679012345678,0.6933797909407665,1095.8793969849246,199.9999999999993,2881.202638346717,3519.9999999999995,0.1708542713567839
manual_both,Stack,Zonly,43,44,strict,S,100,287,188,199,62,137,225,0.2551440329218107,0.6933797909407665,1095.8793969849246,199.9999999999993,2881.202638346717,3519.9999999999995,0.1708542713567839
manual_both,Stack,Zonly,43,44,strict,S,200,287,188,199,100,99,187,0.411522633744856,0.6933797909407665,1095.8793969849246,199.9999999999993,2881.202638346717,3519.9999999999995,0.1708542713567839
manual_both,Stack,Zonly,44,42,accepted,P,50,287,188,284,198,86,89,0.6935201401050788,0.9895470383275261,129.78873239436606,30.00000000000025,653.0394807209451,187.00000000000006,0.01056338028169014
manual_both,Stack,Zonly,44,42,accepted,P,100,287,188,284,228,56,59,0.7985989492119089,0.9895470383275261,129.78873239436606,30.00000000000025,653.0394807209451,187.00000000000006,0.01056338028169014
manual_both,Stack,Zonly,44,42,accepted,P,200,287,188,284,259,25,28,0.9071803852889667,0.9895470383275261,129.78873239436606,30.00000000000025,653.0394807209451,187.00000000000006,0.01056338028169014
manual_both,Stack,Zonly,44,42,accepted,S,50,287,188,271,48,223,239,0.17204301075268819,0.9442508710801394,946.9741697416974,229.99999999999687,2166.5006559544177,3250.000000000002,0.17712177121771217
manual_both,Stack,Zonly,44,42,accepted,S,100,287,188,271,83,188,204,0.2974910394265233,0.9442508710801394,946.9741697416974,229.99999999999687,2166.5006559544177,3250.000000000002,0.17712177121771217
manual_both,Stack,Zonly,44,42,accepted,S,200,287,188,271,131,140,156,0.46953405017921146,0.9442508710801394,946.9741697416974,229.99999999999687,2166.5006559544177,3250.000000000002,0.17712177121771217
manual_both,Stack,Zonly,44,42,strict,P,50,287,188,276,196,80,91,0.6962699822380106,0.9616724738675958,99.89130434782597,30.00000000000025,453.9133384695582,169.99999999999994,0.007246376811594203
manual_both,Stack,Zonly,44,42,strict,P,100,287,188,276,226,50,61,0.8028419182948491,0.9616724738675958,99.89130434782597,30.00000000000025,453.9133384695582,169.99999999999994,0.007246376811594203
manual_both,Stack,Zonly,44,42,strict,P,200,287,188,276,253,23,34,0.8987566607460036,0.9616724738675958,99.89130434782597,30.00000000000025,453.9133384695582,169.99999999999994,0.007246376811594203
manual_both,Stack,Zonly,44,42,strict,S,50,287,188,225,37,188,250,0.14453125,0.7839721254355401,928.8444444444444,209.9999999999991,2228.9065580334327,3238.0000000000005,0.15555555555555556
manual_both,Stack,Zonly,44,42,strict,S,100,287,188,225,70,155,217,0.2734375,0.7839721254355401,928.8444444444444,209.9999999999991,2228.9065580334327,3238.0000000000005,0.15555555555555556
manual_both,Stack,Zonly,44,42,strict,S,200,287,188,225,112,113,175,0.4375,0.7839721254355401,928.8444444444444,209.9999999999991,2228.9065580334327,3238.0000000000005,0.15555555555555556
manual_both,Stack,Zonly,44,43,accepted,P,50,287,188,286,192,94,95,0.6701570680628273,0.9965156794425087,317.2727272727272,30.00000000000025,2248.133491544529,205.00000000000006,0.02097902097902098
manual_both,Stack,Zonly,44,43,accepted,P,100,287,188,286,230,56,57,0.8027923211169284,0.9965156794425087,317.2727272727272,30.00000000000025,2248.133491544529,205.00000000000006,0.02097902097902098
manual_both,Stack,Zonly,44,43,accepted,P,200,287,188,286,257,29,30,0.8970331588132635,0.9965156794425087,317.2727272727272,30.00000000000025,2248.133491544529,205.00000000000006,0.02097902097902098
manual_both,Stack,Zonly,44,43,accepted,S,50,287,188,269,36,233,251,0.12949640287769784,0.9372822299651568,1011.9702602230483,219.99999999999886,2310.6104055198603,3738.000000000001,0.17472118959107807
manual_both,Stack,Zonly,44,43,accepted,S,100,287,188,269,76,193,211,0.2733812949640288,0.9372822299651568,1011.9702602230483,219.99999999999886,2310.6104055198603,3738.000000000001,0.17472118959107807
manual_both,Stack,Zonly,44,43,accepted,S,200,287,188,269,130,139,157,0.4676258992805755,0.9372822299651568,1011.9702602230483,219.99999999999886,2310.6104055198603,3738.000000000001,0.17472118959107807
manual_both,Stack,Zonly,44,43,strict,P,50,287,188,281,192,89,95,0.676056338028169,0.9790940766550522,128.71886120996427,30.00000000000025,654.8447970206784,190.0000000000004,0.010676156583629894
manual_both,Stack,Zonly,44,43,strict,P,100,287,188,281,230,51,57,0.8098591549295775,0.9790940766550522,128.71886120996427,30.00000000000025,654.8447970206784,190.0000000000004,0.010676156583629894
manual_both,Stack,Zonly,44,43,strict,P,200,287,188,281,256,25,31,0.9014084507042254,0.9790940766550522,128.71886120996427,30.00000000000025,654.8447970206784,190.0000000000004,0.010676156583629894
manual_both,Stack,Zonly,44,43,strict,S,50,287,188,219,30,189,257,0.11857707509881422,0.7630662020905923,795.7990867579908,199.9999999999993,1787.37428909422,3098.000000000004,0.1461187214611872
manual_both,Stack,Zonly,44,43,strict,S,100,287,188,219,67,152,220,0.2648221343873518,0.7630662020905923,795.7990867579908,199.9999999999993,1787.37428909422,3098.000000000004,0.1461187214611872
manual_both,Stack,Zonly,44,43,strict,S,200,287,188,219,113,106,174,0.44664031620553357,0.7630662020905923,795.7990867579908,199.9999999999993,1787.37428909422,3098.000000000004,0.1461187214611872
manual_both,Stack,Zonly,44,44,accepted,P,50,287,188,284,196,88,91,0.6865148861646234,0.9895470383275261,165.52816901408437,30.00000000000025,821.4267474391437,184.00000000000028,0.017605633802816902
manual_both,Stack,Zonly,44,44,accepted,P,100,287,188,284,229,55,58,0.8021015761821366,0.9895470383275261,165.52816901408437,30.00000000000025,821.4267474391437,184.00000000000028,0.017605633802816902
manual_both,Stack,Zonly,44,44,accepted,P,200,287,188,284,258,26,29,0.9036777583187391,0.9895470383275261,165.52816901408437,30.00000000000025,821.4267474391437,184.00000000000028,0.017605633802816902
manual_both,Stack,Zonly,44,44,accepted,S,50,287,188,277,50,227,237,0.1773049645390071,0.9651567944250871,959.5306859205776,259.9999999999998,2278.5883748385663,3330.000000000001,0.15162454873646208
manual_both,Stack,Zonly,44,44,accepted,S,100,287,188,277,75,202,212,0.26595744680851063,0.9651567944250871,959.5306859205776,259.9999999999998,2278.5883748385663,3330.000000000001,0.15162454873646208
manual_both,Stack,Zonly,44,44,accepted,S,200,287,188,277,121,156,166,0.42907801418439717,0.9651567944250871,959.5306859205776,259.9999999999998,2278.5883748385663,3330.000000000001,0.15162454873646208
manual_both,Stack,Zonly,44,44,strict,P,50,287,188,280,196,84,91,0.691358024691358,0.975609756097561,156.35714285714272,30.00000000000025,811.2204209883843,169.99999999999994,0.014285714285714285
manual_both,Stack,Zonly,44,44,strict,P,100,287,188,280,228,52,59,0.8042328042328042,0.975609756097561,156.35714285714272,30.00000000000025,811.2204209883843,169.99999999999994,0.014285714285714285
manual_both,Stack,Zonly,44,44,strict,P,200,287,188,280,256,24,31,0.9029982363315696,0.975609756097561,156.35714285714272,30.00000000000025,811.2204209883843,169.99999999999994,0.014285714285714285
manual_both,Stack,Zonly,44,44,strict,S,50,287,188,227,42,185,245,0.16342412451361868,0.7909407665505227,791.8942731277533,229.99999999999864,1900.432364438726,1956.0000000000014,0.13656387665198239
manual_both,Stack,Zonly,44,44,strict,S,100,287,188,227,67,160,220,0.2607003891050584,0.7909407665505227,791.8942731277533,229.99999999999864,1900.432364438726,1956.0000000000014,0.13656387665198239
manual_both,Stack,Zonly,44,44,strict,S,200,287,188,227,108,119,179,0.42023346303501946,0.7909407665505227,791.8942731277533,229.99999999999864,1900.432364438726,1956.0000000000014,0.13656387665198239
manual_both,PhaseNetMatched,Full3C,42,,accepted,P,50,287,188,287,282,5,5,0.9825783972125436,1.0,19.7909407665503,9.999999999999787,87.16998492472625,19.999999999999574,0.0
manual_both,PhaseNetMatched,Full3C,42,,accepted,P,100,287,188,287,284,3,3,0.9895470383275261,1.0,19.7909407665503,9.999999999999787,87.16998492472625,19.999999999999574,0.0
manual_both,PhaseNetMatched,Full3C,42,,accepted,P,200,287,188,287,284,3,3,0.9895470383275261,1.0,19.7909407665503,9.999999999999787,87.16998492472625,19.999999999999574,0.0
manual_both,PhaseNetMatched,Full3C,42,,accepted,S,50,287,188,287,96,191,191,0.3344947735191638,1.0,180.9407665505226,89.99999999999986,390.2652542068214,442.000000000001,0.013937282229965157
manual_both,PhaseNetMatched,Full3C,42,,accepted,S,100,287,188,287,162,125,125,0.5644599303135889,1.0,180.9407665505226,89.99999999999986,390.2652542068214,442.000000000001,0.013937282229965157
manual_both,PhaseNetMatched,Full3C,42,,accepted,S,200,287,188,287,212,75,75,0.7386759581881533,1.0,180.9407665505226,89.99999999999986,390.2652542068214,442.000000000001,0.013937282229965157
manual_both,PhaseNetMatched,Full3C,42,,strict,P,50,287,188,287,282,5,5,0.9825783972125436,1.0,19.7909407665503,9.999999999999787,87.16998492472625,19.999999999999574,0.0
manual_both,PhaseNetMatched,Full3C,42,,strict,P,100,287,188,287,284,3,3,0.9895470383275261,1.0,19.7909407665503,9.999999999999787,87.16998492472625,19.999999999999574,0.0
manual_both,PhaseNetMatched,Full3C,42,,strict,P,200,287,188,287,284,3,3,0.9895470383275261,1.0,19.7909407665503,9.999999999999787,87.16998492472625,19.999999999999574,0.0
manual_both,PhaseNetMatched,Full3C,42,,strict,S,50,287,188,287,96,191,191,0.3344947735191638,1.0,180.9407665505226,89.99999999999986,390.2652542068214,442.000000000001,0.013937282229965157
manual_both,PhaseNetMatched,Full3C,42,,strict,S,100,287,188,287,162,125,125,0.5644599303135889,1.0,180.9407665505226,89.99999999999986,390.2652542068214,442.000000000001,0.013937282229965157
manual_both,PhaseNetMatched,Full3C,42,,strict,S,200,287,188,287,212,75,75,0.7386759581881533,1.0,180.9407665505226,89.99999999999986,390.2652542068214,442.000000000001,0.013937282229965157
manual_both,PhaseNetMatched,Full3C,43,,accepted,P,50,287,188,287,284,3,3,0.9895470383275261,1.0,12.996515679442455,0.0,102.49670683925403,9.999999999999787,0.0
manual_both,PhaseNetMatched,Full3C,43,,accepted,P,100,287,188,287,284,3,3,0.9895470383275261,1.0,12.996515679442455,0.0,102.49670683925403,9.999999999999787,0.0
manual_both,PhaseNetMatched,Full3C,43,,accepted,P,200,287,188,287,284,3,3,0.9895470383275261,1.0,12.996515679442455,0.0,102.49670683925403,9.999999999999787,0.0
manual_both,PhaseNetMatched,Full3C,43,,accepted,S,50,287,188,285,112,173,175,0.3916083916083916,0.9930313588850174,170.98245614035088,70.00000000000028,397.65673286514647,431.99999999999955,0.007017543859649123
manual_both,PhaseNetMatched,Full3C,43,,accepted,S,100,287,188,285,174,111,113,0.6083916083916084,0.9930313588850174,170.98245614035088,70.00000000000028,397.65673286514647,431.99999999999955,0.007017543859649123
manual_both,PhaseNetMatched,Full3C,43,,accepted,S,200,287,188,285,214,71,73,0.7482517482517482,0.9930313588850174,170.98245614035088,70.00000000000028,397.65673286514647,431.99999999999955,0.007017543859649123
manual_both,PhaseNetMatched,Full3C,43,,strict,P,50,287,188,287,284,3,3,0.9895470383275261,1.0,12.996515679442455,0.0,102.49670683925403,9.999999999999787,0.0
manual_both,PhaseNetMatched,Full3C,43,,strict,P,100,287,188,287,284,3,3,0.9895470383275261,1.0,12.996515679442455,0.0,102.49670683925403,9.999999999999787,0.0
manual_both,PhaseNetMatched,Full3C,43,,strict,P,200,287,188,287,284,3,3,0.9895470383275261,1.0,12.996515679442455,0.0,102.49670683925403,9.999999999999787,0.0
manual_both,PhaseNetMatched,Full3C,43,,strict,S,50,287,188,284,112,172,175,0.3922942206654991,0.9895470383275261,171.33802816901408,70.00000000000028,398.3345610604373,433.99999999999994,0.007042253521126761
manual_both,PhaseNetMatched,Full3C,43,,strict,S,100,287,188,284,173,111,114,0.6059544658493871,0.9895470383275261,171.33802816901408,70.00000000000028,398.3345610604373,433.99999999999994,0.007042253521126761
manual_both,PhaseNetMatched,Full3C,43,,strict,S,200,287,188,284,213,71,74,0.7460595446584939,0.9895470383275261,171.33802816901408,70.00000000000028,398.3345610604373,433.99999999999994,0.007042253521126761
manual_both,PhaseNetMatched,Full3C,44,,accepted,P,50,287,188,286,285,1,2,0.9947643979057592,0.9965156794425087,17.482517482517263,9.999999999999787,60.919527338849285,29.99999999999936,0.0
manual_both,PhaseNetMatched,Full3C,44,,accepted,P,100,287,188,286,285,1,2,0.9947643979057592,0.9965156794425087,17.482517482517263,9.999999999999787,60.919527338849285,29.99999999999936,0.0
manual_both,PhaseNetMatched,Full3C,44,,accepted,P,200,287,188,286,285,1,2,0.9947643979057592,0.9965156794425087,17.482517482517263,9.999999999999787,60.919527338849285,29.99999999999936,0.0
manual_both,PhaseNetMatched,Full3C,44,,accepted,S,50,287,188,286,91,195,196,0.31762652705061084,0.9965156794425087,173.07692307692304,99.99999999999964,264.95942425869,465.00000000000074,0.0034965034965034965
manual_both,PhaseNetMatched,Full3C,44,,accepted,S,100,287,188,286,150,136,137,0.5235602094240838,0.9965156794425087,173.07692307692304,99.99999999999964,264.95942425869,465.00000000000074,0.0034965034965034965
manual_both,PhaseNetMatched,Full3C,44,,accepted,S,200,287,188,286,200,86,87,0.6980802792321117,0.9965156794425087,173.07692307692304,99.99999999999964,264.95942425869,465.00000000000074,0.0034965034965034965
manual_both,PhaseNetMatched,Full3C,44,,strict,P,50,287,188,286,285,1,2,0.9947643979057592,0.9965156794425087,17.482517482517263,9.999999999999787,60.919527338849285,29.99999999999936,0.0
manual_both,PhaseNetMatched,Full3C,44,,strict,P,100,287,188,286,285,1,2,0.9947643979057592,0.9965156794425087,17.482517482517263,9.999999999999787,60.919527338849285,29.99999999999936,0.0
manual_both,PhaseNetMatched,Full3C,44,,strict,P,200,287,188,286,285,1,2,0.9947643979057592,0.9965156794425087,17.482517482517263,9.999999999999787,60.919527338849285,29.99999999999936,0.0
manual_both,PhaseNetMatched,Full3C,44,,strict,S,50,287,188,285,91,194,196,0.3181818181818182,0.9930313588850174,170.3508771929824,99.99999999999964,259.3899726179422,444.0000000000003,0.0035087719298245615
manual_both,PhaseNetMatched,Full3C,44,,strict,S,100,287,188,285,150,135,137,0.5244755244755245,0.9930313588850174,170.3508771929824,99.99999999999964,259.3899726179422,444.0000000000003,0.0035087719298245615
manual_both,PhaseNetMatched,Full3C,44,,strict,S,200,287,188,285,200,85,87,0.6993006993006993,0.9930313588850174,170.3508771929824,99.99999999999964,259.3899726179422,444.0000000000003,0.0035087719298245615
manual_both,PhaseNetMatched,Zonly,42,,accepted,P,50,287,188,287,284,3,3,0.9895470383275261,1.0,21.219512195121826,0.0,147.15537310187693,19.999999999999574,0.003484320557491289
manual_both,PhaseNetMatched,Zonly,42,,accepted,P,100,287,188,287,284,3,3,0.9895470383275261,1.0,21.219512195121826,0.0,147.15537310187693,19.999999999999574,0.003484320557491289
manual_both,PhaseNetMatched,Zonly,42,,accepted,P,200,287,188,287,284,3,3,0.9895470383275261,1.0,21.219512195121826,0.0,147.15537310187693,19.999999999999574,0.003484320557491289
manual_both,PhaseNetMatched,Zonly,42,,accepted,S,50,287,188,287,45,242,242,0.156794425087108,1.0,590.0696864111499,190.0000000000004,1779.0230455268643,990.0000000000009,0.09059233449477352
manual_both,PhaseNetMatched,Zonly,42,,accepted,S,100,287,188,287,86,201,201,0.29965156794425085,1.0,590.0696864111499,190.0000000000004,1779.0230455268643,990.0000000000009,0.09059233449477352
manual_both,PhaseNetMatched,Zonly,42,,accepted,S,200,287,188,287,149,138,138,0.519163763066202,1.0,590.0696864111499,190.0000000000004,1779.0230455268643,990.0000000000009,0.09059233449477352
manual_both,PhaseNetMatched,Zonly,42,,strict,P,50,287,188,286,284,2,3,0.9912739965095986,0.9965156794425087,17.797202797202672,0.0,135.03301849516686,19.999999999999574,0.0034965034965034965
manual_both,PhaseNetMatched,Zonly,42,,strict,P,100,287,188,286,284,2,3,0.9912739965095986,0.9965156794425087,17.797202797202672,0.0,135.03301849516686,19.999999999999574,0.0034965034965034965
manual_both,PhaseNetMatched,Zonly,42,,strict,P,200,287,188,286,284,2,3,0.9912739965095986,0.9965156794425087,17.797202797202672,0.0,135.03301849516686,19.999999999999574,0.0034965034965034965
manual_both,PhaseNetMatched,Zonly,42,,strict,S,50,287,188,283,45,238,242,0.15789473684210525,0.9860627177700348,530.565371024735,189.9999999999995,1567.603897289933,970.0000000000003,0.08480565371024736
manual_both,PhaseNetMatched,Zonly,42,,strict,S,100,287,188,283,86,197,201,0.3017543859649123,0.9860627177700348,530.565371024735,189.9999999999995,1567.603897289933,970.0000000000003,0.08480565371024736
manual_both,PhaseNetMatched,Zonly,42,,strict,S,200,287,188,283,148,135,139,0.519298245614035,0.9860627177700348,530.565371024735,189.9999999999995,1567.603897289933,970.0000000000003,0.08480565371024736
manual_both,PhaseNetMatched,Zonly,43,,accepted,P,50,287,188,286,281,5,6,0.9808027923211169,0.9965156794425087,26.46853146853119,9.999999999999787,103.70581037191266,19.999999999999574,0.0
manual_both,PhaseNetMatched,Zonly,43,,accepted,P,100,287,188,286,282,4,5,0.9842931937172775,0.9965156794425087,26.46853146853119,9.999999999999787,103.70581037191266,19.999999999999574,0.0
manual_both,PhaseNetMatched,Zonly,43,,accepted,P,200,287,188,286,282,4,5,0.9842931937172775,0.9965156794425087,26.46853146853119,9.999999999999787,103.70581037191266,19.999999999999574,0.0
manual_both,PhaseNetMatched,Zonly,43,,accepted,S,50,287,188,285,54,231,233,0.1888111888111888,0.9930313588850174,438.4561403508773,179.99999999999972,1187.9878314693708,893.9999999999995,0.07719298245614035
manual_both,PhaseNetMatched,Zonly,43,,accepted,S,100,287,188,285,96,189,191,0.3356643356643357,0.9930313588850174,438.4561403508773,179.99999999999972,1187.9878314693708,893.9999999999995,0.07719298245614035
manual_both,PhaseNetMatched,Zonly,43,,accepted,S,200,287,188,285,159,126,128,0.5559440559440559,0.9930313588850174,438.4561403508773,179.99999999999972,1187.9878314693708,893.9999999999995,0.07719298245614035
manual_both,PhaseNetMatched,Zonly,43,,strict,P,50,287,188,284,279,5,8,0.9772329246935202,0.9895470383275261,26.47887323943634,9.999999999999787,104.04833654618498,19.999999999999574,0.0
manual_both,PhaseNetMatched,Zonly,43,,strict,P,100,287,188,284,280,4,7,0.9807355516637478,0.9895470383275261,26.47887323943634,9.999999999999787,104.04833654618498,19.999999999999574,0.0
manual_both,PhaseNetMatched,Zonly,43,,strict,P,200,287,188,284,280,4,7,0.9807355516637478,0.9895470383275261,26.47887323943634,9.999999999999787,104.04833654618498,19.999999999999574,0.0
manual_both,PhaseNetMatched,Zonly,43,,strict,S,50,287,188,279,53,226,234,0.1872791519434629,0.9721254355400697,404.6953405017922,179.99999999999972,1091.687884551251,846.0000000000002,0.07168458781362007
manual_both,PhaseNetMatched,Zonly,43,,strict,S,100,287,188,279,95,184,192,0.33568904593639576,0.9721254355400697,404.6953405017922,179.99999999999972,1091.687884551251,846.0000000000002,0.07168458781362007
manual_both,PhaseNetMatched,Zonly,43,,strict,S,200,287,188,279,157,122,130,0.5547703180212014,0.9721254355400697,404.6953405017922,179.99999999999972,1091.687884551251,846.0000000000002,0.07168458781362007
manual_both,PhaseNetMatched,Zonly,44,,accepted,P,50,287,188,287,280,7,7,0.975609756097561,1.0,29.337979094076516,9.999999999999787,136.399699591973,30.00000000000025,0.006968641114982578
manual_both,PhaseNetMatched,Zonly,44,,accepted,P,100,287,188,287,281,6,6,0.9790940766550522,1.0,29.337979094076516,9.999999999999787,136.399699591973,30.00000000000025,0.006968641114982578
manual_both,PhaseNetMatched,Zonly,44,,accepted,P,200,287,188,287,281,6,6,0.9790940766550522,1.0,29.337979094076516,9.999999999999787,136.399699591973,30.00000000000025,0.006968641114982578
manual_both,PhaseNetMatched,Zonly,44,,accepted,S,50,287,188,287,50,237,237,0.17421602787456447,1.0,405.0871080139374,190.0000000000004,1059.4634103026092,718.0000000000014,0.0627177700348432
manual_both,PhaseNetMatched,Zonly,44,,accepted,S,100,287,188,287,85,202,202,0.2961672473867596,1.0,405.0871080139374,190.0000000000004,1059.4634103026092,718.0000000000014,0.0627177700348432
manual_both,PhaseNetMatched,Zonly,44,,accepted,S,200,287,188,287,147,140,140,0.5121951219512195,1.0,405.0871080139374,190.0000000000004,1059.4634103026092,718.0000000000014,0.0627177700348432
manual_both,PhaseNetMatched,Zonly,44,,strict,P,50,287,188,285,280,5,7,0.9790209790209791,0.9930313588850174,22.28070175438583,9.999999999999787,105.8946845244194,30.00000000000025,0.0
manual_both,PhaseNetMatched,Zonly,44,,strict,P,100,287,188,285,281,4,6,0.9825174825174825,0.9930313588850174,22.28070175438583,9.999999999999787,105.8946845244194,30.00000000000025,0.0
manual_both,PhaseNetMatched,Zonly,44,,strict,P,200,287,188,285,281,4,6,0.9825174825174825,0.9930313588850174,22.28070175438583,9.999999999999787,105.8946845244194,30.00000000000025,0.0
manual_both,PhaseNetMatched,Zonly,44,,strict,S,50,287,188,282,50,232,237,0.1757469244288225,0.9825783972125436,368.8652482269505,189.9999999999995,869.0163184325872,690.0000000000002,0.06028368794326241
manual_both,PhaseNetMatched,Zonly,44,,strict,S,100,287,188,282,85,197,202,0.29876977152899825,0.9825783972125436,368.8652482269505,189.9999999999995,869.0163184325872,690.0000000000002,0.06028368794326241
manual_both,PhaseNetMatched,Zonly,44,,strict,S,200,287,188,282,147,135,140,0.5166959578207382,0.9825783972125436,368.8652482269505,189.9999999999995,869.0163184325872,690.0000000000002,0.06028368794326241
includes_nonmanual,Stack,Full3C,42,42,accepted,P,50,43,36,43,35,8,8,0.813953488372093,1.0,121.39534883720926,19.999999999999574,613.3628236927734,68.0000000000002,0.023255813953488372
includes_nonmanual,Stack,Full3C,42,42,accepted,P,100,43,36,43,41,2,2,0.9534883720930233,1.0,121.39534883720926,19.999999999999574,613.3628236927734,68.0000000000002,0.023255813953488372
includes_nonmanual,Stack,Full3C,42,42,accepted,P,200,43,36,43,41,2,2,0.9534883720930233,1.0,121.39534883720926,19.999999999999574,613.3628236927734,68.0000000000002,0.023255813953488372
includes_nonmanual,Stack,Full3C,42,42,accepted,S,50,43,36,41,20,21,23,0.47619047619047616,0.9534883720930233,1113.4146341463415,59.99999999999872,2786.4581067168056,5500.000000000001,0.14634146341463414
includes_nonmanual,Stack,Full3C,42,42,accepted,S,100,43,36,41,25,16,18,0.5952380952380952,0.9534883720930233,1113.4146341463415,59.99999999999872,2786.4581067168056,5500.000000000001,0.14634146341463414
includes_nonmanual,Stack,Full3C,42,42,accepted,S,200,43,36,41,27,14,16,0.6428571428571429,0.9534883720930233,1113.4146341463415,59.99999999999872,2786.4581067168056,5500.000000000001,0.14634146341463414
includes_nonmanual,Stack,Full3C,42,42,strict,P,50,43,36,42,34,8,9,0.8,0.9767441860465116,123.57142857142848,19.999999999999574,620.6045439730523,69.0000000000002,0.023809523809523808
includes_nonmanual,Stack,Full3C,42,42,strict,P,100,43,36,42,40,2,3,0.9411764705882353,0.9767441860465116,123.57142857142848,19.999999999999574,620.6045439730523,69.0000000000002,0.023809523809523808
includes_nonmanual,Stack,Full3C,42,42,strict,P,200,43,36,42,40,2,3,0.9411764705882353,0.9767441860465116,123.57142857142848,19.999999999999574,620.6045439730523,69.0000000000002,0.023809523809523808
includes_nonmanual,Stack,Full3C,42,42,strict,S,50,43,36,40,20,20,23,0.4819277108433735,0.9302325581395349,1135.0,54.999999999999716,2820.7968732257204,5677.000000000004,0.15
includes_nonmanual,Stack,Full3C,42,42,strict,S,100,43,36,40,25,15,18,0.6024096385542169,0.9302325581395349,1135.0,54.999999999999716,2820.7968732257204,5677.000000000004,0.15
includes_nonmanual,Stack,Full3C,42,42,strict,S,200,43,36,40,27,13,16,0.6506024096385542,0.9302325581395349,1135.0,54.999999999999716,2820.7968732257204,5677.000000000004,0.15
includes_nonmanual,Stack,Full3C,42,43,accepted,P,50,43,36,42,37,5,6,0.8705882352941177,0.9767441860465116,122.14285714285708,19.999999999999574,620.3320923198354,68.00000000000021,0.023809523809523808
includes_nonmanual,Stack,Full3C,42,43,accepted,P,100,43,36,42,40,2,3,0.9411764705882353,0.9767441860465116,122.14285714285708,19.999999999999574,620.3320923198354,68.00000000000021,0.023809523809523808
includes_nonmanual,Stack,Full3C,42,43,accepted,P,200,43,36,42,40,2,3,0.9411764705882353,0.9767441860465116,122.14285714285708,19.999999999999574,620.3320923198354,68.00000000000021,0.023809523809523808
includes_nonmanual,Stack,Full3C,42,43,accepted,S,50,43,36,40,18,22,25,0.43373493975903615,0.9302325581395349,1620.5,60.0000000000005,3636.1002461428375,7982.000000000001,0.2
includes_nonmanual,Stack,Full3C,42,43,accepted,S,100,43,36,40,24,16,19,0.5783132530120482,0.9302325581395349,1620.5,60.0000000000005,3636.1002461428375,7982.000000000001,0.2
includes_nonmanual,Stack,Full3C,42,43,accepted,S,200,43,36,40,26,14,17,0.6265060240963856,0.9302325581395349,1620.5,60.0000000000005,3636.1002461428375,7982.000000000001,0.2
includes_nonmanual,Stack,Full3C,42,43,strict,P,50,43,36,42,37,5,6,0.8705882352941177,0.9767441860465116,122.14285714285708,19.999999999999574,620.3320923198354,68.00000000000021,0.023809523809523808
includes_nonmanual,Stack,Full3C,42,43,strict,P,100,43,36,42,40,2,3,0.9411764705882353,0.9767441860465116,122.14285714285708,19.999999999999574,620.3320923198354,68.00000000000021,0.023809523809523808
includes_nonmanual,Stack,Full3C,42,43,strict,P,200,43,36,42,40,2,3,0.9411764705882353,0.9767441860465116,122.14285714285708,19.999999999999574,620.3320923198354,68.00000000000021,0.023809523809523808
includes_nonmanual,Stack,Full3C,42,43,strict,S,50,43,36,39,18,21,25,0.43902439024390244,0.9069767441860465,1437.179487179487,60.0000000000005,3404.1305979949025,7408.000000000003,0.1794871794871795
includes_nonmanual,Stack,Full3C,42,43,strict,S,100,43,36,39,24,15,19,0.5853658536585366,0.9069767441860465,1437.179487179487,60.0000000000005,3404.1305979949025,7408.000000000003,0.1794871794871795
includes_nonmanual,Stack,Full3C,42,43,strict,S,200,43,36,39,26,13,17,0.6341463414634146,0.9069767441860465,1437.179487179487,60.0000000000005,3404.1305979949025,7408.000000000003,0.1794871794871795
includes_nonmanual,Stack,Full3C,42,44,accepted,P,50,43,36,43,36,7,7,0.8372093023255814,1.0,125.11627906976736,19.999999999999574,613.669860490491,86.00000000000003,0.023255813953488372
includes_nonmanual,Stack,Full3C,42,44,accepted,P,100,43,36,43,40,3,3,0.9302325581395349,1.0,125.11627906976736,19.999999999999574,613.669860490491,86.00000000000003,0.023255813953488372
includes_nonmanual,Stack,Full3C,42,44,accepted,P,200,43,36,43,41,2,2,0.9534883720930233,1.0,125.11627906976736,19.999999999999574,613.669860490491,86.00000000000003,0.023255813953488372
includes_nonmanual,Stack,Full3C,42,44,accepted,S,50,43,36,41,16,25,27,0.38095238095238093,0.9534883720930233,1193.1707317073171,70.00000000000028,2805.873630309871,5480.0,0.1951219512195122
includes_nonmanual,Stack,Full3C,42,44,accepted,S,100,43,36,41,24,17,19,0.5714285714285714,0.9534883720930233,1193.1707317073171,70.00000000000028,2805.873630309871,5480.0,0.1951219512195122
includes_nonmanual,Stack,Full3C,42,44,accepted,S,200,43,36,41,25,16,18,0.5952380952380952,0.9534883720930233,1193.1707317073171,70.00000000000028,2805.873630309871,5480.0,0.1951219512195122
includes_nonmanual,Stack,Full3C,42,44,strict,P,50,43,36,42,36,6,7,0.8470588235294118,0.9767441860465116,124.99999999999991,19.999999999999574,620.6083804661052,70.00000000000028,0.023809523809523808
includes_nonmanual,Stack,Full3C,42,44,strict,P,100,43,36,42,40,2,3,0.9411764705882353,0.9767441860465116,124.99999999999991,19.999999999999574,620.6083804661052,70.00000000000028,0.023809523809523808
includes_nonmanual,Stack,Full3C,42,44,strict,P,200,43,36,42,40,2,3,0.9411764705882353,0.9767441860465116,124.99999999999991,19.999999999999574,620.6083804661052,70.00000000000028,0.023809523809523808
includes_nonmanual,Stack,Full3C,42,44,strict,S,50,43,36,39,16,23,27,0.3902439024390244,0.9069767441860465,1107.179487179487,70.00000000000028,2739.511466835479,2860.0000000000155,0.1794871794871795
includes_nonmanual,Stack,Full3C,42,44,strict,S,100,43,36,39,24,15,19,0.5853658536585366,0.9069767441860465,1107.179487179487,70.00000000000028,2739.511466835479,2860.0000000000155,0.1794871794871795
includes_nonmanual,Stack,Full3C,42,44,strict,S,200,43,36,39,25,14,18,0.6097560975609756,0.9069767441860465,1107.179487179487,70.00000000000028,2739.511466835479,2860.0000000000155,0.1794871794871795
includes_nonmanual,Stack,Full3C,43,42,accepted,P,50,43,36,42,36,6,7,0.8470588235294118,0.9767441860465116,121.19047619047619,19.999999999999574,614.3928478006328,60.000000000000405,0.023809523809523808
includes_nonmanual,Stack,Full3C,43,42,accepted,P,100,43,36,42,40,2,3,0.9411764705882353,0.9767441860465116,121.19047619047619,19.999999999999574,614.3928478006328,60.000000000000405,0.023809523809523808
includes_nonmanual,Stack,Full3C,43,42,accepted,P,200,43,36,42,40,2,3,0.9411764705882353,0.9767441860465116,121.19047619047619,19.999999999999574,614.3928478006328,60.000000000000405,0.023809523809523808
includes_nonmanual,Stack,Full3C,43,42,accepted,S,50,43,36,42,20,22,23,0.47058823529411764,0.9767441860465116,1256.1904761904761,59.99999999999961,3447.7121468618934,4308.999999999996,0.14285714285714285
includes_nonmanual,Stack,Full3C,43,42,accepted,S,100,43,36,42,26,16,17,0.611764705882353,0.9767441860465116,1256.1904761904761,59.99999999999961,3447.7121468618934,4308.999999999996,0.14285714285714285
includes_nonmanual,Stack,Full3C,43,42,accepted,S,200,43,36,42,30,12,13,0.7058823529411765,0.9767441860465116,1256.1904761904761,59.99999999999961,3447.7121468618934,4308.999999999996,0.14285714285714285
includes_nonmanual,Stack,Full3C,43,42,strict,P,50,43,36,42,36,6,7,0.8470588235294118,0.9767441860465116,121.19047619047619,19.999999999999574,614.3928478006328,60.000000000000405,0.023809523809523808
includes_nonmanual,Stack,Full3C,43,42,strict,P,100,43,36,42,40,2,3,0.9411764705882353,0.9767441860465116,121.19047619047619,19.999999999999574,614.3928478006328,60.000000000000405,0.023809523809523808
includes_nonmanual,Stack,Full3C,43,42,strict,P,200,43,36,42,40,2,3,0.9411764705882353,0.9767441860465116,121.19047619047619,19.999999999999574,614.3928478006328,60.000000000000405,0.023809523809523808
includes_nonmanual,Stack,Full3C,43,42,strict,S,50,43,36,36,19,17,24,0.4810126582278481,0.8372093023255814,985.8333333333334,50.00000000000071,2585.9143020946726,3024.9999999999995,0.1388888888888889
includes_nonmanual,Stack,Full3C,43,42,strict,S,100,43,36,36,23,13,20,0.5822784810126582,0.8372093023255814,985.8333333333334,50.00000000000071,2585.9143020946726,3024.9999999999995,0.1388888888888889
includes_nonmanual,Stack,Full3C,43,42,strict,S,200,43,36,36,27,9,16,0.6835443037974683,0.8372093023255814,985.8333333333334,50.00000000000071,2585.9143020946726,3024.9999999999995,0.1388888888888889
includes_nonmanual,Stack,Full3C,43,43,accepted,P,50,43,36,42,37,5,6,0.8705882352941177,0.9767441860465116,120.95238095238095,10.000000000000675,615.8463011715397,68.0000000000003,0.023809523809523808
includes_nonmanual,Stack,Full3C,43,43,accepted,P,100,43,36,42,40,2,3,0.9411764705882353,0.9767441860465116,120.95238095238095,10.000000000000675,615.8463011715397,68.0000000000003,0.023809523809523808
includes_nonmanual,Stack,Full3C,43,43,accepted,P,200,43,36,42,40,2,3,0.9411764705882353,0.9767441860465116,120.95238095238095,10.000000000000675,615.8463011715397,68.0000000000003,0.023809523809523808
includes_nonmanual,Stack,Full3C,43,43,accepted,S,50,43,36,42,23,19,20,0.5411764705882353,0.9767441860465116,2405.714285714286,40.000000000000924,5347.599817630691,9789.999999999996,0.2857142857142857
includes_nonmanual,Stack,Full3C,43,43,accepted,S,100,43,36,42,25,17,18,0.5882352941176471,0.9767441860465116,2405.714285714286,40.000000000000924,5347.599817630691,9789.999999999996,0.2857142857142857
includes_nonmanual,Stack,Full3C,43,43,accepted,S,200,43,36,42,25,17,18,0.5882352941176471,0.9767441860465116,2405.714285714286,40.000000000000924,5347.599817630691,9789.999999999996,0.2857142857142857
includes_nonmanual,Stack,Full3C,43,43,strict,P,50,43,36,42,37,5,6,0.8705882352941177,0.9767441860465116,120.95238095238095,10.000000000000675,615.8463011715397,68.0000000000003,0.023809523809523808
includes_nonmanual,Stack,Full3C,43,43,strict,P,100,43,36,42,40,2,3,0.9411764705882353,0.9767441860465116,120.95238095238095,10.000000000000675,615.8463011715397,68.0000000000003,0.023809523809523808
includes_nonmanual,Stack,Full3C,43,43,strict,P,200,43,36,42,40,2,3,0.9411764705882353,0.9767441860465116,120.95238095238095,10.000000000000675,615.8463011715397,68.0000000000003,0.023809523809523808
includes_nonmanual,Stack,Full3C,43,43,strict,S,50,43,36,38,22,16,21,0.5432098765432098,0.8837209302325582,1790.7894736842106,40.000000000000924,4196.229824120946,7459.000000000003,0.2631578947368421
includes_nonmanual,Stack,Full3C,43,43,strict,S,100,43,36,38,24,14,19,0.5925925925925926,0.8837209302325582,1790.7894736842106,40.000000000000924,4196.229824120946,7459.000000000003,0.2631578947368421
includes_nonmanual,Stack,Full3C,43,43,strict,S,200,43,36,38,24,14,19,0.5925925925925926,0.8837209302325582,1790.7894736842106,40.000000000000924,4196.229824120946,7459.000000000003,0.2631578947368421
includes_nonmanual,Stack,Full3C,43,44,accepted,P,50,43,36,43,36,7,7,0.8372093023255814,1.0,122.32558139534875,20.000000000000462,607.2277837808057,80.00000000000007,0.023255813953488372
includes_nonmanual,Stack,Full3C,43,44,accepted,P,100,43,36,43,41,2,2,0.9534883720930233,1.0,122.32558139534875,20.000000000000462,607.2277837808057,80.00000000000007,0.023255813953488372
includes_nonmanual,Stack,Full3C,43,44,accepted,P,200,43,36,43,41,2,2,0.9534883720930233,1.0,122.32558139534875,20.000000000000462,607.2277837808057,80.00000000000007,0.023255813953488372
includes_nonmanual,Stack,Full3C,43,44,accepted,S,50,43,36,43,18,25,25,0.4186046511627907,1.0,2149.767441860465,70.00000000000028,4825.7482851499735,8114.000000000002,0.27906976744186046
includes_nonmanual,Stack,Full3C,43,44,accepted,S,100,43,36,43,26,17,17,0.6046511627906976,1.0,2149.767441860465,70.00000000000028,4825.7482851499735,8114.000000000002,0.27906976744186046
includes_nonmanual,Stack,Full3C,43,44,accepted,S,200,43,36,43,27,16,16,0.627906976744186,1.0,2149.767441860465,70.00000000000028,4825.7482851499735,8114.000000000002,0.27906976744186046
includes_nonmanual,Stack,Full3C,43,44,strict,P,50,43,36,42,35,7,8,0.8235294117647058,0.9767441860465116,124.99999999999991,20.000000000000462,614.4122239607389,80.00000000000007,0.023809523809523808
includes_nonmanual,Stack,Full3C,43,44,strict,P,100,43,36,42,40,2,3,0.9411764705882353,0.9767441860465116,124.99999999999991,20.000000000000462,614.4122239607389,80.00000000000007,0.023809523809523808
includes_nonmanual,Stack,Full3C,43,44,strict,P,200,43,36,42,40,2,3,0.9411764705882353,0.9767441860465116,124.99999999999991,20.000000000000462,614.4122239607389,80.00000000000007,0.023809523809523808
includes_nonmanual,Stack,Full3C,43,44,strict,S,50,43,36,38,18,20,25,0.4444444444444444,0.8837209302325582,1444.9999999999995,64.9999999999995,3430.9462405090467,7444.000000000003,0.23684210526315788
includes_nonmanual,Stack,Full3C,43,44,strict,S,100,43,36,38,24,14,19,0.5925925925925926,0.8837209302325582,1444.9999999999995,64.9999999999995,3430.9462405090467,7444.000000000003,0.23684210526315788
includes_nonmanual,Stack,Full3C,43,44,strict,S,200,43,36,38,25,13,18,0.6172839506172839,0.8837209302325582,1444.9999999999995,64.9999999999995,3430.9462405090467,7444.000000000003,0.23684210526315788
includes_nonmanual,Stack,Full3C,44,42,accepted,P,50,43,36,42,34,8,9,0.8,0.9767441860465116,124.52380952380943,19.999999999999574,617.4505956716198,78.00000000000009,0.023809523809523808
includes_nonmanual,Stack,Full3C,44,42,accepted,P,100,43,36,42,40,2,3,0.9411764705882353,0.9767441860465116,124.52380952380943,19.999999999999574,617.4505956716198,78.00000000000009,0.023809523809523808
includes_nonmanual,Stack,Full3C,44,42,accepted,P,200,43,36,42,40,2,3,0.9411764705882353,0.9767441860465116,124.52380952380943,19.999999999999574,617.4505956716198,78.00000000000009,0.023809523809523808
includes_nonmanual,Stack,Full3C,44,42,accepted,S,50,43,36,42,24,18,19,0.5647058823529412,0.9767441860465116,1357.142857142857,49.999999999998494,3438.9256351089543,6533.999999999999,0.16666666666666666
includes_nonmanual,Stack,Full3C,44,42,accepted,S,100,43,36,42,26,16,17,0.611764705882353,0.9767441860465116,1357.142857142857,49.999999999998494,3438.9256351089543,6533.999999999999,0.16666666666666666
includes_nonmanual,Stack,Full3C,44,42,accepted,S,200,43,36,42,30,12,13,0.7058823529411765,0.9767441860465116,1357.142857142857,49.999999999998494,3438.9256351089543,6533.999999999999,0.16666666666666666
includes_nonmanual,Stack,Full3C,44,42,strict,P,50,43,36,42,34,8,9,0.8,0.9767441860465116,124.52380952380943,19.999999999999574,617.4505956716198,78.00000000000009,0.023809523809523808
includes_nonmanual,Stack,Full3C,44,42,strict,P,100,43,36,42,40,2,3,0.9411764705882353,0.9767441860465116,124.52380952380943,19.999999999999574,617.4505956716198,78.00000000000009,0.023809523809523808
includes_nonmanual,Stack,Full3C,44,42,strict,P,200,43,36,42,40,2,3,0.9411764705882353,0.9767441860465116,124.52380952380943,19.999999999999574,617.4505956716198,78.00000000000009,0.023809523809523808
includes_nonmanual,Stack,Full3C,44,42,strict,S,50,43,36,39,24,15,19,0.5853658536585366,0.9069767441860465,1067.948717948718,40.000000000000924,3115.4993014661227,2072.0000000000105,0.1282051282051282
includes_nonmanual,Stack,Full3C,44,42,strict,S,100,43,36,39,25,14,18,0.6097560975609756,0.9069767441860465,1067.948717948718,40.000000000000924,3115.4993014661227,2072.0000000000105,0.1282051282051282
includes_nonmanual,Stack,Full3C,44,42,strict,S,200,43,36,39,29,10,14,0.7073170731707317,0.9069767441860465,1067.948717948718,40.000000000000924,3115.4993014661227,2072.0000000000105,0.1282051282051282
includes_nonmanual,Stack,Full3C,44,43,accepted,P,50,43,36,42,35,7,8,0.8235294117647058,0.9767441860465116,121.90476190476188,10.000000000000675,615.9429472651784,69.0000000000002,0.023809523809523808
includes_nonmanual,Stack,Full3C,44,43,accepted,P,100,43,36,42,40,2,3,0.9411764705882353,0.9767441860465116,121.90476190476188,10.000000000000675,615.9429472651784,69.0000000000002,0.023809523809523808
includes_nonmanual,Stack,Full3C,44,43,accepted,P,200,43,36,42,40,2,3,0.9411764705882353,0.9767441860465116,121.90476190476188,10.000000000000675,615.9429472651784,69.0000000000002,0.023809523809523808
includes_nonmanual,Stack,Full3C,44,43,accepted,S,50,43,36,41,23,18,20,0.5476190476190477,0.9534883720930233,1571.2195121951222,40.000000000000924,4166.549721936108,7270.0,0.17073170731707318
includes_nonmanual,Stack,Full3C,44,43,accepted,S,100,43,36,41,26,15,17,0.6190476190476191,0.9534883720930233,1571.2195121951222,40.000000000000924,4166.549721936108,7270.0,0.17073170731707318
includes_nonmanual,Stack,Full3C,44,43,accepted,S,200,43,36,41,28,13,15,0.6666666666666666,0.9534883720930233,1571.2195121951222,40.000000000000924,4166.549721936108,7270.0,0.17073170731707318
includes_nonmanual,Stack,Full3C,44,43,strict,P,50,43,36,42,35,7,8,0.8235294117647058,0.9767441860465116,121.90476190476188,10.000000000000675,615.9429472651784,69.0000000000002,0.023809523809523808
includes_nonmanual,Stack,Full3C,44,43,strict,P,100,43,36,42,40,2,3,0.9411764705882353,0.9767441860465116,121.90476190476188,10.000000000000675,615.9429472651784,69.0000000000002,0.023809523809523808
includes_nonmanual,Stack,Full3C,44,43,strict,P,200,43,36,42,40,2,3,0.9411764705882353,0.9767441860465116,121.90476190476188,10.000000000000675,615.9429472651784,69.0000000000002,0.023809523809523808
includes_nonmanual,Stack,Full3C,44,43,strict,S,50,43,36,39,23,16,20,0.5609756097560976,0.9069767441860465,1007.4358974358976,40.000000000000924,2753.1459860517425,2494.0000000000173,0.1282051282051282
includes_nonmanual,Stack,Full3C,44,43,strict,S,100,43,36,39,26,13,17,0.6341463414634146,0.9069767441860465,1007.4358974358976,40.000000000000924,2753.1459860517425,2494.0000000000173,0.1282051282051282
includes_nonmanual,Stack,Full3C,44,43,strict,S,200,43,36,39,28,11,15,0.6829268292682927,0.9069767441860465,1007.4358974358976,40.000000000000924,2753.1459860517425,2494.0000000000173,0.1282051282051282
includes_nonmanual,Stack,Full3C,44,44,accepted,P,50,43,36,43,36,7,7,0.8372093023255814,1.0,119.30232558139532,10.000000000000675,608.6756496785689,68.0000000000002,0.023255813953488372
includes_nonmanual,Stack,Full3C,44,44,accepted,P,100,43,36,43,41,2,2,0.9534883720930233,1.0,119.30232558139532,10.000000000000675,608.6756496785689,68.0000000000002,0.023255813953488372
includes_nonmanual,Stack,Full3C,44,44,accepted,P,200,43,36,43,41,2,2,0.9534883720930233,1.0,119.30232558139532,10.000000000000675,608.6756496785689,68.0000000000002,0.023255813953488372
includes_nonmanual,Stack,Full3C,44,44,accepted,S,50,43,36,41,19,22,24,0.4523809523809524,0.9534883720930233,1528.5365853658536,80.00000000000007,3592.776289085453,7259.999999999998,0.21951219512195122
includes_nonmanual,Stack,Full3C,44,44,accepted,S,100,43,36,41,24,17,19,0.5714285714285714,0.9534883720930233,1528.5365853658536,80.00000000000007,3592.776289085453,7259.999999999998,0.21951219512195122
includes_nonmanual,Stack,Full3C,44,44,accepted,S,200,43,36,41,26,15,17,0.6190476190476191,0.9534883720930233,1528.5365853658536,80.00000000000007,3592.776289085453,7259.999999999998,0.21951219512195122
includes_nonmanual,Stack,Full3C,44,44,strict,P,50,43,36,43,36,7,7,0.8372093023255814,1.0,119.30232558139532,10.000000000000675,608.6756496785689,68.0000000000002,0.023255813953488372
includes_nonmanual,Stack,Full3C,44,44,strict,P,100,43,36,43,41,2,2,0.9534883720930233,1.0,119.30232558139532,10.000000000000675,608.6756496785689,68.0000000000002,0.023255813953488372
includes_nonmanual,Stack,Full3C,44,44,strict,P,200,43,36,43,41,2,2,0.9534883720930233,1.0,119.30232558139532,10.000000000000675,608.6756496785689,68.0000000000002,0.023255813953488372
includes_nonmanual,Stack,Full3C,44,44,strict,S,50,43,36,40,19,21,24,0.4578313253012048,0.9302325581395349,1555.2500000000002,75.00000000000017,3636.681523037177,7321.999999999999,0.225
includes_nonmanual,Stack,Full3C,44,44,strict,S,100,43,36,40,24,16,19,0.5783132530120482,0.9302325581395349,1555.2500000000002,75.00000000000017,3636.681523037177,7321.999999999999,0.225
includes_nonmanual,Stack,Full3C,44,44,strict,S,200,43,36,40,26,14,17,0.6265060240963856,0.9302325581395349,1555.2500000000002,75.00000000000017,3636.681523037177,7321.999999999999,0.225
includes_nonmanual,Stack,Zonly,42,42,accepted,P,50,43,36,43,35,8,8,0.813953488372093,1.0,122.09302325581392,19.999999999999574,610.56016978692,60.00000000000032,0.023255813953488372
includes_nonmanual,Stack,Zonly,42,42,accepted,P,100,43,36,43,39,4,4,0.9069767441860465,1.0,122.09302325581392,19.999999999999574,610.56016978692,60.00000000000032,0.023255813953488372
includes_nonmanual,Stack,Zonly,42,42,accepted,P,200,43,36,43,41,2,2,0.9534883720930233,1.0,122.09302325581392,19.999999999999574,610.56016978692,60.00000000000032,0.023255813953488372
includes_nonmanual,Stack,Zonly,42,42,accepted,S,50,43,36,40,5,35,38,0.12048192771084337,0.9302325581395349,2039.0,510.0000000000007,3889.8059077542675,6105.000000000004,0.4
includes_nonmanual,Stack,Zonly,42,42,accepted,S,100,43,36,40,7,33,36,0.1686746987951807,0.9302325581395349,2039.0,510.0000000000007,3889.8059077542675,6105.000000000004,0.4
includes_nonmanual,Stack,Zonly,42,42,accepted,S,200,43,36,40,15,25,28,0.3614457831325301,0.9302325581395349,2039.0,510.0000000000007,3889.8059077542675,6105.000000000004,0.4
includes_nonmanual,Stack,Zonly,42,42,strict,P,50,43,36,43,35,8,8,0.813953488372093,1.0,122.09302325581392,19.999999999999574,610.56016978692,60.00000000000032,0.023255813953488372
includes_nonmanual,Stack,Zonly,42,42,strict,P,100,43,36,43,39,4,4,0.9069767441860465,1.0,122.09302325581392,19.999999999999574,610.56016978692,60.00000000000032,0.023255813953488372
includes_nonmanual,Stack,Zonly,42,42,strict,P,200,43,36,43,41,2,2,0.9534883720930233,1.0,122.09302325581392,19.999999999999574,610.56016978692,60.00000000000032,0.023255813953488372
includes_nonmanual,Stack,Zonly,42,42,strict,S,50,43,36,27,4,23,39,0.11428571428571428,0.627906976744186,1948.8888888888887,279.9999999999994,4092.970486994428,6018.000000000013,0.37037037037037035
includes_nonmanual,Stack,Zonly,42,42,strict,S,100,43,36,27,6,21,37,0.17142857142857143,0.627906976744186,1948.8888888888887,279.9999999999994,4092.970486994428,6018.000000000013,0.37037037037037035
includes_nonmanual,Stack,Zonly,42,42,strict,S,200,43,36,27,13,14,30,0.37142857142857144,0.627906976744186,1948.8888888888887,279.9999999999994,4092.970486994428,6018.000000000013,0.37037037037037035
includes_nonmanual,Stack,Zonly,42,43,accepted,P,50,43,36,42,35,7,8,0.8235294117647058,0.9767441860465116,125.47619047619045,19.999999999999574,614.733779003252,78.00000000000009,0.023809523809523808
includes_nonmanual,Stack,Zonly,42,43,accepted,P,100,43,36,42,38,4,5,0.8941176470588236,0.9767441860465116,125.47619047619045,19.999999999999574,614.733779003252,78.00000000000009,0.023809523809523808
includes_nonmanual,Stack,Zonly,42,43,accepted,P,200,43,36,42,40,2,3,0.9411764705882353,0.9767441860465116,125.47619047619045,19.999999999999574,614.733779003252,78.00000000000009,0.023809523809523808
includes_nonmanual,Stack,Zonly,42,43,accepted,S,50,43,36,32,5,27,38,0.13333333333333333,0.7441860465116279,1812.5,355.0000000000004,3428.466311632652,5635.000000000003,0.375
includes_nonmanual,Stack,Zonly,42,43,accepted,S,100,43,36,32,8,24,35,0.21333333333333335,0.7441860465116279,1812.5,355.0000000000004,3428.466311632652,5635.000000000003,0.375
includes_nonmanual,Stack,Zonly,42,43,accepted,S,200,43,36,32,13,19,30,0.3466666666666667,0.7441860465116279,1812.5,355.0000000000004,3428.466311632652,5635.000000000003,0.375
includes_nonmanual,Stack,Zonly,42,43,strict,P,50,43,36,42,35,7,8,0.8235294117647058,0.9767441860465116,125.47619047619045,19.999999999999574,614.733779003252,78.00000000000009,0.023809523809523808
includes_nonmanual,Stack,Zonly,42,43,strict,P,100,43,36,42,38,4,5,0.8941176470588236,0.9767441860465116,125.47619047619045,19.999999999999574,614.733779003252,78.00000000000009,0.023809523809523808
includes_nonmanual,Stack,Zonly,42,43,strict,P,200,43,36,42,40,2,3,0.9411764705882353,0.9767441860465116,125.47619047619045,19.999999999999574,614.733779003252,78.00000000000009,0.023809523809523808
includes_nonmanual,Stack,Zonly,42,43,strict,S,50,43,36,24,4,20,39,0.11940298507462686,0.5581395348837209,1493.7499999999998,244.99999999999835,3179.454224653449,3186.0,0.3333333333333333
includes_nonmanual,Stack,Zonly,42,43,strict,S,100,43,36,24,7,17,36,0.208955223880597,0.5581395348837209,1493.7499999999998,244.99999999999835,3179.454224653449,3186.0,0.3333333333333333
includes_nonmanual,Stack,Zonly,42,43,strict,S,200,43,36,24,11,13,32,0.3283582089552239,0.5581395348837209,1493.7499999999998,244.99999999999835,3179.454224653449,3186.0,0.3333333333333333
includes_nonmanual,Stack,Zonly,42,44,accepted,P,50,43,36,43,33,10,10,0.7674418604651163,1.0,138.3720930232558,19.999999999999574,612.7653672890116,110.00000000000014,0.023255813953488372
includes_nonmanual,Stack,Zonly,42,44,accepted,P,100,43,36,43,36,7,7,0.8372093023255814,1.0,138.3720930232558,19.999999999999574,612.7653672890116,110.00000000000014,0.023255813953488372
includes_nonmanual,Stack,Zonly,42,44,accepted,P,200,43,36,43,39,4,4,0.9069767441860465,1.0,138.3720930232558,19.999999999999574,612.7653672890116,110.00000000000014,0.023255813953488372
includes_nonmanual,Stack,Zonly,42,44,accepted,S,50,43,36,33,8,25,35,0.21052631578947367,0.7674418604651163,1683.939393939394,400.00000000000034,3161.2746757846867,5142.0,0.36363636363636365
includes_nonmanual,Stack,Zonly,42,44,accepted,S,100,43,36,33,10,23,33,0.2631578947368421,0.7674418604651163,1683.939393939394,400.00000000000034,3161.2746757846867,5142.0,0.36363636363636365
includes_nonmanual,Stack,Zonly,42,44,accepted,S,200,43,36,33,13,20,30,0.34210526315789475,0.7674418604651163,1683.939393939394,400.00000000000034,3161.2746757846867,5142.0,0.36363636363636365
includes_nonmanual,Stack,Zonly,42,44,strict,P,50,43,36,42,32,10,11,0.7529411764705882,0.9767441860465116,140.47619047619042,19.999999999999574,619.9692772725958,110.00000000000023,0.023809523809523808
includes_nonmanual,Stack,Zonly,42,44,strict,P,100,43,36,42,35,7,8,0.8235294117647058,0.9767441860465116,140.47619047619042,19.999999999999574,619.9692772725958,110.00000000000023,0.023809523809523808
includes_nonmanual,Stack,Zonly,42,44,strict,P,200,43,36,42,38,4,5,0.8941176470588236,0.9767441860465116,140.47619047619042,19.999999999999574,619.9692772725958,110.00000000000023,0.023809523809523808
includes_nonmanual,Stack,Zonly,42,44,strict,S,50,43,36,17,6,11,37,0.2,0.3953488372093023,1048.2352941176466,139.9999999999988,2692.632650072284,2280.0000000000005,0.17647058823529413
includes_nonmanual,Stack,Zonly,42,44,strict,S,100,43,36,17,7,10,36,0.23333333333333334,0.3953488372093023,1048.2352941176466,139.9999999999988,2692.632650072284,2280.0000000000005,0.17647058823529413
includes_nonmanual,Stack,Zonly,42,44,strict,S,200,43,36,17,10,7,33,0.3333333333333333,0.3953488372093023,1048.2352941176466,139.9999999999988,2692.632650072284,2280.0000000000005,0.17647058823529413
includes_nonmanual,Stack,Zonly,43,42,accepted,P,50,43,36,43,38,5,5,0.8837209302325582,1.0,120.23255813953493,19.999999999999574,607.4058449382228,58.00000000000058,0.023255813953488372
includes_nonmanual,Stack,Zonly,43,42,accepted,P,100,43,36,43,39,4,4,0.9069767441860465,1.0,120.23255813953493,19.999999999999574,607.4058449382228,58.00000000000058,0.023255813953488372
includes_nonmanual,Stack,Zonly,43,42,accepted,P,200,43,36,43,41,2,2,0.9534883720930233,1.0,120.23255813953493,19.999999999999574,607.4058449382228,58.00000000000058,0.023255813953488372
includes_nonmanual,Stack,Zonly,43,42,accepted,S,50,43,36,40,5,35,38,0.12048192771084337,0.9302325581395349,2178.0,629.9999999999999,4553.1741675450985,5124.000000000008,0.4
includes_nonmanual,Stack,Zonly,43,42,accepted,S,100,43,36,40,7,33,36,0.1686746987951807,0.9302325581395349,2178.0,629.9999999999999,4553.1741675450985,5124.000000000008,0.4
includes_nonmanual,Stack,Zonly,43,42,accepted,S,200,43,36,40,13,27,30,0.3132530120481928,0.9302325581395349,2178.0,629.9999999999999,4553.1741675450985,5124.000000000008,0.4
includes_nonmanual,Stack,Zonly,43,42,strict,P,50,43,36,42,37,5,6,0.8705882352941177,0.9767441860465116,121.90476190476195,19.999999999999574,614.5459028149702,59.000000000000504,0.023809523809523808
includes_nonmanual,Stack,Zonly,43,42,strict,P,100,43,36,42,38,4,5,0.8941176470588236,0.9767441860465116,121.90476190476195,19.999999999999574,614.5459028149702,59.000000000000504,0.023809523809523808
includes_nonmanual,Stack,Zonly,43,42,strict,P,200,43,36,42,40,2,3,0.9411764705882353,0.9767441860465116,121.90476190476195,19.999999999999574,614.5459028149702,59.000000000000504,0.023809523809523808
includes_nonmanual,Stack,Zonly,43,42,strict,S,50,43,36,26,4,22,39,0.11594202898550725,0.6046511627906976,2701.153846153846,490.0000000000002,5509.920772849364,10295.0,0.4230769230769231
includes_nonmanual,Stack,Zonly,43,42,strict,S,100,43,36,26,6,20,37,0.17391304347826086,0.6046511627906976,2701.153846153846,490.0000000000002,5509.920772849364,10295.0,0.4230769230769231
includes_nonmanual,Stack,Zonly,43,42,strict,S,200,43,36,26,11,15,32,0.3188405797101449,0.6046511627906976,2701.153846153846,490.0000000000002,5509.920772849364,10295.0,0.4230769230769231
includes_nonmanual,Stack,Zonly,43,43,accepted,P,50,43,36,43,34,9,9,0.7906976744186046,1.0,122.32558139534883,19.999999999999574,606.1966831026472,99.99999999999986,0.023255813953488372
includes_nonmanual,Stack,Zonly,43,43,accepted,P,100,43,36,43,38,5,5,0.8837209302325582,1.0,122.32558139534883,19.999999999999574,606.1966831026472,99.99999999999986,0.023255813953488372
includes_nonmanual,Stack,Zonly,43,43,accepted,P,200,43,36,43,41,2,2,0.9534883720930233,1.0,122.32558139534883,19.999999999999574,606.1966831026472,99.99999999999986,0.023255813953488372
includes_nonmanual,Stack,Zonly,43,43,accepted,S,50,43,36,37,7,30,36,0.175,0.8604651162790697,2204.324324324324,429.9999999999997,4711.808627325662,6781.999999999994,0.3783783783783784
includes_nonmanual,Stack,Zonly,43,43,accepted,S,100,43,36,37,8,29,35,0.2,0.8604651162790697,2204.324324324324,429.9999999999997,4711.808627325662,6781.999999999994,0.3783783783783784
includes_nonmanual,Stack,Zonly,43,43,accepted,S,200,43,36,37,13,24,30,0.325,0.8604651162790697,2204.324324324324,429.9999999999997,4711.808627325662,6781.999999999994,0.3783783783783784
includes_nonmanual,Stack,Zonly,43,43,strict,P,50,43,36,42,34,8,9,0.8,0.9767441860465116,123.80952380952382,15.000000000000568,613.3009825836701,104.99999999999946,0.023809523809523808
includes_nonmanual,Stack,Zonly,43,43,strict,P,100,43,36,42,37,5,6,0.8705882352941177,0.9767441860465116,123.80952380952382,15.000000000000568,613.3009825836701,104.99999999999946,0.023809523809523808
includes_nonmanual,Stack,Zonly,43,43,strict,P,200,43,36,42,40,2,3,0.9411764705882353,0.9767441860465116,123.80952380952382,15.000000000000568,613.3009825836701,104.99999999999946,0.023809523809523808
includes_nonmanual,Stack,Zonly,43,43,strict,S,50,43,36,25,6,19,37,0.17647058823529413,0.5813953488372093,2770.8,359.99999999999943,5625.839315160006,10310.0,0.44
includes_nonmanual,Stack,Zonly,43,43,strict,S,100,43,36,25,7,18,36,0.20588235294117646,0.5813953488372093,2770.8,359.99999999999943,5625.839315160006,10310.0,0.44
includes_nonmanual,Stack,Zonly,43,43,strict,S,200,43,36,25,10,15,33,0.29411764705882354,0.5813953488372093,2770.8,359.99999999999943,5625.839315160006,10310.0,0.44
includes_nonmanual,Stack,Zonly,43,44,accepted,P,50,43,36,43,39,4,4,0.9069767441860465,1.0,120.93023255813958,19.999999999999574,607.2277837808057,50.00000000000071,0.023255813953488372
includes_nonmanual,Stack,Zonly,43,44,accepted,P,100,43,36,43,41,2,2,0.9534883720930233,1.0,120.93023255813958,19.999999999999574,607.2277837808057,50.00000000000071,0.023255813953488372
includes_nonmanual,Stack,Zonly,43,44,accepted,P,200,43,36,43,41,2,2,0.9534883720930233,1.0,120.93023255813958,19.999999999999574,607.2277837808057,50.00000000000071,0.023255813953488372
includes_nonmanual,Stack,Zonly,43,44,accepted,S,50,43,36,35,3,32,40,0.07692307692307693,0.813953488372093,2433.714285714286,440.00000000000125,4973.141576796013,8948.000000000005,0.37142857142857144
includes_nonmanual,Stack,Zonly,43,44,accepted,S,100,43,36,35,8,27,35,0.20512820512820512,0.813953488372093,2433.714285714286,440.00000000000125,4973.141576796013,8948.000000000005,0.37142857142857144
includes_nonmanual,Stack,Zonly,43,44,accepted,S,200,43,36,35,13,22,30,0.3333333333333333,0.813953488372093,2433.714285714286,440.00000000000125,4973.141576796013,8948.000000000005,0.37142857142857144
includes_nonmanual,Stack,Zonly,43,44,strict,P,50,43,36,42,38,4,5,0.8941176470588236,0.9767441860465116,122.8571428571429,19.999999999999574,614.3831594914258,50.00000000000071,0.023809523809523808
includes_nonmanual,Stack,Zonly,43,44,strict,P,100,43,36,42,40,2,3,0.9411764705882353,0.9767441860465116,122.8571428571429,19.999999999999574,614.3831594914258,50.00000000000071,0.023809523809523808
includes_nonmanual,Stack,Zonly,43,44,strict,P,200,43,36,42,40,2,3,0.9411764705882353,0.9767441860465116,122.8571428571429,19.999999999999574,614.3831594914258,50.00000000000071,0.023809523809523808
includes_nonmanual,Stack,Zonly,43,44,strict,S,50,43,36,21,2,19,41,0.0625,0.4883720930232558,3006.190476190476,219.99999999999886,6072.5835876150295,10480.0,0.38095238095238093
includes_nonmanual,Stack,Zonly,43,44,strict,S,100,43,36,21,6,15,37,0.1875,0.4883720930232558,3006.190476190476,219.99999999999886,6072.5835876150295,10480.0,0.38095238095238093
includes_nonmanual,Stack,Zonly,43,44,strict,S,200,43,36,21,10,11,33,0.3125,0.4883720930232558,3006.190476190476,219.99999999999886,6072.5835876150295,10480.0,0.38095238095238093
includes_nonmanual,Stack,Zonly,44,42,accepted,P,50,43,36,42,37,5,6,0.8705882352941177,0.9767441860465116,122.1428571428571,15.000000000000568,615.9178207397168,68.0000000000003,0.023809523809523808
includes_nonmanual,Stack,Zonly,44,42,accepted,P,100,43,36,42,40,2,3,0.9411764705882353,0.9767441860465116,122.1428571428571,15.000000000000568,615.9178207397168,68.0000000000003,0.023809523809523808
includes_nonmanual,Stack,Zonly,44,42,accepted,P,200,43,36,42,40,2,3,0.9411764705882353,0.9767441860465116,122.1428571428571,15.000000000000568,615.9178207397168,68.0000000000003,0.023809523809523808
includes_nonmanual,Stack,Zonly,44,42,accepted,S,50,43,36,39,5,34,38,0.12195121951219512,0.9069767441860465,1149.2307692307693,370.000000000001,2538.574201074094,2004.000000000004,0.23076923076923078
includes_nonmanual,Stack,Zonly,44,42,accepted,S,100,43,36,39,10,29,33,0.24390243902439024,0.9069767441860465,1149.2307692307693,370.000000000001,2538.574201074094,2004.000000000004,0.23076923076923078
includes_nonmanual,Stack,Zonly,44,42,accepted,S,200,43,36,39,15,24,28,0.36585365853658536,0.9069767441860465,1149.2307692307693,370.000000000001,2538.574201074094,2004.000000000004,0.23076923076923078
includes_nonmanual,Stack,Zonly,44,42,strict,P,50,43,36,42,37,5,6,0.8705882352941177,0.9767441860465116,122.1428571428571,15.000000000000568,615.9178207397168,68.0000000000003,0.023809523809523808
includes_nonmanual,Stack,Zonly,44,42,strict,P,100,43,36,42,40,2,3,0.9411764705882353,0.9767441860465116,122.1428571428571,15.000000000000568,615.9178207397168,68.0000000000003,0.023809523809523808
includes_nonmanual,Stack,Zonly,44,42,strict,P,200,43,36,42,40,2,3,0.9411764705882353,0.9767441860465116,122.1428571428571,15.000000000000568,615.9178207397168,68.0000000000003,0.023809523809523808
includes_nonmanual,Stack,Zonly,44,42,strict,S,50,43,36,27,5,22,38,0.14285714285714285,0.627906976744186,1359.2592592592594,189.9999999999995,3006.1283085403074,3156.0000000000005,0.2962962962962963
includes_nonmanual,Stack,Zonly,44,42,strict,S,100,43,36,27,10,17,33,0.2857142857142857,0.627906976744186,1359.2592592592594,189.9999999999995,3006.1283085403074,3156.0000000000005,0.2962962962962963
includes_nonmanual,Stack,Zonly,44,42,strict,S,200,43,36,27,14,13,29,0.4,0.627906976744186,1359.2592592592594,189.9999999999995,3006.1283085403074,3156.0000000000005,0.2962962962962963
includes_nonmanual,Stack,Zonly,44,43,accepted,P,50,43,36,43,37,6,6,0.8604651162790697,1.0,121.39534883720926,19.999999999999574,608.8723851476177,60.00000000000032,0.023255813953488372
includes_nonmanual,Stack,Zonly,44,43,accepted,P,100,43,36,43,41,2,2,0.9534883720930233,1.0,121.39534883720926,19.999999999999574,608.8723851476177,60.00000000000032,0.023255813953488372
includes_nonmanual,Stack,Zonly,44,43,accepted,P,200,43,36,43,41,2,2,0.9534883720930233,1.0,121.39534883720926,19.999999999999574,608.8723851476177,60.00000000000032,0.023255813953488372
includes_nonmanual,Stack,Zonly,44,43,accepted,S,50,43,36,39,6,33,37,0.14634146341463414,0.9069767441860465,1314.8717948717947,449.9999999999993,2689.511441669619,3122.000000000001,0.28205128205128205
includes_nonmanual,Stack,Zonly,44,43,accepted,S,100,43,36,39,8,31,35,0.1951219512195122,0.9069767441860465,1314.8717948717947,449.9999999999993,2689.511441669619,3122.000000000001,0.28205128205128205
includes_nonmanual,Stack,Zonly,44,43,accepted,S,200,43,36,39,14,25,29,0.34146341463414637,0.9069767441860465,1314.8717948717947,449.9999999999993,2689.511441669619,3122.000000000001,0.28205128205128205
includes_nonmanual,Stack,Zonly,44,43,strict,P,50,43,36,43,37,6,6,0.8604651162790697,1.0,121.39534883720926,19.999999999999574,608.8723851476177,60.00000000000032,0.023255813953488372
includes_nonmanual,Stack,Zonly,44,43,strict,P,100,43,36,43,41,2,2,0.9534883720930233,1.0,121.39534883720926,19.999999999999574,608.8723851476177,60.00000000000032,0.023255813953488372
includes_nonmanual,Stack,Zonly,44,43,strict,P,200,43,36,43,41,2,2,0.9534883720930233,1.0,121.39534883720926,19.999999999999574,608.8723851476177,60.00000000000032,0.023255813953488372
includes_nonmanual,Stack,Zonly,44,43,strict,S,50,43,36,26,6,20,37,0.17391304347826086,0.6046511627906976,1414.9999999999998,199.9999999999993,3062.189387701852,3215.0,0.3076923076923077
includes_nonmanual,Stack,Zonly,44,43,strict,S,100,43,36,26,8,18,35,0.2318840579710145,0.6046511627906976,1414.9999999999998,199.9999999999993,3062.189387701852,3215.0,0.3076923076923077
includes_nonmanual,Stack,Zonly,44,43,strict,S,200,43,36,26,13,13,30,0.37681159420289856,0.6046511627906976,1414.9999999999998,199.9999999999993,3062.189387701852,3215.0,0.3076923076923077
includes_nonmanual,Stack,Zonly,44,44,accepted,P,50,43,36,43,38,5,5,0.8837209302325582,1.0,120.4651162790698,19.999999999999574,608.757789692771,57.99999999999987,0.023255813953488372
includes_nonmanual,Stack,Zonly,44,44,accepted,P,100,43,36,43,41,2,2,0.9534883720930233,1.0,120.4651162790698,19.999999999999574,608.757789692771,57.99999999999987,0.023255813953488372
includes_nonmanual,Stack,Zonly,44,44,accepted,P,200,43,36,43,41,2,2,0.9534883720930233,1.0,120.4651162790698,19.999999999999574,608.757789692771,57.99999999999987,0.023255813953488372
includes_nonmanual,Stack,Zonly,44,44,accepted,S,50,43,36,41,8,33,35,0.19047619047619047,0.9534883720930233,1232.1951219512193,480.00000000000045,2578.1558922761146,1809.9999999999986,0.2926829268292683
includes_nonmanual,Stack,Zonly,44,44,accepted,S,100,43,36,41,10,31,33,0.23809523809523808,0.9534883720930233,1232.1951219512193,480.00000000000045,2578.1558922761146,1809.9999999999986,0.2926829268292683
includes_nonmanual,Stack,Zonly,44,44,accepted,S,200,43,36,41,15,26,28,0.35714285714285715,0.9534883720930233,1232.1951219512193,480.00000000000045,2578.1558922761146,1809.9999999999986,0.2926829268292683
includes_nonmanual,Stack,Zonly,44,44,strict,P,50,43,36,42,37,5,6,0.8705882352941177,0.9767441860465116,122.14285714285718,15.000000000000568,615.9139550294344,58.9999999999997,0.023809523809523808
includes_nonmanual,Stack,Zonly,44,44,strict,P,100,43,36,42,40,2,3,0.9411764705882353,0.9767441860465116,122.14285714285718,15.000000000000568,615.9139550294344,58.9999999999997,0.023809523809523808
includes_nonmanual,Stack,Zonly,44,44,strict,P,200,43,36,42,40,2,3,0.9411764705882353,0.9767441860465116,122.14285714285718,15.000000000000568,615.9139550294344,58.9999999999997,0.023809523809523808
includes_nonmanual,Stack,Zonly,44,44,strict,S,50,43,36,29,8,21,35,0.2222222222222222,0.6744186046511628,1252.7586206896547,299.99999999999716,2848.068310881654,2119.9999999999973,0.2413793103448276
includes_nonmanual,Stack,Zonly,44,44,strict,S,100,43,36,29,10,19,33,0.2777777777777778,0.6744186046511628,1252.7586206896547,299.99999999999716,2848.068310881654,2119.9999999999973,0.2413793103448276
includes_nonmanual,Stack,Zonly,44,44,strict,S,200,43,36,29,14,15,29,0.3888888888888889,0.6744186046511628,1252.7586206896547,299.99999999999716,2848.068310881654,2119.9999999999973,0.2413793103448276
includes_nonmanual,PhaseNetMatched,Full3C,42,,accepted,P,50,43,36,43,39,4,4,0.9069767441860465,1.0,183.25581395348814,19.999999999999574,987.0157040290696,49.999999999999645,0.023255813953488372
includes_nonmanual,PhaseNetMatched,Full3C,42,,accepted,P,100,43,36,43,40,3,3,0.9302325581395349,1.0,183.25581395348814,19.999999999999574,987.0157040290696,49.999999999999645,0.023255813953488372
includes_nonmanual,PhaseNetMatched,Full3C,42,,accepted,P,200,43,36,43,41,2,2,0.9534883720930233,1.0,183.25581395348814,19.999999999999574,987.0157040290696,49.999999999999645,0.023255813953488372
includes_nonmanual,PhaseNetMatched,Full3C,42,,accepted,S,50,43,36,43,25,18,18,0.5813953488372093,1.0,170.23255813953494,49.99999999999982,363.6699244555265,534.0000000000009,0.023255813953488372
includes_nonmanual,PhaseNetMatched,Full3C,42,,accepted,S,100,43,36,43,29,14,14,0.6744186046511628,1.0,170.23255813953494,49.99999999999982,363.6699244555265,534.0000000000009,0.023255813953488372
includes_nonmanual,PhaseNetMatched,Full3C,42,,accepted,S,200,43,36,43,35,8,8,0.813953488372093,1.0,170.23255813953494,49.99999999999982,363.6699244555265,534.0000000000009,0.023255813953488372
includes_nonmanual,PhaseNetMatched,Full3C,42,,strict,P,50,43,36,43,39,4,4,0.9069767441860465,1.0,183.25581395348814,19.999999999999574,987.0157040290696,49.999999999999645,0.023255813953488372
includes_nonmanual,PhaseNetMatched,Full3C,42,,strict,P,100,43,36,43,40,3,3,0.9302325581395349,1.0,183.25581395348814,19.999999999999574,987.0157040290696,49.999999999999645,0.023255813953488372
includes_nonmanual,PhaseNetMatched,Full3C,42,,strict,P,200,43,36,43,41,2,2,0.9534883720930233,1.0,183.25581395348814,19.999999999999574,987.0157040290696,49.999999999999645,0.023255813953488372
includes_nonmanual,PhaseNetMatched,Full3C,42,,strict,S,50,43,36,40,25,15,18,0.6024096385542169,0.9302325581395349,144.0,44.99999999999993,340.8958785318472,273.99999999999955,0.025
includes_nonmanual,PhaseNetMatched,Full3C,42,,strict,S,100,43,36,40,29,11,14,0.6987951807228916,0.9302325581395349,144.0,44.99999999999993,340.8958785318472,273.99999999999955,0.025
includes_nonmanual,PhaseNetMatched,Full3C,42,,strict,S,200,43,36,40,34,6,9,0.8192771084337349,0.9302325581395349,144.0,44.99999999999993,340.8958785318472,273.99999999999955,0.025
includes_nonmanual,PhaseNetMatched,Full3C,43,,accepted,P,50,43,36,43,38,5,5,0.8837209302325582,1.0,130.69767441860463,9.999999999999787,706.8633630012863,55.99999999999978,0.023255813953488372
includes_nonmanual,PhaseNetMatched,Full3C,43,,accepted,P,100,43,36,43,41,2,2,0.9534883720930233,1.0,130.69767441860463,9.999999999999787,706.8633630012863,55.99999999999978,0.023255813953488372
includes_nonmanual,PhaseNetMatched,Full3C,43,,accepted,P,200,43,36,43,41,2,2,0.9534883720930233,1.0,130.69767441860463,9.999999999999787,706.8633630012863,55.99999999999978,0.023255813953488372
includes_nonmanual,PhaseNetMatched,Full3C,43,,accepted,S,50,43,36,40,20,20,23,0.4819277108433735,0.9302325581395349,114.24999999999977,49.99999999999982,210.42219464685735,316.99999999999886,0.0
includes_nonmanual,PhaseNetMatched,Full3C,43,,accepted,S,100,43,36,40,29,11,14,0.6987951807228916,0.9302325581395349,114.24999999999977,49.99999999999982,210.42219464685735,316.99999999999886,0.0
includes_nonmanual,PhaseNetMatched,Full3C,43,,accepted,S,200,43,36,40,34,6,9,0.8192771084337349,0.9302325581395349,114.24999999999977,49.99999999999982,210.42219464685735,316.99999999999886,0.0
includes_nonmanual,PhaseNetMatched,Full3C,43,,strict,P,50,43,36,43,38,5,5,0.8837209302325582,1.0,130.69767441860463,9.999999999999787,706.8633630012863,55.99999999999978,0.023255813953488372
includes_nonmanual,PhaseNetMatched,Full3C,43,,strict,P,100,43,36,43,41,2,2,0.9534883720930233,1.0,130.69767441860463,9.999999999999787,706.8633630012863,55.99999999999978,0.023255813953488372
includes_nonmanual,PhaseNetMatched,Full3C,43,,strict,P,200,43,36,43,41,2,2,0.9534883720930233,1.0,130.69767441860463,9.999999999999787,706.8633630012863,55.99999999999978,0.023255813953488372
includes_nonmanual,PhaseNetMatched,Full3C,43,,strict,S,50,43,36,39,20,19,23,0.4878048780487805,0.9069767441860465,94.35897435897412,40.000000000000924,158.4378872068294,302.00000000000034,0.0
includes_nonmanual,PhaseNetMatched,Full3C,43,,strict,S,100,43,36,39,29,10,14,0.7073170731707317,0.9069767441860465,94.35897435897412,40.000000000000924,158.4378872068294,302.00000000000034,0.0
includes_nonmanual,PhaseNetMatched,Full3C,43,,strict,S,200,43,36,39,34,5,9,0.8292682926829268,0.9069767441860465,94.35897435897412,40.000000000000924,158.4378872068294,302.00000000000034,0.0
includes_nonmanual,PhaseNetMatched,Full3C,44,,accepted,P,50,43,36,43,37,6,6,0.8604651162790697,1.0,143.72093023255806,19.999999999999574,706.8962622488503,68.00000000000037,0.023255813953488372
includes_nonmanual,PhaseNetMatched,Full3C,44,,accepted,P,100,43,36,43,39,4,4,0.9069767441860465,1.0,143.72093023255806,19.999999999999574,706.8962622488503,68.00000000000037,0.023255813953488372
includes_nonmanual,PhaseNetMatched,Full3C,44,,accepted,P,200,43,36,43,40,3,3,0.9302325581395349,1.0,143.72093023255806,19.999999999999574,706.8962622488503,68.00000000000037,0.023255813953488372
includes_nonmanual,PhaseNetMatched,Full3C,44,,accepted,S,50,43,36,43,27,16,16,0.627906976744186,1.0,125.11627906976744,40.000000000000924,262.926287309085,283.9999999999994,0.023255813953488372
includes_nonmanual,PhaseNetMatched,Full3C,44,,accepted,S,100,43,36,43,34,9,9,0.7906976744186046,1.0,125.11627906976744,40.000000000000924,262.926287309085,283.9999999999994,0.023255813953488372
includes_nonmanual,PhaseNetMatched,Full3C,44,,accepted,S,200,43,36,43,35,8,8,0.813953488372093,1.0,125.11627906976744,40.000000000000924,262.926287309085,283.9999999999994,0.023255813953488372
includes_nonmanual,PhaseNetMatched,Full3C,44,,strict,P,50,43,36,43,37,6,6,0.8604651162790697,1.0,143.72093023255806,19.999999999999574,706.8962622488503,68.00000000000037,0.023255813953488372
includes_nonmanual,PhaseNetMatched,Full3C,44,,strict,P,100,43,36,43,39,4,4,0.9069767441860465,1.0,143.72093023255806,19.999999999999574,706.8962622488503,68.00000000000037,0.023255813953488372
includes_nonmanual,PhaseNetMatched,Full3C,44,,strict,P,200,43,36,43,40,3,3,0.9302325581395349,1.0,143.72093023255806,19.999999999999574,706.8962622488503,68.00000000000037,0.023255813953488372
includes_nonmanual,PhaseNetMatched,Full3C,44,,strict,S,50,43,36,41,26,15,17,0.6190476190476191,0.9534883720930233,119.26829268292683,40.000000000000924,258.6126211244881,259.9999999999998,0.024390243902439025
includes_nonmanual,PhaseNetMatched,Full3C,44,,strict,S,100,43,36,41,33,8,10,0.7857142857142857,0.9534883720930233,119.26829268292683,40.000000000000924,258.6126211244881,259.9999999999998,0.024390243902439025
includes_nonmanual,PhaseNetMatched,Full3C,44,,strict,S,200,43,36,41,34,7,9,0.8095238095238095,0.9534883720930233,119.26829268292683,40.000000000000924,258.6126211244881,259.9999999999998,0.024390243902439025
includes_nonmanual,PhaseNetMatched,Zonly,42,,accepted,P,50,43,36,43,40,3,3,0.9302325581395349,1.0,23.2558139534883,0.0,76.82659423269624,47.9999999999992,0.0
includes_nonmanual,PhaseNetMatched,Zonly,42,,accepted,P,100,43,36,43,42,1,1,0.9767441860465116,1.0,23.2558139534883,0.0,76.82659423269624,47.9999999999992,0.0
includes_nonmanual,PhaseNetMatched,Zonly,42,,accepted,P,200,43,36,43,42,1,1,0.9767441860465116,1.0,23.2558139534883,0.0,76.82659423269624,47.9999999999992,0.0
includes_nonmanual,PhaseNetMatched,Zonly,42,,accepted,S,50,43,36,43,5,38,38,0.11627906976744186,1.0,684.8837209302326,339.9999999999999,1932.0377241249357,893.9999999999992,0.09302325581395349
includes_nonmanual,PhaseNetMatched,Zonly,42,,accepted,S,100,43,36,43,11,32,32,0.2558139534883721,1.0,684.8837209302326,339.9999999999999,1932.0377241249357,893.9999999999992,0.09302325581395349
includes_nonmanual,PhaseNetMatched,Zonly,42,,accepted,S,200,43,36,43,17,26,26,0.3953488372093023,1.0,684.8837209302326,339.9999999999999,1932.0377241249357,893.9999999999992,0.09302325581395349
includes_nonmanual,PhaseNetMatched,Zonly,42,,strict,P,50,43,36,43,40,3,3,0.9302325581395349,1.0,23.2558139534883,0.0,76.82659423269624,47.9999999999992,0.0
includes_nonmanual,PhaseNetMatched,Zonly,42,,strict,P,100,43,36,43,42,1,1,0.9767441860465116,1.0,23.2558139534883,0.0,76.82659423269624,47.9999999999992,0.0
includes_nonmanual,PhaseNetMatched,Zonly,42,,strict,P,200,43,36,43,42,1,1,0.9767441860465116,1.0,23.2558139534883,0.0,76.82659423269624,47.9999999999992,0.0
includes_nonmanual,PhaseNetMatched,Zonly,42,,strict,S,50,43,36,42,5,37,38,0.11764705882352941,0.9767441860465116,691.6666666666666,320.0000000000003,1953.9282776718585,896.9999999999989,0.09523809523809523
includes_nonmanual,PhaseNetMatched,Zonly,42,,strict,S,100,43,36,42,11,31,32,0.25882352941176473,0.9767441860465116,691.6666666666666,320.0000000000003,1953.9282776718585,896.9999999999989,0.09523809523809523
includes_nonmanual,PhaseNetMatched,Zonly,42,,strict,S,200,43,36,42,17,25,26,0.4,0.9767441860465116,691.6666666666666,320.0000000000003,1953.9282776718585,896.9999999999989,0.09523809523809523
includes_nonmanual,PhaseNetMatched,Zonly,43,,accepted,P,50,43,36,43,40,3,3,0.9302325581395349,1.0,26.744186046511533,9.999999999999787,71.34912525335267,45.99999999999946,0.0
includes_nonmanual,PhaseNetMatched,Zonly,43,,accepted,P,100,43,36,43,42,1,1,0.9767441860465116,1.0,26.744186046511533,9.999999999999787,71.34912525335267,45.99999999999946,0.0
includes_nonmanual,PhaseNetMatched,Zonly,43,,accepted,P,200,43,36,43,42,1,1,0.9767441860465116,1.0,26.744186046511533,9.999999999999787,71.34912525335267,45.99999999999946,0.0
includes_nonmanual,PhaseNetMatched,Zonly,43,,accepted,S,50,43,36,42,3,39,40,0.07058823529411765,0.9767441860465116,465.952380952381,290.0000000000009,620.888380429511,1011.9999999999994,0.11904761904761904
includes_nonmanual,PhaseNetMatched,Zonly,43,,accepted,S,100,43,36,42,9,33,34,0.21176470588235294,0.9767441860465116,465.952380952381,290.0000000000009,620.888380429511,1011.9999999999994,0.11904761904761904
includes_nonmanual,PhaseNetMatched,Zonly,43,,accepted,S,200,43,36,42,17,25,26,0.4,0.9767441860465116,465.952380952381,290.0000000000009,620.888380429511,1011.9999999999994,0.11904761904761904
includes_nonmanual,PhaseNetMatched,Zonly,43,,strict,P,50,43,36,43,40,3,3,0.9302325581395349,1.0,26.744186046511533,9.999999999999787,71.34912525335267,45.99999999999946,0.0
includes_nonmanual,PhaseNetMatched,Zonly,43,,strict,P,100,43,36,43,42,1,1,0.9767441860465116,1.0,26.744186046511533,9.999999999999787,71.34912525335267,45.99999999999946,0.0
includes_nonmanual,PhaseNetMatched,Zonly,43,,strict,P,200,43,36,43,42,1,1,0.9767441860465116,1.0,26.744186046511533,9.999999999999787,71.34912525335267,45.99999999999946,0.0
includes_nonmanual,PhaseNetMatched,Zonly,43,,strict,S,50,43,36,41,2,39,41,0.047619047619047616,0.9534883720930233,476.0975609756098,290.0000000000009,628.3660576757983,1019.9999999999995,0.12195121951219512
includes_nonmanual,PhaseNetMatched,Zonly,43,,strict,S,100,43,36,41,8,33,35,0.19047619047619047,0.9534883720930233,476.0975609756098,290.0000000000009,628.3660576757983,1019.9999999999995,0.12195121951219512
includes_nonmanual,PhaseNetMatched,Zonly,43,,strict,S,200,43,36,41,16,25,27,0.38095238095238093,0.9534883720930233,476.0975609756098,290.0000000000009,628.3660576757983,1019.9999999999995,0.12195121951219512
includes_nonmanual,PhaseNetMatched,Zonly,44,,accepted,P,50,43,36,43,38,5,5,0.8837209302325582,1.0,26.27906976744182,9.999999999999787,75.89772800472412,54.00000000000048,0.0
includes_nonmanual,PhaseNetMatched,Zonly,44,,accepted,P,100,43,36,43,42,1,1,0.9767441860465116,1.0,26.27906976744182,9.999999999999787,75.89772800472412,54.00000000000048,0.0
includes_nonmanual,PhaseNetMatched,Zonly,44,,accepted,P,200,43,36,43,42,1,1,0.9767441860465116,1.0,26.27906976744182,9.999999999999787,75.89772800472412,54.00000000000048,0.0
includes_nonmanual,PhaseNetMatched,Zonly,44,,accepted,S,50,43,36,43,5,38,38,0.11627906976744186,1.0,891.6279069767442,320.0000000000003,2166.403084742402,1388.0000000000007,0.20930232558139536
includes_nonmanual,PhaseNetMatched,Zonly,44,,accepted,S,100,43,36,43,9,34,34,0.20930232558139536,1.0,891.6279069767442,320.0000000000003,2166.403084742402,1388.0000000000007,0.20930232558139536
includes_nonmanual,PhaseNetMatched,Zonly,44,,accepted,S,200,43,36,43,17,26,26,0.3953488372093023,1.0,891.6279069767442,320.0000000000003,2166.403084742402,1388.0000000000007,0.20930232558139536
includes_nonmanual,PhaseNetMatched,Zonly,44,,strict,P,50,43,36,43,38,5,5,0.8837209302325582,1.0,26.27906976744182,9.999999999999787,75.89772800472412,54.00000000000048,0.0
includes_nonmanual,PhaseNetMatched,Zonly,44,,strict,P,100,43,36,43,42,1,1,0.9767441860465116,1.0,26.27906976744182,9.999999999999787,75.89772800472412,54.00000000000048,0.0
includes_nonmanual,PhaseNetMatched,Zonly,44,,strict,P,200,43,36,43,42,1,1,0.9767441860465116,1.0,26.27906976744182,9.999999999999787,75.89772800472412,54.00000000000048,0.0
includes_nonmanual,PhaseNetMatched,Zonly,44,,strict,S,50,43,36,42,5,37,38,0.11764705882352941,0.9767441860465116,908.8095238095239,330.0000000000001,2191.884924855665,1394.0000000000002,0.21428571428571427
includes_nonmanual,PhaseNetMatched,Zonly,44,,strict,S,100,43,36,42,9,33,34,0.21176470588235294,0.9767441860465116,908.8095238095239,330.0000000000001,2191.884924855665,1394.0000000000002,0.21428571428571427
includes_nonmanual,PhaseNetMatched,Zonly,44,,strict,S,200,43,36,42,16,26,27,0.3764705882352941,0.9767441860465116,908.8095238095239,330.0000000000001,2191.884924855665,1394.0000000000002,0.21428571428571427
historical_test_records,Stack,Full3C,42,42,accepted,P,50,51,48,50,31,19,20,0.6138613861386139,0.9803921568627451,70.59999999999982,39.99999999999915,120.98760267068681,160.00000000000014,0.0
historical_test_records,Stack,Full3C,42,42,accepted,P,100,51,48,50,40,10,11,0.7920792079207921,0.9803921568627451,70.59999999999982,39.99999999999915,120.98760267068681,160.00000000000014,0.0
historical_test_records,Stack,Full3C,42,42,accepted,P,200,51,48,50,46,4,5,0.9108910891089109,0.9803921568627451,70.59999999999982,39.99999999999915,120.98760267068681,160.00000000000014,0.0
historical_test_records,Stack,Full3C,42,42,accepted,S,50,51,48,49,17,32,34,0.34,0.9607843137254902,596.9387755102042,150.00000000000034,1588.660711776702,699.9999999999998,0.08163265306122448
historical_test_records,Stack,Full3C,42,42,accepted,S,100,51,48,49,24,25,27,0.48,0.9607843137254902,596.9387755102042,150.00000000000034,1588.660711776702,699.9999999999998,0.08163265306122448
historical_test_records,Stack,Full3C,42,42,accepted,S,200,51,48,49,29,20,22,0.58,0.9607843137254902,596.9387755102042,150.00000000000034,1588.660711776702,699.9999999999998,0.08163265306122448
historical_test_records,Stack,Full3C,42,42,strict,P,50,51,48,49,31,18,20,0.62,0.9607843137254902,64.89795918367331,39.99999999999915,111.52010892156416,160.00000000000014,0.0
historical_test_records,Stack,Full3C,42,42,strict,P,100,51,48,49,40,9,11,0.8,0.9607843137254902,64.89795918367331,39.99999999999915,111.52010892156416,160.00000000000014,0.0
historical_test_records,Stack,Full3C,42,42,strict,P,200,51,48,49,46,3,5,0.92,0.9607843137254902,64.89795918367331,39.99999999999915,111.52010892156416,160.00000000000014,0.0
historical_test_records,Stack,Full3C,42,42,strict,S,50,51,48,49,17,32,34,0.34,0.9607843137254902,596.9387755102042,150.00000000000034,1588.660711776702,699.9999999999998,0.08163265306122448
historical_test_records,Stack,Full3C,42,42,strict,S,100,51,48,49,24,25,27,0.48,0.9607843137254902,596.9387755102042,150.00000000000034,1588.660711776702,699.9999999999998,0.08163265306122448
historical_test_records,Stack,Full3C,42,42,strict,S,200,51,48,49,29,20,22,0.58,0.9607843137254902,596.9387755102042,150.00000000000034,1588.660711776702,699.9999999999998,0.08163265306122448
historical_test_records,Stack,Full3C,42,43,accepted,P,50,51,48,50,31,19,20,0.6138613861386139,0.9803921568627451,73.1999999999998,39.99999999999915,123.57993364620316,164.0000000000002,0.0
historical_test_records,Stack,Full3C,42,43,accepted,P,100,51,48,50,39,11,12,0.7722772277227723,0.9803921568627451,73.1999999999998,39.99999999999915,123.57993364620316,164.0000000000002,0.0
historical_test_records,Stack,Full3C,42,43,accepted,P,200,51,48,50,46,4,5,0.9108910891089109,0.9803921568627451,73.1999999999998,39.99999999999915,123.57993364620316,164.0000000000002,0.0
historical_test_records,Stack,Full3C,42,43,accepted,S,50,51,48,49,16,33,35,0.32,0.9607843137254902,620.0000000000003,110.00000000000031,1688.6705312953459,708.0000000000003,0.08163265306122448
historical_test_records,Stack,Full3C,42,43,accepted,S,100,51,48,49,24,25,27,0.48,0.9607843137254902,620.0000000000003,110.00000000000031,1688.6705312953459,708.0000000000003,0.08163265306122448
historical_test_records,Stack,Full3C,42,43,accepted,S,200,51,48,49,31,18,20,0.62,0.9607843137254902,620.0000000000003,110.00000000000031,1688.6705312953459,708.0000000000003,0.08163265306122448
historical_test_records,Stack,Full3C,42,43,strict,P,50,51,48,49,31,18,20,0.62,0.9607843137254902,67.14285714285695,39.99999999999915,113.09197990294155,152.00000000000034,0.0
historical_test_records,Stack,Full3C,42,43,strict,P,100,51,48,49,39,10,12,0.78,0.9607843137254902,67.14285714285695,39.99999999999915,113.09197990294155,152.00000000000034,0.0
historical_test_records,Stack,Full3C,42,43,strict,P,200,51,48,49,46,3,5,0.92,0.9607843137254902,67.14285714285695,39.99999999999915,113.09197990294155,152.00000000000034,0.0
historical_test_records,Stack,Full3C,42,43,strict,S,50,51,48,47,16,31,35,0.32653061224489793,0.9215686274509803,503.19148936170245,100.00000000000142,1435.0765418092042,622.0,0.06382978723404255
historical_test_records,Stack,Full3C,42,43,strict,S,100,51,48,47,24,23,27,0.4897959183673469,0.9215686274509803,503.19148936170245,100.00000000000142,1435.0765418092042,622.0,0.06382978723404255
historical_test_records,Stack,Full3C,42,43,strict,S,200,51,48,47,30,17,21,0.6122448979591837,0.9215686274509803,503.19148936170245,100.00000000000142,1435.0765418092042,622.0,0.06382978723404255
historical_test_records,Stack,Full3C,42,44,accepted,P,50,51,48,51,31,20,20,0.6078431372549019,1.0,723.9215686274508,39.99999999999915,4646.402783178554,209.99999999999997,0.0196078431372549
historical_test_records,Stack,Full3C,42,44,accepted,P,100,51,48,51,39,12,12,0.7647058823529411,1.0,723.9215686274508,39.99999999999915,4646.402783178554,209.99999999999997,0.0196078431372549
historical_test_records,Stack,Full3C,42,44,accepted,P,200,51,48,51,45,6,6,0.8823529411764706,1.0,723.9215686274508,39.99999999999915,4646.402783178554,209.99999999999997,0.0196078431372549
historical_test_records,Stack,Full3C,42,44,accepted,S,50,51,48,49,14,35,37,0.28,0.9607843137254902,660.4081632653061,160.00000000000014,1705.1985341350505,944.0000000000032,0.10204081632653061
historical_test_records,Stack,Full3C,42,44,accepted,S,100,51,48,49,24,25,27,0.48,0.9607843137254902,660.4081632653061,160.00000000000014,1705.1985341350505,944.0000000000032,0.10204081632653061
historical_test_records,Stack,Full3C,42,44,accepted,S,200,51,48,49,28,21,23,0.56,0.9607843137254902,660.4081632653061,160.00000000000014,1705.1985341350505,944.0000000000032,0.10204081632653061
historical_test_records,Stack,Full3C,42,44,strict,P,50,51,48,49,31,18,20,0.62,0.9607843137254902,68.77551020408148,39.99999999999915,115.05987793407425,162.00000000000014,0.0
historical_test_records,Stack,Full3C,42,44,strict,P,100,51,48,49,39,10,12,0.78,0.9607843137254902,68.77551020408148,39.99999999999915,115.05987793407425,162.00000000000014,0.0
historical_test_records,Stack,Full3C,42,44,strict,P,200,51,48,49,45,4,6,0.9,0.9607843137254902,68.77551020408148,39.99999999999915,115.05987793407425,162.00000000000014,0.0
historical_test_records,Stack,Full3C,42,44,strict,S,50,51,48,47,14,33,37,0.2857142857142857,0.9215686274509803,432.5531914893618,100.00000000000054,1216.4169567898816,693.9999999999997,0.06382978723404255
historical_test_records,Stack,Full3C,42,44,strict,S,100,51,48,47,24,23,27,0.4897959183673469,0.9215686274509803,432.5531914893618,100.00000000000054,1216.4169567898816,693.9999999999997,0.06382978723404255
historical_test_records,Stack,Full3C,42,44,strict,S,200,51,48,47,28,19,23,0.5714285714285714,0.9215686274509803,432.5531914893618,100.00000000000054,1216.4169567898816,693.9999999999997,0.06382978723404255
historical_test_records,Stack,Full3C,43,42,accepted,P,50,51,48,50,32,18,19,0.6336633663366337,0.9803921568627451,69.59999999999991,40.000000000000036,116.43023662262303,132.99999999999994,0.0
historical_test_records,Stack,Full3C,43,42,accepted,P,100,51,48,50,41,9,10,0.8118811881188119,0.9803921568627451,69.59999999999991,40.000000000000036,116.43023662262303,132.99999999999994,0.0
historical_test_records,Stack,Full3C,43,42,accepted,P,200,51,48,50,46,4,5,0.9108910891089109,0.9803921568627451,69.59999999999991,40.000000000000036,116.43023662262303,132.99999999999994,0.0
historical_test_records,Stack,Full3C,43,42,accepted,S,50,51,48,50,17,33,34,0.33663366336633666,0.9803921568627451,548.8,120.00000000000055,1449.1804580520673,695.9999999999997,0.08
historical_test_records,Stack,Full3C,43,42,accepted,S,100,51,48,50,25,25,26,0.49504950495049505,0.9803921568627451,548.8,120.00000000000055,1449.1804580520673,695.9999999999997,0.08
historical_test_records,Stack,Full3C,43,42,accepted,S,200,51,48,50,31,19,20,0.6138613861386139,0.9803921568627451,548.8,120.00000000000055,1449.1804580520673,695.9999999999997,0.08
historical_test_records,Stack,Full3C,43,42,strict,P,50,51,48,49,32,17,19,0.64,0.9607843137254902,64.28571428571419,40.000000000000036,107.7506569893318,129.9999999999999,0.0
historical_test_records,Stack,Full3C,43,42,strict,P,100,51,48,49,41,8,10,0.82,0.9607843137254902,64.28571428571419,40.000000000000036,107.7506569893318,129.9999999999999,0.0
historical_test_records,Stack,Full3C,43,42,strict,P,200,51,48,49,46,3,5,0.92,0.9607843137254902,64.28571428571419,40.000000000000036,107.7506569893318,129.9999999999999,0.0
historical_test_records,Stack,Full3C,43,42,strict,S,50,51,48,46,17,29,34,0.35051546391752575,0.9019607843137255,456.7391304347826,84.99999999999997,1298.5183864697485,549.9999999999998,0.06521739130434782
historical_test_records,Stack,Full3C,43,42,strict,S,100,51,48,46,25,21,26,0.5154639175257731,0.9019607843137255,456.7391304347826,84.99999999999997,1298.5183864697485,549.9999999999998,0.06521739130434782
historical_test_records,Stack,Full3C,43,42,strict,S,200,51,48,46,30,16,21,0.6185567010309279,0.9019607843137255,456.7391304347826,84.99999999999997,1298.5183864697485,549.9999999999998,0.06521739130434782
historical_test_records,Stack,Full3C,43,43,accepted,P,50,51,48,50,31,19,20,0.6138613861386139,0.9803921568627451,71.7999999999999,40.000000000000036,118.39763511151727,165.0000000000002,0.0
historical_test_records,Stack,Full3C,43,43,accepted,P,100,51,48,50,40,10,11,0.7920792079207921,0.9803921568627451,71.7999999999999,40.000000000000036,118.39763511151727,165.0000000000002,0.0
historical_test_records,Stack,Full3C,43,43,accepted,P,200,51,48,50,45,5,6,0.8910891089108911,0.9803921568627451,71.7999999999999,40.000000000000036,118.39763511151727,165.0000000000002,0.0
historical_test_records,Stack,Full3C,43,43,accepted,S,50,51,48,50,20,30,31,0.39603960396039606,0.9803921568627451,1016.6000000000001,89.99999999999986,2930.742226808765,3268.000000000002,0.14
historical_test_records,Stack,Full3C,43,43,accepted,S,100,51,48,50,27,23,24,0.5346534653465347,0.9803921568627451,1016.6000000000001,89.99999999999986,2930.742226808765,3268.000000000002,0.14
historical_test_records,Stack,Full3C,43,43,accepted,S,200,51,48,50,31,19,20,0.6138613861386139,0.9803921568627451,1016.6000000000001,89.99999999999986,2930.742226808765,3268.000000000002,0.14
historical_test_records,Stack,Full3C,43,43,strict,P,50,51,48,49,31,18,20,0.62,0.9607843137254902,68.57142857142846,40.000000000000036,114.99778169998912,136.00000000000003,0.0
historical_test_records,Stack,Full3C,43,43,strict,P,100,51,48,49,40,9,11,0.8,0.9607843137254902,68.57142857142846,40.000000000000036,114.99778169998912,136.00000000000003,0.0
historical_test_records,Stack,Full3C,43,43,strict,P,200,51,48,49,45,4,6,0.9,0.9607843137254902,68.57142857142846,40.000000000000036,114.99778169998912,136.00000000000003,0.0
historical_test_records,Stack,Full3C,43,43,strict,S,50,51,48,46,19,27,32,0.3917525773195876,0.9019607843137255,726.0869565217392,84.99999999999997,1836.377577922267,2550.000000000001,0.13043478260869565
historical_test_records,Stack,Full3C,43,43,strict,S,100,51,48,46,26,20,25,0.5360824742268041,0.9019607843137255,726.0869565217392,84.99999999999997,1836.377577922267,2550.000000000001,0.13043478260869565
historical_test_records,Stack,Full3C,43,43,strict,S,200,51,48,46,30,16,21,0.6185567010309279,0.9019607843137255,726.0869565217392,84.99999999999997,1836.377577922267,2550.000000000001,0.13043478260869565
historical_test_records,Stack,Full3C,43,44,accepted,P,50,51,48,50,31,19,20,0.6138613861386139,0.9803921568627451,76.79999999999991,49.99999999999982,124.75576139000549,181.9999999999998,0.0
historical_test_records,Stack,Full3C,43,44,accepted,P,100,51,48,50,39,11,12,0.7722772277227723,0.9803921568627451,76.79999999999991,49.99999999999982,124.75576139000549,181.9999999999998,0.0
historical_test_records,Stack,Full3C,43,44,accepted,P,200,51,48,50,46,4,5,0.9108910891089109,0.9803921568627451,76.79999999999991,49.99999999999982,124.75576139000549,181.9999999999998,0.0
historical_test_records,Stack,Full3C,43,44,accepted,S,50,51,48,50,18,32,33,0.3564356435643564,0.9803921568627451,827.4000000000003,90.00000000000074,2717.6824685750175,867.0000000000009,0.1
historical_test_records,Stack,Full3C,43,44,accepted,S,100,51,48,50,27,23,24,0.5346534653465347,0.9803921568627451,827.4000000000003,90.00000000000074,2717.6824685750175,867.0000000000009,0.1
historical_test_records,Stack,Full3C,43,44,accepted,S,200,51,48,50,30,20,21,0.594059405940594,0.9803921568627451,827.4000000000003,90.00000000000074,2717.6824685750175,867.0000000000009,0.1
historical_test_records,Stack,Full3C,43,44,strict,P,50,51,48,50,31,19,20,0.6138613861386139,0.9803921568627451,76.79999999999991,49.99999999999982,124.75576139000549,181.9999999999998,0.0
historical_test_records,Stack,Full3C,43,44,strict,P,100,51,48,50,39,11,12,0.7722772277227723,0.9803921568627451,76.79999999999991,49.99999999999982,124.75576139000549,181.9999999999998,0.0
historical_test_records,Stack,Full3C,43,44,strict,P,200,51,48,50,46,4,5,0.9108910891089109,0.9803921568627451,76.79999999999991,49.99999999999982,124.75576139000549,181.9999999999998,0.0
historical_test_records,Stack,Full3C,43,44,strict,S,50,51,48,48,18,30,33,0.36363636363636365,0.9411764705882353,515.6250000000001,89.99999999999986,1414.514787244493,756.0,0.08333333333333333
historical_test_records,Stack,Full3C,43,44,strict,S,100,51,48,48,26,22,25,0.5252525252525253,0.9411764705882353,515.6250000000001,89.99999999999986,1414.514787244493,756.0,0.08333333333333333
historical_test_records,Stack,Full3C,43,44,strict,S,200,51,48,48,29,19,22,0.5858585858585859,0.9411764705882353,515.6250000000001,89.99999999999986,1414.514787244493,756.0,0.08333333333333333
historical_test_records,Stack,Full3C,44,42,accepted,P,50,51,48,50,30,20,21,0.594059405940594,0.9803921568627451,73.79999999999987,39.99999999999959,121.41663806908838,192.0000000000004,0.0
historical_test_records,Stack,Full3C,44,42,accepted,P,100,51,48,50,38,12,13,0.7524752475247525,0.9803921568627451,73.79999999999987,39.99999999999959,121.41663806908838,192.0000000000004,0.0
historical_test_records,Stack,Full3C,44,42,accepted,P,200,51,48,50,45,5,6,0.8910891089108911,0.9803921568627451,73.79999999999987,39.99999999999959,121.41663806908838,192.0000000000004,0.0
historical_test_records,Stack,Full3C,44,42,accepted,S,50,51,48,50,18,32,33,0.3564356435643564,0.9803921568627451,551.8000000000003,100.00000000000009,1512.771628501804,1070.9999999999995,0.12
historical_test_records,Stack,Full3C,44,42,accepted,S,100,51,48,50,27,23,24,0.5346534653465347,0.9803921568627451,551.8000000000003,100.00000000000009,1512.771628501804,1070.9999999999995,0.12
historical_test_records,Stack,Full3C,44,42,accepted,S,200,51,48,50,29,21,22,0.5742574257425742,0.9803921568627451,551.8000000000003,100.00000000000009,1512.771628501804,1070.9999999999995,0.12
historical_test_records,Stack,Full3C,44,42,strict,P,50,51,48,49,30,19,21,0.6,0.9607843137254902,68.57142857142843,39.99999999999915,113.22724125962492,166.00000000000028,0.0
historical_test_records,Stack,Full3C,44,42,strict,P,100,51,48,49,38,11,13,0.76,0.9607843137254902,68.57142857142843,39.99999999999915,113.22724125962492,166.00000000000028,0.0
historical_test_records,Stack,Full3C,44,42,strict,P,200,51,48,49,45,4,6,0.9,0.9607843137254902,68.57142857142843,39.99999999999915,113.22724125962492,166.00000000000028,0.0
historical_test_records,Stack,Full3C,44,42,strict,S,50,51,48,49,18,31,33,0.36,0.9607843137254902,427.14285714285734,99.99999999999964,1195.811567983204,776.0000000000008,0.10204081632653061
historical_test_records,Stack,Full3C,44,42,strict,S,100,51,48,49,27,22,24,0.54,0.9607843137254902,427.14285714285734,99.99999999999964,1195.811567983204,776.0000000000008,0.10204081632653061
historical_test_records,Stack,Full3C,44,42,strict,S,200,51,48,49,29,20,22,0.58,0.9607843137254902,427.14285714285734,99.99999999999964,1195.811567983204,776.0000000000008,0.10204081632653061
historical_test_records,Stack,Full3C,44,43,accepted,P,50,51,48,50,33,17,18,0.6534653465346535,0.9803921568627451,67.99999999999987,39.99999999999915,119.58260743101394,141.99999999999977,0.0
historical_test_records,Stack,Full3C,44,43,accepted,P,100,51,48,50,40,10,11,0.7920792079207921,0.9803921568627451,67.99999999999987,39.99999999999915,119.58260743101394,141.99999999999977,0.0
historical_test_records,Stack,Full3C,44,43,accepted,P,200,51,48,50,46,4,5,0.9108910891089109,0.9803921568627451,67.99999999999987,39.99999999999915,119.58260743101394,141.99999999999977,0.0
historical_test_records,Stack,Full3C,44,43,accepted,S,50,51,48,49,16,33,35,0.32,0.9607843137254902,640.8163265306123,100.00000000000054,1700.0936348763084,1158.0000000000002,0.12244897959183673
historical_test_records,Stack,Full3C,44,43,accepted,S,100,51,48,49,25,24,26,0.5,0.9607843137254902,640.8163265306123,100.00000000000054,1700.0936348763084,1158.0000000000002,0.12244897959183673
historical_test_records,Stack,Full3C,44,43,accepted,S,200,51,48,49,30,19,21,0.6,0.9607843137254902,640.8163265306123,100.00000000000054,1700.0936348763084,1158.0000000000002,0.12244897959183673
historical_test_records,Stack,Full3C,44,43,strict,P,50,51,48,49,33,16,18,0.66,0.9607843137254902,61.42857142857128,39.99999999999915,107.18094561087247,131.9999999999999,0.0
historical_test_records,Stack,Full3C,44,43,strict,P,100,51,48,49,40,9,11,0.8,0.9607843137254902,61.42857142857128,39.99999999999915,107.18094561087247,131.9999999999999,0.0
historical_test_records,Stack,Full3C,44,43,strict,P,200,51,48,49,46,3,5,0.92,0.9607843137254902,61.42857142857128,39.99999999999915,107.18094561087247,131.9999999999999,0.0
historical_test_records,Stack,Full3C,44,43,strict,S,50,51,48,46,16,30,35,0.32989690721649484,0.9019607843137255,530.2173913043479,94.99999999999974,1544.5577670168811,560.0000000000005,0.08695652173913043
historical_test_records,Stack,Full3C,44,43,strict,S,100,51,48,46,25,21,26,0.5154639175257731,0.9019607843137255,530.2173913043479,94.99999999999974,1544.5577670168811,560.0000000000005,0.08695652173913043
historical_test_records,Stack,Full3C,44,43,strict,S,200,51,48,46,29,17,22,0.5979381443298969,0.9019607843137255,530.2173913043479,94.99999999999974,1544.5577670168811,560.0000000000005,0.08695652173913043
historical_test_records,Stack,Full3C,44,44,accepted,P,50,51,48,51,30,21,21,0.5882352941176471,1.0,726.8627450980392,40.000000000000036,4649.2586379285185,209.99999999999997,0.0196078431372549
historical_test_records,Stack,Full3C,44,44,accepted,P,100,51,48,51,38,13,13,0.7450980392156863,1.0,726.8627450980392,40.000000000000036,4649.2586379285185,209.99999999999997,0.0196078431372549
historical_test_records,Stack,Full3C,44,44,accepted,P,200,51,48,51,44,7,7,0.8627450980392157,1.0,726.8627450980392,40.000000000000036,4649.2586379285185,209.99999999999997,0.0196078431372549
historical_test_records,Stack,Full3C,44,44,accepted,S,50,51,48,49,18,31,33,0.36,0.9607843137254902,568.3673469387755,99.99999999999964,1531.0827168099981,1202.0000000000007,0.12244897959183673
historical_test_records,Stack,Full3C,44,44,accepted,S,100,51,48,49,25,24,26,0.5,0.9607843137254902,568.3673469387755,99.99999999999964,1531.0827168099981,1202.0000000000007,0.12244897959183673
historical_test_records,Stack,Full3C,44,44,accepted,S,200,51,48,49,30,19,21,0.6,0.9607843137254902,568.3673469387755,99.99999999999964,1531.0827168099981,1202.0000000000007,0.12244897959183673
historical_test_records,Stack,Full3C,44,44,strict,P,50,51,48,49,30,19,21,0.6,0.9607843137254902,71.22448979591826,40.000000000000036,116.73273153766635,170.00000000000026,0.0
historical_test_records,Stack,Full3C,44,44,strict,P,100,51,48,49,38,11,13,0.76,0.9607843137254902,71.22448979591826,40.000000000000036,116.73273153766635,170.00000000000026,0.0
historical_test_records,Stack,Full3C,44,44,strict,P,200,51,48,49,44,5,7,0.88,0.9607843137254902,71.22448979591826,40.000000000000036,116.73273153766635,170.00000000000026,0.0
historical_test_records,Stack,Full3C,44,44,strict,S,50,51,48,47,18,29,33,0.3673469387755102,0.9215686274509803,577.4468085106383,89.99999999999986,1561.4532238311735,1243.9999999999995,0.1276595744680851
historical_test_records,Stack,Full3C,44,44,strict,S,100,51,48,47,25,22,26,0.5102040816326531,0.9215686274509803,577.4468085106383,89.99999999999986,1561.4532238311735,1243.9999999999995,0.1276595744680851
historical_test_records,Stack,Full3C,44,44,strict,S,200,51,48,47,30,17,21,0.6122448979591837,0.9215686274509803,577.4468085106383,89.99999999999986,1561.4532238311735,1243.9999999999995,0.1276595744680851
historical_test_records,Stack,Zonly,42,42,accepted,P,50,51,48,50,27,23,24,0.5346534653465347,0.9803921568627451,322.39999999999986,44.99999999999993,1775.8727431885432,201.00000000000017,0.02
historical_test_records,Stack,Zonly,42,42,accepted,P,100,51,48,50,37,13,14,0.7326732673267327,0.9803921568627451,322.39999999999986,44.99999999999993,1775.8727431885432,201.00000000000017,0.02
historical_test_records,Stack,Zonly,42,42,accepted,P,200,51,48,50,45,5,6,0.8910891089108911,0.9803921568627451,322.39999999999986,44.99999999999993,1775.8727431885432,201.00000000000017,0.02
historical_test_records,Stack,Zonly,42,42,accepted,S,50,51,48,48,14,34,37,0.2828282828282828,0.9411764705882353,1210.0,255.0000000000008,2348.1304620200867,3644.0000000000014,0.2916666666666667
historical_test_records,Stack,Zonly,42,42,accepted,S,100,51,48,48,16,32,35,0.32323232323232326,0.9411764705882353,1210.0,255.0000000000008,2348.1304620200867,3644.0000000000014,0.2916666666666667
historical_test_records,Stack,Zonly,42,42,accepted,S,200,51,48,48,22,26,29,0.4444444444444444,0.9411764705882353,1210.0,255.0000000000008,2348.1304620200867,3644.0000000000014,0.2916666666666667
historical_test_records,Stack,Zonly,42,42,strict,P,50,51,48,50,27,23,24,0.5346534653465347,0.9803921568627451,322.39999999999986,44.99999999999993,1775.8727431885432,201.00000000000017,0.02
historical_test_records,Stack,Zonly,42,42,strict,P,100,51,48,50,37,13,14,0.7326732673267327,0.9803921568627451,322.39999999999986,44.99999999999993,1775.8727431885432,201.00000000000017,0.02
historical_test_records,Stack,Zonly,42,42,strict,P,200,51,48,50,45,5,6,0.8910891089108911,0.9803921568627451,322.39999999999986,44.99999999999993,1775.8727431885432,201.00000000000017,0.02
historical_test_records,Stack,Zonly,42,42,strict,S,50,51,48,39,13,26,38,0.28888888888888886,0.7647058823529411,1133.5897435897439,179.99999999999972,2410.0936251629896,3648.000000000002,0.23076923076923078
historical_test_records,Stack,Zonly,42,42,strict,S,100,51,48,39,15,24,36,0.3333333333333333,0.7647058823529411,1133.5897435897439,179.99999999999972,2410.0936251629896,3648.000000000002,0.23076923076923078
historical_test_records,Stack,Zonly,42,42,strict,S,200,51,48,39,20,19,31,0.4444444444444444,0.7647058823529411,1133.5897435897439,179.99999999999972,2410.0936251629896,3648.000000000002,0.23076923076923078
historical_test_records,Stack,Zonly,42,43,accepted,P,50,51,48,49,29,20,22,0.58,0.9607843137254902,73.67346938775498,40.000000000000036,118.94948336094915,185.99999999999986,0.0
historical_test_records,Stack,Zonly,42,43,accepted,P,100,51,48,49,37,12,14,0.74,0.9607843137254902,73.67346938775498,40.000000000000036,118.94948336094915,185.99999999999986,0.0
historical_test_records,Stack,Zonly,42,43,accepted,P,200,51,48,49,44,5,7,0.88,0.9607843137254902,73.67346938775498,40.000000000000036,118.94948336094915,185.99999999999986,0.0
historical_test_records,Stack,Zonly,42,43,accepted,S,50,51,48,42,11,31,40,0.23655913978494625,0.8235294117647058,1055.952380952381,200.00000000000108,2298.6605830766916,3428.999999999999,0.21428571428571427
historical_test_records,Stack,Zonly,42,43,accepted,S,100,51,48,42,16,26,35,0.34408602150537637,0.8235294117647058,1055.952380952381,200.00000000000108,2298.6605830766916,3428.999999999999,0.21428571428571427
historical_test_records,Stack,Zonly,42,43,accepted,S,200,51,48,42,21,21,30,0.45161290322580644,0.8235294117647058,1055.952380952381,200.00000000000108,2298.6605830766916,3428.999999999999,0.21428571428571427
historical_test_records,Stack,Zonly,42,43,strict,P,50,51,48,49,29,20,22,0.58,0.9607843137254902,73.67346938775498,40.000000000000036,118.94948336094915,185.99999999999986,0.0
historical_test_records,Stack,Zonly,42,43,strict,P,100,51,48,49,37,12,14,0.74,0.9607843137254902,73.67346938775498,40.000000000000036,118.94948336094915,185.99999999999986,0.0
historical_test_records,Stack,Zonly,42,43,strict,P,200,51,48,49,44,5,7,0.88,0.9607843137254902,73.67346938775498,40.000000000000036,118.94948336094915,185.99999999999986,0.0
historical_test_records,Stack,Zonly,42,43,strict,S,50,51,48,32,8,24,43,0.1927710843373494,0.6274509803921569,933.75,225.00000000000142,2174.166506963071,2952.0000000000027,0.1875
historical_test_records,Stack,Zonly,42,43,strict,S,100,51,48,32,11,21,40,0.26506024096385544,0.6274509803921569,933.75,225.00000000000142,2174.166506963071,2952.0000000000027,0.1875
historical_test_records,Stack,Zonly,42,43,strict,S,200,51,48,32,15,17,36,0.3614457831325301,0.6274509803921569,933.75,225.00000000000142,2174.166506963071,2952.0000000000027,0.1875
historical_test_records,Stack,Zonly,42,44,accepted,P,50,51,48,49,27,22,24,0.54,0.9607843137254902,68.36734693877538,40.000000000000036,111.47434957085369,143.99999999999983,0.0
historical_test_records,Stack,Zonly,42,44,accepted,P,100,51,48,49,39,10,12,0.78,0.9607843137254902,68.36734693877538,40.000000000000036,111.47434957085369,143.99999999999983,0.0
historical_test_records,Stack,Zonly,42,44,accepted,P,200,51,48,49,47,2,4,0.94,0.9607843137254902,68.36734693877538,40.000000000000036,111.47434957085369,143.99999999999983,0.0
historical_test_records,Stack,Zonly,42,44,accepted,S,50,51,48,42,12,30,39,0.25806451612903225,0.8235294117647058,1065.2380952380952,265.0000000000015,2289.9937616883217,3416.9999999999995,0.21428571428571427
historical_test_records,Stack,Zonly,42,44,accepted,S,100,51,48,42,15,27,36,0.3225806451612903,0.8235294117647058,1065.2380952380952,265.0000000000015,2289.9937616883217,3416.9999999999995,0.21428571428571427
historical_test_records,Stack,Zonly,42,44,accepted,S,200,51,48,42,20,22,31,0.43010752688172044,0.8235294117647058,1065.2380952380952,265.0000000000015,2289.9937616883217,3416.9999999999995,0.21428571428571427
historical_test_records,Stack,Zonly,42,44,strict,P,50,51,48,49,27,22,24,0.54,0.9607843137254902,68.36734693877538,40.000000000000036,111.47434957085369,143.99999999999983,0.0
historical_test_records,Stack,Zonly,42,44,strict,P,100,51,48,49,39,10,12,0.78,0.9607843137254902,68.36734693877538,40.000000000000036,111.47434957085369,143.99999999999983,0.0
historical_test_records,Stack,Zonly,42,44,strict,P,200,51,48,49,47,2,4,0.94,0.9607843137254902,68.36734693877538,40.000000000000036,111.47434957085369,143.99999999999983,0.0
historical_test_records,Stack,Zonly,42,44,strict,S,50,51,48,24,7,17,44,0.18666666666666668,0.47058823529411764,505.00000000000017,149.99999999999946,1119.970237699794,709.9999999999993,0.08333333333333333
historical_test_records,Stack,Zonly,42,44,strict,S,100,51,48,24,9,15,42,0.24,0.47058823529411764,505.00000000000017,149.99999999999946,1119.970237699794,709.9999999999993,0.08333333333333333
historical_test_records,Stack,Zonly,42,44,strict,S,200,51,48,24,13,11,38,0.3466666666666667,0.47058823529411764,505.00000000000017,149.99999999999946,1119.970237699794,709.9999999999993,0.08333333333333333
historical_test_records,Stack,Zonly,43,42,accepted,P,50,51,48,51,29,22,22,0.5686274509803921,1.0,971.3725490196077,40.000000000000036,4982.32995341596,219.99999999999974,0.0392156862745098
historical_test_records,Stack,Zonly,43,42,accepted,P,100,51,48,51,37,14,14,0.7254901960784313,1.0,971.3725490196077,40.000000000000036,4982.32995341596,219.99999999999974,0.0392156862745098
historical_test_records,Stack,Zonly,43,42,accepted,P,200,51,48,51,45,6,6,0.8823529411764706,1.0,971.3725490196077,40.000000000000036,4982.32995341596,219.99999999999974,0.0392156862745098
historical_test_records,Stack,Zonly,43,42,accepted,S,50,51,48,47,6,41,45,0.12244897959183673,0.9215686274509803,1164.0425531914893,240.00000000000023,2279.9500741081006,3430.0,0.2765957446808511
historical_test_records,Stack,Zonly,43,42,accepted,S,100,51,48,47,12,35,39,0.24489795918367346,0.9215686274509803,1164.0425531914893,240.00000000000023,2279.9500741081006,3430.0,0.2765957446808511
historical_test_records,Stack,Zonly,43,42,accepted,S,200,51,48,47,20,27,31,0.40816326530612246,0.9215686274509803,1164.0425531914893,240.00000000000023,2279.9500741081006,3430.0,0.2765957446808511
historical_test_records,Stack,Zonly,43,42,strict,P,50,51,48,50,29,21,22,0.5742574257425742,0.9803921568627451,735.3999999999999,40.000000000000036,4696.661154479851,193.00000000000037,0.02
historical_test_records,Stack,Zonly,43,42,strict,P,100,51,48,50,37,13,14,0.7326732673267327,0.9803921568627451,735.3999999999999,40.000000000000036,4696.661154479851,193.00000000000037,0.02
historical_test_records,Stack,Zonly,43,42,strict,P,200,51,48,50,45,5,6,0.8910891089108911,0.9803921568627451,735.3999999999999,40.000000000000036,4696.661154479851,193.00000000000037,0.02
historical_test_records,Stack,Zonly,43,42,strict,S,50,51,48,39,6,33,45,0.13333333333333333,0.7647058823529411,1048.7179487179487,230.00000000000043,2289.079985384342,3400.000000000001,0.20512820512820512
historical_test_records,Stack,Zonly,43,42,strict,S,100,51,48,39,11,28,40,0.24444444444444444,0.7647058823529411,1048.7179487179487,230.00000000000043,2289.079985384342,3400.000000000001,0.20512820512820512
historical_test_records,Stack,Zonly,43,42,strict,S,200,51,48,39,18,21,33,0.4,0.7647058823529411,1048.7179487179487,230.00000000000043,2289.079985384342,3400.000000000001,0.20512820512820512
historical_test_records,Stack,Zonly,43,43,accepted,P,50,51,48,50,27,23,24,0.5346534653465347,0.9803921568627451,73.7999999999999,40.000000000000036,118.83602147497197,164.0000000000002,0.0
historical_test_records,Stack,Zonly,43,43,accepted,P,100,51,48,50,36,14,15,0.7128712871287128,0.9803921568627451,73.7999999999999,40.000000000000036,118.83602147497197,164.0000000000002,0.0
historical_test_records,Stack,Zonly,43,43,accepted,P,200,51,48,50,47,3,4,0.9306930693069307,0.9803921568627451,73.7999999999999,40.000000000000036,118.83602147497197,164.0000000000002,0.0
historical_test_records,Stack,Zonly,43,43,accepted,S,50,51,48,46,9,37,42,0.18556701030927836,0.9019607843137255,1110.6521739130437,309.99999999999966,2259.018159174083,3425.0,0.2391304347826087
historical_test_records,Stack,Zonly,43,43,accepted,S,100,51,48,46,15,31,36,0.30927835051546393,0.9019607843137255,1110.6521739130437,309.99999999999966,2259.018159174083,3425.0,0.2391304347826087
historical_test_records,Stack,Zonly,43,43,accepted,S,200,51,48,46,20,26,31,0.41237113402061853,0.9019607843137255,1110.6521739130437,309.99999999999966,2259.018159174083,3425.0,0.2391304347826087
historical_test_records,Stack,Zonly,43,43,strict,P,50,51,48,49,27,22,24,0.54,0.9607843137254902,73.0612244897958,40.000000000000036,119.00951771233447,168.00000000000026,0.0
historical_test_records,Stack,Zonly,43,43,strict,P,100,51,48,49,36,13,15,0.72,0.9607843137254902,73.0612244897958,40.000000000000036,119.00951771233447,168.00000000000026,0.0
historical_test_records,Stack,Zonly,43,43,strict,P,200,51,48,49,46,3,5,0.92,0.9607843137254902,73.0612244897958,40.000000000000036,119.00951771233447,168.00000000000026,0.0
historical_test_records,Stack,Zonly,43,43,strict,S,50,51,48,38,9,29,42,0.20224719101123595,0.7450980392156863,1063.684210526316,205.00000000000097,2317.7439121061807,3419.0,0.21052631578947367
historical_test_records,Stack,Zonly,43,43,strict,S,100,51,48,38,15,23,36,0.33707865168539325,0.7450980392156863,1063.684210526316,205.00000000000097,2317.7439121061807,3419.0,0.21052631578947367
historical_test_records,Stack,Zonly,43,43,strict,S,200,51,48,38,19,19,32,0.42696629213483145,0.7450980392156863,1063.684210526316,205.00000000000097,2317.7439121061807,3419.0,0.21052631578947367
historical_test_records,Stack,Zonly,43,44,accepted,P,50,51,48,49,33,16,18,0.66,0.9607843137254902,70.40816326530607,49.99999999999982,115.96093642046101,158.00000000000045,0.0
historical_test_records,Stack,Zonly,43,44,accepted,P,100,51,48,49,38,11,13,0.76,0.9607843137254902,70.40816326530607,49.99999999999982,115.96093642046101,158.00000000000045,0.0
historical_test_records,Stack,Zonly,43,44,accepted,P,200,51,48,49,45,4,6,0.9,0.9607843137254902,70.40816326530607,49.99999999999982,115.96093642046101,158.00000000000045,0.0
historical_test_records,Stack,Zonly,43,44,accepted,S,50,51,48,43,8,35,43,0.1702127659574468,0.8431372549019608,1205.8139534883721,210.00000000000085,2513.8301176621135,4200.000000000003,0.23255813953488372
historical_test_records,Stack,Zonly,43,44,accepted,S,100,51,48,43,13,30,38,0.2765957446808511,0.8431372549019608,1205.8139534883721,210.00000000000085,2513.8301176621135,4200.000000000003,0.23255813953488372
historical_test_records,Stack,Zonly,43,44,accepted,S,200,51,48,43,20,23,31,0.425531914893617,0.8431372549019608,1205.8139534883721,210.00000000000085,2513.8301176621135,4200.000000000003,0.23255813953488372
historical_test_records,Stack,Zonly,43,44,strict,P,50,51,48,49,33,16,18,0.66,0.9607843137254902,70.40816326530607,49.99999999999982,115.96093642046101,158.00000000000045,0.0
historical_test_records,Stack,Zonly,43,44,strict,P,100,51,48,49,38,11,13,0.76,0.9607843137254902,70.40816326530607,49.99999999999982,115.96093642046101,158.00000000000045,0.0
historical_test_records,Stack,Zonly,43,44,strict,P,200,51,48,49,45,4,6,0.9,0.9607843137254902,70.40816326530607,49.99999999999982,115.96093642046101,158.00000000000045,0.0
historical_test_records,Stack,Zonly,43,44,strict,S,50,51,48,31,6,25,45,0.14634146341463414,0.6078431372549019,1095.8064516129032,189.9999999999995,2475.051644948301,3519.9999999999995,0.1935483870967742
historical_test_records,Stack,Zonly,43,44,strict,S,100,51,48,31,11,20,40,0.2682926829268293,0.6078431372549019,1095.8064516129032,189.9999999999995,2475.051644948301,3519.9999999999995,0.1935483870967742
historical_test_records,Stack,Zonly,43,44,strict,S,200,51,48,31,16,15,35,0.3902439024390244,0.6078431372549019,1095.8064516129032,189.9999999999995,2475.051644948301,3519.9999999999995,0.1935483870967742
historical_test_records,Stack,Zonly,44,42,accepted,P,50,51,48,49,33,16,18,0.66,0.9607843137254902,67.14285714285698,39.99999999999915,111.71209351155622,162.00000000000014,0.0
historical_test_records,Stack,Zonly,44,42,accepted,P,100,51,48,49,38,11,13,0.76,0.9607843137254902,67.14285714285698,39.99999999999915,111.71209351155622,162.00000000000014,0.0
historical_test_records,Stack,Zonly,44,42,accepted,P,200,51,48,49,46,3,5,0.92,0.9607843137254902,67.14285714285698,39.99999999999915,111.71209351155622,162.00000000000014,0.0
historical_test_records,Stack,Zonly,44,42,accepted,S,50,51,48,46,10,36,41,0.20618556701030927,0.9019607843137255,974.3478260869564,269.99999999999955,2144.5522487983567,2745.0000000000005,0.1956521739130435
historical_test_records,Stack,Zonly,44,42,accepted,S,100,51,48,46,16,30,35,0.32989690721649484,0.9019607843137255,974.3478260869564,269.99999999999955,2144.5522487983567,2745.0000000000005,0.1956521739130435
historical_test_records,Stack,Zonly,44,42,accepted,S,200,51,48,46,21,25,30,0.4329896907216495,0.9019607843137255,974.3478260869564,269.99999999999955,2144.5522487983567,2745.0000000000005,0.1956521739130435
historical_test_records,Stack,Zonly,44,42,strict,P,50,51,48,49,33,16,18,0.66,0.9607843137254902,67.14285714285698,39.99999999999915,111.71209351155622,162.00000000000014,0.0
historical_test_records,Stack,Zonly,44,42,strict,P,100,51,48,49,38,11,13,0.76,0.9607843137254902,67.14285714285698,39.99999999999915,111.71209351155622,162.00000000000014,0.0
historical_test_records,Stack,Zonly,44,42,strict,P,200,51,48,49,46,3,5,0.92,0.9607843137254902,67.14285714285698,39.99999999999915,111.71209351155622,162.00000000000014,0.0
historical_test_records,Stack,Zonly,44,42,strict,S,50,51,48,37,9,28,42,0.20454545454545456,0.7254901960784313,1024.5945945945946,259.999999999998,2331.2860387765795,3571.9999999999986,0.1891891891891892
historical_test_records,Stack,Zonly,44,42,strict,S,100,51,48,37,14,23,37,0.3181818181818182,0.7254901960784313,1024.5945945945946,259.999999999998,2331.2860387765795,3571.9999999999986,0.1891891891891892
historical_test_records,Stack,Zonly,44,42,strict,S,200,51,48,37,18,19,33,0.4090909090909091,0.7254901960784313,1024.5945945945946,259.999999999998,2331.2860387765795,3571.9999999999986,0.1891891891891892
historical_test_records,Stack,Zonly,44,43,accepted,P,50,51,48,51,32,19,19,0.6274509803921569,1.0,964.5098039215686,40.000000000000036,4973.411461826525,200.00000000000017,0.0392156862745098
historical_test_records,Stack,Zonly,44,43,accepted,P,100,51,48,51,38,13,13,0.7450980392156863,1.0,964.5098039215686,40.000000000000036,4973.411461826525,200.00000000000017,0.0392156862745098
historical_test_records,Stack,Zonly,44,43,accepted,P,200,51,48,51,46,5,5,0.9019607843137255,1.0,964.5098039215686,40.000000000000036,4973.411461826525,200.00000000000017,0.0392156862745098
historical_test_records,Stack,Zonly,44,43,accepted,S,50,51,48,45,9,36,42,0.1875,0.8823529411764706,1072.888888888889,339.9999999999999,2246.5618175336285,3396.0,0.2222222222222222
historical_test_records,Stack,Zonly,44,43,accepted,S,100,51,48,45,14,31,37,0.2916666666666667,0.8823529411764706,1072.888888888889,339.9999999999999,2246.5618175336285,3396.0,0.2222222222222222
historical_test_records,Stack,Zonly,44,43,accepted,S,200,51,48,45,18,27,33,0.375,0.8823529411764706,1072.888888888889,339.9999999999999,2246.5618175336285,3396.0,0.2222222222222222
historical_test_records,Stack,Zonly,44,43,strict,P,50,51,48,49,32,17,19,0.64,0.9607843137254902,69.9999999999999,40.000000000000036,115.69664768572284,166.00000000000028,0.0
historical_test_records,Stack,Zonly,44,43,strict,P,100,51,48,49,38,11,13,0.76,0.9607843137254902,69.9999999999999,40.000000000000036,115.69664768572284,166.00000000000028,0.0
historical_test_records,Stack,Zonly,44,43,strict,P,200,51,48,49,46,3,5,0.92,0.9607843137254902,69.9999999999999,40.000000000000036,115.69664768572284,166.00000000000028,0.0
historical_test_records,Stack,Zonly,44,43,strict,S,50,51,48,38,8,30,43,0.1797752808988764,0.7450980392156863,1185.0,224.99999999999966,2433.4602826774103,3694.0000000000036,0.23684210526315788
historical_test_records,Stack,Zonly,44,43,strict,S,100,51,48,38,13,25,38,0.29213483146067415,0.7450980392156863,1185.0,224.99999999999966,2433.4602826774103,3694.0000000000036,0.23684210526315788
historical_test_records,Stack,Zonly,44,43,strict,S,200,51,48,38,17,21,34,0.38202247191011235,0.7450980392156863,1185.0,224.99999999999966,2433.4602826774103,3694.0000000000036,0.23684210526315788
historical_test_records,Stack,Zonly,44,44,accepted,P,50,51,48,49,31,18,20,0.62,0.9607843137254902,68.36734693877541,40.000000000000036,113.16413941253467,152.00000000000034,0.0
historical_test_records,Stack,Zonly,44,44,accepted,P,100,51,48,49,39,10,12,0.78,0.9607843137254902,68.36734693877541,40.000000000000036,113.16413941253467,152.00000000000034,0.0
historical_test_records,Stack,Zonly,44,44,accepted,P,200,51,48,49,46,3,5,0.92,0.9607843137254902,68.36734693877541,40.000000000000036,113.16413941253467,152.00000000000034,0.0
historical_test_records,Stack,Zonly,44,44,accepted,S,50,51,48,46,10,36,41,0.20618556701030927,0.9019607843137255,991.5217391304348,314.99999999999955,2194.108217377898,3089.999999999999,0.1956521739130435
historical_test_records,Stack,Zonly,44,44,accepted,S,100,51,48,46,13,33,38,0.26804123711340205,0.9019607843137255,991.5217391304348,314.99999999999955,2194.108217377898,3089.999999999999,0.1956521739130435
historical_test_records,Stack,Zonly,44,44,accepted,S,200,51,48,46,19,27,32,0.3917525773195876,0.9019607843137255,991.5217391304348,314.99999999999955,2194.108217377898,3089.999999999999,0.1956521739130435
historical_test_records,Stack,Zonly,44,44,strict,P,50,51,48,49,31,18,20,0.62,0.9607843137254902,68.36734693877541,40.000000000000036,113.16413941253467,152.00000000000034,0.0
historical_test_records,Stack,Zonly,44,44,strict,P,100,51,48,49,39,10,12,0.78,0.9607843137254902,68.36734693877541,40.000000000000036,113.16413941253467,152.00000000000034,0.0
historical_test_records,Stack,Zonly,44,44,strict,P,200,51,48,49,46,3,5,0.92,0.9607843137254902,68.36734693877541,40.000000000000036,113.16413941253467,152.00000000000034,0.0
historical_test_records,Stack,Zonly,44,44,strict,S,50,51,48,37,9,28,42,0.20454545454545456,0.7254901960784313,972.1621621621622,240.00000000000023,2278.014189738213,2831.9999999999955,0.16216216216216217
historical_test_records,Stack,Zonly,44,44,strict,S,100,51,48,37,12,25,39,0.2727272727272727,0.7254901960784313,972.1621621621622,240.00000000000023,2278.014189738213,2831.9999999999955,0.16216216216216217
historical_test_records,Stack,Zonly,44,44,strict,S,200,51,48,37,18,19,33,0.4090909090909091,0.7254901960784313,972.1621621621622,240.00000000000023,2278.014189738213,2831.9999999999955,0.16216216216216217
historical_test_records,PhaseNetMatched,Full3C,42,,accepted,P,50,51,48,51,49,2,2,0.9607843137254902,1.0,12.549019607842942,9.999999999999787,19.50364470714998,19.999999999999574,0.0
historical_test_records,PhaseNetMatched,Full3C,42,,accepted,P,100,51,48,51,51,0,0,1.0,1.0,12.549019607842942,9.999999999999787,19.50364470714998,19.999999999999574,0.0
historical_test_records,PhaseNetMatched,Full3C,42,,accepted,P,200,51,48,51,51,0,0,1.0,1.0,12.549019607842942,9.999999999999787,19.50364470714998,19.999999999999574,0.0
historical_test_records,PhaseNetMatched,Full3C,42,,accepted,S,50,51,48,51,18,33,33,0.35294117647058826,1.0,156.27450980392155,80.00000000000007,239.18571011155447,360.0000000000012,0.0
historical_test_records,PhaseNetMatched,Full3C,42,,accepted,S,100,51,48,51,28,23,23,0.5490196078431373,1.0,156.27450980392155,80.00000000000007,239.18571011155447,360.0000000000012,0.0
historical_test_records,PhaseNetMatched,Full3C,42,,accepted,S,200,51,48,51,38,13,13,0.7450980392156863,1.0,156.27450980392155,80.00000000000007,239.18571011155447,360.0000000000012,0.0
historical_test_records,PhaseNetMatched,Full3C,42,,strict,P,50,51,48,51,49,2,2,0.9607843137254902,1.0,12.549019607842942,9.999999999999787,19.50364470714998,19.999999999999574,0.0
historical_test_records,PhaseNetMatched,Full3C,42,,strict,P,100,51,48,51,51,0,0,1.0,1.0,12.549019607842942,9.999999999999787,19.50364470714998,19.999999999999574,0.0
historical_test_records,PhaseNetMatched,Full3C,42,,strict,P,200,51,48,51,51,0,0,1.0,1.0,12.549019607842942,9.999999999999787,19.50364470714998,19.999999999999574,0.0
historical_test_records,PhaseNetMatched,Full3C,42,,strict,S,50,51,48,50,18,32,33,0.3564356435643564,0.9803921568627451,156.39999999999995,75.00000000000017,240.6324998831204,364.00000000000114,0.0
historical_test_records,PhaseNetMatched,Full3C,42,,strict,S,100,51,48,50,28,22,23,0.5544554455445545,0.9803921568627451,156.39999999999995,75.00000000000017,240.6324998831204,364.00000000000114,0.0
historical_test_records,PhaseNetMatched,Full3C,42,,strict,S,200,51,48,50,37,13,14,0.7326732673267327,0.9803921568627451,156.39999999999995,75.00000000000017,240.6324998831204,364.00000000000114,0.0
historical_test_records,PhaseNetMatched,Full3C,43,,accepted,P,50,51,48,51,49,2,2,0.9607843137254902,1.0,22.9411764705882,0.0,140.49631912002005,19.999999999999574,0.0
historical_test_records,PhaseNetMatched,Full3C,43,,accepted,P,100,51,48,51,50,1,1,0.9803921568627451,1.0,22.9411764705882,0.0,140.49631912002005,19.999999999999574,0.0
historical_test_records,PhaseNetMatched,Full3C,43,,accepted,P,200,51,48,51,50,1,1,0.9803921568627451,1.0,22.9411764705882,0.0,140.49631912002005,19.999999999999574,0.0
historical_test_records,PhaseNetMatched,Full3C,43,,accepted,S,50,51,48,49,17,32,34,0.34,0.9607843137254902,171.6326530612245,80.00000000000007,266.08652881408057,425.9999999999999,0.0
historical_test_records,PhaseNetMatched,Full3C,43,,accepted,S,100,51,48,49,26,23,25,0.52,0.9607843137254902,171.6326530612245,80.00000000000007,266.08652881408057,425.9999999999999,0.0
historical_test_records,PhaseNetMatched,Full3C,43,,accepted,S,200,51,48,49,36,13,15,0.72,0.9607843137254902,171.6326530612245,80.00000000000007,266.08652881408057,425.9999999999999,0.0
historical_test_records,PhaseNetMatched,Full3C,43,,strict,P,50,51,48,51,49,2,2,0.9607843137254902,1.0,22.9411764705882,0.0,140.49631912002005,19.999999999999574,0.0
historical_test_records,PhaseNetMatched,Full3C,43,,strict,P,100,51,48,51,50,1,1,0.9803921568627451,1.0,22.9411764705882,0.0,140.49631912002005,19.999999999999574,0.0
historical_test_records,PhaseNetMatched,Full3C,43,,strict,P,200,51,48,51,50,1,1,0.9803921568627451,1.0,22.9411764705882,0.0,140.49631912002005,19.999999999999574,0.0
historical_test_records,PhaseNetMatched,Full3C,43,,strict,S,50,51,48,49,17,32,34,0.34,0.9607843137254902,171.6326530612245,80.00000000000007,266.08652881408057,425.9999999999999,0.0
historical_test_records,PhaseNetMatched,Full3C,43,,strict,S,100,51,48,49,26,23,25,0.52,0.9607843137254902,171.6326530612245,80.00000000000007,266.08652881408057,425.9999999999999,0.0
historical_test_records,PhaseNetMatched,Full3C,43,,strict,S,200,51,48,49,36,13,15,0.72,0.9607843137254902,171.6326530612245,80.00000000000007,266.08652881408057,425.9999999999999,0.0
historical_test_records,PhaseNetMatched,Full3C,44,,accepted,P,50,51,48,51,50,1,1,0.9803921568627451,1.0,16.07843137254879,9.999999999999787,19.603921176391946,29.999999999999805,0.0
historical_test_records,PhaseNetMatched,Full3C,44,,accepted,P,100,51,48,51,51,0,0,1.0,1.0,16.07843137254879,9.999999999999787,19.603921176391946,29.999999999999805,0.0
historical_test_records,PhaseNetMatched,Full3C,44,,accepted,P,200,51,48,51,51,0,0,1.0,1.0,16.07843137254879,9.999999999999787,19.603921176391946,29.999999999999805,0.0
historical_test_records,PhaseNetMatched,Full3C,44,,accepted,S,50,51,48,51,18,33,33,0.35294117647058826,1.0,169.41176470588232,89.99999999999986,255.5578289185613,410.0000000000001,0.0
historical_test_records,PhaseNetMatched,Full3C,44,,accepted,S,100,51,48,51,27,24,24,0.5294117647058824,1.0,169.41176470588232,89.99999999999986,255.5578289185613,410.0000000000001,0.0
historical_test_records,PhaseNetMatched,Full3C,44,,accepted,S,200,51,48,51,35,16,16,0.6862745098039216,1.0,169.41176470588232,89.99999999999986,255.5578289185613,410.0000000000001,0.0
historical_test_records,PhaseNetMatched,Full3C,44,,strict,P,50,51,48,51,50,1,1,0.9803921568627451,1.0,16.07843137254879,9.999999999999787,19.603921176391946,29.999999999999805,0.0
historical_test_records,PhaseNetMatched,Full3C,44,,strict,P,100,51,48,51,51,0,0,1.0,1.0,16.07843137254879,9.999999999999787,19.603921176391946,29.999999999999805,0.0
historical_test_records,PhaseNetMatched,Full3C,44,,strict,P,200,51,48,51,51,0,0,1.0,1.0,16.07843137254879,9.999999999999787,19.603921176391946,29.999999999999805,0.0
historical_test_records,PhaseNetMatched,Full3C,44,,strict,S,50,51,48,50,17,33,34,0.33663366336633666,0.9803921568627451,172.6,90.00000000000074,258.09688103500986,417.0000000000002,0.0
historical_test_records,PhaseNetMatched,Full3C,44,,strict,S,100,51,48,50,26,24,25,0.5148514851485149,0.9803921568627451,172.6,90.00000000000074,258.09688103500986,417.0000000000002,0.0
historical_test_records,PhaseNetMatched,Full3C,44,,strict,S,200,51,48,50,34,16,17,0.6732673267326733,0.9803921568627451,172.6,90.00000000000074,258.09688103500986,417.0000000000002,0.0
historical_test_records,PhaseNetMatched,Zonly,42,,accepted,P,50,51,48,51,50,1,1,0.9803921568627451,1.0,46.27450980392146,0.0,285.9795687203724,19.999999999999574,0.0196078431372549
historical_test_records,PhaseNetMatched,Zonly,42,,accepted,P,100,51,48,51,50,1,1,0.9803921568627451,1.0,46.27450980392146,0.0,285.9795687203724,19.999999999999574,0.0196078431372549
historical_test_records,PhaseNetMatched,Zonly,42,,accepted,P,200,51,48,51,50,1,1,0.9803921568627451,1.0,46.27450980392146,0.0,285.9795687203724,19.999999999999574,0.0196078431372549
historical_test_records,PhaseNetMatched,Zonly,42,,accepted,S,50,51,48,51,6,45,45,0.11764705882352941,1.0,606.4705882352941,189.9999999999995,1805.473703524271,1000.0,0.09803921568627451
historical_test_records,PhaseNetMatched,Zonly,42,,accepted,S,100,51,48,51,15,36,36,0.29411764705882354,1.0,606.4705882352941,189.9999999999995,1805.473703524271,1000.0,0.09803921568627451
historical_test_records,PhaseNetMatched,Zonly,42,,accepted,S,200,51,48,51,26,25,25,0.5098039215686274,1.0,606.4705882352941,189.9999999999995,1805.473703524271,1000.0,0.09803921568627451
historical_test_records,PhaseNetMatched,Zonly,42,,strict,P,50,51,48,51,50,1,1,0.9803921568627451,1.0,46.27450980392146,0.0,285.9795687203724,19.999999999999574,0.0196078431372549
historical_test_records,PhaseNetMatched,Zonly,42,,strict,P,100,51,48,51,50,1,1,0.9803921568627451,1.0,46.27450980392146,0.0,285.9795687203724,19.999999999999574,0.0196078431372549
historical_test_records,PhaseNetMatched,Zonly,42,,strict,P,200,51,48,51,50,1,1,0.9803921568627451,1.0,46.27450980392146,0.0,285.9795687203724,19.999999999999574,0.0196078431372549
historical_test_records,PhaseNetMatched,Zonly,42,,strict,S,50,51,48,49,6,43,45,0.12,0.9607843137254902,617.9591836734695,189.9999999999995,1840.7185819562926,1032.0000000000005,0.10204081632653061
historical_test_records,PhaseNetMatched,Zonly,42,,strict,S,100,51,48,49,15,34,36,0.3,0.9607843137254902,617.9591836734695,189.9999999999995,1840.7185819562926,1032.0000000000005,0.10204081632653061
historical_test_records,PhaseNetMatched,Zonly,42,,strict,S,200,51,48,49,26,23,25,0.52,0.9607843137254902,617.9591836734695,189.9999999999995,1840.7185819562926,1032.0000000000005,0.10204081632653061
historical_test_records,PhaseNetMatched,Zonly,43,,accepted,P,50,51,48,50,50,0,1,0.9900990099009901,0.9803921568627451,14.799999999999727,9.999999999999787,16.970562748476894,19.999999999999574,0.0
historical_test_records,PhaseNetMatched,Zonly,43,,accepted,P,100,51,48,50,50,0,1,0.9900990099009901,0.9803921568627451,14.799999999999727,9.999999999999787,16.970562748476894,19.999999999999574,0.0
historical_test_records,PhaseNetMatched,Zonly,43,,accepted,P,200,51,48,50,50,0,1,0.9900990099009901,0.9803921568627451,14.799999999999727,9.999999999999787,16.970562748476894,19.999999999999574,0.0
historical_test_records,PhaseNetMatched,Zonly,43,,accepted,S,50,51,48,49,9,40,42,0.18,0.9607843137254902,365.7142857142857,200.00000000000108,601.5456282420668,853.9999999999998,0.08163265306122448
historical_test_records,PhaseNetMatched,Zonly,43,,accepted,S,100,51,48,49,14,35,37,0.28,0.9607843137254902,365.7142857142857,200.00000000000108,601.5456282420668,853.9999999999998,0.08163265306122448
historical_test_records,PhaseNetMatched,Zonly,43,,accepted,S,200,51,48,49,27,22,24,0.54,0.9607843137254902,365.7142857142857,200.00000000000108,601.5456282420668,853.9999999999998,0.08163265306122448
historical_test_records,PhaseNetMatched,Zonly,43,,strict,P,50,51,48,50,50,0,1,0.9900990099009901,0.9803921568627451,14.799999999999727,9.999999999999787,16.970562748476894,19.999999999999574,0.0
historical_test_records,PhaseNetMatched,Zonly,43,,strict,P,100,51,48,50,50,0,1,0.9900990099009901,0.9803921568627451,14.799999999999727,9.999999999999787,16.970562748476894,19.999999999999574,0.0
historical_test_records,PhaseNetMatched,Zonly,43,,strict,P,200,51,48,50,50,0,1,0.9900990099009901,0.9803921568627451,14.799999999999727,9.999999999999787,16.970562748476894,19.999999999999574,0.0
historical_test_records,PhaseNetMatched,Zonly,43,,strict,S,50,51,48,48,9,39,42,0.18181818181818182,0.9411764705882353,367.2916666666667,185.0000000000005,606.3363340589113,860.9999999999998,0.08333333333333333
historical_test_records,PhaseNetMatched,Zonly,43,,strict,S,100,51,48,48,14,34,37,0.2828282828282828,0.9411764705882353,367.2916666666667,185.0000000000005,606.3363340589113,860.9999999999998,0.08333333333333333
historical_test_records,PhaseNetMatched,Zonly,43,,strict,S,200,51,48,48,27,21,24,0.5454545454545454,0.9411764705882353,367.2916666666667,185.0000000000005,606.3363340589113,860.9999999999998,0.08333333333333333
historical_test_records,PhaseNetMatched,Zonly,44,,accepted,P,50,51,48,51,48,3,3,0.9411764705882353,1.0,31.960784313725352,9.999999999999787,142.6843492798413,30.00000000000025,0.0196078431372549
historical_test_records,PhaseNetMatched,Zonly,44,,accepted,P,100,51,48,51,50,1,1,0.9803921568627451,1.0,31.960784313725352,9.999999999999787,142.6843492798413,30.00000000000025,0.0196078431372549
historical_test_records,PhaseNetMatched,Zonly,44,,accepted,P,200,51,48,51,50,1,1,0.9803921568627451,1.0,31.960784313725352,9.999999999999787,142.6843492798413,30.00000000000025,0.0196078431372549
historical_test_records,PhaseNetMatched,Zonly,44,,accepted,S,50,51,48,51,9,42,42,0.17647058823529413,1.0,527.4509803921569,150.00000000000034,1768.3536155995278,769.9999999999995,0.058823529411764705
historical_test_records,PhaseNetMatched,Zonly,44,,accepted,S,100,51,48,51,17,34,34,0.3333333333333333,1.0,527.4509803921569,150.00000000000034,1768.3536155995278,769.9999999999995,0.058823529411764705
historical_test_records,PhaseNetMatched,Zonly,44,,accepted,S,200,51,48,51,28,23,23,0.5490196078431373,1.0,527.4509803921569,150.00000000000034,1768.3536155995278,769.9999999999995,0.058823529411764705
historical_test_records,PhaseNetMatched,Zonly,44,,strict,P,50,51,48,50,48,2,3,0.9504950495049505,0.9803921568627451,12.399999999999869,9.999999999999787,19.078784028338855,29.99999999999985,0.0
historical_test_records,PhaseNetMatched,Zonly,44,,strict,P,100,51,48,50,50,0,1,0.9900990099009901,0.9803921568627451,12.399999999999869,9.999999999999787,19.078784028338855,29.99999999999985,0.0
historical_test_records,PhaseNetMatched,Zonly,44,,strict,P,200,51,48,50,50,0,1,0.9900990099009901,0.9803921568627451,12.399999999999869,9.999999999999787,19.078784028338855,29.99999999999985,0.0
historical_test_records,PhaseNetMatched,Zonly,44,,strict,S,50,51,48,50,9,41,42,0.1782178217821782,0.9803921568627451,532.6,145.00000000000045,1785.541374485621,780.9999999999998,0.06
historical_test_records,PhaseNetMatched,Zonly,44,,strict,S,100,51,48,50,17,33,34,0.33663366336633666,0.9803921568627451,532.6,145.00000000000045,1785.541374485621,780.9999999999998,0.06
historical_test_records,PhaseNetMatched,Zonly,44,,strict,S,200,51,48,50,28,22,23,0.5544554455445545,0.9803921568627451,532.6,145.00000000000045,1785.541374485621,780.9999999999998,0.06
sources_without_historical_train_val,Stack,Full3C,42,42,accepted,P,50,26,25,25,16,9,10,0.6274509803921569,0.9615384615384616,82.79999999999977,39.99999999999915,150.39946808416562,190.0000000000001,0.0
sources_without_historical_train_val,Stack,Full3C,42,42,accepted,P,100,26,25,25,18,7,8,0.7058823529411765,0.9615384615384616,82.79999999999977,39.99999999999915,150.39946808416562,190.0000000000001,0.0
sources_without_historical_train_val,Stack,Full3C,42,42,accepted,P,200,26,25,25,22,3,4,0.8627450980392157,0.9615384615384616,82.79999999999977,39.99999999999915,150.39946808416562,190.0000000000001,0.0
sources_without_historical_train_val,Stack,Full3C,42,42,accepted,S,50,26,25,25,8,17,18,0.3137254901960784,0.9615384615384616,899.2000000000003,189.9999999999995,2116.820256894761,3416.000000000007,0.12
sources_without_historical_train_val,Stack,Full3C,42,42,accepted,S,100,26,25,25,11,14,15,0.43137254901960786,0.9615384615384616,899.2000000000003,189.9999999999995,2116.820256894761,3416.000000000007,0.12
sources_without_historical_train_val,Stack,Full3C,42,42,accepted,S,200,26,25,25,13,12,13,0.5098039215686274,0.9615384615384616,899.2000000000003,189.9999999999995,2116.820256894761,3416.000000000007,0.12
sources_without_historical_train_val,Stack,Full3C,42,42,strict,P,50,26,25,24,16,8,10,0.64,0.9230769230769231,71.66666666666644,34.999999999999254,135.86144903295158,151.00000000000006,0.0
sources_without_historical_train_val,Stack,Full3C,42,42,strict,P,100,26,25,24,18,6,8,0.72,0.9230769230769231,71.66666666666644,34.999999999999254,135.86144903295158,151.00000000000006,0.0
sources_without_historical_train_val,Stack,Full3C,42,42,strict,P,200,26,25,24,22,2,4,0.88,0.9230769230769231,71.66666666666644,34.999999999999254,135.86144903295158,151.00000000000006,0.0
sources_without_historical_train_val,Stack,Full3C,42,42,strict,S,50,26,25,25,8,17,18,0.3137254901960784,0.9615384615384616,899.2000000000003,189.9999999999995,2116.820256894761,3416.000000000007,0.12
sources_without_historical_train_val,Stack,Full3C,42,42,strict,S,100,26,25,25,11,14,15,0.43137254901960786,0.9615384615384616,899.2000000000003,189.9999999999995,2116.820256894761,3416.000000000007,0.12
sources_without_historical_train_val,Stack,Full3C,42,42,strict,S,200,26,25,25,13,12,13,0.5098039215686274,0.9615384615384616,899.2000000000003,189.9999999999995,2116.820256894761,3416.000000000007,0.12
sources_without_historical_train_val,Stack,Full3C,42,43,accepted,P,50,26,25,25,17,8,9,0.6666666666666666,0.9615384615384616,81.59999999999977,29.99999999999936,149.6662954709575,180.0000000000003,0.0
sources_without_historical_train_val,Stack,Full3C,42,43,accepted,P,100,26,25,25,18,7,8,0.7058823529411765,0.9615384615384616,81.59999999999977,29.99999999999936,149.6662954709575,180.0000000000003,0.0
sources_without_historical_train_val,Stack,Full3C,42,43,accepted,P,200,26,25,25,23,2,3,0.9019607843137255,0.9615384615384616,81.59999999999977,29.99999999999936,149.6662954709575,180.0000000000003,0.0
sources_without_historical_train_val,Stack,Full3C,42,43,accepted,S,50,26,25,25,7,18,19,0.27450980392156865,0.9615384615384616,937.2000000000003,140.00000000000057,2263.2799208228753,3608.0000000000073,0.12
sources_without_historical_train_val,Stack,Full3C,42,43,accepted,S,100,26,25,25,11,14,15,0.43137254901960786,0.9615384615384616,937.2000000000003,140.00000000000057,2263.2799208228753,3608.0000000000073,0.12
sources_without_historical_train_val,Stack,Full3C,42,43,accepted,S,200,26,25,25,15,10,11,0.5882352941176471,0.9615384615384616,937.2000000000003,140.00000000000057,2263.2799208228753,3608.0000000000073,0.12
sources_without_historical_train_val,Stack,Full3C,42,43,strict,P,50,26,25,24,17,7,9,0.68,0.9230769230769231,69.58333333333312,24.999999999999467,132.774872120694,147.00000000000014,0.0
sources_without_historical_train_val,Stack,Full3C,42,43,strict,P,100,26,25,24,18,6,8,0.72,0.9230769230769231,69.58333333333312,24.999999999999467,132.774872120694,147.00000000000014,0.0
sources_without_historical_train_val,Stack,Full3C,42,43,strict,P,200,26,25,24,23,1,3,0.92,0.9230769230769231,69.58333333333312,24.999999999999467,132.774872120694,147.00000000000014,0.0
sources_without_historical_train_val,Stack,Full3C,42,43,strict,S,50,26,25,24,7,17,19,0.28,0.9230769230769231,703.3333333333338,125.00000000000044,1883.6843330735296,728.0000000000002,0.08333333333333333
sources_without_historical_train_val,Stack,Full3C,42,43,strict,S,100,26,25,24,11,13,15,0.44,0.9230769230769231,703.3333333333338,125.00000000000044,1883.6843330735296,728.0000000000002,0.08333333333333333
sources_without_historical_train_val,Stack,Full3C,42,43,strict,S,200,26,25,24,15,9,11,0.6,0.9230769230769231,703.3333333333338,125.00000000000044,1883.6843330735296,728.0000000000002,0.08333333333333333
sources_without_historical_train_val,Stack,Full3C,42,44,accepted,P,50,26,25,26,16,10,10,0.6153846153846154,1.0,1355.3846153846155,34.9999999999997,6506.8697425224245,295.0000000000004,0.038461538461538464
sources_without_historical_train_val,Stack,Full3C,42,44,accepted,P,100,26,25,26,18,8,8,0.6923076923076923,1.0,1355.3846153846155,34.9999999999997,6506.8697425224245,295.0000000000004,0.038461538461538464
sources_without_historical_train_val,Stack,Full3C,42,44,accepted,P,200,26,25,26,22,4,4,0.8461538461538461,1.0,1355.3846153846155,34.9999999999997,6506.8697425224245,295.0000000000004,0.038461538461538464
sources_without_historical_train_val,Stack,Full3C,42,44,accepted,S,50,26,25,25,7,18,19,0.27450980392156865,0.9615384615384616,950.0,189.9999999999995,2258.593367563094,3584.000000000007,0.12
sources_without_historical_train_val,Stack,Full3C,42,44,accepted,S,100,26,25,25,11,14,15,0.43137254901960786,0.9615384615384616,950.0,189.9999999999995,2258.593367563094,3584.000000000007,0.12
sources_without_historical_train_val,Stack,Full3C,42,44,accepted,S,200,26,25,25,14,11,12,0.5490196078431373,0.9615384615384616,950.0,189.9999999999995,2258.593367563094,3584.000000000007,0.12
sources_without_historical_train_val,Stack,Full3C,42,44,strict,P,50,26,25,24,16,8,10,0.64,0.9230769230769231,70.4166666666665,29.999999999999805,133.83758814324167,147.00000000000014,0.0
sources_without_historical_train_val,Stack,Full3C,42,44,strict,P,100,26,25,24,18,6,8,0.72,0.9230769230769231,70.4166666666665,29.999999999999805,133.83758814324167,147.00000000000014,0.0
sources_without_historical_train_val,Stack,Full3C,42,44,strict,P,200,26,25,24,22,2,4,0.88,0.9230769230769231,70.4166666666665,29.999999999999805,133.83758814324167,147.00000000000014,0.0
sources_without_historical_train_val,Stack,Full3C,42,44,strict,S,50,26,25,23,7,16,19,0.2857142857142857,0.8846153846153846,509.5652173913045,160.00000000000014,1540.725407919495,664.0,0.043478260869565216
sources_without_historical_train_val,Stack,Full3C,42,44,strict,S,100,26,25,23,11,12,15,0.4489795918367347,0.8846153846153846,509.5652173913045,160.00000000000014,1540.725407919495,664.0,0.043478260869565216
sources_without_historical_train_val,Stack,Full3C,42,44,strict,S,200,26,25,23,14,9,12,0.5714285714285714,0.8846153846153846,509.5652173913045,160.00000000000014,1540.725407919495,664.0,0.043478260869565216
sources_without_historical_train_val,Stack,Full3C,43,42,accepted,P,50,26,25,25,16,9,10,0.6274509803921569,0.9615384615384616,86.39999999999996,40.000000000000036,149.02348808157723,190.0000000000001,0.0
sources_without_historical_train_val,Stack,Full3C,43,42,accepted,P,100,26,25,25,18,7,8,0.7058823529411765,0.9615384615384616,86.39999999999996,40.000000000000036,149.02348808157723,190.0000000000001,0.0
sources_without_historical_train_val,Stack,Full3C,43,42,accepted,P,200,26,25,25,22,3,4,0.8627450980392157,0.9615384615384616,86.39999999999996,40.000000000000036,149.02348808157723,190.0000000000001,0.0
sources_without_historical_train_val,Stack,Full3C,43,42,accepted,S,50,26,25,25,8,17,18,0.3137254901960784,0.9615384615384616,694.0,199.9999999999993,1807.0074709308753,725.9999999999999,0.08
sources_without_historical_train_val,Stack,Full3C,43,42,accepted,S,100,26,25,25,11,14,15,0.43137254901960786,0.9615384615384616,694.0,199.9999999999993,1807.0074709308753,725.9999999999999,0.08
sources_without_historical_train_val,Stack,Full3C,43,42,accepted,S,200,26,25,25,14,11,12,0.5490196078431373,0.9615384615384616,694.0,199.9999999999993,1807.0074709308753,725.9999999999999,0.08
sources_without_historical_train_val,Stack,Full3C,43,42,strict,P,50,26,25,24,16,8,10,0.64,0.9230769230769231,76.24999999999996,35.00000000000014,136.36654037311834,151.00000000000006,0.0
sources_without_historical_train_val,Stack,Full3C,43,42,strict,P,100,26,25,24,18,6,8,0.72,0.9230769230769231,76.24999999999996,35.00000000000014,136.36654037311834,151.00000000000006,0.0
sources_without_historical_train_val,Stack,Full3C,43,42,strict,P,200,26,25,24,22,2,4,0.88,0.9230769230769231,76.24999999999996,35.00000000000014,136.36654037311834,151.00000000000006,0.0
sources_without_historical_train_val,Stack,Full3C,43,42,strict,S,50,26,25,23,8,15,18,0.32653061224489793,0.8846153846153846,508.2608695652174,140.00000000000057,1540.3147617345587,633.9999999999999,0.043478260869565216
sources_without_historical_train_val,Stack,Full3C,43,42,strict,S,100,26,25,23,11,12,15,0.4489795918367347,0.8846153846153846,508.2608695652174,140.00000000000057,1540.3147617345587,633.9999999999999,0.043478260869565216
sources_without_historical_train_val,Stack,Full3C,43,42,strict,S,200,26,25,23,14,9,12,0.5714285714285714,0.8846153846153846,508.2608695652174,140.00000000000057,1540.3147617345587,633.9999999999999,0.043478260869565216
sources_without_historical_train_val,Stack,Full3C,43,43,accepted,P,50,26,25,25,16,9,10,0.6274509803921569,0.9615384615384616,82.79999999999991,40.000000000000036,142.19704638282747,190.0000000000001,0.0
sources_without_historical_train_val,Stack,Full3C,43,43,accepted,P,100,26,25,25,18,7,8,0.7058823529411765,0.9615384615384616,82.79999999999991,40.000000000000036,142.19704638282747,190.0000000000001,0.0
sources_without_historical_train_val,Stack,Full3C,43,43,accepted,P,200,26,25,25,22,3,4,0.8627450980392157,0.9615384615384616,82.79999999999991,40.000000000000036,142.19704638282747,190.0000000000001,0.0
sources_without_historical_train_val,Stack,Full3C,43,43,accepted,S,50,26,25,25,11,14,15,0.43137254901960786,0.9615384615384616,932.4000000000001,140.00000000000057,2273.136159582175,3594.0000000000073,0.12
sources_without_historical_train_val,Stack,Full3C,43,43,accepted,S,100,26,25,25,12,13,14,0.47058823529411764,0.9615384615384616,932.4000000000001,140.00000000000057,2273.136159582175,3594.0000000000073,0.12
sources_without_historical_train_val,Stack,Full3C,43,43,accepted,S,200,26,25,25,15,10,11,0.5882352941176471,0.9615384615384616,932.4000000000001,140.00000000000057,2273.136159582175,3594.0000000000073,0.12
sources_without_historical_train_val,Stack,Full3C,43,43,strict,P,50,26,25,24,16,8,10,0.64,0.9230769230769231,76.66666666666656,40.000000000000036,137.3256470340967,151.00000000000006,0.0
sources_without_historical_train_val,Stack,Full3C,43,43,strict,P,100,26,25,24,18,6,8,0.72,0.9230769230769231,76.66666666666656,40.000000000000036,137.3256470340967,151.00000000000006,0.0
sources_without_historical_train_val,Stack,Full3C,43,43,strict,P,200,26,25,24,22,2,4,0.88,0.9230769230769231,76.66666666666656,40.000000000000036,137.3256470340967,151.00000000000006,0.0
sources_without_historical_train_val,Stack,Full3C,43,43,strict,S,50,26,25,24,11,13,15,0.44,0.9230769230769231,945.8333333333335,115.00000000000021,2316.6660671462055,4067.9999999999973,0.125
sources_without_historical_train_val,Stack,Full3C,43,43,strict,S,100,26,25,24,12,12,14,0.48,0.9230769230769231,945.8333333333335,115.00000000000021,2316.6660671462055,4067.9999999999973,0.125
sources_without_historical_train_val,Stack,Full3C,43,43,strict,S,200,26,25,24,15,9,11,0.6,0.9230769230769231,945.8333333333335,115.00000000000021,2316.6660671462055,4067.9999999999973,0.125
sources_without_historical_train_val,Stack,Full3C,43,44,accepted,P,50,26,25,25,17,8,9,0.6666666666666666,0.9615384615384616,88.39999999999989,39.99999999999915,151.43315356948744,180.0000000000003,0.0
sources_without_historical_train_val,Stack,Full3C,43,44,accepted,P,100,26,25,25,18,7,8,0.7058823529411765,0.9615384615384616,88.39999999999989,39.99999999999915,151.43315356948744,180.0000000000003,0.0
sources_without_historical_train_val,Stack,Full3C,43,44,accepted,P,200,26,25,25,23,2,3,0.9019607843137255,0.9615384615384616,88.39999999999989,39.99999999999915,151.43315356948744,180.0000000000003,0.0
sources_without_historical_train_val,Stack,Full3C,43,44,accepted,S,50,26,25,25,8,17,18,0.3137254901960784,0.9615384615384616,684.8000000000003,160.00000000000014,1806.4240919562603,761.9999999999998,0.08
sources_without_historical_train_val,Stack,Full3C,43,44,accepted,S,100,26,25,25,12,13,14,0.47058823529411764,0.9615384615384616,684.8000000000003,160.00000000000014,1806.4240919562603,761.9999999999998,0.08
sources_without_historical_train_val,Stack,Full3C,43,44,accepted,S,200,26,25,25,14,11,12,0.5490196078431373,0.9615384615384616,684.8000000000003,160.00000000000014,1806.4240919562603,761.9999999999998,0.08
sources_without_historical_train_val,Stack,Full3C,43,44,strict,P,50,26,25,25,17,8,9,0.6666666666666666,0.9615384615384616,88.39999999999989,39.99999999999915,151.43315356948744,180.0000000000003,0.0
sources_without_historical_train_val,Stack,Full3C,43,44,strict,P,100,26,25,25,18,7,8,0.7058823529411765,0.9615384615384616,88.39999999999989,39.99999999999915,151.43315356948744,180.0000000000003,0.0
sources_without_historical_train_val,Stack,Full3C,43,44,strict,P,200,26,25,25,23,2,3,0.9019607843137255,0.9615384615384616,88.39999999999989,39.99999999999915,151.43315356948744,180.0000000000003,0.0
sources_without_historical_train_val,Stack,Full3C,43,44,strict,S,50,26,25,24,8,16,18,0.32,0.9230769230769231,709.5833333333336,174.99999999999983,1843.5823370094793,763.9999999999997,0.08333333333333333
sources_without_historical_train_val,Stack,Full3C,43,44,strict,S,100,26,25,24,11,13,15,0.44,0.9230769230769231,709.5833333333336,174.99999999999983,1843.5823370094793,763.9999999999997,0.08333333333333333
sources_without_historical_train_val,Stack,Full3C,43,44,strict,S,200,26,25,24,13,11,13,0.52,0.9230769230769231,709.5833333333336,174.99999999999983,1843.5823370094793,763.9999999999997,0.08333333333333333
sources_without_historical_train_val,Stack,Full3C,44,42,accepted,P,50,26,25,25,15,10,11,0.5882352941176471,0.9615384615384616,81.99999999999979,29.99999999999936,145.86294937371858,190.0000000000001,0.0
sources_without_historical_train_val,Stack,Full3C,44,42,accepted,P,100,26,25,25,18,7,8,0.7058823529411765,0.9615384615384616,81.99999999999979,29.99999999999936,145.86294937371858,190.0000000000001,0.0
sources_without_historical_train_val,Stack,Full3C,44,42,accepted,P,200,26,25,25,22,3,4,0.8627450980392157,0.9615384615384616,81.99999999999979,29.99999999999936,145.86294937371858,190.0000000000001,0.0
sources_without_historical_train_val,Stack,Full3C,44,42,accepted,S,50,26,25,25,10,15,16,0.39215686274509803,0.9615384615384616,558.4000000000003,179.99999999999972,1520.242085984992,1094.0000000000007,0.12
sources_without_historical_train_val,Stack,Full3C,44,42,accepted,S,100,26,25,25,12,13,14,0.47058823529411764,0.9615384615384616,558.4000000000003,179.99999999999972,1520.242085984992,1094.0000000000007,0.12
sources_without_historical_train_val,Stack,Full3C,44,42,accepted,S,200,26,25,25,13,12,13,0.5098039215686274,0.9615384615384616,558.4000000000003,179.99999999999972,1520.242085984992,1094.0000000000007,0.12
sources_without_historical_train_val,Stack,Full3C,44,42,strict,P,50,26,25,24,15,9,11,0.6,0.9230769230769231,71.66666666666643,29.99999999999936,132.75918047351746,154.0,0.0
sources_without_historical_train_val,Stack,Full3C,44,42,strict,P,100,26,25,24,18,6,8,0.72,0.9230769230769231,71.66666666666643,29.99999999999936,132.75918047351746,154.0,0.0
sources_without_historical_train_val,Stack,Full3C,44,42,strict,P,200,26,25,24,22,2,4,0.88,0.9230769230769231,71.66666666666643,29.99999999999936,132.75918047351746,154.0,0.0
sources_without_historical_train_val,Stack,Full3C,44,42,strict,S,50,26,25,25,10,15,16,0.39215686274509803,0.9615384615384616,558.4000000000003,179.99999999999972,1520.242085984992,1094.0000000000007,0.12
sources_without_historical_train_val,Stack,Full3C,44,42,strict,S,100,26,25,25,12,13,14,0.47058823529411764,0.9615384615384616,558.4000000000003,179.99999999999972,1520.242085984992,1094.0000000000007,0.12
sources_without_historical_train_val,Stack,Full3C,44,42,strict,S,200,26,25,25,13,12,13,0.5098039215686274,0.9615384615384616,558.4000000000003,179.99999999999972,1520.242085984992,1094.0000000000007,0.12
sources_without_historical_train_val,Stack,Full3C,44,43,accepted,P,50,26,25,25,17,8,9,0.6666666666666666,0.9615384615384616,85.59999999999985,39.99999999999915,153.67498169838834,190.0000000000001,0.0
sources_without_historical_train_val,Stack,Full3C,44,43,accepted,P,100,26,25,25,18,7,8,0.7058823529411765,0.9615384615384616,85.59999999999985,39.99999999999915,153.67498169838834,190.0000000000001,0.0
sources_without_historical_train_val,Stack,Full3C,44,43,accepted,P,200,26,25,25,22,3,4,0.8627450980392157,0.9615384615384616,85.59999999999985,39.99999999999915,153.67498169838834,190.0000000000001,0.0
sources_without_historical_train_val,Stack,Full3C,44,43,accepted,S,50,26,25,25,8,17,18,0.3137254901960784,0.9615384615384616,975.2,200.00000000000108,2273.9885663740706,3828.000000000006,0.16
sources_without_historical_train_val,Stack,Full3C,44,43,accepted,S,100,26,25,25,11,14,15,0.43137254901960786,0.9615384615384616,975.2,200.00000000000108,2273.9885663740706,3828.000000000006,0.16
sources_without_historical_train_val,Stack,Full3C,44,43,accepted,S,200,26,25,25,13,12,13,0.5098039215686274,0.9615384615384616,975.2,200.00000000000108,2273.9885663740706,3828.000000000006,0.16
sources_without_historical_train_val,Stack,Full3C,44,43,strict,P,50,26,25,24,17,7,9,0.68,0.9230769230769231,72.91666666666647,34.9999999999997,135.1388175173957,154.0,0.0
sources_without_historical_train_val,Stack,Full3C,44,43,strict,P,100,26,25,24,18,6,8,0.72,0.9230769230769231,72.91666666666647,34.9999999999997,135.1388175173957,154.0,0.0
sources_without_historical_train_val,Stack,Full3C,44,43,strict,P,200,26,25,24,22,2,4,0.88,0.9230769230769231,72.91666666666647,34.9999999999997,135.1388175173957,154.0,0.0
sources_without_historical_train_val,Stack,Full3C,44,43,strict,S,50,26,25,23,8,15,18,0.32653061224489793,0.8846153846153846,763.0434782608696,189.9999999999995,2058.0985314647573,621.9999999999998,0.08695652173913043
sources_without_historical_train_val,Stack,Full3C,44,43,strict,S,100,26,25,23,11,12,15,0.4489795918367347,0.8846153846153846,763.0434782608696,189.9999999999995,2058.0985314647573,621.9999999999998,0.08695652173913043
sources_without_historical_train_val,Stack,Full3C,44,43,strict,S,200,26,25,23,13,10,13,0.5306122448979592,0.8846153846153846,763.0434782608696,189.9999999999995,2058.0985314647573,621.9999999999998,0.08695652173913043
sources_without_historical_train_val,Stack,Full3C,44,44,accepted,P,50,26,25,26,16,10,10,0.6153846153846154,1.0,1360.7692307692307,39.99999999999959,6510.8400734113,300.0000000000003,0.038461538461538464
sources_without_historical_train_val,Stack,Full3C,44,44,accepted,P,100,26,25,26,18,8,8,0.6923076923076923,1.0,1360.7692307692307,39.99999999999959,6510.8400734113,300.0000000000003,0.038461538461538464
sources_without_historical_train_val,Stack,Full3C,44,44,accepted,P,200,26,25,26,22,4,4,0.8461538461538461,1.0,1360.7692307692307,39.99999999999959,6510.8400734113,300.0000000000003,0.038461538461538464
sources_without_historical_train_val,Stack,Full3C,44,44,accepted,S,50,26,25,25,8,17,18,0.3137254901960784,0.9615384615384616,770.0,169.99999999999994,1990.1386886345379,1122.0000000000005,0.12
sources_without_historical_train_val,Stack,Full3C,44,44,accepted,S,100,26,25,25,11,14,15,0.43137254901960786,0.9615384615384616,770.0,169.99999999999994,1990.1386886345379,1122.0000000000005,0.12
sources_without_historical_train_val,Stack,Full3C,44,44,accepted,S,200,26,25,25,14,11,12,0.5490196078431373,0.9615384615384616,770.0,169.99999999999994,1990.1386886345379,1122.0000000000005,0.12
sources_without_historical_train_val,Stack,Full3C,44,44,strict,P,50,26,25,24,16,8,10,0.64,0.9230769230769231,74.99999999999984,39.99999999999915,135.21587677981205,154.0,0.0
sources_without_historical_train_val,Stack,Full3C,44,44,strict,P,100,26,25,24,18,6,8,0.72,0.9230769230769231,74.99999999999984,39.99999999999915,135.21587677981205,154.0,0.0
sources_without_historical_train_val,Stack,Full3C,44,44,strict,P,200,26,25,24,22,2,4,0.88,0.9230769230769231,74.99999999999984,39.99999999999915,135.21587677981205,154.0,0.0
sources_without_historical_train_val,Stack,Full3C,44,44,strict,S,50,26,25,24,8,16,18,0.32,0.9230769230769231,782.9166666666666,155.00000000000026,2029.0052981695237,1183.999999999999,0.125
sources_without_historical_train_val,Stack,Full3C,44,44,strict,S,100,26,25,24,11,13,15,0.44,0.9230769230769231,782.9166666666666,155.00000000000026,2029.0052981695237,1183.999999999999,0.125
sources_without_historical_train_val,Stack,Full3C,44,44,strict,S,200,26,25,24,14,10,12,0.56,0.9230769230769231,782.9166666666666,155.00000000000026,2029.0052981695237,1183.999999999999,0.125
sources_without_historical_train_val,Stack,Zonly,42,42,accepted,P,50,26,25,25,13,12,13,0.5098039215686274,0.9615384615384616,574.4,49.99999999999982,2509.5672933794785,196.0,0.04
sources_without_historical_train_val,Stack,Zonly,42,42,accepted,P,100,26,25,25,18,7,8,0.7058823529411765,0.9615384615384616,574.4,49.99999999999982,2509.5672933794785,196.0,0.04
sources_without_historical_train_val,Stack,Zonly,42,42,accepted,P,200,26,25,25,22,3,4,0.8627450980392157,0.9615384615384616,574.4,49.99999999999982,2509.5672933794785,196.0,0.04
sources_without_historical_train_val,Stack,Zonly,42,42,accepted,S,50,26,25,24,6,18,20,0.24,0.9230769230769231,1716.6666666666667,389.9999999999988,3042.474321995175,4336.999999999999,0.3333333333333333
sources_without_historical_train_val,Stack,Zonly,42,42,accepted,S,100,26,25,24,6,18,20,0.24,0.9230769230769231,1716.6666666666667,389.9999999999988,3042.474321995175,4336.999999999999,0.3333333333333333
sources_without_historical_train_val,Stack,Zonly,42,42,accepted,S,200,26,25,24,8,16,18,0.32,0.9230769230769231,1716.6666666666667,389.9999999999988,3042.474321995175,4336.999999999999,0.3333333333333333
sources_without_historical_train_val,Stack,Zonly,42,42,strict,P,50,26,25,25,13,12,13,0.5098039215686274,0.9615384615384616,574.4,49.99999999999982,2509.5672933794785,196.0,0.04
sources_without_historical_train_val,Stack,Zonly,42,42,strict,P,100,26,25,25,18,7,8,0.7058823529411765,0.9615384615384616,574.4,49.99999999999982,2509.5672933794785,196.0,0.04
sources_without_historical_train_val,Stack,Zonly,42,42,strict,P,200,26,25,25,22,3,4,0.8627450980392157,0.9615384615384616,574.4,49.99999999999982,2509.5672933794785,196.0,0.04
sources_without_historical_train_val,Stack,Zonly,42,42,strict,S,50,26,25,19,6,13,20,0.26666666666666666,0.7307692307692307,1611.578947368421,290.00000000000273,3151.9417574100676,4973.999999999998,0.2631578947368421
sources_without_historical_train_val,Stack,Zonly,42,42,strict,S,100,26,25,19,6,13,20,0.26666666666666666,0.7307692307692307,1611.578947368421,290.00000000000273,3151.9417574100676,4973.999999999998,0.2631578947368421
sources_without_historical_train_val,Stack,Zonly,42,42,strict,S,200,26,25,19,7,12,19,0.3111111111111111,0.7307692307692307,1611.578947368421,290.00000000000273,3151.9417574100676,4973.999999999998,0.2631578947368421
sources_without_historical_train_val,Stack,Zonly,42,43,accepted,P,50,26,25,24,14,10,12,0.56,0.9230769230769231,75.83333333333319,44.99999999999949,136.10657588816193,151.00000000000006,0.0
sources_without_historical_train_val,Stack,Zonly,42,43,accepted,P,100,26,25,24,18,6,8,0.72,0.9230769230769231,75.83333333333319,44.99999999999949,136.10657588816193,151.00000000000006,0.0
sources_without_historical_train_val,Stack,Zonly,42,43,accepted,P,200,26,25,24,22,2,4,0.88,0.9230769230769231,75.83333333333319,44.99999999999949,136.10657588816193,151.00000000000006,0.0
sources_without_historical_train_val,Stack,Zonly,42,43,accepted,S,50,26,25,19,4,15,22,0.17777777777777778,0.7307692307692307,1584.2105263157896,310.0000000000005,3110.525425238095,4977.999999999999,0.2631578947368421
sources_without_historical_train_val,Stack,Zonly,42,43,accepted,S,100,26,25,19,4,15,22,0.17777777777777778,0.7307692307692307,1584.2105263157896,310.0000000000005,3110.525425238095,4977.999999999999,0.2631578947368421
sources_without_historical_train_val,Stack,Zonly,42,43,accepted,S,200,26,25,19,6,13,20,0.26666666666666666,0.7307692307692307,1584.2105263157896,310.0000000000005,3110.525425238095,4977.999999999999,0.2631578947368421
sources_without_historical_train_val,Stack,Zonly,42,43,strict,P,50,26,25,24,14,10,12,0.56,0.9230769230769231,75.83333333333319,44.99999999999949,136.10657588816193,151.00000000000006,0.0
sources_without_historical_train_val,Stack,Zonly,42,43,strict,P,100,26,25,24,18,6,8,0.72,0.9230769230769231,75.83333333333319,44.99999999999949,136.10657588816193,151.00000000000006,0.0
sources_without_historical_train_val,Stack,Zonly,42,43,strict,P,200,26,25,24,22,2,4,0.88,0.9230769230769231,75.83333333333319,44.99999999999949,136.10657588816193,151.00000000000006,0.0
sources_without_historical_train_val,Stack,Zonly,42,43,strict,S,50,26,25,15,4,11,22,0.1951219512195122,0.5769230769230769,1093.3333333333333,280.00000000000114,2749.9672725325295,2103.9999999999995,0.13333333333333333
sources_without_historical_train_val,Stack,Zonly,42,43,strict,S,100,26,25,15,4,11,22,0.1951219512195122,0.5769230769230769,1093.3333333333333,280.00000000000114,2749.9672725325295,2103.9999999999995,0.13333333333333333
sources_without_historical_train_val,Stack,Zonly,42,43,strict,S,200,26,25,15,5,10,21,0.24390243902439024,0.5769230769230769,1093.3333333333333,280.00000000000114,2749.9672725325295,2103.9999999999995,0.13333333333333333
sources_without_historical_train_val,Stack,Zonly,42,44,accepted,P,50,26,25,24,12,12,14,0.48,0.9230769230769231,76.66666666666656,49.999999999999375,136.29013170439003,151.00000000000006,0.0
sources_without_historical_train_val,Stack,Zonly,42,44,accepted,P,100,26,25,24,18,6,8,0.72,0.9230769230769231,76.66666666666656,49.999999999999375,136.29013170439003,151.00000000000006,0.0
sources_without_historical_train_val,Stack,Zonly,42,44,accepted,P,200,26,25,24,22,2,4,0.88,0.9230769230769231,76.66666666666656,49.999999999999375,136.29013170439003,151.00000000000006,0.0
sources_without_historical_train_val,Stack,Zonly,42,44,accepted,S,50,26,25,19,6,13,20,0.26666666666666666,0.7307692307692307,1565.2631578947373,400.00000000000034,3097.421678207793,4979.999999999999,0.2631578947368421
sources_without_historical_train_val,Stack,Zonly,42,44,accepted,S,100,26,25,19,6,13,20,0.26666666666666666,0.7307692307692307,1565.2631578947373,400.00000000000034,3097.421678207793,4979.999999999999,0.2631578947368421
sources_without_historical_train_val,Stack,Zonly,42,44,accepted,S,200,26,25,19,7,12,19,0.3111111111111111,0.7307692307692307,1565.2631578947373,400.00000000000034,3097.421678207793,4979.999999999999,0.2631578947368421
sources_without_historical_train_val,Stack,Zonly,42,44,strict,P,50,26,25,24,12,12,14,0.48,0.9230769230769231,76.66666666666656,49.999999999999375,136.29013170439003,151.00000000000006,0.0
sources_without_historical_train_val,Stack,Zonly,42,44,strict,P,100,26,25,24,18,6,8,0.72,0.9230769230769231,76.66666666666656,49.999999999999375,136.29013170439003,151.00000000000006,0.0
sources_without_historical_train_val,Stack,Zonly,42,44,strict,P,200,26,25,24,22,2,4,0.88,0.9230769230769231,76.66666666666656,49.999999999999375,136.29013170439003,151.00000000000006,0.0
sources_without_historical_train_val,Stack,Zonly,42,44,strict,S,50,26,25,11,3,8,23,0.16216216216216217,0.4230769230769231,506.3636363636364,290.00000000000273,960.9985337232218,569.9999999999994,0.09090909090909091
sources_without_historical_train_val,Stack,Zonly,42,44,strict,S,100,26,25,11,3,8,23,0.16216216216216217,0.4230769230769231,506.3636363636364,290.00000000000273,960.9985337232218,569.9999999999994,0.09090909090909091
sources_without_historical_train_val,Stack,Zonly,42,44,strict,S,200,26,25,11,4,7,22,0.21621621621621623,0.4230769230769231,506.3636363636364,290.00000000000273,960.9985337232218,569.9999999999994,0.09090909090909091
sources_without_historical_train_val,Stack,Zonly,43,42,accepted,P,50,26,25,26,14,12,12,0.5384615384615384,1.0,1838.8461538461538,44.99999999999993,6977.354303525304,389.9999999999997,0.07692307692307693
sources_without_historical_train_val,Stack,Zonly,43,42,accepted,P,100,26,25,26,18,8,8,0.6923076923076923,1.0,1838.8461538461538,44.99999999999993,6977.354303525304,389.9999999999997,0.07692307692307693
sources_without_historical_train_val,Stack,Zonly,43,42,accepted,P,200,26,25,26,22,4,4,0.8461538461538461,1.0,1838.8461538461538,44.99999999999993,6977.354303525304,389.9999999999997,0.07692307692307693
sources_without_historical_train_val,Stack,Zonly,43,42,accepted,S,50,26,25,23,2,21,24,0.08163265306122448,0.8846153846153846,1647.8260869565217,410.0000000000001,2969.259899002795,4338.000000000001,0.34782608695652173
sources_without_historical_train_val,Stack,Zonly,43,42,accepted,S,100,26,25,23,3,20,23,0.12244897959183673,0.8846153846153846,1647.8260869565217,410.0000000000001,2969.259899002795,4338.000000000001,0.34782608695652173
sources_without_historical_train_val,Stack,Zonly,43,42,accepted,S,200,26,25,23,8,15,18,0.32653061224489793,0.8846153846153846,1647.8260869565217,410.0000000000001,2969.259899002795,4338.000000000001,0.34782608695652173
sources_without_historical_train_val,Stack,Zonly,43,42,strict,P,50,26,25,25,14,11,12,0.5490196078431373,0.9615384615384616,1401.6,40.000000000000036,6641.377567944771,196.0,0.04
sources_without_historical_train_val,Stack,Zonly,43,42,strict,P,100,26,25,25,18,7,8,0.7058823529411765,0.9615384615384616,1401.6,40.000000000000036,6641.377567944771,196.0,0.04
sources_without_historical_train_val,Stack,Zonly,43,42,strict,P,200,26,25,25,22,3,4,0.8627450980392157,0.9615384615384616,1401.6,40.000000000000036,6641.377567944771,196.0,0.04
sources_without_historical_train_val,Stack,Zonly,43,42,strict,S,50,26,25,18,2,16,24,0.09090909090909091,0.6923076923076923,1469.4444444444446,305.0000000000015,3039.2223054956385,4306.000000000003,0.2222222222222222
sources_without_historical_train_val,Stack,Zonly,43,42,strict,S,100,26,25,18,3,15,23,0.13636363636363635,0.6923076923076923,1469.4444444444446,305.0000000000015,3039.2223054956385,4306.000000000003,0.2222222222222222
sources_without_historical_train_val,Stack,Zonly,43,42,strict,S,200,26,25,18,7,11,19,0.3181818181818182,0.6923076923076923,1469.4444444444446,305.0000000000015,3039.2223054956385,4306.000000000003,0.2222222222222222
sources_without_historical_train_val,Stack,Zonly,43,43,accepted,P,50,26,25,25,13,12,13,0.5098039215686274,0.9615384615384616,80.79999999999991,39.99999999999915,140.74089668607346,152.0,0.0
sources_without_historical_train_val,Stack,Zonly,43,43,accepted,P,100,26,25,25,17,8,9,0.6666666666666666,0.9615384615384616,80.79999999999991,39.99999999999915,140.74089668607346,152.0,0.0
sources_without_historical_train_val,Stack,Zonly,43,43,accepted,P,200,26,25,25,23,2,3,0.9019607843137255,0.9615384615384616,80.79999999999991,39.99999999999915,140.74089668607346,152.0,0.0
sources_without_historical_train_val,Stack,Zonly,43,43,accepted,S,50,26,25,22,4,18,22,0.16666666666666666,0.8461538461538461,1551.3636363636367,379.999999999999,2960.518228590762,4454.000000000003,0.2727272727272727
sources_without_historical_train_val,Stack,Zonly,43,43,accepted,S,100,26,25,22,5,17,21,0.20833333333333334,0.8461538461538461,1551.3636363636367,379.999999999999,2960.518228590762,4454.000000000003,0.2727272727272727
sources_without_historical_train_val,Stack,Zonly,43,43,accepted,S,200,26,25,22,7,15,19,0.2916666666666667,0.8461538461538461,1551.3636363636367,379.999999999999,2960.518228590762,4454.000000000003,0.2727272727272727
sources_without_historical_train_val,Stack,Zonly,43,43,strict,P,50,26,25,24,13,11,13,0.52,0.9230769230769231,79.58333333333327,34.9999999999997,141.87729440141814,154.0,0.0
sources_without_historical_train_val,Stack,Zonly,43,43,strict,P,100,26,25,24,17,7,9,0.68,0.9230769230769231,79.58333333333327,34.9999999999997,141.87729440141814,154.0,0.0
sources_without_historical_train_val,Stack,Zonly,43,43,strict,P,200,26,25,24,22,2,4,0.88,0.9230769230769231,79.58333333333327,34.9999999999997,141.87729440141814,154.0,0.0
sources_without_historical_train_val,Stack,Zonly,43,43,strict,S,50,26,25,18,4,14,22,0.18181818181818182,0.6923076923076923,1454.4444444444443,330.00000000000006,3034.688342043271,4340.000000000002,0.2222222222222222
sources_without_historical_train_val,Stack,Zonly,43,43,strict,S,100,26,25,18,5,13,21,0.22727272727272727,0.6923076923076923,1454.4444444444443,330.00000000000006,3034.688342043271,4340.000000000002,0.2222222222222222
sources_without_historical_train_val,Stack,Zonly,43,43,strict,S,200,26,25,18,7,11,19,0.3181818181818182,0.6923076923076923,1454.4444444444443,330.00000000000006,3034.688342043271,4340.000000000002,0.2222222222222222
sources_without_historical_train_val,Stack,Zonly,43,44,accepted,P,50,26,25,24,17,7,9,0.68,0.9230769230769231,74.16666666666663,35.00000000000014,135.92277219068183,147.00000000000014,0.0
sources_without_historical_train_val,Stack,Zonly,43,44,accepted,P,100,26,25,24,18,6,8,0.72,0.9230769230769231,74.16666666666663,35.00000000000014,135.92277219068183,147.00000000000014,0.0
sources_without_historical_train_val,Stack,Zonly,43,44,accepted,P,200,26,25,24,22,2,4,0.88,0.9230769230769231,74.16666666666663,35.00000000000014,135.92277219068183,147.00000000000014,0.0
sources_without_historical_train_val,Stack,Zonly,43,44,accepted,S,50,26,25,20,3,17,23,0.13043478260869565,0.7692307692307693,1844.0000000000005,349.99999999999966,3411.7341631492923,6554.0,0.3
sources_without_historical_train_val,Stack,Zonly,43,44,accepted,S,100,26,25,20,4,16,22,0.17391304347826086,0.7692307692307693,1844.0000000000005,349.99999999999966,3411.7341631492923,6554.0,0.3
sources_without_historical_train_val,Stack,Zonly,43,44,accepted,S,200,26,25,20,7,13,19,0.30434782608695654,0.7692307692307693,1844.0000000000005,349.99999999999966,3411.7341631492923,6554.0,0.3
sources_without_historical_train_val,Stack,Zonly,43,44,strict,P,50,26,25,24,17,7,9,0.68,0.9230769230769231,74.16666666666663,35.00000000000014,135.92277219068183,147.00000000000014,0.0
sources_without_historical_train_val,Stack,Zonly,43,44,strict,P,100,26,25,24,18,6,8,0.72,0.9230769230769231,74.16666666666663,35.00000000000014,135.92277219068183,147.00000000000014,0.0
sources_without_historical_train_val,Stack,Zonly,43,44,strict,P,200,26,25,24,22,2,4,0.88,0.9230769230769231,74.16666666666663,35.00000000000014,135.92277219068183,147.00000000000014,0.0
sources_without_historical_train_val,Stack,Zonly,43,44,strict,S,50,26,25,14,1,13,25,0.05,0.5384615384615384,1589.2857142857144,295.0000000000008,3318.6217018515385,5451.000000000004,0.21428571428571427
sources_without_historical_train_val,Stack,Zonly,43,44,strict,S,100,26,25,14,2,12,24,0.1,0.5384615384615384,1589.2857142857144,295.0000000000008,3318.6217018515385,5451.000000000004,0.21428571428571427
sources_without_historical_train_val,Stack,Zonly,43,44,strict,S,200,26,25,14,5,9,21,0.25,0.5384615384615384,1589.2857142857144,295.0000000000008,3318.6217018515385,5451.000000000004,0.21428571428571427
sources_without_historical_train_val,Stack,Zonly,44,42,accepted,P,50,26,25,24,18,6,8,0.72,0.9230769230769231,72.49999999999982,34.999999999999254,134.07087677791918,151.00000000000006,0.0
sources_without_historical_train_val,Stack,Zonly,44,42,accepted,P,100,26,25,24,18,6,8,0.72,0.9230769230769231,72.49999999999982,34.999999999999254,134.07087677791918,151.00000000000006,0.0
sources_without_historical_train_val,Stack,Zonly,44,42,accepted,P,200,26,25,24,22,2,4,0.88,0.9230769230769231,72.49999999999982,34.999999999999254,134.07087677791918,151.00000000000006,0.0
sources_without_historical_train_val,Stack,Zonly,44,42,accepted,S,50,26,25,22,4,18,22,0.16666666666666666,0.8461538461538461,1480.4545454545455,379.999999999999,2898.743458183845,4383.000000000003,0.2727272727272727
sources_without_historical_train_val,Stack,Zonly,44,42,accepted,S,100,26,25,22,4,18,22,0.16666666666666666,0.8461538461538461,1480.4545454545455,379.999999999999,2898.743458183845,4383.000000000003,0.2727272727272727
sources_without_historical_train_val,Stack,Zonly,44,42,accepted,S,200,26,25,22,7,15,19,0.2916666666666667,0.8461538461538461,1480.4545454545455,379.999999999999,2898.743458183845,4383.000000000003,0.2727272727272727
sources_without_historical_train_val,Stack,Zonly,44,42,strict,P,50,26,25,24,18,6,8,0.72,0.9230769230769231,72.49999999999982,34.999999999999254,134.07087677791918,151.00000000000006,0.0
sources_without_historical_train_val,Stack,Zonly,44,42,strict,P,100,26,25,24,18,6,8,0.72,0.9230769230769231,72.49999999999982,34.999999999999254,134.07087677791918,151.00000000000006,0.0
sources_without_historical_train_val,Stack,Zonly,44,42,strict,P,200,26,25,24,22,2,4,0.88,0.9230769230769231,72.49999999999982,34.999999999999254,134.07087677791918,151.00000000000006,0.0
sources_without_historical_train_val,Stack,Zonly,44,42,strict,S,50,26,25,17,4,13,22,0.18604651162790697,0.6538461538461539,1597.0588235294117,289.99999999999915,3212.3374300820087,5314.0,0.23529411764705882
sources_without_historical_train_val,Stack,Zonly,44,42,strict,S,100,26,25,17,4,13,22,0.18604651162790697,0.6538461538461539,1597.0588235294117,289.99999999999915,3212.3374300820087,5314.0,0.23529411764705882
sources_without_historical_train_val,Stack,Zonly,44,42,strict,S,200,26,25,17,6,11,20,0.27906976744186046,0.6538461538461539,1597.0588235294117,289.99999999999915,3212.3374300820087,5314.0,0.23529411764705882
sources_without_historical_train_val,Stack,Zonly,44,43,accepted,P,50,26,25,26,17,9,9,0.6538461538461539,1.0,1828.076923076923,44.99999999999993,6964.923380218026,384.99999999999983,0.07692307692307693
sources_without_historical_train_val,Stack,Zonly,44,43,accepted,P,100,26,25,26,18,8,8,0.6923076923076923,1.0,1828.076923076923,44.99999999999993,6964.923380218026,384.99999999999983,0.07692307692307693
sources_without_historical_train_val,Stack,Zonly,44,43,accepted,P,200,26,25,26,22,4,4,0.8461538461538461,1.0,1828.076923076923,44.99999999999993,6964.923380218026,384.99999999999983,0.07692307692307693
sources_without_historical_train_val,Stack,Zonly,44,43,accepted,S,50,26,25,21,4,17,22,0.1702127659574468,0.8076923076923077,1504.7619047619048,339.9999999999999,2987.206052484495,4609.999999999999,0.23809523809523808
sources_without_historical_train_val,Stack,Zonly,44,43,accepted,S,100,26,25,21,5,16,21,0.2127659574468085,0.8076923076923077,1504.7619047619048,339.9999999999999,2987.206052484495,4609.999999999999,0.23809523809523808
sources_without_historical_train_val,Stack,Zonly,44,43,accepted,S,200,26,25,21,7,14,19,0.2978723404255319,0.8076923076923077,1504.7619047619048,339.9999999999999,2987.206052484495,4609.999999999999,0.23809523809523808
sources_without_historical_train_val,Stack,Zonly,44,43,strict,P,50,26,25,24,17,7,9,0.68,0.9230769230769231,73.74999999999991,39.99999999999959,136.030021196303,151.00000000000006,0.0
sources_without_historical_train_val,Stack,Zonly,44,43,strict,P,100,26,25,24,18,6,8,0.72,0.9230769230769231,73.74999999999991,39.99999999999959,136.030021196303,151.00000000000006,0.0
sources_without_historical_train_val,Stack,Zonly,44,43,strict,P,200,26,25,24,22,2,4,0.88,0.9230769230769231,73.74999999999991,39.99999999999959,136.030021196303,151.00000000000006,0.0
sources_without_historical_train_val,Stack,Zonly,44,43,strict,S,50,26,25,18,4,14,22,0.18181818181818182,0.6923076923076923,1676.111111111111,285.00000000000017,3220.0733255971395,5183.000000000001,0.2777777777777778
sources_without_historical_train_val,Stack,Zonly,44,43,strict,S,100,26,25,18,5,13,21,0.22727272727272727,0.6923076923076923,1676.111111111111,285.00000000000017,3220.0733255971395,5183.000000000001,0.2777777777777778
sources_without_historical_train_val,Stack,Zonly,44,43,strict,S,200,26,25,18,7,11,19,0.3181818181818182,0.6923076923076923,1676.111111111111,285.00000000000017,3220.0733255971395,5183.000000000001,0.2777777777777778
sources_without_historical_train_val,Stack,Zonly,44,44,accepted,P,50,26,25,24,16,8,10,0.64,0.9230769230769231,74.99999999999991,39.99999999999959,135.86144903295164,144.0000000000002,0.0
sources_without_historical_train_val,Stack,Zonly,44,44,accepted,P,100,26,25,24,18,6,8,0.72,0.9230769230769231,74.99999999999991,39.99999999999959,135.86144903295164,144.0000000000002,0.0
sources_without_historical_train_val,Stack,Zonly,44,44,accepted,P,200,26,25,24,22,2,4,0.88,0.9230769230769231,74.99999999999991,39.99999999999959,135.86144903295164,144.0000000000002,0.0
sources_without_historical_train_val,Stack,Zonly,44,44,accepted,S,50,26,25,22,5,17,21,0.20833333333333334,0.8461538461538461,1486.3636363636367,364.9999999999998,2966.3690691728593,4988.000000000001,0.22727272727272727
sources_without_historical_train_val,Stack,Zonly,44,44,accepted,S,100,26,25,22,5,17,21,0.20833333333333334,0.8461538461538461,1486.3636363636367,364.9999999999998,2966.3690691728593,4988.000000000001,0.22727272727272727
sources_without_historical_train_val,Stack,Zonly,44,44,accepted,S,200,26,25,22,6,16,20,0.25,0.8461538461538461,1486.3636363636367,364.9999999999998,2966.3690691728593,4988.000000000001,0.22727272727272727
sources_without_historical_train_val,Stack,Zonly,44,44,strict,P,50,26,25,24,16,8,10,0.64,0.9230769230769231,74.99999999999991,39.99999999999959,135.86144903295164,144.0000000000002,0.0
sources_without_historical_train_val,Stack,Zonly,44,44,strict,P,100,26,25,24,18,6,8,0.72,0.9230769230769231,74.99999999999991,39.99999999999959,135.86144903295164,144.0000000000002,0.0
sources_without_historical_train_val,Stack,Zonly,44,44,strict,P,200,26,25,24,22,2,4,0.88,0.9230769230769231,74.99999999999991,39.99999999999959,135.86144903295164,144.0000000000002,0.0
sources_without_historical_train_val,Stack,Zonly,44,44,strict,S,50,26,25,17,5,12,21,0.23255813953488372,0.6538461538461539,1464.7058823529414,290.00000000000273,3120.6202249288995,5378.0,0.17647058823529413
sources_without_historical_train_val,Stack,Zonly,44,44,strict,S,100,26,25,17,5,12,21,0.23255813953488372,0.6538461538461539,1464.7058823529414,290.00000000000273,3120.6202249288995,5378.0,0.17647058823529413
sources_without_historical_train_val,Stack,Zonly,44,44,strict,S,200,26,25,17,6,11,20,0.27906976744186046,0.6538461538461539,1464.7058823529414,290.00000000000273,3120.6202249288995,5378.0,0.17647058823529413
sources_without_historical_train_val,PhaseNetMatched,Full3C,42,,accepted,P,50,26,25,26,25,1,1,0.9615384615384616,1.0,14.230769230768995,9.999999999999787,22.101165997782335,19.999999999999574,0.0
sources_without_historical_train_val,PhaseNetMatched,Full3C,42,,accepted,P,100,26,25,26,26,0,0,1.0,1.0,14.230769230768995,9.999999999999787,22.101165997782335,19.999999999999574,0.0
sources_without_historical_train_val,PhaseNetMatched,Full3C,42,,accepted,P,200,26,25,26,26,0,0,1.0,1.0,14.230769230768995,9.999999999999787,22.101165997782335,19.999999999999574,0.0
sources_without_historical_train_val,PhaseNetMatched,Full3C,42,,accepted,S,50,26,25,26,10,16,16,0.38461538461538464,1.0,203.84615384615375,104.99999999999955,304.529902535796,544.9999999999995,0.0
sources_without_historical_train_val,PhaseNetMatched,Full3C,42,,accepted,S,100,26,25,26,13,13,13,0.5,1.0,203.84615384615375,104.99999999999955,304.529902535796,544.9999999999995,0.0
sources_without_historical_train_val,PhaseNetMatched,Full3C,42,,accepted,S,200,26,25,26,17,9,9,0.6538461538461539,1.0,203.84615384615375,104.99999999999955,304.529902535796,544.9999999999995,0.0
sources_without_historical_train_val,PhaseNetMatched,Full3C,42,,strict,P,50,26,25,26,25,1,1,0.9615384615384616,1.0,14.230769230768995,9.999999999999787,22.101165997782335,19.999999999999574,0.0
sources_without_historical_train_val,PhaseNetMatched,Full3C,42,,strict,P,100,26,25,26,26,0,0,1.0,1.0,14.230769230768995,9.999999999999787,22.101165997782335,19.999999999999574,0.0
sources_without_historical_train_val,PhaseNetMatched,Full3C,42,,strict,P,200,26,25,26,26,0,0,1.0,1.0,14.230769230768995,9.999999999999787,22.101165997782335,19.999999999999574,0.0
sources_without_historical_train_val,PhaseNetMatched,Full3C,42,,strict,S,50,26,25,26,10,16,16,0.38461538461538464,1.0,203.84615384615375,104.99999999999955,304.529902535796,544.9999999999995,0.0
sources_without_historical_train_val,PhaseNetMatched,Full3C,42,,strict,S,100,26,25,26,13,13,13,0.5,1.0,203.84615384615375,104.99999999999955,304.529902535796,544.9999999999995,0.0
sources_without_historical_train_val,PhaseNetMatched,Full3C,42,,strict,S,200,26,25,26,17,9,9,0.6538461538461539,1.0,203.84615384615375,104.99999999999955,304.529902535796,544.9999999999995,0.0
sources_without_historical_train_val,PhaseNetMatched,Full3C,43,,accepted,P,50,26,25,26,24,2,2,0.9230769230769231,1.0,42.69230769230767,0.0,196.6742719085779,19.999999999999574,0.0
sources_without_historical_train_val,PhaseNetMatched,Full3C,43,,accepted,P,100,26,25,26,25,1,1,0.9615384615384616,1.0,42.69230769230767,0.0,196.6742719085779,19.999999999999574,0.0
sources_without_historical_train_val,PhaseNetMatched,Full3C,43,,accepted,P,200,26,25,26,25,1,1,0.9615384615384616,1.0,42.69230769230767,0.0,196.6742719085779,19.999999999999574,0.0
sources_without_historical_train_val,PhaseNetMatched,Full3C,43,,accepted,S,50,26,25,25,7,18,19,0.27450980392156865,0.9615384615384616,210.79999999999993,169.99999999999994,307.70765346347804,437.9999999999996,0.0
sources_without_historical_train_val,PhaseNetMatched,Full3C,43,,accepted,S,100,26,25,25,11,14,15,0.43137254901960786,0.9615384615384616,210.79999999999993,169.99999999999994,307.70765346347804,437.9999999999996,0.0
sources_without_historical_train_val,PhaseNetMatched,Full3C,43,,accepted,S,200,26,25,25,15,10,11,0.5882352941176471,0.9615384615384616,210.79999999999993,169.99999999999994,307.70765346347804,437.9999999999996,0.0
sources_without_historical_train_val,PhaseNetMatched,Full3C,43,,strict,P,50,26,25,26,24,2,2,0.9230769230769231,1.0,42.69230769230767,0.0,196.6742719085779,19.999999999999574,0.0
sources_without_historical_train_val,PhaseNetMatched,Full3C,43,,strict,P,100,26,25,26,25,1,1,0.9615384615384616,1.0,42.69230769230767,0.0,196.6742719085779,19.999999999999574,0.0
sources_without_historical_train_val,PhaseNetMatched,Full3C,43,,strict,P,200,26,25,26,25,1,1,0.9615384615384616,1.0,42.69230769230767,0.0,196.6742719085779,19.999999999999574,0.0
sources_without_historical_train_val,PhaseNetMatched,Full3C,43,,strict,S,50,26,25,25,7,18,19,0.27450980392156865,0.9615384615384616,210.79999999999993,169.99999999999994,307.70765346347804,437.9999999999996,0.0
sources_without_historical_train_val,PhaseNetMatched,Full3C,43,,strict,S,100,26,25,25,11,14,15,0.43137254901960786,0.9615384615384616,210.79999999999993,169.99999999999994,307.70765346347804,437.9999999999996,0.0
sources_without_historical_train_val,PhaseNetMatched,Full3C,43,,strict,S,200,26,25,25,15,10,11,0.5882352941176471,0.9615384615384616,210.79999999999993,169.99999999999994,307.70765346347804,437.9999999999996,0.0
sources_without_historical_train_val,PhaseNetMatched,Full3C,44,,accepted,P,50,26,25,26,25,1,1,0.9615384615384616,1.0,16.15384615384593,9.999999999999787,20.754980866510664,29.99999999999958,0.0
sources_without_historical_train_val,PhaseNetMatched,Full3C,44,,accepted,P,100,26,25,26,26,0,0,1.0,1.0,16.15384615384593,9.999999999999787,20.754980866510664,29.99999999999958,0.0
sources_without_historical_train_val,PhaseNetMatched,Full3C,44,,accepted,P,200,26,25,26,26,0,0,1.0,1.0,16.15384615384593,9.999999999999787,20.754980866510664,29.99999999999958,0.0
sources_without_historical_train_val,PhaseNetMatched,Full3C,44,,accepted,S,50,26,25,26,8,18,18,0.3076923076923077,1.0,192.3076923076924,125.00000000000044,280.1922416978961,445.0000000000003,0.0
sources_without_historical_train_val,PhaseNetMatched,Full3C,44,,accepted,S,100,26,25,26,12,14,14,0.46153846153846156,1.0,192.3076923076924,125.00000000000044,280.1922416978961,445.0000000000003,0.0
sources_without_historical_train_val,PhaseNetMatched,Full3C,44,,accepted,S,200,26,25,26,16,10,10,0.6153846153846154,1.0,192.3076923076924,125.00000000000044,280.1922416978961,445.0000000000003,0.0
sources_without_historical_train_val,PhaseNetMatched,Full3C,44,,strict,P,50,26,25,26,25,1,1,0.9615384615384616,1.0,16.15384615384593,9.999999999999787,20.754980866510664,29.99999999999958,0.0
sources_without_historical_train_val,PhaseNetMatched,Full3C,44,,strict,P,100,26,25,26,26,0,0,1.0,1.0,16.15384615384593,9.999999999999787,20.754980866510664,29.99999999999958,0.0
sources_without_historical_train_val,PhaseNetMatched,Full3C,44,,strict,P,200,26,25,26,26,0,0,1.0,1.0,16.15384615384593,9.999999999999787,20.754980866510664,29.99999999999958,0.0
sources_without_historical_train_val,PhaseNetMatched,Full3C,44,,strict,S,50,26,25,26,8,18,18,0.3076923076923077,1.0,192.3076923076924,125.00000000000044,280.1922416978961,445.0000000000003,0.0
sources_without_historical_train_val,PhaseNetMatched,Full3C,44,,strict,S,100,26,25,26,12,14,14,0.46153846153846156,1.0,192.3076923076924,125.00000000000044,280.1922416978961,445.0000000000003,0.0
sources_without_historical_train_val,PhaseNetMatched,Full3C,44,,strict,S,200,26,25,26,16,10,10,0.6153846153846154,1.0,192.3076923076924,125.00000000000044,280.1922416978961,445.0000000000003,0.0
sources_without_historical_train_val,PhaseNetMatched,Zonly,42,,accepted,P,50,26,25,26,25,1,1,0.9615384615384616,1.0,86.15384615384605,0.0,400.37482438335206,29.99999999999936,0.038461538461538464
sources_without_historical_train_val,PhaseNetMatched,Zonly,42,,accepted,P,100,26,25,26,25,1,1,0.9615384615384616,1.0,86.15384615384605,0.0,400.37482438335206,29.99999999999936,0.038461538461538464
sources_without_historical_train_val,PhaseNetMatched,Zonly,42,,accepted,P,200,26,25,26,25,1,1,0.9615384615384616,1.0,86.15384615384605,0.0,400.37482438335206,29.99999999999936,0.038461538461538464
sources_without_historical_train_val,PhaseNetMatched,Zonly,42,,accepted,S,50,26,25,26,2,24,24,0.07692307692307693,1.0,863.4615384615385,219.99999999999977,2468.2779733745865,1200.0000000000002,0.11538461538461539
sources_without_historical_train_val,PhaseNetMatched,Zonly,42,,accepted,S,100,26,25,26,7,19,19,0.2692307692307692,1.0,863.4615384615385,219.99999999999977,2468.2779733745865,1200.0000000000002,0.11538461538461539
sources_without_historical_train_val,PhaseNetMatched,Zonly,42,,accepted,S,200,26,25,26,12,14,14,0.46153846153846156,1.0,863.4615384615385,219.99999999999977,2468.2779733745865,1200.0000000000002,0.11538461538461539
sources_without_historical_train_val,PhaseNetMatched,Zonly,42,,strict,P,50,26,25,26,25,1,1,0.9615384615384616,1.0,86.15384615384605,0.0,400.37482438335206,29.99999999999936,0.038461538461538464
sources_without_historical_train_val,PhaseNetMatched,Zonly,42,,strict,P,100,26,25,26,25,1,1,0.9615384615384616,1.0,86.15384615384605,0.0,400.37482438335206,29.99999999999936,0.038461538461538464
sources_without_historical_train_val,PhaseNetMatched,Zonly,42,,strict,P,200,26,25,26,25,1,1,0.9615384615384616,1.0,86.15384615384605,0.0,400.37482438335206,29.99999999999936,0.038461538461538464
sources_without_historical_train_val,PhaseNetMatched,Zonly,42,,strict,S,50,26,25,26,2,24,24,0.07692307692307693,1.0,863.4615384615385,219.99999999999977,2468.2779733745865,1200.0000000000002,0.11538461538461539
sources_without_historical_train_val,PhaseNetMatched,Zonly,42,,strict,S,100,26,25,26,7,19,19,0.2692307692307692,1.0,863.4615384615385,219.99999999999977,2468.2779733745865,1200.0000000000002,0.11538461538461539
sources_without_historical_train_val,PhaseNetMatched,Zonly,42,,strict,S,200,26,25,26,12,14,14,0.46153846153846156,1.0,863.4615384615385,219.99999999999977,2468.2779733745865,1200.0000000000002,0.11538461538461539
sources_without_historical_train_val,PhaseNetMatched,Zonly,43,,accepted,P,50,26,25,25,25,0,1,0.9803921568627451,0.9615384615384616,15.99999999999975,19.999999999999574,18.33030277982318,19.999999999999574,0.0
sources_without_historical_train_val,PhaseNetMatched,Zonly,43,,accepted,P,100,26,25,25,25,0,1,0.9803921568627451,0.9615384615384616,15.99999999999975,19.999999999999574,18.33030277982318,19.999999999999574,0.0
sources_without_historical_train_val,PhaseNetMatched,Zonly,43,,accepted,P,200,26,25,25,25,0,1,0.9803921568627451,0.9615384615384616,15.99999999999975,19.999999999999574,18.33030277982318,19.999999999999574,0.0
sources_without_historical_train_val,PhaseNetMatched,Zonly,43,,accepted,S,50,26,25,24,2,22,24,0.08,0.9230769230769231,426.24999999999983,260.0000000000007,624.1093654160301,858.9999999999989,0.08333333333333333
sources_without_historical_train_val,PhaseNetMatched,Zonly,43,,accepted,S,100,26,25,24,3,21,23,0.12,0.9230769230769231,426.24999999999983,260.0000000000007,624.1093654160301,858.9999999999989,0.08333333333333333
sources_without_historical_train_val,PhaseNetMatched,Zonly,43,,accepted,S,200,26,25,24,9,15,17,0.36,0.9230769230769231,426.24999999999983,260.0000000000007,624.1093654160301,858.9999999999989,0.08333333333333333
sources_without_historical_train_val,PhaseNetMatched,Zonly,43,,strict,P,50,26,25,25,25,0,1,0.9803921568627451,0.9615384615384616,15.99999999999975,19.999999999999574,18.33030277982318,19.999999999999574,0.0
sources_without_historical_train_val,PhaseNetMatched,Zonly,43,,strict,P,100,26,25,25,25,0,1,0.9803921568627451,0.9615384615384616,15.99999999999975,19.999999999999574,18.33030277982318,19.999999999999574,0.0
sources_without_historical_train_val,PhaseNetMatched,Zonly,43,,strict,P,200,26,25,25,25,0,1,0.9803921568627451,0.9615384615384616,15.99999999999975,19.999999999999574,18.33030277982318,19.999999999999574,0.0
sources_without_historical_train_val,PhaseNetMatched,Zonly,43,,strict,S,50,26,25,24,2,22,24,0.08,0.9230769230769231,426.24999999999983,260.0000000000007,624.1093654160301,858.9999999999989,0.08333333333333333
sources_without_historical_train_val,PhaseNetMatched,Zonly,43,,strict,S,100,26,25,24,3,21,23,0.12,0.9230769230769231,426.24999999999983,260.0000000000007,624.1093654160301,858.9999999999989,0.08333333333333333
sources_without_historical_train_val,PhaseNetMatched,Zonly,43,,strict,S,200,26,25,24,9,15,17,0.36,0.9230769230769231,426.24999999999983,260.0000000000007,624.1093654160301,858.9999999999989,0.08333333333333333
sources_without_historical_train_val,PhaseNetMatched,Zonly,44,,accepted,P,50,26,25,26,24,2,2,0.9230769230769231,1.0,50.38461538461525,9.999999999999787,198.94916242791578,30.00000000000003,0.038461538461538464
sources_without_historical_train_val,PhaseNetMatched,Zonly,44,,accepted,P,100,26,25,26,25,1,1,0.9615384615384616,1.0,50.38461538461525,9.999999999999787,198.94916242791578,30.00000000000003,0.038461538461538464
sources_without_historical_train_val,PhaseNetMatched,Zonly,44,,accepted,P,200,26,25,26,25,1,1,0.9615384615384616,1.0,50.38461538461525,9.999999999999787,198.94916242791578,30.00000000000003,0.038461538461538464
sources_without_historical_train_val,PhaseNetMatched,Zonly,44,,accepted,S,50,26,25,26,4,22,22,0.15384615384615385,1.0,776.1538461538462,249.9999999999991,2445.3047631359545,729.9999999999995,0.07692307692307693
sources_without_historical_train_val,PhaseNetMatched,Zonly,44,,accepted,S,100,26,25,26,9,17,17,0.34615384615384615,1.0,776.1538461538462,249.9999999999991,2445.3047631359545,729.9999999999995,0.07692307692307693
sources_without_historical_train_val,PhaseNetMatched,Zonly,44,,accepted,S,200,26,25,26,12,14,14,0.46153846153846156,1.0,776.1538461538462,249.9999999999991,2445.3047631359545,729.9999999999995,0.07692307692307693
sources_without_historical_train_val,PhaseNetMatched,Zonly,44,,strict,P,50,26,25,25,24,1,2,0.9411764705882353,0.9615384615384616,11.999999999999869,9.999999999999787,18.97366596101022,25.999999999999726,0.0
sources_without_historical_train_val,PhaseNetMatched,Zonly,44,,strict,P,100,26,25,25,25,0,1,0.9803921568627451,0.9615384615384616,11.999999999999869,9.999999999999787,18.97366596101022,25.999999999999726,0.0
sources_without_historical_train_val,PhaseNetMatched,Zonly,44,,strict,P,200,26,25,25,25,0,1,0.9803921568627451,0.9615384615384616,11.999999999999869,9.999999999999787,18.97366596101022,25.999999999999726,0.0
sources_without_historical_train_val,PhaseNetMatched,Zonly,44,,strict,S,50,26,25,26,4,22,22,0.15384615384615385,1.0,776.1538461538462,249.9999999999991,2445.3047631359545,729.9999999999995,0.07692307692307693
sources_without_historical_train_val,PhaseNetMatched,Zonly,44,,strict,S,100,26,25,26,9,17,17,0.34615384615384615,1.0,776.1538461538462,249.9999999999991,2445.3047631359545,729.9999999999995,0.07692307692307693
sources_without_historical_train_val,PhaseNetMatched,Zonly,44,,strict,S,200,26,25,26,12,14,14,0.46153846153846156,1.0,776.1538461538462,249.9999999999991,2445.3047631359545,729.9999999999995,0.07692307692307693
manual_both_sources_without_historical_train_val,Stack,Full3C,42,42,accepted,P,50,20,19,19,11,8,9,0.5641025641025641,0.95,97.894736842105,39.99999999999915,171.00323173308112,237.9999999999998,0.0
manual_both_sources_without_historical_train_val,Stack,Full3C,42,42,accepted,P,100,20,19,19,12,7,8,0.6153846153846154,0.95,97.894736842105,39.99999999999915,171.00323173308112,237.9999999999998,0.0
manual_both_sources_without_historical_train_val,Stack,Full3C,42,42,accepted,P,200,20,19,19,16,3,4,0.8205128205128205,0.95,97.894736842105,39.99999999999915,171.00323173308112,237.9999999999998,0.0
manual_both_sources_without_historical_train_val,Stack,Full3C,42,42,accepted,S,50,20,19,19,6,13,14,0.3076923076923077,0.95,500.52631578947404,240.00000000000023,1233.4909809155479,699.9999999999997,0.05263157894736842
manual_both_sources_without_historical_train_val,Stack,Full3C,42,42,accepted,S,100,20,19,19,7,12,13,0.358974358974359,0.95,500.52631578947404,240.00000000000023,1233.4909809155479,699.9999999999997,0.05263157894736842
manual_both_sources_without_historical_train_val,Stack,Full3C,42,42,accepted,S,200,20,19,19,9,10,11,0.46153846153846156,0.95,500.52631578947404,240.00000000000023,1233.4909809155479,699.9999999999997,0.05263157894736842
manual_both_sources_without_historical_train_val,Stack,Full3C,42,42,strict,P,50,20,19,18,11,7,9,0.5789473684210527,0.9,83.88888888888863,34.999999999999254,155.11644371603893,175.0000000000001,0.0
manual_both_sources_without_historical_train_val,Stack,Full3C,42,42,strict,P,100,20,19,18,12,6,8,0.631578947368421,0.9,83.88888888888863,34.999999999999254,155.11644371603893,175.0000000000001,0.0
manual_both_sources_without_historical_train_val,Stack,Full3C,42,42,strict,P,200,20,19,18,16,2,4,0.8421052631578947,0.9,83.88888888888863,34.999999999999254,155.11644371603893,175.0000000000001,0.0
manual_both_sources_without_historical_train_val,Stack,Full3C,42,42,strict,S,50,20,19,19,6,13,14,0.3076923076923077,0.95,500.52631578947404,240.00000000000023,1233.4909809155479,699.9999999999997,0.05263157894736842
manual_both_sources_without_historical_train_val,Stack,Full3C,42,42,strict,S,100,20,19,19,7,12,13,0.358974358974359,0.95,500.52631578947404,240.00000000000023,1233.4909809155479,699.9999999999997,0.05263157894736842
manual_both_sources_without_historical_train_val,Stack,Full3C,42,42,strict,S,200,20,19,19,9,10,11,0.46153846153846156,0.95,500.52631578947404,240.00000000000023,1233.4909809155479,699.9999999999997,0.05263157894736842
manual_both_sources_without_historical_train_val,Stack,Full3C,42,43,accepted,P,50,20,19,19,11,8,9,0.5641025641025641,0.95,99.47368421052606,39.99999999999915,170.89547436340928,233.99999999999986,0.0
manual_both_sources_without_historical_train_val,Stack,Full3C,42,43,accepted,P,100,20,19,19,12,7,8,0.6153846153846154,0.95,99.47368421052606,39.99999999999915,170.89547436340928,233.99999999999986,0.0
manual_both_sources_without_historical_train_val,Stack,Full3C,42,43,accepted,P,200,20,19,19,17,2,3,0.8717948717948718,0.95,99.47368421052606,39.99999999999915,170.89547436340928,233.99999999999986,0.0
manual_both_sources_without_historical_train_val,Stack,Full3C,42,43,accepted,S,50,20,19,19,6,13,14,0.3076923076923077,0.95,548.947368421053,189.9999999999995,1531.7671253541737,708.0000000000002,0.05263157894736842
manual_both_sources_without_historical_train_val,Stack,Full3C,42,43,accepted,S,100,20,19,19,7,12,13,0.358974358974359,0.95,548.947368421053,189.9999999999995,1531.7671253541737,708.0000000000002,0.05263157894736842
manual_both_sources_without_historical_train_val,Stack,Full3C,42,43,accepted,S,200,20,19,19,11,8,9,0.5641025641025641,0.95,548.947368421053,189.9999999999995,1531.7671253541737,708.0000000000002,0.05263157894736842
manual_both_sources_without_historical_train_val,Stack,Full3C,42,43,strict,P,50,20,19,18,11,7,9,0.5789473684210527,0.9,84.44444444444422,34.999999999999254,152.3883926754994,165.0000000000003,0.0
manual_both_sources_without_historical_train_val,Stack,Full3C,42,43,strict,P,100,20,19,18,12,6,8,0.631578947368421,0.9,84.44444444444422,34.999999999999254,152.3883926754994,165.0000000000003,0.0
manual_both_sources_without_historical_train_val,Stack,Full3C,42,43,strict,P,200,20,19,18,17,1,3,0.8947368421052632,0.9,84.44444444444422,34.999999999999254,152.3883926754994,165.0000000000003,0.0
manual_both_sources_without_historical_train_val,Stack,Full3C,42,43,strict,S,50,20,19,18,6,12,14,0.3157894736842105,0.9,215.55555555555605,165.00000000000003,305.2685520797859,490.0000000000005,0.0
manual_both_sources_without_historical_train_val,Stack,Full3C,42,43,strict,S,100,20,19,18,7,11,13,0.3684210526315789,0.9,215.55555555555605,165.00000000000003,305.2685520797859,490.0000000000005,0.0
manual_both_sources_without_historical_train_val,Stack,Full3C,42,43,strict,S,200,20,19,18,11,7,9,0.5789473684210527,0.9,215.55555555555605,165.00000000000003,305.2685520797859,490.0000000000005,0.0
manual_both_sources_without_historical_train_val,Stack,Full3C,42,44,accepted,P,50,20,19,20,11,9,9,0.55,1.0,1752.0,34.9999999999997,7418.942647035357,397.0000000000009,0.05
manual_both_sources_without_historical_train_val,Stack,Full3C,42,44,accepted,P,100,20,19,20,12,8,8,0.6,1.0,1752.0,34.9999999999997,7418.942647035357,397.0000000000009,0.05
manual_both_sources_without_historical_train_val,Stack,Full3C,42,44,accepted,P,200,20,19,20,16,4,4,0.8,1.0,1752.0,34.9999999999997,7418.942647035357,397.0000000000009,0.05
manual_both_sources_without_historical_train_val,Stack,Full3C,42,44,accepted,S,50,20,19,19,6,13,14,0.3076923076923077,0.95,567.8947368421054,189.9999999999995,1535.147858471105,731.9999999999997,0.05263157894736842
manual_both_sources_without_historical_train_val,Stack,Full3C,42,44,accepted,S,100,20,19,19,7,12,13,0.358974358974359,0.95,567.8947368421054,189.9999999999995,1535.147858471105,731.9999999999997,0.05263157894736842
manual_both_sources_without_historical_train_val,Stack,Full3C,42,44,accepted,S,200,20,19,19,10,9,10,0.5128205128205128,0.95,567.8947368421054,189.9999999999995,1535.147858471105,731.9999999999997,0.05263157894736842
manual_both_sources_without_historical_train_val,Stack,Full3C,42,44,strict,P,50,20,19,18,11,7,9,0.5789473684210527,0.9,82.77777777777759,29.999999999999805,152.9160989998545,168.00000000000028,0.0
manual_both_sources_without_historical_train_val,Stack,Full3C,42,44,strict,P,100,20,19,18,12,6,8,0.631578947368421,0.9,82.77777777777759,29.999999999999805,152.9160989998545,168.00000000000028,0.0
manual_both_sources_without_historical_train_val,Stack,Full3C,42,44,strict,P,200,20,19,18,16,2,4,0.8421052631578947,0.9,82.77777777777759,29.999999999999805,152.9160989998545,168.00000000000028,0.0
manual_both_sources_without_historical_train_val,Stack,Full3C,42,44,strict,S,50,20,19,18,6,12,14,0.3157894736842105,0.9,235.5555555555558,189.9999999999995,322.6969682741585,499.00000000000034,0.0
manual_both_sources_without_historical_train_val,Stack,Full3C,42,44,strict,S,100,20,19,18,7,11,13,0.3684210526315789,0.9,235.5555555555558,189.9999999999995,322.6969682741585,499.00000000000034,0.0
manual_both_sources_without_historical_train_val,Stack,Full3C,42,44,strict,S,200,20,19,18,10,8,10,0.5263157894736842,0.9,235.5555555555558,189.9999999999995,322.6969682741585,499.00000000000034,0.0
manual_both_sources_without_historical_train_val,Stack,Full3C,43,42,accepted,P,50,20,19,19,11,8,9,0.5641025641025641,0.95,103.15789473684204,49.99999999999982,169.61256160034716,233.99999999999991,0.0
manual_both_sources_without_historical_train_val,Stack,Full3C,43,42,accepted,P,100,20,19,19,12,7,8,0.6153846153846154,0.95,103.15789473684204,49.99999999999982,169.61256160034716,233.99999999999991,0.0
manual_both_sources_without_historical_train_val,Stack,Full3C,43,42,accepted,P,200,20,19,19,16,3,4,0.8205128205128205,0.95,103.15789473684204,49.99999999999982,169.61256160034716,233.99999999999991,0.0
manual_both_sources_without_historical_train_val,Stack,Full3C,43,42,accepted,S,50,20,19,19,6,13,14,0.3076923076923077,0.95,496.8421052631581,200.00000000000108,1228.6449532117208,701.9999999999995,0.05263157894736842
manual_both_sources_without_historical_train_val,Stack,Full3C,43,42,accepted,S,100,20,19,19,7,12,13,0.358974358974359,0.95,496.8421052631581,200.00000000000108,1228.6449532117208,701.9999999999995,0.05263157894736842
manual_both_sources_without_historical_train_val,Stack,Full3C,43,42,accepted,S,200,20,19,19,10,9,10,0.5128205128205128,0.95,496.8421052631581,200.00000000000108,1228.6449532117208,701.9999999999995,0.05263157894736842
manual_both_sources_without_historical_train_val,Stack,Full3C,43,42,strict,P,50,20,19,18,11,7,9,0.5789473684210527,0.9,90.55555555555549,40.000000000000036,155.93802187621415,175.0000000000001,0.0
manual_both_sources_without_historical_train_val,Stack,Full3C,43,42,strict,P,100,20,19,18,12,6,8,0.631578947368421,0.9,90.55555555555549,40.000000000000036,155.93802187621415,175.0000000000001,0.0
manual_both_sources_without_historical_train_val,Stack,Full3C,43,42,strict,P,200,20,19,18,16,2,4,0.8421052631578947,0.9,90.55555555555549,40.000000000000036,155.93802187621415,175.0000000000001,0.0
manual_both_sources_without_historical_train_val,Stack,Full3C,43,42,strict,S,50,20,19,18,6,12,14,0.3157894736842105,0.9,236.66666666666686,200.00000000000017,320.5377426208097,494.0000000000001,0.0
manual_both_sources_without_historical_train_val,Stack,Full3C,43,42,strict,S,100,20,19,18,7,11,13,0.3684210526315789,0.9,236.66666666666686,200.00000000000017,320.5377426208097,494.0000000000001,0.0
manual_both_sources_without_historical_train_val,Stack,Full3C,43,42,strict,S,200,20,19,18,10,8,10,0.5263157894736842,0.9,236.66666666666686,200.00000000000017,320.5377426208097,494.0000000000001,0.0
manual_both_sources_without_historical_train_val,Stack,Full3C,43,43,accepted,P,50,20,19,19,10,9,10,0.5128205128205128,0.95,98.94736842105247,50.00000000000071,161.89665319514623,214.00000000000006,0.0
manual_both_sources_without_historical_train_val,Stack,Full3C,43,43,accepted,P,100,20,19,19,12,7,8,0.6153846153846154,0.95,98.94736842105247,50.00000000000071,161.89665319514623,214.00000000000006,0.0
manual_both_sources_without_historical_train_val,Stack,Full3C,43,43,accepted,P,200,20,19,19,16,3,4,0.8205128205128205,0.95,98.94736842105247,50.00000000000071,161.89665319514623,214.00000000000006,0.0
manual_both_sources_without_historical_train_val,Stack,Full3C,43,43,accepted,S,50,20,19,19,7,12,13,0.358974358974359,0.95,548.4210526315791,179.99999999999972,1559.0246613626227,638.0000000000002,0.05263157894736842
manual_both_sources_without_historical_train_val,Stack,Full3C,43,43,accepted,S,100,20,19,19,8,11,12,0.41025641025641024,0.95,548.4210526315791,179.99999999999972,1559.0246613626227,638.0000000000002,0.05263157894736842
manual_both_sources_without_historical_train_val,Stack,Full3C,43,43,accepted,S,200,20,19,19,11,8,9,0.5641025641025641,0.95,548.4210526315791,179.99999999999972,1559.0246613626227,638.0000000000002,0.05263157894736842
manual_both_sources_without_historical_train_val,Stack,Full3C,43,43,strict,P,50,20,19,18,10,8,10,0.5263157894736842,0.9,91.66666666666647,45.00000000000037,157.25068450654751,175.0000000000001,0.0
manual_both_sources_without_historical_train_val,Stack,Full3C,43,43,strict,P,100,20,19,18,12,6,8,0.631578947368421,0.9,91.66666666666647,45.00000000000037,157.25068450654751,175.0000000000001,0.0
manual_both_sources_without_historical_train_val,Stack,Full3C,43,43,strict,P,200,20,19,18,16,2,4,0.8421052631578947,0.9,91.66666666666647,45.00000000000037,157.25068450654751,175.0000000000001,0.0
manual_both_sources_without_historical_train_val,Stack,Full3C,43,43,strict,S,50,20,19,18,7,11,13,0.3684210526315789,0.9,545.0000000000002,160.00000000000014,1595.2794948430403,497.99999999999943,0.05555555555555555
manual_both_sources_without_historical_train_val,Stack,Full3C,43,43,strict,S,100,20,19,18,8,10,12,0.42105263157894735,0.9,545.0000000000002,160.00000000000014,1595.2794948430403,497.99999999999943,0.05555555555555555
manual_both_sources_without_historical_train_val,Stack,Full3C,43,43,strict,S,200,20,19,18,11,7,9,0.5789473684210527,0.9,545.0000000000002,160.00000000000014,1595.2794948430403,497.99999999999943,0.05555555555555555
manual_both_sources_without_historical_train_val,Stack,Full3C,43,44,accepted,P,50,20,19,19,12,7,8,0.6153846153846154,0.95,104.21052631578941,49.99999999999982,171.89347986777332,233.99999999999986,0.0
manual_both_sources_without_historical_train_val,Stack,Full3C,43,44,accepted,P,100,20,19,19,12,7,8,0.6153846153846154,0.95,104.21052631578941,49.99999999999982,171.89347986777332,233.99999999999986,0.0
manual_both_sources_without_historical_train_val,Stack,Full3C,43,44,accepted,P,200,20,19,19,17,2,3,0.8717948717948718,0.95,104.21052631578941,49.99999999999982,171.89347986777332,233.99999999999986,0.0
manual_both_sources_without_historical_train_val,Stack,Full3C,43,44,accepted,S,50,20,19,19,5,14,15,0.2564102564102564,0.95,505.7894736842107,220.00000000000063,1229.2552302319611,753.9999999999999,0.05263157894736842
manual_both_sources_without_historical_train_val,Stack,Full3C,43,44,accepted,S,100,20,19,19,7,12,13,0.358974358974359,0.95,505.7894736842107,220.00000000000063,1229.2552302319611,753.9999999999999,0.05263157894736842
manual_both_sources_without_historical_train_val,Stack,Full3C,43,44,accepted,S,200,20,19,19,9,10,11,0.46153846153846156,0.95,505.7894736842107,220.00000000000063,1229.2552302319611,753.9999999999999,0.05263157894736842
manual_both_sources_without_historical_train_val,Stack,Full3C,43,44,strict,P,50,20,19,19,12,7,8,0.6153846153846154,0.95,104.21052631578941,49.99999999999982,171.89347986777332,233.99999999999986,0.0
manual_both_sources_without_historical_train_val,Stack,Full3C,43,44,strict,P,100,20,19,19,12,7,8,0.6153846153846154,0.95,104.21052631578941,49.99999999999982,171.89347986777332,233.99999999999986,0.0
manual_both_sources_without_historical_train_val,Stack,Full3C,43,44,strict,P,200,20,19,19,17,2,3,0.8717948717948718,0.95,104.21052631578941,49.99999999999982,171.89347986777332,233.99999999999986,0.0
manual_both_sources_without_historical_train_val,Stack,Full3C,43,44,strict,S,50,20,19,19,5,14,15,0.2564102564102564,0.95,505.7894736842107,220.00000000000063,1229.2552302319611,753.9999999999999,0.05263157894736842
manual_both_sources_without_historical_train_val,Stack,Full3C,43,44,strict,S,100,20,19,19,7,12,13,0.358974358974359,0.95,505.7894736842107,220.00000000000063,1229.2552302319611,753.9999999999999,0.05263157894736842
manual_both_sources_without_historical_train_val,Stack,Full3C,43,44,strict,S,200,20,19,19,9,10,11,0.46153846153846156,0.95,505.7894736842107,220.00000000000063,1229.2552302319611,753.9999999999999,0.05263157894736842
manual_both_sources_without_historical_train_val,Stack,Full3C,44,42,accepted,P,50,20,19,19,10,9,10,0.5128205128205128,0.95,98.94736842105243,39.99999999999915,166.25915091554475,233.99999999999991,0.0
manual_both_sources_without_historical_train_val,Stack,Full3C,44,42,accepted,P,100,20,19,19,12,7,8,0.6153846153846154,0.95,98.94736842105243,39.99999999999915,166.25915091554475,233.99999999999991,0.0
manual_both_sources_without_historical_train_val,Stack,Full3C,44,42,accepted,P,200,20,19,19,16,3,4,0.8205128205128205,0.95,98.94736842105243,39.99999999999915,166.25915091554475,233.99999999999991,0.0
manual_both_sources_without_historical_train_val,Stack,Full3C,44,42,accepted,S,50,20,19,19,5,14,15,0.2564102564102564,0.95,347.89473684210566,250.0,545.0881145572512,837.9999999999994,0.10526315789473684
manual_both_sources_without_historical_train_val,Stack,Full3C,44,42,accepted,S,100,20,19,19,7,12,13,0.358974358974359,0.95,347.89473684210566,250.0,545.0881145572512,837.9999999999994,0.10526315789473684
manual_both_sources_without_historical_train_val,Stack,Full3C,44,42,accepted,S,200,20,19,19,8,11,12,0.41025641025641024,0.95,347.89473684210566,250.0,545.0881145572512,837.9999999999994,0.10526315789473684
manual_both_sources_without_historical_train_val,Stack,Full3C,44,42,strict,P,50,20,19,18,10,8,10,0.5263157894736842,0.9,86.1111111111109,34.999999999999254,152.07819626027185,175.0000000000001,0.0
manual_both_sources_without_historical_train_val,Stack,Full3C,44,42,strict,P,100,20,19,18,12,6,8,0.631578947368421,0.9,86.1111111111109,34.999999999999254,152.07819626027185,175.0000000000001,0.0
manual_both_sources_without_historical_train_val,Stack,Full3C,44,42,strict,P,200,20,19,18,16,2,4,0.8421052631578947,0.9,86.1111111111109,34.999999999999254,152.07819626027185,175.0000000000001,0.0
manual_both_sources_without_historical_train_val,Stack,Full3C,44,42,strict,S,50,20,19,19,5,14,15,0.2564102564102564,0.95,347.89473684210566,250.0,545.0881145572512,837.9999999999994,0.10526315789473684
manual_both_sources_without_historical_train_val,Stack,Full3C,44,42,strict,S,100,20,19,19,7,12,13,0.358974358974359,0.95,347.89473684210566,250.0,545.0881145572512,837.9999999999994,0.10526315789473684
manual_both_sources_without_historical_train_val,Stack,Full3C,44,42,strict,S,200,20,19,19,8,11,12,0.41025641025641024,0.95,347.89473684210566,250.0,545.0881145572512,837.9999999999994,0.10526315789473684
manual_both_sources_without_historical_train_val,Stack,Full3C,44,43,accepted,P,50,20,19,19,11,8,9,0.5641025641025641,0.95,103.68421052631557,39.99999999999915,175.2742212408286,245.99999999999997,0.0
manual_both_sources_without_historical_train_val,Stack,Full3C,44,43,accepted,P,100,20,19,19,12,7,8,0.6153846153846154,0.95,103.68421052631557,39.99999999999915,175.2742212408286,245.99999999999997,0.0
manual_both_sources_without_historical_train_val,Stack,Full3C,44,43,accepted,P,200,20,19,19,16,3,4,0.8205128205128205,0.95,103.68421052631557,39.99999999999915,175.2742212408286,245.99999999999997,0.0
manual_both_sources_without_historical_train_val,Stack,Full3C,44,43,accepted,S,50,20,19,19,5,14,15,0.2564102564102564,0.95,603.1578947368423,220.00000000000063,1562.4407357181835,813.9999999999993,0.10526315789473684
manual_both_sources_without_historical_train_val,Stack,Full3C,44,43,accepted,S,100,20,19,19,7,12,13,0.358974358974359,0.95,603.1578947368423,220.00000000000063,1562.4407357181835,813.9999999999993,0.10526315789473684
manual_both_sources_without_historical_train_val,Stack,Full3C,44,43,accepted,S,200,20,19,19,9,10,11,0.46153846153846156,0.95,603.1578947368423,220.00000000000063,1562.4407357181835,813.9999999999993,0.10526315789473684
manual_both_sources_without_historical_train_val,Stack,Full3C,44,43,strict,P,50,20,19,18,11,7,9,0.5789473684210527,0.9,87.77777777777753,39.99999999999915,154.84759532449235,175.0000000000001,0.0
manual_both_sources_without_historical_train_val,Stack,Full3C,44,43,strict,P,100,20,19,18,12,6,8,0.631578947368421,0.9,87.77777777777753,39.99999999999915,154.84759532449235,175.0000000000001,0.0
manual_both_sources_without_historical_train_val,Stack,Full3C,44,43,strict,P,200,20,19,18,16,2,4,0.8421052631578947,0.9,87.77777777777753,39.99999999999915,154.84759532449235,175.0000000000001,0.0
manual_both_sources_without_historical_train_val,Stack,Full3C,44,43,strict,S,50,20,19,18,5,13,15,0.2631578947368421,0.9,561.6666666666669,210.00000000000085,1573.4021877588846,476.9999999999993,0.05555555555555555
manual_both_sources_without_historical_train_val,Stack,Full3C,44,43,strict,S,100,20,19,18,7,11,13,0.3684210526315789,0.9,561.6666666666669,210.00000000000085,1573.4021877588846,476.9999999999993,0.05555555555555555
manual_both_sources_without_historical_train_val,Stack,Full3C,44,43,strict,S,200,20,19,18,9,9,11,0.47368421052631576,0.9,561.6666666666669,210.00000000000085,1573.4021877588846,476.9999999999993,0.05555555555555555
manual_both_sources_without_historical_train_val,Stack,Full3C,44,44,accepted,P,50,20,19,20,10,10,10,0.5,1.0,1759.5,49.999999999999375,7423.474590782944,406.00000000000074,0.05
manual_both_sources_without_historical_train_val,Stack,Full3C,44,44,accepted,P,100,20,19,20,12,8,8,0.6,1.0,1759.5,49.999999999999375,7423.474590782944,406.00000000000074,0.05
manual_both_sources_without_historical_train_val,Stack,Full3C,44,44,accepted,P,200,20,19,20,16,4,4,0.8,1.0,1759.5,49.999999999999375,7423.474590782944,406.00000000000074,0.05
manual_both_sources_without_historical_train_val,Stack,Full3C,44,44,accepted,S,50,20,19,19,6,13,14,0.3076923076923077,0.95,596.3157894736843,189.9999999999995,1557.3949233795583,873.9999999999994,0.10526315789473684
manual_both_sources_without_historical_train_val,Stack,Full3C,44,44,accepted,S,100,20,19,19,7,12,13,0.358974358974359,0.95,596.3157894736843,189.9999999999995,1557.3949233795583,873.9999999999994,0.10526315789473684
manual_both_sources_without_historical_train_val,Stack,Full3C,44,44,accepted,S,200,20,19,19,10,9,10,0.5128205128205128,0.95,596.3157894736843,189.9999999999995,1557.3949233795583,873.9999999999994,0.10526315789473684
manual_both_sources_without_historical_train_val,Stack,Full3C,44,44,strict,P,50,20,19,18,10,8,10,0.5263157894736842,0.9,89.4444444444442,39.99999999999915,154.79376961335066,175.0000000000001,0.0
manual_both_sources_without_historical_train_val,Stack,Full3C,44,44,strict,P,100,20,19,18,12,6,8,0.631578947368421,0.9,89.4444444444442,39.99999999999915,154.79376961335066,175.0000000000001,0.0
manual_both_sources_without_historical_train_val,Stack,Full3C,44,44,strict,P,200,20,19,18,16,2,4,0.8421052631578947,0.9,89.4444444444442,39.99999999999915,154.79376961335066,175.0000000000001,0.0
manual_both_sources_without_historical_train_val,Stack,Full3C,44,44,strict,S,50,20,19,19,6,13,14,0.3076923076923077,0.95,596.3157894736843,189.9999999999995,1557.3949233795583,873.9999999999994,0.10526315789473684
manual_both_sources_without_historical_train_val,Stack,Full3C,44,44,strict,S,100,20,19,19,7,12,13,0.358974358974359,0.95,596.3157894736843,189.9999999999995,1557.3949233795583,873.9999999999994,0.10526315789473684
manual_both_sources_without_historical_train_val,Stack,Full3C,44,44,strict,S,200,20,19,19,10,9,10,0.5128205128205128,0.95,596.3157894736843,189.9999999999995,1557.3949233795583,873.9999999999994,0.10526315789473684
manual_both_sources_without_historical_train_val,Stack,Zonly,42,42,accepted,P,50,20,19,19,9,10,11,0.46153846153846156,0.95,744.2105263157894,59.99999999999961,2878.5723800815613,285.99999999999955,0.05263157894736842
manual_both_sources_without_historical_train_val,Stack,Zonly,42,42,accepted,P,100,20,19,19,12,7,8,0.6153846153846154,0.95,744.2105263157894,59.99999999999961,2878.5723800815613,285.99999999999955,0.05263157894736842
manual_both_sources_without_historical_train_val,Stack,Zonly,42,42,accepted,P,200,20,19,19,16,3,4,0.8205128205128205,0.95,744.2105263157894,59.99999999999961,2878.5723800815613,285.99999999999955,0.05263157894736842
manual_both_sources_without_historical_train_val,Stack,Zonly,42,42,accepted,S,50,20,19,18,4,14,16,0.21052631578947367,0.9,1302.2222222222224,340.0000000000008,2300.024154462538,3887.0000000000014,0.2777777777777778
manual_both_sources_without_historical_train_val,Stack,Zonly,42,42,accepted,S,100,20,19,18,4,14,16,0.21052631578947367,0.9,1302.2222222222224,340.0000000000008,2300.024154462538,3887.0000000000014,0.2777777777777778
manual_both_sources_without_historical_train_val,Stack,Zonly,42,42,accepted,S,200,20,19,18,6,12,14,0.3157894736842105,0.9,1302.2222222222224,340.0000000000008,2300.024154462538,3887.0000000000014,0.2777777777777778
manual_both_sources_without_historical_train_val,Stack,Zonly,42,42,strict,P,50,20,19,19,9,10,11,0.46153846153846156,0.95,744.2105263157894,59.99999999999961,2878.5723800815613,285.99999999999955,0.05263157894736842
manual_both_sources_without_historical_train_val,Stack,Zonly,42,42,strict,P,100,20,19,19,12,7,8,0.6153846153846154,0.95,744.2105263157894,59.99999999999961,2878.5723800815613,285.99999999999955,0.05263157894736842
manual_both_sources_without_historical_train_val,Stack,Zonly,42,42,strict,P,200,20,19,19,16,3,4,0.8205128205128205,0.95,744.2105263157894,59.99999999999961,2878.5723800815613,285.99999999999955,0.05263157894736842
manual_both_sources_without_historical_train_val,Stack,Zonly,42,42,strict,S,50,20,19,15,4,11,16,0.22857142857142856,0.75,1154.6666666666667,290.00000000000273,2258.4862186871983,4112.0,0.2
manual_both_sources_without_historical_train_val,Stack,Zonly,42,42,strict,S,100,20,19,15,4,11,16,0.22857142857142856,0.75,1154.6666666666667,290.00000000000273,2258.4862186871983,4112.0,0.2
manual_both_sources_without_historical_train_val,Stack,Zonly,42,42,strict,S,200,20,19,15,5,10,15,0.2857142857142857,0.75,1154.6666666666667,290.00000000000273,2258.4862186871983,4112.0,0.2
manual_both_sources_without_historical_train_val,Stack,Zonly,42,43,accepted,P,50,20,19,18,10,8,10,0.5263157894736842,0.9,87.77777777777763,44.99999999999949,154.70401847829714,178.00000000000006,0.0
manual_both_sources_without_historical_train_val,Stack,Zonly,42,43,accepted,P,100,20,19,18,12,6,8,0.631578947368421,0.9,87.77777777777763,44.99999999999949,154.70401847829714,178.00000000000006,0.0
manual_both_sources_without_historical_train_val,Stack,Zonly,42,43,accepted,P,200,20,19,18,16,2,4,0.8421052631578947,0.9,87.77777777777763,44.99999999999949,154.70401847829714,178.00000000000006,0.0
manual_both_sources_without_historical_train_val,Stack,Zonly,42,43,accepted,S,50,20,19,15,3,12,17,0.17142857142857143,0.75,1118.0000000000002,310.0000000000005,2185.3497050434135,3705.999999999999,0.2
manual_both_sources_without_historical_train_val,Stack,Zonly,42,43,accepted,S,100,20,19,15,3,12,17,0.17142857142857143,0.75,1118.0000000000002,310.0000000000005,2185.3497050434135,3705.999999999999,0.2
manual_both_sources_without_historical_train_val,Stack,Zonly,42,43,accepted,S,200,20,19,15,4,11,16,0.22857142857142856,0.75,1118.0000000000002,310.0000000000005,2185.3497050434135,3705.999999999999,0.2
manual_both_sources_without_historical_train_val,Stack,Zonly,42,43,strict,P,50,20,19,18,10,8,10,0.5263157894736842,0.9,87.77777777777763,44.99999999999949,154.70401847829714,178.00000000000006,0.0
manual_both_sources_without_historical_train_val,Stack,Zonly,42,43,strict,P,100,20,19,18,12,6,8,0.631578947368421,0.9,87.77777777777763,44.99999999999949,154.70401847829714,178.00000000000006,0.0
manual_both_sources_without_historical_train_val,Stack,Zonly,42,43,strict,P,200,20,19,18,16,2,4,0.8421052631578947,0.9,87.77777777777763,44.99999999999949,154.70401847829714,178.00000000000006,0.0
manual_both_sources_without_historical_train_val,Stack,Zonly,42,43,strict,S,50,20,19,12,3,9,17,0.1875,0.6,265.0000000000001,255.0000000000008,322.90349435499553,443.99999999999926,0.0
manual_both_sources_without_historical_train_val,Stack,Zonly,42,43,strict,S,100,20,19,12,3,9,17,0.1875,0.6,265.0000000000001,255.0000000000008,322.90349435499553,443.99999999999926,0.0
manual_both_sources_without_historical_train_val,Stack,Zonly,42,43,strict,S,200,20,19,12,4,8,16,0.25,0.6,265.0000000000001,255.0000000000008,322.90349435499553,443.99999999999926,0.0
manual_both_sources_without_historical_train_val,Stack,Zonly,42,44,accepted,P,50,20,19,18,9,9,11,0.47368421052631576,0.9,88.88888888888876,49.999999999999375,154.99103916750218,178.00000000000006,0.0
manual_both_sources_without_historical_train_val,Stack,Zonly,42,44,accepted,P,100,20,19,18,12,6,8,0.631578947368421,0.9,88.88888888888876,49.999999999999375,154.99103916750218,178.00000000000006,0.0
manual_both_sources_without_historical_train_val,Stack,Zonly,42,44,accepted,P,200,20,19,18,16,2,4,0.8421052631578947,0.9,88.88888888888876,49.999999999999375,154.99103916750218,178.00000000000006,0.0
manual_both_sources_without_historical_train_val,Stack,Zonly,42,44,accepted,S,50,20,19,15,4,11,16,0.22857142857142856,0.75,1102.666666666667,400.00000000000034,2173.9610545422997,3725.9999999999995,0.2
manual_both_sources_without_historical_train_val,Stack,Zonly,42,44,accepted,S,100,20,19,15,4,11,16,0.22857142857142856,0.75,1102.666666666667,400.00000000000034,2173.9610545422997,3725.9999999999995,0.2
manual_both_sources_without_historical_train_val,Stack,Zonly,42,44,accepted,S,200,20,19,15,5,10,15,0.2857142857142857,0.75,1102.666666666667,400.00000000000034,2173.9610545422997,3725.9999999999995,0.2
manual_both_sources_without_historical_train_val,Stack,Zonly,42,44,strict,P,50,20,19,18,9,9,11,0.47368421052631576,0.9,88.88888888888876,49.999999999999375,154.99103916750218,178.00000000000006,0.0
manual_both_sources_without_historical_train_val,Stack,Zonly,42,44,strict,P,100,20,19,18,12,6,8,0.631578947368421,0.9,88.88888888888876,49.999999999999375,154.99103916750218,178.00000000000006,0.0
manual_both_sources_without_historical_train_val,Stack,Zonly,42,44,strict,P,200,20,19,18,16,2,4,0.8421052631578947,0.9,88.88888888888876,49.999999999999375,154.99103916750218,178.00000000000006,0.0
manual_both_sources_without_historical_train_val,Stack,Zonly,42,44,strict,S,50,20,19,9,2,7,18,0.13793103448275862,0.45,278.8888888888889,290.00000000000273,329.46083901496485,442.0,0.0
manual_both_sources_without_historical_train_val,Stack,Zonly,42,44,strict,S,100,20,19,9,2,7,18,0.13793103448275862,0.45,278.8888888888889,290.00000000000273,329.46083901496485,442.0,0.0
manual_both_sources_without_historical_train_val,Stack,Zonly,42,44,strict,S,200,20,19,9,3,6,17,0.20689655172413793,0.45,278.8888888888889,290.00000000000273,329.46083901496485,442.0,0.0
manual_both_sources_without_historical_train_val,Stack,Zonly,43,42,accepted,P,50,20,19,20,9,11,11,0.45,1.0,2380.5,60.00000000000006,7955.379626391188,1781.0000000000168,0.1
manual_both_sources_without_historical_train_val,Stack,Zonly,43,42,accepted,P,100,20,19,20,12,8,8,0.6,1.0,2380.5,60.00000000000006,7955.379626391188,1781.0000000000168,0.1
manual_both_sources_without_historical_train_val,Stack,Zonly,43,42,accepted,P,200,20,19,20,16,4,4,0.8,1.0,2380.5,60.00000000000006,7955.379626391188,1781.0000000000168,0.1
manual_both_sources_without_historical_train_val,Stack,Zonly,43,42,accepted,S,50,20,19,17,1,16,19,0.05405405405405406,0.85,1190.0,370.000000000001,2189.1564316770377,3854.000000000001,0.23529411764705882
manual_both_sources_without_historical_train_val,Stack,Zonly,43,42,accepted,S,100,20,19,17,2,15,18,0.10810810810810811,0.85,1190.0,370.000000000001,2189.1564316770377,3854.000000000001,0.23529411764705882
manual_both_sources_without_historical_train_val,Stack,Zonly,43,42,accepted,S,200,20,19,17,6,11,14,0.32432432432432434,0.85,1190.0,370.000000000001,2189.1564316770377,3854.000000000001,0.23529411764705882
manual_both_sources_without_historical_train_val,Stack,Zonly,43,42,strict,P,50,20,19,19,9,10,11,0.46153846153846156,0.95,1833.6842105263158,59.99999999999961,7618.1514541880415,287.9999999999995,0.05263157894736842
manual_both_sources_without_historical_train_val,Stack,Zonly,43,42,strict,P,100,20,19,19,12,7,8,0.6153846153846154,0.95,1833.6842105263158,59.99999999999961,7618.1514541880415,287.9999999999995,0.05263157894736842
manual_both_sources_without_historical_train_val,Stack,Zonly,43,42,strict,P,200,20,19,19,16,3,4,0.8205128205128205,0.95,1833.6842105263158,59.99999999999961,7618.1514541880415,287.9999999999995,0.05263157894736842
manual_both_sources_without_historical_train_val,Stack,Zonly,43,42,strict,S,50,20,19,14,1,13,19,0.058823529411764705,0.7,934.2857142857146,305.0000000000015,1975.941005481403,2530.0000000000036,0.14285714285714285
manual_both_sources_without_historical_train_val,Stack,Zonly,43,42,strict,S,100,20,19,14,2,12,18,0.11764705882352941,0.7,934.2857142857146,305.0000000000015,1975.941005481403,2530.0000000000036,0.14285714285714285
manual_both_sources_without_historical_train_val,Stack,Zonly,43,42,strict,S,200,20,19,14,5,9,15,0.29411764705882354,0.7,934.2857142857146,305.0000000000015,1975.941005481403,2530.0000000000036,0.14285714285714285
manual_both_sources_without_historical_train_val,Stack,Zonly,43,43,accepted,P,50,20,19,19,9,10,11,0.46153846153846156,0.95,92.63157894736827,59.99999999999961,157.7806605452812,172.00000000000003,0.0
manual_both_sources_without_historical_train_val,Stack,Zonly,43,43,accepted,P,100,20,19,19,12,7,8,0.6153846153846154,0.95,92.63157894736827,59.99999999999961,157.7806605452812,172.00000000000003,0.0
manual_both_sources_without_historical_train_val,Stack,Zonly,43,43,accepted,P,200,20,19,19,17,2,3,0.8717948717948718,0.95,92.63157894736827,59.99999999999961,157.7806605452812,172.00000000000003,0.0
manual_both_sources_without_historical_train_val,Stack,Zonly,43,43,accepted,S,50,20,19,17,2,15,18,0.10810810810810811,0.85,1192.3529411764705,379.999999999999,2191.844509298316,3874.0000000000005,0.23529411764705882
manual_both_sources_without_historical_train_val,Stack,Zonly,43,43,accepted,S,100,20,19,17,3,14,17,0.16216216216216217,0.85,1192.3529411764705,379.999999999999,2191.844509298316,3874.0000000000005,0.23529411764705882
manual_both_sources_without_historical_train_val,Stack,Zonly,43,43,accepted,S,200,20,19,17,5,12,15,0.2702702702702703,0.85,1192.3529411764705,379.999999999999,2191.844509298316,3874.0000000000005,0.23529411764705882
manual_both_sources_without_historical_train_val,Stack,Zonly,43,43,strict,P,50,20,19,18,9,9,11,0.47368421052631576,0.9,91.66666666666653,49.999999999999375,160.01736016931272,178.00000000000006,0.0
manual_both_sources_without_historical_train_val,Stack,Zonly,43,43,strict,P,100,20,19,18,12,6,8,0.631578947368421,0.9,91.66666666666653,49.999999999999375,160.01736016931272,178.00000000000006,0.0
manual_both_sources_without_historical_train_val,Stack,Zonly,43,43,strict,P,200,20,19,18,16,2,4,0.8421052631578947,0.9,91.66666666666653,49.999999999999375,160.01736016931272,178.00000000000006,0.0
manual_both_sources_without_historical_train_val,Stack,Zonly,43,43,strict,S,50,20,19,14,2,12,18,0.11764705882352941,0.7,930.7142857142854,330.00000000000006,1984.2324892583963,2552.000000000003,0.14285714285714285
manual_both_sources_without_historical_train_val,Stack,Zonly,43,43,strict,S,100,20,19,14,3,11,17,0.17647058823529413,0.7,930.7142857142854,330.00000000000006,1984.2324892583963,2552.000000000003,0.14285714285714285
manual_both_sources_without_historical_train_val,Stack,Zonly,43,43,strict,S,200,20,19,14,5,9,15,0.29411764705882354,0.7,930.7142857142854,330.00000000000006,1984.2324892583963,2552.000000000003,0.14285714285714285
manual_both_sources_without_historical_train_val,Stack,Zonly,43,44,accepted,P,50,20,19,18,11,7,9,0.5789473684210527,0.9,88.33333333333324,40.000000000000036,155.61705133649926,168.00000000000028,0.0
manual_both_sources_without_historical_train_val,Stack,Zonly,43,44,accepted,P,100,20,19,18,12,6,8,0.631578947368421,0.9,88.33333333333324,40.000000000000036,155.61705133649926,168.00000000000028,0.0
manual_both_sources_without_historical_train_val,Stack,Zonly,43,44,accepted,P,200,20,19,18,16,2,4,0.8421052631578947,0.9,88.33333333333324,40.000000000000036,155.61705133649926,168.00000000000028,0.0
manual_both_sources_without_historical_train_val,Stack,Zonly,43,44,accepted,S,50,20,19,15,1,14,19,0.05714285714285714,0.75,1100.0000000000002,349.99999999999966,2150.3116053260746,3674.0,0.2
manual_both_sources_without_historical_train_val,Stack,Zonly,43,44,accepted,S,100,20,19,15,2,13,18,0.11428571428571428,0.75,1100.0000000000002,349.99999999999966,2150.3116053260746,3674.0,0.2
manual_both_sources_without_historical_train_val,Stack,Zonly,43,44,accepted,S,200,20,19,15,5,10,15,0.2857142857142857,0.75,1100.0000000000002,349.99999999999966,2150.3116053260746,3674.0,0.2
manual_both_sources_without_historical_train_val,Stack,Zonly,43,44,strict,P,50,20,19,18,11,7,9,0.5789473684210527,0.9,88.33333333333324,40.000000000000036,155.61705133649926,168.00000000000028,0.0
manual_both_sources_without_historical_train_val,Stack,Zonly,43,44,strict,P,100,20,19,18,12,6,8,0.631578947368421,0.9,88.33333333333324,40.000000000000036,155.61705133649926,168.00000000000028,0.0
manual_both_sources_without_historical_train_val,Stack,Zonly,43,44,strict,P,200,20,19,18,16,2,4,0.8421052631578947,0.9,88.33333333333324,40.000000000000036,155.61705133649926,168.00000000000028,0.0
manual_both_sources_without_historical_train_val,Stack,Zonly,43,44,strict,S,50,20,19,11,0,11,20,0.0,0.55,827.2727272727275,240.000000000002,1974.2202142986616,559.9999999999997,0.09090909090909091
manual_both_sources_without_historical_train_val,Stack,Zonly,43,44,strict,S,100,20,19,11,1,10,19,0.06451612903225806,0.55,827.2727272727275,240.000000000002,1974.2202142986616,559.9999999999997,0.09090909090909091
manual_both_sources_without_historical_train_val,Stack,Zonly,43,44,strict,S,200,20,19,11,4,7,16,0.25806451612903225,0.55,827.2727272727275,240.000000000002,1974.2202142986616,559.9999999999997,0.09090909090909091
manual_both_sources_without_historical_train_val,Stack,Zonly,44,42,accepted,P,50,20,19,18,12,6,8,0.631578947368421,0.9,86.1111111111109,34.999999999999254,153.31521632100166,175.0000000000001,0.0
manual_both_sources_without_historical_train_val,Stack,Zonly,44,42,accepted,P,100,20,19,18,12,6,8,0.631578947368421,0.9,86.1111111111109,34.999999999999254,153.31521632100166,175.0000000000001,0.0
manual_both_sources_without_historical_train_val,Stack,Zonly,44,42,accepted,P,200,20,19,18,16,2,4,0.8421052631578947,0.9,86.1111111111109,34.999999999999254,153.31521632100166,175.0000000000001,0.0
manual_both_sources_without_historical_train_val,Stack,Zonly,44,42,accepted,S,50,20,19,16,2,14,18,0.1111111111111111,0.8,1061.2499999999998,334.9999999999991,2088.393521346013,3480.0,0.1875
manual_both_sources_without_historical_train_val,Stack,Zonly,44,42,accepted,S,100,20,19,16,2,14,18,0.1111111111111111,0.8,1061.2499999999998,334.9999999999991,2088.393521346013,3480.0,0.1875
manual_both_sources_without_historical_train_val,Stack,Zonly,44,42,accepted,S,200,20,19,16,5,11,15,0.2777777777777778,0.8,1061.2499999999998,334.9999999999991,2088.393521346013,3480.0,0.1875
manual_both_sources_without_historical_train_val,Stack,Zonly,44,42,strict,P,50,20,19,18,12,6,8,0.631578947368421,0.9,86.1111111111109,34.999999999999254,153.31521632100166,175.0000000000001,0.0
manual_both_sources_without_historical_train_val,Stack,Zonly,44,42,strict,P,100,20,19,18,12,6,8,0.631578947368421,0.9,86.1111111111109,34.999999999999254,153.31521632100166,175.0000000000001,0.0
manual_both_sources_without_historical_train_val,Stack,Zonly,44,42,strict,P,200,20,19,18,16,2,4,0.8421052631578947,0.9,86.1111111111109,34.999999999999254,153.31521632100166,175.0000000000001,0.0
manual_both_sources_without_historical_train_val,Stack,Zonly,44,42,strict,S,50,20,19,13,2,11,18,0.12121212121212122,0.65,1071.5384615384612,289.99999999999915,2212.654166727928,3722.0000000000023,0.15384615384615385
manual_both_sources_without_historical_train_val,Stack,Zonly,44,42,strict,S,100,20,19,13,2,11,18,0.12121212121212122,0.65,1071.5384615384612,289.99999999999915,2212.654166727928,3722.0000000000023,0.15384615384615385
manual_both_sources_without_historical_train_val,Stack,Zonly,44,42,strict,S,200,20,19,13,4,9,16,0.24242424242424243,0.65,1071.5384615384612,289.99999999999915,2212.654166727928,3722.0000000000023,0.15384615384615385
manual_both_sources_without_historical_train_val,Stack,Zonly,44,43,accepted,P,50,20,19,20,11,9,9,0.55,1.0,2367.0,50.00000000000071,7941.210864849264,1758.0000000000168,0.1
manual_both_sources_without_historical_train_val,Stack,Zonly,44,43,accepted,P,100,20,19,20,12,8,8,0.6,1.0,2367.0,50.00000000000071,7941.210864849264,1758.0000000000168,0.1
manual_both_sources_without_historical_train_val,Stack,Zonly,44,43,accepted,P,200,20,19,20,16,4,4,0.8,1.0,2367.0,50.00000000000071,7941.210864849264,1758.0000000000168,0.1
manual_both_sources_without_historical_train_val,Stack,Zonly,44,43,accepted,S,50,20,19,16,2,14,18,0.1111111111111111,0.8,1108.1250000000002,339.9999999999999,2184.409245082066,4000.0,0.1875
manual_both_sources_without_historical_train_val,Stack,Zonly,44,43,accepted,S,100,20,19,16,3,13,17,0.16666666666666666,0.8,1108.1250000000002,339.9999999999999,2184.409245082066,4000.0,0.1875
manual_both_sources_without_historical_train_val,Stack,Zonly,44,43,accepted,S,200,20,19,16,5,11,15,0.2777777777777778,0.8,1108.1250000000002,339.9999999999999,2184.409245082066,4000.0,0.1875
manual_both_sources_without_historical_train_val,Stack,Zonly,44,43,strict,P,50,20,19,18,11,7,9,0.5789473684210527,0.9,87.77777777777763,44.99999999999993,155.74195181631546,175.0000000000001,0.0
manual_both_sources_without_historical_train_val,Stack,Zonly,44,43,strict,P,100,20,19,18,12,6,8,0.631578947368421,0.9,87.77777777777763,44.99999999999993,155.74195181631546,175.0000000000001,0.0
manual_both_sources_without_historical_train_val,Stack,Zonly,44,43,strict,P,200,20,19,18,16,2,4,0.8421052631578947,0.9,87.77777777777763,44.99999999999993,155.74195181631546,175.0000000000001,0.0
manual_both_sources_without_historical_train_val,Stack,Zonly,44,43,strict,S,50,20,19,14,2,12,18,0.11764705882352941,0.7,1213.571428571429,285.00000000000017,2331.012961905495,4244.000000000001,0.21428571428571427
manual_both_sources_without_historical_train_val,Stack,Zonly,44,43,strict,S,100,20,19,14,3,11,17,0.17647058823529413,0.7,1213.571428571429,285.00000000000017,2331.012961905495,4244.000000000001,0.21428571428571427
manual_both_sources_without_historical_train_val,Stack,Zonly,44,43,strict,S,200,20,19,14,5,9,15,0.29411764705882354,0.7,1213.571428571429,285.00000000000017,2331.012961905495,4244.000000000001,0.21428571428571427
manual_both_sources_without_historical_train_val,Stack,Zonly,44,44,accepted,P,50,20,19,18,11,7,9,0.5789473684210527,0.9,88.88888888888876,44.99999999999949,155.34906930308048,168.00000000000028,0.0
manual_both_sources_without_historical_train_val,Stack,Zonly,44,44,accepted,P,100,20,19,18,12,6,8,0.631578947368421,0.9,88.88888888888876,44.99999999999949,155.34906930308048,168.00000000000028,0.0
manual_both_sources_without_historical_train_val,Stack,Zonly,44,44,accepted,P,200,20,19,18,16,2,4,0.8421052631578947,0.9,88.88888888888876,44.99999999999949,155.34906930308048,168.00000000000028,0.0
manual_both_sources_without_historical_train_val,Stack,Zonly,44,44,accepted,S,50,20,19,16,3,13,17,0.16666666666666666,0.8,1228.75,335.0000000000004,2377.3593544098458,4820.0,0.1875
manual_both_sources_without_historical_train_val,Stack,Zonly,44,44,accepted,S,100,20,19,16,3,13,17,0.16666666666666666,0.8,1228.75,335.0000000000004,2377.3593544098458,4820.0,0.1875
manual_both_sources_without_historical_train_val,Stack,Zonly,44,44,accepted,S,200,20,19,16,4,12,16,0.2222222222222222,0.8,1228.75,335.0000000000004,2377.3593544098458,4820.0,0.1875
manual_both_sources_without_historical_train_val,Stack,Zonly,44,44,strict,P,50,20,19,18,11,7,9,0.5789473684210527,0.9,88.88888888888876,44.99999999999949,155.34906930308048,168.00000000000028,0.0
manual_both_sources_without_historical_train_val,Stack,Zonly,44,44,strict,P,100,20,19,18,12,6,8,0.631578947368421,0.9,88.88888888888876,44.99999999999949,155.34906930308048,168.00000000000028,0.0
manual_both_sources_without_historical_train_val,Stack,Zonly,44,44,strict,P,200,20,19,18,16,2,4,0.8421052631578947,0.9,88.88888888888876,44.99999999999949,155.34906930308048,168.00000000000028,0.0
manual_both_sources_without_historical_train_val,Stack,Zonly,44,44,strict,S,50,20,19,13,3,10,17,0.18181818181818182,0.65,1073.8461538461538,290.00000000000273,2234.409231851814,3796.0000000000023,0.15384615384615385
manual_both_sources_without_historical_train_val,Stack,Zonly,44,44,strict,S,100,20,19,13,3,10,17,0.18181818181818182,0.65,1073.8461538461538,290.00000000000273,2234.409231851814,3796.0000000000023,0.15384615384615385
manual_both_sources_without_historical_train_val,Stack,Zonly,44,44,strict,S,200,20,19,13,4,9,16,0.24242424242424243,0.65,1073.8461538461538,290.00000000000273,2234.409231851814,3796.0000000000023,0.15384615384615385
manual_both_sources_without_historical_train_val,PhaseNetMatched,Full3C,42,,accepted,P,50,20,19,20,20,0,0,1.0,1.0,10.499999999999776,9.999999999999787,12.845232578664858,19.999999999999574,0.0
manual_both_sources_without_historical_train_val,PhaseNetMatched,Full3C,42,,accepted,P,100,20,19,20,20,0,0,1.0,1.0,10.499999999999776,9.999999999999787,12.845232578664858,19.999999999999574,0.0
manual_both_sources_without_historical_train_val,PhaseNetMatched,Full3C,42,,accepted,P,200,20,19,20,20,0,0,1.0,1.0,10.499999999999776,9.999999999999787,12.845232578664858,19.999999999999574,0.0
manual_both_sources_without_historical_train_val,PhaseNetMatched,Full3C,42,,accepted,S,50,20,19,20,4,16,16,0.2,1.0,256.49999999999955,179.99999999999972,346.7924451310896,589.9999999999998,0.0
manual_both_sources_without_historical_train_val,PhaseNetMatched,Full3C,42,,accepted,S,100,20,19,20,7,13,13,0.35,1.0,256.49999999999955,179.99999999999972,346.7924451310896,589.9999999999998,0.0
manual_both_sources_without_historical_train_val,PhaseNetMatched,Full3C,42,,accepted,S,200,20,19,20,11,9,9,0.55,1.0,256.49999999999955,179.99999999999972,346.7924451310896,589.9999999999998,0.0
manual_both_sources_without_historical_train_val,PhaseNetMatched,Full3C,42,,strict,P,50,20,19,20,20,0,0,1.0,1.0,10.499999999999776,9.999999999999787,12.845232578664858,19.999999999999574,0.0
manual_both_sources_without_historical_train_val,PhaseNetMatched,Full3C,42,,strict,P,100,20,19,20,20,0,0,1.0,1.0,10.499999999999776,9.999999999999787,12.845232578664858,19.999999999999574,0.0
manual_both_sources_without_historical_train_val,PhaseNetMatched,Full3C,42,,strict,P,200,20,19,20,20,0,0,1.0,1.0,10.499999999999776,9.999999999999787,12.845232578664858,19.999999999999574,0.0
manual_both_sources_without_historical_train_val,PhaseNetMatched,Full3C,42,,strict,S,50,20,19,20,4,16,16,0.2,1.0,256.49999999999955,179.99999999999972,346.7924451310896,589.9999999999998,0.0
manual_both_sources_without_historical_train_val,PhaseNetMatched,Full3C,42,,strict,S,100,20,19,20,7,13,13,0.35,1.0,256.49999999999955,179.99999999999972,346.7924451310896,589.9999999999998,0.0
manual_both_sources_without_historical_train_val,PhaseNetMatched,Full3C,42,,strict,S,200,20,19,20,11,9,9,0.55,1.0,256.49999999999955,179.99999999999972,346.7924451310896,589.9999999999998,0.0
manual_both_sources_without_historical_train_val,PhaseNetMatched,Full3C,43,,accepted,P,50,20,19,20,19,1,1,0.95,1.0,50.99999999999998,0.0,223.6515146382872,1.9999999999999858,0.0
manual_both_sources_without_historical_train_val,PhaseNetMatched,Full3C,43,,accepted,P,100,20,19,20,19,1,1,0.95,1.0,50.99999999999998,0.0,223.6515146382872,1.9999999999999858,0.0
manual_both_sources_without_historical_train_val,PhaseNetMatched,Full3C,43,,accepted,P,200,20,19,20,19,1,1,0.95,1.0,50.99999999999998,0.0,223.6515146382872,1.9999999999999858,0.0
manual_both_sources_without_historical_train_val,PhaseNetMatched,Full3C,43,,accepted,S,50,20,19,20,4,16,16,0.2,1.0,239.0,169.99999999999994,332.9264182968962,485.9999999999999,0.0
manual_both_sources_without_historical_train_val,PhaseNetMatched,Full3C,43,,accepted,S,100,20,19,20,7,13,13,0.35,1.0,239.0,169.99999999999994,332.9264182968962,485.9999999999999,0.0
manual_both_sources_without_historical_train_val,PhaseNetMatched,Full3C,43,,accepted,S,200,20,19,20,11,9,9,0.55,1.0,239.0,169.99999999999994,332.9264182968962,485.9999999999999,0.0
manual_both_sources_without_historical_train_val,PhaseNetMatched,Full3C,43,,strict,P,50,20,19,20,19,1,1,0.95,1.0,50.99999999999998,0.0,223.6515146382872,1.9999999999999858,0.0
manual_both_sources_without_historical_train_val,PhaseNetMatched,Full3C,43,,strict,P,100,20,19,20,19,1,1,0.95,1.0,50.99999999999998,0.0,223.6515146382872,1.9999999999999858,0.0
manual_both_sources_without_historical_train_val,PhaseNetMatched,Full3C,43,,strict,P,200,20,19,20,19,1,1,0.95,1.0,50.99999999999998,0.0,223.6515146382872,1.9999999999999858,0.0
manual_both_sources_without_historical_train_val,PhaseNetMatched,Full3C,43,,strict,S,50,20,19,20,4,16,16,0.2,1.0,239.0,169.99999999999994,332.9264182968962,485.9999999999999,0.0
manual_both_sources_without_historical_train_val,PhaseNetMatched,Full3C,43,,strict,S,100,20,19,20,7,13,13,0.35,1.0,239.0,169.99999999999994,332.9264182968962,485.9999999999999,0.0
manual_both_sources_without_historical_train_val,PhaseNetMatched,Full3C,43,,strict,S,200,20,19,20,11,9,9,0.55,1.0,239.0,169.99999999999994,332.9264182968962,485.9999999999999,0.0
manual_both_sources_without_historical_train_val,PhaseNetMatched,Full3C,44,,accepted,P,50,20,19,20,20,0,0,1.0,1.0,14.499999999999758,9.999999999999787,17.748239349298583,29.999999999999407,0.0
manual_both_sources_without_historical_train_val,PhaseNetMatched,Full3C,44,,accepted,P,100,20,19,20,20,0,0,1.0,1.0,14.499999999999758,9.999999999999787,17.748239349298583,29.999999999999407,0.0
manual_both_sources_without_historical_train_val,PhaseNetMatched,Full3C,44,,accepted,P,200,20,19,20,20,0,0,1.0,1.0,14.499999999999758,9.999999999999787,17.748239349298583,29.999999999999407,0.0
manual_both_sources_without_historical_train_val,PhaseNetMatched,Full3C,44,,accepted,S,50,20,19,20,4,16,16,0.2,1.0,238.5,204.99999999999918,318.44151739369653,493.0000000000005,0.0
manual_both_sources_without_historical_train_val,PhaseNetMatched,Full3C,44,,accepted,S,100,20,19,20,6,14,14,0.3,1.0,238.5,204.99999999999918,318.44151739369653,493.0000000000005,0.0
manual_both_sources_without_historical_train_val,PhaseNetMatched,Full3C,44,,accepted,S,200,20,19,20,10,10,10,0.5,1.0,238.5,204.99999999999918,318.44151739369653,493.0000000000005,0.0
manual_both_sources_without_historical_train_val,PhaseNetMatched,Full3C,44,,strict,P,50,20,19,20,20,0,0,1.0,1.0,14.499999999999758,9.999999999999787,17.748239349298583,29.999999999999407,0.0
manual_both_sources_without_historical_train_val,PhaseNetMatched,Full3C,44,,strict,P,100,20,19,20,20,0,0,1.0,1.0,14.499999999999758,9.999999999999787,17.748239349298583,29.999999999999407,0.0
manual_both_sources_without_historical_train_val,PhaseNetMatched,Full3C,44,,strict,P,200,20,19,20,20,0,0,1.0,1.0,14.499999999999758,9.999999999999787,17.748239349298583,29.999999999999407,0.0
manual_both_sources_without_historical_train_val,PhaseNetMatched,Full3C,44,,strict,S,50,20,19,20,4,16,16,0.2,1.0,238.5,204.99999999999918,318.44151739369653,493.0000000000005,0.0
manual_both_sources_without_historical_train_val,PhaseNetMatched,Full3C,44,,strict,S,100,20,19,20,6,14,14,0.3,1.0,238.5,204.99999999999918,318.44151739369653,493.0000000000005,0.0
manual_both_sources_without_historical_train_val,PhaseNetMatched,Full3C,44,,strict,S,200,20,19,20,10,10,10,0.5,1.0,238.5,204.99999999999918,318.44151739369653,493.0000000000005,0.0
manual_both_sources_without_historical_train_val,PhaseNetMatched,Zonly,42,,accepted,P,50,20,19,20,19,1,1,0.95,1.0,109.49999999999984,0.0,456.36060303229505,21.99999999999956,0.05
manual_both_sources_without_historical_train_val,PhaseNetMatched,Zonly,42,,accepted,P,100,20,19,20,19,1,1,0.95,1.0,109.49999999999984,0.0,456.36060303229505,21.99999999999956,0.05
manual_both_sources_without_historical_train_val,PhaseNetMatched,Zonly,42,,accepted,P,200,20,19,20,19,1,1,0.95,1.0,109.49999999999984,0.0,456.36060303229505,21.99999999999956,0.05
manual_both_sources_without_historical_train_val,PhaseNetMatched,Zonly,42,,accepted,S,50,20,19,20,2,18,18,0.1,1.0,437.9999999999999,219.99999999999977,688.1860213634102,1040.0000000000007,0.1
manual_both_sources_without_historical_train_val,PhaseNetMatched,Zonly,42,,accepted,S,100,20,19,20,5,15,15,0.25,1.0,437.9999999999999,219.99999999999977,688.1860213634102,1040.0000000000007,0.1
manual_both_sources_without_historical_train_val,PhaseNetMatched,Zonly,42,,accepted,S,200,20,19,20,9,11,11,0.45,1.0,437.9999999999999,219.99999999999977,688.1860213634102,1040.0000000000007,0.1
manual_both_sources_without_historical_train_val,PhaseNetMatched,Zonly,42,,strict,P,50,20,19,20,19,1,1,0.95,1.0,109.49999999999984,0.0,456.36060303229505,21.99999999999956,0.05
manual_both_sources_without_historical_train_val,PhaseNetMatched,Zonly,42,,strict,P,100,20,19,20,19,1,1,0.95,1.0,109.49999999999984,0.0,456.36060303229505,21.99999999999956,0.05
manual_both_sources_without_historical_train_val,PhaseNetMatched,Zonly,42,,strict,P,200,20,19,20,19,1,1,0.95,1.0,109.49999999999984,0.0,456.36060303229505,21.99999999999956,0.05
manual_both_sources_without_historical_train_val,PhaseNetMatched,Zonly,42,,strict,S,50,20,19,20,2,18,18,0.1,1.0,437.9999999999999,219.99999999999977,688.1860213634102,1040.0000000000007,0.1
manual_both_sources_without_historical_train_val,PhaseNetMatched,Zonly,42,,strict,S,100,20,19,20,5,15,15,0.25,1.0,437.9999999999999,219.99999999999977,688.1860213634102,1040.0000000000007,0.1
manual_both_sources_without_historical_train_val,PhaseNetMatched,Zonly,42,,strict,S,200,20,19,20,9,11,11,0.45,1.0,437.9999999999999,219.99999999999977,688.1860213634102,1040.0000000000007,0.1
manual_both_sources_without_historical_train_val,PhaseNetMatched,Zonly,43,,accepted,P,50,20,19,19,19,0,1,0.9743589743589743,0.95,15.263157894736537,19.999999999999574,16.383560438182187,19.999999999999574,0.0
manual_both_sources_without_historical_train_val,PhaseNetMatched,Zonly,43,,accepted,P,100,20,19,19,19,0,1,0.9743589743589743,0.95,15.263157894736537,19.999999999999574,16.383560438182187,19.999999999999574,0.0
manual_both_sources_without_historical_train_val,PhaseNetMatched,Zonly,43,,accepted,P,200,20,19,19,19,0,1,0.9743589743589743,0.95,15.263157894736537,19.999999999999574,16.383560438182187,19.999999999999574,0.0
manual_both_sources_without_historical_train_val,PhaseNetMatched,Zonly,43,,accepted,S,50,20,19,19,2,17,18,0.10256410256410256,0.95,431.05263157894734,259.9999999999998,649.9190232960603,849.9999999999997,0.10526315789473684
manual_both_sources_without_historical_train_val,PhaseNetMatched,Zonly,43,,accepted,S,100,20,19,19,2,17,18,0.10256410256410256,0.95,431.05263157894734,259.9999999999998,649.9190232960603,849.9999999999997,0.10526315789473684
manual_both_sources_without_historical_train_val,PhaseNetMatched,Zonly,43,,accepted,S,200,20,19,19,7,12,13,0.358974358974359,0.95,431.05263157894734,259.9999999999998,649.9190232960603,849.9999999999997,0.10526315789473684
manual_both_sources_without_historical_train_val,PhaseNetMatched,Zonly,43,,strict,P,50,20,19,19,19,0,1,0.9743589743589743,0.95,15.263157894736537,19.999999999999574,16.383560438182187,19.999999999999574,0.0
manual_both_sources_without_historical_train_val,PhaseNetMatched,Zonly,43,,strict,P,100,20,19,19,19,0,1,0.9743589743589743,0.95,15.263157894736537,19.999999999999574,16.383560438182187,19.999999999999574,0.0
manual_both_sources_without_historical_train_val,PhaseNetMatched,Zonly,43,,strict,P,200,20,19,19,19,0,1,0.9743589743589743,0.95,15.263157894736537,19.999999999999574,16.383560438182187,19.999999999999574,0.0
manual_both_sources_without_historical_train_val,PhaseNetMatched,Zonly,43,,strict,S,50,20,19,19,2,17,18,0.10256410256410256,0.95,431.05263157894734,259.9999999999998,649.9190232960603,849.9999999999997,0.10526315789473684
manual_both_sources_without_historical_train_val,PhaseNetMatched,Zonly,43,,strict,S,100,20,19,19,2,17,18,0.10256410256410256,0.95,431.05263157894734,259.9999999999998,649.9190232960603,849.9999999999997,0.10526315789473684
manual_both_sources_without_historical_train_val,PhaseNetMatched,Zonly,43,,strict,S,200,20,19,19,7,12,13,0.358974358974359,0.95,431.05263157894734,259.9999999999998,649.9190232960603,849.9999999999997,0.10526315789473684
manual_both_sources_without_historical_train_val,PhaseNetMatched,Zonly,44,,accepted,P,50,20,19,20,19,1,1,0.95,1.0,58.499999999999886,9.999999999999787,226.152603345617,29.99999999999985,0.05
manual_both_sources_without_historical_train_val,PhaseNetMatched,Zonly,44,,accepted,P,100,20,19,20,19,1,1,0.95,1.0,58.499999999999886,9.999999999999787,226.152603345617,29.99999999999985,0.05
manual_both_sources_without_historical_train_val,PhaseNetMatched,Zonly,44,,accepted,P,200,20,19,20,19,1,1,0.95,1.0,58.499999999999886,9.999999999999787,226.152603345617,29.99999999999985,0.05
manual_both_sources_without_historical_train_val,PhaseNetMatched,Zonly,44,,accepted,S,50,20,19,20,3,17,17,0.15,1.0,314.0,195.00000000000028,445.4435991233907,671.9999999999999,0.05
manual_both_sources_without_historical_train_val,PhaseNetMatched,Zonly,44,,accepted,S,100,20,19,20,7,13,13,0.35,1.0,314.0,195.00000000000028,445.4435991233907,671.9999999999999,0.05
manual_both_sources_without_historical_train_val,PhaseNetMatched,Zonly,44,,accepted,S,200,20,19,20,10,10,10,0.5,1.0,314.0,195.00000000000028,445.4435991233907,671.9999999999999,0.05
manual_both_sources_without_historical_train_val,PhaseNetMatched,Zonly,44,,strict,P,50,20,19,19,19,0,1,0.9743589743589743,0.95,8.421052631578837,9.999999999999787,12.139539573337595,13.999999999999776,0.0
manual_both_sources_without_historical_train_val,PhaseNetMatched,Zonly,44,,strict,P,100,20,19,19,19,0,1,0.9743589743589743,0.95,8.421052631578837,9.999999999999787,12.139539573337595,13.999999999999776,0.0
manual_both_sources_without_historical_train_val,PhaseNetMatched,Zonly,44,,strict,P,200,20,19,19,19,0,1,0.9743589743589743,0.95,8.421052631578837,9.999999999999787,12.139539573337595,13.999999999999776,0.0
manual_both_sources_without_historical_train_val,PhaseNetMatched,Zonly,44,,strict,S,50,20,19,20,3,17,17,0.15,1.0,314.0,195.00000000000028,445.4435991233907,671.9999999999999,0.05
manual_both_sources_without_historical_train_val,PhaseNetMatched,Zonly,44,,strict,S,100,20,19,20,7,13,13,0.35,1.0,314.0,195.00000000000028,445.4435991233907,671.9999999999999,0.05
manual_both_sources_without_historical_train_val,PhaseNetMatched,Zonly,44,,strict,S,200,20,19,20,10,10,10,0.5,1.0,314.0,195.00000000000028,445.4435991233907,671.9999999999999,0.05
