evaluation,policy,Phase,Tolerance_ms,N,N_accepted,N_strict_detected,TP,FP,FN,Precision,Recall,F1,AcceptedCoverage,MAE_ms,MedAE_ms,RMSE_ms,OutlierRate1s
strengthening/base_43/Full3C/Full3C/baselines/AIC,accepted,P,50,330,330,330,94,236,236,0.28484848484848485,0.28484848484848485,0.28484848484848485,1.0,953.3939393939394,344.9999999999998,1899.0375552799467,0.21818181818181817
strengthening/base_43/Full3C/Full3C/baselines/AIC,accepted,P,100,330,330,330,122,208,208,0.3696969696969697,0.3696969696969697,0.3696969696969697,1.0,953.3939393939394,344.9999999999998,1899.0375552799467,0.21818181818181817
strengthening/base_43/Full3C/Full3C/baselines/AIC,accepted,P,200,330,330,330,144,186,186,0.43636363636363634,0.43636363636363634,0.43636363636363634,1.0,953.3939393939394,344.9999999999998,1899.0375552799467,0.21818181818181817
strengthening/base_43/Full3C/Full3C/baselines/AIC,accepted,S,50,330,303,300,0,303,330,0.0,0.0,0.0,0.9181818181818182,5247.293729372937,4830.000000000001,5981.111771217955,0.9834983498349835
strengthening/base_43/Full3C/Full3C/baselines/AIC,accepted,S,100,330,303,300,0,303,330,0.0,0.0,0.0,0.9181818181818182,5247.293729372937,4830.000000000001,5981.111771217955,0.9834983498349835
strengthening/base_43/Full3C/Full3C/baselines/AIC,accepted,S,200,330,303,300,0,303,330,0.0,0.0,0.0,0.9181818181818182,5247.293729372937,4830.000000000001,5981.111771217955,0.9834983498349835
strengthening/base_43/Full3C/Full3C/baselines/AIC,strict,P,50,330,330,330,94,236,236,0.28484848484848485,0.28484848484848485,0.28484848484848485,1.0,953.3939393939394,344.9999999999998,1899.0375552799467,0.21818181818181817
strengthening/base_43/Full3C/Full3C/baselines/AIC,strict,P,100,330,330,330,122,208,208,0.3696969696969697,0.3696969696969697,0.3696969696969697,1.0,953.3939393939394,344.9999999999998,1899.0375552799467,0.21818181818181817
strengthening/base_43/Full3C/Full3C/baselines/AIC,strict,P,200,330,330,330,144,186,186,0.43636363636363634,0.43636363636363634,0.43636363636363634,1.0,953.3939393939394,344.9999999999998,1899.0375552799467,0.21818181818181817
strengthening/base_43/Full3C/Full3C/baselines/AIC,strict,S,50,330,300,300,0,300,330,0.0,0.0,0.0,0.9090909090909091,5250.133333333333,4850.000000000001,5989.533537764022,0.9833333333333333
strengthening/base_43/Full3C/Full3C/baselines/AIC,strict,S,100,330,300,300,0,300,330,0.0,0.0,0.0,0.9090909090909091,5250.133333333333,4850.000000000001,5989.533537764022,0.9833333333333333
strengthening/base_43/Full3C/Full3C/baselines/AIC,strict,S,200,330,300,300,0,300,330,0.0,0.0,0.0,0.9090909090909091,5250.133333333333,4850.000000000001,5989.533537764022,0.9833333333333333
strengthening/base_43/Full3C/Full3C/baselines/AIC,unconstrained,P,50,330,330,330,94,236,236,0.28484848484848485,0.28484848484848485,0.28484848484848485,1.0,953.3939393939394,344.9999999999998,1899.0375552799467,0.21818181818181817
strengthening/base_43/Full3C/Full3C/baselines/AIC,unconstrained,P,100,330,330,330,122,208,208,0.3696969696969697,0.3696969696969697,0.3696969696969697,1.0,953.3939393939394,344.9999999999998,1899.0375552799467,0.21818181818181817
strengthening/base_43/Full3C/Full3C/baselines/AIC,unconstrained,P,200,330,330,330,144,186,186,0.43636363636363634,0.43636363636363634,0.43636363636363634,1.0,953.3939393939394,344.9999999999998,1899.0375552799467,0.21818181818181817
strengthening/base_43/Full3C/Full3C/baselines/AIC,unconstrained,S,50,330,330,330,0,330,330,0.0,0.0,0.0,1.0,5293.121212121212,4930.0,6068.805259087432,0.9848484848484849
strengthening/base_43/Full3C/Full3C/baselines/AIC,unconstrained,S,100,330,330,330,0,330,330,0.0,0.0,0.0,1.0,5293.121212121212,4930.0,6068.805259087432,0.9848484848484849
strengthening/base_43/Full3C/Full3C/baselines/AIC,unconstrained,S,200,330,330,330,0,330,330,0.0,0.0,0.0,1.0,5293.121212121212,4930.0,6068.805259087432,0.9848484848484849
strengthening/base_43/Full3C/Full3C/baselines/CNN,accepted,P,50,330,325,311,221,104,109,0.68,0.6696969696969697,0.6748091603053435,0.9848484848484849,136.55384615384602,30.00000000000025,650.6200592807307,0.012307692307692308
strengthening/base_43/Full3C/Full3C/baselines/CNN,accepted,P,100,330,325,311,266,59,64,0.8184615384615385,0.806060606060606,0.8122137404580153,0.9848484848484849,136.55384615384602,30.00000000000025,650.6200592807307,0.012307692307692308
strengthening/base_43/Full3C/Full3C/baselines/CNN,accepted,P,200,330,325,311,290,35,40,0.8923076923076924,0.8787878787878788,0.8854961832061069,0.9848484848484849,136.55384615384602,30.00000000000025,650.6200592807307,0.012307692307692308
strengthening/base_43/Full3C/Full3C/baselines/CNN,accepted,S,50,330,246,124,78,168,252,0.3170731707317073,0.23636363636363636,0.2708333333333333,0.7454545454545455,882.8861788617886,165.00000000000006,2167.3849028433256,0.15853658536585366
strengthening/base_43/Full3C/Full3C/baselines/CNN,accepted,S,100,330,246,124,106,140,224,0.43089430894308944,0.3212121212121212,0.3680555555555556,0.7454545454545455,882.8861788617886,165.00000000000006,2167.3849028433256,0.15853658536585366
strengthening/base_43/Full3C/Full3C/baselines/CNN,accepted,S,200,330,246,124,136,110,194,0.5528455284552846,0.4121212121212121,0.4722222222222222,0.7454545454545455,882.8861788617886,165.00000000000006,2167.3849028433256,0.15853658536585366
strengthening/base_43/Full3C/Full3C/baselines/CNN,strict,P,50,330,311,311,219,92,111,0.7041800643086816,0.6636363636363637,0.6833073322932918,0.9424242424242424,133.2797427652732,30.00000000000025,663.3096884301278,0.012861736334405145
strengthening/base_43/Full3C/Full3C/baselines/CNN,strict,P,100,330,311,311,264,47,66,0.8488745980707395,0.8,0.8237129485179407,0.9424242424242424,133.2797427652732,30.00000000000025,663.3096884301278,0.012861736334405145
strengthening/base_43/Full3C/Full3C/baselines/CNN,strict,P,200,330,311,311,283,28,47,0.909967845659164,0.8575757575757575,0.8829953198127926,0.9424242424242424,133.2797427652732,30.00000000000025,663.3096884301278,0.012861736334405145
strengthening/base_43/Full3C/Full3C/baselines/CNN,strict,S,50,330,124,124,57,67,273,0.4596774193548387,0.17272727272727273,0.2511013215859031,0.37575757575757573,386.69354838709677,70.00000000000028,1292.0080020724931,0.056451612903225805
strengthening/base_43/Full3C/Full3C/baselines/CNN,strict,S,100,330,124,124,75,49,255,0.6048387096774194,0.22727272727272727,0.3303964757709251,0.37575757575757573,386.69354838709677,70.00000000000028,1292.0080020724931,0.056451612903225805
strengthening/base_43/Full3C/Full3C/baselines/CNN,strict,S,200,330,124,124,93,31,237,0.75,0.2818181818181818,0.40969162995594716,0.37575757575757573,386.69354838709677,70.00000000000028,1292.0080020724931,0.056451612903225805
strengthening/base_43/Full3C/Full3C/baselines/CNN,unconstrained,P,50,330,325,311,221,104,109,0.68,0.6696969696969697,0.6748091603053435,0.9848484848484849,136.55384615384602,30.00000000000025,650.6200592807307,0.012307692307692308
strengthening/base_43/Full3C/Full3C/baselines/CNN,unconstrained,P,100,330,325,311,266,59,64,0.8184615384615385,0.806060606060606,0.8122137404580153,0.9848484848484849,136.55384615384602,30.00000000000025,650.6200592807307,0.012307692307692308
strengthening/base_43/Full3C/Full3C/baselines/CNN,unconstrained,P,200,330,325,311,290,35,40,0.8923076923076924,0.8787878787878788,0.8854961832061069,0.9848484848484849,136.55384615384602,30.00000000000025,650.6200592807307,0.012307692307692308
strengthening/base_43/Full3C/Full3C/baselines/CNN,unconstrained,S,50,330,250,129,79,171,251,0.316,0.23939393939393938,0.27241379310344827,0.7575757575757576,854.12,165.00000000000006,2036.1666925868324,0.16
strengthening/base_43/Full3C/Full3C/baselines/CNN,unconstrained,S,100,330,250,129,107,143,223,0.428,0.3242424242424242,0.3689655172413793,0.7575757575757576,854.12,165.00000000000006,2036.1666925868324,0.16
strengthening/base_43/Full3C/Full3C/baselines/CNN,unconstrained,S,200,330,250,129,138,112,192,0.552,0.41818181818181815,0.47586206896551725,0.7575757575757576,854.12,165.00000000000006,2036.1666925868324,0.16
strengthening/base_43/Full3C/Full3C/baselines/mean_ensemble,accepted,P,50,330,330,314,215,115,115,0.6515151515151515,0.6515151515151515,0.6515151515151515,1.0,372.36363636363626,30.00000000000025,2619.7987431376205,0.024242424242424242
strengthening/base_43/Full3C/Full3C/baselines/mean_ensemble,accepted,P,100,330,330,314,262,68,68,0.793939393939394,0.793939393939394,0.793939393939394,1.0,372.36363636363626,30.00000000000025,2619.7987431376205,0.024242424242424242
strengthening/base_43/Full3C/Full3C/baselines/mean_ensemble,accepted,P,200,330,330,314,287,43,43,0.8696969696969697,0.8696969696969697,0.8696969696969697,1.0,372.36363636363626,30.00000000000025,2619.7987431376205,0.024242424242424242
strengthening/base_43/Full3C/Full3C/baselines/mean_ensemble,accepted,S,50,330,323,147,33,290,297,0.1021671826625387,0.1,0.10107197549770292,0.9787878787878788,4054.984520123839,4040.000000000001,5102.484916389409,0.7987616099071208
strengthening/base_43/Full3C/Full3C/baselines/mean_ensemble,accepted,S,100,330,323,147,44,279,286,0.13622291021671826,0.13333333333333333,0.13476263399693722,0.9787878787878788,4054.984520123839,4040.000000000001,5102.484916389409,0.7987616099071208
strengthening/base_43/Full3C/Full3C/baselines/mean_ensemble,accepted,S,200,330,323,147,46,277,284,0.14241486068111456,0.1393939393939394,0.14088820826952528,0.9787878787878788,4054.984520123839,4040.000000000001,5102.484916389409,0.7987616099071208
strengthening/base_43/Full3C/Full3C/baselines/mean_ensemble,strict,P,50,330,314,314,215,99,115,0.6847133757961783,0.6515151515151515,0.6677018633540373,0.9515151515151515,132.0063694267515,29.99999999999936,658.4852817201295,0.012738853503184714
strengthening/base_43/Full3C/Full3C/baselines/mean_ensemble,strict,P,100,330,314,314,260,54,70,0.8280254777070064,0.7878787878787878,0.8074534161490683,0.9515151515151515,132.0063694267515,29.99999999999936,658.4852817201295,0.012738853503184714
strengthening/base_43/Full3C/Full3C/baselines/mean_ensemble,strict,P,200,330,314,314,282,32,48,0.8980891719745223,0.8545454545454545,0.8757763975155279,0.9515151515151515,132.0063694267515,29.99999999999936,658.4852817201295,0.012738853503184714
strengthening/base_43/Full3C/Full3C/baselines/mean_ensemble,strict,S,50,330,147,147,26,121,304,0.17687074829931973,0.07878787878787878,0.1090146750524109,0.44545454545454544,4088.503401360544,4080.0,5188.560480898876,0.7619047619047619
strengthening/base_43/Full3C/Full3C/baselines/mean_ensemble,strict,S,100,330,147,147,30,117,300,0.20408163265306123,0.09090909090909091,0.12578616352201258,0.44545454545454544,4088.503401360544,4080.0,5188.560480898876,0.7619047619047619
strengthening/base_43/Full3C/Full3C/baselines/mean_ensemble,strict,S,200,330,147,147,30,117,300,0.20408163265306123,0.09090909090909091,0.12578616352201258,0.44545454545454544,4088.503401360544,4080.0,5188.560480898876,0.7619047619047619
strengthening/base_43/Full3C/Full3C/baselines/mean_ensemble,unconstrained,P,50,330,330,314,215,115,115,0.6515151515151515,0.6515151515151515,0.6515151515151515,1.0,372.36363636363626,30.00000000000025,2619.7987431376205,0.024242424242424242
strengthening/base_43/Full3C/Full3C/baselines/mean_ensemble,unconstrained,P,100,330,330,314,262,68,68,0.793939393939394,0.793939393939394,0.793939393939394,1.0,372.36363636363626,30.00000000000025,2619.7987431376205,0.024242424242424242
strengthening/base_43/Full3C/Full3C/baselines/mean_ensemble,unconstrained,P,200,330,330,314,287,43,43,0.8696969696969697,0.8696969696969697,0.8696969696969697,1.0,372.36363636363626,30.00000000000025,2619.7987431376205,0.024242424242424242
strengthening/base_43/Full3C/Full3C/baselines/mean_ensemble,unconstrained,S,50,330,330,160,29,301,301,0.08787878787878788,0.08787878787878788,0.08787878787878788,1.0,4409.515151515152,4275.0,5557.56285151008,0.8272727272727273
strengthening/base_43/Full3C/Full3C/baselines/mean_ensemble,unconstrained,S,100,330,330,160,41,289,289,0.12424242424242424,0.12424242424242424,0.12424242424242424,1.0,4409.515151515152,4275.0,5557.56285151008,0.8272727272727273
strengthening/base_43/Full3C/Full3C/baselines/mean_ensemble,unconstrained,S,200,330,330,160,42,288,288,0.12727272727272726,0.12727272727272726,0.12727272727272726,1.0,4409.515151515152,4275.0,5557.56285151008,0.8272727272727273
strengthening/base_43/Full3C/Full3C/baselines/STA,accepted,P,50,330,330,330,71,259,259,0.21515151515151515,0.21515151515151515,0.21515151515151515,1.0,488.6969696969697,110.00000000000031,2844.1894515597296,0.024242424242424242
strengthening/base_43/Full3C/Full3C/baselines/STA,accepted,P,100,330,330,330,151,179,179,0.4575757575757576,0.4575757575757576,0.4575757575757576,1.0,488.6969696969697,110.00000000000031,2844.1894515597296,0.024242424242424242
strengthening/base_43/Full3C/Full3C/baselines/STA,accepted,P,200,330,330,330,260,70,70,0.7878787878787878,0.7878787878787878,0.7878787878787878,1.0,488.6969696969697,110.00000000000031,2844.1894515597296,0.024242424242424242
strengthening/base_43/Full3C/Full3C/baselines/STA,accepted,S,50,330,318,314,2,316,328,0.006289308176100629,0.006060606060606061,0.006172839506172839,0.9636363636363636,4539.276729559749,4265.0,5602.517263296437,0.8773584905660378
strengthening/base_43/Full3C/Full3C/baselines/STA,accepted,S,100,330,318,314,5,313,325,0.015723270440251572,0.015151515151515152,0.015432098765432098,0.9636363636363636,4539.276729559749,4265.0,5602.517263296437,0.8773584905660378
strengthening/base_43/Full3C/Full3C/baselines/STA,accepted,S,200,330,318,314,15,303,315,0.04716981132075472,0.045454545454545456,0.046296296296296294,0.9636363636363636,4539.276729559749,4265.0,5602.517263296437,0.8773584905660378
strengthening/base_43/Full3C/Full3C/baselines/STA,strict,P,50,330,330,330,71,259,259,0.21515151515151515,0.21515151515151515,0.21515151515151515,1.0,488.6969696969697,110.00000000000031,2844.1894515597296,0.024242424242424242
strengthening/base_43/Full3C/Full3C/baselines/STA,strict,P,100,330,330,330,151,179,179,0.4575757575757576,0.4575757575757576,0.4575757575757576,1.0,488.6969696969697,110.00000000000031,2844.1894515597296,0.024242424242424242
strengthening/base_43/Full3C/Full3C/baselines/STA,strict,P,200,330,330,330,260,70,70,0.7878787878787878,0.7878787878787878,0.7878787878787878,1.0,488.6969696969697,110.00000000000031,2844.1894515597296,0.024242424242424242
strengthening/base_43/Full3C/Full3C/baselines/STA,strict,S,50,330,314,314,2,312,328,0.006369426751592357,0.006060606060606061,0.006211180124223602,0.9515151515151515,4516.401273885351,4265.0,5571.732311894929,0.8789808917197452
strengthening/base_43/Full3C/Full3C/baselines/STA,strict,S,100,330,314,314,5,309,325,0.01592356687898089,0.015151515151515152,0.015527950310559006,0.9515151515151515,4516.401273885351,4265.0,5571.732311894929,0.8789808917197452
strengthening/base_43/Full3C/Full3C/baselines/STA,strict,S,200,330,314,314,15,299,315,0.04777070063694268,0.045454545454545456,0.046583850931677016,0.9515151515151515,4516.401273885351,4265.0,5571.732311894929,0.8789808917197452
strengthening/base_43/Full3C/Full3C/baselines/STA,unconstrained,P,50,330,330,330,71,259,259,0.21515151515151515,0.21515151515151515,0.21515151515151515,1.0,488.6969696969697,110.00000000000031,2844.1894515597296,0.024242424242424242
strengthening/base_43/Full3C/Full3C/baselines/STA,unconstrained,P,100,330,330,330,151,179,179,0.4575757575757576,0.4575757575757576,0.4575757575757576,1.0,488.6969696969697,110.00000000000031,2844.1894515597296,0.024242424242424242
strengthening/base_43/Full3C/Full3C/baselines/STA,unconstrained,P,200,330,330,330,260,70,70,0.7878787878787878,0.7878787878787878,0.7878787878787878,1.0,488.6969696969697,110.00000000000031,2844.1894515597296,0.024242424242424242
strengthening/base_43/Full3C/Full3C/baselines/STA,unconstrained,S,50,330,330,330,2,328,328,0.006060606060606061,0.006060606060606061,0.006060606060606061,1.0,4827.30303030303,4405.0,6272.714819926155,0.8909090909090909
strengthening/base_43/Full3C/Full3C/baselines/STA,unconstrained,S,100,330,330,330,5,325,325,0.015151515151515152,0.015151515151515152,0.015151515151515152,1.0,4827.30303030303,4405.0,6272.714819926155,0.8909090909090909
strengthening/base_43/Full3C/Full3C/baselines/STA,unconstrained,S,200,330,330,330,16,314,314,0.048484848484848485,0.048484848484848485,0.048484848484848485,1.0,4827.30303030303,4405.0,6272.714819926155,0.8909090909090909
strengthening/base_43/Full3C/Full3C/baselines/TCN,accepted,P,50,330,323,311,226,97,104,0.6996904024767802,0.6848484848484848,0.6921898928024502,0.9787878787878788,129.6284829721361,20.000000000000018,651.8725112304037,0.01238390092879257
strengthening/base_43/Full3C/Full3C/baselines/TCN,accepted,P,100,330,323,311,269,54,61,0.8328173374613003,0.8151515151515152,0.8238897396630934,0.9787878787878788,129.6284829721361,20.000000000000018,651.8725112304037,0.01238390092879257
strengthening/base_43/Full3C/Full3C/baselines/TCN,accepted,P,200,330,323,311,294,29,36,0.9102167182662538,0.8909090909090909,0.900459418070444,0.9787878787878788,129.6284829721361,20.000000000000018,651.8725112304037,0.01238390092879257
strengthening/base_43/Full3C/Full3C/baselines/TCN,accepted,S,50,330,270,198,106,164,224,0.3925925925925926,0.3212121212121212,0.35333333333333333,0.8181818181818182,527.8518518518518,80.00000000000007,1653.4027763194124,0.08148148148148149
strengthening/base_43/Full3C/Full3C/baselines/TCN,accepted,S,100,330,270,198,151,119,179,0.5592592592592592,0.4575757575757576,0.5033333333333333,0.8181818181818182,527.8518518518518,80.00000000000007,1653.4027763194124,0.08148148148148149
strengthening/base_43/Full3C/Full3C/baselines/TCN,accepted,S,200,330,270,198,198,72,132,0.7333333333333333,0.6,0.66,0.8181818181818182,527.8518518518518,80.00000000000007,1653.4027763194124,0.08148148148148149
strengthening/base_43/Full3C/Full3C/baselines/TCN,strict,P,50,330,311,311,223,88,107,0.7170418006430869,0.6757575757575758,0.6957878315132605,0.9424242424242424,126.88102893890665,19.999999999999574,661.4516822673268,0.012861736334405145
strengthening/base_43/Full3C/Full3C/baselines/TCN,strict,P,100,330,311,311,262,49,68,0.842443729903537,0.793939393939394,0.8174726989079563,0.9424242424242424,126.88102893890665,19.999999999999574,661.4516822673268,0.012861736334405145
strengthening/base_43/Full3C/Full3C/baselines/TCN,strict,P,200,330,311,311,285,26,45,0.9163987138263665,0.8636363636363636,0.8892355694227769,0.9424242424242424,126.88102893890665,19.999999999999574,661.4516822673268,0.012861736334405145
strengthening/base_43/Full3C/Full3C/baselines/TCN,strict,S,50,330,198,198,96,102,234,0.48484848484848486,0.2909090909090909,0.36363636363636365,0.6,217.27272727272722,60.00000000000006,854.7147908731741,0.025252525252525252
strengthening/base_43/Full3C/Full3C/baselines/TCN,strict,S,100,330,198,198,130,68,200,0.6565656565656566,0.3939393939393939,0.49242424242424243,0.6,217.27272727272722,60.00000000000006,854.7147908731741,0.025252525252525252
strengthening/base_43/Full3C/Full3C/baselines/TCN,strict,S,200,330,198,198,164,34,166,0.8282828282828283,0.49696969696969695,0.6212121212121212,0.6,217.27272727272722,60.00000000000006,854.7147908731741,0.025252525252525252
strengthening/base_43/Full3C/Full3C/baselines/TCN,unconstrained,P,50,330,323,311,226,97,104,0.6996904024767802,0.6848484848484848,0.6921898928024502,0.9787878787878788,129.6284829721361,20.000000000000018,651.8725112304037,0.01238390092879257
strengthening/base_43/Full3C/Full3C/baselines/TCN,unconstrained,P,100,330,323,311,269,54,61,0.8328173374613003,0.8151515151515152,0.8238897396630934,0.9787878787878788,129.6284829721361,20.000000000000018,651.8725112304037,0.01238390092879257
strengthening/base_43/Full3C/Full3C/baselines/TCN,unconstrained,P,200,330,323,311,294,29,36,0.9102167182662538,0.8909090909090909,0.900459418070444,0.9787878787878788,129.6284829721361,20.000000000000018,651.8725112304037,0.01238390092879257
strengthening/base_43/Full3C/Full3C/baselines/TCN,unconstrained,S,50,330,277,202,107,170,223,0.3862815884476534,0.3242424242424242,0.3525535420098847,0.8393939393939394,546.5342960288808,80.00000000000007,1678.0368235612223,0.08664259927797834
strengthening/base_43/Full3C/Full3C/baselines/TCN,unconstrained,S,100,330,277,202,154,123,176,0.555956678700361,0.4666666666666667,0.5074135090609555,0.8393939393939394,546.5342960288808,80.00000000000007,1678.0368235612223,0.08664259927797834
strengthening/base_43/Full3C/Full3C/baselines/TCN,unconstrained,S,200,330,277,202,203,74,127,0.7328519855595668,0.6151515151515151,0.6688632619439868,0.8393939393939394,546.5342960288808,80.00000000000007,1678.0368235612223,0.08664259927797834
strengthening/base_43/Full3C/Full3C/baselines/weighted_ensemble,accepted,P,50,330,330,313,219,111,111,0.6636363636363637,0.6636363636363637,0.6636363636363637,1.0,424.24242424242414,30.00000000000025,2843.259546451018,0.024242424242424242
strengthening/base_43/Full3C/Full3C/baselines/weighted_ensemble,accepted,P,100,330,330,313,265,65,65,0.803030303030303,0.803030303030303,0.803030303030303,1.0,424.24242424242414,30.00000000000025,2843.259546451018,0.024242424242424242
strengthening/base_43/Full3C/Full3C/baselines/weighted_ensemble,accepted,P,200,330,330,313,289,41,41,0.8757575757575757,0.8757575757575757,0.8757575757575757,1.0,424.24242424242414,30.00000000000025,2843.259546451018,0.024242424242424242
strengthening/base_43/Full3C/Full3C/baselines/weighted_ensemble,accepted,S,50,330,251,143,103,148,227,0.4103585657370518,0.31212121212121213,0.35456110154905335,0.7606060606060606,533.9840637450199,80.00000000000007,2160.86055234789,0.07569721115537849
strengthening/base_43/Full3C/Full3C/baselines/weighted_ensemble,accepted,S,100,330,251,143,140,111,190,0.5577689243027888,0.42424242424242425,0.4819277108433735,0.7606060606060606,533.9840637450199,80.00000000000007,2160.86055234789,0.07569721115537849
strengthening/base_43/Full3C/Full3C/baselines/weighted_ensemble,accepted,S,200,330,251,143,180,71,150,0.7171314741035857,0.5454545454545454,0.6196213425129088,0.7606060606060606,533.9840637450199,80.00000000000007,2160.86055234789,0.07569721115537849
strengthening/base_43/Full3C/Full3C/baselines/weighted_ensemble,strict,P,50,330,313,313,219,94,111,0.6996805111821086,0.6636363636363637,0.6811819595645412,0.9484848484848485,129.00958466453665,29.99999999999936,659.2725199726243,0.012779552715654952
strengthening/base_43/Full3C/Full3C/baselines/weighted_ensemble,strict,P,100,330,313,313,264,49,66,0.8434504792332268,0.8,0.8211508553654744,0.9484848484848485,129.00958466453665,29.99999999999936,659.2725199726243,0.012779552715654952
strengthening/base_43/Full3C/Full3C/baselines/weighted_ensemble,strict,P,200,330,313,313,284,29,46,0.9073482428115016,0.8606060606060606,0.8833592534992224,0.9484848484848485,129.00958466453665,29.99999999999936,659.2725199726243,0.012779552715654952
strengthening/base_43/Full3C/Full3C/baselines/weighted_ensemble,strict,S,50,330,143,143,73,70,257,0.5104895104895105,0.22121212121212122,0.3086680761099366,0.43333333333333335,156.2937062937063,50.00000000000071,453.77746309615907,0.013986013986013986
strengthening/base_43/Full3C/Full3C/baselines/weighted_ensemble,strict,S,100,330,143,143,96,47,234,0.6713286713286714,0.2909090909090909,0.4059196617336152,0.43333333333333335,156.2937062937063,50.00000000000071,453.77746309615907,0.013986013986013986
strengthening/base_43/Full3C/Full3C/baselines/weighted_ensemble,strict,S,200,330,143,143,120,23,210,0.8391608391608392,0.36363636363636365,0.507399577167019,0.43333333333333335,156.2937062937063,50.00000000000071,453.77746309615907,0.013986013986013986
strengthening/base_43/Full3C/Full3C/baselines/weighted_ensemble,unconstrained,P,50,330,330,313,219,111,111,0.6636363636363637,0.6636363636363637,0.6636363636363637,1.0,424.24242424242414,30.00000000000025,2843.259546451018,0.024242424242424242
strengthening/base_43/Full3C/Full3C/baselines/weighted_ensemble,unconstrained,P,100,330,330,313,265,65,65,0.803030303030303,0.803030303030303,0.803030303030303,1.0,424.24242424242414,30.00000000000025,2843.259546451018,0.024242424242424242
strengthening/base_43/Full3C/Full3C/baselines/weighted_ensemble,unconstrained,P,200,330,330,313,289,41,41,0.8757575757575757,0.8757575757575757,0.8757575757575757,1.0,424.24242424242414,30.00000000000025,2843.259546451018,0.024242424242424242
strengthening/base_43/Full3C/Full3C/baselines/weighted_ensemble,unconstrained,S,50,330,254,146,104,150,226,0.4094488188976378,0.3151515151515151,0.3561643835616438,0.7696969696969697,453.07086614173227,80.00000000000007,1492.8593818100444,0.07480314960629922
strengthening/base_43/Full3C/Full3C/baselines/weighted_ensemble,unconstrained,S,100,330,254,146,141,113,189,0.5551181102362205,0.42727272727272725,0.4828767123287671,0.7696969696969697,453.07086614173227,80.00000000000007,1492.8593818100444,0.07480314960629922
strengthening/base_43/Full3C/Full3C/baselines/weighted_ensemble,unconstrained,S,200,330,254,146,182,72,148,0.7165354330708661,0.5515151515151515,0.6232876712328768,0.7696969696969697,453.07086614173227,80.00000000000007,1492.8593818100444,0.07480314960629922
strengthening/base_43/Full3C/Full3C/evaluation/full15ch_seed42,accepted,P,50,330,327,321,230,97,100,0.7033639143730887,0.696969696969697,0.700152207001522,0.990909090909091,129.17431192660538,29.999999999999805,648.0476442635016,0.012232415902140673
strengthening/base_43/Full3C/Full3C/evaluation/full15ch_seed42,accepted,P,100,330,327,321,275,52,55,0.8409785932721713,0.8333333333333334,0.837138508371385,0.990909090909091,129.17431192660538,29.999999999999805,648.0476442635016,0.012232415902140673
strengthening/base_43/Full3C/Full3C/evaluation/full15ch_seed42,accepted,P,200,330,327,321,299,28,31,0.9143730886850153,0.906060606060606,0.9101978691019786,0.990909090909091,129.17431192660538,29.999999999999805,648.0476442635016,0.012232415902140673
strengthening/base_43/Full3C/Full3C/evaluation/full15ch_seed42,accepted,S,50,330,324,309,130,194,200,0.4012345679012346,0.3939393939393939,0.39755351681957185,0.9818181818181818,577.6543209876543,70.00000000000028,1981.2860582067508,0.07098765432098765
strengthening/base_43/Full3C/Full3C/evaluation/full15ch_seed42,accepted,S,100,330,324,309,186,138,144,0.5740740740740741,0.5636363636363636,0.5688073394495413,0.9818181818181818,577.6543209876543,70.00000000000028,1981.2860582067508,0.07098765432098765
strengthening/base_43/Full3C/Full3C/evaluation/full15ch_seed42,accepted,S,200,330,324,309,232,92,98,0.7160493827160493,0.703030303030303,0.709480122324159,0.9818181818181818,577.6543209876543,70.00000000000028,1981.2860582067508,0.07098765432098765
strengthening/base_43/Full3C/Full3C/evaluation/full15ch_seed42,strict,P,50,330,321,321,230,91,100,0.7165109034267912,0.696969696969697,0.706605222734255,0.9727272727272728,125.66978193146407,29.99999999999936,652.1013242370016,0.012461059190031152
strengthening/base_43/Full3C/Full3C/evaluation/full15ch_seed42,strict,P,100,330,321,321,274,47,56,0.8535825545171339,0.8303030303030303,0.8417818740399385,0.9727272727272728,125.66978193146407,29.99999999999936,652.1013242370016,0.012461059190031152
strengthening/base_43/Full3C/Full3C/evaluation/full15ch_seed42,strict,P,200,330,321,321,297,24,33,0.9252336448598131,0.9,0.9124423963133641,0.9727272727272728,125.66978193146407,29.99999999999936,652.1013242370016,0.012461059190031152
strengthening/base_43/Full3C/Full3C/evaluation/full15ch_seed42,strict,S,50,330,309,309,128,181,202,0.41423948220064727,0.3878787878787879,0.40062597809076683,0.9363636363636364,462.5566343042071,70.00000000000028,1550.7157758518251,0.061488673139158574
strengthening/base_43/Full3C/Full3C/evaluation/full15ch_seed42,strict,S,100,330,309,309,181,128,149,0.5857605177993528,0.5484848484848485,0.5665101721439749,0.9363636363636364,462.5566343042071,70.00000000000028,1550.7157758518251,0.061488673139158574
strengthening/base_43/Full3C/Full3C/evaluation/full15ch_seed42,strict,S,200,330,309,309,225,84,105,0.7281553398058253,0.6818181818181818,0.704225352112676,0.9363636363636364,462.5566343042071,70.00000000000028,1550.7157758518251,0.061488673139158574
strengthening/base_43/Full3C/Full3C/evaluation/full15ch_seed42,unconstrained,P,50,330,327,321,230,97,100,0.7033639143730887,0.696969696969697,0.700152207001522,0.990909090909091,129.17431192660538,29.999999999999805,648.0476442635016,0.012232415902140673
strengthening/base_43/Full3C/Full3C/evaluation/full15ch_seed42,unconstrained,P,100,330,327,321,275,52,55,0.8409785932721713,0.8333333333333334,0.837138508371385,0.990909090909091,129.17431192660538,29.999999999999805,648.0476442635016,0.012232415902140673
strengthening/base_43/Full3C/Full3C/evaluation/full15ch_seed42,unconstrained,P,200,330,327,321,299,28,31,0.9143730886850153,0.906060606060606,0.9101978691019786,0.990909090909091,129.17431192660538,29.999999999999805,648.0476442635016,0.012232415902140673
strengthening/base_43/Full3C/Full3C/evaluation/full15ch_seed42,unconstrained,S,50,330,327,312,131,196,199,0.40061162079510704,0.396969696969697,0.3987823439878234,0.990909090909091,598.7155963302752,70.00000000000028,2023.624386464137,0.07339449541284404
strengthening/base_43/Full3C/Full3C/evaluation/full15ch_seed42,unconstrained,S,100,330,327,312,187,140,143,0.5718654434250765,0.5666666666666667,0.5692541856925418,0.990909090909091,598.7155963302752,70.00000000000028,2023.624386464137,0.07339449541284404
strengthening/base_43/Full3C/Full3C/evaluation/full15ch_seed42,unconstrained,S,200,330,327,312,233,94,97,0.7125382262996942,0.706060606060606,0.7092846270928462,0.990909090909091,598.7155963302752,70.00000000000028,2023.624386464137,0.07339449541284404
strengthening/base_43/Full3C/Full3C/evaluation/full15ch_seed43,accepted,P,50,330,325,322,230,95,100,0.7076923076923077,0.696969696969697,0.7022900763358778,0.9848484848484849,127.16923076923064,29.99999999999936,648.6694073254881,0.012307692307692308
strengthening/base_43/Full3C/Full3C/evaluation/full15ch_seed43,accepted,P,100,330,325,322,272,53,58,0.8369230769230769,0.8242424242424242,0.8305343511450382,0.9848484848484849,127.16923076923064,29.99999999999936,648.6694073254881,0.012307692307692308
strengthening/base_43/Full3C/Full3C/evaluation/full15ch_seed43,accepted,P,200,330,325,322,296,29,34,0.9107692307692308,0.896969696969697,0.9038167938931297,0.9848484848484849,127.16923076923064,29.99999999999936,648.6694073254881,0.012307692307692308
strengthening/base_43/Full3C/Full3C/evaluation/full15ch_seed43,accepted,S,50,330,324,307,128,196,202,0.3950617283950617,0.3878787878787879,0.39143730886850153,0.9818181818181818,735.648148148148,80.00000000000007,2453.075230485146,0.09567901234567901
strengthening/base_43/Full3C/Full3C/evaluation/full15ch_seed43,accepted,S,100,330,324,307,185,139,145,0.5709876543209876,0.5606060606060606,0.5657492354740061,0.9818181818181818,735.648148148148,80.00000000000007,2453.075230485146,0.09567901234567901
strengthening/base_43/Full3C/Full3C/evaluation/full15ch_seed43,accepted,S,200,330,324,307,224,100,106,0.691358024691358,0.6787878787878788,0.6850152905198776,0.9818181818181818,735.648148148148,80.00000000000007,2453.075230485146,0.09567901234567901
strengthening/base_43/Full3C/Full3C/evaluation/full15ch_seed43,strict,P,50,330,322,322,229,93,101,0.7111801242236024,0.693939393939394,0.7024539877300614,0.9757575757575757,126.36645962732906,29.99999999999936,651.1945545120037,0.012422360248447204
strengthening/base_43/Full3C/Full3C/evaluation/full15ch_seed43,strict,P,100,330,322,322,271,51,59,0.8416149068322981,0.8212121212121212,0.8312883435582822,0.9757575757575757,126.36645962732906,29.99999999999936,651.1945545120037,0.012422360248447204
strengthening/base_43/Full3C/Full3C/evaluation/full15ch_seed43,strict,P,200,330,322,322,295,27,35,0.9161490683229814,0.8939393939393939,0.9049079754601227,0.9757575757575757,126.36645962732906,29.99999999999936,651.1945545120037,0.012422360248447204
strengthening/base_43/Full3C/Full3C/evaluation/full15ch_seed43,strict,S,50,330,307,307,124,183,206,0.40390879478827363,0.37575757575757573,0.3893249607535322,0.9303030303030303,624.0065146579803,70.00000000000028,2103.8044489945164,0.08469055374592833
strengthening/base_43/Full3C/Full3C/evaluation/full15ch_seed43,strict,S,100,330,307,307,181,126,149,0.5895765472312704,0.5484848484848485,0.5682888540031397,0.9303030303030303,624.0065146579803,70.00000000000028,2103.8044489945164,0.08469055374592833
strengthening/base_43/Full3C/Full3C/evaluation/full15ch_seed43,strict,S,200,330,307,307,219,88,111,0.7133550488599348,0.6636363636363637,0.6875981161695447,0.9303030303030303,624.0065146579803,70.00000000000028,2103.8044489945164,0.08469055374592833
strengthening/base_43/Full3C/Full3C/evaluation/full15ch_seed43,unconstrained,P,50,330,325,322,230,95,100,0.7076923076923077,0.696969696969697,0.7022900763358778,0.9848484848484849,127.16923076923064,29.99999999999936,648.6694073254881,0.012307692307692308
strengthening/base_43/Full3C/Full3C/evaluation/full15ch_seed43,unconstrained,P,100,330,325,322,272,53,58,0.8369230769230769,0.8242424242424242,0.8305343511450382,0.9848484848484849,127.16923076923064,29.99999999999936,648.6694073254881,0.012307692307692308
strengthening/base_43/Full3C/Full3C/evaluation/full15ch_seed43,unconstrained,P,200,330,325,322,296,29,34,0.9107692307692308,0.896969696969697,0.9038167938931297,0.9848484848484849,127.16923076923064,29.99999999999936,648.6694073254881,0.012307692307692308
strengthening/base_43/Full3C/Full3C/evaluation/full15ch_seed43,unconstrained,S,50,330,329,312,128,201,202,0.3890577507598784,0.3878787878787879,0.3884673748103187,0.996969696969697,768.9361702127659,80.00000000000007,2498.1682042848306,0.10030395136778116
strengthening/base_43/Full3C/Full3C/evaluation/full15ch_seed43,unconstrained,S,100,330,329,312,186,143,144,0.5653495440729484,0.5636363636363636,0.5644916540212443,0.996969696969697,768.9361702127659,80.00000000000007,2498.1682042848306,0.10030395136778116
strengthening/base_43/Full3C/Full3C/evaluation/full15ch_seed43,unconstrained,S,200,330,329,312,227,102,103,0.6899696048632219,0.6878787878787879,0.6889226100151745,0.996969696969697,768.9361702127659,80.00000000000007,2498.1682042848306,0.10030395136778116
strengthening/base_43/Full3C/Full3C/evaluation/full15ch_seed44,accepted,P,50,330,327,323,227,100,103,0.6941896024464832,0.6878787878787879,0.6910197869101978,0.990909090909091,131.89602446483167,29.99999999999936,649.6941176301202,0.012232415902140673
strengthening/base_43/Full3C/Full3C/evaluation/full15ch_seed44,accepted,P,100,330,327,323,272,55,58,0.8318042813455657,0.8242424242424242,0.8280060882800608,0.990909090909091,131.89602446483167,29.99999999999936,649.6941176301202,0.012232415902140673
strengthening/base_43/Full3C/Full3C/evaluation/full15ch_seed44,accepted,P,200,330,327,323,297,30,33,0.908256880733945,0.9,0.9041095890410958,0.990909090909091,131.89602446483167,29.99999999999936,649.6941176301202,0.012232415902140673
strengthening/base_43/Full3C/Full3C/evaluation/full15ch_seed44,accepted,S,50,330,326,312,129,197,201,0.39570552147239263,0.39090909090909093,0.3932926829268293,0.9878787878787879,638.9877300613496,80.00000000000007,2241.400676778927,0.07975460122699386
strengthening/base_43/Full3C/Full3C/evaluation/full15ch_seed44,accepted,S,100,330,326,312,187,139,143,0.5736196319018405,0.5666666666666667,0.5701219512195121,0.9878787878787879,638.9877300613496,80.00000000000007,2241.400676778927,0.07975460122699386
strengthening/base_43/Full3C/Full3C/evaluation/full15ch_seed44,accepted,S,200,330,326,312,227,99,103,0.696319018404908,0.6878787878787879,0.6920731707317073,0.9878787878787879,638.9877300613496,80.00000000000007,2241.400676778927,0.07975460122699386
strengthening/base_43/Full3C/Full3C/evaluation/full15ch_seed44,strict,P,50,330,323,323,226,97,104,0.6996904024767802,0.6848484848484848,0.6921898928024502,0.9787878787878788,129.16408668730637,29.99999999999936,651.9682037489945,0.01238390092879257
strengthening/base_43/Full3C/Full3C/evaluation/full15ch_seed44,strict,P,100,330,323,323,271,52,59,0.8390092879256966,0.8212121212121212,0.8300153139356815,0.9787878787878788,129.16408668730637,29.99999999999936,651.9682037489945,0.01238390092879257
strengthening/base_43/Full3C/Full3C/evaluation/full15ch_seed44,strict,P,200,330,323,323,296,27,34,0.9164086687306502,0.896969696969697,0.9065849923430321,0.9787878787878788,129.16408668730637,29.99999999999936,651.9682037489945,0.01238390092879257
strengthening/base_43/Full3C/Full3C/evaluation/full15ch_seed44,strict,S,50,330,312,312,127,185,203,0.40705128205128205,0.38484848484848483,0.3956386292834891,0.9454545454545454,494.4871794871794,80.00000000000007,1779.3806542784805,0.0641025641025641
strengthening/base_43/Full3C/Full3C/evaluation/full15ch_seed44,strict,S,100,330,312,312,183,129,147,0.5865384615384616,0.5545454545454546,0.5700934579439252,0.9454545454545454,494.4871794871794,80.00000000000007,1779.3806542784805,0.0641025641025641
strengthening/base_43/Full3C/Full3C/evaluation/full15ch_seed44,strict,S,200,330,312,312,221,91,109,0.7083333333333334,0.6696969696969697,0.6884735202492211,0.9454545454545454,494.4871794871794,80.00000000000007,1779.3806542784805,0.0641025641025641
strengthening/base_43/Full3C/Full3C/evaluation/full15ch_seed44,unconstrained,P,50,330,327,323,227,100,103,0.6941896024464832,0.6878787878787879,0.6910197869101978,0.990909090909091,131.89602446483167,29.99999999999936,649.6941176301202,0.012232415902140673
strengthening/base_43/Full3C/Full3C/evaluation/full15ch_seed44,unconstrained,P,100,330,327,323,272,55,58,0.8318042813455657,0.8242424242424242,0.8280060882800608,0.990909090909091,131.89602446483167,29.99999999999936,649.6941176301202,0.012232415902140673
strengthening/base_43/Full3C/Full3C/evaluation/full15ch_seed44,unconstrained,P,200,330,327,323,297,30,33,0.908256880733945,0.9,0.9041095890410958,0.990909090909091,131.89602446483167,29.99999999999936,649.6941176301202,0.012232415902140673
strengthening/base_43/Full3C/Full3C/evaluation/full15ch_seed44,unconstrained,S,50,330,329,315,129,200,201,0.39209726443769,0.39090909090909093,0.3915022761760243,0.996969696969697,652.5227963525834,80.00000000000007,2255.5951370962835,0.08206686930091185
strengthening/base_43/Full3C/Full3C/evaluation/full15ch_seed44,unconstrained,S,100,330,329,315,187,142,143,0.5683890577507599,0.5666666666666667,0.56752655538695,0.996969696969697,652.5227963525834,80.00000000000007,2255.5951370962835,0.08206686930091185
strengthening/base_43/Full3C/Full3C/evaluation/full15ch_seed44,unconstrained,S,200,330,329,315,228,101,102,0.6930091185410334,0.6909090909090909,0.6919575113808801,0.996969696969697,652.5227963525834,80.00000000000007,2255.5951370962835,0.08206686930091185
strengthening/base_43/Zonly/Zonly/baselines/AIC,accepted,P,50,330,330,330,94,236,236,0.28484848484848485,0.28484848484848485,0.28484848484848485,1.0,953.3939393939394,344.9999999999998,1899.0375552799467,0.21818181818181817
strengthening/base_43/Zonly/Zonly/baselines/AIC,accepted,P,100,330,330,330,122,208,208,0.3696969696969697,0.3696969696969697,0.3696969696969697,1.0,953.3939393939394,344.9999999999998,1899.0375552799467,0.21818181818181817
strengthening/base_43/Zonly/Zonly/baselines/AIC,accepted,P,200,330,330,330,144,186,186,0.43636363636363634,0.43636363636363634,0.43636363636363634,1.0,953.3939393939394,344.9999999999998,1899.0375552799467,0.21818181818181817
strengthening/base_43/Zonly/Zonly/baselines/AIC,accepted,S,50,330,330,330,0,330,330,0.0,0.0,0.0,1.0,5411.787878787879,4880.0,6197.079981977827,0.9878787878787879
strengthening/base_43/Zonly/Zonly/baselines/AIC,accepted,S,100,330,330,330,0,330,330,0.0,0.0,0.0,1.0,5411.787878787879,4880.0,6197.079981977827,0.9878787878787879
strengthening/base_43/Zonly/Zonly/baselines/AIC,accepted,S,200,330,330,330,0,330,330,0.0,0.0,0.0,1.0,5411.787878787879,4880.0,6197.079981977827,0.9878787878787879
strengthening/base_43/Zonly/Zonly/baselines/AIC,strict,P,50,330,330,330,94,236,236,0.28484848484848485,0.28484848484848485,0.28484848484848485,1.0,953.3939393939394,344.9999999999998,1899.0375552799467,0.21818181818181817
strengthening/base_43/Zonly/Zonly/baselines/AIC,strict,P,100,330,330,330,122,208,208,0.3696969696969697,0.3696969696969697,0.3696969696969697,1.0,953.3939393939394,344.9999999999998,1899.0375552799467,0.21818181818181817
strengthening/base_43/Zonly/Zonly/baselines/AIC,strict,P,200,330,330,330,144,186,186,0.43636363636363634,0.43636363636363634,0.43636363636363634,1.0,953.3939393939394,344.9999999999998,1899.0375552799467,0.21818181818181817
strengthening/base_43/Zonly/Zonly/baselines/AIC,strict,S,50,330,330,330,0,330,330,0.0,0.0,0.0,1.0,5411.787878787879,4880.0,6197.079981977827,0.9878787878787879
strengthening/base_43/Zonly/Zonly/baselines/AIC,strict,S,100,330,330,330,0,330,330,0.0,0.0,0.0,1.0,5411.787878787879,4880.0,6197.079981977827,0.9878787878787879
strengthening/base_43/Zonly/Zonly/baselines/AIC,strict,S,200,330,330,330,0,330,330,0.0,0.0,0.0,1.0,5411.787878787879,4880.0,6197.079981977827,0.9878787878787879
strengthening/base_43/Zonly/Zonly/baselines/AIC,unconstrained,P,50,330,330,330,94,236,236,0.28484848484848485,0.28484848484848485,0.28484848484848485,1.0,953.3939393939394,344.9999999999998,1899.0375552799467,0.21818181818181817
strengthening/base_43/Zonly/Zonly/baselines/AIC,unconstrained,P,100,330,330,330,122,208,208,0.3696969696969697,0.3696969696969697,0.3696969696969697,1.0,953.3939393939394,344.9999999999998,1899.0375552799467,0.21818181818181817
strengthening/base_43/Zonly/Zonly/baselines/AIC,unconstrained,P,200,330,330,330,144,186,186,0.43636363636363634,0.43636363636363634,0.43636363636363634,1.0,953.3939393939394,344.9999999999998,1899.0375552799467,0.21818181818181817
strengthening/base_43/Zonly/Zonly/baselines/AIC,unconstrained,S,50,330,330,330,0,330,330,0.0,0.0,0.0,1.0,5493.606060606061,4955.0,6275.693394020901,0.990909090909091
strengthening/base_43/Zonly/Zonly/baselines/AIC,unconstrained,S,100,330,330,330,0,330,330,0.0,0.0,0.0,1.0,5493.606060606061,4955.0,6275.693394020901,0.990909090909091
strengthening/base_43/Zonly/Zonly/baselines/AIC,unconstrained,S,200,330,330,330,0,330,330,0.0,0.0,0.0,1.0,5493.606060606061,4955.0,6275.693394020901,0.990909090909091
strengthening/base_43/Zonly/Zonly/baselines/CNN,accepted,P,50,330,323,312,225,98,105,0.6965944272445821,0.6818181818181818,0.6891271056661562,0.9787878787878788,214.08668730650143,30.00000000000025,1565.4733505063289,0.018575851393188854
strengthening/base_43/Zonly/Zonly/baselines/CNN,accepted,P,100,330,323,312,263,60,67,0.8142414860681114,0.796969696969697,0.8055130168453293,0.9787878787878788,214.08668730650143,30.00000000000025,1565.4733505063289,0.018575851393188854
strengthening/base_43/Zonly/Zonly/baselines/CNN,accepted,P,200,330,323,312,286,37,44,0.8854489164086687,0.8666666666666667,0.8759571209800919,0.9787878787878788,214.08668730650143,30.00000000000025,1565.4733505063289,0.018575851393188854
strengthening/base_43/Zonly/Zonly/baselines/CNN,accepted,S,50,330,140,53,36,104,294,0.2571428571428571,0.10909090909090909,0.15319148936170213,0.42424242424242425,1098.2142857142856,205.00000000000009,2897.3873699297737,0.15714285714285714
strengthening/base_43/Zonly/Zonly/baselines/CNN,accepted,S,100,330,140,53,50,90,280,0.35714285714285715,0.15151515151515152,0.2127659574468085,0.42424242424242425,1098.2142857142856,205.00000000000009,2897.3873699297737,0.15714285714285714
strengthening/base_43/Zonly/Zonly/baselines/CNN,accepted,S,200,330,140,53,70,70,260,0.5,0.21212121212121213,0.2978723404255319,0.42424242424242425,1098.2142857142856,205.00000000000009,2897.3873699297737,0.15714285714285714
strengthening/base_43/Zonly/Zonly/baselines/CNN,strict,P,50,330,312,312,225,87,105,0.7211538461538461,0.6818181818181818,0.7009345794392523,0.9454545454545454,130.9935897435896,29.99999999999936,662.132094265495,0.01282051282051282
strengthening/base_43/Zonly/Zonly/baselines/CNN,strict,P,100,330,312,312,260,52,70,0.8333333333333334,0.7878787878787878,0.8099688473520249,0.9454545454545454,130.9935897435896,29.99999999999936,662.132094265495,0.01282051282051282
strengthening/base_43/Zonly/Zonly/baselines/CNN,strict,P,200,330,312,312,281,31,49,0.9006410256410257,0.8515151515151516,0.8753894080996885,0.9454545454545454,130.9935897435896,29.99999999999936,662.132094265495,0.01282051282051282
strengthening/base_43/Zonly/Zonly/baselines/CNN,strict,S,50,330,53,53,20,33,310,0.37735849056603776,0.06060606060606061,0.10443864229765012,0.1606060606060606,474.7169811320753,89.99999999999986,1768.8766289094008,0.03773584905660377
strengthening/base_43/Zonly/Zonly/baselines/CNN,strict,S,100,330,53,53,29,24,301,0.5471698113207547,0.08787878787878788,0.1514360313315927,0.1606060606060606,474.7169811320753,89.99999999999986,1768.8766289094008,0.03773584905660377
strengthening/base_43/Zonly/Zonly/baselines/CNN,strict,S,200,330,53,53,38,15,292,0.7169811320754716,0.11515151515151516,0.19843342036553524,0.1606060606060606,474.7169811320753,89.99999999999986,1768.8766289094008,0.03773584905660377
strengthening/base_43/Zonly/Zonly/baselines/CNN,unconstrained,P,50,330,323,312,225,98,105,0.6965944272445821,0.6818181818181818,0.6891271056661562,0.9787878787878788,214.08668730650143,30.00000000000025,1565.4733505063289,0.018575851393188854
strengthening/base_43/Zonly/Zonly/baselines/CNN,unconstrained,P,100,330,323,312,263,60,67,0.8142414860681114,0.796969696969697,0.8055130168453293,0.9787878787878788,214.08668730650143,30.00000000000025,1565.4733505063289,0.018575851393188854
strengthening/base_43/Zonly/Zonly/baselines/CNN,unconstrained,P,200,330,323,312,286,37,44,0.8854489164086687,0.8666666666666667,0.8759571209800919,0.9787878787878788,214.08668730650143,30.00000000000025,1565.4733505063289,0.018575851393188854
strengthening/base_43/Zonly/Zonly/baselines/CNN,unconstrained,S,50,330,145,54,37,108,293,0.25517241379310346,0.11212121212121212,0.15578947368421053,0.4393939393939394,1215.655172413793,209.9999999999991,3110.8208252640575,0.16551724137931034
strengthening/base_43/Zonly/Zonly/baselines/CNN,unconstrained,S,100,330,145,54,51,94,279,0.35172413793103446,0.15454545454545454,0.21473684210526317,0.4393939393939394,1215.655172413793,209.9999999999991,3110.8208252640575,0.16551724137931034
strengthening/base_43/Zonly/Zonly/baselines/CNN,unconstrained,S,200,330,145,54,72,73,258,0.496551724137931,0.21818181818181817,0.3031578947368421,0.4393939393939394,1215.655172413793,209.9999999999991,3110.8208252640575,0.16551724137931034
strengthening/base_43/Zonly/Zonly/baselines/mean_ensemble,accepted,P,50,330,330,316,222,108,108,0.6727272727272727,0.6727272727272727,0.6727272727272727,1.0,439.121212121212,30.00000000000025,2848.4660943934527,0.03333333333333333
strengthening/base_43/Zonly/Zonly/baselines/mean_ensemble,accepted,P,100,330,330,316,259,71,71,0.7848484848484848,0.7848484848484848,0.7848484848484848,1.0,439.121212121212,30.00000000000025,2848.4660943934527,0.03333333333333333
strengthening/base_43/Zonly/Zonly/baselines/mean_ensemble,accepted,P,200,330,330,316,284,46,46,0.8606060606060606,0.8606060606060606,0.8606060606060606,1.0,439.121212121212,30.00000000000025,2848.4660943934527,0.03333333333333333
strengthening/base_43/Zonly/Zonly/baselines/mean_ensemble,accepted,S,50,330,330,125,1,329,329,0.0030303030303030303,0.0030303030303030303,0.0030303030303030303,1.0,5047.575757575758,4470.0,6071.161139004431,0.9454545454545454
strengthening/base_43/Zonly/Zonly/baselines/mean_ensemble,accepted,S,100,330,330,125,1,329,329,0.0030303030303030303,0.0030303030303030303,0.0030303030303030303,1.0,5047.575757575758,4470.0,6071.161139004431,0.9454545454545454
strengthening/base_43/Zonly/Zonly/baselines/mean_ensemble,accepted,S,200,330,330,125,1,329,329,0.0030303030303030303,0.0030303030303030303,0.0030303030303030303,1.0,5047.575757575758,4470.0,6071.161139004431,0.9454545454545454
strengthening/base_43/Zonly/Zonly/baselines/mean_ensemble,strict,P,50,330,316,316,221,95,109,0.6993670886075949,0.6696969696969697,0.6842105263157895,0.9575757575757575,135.1265822784809,29.99999999999936,658.7747545369281,0.012658227848101266
strengthening/base_43/Zonly/Zonly/baselines/mean_ensemble,strict,P,100,330,316,316,257,59,73,0.8132911392405063,0.7787878787878788,0.7956656346749226,0.9575757575757575,135.1265822784809,29.99999999999936,658.7747545369281,0.012658227848101266
strengthening/base_43/Zonly/Zonly/baselines/mean_ensemble,strict,P,200,330,316,316,280,36,50,0.8860759493670886,0.8484848484848485,0.8668730650154799,0.9575757575757575,135.1265822784809,29.99999999999936,658.7747545369281,0.012658227848101266
strengthening/base_43/Zonly/Zonly/baselines/mean_ensemble,strict,S,50,330,125,125,1,124,329,0.008,0.0030303030303030303,0.004395604395604396,0.3787878787878788,5267.76,4720.000000000001,6115.1216504661625,0.96
strengthening/base_43/Zonly/Zonly/baselines/mean_ensemble,strict,S,100,330,125,125,1,124,329,0.008,0.0030303030303030303,0.004395604395604396,0.3787878787878788,5267.76,4720.000000000001,6115.1216504661625,0.96
strengthening/base_43/Zonly/Zonly/baselines/mean_ensemble,strict,S,200,330,125,125,1,124,329,0.008,0.0030303030303030303,0.004395604395604396,0.3787878787878788,5267.76,4720.000000000001,6115.1216504661625,0.96
strengthening/base_43/Zonly/Zonly/baselines/mean_ensemble,unconstrained,P,50,330,330,316,222,108,108,0.6727272727272727,0.6727272727272727,0.6727272727272727,1.0,439.121212121212,30.00000000000025,2848.4660943934527,0.03333333333333333
strengthening/base_43/Zonly/Zonly/baselines/mean_ensemble,unconstrained,P,100,330,330,316,259,71,71,0.7848484848484848,0.7848484848484848,0.7848484848484848,1.0,439.121212121212,30.00000000000025,2848.4660943934527,0.03333333333333333
strengthening/base_43/Zonly/Zonly/baselines/mean_ensemble,unconstrained,P,200,330,330,316,284,46,46,0.8606060606060606,0.8606060606060606,0.8606060606060606,1.0,439.121212121212,30.00000000000025,2848.4660943934527,0.03333333333333333
strengthening/base_43/Zonly/Zonly/baselines/mean_ensemble,unconstrained,S,50,330,330,139,0,330,330,0.0,0.0,0.0,1.0,5217.969696969697,4865.0,6022.919582978865,0.9666666666666667
strengthening/base_43/Zonly/Zonly/baselines/mean_ensemble,unconstrained,S,100,330,330,139,0,330,330,0.0,0.0,0.0,1.0,5217.969696969697,4865.0,6022.919582978865,0.9666666666666667
strengthening/base_43/Zonly/Zonly/baselines/mean_ensemble,unconstrained,S,200,330,330,139,0,330,330,0.0,0.0,0.0,1.0,5217.969696969697,4865.0,6022.919582978865,0.9666666666666667
strengthening/base_43/Zonly/Zonly/baselines/STA,accepted,P,50,330,330,330,71,259,259,0.21515151515151515,0.21515151515151515,0.21515151515151515,1.0,488.6969696969697,110.00000000000031,2844.1894515597296,0.024242424242424242
strengthening/base_43/Zonly/Zonly/baselines/STA,accepted,P,100,330,330,330,151,179,179,0.4575757575757576,0.4575757575757576,0.4575757575757576,1.0,488.6969696969697,110.00000000000031,2844.1894515597296,0.024242424242424242
strengthening/base_43/Zonly/Zonly/baselines/STA,accepted,P,200,330,330,330,260,70,70,0.7878787878787878,0.7878787878787878,0.7878787878787878,1.0,488.6969696969697,110.00000000000031,2844.1894515597296,0.024242424242424242
strengthening/base_43/Zonly/Zonly/baselines/STA,accepted,S,50,330,330,330,0,330,330,0.0,0.0,0.0,1.0,5026.666666666667,4450.0,6076.21503000915,0.9363636363636364
strengthening/base_43/Zonly/Zonly/baselines/STA,accepted,S,100,330,330,330,0,330,330,0.0,0.0,0.0,1.0,5026.666666666667,4450.0,6076.21503000915,0.9363636363636364
strengthening/base_43/Zonly/Zonly/baselines/STA,accepted,S,200,330,330,330,0,330,330,0.0,0.0,0.0,1.0,5026.666666666667,4450.0,6076.21503000915,0.9363636363636364
strengthening/base_43/Zonly/Zonly/baselines/STA,strict,P,50,330,330,330,71,259,259,0.21515151515151515,0.21515151515151515,0.21515151515151515,1.0,488.6969696969697,110.00000000000031,2844.1894515597296,0.024242424242424242
strengthening/base_43/Zonly/Zonly/baselines/STA,strict,P,100,330,330,330,151,179,179,0.4575757575757576,0.4575757575757576,0.4575757575757576,1.0,488.6969696969697,110.00000000000031,2844.1894515597296,0.024242424242424242
strengthening/base_43/Zonly/Zonly/baselines/STA,strict,P,200,330,330,330,260,70,70,0.7878787878787878,0.7878787878787878,0.7878787878787878,1.0,488.6969696969697,110.00000000000031,2844.1894515597296,0.024242424242424242
strengthening/base_43/Zonly/Zonly/baselines/STA,strict,S,50,330,330,330,0,330,330,0.0,0.0,0.0,1.0,5026.666666666667,4450.0,6076.21503000915,0.9363636363636364
strengthening/base_43/Zonly/Zonly/baselines/STA,strict,S,100,330,330,330,0,330,330,0.0,0.0,0.0,1.0,5026.666666666667,4450.0,6076.21503000915,0.9363636363636364
strengthening/base_43/Zonly/Zonly/baselines/STA,strict,S,200,330,330,330,0,330,330,0.0,0.0,0.0,1.0,5026.666666666667,4450.0,6076.21503000915,0.9363636363636364
strengthening/base_43/Zonly/Zonly/baselines/STA,unconstrained,P,50,330,330,330,71,259,259,0.21515151515151515,0.21515151515151515,0.21515151515151515,1.0,488.6969696969697,110.00000000000031,2844.1894515597296,0.024242424242424242
strengthening/base_43/Zonly/Zonly/baselines/STA,unconstrained,P,100,330,330,330,151,179,179,0.4575757575757576,0.4575757575757576,0.4575757575757576,1.0,488.6969696969697,110.00000000000031,2844.1894515597296,0.024242424242424242
strengthening/base_43/Zonly/Zonly/baselines/STA,unconstrained,P,200,330,330,330,260,70,70,0.7878787878787878,0.7878787878787878,0.7878787878787878,1.0,488.6969696969697,110.00000000000031,2844.1894515597296,0.024242424242424242
strengthening/base_43/Zonly/Zonly/baselines/STA,unconstrained,S,50,330,330,330,0,330,330,0.0,0.0,0.0,1.0,5124.242424242424,4550.0,6152.851125266803,0.9575757575757575
strengthening/base_43/Zonly/Zonly/baselines/STA,unconstrained,S,100,330,330,330,0,330,330,0.0,0.0,0.0,1.0,5124.242424242424,4550.0,6152.851125266803,0.9575757575757575
strengthening/base_43/Zonly/Zonly/baselines/STA,unconstrained,S,200,330,330,330,0,330,330,0.0,0.0,0.0,1.0,5124.242424242424,4550.0,6152.851125266803,0.9575757575757575
strengthening/base_43/Zonly/Zonly/baselines/TCN,accepted,P,50,330,323,320,232,91,98,0.718266253869969,0.703030303030303,0.7105666156202144,0.9787878787878788,152.16718266253858,29.99999999999936,788.4194715745513,0.015479876160990712
strengthening/base_43/Zonly/Zonly/baselines/TCN,accepted,P,100,330,323,320,269,54,61,0.8328173374613003,0.8151515151515152,0.8238897396630934,0.9787878787878788,152.16718266253858,29.99999999999936,788.4194715745513,0.015479876160990712
strengthening/base_43/Zonly/Zonly/baselines/TCN,accepted,P,200,330,323,320,296,27,34,0.9164086687306502,0.896969696969697,0.9065849923430321,0.9787878787878788,152.16718266253858,29.99999999999936,788.4194715745513,0.015479876160990712
strengthening/base_43/Zonly/Zonly/baselines/TCN,accepted,S,50,330,182,82,34,148,296,0.18681318681318682,0.10303030303030303,0.1328125,0.5515151515151515,1120.3846153846155,179.99999999999972,2810.453504525364,0.16483516483516483
strengthening/base_43/Zonly/Zonly/baselines/TCN,accepted,S,100,330,182,82,65,117,265,0.35714285714285715,0.19696969696969696,0.25390625,0.5515151515151515,1120.3846153846155,179.99999999999972,2810.453504525364,0.16483516483516483
strengthening/base_43/Zonly/Zonly/baselines/TCN,accepted,S,200,330,182,82,94,88,236,0.5164835164835165,0.28484848484848485,0.3671875,0.5515151515151515,1120.3846153846155,179.99999999999972,2810.453504525364,0.16483516483516483
strengthening/base_43/Zonly/Zonly/baselines/TCN,strict,P,50,330,320,320,232,88,98,0.725,0.703030303030303,0.7138461538461538,0.9696969696969697,126.15624999999989,29.99999999999936,653.1775696546844,0.0125
strengthening/base_43/Zonly/Zonly/baselines/TCN,strict,P,100,330,320,320,269,51,61,0.840625,0.8151515151515152,0.8276923076923077,0.9696969696969697,126.15624999999989,29.99999999999936,653.1775696546844,0.0125
strengthening/base_43/Zonly/Zonly/baselines/TCN,strict,P,200,330,320,320,295,25,35,0.921875,0.8939393939393939,0.9076923076923077,0.9696969696969697,126.15624999999989,29.99999999999936,653.1775696546844,0.0125
strengthening/base_43/Zonly/Zonly/baselines/TCN,strict,S,50,330,82,82,22,60,308,0.2682926829268293,0.06666666666666667,0.10679611650485436,0.24848484848484848,570.3658536585366,100.00000000000098,1778.1968806466462,0.06097560975609756
strengthening/base_43/Zonly/Zonly/baselines/TCN,strict,S,100,330,82,82,42,40,288,0.5121951219512195,0.12727272727272726,0.20388349514563106,0.24848484848484848,570.3658536585366,100.00000000000098,1778.1968806466462,0.06097560975609756
strengthening/base_43/Zonly/Zonly/baselines/TCN,strict,S,200,330,82,82,53,29,277,0.6463414634146342,0.1606060606060606,0.25728155339805825,0.24848484848484848,570.3658536585366,100.00000000000098,1778.1968806466462,0.06097560975609756
strengthening/base_43/Zonly/Zonly/baselines/TCN,unconstrained,P,50,330,323,320,232,91,98,0.718266253869969,0.703030303030303,0.7105666156202144,0.9787878787878788,152.16718266253858,29.99999999999936,788.4194715745513,0.015479876160990712
strengthening/base_43/Zonly/Zonly/baselines/TCN,unconstrained,P,100,330,323,320,269,54,61,0.8328173374613003,0.8151515151515152,0.8238897396630934,0.9787878787878788,152.16718266253858,29.99999999999936,788.4194715745513,0.015479876160990712
strengthening/base_43/Zonly/Zonly/baselines/TCN,unconstrained,P,200,330,323,320,296,27,34,0.9164086687306502,0.896969696969697,0.9065849923430321,0.9787878787878788,152.16718266253858,29.99999999999936,788.4194715745513,0.015479876160990712
strengthening/base_43/Zonly/Zonly/baselines/TCN,unconstrained,S,50,330,188,84,34,154,296,0.18085106382978725,0.10303030303030303,0.13127413127413126,0.5696969696969697,1262.9787234042553,185.0000000000005,3080.9669661988446,0.18085106382978725
strengthening/base_43/Zonly/Zonly/baselines/TCN,unconstrained,S,100,330,188,84,65,123,265,0.34574468085106386,0.19696969696969696,0.25096525096525096,0.5696969696969697,1262.9787234042553,185.0000000000005,3080.9669661988446,0.18085106382978725
strengthening/base_43/Zonly/Zonly/baselines/TCN,unconstrained,S,200,330,188,84,96,92,234,0.5106382978723404,0.2909090909090909,0.37065637065637064,0.5696969696969697,1262.9787234042553,185.0000000000005,3080.9669661988446,0.18085106382978725
strengthening/base_43/Zonly/Zonly/baselines/weighted_ensemble,accepted,P,50,330,330,317,226,104,104,0.6848484848484848,0.6848484848484848,0.6848484848484848,1.0,421.9090909090908,29.99999999999958,2842.3096135702635,0.024242424242424242
strengthening/base_43/Zonly/Zonly/baselines/weighted_ensemble,accepted,P,100,330,330,317,263,67,67,0.796969696969697,0.796969696969697,0.796969696969697,1.0,421.9090909090908,29.99999999999958,2842.3096135702635,0.024242424242424242
strengthening/base_43/Zonly/Zonly/baselines/weighted_ensemble,accepted,P,200,330,330,317,290,40,40,0.8787878787878788,0.8787878787878788,0.8787878787878788,1.0,421.9090909090908,29.99999999999958,2842.3096135702635,0.024242424242424242
strengthening/base_43/Zonly/Zonly/baselines/weighted_ensemble,accepted,S,50,330,145,55,35,110,295,0.2413793103448276,0.10606060606060606,0.14736842105263157,0.4393939393939394,941.5862068965517,180.00000000000148,2236.8859203566135,0.15862068965517243
strengthening/base_43/Zonly/Zonly/baselines/weighted_ensemble,accepted,S,100,330,145,55,53,92,277,0.36551724137931035,0.1606060606060606,0.2231578947368421,0.4393939393939394,941.5862068965517,180.00000000000148,2236.8859203566135,0.15862068965517243
strengthening/base_43/Zonly/Zonly/baselines/weighted_ensemble,accepted,S,200,330,145,55,76,69,254,0.5241379310344828,0.23030303030303031,0.32,0.4393939393939394,941.5862068965517,180.00000000000148,2236.8859203566135,0.15862068965517243
strengthening/base_43/Zonly/Zonly/baselines/weighted_ensemble,strict,P,50,330,317,317,224,93,106,0.7066246056782335,0.6787878787878788,0.6924265842349304,0.9606060606060606,132.20820189274437,29.99999999999936,656.8097545162984,0.012618296529968454
strengthening/base_43/Zonly/Zonly/baselines/weighted_ensemble,strict,P,100,330,317,317,260,57,70,0.8201892744479495,0.7878787878787878,0.80370942812983,0.9606060606060606,132.20820189274437,29.99999999999936,656.8097545162984,0.012618296529968454
strengthening/base_43/Zonly/Zonly/baselines/weighted_ensemble,strict,P,200,330,317,317,284,33,46,0.8958990536277602,0.8606060606060606,0.8778979907264297,0.9606060606060606,132.20820189274437,29.99999999999936,656.8097545162984,0.012618296529968454
strengthening/base_43/Zonly/Zonly/baselines/weighted_ensemble,strict,S,50,330,55,55,19,36,311,0.34545454545454546,0.05757575757575758,0.0987012987012987,0.16666666666666666,331.2727272727272,89.99999999999986,1420.099868447158,0.01818181818181818
strengthening/base_43/Zonly/Zonly/baselines/weighted_ensemble,strict,S,100,330,55,55,31,24,299,0.5636363636363636,0.09393939393939393,0.16103896103896104,0.16666666666666666,331.2727272727272,89.99999999999986,1420.099868447158,0.01818181818181818
strengthening/base_43/Zonly/Zonly/baselines/weighted_ensemble,strict,S,200,330,55,55,40,15,290,0.7272727272727273,0.12121212121212122,0.2077922077922078,0.16666666666666666,331.2727272727272,89.99999999999986,1420.099868447158,0.01818181818181818
strengthening/base_43/Zonly/Zonly/baselines/weighted_ensemble,unconstrained,P,50,330,330,317,226,104,104,0.6848484848484848,0.6848484848484848,0.6848484848484848,1.0,421.9090909090908,29.99999999999958,2842.3096135702635,0.024242424242424242
strengthening/base_43/Zonly/Zonly/baselines/weighted_ensemble,unconstrained,P,100,330,330,317,263,67,67,0.796969696969697,0.796969696969697,0.796969696969697,1.0,421.9090909090908,29.99999999999958,2842.3096135702635,0.024242424242424242
strengthening/base_43/Zonly/Zonly/baselines/weighted_ensemble,unconstrained,P,200,330,330,317,290,40,40,0.8787878787878788,0.8787878787878788,0.8787878787878788,1.0,421.9090909090908,29.99999999999958,2842.3096135702635,0.024242424242424242
strengthening/base_43/Zonly/Zonly/baselines/weighted_ensemble,unconstrained,S,50,330,151,57,36,115,294,0.23841059602649006,0.10909090909090909,0.1496881496881497,0.4575757575757576,1246.0927152317881,189.9999999999995,3134.811801865079,0.17218543046357615
strengthening/base_43/Zonly/Zonly/baselines/weighted_ensemble,unconstrained,S,100,330,151,57,54,97,276,0.3576158940397351,0.16363636363636364,0.22453222453222454,0.4575757575757576,1246.0927152317881,189.9999999999995,3134.811801865079,0.17218543046357615
strengthening/base_43/Zonly/Zonly/baselines/weighted_ensemble,unconstrained,S,200,330,151,57,78,73,252,0.5165562913907285,0.23636363636363636,0.32432432432432434,0.4575757575757576,1246.0927152317881,189.9999999999995,3134.811801865079,0.17218543046357615
strengthening/base_43/Zonly/Zonly/evaluation/full15ch_seed42,accepted,P,50,330,330,326,230,100,100,0.696969696969697,0.696969696969697,0.696969696969697,1.0,328.3030303030302,30.00000000000025,2339.322616278119,0.021212121212121213
strengthening/base_43/Zonly/Zonly/evaluation/full15ch_seed42,accepted,P,100,330,330,326,269,61,61,0.8151515151515152,0.8151515151515152,0.8151515151515152,1.0,328.3030303030302,30.00000000000025,2339.322616278119,0.021212121212121213
strengthening/base_43/Zonly/Zonly/evaluation/full15ch_seed42,accepted,P,200,330,330,326,298,32,32,0.9030303030303031,0.9030303030303031,0.9030303030303031,1.0,328.3030303030302,30.00000000000025,2339.322616278119,0.021212121212121213
strengthening/base_43/Zonly/Zonly/evaluation/full15ch_seed42,accepted,S,50,330,315,249,47,268,283,0.1492063492063492,0.14242424242424243,0.14573643410852713,0.9545454545454546,1386.5396825396824,279.9999999999994,3110.141322772817,0.24761904761904763
strengthening/base_43/Zonly/Zonly/evaluation/full15ch_seed42,accepted,S,100,330,315,249,83,232,247,0.2634920634920635,0.2515151515151515,0.25736434108527134,0.9545454545454546,1386.5396825396824,279.9999999999994,3110.141322772817,0.24761904761904763
strengthening/base_43/Zonly/Zonly/evaluation/full15ch_seed42,accepted,S,200,330,315,249,133,182,197,0.4222222222222222,0.403030303030303,0.4124031007751938,0.9545454545454546,1386.5396825396824,279.9999999999994,3110.141322772817,0.24761904761904763
strengthening/base_43/Zonly/Zonly/evaluation/full15ch_seed42,strict,P,50,330,326,326,228,98,102,0.6993865030674846,0.6909090909090909,0.6951219512195121,0.9878787878787879,292.0245398773005,30.00000000000025,2244.797120104498,0.018404907975460124
strengthening/base_43/Zonly/Zonly/evaluation/full15ch_seed42,strict,P,100,330,326,326,267,59,63,0.8190184049079755,0.8090909090909091,0.8140243902439024,0.9878787878787879,292.0245398773005,30.00000000000025,2244.797120104498,0.018404907975460124
strengthening/base_43/Zonly/Zonly/evaluation/full15ch_seed42,strict,P,200,330,326,326,296,30,34,0.9079754601226994,0.896969696969697,0.9024390243902439,0.9878787878787879,292.0245398773005,30.00000000000025,2244.797120104498,0.018404907975460124
strengthening/base_43/Zonly/Zonly/evaluation/full15ch_seed42,strict,S,50,330,249,249,40,209,290,0.1606425702811245,0.12121212121212122,0.1381692573402418,0.7545454545454545,1277.7911646586344,230.00000000000043,3154.117663139999,0.20883534136546184
strengthening/base_43/Zonly/Zonly/evaluation/full15ch_seed42,strict,S,100,330,249,249,70,179,260,0.28112449799196787,0.21212121212121213,0.24179620034542315,0.7545454545454545,1277.7911646586344,230.00000000000043,3154.117663139999,0.20883534136546184
strengthening/base_43/Zonly/Zonly/evaluation/full15ch_seed42,strict,S,200,330,249,249,115,134,215,0.46184738955823296,0.3484848484848485,0.39723661485319517,0.7545454545454545,1277.7911646586344,230.00000000000043,3154.117663139999,0.20883534136546184
strengthening/base_43/Zonly/Zonly/evaluation/full15ch_seed42,unconstrained,P,50,330,330,326,230,100,100,0.696969696969697,0.696969696969697,0.696969696969697,1.0,328.3030303030302,30.00000000000025,2339.322616278119,0.021212121212121213
strengthening/base_43/Zonly/Zonly/evaluation/full15ch_seed42,unconstrained,P,100,330,330,326,269,61,61,0.8151515151515152,0.8151515151515152,0.8151515151515152,1.0,328.3030303030302,30.00000000000025,2339.322616278119,0.021212121212121213
strengthening/base_43/Zonly/Zonly/evaluation/full15ch_seed42,unconstrained,P,200,330,330,326,298,32,32,0.9030303030303031,0.9030303030303031,0.9030303030303031,1.0,328.3030303030302,30.00000000000025,2339.322616278119,0.021212121212121213
strengthening/base_43/Zonly/Zonly/evaluation/full15ch_seed42,unconstrained,S,50,330,317,250,47,270,283,0.14826498422712933,0.14242424242424243,0.14528593508500773,0.9606060606060606,1384.1324921135647,269.99999999999955,3112.5960134938273,0.24605678233438485
strengthening/base_43/Zonly/Zonly/evaluation/full15ch_seed42,unconstrained,S,100,330,317,250,84,233,246,0.26498422712933756,0.2545454545454545,0.2596599690880989,0.9606060606060606,1384.1324921135647,269.99999999999955,3112.5960134938273,0.24605678233438485
strengthening/base_43/Zonly/Zonly/evaluation/full15ch_seed42,unconstrained,S,200,330,317,250,135,182,195,0.42586750788643535,0.4090909090909091,0.41731066460587324,0.9606060606060606,1384.1324921135647,269.99999999999955,3112.5960134938273,0.24605678233438485
strengthening/base_43/Zonly/Zonly/evaluation/full15ch_seed43,accepted,P,50,330,326,323,224,102,106,0.6871165644171779,0.6787878787878788,0.6829268292682927,0.9878787878787879,130.64417177914098,29.99999999999936,648.4140633468804,0.012269938650306749
strengthening/base_43/Zonly/Zonly/evaluation/full15ch_seed43,accepted,P,100,330,326,323,266,60,64,0.8159509202453987,0.806060606060606,0.8109756097560976,0.9878787878787879,130.64417177914098,29.99999999999936,648.4140633468804,0.012269938650306749
strengthening/base_43/Zonly/Zonly/evaluation/full15ch_seed43,accepted,P,200,330,326,323,298,28,32,0.9141104294478528,0.9030303030303031,0.9085365853658537,0.9878787878787879,130.64417177914098,29.99999999999936,648.4140633468804,0.012269938650306749
strengthening/base_43/Zonly/Zonly/evaluation/full15ch_seed43,accepted,S,50,330,300,242,46,254,284,0.15333333333333332,0.1393939393939394,0.14603174603174604,0.9090909090909091,1260.5,280.0000000000002,2975.211757169563,0.21666666666666667
strengthening/base_43/Zonly/Zonly/evaluation/full15ch_seed43,accepted,S,100,330,300,242,78,222,252,0.26,0.23636363636363636,0.24761904761904763,0.9090909090909091,1260.5,280.0000000000002,2975.211757169563,0.21666666666666667
strengthening/base_43/Zonly/Zonly/evaluation/full15ch_seed43,accepted,S,200,330,300,242,129,171,201,0.43,0.39090909090909093,0.4095238095238095,0.9090909090909091,1260.5,280.0000000000002,2975.211757169563,0.21666666666666667
strengthening/base_43/Zonly/Zonly/evaluation/full15ch_seed43,strict,P,50,330,323,323,224,99,106,0.6934984520123839,0.6787878787878788,0.6860643185298622,0.9787878787878788,129.1021671826624,29.99999999999936,650.1478755344199,0.01238390092879257
strengthening/base_43/Zonly/Zonly/evaluation/full15ch_seed43,strict,P,100,330,323,323,265,58,65,0.8204334365325078,0.803030303030303,0.8116385911179173,0.9787878787878788,129.1021671826624,29.99999999999936,650.1478755344199,0.01238390092879257
strengthening/base_43/Zonly/Zonly/evaluation/full15ch_seed43,strict,P,200,330,323,323,296,27,34,0.9164086687306502,0.896969696969697,0.9065849923430321,0.9787878787878788,129.1021671826624,29.99999999999936,650.1478755344199,0.01238390092879257
strengthening/base_43/Zonly/Zonly/evaluation/full15ch_seed43,strict,S,50,330,242,242,40,202,290,0.1652892561983471,0.12121212121212122,0.13986013986013987,0.7333333333333333,1236.074380165289,214.99999999999986,3110.36689659033,0.19008264462809918
strengthening/base_43/Zonly/Zonly/evaluation/full15ch_seed43,strict,S,100,330,242,242,70,172,260,0.2892561983471074,0.21212121212121213,0.24475524475524477,0.7333333333333333,1236.074380165289,214.99999999999986,3110.36689659033,0.19008264462809918
strengthening/base_43/Zonly/Zonly/evaluation/full15ch_seed43,strict,S,200,330,242,242,114,128,216,0.47107438016528924,0.34545454545454546,0.3986013986013986,0.7333333333333333,1236.074380165289,214.99999999999986,3110.36689659033,0.19008264462809918
strengthening/base_43/Zonly/Zonly/evaluation/full15ch_seed43,unconstrained,P,50,330,326,323,224,102,106,0.6871165644171779,0.6787878787878788,0.6829268292682927,0.9878787878787879,130.64417177914098,29.99999999999936,648.4140633468804,0.012269938650306749
strengthening/base_43/Zonly/Zonly/evaluation/full15ch_seed43,unconstrained,P,100,330,326,323,266,60,64,0.8159509202453987,0.806060606060606,0.8109756097560976,0.9878787878787879,130.64417177914098,29.99999999999936,648.4140633468804,0.012269938650306749
strengthening/base_43/Zonly/Zonly/evaluation/full15ch_seed43,unconstrained,P,200,330,326,323,298,28,32,0.9141104294478528,0.9030303030303031,0.9085365853658537,0.9878787878787879,130.64417177914098,29.99999999999936,648.4140633468804,0.012269938650306749
strengthening/base_43/Zonly/Zonly/evaluation/full15ch_seed43,unconstrained,S,50,330,305,247,46,259,284,0.15081967213114755,0.1393939393939394,0.14488188976377953,0.9242424242424242,1329.967213114754,289.99999999999915,3082.4696294356972,0.22295081967213115
strengthening/base_43/Zonly/Zonly/evaluation/full15ch_seed43,unconstrained,S,100,330,305,247,78,227,252,0.25573770491803277,0.23636363636363636,0.24566929133858267,0.9242424242424242,1329.967213114754,289.99999999999915,3082.4696294356972,0.22295081967213115
strengthening/base_43/Zonly/Zonly/evaluation/full15ch_seed43,unconstrained,S,200,330,305,247,129,176,201,0.42295081967213116,0.39090909090909093,0.4062992125984252,0.9242424242424242,1329.967213114754,289.99999999999915,3082.4696294356972,0.22295081967213115
strengthening/base_43/Zonly/Zonly/evaluation/full15ch_seed44,accepted,P,50,330,325,322,234,91,96,0.72,0.7090909090909091,0.7145038167938931,0.9848484848484849,129.63076923076912,30.00000000000025,649.8811725704466,0.012307692307692308
strengthening/base_43/Zonly/Zonly/evaluation/full15ch_seed44,accepted,P,100,330,325,322,267,58,63,0.8215384615384616,0.8090909090909091,0.815267175572519,0.9848484848484849,129.63076923076912,30.00000000000025,649.8811725704466,0.012307692307692308
strengthening/base_43/Zonly/Zonly/evaluation/full15ch_seed44,accepted,P,200,330,325,322,298,27,32,0.916923076923077,0.9030303030303031,0.9099236641221374,0.9848484848484849,129.63076923076912,30.00000000000025,649.8811725704466,0.012307692307692308
strengthening/base_43/Zonly/Zonly/evaluation/full15ch_seed44,accepted,S,50,330,292,220,37,255,293,0.1267123287671233,0.11212121212121212,0.1189710610932476,0.8848484848484849,1350.7876712328768,230.00000000000043,3169.012799483093,0.2226027397260274
strengthening/base_43/Zonly/Zonly/evaluation/full15ch_seed44,accepted,S,100,330,292,220,78,214,252,0.2671232876712329,0.23636363636363636,0.2508038585209003,0.8848484848484849,1350.7876712328768,230.00000000000043,3169.012799483093,0.2226027397260274
strengthening/base_43/Zonly/Zonly/evaluation/full15ch_seed44,accepted,S,200,330,292,220,128,164,202,0.4383561643835616,0.3878787878787879,0.4115755627009646,0.8848484848484849,1350.7876712328768,230.00000000000043,3169.012799483093,0.2226027397260274
strengthening/base_43/Zonly/Zonly/evaluation/full15ch_seed44,strict,P,50,330,322,322,233,89,97,0.7236024844720497,0.706060606060606,0.7147239263803681,0.9757575757575757,128.35403726708066,30.00000000000025,651.8885607618636,0.012422360248447204
strengthening/base_43/Zonly/Zonly/evaluation/full15ch_seed44,strict,P,100,330,322,322,266,56,64,0.8260869565217391,0.806060606060606,0.8159509202453987,0.9757575757575757,128.35403726708066,30.00000000000025,651.8885607618636,0.012422360248447204
strengthening/base_43/Zonly/Zonly/evaluation/full15ch_seed44,strict,P,200,330,322,322,296,26,34,0.9192546583850931,0.896969696969697,0.9079754601226994,0.9757575757575757,128.35403726708066,30.00000000000025,651.8885607618636,0.012422360248447204
strengthening/base_43/Zonly/Zonly/evaluation/full15ch_seed44,strict,S,50,330,220,220,32,188,298,0.14545454545454545,0.09696969696969697,0.11636363636363636,0.6666666666666666,1278.2272727272727,204.9999999999992,3320.9843146545904,0.19090909090909092
strengthening/base_43/Zonly/Zonly/evaluation/full15ch_seed44,strict,S,100,330,220,220,68,152,262,0.3090909090909091,0.20606060606060606,0.24727272727272728,0.6666666666666666,1278.2272727272727,204.9999999999992,3320.9843146545904,0.19090909090909092
strengthening/base_43/Zonly/Zonly/evaluation/full15ch_seed44,strict,S,200,330,220,220,110,110,220,0.5,0.3333333333333333,0.4,0.6666666666666666,1278.2272727272727,204.9999999999992,3320.9843146545904,0.19090909090909092
strengthening/base_43/Zonly/Zonly/evaluation/full15ch_seed44,unconstrained,P,50,330,325,322,234,91,96,0.72,0.7090909090909091,0.7145038167938931,0.9848484848484849,129.63076923076912,30.00000000000025,649.8811725704466,0.012307692307692308
strengthening/base_43/Zonly/Zonly/evaluation/full15ch_seed44,unconstrained,P,100,330,325,322,267,58,63,0.8215384615384616,0.8090909090909091,0.815267175572519,0.9848484848484849,129.63076923076912,30.00000000000025,649.8811725704466,0.012307692307692308
strengthening/base_43/Zonly/Zonly/evaluation/full15ch_seed44,unconstrained,P,200,330,325,322,298,27,32,0.916923076923077,0.9030303030303031,0.9099236641221374,0.9848484848484849,129.63076923076912,30.00000000000025,649.8811725704466,0.012307692307692308
strengthening/base_43/Zonly/Zonly/evaluation/full15ch_seed44,unconstrained,S,50,330,297,225,37,260,293,0.12457912457912458,0.11212121212121212,0.11802232854864433,0.9,1413.7710437710439,230.00000000000043,3257.580178526481,0.23232323232323232
strengthening/base_43/Zonly/Zonly/evaluation/full15ch_seed44,unconstrained,S,100,330,297,225,79,218,251,0.265993265993266,0.23939393939393938,0.25199362041467305,0.9,1413.7710437710439,230.00000000000043,3257.580178526481,0.23232323232323232
strengthening/base_43/Zonly/Zonly/evaluation/full15ch_seed44,unconstrained,S,200,330,297,225,130,167,200,0.4377104377104377,0.3939393939393939,0.41467304625199364,0.9,1413.7710437710439,230.00000000000043,3257.580178526481,0.23232323232323232
strengthening/base_44/Full3C/Full3C/baselines/AIC,accepted,P,50,330,330,330,94,236,236,0.28484848484848485,0.28484848484848485,0.28484848484848485,1.0,953.3939393939394,344.9999999999998,1899.0375552799467,0.21818181818181817
strengthening/base_44/Full3C/Full3C/baselines/AIC,accepted,P,100,330,330,330,122,208,208,0.3696969696969697,0.3696969696969697,0.3696969696969697,1.0,953.3939393939394,344.9999999999998,1899.0375552799467,0.21818181818181817
strengthening/base_44/Full3C/Full3C/baselines/AIC,accepted,P,200,330,330,330,144,186,186,0.43636363636363634,0.43636363636363634,0.43636363636363634,1.0,953.3939393939394,344.9999999999998,1899.0375552799467,0.21818181818181817
strengthening/base_44/Full3C/Full3C/baselines/AIC,accepted,S,50,330,303,300,0,303,330,0.0,0.0,0.0,0.9181818181818182,5247.293729372937,4830.000000000001,5981.111771217955,0.9834983498349835
strengthening/base_44/Full3C/Full3C/baselines/AIC,accepted,S,100,330,303,300,0,303,330,0.0,0.0,0.0,0.9181818181818182,5247.293729372937,4830.000000000001,5981.111771217955,0.9834983498349835
strengthening/base_44/Full3C/Full3C/baselines/AIC,accepted,S,200,330,303,300,0,303,330,0.0,0.0,0.0,0.9181818181818182,5247.293729372937,4830.000000000001,5981.111771217955,0.9834983498349835
strengthening/base_44/Full3C/Full3C/baselines/AIC,strict,P,50,330,330,330,94,236,236,0.28484848484848485,0.28484848484848485,0.28484848484848485,1.0,953.3939393939394,344.9999999999998,1899.0375552799467,0.21818181818181817
strengthening/base_44/Full3C/Full3C/baselines/AIC,strict,P,100,330,330,330,122,208,208,0.3696969696969697,0.3696969696969697,0.3696969696969697,1.0,953.3939393939394,344.9999999999998,1899.0375552799467,0.21818181818181817
strengthening/base_44/Full3C/Full3C/baselines/AIC,strict,P,200,330,330,330,144,186,186,0.43636363636363634,0.43636363636363634,0.43636363636363634,1.0,953.3939393939394,344.9999999999998,1899.0375552799467,0.21818181818181817
strengthening/base_44/Full3C/Full3C/baselines/AIC,strict,S,50,330,300,300,0,300,330,0.0,0.0,0.0,0.9090909090909091,5250.133333333333,4850.000000000001,5989.533537764022,0.9833333333333333
strengthening/base_44/Full3C/Full3C/baselines/AIC,strict,S,100,330,300,300,0,300,330,0.0,0.0,0.0,0.9090909090909091,5250.133333333333,4850.000000000001,5989.533537764022,0.9833333333333333
strengthening/base_44/Full3C/Full3C/baselines/AIC,strict,S,200,330,300,300,0,300,330,0.0,0.0,0.0,0.9090909090909091,5250.133333333333,4850.000000000001,5989.533537764022,0.9833333333333333
strengthening/base_44/Full3C/Full3C/baselines/AIC,unconstrained,P,50,330,330,330,94,236,236,0.28484848484848485,0.28484848484848485,0.28484848484848485,1.0,953.3939393939394,344.9999999999998,1899.0375552799467,0.21818181818181817
strengthening/base_44/Full3C/Full3C/baselines/AIC,unconstrained,P,100,330,330,330,122,208,208,0.3696969696969697,0.3696969696969697,0.3696969696969697,1.0,953.3939393939394,344.9999999999998,1899.0375552799467,0.21818181818181817
strengthening/base_44/Full3C/Full3C/baselines/AIC,unconstrained,P,200,330,330,330,144,186,186,0.43636363636363634,0.43636363636363634,0.43636363636363634,1.0,953.3939393939394,344.9999999999998,1899.0375552799467,0.21818181818181817
strengthening/base_44/Full3C/Full3C/baselines/AIC,unconstrained,S,50,330,330,330,0,330,330,0.0,0.0,0.0,1.0,5293.121212121212,4930.0,6068.805259087432,0.9848484848484849
strengthening/base_44/Full3C/Full3C/baselines/AIC,unconstrained,S,100,330,330,330,0,330,330,0.0,0.0,0.0,1.0,5293.121212121212,4930.0,6068.805259087432,0.9848484848484849
strengthening/base_44/Full3C/Full3C/baselines/AIC,unconstrained,S,200,330,330,330,0,330,330,0.0,0.0,0.0,1.0,5293.121212121212,4930.0,6068.805259087432,0.9848484848484849
strengthening/base_44/Full3C/Full3C/baselines/CNN,accepted,P,50,330,323,308,230,93,100,0.7120743034055728,0.696969696969697,0.7044410413476263,0.9787878787878788,156.81114551083581,30.00000000000025,789.7534591983687,0.015479876160990712
strengthening/base_44/Full3C/Full3C/baselines/CNN,accepted,P,100,330,323,308,264,59,66,0.8173374613003096,0.8,0.8085758039816233,0.9787878787878788,156.81114551083581,30.00000000000025,789.7534591983687,0.015479876160990712
strengthening/base_44/Full3C/Full3C/baselines/CNN,accepted,P,200,330,323,308,288,35,42,0.891640866873065,0.8727272727272727,0.8820826952526799,0.9787878787878788,156.81114551083581,30.00000000000025,789.7534591983687,0.015479876160990712
strengthening/base_44/Full3C/Full3C/baselines/CNN,accepted,S,50,330,275,169,82,193,248,0.29818181818181816,0.24848484848484848,0.27107438016528923,0.8333333333333334,1085.9272727272728,200.00000000000108,2418.0363934399334,0.19636363636363635
strengthening/base_44/Full3C/Full3C/baselines/CNN,accepted,S,100,330,275,169,107,168,223,0.3890909090909091,0.3242424242424242,0.3537190082644628,0.8333333333333334,1085.9272727272728,200.00000000000108,2418.0363934399334,0.19636363636363635
strengthening/base_44/Full3C/Full3C/baselines/CNN,accepted,S,200,330,275,169,139,136,191,0.5054545454545455,0.4212121212121212,0.45950413223140496,0.8333333333333334,1085.9272727272728,200.00000000000108,2418.0363934399334,0.19636363636363635
strengthening/base_44/Full3C/Full3C/baselines/CNN,strict,P,50,330,308,308,226,82,104,0.7337662337662337,0.6848484848484848,0.7084639498432602,0.9333333333333333,130.12987012987,29.99999999999936,665.3433836612627,0.012987012987012988
strengthening/base_44/Full3C/Full3C/baselines/CNN,strict,P,100,330,308,308,259,49,71,0.8409090909090909,0.7848484848484848,0.8119122257053292,0.9333333333333333,130.12987012987,29.99999999999936,665.3433836612627,0.012987012987012988
strengthening/base_44/Full3C/Full3C/baselines/CNN,strict,P,200,330,308,308,278,30,52,0.9025974025974026,0.8424242424242424,0.8714733542319749,0.9333333333333333,130.12987012987,29.99999999999936,665.3433836612627,0.012987012987012988
strengthening/base_44/Full3C/Full3C/baselines/CNN,strict,S,50,330,169,169,68,101,262,0.40236686390532544,0.20606060606060606,0.2725450901803607,0.5121212121212121,697.810650887574,89.99999999999986,2038.9295544011939,0.09467455621301775
strengthening/base_44/Full3C/Full3C/baselines/CNN,strict,S,100,330,169,169,88,81,242,0.5207100591715976,0.26666666666666666,0.3527054108216433,0.5121212121212121,697.810650887574,89.99999999999986,2038.9295544011939,0.09467455621301775
strengthening/base_44/Full3C/Full3C/baselines/CNN,strict,S,200,330,169,169,109,60,221,0.6449704142011834,0.3303030303030303,0.43687374749499,0.5121212121212121,697.810650887574,89.99999999999986,2038.9295544011939,0.09467455621301775
strengthening/base_44/Full3C/Full3C/baselines/CNN,unconstrained,P,50,330,323,308,230,93,100,0.7120743034055728,0.696969696969697,0.7044410413476263,0.9787878787878788,156.81114551083581,30.00000000000025,789.7534591983687,0.015479876160990712
strengthening/base_44/Full3C/Full3C/baselines/CNN,unconstrained,P,100,330,323,308,264,59,66,0.8173374613003096,0.8,0.8085758039816233,0.9787878787878788,156.81114551083581,30.00000000000025,789.7534591983687,0.015479876160990712
strengthening/base_44/Full3C/Full3C/baselines/CNN,unconstrained,P,200,330,323,308,288,35,42,0.891640866873065,0.8727272727272727,0.8820826952526799,0.9787878787878788,156.81114551083581,30.00000000000025,789.7534591983687,0.015479876160990712
strengthening/base_44/Full3C/Full3C/baselines/CNN,unconstrained,S,50,330,281,173,83,198,247,0.29537366548042704,0.2515151515151515,0.27168576104746317,0.8515151515151516,1112.4199288256227,200.00000000000108,2480.8538737822705,0.199288256227758
strengthening/base_44/Full3C/Full3C/baselines/CNN,unconstrained,S,100,330,281,173,108,173,222,0.38434163701067614,0.32727272727272727,0.353518821603928,0.8515151515151516,1112.4199288256227,200.00000000000108,2480.8538737822705,0.199288256227758
strengthening/base_44/Full3C/Full3C/baselines/CNN,unconstrained,S,200,330,281,173,141,140,189,0.501779359430605,0.42727272727272725,0.46153846153846156,0.8515151515151516,1112.4199288256227,200.00000000000108,2480.8538737822705,0.199288256227758
strengthening/base_44/Full3C/Full3C/baselines/mean_ensemble,accepted,P,50,330,330,316,222,108,108,0.6727272727272727,0.6727272727272727,0.6727272727272727,1.0,378.1515151515151,30.00000000000025,2621.634523681281,0.02727272727272727
strengthening/base_44/Full3C/Full3C/baselines/mean_ensemble,accepted,P,100,330,330,316,257,73,73,0.7787878787878788,0.7787878787878788,0.7787878787878788,1.0,378.1515151515151,30.00000000000025,2621.634523681281,0.02727272727272727
strengthening/base_44/Full3C/Full3C/baselines/mean_ensemble,accepted,P,200,330,330,316,283,47,47,0.8575757575757575,0.8575757575757575,0.8575757575757575,1.0,378.1515151515151,30.00000000000025,2621.634523681281,0.02727272727272727
strengthening/base_44/Full3C/Full3C/baselines/mean_ensemble,accepted,S,50,330,324,153,40,284,290,0.12345679012345678,0.12121212121212122,0.12232415902140673,0.9818181818181818,3975.7716049382716,3985.0,5087.028074389764,0.7685185185185185
strengthening/base_44/Full3C/Full3C/baselines/mean_ensemble,accepted,S,100,330,324,153,50,274,280,0.15432098765432098,0.15151515151515152,0.1529051987767584,0.9818181818181818,3975.7716049382716,3985.0,5087.028074389764,0.7685185185185185
strengthening/base_44/Full3C/Full3C/baselines/mean_ensemble,accepted,S,200,330,324,153,55,269,275,0.1697530864197531,0.16666666666666666,0.16819571865443425,0.9818181818181818,3975.7716049382716,3985.0,5087.028074389764,0.7685185185185185
strengthening/base_44/Full3C/Full3C/baselines/mean_ensemble,strict,P,50,330,316,316,221,95,109,0.6993670886075949,0.6696969696969697,0.6842105263157895,0.9575757575757575,135.25316455696193,29.99999999999936,657.6203745034253,0.012658227848101266
strengthening/base_44/Full3C/Full3C/baselines/mean_ensemble,strict,P,100,330,316,316,256,60,74,0.810126582278481,0.7757575757575758,0.7925696594427245,0.9575757575757575,135.25316455696193,29.99999999999936,657.6203745034253,0.012658227848101266
strengthening/base_44/Full3C/Full3C/baselines/mean_ensemble,strict,P,200,330,316,316,279,37,51,0.8829113924050633,0.8454545454545455,0.8637770897832817,0.9575757575757575,135.25316455696193,29.99999999999936,657.6203745034253,0.012658227848101266
strengthening/base_44/Full3C/Full3C/baselines/mean_ensemble,strict,S,50,330,153,153,33,120,297,0.21568627450980393,0.1,0.13664596273291926,0.4636363636363636,3839.4117647058824,3780.000000000001,5086.940411003263,0.6993464052287581
strengthening/base_44/Full3C/Full3C/baselines/mean_ensemble,strict,S,100,330,153,153,38,115,292,0.24836601307189543,0.11515151515151516,0.15734989648033126,0.4636363636363636,3839.4117647058824,3780.000000000001,5086.940411003263,0.6993464052287581
strengthening/base_44/Full3C/Full3C/baselines/mean_ensemble,strict,S,200,330,153,153,41,112,289,0.2679738562091503,0.12424242424242424,0.16977225672877846,0.4636363636363636,3839.4117647058824,3780.000000000001,5086.940411003263,0.6993464052287581
strengthening/base_44/Full3C/Full3C/baselines/mean_ensemble,unconstrained,P,50,330,330,316,222,108,108,0.6727272727272727,0.6727272727272727,0.6727272727272727,1.0,378.1515151515151,30.00000000000025,2621.634523681281,0.02727272727272727
strengthening/base_44/Full3C/Full3C/baselines/mean_ensemble,unconstrained,P,100,330,330,316,257,73,73,0.7787878787878788,0.7787878787878788,0.7787878787878788,1.0,378.1515151515151,30.00000000000025,2621.634523681281,0.02727272727272727
strengthening/base_44/Full3C/Full3C/baselines/mean_ensemble,unconstrained,P,200,330,330,316,283,47,47,0.8575757575757575,0.8575757575757575,0.8575757575757575,1.0,378.1515151515151,30.00000000000025,2621.634523681281,0.02727272727272727
strengthening/base_44/Full3C/Full3C/baselines/mean_ensemble,unconstrained,S,50,330,330,166,34,296,296,0.10303030303030303,0.10303030303030303,0.10303030303030303,1.0,4334.242424242424,4255.0,5521.734960109637,0.8090909090909091
strengthening/base_44/Full3C/Full3C/baselines/mean_ensemble,unconstrained,S,100,330,330,166,43,287,287,0.1303030303030303,0.1303030303030303,0.1303030303030303,1.0,4334.242424242424,4255.0,5521.734960109637,0.8090909090909091
strengthening/base_44/Full3C/Full3C/baselines/mean_ensemble,unconstrained,S,200,330,330,166,47,283,283,0.14242424242424243,0.14242424242424243,0.14242424242424243,1.0,4334.242424242424,4255.0,5521.734960109637,0.8090909090909091
strengthening/base_44/Full3C/Full3C/baselines/STA,accepted,P,50,330,330,330,71,259,259,0.21515151515151515,0.21515151515151515,0.21515151515151515,1.0,488.6969696969697,110.00000000000031,2844.1894515597296,0.024242424242424242
strengthening/base_44/Full3C/Full3C/baselines/STA,accepted,P,100,330,330,330,151,179,179,0.4575757575757576,0.4575757575757576,0.4575757575757576,1.0,488.6969696969697,110.00000000000031,2844.1894515597296,0.024242424242424242
strengthening/base_44/Full3C/Full3C/baselines/STA,accepted,P,200,330,330,330,260,70,70,0.7878787878787878,0.7878787878787878,0.7878787878787878,1.0,488.6969696969697,110.00000000000031,2844.1894515597296,0.024242424242424242
strengthening/base_44/Full3C/Full3C/baselines/STA,accepted,S,50,330,318,314,2,316,328,0.006289308176100629,0.006060606060606061,0.006172839506172839,0.9636363636363636,4539.276729559749,4265.0,5602.517263296437,0.8773584905660378
strengthening/base_44/Full3C/Full3C/baselines/STA,accepted,S,100,330,318,314,5,313,325,0.015723270440251572,0.015151515151515152,0.015432098765432098,0.9636363636363636,4539.276729559749,4265.0,5602.517263296437,0.8773584905660378
strengthening/base_44/Full3C/Full3C/baselines/STA,accepted,S,200,330,318,314,15,303,315,0.04716981132075472,0.045454545454545456,0.046296296296296294,0.9636363636363636,4539.276729559749,4265.0,5602.517263296437,0.8773584905660378
strengthening/base_44/Full3C/Full3C/baselines/STA,strict,P,50,330,330,330,71,259,259,0.21515151515151515,0.21515151515151515,0.21515151515151515,1.0,488.6969696969697,110.00000000000031,2844.1894515597296,0.024242424242424242
strengthening/base_44/Full3C/Full3C/baselines/STA,strict,P,100,330,330,330,151,179,179,0.4575757575757576,0.4575757575757576,0.4575757575757576,1.0,488.6969696969697,110.00000000000031,2844.1894515597296,0.024242424242424242
strengthening/base_44/Full3C/Full3C/baselines/STA,strict,P,200,330,330,330,260,70,70,0.7878787878787878,0.7878787878787878,0.7878787878787878,1.0,488.6969696969697,110.00000000000031,2844.1894515597296,0.024242424242424242
strengthening/base_44/Full3C/Full3C/baselines/STA,strict,S,50,330,314,314,2,312,328,0.006369426751592357,0.006060606060606061,0.006211180124223602,0.9515151515151515,4516.401273885351,4265.0,5571.732311894929,0.8789808917197452
strengthening/base_44/Full3C/Full3C/baselines/STA,strict,S,100,330,314,314,5,309,325,0.01592356687898089,0.015151515151515152,0.015527950310559006,0.9515151515151515,4516.401273885351,4265.0,5571.732311894929,0.8789808917197452
strengthening/base_44/Full3C/Full3C/baselines/STA,strict,S,200,330,314,314,15,299,315,0.04777070063694268,0.045454545454545456,0.046583850931677016,0.9515151515151515,4516.401273885351,4265.0,5571.732311894929,0.8789808917197452
strengthening/base_44/Full3C/Full3C/baselines/STA,unconstrained,P,50,330,330,330,71,259,259,0.21515151515151515,0.21515151515151515,0.21515151515151515,1.0,488.6969696969697,110.00000000000031,2844.1894515597296,0.024242424242424242
strengthening/base_44/Full3C/Full3C/baselines/STA,unconstrained,P,100,330,330,330,151,179,179,0.4575757575757576,0.4575757575757576,0.4575757575757576,1.0,488.6969696969697,110.00000000000031,2844.1894515597296,0.024242424242424242
strengthening/base_44/Full3C/Full3C/baselines/STA,unconstrained,P,200,330,330,330,260,70,70,0.7878787878787878,0.7878787878787878,0.7878787878787878,1.0,488.6969696969697,110.00000000000031,2844.1894515597296,0.024242424242424242
strengthening/base_44/Full3C/Full3C/baselines/STA,unconstrained,S,50,330,330,330,2,328,328,0.006060606060606061,0.006060606060606061,0.006060606060606061,1.0,4827.30303030303,4405.0,6272.714819926155,0.8909090909090909
strengthening/base_44/Full3C/Full3C/baselines/STA,unconstrained,S,100,330,330,330,5,325,325,0.015151515151515152,0.015151515151515152,0.015151515151515152,1.0,4827.30303030303,4405.0,6272.714819926155,0.8909090909090909
strengthening/base_44/Full3C/Full3C/baselines/STA,unconstrained,S,200,330,330,330,16,314,314,0.048484848484848485,0.048484848484848485,0.048484848484848485,1.0,4827.30303030303,4405.0,6272.714819926155,0.8909090909090909
strengthening/base_44/Full3C/Full3C/baselines/TCN,accepted,P,50,330,322,316,223,99,107,0.6925465838509317,0.6757575757575758,0.6840490797546013,0.9757575757575757,103.19875776397505,29.99999999999936,475.3145411656141,0.009316770186335404
strengthening/base_44/Full3C/Full3C/baselines/TCN,accepted,P,100,330,322,316,268,54,62,0.8322981366459627,0.8121212121212121,0.8220858895705522,0.9757575757575757,103.19875776397505,29.99999999999936,475.3145411656141,0.009316770186335404
strengthening/base_44/Full3C/Full3C/baselines/TCN,accepted,P,200,330,322,316,295,27,35,0.9161490683229814,0.8939393939393939,0.9049079754601227,0.9757575757575757,103.19875776397505,29.99999999999936,475.3145411656141,0.009316770186335404
strengthening/base_44/Full3C/Full3C/baselines/TCN,accepted,S,50,330,271,190,107,164,223,0.3948339483394834,0.3242424242424242,0.3560732113144759,0.8212121212121212,484.5387453874538,80.00000000000007,1594.493407039443,0.06642066420664207
strengthening/base_44/Full3C/Full3C/baselines/TCN,accepted,S,100,330,271,190,154,117,176,0.5682656826568265,0.4666666666666667,0.5124792013311148,0.8212121212121212,484.5387453874538,80.00000000000007,1594.493407039443,0.06642066420664207
strengthening/base_44/Full3C/Full3C/baselines/TCN,accepted,S,200,330,271,190,199,72,131,0.7343173431734318,0.603030303030303,0.6622296173044925,0.8212121212121212,484.5387453874538,80.00000000000007,1594.493407039443,0.06642066420664207
strengthening/base_44/Full3C/Full3C/baselines/TCN,strict,P,50,330,316,316,220,96,110,0.6962025316455697,0.6666666666666666,0.6811145510835913,0.9575757575757575,103.16455696202522,29.99999999999936,479.4108990485951,0.00949367088607595
strengthening/base_44/Full3C/Full3C/baselines/TCN,strict,P,100,330,316,316,265,51,65,0.8386075949367089,0.803030303030303,0.8204334365325078,0.9575757575757575,103.16455696202522,29.99999999999936,479.4108990485951,0.00949367088607595
strengthening/base_44/Full3C/Full3C/baselines/TCN,strict,P,200,330,316,316,290,26,40,0.9177215189873418,0.8787878787878788,0.8978328173374613,0.9575757575757575,103.16455696202522,29.99999999999936,479.4108990485951,0.00949367088607595
strengthening/base_44/Full3C/Full3C/baselines/TCN,strict,S,50,330,190,190,92,98,238,0.4842105263157895,0.2787878787878788,0.35384615384615387,0.5757575757575758,210.21052631578945,60.0000000000005,884.8859575644406,0.021052631578947368
strengthening/base_44/Full3C/Full3C/baselines/TCN,strict,S,100,330,190,190,129,61,201,0.6789473684210526,0.39090909090909093,0.49615384615384617,0.5757575757575758,210.21052631578945,60.0000000000005,884.8859575644406,0.021052631578947368
strengthening/base_44/Full3C/Full3C/baselines/TCN,strict,S,200,330,190,190,158,32,172,0.8315789473684211,0.47878787878787876,0.6076923076923076,0.5757575757575758,210.21052631578945,60.0000000000005,884.8859575644406,0.021052631578947368
strengthening/base_44/Full3C/Full3C/baselines/TCN,unconstrained,P,50,330,322,316,223,99,107,0.6925465838509317,0.6757575757575758,0.6840490797546013,0.9757575757575757,103.19875776397505,29.99999999999936,475.3145411656141,0.009316770186335404
strengthening/base_44/Full3C/Full3C/baselines/TCN,unconstrained,P,100,330,322,316,268,54,62,0.8322981366459627,0.8121212121212121,0.8220858895705522,0.9757575757575757,103.19875776397505,29.99999999999936,475.3145411656141,0.009316770186335404
strengthening/base_44/Full3C/Full3C/baselines/TCN,unconstrained,P,200,330,322,316,295,27,35,0.9161490683229814,0.8939393939393939,0.9049079754601227,0.9757575757575757,103.19875776397505,29.99999999999936,475.3145411656141,0.009316770186335404
strengthening/base_44/Full3C/Full3C/baselines/TCN,unconstrained,S,50,330,278,195,108,170,222,0.38848920863309355,0.32727272727272727,0.35526315789473684,0.8424242424242424,537.5179856115107,80.00000000000007,1739.4840258706006,0.07553956834532374
strengthening/base_44/Full3C/Full3C/baselines/TCN,unconstrained,S,100,330,278,195,157,121,173,0.564748201438849,0.47575757575757577,0.5164473684210527,0.8424242424242424,537.5179856115107,80.00000000000007,1739.4840258706006,0.07553956834532374
strengthening/base_44/Full3C/Full3C/baselines/TCN,unconstrained,S,200,330,278,195,203,75,127,0.7302158273381295,0.6151515151515151,0.6677631578947368,0.8424242424242424,537.5179856115107,80.00000000000007,1739.4840258706006,0.07553956834532374
strengthening/base_44/Full3C/Full3C/baselines/weighted_ensemble,accepted,P,50,330,330,316,229,101,101,0.693939393939394,0.693939393939394,0.693939393939394,1.0,425.33333333333326,29.999999999999805,2842.743659768062,0.024242424242424242
strengthening/base_44/Full3C/Full3C/baselines/weighted_ensemble,accepted,P,100,330,330,316,261,69,69,0.7909090909090909,0.7909090909090909,0.7909090909090909,1.0,425.33333333333326,29.999999999999805,2842.743659768062,0.024242424242424242
strengthening/base_44/Full3C/Full3C/baselines/weighted_ensemble,accepted,P,200,330,330,316,283,47,47,0.8575757575757575,0.8575757575757575,0.8575757575757575,1.0,425.33333333333326,29.999999999999805,2842.743659768062,0.024242424242424242
strengthening/base_44/Full3C/Full3C/baselines/weighted_ensemble,accepted,S,50,330,262,149,104,158,226,0.3969465648854962,0.3151515151515151,0.35135135135135137,0.793939393939394,488.1297709923664,89.99999999999986,1572.5293235047934,0.07251908396946564
strengthening/base_44/Full3C/Full3C/baselines/weighted_ensemble,accepted,S,100,330,262,149,141,121,189,0.5381679389312977,0.42727272727272725,0.47635135135135137,0.793939393939394,488.1297709923664,89.99999999999986,1572.5293235047934,0.07251908396946564
strengthening/base_44/Full3C/Full3C/baselines/weighted_ensemble,accepted,S,200,330,262,149,179,83,151,0.683206106870229,0.5424242424242425,0.6047297297297297,0.793939393939394,488.1297709923664,89.99999999999986,1572.5293235047934,0.07251908396946564
strengthening/base_44/Full3C/Full3C/baselines/weighted_ensemble,strict,P,50,330,316,316,229,87,101,0.7246835443037974,0.693939393939394,0.7089783281733746,0.9575757575757575,131.13924050632903,29.99999999999936,656.4779441376843,0.012658227848101266
strengthening/base_44/Full3C/Full3C/baselines/weighted_ensemble,strict,P,100,330,316,316,261,55,69,0.8259493670886076,0.7909090909090909,0.8080495356037152,0.9575757575757575,131.13924050632903,29.99999999999936,656.4779441376843,0.012658227848101266
strengthening/base_44/Full3C/Full3C/baselines/weighted_ensemble,strict,P,200,330,316,316,281,35,49,0.8892405063291139,0.8515151515151516,0.8699690402476781,0.9575757575757575,131.13924050632903,29.99999999999936,656.4779441376843,0.012658227848101266
strengthening/base_44/Full3C/Full3C/baselines/weighted_ensemble,strict,S,50,330,149,149,71,78,259,0.47651006711409394,0.21515151515151515,0.2964509394572025,0.45151515151515154,164.2953020134228,60.0000000000005,452.3510545031006,0.013422818791946308
strengthening/base_44/Full3C/Full3C/baselines/weighted_ensemble,strict,S,100,330,149,149,93,56,237,0.6241610738255033,0.2818181818181818,0.3883089770354906,0.45151515151515154,164.2953020134228,60.0000000000005,452.3510545031006,0.013422818791946308
strengthening/base_44/Full3C/Full3C/baselines/weighted_ensemble,strict,S,200,330,149,149,118,31,212,0.7919463087248322,0.3575757575757576,0.49269311064718163,0.45151515151515154,164.2953020134228,60.0000000000005,452.3510545031006,0.013422818791946308
strengthening/base_44/Full3C/Full3C/baselines/weighted_ensemble,unconstrained,P,50,330,330,316,229,101,101,0.693939393939394,0.693939393939394,0.693939393939394,1.0,425.33333333333326,29.999999999999805,2842.743659768062,0.024242424242424242
strengthening/base_44/Full3C/Full3C/baselines/weighted_ensemble,unconstrained,P,100,330,330,316,261,69,69,0.7909090909090909,0.7909090909090909,0.7909090909090909,1.0,425.33333333333326,29.999999999999805,2842.743659768062,0.024242424242424242
strengthening/base_44/Full3C/Full3C/baselines/weighted_ensemble,unconstrained,P,200,330,330,316,283,47,47,0.8575757575757575,0.8575757575757575,0.8575757575757575,1.0,425.33333333333326,29.999999999999805,2842.743659768062,0.024242424242424242
strengthening/base_44/Full3C/Full3C/baselines/weighted_ensemble,unconstrained,S,50,330,265,152,105,160,225,0.39622641509433965,0.3181818181818182,0.35294117647058826,0.803030303030303,540.9433962264151,89.99999999999986,1728.3207031191255,0.07924528301886792
strengthening/base_44/Full3C/Full3C/baselines/weighted_ensemble,unconstrained,S,100,330,265,152,142,123,188,0.5358490566037736,0.4303030303030303,0.4773109243697479,0.803030303030303,540.9433962264151,89.99999999999986,1728.3207031191255,0.07924528301886792
strengthening/base_44/Full3C/Full3C/baselines/weighted_ensemble,unconstrained,S,200,330,265,152,181,84,149,0.6830188679245283,0.5484848484848485,0.6084033613445378,0.803030303030303,540.9433962264151,89.99999999999986,1728.3207031191255,0.07924528301886792
strengthening/base_44/Full3C/Full3C/evaluation/full15ch_seed42,accepted,P,50,330,327,322,220,107,110,0.672782874617737,0.6666666666666666,0.669710806697108,0.990909090909091,105.65749235473997,29.99999999999936,473.8078553507201,0.009174311926605505
strengthening/base_44/Full3C/Full3C/evaluation/full15ch_seed42,accepted,P,100,330,327,322,269,58,61,0.8226299694189603,0.8151515151515152,0.8188736681887366,0.990909090909091,105.65749235473997,29.99999999999936,473.8078553507201,0.009174311926605505
strengthening/base_44/Full3C/Full3C/evaluation/full15ch_seed42,accepted,P,200,330,327,322,299,28,31,0.9143730886850153,0.906060606060606,0.9101978691019786,0.990909090909091,105.65749235473997,29.99999999999936,473.8078553507201,0.009174311926605505
strengthening/base_44/Full3C/Full3C/evaluation/full15ch_seed42,accepted,S,50,330,326,320,122,204,208,0.37423312883435583,0.3696969696969697,0.3719512195121951,0.9878787878787879,522.4539877300614,89.99999999999986,1729.6237045985472,0.07668711656441718
strengthening/base_44/Full3C/Full3C/evaluation/full15ch_seed42,accepted,S,100,330,326,320,180,146,150,0.5521472392638037,0.5454545454545454,0.5487804878048781,0.9878787878787879,522.4539877300614,89.99999999999986,1729.6237045985472,0.07668711656441718
strengthening/base_44/Full3C/Full3C/evaluation/full15ch_seed42,accepted,S,200,330,326,320,226,100,104,0.6932515337423313,0.6848484848484848,0.6890243902439024,0.9878787878787879,522.4539877300614,89.99999999999986,1729.6237045985472,0.07668711656441718
strengthening/base_44/Full3C/Full3C/evaluation/full15ch_seed42,strict,P,50,330,322,322,220,102,110,0.6832298136645962,0.6666666666666666,0.6748466257668712,0.9757575757575757,102.32919254658376,29.99999999999936,475.3628885140252,0.009316770186335404
strengthening/base_44/Full3C/Full3C/evaluation/full15ch_seed42,strict,P,100,330,322,322,269,53,61,0.8354037267080745,0.8151515151515152,0.8251533742331288,0.9757575757575757,102.32919254658376,29.99999999999936,475.3628885140252,0.009316770186335404
strengthening/base_44/Full3C/Full3C/evaluation/full15ch_seed42,strict,P,200,330,322,322,297,25,33,0.922360248447205,0.9,0.911042944785276,0.9757575757575757,102.32919254658376,29.99999999999936,475.3628885140252,0.009316770186335404
strengthening/base_44/Full3C/Full3C/evaluation/full15ch_seed42,strict,S,50,330,320,320,122,198,208,0.38125,0.3696969696969697,0.37538461538461537,0.9696969696969697,466.28125,84.99999999999997,1607.6233428573996,0.06875
strengthening/base_44/Full3C/Full3C/evaluation/full15ch_seed42,strict,S,100,330,320,320,178,142,152,0.55625,0.5393939393939394,0.5476923076923077,0.9696969696969697,466.28125,84.99999999999997,1607.6233428573996,0.06875
strengthening/base_44/Full3C/Full3C/evaluation/full15ch_seed42,strict,S,200,330,320,320,224,96,106,0.7,0.6787878787878788,0.6892307692307692,0.9696969696969697,466.28125,84.99999999999997,1607.6233428573996,0.06875
strengthening/base_44/Full3C/Full3C/evaluation/full15ch_seed42,unconstrained,P,50,330,327,322,220,107,110,0.672782874617737,0.6666666666666666,0.669710806697108,0.990909090909091,105.65749235473997,29.99999999999936,473.8078553507201,0.009174311926605505
strengthening/base_44/Full3C/Full3C/evaluation/full15ch_seed42,unconstrained,P,100,330,327,322,269,58,61,0.8226299694189603,0.8151515151515152,0.8188736681887366,0.990909090909091,105.65749235473997,29.99999999999936,473.8078553507201,0.009174311926605505
strengthening/base_44/Full3C/Full3C/evaluation/full15ch_seed42,unconstrained,P,200,330,327,322,299,28,31,0.9143730886850153,0.906060606060606,0.9101978691019786,0.990909090909091,105.65749235473997,29.99999999999936,473.8078553507201,0.009174311926605505
strengthening/base_44/Full3C/Full3C/evaluation/full15ch_seed42,unconstrained,S,50,330,329,323,122,207,208,0.3708206686930091,0.3696969696969697,0.37025796661608495,0.996969696969697,561.9756838905776,89.99999999999986,1810.599239164543,0.08206686930091185
strengthening/base_44/Full3C/Full3C/evaluation/full15ch_seed42,unconstrained,S,100,330,329,323,180,149,150,0.547112462006079,0.5454545454545454,0.5462822458270106,0.996969696969697,561.9756838905776,89.99999999999986,1810.599239164543,0.08206686930091185
strengthening/base_44/Full3C/Full3C/evaluation/full15ch_seed42,unconstrained,S,200,330,329,323,226,103,104,0.6869300911854104,0.6848484848484848,0.6858877086494689,0.996969696969697,561.9756838905776,89.99999999999986,1810.599239164543,0.08206686930091185
strengthening/base_44/Full3C/Full3C/evaluation/full15ch_seed43,accepted,P,50,330,324,322,226,98,104,0.6975308641975309,0.6848484848484848,0.691131498470948,0.9818181818181818,102.96296296296286,29.99999999999958,474.0520104819463,0.009259259259259259
strengthening/base_44/Full3C/Full3C/evaluation/full15ch_seed43,accepted,P,100,330,324,322,270,54,60,0.8333333333333334,0.8181818181818182,0.8256880733944955,0.9818181818181818,102.96296296296286,29.99999999999958,474.0520104819463,0.009259259259259259
strengthening/base_44/Full3C/Full3C/evaluation/full15ch_seed43,accepted,P,200,330,324,322,298,26,32,0.9197530864197531,0.9030303030303031,0.9113149847094801,0.9818181818181818,102.96296296296286,29.99999999999958,474.0520104819463,0.009259259259259259
strengthening/base_44/Full3C/Full3C/evaluation/full15ch_seed43,accepted,S,50,330,321,308,122,199,208,0.38006230529595014,0.3696969696969697,0.37480798771121354,0.9727272727272728,631.0280373831775,80.00000000000007,2150.620862322772,0.08411214953271028
strengthening/base_44/Full3C/Full3C/evaluation/full15ch_seed43,accepted,S,100,330,321,308,182,139,148,0.5669781931464174,0.5515151515151515,0.5591397849462365,0.9727272727272728,631.0280373831775,80.00000000000007,2150.620862322772,0.08411214953271028
strengthening/base_44/Full3C/Full3C/evaluation/full15ch_seed43,accepted,S,200,330,321,308,225,96,105,0.7009345794392523,0.6818181818181818,0.6912442396313364,0.9727272727272728,631.0280373831775,80.00000000000007,2150.620862322772,0.08411214953271028
strengthening/base_44/Full3C/Full3C/evaluation/full15ch_seed43,strict,P,50,330,322,322,226,96,104,0.7018633540372671,0.6848484848484848,0.6932515337423313,0.9757575757575757,101.27329192546574,29.99999999999936,474.60117287247135,0.009316770186335404
strengthening/base_44/Full3C/Full3C/evaluation/full15ch_seed43,strict,P,100,330,322,322,270,52,60,0.8385093167701864,0.8181818181818182,0.8282208588957055,0.9757575757575757,101.27329192546574,29.99999999999936,474.60117287247135,0.009316770186335404
strengthening/base_44/Full3C/Full3C/evaluation/full15ch_seed43,strict,P,200,330,322,322,298,24,32,0.9254658385093167,0.9030303030303031,0.9141104294478528,0.9757575757575757,101.27329192546574,29.99999999999936,474.60117287247135,0.009316770186335404
strengthening/base_44/Full3C/Full3C/evaluation/full15ch_seed43,strict,S,50,330,308,308,122,186,208,0.3961038961038961,0.3696969696969697,0.3824451410658307,0.9333333333333333,480.97402597402595,80.00000000000007,1599.8613982175123,0.06818181818181818
strengthening/base_44/Full3C/Full3C/evaluation/full15ch_seed43,strict,S,100,330,308,308,181,127,149,0.5876623376623377,0.5484848484848485,0.567398119122257,0.9333333333333333,480.97402597402595,80.00000000000007,1599.8613982175123,0.06818181818181818
strengthening/base_44/Full3C/Full3C/evaluation/full15ch_seed43,strict,S,200,330,308,308,221,87,109,0.7175324675324676,0.6696969696969697,0.6927899686520376,0.9333333333333333,480.97402597402595,80.00000000000007,1599.8613982175123,0.06818181818181818
strengthening/base_44/Full3C/Full3C/evaluation/full15ch_seed43,unconstrained,P,50,330,324,322,226,98,104,0.6975308641975309,0.6848484848484848,0.691131498470948,0.9818181818181818,102.96296296296286,29.99999999999958,474.0520104819463,0.009259259259259259
strengthening/base_44/Full3C/Full3C/evaluation/full15ch_seed43,unconstrained,P,100,330,324,322,270,54,60,0.8333333333333334,0.8181818181818182,0.8256880733944955,0.9818181818181818,102.96296296296286,29.99999999999958,474.0520104819463,0.009259259259259259
strengthening/base_44/Full3C/Full3C/evaluation/full15ch_seed43,unconstrained,P,200,330,324,322,298,26,32,0.9197530864197531,0.9030303030303031,0.9113149847094801,0.9818181818181818,102.96296296296286,29.99999999999958,474.0520104819463,0.009259259259259259
strengthening/base_44/Full3C/Full3C/evaluation/full15ch_seed43,unconstrained,S,50,330,327,313,123,204,207,0.3761467889908257,0.37272727272727274,0.3744292237442922,0.990909090909091,665.5351681957186,80.00000000000007,2204.2171840577357,0.08868501529051988
strengthening/base_44/Full3C/Full3C/evaluation/full15ch_seed43,unconstrained,S,100,330,327,313,183,144,147,0.5596330275229358,0.5545454545454546,0.5570776255707762,0.990909090909091,665.5351681957186,80.00000000000007,2204.2171840577357,0.08868501529051988
strengthening/base_44/Full3C/Full3C/evaluation/full15ch_seed43,unconstrained,S,200,330,327,313,227,100,103,0.6941896024464832,0.6878787878787879,0.6910197869101978,0.990909090909091,665.5351681957186,80.00000000000007,2204.2171840577357,0.08868501529051988
strengthening/base_44/Full3C/Full3C/evaluation/full15ch_seed44,accepted,P,50,330,330,325,222,108,108,0.6727272727272727,0.6727272727272727,0.6727272727272727,1.0,354.4242424242423,30.00000000000025,2707.762802377526,0.01818181818181818
strengthening/base_44/Full3C/Full3C/evaluation/full15ch_seed44,accepted,P,100,330,330,325,268,62,62,0.8121212121212121,0.8121212121212121,0.8121212121212121,1.0,354.4242424242423,30.00000000000025,2707.762802377526,0.01818181818181818
strengthening/base_44/Full3C/Full3C/evaluation/full15ch_seed44,accepted,P,200,330,330,325,296,34,34,0.896969696969697,0.896969696969697,0.896969696969697,1.0,354.4242424242423,30.00000000000025,2707.762802377526,0.01818181818181818
strengthening/base_44/Full3C/Full3C/evaluation/full15ch_seed44,accepted,S,50,330,326,315,120,206,210,0.36809815950920244,0.36363636363636365,0.36585365853658536,0.9878787878787879,723.5276073619632,89.99999999999986,2650.079695525785,0.09202453987730061
strengthening/base_44/Full3C/Full3C/evaluation/full15ch_seed44,accepted,S,100,330,326,315,175,151,155,0.5368098159509203,0.5303030303030303,0.5335365853658537,0.9878787878787879,723.5276073619632,89.99999999999986,2650.079695525785,0.09202453987730061
strengthening/base_44/Full3C/Full3C/evaluation/full15ch_seed44,accepted,S,200,330,326,315,223,103,107,0.6840490797546013,0.6757575757575758,0.6798780487804879,0.9878787878787879,723.5276073619632,89.99999999999986,2650.079695525785,0.09202453987730061
strengthening/base_44/Full3C/Full3C/evaluation/full15ch_seed44,strict,P,50,330,325,325,222,103,108,0.683076923076923,0.6727272727272727,0.6778625954198473,0.9848484848484849,104.79999999999991,29.999999999999805,475.1757569573599,0.009230769230769232
strengthening/base_44/Full3C/Full3C/evaluation/full15ch_seed44,strict,P,100,330,325,325,268,57,62,0.8246153846153846,0.8121212121212121,0.8183206106870229,0.9848484848484849,104.79999999999991,29.999999999999805,475.1757569573599,0.009230769230769232
strengthening/base_44/Full3C/Full3C/evaluation/full15ch_seed44,strict,P,200,330,325,325,296,29,34,0.9107692307692308,0.896969696969697,0.9038167938931297,0.9848484848484849,104.79999999999991,29.999999999999805,475.1757569573599,0.009230769230769232
strengthening/base_44/Full3C/Full3C/evaluation/full15ch_seed44,strict,S,50,330,315,315,120,195,210,0.38095238095238093,0.36363636363636365,0.37209302325581395,0.9545454545454546,513.6825396825396,80.00000000000185,1710.1756152280489,0.07936507936507936
strengthening/base_44/Full3C/Full3C/evaluation/full15ch_seed44,strict,S,100,330,315,315,175,140,155,0.5555555555555556,0.5303030303030303,0.5426356589147286,0.9545454545454546,513.6825396825396,80.00000000000185,1710.1756152280489,0.07936507936507936
strengthening/base_44/Full3C/Full3C/evaluation/full15ch_seed44,strict,S,200,330,315,315,222,93,108,0.7047619047619048,0.6727272727272727,0.6883720930232559,0.9545454545454546,513.6825396825396,80.00000000000185,1710.1756152280489,0.07936507936507936
strengthening/base_44/Full3C/Full3C/evaluation/full15ch_seed44,unconstrained,P,50,330,330,325,222,108,108,0.6727272727272727,0.6727272727272727,0.6727272727272727,1.0,354.4242424242423,30.00000000000025,2707.762802377526,0.01818181818181818
strengthening/base_44/Full3C/Full3C/evaluation/full15ch_seed44,unconstrained,P,100,330,330,325,268,62,62,0.8121212121212121,0.8121212121212121,0.8121212121212121,1.0,354.4242424242423,30.00000000000025,2707.762802377526,0.01818181818181818
strengthening/base_44/Full3C/Full3C/evaluation/full15ch_seed44,unconstrained,P,200,330,330,325,296,34,34,0.896969696969697,0.896969696969697,0.896969696969697,1.0,354.4242424242423,30.00000000000025,2707.762802377526,0.01818181818181818
strengthening/base_44/Full3C/Full3C/evaluation/full15ch_seed44,unconstrained,S,50,330,330,319,120,210,210,0.36363636363636365,0.36363636363636365,0.36363636363636365,1.0,950.7878787878788,90.0000000000003,4524.390868091828,0.09393939393939393
strengthening/base_44/Full3C/Full3C/evaluation/full15ch_seed44,unconstrained,S,100,330,330,319,176,154,154,0.5333333333333333,0.5333333333333333,0.5333333333333333,1.0,950.7878787878788,90.0000000000003,4524.390868091828,0.09393939393939393
strengthening/base_44/Full3C/Full3C/evaluation/full15ch_seed44,unconstrained,S,200,330,330,319,225,105,105,0.6818181818181818,0.6818181818181818,0.6818181818181818,1.0,950.7878787878788,90.0000000000003,4524.390868091828,0.09393939393939393
strengthening/base_44/Zonly/Zonly/baselines/AIC,accepted,P,50,330,330,330,94,236,236,0.28484848484848485,0.28484848484848485,0.28484848484848485,1.0,953.3939393939394,344.9999999999998,1899.0375552799467,0.21818181818181817
strengthening/base_44/Zonly/Zonly/baselines/AIC,accepted,P,100,330,330,330,122,208,208,0.3696969696969697,0.3696969696969697,0.3696969696969697,1.0,953.3939393939394,344.9999999999998,1899.0375552799467,0.21818181818181817
strengthening/base_44/Zonly/Zonly/baselines/AIC,accepted,P,200,330,330,330,144,186,186,0.43636363636363634,0.43636363636363634,0.43636363636363634,1.0,953.3939393939394,344.9999999999998,1899.0375552799467,0.21818181818181817
strengthening/base_44/Zonly/Zonly/baselines/AIC,accepted,S,50,330,330,330,0,330,330,0.0,0.0,0.0,1.0,5411.787878787879,4880.0,6197.079981977827,0.9878787878787879
strengthening/base_44/Zonly/Zonly/baselines/AIC,accepted,S,100,330,330,330,0,330,330,0.0,0.0,0.0,1.0,5411.787878787879,4880.0,6197.079981977827,0.9878787878787879
strengthening/base_44/Zonly/Zonly/baselines/AIC,accepted,S,200,330,330,330,0,330,330,0.0,0.0,0.0,1.0,5411.787878787879,4880.0,6197.079981977827,0.9878787878787879
strengthening/base_44/Zonly/Zonly/baselines/AIC,strict,P,50,330,330,330,94,236,236,0.28484848484848485,0.28484848484848485,0.28484848484848485,1.0,953.3939393939394,344.9999999999998,1899.0375552799467,0.21818181818181817
strengthening/base_44/Zonly/Zonly/baselines/AIC,strict,P,100,330,330,330,122,208,208,0.3696969696969697,0.3696969696969697,0.3696969696969697,1.0,953.3939393939394,344.9999999999998,1899.0375552799467,0.21818181818181817
strengthening/base_44/Zonly/Zonly/baselines/AIC,strict,P,200,330,330,330,144,186,186,0.43636363636363634,0.43636363636363634,0.43636363636363634,1.0,953.3939393939394,344.9999999999998,1899.0375552799467,0.21818181818181817
strengthening/base_44/Zonly/Zonly/baselines/AIC,strict,S,50,330,330,330,0,330,330,0.0,0.0,0.0,1.0,5411.787878787879,4880.0,6197.079981977827,0.9878787878787879
strengthening/base_44/Zonly/Zonly/baselines/AIC,strict,S,100,330,330,330,0,330,330,0.0,0.0,0.0,1.0,5411.787878787879,4880.0,6197.079981977827,0.9878787878787879
strengthening/base_44/Zonly/Zonly/baselines/AIC,strict,S,200,330,330,330,0,330,330,0.0,0.0,0.0,1.0,5411.787878787879,4880.0,6197.079981977827,0.9878787878787879
strengthening/base_44/Zonly/Zonly/baselines/AIC,unconstrained,P,50,330,330,330,94,236,236,0.28484848484848485,0.28484848484848485,0.28484848484848485,1.0,953.3939393939394,344.9999999999998,1899.0375552799467,0.21818181818181817
strengthening/base_44/Zonly/Zonly/baselines/AIC,unconstrained,P,100,330,330,330,122,208,208,0.3696969696969697,0.3696969696969697,0.3696969696969697,1.0,953.3939393939394,344.9999999999998,1899.0375552799467,0.21818181818181817
strengthening/base_44/Zonly/Zonly/baselines/AIC,unconstrained,P,200,330,330,330,144,186,186,0.43636363636363634,0.43636363636363634,0.43636363636363634,1.0,953.3939393939394,344.9999999999998,1899.0375552799467,0.21818181818181817
strengthening/base_44/Zonly/Zonly/baselines/AIC,unconstrained,S,50,330,330,330,0,330,330,0.0,0.0,0.0,1.0,5493.606060606061,4955.0,6275.693394020901,0.990909090909091
strengthening/base_44/Zonly/Zonly/baselines/AIC,unconstrained,S,100,330,330,330,0,330,330,0.0,0.0,0.0,1.0,5493.606060606061,4955.0,6275.693394020901,0.990909090909091
strengthening/base_44/Zonly/Zonly/baselines/AIC,unconstrained,S,200,330,330,330,0,330,330,0.0,0.0,0.0,1.0,5493.606060606061,4955.0,6275.693394020901,0.990909090909091
strengthening/base_44/Zonly/Zonly/baselines/CNN,accepted,P,50,330,325,307,223,102,107,0.6861538461538461,0.6757575757575758,0.6809160305343511,0.9848484848484849,280.9230769230768,30.00000000000025,1724.6464966657772,0.024615384615384615
strengthening/base_44/Zonly/Zonly/baselines/CNN,accepted,P,100,330,325,307,261,64,69,0.803076923076923,0.7909090909090909,0.7969465648854962,0.9848484848484849,280.9230769230768,30.00000000000025,1724.6464966657772,0.024615384615384615
strengthening/base_44/Zonly/Zonly/baselines/CNN,accepted,P,200,330,325,307,287,38,43,0.8830769230769231,0.8696969696969697,0.8763358778625954,0.9848484848484849,280.9230769230768,30.00000000000025,1724.6464966657772,0.024615384615384615
strengthening/base_44/Zonly/Zonly/baselines/CNN,accepted,S,50,330,137,46,25,112,305,0.18248175182481752,0.07575757575757576,0.10706638115631692,0.41515151515151516,1297.5912408759123,269.99999999999955,3210.9155753642585,0.2116788321167883
strengthening/base_44/Zonly/Zonly/baselines/CNN,accepted,S,100,330,137,46,39,98,291,0.2846715328467153,0.11818181818181818,0.1670235546038544,0.41515151515151516,1297.5912408759123,269.99999999999955,3210.9155753642585,0.2116788321167883
strengthening/base_44/Zonly/Zonly/baselines/CNN,accepted,S,200,330,137,46,62,75,268,0.45255474452554745,0.18787878787878787,0.26552462526766596,0.41515151515151516,1297.5912408759123,269.99999999999955,3210.9155753642585,0.2116788321167883
strengthening/base_44/Zonly/Zonly/baselines/CNN,strict,P,50,330,307,307,217,90,113,0.7068403908794788,0.6575757575757576,0.6813186813186813,0.9303030303030303,205.83061889250803,29.999999999999805,1008.5844887810698,0.02280130293159609
strengthening/base_44/Zonly/Zonly/baselines/CNN,strict,P,100,330,307,307,255,52,75,0.8306188925081434,0.7727272727272727,0.8006279434850864,0.9303030303030303,205.83061889250803,29.999999999999805,1008.5844887810698,0.02280130293159609
strengthening/base_44/Zonly/Zonly/baselines/CNN,strict,P,200,330,307,307,277,30,53,0.9022801302931596,0.8393939393939394,0.869701726844584,0.9303030303030303,205.83061889250803,29.999999999999805,1008.5844887810698,0.02280130293159609
strengthening/base_44/Zonly/Zonly/baselines/CNN,strict,S,50,330,46,46,14,32,316,0.30434782608695654,0.04242424242424243,0.07446808510638298,0.1393939393939394,763.6956521739129,114.99999999999932,2193.609790515049,0.10869565217391304
strengthening/base_44/Zonly/Zonly/baselines/CNN,strict,S,100,330,46,46,22,24,308,0.4782608695652174,0.06666666666666667,0.11702127659574468,0.1393939393939394,763.6956521739129,114.99999999999932,2193.609790515049,0.10869565217391304
strengthening/base_44/Zonly/Zonly/baselines/CNN,strict,S,200,330,46,46,31,15,299,0.6739130434782609,0.09393939393939393,0.16489361702127658,0.1393939393939394,763.6956521739129,114.99999999999932,2193.609790515049,0.10869565217391304
strengthening/base_44/Zonly/Zonly/baselines/CNN,unconstrained,P,50,330,325,307,223,102,107,0.6861538461538461,0.6757575757575758,0.6809160305343511,0.9848484848484849,280.9230769230768,30.00000000000025,1724.6464966657772,0.024615384615384615
strengthening/base_44/Zonly/Zonly/baselines/CNN,unconstrained,P,100,330,325,307,261,64,69,0.803076923076923,0.7909090909090909,0.7969465648854962,0.9848484848484849,280.9230769230768,30.00000000000025,1724.6464966657772,0.024615384615384615
strengthening/base_44/Zonly/Zonly/baselines/CNN,unconstrained,P,200,330,325,307,287,38,43,0.8830769230769231,0.8696969696969697,0.8763358778625954,0.9848484848484849,280.9230769230768,30.00000000000025,1724.6464966657772,0.024615384615384615
strengthening/base_44/Zonly/Zonly/baselines/CNN,unconstrained,S,50,330,142,46,25,117,305,0.176056338028169,0.07575757575757576,0.1059322033898305,0.4303030303030303,1406.5492957746478,269.99999999999955,3328.137299950821,0.22535211267605634
strengthening/base_44/Zonly/Zonly/baselines/CNN,unconstrained,S,100,330,142,46,39,103,291,0.2746478873239437,0.11818181818181818,0.1652542372881356,0.4303030303030303,1406.5492957746478,269.99999999999955,3328.137299950821,0.22535211267605634
strengthening/base_44/Zonly/Zonly/baselines/CNN,unconstrained,S,200,330,142,46,62,80,268,0.43661971830985913,0.18787878787878787,0.2627118644067797,0.4303030303030303,1406.5492957746478,269.99999999999955,3328.137299950821,0.22535211267605634
strengthening/base_44/Zonly/Zonly/baselines/mean_ensemble,accepted,P,50,330,330,317,219,111,111,0.6636363636363637,0.6636363636363637,0.6636363636363637,1.0,440.51515151515144,29.999999999999805,2848.512902827677,0.03333333333333333
strengthening/base_44/Zonly/Zonly/baselines/mean_ensemble,accepted,P,100,330,330,317,260,70,70,0.7878787878787878,0.7878787878787878,0.7878787878787878,1.0,440.51515151515144,29.999999999999805,2848.512902827677,0.03333333333333333
strengthening/base_44/Zonly/Zonly/baselines/mean_ensemble,accepted,P,200,330,330,317,281,49,49,0.8515151515151516,0.8515151515151516,0.8515151515151516,1.0,440.51515151515144,29.999999999999805,2848.512902827677,0.03333333333333333
strengthening/base_44/Zonly/Zonly/baselines/mean_ensemble,accepted,S,50,330,330,121,1,329,329,0.0030303030303030303,0.0030303030303030303,0.0030303030303030303,1.0,5043.484848484849,4479.999999999999,6069.152629186684,0.9424242424242424
strengthening/base_44/Zonly/Zonly/baselines/mean_ensemble,accepted,S,100,330,330,121,1,329,329,0.0030303030303030303,0.0030303030303030303,0.0030303030303030303,1.0,5043.484848484849,4479.999999999999,6069.152629186684,0.9424242424242424
strengthening/base_44/Zonly/Zonly/baselines/mean_ensemble,accepted,S,200,330,330,121,2,328,328,0.006060606060606061,0.006060606060606061,0.006060606060606061,1.0,5043.484848484849,4479.999999999999,6069.152629186684,0.9424242424242424
strengthening/base_44/Zonly/Zonly/baselines/mean_ensemble,strict,P,50,330,317,317,219,98,111,0.6908517350157729,0.6636363636363637,0.6769706336939721,0.9606060606060606,136.40378548895887,29.99999999999936,658.1471937998556,0.012618296529968454
strengthening/base_44/Zonly/Zonly/baselines/mean_ensemble,strict,P,100,330,317,317,259,58,71,0.8170347003154574,0.7848484848484848,0.8006182380216383,0.9606060606060606,136.40378548895887,29.99999999999936,658.1471937998556,0.012618296529968454
strengthening/base_44/Zonly/Zonly/baselines/mean_ensemble,strict,P,200,330,317,317,278,39,52,0.8769716088328076,0.8424242424242424,0.8593508500772797,0.9606060606060606,136.40378548895887,29.99999999999936,658.1471937998556,0.012618296529968454
strengthening/base_44/Zonly/Zonly/baselines/mean_ensemble,strict,S,50,330,121,121,1,120,329,0.008264462809917356,0.0030303030303030303,0.004434589800443459,0.36666666666666664,5104.710743801653,4710.000000000001,5803.856440917269,0.9669421487603306
strengthening/base_44/Zonly/Zonly/baselines/mean_ensemble,strict,S,100,330,121,121,1,120,329,0.008264462809917356,0.0030303030303030303,0.004434589800443459,0.36666666666666664,5104.710743801653,4710.000000000001,5803.856440917269,0.9669421487603306
strengthening/base_44/Zonly/Zonly/baselines/mean_ensemble,strict,S,200,330,121,121,1,120,329,0.008264462809917356,0.0030303030303030303,0.004434589800443459,0.36666666666666664,5104.710743801653,4710.000000000001,5803.856440917269,0.9669421487603306
strengthening/base_44/Zonly/Zonly/baselines/mean_ensemble,unconstrained,P,50,330,330,317,219,111,111,0.6636363636363637,0.6636363636363637,0.6636363636363637,1.0,440.51515151515144,29.999999999999805,2848.512902827677,0.03333333333333333
strengthening/base_44/Zonly/Zonly/baselines/mean_ensemble,unconstrained,P,100,330,330,317,260,70,70,0.7878787878787878,0.7878787878787878,0.7878787878787878,1.0,440.51515151515144,29.999999999999805,2848.512902827677,0.03333333333333333
strengthening/base_44/Zonly/Zonly/baselines/mean_ensemble,unconstrained,P,200,330,330,317,281,49,49,0.8515151515151516,0.8515151515151516,0.8515151515151516,1.0,440.51515151515144,29.999999999999805,2848.512902827677,0.03333333333333333
strengthening/base_44/Zonly/Zonly/baselines/mean_ensemble,unconstrained,S,50,330,330,137,0,330,330,0.0,0.0,0.0,1.0,5198.545454545455,4840.0,6013.006710204945,0.9666666666666667
strengthening/base_44/Zonly/Zonly/baselines/mean_ensemble,unconstrained,S,100,330,330,137,0,330,330,0.0,0.0,0.0,1.0,5198.545454545455,4840.0,6013.006710204945,0.9666666666666667
strengthening/base_44/Zonly/Zonly/baselines/mean_ensemble,unconstrained,S,200,330,330,137,1,329,329,0.0030303030303030303,0.0030303030303030303,0.0030303030303030303,1.0,5198.545454545455,4840.0,6013.006710204945,0.9666666666666667
strengthening/base_44/Zonly/Zonly/baselines/STA,accepted,P,50,330,330,330,71,259,259,0.21515151515151515,0.21515151515151515,0.21515151515151515,1.0,488.6969696969697,110.00000000000031,2844.1894515597296,0.024242424242424242
strengthening/base_44/Zonly/Zonly/baselines/STA,accepted,P,100,330,330,330,151,179,179,0.4575757575757576,0.4575757575757576,0.4575757575757576,1.0,488.6969696969697,110.00000000000031,2844.1894515597296,0.024242424242424242
strengthening/base_44/Zonly/Zonly/baselines/STA,accepted,P,200,330,330,330,260,70,70,0.7878787878787878,0.7878787878787878,0.7878787878787878,1.0,488.6969696969697,110.00000000000031,2844.1894515597296,0.024242424242424242
strengthening/base_44/Zonly/Zonly/baselines/STA,accepted,S,50,330,330,330,0,330,330,0.0,0.0,0.0,1.0,5026.666666666667,4450.0,6076.21503000915,0.9363636363636364
strengthening/base_44/Zonly/Zonly/baselines/STA,accepted,S,100,330,330,330,0,330,330,0.0,0.0,0.0,1.0,5026.666666666667,4450.0,6076.21503000915,0.9363636363636364
strengthening/base_44/Zonly/Zonly/baselines/STA,accepted,S,200,330,330,330,0,330,330,0.0,0.0,0.0,1.0,5026.666666666667,4450.0,6076.21503000915,0.9363636363636364
strengthening/base_44/Zonly/Zonly/baselines/STA,strict,P,50,330,330,330,71,259,259,0.21515151515151515,0.21515151515151515,0.21515151515151515,1.0,488.6969696969697,110.00000000000031,2844.1894515597296,0.024242424242424242
strengthening/base_44/Zonly/Zonly/baselines/STA,strict,P,100,330,330,330,151,179,179,0.4575757575757576,0.4575757575757576,0.4575757575757576,1.0,488.6969696969697,110.00000000000031,2844.1894515597296,0.024242424242424242
strengthening/base_44/Zonly/Zonly/baselines/STA,strict,P,200,330,330,330,260,70,70,0.7878787878787878,0.7878787878787878,0.7878787878787878,1.0,488.6969696969697,110.00000000000031,2844.1894515597296,0.024242424242424242
strengthening/base_44/Zonly/Zonly/baselines/STA,strict,S,50,330,330,330,0,330,330,0.0,0.0,0.0,1.0,5026.666666666667,4450.0,6076.21503000915,0.9363636363636364
strengthening/base_44/Zonly/Zonly/baselines/STA,strict,S,100,330,330,330,0,330,330,0.0,0.0,0.0,1.0,5026.666666666667,4450.0,6076.21503000915,0.9363636363636364
strengthening/base_44/Zonly/Zonly/baselines/STA,strict,S,200,330,330,330,0,330,330,0.0,0.0,0.0,1.0,5026.666666666667,4450.0,6076.21503000915,0.9363636363636364
strengthening/base_44/Zonly/Zonly/baselines/STA,unconstrained,P,50,330,330,330,71,259,259,0.21515151515151515,0.21515151515151515,0.21515151515151515,1.0,488.6969696969697,110.00000000000031,2844.1894515597296,0.024242424242424242
strengthening/base_44/Zonly/Zonly/baselines/STA,unconstrained,P,100,330,330,330,151,179,179,0.4575757575757576,0.4575757575757576,0.4575757575757576,1.0,488.6969696969697,110.00000000000031,2844.1894515597296,0.024242424242424242
strengthening/base_44/Zonly/Zonly/baselines/STA,unconstrained,P,200,330,330,330,260,70,70,0.7878787878787878,0.7878787878787878,0.7878787878787878,1.0,488.6969696969697,110.00000000000031,2844.1894515597296,0.024242424242424242
strengthening/base_44/Zonly/Zonly/baselines/STA,unconstrained,S,50,330,330,330,0,330,330,0.0,0.0,0.0,1.0,5124.242424242424,4550.0,6152.851125266803,0.9575757575757575
strengthening/base_44/Zonly/Zonly/baselines/STA,unconstrained,S,100,330,330,330,0,330,330,0.0,0.0,0.0,1.0,5124.242424242424,4550.0,6152.851125266803,0.9575757575757575
strengthening/base_44/Zonly/Zonly/baselines/STA,unconstrained,S,200,330,330,330,0,330,330,0.0,0.0,0.0,1.0,5124.242424242424,4550.0,6152.851125266803,0.9575757575757575
strengthening/base_44/Zonly/Zonly/baselines/TCN,accepted,P,50,330,322,309,233,89,97,0.7236024844720497,0.706060606060606,0.7147239263803681,0.9757575757575757,126.92546583850923,29.99999999999936,653.1008216422742,0.012422360248447204
strengthening/base_44/Zonly/Zonly/baselines/TCN,accepted,P,100,330,322,309,270,52,60,0.8385093167701864,0.8181818181818182,0.8282208588957055,0.9757575757575757,126.92546583850923,29.99999999999936,653.1008216422742,0.012422360248447204
strengthening/base_44/Zonly/Zonly/baselines/TCN,accepted,P,200,330,322,309,296,26,34,0.9192546583850931,0.896969696969697,0.9079754601226994,0.9757575757575757,126.92546583850923,29.99999999999936,653.1008216422742,0.012422360248447204
strengthening/base_44/Zonly/Zonly/baselines/TCN,accepted,S,50,330,171,77,33,138,297,0.19298245614035087,0.1,0.1317365269461078,0.5181818181818182,833.8011695906433,150.00000000000034,2536.0306508377034,0.08771929824561403
strengthening/base_44/Zonly/Zonly/baselines/TCN,accepted,S,100,330,171,77,65,106,265,0.38011695906432746,0.19696969696969696,0.25948103792415167,0.5181818181818182,833.8011695906433,150.00000000000034,2536.0306508377034,0.08771929824561403
strengthening/base_44/Zonly/Zonly/baselines/TCN,accepted,S,200,330,171,77,100,71,230,0.5847953216374269,0.30303030303030304,0.3992015968063872,0.5181818181818182,833.8011695906433,150.00000000000034,2536.0306508377034,0.08771929824561403
strengthening/base_44/Zonly/Zonly/baselines/TCN,strict,P,50,330,309,309,228,81,102,0.7378640776699029,0.6909090909090909,0.7136150234741784,0.9363636363636364,125.82524271844652,29.99999999999936,664.6638199326845,0.012944983818770227
strengthening/base_44/Zonly/Zonly/baselines/TCN,strict,P,100,330,309,309,264,45,66,0.8543689320388349,0.8,0.8262910798122066,0.9363636363636364,125.82524271844652,29.99999999999936,664.6638199326845,0.012944983818770227
strengthening/base_44/Zonly/Zonly/baselines/TCN,strict,P,200,330,309,309,285,24,45,0.9223300970873787,0.8636363636363636,0.892018779342723,0.9363636363636364,125.82524271844652,29.99999999999936,664.6638199326845,0.012944983818770227
strengthening/base_44/Zonly/Zonly/baselines/TCN,strict,S,50,330,77,77,21,56,309,0.2727272727272727,0.06363636363636363,0.10319410319410319,0.23333333333333334,274.1558441558443,89.99999999999986,1203.4566017134944,0.012987012987012988
strengthening/base_44/Zonly/Zonly/baselines/TCN,strict,S,100,330,77,77,41,36,289,0.5324675324675324,0.12424242424242424,0.20147420147420148,0.23333333333333334,274.1558441558443,89.99999999999986,1203.4566017134944,0.012987012987012988
strengthening/base_44/Zonly/Zonly/baselines/TCN,strict,S,200,330,77,77,62,15,268,0.8051948051948052,0.18787878787878787,0.3046683046683047,0.23333333333333334,274.1558441558443,89.99999999999986,1203.4566017134944,0.012987012987012988
strengthening/base_44/Zonly/Zonly/baselines/TCN,unconstrained,P,50,330,322,309,233,89,97,0.7236024844720497,0.706060606060606,0.7147239263803681,0.9757575757575757,126.92546583850923,29.99999999999936,653.1008216422742,0.012422360248447204
strengthening/base_44/Zonly/Zonly/baselines/TCN,unconstrained,P,100,330,322,309,270,52,60,0.8385093167701864,0.8181818181818182,0.8282208588957055,0.9757575757575757,126.92546583850923,29.99999999999936,653.1008216422742,0.012422360248447204
strengthening/base_44/Zonly/Zonly/baselines/TCN,unconstrained,P,200,330,322,309,296,26,34,0.9192546583850931,0.896969696969697,0.9079754601226994,0.9757575757575757,126.92546583850923,29.99999999999936,653.1008216422742,0.012422360248447204
strengthening/base_44/Zonly/Zonly/baselines/TCN,unconstrained,S,50,330,176,79,33,143,297,0.1875,0.1,0.13043478260869565,0.5333333333333333,938.6931818181819,150.00000000000034,2745.398526294829,0.10227272727272728
strengthening/base_44/Zonly/Zonly/baselines/TCN,unconstrained,S,100,330,176,79,65,111,265,0.3693181818181818,0.19696969696969696,0.25691699604743085,0.5333333333333333,938.6931818181819,150.00000000000034,2745.398526294829,0.10227272727272728
strengthening/base_44/Zonly/Zonly/baselines/TCN,unconstrained,S,200,330,176,79,102,74,228,0.5795454545454546,0.3090909090909091,0.4031620553359684,0.5333333333333333,938.6931818181819,150.00000000000034,2745.398526294829,0.10227272727272728
strengthening/base_44/Zonly/Zonly/baselines/weighted_ensemble,accepted,P,50,330,330,314,224,106,106,0.6787878787878788,0.6787878787878788,0.6787878787878788,1.0,424.9393939393939,30.00000000000003,2842.1507541105047,0.024242424242424242
strengthening/base_44/Zonly/Zonly/baselines/weighted_ensemble,accepted,P,100,330,330,314,265,65,65,0.803030303030303,0.803030303030303,0.803030303030303,1.0,424.9393939393939,30.00000000000003,2842.1507541105047,0.024242424242424242
strengthening/base_44/Zonly/Zonly/baselines/weighted_ensemble,accepted,P,200,330,330,314,284,46,46,0.8606060606060606,0.8606060606060606,0.8606060606060606,1.0,424.9393939393939,30.00000000000003,2842.1507541105047,0.024242424242424242
strengthening/base_44/Zonly/Zonly/baselines/weighted_ensemble,accepted,S,50,330,130,50,29,101,301,0.2230769230769231,0.08787878787878788,0.12608695652173912,0.3939393939393939,550.6923076923077,155.00000000000023,1470.4580657322135,0.09230769230769231
strengthening/base_44/Zonly/Zonly/baselines/weighted_ensemble,accepted,S,100,330,130,50,48,82,282,0.36923076923076925,0.14545454545454545,0.20869565217391303,0.3939393939393939,550.6923076923077,155.00000000000023,1470.4580657322135,0.09230769230769231
strengthening/base_44/Zonly/Zonly/baselines/weighted_ensemble,accepted,S,200,330,130,50,78,52,252,0.6,0.23636363636363636,0.3391304347826087,0.3939393939393939,550.6923076923077,155.00000000000023,1470.4580657322135,0.09230769230769231
strengthening/base_44/Zonly/Zonly/baselines/weighted_ensemble,strict,P,50,330,314,314,223,91,107,0.7101910828025477,0.6757575757575758,0.6925465838509317,0.9515151515151515,129.77707006369417,29.99999999999936,658.0372765465804,0.012738853503184714
strengthening/base_44/Zonly/Zonly/baselines/weighted_ensemble,strict,P,100,330,314,314,264,50,66,0.8407643312101911,0.8,0.8198757763975155,0.9515151515151515,129.77707006369417,29.99999999999936,658.0372765465804,0.012738853503184714
strengthening/base_44/Zonly/Zonly/baselines/weighted_ensemble,strict,P,200,330,314,314,281,33,49,0.8949044585987261,0.8515151515151516,0.8726708074534162,0.9515151515151515,129.77707006369417,29.99999999999936,658.0372765465804,0.012738853503184714
strengthening/base_44/Zonly/Zonly/baselines/weighted_ensemble,strict,S,50,330,50,50,18,32,312,0.36,0.05454545454545454,0.09473684210526316,0.15151515151515152,133.99999999999997,79.99999999999918,187.4779987091818,0.0
strengthening/base_44/Zonly/Zonly/baselines/weighted_ensemble,strict,S,100,330,50,50,28,22,302,0.56,0.08484848484848485,0.14736842105263157,0.15151515151515152,133.99999999999997,79.99999999999918,187.4779987091818,0.0
strengthening/base_44/Zonly/Zonly/baselines/weighted_ensemble,strict,S,200,330,50,50,39,11,291,0.78,0.11818181818181818,0.20526315789473684,0.15151515151515152,133.99999999999997,79.99999999999918,187.4779987091818,0.0
strengthening/base_44/Zonly/Zonly/baselines/weighted_ensemble,unconstrained,P,50,330,330,314,224,106,106,0.6787878787878788,0.6787878787878788,0.6787878787878788,1.0,424.9393939393939,30.00000000000003,2842.1507541105047,0.024242424242424242
strengthening/base_44/Zonly/Zonly/baselines/weighted_ensemble,unconstrained,P,100,330,330,314,265,65,65,0.803030303030303,0.803030303030303,0.803030303030303,1.0,424.9393939393939,30.00000000000003,2842.1507541105047,0.024242424242424242
strengthening/base_44/Zonly/Zonly/baselines/weighted_ensemble,unconstrained,P,200,330,330,314,284,46,46,0.8606060606060606,0.8606060606060606,0.8606060606060606,1.0,424.9393939393939,30.00000000000003,2842.1507541105047,0.024242424242424242
strengthening/base_44/Zonly/Zonly/baselines/weighted_ensemble,unconstrained,S,50,330,135,52,29,106,301,0.21481481481481482,0.08787878787878788,0.12473118279569892,0.4090909090909091,873.7777777777778,160.00000000000014,2663.4199679971475,0.1111111111111111
strengthening/base_44/Zonly/Zonly/baselines/weighted_ensemble,unconstrained,S,100,330,135,52,49,86,281,0.362962962962963,0.1484848484848485,0.210752688172043,0.4090909090909091,873.7777777777778,160.00000000000014,2663.4199679971475,0.1111111111111111
strengthening/base_44/Zonly/Zonly/baselines/weighted_ensemble,unconstrained,S,200,330,135,52,80,55,250,0.5925925925925926,0.24242424242424243,0.34408602150537637,0.4090909090909091,873.7777777777778,160.00000000000014,2663.4199679971475,0.1111111111111111
strengthening/base_44/Zonly/Zonly/evaluation/full15ch_seed42,accepted,P,50,330,326,318,235,91,95,0.7208588957055214,0.7121212121212122,0.7164634146341463,0.9878787878787879,128.803680981595,29.99999999999936,648.3762162444046,0.012269938650306749
strengthening/base_44/Zonly/Zonly/evaluation/full15ch_seed42,accepted,P,100,330,326,318,268,58,62,0.8220858895705522,0.8121212121212121,0.8170731707317073,0.9878787878787879,128.803680981595,29.99999999999936,648.3762162444046,0.012269938650306749
strengthening/base_44/Zonly/Zonly/evaluation/full15ch_seed42,accepted,P,200,330,326,318,299,27,31,0.9171779141104295,0.906060606060606,0.9115853658536586,0.9878787878787879,128.803680981595,29.99999999999936,648.3762162444046,0.012269938650306749
strengthening/base_44/Zonly/Zonly/evaluation/full15ch_seed42,accepted,S,50,330,310,252,53,257,277,0.17096774193548386,0.1606060606060606,0.165625,0.9393939393939394,972.4193548387096,250.0,2216.7467444505833,0.18387096774193548
strengthening/base_44/Zonly/Zonly/evaluation/full15ch_seed42,accepted,S,100,330,310,252,93,217,237,0.3,0.2818181818181818,0.290625,0.9393939393939394,972.4193548387096,250.0,2216.7467444505833,0.18387096774193548
strengthening/base_44/Zonly/Zonly/evaluation/full15ch_seed42,accepted,S,200,330,310,252,146,164,184,0.47096774193548385,0.44242424242424244,0.45625,0.9393939393939394,972.4193548387096,250.0,2216.7467444505833,0.18387096774193548
strengthening/base_44/Zonly/Zonly/evaluation/full15ch_seed42,strict,P,50,330,318,318,233,85,97,0.7327044025157232,0.706060606060606,0.7191358024691358,0.9636363636363636,102.83018867924517,29.99999999999936,478.46452521246806,0.009433962264150943
strengthening/base_44/Zonly/Zonly/evaluation/full15ch_seed42,strict,P,100,330,318,318,266,52,64,0.8364779874213837,0.806060606060606,0.8209876543209876,0.9636363636363636,102.83018867924517,29.99999999999936,478.46452521246806,0.009433962264150943
strengthening/base_44/Zonly/Zonly/evaluation/full15ch_seed42,strict,P,200,330,318,318,293,25,37,0.9213836477987422,0.8878787878787879,0.904320987654321,0.9636363636363636,102.83018867924517,29.99999999999936,478.46452521246806,0.009433962264150943
strengthening/base_44/Zonly/Zonly/evaluation/full15ch_seed42,strict,S,50,330,252,252,42,210,288,0.16666666666666666,0.12727272727272726,0.14432989690721648,0.7636363636363637,974.9603174603175,205.00000000000009,2324.6430857640225,0.17063492063492064
strengthening/base_44/Zonly/Zonly/evaluation/full15ch_seed42,strict,S,100,330,252,252,80,172,250,0.31746031746031744,0.24242424242424243,0.27491408934707906,0.7636363636363637,974.9603174603175,205.00000000000009,2324.6430857640225,0.17063492063492064
strengthening/base_44/Zonly/Zonly/evaluation/full15ch_seed42,strict,S,200,330,252,252,126,126,204,0.5,0.38181818181818183,0.4329896907216495,0.7636363636363637,974.9603174603175,205.00000000000009,2324.6430857640225,0.17063492063492064
strengthening/base_44/Zonly/Zonly/evaluation/full15ch_seed42,unconstrained,P,50,330,326,318,235,91,95,0.7208588957055214,0.7121212121212122,0.7164634146341463,0.9878787878787879,128.803680981595,29.99999999999936,648.3762162444046,0.012269938650306749
strengthening/base_44/Zonly/Zonly/evaluation/full15ch_seed42,unconstrained,P,100,330,326,318,268,58,62,0.8220858895705522,0.8121212121212121,0.8170731707317073,0.9878787878787879,128.803680981595,29.99999999999936,648.3762162444046,0.012269938650306749
strengthening/base_44/Zonly/Zonly/evaluation/full15ch_seed42,unconstrained,P,200,330,326,318,299,27,31,0.9171779141104295,0.906060606060606,0.9115853658536586,0.9878787878787879,128.803680981595,29.99999999999936,648.3762162444046,0.012269938650306749
strengthening/base_44/Zonly/Zonly/evaluation/full15ch_seed42,unconstrained,S,50,330,314,256,53,261,277,0.16878980891719744,0.1606060606060606,0.16459627329192547,0.9515151515151515,990.4777070063694,250.0,2283.557747739511,0.18471337579617833
strengthening/base_44/Zonly/Zonly/evaluation/full15ch_seed42,unconstrained,S,100,330,314,256,94,220,236,0.29936305732484075,0.28484848484848485,0.2919254658385093,0.9515151515151515,990.4777070063694,250.0,2283.557747739511,0.18471337579617833
strengthening/base_44/Zonly/Zonly/evaluation/full15ch_seed42,unconstrained,S,200,330,314,256,148,166,182,0.4713375796178344,0.4484848484848485,0.45962732919254656,0.9515151515151515,990.4777070063694,250.0,2283.557747739511,0.18471337579617833
strengthening/base_44/Zonly/Zonly/evaluation/full15ch_seed43,accepted,P,50,330,329,324,229,100,101,0.6960486322188449,0.693939393939394,0.6949924127465857,0.996969696969697,291.6717325227962,29.99999999999936,2107.6031128888967,0.02127659574468085
strengthening/base_44/Zonly/Zonly/evaluation/full15ch_seed43,accepted,P,100,330,329,324,271,58,59,0.8237082066869301,0.8212121212121212,0.8224582701062215,0.996969696969697,291.6717325227962,29.99999999999936,2107.6031128888967,0.02127659574468085
strengthening/base_44/Zonly/Zonly/evaluation/full15ch_seed43,accepted,P,200,330,329,324,298,31,32,0.9057750759878419,0.9030303030303031,0.9044006069802731,0.996969696969697,291.6717325227962,29.99999999999936,2107.6031128888967,0.02127659574468085
strengthening/base_44/Zonly/Zonly/evaluation/full15ch_seed43,accepted,S,50,330,308,245,42,266,288,0.13636363636363635,0.12727272727272726,0.13166144200626959,0.9333333333333333,1050.3246753246754,235.00000000000034,2361.9515098885786,0.18831168831168832
strengthening/base_44/Zonly/Zonly/evaluation/full15ch_seed43,accepted,S,100,330,308,245,84,224,246,0.2727272727272727,0.2545454545454545,0.26332288401253917,0.9333333333333333,1050.3246753246754,235.00000000000034,2361.9515098885786,0.18831168831168832
strengthening/base_44/Zonly/Zonly/evaluation/full15ch_seed43,accepted,S,200,330,308,245,144,164,186,0.4675324675324675,0.43636363636363634,0.45141065830721006,0.9333333333333333,1050.3246753246754,235.00000000000034,2361.9515098885786,0.18831168831168832
strengthening/base_44/Zonly/Zonly/evaluation/full15ch_seed43,strict,P,50,330,324,324,229,95,101,0.7067901234567902,0.693939393939394,0.7003058103975535,0.9818181818181818,127.7469135802468,29.99999999999936,648.9309822724497,0.012345679012345678
strengthening/base_44/Zonly/Zonly/evaluation/full15ch_seed43,strict,P,100,330,324,324,271,53,59,0.8364197530864198,0.8212121212121212,0.8287461773700305,0.9818181818181818,127.7469135802468,29.99999999999936,648.9309822724497,0.012345679012345678
strengthening/base_44/Zonly/Zonly/evaluation/full15ch_seed43,strict,P,200,330,324,324,297,27,33,0.9166666666666666,0.9,0.908256880733945,0.9818181818181818,127.7469135802468,29.99999999999936,648.9309822724497,0.012345679012345678
strengthening/base_44/Zonly/Zonly/evaluation/full15ch_seed43,strict,S,50,330,245,245,36,209,294,0.1469387755102041,0.10909090909090909,0.12521739130434784,0.7424242424242424,861.5102040816327,199.9999999999993,1962.3423113561955,0.16326530612244897
strengthening/base_44/Zonly/Zonly/evaluation/full15ch_seed43,strict,S,100,330,245,245,75,170,255,0.30612244897959184,0.22727272727272727,0.2608695652173913,0.7424242424242424,861.5102040816327,199.9999999999993,1962.3423113561955,0.16326530612244897
strengthening/base_44/Zonly/Zonly/evaluation/full15ch_seed43,strict,S,200,330,245,245,126,119,204,0.5142857142857142,0.38181818181818183,0.43826086956521737,0.7424242424242424,861.5102040816327,199.9999999999993,1962.3423113561955,0.16326530612244897
strengthening/base_44/Zonly/Zonly/evaluation/full15ch_seed43,unconstrained,P,50,330,329,324,229,100,101,0.6960486322188449,0.693939393939394,0.6949924127465857,0.996969696969697,291.6717325227962,29.99999999999936,2107.6031128888967,0.02127659574468085
strengthening/base_44/Zonly/Zonly/evaluation/full15ch_seed43,unconstrained,P,100,330,329,324,271,58,59,0.8237082066869301,0.8212121212121212,0.8224582701062215,0.996969696969697,291.6717325227962,29.99999999999936,2107.6031128888967,0.02127659574468085
strengthening/base_44/Zonly/Zonly/evaluation/full15ch_seed43,unconstrained,P,200,330,329,324,298,31,32,0.9057750759878419,0.9030303030303031,0.9044006069802731,0.996969696969697,291.6717325227962,29.99999999999936,2107.6031128888967,0.02127659574468085
strengthening/base_44/Zonly/Zonly/evaluation/full15ch_seed43,unconstrained,S,50,330,310,246,42,268,288,0.13548387096774195,0.12727272727272726,0.13125,0.9393939393939394,1034.1935483870968,229.99999999999955,2346.5010327664877,0.18387096774193548
strengthening/base_44/Zonly/Zonly/evaluation/full15ch_seed43,unconstrained,S,100,330,310,246,85,225,245,0.27419354838709675,0.25757575757575757,0.265625,0.9393939393939394,1034.1935483870968,229.99999999999955,2346.5010327664877,0.18387096774193548
strengthening/base_44/Zonly/Zonly/evaluation/full15ch_seed43,unconstrained,S,200,330,310,246,146,164,184,0.47096774193548385,0.44242424242424244,0.45625,0.9393939393939394,1034.1935483870968,229.99999999999955,2346.5010327664877,0.18387096774193548
strengthening/base_44/Zonly/Zonly/evaluation/full15ch_seed44,accepted,P,50,330,327,322,234,93,96,0.7155963302752294,0.7090909090909091,0.7123287671232876,0.990909090909091,159.60244648318033,30.00000000000025,796.7094022036097,0.01834862385321101
strengthening/base_44/Zonly/Zonly/evaluation/full15ch_seed44,accepted,P,100,330,327,322,270,57,60,0.8256880733944955,0.8181818181818182,0.821917808219178,0.990909090909091,159.60244648318033,30.00000000000025,796.7094022036097,0.01834862385321101
strengthening/base_44/Zonly/Zonly/evaluation/full15ch_seed44,accepted,P,200,330,327,322,299,28,31,0.9143730886850153,0.906060606060606,0.9101978691019786,0.990909090909091,159.60244648318033,30.00000000000025,796.7094022036097,0.01834862385321101
strengthening/base_44/Zonly/Zonly/evaluation/full15ch_seed44,accepted,S,50,330,318,256,58,260,272,0.18238993710691823,0.17575757575757575,0.17901234567901234,0.9636363636363636,994.6855345911949,270.00000000000136,2319.3855589507284,0.16981132075471697
strengthening/base_44/Zonly/Zonly/evaluation/full15ch_seed44,accepted,S,100,330,318,256,85,233,245,0.2672955974842767,0.25757575757575757,0.2623456790123457,0.9636363636363636,994.6855345911949,270.00000000000136,2319.3855589507284,0.16981132075471697
strengthening/base_44/Zonly/Zonly/evaluation/full15ch_seed44,accepted,S,200,330,318,256,136,182,194,0.4276729559748428,0.4121212121212121,0.41975308641975306,0.9636363636363636,994.6855345911949,270.00000000000136,2319.3855589507284,0.16981132075471697
strengthening/base_44/Zonly/Zonly/evaluation/full15ch_seed44,strict,P,50,330,322,322,233,89,97,0.7236024844720497,0.706060606060606,0.7147239263803681,0.9757575757575757,151.8944099378881,30.00000000000025,788.4939256630031,0.015527950310559006
strengthening/base_44/Zonly/Zonly/evaluation/full15ch_seed44,strict,P,100,330,322,322,268,54,62,0.8322981366459627,0.8121212121212121,0.8220858895705522,0.9757575757575757,151.8944099378881,30.00000000000025,788.4939256630031,0.015527950310559006
strengthening/base_44/Zonly/Zonly/evaluation/full15ch_seed44,strict,P,200,330,322,322,296,26,34,0.9192546583850931,0.896969696969697,0.9079754601226994,0.9757575757575757,151.8944099378881,30.00000000000025,788.4939256630031,0.015527950310559006
strengthening/base_44/Zonly/Zonly/evaluation/full15ch_seed44,strict,S,50,330,256,256,50,206,280,0.1953125,0.15151515151515152,0.17064846416382254,0.7757575757575758,844.1015624999999,229.99999999999955,2030.1211286213932,0.1484375
strengthening/base_44/Zonly/Zonly/evaluation/full15ch_seed44,strict,S,100,330,256,256,77,179,253,0.30078125,0.23333333333333334,0.2627986348122867,0.7757575757575758,844.1015624999999,229.99999999999955,2030.1211286213932,0.1484375
strengthening/base_44/Zonly/Zonly/evaluation/full15ch_seed44,strict,S,200,330,256,256,122,134,208,0.4765625,0.3696969696969697,0.41638225255972694,0.7757575757575758,844.1015624999999,229.99999999999955,2030.1211286213932,0.1484375
strengthening/base_44/Zonly/Zonly/evaluation/full15ch_seed44,unconstrained,P,50,330,327,322,234,93,96,0.7155963302752294,0.7090909090909091,0.7123287671232876,0.990909090909091,159.60244648318033,30.00000000000025,796.7094022036097,0.01834862385321101
strengthening/base_44/Zonly/Zonly/evaluation/full15ch_seed44,unconstrained,P,100,330,327,322,270,57,60,0.8256880733944955,0.8181818181818182,0.821917808219178,0.990909090909091,159.60244648318033,30.00000000000025,796.7094022036097,0.01834862385321101
strengthening/base_44/Zonly/Zonly/evaluation/full15ch_seed44,unconstrained,P,200,330,327,322,299,28,31,0.9143730886850153,0.906060606060606,0.9101978691019786,0.990909090909091,159.60244648318033,30.00000000000025,796.7094022036097,0.01834862385321101
strengthening/base_44/Zonly/Zonly/evaluation/full15ch_seed44,unconstrained,S,50,330,321,258,58,263,272,0.1806853582554517,0.17575757575757575,0.1781874039938556,0.9727272727272728,990.9968847352025,270.00000000000136,2310.199853797498,0.17445482866043613
strengthening/base_44/Zonly/Zonly/evaluation/full15ch_seed44,unconstrained,S,100,330,321,258,87,234,243,0.27102803738317754,0.2636363636363636,0.2672811059907834,0.9727272727272728,990.9968847352025,270.00000000000136,2310.199853797498,0.17445482866043613
strengthening/base_44/Zonly/Zonly/evaluation/full15ch_seed44,unconstrained,S,200,330,321,258,138,183,192,0.42990654205607476,0.41818181818181815,0.423963133640553,0.9727272727272728,990.9968847352025,270.00000000000136,2310.199853797498,0.17445482866043613
strengthening/phasenet/Full3C/seed_42/Full3C/evaluation/PhaseNetMatched_seed42,accepted,P,50,330,330,330,321,9,9,0.9727272727272728,0.9727272727272728,0.9727272727272728,1.0,41.090909090908866,9.999999999999787,365.44451968759495,0.0030303030303030303
strengthening/phasenet/Full3C/seed_42/Full3C/evaluation/PhaseNetMatched_seed42,accepted,P,100,330,330,330,324,6,6,0.9818181818181818,0.9818181818181818,0.9818181818181818,1.0,41.090909090908866,9.999999999999787,365.44451968759495,0.0030303030303030303
strengthening/phasenet/Full3C/seed_42/Full3C/evaluation/PhaseNetMatched_seed42,accepted,P,200,330,330,330,325,5,5,0.9848484848484849,0.9848484848484849,0.9848484848484849,1.0,41.090909090908866,9.999999999999787,365.44451968759495,0.0030303030303030303
strengthening/phasenet/Full3C/seed_42/Full3C/evaluation/PhaseNetMatched_seed42,accepted,S,50,330,330,327,121,209,209,0.36666666666666664,0.36666666666666664,0.36666666666666664,1.0,179.54545454545453,80.00000000000007,386.90340192901164,0.015151515151515152
strengthening/phasenet/Full3C/seed_42/Full3C/evaluation/PhaseNetMatched_seed42,accepted,S,100,330,330,327,191,139,139,0.5787878787878787,0.5787878787878787,0.5787878787878787,1.0,179.54545454545453,80.00000000000007,386.90340192901164,0.015151515151515152
strengthening/phasenet/Full3C/seed_42/Full3C/evaluation/PhaseNetMatched_seed42,accepted,S,200,330,330,327,247,83,83,0.7484848484848485,0.7484848484848485,0.7484848484848485,1.0,179.54545454545453,80.00000000000007,386.90340192901164,0.015151515151515152
strengthening/phasenet/Full3C/seed_42/Full3C/evaluation/PhaseNetMatched_seed42,strict,P,50,330,330,330,321,9,9,0.9727272727272728,0.9727272727272728,0.9727272727272728,1.0,41.090909090908866,9.999999999999787,365.44451968759495,0.0030303030303030303
strengthening/phasenet/Full3C/seed_42/Full3C/evaluation/PhaseNetMatched_seed42,strict,P,100,330,330,330,324,6,6,0.9818181818181818,0.9818181818181818,0.9818181818181818,1.0,41.090909090908866,9.999999999999787,365.44451968759495,0.0030303030303030303
strengthening/phasenet/Full3C/seed_42/Full3C/evaluation/PhaseNetMatched_seed42,strict,P,200,330,330,330,325,5,5,0.9848484848484849,0.9848484848484849,0.9848484848484849,1.0,41.090909090908866,9.999999999999787,365.44451968759495,0.0030303030303030303
strengthening/phasenet/Full3C/seed_42/Full3C/evaluation/PhaseNetMatched_seed42,strict,S,50,330,327,327,121,206,209,0.37003058103975534,0.36666666666666664,0.3683409436834094,0.990909090909091,176.42201834862382,80.00000000000007,384.56655770993456,0.01529051987767584
strengthening/phasenet/Full3C/seed_42/Full3C/evaluation/PhaseNetMatched_seed42,strict,S,100,330,327,327,191,136,139,0.5840978593272171,0.5787878787878787,0.5814307458143074,0.990909090909091,176.42201834862382,80.00000000000007,384.56655770993456,0.01529051987767584
strengthening/phasenet/Full3C/seed_42/Full3C/evaluation/PhaseNetMatched_seed42,strict,S,200,330,327,327,246,81,84,0.7522935779816514,0.7454545454545455,0.7488584474885844,0.990909090909091,176.42201834862382,80.00000000000007,384.56655770993456,0.01529051987767584
strengthening/phasenet/Full3C/seed_42/Full3C/evaluation/PhaseNetMatched_seed42,unconstrained,P,50,330,330,330,321,9,9,0.9727272727272728,0.9727272727272728,0.9727272727272728,1.0,41.090909090908866,9.999999999999787,365.44451968759495,0.0030303030303030303
strengthening/phasenet/Full3C/seed_42/Full3C/evaluation/PhaseNetMatched_seed42,unconstrained,P,100,330,330,330,324,6,6,0.9818181818181818,0.9818181818181818,0.9818181818181818,1.0,41.090909090908866,9.999999999999787,365.44451968759495,0.0030303030303030303
strengthening/phasenet/Full3C/seed_42/Full3C/evaluation/PhaseNetMatched_seed42,unconstrained,P,200,330,330,330,325,5,5,0.9848484848484849,0.9848484848484849,0.9848484848484849,1.0,41.090909090908866,9.999999999999787,365.44451968759495,0.0030303030303030303
strengthening/phasenet/Full3C/seed_42/Full3C/evaluation/PhaseNetMatched_seed42,unconstrained,S,50,330,330,327,121,209,209,0.36666666666666664,0.36666666666666664,0.36666666666666664,1.0,179.54545454545453,80.00000000000007,386.90340192901164,0.015151515151515152
strengthening/phasenet/Full3C/seed_42/Full3C/evaluation/PhaseNetMatched_seed42,unconstrained,S,100,330,330,327,191,139,139,0.5787878787878787,0.5787878787878787,0.5787878787878787,1.0,179.54545454545453,80.00000000000007,386.90340192901164,0.015151515151515152
strengthening/phasenet/Full3C/seed_42/Full3C/evaluation/PhaseNetMatched_seed42,unconstrained,S,200,330,330,327,247,83,83,0.7484848484848485,0.7484848484848485,0.7484848484848485,1.0,179.54545454545453,80.00000000000007,386.90340192901164,0.015151515151515152
strengthening/phasenet/Full3C/seed_43/Full3C/evaluation/PhaseNetMatched_seed43,accepted,P,50,330,330,330,322,8,8,0.9757575757575757,0.9757575757575757,0.9757575757575757,1.0,28.333333333333282,0.0,272.4762986634495,0.0030303030303030303
strengthening/phasenet/Full3C/seed_43/Full3C/evaluation/PhaseNetMatched_seed43,accepted,P,100,330,330,330,325,5,5,0.9848484848484849,0.9848484848484849,0.9848484848484849,1.0,28.333333333333282,0.0,272.4762986634495,0.0030303030303030303
strengthening/phasenet/Full3C/seed_43/Full3C/evaluation/PhaseNetMatched_seed43,accepted,P,200,330,330,330,325,5,5,0.9848484848484849,0.9848484848484849,0.9848484848484849,1.0,28.333333333333282,0.0,272.4762986634495,0.0030303030303030303
strengthening/phasenet/Full3C/seed_43/Full3C/evaluation/PhaseNetMatched_seed43,accepted,S,50,330,325,323,132,193,198,0.40615384615384614,0.4,0.4030534351145038,0.9848484848484849,163.99999999999997,70.00000000000028,379.62896866039324,0.006153846153846154
strengthening/phasenet/Full3C/seed_43/Full3C/evaluation/PhaseNetMatched_seed43,accepted,S,100,330,325,323,203,122,127,0.6246153846153846,0.6151515151515151,0.6198473282442748,0.9848484848484849,163.99999999999997,70.00000000000028,379.62896866039324,0.006153846153846154
strengthening/phasenet/Full3C/seed_43/Full3C/evaluation/PhaseNetMatched_seed43,accepted,S,200,330,325,323,248,77,82,0.7630769230769231,0.7515151515151515,0.7572519083969466,0.9848484848484849,163.99999999999997,70.00000000000028,379.62896866039324,0.006153846153846154
strengthening/phasenet/Full3C/seed_43/Full3C/evaluation/PhaseNetMatched_seed43,strict,P,50,330,330,330,322,8,8,0.9757575757575757,0.9757575757575757,0.9757575757575757,1.0,28.333333333333282,0.0,272.4762986634495,0.0030303030303030303
strengthening/phasenet/Full3C/seed_43/Full3C/evaluation/PhaseNetMatched_seed43,strict,P,100,330,330,330,325,5,5,0.9848484848484849,0.9848484848484849,0.9848484848484849,1.0,28.333333333333282,0.0,272.4762986634495,0.0030303030303030303
strengthening/phasenet/Full3C/seed_43/Full3C/evaluation/PhaseNetMatched_seed43,strict,P,200,330,330,330,325,5,5,0.9848484848484849,0.9848484848484849,0.9848484848484849,1.0,28.333333333333282,0.0,272.4762986634495,0.0030303030303030303
strengthening/phasenet/Full3C/seed_43/Full3C/evaluation/PhaseNetMatched_seed43,strict,S,50,330,323,323,132,191,198,0.4086687306501548,0.4,0.40428790199081166,0.9787878787878788,162.04334365325076,70.00000000000028,377.5487174600485,0.006191950464396285
strengthening/phasenet/Full3C/seed_43/Full3C/evaluation/PhaseNetMatched_seed43,strict,S,100,330,323,323,202,121,128,0.6253869969040248,0.6121212121212121,0.6186830015313936,0.9787878787878788,162.04334365325076,70.00000000000028,377.5487174600485,0.006191950464396285
strengthening/phasenet/Full3C/seed_43/Full3C/evaluation/PhaseNetMatched_seed43,strict,S,200,330,323,323,247,76,83,0.7647058823529411,0.7484848484848485,0.7565084226646248,0.9787878787878788,162.04334365325076,70.00000000000028,377.5487174600485,0.006191950464396285
strengthening/phasenet/Full3C/seed_43/Full3C/evaluation/PhaseNetMatched_seed43,unconstrained,P,50,330,330,330,322,8,8,0.9757575757575757,0.9757575757575757,0.9757575757575757,1.0,28.333333333333282,0.0,272.4762986634495,0.0030303030303030303
strengthening/phasenet/Full3C/seed_43/Full3C/evaluation/PhaseNetMatched_seed43,unconstrained,P,100,330,330,330,325,5,5,0.9848484848484849,0.9848484848484849,0.9848484848484849,1.0,28.333333333333282,0.0,272.4762986634495,0.0030303030303030303
strengthening/phasenet/Full3C/seed_43/Full3C/evaluation/PhaseNetMatched_seed43,unconstrained,P,200,330,330,330,325,5,5,0.9848484848484849,0.9848484848484849,0.9848484848484849,1.0,28.333333333333282,0.0,272.4762986634495,0.0030303030303030303
strengthening/phasenet/Full3C/seed_43/Full3C/evaluation/PhaseNetMatched_seed43,unconstrained,S,50,330,325,323,132,193,198,0.40615384615384614,0.4,0.4030534351145038,0.9848484848484849,163.99999999999997,70.00000000000028,379.62896866039324,0.006153846153846154
strengthening/phasenet/Full3C/seed_43/Full3C/evaluation/PhaseNetMatched_seed43,unconstrained,S,100,330,325,323,203,122,127,0.6246153846153846,0.6151515151515151,0.6198473282442748,0.9848484848484849,163.99999999999997,70.00000000000028,379.62896866039324,0.006153846153846154
strengthening/phasenet/Full3C/seed_43/Full3C/evaluation/PhaseNetMatched_seed43,unconstrained,S,200,330,325,323,248,77,82,0.7630769230769231,0.7515151515151515,0.7572519083969466,0.9848484848484849,163.99999999999997,70.00000000000028,379.62896866039324,0.006153846153846154
strengthening/phasenet/Full3C/seed_44/Full3C/evaluation/PhaseNetMatched_seed44,accepted,P,50,330,329,329,322,7,8,0.9787234042553191,0.9757575757575757,0.9772382397572079,0.996969696969697,33.981762917932926,9.999999999999787,261.79529811572536,0.00303951367781155
strengthening/phasenet/Full3C/seed_44/Full3C/evaluation/PhaseNetMatched_seed44,accepted,P,100,330,329,329,324,5,6,0.9848024316109423,0.9818181818181818,0.9833080424886191,0.996969696969697,33.981762917932926,9.999999999999787,261.79529811572536,0.00303951367781155
strengthening/phasenet/Full3C/seed_44/Full3C/evaluation/PhaseNetMatched_seed44,accepted,P,200,330,329,329,325,4,5,0.9878419452887538,0.9848484848484849,0.9863429438543247,0.996969696969697,33.981762917932926,9.999999999999787,261.79529811572536,0.00303951367781155
strengthening/phasenet/Full3C/seed_44/Full3C/evaluation/PhaseNetMatched_seed44,accepted,S,50,330,329,326,118,211,212,0.3586626139817629,0.3575757575757576,0.3581183611532625,0.996969696969697,166.80851063829783,89.99999999999986,264.6945822726609,0.0060790273556231
strengthening/phasenet/Full3C/seed_44/Full3C/evaluation/PhaseNetMatched_seed44,accepted,S,100,330,329,326,184,145,146,0.5592705167173252,0.5575757575757576,0.5584218512898331,0.996969696969697,166.80851063829783,89.99999999999986,264.6945822726609,0.0060790273556231
strengthening/phasenet/Full3C/seed_44/Full3C/evaluation/PhaseNetMatched_seed44,accepted,S,200,330,329,326,235,94,95,0.7142857142857143,0.7121212121212122,0.7132018209408194,0.996969696969697,166.80851063829783,89.99999999999986,264.6945822726609,0.0060790273556231
strengthening/phasenet/Full3C/seed_44/Full3C/evaluation/PhaseNetMatched_seed44,strict,P,50,330,329,329,322,7,8,0.9787234042553191,0.9757575757575757,0.9772382397572079,0.996969696969697,33.981762917932926,9.999999999999787,261.79529811572536,0.00303951367781155
strengthening/phasenet/Full3C/seed_44/Full3C/evaluation/PhaseNetMatched_seed44,strict,P,100,330,329,329,324,5,6,0.9848024316109423,0.9818181818181818,0.9833080424886191,0.996969696969697,33.981762917932926,9.999999999999787,261.79529811572536,0.00303951367781155
strengthening/phasenet/Full3C/seed_44/Full3C/evaluation/PhaseNetMatched_seed44,strict,P,200,330,329,329,325,4,5,0.9878419452887538,0.9848484848484849,0.9863429438543247,0.996969696969697,33.981762917932926,9.999999999999787,261.79529811572536,0.00303951367781155
strengthening/phasenet/Full3C/seed_44/Full3C/evaluation/PhaseNetMatched_seed44,strict,S,50,330,326,326,117,209,213,0.3588957055214724,0.35454545454545455,0.3567073170731707,0.9878787878787879,163.92638036809814,89.99999999999986,259.292335670423,0.006134969325153374
strengthening/phasenet/Full3C/seed_44/Full3C/evaluation/PhaseNetMatched_seed44,strict,S,100,330,326,326,183,143,147,0.5613496932515337,0.5545454545454546,0.5579268292682927,0.9878787878787879,163.92638036809814,89.99999999999986,259.292335670423,0.006134969325153374
strengthening/phasenet/Full3C/seed_44/Full3C/evaluation/PhaseNetMatched_seed44,strict,S,200,330,326,326,234,92,96,0.7177914110429447,0.7090909090909091,0.7134146341463414,0.9878787878787879,163.92638036809814,89.99999999999986,259.292335670423,0.006134969325153374
strengthening/phasenet/Full3C/seed_44/Full3C/evaluation/PhaseNetMatched_seed44,unconstrained,P,50,330,329,329,322,7,8,0.9787234042553191,0.9757575757575757,0.9772382397572079,0.996969696969697,33.981762917932926,9.999999999999787,261.79529811572536,0.00303951367781155
strengthening/phasenet/Full3C/seed_44/Full3C/evaluation/PhaseNetMatched_seed44,unconstrained,P,100,330,329,329,324,5,6,0.9848024316109423,0.9818181818181818,0.9833080424886191,0.996969696969697,33.981762917932926,9.999999999999787,261.79529811572536,0.00303951367781155
strengthening/phasenet/Full3C/seed_44/Full3C/evaluation/PhaseNetMatched_seed44,unconstrained,P,200,330,329,329,325,4,5,0.9878419452887538,0.9848484848484849,0.9863429438543247,0.996969696969697,33.981762917932926,9.999999999999787,261.79529811572536,0.00303951367781155
strengthening/phasenet/Full3C/seed_44/Full3C/evaluation/PhaseNetMatched_seed44,unconstrained,S,50,330,330,327,118,212,212,0.3575757575757576,0.3575757575757576,0.3575757575757576,1.0,166.75757575757572,89.99999999999986,264.42218308812687,0.006060606060606061
strengthening/phasenet/Full3C/seed_44/Full3C/evaluation/PhaseNetMatched_seed44,unconstrained,S,100,330,330,327,184,146,146,0.5575757575757576,0.5575757575757576,0.5575757575757576,1.0,166.75757575757572,89.99999999999986,264.42218308812687,0.006060606060606061
strengthening/phasenet/Full3C/seed_44/Full3C/evaluation/PhaseNetMatched_seed44,unconstrained,S,200,330,330,327,236,94,94,0.7151515151515152,0.7151515151515152,0.7151515151515152,1.0,166.75757575757572,89.99999999999986,264.42218308812687,0.006060606060606061
strengthening/phasenet/Zonly/seed_42/Zonly/evaluation/PhaseNetMatched_seed42,accepted,P,50,330,330,329,324,6,6,0.9818181818181818,0.9818181818181818,0.9818181818181818,1.0,21.48484848484837,0.0,140.00757555261504,0.0030303030303030303
strengthening/phasenet/Zonly/seed_42/Zonly/evaluation/PhaseNetMatched_seed42,accepted,P,100,330,330,329,326,4,4,0.9878787878787879,0.9878787878787879,0.9878787878787879,1.0,21.48484848484837,0.0,140.00757555261504,0.0030303030303030303
strengthening/phasenet/Zonly/seed_42/Zonly/evaluation/PhaseNetMatched_seed42,accepted,P,200,330,330,329,326,4,4,0.9878787878787879,0.9878787878787879,0.9878787878787879,1.0,21.48484848484837,0.0,140.00757555261504,0.0030303030303030303
strengthening/phasenet/Zonly/seed_42/Zonly/evaluation/PhaseNetMatched_seed42,accepted,S,50,330,330,325,50,280,280,0.15151515151515152,0.15151515151515152,0.15151515151515152,1.0,602.4242424242425,200.00000000000017,1799.6986279694586,0.09090909090909091
strengthening/phasenet/Zonly/seed_42/Zonly/evaluation/PhaseNetMatched_seed42,accepted,S,100,330,330,325,97,233,233,0.29393939393939394,0.29393939393939394,0.29393939393939394,1.0,602.4242424242425,200.00000000000017,1799.6986279694586,0.09090909090909091
strengthening/phasenet/Zonly/seed_42/Zonly/evaluation/PhaseNetMatched_seed42,accepted,S,200,330,330,325,166,164,164,0.503030303030303,0.503030303030303,0.503030303030303,1.0,602.4242424242425,200.00000000000017,1799.6986279694586,0.09090909090909091
strengthening/phasenet/Zonly/seed_42/Zonly/evaluation/PhaseNetMatched_seed42,strict,P,50,330,329,329,324,5,6,0.9848024316109423,0.9818181818181818,0.9833080424886191,0.996969696969697,18.510638297872227,0.0,128.9270663974327,0.00303951367781155
strengthening/phasenet/Zonly/seed_42/Zonly/evaluation/PhaseNetMatched_seed42,strict,P,100,330,329,329,326,3,4,0.9908814589665653,0.9878787878787879,0.9893778452200304,0.996969696969697,18.510638297872227,0.0,128.9270663974327,0.00303951367781155
strengthening/phasenet/Zonly/seed_42/Zonly/evaluation/PhaseNetMatched_seed42,strict,P,200,330,329,329,326,3,4,0.9908814589665653,0.9878787878787879,0.9893778452200304,0.996969696969697,18.510638297872227,0.0,128.9270663974327,0.00303951367781155
strengthening/phasenet/Zonly/seed_42/Zonly/evaluation/PhaseNetMatched_seed42,strict,S,50,330,325,325,50,275,280,0.15384615384615385,0.15151515151515152,0.15267175572519084,0.9848484848484849,551.3846153846155,199.9999999999993,1622.7120698196775,0.08615384615384615
strengthening/phasenet/Zonly/seed_42/Zonly/evaluation/PhaseNetMatched_seed42,strict,S,100,330,325,325,97,228,233,0.29846153846153844,0.29393939393939394,0.2961832061068702,0.9848484848484849,551.3846153846155,199.9999999999993,1622.7120698196775,0.08615384615384615
strengthening/phasenet/Zonly/seed_42/Zonly/evaluation/PhaseNetMatched_seed42,strict,S,200,330,325,325,165,160,165,0.5076923076923077,0.5,0.5038167938931297,0.9848484848484849,551.3846153846155,199.9999999999993,1622.7120698196775,0.08615384615384615
strengthening/phasenet/Zonly/seed_42/Zonly/evaluation/PhaseNetMatched_seed42,unconstrained,P,50,330,330,329,324,6,6,0.9818181818181818,0.9818181818181818,0.9818181818181818,1.0,21.48484848484837,0.0,140.00757555261504,0.0030303030303030303
strengthening/phasenet/Zonly/seed_42/Zonly/evaluation/PhaseNetMatched_seed42,unconstrained,P,100,330,330,329,326,4,4,0.9878787878787879,0.9878787878787879,0.9878787878787879,1.0,21.48484848484837,0.0,140.00757555261504,0.0030303030303030303
strengthening/phasenet/Zonly/seed_42/Zonly/evaluation/PhaseNetMatched_seed42,unconstrained,P,200,330,330,329,326,4,4,0.9878787878787879,0.9878787878787879,0.9878787878787879,1.0,21.48484848484837,0.0,140.00757555261504,0.0030303030303030303
strengthening/phasenet/Zonly/seed_42/Zonly/evaluation/PhaseNetMatched_seed42,unconstrained,S,50,330,330,325,50,280,280,0.15151515151515152,0.15151515151515152,0.15151515151515152,1.0,602.4242424242425,200.00000000000017,1799.6986279694586,0.09090909090909091
strengthening/phasenet/Zonly/seed_42/Zonly/evaluation/PhaseNetMatched_seed42,unconstrained,S,100,330,330,325,97,233,233,0.29393939393939394,0.29393939393939394,0.29393939393939394,1.0,602.4242424242425,200.00000000000017,1799.6986279694586,0.09090909090909091
strengthening/phasenet/Zonly/seed_42/Zonly/evaluation/PhaseNetMatched_seed42,unconstrained,S,200,330,330,325,166,164,164,0.503030303030303,0.503030303030303,0.503030303030303,1.0,602.4242424242425,200.00000000000017,1799.6986279694586,0.09090909090909091
strengthening/phasenet/Zonly/seed_43/Zonly/evaluation/PhaseNetMatched_seed43,accepted,P,50,330,329,327,321,8,9,0.9756838905775076,0.9727272727272728,0.9742033383915023,0.996969696969697,26.504559270516463,9.999999999999787,100.0729217403664,0.0
strengthening/phasenet/Zonly/seed_43/Zonly/evaluation/PhaseNetMatched_seed43,accepted,P,100,330,329,327,324,5,6,0.9848024316109423,0.9818181818181818,0.9833080424886191,0.996969696969697,26.504559270516463,9.999999999999787,100.0729217403664,0.0
strengthening/phasenet/Zonly/seed_43/Zonly/evaluation/PhaseNetMatched_seed43,accepted,P,200,330,329,327,324,5,6,0.9848024316109423,0.9818181818181818,0.9833080424886191,0.996969696969697,26.504559270516463,9.999999999999787,100.0729217403664,0.0
strengthening/phasenet/Zonly/seed_43/Zonly/evaluation/PhaseNetMatched_seed43,accepted,S,50,330,327,320,57,270,273,0.1743119266055046,0.17272727272727273,0.1735159817351598,0.990909090909091,441.9877675840979,180.00000000000148,1131.176081437866,0.08256880733944955
strengthening/phasenet/Zonly/seed_43/Zonly/evaluation/PhaseNetMatched_seed43,accepted,S,100,330,327,320,105,222,225,0.3211009174311927,0.3181818181818182,0.319634703196347,0.990909090909091,441.9877675840979,180.00000000000148,1131.176081437866,0.08256880733944955
strengthening/phasenet/Zonly/seed_43/Zonly/evaluation/PhaseNetMatched_seed43,accepted,S,200,330,327,320,176,151,154,0.5382262996941896,0.5333333333333333,0.5357686453576864,0.990909090909091,441.9877675840979,180.00000000000148,1131.176081437866,0.08256880733944955
strengthening/phasenet/Zonly/seed_43/Zonly/evaluation/PhaseNetMatched_seed43,strict,P,50,330,327,327,319,8,11,0.9755351681957186,0.9666666666666667,0.9710806697108066,0.990909090909091,26.51376146788965,9.999999999999787,100.35868394625888,0.0
strengthening/phasenet/Zonly/seed_43/Zonly/evaluation/PhaseNetMatched_seed43,strict,P,100,330,327,327,322,5,8,0.9847094801223242,0.9757575757575757,0.9802130898021308,0.990909090909091,26.51376146788965,9.999999999999787,100.35868394625888,0.0
strengthening/phasenet/Zonly/seed_43/Zonly/evaluation/PhaseNetMatched_seed43,strict,P,200,330,327,327,322,5,8,0.9847094801223242,0.9757575757575757,0.9802130898021308,0.990909090909091,26.51376146788965,9.999999999999787,100.35868394625888,0.0
strengthening/phasenet/Zonly/seed_43/Zonly/evaluation/PhaseNetMatched_seed43,strict,S,50,330,320,320,55,265,275,0.171875,0.16666666666666666,0.16923076923076924,0.9696969696969697,413.84375000000006,179.99999999999972,1043.874842833182,0.078125
strengthening/phasenet/Zonly/seed_43/Zonly/evaluation/PhaseNetMatched_seed43,strict,S,100,330,320,320,103,217,227,0.321875,0.31212121212121213,0.3169230769230769,0.9696969696969697,413.84375000000006,179.99999999999972,1043.874842833182,0.078125
strengthening/phasenet/Zonly/seed_43/Zonly/evaluation/PhaseNetMatched_seed43,strict,S,200,330,320,320,173,147,157,0.540625,0.5242424242424243,0.5323076923076923,0.9696969696969697,413.84375000000006,179.99999999999972,1043.874842833182,0.078125
strengthening/phasenet/Zonly/seed_43/Zonly/evaluation/PhaseNetMatched_seed43,unconstrained,P,50,330,329,327,321,8,9,0.9756838905775076,0.9727272727272728,0.9742033383915023,0.996969696969697,26.504559270516463,9.999999999999787,100.0729217403664,0.0
strengthening/phasenet/Zonly/seed_43/Zonly/evaluation/PhaseNetMatched_seed43,unconstrained,P,100,330,329,327,324,5,6,0.9848024316109423,0.9818181818181818,0.9833080424886191,0.996969696969697,26.504559270516463,9.999999999999787,100.0729217403664,0.0
strengthening/phasenet/Zonly/seed_43/Zonly/evaluation/PhaseNetMatched_seed43,unconstrained,P,200,330,329,327,324,5,6,0.9848024316109423,0.9818181818181818,0.9833080424886191,0.996969696969697,26.504559270516463,9.999999999999787,100.0729217403664,0.0
strengthening/phasenet/Zonly/seed_43/Zonly/evaluation/PhaseNetMatched_seed43,unconstrained,S,50,330,328,322,57,271,273,0.17378048780487804,0.17272727272727273,0.17325227963525835,0.9939393939393939,568.719512195122,185.00000000000136,2581.958984012324,0.08536585365853659
strengthening/phasenet/Zonly/seed_43/Zonly/evaluation/PhaseNetMatched_seed43,unconstrained,S,100,330,328,322,105,223,225,0.3201219512195122,0.3181818181818182,0.3191489361702128,0.9939393939393939,568.719512195122,185.00000000000136,2581.958984012324,0.08536585365853659
strengthening/phasenet/Zonly/seed_43/Zonly/evaluation/PhaseNetMatched_seed43,unconstrained,S,200,330,328,322,176,152,154,0.5365853658536586,0.5333333333333333,0.5349544072948328,0.9939393939393939,568.719512195122,185.00000000000136,2581.958984012324,0.08536585365853659
strengthening/phasenet/Zonly/seed_44/Zonly/evaluation/PhaseNetMatched_seed44,accepted,P,50,330,330,328,318,12,12,0.9636363636363636,0.9636363636363636,0.9636363636363636,1.0,28.939393939393817,9.999999999999787,130.11999124351382,0.006060606060606061
strengthening/phasenet/Zonly/seed_44/Zonly/evaluation/PhaseNetMatched_seed44,accepted,P,100,330,330,328,323,7,7,0.9787878787878788,0.9787878787878788,0.9787878787878788,1.0,28.939393939393817,9.999999999999787,130.11999124351382,0.006060606060606061
strengthening/phasenet/Zonly/seed_44/Zonly/evaluation/PhaseNetMatched_seed44,accepted,P,200,330,330,328,323,7,7,0.9787878787878788,0.9787878787878788,0.9787878787878788,1.0,28.939393939393817,9.999999999999787,130.11999124351382,0.006060606060606061
strengthening/phasenet/Zonly/seed_44/Zonly/evaluation/PhaseNetMatched_seed44,accepted,S,50,330,330,324,55,275,275,0.16666666666666666,0.16666666666666666,0.16666666666666666,1.0,468.48484848484856,209.99999999999997,1260.0610855803536,0.08181818181818182
strengthening/phasenet/Zonly/seed_44/Zonly/evaluation/PhaseNetMatched_seed44,accepted,S,100,330,330,324,94,236,236,0.28484848484848485,0.28484848484848485,0.28484848484848485,1.0,468.48484848484856,209.99999999999997,1260.0610855803536,0.08181818181818182
strengthening/phasenet/Zonly/seed_44/Zonly/evaluation/PhaseNetMatched_seed44,accepted,S,200,330,330,324,164,166,166,0.49696969696969695,0.49696969696969695,0.49696969696969695,1.0,468.48484848484856,209.99999999999997,1260.0610855803536,0.08181818181818182
strengthening/phasenet/Zonly/seed_44/Zonly/evaluation/PhaseNetMatched_seed44,strict,P,50,330,328,328,318,10,12,0.9695121951219512,0.9636363636363636,0.9665653495440729,0.9939393939393939,22.804878048780367,9.999999999999787,102.46355687660308,0.0
strengthening/phasenet/Zonly/seed_44/Zonly/evaluation/PhaseNetMatched_seed44,strict,P,100,330,328,328,323,5,7,0.9847560975609756,0.9787878787878788,0.9817629179331308,0.9939393939393939,22.804878048780367,9.999999999999787,102.46355687660308,0.0
strengthening/phasenet/Zonly/seed_44/Zonly/evaluation/PhaseNetMatched_seed44,strict,P,200,330,328,328,323,5,7,0.9847560975609756,0.9787878787878788,0.9817629179331308,0.9939393939393939,22.804878048780367,9.999999999999787,102.46355687660308,0.0
strengthening/phasenet/Zonly/seed_44/Zonly/evaluation/PhaseNetMatched_seed44,strict,S,50,330,324,324,55,269,275,0.1697530864197531,0.16666666666666666,0.16819571865443425,0.9818181818181818,438.8580246913581,199.99999999999972,1131.4069957903996,0.08024691358024691
strengthening/phasenet/Zonly/seed_44/Zonly/evaluation/PhaseNetMatched_seed44,strict,S,100,330,324,324,94,230,236,0.29012345679012347,0.28484848484848485,0.2874617737003058,0.9818181818181818,438.8580246913581,199.99999999999972,1131.4069957903996,0.08024691358024691
strengthening/phasenet/Zonly/seed_44/Zonly/evaluation/PhaseNetMatched_seed44,strict,S,200,330,324,324,163,161,167,0.5030864197530864,0.49393939393939396,0.4984709480122324,0.9818181818181818,438.8580246913581,199.99999999999972,1131.4069957903996,0.08024691358024691
strengthening/phasenet/Zonly/seed_44/Zonly/evaluation/PhaseNetMatched_seed44,unconstrained,P,50,330,330,328,318,12,12,0.9636363636363636,0.9636363636363636,0.9636363636363636,1.0,28.939393939393817,9.999999999999787,130.11999124351382,0.006060606060606061
strengthening/phasenet/Zonly/seed_44/Zonly/evaluation/PhaseNetMatched_seed44,unconstrained,P,100,330,330,328,323,7,7,0.9787878787878788,0.9787878787878788,0.9787878787878788,1.0,28.939393939393817,9.999999999999787,130.11999124351382,0.006060606060606061
strengthening/phasenet/Zonly/seed_44/Zonly/evaluation/PhaseNetMatched_seed44,unconstrained,P,200,330,330,328,323,7,7,0.9787878787878788,0.9787878787878788,0.9787878787878788,1.0,28.939393939393817,9.999999999999787,130.11999124351382,0.006060606060606061
strengthening/phasenet/Zonly/seed_44/Zonly/evaluation/PhaseNetMatched_seed44,unconstrained,S,50,330,330,324,55,275,275,0.16666666666666666,0.16666666666666666,0.16666666666666666,1.0,468.48484848484856,209.99999999999997,1260.0610855803536,0.08181818181818182
strengthening/phasenet/Zonly/seed_44/Zonly/evaluation/PhaseNetMatched_seed44,unconstrained,S,100,330,330,324,94,236,236,0.28484848484848485,0.28484848484848485,0.28484848484848485,1.0,468.48484848484856,209.99999999999997,1260.0610855803536,0.08181818181818182
strengthening/phasenet/Zonly/seed_44/Zonly/evaluation/PhaseNetMatched_seed44,unconstrained,S,200,330,330,324,164,166,166,0.49696969696969695,0.49696969696969695,0.49696969696969695,1.0,468.48484848484856,209.99999999999997,1260.0610855803536,0.08181818181818182
submission40/Full3C/baselines/AIC,accepted,P,50,330,330,330,94,236,236,0.28484848484848485,0.28484848484848485,0.28484848484848485,1.0,953.3939393939394,344.9999999999998,1899.0375552799467,0.21818181818181817
submission40/Full3C/baselines/AIC,accepted,P,100,330,330,330,122,208,208,0.3696969696969697,0.3696969696969697,0.3696969696969697,1.0,953.3939393939394,344.9999999999998,1899.0375552799467,0.21818181818181817
submission40/Full3C/baselines/AIC,accepted,P,200,330,330,330,144,186,186,0.43636363636363634,0.43636363636363634,0.43636363636363634,1.0,953.3939393939394,344.9999999999998,1899.0375552799467,0.21818181818181817
submission40/Full3C/baselines/AIC,accepted,S,50,330,303,300,0,303,330,0.0,0.0,0.0,0.9181818181818182,5247.293729372937,4830.000000000001,5981.111771217955,0.9834983498349835
submission40/Full3C/baselines/AIC,accepted,S,100,330,303,300,0,303,330,0.0,0.0,0.0,0.9181818181818182,5247.293729372937,4830.000000000001,5981.111771217955,0.9834983498349835
submission40/Full3C/baselines/AIC,accepted,S,200,330,303,300,0,303,330,0.0,0.0,0.0,0.9181818181818182,5247.293729372937,4830.000000000001,5981.111771217955,0.9834983498349835
submission40/Full3C/baselines/AIC,strict,P,50,330,330,330,94,236,236,0.28484848484848485,0.28484848484848485,0.28484848484848485,1.0,953.3939393939394,344.9999999999998,1899.0375552799467,0.21818181818181817
submission40/Full3C/baselines/AIC,strict,P,100,330,330,330,122,208,208,0.3696969696969697,0.3696969696969697,0.3696969696969697,1.0,953.3939393939394,344.9999999999998,1899.0375552799467,0.21818181818181817
submission40/Full3C/baselines/AIC,strict,P,200,330,330,330,144,186,186,0.43636363636363634,0.43636363636363634,0.43636363636363634,1.0,953.3939393939394,344.9999999999998,1899.0375552799467,0.21818181818181817
submission40/Full3C/baselines/AIC,strict,S,50,330,300,300,0,300,330,0.0,0.0,0.0,0.9090909090909091,5250.133333333333,4850.000000000001,5989.533537764022,0.9833333333333333
submission40/Full3C/baselines/AIC,strict,S,100,330,300,300,0,300,330,0.0,0.0,0.0,0.9090909090909091,5250.133333333333,4850.000000000001,5989.533537764022,0.9833333333333333
submission40/Full3C/baselines/AIC,strict,S,200,330,300,300,0,300,330,0.0,0.0,0.0,0.9090909090909091,5250.133333333333,4850.000000000001,5989.533537764022,0.9833333333333333
submission40/Full3C/baselines/AIC,unconstrained,P,50,330,330,330,94,236,236,0.28484848484848485,0.28484848484848485,0.28484848484848485,1.0,953.3939393939394,344.9999999999998,1899.0375552799467,0.21818181818181817
submission40/Full3C/baselines/AIC,unconstrained,P,100,330,330,330,122,208,208,0.3696969696969697,0.3696969696969697,0.3696969696969697,1.0,953.3939393939394,344.9999999999998,1899.0375552799467,0.21818181818181817
submission40/Full3C/baselines/AIC,unconstrained,P,200,330,330,330,144,186,186,0.43636363636363634,0.43636363636363634,0.43636363636363634,1.0,953.3939393939394,344.9999999999998,1899.0375552799467,0.21818181818181817
submission40/Full3C/baselines/AIC,unconstrained,S,50,330,330,330,0,330,330,0.0,0.0,0.0,1.0,5293.121212121212,4930.0,6068.805259087432,0.9848484848484849
submission40/Full3C/baselines/AIC,unconstrained,S,100,330,330,330,0,330,330,0.0,0.0,0.0,1.0,5293.121212121212,4930.0,6068.805259087432,0.9848484848484849
submission40/Full3C/baselines/AIC,unconstrained,S,200,330,330,330,0,330,330,0.0,0.0,0.0,1.0,5293.121212121212,4930.0,6068.805259087432,0.9848484848484849
submission40/Full3C/baselines/CNN,accepted,P,50,330,324,306,225,99,105,0.6944444444444444,0.6818181818181818,0.6880733944954128,0.9818181818181818,145.89506172839498,30.00000000000025,687.1481142113377,0.015432098765432098
submission40/Full3C/baselines/CNN,accepted,P,100,330,324,306,258,66,72,0.7962962962962963,0.7818181818181819,0.7889908256880734,0.9818181818181818,145.89506172839498,30.00000000000025,687.1481142113377,0.015432098765432098
submission40/Full3C/baselines/CNN,accepted,P,200,330,324,306,285,39,45,0.8796296296296297,0.8636363636363636,0.8715596330275229,0.9818181818181818,145.89506172839498,30.00000000000025,687.1481142113377,0.015432098765432098
submission40/Full3C/baselines/CNN,accepted,S,50,330,248,127,75,173,255,0.3024193548387097,0.22727272727272727,0.25951557093425603,0.7515151515151515,1025.9274193548388,169.99999999999994,2374.626541095972,0.1774193548387097
submission40/Full3C/baselines/CNN,accepted,S,100,330,248,127,104,144,226,0.41935483870967744,0.3151515151515151,0.35986159169550175,0.7515151515151515,1025.9274193548388,169.99999999999994,2374.626541095972,0.1774193548387097
submission40/Full3C/baselines/CNN,accepted,S,200,330,248,127,131,117,199,0.5282258064516129,0.396969696969697,0.4532871972318339,0.7515151515151515,1025.9274193548388,169.99999999999994,2374.626541095972,0.1774193548387097
submission40/Full3C/baselines/CNN,strict,P,50,330,306,306,221,85,109,0.7222222222222222,0.6696969696969697,0.6949685534591195,0.9272727272727272,130.45751633986922,29.99999999999936,667.2433780040054,0.013071895424836602
submission40/Full3C/baselines/CNN,strict,P,100,330,306,306,252,54,78,0.8235294117647058,0.7636363636363637,0.7924528301886793,0.9272727272727272,130.45751633986922,29.99999999999936,667.2433780040054,0.013071895424836602
submission40/Full3C/baselines/CNN,strict,P,200,330,306,306,276,30,54,0.9019607843137255,0.8363636363636363,0.8679245283018868,0.9272727272727272,130.45751633986922,29.99999999999936,667.2433780040054,0.013071895424836602
submission40/Full3C/baselines/CNN,strict,S,50,330,127,127,58,69,272,0.4566929133858268,0.17575757575757575,0.2538293216630197,0.38484848484848483,498.8188976377954,70.00000000000028,1656.0376293796166,0.06299212598425197
submission40/Full3C/baselines/CNN,strict,S,100,330,127,127,77,50,253,0.6062992125984252,0.23333333333333334,0.33698030634573306,0.38484848484848483,498.8188976377954,70.00000000000028,1656.0376293796166,0.06299212598425197
submission40/Full3C/baselines/CNN,strict,S,200,330,127,127,89,38,241,0.7007874015748031,0.2696969696969697,0.38949671772428884,0.38484848484848483,498.8188976377954,70.00000000000028,1656.0376293796166,0.06299212598425197
submission40/Full3C/baselines/CNN,unconstrained,P,50,330,324,306,225,99,105,0.6944444444444444,0.6818181818181818,0.6880733944954128,0.9818181818181818,145.89506172839498,30.00000000000025,687.1481142113377,0.015432098765432098
submission40/Full3C/baselines/CNN,unconstrained,P,100,330,324,306,258,66,72,0.7962962962962963,0.7818181818181819,0.7889908256880734,0.9818181818181818,145.89506172839498,30.00000000000025,687.1481142113377,0.015432098765432098
submission40/Full3C/baselines/CNN,unconstrained,P,200,330,324,306,285,39,45,0.8796296296296297,0.8636363636363636,0.8715596330275229,0.9818181818181818,145.89506172839498,30.00000000000025,687.1481142113377,0.015432098765432098
submission40/Full3C/baselines/CNN,unconstrained,S,50,330,253,131,75,178,255,0.2964426877470356,0.22727272727272727,0.25728987993138935,0.7666666666666667,1081.897233201581,169.99999999999994,2477.385463584112,0.1857707509881423
submission40/Full3C/baselines/CNN,unconstrained,S,100,330,253,131,104,149,226,0.41106719367588934,0.3151515151515151,0.3567753001715266,0.7666666666666667,1081.897233201581,169.99999999999994,2477.385463584112,0.1857707509881423
submission40/Full3C/baselines/CNN,unconstrained,S,200,330,253,131,132,121,198,0.5217391304347826,0.4,0.4528301886792453,0.7666666666666667,1081.897233201581,169.99999999999994,2477.385463584112,0.1857707509881423
submission40/Full3C/baselines/mean_ensemble,accepted,P,50,330,330,314,225,105,105,0.6818181818181818,0.6818181818181818,0.6818181818181818,1.0,375.6060606060605,30.00000000000025,2621.8579463634355,0.02727272727272727
submission40/Full3C/baselines/mean_ensemble,accepted,P,100,330,330,314,260,70,70,0.7878787878787878,0.7878787878787878,0.7878787878787878,1.0,375.6060606060605,30.00000000000025,2621.8579463634355,0.02727272727272727
submission40/Full3C/baselines/mean_ensemble,accepted,P,200,330,330,314,286,44,44,0.8666666666666667,0.8666666666666667,0.8666666666666667,1.0,375.6060606060605,30.00000000000025,2621.8579463634355,0.02727272727272727
submission40/Full3C/baselines/mean_ensemble,accepted,S,50,330,324,149,37,287,293,0.11419753086419752,0.11212121212121212,0.11314984709480122,0.9818181818181818,3987.9938271604938,4000.0000000000005,5089.2120530576885,0.7746913580246914
submission40/Full3C/baselines/mean_ensemble,accepted,S,100,330,324,149,46,278,284,0.1419753086419753,0.1393939393939394,0.14067278287461774,0.9818181818181818,3987.9938271604938,4000.0000000000005,5089.2120530576885,0.7746913580246914
submission40/Full3C/baselines/mean_ensemble,accepted,S,200,330,324,149,52,272,278,0.16049382716049382,0.15757575757575756,0.15902140672782875,0.9818181818181818,3987.9938271604938,4000.0000000000005,5089.2120530576885,0.7746913580246914
submission40/Full3C/baselines/mean_ensemble,strict,P,50,330,314,314,224,90,106,0.7133757961783439,0.6787878787878788,0.6956521739130435,0.9515151515151515,131.9108280254776,29.99999999999936,659.7046241180992,0.012738853503184714
submission40/Full3C/baselines/mean_ensemble,strict,P,100,330,314,314,257,57,73,0.8184713375796179,0.7787878787878788,0.7981366459627329,0.9515151515151515,131.9108280254776,29.99999999999936,659.7046241180992,0.012738853503184714
submission40/Full3C/baselines/mean_ensemble,strict,P,200,330,314,314,281,33,49,0.8949044585987261,0.8515151515151516,0.8726708074534162,0.9515151515151515,131.9108280254776,29.99999999999936,659.7046241180992,0.012738853503184714
submission40/Full3C/baselines/mean_ensemble,strict,S,50,330,149,149,31,118,299,0.2080536912751678,0.09393939393939393,0.12943632567849686,0.45151515151515154,3991.4093959731545,4020.0000000000005,5175.95110087583,0.7315436241610739
submission40/Full3C/baselines/mean_ensemble,strict,S,100,330,149,149,33,116,297,0.2214765100671141,0.1,0.13778705636743216,0.45151515151515154,3991.4093959731545,4020.0000000000005,5175.95110087583,0.7315436241610739
submission40/Full3C/baselines/mean_ensemble,strict,S,200,330,149,149,34,115,296,0.22818791946308725,0.10303030303030303,0.1419624217118998,0.45151515151515154,3991.4093959731545,4020.0000000000005,5175.95110087583,0.7315436241610739
submission40/Full3C/baselines/mean_ensemble,unconstrained,P,50,330,330,314,225,105,105,0.6818181818181818,0.6818181818181818,0.6818181818181818,1.0,375.6060606060605,30.00000000000025,2621.8579463634355,0.02727272727272727
submission40/Full3C/baselines/mean_ensemble,unconstrained,P,100,330,330,314,260,70,70,0.7878787878787878,0.7878787878787878,0.7878787878787878,1.0,375.6060606060605,30.00000000000025,2621.8579463634355,0.02727272727272727
submission40/Full3C/baselines/mean_ensemble,unconstrained,P,200,330,330,314,286,44,44,0.8666666666666667,0.8666666666666667,0.8666666666666667,1.0,375.6060606060605,30.00000000000025,2621.8579463634355,0.02727272727272727
submission40/Full3C/baselines/mean_ensemble,unconstrained,S,50,330,330,162,29,301,301,0.08787878787878788,0.08787878787878788,0.08787878787878788,1.0,4366.636363636364,4270.0,5538.07435628645,0.8151515151515152
submission40/Full3C/baselines/mean_ensemble,unconstrained,S,100,330,330,162,38,292,292,0.11515151515151516,0.11515151515151516,0.11515151515151516,1.0,4366.636363636364,4270.0,5538.07435628645,0.8151515151515152
submission40/Full3C/baselines/mean_ensemble,unconstrained,S,200,330,330,162,44,286,286,0.13333333333333333,0.13333333333333333,0.13333333333333333,1.0,4366.636363636364,4270.0,5538.07435628645,0.8151515151515152
submission40/Full3C/baselines/STA,accepted,P,50,330,330,330,71,259,259,0.21515151515151515,0.21515151515151515,0.21515151515151515,1.0,488.6969696969697,110.00000000000031,2844.1894515597296,0.024242424242424242
submission40/Full3C/baselines/STA,accepted,P,100,330,330,330,151,179,179,0.4575757575757576,0.4575757575757576,0.4575757575757576,1.0,488.6969696969697,110.00000000000031,2844.1894515597296,0.024242424242424242
submission40/Full3C/baselines/STA,accepted,P,200,330,330,330,260,70,70,0.7878787878787878,0.7878787878787878,0.7878787878787878,1.0,488.6969696969697,110.00000000000031,2844.1894515597296,0.024242424242424242
submission40/Full3C/baselines/STA,accepted,S,50,330,318,314,2,316,328,0.006289308176100629,0.006060606060606061,0.006172839506172839,0.9636363636363636,4539.276729559749,4265.0,5602.517263296437,0.8773584905660378
submission40/Full3C/baselines/STA,accepted,S,100,330,318,314,5,313,325,0.015723270440251572,0.015151515151515152,0.015432098765432098,0.9636363636363636,4539.276729559749,4265.0,5602.517263296437,0.8773584905660378
submission40/Full3C/baselines/STA,accepted,S,200,330,318,314,15,303,315,0.04716981132075472,0.045454545454545456,0.046296296296296294,0.9636363636363636,4539.276729559749,4265.0,5602.517263296437,0.8773584905660378
submission40/Full3C/baselines/STA,strict,P,50,330,330,330,71,259,259,0.21515151515151515,0.21515151515151515,0.21515151515151515,1.0,488.6969696969697,110.00000000000031,2844.1894515597296,0.024242424242424242
submission40/Full3C/baselines/STA,strict,P,100,330,330,330,151,179,179,0.4575757575757576,0.4575757575757576,0.4575757575757576,1.0,488.6969696969697,110.00000000000031,2844.1894515597296,0.024242424242424242
submission40/Full3C/baselines/STA,strict,P,200,330,330,330,260,70,70,0.7878787878787878,0.7878787878787878,0.7878787878787878,1.0,488.6969696969697,110.00000000000031,2844.1894515597296,0.024242424242424242
submission40/Full3C/baselines/STA,strict,S,50,330,314,314,2,312,328,0.006369426751592357,0.006060606060606061,0.006211180124223602,0.9515151515151515,4516.401273885351,4265.0,5571.732311894929,0.8789808917197452
submission40/Full3C/baselines/STA,strict,S,100,330,314,314,5,309,325,0.01592356687898089,0.015151515151515152,0.015527950310559006,0.9515151515151515,4516.401273885351,4265.0,5571.732311894929,0.8789808917197452
submission40/Full3C/baselines/STA,strict,S,200,330,314,314,15,299,315,0.04777070063694268,0.045454545454545456,0.046583850931677016,0.9515151515151515,4516.401273885351,4265.0,5571.732311894929,0.8789808917197452
submission40/Full3C/baselines/STA,unconstrained,P,50,330,330,330,71,259,259,0.21515151515151515,0.21515151515151515,0.21515151515151515,1.0,488.6969696969697,110.00000000000031,2844.1894515597296,0.024242424242424242
submission40/Full3C/baselines/STA,unconstrained,P,100,330,330,330,151,179,179,0.4575757575757576,0.4575757575757576,0.4575757575757576,1.0,488.6969696969697,110.00000000000031,2844.1894515597296,0.024242424242424242
submission40/Full3C/baselines/STA,unconstrained,P,200,330,330,330,260,70,70,0.7878787878787878,0.7878787878787878,0.7878787878787878,1.0,488.6969696969697,110.00000000000031,2844.1894515597296,0.024242424242424242
submission40/Full3C/baselines/STA,unconstrained,S,50,330,330,330,2,328,328,0.006060606060606061,0.006060606060606061,0.006060606060606061,1.0,4827.30303030303,4405.0,6272.714819926155,0.8909090909090909
submission40/Full3C/baselines/STA,unconstrained,S,100,330,330,330,5,325,325,0.015151515151515152,0.015151515151515152,0.015151515151515152,1.0,4827.30303030303,4405.0,6272.714819926155,0.8909090909090909
submission40/Full3C/baselines/STA,unconstrained,S,200,330,330,330,16,314,314,0.048484848484848485,0.048484848484848485,0.048484848484848485,1.0,4827.30303030303,4405.0,6272.714819926155,0.8909090909090909
submission40/Full3C/baselines/TCN,accepted,P,50,330,324,316,229,95,101,0.7067901234567902,0.693939393939394,0.7003058103975535,0.9818181818181818,346.51234567901224,30.00000000000025,2845.5958498600503,0.018518518518518517
submission40/Full3C/baselines/TCN,accepted,P,100,330,324,316,269,55,61,0.8302469135802469,0.8151515151515152,0.8226299694189603,0.9818181818181818,346.51234567901224,30.00000000000025,2845.5958498600503,0.018518518518518517
submission40/Full3C/baselines/TCN,accepted,P,200,330,324,316,295,29,35,0.9104938271604939,0.8939393939393939,0.9021406727828746,0.9818181818181818,346.51234567901224,30.00000000000025,2845.5958498600503,0.018518518518518517
submission40/Full3C/baselines/TCN,accepted,S,50,330,286,218,108,178,222,0.3776223776223776,0.32727272727272727,0.35064935064935066,0.8666666666666667,580.104895104895,80.00000000000007,1767.4944733397933,0.09090909090909091
submission40/Full3C/baselines/TCN,accepted,S,100,330,286,218,152,134,178,0.5314685314685315,0.46060606060606063,0.4935064935064935,0.8666666666666667,580.104895104895,80.00000000000007,1767.4944733397933,0.09090909090909091
submission40/Full3C/baselines/TCN,accepted,S,200,330,286,218,202,84,128,0.7062937062937062,0.6121212121212121,0.6558441558441559,0.8666666666666667,580.104895104895,80.00000000000007,1767.4944733397933,0.09090909090909091
submission40/Full3C/baselines/TCN,strict,P,50,330,316,316,227,89,103,0.7183544303797469,0.6878787878787879,0.7027863777089783,0.9575757575757575,349.5253164556961,30.00000000000025,2880.9487163656895,0.0189873417721519
submission40/Full3C/baselines/TCN,strict,P,100,330,316,316,266,50,64,0.8417721518987342,0.806060606060606,0.8235294117647058,0.9575757575757575,349.5253164556961,30.00000000000025,2880.9487163656895,0.0189873417721519
submission40/Full3C/baselines/TCN,strict,P,200,330,316,316,289,27,41,0.9145569620253164,0.8757575757575757,0.8947368421052632,0.9575757575757575,349.5253164556961,30.00000000000025,2880.9487163656895,0.0189873417721519
submission40/Full3C/baselines/TCN,strict,S,50,330,218,218,99,119,231,0.4541284403669725,0.3,0.3613138686131387,0.6606060606060606,271.1467889908256,60.0000000000005,1114.1683449629284,0.027522935779816515
submission40/Full3C/baselines/TCN,strict,S,100,330,218,218,137,81,193,0.6284403669724771,0.41515151515151516,0.5,0.6606060606060606,271.1467889908256,60.0000000000005,1114.1683449629284,0.027522935779816515
submission40/Full3C/baselines/TCN,strict,S,200,330,218,218,176,42,154,0.8073394495412844,0.5333333333333333,0.6423357664233577,0.6606060606060606,271.1467889908256,60.0000000000005,1114.1683449629284,0.027522935779816515
submission40/Full3C/baselines/TCN,unconstrained,P,50,330,324,316,229,95,101,0.7067901234567902,0.693939393939394,0.7003058103975535,0.9818181818181818,346.51234567901224,30.00000000000025,2845.5958498600503,0.018518518518518517
submission40/Full3C/baselines/TCN,unconstrained,P,100,330,324,316,269,55,61,0.8302469135802469,0.8151515151515152,0.8226299694189603,0.9818181818181818,346.51234567901224,30.00000000000025,2845.5958498600503,0.018518518518518517
submission40/Full3C/baselines/TCN,unconstrained,P,200,330,324,316,295,29,35,0.9104938271604939,0.8939393939393939,0.9021406727828746,0.9818181818181818,346.51234567901224,30.00000000000025,2845.5958498600503,0.018518518518518517
submission40/Full3C/baselines/TCN,unconstrained,S,50,330,294,223,109,185,221,0.3707482993197279,0.3303030303030303,0.34935897435897434,0.8909090909090909,589.1496598639454,84.99999999999997,1778.731585827881,0.09183673469387756
submission40/Full3C/baselines/TCN,unconstrained,S,100,330,294,223,154,140,176,0.5238095238095238,0.4666666666666667,0.4935897435897436,0.8909090909090909,589.1496598639454,84.99999999999997,1778.731585827881,0.09183673469387756
submission40/Full3C/baselines/TCN,unconstrained,S,200,330,294,223,208,86,122,0.7074829931972789,0.6303030303030303,0.6666666666666666,0.8909090909090909,589.1496598639454,84.99999999999997,1778.731585827881,0.09183673469387756
submission40/Full3C/baselines/weighted_ensemble,accepted,P,50,330,330,313,226,104,104,0.6848484848484848,0.6848484848484848,0.6848484848484848,1.0,425.15151515151507,30.00000000000025,2843.0312461643234,0.024242424242424242
submission40/Full3C/baselines/weighted_ensemble,accepted,P,100,330,330,313,262,68,68,0.793939393939394,0.793939393939394,0.793939393939394,1.0,425.15151515151507,30.00000000000025,2843.0312461643234,0.024242424242424242
submission40/Full3C/baselines/weighted_ensemble,accepted,P,200,330,330,313,286,44,44,0.8666666666666667,0.8666666666666667,0.8666666666666667,1.0,425.15151515151507,30.00000000000025,2843.0312461643234,0.024242424242424242
submission40/Full3C/baselines/weighted_ensemble,accepted,S,50,330,267,158,106,161,224,0.3970037453183521,0.3212121212121212,0.35510887772194305,0.8090909090909091,595.1310861423221,80.00000000000007,2130.3264155298175,0.0898876404494382
submission40/Full3C/baselines/weighted_ensemble,accepted,S,100,330,267,158,148,119,182,0.5543071161048689,0.4484848484848485,0.49581239530988275,0.8090909090909091,595.1310861423221,80.00000000000007,2130.3264155298175,0.0898876404494382
submission40/Full3C/baselines/weighted_ensemble,accepted,S,200,330,267,158,188,79,142,0.704119850187266,0.5696969696969697,0.6298157453936348,0.8090909090909091,595.1310861423221,80.00000000000007,2130.3264155298175,0.0898876404494382
submission40/Full3C/baselines/weighted_ensemble,strict,P,50,330,313,313,225,88,105,0.7188498402555911,0.6818181818181818,0.6998444790046656,0.9484848484848485,130.57507987220438,29.99999999999936,660.0520359000847,0.012779552715654952
submission40/Full3C/baselines/weighted_ensemble,strict,P,100,330,313,313,260,53,70,0.8306709265175719,0.7878787878787878,0.8087091757387247,0.9484848484848485,130.57507987220438,29.99999999999936,660.0520359000847,0.012779552715654952
submission40/Full3C/baselines/weighted_ensemble,strict,P,200,330,313,313,281,32,49,0.8977635782747604,0.8515151515151516,0.8740279937791602,0.9484848484848485,130.57507987220438,29.99999999999936,660.0520359000847,0.012779552715654952
submission40/Full3C/baselines/weighted_ensemble,strict,S,50,330,158,158,82,76,248,0.5189873417721519,0.24848484848484848,0.3360655737704918,0.47878787878787876,152.72151898734177,50.00000000000071,437.4299220547913,0.012658227848101266
submission40/Full3C/baselines/weighted_ensemble,strict,S,100,330,158,158,110,48,220,0.6962025316455697,0.3333333333333333,0.45081967213114754,0.47878787878787876,152.72151898734177,50.00000000000071,437.4299220547913,0.012658227848101266
submission40/Full3C/baselines/weighted_ensemble,strict,S,200,330,158,158,131,27,199,0.8291139240506329,0.396969696969697,0.5368852459016393,0.47878787878787876,152.72151898734177,50.00000000000071,437.4299220547913,0.012658227848101266
submission40/Full3C/baselines/weighted_ensemble,unconstrained,P,50,330,330,313,226,104,104,0.6848484848484848,0.6848484848484848,0.6848484848484848,1.0,425.15151515151507,30.00000000000025,2843.0312461643234,0.024242424242424242
submission40/Full3C/baselines/weighted_ensemble,unconstrained,P,100,330,330,313,262,68,68,0.793939393939394,0.793939393939394,0.793939393939394,1.0,425.15151515151507,30.00000000000025,2843.0312461643234,0.024242424242424242
submission40/Full3C/baselines/weighted_ensemble,unconstrained,P,200,330,330,313,286,44,44,0.8666666666666667,0.8666666666666667,0.8666666666666667,1.0,425.15151515151507,30.00000000000025,2843.0312461643234,0.024242424242424242
submission40/Full3C/baselines/weighted_ensemble,unconstrained,S,50,330,270,161,106,164,224,0.3925925925925926,0.3212121212121212,0.35333333333333333,0.8181818181818182,553.4444444444445,80.00000000000007,1626.1831020772172,0.09259259259259259
submission40/Full3C/baselines/weighted_ensemble,unconstrained,S,100,330,270,161,149,121,181,0.5518518518518518,0.45151515151515154,0.49666666666666665,0.8181818181818182,553.4444444444445,80.00000000000007,1626.1831020772172,0.09259259259259259
submission40/Full3C/baselines/weighted_ensemble,unconstrained,S,200,330,270,161,191,79,139,0.7074074074074074,0.5787878787878787,0.6366666666666667,0.8181818181818182,553.4444444444445,80.00000000000007,1626.1831020772172,0.09259259259259259
submission40/Full3C/evaluation/full15ch_seed42,accepted,P,50,330,327,324,232,95,98,0.709480122324159,0.703030303030303,0.7062404870624048,0.990909090909091,126.97247706422006,29.99999999999936,649.2578685056607,0.012232415902140673
submission40/Full3C/evaluation/full15ch_seed42,accepted,P,100,330,327,324,276,51,54,0.8440366972477065,0.8363636363636363,0.8401826484018264,0.990909090909091,126.97247706422006,29.99999999999936,649.2578685056607,0.012232415902140673
submission40/Full3C/evaluation/full15ch_seed42,accepted,P,200,330,327,324,300,27,30,0.9174311926605505,0.9090909090909091,0.91324200913242,0.990909090909091,126.97247706422006,29.99999999999936,649.2578685056607,0.012232415902140673
submission40/Full3C/evaluation/full15ch_seed42,accepted,S,50,330,322,315,123,199,207,0.38198757763975155,0.37272727272727274,0.3773006134969325,0.9757575757575757,492.2049689440994,80.00000000000185,1596.7777141239733,0.062111801242236024
submission40/Full3C/evaluation/full15ch_seed42,accepted,S,100,330,322,315,181,141,149,0.562111801242236,0.5484848484848485,0.5552147239263804,0.9757575757575757,492.2049689440994,80.00000000000185,1596.7777141239733,0.062111801242236024
submission40/Full3C/evaluation/full15ch_seed42,accepted,S,200,330,322,315,221,101,109,0.6863354037267081,0.6696969696969697,0.6779141104294478,0.9757575757575757,492.2049689440994,80.00000000000185,1596.7777141239733,0.062111801242236024
submission40/Full3C/evaluation/full15ch_seed42,strict,P,50,330,324,324,231,93,99,0.7129629629629629,0.7,0.7064220183486238,0.9818181818181818,126.45061728395049,29.99999999999936,651.8963316053357,0.012345679012345678
submission40/Full3C/evaluation/full15ch_seed42,strict,P,100,330,324,324,275,49,55,0.8487654320987654,0.8333333333333334,0.8409785932721713,0.9818181818181818,126.45061728395049,29.99999999999936,651.8963316053357,0.012345679012345678
submission40/Full3C/evaluation/full15ch_seed42,strict,P,200,330,324,324,298,26,32,0.9197530864197531,0.9030303030303031,0.9113149847094801,0.9818181818181818,126.45061728395049,29.99999999999936,651.8963316053357,0.012345679012345678
submission40/Full3C/evaluation/full15ch_seed42,strict,S,50,330,315,315,122,193,208,0.3873015873015873,0.3696969696969697,0.37829457364341085,0.9545454545454546,470.7936507936508,80.00000000000007,1572.1359446852643,0.05714285714285714
submission40/Full3C/evaluation/full15ch_seed42,strict,S,100,330,315,315,179,136,151,0.5682539682539682,0.5424242424242425,0.5550387596899224,0.9545454545454546,470.7936507936508,80.00000000000007,1572.1359446852643,0.05714285714285714
submission40/Full3C/evaluation/full15ch_seed42,strict,S,200,330,315,315,219,96,111,0.6952380952380952,0.6636363636363637,0.6790697674418604,0.9545454545454546,470.7936507936508,80.00000000000007,1572.1359446852643,0.05714285714285714
submission40/Full3C/evaluation/full15ch_seed42,unconstrained,P,50,330,327,324,232,95,98,0.709480122324159,0.703030303030303,0.7062404870624048,0.990909090909091,126.97247706422006,29.99999999999936,649.2578685056607,0.012232415902140673
submission40/Full3C/evaluation/full15ch_seed42,unconstrained,P,100,330,327,324,276,51,54,0.8440366972477065,0.8363636363636363,0.8401826484018264,0.990909090909091,126.97247706422006,29.99999999999936,649.2578685056607,0.012232415902140673
submission40/Full3C/evaluation/full15ch_seed42,unconstrained,P,200,330,327,324,300,27,30,0.9174311926605505,0.9090909090909091,0.91324200913242,0.990909090909091,126.97247706422006,29.99999999999936,649.2578685056607,0.012232415902140673
submission40/Full3C/evaluation/full15ch_seed42,unconstrained,S,50,330,325,318,123,202,207,0.37846153846153846,0.37272727272727274,0.3755725190839695,0.9848484848484849,507.2307692307692,89.99999999999986,1624.1476818035028,0.06461538461538462
submission40/Full3C/evaluation/full15ch_seed42,unconstrained,S,100,330,325,318,181,144,149,0.556923076923077,0.5484848484848485,0.5526717557251909,0.9848484848484849,507.2307692307692,89.99999999999986,1624.1476818035028,0.06461538461538462
submission40/Full3C/evaluation/full15ch_seed42,unconstrained,S,200,330,325,318,223,102,107,0.6861538461538461,0.6757575757575758,0.6809160305343511,0.9848484848484849,507.2307692307692,89.99999999999986,1624.1476818035028,0.06461538461538462
submission40/Full3C/evaluation/full15ch_seed43,accepted,P,50,330,326,322,232,94,98,0.7116564417177914,0.703030303030303,0.7073170731707317,0.9878787878787879,129.47852760736185,29.99999999999936,650.6360738642586,0.012269938650306749
submission40/Full3C/evaluation/full15ch_seed43,accepted,P,100,330,326,322,271,55,59,0.8312883435582822,0.8212121212121212,0.8262195121951219,0.9878787878787879,129.47852760736185,29.99999999999936,650.6360738642586,0.012269938650306749
submission40/Full3C/evaluation/full15ch_seed43,accepted,P,200,330,326,322,297,29,33,0.911042944785276,0.9,0.9054878048780488,0.9878787878787879,129.47852760736185,29.99999999999936,650.6360738642586,0.012269938650306749
submission40/Full3C/evaluation/full15ch_seed43,accepted,S,50,330,320,310,116,204,214,0.3625,0.3515151515151515,0.3569230769230769,0.9696969696969697,617.625,89.99999999999986,1908.3525290155383,0.078125
submission40/Full3C/evaluation/full15ch_seed43,accepted,S,100,330,320,310,174,146,156,0.54375,0.5272727272727272,0.5353846153846153,0.9696969696969697,617.625,89.99999999999986,1908.3525290155383,0.078125
submission40/Full3C/evaluation/full15ch_seed43,accepted,S,200,330,320,310,220,100,110,0.6875,0.6666666666666666,0.676923076923077,0.9696969696969697,617.625,89.99999999999986,1908.3525290155383,0.078125
submission40/Full3C/evaluation/full15ch_seed43,strict,P,50,330,322,322,232,90,98,0.7204968944099379,0.703030303030303,0.7116564417177914,0.9757575757575757,125.49689440993778,29.99999999999936,652.647023011645,0.012422360248447204
submission40/Full3C/evaluation/full15ch_seed43,strict,P,100,330,322,322,271,51,59,0.8416149068322981,0.8212121212121212,0.8312883435582822,0.9757575757575757,125.49689440993778,29.99999999999936,652.647023011645,0.012422360248447204
submission40/Full3C/evaluation/full15ch_seed43,strict,P,200,330,322,322,297,25,33,0.922360248447205,0.9,0.911042944785276,0.9757575757575757,125.49689440993778,29.99999999999936,652.647023011645,0.012422360248447204
submission40/Full3C/evaluation/full15ch_seed43,strict,S,50,330,310,310,116,194,214,0.3741935483870968,0.3515151515151515,0.3625,0.9393939393939394,526.2258064516129,80.00000000000007,1756.1525945896249,0.06129032258064516
submission40/Full3C/evaluation/full15ch_seed43,strict,S,100,330,310,310,173,137,157,0.5580645161290323,0.5242424242424243,0.540625,0.9393939393939394,526.2258064516129,80.00000000000007,1756.1525945896249,0.06129032258064516
submission40/Full3C/evaluation/full15ch_seed43,strict,S,200,330,310,310,217,93,113,0.7,0.6575757575757576,0.678125,0.9393939393939394,526.2258064516129,80.00000000000007,1756.1525945896249,0.06129032258064516
submission40/Full3C/evaluation/full15ch_seed43,unconstrained,P,50,330,326,322,232,94,98,0.7116564417177914,0.703030303030303,0.7073170731707317,0.9878787878787879,129.47852760736185,29.99999999999936,650.6360738642586,0.012269938650306749
submission40/Full3C/evaluation/full15ch_seed43,unconstrained,P,100,330,326,322,271,55,59,0.8312883435582822,0.8212121212121212,0.8262195121951219,0.9878787878787879,129.47852760736185,29.99999999999936,650.6360738642586,0.012269938650306749
submission40/Full3C/evaluation/full15ch_seed43,unconstrained,P,200,330,326,322,297,29,33,0.911042944785276,0.9,0.9054878048780488,0.9878787878787879,129.47852760736185,29.99999999999936,650.6360738642586,0.012269938650306749
submission40/Full3C/evaluation/full15ch_seed43,unconstrained,S,50,330,324,314,116,208,214,0.35802469135802467,0.3515151515151515,0.3547400611620795,0.9818181818181818,655.7407407407408,89.99999999999986,1979.3472237328058,0.08333333333333333
submission40/Full3C/evaluation/full15ch_seed43,unconstrained,S,100,330,324,314,174,150,156,0.5370370370370371,0.5272727272727272,0.5321100917431193,0.9818181818181818,655.7407407407408,89.99999999999986,1979.3472237328058,0.08333333333333333
submission40/Full3C/evaluation/full15ch_seed43,unconstrained,S,200,330,324,314,221,103,109,0.6820987654320988,0.6696969696969697,0.6758409785932722,0.9818181818181818,655.7407407407408,89.99999999999986,1979.3472237328058,0.08333333333333333
submission40/Full3C/evaluation/full15ch_seed44,accepted,P,50,330,329,324,231,98,99,0.7021276595744681,0.7,0.701062215477997,0.996969696969697,291.88449848024305,29.999999999999805,2234.199434352718,0.0182370820668693
submission40/Full3C/evaluation/full15ch_seed44,accepted,P,100,330,329,324,271,58,59,0.8237082066869301,0.8212121212121212,0.8224582701062215,0.996969696969697,291.88449848024305,29.999999999999805,2234.199434352718,0.0182370820668693
submission40/Full3C/evaluation/full15ch_seed44,accepted,P,200,330,329,324,297,32,33,0.9027355623100304,0.9,0.9013657056145675,0.996969696969697,291.88449848024305,29.999999999999805,2234.199434352718,0.0182370820668693
submission40/Full3C/evaluation/full15ch_seed44,accepted,S,50,330,322,313,116,206,214,0.36024844720496896,0.3515151515151515,0.3558282208588957,0.9757575757575757,553.5093167701863,84.99999999999997,1825.6401072616245,0.06832298136645963
submission40/Full3C/evaluation/full15ch_seed44,accepted,S,100,330,322,313,178,144,152,0.5527950310559007,0.5393939393939394,0.5460122699386503,0.9757575757575757,553.5093167701863,84.99999999999997,1825.6401072616245,0.06832298136645963
submission40/Full3C/evaluation/full15ch_seed44,accepted,S,200,330,322,313,216,106,114,0.6708074534161491,0.6545454545454545,0.6625766871165644,0.9757575757575757,553.5093167701863,84.99999999999997,1825.6401072616245,0.06832298136645963
submission40/Full3C/evaluation/full15ch_seed44,strict,P,50,330,324,324,231,93,99,0.7129629629629629,0.7,0.7064220183486238,0.9818181818181818,129.41358024691345,29.99999999999936,652.9248061370741,0.012345679012345678
submission40/Full3C/evaluation/full15ch_seed44,strict,P,100,330,324,324,271,53,59,0.8364197530864198,0.8212121212121212,0.8287461773700305,0.9818181818181818,129.41358024691345,29.99999999999936,652.9248061370741,0.012345679012345678
submission40/Full3C/evaluation/full15ch_seed44,strict,P,200,330,324,324,296,28,34,0.9135802469135802,0.896969696969697,0.9051987767584098,0.9818181818181818,129.41358024691345,29.99999999999936,652.9248061370741,0.012345679012345678
submission40/Full3C/evaluation/full15ch_seed44,strict,S,50,330,313,313,116,197,214,0.3706070287539936,0.3515151515151515,0.3608087091757387,0.9484848484848485,444.44089456869006,80.00000000000007,1515.6127832088903,0.054313099041533544
submission40/Full3C/evaluation/full15ch_seed44,strict,S,100,330,313,313,177,136,153,0.5654952076677316,0.5363636363636364,0.5505443234836703,0.9484848484848485,444.44089456869006,80.00000000000007,1515.6127832088903,0.054313099041533544
submission40/Full3C/evaluation/full15ch_seed44,strict,S,200,330,313,313,215,98,115,0.6869009584664537,0.6515151515151515,0.6687402799377916,0.9484848484848485,444.44089456869006,80.00000000000007,1515.6127832088903,0.054313099041533544
submission40/Full3C/evaluation/full15ch_seed44,unconstrained,P,50,330,329,324,231,98,99,0.7021276595744681,0.7,0.701062215477997,0.996969696969697,291.88449848024305,29.999999999999805,2234.199434352718,0.0182370820668693
submission40/Full3C/evaluation/full15ch_seed44,unconstrained,P,100,330,329,324,271,58,59,0.8237082066869301,0.8212121212121212,0.8224582701062215,0.996969696969697,291.88449848024305,29.999999999999805,2234.199434352718,0.0182370820668693
submission40/Full3C/evaluation/full15ch_seed44,unconstrained,P,200,330,329,324,297,32,33,0.9027355623100304,0.9,0.9013657056145675,0.996969696969697,291.88449848024305,29.999999999999805,2234.199434352718,0.0182370820668693
submission40/Full3C/evaluation/full15ch_seed44,unconstrained,S,50,330,327,316,116,211,214,0.3547400611620795,0.3515151515151515,0.3531202435312024,0.990909090909091,835.3516819571865,89.99999999999986,3920.996331599394,0.0764525993883792
submission40/Full3C/evaluation/full15ch_seed44,unconstrained,S,100,330,327,316,178,149,152,0.5443425076452599,0.5393939393939394,0.5418569254185692,0.990909090909091,835.3516819571865,89.99999999999986,3920.996331599394,0.0764525993883792
submission40/Full3C/evaluation/full15ch_seed44,unconstrained,S,200,330,327,316,217,110,113,0.6636085626911316,0.6575757575757576,0.6605783866057838,0.990909090909091,835.3516819571865,89.99999999999986,3920.996331599394,0.0764525993883792
submission40/Full3C/evaluation/logistic_seed42,accepted,P,50,330,286,272,219,67,111,0.7657342657342657,0.6636363636363637,0.711038961038961,0.8666666666666667,128.3216783216782,29.99999999999936,690.1986133527985,0.013986013986013986
submission40/Full3C/evaluation/logistic_seed42,accepted,P,100,330,286,272,250,36,80,0.8741258741258742,0.7575757575757576,0.8116883116883117,0.8666666666666667,128.3216783216782,29.99999999999936,690.1986133527985,0.013986013986013986
submission40/Full3C/evaluation/logistic_seed42,accepted,P,200,330,286,272,267,19,63,0.9335664335664335,0.8090909090909091,0.8668831168831169,0.8666666666666667,128.3216783216782,29.99999999999936,690.1986133527985,0.013986013986013986
submission40/Full3C/evaluation/logistic_seed42,accepted,S,50,330,224,200,105,119,225,0.46875,0.3181818181818182,0.37906137184115524,0.6787878787878788,364.68749999999994,69.99999999999851,1226.2943235035962,0.05803571428571429
submission40/Full3C/evaluation/logistic_seed42,accepted,S,100,330,224,200,141,83,189,0.6294642857142857,0.42727272727272725,0.5090252707581228,0.6787878787878788,364.68749999999994,69.99999999999851,1226.2943235035962,0.05803571428571429
submission40/Full3C/evaluation/logistic_seed42,accepted,S,200,330,224,200,176,48,154,0.7857142857142857,0.5333333333333333,0.6353790613718412,0.6787878787878788,364.68749999999994,69.99999999999851,1226.2943235035962,0.05803571428571429
submission40/Full3C/evaluation/logistic_seed42,strict,P,50,330,272,272,210,62,120,0.7720588235294118,0.6363636363636364,0.6976744186046512,0.8242424242424242,99.15441176470576,29.99999999999936,591.5759734412319,0.007352941176470588
submission40/Full3C/evaluation/logistic_seed42,strict,P,100,330,272,272,241,31,89,0.8860294117647058,0.7303030303030303,0.8006644518272426,0.8242424242424242,99.15441176470576,29.99999999999936,591.5759734412319,0.007352941176470588
submission40/Full3C/evaluation/logistic_seed42,strict,P,200,330,272,272,255,17,75,0.9375,0.7727272727272727,0.8471760797342193,0.8242424242424242,99.15441176470576,29.99999999999936,591.5759734412319,0.007352941176470588
submission40/Full3C/evaluation/logistic_seed42,strict,S,50,330,200,200,97,103,233,0.485,0.29393939393939394,0.3660377358490566,0.6060606060606061,205.7,60.0000000000005,660.5732359095393,0.025
submission40/Full3C/evaluation/logistic_seed42,strict,S,100,330,200,200,131,69,199,0.655,0.396969696969697,0.49433962264150944,0.6060606060606061,205.7,60.0000000000005,660.5732359095393,0.025
submission40/Full3C/evaluation/logistic_seed42,strict,S,200,330,200,200,164,36,166,0.82,0.49696969696969695,0.6188679245283019,0.6060606060606061,205.7,60.0000000000005,660.5732359095393,0.025
submission40/Full3C/evaluation/logistic_seed42,unconstrained,P,50,330,286,272,219,67,111,0.7657342657342657,0.6636363636363637,0.711038961038961,0.8666666666666667,128.3216783216782,29.99999999999936,690.1986133527985,0.013986013986013986
submission40/Full3C/evaluation/logistic_seed42,unconstrained,P,100,330,286,272,250,36,80,0.8741258741258742,0.7575757575757576,0.8116883116883117,0.8666666666666667,128.3216783216782,29.99999999999936,690.1986133527985,0.013986013986013986
submission40/Full3C/evaluation/logistic_seed42,unconstrained,P,200,330,286,272,267,19,63,0.9335664335664335,0.8090909090909091,0.8668831168831169,0.8666666666666667,128.3216783216782,29.99999999999936,690.1986133527985,0.013986013986013986
submission40/Full3C/evaluation/logistic_seed42,unconstrained,S,50,330,250,218,109,141,221,0.436,0.3303030303030303,0.3758620689655172,0.7575757575757576,445.84,70.00000000000028,1485.4601980531152,0.064
submission40/Full3C/evaluation/logistic_seed42,unconstrained,S,100,330,250,218,151,99,179,0.604,0.4575757575757576,0.5206896551724138,0.7575757575757576,445.84,70.00000000000028,1485.4601980531152,0.064
submission40/Full3C/evaluation/logistic_seed42,unconstrained,S,200,330,250,218,190,60,140,0.76,0.5757575757575758,0.6551724137931034,0.7575757575757576,445.84,70.00000000000028,1485.4601980531152,0.064
submission40/Full3C/evaluation/nodilation_seed42,accepted,P,50,330,328,324,234,94,96,0.7134146341463414,0.7090909090909091,0.7112462006079028,0.9939393939393939,237.1951219512194,30.00000000000025,2051.980007509701,0.01524390243902439
submission40/Full3C/evaluation/nodilation_seed42,accepted,P,100,330,328,324,273,55,57,0.8323170731707317,0.8272727272727273,0.8297872340425532,0.9939393939393939,237.1951219512194,30.00000000000025,2051.980007509701,0.01524390243902439
submission40/Full3C/evaluation/nodilation_seed42,accepted,P,200,330,328,324,300,28,30,0.9146341463414634,0.9090909090909091,0.9118541033434651,0.9939393939393939,237.1951219512194,30.00000000000025,2051.980007509701,0.01524390243902439
submission40/Full3C/evaluation/nodilation_seed42,accepted,S,50,330,320,306,108,212,222,0.3375,0.32727272727272727,0.3323076923076923,0.9696969696969697,855.78125,99.99999999999964,2372.4149747672727,0.125
submission40/Full3C/evaluation/nodilation_seed42,accepted,S,100,330,320,306,168,152,162,0.525,0.509090909090909,0.5169230769230769,0.9696969696969697,855.78125,99.99999999999964,2372.4149747672727,0.125
submission40/Full3C/evaluation/nodilation_seed42,accepted,S,200,330,320,306,211,109,119,0.659375,0.6393939393939394,0.6492307692307693,0.9696969696969697,855.78125,99.99999999999964,2372.4149747672727,0.125
submission40/Full3C/evaluation/nodilation_seed42,strict,P,50,330,324,324,234,90,96,0.7222222222222222,0.7090909090909091,0.7155963302752294,0.9818181818181818,236.20370370370358,30.00000000000025,2064.287683917944,0.015432098765432098
submission40/Full3C/evaluation/nodilation_seed42,strict,P,100,330,324,324,273,51,57,0.8425925925925926,0.8272727272727273,0.8348623853211009,0.9818181818181818,236.20370370370358,30.00000000000025,2064.287683917944,0.015432098765432098
submission40/Full3C/evaluation/nodilation_seed42,strict,P,200,330,324,324,299,25,31,0.9228395061728395,0.906060606060606,0.9143730886850153,0.9818181818181818,236.20370370370358,30.00000000000025,2064.287683917944,0.015432098765432098
submission40/Full3C/evaluation/nodilation_seed42,strict,S,50,330,306,306,108,198,222,0.35294117647058826,0.32727272727272727,0.33962264150943394,0.9272727272727272,717.6143790849673,89.99999999999986,2055.3788035648786,0.10784313725490197
submission40/Full3C/evaluation/nodilation_seed42,strict,S,100,330,306,306,165,141,165,0.5392156862745098,0.5,0.5188679245283019,0.9272727272727272,717.6143790849673,89.99999999999986,2055.3788035648786,0.10784313725490197
submission40/Full3C/evaluation/nodilation_seed42,strict,S,200,330,306,306,208,98,122,0.6797385620915033,0.6303030303030303,0.6540880503144654,0.9272727272727272,717.6143790849673,89.99999999999986,2055.3788035648786,0.10784313725490197
submission40/Full3C/evaluation/nodilation_seed42,unconstrained,P,50,330,328,324,234,94,96,0.7134146341463414,0.7090909090909091,0.7112462006079028,0.9939393939393939,237.1951219512194,30.00000000000025,2051.980007509701,0.01524390243902439
submission40/Full3C/evaluation/nodilation_seed42,unconstrained,P,100,330,328,324,273,55,57,0.8323170731707317,0.8272727272727273,0.8297872340425532,0.9939393939393939,237.1951219512194,30.00000000000025,2051.980007509701,0.01524390243902439
submission40/Full3C/evaluation/nodilation_seed42,unconstrained,P,200,330,328,324,300,28,30,0.9146341463414634,0.9090909090909091,0.9118541033434651,0.9939393939393939,237.1951219512194,30.00000000000025,2051.980007509701,0.01524390243902439
submission40/Full3C/evaluation/nodilation_seed42,unconstrained,S,50,330,324,311,109,215,221,0.33641975308641975,0.3303030303030303,0.3333333333333333,0.9818181818181818,1282.9629629629628,99.99999999999964,5083.067813344785,0.12962962962962962
submission40/Full3C/evaluation/nodilation_seed42,unconstrained,S,100,330,324,311,169,155,161,0.5216049382716049,0.5121212121212121,0.5168195718654435,0.9818181818181818,1282.9629629629628,99.99999999999964,5083.067813344785,0.12962962962962962
submission40/Full3C/evaluation/nodilation_seed42,unconstrained,S,200,330,324,311,214,110,116,0.6604938271604939,0.6484848484848484,0.654434250764526,0.9818181818181818,1282.9629629629628,99.99999999999964,5083.067813344785,0.12962962962962962
submission40/Full3C/evaluation/nodilation_seed43,accepted,P,50,330,327,322,234,93,96,0.7155963302752294,0.7090909090909091,0.7123287671232876,0.990909090909091,129.08256880733933,30.00000000000025,648.9038039563267,0.012232415902140673
submission40/Full3C/evaluation/nodilation_seed43,accepted,P,100,330,327,322,276,51,54,0.8440366972477065,0.8363636363636363,0.8401826484018264,0.990909090909091,129.08256880733933,30.00000000000025,648.9038039563267,0.012232415902140673
submission40/Full3C/evaluation/nodilation_seed43,accepted,P,200,330,327,322,301,26,29,0.9204892966360856,0.9121212121212121,0.9162861491628614,0.990909090909091,129.08256880733933,30.00000000000025,648.9038039563267,0.012232415902140673
submission40/Full3C/evaluation/nodilation_seed43,accepted,S,50,330,322,310,104,218,226,0.32298136645962733,0.3151515151515151,0.31901840490797545,0.9757575757575757,842.360248447205,100.00000000000054,2425.0041941437767,0.12111801242236025
submission40/Full3C/evaluation/nodilation_seed43,accepted,S,100,330,322,310,165,157,165,0.5124223602484472,0.5,0.5061349693251533,0.9757575757575757,842.360248447205,100.00000000000054,2425.0041941437767,0.12111801242236025
submission40/Full3C/evaluation/nodilation_seed43,accepted,S,200,330,322,310,215,107,115,0.6677018633540373,0.6515151515151515,0.6595092024539877,0.9757575757575757,842.360248447205,100.00000000000054,2425.0041941437767,0.12111801242236025
submission40/Full3C/evaluation/nodilation_seed43,strict,P,50,330,322,322,234,88,96,0.7267080745341615,0.7090909090909091,0.7177914110429447,0.9757575757575757,125.99378881987566,30.00000000000025,652.1929086260535,0.012422360248447204
submission40/Full3C/evaluation/nodilation_seed43,strict,P,100,330,322,322,275,47,55,0.8540372670807453,0.8333333333333334,0.843558282208589,0.9757575757575757,125.99378881987566,30.00000000000025,652.1929086260535,0.012422360248447204
submission40/Full3C/evaluation/nodilation_seed43,strict,P,200,330,322,322,299,23,31,0.9285714285714286,0.906060606060606,0.9171779141104295,0.9757575757575757,125.99378881987566,30.00000000000025,652.1929086260535,0.012422360248447204
submission40/Full3C/evaluation/nodilation_seed43,strict,S,50,330,310,310,103,207,227,0.33225806451612905,0.31212121212121213,0.321875,0.9393939393939394,668.5483870967741,90.00000000000074,1965.9264417046606,0.1032258064516129
submission40/Full3C/evaluation/nodilation_seed43,strict,S,100,330,310,310,164,146,166,0.5290322580645161,0.49696969696969695,0.5125,0.9393939393939394,668.5483870967741,90.00000000000074,1965.9264417046606,0.1032258064516129
submission40/Full3C/evaluation/nodilation_seed43,strict,S,200,330,310,310,214,96,116,0.6903225806451613,0.6484848484848484,0.66875,0.9393939393939394,668.5483870967741,90.00000000000074,1965.9264417046606,0.1032258064516129
submission40/Full3C/evaluation/nodilation_seed43,unconstrained,P,50,330,327,322,234,93,96,0.7155963302752294,0.7090909090909091,0.7123287671232876,0.990909090909091,129.08256880733933,30.00000000000025,648.9038039563267,0.012232415902140673
submission40/Full3C/evaluation/nodilation_seed43,unconstrained,P,100,330,327,322,276,51,54,0.8440366972477065,0.8363636363636363,0.8401826484018264,0.990909090909091,129.08256880733933,30.00000000000025,648.9038039563267,0.012232415902140673
submission40/Full3C/evaluation/nodilation_seed43,unconstrained,P,200,330,327,322,301,26,29,0.9204892966360856,0.9121212121212121,0.9162861491628614,0.990909090909091,129.08256880733933,30.00000000000025,648.9038039563267,0.012232415902140673
submission40/Full3C/evaluation/nodilation_seed43,unconstrained,S,50,330,325,313,105,220,225,0.3230769230769231,0.3181818181818182,0.32061068702290074,0.9848484848484849,1035.323076923077,100.00000000000142,3663.7865238449267,0.12615384615384614
submission40/Full3C/evaluation/nodilation_seed43,unconstrained,S,100,330,325,313,166,159,164,0.5107692307692308,0.503030303030303,0.5068702290076336,0.9848484848484849,1035.323076923077,100.00000000000142,3663.7865238449267,0.12615384615384614
submission40/Full3C/evaluation/nodilation_seed43,unconstrained,S,200,330,325,313,216,109,114,0.6646153846153846,0.6545454545454545,0.6595419847328244,0.9848484848484849,1035.323076923077,100.00000000000142,3663.7865238449267,0.12615384615384614
submission40/Full3C/evaluation/nodilation_seed44,accepted,P,50,330,325,323,234,91,96,0.72,0.7090909090909091,0.7145038167938931,0.9848484848484849,128.3999999999999,30.00000000000025,650.7914707965513,0.012307692307692308
submission40/Full3C/evaluation/nodilation_seed44,accepted,P,100,330,325,323,271,54,59,0.8338461538461538,0.8212121212121212,0.8274809160305343,0.9848484848484849,128.3999999999999,30.00000000000025,650.7914707965513,0.012307692307692308
submission40/Full3C/evaluation/nodilation_seed44,accepted,P,200,330,325,323,299,26,31,0.92,0.906060606060606,0.9129770992366413,0.9848484848484849,128.3999999999999,30.00000000000025,650.7914707965513,0.012307692307692308
submission40/Full3C/evaluation/nodilation_seed44,accepted,S,50,330,324,305,109,215,221,0.33641975308641975,0.3303030303030303,0.3333333333333333,0.9818181818181818,904.6604938271605,99.99999999999964,2539.2723391447557,0.12345679012345678
submission40/Full3C/evaluation/nodilation_seed44,accepted,S,100,330,324,305,169,155,161,0.5216049382716049,0.5121212121212121,0.5168195718654435,0.9818181818181818,904.6604938271605,99.99999999999964,2539.2723391447557,0.12345679012345678
submission40/Full3C/evaluation/nodilation_seed44,accepted,S,200,330,324,305,212,112,118,0.654320987654321,0.6424242424242425,0.6483180428134556,0.9818181818181818,904.6604938271605,99.99999999999964,2539.2723391447557,0.12345679012345678
submission40/Full3C/evaluation/nodilation_seed44,strict,P,50,330,323,323,234,89,96,0.7244582043343654,0.7090909090909091,0.7166921898928025,0.9787878787878788,128.3281733746129,29.999999999999805,652.6798768706038,0.01238390092879257
submission40/Full3C/evaluation/nodilation_seed44,strict,P,100,330,323,323,270,53,60,0.8359133126934984,0.8181818181818182,0.8269525267993875,0.9787878787878788,128.3281733746129,29.999999999999805,652.6798768706038,0.01238390092879257
submission40/Full3C/evaluation/nodilation_seed44,strict,P,200,330,323,323,298,25,32,0.9226006191950464,0.9030303030303031,0.9127105666156202,0.9787878787878788,128.3281733746129,29.999999999999805,652.6798768706038,0.01238390092879257
submission40/Full3C/evaluation/nodilation_seed44,strict,S,50,330,305,305,107,198,223,0.35081967213114756,0.3242424242424242,0.33700787401574805,0.9242424242424242,726.5573770491803,89.99999999999986,2104.4304552499725,0.10491803278688525
submission40/Full3C/evaluation/nodilation_seed44,strict,S,100,330,305,305,165,140,165,0.5409836065573771,0.5,0.5196850393700787,0.9242424242424242,726.5573770491803,89.99999999999986,2104.4304552499725,0.10491803278688525
submission40/Full3C/evaluation/nodilation_seed44,strict,S,200,330,305,305,208,97,122,0.6819672131147541,0.6303030303030303,0.6551181102362205,0.9242424242424242,726.5573770491803,89.99999999999986,2104.4304552499725,0.10491803278688525
submission40/Full3C/evaluation/nodilation_seed44,unconstrained,P,50,330,325,323,234,91,96,0.72,0.7090909090909091,0.7145038167938931,0.9848484848484849,128.3999999999999,30.00000000000025,650.7914707965513,0.012307692307692308
submission40/Full3C/evaluation/nodilation_seed44,unconstrained,P,100,330,325,323,271,54,59,0.8338461538461538,0.8212121212121212,0.8274809160305343,0.9848484848484849,128.3999999999999,30.00000000000025,650.7914707965513,0.012307692307692308
submission40/Full3C/evaluation/nodilation_seed44,unconstrained,P,200,330,325,323,299,26,31,0.92,0.906060606060606,0.9129770992366413,0.9848484848484849,128.3999999999999,30.00000000000025,650.7914707965513,0.012307692307692308
submission40/Full3C/evaluation/nodilation_seed44,unconstrained,S,50,330,329,312,110,219,220,0.3343465045592705,0.3333333333333333,0.3338391502276176,0.996969696969697,1105.6534954407296,99.99999999999964,4125.638497144235,0.1276595744680851
submission40/Full3C/evaluation/nodilation_seed44,unconstrained,S,100,330,329,312,170,159,160,0.5167173252279635,0.5151515151515151,0.5159332321699545,0.996969696969697,1105.6534954407296,99.99999999999964,4125.638497144235,0.1276595744680851
submission40/Full3C/evaluation/nodilation_seed44,unconstrained,S,200,330,329,312,215,114,115,0.6534954407294833,0.6515151515151515,0.6525037936267072,0.996969696969697,1105.6534954407296,99.99999999999964,4125.638497144235,0.1276595744680851
submission40/Full3C/evaluation/probonly12_seed42,accepted,P,50,330,328,321,225,103,105,0.6859756097560976,0.6818181818181818,0.6838905775075987,0.9939393939393939,132.4390243902438,29.99999999999936,650.5968179388792,0.012195121951219513
submission40/Full3C/evaluation/probonly12_seed42,accepted,P,100,330,328,321,272,56,58,0.8292682926829268,0.8242424242424242,0.8267477203647416,0.9939393939393939,132.4390243902438,29.99999999999936,650.5968179388792,0.012195121951219513
submission40/Full3C/evaluation/probonly12_seed42,accepted,P,200,330,328,321,298,30,32,0.9085365853658537,0.9030303030303031,0.9057750759878419,0.9939393939393939,132.4390243902438,29.99999999999936,650.5968179388792,0.012195121951219513
submission40/Full3C/evaluation/probonly12_seed42,accepted,S,50,330,318,306,114,204,216,0.3584905660377358,0.34545454545454546,0.35185185185185186,0.9636363636363636,545.3773584905659,89.99999999999986,1741.7343882593818,0.07547169811320754
submission40/Full3C/evaluation/probonly12_seed42,accepted,S,100,330,318,306,173,145,157,0.5440251572327044,0.5242424242424243,0.5339506172839507,0.9636363636363636,545.3773584905659,89.99999999999986,1741.7343882593818,0.07547169811320754
submission40/Full3C/evaluation/probonly12_seed42,accepted,S,200,330,318,306,219,99,111,0.6886792452830188,0.6636363636363637,0.6759259259259259,0.9636363636363636,545.3773584905659,89.99999999999986,1741.7343882593818,0.07547169811320754
submission40/Full3C/evaluation/probonly12_seed42,strict,P,50,330,321,321,225,96,105,0.7009345794392523,0.6818181818181818,0.6912442396313364,0.9727272727272728,128.8785046728971,29.99999999999936,655.1399936005688,0.012461059190031152
submission40/Full3C/evaluation/probonly12_seed42,strict,P,100,330,321,321,270,51,60,0.8411214953271028,0.8181818181818182,0.8294930875576036,0.9727272727272728,128.8785046728971,29.99999999999936,655.1399936005688,0.012461059190031152
submission40/Full3C/evaluation/probonly12_seed42,strict,P,200,330,321,321,294,27,36,0.9158878504672897,0.8909090909090909,0.9032258064516129,0.9727272727272728,128.8785046728971,29.99999999999936,655.1399936005688,0.012461059190031152
submission40/Full3C/evaluation/probonly12_seed42,strict,S,50,330,306,306,111,195,219,0.3627450980392157,0.33636363636363636,0.3490566037735849,0.9272727272727272,486.11111111111103,84.99999999999997,1639.5658400292589,0.06209150326797386
submission40/Full3C/evaluation/probonly12_seed42,strict,S,100,330,306,306,170,136,160,0.5555555555555556,0.5151515151515151,0.5345911949685535,0.9272727272727272,486.11111111111103,84.99999999999997,1639.5658400292589,0.06209150326797386
submission40/Full3C/evaluation/probonly12_seed42,strict,S,200,330,306,306,216,90,114,0.7058823529411765,0.6545454545454545,0.6792452830188679,0.9272727272727272,486.11111111111103,84.99999999999997,1639.5658400292589,0.06209150326797386
submission40/Full3C/evaluation/probonly12_seed42,unconstrained,P,50,330,328,321,225,103,105,0.6859756097560976,0.6818181818181818,0.6838905775075987,0.9939393939393939,132.4390243902438,29.99999999999936,650.5968179388792,0.012195121951219513
submission40/Full3C/evaluation/probonly12_seed42,unconstrained,P,100,330,328,321,272,56,58,0.8292682926829268,0.8242424242424242,0.8267477203647416,0.9939393939393939,132.4390243902438,29.99999999999936,650.5968179388792,0.012195121951219513
submission40/Full3C/evaluation/probonly12_seed42,unconstrained,P,200,330,328,321,298,30,32,0.9085365853658537,0.9030303030303031,0.9057750759878419,0.9939393939393939,132.4390243902438,29.99999999999936,650.5968179388792,0.012195121951219513
submission40/Full3C/evaluation/probonly12_seed42,unconstrained,S,50,330,320,308,114,206,216,0.35625,0.34545454545454546,0.3507692307692308,0.9696969696969697,636.0,89.99999999999986,2376.4379857256954,0.078125
submission40/Full3C/evaluation/probonly12_seed42,unconstrained,S,100,330,320,308,173,147,157,0.540625,0.5242424242424243,0.5323076923076923,0.9696969696969697,636.0,89.99999999999986,2376.4379857256954,0.078125
submission40/Full3C/evaluation/probonly12_seed42,unconstrained,S,200,330,320,308,219,101,111,0.684375,0.6636363636363637,0.6738461538461539,0.9696969696969697,636.0,89.99999999999986,2376.4379857256954,0.078125
submission40/Full3C/evaluation/probonly12_seed43,accepted,P,50,330,328,324,230,98,100,0.7012195121951219,0.696969696969697,0.6990881458966566,0.9939393939393939,129.72560975609744,30.00000000000025,647.7684489187739,0.012195121951219513
submission40/Full3C/evaluation/probonly12_seed43,accepted,P,100,330,328,324,275,53,55,0.8384146341463414,0.8333333333333334,0.8358662613981763,0.9939393939393939,129.72560975609744,30.00000000000025,647.7684489187739,0.012195121951219513
submission40/Full3C/evaluation/probonly12_seed43,accepted,P,200,330,328,324,302,26,28,0.9207317073170732,0.9151515151515152,0.9179331306990881,0.9939393939393939,129.72560975609744,30.00000000000025,647.7684489187739,0.012195121951219513
submission40/Full3C/evaluation/probonly12_seed43,accepted,S,50,330,318,305,114,204,216,0.3584905660377358,0.34545454545454546,0.35185185185185186,0.9636363636363636,689.559748427673,90.00000000000163,2138.055308719738,0.0880503144654088
submission40/Full3C/evaluation/probonly12_seed43,accepted,S,100,330,318,305,166,152,164,0.5220125786163522,0.503030303030303,0.5123456790123457,0.9636363636363636,689.559748427673,90.00000000000163,2138.055308719738,0.0880503144654088
submission40/Full3C/evaluation/probonly12_seed43,accepted,S,200,330,318,305,214,104,116,0.6729559748427673,0.6484848484848484,0.6604938271604939,0.9636363636363636,689.559748427673,90.00000000000163,2138.055308719738,0.0880503144654088
submission40/Full3C/evaluation/probonly12_seed43,strict,P,50,330,324,324,230,94,100,0.7098765432098766,0.696969696969697,0.7033639143730887,0.9818181818181818,128.27160493827148,30.00000000000025,651.033840693704,0.012345679012345678
submission40/Full3C/evaluation/probonly12_seed43,strict,P,100,330,324,324,274,50,56,0.845679012345679,0.8303030303030303,0.8379204892966361,0.9818181818181818,128.27160493827148,30.00000000000025,651.033840693704,0.012345679012345678
submission40/Full3C/evaluation/probonly12_seed43,strict,P,200,330,324,324,300,24,30,0.9259259259259259,0.9090909090909091,0.9174311926605505,0.9818181818181818,128.27160493827148,30.00000000000025,651.033840693704,0.012345679012345678
submission40/Full3C/evaluation/probonly12_seed43,strict,S,50,330,305,305,114,191,216,0.3737704918032787,0.34545454545454546,0.3590551181102362,0.9242424242424242,597.2131147540983,89.99999999999986,1886.3790450594347,0.07868852459016394
submission40/Full3C/evaluation/probonly12_seed43,strict,S,100,330,305,305,165,140,165,0.5409836065573771,0.5,0.5196850393700787,0.9242424242424242,597.2131147540983,89.99999999999986,1886.3790450594347,0.07868852459016394
submission40/Full3C/evaluation/probonly12_seed43,strict,S,200,330,305,305,213,92,117,0.6983606557377049,0.6454545454545455,0.6708661417322834,0.9242424242424242,597.2131147540983,89.99999999999986,1886.3790450594347,0.07868852459016394
submission40/Full3C/evaluation/probonly12_seed43,unconstrained,P,50,330,328,324,230,98,100,0.7012195121951219,0.696969696969697,0.6990881458966566,0.9939393939393939,129.72560975609744,30.00000000000025,647.7684489187739,0.012195121951219513
submission40/Full3C/evaluation/probonly12_seed43,unconstrained,P,100,330,328,324,275,53,55,0.8384146341463414,0.8333333333333334,0.8358662613981763,0.9939393939393939,129.72560975609744,30.00000000000025,647.7684489187739,0.012195121951219513
submission40/Full3C/evaluation/probonly12_seed43,unconstrained,P,200,330,328,324,302,26,28,0.9207317073170732,0.9151515151515152,0.9179331306990881,0.9939393939393939,129.72560975609744,30.00000000000025,647.7684489187739,0.012195121951219513
submission40/Full3C/evaluation/probonly12_seed43,unconstrained,S,50,330,320,308,115,205,215,0.359375,0.3484848484848485,0.35384615384615387,0.9696969696969697,761.65625,90.00000000000074,2659.482738710669,0.0875
submission40/Full3C/evaluation/probonly12_seed43,unconstrained,S,100,330,320,308,168,152,162,0.525,0.509090909090909,0.5169230769230769,0.9696969696969697,761.65625,90.00000000000074,2659.482738710669,0.0875
submission40/Full3C/evaluation/probonly12_seed43,unconstrained,S,200,330,320,308,216,104,114,0.675,0.6545454545454545,0.6646153846153846,0.9696969696969697,761.65625,90.00000000000074,2659.482738710669,0.0875
submission40/Full3C/evaluation/probonly12_seed44,accepted,P,50,330,326,320,230,96,100,0.7055214723926381,0.696969696969697,0.7012195121951219,0.9878787878787879,382.11656441717776,30.00000000000003,2921.135851441471,0.02147239263803681
submission40/Full3C/evaluation/probonly12_seed44,accepted,P,100,330,326,320,274,52,56,0.8404907975460123,0.8303030303030303,0.8353658536585366,0.9878787878787879,382.11656441717776,30.00000000000003,2921.135851441471,0.02147239263803681
submission40/Full3C/evaluation/probonly12_seed44,accepted,P,200,330,326,320,296,30,34,0.9079754601226994,0.896969696969697,0.9024390243902439,0.9878787878787879,382.11656441717776,30.00000000000003,2921.135851441471,0.02147239263803681
submission40/Full3C/evaluation/probonly12_seed44,accepted,S,50,330,321,313,116,205,214,0.3613707165109034,0.3515151515151515,0.3563748079877112,0.9727272727272728,780.0623052959502,89.99999999999986,2429.249335998386,0.09345794392523364
submission40/Full3C/evaluation/probonly12_seed44,accepted,S,100,330,321,313,165,156,165,0.514018691588785,0.5,0.5069124423963134,0.9727272727272728,780.0623052959502,89.99999999999986,2429.249335998386,0.09345794392523364
submission40/Full3C/evaluation/probonly12_seed44,accepted,S,200,330,321,313,214,107,116,0.6666666666666666,0.6484848484848484,0.6574500768049155,0.9727272727272728,780.0623052959502,89.99999999999986,2429.249335998386,0.09345794392523364
submission40/Full3C/evaluation/probonly12_seed44,strict,P,50,330,320,320,229,91,101,0.715625,0.693939393939394,0.7046153846153846,0.9696969696969697,127.12499999999986,29.99999999999958,654.3761341919493,0.0125
submission40/Full3C/evaluation/probonly12_seed44,strict,P,100,330,320,320,273,47,57,0.853125,0.8272727272727273,0.84,0.9696969696969697,127.12499999999986,29.99999999999958,654.3761341919493,0.0125
submission40/Full3C/evaluation/probonly12_seed44,strict,P,200,330,320,320,294,26,36,0.91875,0.8909090909090909,0.9046153846153846,0.9696969696969697,127.12499999999986,29.99999999999958,654.3761341919493,0.0125
submission40/Full3C/evaluation/probonly12_seed44,strict,S,50,330,313,313,115,198,215,0.36741214057507987,0.3484848484848485,0.35769828926905134,0.9484848484848485,680.2236421725239,80.00000000000007,2183.1933553483213,0.08306709265175719
submission40/Full3C/evaluation/probonly12_seed44,strict,S,100,330,313,313,164,149,166,0.5239616613418531,0.49696969696969695,0.5101088646967341,0.9484848484848485,680.2236421725239,80.00000000000007,2183.1933553483213,0.08306709265175719
submission40/Full3C/evaluation/probonly12_seed44,strict,S,200,330,313,313,212,101,118,0.6773162939297125,0.6424242424242425,0.6594090202177294,0.9484848484848485,680.2236421725239,80.00000000000007,2183.1933553483213,0.08306709265175719
submission40/Full3C/evaluation/probonly12_seed44,unconstrained,P,50,330,326,320,230,96,100,0.7055214723926381,0.696969696969697,0.7012195121951219,0.9878787878787879,382.11656441717776,30.00000000000003,2921.135851441471,0.02147239263803681
submission40/Full3C/evaluation/probonly12_seed44,unconstrained,P,100,330,326,320,274,52,56,0.8404907975460123,0.8303030303030303,0.8353658536585366,0.9878787878787879,382.11656441717776,30.00000000000003,2921.135851441471,0.02147239263803681
submission40/Full3C/evaluation/probonly12_seed44,unconstrained,P,200,330,326,320,296,30,34,0.9079754601226994,0.896969696969697,0.9024390243902439,0.9878787878787879,382.11656441717776,30.00000000000003,2921.135851441471,0.02147239263803681
submission40/Full3C/evaluation/probonly12_seed44,unconstrained,S,50,330,327,319,117,210,213,0.3577981651376147,0.35454545454545455,0.3561643835616438,0.990909090909091,827.7675840978593,99.99999999999964,2826.9597678516734,0.09174311926605505
submission40/Full3C/evaluation/probonly12_seed44,unconstrained,S,100,330,327,319,166,161,164,0.5076452599388379,0.503030303030303,0.5053272450532724,0.990909090909091,827.7675840978593,99.99999999999964,2826.9597678516734,0.09174311926605505
submission40/Full3C/evaluation/probonly12_seed44,unconstrained,S,200,330,327,319,217,110,113,0.6636085626911316,0.6575757575757576,0.6605783866057838,0.990909090909091,827.7675840978593,99.99999999999964,2826.9597678516734,0.09174311926605505
submission40/Full3C/evaluation/waveonly3_seed42,accepted,P,50,330,321,314,217,104,113,0.67601246105919,0.6575757575757576,0.6666666666666666,0.9727272727272728,132.834890965732,30.00000000000025,593.6979523014866,0.012461059190031152
submission40/Full3C/evaluation/waveonly3_seed42,accepted,P,100,330,321,314,256,65,74,0.7975077881619937,0.7757575757575758,0.7864823348694316,0.9727272727272728,132.834890965732,30.00000000000025,593.6979523014866,0.012461059190031152
submission40/Full3C/evaluation/waveonly3_seed42,accepted,P,200,330,321,314,286,35,44,0.8909657320872274,0.8666666666666667,0.8786482334869432,0.9727272727272728,132.834890965732,30.00000000000025,593.6979523014866,0.012461059190031152
submission40/Full3C/evaluation/waveonly3_seed42,accepted,S,50,330,321,313,99,222,231,0.308411214953271,0.3,0.30414746543778803,0.9727272727272728,835.8878504672897,109.99999999999943,2192.199566830075,0.1588785046728972
submission40/Full3C/evaluation/waveonly3_seed42,accepted,S,100,330,321,313,157,164,173,0.48909657320872274,0.47575757575757577,0.4823348694316436,0.9727272727272728,835.8878504672897,109.99999999999943,2192.199566830075,0.1588785046728972
submission40/Full3C/evaluation/waveonly3_seed42,accepted,S,200,330,321,313,193,128,137,0.6012461059190031,0.5848484848484848,0.5929339477726574,0.9727272727272728,835.8878504672897,109.99999999999943,2192.199566830075,0.1588785046728972
submission40/Full3C/evaluation/waveonly3_seed42,strict,P,50,330,314,314,217,97,113,0.6910828025477707,0.6575757575757576,0.6739130434782609,0.9515151515151515,132.22929936305724,30.00000000000025,599.6453304187348,0.012738853503184714
submission40/Full3C/evaluation/waveonly3_seed42,strict,P,100,330,314,314,254,60,76,0.8089171974522293,0.7696969696969697,0.7888198757763976,0.9515151515151515,132.22929936305724,30.00000000000025,599.6453304187348,0.012738853503184714
submission40/Full3C/evaluation/waveonly3_seed42,strict,P,200,330,314,314,280,34,50,0.89171974522293,0.8484848484848485,0.8695652173913043,0.9515151515151515,132.22929936305724,30.00000000000025,599.6453304187348,0.012738853503184714
submission40/Full3C/evaluation/waveonly3_seed42,strict,S,50,330,313,313,99,214,231,0.31629392971246006,0.3,0.30793157076205285,0.9484848484848485,743.5143769968051,100.00000000000054,2081.4998278996627,0.13738019169329074
submission40/Full3C/evaluation/waveonly3_seed42,strict,S,100,330,313,313,157,156,173,0.5015974440894568,0.47575757575757577,0.48833592534992226,0.9484848484848485,743.5143769968051,100.00000000000054,2081.4998278996627,0.13738019169329074
submission40/Full3C/evaluation/waveonly3_seed42,strict,S,200,330,313,313,193,120,137,0.6166134185303515,0.5848484848484848,0.6003110419906688,0.9484848484848485,743.5143769968051,100.00000000000054,2081.4998278996627,0.13738019169329074
submission40/Full3C/evaluation/waveonly3_seed42,unconstrained,P,50,330,321,314,217,104,113,0.67601246105919,0.6575757575757576,0.6666666666666666,0.9727272727272728,132.834890965732,30.00000000000025,593.6979523014866,0.012461059190031152
submission40/Full3C/evaluation/waveonly3_seed42,unconstrained,P,100,330,321,314,256,65,74,0.7975077881619937,0.7757575757575758,0.7864823348694316,0.9727272727272728,132.834890965732,30.00000000000025,593.6979523014866,0.012461059190031152
submission40/Full3C/evaluation/waveonly3_seed42,unconstrained,P,200,330,321,314,286,35,44,0.8909657320872274,0.8666666666666667,0.8786482334869432,0.9727272727272728,132.834890965732,30.00000000000025,593.6979523014866,0.012461059190031152
submission40/Full3C/evaluation/waveonly3_seed42,unconstrained,S,50,330,330,322,100,230,230,0.30303030303030304,0.30303030303030304,0.30303030303030304,1.0,990.4242424242425,119.99999999999922,3295.082562077784,0.16363636363636364
submission40/Full3C/evaluation/waveonly3_seed42,unconstrained,S,100,330,330,322,159,171,171,0.4818181818181818,0.4818181818181818,0.4818181818181818,1.0,990.4242424242425,119.99999999999922,3295.082562077784,0.16363636363636364
submission40/Full3C/evaluation/waveonly3_seed42,unconstrained,S,200,330,330,322,197,133,133,0.5969696969696969,0.5969696969696969,0.5969696969696969,1.0,990.4242424242425,119.99999999999922,3295.082562077784,0.16363636363636364
submission40/Full3C/evaluation/waveonly3_seed43,accepted,P,50,330,324,317,221,103,109,0.6820987654320988,0.6696969696969697,0.6758409785932722,0.9818181818181818,148.91975308641966,30.00000000000025,672.6305004409604,0.015432098765432098
submission40/Full3C/evaluation/waveonly3_seed43,accepted,P,100,330,324,317,262,62,68,0.808641975308642,0.793939393939394,0.8012232415902141,0.9818181818181818,148.91975308641966,30.00000000000025,672.6305004409604,0.015432098765432098
submission40/Full3C/evaluation/waveonly3_seed43,accepted,P,200,330,324,317,288,36,42,0.8888888888888888,0.8727272727272727,0.8807339449541285,0.9818181818181818,148.91975308641966,30.00000000000025,672.6305004409604,0.015432098765432098
submission40/Full3C/evaluation/waveonly3_seed43,accepted,S,50,330,322,312,103,219,227,0.3198757763975155,0.31212121212121213,0.3159509202453988,0.9757575757575757,839.3788819875776,119.99999999999922,2110.3661629240805,0.16770186335403728
submission40/Full3C/evaluation/waveonly3_seed43,accepted,S,100,330,322,312,150,172,180,0.4658385093167702,0.45454545454545453,0.4601226993865031,0.9757575757575757,839.3788819875776,119.99999999999922,2110.3661629240805,0.16770186335403728
submission40/Full3C/evaluation/waveonly3_seed43,accepted,S,200,330,322,312,196,126,134,0.6086956521739131,0.593939393939394,0.6012269938650306,0.9757575757575757,839.3788819875776,119.99999999999922,2110.3661629240805,0.16770186335403728
submission40/Full3C/evaluation/waveonly3_seed43,strict,P,50,330,317,317,218,99,112,0.6876971608832808,0.6606060606060606,0.6738794435857806,0.9606060606060606,149.62145110410083,30.00000000000025,679.6707776053046,0.015772870662460567
submission40/Full3C/evaluation/waveonly3_seed43,strict,P,100,330,317,317,259,58,71,0.8170347003154574,0.7848484848484848,0.8006182380216383,0.9606060606060606,149.62145110410083,30.00000000000025,679.6707776053046,0.015772870662460567
submission40/Full3C/evaluation/waveonly3_seed43,strict,P,200,330,317,317,282,35,48,0.889589905362776,0.8545454545454545,0.8717156105100463,0.9606060606060606,149.62145110410083,30.00000000000025,679.6707776053046,0.015772870662460567
submission40/Full3C/evaluation/waveonly3_seed43,strict,S,50,330,312,312,103,209,227,0.3301282051282051,0.31212121212121213,0.32087227414330216,0.9454545454545454,710.0961538461538,115.00000000000021,1774.2408091118716,0.15384615384615385
submission40/Full3C/evaluation/waveonly3_seed43,strict,S,100,330,312,312,150,162,180,0.4807692307692308,0.45454545454545453,0.4672897196261682,0.9454545454545454,710.0961538461538,115.00000000000021,1774.2408091118716,0.15384615384615385
submission40/Full3C/evaluation/waveonly3_seed43,strict,S,200,330,312,312,194,118,136,0.6217948717948718,0.5878787878787879,0.6043613707165109,0.9454545454545454,710.0961538461538,115.00000000000021,1774.2408091118716,0.15384615384615385
submission40/Full3C/evaluation/waveonly3_seed43,unconstrained,P,50,330,324,317,221,103,109,0.6820987654320988,0.6696969696969697,0.6758409785932722,0.9818181818181818,148.91975308641966,30.00000000000025,672.6305004409604,0.015432098765432098
submission40/Full3C/evaluation/waveonly3_seed43,unconstrained,P,100,330,324,317,262,62,68,0.808641975308642,0.793939393939394,0.8012232415902141,0.9818181818181818,148.91975308641966,30.00000000000025,672.6305004409604,0.015432098765432098
submission40/Full3C/evaluation/waveonly3_seed43,unconstrained,P,200,330,324,317,288,36,42,0.8888888888888888,0.8727272727272727,0.8807339449541285,0.9818181818181818,148.91975308641966,30.00000000000025,672.6305004409604,0.015432098765432098
submission40/Full3C/evaluation/waveonly3_seed43,unconstrained,S,50,330,328,318,104,224,226,0.3170731707317073,0.3151515151515151,0.3161094224924012,0.9939393939393939,934.6036585365854,119.99999999999922,3054.565106165668,0.17073170731707318
submission40/Full3C/evaluation/waveonly3_seed43,unconstrained,S,100,330,328,318,152,176,178,0.4634146341463415,0.46060606060606063,0.46200607902735563,0.9939393939393939,934.6036585365854,119.99999999999922,3054.565106165668,0.17073170731707318
submission40/Full3C/evaluation/waveonly3_seed43,unconstrained,S,200,330,328,318,199,129,131,0.6067073170731707,0.603030303030303,0.6048632218844985,0.9939393939393939,934.6036585365854,119.99999999999922,3054.565106165668,0.17073170731707318
submission40/Full3C/evaluation/waveonly3_seed44,accepted,P,50,330,323,320,224,99,106,0.6934984520123839,0.6787878787878788,0.6860643185298622,0.9787878787878788,271.8885448916408,30.00000000000025,2314.193652238706,0.018575851393188854
submission40/Full3C/evaluation/waveonly3_seed44,accepted,P,100,330,323,320,261,62,69,0.8080495356037152,0.7909090909090909,0.7993874425727412,0.9787878787878788,271.8885448916408,30.00000000000025,2314.193652238706,0.018575851393188854
submission40/Full3C/evaluation/waveonly3_seed44,accepted,P,200,330,323,320,289,34,41,0.8947368421052632,0.8757575757575757,0.885145482388974,0.9787878787878788,271.8885448916408,30.00000000000025,2314.193652238706,0.018575851393188854
submission40/Full3C/evaluation/waveonly3_seed44,accepted,S,50,330,322,313,102,220,228,0.3167701863354037,0.3090909090909091,0.3128834355828221,0.9757575757575757,946.2732919254659,124.99999999999912,2304.190214931018,0.18322981366459629
submission40/Full3C/evaluation/waveonly3_seed44,accepted,S,100,330,322,313,154,168,176,0.4782608695652174,0.4666666666666667,0.4723926380368098,0.9757575757575757,946.2732919254659,124.99999999999912,2304.190214931018,0.18322981366459629
submission40/Full3C/evaluation/waveonly3_seed44,accepted,S,200,330,322,313,190,132,140,0.5900621118012422,0.5757575757575758,0.5828220858895705,0.9757575757575757,946.2732919254659,124.99999999999912,2304.190214931018,0.18322981366459629
submission40/Full3C/evaluation/waveonly3_seed44,strict,P,50,330,320,320,223,97,107,0.696875,0.6757575757575758,0.6861538461538461,0.9696969696969697,149.74999999999991,30.00000000000025,676.7832924947246,0.015625
submission40/Full3C/evaluation/waveonly3_seed44,strict,P,100,330,320,320,259,61,71,0.809375,0.7848484848484848,0.796923076923077,0.9696969696969697,149.74999999999991,30.00000000000025,676.7832924947246,0.015625
submission40/Full3C/evaluation/waveonly3_seed44,strict,P,200,330,320,320,287,33,43,0.896875,0.8696969696969697,0.8830769230769231,0.9696969696969697,149.74999999999991,30.00000000000025,676.7832924947246,0.015625
submission40/Full3C/evaluation/waveonly3_seed44,strict,S,50,330,313,313,101,212,229,0.3226837060702875,0.30606060606060603,0.3141524105754277,0.9484848484848485,864.5686900958467,119.99999999999922,2139.518398527057,0.1757188498402556
submission40/Full3C/evaluation/waveonly3_seed44,strict,S,100,330,313,313,152,161,178,0.48562300319488816,0.46060606060606063,0.4727838258164852,0.9484848484848485,864.5686900958467,119.99999999999922,2139.518398527057,0.1757188498402556
submission40/Full3C/evaluation/waveonly3_seed44,strict,S,200,330,313,313,186,127,144,0.5942492012779552,0.5636363636363636,0.578538102643857,0.9484848484848485,864.5686900958467,119.99999999999922,2139.518398527057,0.1757188498402556
submission40/Full3C/evaluation/waveonly3_seed44,unconstrained,P,50,330,323,320,224,99,106,0.6934984520123839,0.6787878787878788,0.6860643185298622,0.9787878787878788,271.8885448916408,30.00000000000025,2314.193652238706,0.018575851393188854
submission40/Full3C/evaluation/waveonly3_seed44,unconstrained,P,100,330,323,320,261,62,69,0.8080495356037152,0.7909090909090909,0.7993874425727412,0.9787878787878788,271.8885448916408,30.00000000000025,2314.193652238706,0.018575851393188854
submission40/Full3C/evaluation/waveonly3_seed44,unconstrained,P,200,330,323,320,289,34,41,0.8947368421052632,0.8757575757575757,0.885145482388974,0.9787878787878788,271.8885448916408,30.00000000000025,2314.193652238706,0.018575851393188854
submission40/Full3C/evaluation/waveonly3_seed44,unconstrained,S,50,330,330,320,105,225,225,0.3181818181818182,0.3181818181818182,0.3181818181818182,1.0,987.5151515151515,124.99999999999912,2397.4885849887823,0.18787878787878787
submission40/Full3C/evaluation/waveonly3_seed44,unconstrained,S,100,330,330,320,158,172,172,0.47878787878787876,0.47878787878787876,0.47878787878787876,1.0,987.5151515151515,124.99999999999912,2397.4885849887823,0.18787878787878787
submission40/Full3C/evaluation/waveonly3_seed44,unconstrained,S,200,330,330,320,194,136,136,0.5878787878787879,0.5878787878787879,0.5878787878787879,1.0,987.5151515151515,124.99999999999912,2397.4885849887823,0.18787878787878787
submission40/Zonly/baselines/AIC,accepted,P,50,330,330,330,94,236,236,0.28484848484848485,0.28484848484848485,0.28484848484848485,1.0,953.3939393939394,344.9999999999998,1899.0375552799467,0.21818181818181817
submission40/Zonly/baselines/AIC,accepted,P,100,330,330,330,122,208,208,0.3696969696969697,0.3696969696969697,0.3696969696969697,1.0,953.3939393939394,344.9999999999998,1899.0375552799467,0.21818181818181817
submission40/Zonly/baselines/AIC,accepted,P,200,330,330,330,144,186,186,0.43636363636363634,0.43636363636363634,0.43636363636363634,1.0,953.3939393939394,344.9999999999998,1899.0375552799467,0.21818181818181817
submission40/Zonly/baselines/AIC,accepted,S,50,330,330,330,0,330,330,0.0,0.0,0.0,1.0,5411.787878787879,4880.0,6197.079981977827,0.9878787878787879
submission40/Zonly/baselines/AIC,accepted,S,100,330,330,330,0,330,330,0.0,0.0,0.0,1.0,5411.787878787879,4880.0,6197.079981977827,0.9878787878787879
submission40/Zonly/baselines/AIC,accepted,S,200,330,330,330,0,330,330,0.0,0.0,0.0,1.0,5411.787878787879,4880.0,6197.079981977827,0.9878787878787879
submission40/Zonly/baselines/AIC,strict,P,50,330,330,330,94,236,236,0.28484848484848485,0.28484848484848485,0.28484848484848485,1.0,953.3939393939394,344.9999999999998,1899.0375552799467,0.21818181818181817
submission40/Zonly/baselines/AIC,strict,P,100,330,330,330,122,208,208,0.3696969696969697,0.3696969696969697,0.3696969696969697,1.0,953.3939393939394,344.9999999999998,1899.0375552799467,0.21818181818181817
submission40/Zonly/baselines/AIC,strict,P,200,330,330,330,144,186,186,0.43636363636363634,0.43636363636363634,0.43636363636363634,1.0,953.3939393939394,344.9999999999998,1899.0375552799467,0.21818181818181817
submission40/Zonly/baselines/AIC,strict,S,50,330,330,330,0,330,330,0.0,0.0,0.0,1.0,5411.787878787879,4880.0,6197.079981977827,0.9878787878787879
submission40/Zonly/baselines/AIC,strict,S,100,330,330,330,0,330,330,0.0,0.0,0.0,1.0,5411.787878787879,4880.0,6197.079981977827,0.9878787878787879
submission40/Zonly/baselines/AIC,strict,S,200,330,330,330,0,330,330,0.0,0.0,0.0,1.0,5411.787878787879,4880.0,6197.079981977827,0.9878787878787879
submission40/Zonly/baselines/AIC,unconstrained,P,50,330,330,330,94,236,236,0.28484848484848485,0.28484848484848485,0.28484848484848485,1.0,953.3939393939394,344.9999999999998,1899.0375552799467,0.21818181818181817
submission40/Zonly/baselines/AIC,unconstrained,P,100,330,330,330,122,208,208,0.3696969696969697,0.3696969696969697,0.3696969696969697,1.0,953.3939393939394,344.9999999999998,1899.0375552799467,0.21818181818181817
submission40/Zonly/baselines/AIC,unconstrained,P,200,330,330,330,144,186,186,0.43636363636363634,0.43636363636363634,0.43636363636363634,1.0,953.3939393939394,344.9999999999998,1899.0375552799467,0.21818181818181817
submission40/Zonly/baselines/AIC,unconstrained,S,50,330,330,330,0,330,330,0.0,0.0,0.0,1.0,5493.606060606061,4955.0,6275.693394020901,0.990909090909091
submission40/Zonly/baselines/AIC,unconstrained,S,100,330,330,330,0,330,330,0.0,0.0,0.0,1.0,5493.606060606061,4955.0,6275.693394020901,0.990909090909091
submission40/Zonly/baselines/AIC,unconstrained,S,200,330,330,330,0,330,330,0.0,0.0,0.0,1.0,5493.606060606061,4955.0,6275.693394020901,0.990909090909091
submission40/Zonly/baselines/CNN,accepted,P,50,330,323,298,222,101,108,0.6873065015479877,0.6727272727272727,0.6799387442572741,0.9787878787878788,198.0804953560371,30.00000000000025,938.5661945478261,0.02476780185758514
submission40/Zonly/baselines/CNN,accepted,P,100,330,323,298,259,64,71,0.8018575851393189,0.7848484848484848,0.7932618683001531,0.9787878787878788,198.0804953560371,30.00000000000025,938.5661945478261,0.02476780185758514
submission40/Zonly/baselines/CNN,accepted,P,200,330,323,298,285,38,45,0.8823529411764706,0.8636363636363636,0.8728943338437979,0.9787878787878788,198.0804953560371,30.00000000000025,938.5661945478261,0.02476780185758514
submission40/Zonly/baselines/CNN,accepted,S,50,330,124,46,23,101,307,0.18548387096774194,0.0696969696969697,0.1013215859030837,0.37575757575757573,1019.9999999999999,219.99999999999932,2834.110203425634,0.14516129032258066
submission40/Zonly/baselines/CNN,accepted,S,100,330,124,46,41,83,289,0.33064516129032256,0.12424242424242424,0.18061674008810572,0.37575757575757573,1019.9999999999999,219.99999999999932,2834.110203425634,0.14516129032258066
submission40/Zonly/baselines/CNN,accepted,S,200,330,124,46,59,65,271,0.47580645161290325,0.1787878787878788,0.2599118942731278,0.37575757575757573,1019.9999999999999,219.99999999999932,2834.110203425634,0.14516129032258066
submission40/Zonly/baselines/CNN,strict,P,50,330,298,298,215,83,115,0.7214765100671141,0.6515151515151515,0.6847133757961783,0.9030303030303031,177.21476510067106,29.99999999999936,910.3179988665514,0.020134228187919462
submission40/Zonly/baselines/CNN,strict,P,100,330,298,298,250,48,80,0.8389261744966443,0.7575757575757576,0.7961783439490446,0.9030303030303031,177.21476510067106,29.99999999999936,910.3179988665514,0.020134228187919462
submission40/Zonly/baselines/CNN,strict,P,200,330,298,298,273,25,57,0.9161073825503355,0.8272727272727273,0.8694267515923567,0.9030303030303031,177.21476510067106,29.99999999999936,910.3179988665514,0.020134228187919462
submission40/Zonly/baselines/CNN,strict,S,50,330,46,46,12,34,318,0.2608695652173913,0.03636363636363636,0.06382978723404255,0.1393939393939394,660.2173913043476,99.99999999999964,2098.0700241142945,0.06521739130434782
submission40/Zonly/baselines/CNN,strict,S,100,330,46,46,24,22,306,0.5217391304347826,0.07272727272727272,0.1276595744680851,0.1393939393939394,660.2173913043476,99.99999999999964,2098.0700241142945,0.06521739130434782
submission40/Zonly/baselines/CNN,strict,S,200,330,46,46,29,17,301,0.6304347826086957,0.08787878787878788,0.15425531914893617,0.1393939393939394,660.2173913043476,99.99999999999964,2098.0700241142945,0.06521739130434782
submission40/Zonly/baselines/CNN,unconstrained,P,50,330,323,298,222,101,108,0.6873065015479877,0.6727272727272727,0.6799387442572741,0.9787878787878788,198.0804953560371,30.00000000000025,938.5661945478261,0.02476780185758514
submission40/Zonly/baselines/CNN,unconstrained,P,100,330,323,298,259,64,71,0.8018575851393189,0.7848484848484848,0.7932618683001531,0.9787878787878788,198.0804953560371,30.00000000000025,938.5661945478261,0.02476780185758514
submission40/Zonly/baselines/CNN,unconstrained,P,200,330,323,298,285,38,45,0.8823529411764706,0.8636363636363636,0.8728943338437979,0.9787878787878788,198.0804953560371,30.00000000000025,938.5661945478261,0.02476780185758514
submission40/Zonly/baselines/CNN,unconstrained,S,50,330,128,47,23,105,307,0.1796875,0.0696969696969697,0.10043668122270742,0.3878787878787879,1214.609375,225.00000000000009,3160.7511221622626,0.1640625
submission40/Zonly/baselines/CNN,unconstrained,S,100,330,128,47,41,87,289,0.3203125,0.12424242424242424,0.17903930131004367,0.3878787878787879,1214.609375,225.00000000000009,3160.7511221622626,0.1640625
submission40/Zonly/baselines/CNN,unconstrained,S,200,330,128,47,59,69,271,0.4609375,0.1787878787878788,0.2576419213973799,0.3878787878787879,1214.609375,225.00000000000009,3160.7511221622626,0.1640625
submission40/Zonly/baselines/mean_ensemble,accepted,P,50,330,330,314,214,116,116,0.6484848484848484,0.6484848484848484,0.6484848484848484,1.0,438.72727272727263,30.00000000000025,2846.828751329089,0.030303030303030304
submission40/Zonly/baselines/mean_ensemble,accepted,P,100,330,330,314,255,75,75,0.7727272727272727,0.7727272727272727,0.7727272727272727,1.0,438.72727272727263,30.00000000000025,2846.828751329089,0.030303030303030304
submission40/Zonly/baselines/mean_ensemble,accepted,P,200,330,330,314,282,48,48,0.8545454545454545,0.8545454545454545,0.8545454545454545,1.0,438.72727272727263,30.00000000000025,2846.828751329089,0.030303030303030304
submission40/Zonly/baselines/mean_ensemble,accepted,S,50,330,330,121,0,330,330,0.0,0.0,0.0,1.0,5053.424242424243,4470.0,6072.463555787193,0.9484848484848485
submission40/Zonly/baselines/mean_ensemble,accepted,S,100,330,330,121,0,330,330,0.0,0.0,0.0,1.0,5053.424242424243,4470.0,6072.463555787193,0.9484848484848485
submission40/Zonly/baselines/mean_ensemble,accepted,S,200,330,330,121,1,329,329,0.0030303030303030303,0.0030303030303030303,0.0030303030303030303,1.0,5053.424242424243,4470.0,6072.463555787193,0.9484848484848485
submission40/Zonly/baselines/mean_ensemble,strict,P,50,330,314,314,213,101,117,0.678343949044586,0.6454545454545455,0.6614906832298136,0.9515151515151515,134.5222929936305,30.00000000000025,658.7123126434069,0.012738853503184714
submission40/Zonly/baselines/mean_ensemble,strict,P,100,330,314,314,254,60,76,0.8089171974522293,0.7696969696969697,0.7888198757763976,0.9515151515151515,134.5222929936305,30.00000000000025,658.7123126434069,0.012738853503184714
submission40/Zonly/baselines/mean_ensemble,strict,P,200,330,314,314,277,37,53,0.8821656050955414,0.8393939393939394,0.860248447204969,0.9515151515151515,134.5222929936305,30.00000000000025,658.7123126434069,0.012738853503184714
submission40/Zonly/baselines/mean_ensemble,strict,S,50,330,121,121,0,121,330,0.0,0.0,0.0,0.36666666666666664,5149.917355371901,4719.999999999999,5836.806128793723,0.9752066115702479
submission40/Zonly/baselines/mean_ensemble,strict,S,100,330,121,121,0,121,330,0.0,0.0,0.0,0.36666666666666664,5149.917355371901,4719.999999999999,5836.806128793723,0.9752066115702479
submission40/Zonly/baselines/mean_ensemble,strict,S,200,330,121,121,0,121,330,0.0,0.0,0.0,0.36666666666666664,5149.917355371901,4719.999999999999,5836.806128793723,0.9752066115702479
submission40/Zonly/baselines/mean_ensemble,unconstrained,P,50,330,330,314,214,116,116,0.6484848484848484,0.6484848484848484,0.6484848484848484,1.0,438.72727272727263,30.00000000000025,2846.828751329089,0.030303030303030304
submission40/Zonly/baselines/mean_ensemble,unconstrained,P,100,330,330,314,255,75,75,0.7727272727272727,0.7727272727272727,0.7727272727272727,1.0,438.72727272727263,30.00000000000025,2846.828751329089,0.030303030303030304
submission40/Zonly/baselines/mean_ensemble,unconstrained,P,200,330,330,314,282,48,48,0.8545454545454545,0.8545454545454545,0.8545454545454545,1.0,438.72727272727263,30.00000000000025,2846.828751329089,0.030303030303030304
submission40/Zonly/baselines/mean_ensemble,unconstrained,S,50,330,330,136,0,330,330,0.0,0.0,0.0,1.0,5085.060606060606,4695.0,5944.5118819926265,0.9515151515151515
submission40/Zonly/baselines/mean_ensemble,unconstrained,S,100,330,330,136,0,330,330,0.0,0.0,0.0,1.0,5085.060606060606,4695.0,5944.5118819926265,0.9515151515151515
submission40/Zonly/baselines/mean_ensemble,unconstrained,S,200,330,330,136,1,329,329,0.0030303030303030303,0.0030303030303030303,0.0030303030303030303,1.0,5085.060606060606,4695.0,5944.5118819926265,0.9515151515151515
submission40/Zonly/baselines/STA,accepted,P,50,330,330,330,71,259,259,0.21515151515151515,0.21515151515151515,0.21515151515151515,1.0,488.6969696969697,110.00000000000031,2844.1894515597296,0.024242424242424242
submission40/Zonly/baselines/STA,accepted,P,100,330,330,330,151,179,179,0.4575757575757576,0.4575757575757576,0.4575757575757576,1.0,488.6969696969697,110.00000000000031,2844.1894515597296,0.024242424242424242
submission40/Zonly/baselines/STA,accepted,P,200,330,330,330,260,70,70,0.7878787878787878,0.7878787878787878,0.7878787878787878,1.0,488.6969696969697,110.00000000000031,2844.1894515597296,0.024242424242424242
submission40/Zonly/baselines/STA,accepted,S,50,330,330,330,0,330,330,0.0,0.0,0.0,1.0,5026.666666666667,4450.0,6076.21503000915,0.9363636363636364
submission40/Zonly/baselines/STA,accepted,S,100,330,330,330,0,330,330,0.0,0.0,0.0,1.0,5026.666666666667,4450.0,6076.21503000915,0.9363636363636364
submission40/Zonly/baselines/STA,accepted,S,200,330,330,330,0,330,330,0.0,0.0,0.0,1.0,5026.666666666667,4450.0,6076.21503000915,0.9363636363636364
submission40/Zonly/baselines/STA,strict,P,50,330,330,330,71,259,259,0.21515151515151515,0.21515151515151515,0.21515151515151515,1.0,488.6969696969697,110.00000000000031,2844.1894515597296,0.024242424242424242
submission40/Zonly/baselines/STA,strict,P,100,330,330,330,151,179,179,0.4575757575757576,0.4575757575757576,0.4575757575757576,1.0,488.6969696969697,110.00000000000031,2844.1894515597296,0.024242424242424242
submission40/Zonly/baselines/STA,strict,P,200,330,330,330,260,70,70,0.7878787878787878,0.7878787878787878,0.7878787878787878,1.0,488.6969696969697,110.00000000000031,2844.1894515597296,0.024242424242424242
submission40/Zonly/baselines/STA,strict,S,50,330,330,330,0,330,330,0.0,0.0,0.0,1.0,5026.666666666667,4450.0,6076.21503000915,0.9363636363636364
submission40/Zonly/baselines/STA,strict,S,100,330,330,330,0,330,330,0.0,0.0,0.0,1.0,5026.666666666667,4450.0,6076.21503000915,0.9363636363636364
submission40/Zonly/baselines/STA,strict,S,200,330,330,330,0,330,330,0.0,0.0,0.0,1.0,5026.666666666667,4450.0,6076.21503000915,0.9363636363636364
submission40/Zonly/baselines/STA,unconstrained,P,50,330,330,330,71,259,259,0.21515151515151515,0.21515151515151515,0.21515151515151515,1.0,488.6969696969697,110.00000000000031,2844.1894515597296,0.024242424242424242
submission40/Zonly/baselines/STA,unconstrained,P,100,330,330,330,151,179,179,0.4575757575757576,0.4575757575757576,0.4575757575757576,1.0,488.6969696969697,110.00000000000031,2844.1894515597296,0.024242424242424242
submission40/Zonly/baselines/STA,unconstrained,P,200,330,330,330,260,70,70,0.7878787878787878,0.7878787878787878,0.7878787878787878,1.0,488.6969696969697,110.00000000000031,2844.1894515597296,0.024242424242424242
submission40/Zonly/baselines/STA,unconstrained,S,50,330,330,330,0,330,330,0.0,0.0,0.0,1.0,5124.242424242424,4550.0,6152.851125266803,0.9575757575757575
submission40/Zonly/baselines/STA,unconstrained,S,100,330,330,330,0,330,330,0.0,0.0,0.0,1.0,5124.242424242424,4550.0,6152.851125266803,0.9575757575757575
submission40/Zonly/baselines/STA,unconstrained,S,200,330,330,330,0,330,330,0.0,0.0,0.0,1.0,5124.242424242424,4550.0,6152.851125266803,0.9575757575757575
submission40/Zonly/baselines/TCN,accepted,P,50,330,322,297,215,107,115,0.6677018633540373,0.6515151515151515,0.6595092024539877,0.9757575757575757,352.67080745341605,39.99999999999915,2550.485034859738,0.021739130434782608
submission40/Zonly/baselines/TCN,accepted,P,100,330,322,297,258,64,72,0.8012422360248447,0.7818181818181819,0.7914110429447853,0.9757575757575757,352.67080745341605,39.99999999999915,2550.485034859738,0.021739130434782608
submission40/Zonly/baselines/TCN,accepted,P,200,330,322,297,282,40,48,0.8757763975155279,0.8545454545454545,0.8650306748466258,0.9757575757575757,352.67080745341605,39.99999999999915,2550.485034859738,0.021739130434782608
submission40/Zonly/baselines/TCN,accepted,S,50,330,173,57,26,147,304,0.15028901734104047,0.07878787878787878,0.10337972166998012,0.5242424242424243,848.0924855491329,189.9999999999995,1949.0098271579807,0.15028901734104047
submission40/Zonly/baselines/TCN,accepted,S,100,330,173,57,55,118,275,0.3179190751445087,0.16666666666666666,0.21868787276341947,0.5242424242424243,848.0924855491329,189.9999999999995,1949.0098271579807,0.15028901734104047
submission40/Zonly/baselines/TCN,accepted,S,200,330,173,57,90,83,240,0.5202312138728323,0.2727272727272727,0.35785288270377735,0.5242424242424243,848.0924855491329,189.9999999999995,1949.0098271579807,0.15028901734104047
submission40/Zonly/baselines/TCN,strict,P,50,330,297,297,213,84,117,0.7171717171717171,0.6454545454545455,0.6794258373205742,0.9,136.83501683501672,30.00000000000025,678.5997665027915,0.013468013468013467
submission40/Zonly/baselines/TCN,strict,P,100,330,297,297,250,47,80,0.8417508417508418,0.7575757575757576,0.7974481658692185,0.9,136.83501683501672,30.00000000000025,678.5997665027915,0.013468013468013467
submission40/Zonly/baselines/TCN,strict,P,200,330,297,297,269,28,61,0.9057239057239057,0.8151515151515152,0.8580542264752791,0.9,136.83501683501672,30.00000000000025,678.5997665027915,0.013468013468013467
submission40/Zonly/baselines/TCN,strict,S,50,330,57,57,15,42,315,0.2631578947368421,0.045454545454545456,0.07751937984496124,0.17272727272727273,333.85964912280707,89.99999999999986,1127.018267570937,0.03508771929824561
submission40/Zonly/baselines/TCN,strict,S,100,330,57,57,32,25,298,0.5614035087719298,0.09696969696969697,0.165374677002584,0.17272727272727273,333.85964912280707,89.99999999999986,1127.018267570937,0.03508771929824561
submission40/Zonly/baselines/TCN,strict,S,200,330,57,57,42,15,288,0.7368421052631579,0.12727272727272726,0.21705426356589147,0.17272727272727273,333.85964912280707,89.99999999999986,1127.018267570937,0.03508771929824561
submission40/Zonly/baselines/TCN,unconstrained,P,50,330,322,297,215,107,115,0.6677018633540373,0.6515151515151515,0.6595092024539877,0.9757575757575757,352.67080745341605,39.99999999999915,2550.485034859738,0.021739130434782608
submission40/Zonly/baselines/TCN,unconstrained,P,100,330,322,297,258,64,72,0.8012422360248447,0.7818181818181819,0.7914110429447853,0.9757575757575757,352.67080745341605,39.99999999999915,2550.485034859738,0.021739130434782608
submission40/Zonly/baselines/TCN,unconstrained,P,200,330,322,297,282,40,48,0.8757763975155279,0.8545454545454545,0.8650306748466258,0.9757575757575757,352.67080745341605,39.99999999999915,2550.485034859738,0.021739130434782608
submission40/Zonly/baselines/TCN,unconstrained,S,50,330,180,59,26,154,304,0.14444444444444443,0.07878787878787878,0.10196078431372549,0.5454545454545454,1075.1666666666667,199.9999999999993,2565.1808469926204,0.17222222222222222
submission40/Zonly/baselines/TCN,unconstrained,S,100,330,180,59,55,125,275,0.3055555555555556,0.16666666666666666,0.21568627450980393,0.5454545454545454,1075.1666666666667,199.9999999999993,2565.1808469926204,0.17222222222222222
submission40/Zonly/baselines/TCN,unconstrained,S,200,330,180,59,92,88,238,0.5111111111111111,0.2787878787878788,0.3607843137254902,0.5454545454545454,1075.1666666666667,199.9999999999993,2565.1808469926204,0.17222222222222222
submission40/Zonly/baselines/weighted_ensemble,accepted,P,50,330,330,304,221,109,109,0.6696969696969697,0.6696969696969697,0.6696969696969697,1.0,425.54545454545445,30.00000000000025,2842.342130687083,0.024242424242424242
submission40/Zonly/baselines/weighted_ensemble,accepted,P,100,330,330,304,259,71,71,0.7848484848484848,0.7848484848484848,0.7848484848484848,1.0,425.54545454545445,30.00000000000025,2842.342130687083,0.024242424242424242
submission40/Zonly/baselines/weighted_ensemble,accepted,P,200,330,330,304,284,46,46,0.8606060606060606,0.8606060606060606,0.8606060606060606,1.0,425.54545454545445,30.00000000000025,2842.342130687083,0.024242424242424242
submission40/Zonly/baselines/weighted_ensemble,accepted,S,50,330,126,46,28,98,302,0.2222222222222222,0.08484848484848485,0.12280701754385964,0.38181818181818183,911.1111111111111,180.0000000000006,2384.353095189486,0.14285714285714285
submission40/Zonly/baselines/weighted_ensemble,accepted,S,100,330,126,46,50,76,280,0.3968253968253968,0.15151515151515152,0.21929824561403508,0.38181818181818183,911.1111111111111,180.0000000000006,2384.353095189486,0.14285714285714285
submission40/Zonly/baselines/weighted_ensemble,accepted,S,200,330,126,46,66,60,264,0.5238095238095238,0.2,0.2894736842105263,0.38181818181818183,911.1111111111111,180.0000000000006,2384.353095189486,0.14285714285714285
submission40/Zonly/baselines/weighted_ensemble,strict,P,50,330,304,304,218,86,112,0.7171052631578947,0.6606060606060606,0.6876971608832808,0.9212121212121213,132.30263157894726,29.99999999999936,668.3911358825129,0.013157894736842105
submission40/Zonly/baselines/weighted_ensemble,strict,P,100,330,304,304,250,54,80,0.8223684210526315,0.7575757575757576,0.7886435331230284,0.9212121212121213,132.30263157894726,29.99999999999936,668.3911358825129,0.013157894736842105
submission40/Zonly/baselines/weighted_ensemble,strict,P,200,330,304,304,273,31,57,0.8980263157894737,0.8272727272727273,0.861198738170347,0.9212121212121213,132.30263157894726,29.99999999999936,668.3911358825129,0.013157894736842105
submission40/Zonly/baselines/weighted_ensemble,strict,S,50,330,46,46,12,34,318,0.2608695652173913,0.03636363636363636,0.06382978723404255,0.1393939393939394,364.7826086956521,89.99999999999986,1542.7699538281079,0.021739130434782608
submission40/Zonly/baselines/weighted_ensemble,strict,S,100,330,46,46,27,19,303,0.5869565217391305,0.08181818181818182,0.14361702127659576,0.1393939393939394,364.7826086956521,89.99999999999986,1542.7699538281079,0.021739130434782608
submission40/Zonly/baselines/weighted_ensemble,strict,S,200,330,46,46,32,14,298,0.6956521739130435,0.09696969696969697,0.1702127659574468,0.1393939393939394,364.7826086956521,89.99999999999986,1542.7699538281079,0.021739130434782608
submission40/Zonly/baselines/weighted_ensemble,unconstrained,P,50,330,330,304,221,109,109,0.6696969696969697,0.6696969696969697,0.6696969696969697,1.0,425.54545454545445,30.00000000000025,2842.342130687083,0.024242424242424242
submission40/Zonly/baselines/weighted_ensemble,unconstrained,P,100,330,330,304,259,71,71,0.7848484848484848,0.7848484848484848,0.7848484848484848,1.0,425.54545454545445,30.00000000000025,2842.342130687083,0.024242424242424242
submission40/Zonly/baselines/weighted_ensemble,unconstrained,P,200,330,330,304,284,46,46,0.8606060606060606,0.8606060606060606,0.8606060606060606,1.0,425.54545454545445,30.00000000000025,2842.342130687083,0.024242424242424242
submission40/Zonly/baselines/weighted_ensemble,unconstrained,S,50,330,130,47,29,101,301,0.2230769230769231,0.08787878787878788,0.12608695652173912,0.3939393939393939,1057.0,185.00000000000136,2901.5342095572078,0.15384615384615385
submission40/Zonly/baselines/weighted_ensemble,unconstrained,S,100,330,130,47,51,79,279,0.3923076923076923,0.15454545454545454,0.2217391304347826,0.3939393939393939,1057.0,185.00000000000136,2901.5342095572078,0.15384615384615385
submission40/Zonly/baselines/weighted_ensemble,unconstrained,S,200,330,130,47,68,62,262,0.5230769230769231,0.20606060606060606,0.2956521739130435,0.3939393939393939,1057.0,185.00000000000136,2901.5342095572078,0.15384615384615385
submission40/Zonly/evaluation/full15ch_seed42,accepted,P,50,330,328,326,221,107,109,0.6737804878048781,0.6696969696969697,0.6717325227963525,0.9939393939393939,169.54268292682917,30.00000000000025,947.7770847826109,0.01524390243902439
submission40/Zonly/evaluation/full15ch_seed42,accepted,P,100,330,328,326,264,64,66,0.8048780487804879,0.8,0.8024316109422492,0.9939393939393939,169.54268292682917,30.00000000000025,947.7770847826109,0.01524390243902439
submission40/Zonly/evaluation/full15ch_seed42,accepted,P,200,330,328,326,295,33,35,0.899390243902439,0.8939393939393939,0.8966565349544073,0.9939393939393939,169.54268292682917,30.00000000000025,947.7770847826109,0.01524390243902439
submission40/Zonly/evaluation/full15ch_seed42,accepted,S,50,330,315,247,54,261,276,0.17142857142857143,0.16363636363636364,0.16744186046511628,0.9545454545454546,1170.0,250.0,2532.5429218067857,0.22857142857142856
submission40/Zonly/evaluation/full15ch_seed42,accepted,S,100,330,315,247,90,225,240,0.2857142857142857,0.2727272727272727,0.27906976744186046,0.9545454545454546,1170.0,250.0,2532.5429218067857,0.22857142857142856
submission40/Zonly/evaluation/full15ch_seed42,accepted,S,200,330,315,247,140,175,190,0.4444444444444444,0.42424242424242425,0.43410852713178294,0.9545454545454546,1170.0,250.0,2532.5429218067857,0.22857142857142856
submission40/Zonly/evaluation/full15ch_seed42,strict,P,50,330,326,326,221,105,109,0.6779141104294478,0.6696969696969697,0.6737804878048781,0.9878787878787879,168.49693251533733,30.00000000000025,950.0715181345835,0.015337423312883436
submission40/Zonly/evaluation/full15ch_seed42,strict,P,100,330,326,326,263,63,67,0.8067484662576687,0.796969696969697,0.801829268292683,0.9878787878787879,168.49693251533733,30.00000000000025,950.0715181345835,0.015337423312883436
submission40/Zonly/evaluation/full15ch_seed42,strict,P,200,330,326,326,294,32,36,0.901840490797546,0.8909090909090909,0.8963414634146342,0.9878787878787879,168.49693251533733,30.00000000000025,950.0715181345835,0.015337423312883436
submission40/Zonly/evaluation/full15ch_seed42,strict,S,50,330,247,247,47,200,283,0.1902834008097166,0.14242424242424243,0.16291161178509533,0.7484848484848485,940.6882591093116,210.00000000000085,2192.0734088892905,0.18218623481781376
submission40/Zonly/evaluation/full15ch_seed42,strict,S,100,330,247,247,76,171,254,0.3076923076923077,0.23030303030303031,0.2634315424610052,0.7484848484848485,940.6882591093116,210.00000000000085,2192.0734088892905,0.18218623481781376
submission40/Zonly/evaluation/full15ch_seed42,strict,S,200,330,247,247,121,126,209,0.4898785425101215,0.36666666666666664,0.4194107452339688,0.7484848484848485,940.6882591093116,210.00000000000085,2192.0734088892905,0.18218623481781376
submission40/Zonly/evaluation/full15ch_seed42,unconstrained,P,50,330,328,326,221,107,109,0.6737804878048781,0.6696969696969697,0.6717325227963525,0.9939393939393939,169.54268292682917,30.00000000000025,947.7770847826109,0.01524390243902439
submission40/Zonly/evaluation/full15ch_seed42,unconstrained,P,100,330,328,326,264,64,66,0.8048780487804879,0.8,0.8024316109422492,0.9939393939393939,169.54268292682917,30.00000000000025,947.7770847826109,0.01524390243902439
submission40/Zonly/evaluation/full15ch_seed42,unconstrained,P,200,330,328,326,295,33,35,0.899390243902439,0.8939393939393939,0.8966565349544073,0.9939393939393939,169.54268292682917,30.00000000000025,947.7770847826109,0.01524390243902439
submission40/Zonly/evaluation/full15ch_seed42,unconstrained,S,50,330,317,249,54,263,276,0.17034700315457413,0.16363636363636364,0.16692426584234932,0.9606060606060606,1178.2649842271294,250.0,2546.166847467376,0.22712933753943218
submission40/Zonly/evaluation/full15ch_seed42,unconstrained,S,100,330,317,249,90,227,240,0.28391167192429023,0.2727272727272727,0.2782071097372488,0.9606060606060606,1178.2649842271294,250.0,2546.166847467376,0.22712933753943218
submission40/Zonly/evaluation/full15ch_seed42,unconstrained,S,200,330,317,249,141,176,189,0.444794952681388,0.42727272727272725,0.43585780525502316,0.9606060606060606,1178.2649842271294,250.0,2546.166847467376,0.22712933753943218
submission40/Zonly/evaluation/full15ch_seed43,accepted,P,50,330,324,321,225,99,105,0.6944444444444444,0.6818181818181818,0.6880733944954128,0.9818181818181818,131.63580246913568,30.00000000000025,649.8715447620076,0.012345679012345678
submission40/Zonly/evaluation/full15ch_seed43,accepted,P,100,330,324,321,265,59,65,0.8179012345679012,0.803030303030303,0.8103975535168195,0.9818181818181818,131.63580246913568,30.00000000000025,649.8715447620076,0.012345679012345678
submission40/Zonly/evaluation/full15ch_seed43,accepted,P,200,330,324,321,292,32,38,0.9012345679012346,0.8848484848484849,0.8929663608562691,0.9818181818181818,131.63580246913568,30.00000000000025,649.8715447620076,0.012345679012345678
submission40/Zonly/evaluation/full15ch_seed43,accepted,S,50,330,292,222,49,243,281,0.1678082191780822,0.1484848484848485,0.15755627009646303,0.8848484848484849,1220.6506849315067,240.00000000000023,2599.772843080033,0.22602739726027396
submission40/Zonly/evaluation/full15ch_seed43,accepted,S,100,330,292,222,87,205,243,0.2979452054794521,0.2636363636363636,0.2797427652733119,0.8848484848484849,1220.6506849315067,240.00000000000023,2599.772843080033,0.22602739726027396
submission40/Zonly/evaluation/full15ch_seed43,accepted,S,200,330,292,222,130,162,200,0.4452054794520548,0.3939393939393939,0.4180064308681672,0.8848484848484849,1220.6506849315067,240.00000000000023,2599.772843080033,0.22602739726027396
submission40/Zonly/evaluation/full15ch_seed43,strict,P,50,330,321,321,223,98,107,0.6947040498442367,0.6757575757575758,0.685099846390169,0.9727272727272728,132.33644859813072,30.00000000000025,652.8628543132593,0.012461059190031152
submission40/Zonly/evaluation/full15ch_seed43,strict,P,100,330,321,321,263,58,67,0.8193146417445483,0.796969696969697,0.8079877112135176,0.9727272727272728,132.33644859813072,30.00000000000025,652.8628543132593,0.012461059190031152
submission40/Zonly/evaluation/full15ch_seed43,strict,P,200,330,321,321,289,32,41,0.9003115264797508,0.8757575757575757,0.8878648233486943,0.9727272727272728,132.33644859813072,30.00000000000025,652.8628543132593,0.012461059190031152
submission40/Zonly/evaluation/full15ch_seed43,strict,S,50,330,222,222,38,184,292,0.17117117117117117,0.11515151515151516,0.13768115942028986,0.6727272727272727,986.1711711711711,229.99999999999864,2227.863578885863,0.1891891891891892
submission40/Zonly/evaluation/full15ch_seed43,strict,S,100,330,222,222,68,154,262,0.3063063063063063,0.20606060606060606,0.2463768115942029,0.6727272727272727,986.1711711711711,229.99999999999864,2227.863578885863,0.1891891891891892
submission40/Zonly/evaluation/full15ch_seed43,strict,S,200,330,222,222,104,118,226,0.46846846846846846,0.3151515151515151,0.37681159420289856,0.6727272727272727,986.1711711711711,229.99999999999864,2227.863578885863,0.1891891891891892
submission40/Zonly/evaluation/full15ch_seed43,unconstrained,P,50,330,324,321,225,99,105,0.6944444444444444,0.6818181818181818,0.6880733944954128,0.9818181818181818,131.63580246913568,30.00000000000025,649.8715447620076,0.012345679012345678
submission40/Zonly/evaluation/full15ch_seed43,unconstrained,P,100,330,324,321,265,59,65,0.8179012345679012,0.803030303030303,0.8103975535168195,0.9818181818181818,131.63580246913568,30.00000000000025,649.8715447620076,0.012345679012345678
submission40/Zonly/evaluation/full15ch_seed43,unconstrained,P,200,330,324,321,292,32,38,0.9012345679012346,0.8848484848484849,0.8929663608562691,0.9818181818181818,131.63580246913568,30.00000000000025,649.8715447620076,0.012345679012345678
submission40/Zonly/evaluation/full15ch_seed43,unconstrained,S,50,330,298,226,49,249,281,0.1644295302013423,0.1484848484848485,0.15605095541401273,0.9030303030303031,1253.221476510067,245.0000000000001,2653.527600164018,0.23154362416107382
submission40/Zonly/evaluation/full15ch_seed43,unconstrained,S,100,330,298,226,87,211,243,0.29194630872483224,0.2636363636363636,0.2770700636942675,0.9030303030303031,1253.221476510067,245.0000000000001,2653.527600164018,0.23154362416107382
submission40/Zonly/evaluation/full15ch_seed43,unconstrained,S,200,330,298,226,132,166,198,0.4429530201342282,0.4,0.42038216560509556,0.9030303030303031,1253.221476510067,245.0000000000001,2653.527600164018,0.23154362416107382
submission40/Zonly/evaluation/full15ch_seed44,accepted,P,50,330,326,322,220,106,110,0.6748466257668712,0.6666666666666666,0.6707317073170732,0.9878787878787879,134.87730061349683,30.00000000000025,650.5644080948132,0.012269938650306749
submission40/Zonly/evaluation/full15ch_seed44,accepted,P,100,330,326,322,264,62,66,0.8098159509202454,0.8,0.8048780487804879,0.9878787878787879,134.87730061349683,30.00000000000025,650.5644080948132,0.012269938650306749
submission40/Zonly/evaluation/full15ch_seed44,accepted,P,200,330,326,322,295,31,35,0.9049079754601227,0.8939393939393939,0.899390243902439,0.9878787878787879,134.87730061349683,30.00000000000025,650.5644080948132,0.012269938650306749
submission40/Zonly/evaluation/full15ch_seed44,accepted,S,50,330,284,170,56,228,274,0.19718309859154928,0.1696969696969697,0.18241042345276873,0.8606060606060606,1150.5633802816901,250.0,2568.1199623158323,0.1936619718309859
submission40/Zonly/evaluation/full15ch_seed44,accepted,S,100,330,284,170,88,196,242,0.30985915492957744,0.26666666666666666,0.28664495114006516,0.8606060606060606,1150.5633802816901,250.0,2568.1199623158323,0.1936619718309859
submission40/Zonly/evaluation/full15ch_seed44,accepted,S,200,330,284,170,123,161,207,0.43309859154929575,0.37272727272727274,0.4006514657980456,0.8606060606060606,1150.5633802816901,250.0,2568.1199623158323,0.1936619718309859
submission40/Zonly/evaluation/full15ch_seed44,strict,P,50,330,322,322,218,104,112,0.6770186335403726,0.6606060606060606,0.6687116564417178,0.9757575757575757,133.9130434782608,30.00000000000025,653.7075342786488,0.012422360248447204
submission40/Zonly/evaluation/full15ch_seed44,strict,P,100,330,322,322,262,60,68,0.8136645962732919,0.793939393939394,0.803680981595092,0.9757575757575757,133.9130434782608,30.00000000000025,653.7075342786488,0.012422360248447204
submission40/Zonly/evaluation/full15ch_seed44,strict,P,200,330,322,322,292,30,38,0.906832298136646,0.8848484848484849,0.8957055214723927,0.9757575757575757,133.9130434782608,30.00000000000025,653.7075342786488,0.012422360248447204
submission40/Zonly/evaluation/full15ch_seed44,strict,S,50,330,170,170,43,127,287,0.2529411764705882,0.1303030303030303,0.172,0.5151515151515151,687.0588235294116,154.99999999999847,1868.397237017363,0.11176470588235295
submission40/Zonly/evaluation/full15ch_seed44,strict,S,100,330,170,170,68,102,262,0.4,0.20606060606060606,0.272,0.5151515151515151,687.0588235294116,154.99999999999847,1868.397237017363,0.11176470588235295
submission40/Zonly/evaluation/full15ch_seed44,strict,S,200,330,170,170,90,80,240,0.5294117647058824,0.2727272727272727,0.36,0.5151515151515151,687.0588235294116,154.99999999999847,1868.397237017363,0.11176470588235295
submission40/Zonly/evaluation/full15ch_seed44,unconstrained,P,50,330,326,322,220,106,110,0.6748466257668712,0.6666666666666666,0.6707317073170732,0.9878787878787879,134.87730061349683,30.00000000000025,650.5644080948132,0.012269938650306749
submission40/Zonly/evaluation/full15ch_seed44,unconstrained,P,100,330,326,322,264,62,66,0.8098159509202454,0.8,0.8048780487804879,0.9878787878787879,134.87730061349683,30.00000000000025,650.5644080948132,0.012269938650306749
submission40/Zonly/evaluation/full15ch_seed44,unconstrained,P,200,330,326,322,295,31,35,0.9049079754601227,0.8939393939393939,0.899390243902439,0.9878787878787879,134.87730061349683,30.00000000000025,650.5644080948132,0.012269938650306749
submission40/Zonly/evaluation/full15ch_seed44,unconstrained,S,50,330,288,173,56,232,274,0.19444444444444445,0.1696969696969697,0.18122977346278318,0.8727272727272727,1157.5694444444443,250.0,2574.9154516863914,0.19444444444444445
submission40/Zonly/evaluation/full15ch_seed44,unconstrained,S,100,330,288,173,88,200,242,0.3055555555555556,0.26666666666666666,0.284789644012945,0.8727272727272727,1157.5694444444443,250.0,2574.9154516863914,0.19444444444444445
submission40/Zonly/evaluation/full15ch_seed44,unconstrained,S,200,330,288,173,125,163,205,0.4340277777777778,0.3787878787878788,0.4045307443365696,0.8727272727272727,1157.5694444444443,250.0,2574.9154516863914,0.19444444444444445
