Experiment,Component,SNR_Class,N,N_detected,DetectionRate,MAE_ms,MedAE_ms,RMSE_ms,Bias_ms,P90_ms,P95_ms,OutlierRate_1000ms,F1_50ms,F1_100ms,F1_200ms
Zonly,P,Low (10-20 dB),31,31,1,39.6774193548386,19.9999999999996,62.7591401902492,20.9677419354838,102,148.5,0,0.851851851851852,0.949152542372881,0.983606557377049
Zonly,S,Low (10-20 dB),31,30,0.967741935483871,865.333333333333,235.000000000001,1860.77044975103,176,3655,4190,0.133333333333333,0.277777777777778,0.48780487804878,0.622222222222222
Zonly,P,Medium (20-40 dB),163,163,1,293.006134969325,30.0000000000002,2639.68323996686,204.78527607362,140.000000000001,270.5,0.0122699386503067,0.801470588235294,0.924092409240924,0.958466453674121
Zonly,S,Medium (20-40 dB),163,154,0.94478527607362,987.012987012987,209.999999999999,2621.9235528297,-31.6883116883119,1996,5707.99999999998,0.136363636363636,0.247311827956989,0.454976303317536,0.624472573839662
Zonly,P,High (>=40 dB),141,141,1,142.553191489362,19.9999999999996,1081.3847177584,98.1560283687943,134,229,0.00709219858156028,0.872,0.931818181818182,0.970802919708029
Zonly,S,High (>=40 dB),141,129,0.914893617021277,920.31007751938,219.999999999999,1984.25351593587,-39.6899224806204,3708,4864,0.186046511627907,0.341176470588235,0.5,0.617647058823529
