Experiment,Component,SNR_Class,N,N_detected,DetectionRate,MAE_ms,MedAE_ms,RMSE_ms,Bias_ms,P90_ms,P95_ms,OutlierRate_1000ms,F1_50ms,F1_100ms,F1_200ms
Full3C,P,Low (10-20 dB),31,31,1,49.032258064516,19.9999999999996,84.7006112633616,14.1935483870967,136,217,0,0.830188679245283,0.931034482758621,0.966666666666667
Full3C,S,Low (10-20 dB),31,31,1,470.967741935484,69.9999999999994,1531.92057403812,212.903225806452,470,3308.5,0.0645161290322581,0.523809523809524,0.76,0.830188679245283
Full3C,P,Medium (20-40 dB),163,163,1,294.969325153374,30.0000000000002,2633.88909773003,205.766871165644,142.000000000001,277,0.0122699386503067,0.792592592592593,0.906040268456376,0.961783439490446
Full3C,S,Medium (20-40 dB),163,159,0.975460122699387,811.320754716981,70.0000000000021,2655.05546022213,127.169811320754,1072,6276.49999999997,0.10062893081761,0.524886877828054,0.741312741312741,0.827338129496403
Full3C,P,High (>=40 dB),141,141,1,56.8085106382977,19.9999999999996,127.465751205947,7.02127659574461,136,230,0,0.862903225806452,0.935849056603774,0.963235294117647
Full3C,S,High (>=40 dB),141,140,0.99290780141844,684.214285714286,50.0000000000007,2187.3968547111,440.928571428571,910,4930,0.1,0.63768115942029,0.746666666666667,0.839506172839506
